sno,candidate_id,candidate_name,candidate_link,constituency,party,criminal_cases,education,assets,liabilities
1,616,A Laser,https://www.myneta.info/TamilNadu2011/candidate.php?candidate_id=616,PERIYAKULAM,CPM,0,10th Pass,"Rs 6,73,445 ~ 6 Lacs+",Rs 0 ~
2,583,A Soundararajan,https://www.myneta.info/TamilNadu2011/candidate.php?candidate_id=583,PERAMBUR,CPM,0,Graduate,"Rs 27,17,146 ~ 27 Lacs+",Rs 0 ~
3,505,A Soundharapandian,https://www.myneta.info/TamilNadu2011/candidate.php?candidate_id=505,LALGUDI,DMK,0,12th Pass,https://myneta.info/image_v2.php?myneta_folder=TamilNadu2011&candidate_id=505&col=ta,https://myneta.info/image_v2.php?myneta_folder=TamilNadu2011&candidate_id=505&col=lia
4,429,A. Baskar,https://www.myneta.info/TamilNadu2011/candidate.php?candidate_id=429,DHARMAPURI,DMDK,0,8th Pass,"Rs 13,06,862 ~ 13 Lacs+",Rs 0 ~
5,245,A. Bellie,https://www.myneta.info/TamilNadu2011/candidate.php?candidate_id=245,COONOOR,CPI,0,12th Pass,"Rs 68,06,189 ~ 68 Lacs+","Rs 4,54,360 ~ 4 Lacs+"
6,745,A. Narayanan,https://www.myneta.info/TamilNadu2011/candidate.php?candidate_id=745,NANGUNERI,AIADMK,0,5th Pass,https://myneta.info/image_v2.php?myneta_folder=TamilNadu2011&candidate_id=745&col=ta,https://myneta.info/image_v2.php?myneta_folder=TamilNadu2011&candidate_id=745&col=lia
7,276,A. Pappasundaram,https://www.myneta.info/TamilNadu2011/candidate.php?candidate_id=276,KULITHALAI,AIADMK,0,10th Pass,"Rs 2,20,65,590 ~ 2 Crore+","Rs 13,00,000 ~ 13 Lacs+"
8,619,A. Parthiban,https://www.myneta.info/TamilNadu2011/candidate.php?candidate_id=619,TIRUPPUR (NORTH),BJP,0,Post Graduate,"Rs 75,76,622 ~ 75 Lacs+","Rs 1,35,000 ~ 1 Lacs+"
9,502,A. Rajendran,https://www.myneta.info/TamilNadu2011/candidate.php?candidate_id=502,VEERAPANDI,DMK,0,Post Graduate,https://myneta.info/image_v2.php?myneta_folder=TamilNadu2011&candidate_id=502&col=ta,https://myneta.info/image_v2.php?myneta_folder=TamilNadu2011&candidate_id=502&col=lia
10,693,A. Ramasamy,https://www.myneta.info/TamilNadu2011/candidate.php?candidate_id=693,NILAKKOTTAI,Puthiya Thamilagam,0,8th Pass,"Rs 65,19,073 ~ 65 Lacs+","Rs 3,00,000 ~ 3 Lacs+"
11,2646,A. Ramesh Babu,https://www.myneta.info/TamilNadu2011/candidate.php?candidate_id=2646,GUDIYATTAM,IND,0,8th Pass,"Rs 2,03,000 ~ 2 Lacs+",Rs 0 ~
12,1327,A.arulprakasam,https://www.myneta.info/TamilNadu2011/candidate.php?candidate_id=1327,CHIDAMBARAM,IND,0,8th Pass,https://myneta.info/image_v2.php?myneta_folder=TamilNadu2011&candidate_id=1327&col=ta,https://myneta.info/image_v2.php?myneta_folder=TamilNadu2011&candidate_id=1327&col=lia
13,179,A.c.pavarasu,https://www.myneta.info/TamilNadu2011/candidate.php?candidate_id=179,KALLAKURICHI,VCK,0,10th Pass,"Rs 25,14,000 ~ 25 Lacs+","Rs 80,000 ~ 80 Thou+"
14,666,A.d.sendhureswaran,https://www.myneta.info/TamilNadu2011/candidate.php?candidate_id=666,LALGUDI,DMDK,0,Graduate,"Rs 3,24,21,404 ~ 3 Crore+",Rs 0 ~
15,547,A.dhanasekaran,https://www.myneta.info/TamilNadu2011/candidate.php?candidate_id=547,KULITHALAI,BJP,0,Graduate,https://myneta.info/image_v2.php?myneta_folder=TamilNadu2011&candidate_id=547&col=ta,https://myneta.info/image_v2.php?myneta_folder=TamilNadu2011&candidate_id=547&col=lia
16,2377,A.dharmalingam,https://www.myneta.info/TamilNadu2011/candidate.php?candidate_id=2377,THURAIYUR,IND,0,Others,"Rs 1,47,000 ~ 1 Lacs+","Rs 40,000 ~ 40 Thou+"
17,995,A.edwin Jerald,https://www.myneta.info/TamilNadu2011/candidate.php?candidate_id=995,THIRUVERUMBUR,IJK,0,12th Pass,"Rs 14,85,000 ~ 14 Lacs+",Rs 0 ~
18,721,A.harkrishnan,https://www.myneta.info/TamilNadu2011/candidate.php?candidate_id=721,SRIPERUMBUDUR,BJP,0,8th Pass,https://myneta.info/image_v2.php?myneta_folder=TamilNadu2011&candidate_id=721&col=ta,https://myneta.info/image_v2.php?myneta_folder=TamilNadu2011&candidate_id=721&col=lia
19,282,A.k.bose,https://www.myneta.info/TamilNadu2011/candidate.php?candidate_id=282,MADURAI NORTH,AIADMK,0,Graduate,"Rs 2,61,35,700 ~ 2 Crore+","Rs 3,48,000 ~ 3 Lacs+"
20,431,A.k.t. Raja,https://www.myneta.info/TamilNadu2011/candidate.php?candidate_id=431,THIRUPARANKUNDRAM,DMDK,0,Post Graduate,"Rs 28,36,502 ~ 28 Lacs+","Rs 3,50,000 ~ 3 Lacs+"
21,553,A.karnan,https://www.myneta.info/TamilNadu2011/candidate.php?candidate_id=553,ORATHANADU,BJP,0,8th Pass,https://myneta.info/image_v2.php?myneta_folder=TamilNadu2011&candidate_id=553&col=ta,https://myneta.info/image_v2.php?myneta_folder=TamilNadu2011&candidate_id=553&col=lia
22,483,A.l.s.lakshmanan,https://www.myneta.info/TamilNadu2011/candidate.php?candidate_id=483,TIRUNELVELI,DMK,0,Graduate,"Rs 62,22,571 ~ 62 Lacs+",Rs 0 ~
23,2682,A.m.inbanathan,https://www.myneta.info/TamilNadu2011/candidate.php?candidate_id=2682,SHOLINGUR,AIJMK,0,Not Given,"Rs 8,30,000 ~ 8 Lacs+",Rs 0 ~
24,894,A.m.muniratinam,https://www.myneta.info/TamilNadu2011/candidate.php?candidate_id=894,SHOLINGUR,IND,0,10th Pass,https://myneta.info/image_v2.php?myneta_folder=TamilNadu2011&candidate_id=894&col=ta,https://myneta.info/image_v2.php?myneta_folder=TamilNadu2011&candidate_id=894&col=lia
25,369,A.mohammed John,https://www.myneta.info/TamilNadu2011/candidate.php?candidate_id=369,RANIPET,AIADMK,0,Graduate Professional,"Rs 2,57,36,656 ~ 2 Crore+","Rs 49,30,124 ~ 49 Lacs+"
26,338,A.r. Natarajan,https://www.myneta.info/TamilNadu2011/candidate.php?candidate_id=338, AVANASHI,INC,0,8th Pass,"Rs 10,70,000 ~ 10 Lacs+",Rs 0 ~
27,564,A.s.vairakannu,https://www.myneta.info/TamilNadu2011/candidate.php?candidate_id=564,KURINJIPADI,BJP,0,5th Pass,https://myneta.info/image_v2.php?myneta_folder=TamilNadu2011&candidate_id=564&col=ta,https://myneta.info/image_v2.php?myneta_folder=TamilNadu2011&candidate_id=564&col=lia
28,673,A.thamizharasu,https://www.myneta.info/TamilNadu2011/candidate.php?candidate_id=673,OMALUR,PMK,0,Post Graduate,"Rs 89,11,090 ~ 89 Lacs+","Rs 3,500 ~ 3 Thou+"
29,847,Abdul Rahim.j,https://www.myneta.info/TamilNadu2011/candidate.php?candidate_id=847,CHEPAUK-THIRUVALLIKENI,INL,0,Not Given,Nil,Rs 0 ~
30,2166,Abdul Wahab,https://www.myneta.info/TamilNadu2011/candidate.php?candidate_id=2166,COONOOR,IND,0,12th Pass,https://myneta.info/image_v2.php?myneta_folder=TamilNadu2011&candidate_id=2166&col=ta,https://myneta.info/image_v2.php?myneta_folder=TamilNadu2011&candidate_id=2166&col=lia
31,549,Abirami P.,https://www.myneta.info/TamilNadu2011/candidate.php?candidate_id=549,ARIYALUR,BJP,0,10th Pass,"Rs 21,11,646 ~ 21 Lacs+","Rs 1,21,000 ~ 1 Lacs+"
32,1417,Abuthahir.a,https://www.myneta.info/TamilNadu2011/candidate.php?candidate_id=1417,DINDIGUL,IND,0,10th Pass,"Rs 1,96,000 ~ 1 Lacs+",Rs 0 ~
33,771,Agoram K,https://www.myneta.info/TamilNadu2011/candidate.php?candidate_id=771,POOMPUHAR,PMK,0,Graduate,https://myneta.info/image_v2.php?myneta_folder=TamilNadu2011&candidate_id=771&col=ta,https://myneta.info/image_v2.php?myneta_folder=TamilNadu2011&candidate_id=771&col=lia
34,840,Ajitha,https://www.myneta.info/TamilNadu2011/candidate.php?candidate_id=840,THIRU-VI-KA-NAGAR,IJK,0,5th Pass,"Rs 58,000 ~ 58 Thou+",Rs 0 ~
35,752,Alagapuram R Mohanraj,https://www.myneta.info/TamilNadu2011/candidate.php?candidate_id=752,SALEM (NORTH),DMDK,0,12th Pass,"Rs 6,56,81,298 ~ 6 Crore+","Rs 20,26,769 ~ 20 Lacs+"
36,178,Alaguvelu K,https://www.myneta.info/TamilNadu2011/candidate.php?candidate_id=178,KALLAKURICHI,AIADMK,0,Graduate Professional,https://myneta.info/image_v2.php?myneta_folder=TamilNadu2011&candidate_id=178&col=ta,https://myneta.info/image_v2.php?myneta_folder=TamilNadu2011&candidate_id=178&col=lia
37,856,Alamuthu.p,https://www.myneta.info/TamilNadu2011/candidate.php?candidate_id=856,ANNA NAGAR,JMM,0,Others,"Rs 10,500 ~ 10 Thou+",Rs 0 ~
38,2624,Albert Anbarasu,https://www.myneta.info/TamilNadu2011/candidate.php?candidate_id=2624,ANAIKATTU,IJK,0,10th Pass,Rs 500 ~ 5 Hund+,Rs 0 ~
39,761,Altaf Hussain,https://www.myneta.info/TamilNadu2011/candidate.php?candidate_id=761,HARBOUR ,DMK,0,10th Pass,https://myneta.info/image_v2.php?myneta_folder=TamilNadu2011&candidate_id=761&col=ta,https://myneta.info/image_v2.php?myneta_folder=TamilNadu2011&candidate_id=761&col=lia
40,125,Alwas M,https://www.myneta.info/TamilNadu2011/candidate.php?candidate_id=125,COONOOR,BJP,0,Graduate,"Rs 26,65,000 ~ 26 Lacs+","Rs 18,00,000 ~ 18 Lacs+"
41,763,Amaramoorthy D,https://www.myneta.info/TamilNadu2011/candidate.php?candidate_id=763,ARIYALUR,INC,0,8th Pass,"Rs 1,88,91,715 ~ 1 Crore+",Rs 0 ~
42,20,Amaravathy M,https://www.myneta.info/TamilNadu2011/candidate.php?candidate_id=20,AVADI,IND,0,Not Given,https://myneta.info/image_v2.php?myneta_folder=TamilNadu2011&candidate_id=20&col=ta,https://myneta.info/image_v2.php?myneta_folder=TamilNadu2011&candidate_id=20&col=lia
43,1143,Ameer John K,https://www.myneta.info/TamilNadu2011/candidate.php?candidate_id=1143,HARBOUR ,IND,0,10th Pass,"Rs 18,05,300 ~ 18 Lacs+",Rs 0 ~
44,2009,Anai Arasu.s.k,https://www.myneta.info/TamilNadu2011/candidate.php?candidate_id=2009,ATTUR,IND,0,Graduate,"Rs 1,25,100 ~ 1 Lacs+","Rs 9,000 ~ 9 Thou+"
45,47,Anandha Kumar G,https://www.myneta.info/TamilNadu2011/candidate.php?candidate_id=47,SAIDAPET,IND,0,5th Pass,https://myneta.info/image_v2.php?myneta_folder=TamilNadu2011&candidate_id=47&col=ta,https://myneta.info/image_v2.php?myneta_folder=TamilNadu2011&candidate_id=47&col=lia
46,112,Anbalagan,https://www.myneta.info/TamilNadu2011/candidate.php?candidate_id=112,CHEPAUK-THIRUVALLIKENI,DMK,0,Graduate,"Rs 12,03,79,654 ~ 12 Crore+","Rs 12,93,76,354 ~ 12 Crore+"
47,767,Anbalagan. G,https://www.myneta.info/TamilNadu2011/candidate.php?candidate_id=767,KUMBAKONAM,DMK,0,10th Pass,"Rs 5,53,58,957 ~ 5 Crore+","Rs 6,04,725 ~ 6 Lacs+"
48,1110,Anbalagan. S,https://www.myneta.info/TamilNadu2011/candidate.php?candidate_id=1110,CHEPAUK-THIRUVALLIKENI,IND,0,Graduate,https://myneta.info/image_v2.php?myneta_folder=TamilNadu2011&candidate_id=1110&col=ta,https://myneta.info/image_v2.php?myneta_folder=TamilNadu2011&candidate_id=1110&col=lia
49,875,Anbalagan.m,https://www.myneta.info/TamilNadu2011/candidate.php?candidate_id=875,VELACHERY,Makkal Manadu Katchi,0,Post Graduate,"Rs 10,000 ~ 10 Thou+",Rs 0 ~
50,156,Anbarasan D,https://www.myneta.info/TamilNadu2011/candidate.php?candidate_id=156,GUDALUR,BJP,0,Graduate,"Rs 26,10,500 ~ 26 Lacs+","Rs 8,75,500 ~ 8 Lacs+"
51,68,Anbarasan T M,https://www.myneta.info/TamilNadu2011/candidate.php?candidate_id=68,PALLAVARAM,DMK,0,12th Pass,https://myneta.info/image_v2.php?myneta_folder=TamilNadu2011&candidate_id=68&col=ta,https://myneta.info/image_v2.php?myneta_folder=TamilNadu2011&candidate_id=68&col=lia
52,1462,Anbarasan.a,https://www.myneta.info/TamilNadu2011/candidate.php?candidate_id=1462,PALANI,IND,0,12th Pass,"Rs 1,99,950 ~ 1 Lacs+",Rs 0 ~
53,34,Anbazhagan K,https://www.myneta.info/TamilNadu2011/candidate.php?candidate_id=34,VILLIVAKKAM,DMK,0,Post Graduate,"Rs 1,48,06,771 ~ 1 Crore+",Rs 0 ~
54,531,Anbil Periyasamy,https://www.myneta.info/TamilNadu2011/candidate.php?candidate_id=531,TIRUCHIRAPPALLI (EAST),DMK,0,10th Pass,https://myneta.info/image_v2.php?myneta_folder=TamilNadu2011&candidate_id=531&col=ta,https://myneta.info/image_v2.php?myneta_folder=TamilNadu2011&candidate_id=531&col=lia
55,2243,"Anbudhas,d.",https://www.myneta.info/TamilNadu2011/candidate.php?candidate_id=2243,MANNARGUDI ,BSP,0,10th Pass,Nil,Rs 0 ~
56,104,Annadurai K,https://www.myneta.info/TamilNadu2011/candidate.php?candidate_id=104,ATTUR,BJP,0,Post Graduate,"Rs 2,95,649 ~ 2 Lacs+",Rs 0 ~
57,256,Aranganathan.a.k.,https://www.myneta.info/TamilNadu2011/candidate.php?candidate_id=256,KILPENNATHUR,AIADMK,0,10th Pass,https://myneta.info/image_v2.php?myneta_folder=TamilNadu2011&candidate_id=256&col=ta,https://myneta.info/image_v2.php?myneta_folder=TamilNadu2011&candidate_id=256&col=lia
58,589,Arjunan.a.,https://www.myneta.info/TamilNadu2011/candidate.php?candidate_id=589,TIRUVANNAMALAI,BJP,0,5th Pass,"Rs 9,53,167 ~ 9 Lacs+",Rs 0 ~
59,852,Arjunan.c,https://www.myneta.info/TamilNadu2011/candidate.php?candidate_id=852,THOUSAND LIGHTS,PB,0,8th Pass,"Rs 1,02,000 ~ 1 Lacs+",Rs 0 ~
60,833,Armstrong.k,https://www.myneta.info/TamilNadu2011/candidate.php?candidate_id=833,KOLATHUR,BSP,0,Graduate Professional,https://myneta.info/image_v2.php?myneta_folder=TamilNadu2011&candidate_id=833&col=ta,https://myneta.info/image_v2.php?myneta_folder=TamilNadu2011&candidate_id=833&col=lia
61,78,Arokiasamy M,https://www.myneta.info/TamilNadu2011/candidate.php?candidate_id=78,UTHIRAMERUR,IND,0,10th Pass,"Rs 44,50,000 ~ 44 Lacs+","Rs 5,40,000 ~ 5 Lacs+"
62,2247,"Arokiyasamy,k.",https://www.myneta.info/TamilNadu2011/candidate.php?candidate_id=2247,MANNARGUDI ,IJK,0,10th Pass,"Rs 19,16,000 ~ 19 Lacs+","Rs 31,000 ~ 31 Thou+"
63,1020,Arokiyasamy.c,https://www.myneta.info/TamilNadu2011/candidate.php?candidate_id=1020,VILLUPURAM,BJP,0,10th Pass,https://myneta.info/image_v2.php?myneta_folder=TamilNadu2011&candidate_id=1020&col=ta,https://myneta.info/image_v2.php?myneta_folder=TamilNadu2011&candidate_id=1020&col=lia
64,329,Arthanari.s.k.,https://www.myneta.info/TamilNadu2011/candidate.php?candidate_id=329,ATTUR,INC,0,Graduate,"Rs 35,35,041 ~ 35 Lacs+","Rs 36,55,648 ~ 36 Lacs+"
65,253,Arukutty,https://www.myneta.info/TamilNadu2011/candidate.php?candidate_id=253,KAVUNDAMPALAYAM,AIADMK,0,5th Pass,"Rs 1,04,97,106 ~ 1 Crore+","Rs 16,03,875 ~ 16 Lacs+"
66,315,Arul Anbarasu,https://www.myneta.info/TamilNadu2011/candidate.php?candidate_id=315,SHOLINGUR,INC,0,Graduate Professional,https://myneta.info/image_v2.php?myneta_folder=TamilNadu2011&candidate_id=315&col=ta,https://myneta.info/image_v2.php?myneta_folder=TamilNadu2011&candidate_id=315&col=lia
67,235,Arulmani.s.,https://www.myneta.info/TamilNadu2011/candidate.php?candidate_id=235,ALANGUDI,PMK,0,Graduate Professional,"Rs 62,75,000 ~ 62 Lacs+","Rs 12,00,000 ~ 12 Lacs+"
68,594,Arulselvan,https://www.myneta.info/TamilNadu2011/candidate.php?candidate_id=594,MAYILADUTHURAI,DMDK,0,12th Pass,"Rs 18,73,507 ~ 18 Lacs+","Rs 2,01,110 ~ 2 Lacs+"
69,1823,Arumugam G,https://www.myneta.info/TamilNadu2011/candidate.php?candidate_id=1823,THIRUMANGALAM,IND,0,10th Pass,https://myneta.info/image_v2.php?myneta_folder=TamilNadu2011&candidate_id=1823&col=ta,https://myneta.info/image_v2.php?myneta_folder=TamilNadu2011&candidate_id=1823&col=lia
70,74,Arumugam K,https://www.myneta.info/TamilNadu2011/candidate.php?candidate_id=74,THIRUPORUR,PMK,0,Graduate,"Rs 88,63,250 ~ 88 Lacs+","Rs 54,19,650 ~ 54 Lacs+"
71,1237,Arumugam. R,https://www.myneta.info/TamilNadu2011/candidate.php?candidate_id=1237,THOUSAND LIGHTS,IND,0,10th Pass,"Rs 25,50,000 ~ 25 Lacs+",Rs 0 ~
72,1730,Arunagiri@ Arunagirinathan.p,https://www.myneta.info/TamilNadu2011/candidate.php?candidate_id=1730,KRISHNARAYAPURAM,ABHM,0,8th Pass,https://myneta.info/image_v2.php?myneta_folder=TamilNadu2011&candidate_id=1730&col=ta,https://myneta.info/image_v2.php?myneta_folder=TamilNadu2011&candidate_id=1730&col=lia
73,661,Arunkumar B.,https://www.myneta.info/TamilNadu2011/candidate.php?candidate_id=661,METTUPPALAYAM,DMK,0,Post Graduate,"Rs 6,33,26,854 ~ 6 Crore+","Rs 1,97,51,000 ~ 1 Crore+"
74,478,Arunsubramanyam,https://www.myneta.info/TamilNadu2011/candidate.php?candidate_id=478,TIRUTTANI,DMDK,0,Post Graduate,"Rs 1,93,39,450 ~ 1 Crore+",Rs 0 ~
75,84,Asaithambi P,https://www.myneta.info/TamilNadu2011/candidate.php?candidate_id=84,JAYANKONDAM,RJD,0,10th Pass,https://myneta.info/image_v2.php?myneta_folder=TamilNadu2011&candidate_id=84&col=ta,https://myneta.info/image_v2.php?myneta_folder=TamilNadu2011&candidate_id=84&col=lia
76,30,Ashok Kumar S,https://www.myneta.info/TamilNadu2011/candidate.php?candidate_id=30,KOLATHUR,Lok Satta Party,0,Graduate,"Rs 2,59,552 ~ 2 Lacs+","Rs 70,392 ~ 70 Thou+"
77,758,Ashok M.k,https://www.myneta.info/TamilNadu2011/candidate.php?candidate_id=758,VELACHERY,AIADMK,0,Graduate,"Rs 2,33,76,355 ~ 2 Crore+","Rs 35,43,426 ~ 35 Lacs+"
78,870,Ashok Rajendran,https://www.myneta.info/TamilNadu2011/candidate.php?candidate_id=870,MYLAPORE,Lok Satta Party,0,Graduate Professional,https://myneta.info/image_v2.php?myneta_folder=TamilNadu2011&candidate_id=870&col=ta,https://myneta.info/image_v2.php?myneta_folder=TamilNadu2011&candidate_id=870&col=lia
79,1195,Ashok. J,https://www.myneta.info/TamilNadu2011/candidate.php?candidate_id=1195,ROYAPURAM,IND,0,Graduate Professional,"Rs 1,52,55,000 ~ 1 Crore+","Rs 15,95,000 ~ 15 Lacs+"
80,632,Aslam Basha A.,https://www.myneta.info/TamilNadu2011/candidate.php?candidate_id=632,AMBUR,Manithaneya Makkal Katchi,0,Graduate,"Rs 23,50,000 ~ 23 Lacs+","Rs 9,80,000 ~ 9 Lacs+"
81,106,Asokan K,https://www.myneta.info/TamilNadu2011/candidate.php?candidate_id=106,BARGUR,BJP,0,12th Pass,https://myneta.info/image_v2.php?myneta_folder=TamilNadu2011&candidate_id=106&col=ta,https://myneta.info/image_v2.php?myneta_folder=TamilNadu2011&candidate_id=106&col=lia
82,778,Asokan.g,https://www.myneta.info/TamilNadu2011/candidate.php?candidate_id=778,GUMMIDIPOONDI ,PB,0,10th Pass,"Rs 8,24,000 ~ 8 Lacs+",Rs 0 ~
83,471,Austin S.,https://www.myneta.info/TamilNadu2011/candidate.php?candidate_id=471,PADMANABHAPURAM,DMDK,0,Post Graduate,"Rs 1,31,65,087 ~ 1 Crore+","Rs 40,62,798 ~ 40 Lacs+"
84,484,Avudaippan,https://www.myneta.info/TamilNadu2011/candidate.php?candidate_id=484,AMBASAMUDRAM,DMK,0,Graduate,https://myneta.info/image_v2.php?myneta_folder=TamilNadu2011&candidate_id=484&col=ta,https://myneta.info/image_v2.php?myneta_folder=TamilNadu2011&candidate_id=484&col=lia
85,1754,Ayaz. F.,https://www.myneta.info/TamilNadu2011/candidate.php?candidate_id=1754,THALLI,IND,0,Graduate,"Rs 35,00,000 ~ 35 Lacs+",Rs 0 ~
86,63,Ayodhi L,https://www.myneta.info/TamilNadu2011/candidate.php?candidate_id=63,ALANDUR,IND,0,Doctorate,"Rs 34,16,653 ~ 34 Lacs+","Rs 4,17,000 ~ 4 Lacs+"
87,1058,B Ravi Arumugham,https://www.myneta.info/TamilNadu2011/candidate.php?candidate_id=1058,AVADI,IND,0,Not Given,https://myneta.info/image_v2.php?myneta_folder=TamilNadu2011&candidate_id=1058&col=ta,https://myneta.info/image_v2.php?myneta_folder=TamilNadu2011&candidate_id=1058&col=lia
88,221,B. Ranganathan,https://www.myneta.info/TamilNadu2011/candidate.php?candidate_id=221,AMBATTUR,DMK,0,Graduate,"Rs 12,52,79,123 ~ 12 Crore+","Rs 6,55,50,223 ~ 6 Crore+"
89,370,B.v. Ramana,https://www.myneta.info/TamilNadu2011/candidate.php?candidate_id=370,THIRUVALLUR,AIADMK,0,12th Pass,"Rs 44,93,000 ~ 44 Lacs+","Rs 3,20,000 ~ 3 Lacs+"
90,754,B.valarmathi,https://www.myneta.info/TamilNadu2011/candidate.php?candidate_id=754,THOUSAND LIGHTS,AIADMK,0,10th Pass,https://myneta.info/image_v2.php?myneta_folder=TamilNadu2011&candidate_id=754&col=ta,https://myneta.info/image_v2.php?myneta_folder=TamilNadu2011&candidate_id=754&col=lia
91,410,Baalasubrami P,https://www.myneta.info/TamilNadu2011/candidate.php?candidate_id=410,ODDANCHATRAM,AIADMK,0,10th Pass,"Rs 3,81,47,058 ~ 3 Crore+",Rs 0 ~
92,48,Babu J A K,https://www.myneta.info/TamilNadu2011/candidate.php?candidate_id=48,SAIDAPET,IND,0,8th Pass,"Rs 13,800 ~ 13 Thou+",Rs 0 ~
93,1144,Babu M D,https://www.myneta.info/TamilNadu2011/candidate.php?candidate_id=1144,HARBOUR ,IND,0,8th Pass,https://myneta.info/image_v2.php?myneta_folder=TamilNadu2011&candidate_id=1144&col=ta,https://myneta.info/image_v2.php?myneta_folder=TamilNadu2011&candidate_id=1144&col=lia
94,743,Babu Murugavel.m,https://www.myneta.info/TamilNadu2011/candidate.php?candidate_id=743,ARANI,DMDK,0,Graduate Professional,"Rs 63,52,022 ~ 63 Lacs+","Rs 17,73,004 ~ 17 Lacs+"
95,2555,Babu.n,https://www.myneta.info/TamilNadu2011/candidate.php?candidate_id=2555,ARANI,IND,0,5th Pass,"Rs 45,000 ~ 45 Thou+",Rs 0 ~
96,1668,Babu.p,https://www.myneta.info/TamilNadu2011/candidate.php?candidate_id=1668,KILLIYOOR,LSP,0,Not Given,https://myneta.info/image_v2.php?myneta_folder=TamilNadu2011&candidate_id=1668&col=ta,https://myneta.info/image_v2.php?myneta_folder=TamilNadu2011&candidate_id=1668&col=lia
97,1272,Baburajan R,https://www.myneta.info/TamilNadu2011/candidate.php?candidate_id=1272,COIMBATORE (SOUTH),IND,0,10th Pass,"Rs 25,000 ~ 25 Thou+",Rs 0 ~
98,14,Badrachalam U,https://www.myneta.info/TamilNadu2011/candidate.php?candidate_id=14,THIRUVALLUR,IND,0,Not Given,"Rs 1,03,000 ~ 1 Lacs+",Rs 0 ~
99,851,Bahujan Sakthy.s.e,https://www.myneta.info/TamilNadu2011/candidate.php?candidate_id=851,THOUSAND LIGHTS,BSP,0,8th Pass,https://myneta.info/image_v2.php?myneta_folder=TamilNadu2011&candidate_id=851&col=ta,https://myneta.info/image_v2.php?myneta_folder=TamilNadu2011&candidate_id=851&col=lia
100,1078,Balakrishnan.s,https://www.myneta.info/TamilNadu2011/candidate.php?candidate_id=1078,KANNIYAKUMARI,IND,0,Post Graduate,"Rs 3,41,000 ~ 3 Lacs+",Rs 0 ~
101,100,Balasubramani S,https://www.myneta.info/TamilNadu2011/candidate.php?candidate_id=100,ATHOOR,DMDK,0,8th Pass,"Rs 1,31,75,249 ~ 1 Crore+",Rs 0 ~
102,769,Balasubramanian. K,https://www.myneta.info/TamilNadu2011/candidate.php?candidate_id=769,PALLADAM,KMK,0,Others,https://myneta.info/image_v2.php?myneta_folder=TamilNadu2011&candidate_id=769&col=ta,https://myneta.info/image_v2.php?myneta_folder=TamilNadu2011&candidate_id=769&col=lia
103,92,Bargunan Aps,https://www.myneta.info/TamilNadu2011/candidate.php?candidate_id=92,ANTHIYUR,BJP,0,Post Graduate,"Rs 54,53,909 ~ 54 Lacs+","Rs 30,00,000 ~ 30 Lacs+"
104,905,Baskar C,https://www.myneta.info/TamilNadu2011/candidate.php?candidate_id=905,ARIYALUR,IJK,0,Graduate Professional,"Rs 5,66,95,535 ~ 5 Crore+","Rs 17,96,000 ~ 17 Lacs+"
105,862,Baskar.a,https://www.myneta.info/TamilNadu2011/candidate.php?candidate_id=862,VIRUGAMPAKKAM,PB,0,12th Pass,https://myneta.info/image_v2.php?myneta_folder=TamilNadu2011&candidate_id=862&col=ta,https://myneta.info/image_v2.php?myneta_folder=TamilNadu2011&candidate_id=862&col=lia
106,1028,Baskariah.s,https://www.myneta.info/TamilNadu2011/candidate.php?candidate_id=1028,GINGEE,Makkal Manadu Katchi,0,Post Graduate,"Rs 5,28,000 ~ 5 Lacs+","Rs 1,00,000 ~ 1 Lacs+"
107,689,Basker.k.p.p,https://www.myneta.info/TamilNadu2011/candidate.php?candidate_id=689,NAMAKKAL,AIADMK,0,Others,"Rs 80,46,763 ~ 80 Lacs+","Rs 24,63,200 ~ 24 Lacs+"
108,1405,Bharanidharan.j.,https://www.myneta.info/TamilNadu2011/candidate.php?candidate_id=1405,ATHOOR,BJP,0,Graduate,https://myneta.info/image_v2.php?myneta_folder=TamilNadu2011&candidate_id=1405&col=ta,https://myneta.info/image_v2.php?myneta_folder=TamilNadu2011&candidate_id=1405&col=lia
109,820,Bhuvaneswari.s,https://www.myneta.info/TamilNadu2011/candidate.php?candidate_id=820,AMBATTUR,IJK,0,12th Pass,"Rs 56,150 ~ 56 Thou+",Rs 0 ~
110,82,Bilbin Jose,https://www.myneta.info/TamilNadu2011/candidate.php?candidate_id=82,KILLIYOOR,IND,0,Graduate Professional,"Rs 53,00,000 ~ 53 Lacs+","Rs 9,50,000 ~ 9 Lacs+"
111,132,Bose P G,https://www.myneta.info/TamilNadu2011/candidate.php?candidate_id=132,DINDIGUL,BJP,0,8th Pass,https://myneta.info/image_v2.php?myneta_folder=TamilNadu2011&candidate_id=132&col=ta,https://myneta.info/image_v2.php?myneta_folder=TamilNadu2011&candidate_id=132&col=lia
112,353,Budhichandran,https://www.myneta.info/TamilNadu2011/candidate.php?candidate_id=353,UDHAGAMANDALAM,AIADMK,0,Graduate,"Rs 52,45,000 ~ 52 Lacs+","Rs 3,54,002 ~ 3 Lacs+"
113,317,C Perumal,https://www.myneta.info/TamilNadu2011/candidate.php?candidate_id=317,YERCAUD,AIADMK,0,8th Pass,"Rs 1,13,32,017 ~ 1 Crore+","Rs 1,77,000 ~ 1 Lacs+"
114,390,C Sathyamurthi,https://www.myneta.info/TamilNadu2011/candidate.php?candidate_id=390,AVADI,BSP,0,Graduate Professional,https://myneta.info/image_v2.php?myneta_folder=TamilNadu2011&candidate_id=390&col=ta,https://myneta.info/image_v2.php?myneta_folder=TamilNadu2011&candidate_id=390&col=lia
115,316,C. Gnanasekaran,https://www.myneta.info/TamilNadu2011/candidate.php?candidate_id=316,VELLORE,INC,0,Graduate Professional,"Rs 3,13,58,702 ~ 3 Crore+",Rs 0 ~
116,446,C. Govindasamy,https://www.myneta.info/TamilNadu2011/candidate.php?candidate_id=446,TIRUPPUR (NORTH),DMK,0,5th Pass,"Rs 1,36,85,052 ~ 1 Crore+",Rs 0 ~
117,325,C. Krishnan,https://www.myneta.info/TamilNadu2011/candidate.php?candidate_id=325,OMALUR,AIADMK,0,10th Pass,https://myneta.info/image_v2.php?myneta_folder=TamilNadu2011&candidate_id=325&col=ta,https://myneta.info/image_v2.php?myneta_folder=TamilNadu2011&candidate_id=325&col=lia
118,684,C. Vadivel,https://www.myneta.info/TamilNadu2011/candidate.php?candidate_id=684,PARAMATHI-VELUR,PMK,0,Not Given,"Rs 94,99,510 ~ 94 Lacs+","Rs 6,50,000 ~ 6 Lacs+"
119,292,C. Vijayabaskar,https://www.myneta.info/TamilNadu2011/candidate.php?candidate_id=292,VIRALIMALAI,AIADMK,0,Graduate Professional,"Rs 8,00,84,900 ~ 8 Crore+","Rs 4,02,06,738 ~ 4 Crore+"
120,747,C.arunpandian,https://www.myneta.info/TamilNadu2011/candidate.php?candidate_id=747,PERAVURANI,DMDK,0,Graduate,https://myneta.info/image_v2.php?myneta_folder=TamilNadu2011&candidate_id=747&col=ta,https://myneta.info/image_v2.php?myneta_folder=TamilNadu2011&candidate_id=747&col=lia
121,468,C.h. Sekar,https://www.myneta.info/TamilNadu2011/candidate.php?candidate_id=468,GUMMIDIPOONDI ,DMDK,0,Graduate Professional,"Rs 47,03,596 ~ 47 Lacs+",Rs 0 ~
122,83,C.m.paul Raj,https://www.myneta.info/TamilNadu2011/candidate.php?candidate_id=83,KILLIYOOR,IND,0,Graduate Professional,"Rs 5,55,000 ~ 5 Lacs+",Rs 0 ~
123,380,C.saratha,https://www.myneta.info/TamilNadu2011/candidate.php?candidate_id=380,SANKARANKOVIL,BJP,0,Graduate,https://myneta.info/image_v2.php?myneta_folder=TamilNadu2011&candidate_id=380&col=ta,https://myneta.info/image_v2.php?myneta_folder=TamilNadu2011&candidate_id=380&col=lia
124,714,C.subramaniam,https://www.myneta.info/TamilNadu2011/candidate.php?candidate_id=714,KRISHNARAYAPURAM,BJP,0,8th Pass,"Rs 13,19,000 ~ 13 Lacs+","Rs 15,00,000 ~ 15 Lacs+"
125,1687,C.suresh Kumar,https://www.myneta.info/TamilNadu2011/candidate.php?candidate_id=1687,PADMANABHAPURAM,IND,0,10th Pass,"Rs 1,01,500 ~ 1 Lacs+",Rs 0 ~
126,319,C.ve. Shanmugam,https://www.myneta.info/TamilNadu2011/candidate.php?candidate_id=319,VILLUPURAM,AIADMK,0,Graduate Professional,https://myneta.info/image_v2.php?myneta_folder=TamilNadu2011&candidate_id=319&col=ta,https://myneta.info/image_v2.php?myneta_folder=TamilNadu2011&candidate_id=319&col=lia
127,776,Chakravarthi Sriraman.b,https://www.myneta.info/TamilNadu2011/candidate.php?candidate_id=776,GUMMIDIPOONDI ,BJP,0,12th Pass,"Rs 1,37,00,095 ~ 1 Crore+","Rs 3,60,000 ~ 3 Lacs+"
128,1148,Chan Basha,https://www.myneta.info/TamilNadu2011/candidate.php?candidate_id=1148,HARBOUR ,IND,0,10th Pass,"Rs 7,500 ~ 7 Thou+",Rs 0 ~
129,581,Chandar.d.,https://www.myneta.info/TamilNadu2011/candidate.php?candidate_id=581,ROYAPURAM,BJP,0,Graduate,https://myneta.info/image_v2.php?myneta_folder=TamilNadu2011&candidate_id=581&col=ta,https://myneta.info/image_v2.php?myneta_folder=TamilNadu2011&candidate_id=581&col=lia
130,864,Chandrasekar.s,https://www.myneta.info/TamilNadu2011/candidate.php?candidate_id=864,SAIDAPET,Makkal Manadu Katchi,0,Post Graduate,"Rs 43,89,000 ~ 43 Lacs+",Rs 0 ~
131,882,Chellapandian S. T.,https://www.myneta.info/TamilNadu2011/candidate.php?candidate_id=882,THOOTHUKKUDI,AIADMK,0,Post Graduate,"Rs 5,03,85,429 ~ 5 Crore+","Rs 60,01,638 ~ 60 Lacs+"
132,527,Chezhiaan. Govi,https://www.myneta.info/TamilNadu2011/candidate.php?candidate_id=527,THIRUVIDAIMARUDUR,DMK,0,Graduate Professional,https://myneta.info/image_v2.php?myneta_folder=TamilNadu2011&candidate_id=527&col=ta,https://myneta.info/image_v2.php?myneta_folder=TamilNadu2011&candidate_id=527&col=lia
133,152,Chinnadurai,https://www.myneta.info/TamilNadu2011/candidate.php?candidate_id=152,GANGAVALLI,DMK,0,Graduate Professional,"Rs 74,85,645 ~ 74 Lacs+","Rs 5,00,000 ~ 5 Lacs+"
134,1227,Chinnadurai P,https://www.myneta.info/TamilNadu2011/candidate.php?candidate_id=1227,THIYAGARAYANAGAR,IND,0,Graduate Professional,"Rs 1,96,000 ~ 1 Lacs+",Rs 0 ~
135,799,Chinnappan.m,https://www.myneta.info/TamilNadu2011/candidate.php?candidate_id=799,TIRUTTANI,IND,0,Not Given,https://myneta.info/image_v2.php?myneta_folder=TamilNadu2011&candidate_id=799&col=ta,https://myneta.info/image_v2.php?myneta_folder=TamilNadu2011&candidate_id=799&col=lia
136,657,Chinnaraj,https://www.myneta.info/TamilNadu2011/candidate.php?candidate_id=657,METTUPPALAYAM,AIADMK,0,10th Pass,"Rs 22,49,254 ~ 22 Lacs+",Rs 0 ~
137,1459,"Chinnaraj.k,",https://www.myneta.info/TamilNadu2011/candidate.php?candidate_id=1459,PALANI,IND,0,8th Pass,"Rs 10,000 ~ 10 Thou+",Rs 0 ~
138,816,Chinnathurai R,https://www.myneta.info/TamilNadu2011/candidate.php?candidate_id=816,VEDARANYAM,PMK,0,Post Graduate,https://myneta.info/image_v2.php?myneta_folder=TamilNadu2011&candidate_id=816&col=ta,https://myneta.info/image_v2.php?myneta_folder=TamilNadu2011&candidate_id=816&col=lia
139,1743,Chitrambalam,https://www.myneta.info/TamilNadu2011/candidate.php?candidate_id=1743,HOSUR,IND,0,10th Pass,"Rs 75,000 ~ 75 Thou+",Rs 0 ~
140,251,Cholan Ct Palanisamy,https://www.myneta.info/TamilNadu2011/candidate.php?candidate_id=251,KARAIKUDI,AIADMK,0,10th Pass,"Rs 1,39,73,500 ~ 1 Crore+","Rs 9,91,353 ~ 9 Lacs+"
141,72,Col. Sundar,https://www.myneta.info/TamilNadu2011/candidate.php?candidate_id=72,TAMBARAM,IND,0,Post Graduate,https://myneta.info/image_v2.php?myneta_folder=TamilNadu2011&candidate_id=72&col=ta,https://myneta.info/image_v2.php?myneta_folder=TamilNadu2011&candidate_id=72&col=lia
142,22,D. Jegadeeswaran,https://www.myneta.info/TamilNadu2011/candidate.php?candidate_id=22,AMBATTUR,Lok Satta Party,0,Graduate Professional,"Rs 59,74,983 ~ 59 Lacs+","Rs 1,44,000 ~ 1 Lacs+"
143,432,D. Murugesan,https://www.myneta.info/TamilNadu2011/candidate.php?candidate_id=432,CHENGALPATTU,DMDK,0,10th Pass,"Rs 16,40,000 ~ 16 Lacs+",Rs 0 ~
144,710,D.chandra,https://www.myneta.info/TamilNadu2011/candidate.php?candidate_id=710,OTTAPIDARAM,BSP,0,Graduate,https://myneta.info/image_v2.php?myneta_folder=TamilNadu2011&candidate_id=710&col=ta,https://myneta.info/image_v2.php?myneta_folder=TamilNadu2011&candidate_id=710&col=lia
145,755,D.haridoss,https://www.myneta.info/TamilNadu2011/candidate.php?candidate_id=755,TINDIVANAM,AIADMK,0,Graduate Professional,"Rs 72,82,679 ~ 72 Lacs+","Rs 16,00,000 ~ 16 Lacs+"
146,1074,D.kuppan,https://www.myneta.info/TamilNadu2011/candidate.php?candidate_id=1074,THIRUVOTTIYUR,IND,0,Illiterate,"Rs 25,000 ~ 25 Thou+",Rs 0 ~
147,1872,D.ramsingh,https://www.myneta.info/TamilNadu2011/candidate.php?candidate_id=1872,VEDARANYAM,IND,0,8th Pass,https://myneta.info/image_v2.php?myneta_folder=TamilNadu2011&candidate_id=1872&col=ta,https://myneta.info/image_v2.php?myneta_folder=TamilNadu2011&candidate_id=1872&col=lia
148,766,D.ravikumar,https://www.myneta.info/TamilNadu2011/candidate.php?candidate_id=766,KATTUMANNARKOIL,VCK,0,Post Graduate,"Rs 47,19,496 ~ 47 Lacs+","Rs 9,81,259 ~ 9 Lacs+"
149,940,D.varadharajan,https://www.myneta.info/TamilNadu2011/candidate.php?candidate_id=940,MADATHUKULAM,IND,0,Graduate,"Rs 27,47,000 ~ 27 Lacs+",Rs 0 ~
150,311,D.yasodha,https://www.myneta.info/TamilNadu2011/candidate.php?candidate_id=311,SRIPERUMBUDUR,INC,0,10th Pass,https://myneta.info/image_v2.php?myneta_folder=TamilNadu2011&candidate_id=311&col=ta,https://myneta.info/image_v2.php?myneta_folder=TamilNadu2011&candidate_id=311&col=lia
151,2628,Dakshinamoorthy.t.,https://www.myneta.info/TamilNadu2011/candidate.php?candidate_id=2628,ANAIKATTU,AIPPMR,0,10th Pass,"Rs 2,85,506 ~ 2 Lacs+","Rs 5,000 ~ 5 Thou+"
152,259,Damodharan,https://www.myneta.info/TamilNadu2011/candidate.php?candidate_id=259,KINATHUKADAVU,AIADMK,0,10th Pass,"Rs 1,51,89,709 ~ 1 Crore+","Rs 1,92,429 ~ 1 Lacs+"
153,135,Danial,https://www.myneta.info/TamilNadu2011/candidate.php?candidate_id=135,DR.RADHAKRISHNAN NAGAR,IND,0,10th Pass,https://myneta.info/image_v2.php?myneta_folder=TamilNadu2011&candidate_id=135&col=ta,https://myneta.info/image_v2.php?myneta_folder=TamilNadu2011&candidate_id=135&col=lia
154,529,Deenadayalan_k.,https://www.myneta.info/TamilNadu2011/candidate.php?candidate_id=529,PALANI,BJP,0,Post Graduate,"Rs 7,11,000 ~ 7 Lacs+","Rs 2,12,464 ~ 2 Lacs+"
155,1207,Dellibabu. Dha.lo,https://www.myneta.info/TamilNadu2011/candidate.php?candidate_id=1207,SAIDAPET,IND,0,10th Pass,"Rs 3,00,000 ~ 3 Lacs+",Rs 0 ~
156,1029,Devadoss.r,https://www.myneta.info/TamilNadu2011/candidate.php?candidate_id=1029,THIRUTHURAIPOONDI,Makkal Manadu Katchi,0,Post Graduate,https://myneta.info/image_v2.php?myneta_folder=TamilNadu2011&candidate_id=1029&col=ta,https://myneta.info/image_v2.php?myneta_folder=TamilNadu2011&candidate_id=1029&col=lia
157,54,Devaraj,https://www.myneta.info/TamilNadu2011/candidate.php?candidate_id=54,THIYAGARAYANAGAR,IND,0,Graduate,"Rs 2,17,41,190 ~ 2 Crore+",Rs 0 ~
158,1291,Devaraj  R,https://www.myneta.info/TamilNadu2011/candidate.php?candidate_id=1291,SINGANALLUR,UMK,0,Literate,"Rs 13,02,000 ~ 13 Lacs+",Rs 0 ~
159,819,Devarajan.c,https://www.myneta.info/TamilNadu2011/candidate.php?candidate_id=819,AMBATTUR,JMM,0,Graduate Professional,https://myneta.info/image_v2.php?myneta_folder=TamilNadu2011&candidate_id=819&col=ta,https://myneta.info/image_v2.php?myneta_folder=TamilNadu2011&candidate_id=819&col=lia
160,880,Devarasan.r,https://www.myneta.info/TamilNadu2011/candidate.php?candidate_id=880,NAMAKKAL,KMK,0,5th Pass,"Rs 6,27,06,853 ~ 6 Crore+","Rs 1,82,05,702 ~ 1 Crore+"
161,15,Devashirvatham S,https://www.myneta.info/TamilNadu2011/candidate.php?candidate_id=15,THIRUVALLUR,RPI,0,10th Pass,"Rs 15,000 ~ 15 Thou+",Rs 0 ~
162,878,Dhamotharan.j,https://www.myneta.info/TamilNadu2011/candidate.php?candidate_id=878,SHOZHINGANALLUR,Makkal Manadu Katchi,0,Graduate,https://myneta.info/image_v2.php?myneta_folder=TamilNadu2011&candidate_id=878&col=ta,https://myneta.info/image_v2.php?myneta_folder=TamilNadu2011&candidate_id=878&col=lia
163,2093,Dhanapal.k,https://www.myneta.info/TamilNadu2011/candidate.php?candidate_id=2093,VEERAPANDI,IND,0,Graduate,"Rs 6,13,300 ~ 6 Lacs+","Rs 70,000 ~ 70 Thou+"
164,373,Dhanapal.p,https://www.myneta.info/TamilNadu2011/candidate.php?candidate_id=373,RASIPURAM,AIADMK,0,Post Graduate,"Rs 2,18,97,667 ~ 2 Crore+","Rs 51,68,336 ~ 51 Lacs+"
165,2091,Dhanapal.s,https://www.myneta.info/TamilNadu2011/candidate.php?candidate_id=2091,VEERAPANDI,IND,0,10th Pass,https://myneta.info/image_v2.php?myneta_folder=TamilNadu2011&candidate_id=2091&col=ta,https://myneta.info/image_v2.php?myneta_folder=TamilNadu2011&candidate_id=2091&col=lia
166,76,Dhanasekaran M,https://www.myneta.info/TamilNadu2011/candidate.php?candidate_id=76,MADURANTAKAM,Lok Satta Party,0,12th Pass,"Rs 16,073 ~ 16 Thou+","Rs 31,000 ~ 31 Thou+"
167,736,Dharmalingam,https://www.myneta.info/TamilNadu2011/candidate.php?candidate_id=736,KINATHUKADAVU,BJP,0,10th Pass,"Rs 1,98,300 ~ 1 Lacs+",Rs 0 ~
168,900,Dharman.m,https://www.myneta.info/TamilNadu2011/candidate.php?candidate_id=900,ANAIKATTU,Makkal Manadu Katchi,0,10th Pass,https://myneta.info/image_v2.php?myneta_folder=TamilNadu2011&candidate_id=900&col=ta,https://myneta.info/image_v2.php?myneta_folder=TamilNadu2011&candidate_id=900&col=lia
169,118,Doraisamy R,https://www.myneta.info/TamilNadu2011/candidate.php?candidate_id=118,COIMBATORE (SOUTH),AIADMK,0,Post Graduate,"Rs 27,41,26,863 ~ 27 Crore+","Rs 1,67,26,905 ~ 1 Crore+"
170,389,Doss,https://www.myneta.info/TamilNadu2011/candidate.php?candidate_id=389,TIRUTTANI,BSP,0,10th Pass,"Rs 46,000 ~ 46 Thou+",Rs 0 ~
171,307,Dr. A. Chellakumar,https://www.myneta.info/TamilNadu2011/candidate.php?candidate_id=307,THIYAGARAYANAGAR,INC,0,Graduate Professional,https://myneta.info/image_v2.php?myneta_folder=TamilNadu2011&candidate_id=307&col=ta,https://myneta.info/image_v2.php?myneta_folder=TamilNadu2011&candidate_id=307&col=lia
172,303,Dr. C. Natesan,https://www.myneta.info/TamilNadu2011/candidate.php?candidate_id=303,THIRU-VI-KA-NAGAR,INC,0,Post Graduate,"Rs 7,24,24,047 ~ 7 Crore+","Rs 2,88,85,150 ~ 2 Crore+"
173,6,Dr. K. Padmarajan,https://www.myneta.info/TamilNadu2011/candidate.php?candidate_id=6,METTUR,IND,0,Post Graduate,"Rs 14,22,926 ~ 14 Lacs+","Rs 24,000 ~ 24 Thou+"
174,727,Dr. Tamilisai Soundrarajan,https://www.myneta.info/TamilNadu2011/candidate.php?candidate_id=727,VELACHERY,BJP,0,Graduate Professional,https://myneta.info/image_v2.php?myneta_folder=TamilNadu2011&candidate_id=727&col=ta,https://myneta.info/image_v2.php?myneta_folder=TamilNadu2011&candidate_id=727&col=lia
175,261,Dr.duraiappa.s.,https://www.myneta.info/TamilNadu2011/candidate.php?candidate_id=261,VASUDEVANALLUR,AIADMK,0,Graduate Professional,"Rs 53,91,964 ~ 53 Lacs+","Rs 45,000 ~ 45 Thou+"
176,742,Dr.k.krishnasamy,https://www.myneta.info/TamilNadu2011/candidate.php?candidate_id=742,OTTAPIDARAM,Puthiya Thamilagam,0,Post Graduate,"Rs 6,84,75,690 ~ 6 Crore+","Rs 73,44,317 ~ 73 Lacs+"
177,1874,Dr.p.subramanian,https://www.myneta.info/TamilNadu2011/candidate.php?candidate_id=1874,VEDARANYAM,IND,0,Graduate Professional,https://myneta.info/image_v2.php?myneta_folder=TamilNadu2011&candidate_id=1874&col=ta,https://myneta.info/image_v2.php?myneta_folder=TamilNadu2011&candidate_id=1874&col=lia
178,425,Durai Kamaraj,https://www.myneta.info/TamilNadu2011/candidate.php?candidate_id=425,KUNNAM,DMDK,0,Graduate,"Rs 71,66,048 ~ 71 Lacs+","Rs 11,21,280 ~ 11 Lacs+"
179,212,Durai. Manivel,https://www.myneta.info/TamilNadu2011/candidate.php?candidate_id=212,ARIYALUR,AIADMK,0,8th Pass,"Rs 53,04,220 ~ 53 Lacs+","Rs 14,75,410 ~ 14 Lacs+"
180,188,Duraimurugan,https://www.myneta.info/TamilNadu2011/candidate.php?candidate_id=188,KATPADI,DMK,0,Post Graduate,https://myneta.info/image_v2.php?myneta_folder=TamilNadu2011&candidate_id=188&col=ta,https://myneta.info/image_v2.php?myneta_folder=TamilNadu2011&candidate_id=188&col=lia
181,772,Durairajan P,https://www.myneta.info/TamilNadu2011/candidate.php?candidate_id=772,SIRKAZHI,VCK,0,Others,"Rs 13,13,000 ~ 13 Lacs+",Rs 0 ~
182,257,E Subaya,https://www.myneta.info/TamilNadu2011/candidate.php?candidate_id=257,AMBASAMUDRAM,AIADMK,0,Post Graduate,"Rs 60,26,56,280 ~ 60 Crore+","Rs 31,28,93,000 ~ 31 Crore+"
183,702,E.r.eswaran,https://www.myneta.info/TamilNadu2011/candidate.php?candidate_id=702,SULUR,KMK,0,Graduate Professional,https://myneta.info/image_v2.php?myneta_folder=TamilNadu2011&candidate_id=702&col=ta,https://myneta.info/image_v2.php?myneta_folder=TamilNadu2011&candidate_id=702&col=lia
184,7,E.v.velu,https://www.myneta.info/TamilNadu2011/candidate.php?candidate_id=7,TIRUVANNAMALAI,DMK,0,Post Graduate,"Rs 8,10,90,423 ~ 8 Crore+",Rs 0 ~
185,237,Edirolimanian. G.,https://www.myneta.info/TamilNadu2011/candidate.php?candidate_id=237,POLUR,PMK,0,Post Graduate,"Rs 74,92,614 ~ 74 Lacs+","Rs 10,33,264 ~ 10 Lacs+"
186,2082,Elango.m,https://www.myneta.info/TamilNadu2011/candidate.php?candidate_id=2082,SANKARI,IND,0,Graduate Professional,https://myneta.info/image_v2.php?myneta_folder=TamilNadu2011&candidate_id=2082&col=ta,https://myneta.info/image_v2.php?myneta_folder=TamilNadu2011&candidate_id=2082&col=lia
187,1463,Elangovan. N.v,https://www.myneta.info/TamilNadu2011/candidate.php?candidate_id=1463,PALANI,IND,0,10th Pass,"Rs 56,77,200 ~ 56 Lacs+","Rs 1,04,000 ~ 1 Lacs+"
188,231,Elavazhagan P,https://www.myneta.info/TamilNadu2011/candidate.php?candidate_id=231,JAYANKONDAM,AIADMK,0,Graduate,"Rs 1,42,94,000 ~ 1 Crore+","Rs 7,15,935 ~ 7 Lacs+"
189,781,Elumalai.s,https://www.myneta.info/TamilNadu2011/candidate.php?candidate_id=781,GUMMIDIPOONDI ,IND,0,8th Pass,https://myneta.info/image_v2.php?myneta_folder=TamilNadu2011&candidate_id=781&col=ta,https://myneta.info/image_v2.php?myneta_folder=TamilNadu2011&candidate_id=781&col=lia
190,756,Esakki Muthu,https://www.myneta.info/TamilNadu2011/candidate.php?candidate_id=756,TIRUCHULI,AIADMK,0,12th Pass,"Rs 1,16,47,739 ~ 1 Crore+","Rs 2,73,103 ~ 2 Lacs+"
191,1460,Eswaran.n,https://www.myneta.info/TamilNadu2011/candidate.php?candidate_id=1460,PALANI,IND,0,Graduate,"Rs 10,51,384 ~ 10 Lacs+","Rs 50,450 ~ 50 Thou+"
192,582,G Bhimrao,https://www.myneta.info/TamilNadu2011/candidate.php?candidate_id=582,MADURAVOYAL,CPM,0,12th Pass,https://myneta.info/image_v2.php?myneta_folder=TamilNadu2011&candidate_id=582&col=ta,https://myneta.info/image_v2.php?myneta_folder=TamilNadu2011&candidate_id=582&col=lia
193,1063,G Prabu,https://www.myneta.info/TamilNadu2011/candidate.php?candidate_id=1063,AVADI,IND,0,8th Pass,"Rs 1,05,000 ~ 1 Lacs+",Rs 0 ~
194,1027,G. Balakrishnan,https://www.myneta.info/TamilNadu2011/candidate.php?candidate_id=1027,TAMBARAM,Makkal Manadu Katchi,0,Graduate Professional,"Rs 10,000 ~ 10 Thou+",Rs 0 ~
195,1599,G. Shanmugam,https://www.myneta.info/TamilNadu2011/candidate.php?candidate_id=1599,PALLAVARAM,IND,0,Not Given,https://myneta.info/image_v2.php?myneta_folder=TamilNadu2011&candidate_id=1599&col=ta,https://myneta.info/image_v2.php?myneta_folder=TamilNadu2011&candidate_id=1599&col=lia
196,992,G. Sivalingam,https://www.myneta.info/TamilNadu2011/candidate.php?candidate_id=992,THIRUPORUR,PB,0,Not Given,Nil,Rs 0 ~
197,584,G. Thanigachalam,https://www.myneta.info/TamilNadu2011/candidate.php?candidate_id=584, ARCOT,BJP,0,Post Graduate,"Rs 6,40,650 ~ 6 Lacs+",Rs 0 ~
198,228,G.k.mani,https://www.myneta.info/TamilNadu2011/candidate.php?candidate_id=228,METTUR,PMK,0,10th Pass,https://myneta.info/image_v2.php?myneta_folder=TamilNadu2011&candidate_id=228&col=ta,https://myneta.info/image_v2.php?myneta_folder=TamilNadu2011&candidate_id=228&col=lia
199,1870,G.shanmugavel,https://www.myneta.info/TamilNadu2011/candidate.php?candidate_id=1870,VEDARANYAM,JMM,0,Graduate Professional,"Rs 12,45,000 ~ 12 Lacs+","Rs 1,10,000 ~ 1 Lacs+"
200,507,G.thalapathy,https://www.myneta.info/TamilNadu2011/candidate.php?candidate_id=507,MADURAI WEST,DMK,0,10th Pass,"Rs 5,73,26,825 ~ 5 Crore+","Rs 50,90,924 ~ 50 Lacs+"
201,379,G.venkatachalam,https://www.myneta.info/TamilNadu2011/candidate.php?candidate_id=379,SALEM (WEST) ,AIADMK,0,8th Pass,https://myneta.info/image_v2.php?myneta_folder=TamilNadu2011&candidate_id=379&col=ta,https://myneta.info/image_v2.php?myneta_folder=TamilNadu2011&candidate_id=379&col=lia
202,1111,Gajapathi Krishnan. S,https://www.myneta.info/TamilNadu2011/candidate.php?candidate_id=1111,CHEPAUK-THIRUVALLIKENI,IND,0,Graduate Professional,"Rs 3,07,000 ~ 3 Lacs+",Rs 0 ~
203,1284,Gandhi Kumar S A,https://www.myneta.info/TamilNadu2011/candidate.php?candidate_id=1284,METTUPPALAYAM,UMK,0,5th Pass,"Rs 1,80,000 ~ 1 Lacs+",Rs 0 ~
204,954,Ganesan.g,https://www.myneta.info/TamilNadu2011/candidate.php?candidate_id=954,NANNILAM,IJK,0,Not Given,https://myneta.info/image_v2.php?myneta_folder=TamilNadu2011&candidate_id=954&col=ta,https://myneta.info/image_v2.php?myneta_folder=TamilNadu2011&candidate_id=954&col=lia
205,722,Ganesan.k.,https://www.myneta.info/TamilNadu2011/candidate.php?candidate_id=722,PONNERI ,BJP,0,10th Pass,"Rs 40,000 ~ 40 Thou+",Rs 0 ~
206,651,Ganesh R.,https://www.myneta.info/TamilNadu2011/candidate.php?candidate_id=651,UDHAGAMANDALAM,INC,0,Post Graduate,"Rs 44,94,909 ~ 44 Lacs+","Rs 2,73,000 ~ 2 Lacs+"
207,154,Ganeshkumar A,https://www.myneta.info/TamilNadu2011/candidate.php?candidate_id=154,GINGEE,PMK,0,Graduate Professional,https://myneta.info/image_v2.php?myneta_folder=TamilNadu2011&candidate_id=154&col=ta,https://myneta.info/image_v2.php?myneta_folder=TamilNadu2011&candidate_id=154&col=lia
208,540,Geetha Jeevan,https://www.myneta.info/TamilNadu2011/candidate.php?candidate_id=540,THOOTHUKKUDI,DMK,0,Graduate Professional,"Rs 2,82,85,187 ~ 2 Crore+","Rs 96,32,674 ~ 96 Lacs+"
209,452,Ghouse Basha,https://www.myneta.info/TamilNadu2011/candidate.php?candidate_id=452,MADURAI CENTRAL,DMK,0,Post Graduate,"Rs 23,05,158 ~ 23 Lacs+",Rs 0 ~
210,171,Gnanasekaran N,https://www.myneta.info/TamilNadu2011/candidate.php?candidate_id=171,JAYANKONDAM,BSP,0,Graduate,https://myneta.info/image_v2.php?myneta_folder=TamilNadu2011&candidate_id=171&col=ta,https://myneta.info/image_v2.php?myneta_folder=TamilNadu2011&candidate_id=171&col=lia
211,2699,Gnansekar.p,https://www.myneta.info/TamilNadu2011/candidate.php?candidate_id=2699,VELLORE,IND,0,Illiterate,"Rs 28,500 ~ 28 Thou+",Rs 0 ~
212,207,Gokula Indra,https://www.myneta.info/TamilNadu2011/candidate.php?candidate_id=207,ANNA NAGAR,AIADMK,0,Graduate Professional,"Rs 1,32,76,715 ~ 1 Crore+","Rs 48,34,494 ~ 48 Lacs+"
213,1047,Gopal.p.,https://www.myneta.info/TamilNadu2011/candidate.php?candidate_id=1047,THIRUVALLUR,IND,0,8th Pass,https://myneta.info/image_v2.php?myneta_folder=TamilNadu2011&candidate_id=1047&col=ta,https://myneta.info/image_v2.php?myneta_folder=TamilNadu2011&candidate_id=1047&col=lia
214,872,Gopi Narayanan Yadav,https://www.myneta.info/TamilNadu2011/candidate.php?candidate_id=872,MYLAPORE,Makkal Manadu Katchi,0,Graduate,"Rs 1,07,04,969 ~ 1 Crore+",Rs 0 ~
215,169,Gopinath,https://www.myneta.info/TamilNadu2011/candidate.php?candidate_id=169,HOSUR,INC,0,10th Pass,"Rs 3,83,42,706 ~ 3 Crore+","Rs 1,94,20,200 ~ 1 Crore+"
216,1200,Gopinathan. M,https://www.myneta.info/TamilNadu2011/candidate.php?candidate_id=1200,ROYAPURAM,IND,0,Graduate Professional,https://myneta.info/image_v2.php?myneta_folder=TamilNadu2011&candidate_id=1200&col=ta,https://myneta.info/image_v2.php?myneta_folder=TamilNadu2011&candidate_id=1200&col=lia
217,343,Govi. Sampathkumar,https://www.myneta.info/TamilNadu2011/candidate.php?candidate_id=343,VANIYAMBADI,AIADMK,0,5th Pass,"Rs 15,41,910 ~ 15 Lacs+","Rs 4,10,000 ~ 4 Lacs+"
218,1774,Govindaraj  V,https://www.myneta.info/TamilNadu2011/candidate.php?candidate_id=1774,MADURAI EAST,IND,0,8th Pass,"Rs 2,88,000 ~ 2 Lacs+",Rs 0 ~
219,77,Gurumurthy K,https://www.myneta.info/TamilNadu2011/candidate.php?candidate_id=77,UTHIRAMERUR,BJP,0,10th Pass,https://myneta.info/image_v2.php?myneta_folder=TamilNadu2011&candidate_id=77&col=ta,https://myneta.info/image_v2.php?myneta_folder=TamilNadu2011&candidate_id=77&col=lia
220,1827,Gurusamy  G,https://www.myneta.info/TamilNadu2011/candidate.php?candidate_id=1827,THIRUMANGALAM,IND,0,Literate,"Rs 6,70,500 ~ 6 Lacs+",Rs 0 ~
221,1444,Gurusamy.s,https://www.myneta.info/TamilNadu2011/candidate.php?candidate_id=1444,ODDANCHATRAM,IND,0,5th Pass,"Rs 51,000 ~ 51 Thou+",Rs 0 ~
222,385,H. Vasanthakumar,https://www.myneta.info/TamilNadu2011/candidate.php?candidate_id=385,NANGUNERI,INC,0,Post Graduate,https://myneta.info/image_v2.php?myneta_folder=TamilNadu2011&candidate_id=385&col=ta,https://myneta.info/image_v2.php?myneta_folder=TamilNadu2011&candidate_id=385&col=lia
223,2618,Hameed S A,https://www.myneta.info/TamilNadu2011/candidate.php?candidate_id=2618,AMBUR,IND,0,5th Pass,"Rs 5,25,000 ~ 5 Lacs+",Rs 0 ~
224,1145,Hanumantharao G,https://www.myneta.info/TamilNadu2011/candidate.php?candidate_id=1145,HARBOUR ,IND,0,Graduate Professional,"Rs 29,500 ~ 29 Thou+",Rs 0 ~
225,854,Haribabu.p.k,https://www.myneta.info/TamilNadu2011/candidate.php?candidate_id=854,ANNA NAGAR,BJP,0,8th Pass,https://myneta.info/image_v2.php?myneta_folder=TamilNadu2011&candidate_id=854&col=ta,https://myneta.info/image_v2.php?myneta_folder=TamilNadu2011&candidate_id=854&col=lia
226,748,Hasan Ali,https://www.myneta.info/TamilNadu2011/candidate.php?candidate_id=748,RAMANATHAPURAM,INC,0,Graduate,"Rs 8,86,48,914 ~ 8 Crore+","Rs 5,00,000 ~ 5 Lacs+"
227,677,Hasan Mohammed Jinnah,https://www.myneta.info/TamilNadu2011/candidate.php?candidate_id=677,THOUSAND LIGHTS,DMK,0,Graduate Professional,"Rs 30,61,079 ~ 30 Lacs+",Rs 0 ~
228,1277,Ilango Dr B,https://www.myneta.info/TamilNadu2011/candidate.php?candidate_id=1277,KINATHUKADAVU,LSP,0,Doctorate,https://myneta.info/image_v2.php?myneta_folder=TamilNadu2011&candidate_id=1277&col=ta,https://myneta.info/image_v2.php?myneta_folder=TamilNadu2011&candidate_id=1277&col=lia
229,2663,Ilayakumar.n,https://www.myneta.info/TamilNadu2011/candidate.php?candidate_id=2663,KILVAITHINANKUPPAM,IJK,0,Graduate,"Rs 48,500 ~ 48 Thou+",Rs 0 ~
230,812,Illamparrithi. T,https://www.myneta.info/TamilNadu2011/candidate.php?candidate_id=812,UDUMALAIPETTAI,KMK,0,Others,"Rs 72,20,000 ~ 72 Lacs+","Rs 22,07,000 ~ 22 Lacs+"
231,198,J Jayalalithaa,https://www.myneta.info/TamilNadu2011/candidate.php?candidate_id=198,SRIRANGAM,AIADMK,0,10th Pass,https://myneta.info/image_v2.php?myneta_folder=TamilNadu2011&candidate_id=198&col=ta,https://myneta.info/image_v2.php?myneta_folder=TamilNadu2011&candidate_id=198&col=lia
232,1066,J Kamalesh,https://www.myneta.info/TamilNadu2011/candidate.php?candidate_id=1066,AVADI,IND,0,Graduate,"Rs 6,21,01,156 ~ 6 Crore+","Rs 2,00,000 ~ 2 Lacs+"
233,391,J Loganathan,https://www.myneta.info/TamilNadu2011/candidate.php?candidate_id=391,AVADI,BJP,0,Graduate,"Rs 33,76,304 ~ 33 Lacs+",Rs 0 ~
234,607,J Palbaskar,https://www.myneta.info/TamilNadu2011/candidate.php?candidate_id=607,DINDIGUL,PMK,0,Post Graduate,https://myneta.info/image_v2.php?myneta_folder=TamilNadu2011&candidate_id=607&col=ta,https://myneta.info/image_v2.php?myneta_folder=TamilNadu2011&candidate_id=607&col=lia
235,1059,J Shanavas Khan,https://www.myneta.info/TamilNadu2011/candidate.php?candidate_id=1059,AVADI,IND,0,Post Graduate,"Rs 6,13,286 ~ 6 Lacs+",Rs 0 ~
236,232,J. Gurunathan,https://www.myneta.info/TamilNadu2011/candidate.php?candidate_id=232,JAYANKONDAM,PMK,0,Post Graduate,"Rs 2,18,49,177 ~ 2 Crore+","Rs 28,67,535 ~ 28 Lacs+"
237,1601,J. Hariffullah,https://www.myneta.info/TamilNadu2011/candidate.php?candidate_id=1601,PALLAVARAM,IND,0,12th Pass,https://myneta.info/image_v2.php?myneta_folder=TamilNadu2011&candidate_id=1601&col=ta,https://myneta.info/image_v2.php?myneta_folder=TamilNadu2011&candidate_id=1601&col=lia
238,873,J.mohanraj,https://www.myneta.info/TamilNadu2011/candidate.php?candidate_id=873,MYLAPORE,JJ,0,Graduate,"Rs 41,12,000 ~ 41 Lacs+","Rs 9,00,000 ~ 9 Lacs+"
239,551,J.sivakumar,https://www.myneta.info/TamilNadu2011/candidate.php?candidate_id=551,THIRUVAIYARU,BJP,0,10th Pass,"Rs 9,57,897 ~ 9 Lacs+",Rs 0 ~
240,1854,J.vasudevan,https://www.myneta.info/TamilNadu2011/candidate.php?candidate_id=1854,MAYILADUTHURAI,IND,0,12th Pass,https://myneta.info/image_v2.php?myneta_folder=TamilNadu2011&candidate_id=1854&col=ta,https://myneta.info/image_v2.php?myneta_folder=TamilNadu2011&candidate_id=1854&col=lia
241,49,Jagadishkumar P,https://www.myneta.info/TamilNadu2011/candidate.php?candidate_id=49,SAIDAPET,IND,0,8th Pass,"Rs 1,64,000 ~ 1 Lacs+",Rs 0 ~
242,1198,Jaganathan. N,https://www.myneta.info/TamilNadu2011/candidate.php?candidate_id=1198,ROYAPURAM,IND,0,10th Pass,"Rs 25,600 ~ 25 Thou+",Rs 0 ~
243,1084,Jagateesan.l,https://www.myneta.info/TamilNadu2011/candidate.php?candidate_id=1084,ULUNDURPETTAI,IND,0,12th Pass,https://myneta.info/image_v2.php?myneta_folder=TamilNadu2011&candidate_id=1084&col=ta,https://myneta.info/image_v2.php?myneta_folder=TamilNadu2011&candidate_id=1084&col=lia
244,162,Jaisankar,https://www.myneta.info/TamilNadu2011/candidate.php?candidate_id=162,HARBOUR ,BJP,0,Post Graduate,"Rs 6,85,500 ~ 6 Lacs+",Rs 0 ~
245,25,Janakiraman N,https://www.myneta.info/TamilNadu2011/candidate.php?candidate_id=25,MADAVARAM,BSP,0,Graduate Professional,"Rs 3,39,000 ~ 3 Lacs+",Rs 0 ~
246,16,Janakiraman R M R,https://www.myneta.info/TamilNadu2011/candidate.php?candidate_id=16,THIRUVALLUR,BJP,0,Graduate,https://myneta.info/image_v2.php?myneta_folder=TamilNadu2011&candidate_id=16&col=ta,https://myneta.info/image_v2.php?myneta_folder=TamilNadu2011&candidate_id=16&col=lia
247,26,Janakiraman S,https://www.myneta.info/TamilNadu2011/candidate.php?candidate_id=26,MADAVARAM,CPI(ML)(L),0,10th Pass,"Rs 11,11,538 ~ 11 Lacs+",Rs 0 ~
248,336,Janakiraman.i,https://www.myneta.info/TamilNadu2011/candidate.php?candidate_id=336,VANUR,AIADMK,0,10th Pass,"Rs 55,09,281 ~ 55 Lacs+","Rs 15,68,255 ~ 15 Lacs+"
249,749,Jawahirullah,https://www.myneta.info/TamilNadu2011/candidate.php?candidate_id=749,RAMANATHAPURAM,Manithaneya Makkal Katchi,0,Doctorate,https://myneta.info/image_v2.php?myneta_folder=TamilNadu2011&candidate_id=749&col=ta,https://myneta.info/image_v2.php?myneta_folder=TamilNadu2011&candidate_id=749&col=lia
250,1454,Jayachandheran.p,https://www.myneta.info/TamilNadu2011/candidate.php?candidate_id=1454,PALANI,LJP,0,Not Given,"Rs 1,000 ~ 1 Thou+",Rs 0 ~
251,947,"Jayachandran,m.",https://www.myneta.info/TamilNadu2011/candidate.php?candidate_id=947,MANNARGUDI ,IND,0,10th Pass,"Rs 4,75,500 ~ 4 Lacs+",Rs 0 ~
252,792,Jayakanthan S.,https://www.myneta.info/TamilNadu2011/candidate.php?candidate_id=792,PONNERI ,IND,0,Graduate,https://myneta.info/image_v2.php?myneta_folder=TamilNadu2011&candidate_id=792&col=ta,https://myneta.info/image_v2.php?myneta_folder=TamilNadu2011&candidate_id=792&col=lia
253,2655,Jayakodi.k,https://www.myneta.info/TamilNadu2011/candidate.php?candidate_id=2655,KATPADI,IND,0,Illiterate,"Rs 5,200 ~ 5 Thou+",Rs 0 ~
254,376,Jayakumar D.,https://www.myneta.info/TamilNadu2011/candidate.php?candidate_id=376,ROYAPURAM,AIADMK,0,Graduate Professional,"Rs 84,73,902 ~ 84 Lacs+",Rs 0 ~
255,129,Jayanthi R,https://www.myneta.info/TamilNadu2011/candidate.php?candidate_id=129,DHARAPURAM,DMK,0,12th Pass,https://myneta.info/image_v2.php?myneta_folder=TamilNadu2011&candidate_id=129&col=ta,https://myneta.info/image_v2.php?myneta_folder=TamilNadu2011&candidate_id=129&col=lia
256,330,Jayaprakash G,https://www.myneta.info/TamilNadu2011/candidate.php?candidate_id=330,SALEM (NORTH),INC,0,Graduate,"Rs 39,17,265 ~ 39 Lacs+","Rs 4,26,670 ~ 4 Lacs+"
257,1231,Jayaprakash. C,https://www.myneta.info/TamilNadu2011/candidate.php?candidate_id=1231,THOUSAND LIGHTS,IND,0,Graduate Professional,"Rs 2,52,000 ~ 2 Lacs+","Rs 50,000 ~ 50 Thou+"
258,860,Jayaprakash.j,https://www.myneta.info/TamilNadu2011/candidate.php?candidate_id=860,ANNA NAGAR,IND,0,12th Pass,https://myneta.info/image_v2.php?myneta_folder=TamilNadu2011&candidate_id=860&col=ta,https://myneta.info/image_v2.php?myneta_folder=TamilNadu2011&candidate_id=860&col=lia
259,588,Jayaraman .a.,https://www.myneta.info/TamilNadu2011/candidate.php?candidate_id=588,CHENGAM,BJP,0,12th Pass,"Rs 6,32,000 ~ 6 Lacs+",Rs 0 ~
260,2265,Jayaraman. T,https://www.myneta.info/TamilNadu2011/candidate.php?candidate_id=2265,THIRUVARUR,BSP,0,Graduate,Nil,Rs 0 ~
261,357,Jayasudha.l,https://www.myneta.info/TamilNadu2011/candidate.php?candidate_id=357,POLUR,AIADMK,0,12th Pass,https://myneta.info/image_v2.php?myneta_folder=TamilNadu2011&candidate_id=357&col=ta,https://myneta.info/image_v2.php?myneta_folder=TamilNadu2011&candidate_id=357&col=lia
262,567,Jayavarma,https://www.myneta.info/TamilNadu2011/candidate.php?candidate_id=567,SANKARAPURAM,BJP,0,Post Graduate,"Rs 65,50,000 ~ 65 Lacs+","Rs 9,00,000 ~ 9 Lacs+"
263,17,Jayavel G,https://www.myneta.info/TamilNadu2011/candidate.php?candidate_id=17,THIRUVALLUR,IND,0,Not Given,"Rs 57,000 ~ 57 Thou+",Rs 0 ~
264,322,Jcd Prabhakar,https://www.myneta.info/TamilNadu2011/candidate.php?candidate_id=322,VILLIVAKKAM,AIADMK,0,Graduate Professional,https://myneta.info/image_v2.php?myneta_folder=TamilNadu2011&candidate_id=322&col=ta,https://myneta.info/image_v2.php?myneta_folder=TamilNadu2011&candidate_id=322&col=lia
265,39,Jebaraj Immanuel S,https://www.myneta.info/TamilNadu2011/candidate.php?candidate_id=39,ROYAPURAM,IND,0,Graduate,"Rs 1,47,000 ~ 1 Lacs+",Rs 0 ~
266,543,Jeganathan.s.,https://www.myneta.info/TamilNadu2011/candidate.php?candidate_id=543,ALANGUDI,BJP,0,10th Pass,"Rs 56,70,500 ~ 56 Lacs+","Rs 8,00,000 ~ 8 Lacs+"
267,832,Jesu.i,https://www.myneta.info/TamilNadu2011/candidate.php?candidate_id=832,PERAMBUR,IJK,0,Graduate Professional,https://myneta.info/image_v2.php?myneta_folder=TamilNadu2011&candidate_id=832&col=ta,https://myneta.info/image_v2.php?myneta_folder=TamilNadu2011&candidate_id=832&col=lia
268,1784,Jeyachandran.s,https://www.myneta.info/TamilNadu2011/candidate.php?candidate_id=1784,MADURAI NORTH,IND,0,Graduate,"Rs 50,000 ~ 50 Thou+",Rs 0 ~
269,1768,Jeyakumar M,https://www.myneta.info/TamilNadu2011/candidate.php?candidate_id=1768,MADURAI CENTRAL,IND,0,8th Pass,"Rs 1,57,000 ~ 1 Lacs+",Rs 0 ~
270,382,John Jacob,https://www.myneta.info/TamilNadu2011/candidate.php?candidate_id=382,KILLIYOOR,INC,0,10th Pass,https://myneta.info/image_v2.php?myneta_folder=TamilNadu2011&candidate_id=382&col=ta,https://myneta.info/image_v2.php?myneta_folder=TamilNadu2011&candidate_id=382&col=lia
271,185,Jothimani,https://www.myneta.info/TamilNadu2011/candidate.php?candidate_id=185,KARUR,INC,0,Post Graduate,"Rs 36,38,535 ~ 36 Lacs+","Rs 2,58,000 ~ 2 Lacs+"
272,314,K A Jayapal,https://www.myneta.info/TamilNadu2011/candidate.php?candidate_id=314,NAGAPATTINAM,AIADMK,0,Graduate,"Rs 1,39,15,805 ~ 1 Crore+","Rs 35,80,078 ~ 35 Lacs+"
273,608,K Bala Bharathy,https://www.myneta.info/TamilNadu2011/candidate.php?candidate_id=608,DINDIGUL,CPM,0,12th Pass,https://myneta.info/image_v2.php?myneta_folder=TamilNadu2011&candidate_id=608&col=ta,https://myneta.info/image_v2.php?myneta_folder=TamilNadu2011&candidate_id=608&col=lia
274,610,K Balakrishnan,https://www.myneta.info/TamilNadu2011/candidate.php?candidate_id=610,CHIDAMBARAM,CPM,0,Graduate,"Rs 34,85,246 ~ 34 Lacs+","Rs 86,000 ~ 86 Thou+"
275,202,K P Krishnan,https://www.myneta.info/TamilNadu2011/candidate.php?candidate_id=202,ALANGUDI,AIADMK,0,Graduate,"Rs 3,91,81,250 ~ 3 Crore+",Rs 0 ~
276,733,K P Kumaradevan,https://www.myneta.info/TamilNadu2011/candidate.php?candidate_id=733,PALACODU,BJP,0,10th Pass,https://myneta.info/image_v2.php?myneta_folder=TamilNadu2011&candidate_id=733&col=ta,https://myneta.info/image_v2.php?myneta_folder=TamilNadu2011&candidate_id=733&col=lia
277,596,K Prabakaran,https://www.myneta.info/TamilNadu2011/candidate.php?candidate_id=596,DHARMAPURI,BJP,0,Graduate,"Rs 26,02,000 ~ 26 Lacs+","Rs 2,00,000 ~ 2 Lacs+"
278,586,K Rathamani,https://www.myneta.info/TamilNadu2011/candidate.php?candidate_id=586,VIKRAVANDI,DMK,0,Post Graduate,"Rs 65,00,261 ~ 65 Lacs+",Rs 0 ~
279,809,K Senthil Kumar,https://www.myneta.info/TamilNadu2011/candidate.php?candidate_id=809,TIRUPPUR (SOUTH),INC,0,8th Pass,https://myneta.info/image_v2.php?myneta_folder=TamilNadu2011&candidate_id=809&col=ta,https://myneta.info/image_v2.php?myneta_folder=TamilNadu2011&candidate_id=809&col=lia
280,605,K Thangavel,https://www.myneta.info/TamilNadu2011/candidate.php?candidate_id=605,TIRUPPUR (SOUTH),CPM,0,8th Pass,"Rs 27,03,831 ~ 27 Lacs+","Rs 2,88,500 ~ 2 Lacs+"
281,2637,K. Balamurugan,https://www.myneta.info/TamilNadu2011/candidate.php?candidate_id=2637, ARCOT,BSP,0,Graduate,"Rs 11,00,000 ~ 11 Lacs+",Rs 0 ~
282,1321,K. Dhanarasu,https://www.myneta.info/TamilNadu2011/candidate.php?candidate_id=1321,BHUVANAGIRI,IND,0,5th Pass,https://myneta.info/image_v2.php?myneta_folder=TamilNadu2011&candidate_id=1321&col=ta,https://myneta.info/image_v2.php?myneta_folder=TamilNadu2011&candidate_id=1321&col=lia
283,219,K. Dhanasekaran,https://www.myneta.info/TamilNadu2011/candidate.php?candidate_id=219,VIRUGAMPAKKAM,DMK,0,10th Pass,"Rs 7,39,49,611 ~ 7 Crore+","Rs 37,31,993 ~ 37 Lacs+"
284,275,K. Gopalsamy,https://www.myneta.info/TamilNadu2011/candidate.php?candidate_id=275,RAJAPALAYAM,AIADMK,0,12th Pass,"Rs 2,86,47,399 ~ 2 Crore+","Rs 3,04,800 ~ 3 Lacs+"
285,599,K. K. Elumalai,https://www.myneta.info/TamilNadu2011/candidate.php?candidate_id=599,SALEM (WEST) ,BJP,0,Graduate Professional,https://myneta.info/image_v2.php?myneta_folder=TamilNadu2011&candidate_id=599&col=ta,https://myneta.info/image_v2.php?myneta_folder=TamilNadu2011&candidate_id=599&col=lia
286,355,K. Kuppan,https://www.myneta.info/TamilNadu2011/candidate.php?candidate_id=355,THIRUVOTTIYUR,AIADMK,0,Graduate,"Rs 2,48,71,768 ~ 2 Crore+","Rs 48,76,501 ~ 48 Lacs+"
287,490,K. Pandiarajan,https://www.myneta.info/TamilNadu2011/candidate.php?candidate_id=490,VIRUDHUNAGAR,DMDK,0,Post Graduate,"Rs 12,54,36,086 ~ 12 Crore+",Rs 0 ~
288,1643,K. Saravanan,https://www.myneta.info/TamilNadu2011/candidate.php?candidate_id=1643,UTHIRAMERUR,IND,0,10th Pass,https://myneta.info/image_v2.php?myneta_folder=TamilNadu2011&candidate_id=1643&col=ta,https://myneta.info/image_v2.php?myneta_folder=TamilNadu2011&candidate_id=1643&col=lia
289,1603,K. Sathishkumar,https://www.myneta.info/TamilNadu2011/candidate.php?candidate_id=1603,PALLAVARAM,IND,0,10th Pass,"Rs 5,95,919 ~ 5 Lacs+",Rs 0 ~
290,621,K. Ulaganathan,https://www.myneta.info/TamilNadu2011/candidate.php?candidate_id=621,THIRUTHURAIPOONDI,CPI,0,10th Pass,"Rs 15,78,286 ~ 15 Lacs+","Rs 20,870 ~ 20 Thou+"
291,1632,K. V. Pakkiri Ambedkar,https://www.myneta.info/TamilNadu2011/candidate.php?candidate_id=1632,THIRUPORUR,JMM(U),0,Not Given,https://myneta.info/image_v2.php?myneta_folder=TamilNadu2011&candidate_id=1632&col=ta,https://myneta.info/image_v2.php?myneta_folder=TamilNadu2011&candidate_id=1632&col=lia
292,708,K.g.ramesh,https://www.myneta.info/TamilNadu2011/candidate.php?candidate_id=708,TIRUPATTUR,AIADMK,0,12th Pass,"Rs 3,27,73,473 ~ 3 Crore+","Rs 6,37,00,653 ~ 6 Crore+"
293,309,K.ghayathri Devi,https://www.myneta.info/TamilNadu2011/candidate.php?candidate_id=309,ALANDUR,INC,0,Graduate Professional,"Rs 3,59,98,923 ~ 3 Crore+","Rs 13,86,237 ~ 13 Lacs+"
294,313,K.jayakumar,https://www.myneta.info/TamilNadu2011/candidate.php?candidate_id=313,MADURANTAKAM,INC,0,Post Graduate,https://myneta.info/image_v2.php?myneta_folder=TamilNadu2011&candidate_id=313&col=ta,https://myneta.info/image_v2.php?myneta_folder=TamilNadu2011&candidate_id=313&col=lia
295,701,K.k.c.balu,https://www.myneta.info/TamilNadu2011/candidate.php?candidate_id=701,PERUNDURAI,KMK,0,Graduate,"Rs 2,97,56,303 ~ 2 Crore+","Rs 98,90,913 ~ 98 Lacs+"
296,476,K.k.s.s.r.ramachandran,https://www.myneta.info/TamilNadu2011/candidate.php?candidate_id=476,ARUPPUKKOTTAI,DMK,0,8th Pass,"Rs 3,95,89,739 ~ 3 Crore+","Rs 1,33,76,817 ~ 1 Crore+"
297,1075,K.kuppan,https://www.myneta.info/TamilNadu2011/candidate.php?candidate_id=1075,THIRUVOTTIYUR,IND,0,Illiterate,https://myneta.info/image_v2.php?myneta_folder=TamilNadu2011&candidate_id=1075&col=ta,https://myneta.info/image_v2.php?myneta_folder=TamilNadu2011&candidate_id=1075&col=lia
298,238,K.l.ilavazhagan,https://www.myneta.info/TamilNadu2011/candidate.php?candidate_id=238, ARCOT,PMK,0,10th Pass,"Rs 40,38,878 ~ 40 Lacs+","Rs 3,70,000 ~ 3 Lacs+"
299,160,K.lingamuthu,https://www.myneta.info/TamilNadu2011/candidate.php?candidate_id=160,GUDIYATTAM,CPI,0,10th Pass,"Rs 18,76,000 ~ 18 Lacs+","Rs 66,000 ~ 66 Thou+"
300,2148,K.m.kalemuthu,https://www.myneta.info/TamilNadu2011/candidate.php?candidate_id=2148,PERAVURANI,IND,0,10th Pass,https://myneta.info/image_v2.php?myneta_folder=TamilNadu2011&candidate_id=2148&col=ta,https://myneta.info/image_v2.php?myneta_folder=TamilNadu2011&candidate_id=2148&col=lia
301,652,K.mahendran,https://www.myneta.info/TamilNadu2011/candidate.php?candidate_id=652,PERAVURANI,INC,0,Graduate,"Rs 2,97,000 ~ 2 Lacs+",Rs 0 ~
302,401,K.manoharan,https://www.myneta.info/TamilNadu2011/candidate.php?candidate_id=401,THIRUPORUR,AIADMK,0,5th Pass,"Rs 2,97,82,000 ~ 2 Crore+",Rs 0 ~
303,2151,K.muthukumaran,https://www.myneta.info/TamilNadu2011/candidate.php?candidate_id=2151,THANJAVUR,IND,0,10th Pass,https://myneta.info/image_v2.php?myneta_folder=TamilNadu2011&candidate_id=2151&col=ta,https://myneta.info/image_v2.php?myneta_folder=TamilNadu2011&candidate_id=2151&col=lia
304,532,K.n.nehru,https://www.myneta.info/TamilNadu2011/candidate.php?candidate_id=532,TIRUCHIRAPPALLI (WEST),DMK,0,Graduate Professional,"Rs 17,77,79,731 ~ 17 Crore+","Rs 10,09,78,794 ~ 10 Crore+"
305,663,K.n.seharan,https://www.myneta.info/TamilNadu2011/candidate.php?candidate_id=663,THIRUVERUMBUR,DMK,0,12th Pass,"Rs 1,64,88,904 ~ 1 Crore+",Rs 0 ~
306,751,K.nithiyanandan,https://www.myneta.info/TamilNadu2011/candidate.php?candidate_id=751,POLLACHI,KMK,0,Graduate Professional,https://myneta.info/image_v2.php?myneta_folder=TamilNadu2011&candidate_id=751&col=ta,https://myneta.info/image_v2.php?myneta_folder=TamilNadu2011&candidate_id=751&col=lia
307,341,K.p Anbalagan,https://www.myneta.info/TamilNadu2011/candidate.php?candidate_id=341,PALACODU,AIADMK,0,12th Pass,"Rs 1,54,09,083 ~ 1 Crore+","Rs 30,36,488 ~ 30 Lacs+"
308,409,K.p. Nagarajan,https://www.myneta.info/TamilNadu2011/candidate.php?candidate_id=409,MAILAM,AIADMK,0,10th Pass,"Rs 21,05,500 ~ 21 Lacs+","Rs 22,69,500 ~ 22 Lacs+"
309,347,K.p. Paramasivam,https://www.myneta.info/TamilNadu2011/candidate.php?candidate_id=347,PALLADAM,AIADMK,0,8th Pass,https://myneta.info/image_v2.php?myneta_folder=TamilNadu2011&candidate_id=347&col=ta,https://myneta.info/image_v2.php?myneta_folder=TamilNadu2011&candidate_id=347&col=lia
310,394,K.p.kandan,https://www.myneta.info/TamilNadu2011/candidate.php?candidate_id=394,SHOZHINGANALLUR,AIADMK,0,8th Pass,"Rs 21,57,80,571 ~ 21 Crore+",Rs 0 ~
311,598,K.p.kandasamy,https://www.myneta.info/TamilNadu2011/candidate.php?candidate_id=598,PENNAGARAM,BJP,0,8th Pass,"Rs 2,92,500 ~ 2 Lacs+",Rs 0 ~
312,268,K.p.munusamy,https://www.myneta.info/TamilNadu2011/candidate.php?candidate_id=268,KRISHNAGIRI,AIADMK,0,Graduate Professional,https://myneta.info/image_v2.php?myneta_folder=TamilNadu2011&candidate_id=268&col=ta,https://myneta.info/image_v2.php?myneta_folder=TamilNadu2011&candidate_id=268&col=lia
313,534,K.p.p. Sami,https://www.myneta.info/TamilNadu2011/candidate.php?candidate_id=534,THIRUVOTTIYUR,DMK,0,8th Pass,"Rs 83,27,121 ~ 83 Lacs+","Rs 72,13,488 ~ 72 Lacs+"
314,732,K.s.narendiran,https://www.myneta.info/TamilNadu2011/candidate.php?candidate_id=732,THALLI,BJP,0,Graduate,"Rs 1,14,41,437 ~ 1 Crore+",Rs 0 ~
315,1328,K.sathyamoorthy,https://www.myneta.info/TamilNadu2011/candidate.php?candidate_id=1328,CHIDAMBARAM,IND,0,12th Pass,https://myneta.info/image_v2.php?myneta_folder=TamilNadu2011&candidate_id=1328&col=ta,https://myneta.info/image_v2.php?myneta_folder=TamilNadu2011&candidate_id=1328&col=lia
316,273,K.t. Rajendra Balaji,https://www.myneta.info/TamilNadu2011/candidate.php?candidate_id=273,SIVAKASI,AIADMK,0,10th Pass,"Rs 50,85,615 ~ 50 Lacs+","Rs 1,39,020 ~ 1 Lacs+"
317,250,K.t.pachaimal,https://www.myneta.info/TamilNadu2011/candidate.php?candidate_id=250,KANNIYAKUMARI,AIADMK,0,12th Pass,"Rs 83,23,604 ~ 83 Lacs+","Rs 26,65,322 ~ 26 Lacs+"
318,569,K.t.raghavan,https://www.myneta.info/TamilNadu2011/candidate.php?candidate_id=569,CHENGALPATTU,BJP,0,Graduate Professional,https://myneta.info/image_v2.php?myneta_folder=TamilNadu2011&candidate_id=569&col=ta,https://myneta.info/image_v2.php?myneta_folder=TamilNadu2011&candidate_id=569&col=lia
319,2691,K.v.ramesh,https://www.myneta.info/TamilNadu2011/candidate.php?candidate_id=2691,TIRUPATTUR,IND,0,10th Pass,"Rs 2,91,000 ~ 2 Lacs+","Rs 18,000 ~ 18 Thou+"
320,740,K.v.thangkabalu,https://www.myneta.info/TamilNadu2011/candidate.php?candidate_id=740,MYLAPORE,INC,0,Post Graduate,"Rs 9,33,41,806 ~ 9 Crore+","Rs 2,27,59,054 ~ 2 Crore+"
321,263,Kadambur Raju C.,https://www.myneta.info/TamilNadu2011/candidate.php?candidate_id=263,KOVILPATTI,AIADMK,0,12th Pass,https://myneta.info/image_v2.php?myneta_folder=TamilNadu2011&candidate_id=263&col=ta,https://myneta.info/image_v2.php?myneta_folder=TamilNadu2011&candidate_id=263&col=lia
322,475,Kadarkarairaj. A.,https://www.myneta.info/TamilNadu2011/candidate.php?candidate_id=475,SATTUR,DMK,0,10th Pass,"Rs 3,77,63,806 ~ 3 Crore+",Rs 0 ~
323,858,Kalaiarasan.a,https://www.myneta.info/TamilNadu2011/candidate.php?candidate_id=858,ANNA NAGAR,PB,0,8th Pass,"Rs 4,21,000 ~ 4 Lacs+","Rs 50,000 ~ 50 Thou+"
324,236,Kalaiarasan.m,https://www.myneta.info/TamilNadu2011/candidate.php?candidate_id=236,ANAIKATTU,PMK,0,Post Graduate,https://myneta.info/image_v2.php?myneta_folder=TamilNadu2011&candidate_id=236&col=ta,https://myneta.info/image_v2.php?myneta_folder=TamilNadu2011&candidate_id=236&col=lia
325,403,Kalairajan V P,https://www.myneta.info/TamilNadu2011/candidate.php?candidate_id=403,THIYAGARAYANAGAR,AIADMK,0,Post Graduate,"Rs 59,80,538 ~ 59 Lacs+","Rs 2,92,457 ~ 2 Lacs+"
326,2629,Kaliaperumal.v,https://www.myneta.info/TamilNadu2011/candidate.php?candidate_id=2629,ANAIKATTU,IND,0,10th Pass,"Rs 19,88,000 ~ 19 Lacs+",Rs 0 ~
327,725,Kalidoss. V.,https://www.myneta.info/TamilNadu2011/candidate.php?candidate_id=725,SAIDAPET,BJP,0,10th Pass,https://myneta.info/image_v2.php?myneta_folder=TamilNadu2011&candidate_id=725&col=ta,https://myneta.info/image_v2.php?myneta_folder=TamilNadu2011&candidate_id=725&col=lia
328,87,Kamalakannan J,https://www.myneta.info/TamilNadu2011/candidate.php?candidate_id=87,VANDAVASI,DMK,0,10th Pass,"Rs 10,53,000 ~ 10 Lacs+",Rs 0 ~
329,679,Kamatchi,https://www.myneta.info/TamilNadu2011/candidate.php?candidate_id=679,VIRUDHUNAGAR,BJP,0,8th Pass,"Rs 85,17,675 ~ 85 Lacs+",Rs 0 ~
330,159,Kanagaraj E,https://www.myneta.info/TamilNadu2011/candidate.php?candidate_id=159,GUDIYATTAM,IND,0,8th Pass,https://myneta.info/image_v2.php?myneta_folder=TamilNadu2011&candidate_id=159&col=ta,https://myneta.info/image_v2.php?myneta_folder=TamilNadu2011&candidate_id=159&col=lia
331,690,Kanchi.g.v.mathiazhagan,https://www.myneta.info/TamilNadu2011/candidate.php?candidate_id=690,POONMALLAE,INC,0,Post Graduate,"Rs 2,84,75,455 ~ 2 Crore+","Rs 10,23,563 ~ 10 Lacs+"
332,1543,Kandasamy.k,https://www.myneta.info/TamilNadu2011/candidate.php?candidate_id=1543,PERUNDURAI,IND,0,10th Pass,"Rs 40,000 ~ 40 Thou+",Rs 0 ~
333,340,Kandaswamy M N,https://www.myneta.info/TamilNadu2011/candidate.php?candidate_id=340,THONDAMUTHUR,INC,0,Graduate,https://myneta.info/image_v2.php?myneta_folder=TamilNadu2011&candidate_id=340&col=ta,https://myneta.info/image_v2.php?myneta_folder=TamilNadu2011&candidate_id=340&col=lia
334,635,Kandhan R.,https://www.myneta.info/TamilNadu2011/candidate.php?candidate_id=635,THIRUPARANKUNDRAM,BJP,0,5th Pass,"Rs 15,48,188 ~ 15 Lacs+",Rs 0 ~
335,506,Kanimozhi.n.s,https://www.myneta.info/TamilNadu2011/candidate.php?candidate_id=506,MADAVARAM,DMK,0,Graduate Professional,"Rs 2,60,42,161 ~ 2 Crore+","Rs 85,99,407 ~ 85 Lacs+"
336,1305,Kannammal Jagadeesan.tmt,https://www.myneta.info/TamilNadu2011/candidate.php?candidate_id=1305,THONDAMUTHUR,LSP,0,12th Pass,https://myneta.info/image_v2.php?myneta_folder=TamilNadu2011&candidate_id=1305&col=ta,https://myneta.info/image_v2.php?myneta_folder=TamilNadu2011&candidate_id=1305&col=lia
337,691,Kannan,https://www.myneta.info/TamilNadu2011/candidate.php?candidate_id=691,RAMANATHAPURAM,BJP,0,Post Graduate,"Rs 15,11,712 ~ 15 Lacs+",Rs 0 ~
338,64,Kannan P T,https://www.myneta.info/TamilNadu2011/candidate.php?candidate_id=64,ALANDUR,BSP,0,8th Pass,"Rs 22,60,000 ~ 22 Lacs+",Rs 0 ~
339,1461,Kannan.a.c,https://www.myneta.info/TamilNadu2011/candidate.php?candidate_id=1461,PALANI,IND,0,12th Pass,https://myneta.info/image_v2.php?myneta_folder=TamilNadu2011&candidate_id=1461&col=ta,https://myneta.info/image_v2.php?myneta_folder=TamilNadu2011&candidate_id=1461&col=lia
340,855,Kannan.s,https://www.myneta.info/TamilNadu2011/candidate.php?candidate_id=855,ANNA NAGAR,BSP,0,10th Pass,Nil,Rs 0 ~
341,445,Kannappan,https://www.myneta.info/TamilNadu2011/candidate.php?candidate_id=445,KINATHUKADAVU,DMK,0,12th Pass,"Rs 6,96,75,576 ~ 6 Crore+","Rs 1,80,11,724 ~ 1 Crore+"
342,788,Kannimuthu J.s.,https://www.myneta.info/TamilNadu2011/candidate.php?candidate_id=788,PONNERI ,IND,0,8th Pass,https://myneta.info/image_v2.php?myneta_folder=TamilNadu2011&candidate_id=788&col=ta,https://myneta.info/image_v2.php?myneta_folder=TamilNadu2011&candidate_id=788&col=lia
343,143,Karthe,https://www.myneta.info/TamilNadu2011/candidate.php?candidate_id=143,EDAPPADI,PMK,0,Graduate,"Rs 33,88,56,626 ~ 33 Crore+","Rs 12,69,79,588 ~ 12 Crore+"
344,196,Karthik K,https://www.myneta.info/TamilNadu2011/candidate.php?candidate_id=196,KILPENNATHUR,IND,0,12th Pass,"Rs 3,60,000 ~ 3 Lacs+",Rs 0 ~
345,561,Karthikeyan S.,https://www.myneta.info/TamilNadu2011/candidate.php?candidate_id=561,VEDARANYAM,BJP,0,Post Graduate,https://myneta.info/image_v2.php?myneta_folder=TamilNadu2011&candidate_id=561&col=ta,https://myneta.info/image_v2.php?myneta_folder=TamilNadu2011&candidate_id=561&col=lia
346,1421,Karthikeyan.s,https://www.myneta.info/TamilNadu2011/candidate.php?candidate_id=1421,DINDIGUL,IND,0,Others,"Rs 26,000 ~ 26 Thou+",Rs 0 ~
347,128,Karunakaran P,https://www.myneta.info/TamilNadu2011/candidate.php?candidate_id=128,DHARAPURAM,BJP,0,10th Pass,"Rs 2,99,000 ~ 2 Lacs+","Rs 28,000 ~ 28 Thou+"
348,837,Karunanidhi.e,https://www.myneta.info/TamilNadu2011/candidate.php?candidate_id=837,THIRU-VI-KA-NAGAR,BJP,0,10th Pass,https://myneta.info/image_v2.php?myneta_folder=TamilNadu2011&candidate_id=837&col=ta,https://myneta.info/image_v2.php?myneta_folder=TamilNadu2011&candidate_id=837&col=lia
349,363,Karunanithi.k.,https://www.myneta.info/TamilNadu2011/candidate.php?candidate_id=363,THIRUTHURAIPOONDI,IND,0,10th Pass,"Rs 30,000 ~ 30 Thou+",Rs 0 ~
350,85,Karuppasamy A A,https://www.myneta.info/TamilNadu2011/candidate.php?candidate_id=85, AVANASHI,AIADMK,0,Literate,"Rs 5,81,383 ~ 5 Lacs+","Rs 2,70,000 ~ 2 Lacs+"
351,1137,Kathiravan D,https://www.myneta.info/TamilNadu2011/candidate.php?candidate_id=1137,EGMORE,IND,0,Others,https://myneta.info/image_v2.php?myneta_folder=TamilNadu2011&candidate_id=1137&col=ta,https://myneta.info/image_v2.php?myneta_folder=TamilNadu2011&candidate_id=1137&col=lia
352,615,Kathirvel T.,https://www.myneta.info/TamilNadu2011/candidate.php?candidate_id=615,MODAKKURICHI,BJP,0,12th Pass,"Rs 20,01,639 ~ 20 Lacs+","Rs 74,500 ~ 74 Thou+"
353,300,Kittusamy Rn,https://www.myneta.info/TamilNadu2011/candidate.php?candidate_id=300,MODAKKURICHI,AIADMK,0,8th Pass,"Rs 47,44,380 ~ 47 Lacs+","Rs 12,14,429 ~ 12 Lacs+"
354,593,Kotteswaran,https://www.myneta.info/TamilNadu2011/candidate.php?candidate_id=593,KRISHNAGIRI,BJP,0,10th Pass,https://myneta.info/image_v2.php?myneta_folder=TamilNadu2011&candidate_id=593&col=ta,https://myneta.info/image_v2.php?myneta_folder=TamilNadu2011&candidate_id=593&col=lia
355,344,Kovai Thangam,https://www.myneta.info/TamilNadu2011/candidate.php?candidate_id=344,VALPARAI,INC,0,10th Pass,"Rs 3,50,94,049 ~ 3 Crore+","Rs 1,40,71,180 ~ 1 Crore+"
356,467,Kr Periyakaruppan,https://www.myneta.info/TamilNadu2011/candidate.php?candidate_id=467,TIRUPPATTUR,DMK,0,Graduate Professional,"Rs 4,81,53,953 ~ 4 Crore+","Rs 1,21,92,026 ~ 1 Crore+"
357,368,Kr Ramasamy,https://www.myneta.info/TamilNadu2011/candidate.php?candidate_id=368,KARAIKUDI,INC,0,10th Pass,https://myneta.info/image_v2.php?myneta_folder=TamilNadu2011&candidate_id=368&col=ta,https://myneta.info/image_v2.php?myneta_folder=TamilNadu2011&candidate_id=368&col=lia
358,172,Krishnamoorthy S,https://www.myneta.info/TamilNadu2011/candidate.php?candidate_id=172,JAYANKONDAM,BJP,0,10th Pass,"Rs 68,70,759 ~ 68 Lacs+","Rs 9,40,500 ~ 9 Lacs+"
359,248,Krishnamoorthy.s,https://www.myneta.info/TamilNadu2011/candidate.php?candidate_id=248,KALASAPAKKAM,AIADMK,0,Graduate,"Rs 3,13,72,550 ~ 3 Crore+","Rs 1,39,40,099 ~ 1 Crore+"
360,216,Krishnamurthi.k.e,https://www.myneta.info/TamilNadu2011/candidate.php?candidate_id=216,BARGUR,AIADMK,0,10th Pass,https://myneta.info/image_v2.php?myneta_folder=TamilNadu2011&candidate_id=216&col=ta,https://myneta.info/image_v2.php?myneta_folder=TamilNadu2011&candidate_id=216&col=lia
361,604,Ks Vengatachalam,https://www.myneta.info/TamilNadu2011/candidate.php?candidate_id=604,VEERAPANDI,BJP,0,Graduate,"Rs 4,01,000 ~ 4 Lacs+",Rs 0 ~
362,193,Kumanan R,https://www.myneta.info/TamilNadu2011/candidate.php?candidate_id=193,KAVUNDAMPALAYAM,IND,0,12th Pass,"Rs 16,85,550 ~ 16 Lacs+",Rs 0 ~
363,1283,Kumar P,https://www.myneta.info/TamilNadu2011/candidate.php?candidate_id=1283,METTUPPALAYAM,IND,0,12th Pass,https://myneta.info/image_v2.php?myneta_folder=TamilNadu2011&candidate_id=1283&col=ta,https://myneta.info/image_v2.php?myneta_folder=TamilNadu2011&candidate_id=1283&col=lia
364,67,Kumar R,https://www.myneta.info/TamilNadu2011/candidate.php?candidate_id=67,PALLAVARAM,Lok Satta Party,0,Graduate Professional,"Rs 9,63,074 ~ 9 Lacs+","Rs 1,76,875 ~ 1 Lacs+"
365,526,Kumar.r.,https://www.myneta.info/TamilNadu2011/candidate.php?candidate_id=526,ANDIPATTI,BJP,0,Graduate,"Rs 8,92,049 ~ 8 Lacs+","Rs 20,000 ~ 20 Thou+"
366,1665,Kumaradas.d,https://www.myneta.info/TamilNadu2011/candidate.php?candidate_id=1665,KILLIYOOR,IND,0,Graduate,https://myneta.info/image_v2.php?myneta_folder=TamilNadu2011&candidate_id=1665&col=ta,https://myneta.info/image_v2.php?myneta_folder=TamilNadu2011&candidate_id=1665&col=lia
367,634,Kumaralingam M.,https://www.myneta.info/TamilNadu2011/candidate.php?candidate_id=634,MADURAI NORTH,BJP,0,Graduate,"Rs 1,45,22,998 ~ 1 Crore+","Rs 18,62,000 ~ 18 Lacs+"
368,627,Kumaran.b.,https://www.myneta.info/TamilNadu2011/candidate.php?candidate_id=627,UDHAGAMANDALAM,BJP,0,Post Graduate,"Rs 66,03,000 ~ 66 Lacs+","Rs 1,65,000 ~ 1 Lacs+"
369,1067,Kumaran.p.,https://www.myneta.info/TamilNadu2011/candidate.php?candidate_id=1067,MADAVARAM,IND,0,10th Pass,https://myneta.info/image_v2.php?myneta_folder=TamilNadu2011&candidate_id=1067&col=ta,https://myneta.info/image_v2.php?myneta_folder=TamilNadu2011&candidate_id=1067&col=lia
370,144,Kumaravadivel N S,https://www.myneta.info/TamilNadu2011/candidate.php?candidate_id=144,EGMORE,BJP,0,8th Pass,"Rs 3,09,787 ~ 3 Lacs+","Rs 1,22,000 ~ 1 Lacs+"
371,535,Kuttiyan.c.,https://www.myneta.info/TamilNadu2011/candidate.php?candidate_id=535,NATHAM,BJP,0,5th Pass,"Rs 1,77,500 ~ 1 Lacs+",Rs 0 ~
372,1060,L Jayaramu,https://www.myneta.info/TamilNadu2011/candidate.php?candidate_id=1060,AVADI,IND,0,10th Pass,https://myneta.info/image_v2.php?myneta_folder=TamilNadu2011&candidate_id=1060&col=ta,https://myneta.info/image_v2.php?myneta_folder=TamilNadu2011&candidate_id=1060&col=lia
373,465,L. Venkatesan,https://www.myneta.info/TamilNadu2011/candidate.php?candidate_id=465,TIRUKKOYILUR,DMDK,0,Graduate,"Rs 5,40,69,616 ~ 5 Crore+","Rs 73,91,912 ~ 73 Lacs+"
374,2246,"Lakshmi, M.",https://www.myneta.info/TamilNadu2011/candidate.php?candidate_id=2246,MANNARGUDI ,IND,0,Post Graduate,"Rs 20,26,000 ~ 20 Lacs+",Rs 0 ~
375,224,Larence P,https://www.myneta.info/TamilNadu2011/candidate.php?candidate_id=224,COLACHAL,AIADMK,0,Not Given,https://myneta.info/image_v2.php?myneta_folder=TamilNadu2011&candidate_id=224&col=ta,https://myneta.info/image_v2.php?myneta_folder=TamilNadu2011&candidate_id=224&col=lia
376,1457,Latha.t,https://www.myneta.info/TamilNadu2011/candidate.php?candidate_id=1457,PALANI,IND,0,Not Given,"Rs 8,04,000 ~ 8 Lacs+",Rs 0 ~
377,119,Lazar,https://www.myneta.info/TamilNadu2011/candidate.php?candidate_id=119,COIMBATORE (SOUTH),IND,0,10th Pass,"Rs 94,96,025 ~ 94 Lacs+","Rs 13,99,074 ~ 13 Lacs+"
378,704,Leemarose,https://www.myneta.info/TamilNadu2011/candidate.php?candidate_id=704,VILAVANCODE,CPM,0,Graduate,https://myneta.info/image_v2.php?myneta_folder=TamilNadu2011&candidate_id=704&col=ta,https://myneta.info/image_v2.php?myneta_folder=TamilNadu2011&candidate_id=704&col=lia
379,449,Logeshwari R,https://www.myneta.info/TamilNadu2011/candidate.php?candidate_id=449,BHAVANISAGAR,DMK,0,Post Graduate,"Rs 23,54,344 ~ 23 Lacs+","Rs 15,32,279 ~ 15 Lacs+"
380,225,M C Sampath,https://www.myneta.info/TamilNadu2011/candidate.php?candidate_id=225,CUDDALORE,AIADMK,0,Graduate,"Rs 1,84,84,196 ~ 1 Crore+","Rs 17,53,169 ~ 17 Lacs+"
381,209,M Rajanayagam,https://www.myneta.info/TamilNadu2011/candidate.php?candidate_id=209,ARANTHANGI,AIADMK,0,10th Pass,https://myneta.info/image_v2.php?myneta_folder=TamilNadu2011&candidate_id=209&col=ta,https://myneta.info/image_v2.php?myneta_folder=TamilNadu2011&candidate_id=209&col=lia
382,352,M Rajasekaran,https://www.myneta.info/TamilNadu2011/candidate.php?candidate_id=352,MUSIRI,INC,0,Post Graduate,"Rs 29,56,466 ~ 29 Lacs+","Rs 8,17,357 ~ 8 Lacs+"
383,655,"M,b.sudalaiyandi",https://www.myneta.info/TamilNadu2011/candidate.php?candidate_id=655,SRIVAIKUNTAM,INC,0,Post Graduate,"Rs 1,15,92,777 ~ 1 Crore+","Rs 10,35,000 ~ 10 Lacs+"
384,244,M. Arumugam,https://www.myneta.info/TamilNadu2011/candidate.php?candidate_id=244,VALPARAI,CPI,0,10th Pass,https://myneta.info/image_v2.php?myneta_folder=TamilNadu2011&candidate_id=244&col=ta,https://myneta.info/image_v2.php?myneta_folder=TamilNadu2011&candidate_id=244&col=lia
385,287,M. Gunasekran,https://www.myneta.info/TamilNadu2011/candidate.php?candidate_id=287,MANAMADURAI,AIADMK,0,Graduate,"Rs 41,46,929 ~ 41 Lacs+","Rs 4,39,104 ~ 4 Lacs+"
386,667,M. Jayaraman,https://www.myneta.info/TamilNadu2011/candidate.php?candidate_id=667,VELACHERY,PMK,0,12th Pass,"Rs 67,33,926 ~ 67 Lacs+","Rs 25,89,907 ~ 25 Lacs+"
387,1858,M. Kumar,https://www.myneta.info/TamilNadu2011/candidate.php?candidate_id=1858,MAYILADUTHURAI,IND,0,Graduate,https://myneta.info/image_v2.php?myneta_folder=TamilNadu2011&candidate_id=1858&col=ta,https://myneta.info/image_v2.php?myneta_folder=TamilNadu2011&candidate_id=1858&col=lia
388,424,M. Mahakannan,https://www.myneta.info/TamilNadu2011/candidate.php?candidate_id=424,NANGUNERI,BJP,0,5th Pass,"Rs 4,66,000 ~ 4 Lacs+","Rs 1,10,523 ~ 1 Lacs+"
389,1573,M. Murugan,https://www.myneta.info/TamilNadu2011/candidate.php?candidate_id=1573,CHEYYUR,IJK,0,Graduate,"Rs 77,10,000 ~ 77 Lacs+",Rs 0 ~
390,700,M. Muruganandam,https://www.myneta.info/TamilNadu2011/candidate.php?candidate_id=700,NAGAPATTINAM,BJP,0,10th Pass,https://myneta.info/image_v2.php?myneta_folder=TamilNadu2011&candidate_id=700&col=ta,https://myneta.info/image_v2.php?myneta_folder=TamilNadu2011&candidate_id=700&col=lia
391,278,M. Muthuramalingam,https://www.myneta.info/TamilNadu2011/candidate.php?candidate_id=278,THIRUMANGALAM,AIADMK,0,5th Pass,"Rs 12,38,990 ~ 12 Lacs+",Rs 0 ~
392,299,M. Rajendran,https://www.myneta.info/TamilNadu2011/candidate.php?candidate_id=299,THIRUVARUR,AIADMK,0,5th Pass,"Rs 91,57,335 ~ 91 Lacs+","Rs 16,55,317 ~ 16 Lacs+"
393,293,M. Rengasamy,https://www.myneta.info/TamilNadu2011/candidate.php?candidate_id=293,THANJAVUR,AIADMK,0,Graduate Professional,https://myneta.info/image_v2.php?myneta_folder=TamilNadu2011&candidate_id=293&col=ta,https://myneta.info/image_v2.php?myneta_folder=TamilNadu2011&candidate_id=293&col=lia
394,295,M. Rethinasamy,https://www.myneta.info/TamilNadu2011/candidate.php?candidate_id=295,THIRUVAIYARU,AIADMK,0,10th Pass,"Rs 76,63,000 ~ 76 Lacs+","Rs 54,978 ~ 54 Thou+"
395,304,M. Sakthi,https://www.myneta.info/TamilNadu2011/candidate.php?candidate_id=304,SIRKAZHI,AIADMK,0,Post Graduate,"Rs 20,57,600 ~ 20 Lacs+","Rs 8,30,000 ~ 8 Lacs+"
396,2,M. Subramaniam,https://www.myneta.info/TamilNadu2011/candidate.php?candidate_id=2,MANACHANALLUR,BJP,0,Graduate Professional,https://myneta.info/image_v2.php?myneta_folder=TamilNadu2011&candidate_id=2&col=ta,https://myneta.info/image_v2.php?myneta_folder=TamilNadu2011&candidate_id=2&col=lia
397,533,M. Thangam,https://www.myneta.info/TamilNadu2011/candidate.php?candidate_id=533,TIRUKKOYILUR,DMK,0,Graduate Professional,"Rs 93,77,538 ~ 93 Lacs+",Rs 0 ~
398,479,M. Uma Maheswari,https://www.myneta.info/TamilNadu2011/candidate.php?candidate_id=479,SANKARANKOVIL,DMK,0,Post Graduate,"Rs 2,70,86,512 ~ 2 Crore+",Rs 0 ~
399,442,M. Veeragopal,https://www.myneta.info/TamilNadu2011/candidate.php?candidate_id=442,COIMBATORE (NORTH),DMK,0,10th Pass,https://myneta.info/image_v2.php?myneta_folder=TamilNadu2011&candidate_id=442&col=ta,https://myneta.info/image_v2.php?myneta_folder=TamilNadu2011&candidate_id=442&col=lia
400,2679,"M.bhavani,",https://www.myneta.info/TamilNadu2011/candidate.php?candidate_id=2679,SHOLINGUR,PB,0,10th Pass,Nil,Rs 0 ~
401,528,M.ganapathy,https://www.myneta.info/TamilNadu2011/candidate.php?candidate_id=528,PERIYAKULAM,BJP,0,Others,"Rs 9,50,200 ~ 9 Lacs+",Rs 0 ~
402,234,M.ilanchezhian,https://www.myneta.info/TamilNadu2011/candidate.php?candidate_id=234,SHOLAVANDAN,PMK,0,8th Pass,https://myneta.info/image_v2.php?myneta_folder=TamilNadu2011&candidate_id=234&col=ta,https://myneta.info/image_v2.php?myneta_folder=TamilNadu2011&candidate_id=234&col=lia
403,378,M.k.selvaraju,https://www.myneta.info/TamilNadu2011/candidate.php?candidate_id=378,SALEM (SOUTH),AIADMK,0,12th Pass,"Rs 45,99,114 ~ 45 Lacs+",Rs 0 ~
404,555,M.kalimuthu,https://www.myneta.info/TamilNadu2011/candidate.php?candidate_id=555,POLLACHI,BSP,0,5th Pass,"Rs 2,65,621 ~ 2 Lacs+","Rs 21,500 ~ 21 Thou+"
405,213,M.karunanidhi,https://www.myneta.info/TamilNadu2011/candidate.php?candidate_id=213,THIRUVARUR,DMK,0,10th Pass,https://myneta.info/image_v2.php?myneta_folder=TamilNadu2011&candidate_id=213&col=ta,https://myneta.info/image_v2.php?myneta_folder=TamilNadu2011&candidate_id=213&col=lia
406,1334,M.muruganandam,https://www.myneta.info/TamilNadu2011/candidate.php?candidate_id=1334,KATTUMANNARKOIL,IND,0,Post Graduate,"Rs 51,000 ~ 51 Thou+",Rs 0 ~
407,323,M.p.s.sivasubiramanian,https://www.myneta.info/TamilNadu2011/candidate.php?candidate_id=323,NEYVELI,AIADMK,0,12th Pass,"Rs 61,62,644 ~ 61 Lacs+","Rs 1,52,535 ~ 1 Lacs+"
408,672,M.p.sankar,https://www.myneta.info/TamilNadu2011/candidate.php?candidate_id=672,TINDIVANAM,PMK,0,Graduate,https://myneta.info/image_v2.php?myneta_folder=TamilNadu2011&candidate_id=672&col=ta,https://myneta.info/image_v2.php?myneta_folder=TamilNadu2011&candidate_id=672&col=lia
409,570,M.perumal,https://www.myneta.info/TamilNadu2011/candidate.php?candidate_id=570,KANCHEEPURAM,BJP,0,12th Pass,"Rs 51,01,365 ~ 51 Lacs+","Rs 6,30,000 ~ 6 Lacs+"
410,513,M.prabhaharan,https://www.myneta.info/TamilNadu2011/candidate.php?candidate_id=513,PERAMBALUR,DMK,0,Graduate Professional,"Rs 1,92,51,688 ~ 1 Crore+","Rs 61,25,992 ~ 61 Lacs+"
411,331,M.r Sundram,https://www.myneta.info/TamilNadu2011/candidate.php?candidate_id=331,TIRUCHENGODU,INC,0,8th Pass,https://myneta.info/image_v2.php?myneta_folder=TamilNadu2011&candidate_id=331&col=ta,https://myneta.info/image_v2.php?myneta_folder=TamilNadu2011&candidate_id=331&col=lia
412,644,M.r.gandhi,https://www.myneta.info/TamilNadu2011/candidate.php?candidate_id=644,KANNIYAKUMARI,BJP,0,12th Pass,"Rs 22,16,000 ~ 22 Lacs+",Rs 0 ~
413,676,M.r.k. Panneerselvam,https://www.myneta.info/TamilNadu2011/candidate.php?candidate_id=676,KURINJIPADI,DMK,0,Graduate Professional,"Rs 6,14,45,620 ~ 6 Crore+","Rs 57,12,058 ~ 57 Lacs+"
414,639,M.rajendran,https://www.myneta.info/TamilNadu2011/candidate.php?candidate_id=639,SIVAGANGA,BJP,0,Literate,https://myneta.info/image_v2.php?myneta_folder=TamilNadu2011&candidate_id=639&col=ta,https://myneta.info/image_v2.php?myneta_folder=TamilNadu2011&candidate_id=639&col=lia
415,1079,M.ramakrishnan,https://www.myneta.info/TamilNadu2011/candidate.php?candidate_id=1079,ALANDUR,IND,0,8th Pass,"Rs 2,82,500 ~ 2 Lacs+",Rs 0 ~
416,360,M.ramkumar,https://www.myneta.info/TamilNadu2011/candidate.php?candidate_id=360,PAPANASAM,INC,0,Post Graduate,"Rs 82,32,997 ~ 82 Lacs+","Rs 16,80,250 ~ 16 Lacs+"
417,1871,M.rani,https://www.myneta.info/TamilNadu2011/candidate.php?candidate_id=1871,VEDARANYAM,IND,0,12th Pass,https://myneta.info/image_v2.php?myneta_folder=TamilNadu2011&candidate_id=1871&col=ta,https://myneta.info/image_v2.php?myneta_folder=TamilNadu2011&candidate_id=1871&col=lia
418,545,M.s. Lohithasan,https://www.myneta.info/TamilNadu2011/candidate.php?candidate_id=545,LALGUDI,BJP,0,Post Graduate,"Rs 7,99,000 ~ 7 Lacs+","Rs 3,50,000 ~ 3 Lacs+"
419,374,M.s.m. Anandan,https://www.myneta.info/TamilNadu2011/candidate.php?candidate_id=374,TIRUPPUR (NORTH),AIADMK,0,10th Pass,"Rs 1,15,06,510 ~ 1 Crore+","Rs 4,37,650 ~ 4 Lacs+"
420,552,M.s.ramalingam,https://www.myneta.info/TamilNadu2011/candidate.php?candidate_id=552,THANJAVUR,BJP,0,12th Pass,https://myneta.info/image_v2.php?myneta_folder=TamilNadu2011&candidate_id=552&col=ta,https://myneta.info/image_v2.php?myneta_folder=TamilNadu2011&candidate_id=552&col=lia
421,283,M.v. Karuppaiah,https://www.myneta.info/TamilNadu2011/candidate.php?candidate_id=283,SHOLAVANDAN,AIADMK,0,Post Graduate,"Rs 60,99,814 ~ 60 Lacs+","Rs 23,50,000 ~ 23 Lacs+"
422,2673,M.v.rajan @ Ambedrajan,https://www.myneta.info/TamilNadu2011/candidate.php?candidate_id=2673,RANIPET,PB,0,Graduate,"Rs 2,69,000 ~ 2 Lacs+",Rs 0 ~
423,1080,M.v.rajendra Babu,https://www.myneta.info/TamilNadu2011/candidate.php?candidate_id=1080,ALANDUR,IND,0,10th Pass,https://myneta.info/image_v2.php?myneta_folder=TamilNadu2011&candidate_id=1080&col=ta,https://myneta.info/image_v2.php?myneta_folder=TamilNadu2011&candidate_id=1080&col=lia
424,1680,M.vijayakumar,https://www.myneta.info/TamilNadu2011/candidate.php?candidate_id=1680,PADMANABHAPURAM,IND,0,8th Pass,"Rs 3,16,000 ~ 3 Lacs+",Rs 0 ~
425,623,M.viswanathan,https://www.myneta.info/TamilNadu2011/candidate.php?candidate_id=623,UDUMALAIPETTAI,BJP,0,Graduate,"Rs 3,39,71,843 ~ 3 Crore+","Rs 10,67,441 ~ 10 Lacs+"
426,105,Madheswaran S,https://www.myneta.info/TamilNadu2011/candidate.php?candidate_id=105,ATTUR,AIADMK,0,10th Pass,https://myneta.info/image_v2.php?myneta_folder=TamilNadu2011&candidate_id=105&col=ta,https://myneta.info/image_v2.php?myneta_folder=TamilNadu2011&candidate_id=105&col=lia
427,50,Mageshkumar M,https://www.myneta.info/TamilNadu2011/candidate.php?candidate_id=50,SAIDAPET,DMK,0,Graduate,"Rs 8,90,95,090 ~ 8 Crore+","Rs 1,14,30,192 ~ 1 Crore+"
428,2006,Mageswaran.k,https://www.myneta.info/TamilNadu2011/candidate.php?candidate_id=2006,ATTUR,IND,0,10th Pass,"Rs 57,500 ~ 57 Thou+","Rs 20,000 ~ 20 Thou+"
429,859,Mahalakshmi.k,https://www.myneta.info/TamilNadu2011/candidate.php?candidate_id=859,ANNA NAGAR,IJK,0,8th Pass,https://myneta.info/image_v2.php?myneta_folder=TamilNadu2011&candidate_id=859&col=ta,https://myneta.info/image_v2.php?myneta_folder=TamilNadu2011&candidate_id=859&col=lia
430,611,Mahalingam P,https://www.myneta.info/TamilNadu2011/candidate.php?candidate_id=611,KILVELUR,CPM,0,Graduate Professional,"Rs 4,11,464 ~ 4 Lacs+",Rs 0 ~
431,638,Mahalingam. Siva.,https://www.myneta.info/TamilNadu2011/candidate.php?candidate_id=638,TIRUVADANAI,BJP,0,Graduate,"Rs 5,91,000 ~ 5 Lacs+","Rs 52,800 ~ 52 Thou+"
432,108,Mahendran K S,https://www.myneta.info/TamilNadu2011/candidate.php?candidate_id=108,BHAVANI,PMK,0,Literate,https://myneta.info/image_v2.php?myneta_folder=TamilNadu2011&candidate_id=108&col=ta,https://myneta.info/image_v2.php?myneta_folder=TamilNadu2011&candidate_id=108&col=lia
433,491,Mahesh R.,https://www.myneta.info/TamilNadu2011/candidate.php?candidate_id=491,NAGERCOIL,IND,0,8th Pass,"Rs 87,300 ~ 87 Thou+",Rs 0 ~
434,114,Malaravan T,https://www.myneta.info/TamilNadu2011/candidate.php?candidate_id=114,COIMBATORE (NORTH),AIADMK,0,Not Given,"Rs 1,55,22,535 ~ 1 Crore+",Rs 0 ~
435,2025,Mani.r.,https://www.myneta.info/TamilNadu2011/candidate.php?candidate_id=2025,METTUR,IND,0,10th Pass,https://myneta.info/image_v2.php?myneta_folder=TamilNadu2011&candidate_id=2025&col=ta,https://myneta.info/image_v2.php?myneta_folder=TamilNadu2011&candidate_id=2025&col=lia
436,453,Manimaran M.,https://www.myneta.info/TamilNadu2011/candidate.php?candidate_id=453,THIRUMANGALAM,DMK,0,5th Pass,"Rs 70,30,392 ~ 70 Lacs+",Rs 0 ~
437,200,Manimaran.r,https://www.myneta.info/TamilNadu2011/candidate.php?candidate_id=200,POONMALLAE,AIADMK,0,Graduate,"Rs 23,70,500 ~ 23 Lacs+","Rs 2,00,000 ~ 2 Lacs+"
438,1210,Manimaran.s,https://www.myneta.info/TamilNadu2011/candidate.php?candidate_id=1210,SAIDAPET,IND,0,10th Pass,https://myneta.info/image_v2.php?myneta_folder=TamilNadu2011&candidate_id=1210&col=ta,https://myneta.info/image_v2.php?myneta_folder=TamilNadu2011&candidate_id=1210&col=lia
439,220,Manimekalai.a,https://www.myneta.info/TamilNadu2011/candidate.php?candidate_id=220,PONNERI ,DMK,0,Post Graduate,"Rs 50,56,168 ~ 50 Lacs+","Rs 4,00,000 ~ 4 Lacs+"
440,609,Manoharan.k.,https://www.myneta.info/TamilNadu2011/candidate.php?candidate_id=609,PARAMATHI-VELUR,BJP,0,Graduate Professional,"Rs 21,58,276 ~ 21 Lacs+",Rs 0 ~
441,346,Manoranjitham,https://www.myneta.info/TamilNadu2011/candidate.php?candidate_id=346,UTHANGARAI,AIADMK,0,Not Given,https://myneta.info/image_v2.php?myneta_folder=TamilNadu2011&candidate_id=346&col=ta,https://myneta.info/image_v2.php?myneta_folder=TamilNadu2011&candidate_id=346&col=lia
442,879,Manssoor Ali Khan.a,https://www.myneta.info/TamilNadu2011/candidate.php?candidate_id=879,ALANDUR,Makkal Manadu Katchi,0,Graduate,"Rs 76,28,042 ~ 76 Lacs+",Rs 0 ~
443,1298,Mariappan Dr M,https://www.myneta.info/TamilNadu2011/candidate.php?candidate_id=1298,SULUR,IND,0,Graduate Professional,"Rs 66,83,138 ~ 66 Lacs+","Rs 35,00,000 ~ 35 Lacs+"
444,136,Marimuthu,https://www.myneta.info/TamilNadu2011/candidate.php?candidate_id=136,DR.RADHAKRISHNAN NAGAR,IND,0,5th Pass,https://myneta.info/image_v2.php?myneta_folder=TamilNadu2011&candidate_id=136&col=ta,https://myneta.info/image_v2.php?myneta_folder=TamilNadu2011&candidate_id=136&col=lia
445,397,Mariyampitchai,https://www.myneta.info/TamilNadu2011/candidate.php?candidate_id=397,TIRUCHIRAPPALLI (WEST),AIADMK,0,Graduate,"Rs 1,91,88,646 ~ 1 Crore+",Rs 0 ~
446,728,Masanamuthu,https://www.myneta.info/TamilNadu2011/candidate.php?candidate_id=728,VILLIVAKKAM,BJP,0,8th Pass,"Rs 99,55,000 ~ 99 Lacs+","Rs 73,00,000 ~ 73 Lacs+"
447,153,Mathialagan G,https://www.myneta.info/TamilNadu2011/candidate.php?candidate_id=153,GANGAVALLI,BJP,0,Graduate,https://myneta.info/image_v2.php?myneta_folder=TamilNadu2011&candidate_id=153&col=ta,https://myneta.info/image_v2.php?myneta_folder=TamilNadu2011&candidate_id=153&col=lia
448,2092,Mathiazhagan.k,https://www.myneta.info/TamilNadu2011/candidate.php?candidate_id=2092,VEERAPANDI,IND,0,8th Pass,"Rs 4,81,000 ~ 4 Lacs+",Rs 0 ~
449,496,Mathivanan U,https://www.myneta.info/TamilNadu2011/candidate.php?candidate_id=496,KILVELUR,DMK,0,Graduate Professional,"Rs 15,78,942 ~ 15 Lacs+","Rs 3,81,939 ~ 3 Lacs+"
450,342,Mayura Jayakumar,https://www.myneta.info/TamilNadu2011/candidate.php?candidate_id=342,SINGANALLUR,INC,0,Post Graduate,https://myneta.info/image_v2.php?myneta_folder=TamilNadu2011&candidate_id=342&col=ta,https://myneta.info/image_v2.php?myneta_folder=TamilNadu2011&candidate_id=342&col=lia
451,648,Meera Devi.p,https://www.myneta.info/TamilNadu2011/candidate.php?candidate_id=648,SIVAKASI,BJP,0,10th Pass,"Rs 13,80,400 ~ 13 Lacs+",Rs 0 ~
452,1068,Meganathan.s.,https://www.myneta.info/TamilNadu2011/candidate.php?candidate_id=1068,MADAVARAM,IND,0,8th Pass,"Rs 65,000 ~ 65 Thou+",Rs 0 ~
453,463,Michel  Rayappan S.,https://www.myneta.info/TamilNadu2011/candidate.php?candidate_id=463,RADHAPURAM,DMDK,0,12th Pass,https://myneta.info/image_v2.php?myneta_folder=TamilNadu2011&candidate_id=463&col=ta,https://myneta.info/image_v2.php?myneta_folder=TamilNadu2011&candidate_id=463&col=lia
454,147,Minnal Murugash,https://www.myneta.info/TamilNadu2011/candidate.php?candidate_id=147,ERODE (EAST),IND,0,5th Pass,"Rs 25,000 ~ 25 Thou+",Rs 0 ~
455,71,Minnal Srinivasan,https://www.myneta.info/TamilNadu2011/candidate.php?candidate_id=71,TAMBARAM,IND,0,Post Graduate,"Rs 2,10,000 ~ 2 Lacs+",Rs 0 ~
456,818,Mohamed Abbas.s,https://www.myneta.info/TamilNadu2011/candidate.php?candidate_id=818,AMBATTUR,BSP,0,Graduate,https://myneta.info/image_v2.php?myneta_folder=TamilNadu2011&candidate_id=818&col=ta,https://myneta.info/image_v2.php?myneta_folder=TamilNadu2011&candidate_id=818&col=lia
457,2758,Mohamed Ali Jinna. M,https://www.myneta.info/TamilNadu2011/candidate.php?candidate_id=2758,VILLUPURAM,IND,0,8th Pass,"Rs 75,000 ~ 75 Thou+",Rs 0 ~
458,165,Mohamed Hussain,https://www.myneta.info/TamilNadu2011/candidate.php?candidate_id=165,HARBOUR ,SDPI,0,8th Pass,"Rs 19,681 ~ 19 Thou+",Rs 0 ~
459,687,Mohamed Sheik Dawood,https://www.myneta.info/TamilNadu2011/candidate.php?candidate_id=687,NAGAPATTINAM,DMK,0,Others,https://myneta.info/image_v2.php?myneta_folder=TamilNadu2011&candidate_id=687&col=ta,https://myneta.info/image_v2.php?myneta_folder=TamilNadu2011&candidate_id=687&col=lia
460,972,Mohamed Tharik .m .y,https://www.myneta.info/TamilNadu2011/candidate.php?candidate_id=972,POOMPUHAR,SDPI,0,8th Pass,"Rs 7,64,900 ~ 7 Lacs+",Rs 0 ~
461,675,Mohamedyousuf,https://www.myneta.info/TamilNadu2011/candidate.php?candidate_id=675,ULUNDURPETTAI,VCK,0,12th Pass,"Rs 2,36,91,066 ~ 2 Crore+","Rs 26,41,300 ~ 26 Lacs+"
462,1013,Mohammed Iliyas,https://www.myneta.info/TamilNadu2011/candidate.php?candidate_id=1013,VANIYAMBADI,IND,0,Graduate,https://myneta.info/image_v2.php?myneta_folder=TamilNadu2011&candidate_id=1013&col=ta,https://myneta.info/image_v2.php?myneta_folder=TamilNadu2011&candidate_id=1013&col=lia
463,600,Mohan D.,https://www.myneta.info/TamilNadu2011/candidate.php?candidate_id=600,SALEM (NORTH),BJP,0,12th Pass,"Rs 1,04,50,000 ~ 1 Crore+","Rs 10,00,000 ~ 10 Lacs+"
464,1197,Mohan. S,https://www.myneta.info/TamilNadu2011/candidate.php?candidate_id=1197,ROYAPURAM,IND,0,12th Pass,"Rs 10,000 ~ 10 Thou+",Rs 0 ~
465,2523,Mohmedamanulla. M,https://www.myneta.info/TamilNadu2011/candidate.php?candidate_id=2523,TIRUPPUR (SOUTH),SDPI,0,5th Pass,https://myneta.info/image_v2.php?myneta_folder=TamilNadu2011&candidate_id=2523&col=ta,https://myneta.info/image_v2.php?myneta_folder=TamilNadu2011&candidate_id=2523&col=lia
466,451,Moorthy P.,https://www.myneta.info/TamilNadu2011/candidate.php?candidate_id=451,MADURAI EAST,DMK,0,10th Pass,"Rs 1,80,38,799 ~ 1 Crore+","Rs 40,00,000 ~ 40 Lacs+"
467,281,Moorthy.v.,https://www.myneta.info/TamilNadu2011/candidate.php?candidate_id=281,MADAVARAM,AIADMK,0,Graduate,"Rs 2,72,76,503 ~ 2 Crore+","Rs 3,50,000 ~ 3 Lacs+"
468,562,Mrs.karpagam,https://www.myneta.info/TamilNadu2011/candidate.php?candidate_id=562,NEYVELI,BJP,0,Post Graduate,https://myneta.info/image_v2.php?myneta_folder=TamilNadu2011&candidate_id=562&col=ta,https://myneta.info/image_v2.php?myneta_folder=TamilNadu2011&candidate_id=562&col=lia
469,441,Mujupur Rehman,https://www.myneta.info/TamilNadu2011/candidate.php?candidate_id=441,TIRUVADANAI,DMDK,0,5th Pass,"Rs 47,37,866 ~ 47 Lacs+","Rs 16,63,639 ~ 16 Lacs+"
470,222,Mukkur Thiru N. Subramanian,https://www.myneta.info/TamilNadu2011/candidate.php?candidate_id=222,CHEYYAR,AIADMK,0,12th Pass,"Rs 34,65,000 ~ 34 Lacs+","Rs 2,00,000 ~ 2 Lacs+"
471,575,Muniammal Kaniamuthan,https://www.myneta.info/TamilNadu2011/candidate.php?candidate_id=575,UTHANGARAI,VCK,0,10th Pass,https://myneta.info/image_v2.php?myneta_folder=TamilNadu2011&candidate_id=575&col=ta,https://myneta.info/image_v2.php?myneta_folder=TamilNadu2011&candidate_id=575&col=lia
472,780,Munikrishnan.g,https://www.myneta.info/TamilNadu2011/candidate.php?candidate_id=780,GUMMIDIPOONDI ,JMM,0,10th Pass,"Rs 42,80,000 ~ 42 Lacs+","Rs 8,50,000 ~ 8 Lacs+"
473,1755,Muniraj. C.,https://www.myneta.info/TamilNadu2011/candidate.php?candidate_id=1755,THALLI,IND,0,Illiterate,"Rs 15,25,800 ~ 15 Lacs+","Rs 1,30,000 ~ 1 Lacs+"
474,421,Murugadass,https://www.myneta.info/TamilNadu2011/candidate.php?candidate_id=421,TIRUNELVELI,BJP,0,10th Pass,https://myneta.info/image_v2.php?myneta_folder=TamilNadu2011&candidate_id=421&col=ta,https://myneta.info/image_v2.php?myneta_folder=TamilNadu2011&candidate_id=421&col=lia
475,606,Murugan.l.,https://www.myneta.info/TamilNadu2011/candidate.php?candidate_id=606,RASIPURAM,BJP,0,Graduate Professional,"Rs 19,10,400 ~ 19 Lacs+",Rs 0 ~
476,2727,Murugan.v,https://www.myneta.info/TamilNadu2011/candidate.php?candidate_id=2727,RISHIVANDIYAM,IND,0,Others,"Rs 8,30,000 ~ 8 Lacs+",Rs 0 ~
477,2552,Murugavel.k,https://www.myneta.info/TamilNadu2011/candidate.php?candidate_id=2552,ARANI,IND,0,Graduate,https://myneta.info/image_v2.php?myneta_folder=TamilNadu2011&candidate_id=2552&col=ta,https://myneta.info/image_v2.php?myneta_folder=TamilNadu2011&candidate_id=2552&col=lia
478,945,Murugavelrajan.k,https://www.myneta.info/TamilNadu2011/candidate.php?candidate_id=945,MANAMADURAI,BSP,0,Graduate Professional,"Rs 9,26,500 ~ 9 Lacs+","Rs 2,08,895 ~ 2 Lacs+"
479,735,Murugesan,https://www.myneta.info/TamilNadu2011/candidate.php?candidate_id=735,VALPARAI,BJP,0,10th Pass,"Rs 63,201 ~ 63 Thou+",Rs 0 ~
480,1690,Murugesan.a,https://www.myneta.info/TamilNadu2011/candidate.php?candidate_id=1690,VILAVANCODE,IND,0,Literate,https://myneta.info/image_v2.php?myneta_folder=TamilNadu2011&candidate_id=1690&col=ta,https://myneta.info/image_v2.php?myneta_folder=TamilNadu2011&candidate_id=1690&col=lia
481,1880,Murugesan.c,https://www.myneta.info/TamilNadu2011/candidate.php?candidate_id=1880,KUMARAPALAYAM,,0,Illiterate,"Rs 1,10,000 ~ 1 Lacs+",Rs 0 ~
482,750,Muthukaruppannasamy M.k.,https://www.myneta.info/TamilNadu2011/candidate.php?candidate_id=750,POLLACHI,AIADMK,0,Post Graduate,"Rs 61,75,665 ~ 61 Lacs+","Rs 15,50,000 ~ 15 Lacs+"
483,430,Muthukumar,https://www.myneta.info/TamilNadu2011/candidate.php?candidate_id=430,VRIDDHACHALAM,DMDK,0,Graduate,https://myneta.info/image_v2.php?myneta_folder=TamilNadu2011&candidate_id=430&col=ta,https://myneta.info/image_v2.php?myneta_folder=TamilNadu2011&candidate_id=430&col=lia
484,448,Muthusamy S.,https://www.myneta.info/TamilNadu2011/candidate.php?candidate_id=448,ERODE (EAST),DMK,0,Post Graduate,"Rs 7,62,02,247 ~ 7 Crore+","Rs 3,90,00,000 ~ 3 Crore+"
485,1414,Muthuveeran.m.,https://www.myneta.info/TamilNadu2011/candidate.php?candidate_id=1414,DINDIGUL,RSP,0,5th Pass,"Rs 50,500 ~ 50 Thou+",Rs 0 ~
486,519,N Anand,https://www.myneta.info/TamilNadu2011/candidate.php?candidate_id=519,SRIRANGAM,DMK,0,12th Pass,https://myneta.info/image_v2.php?myneta_folder=TamilNadu2011&candidate_id=519&col=ta,https://myneta.info/image_v2.php?myneta_folder=TamilNadu2011&candidate_id=519&col=lia
487,646,N Balachandran,https://www.myneta.info/TamilNadu2011/candidate.php?candidate_id=646,AMBASAMUDRAM,BJP,0,12th Pass,"Rs 16,14,292 ~ 16 Lacs+","Rs 2,96,108 ~ 2 Lacs+"
488,620,N Point Mani,https://www.myneta.info/TamilNadu2011/candidate.php?candidate_id=620,TIRUPPUR (SOUTH),BJP,0,8th Pass,"Rs 9,66,59,609 ~ 9 Crore+",Rs 0 ~
489,310,N R Sivapathi,https://www.myneta.info/TamilNadu2011/candidate.php?candidate_id=310,MUSIRI,AIADMK,0,Graduate Professional,https://myneta.info/image_v2.php?myneta_folder=TamilNadu2011&candidate_id=310&col=ta,https://myneta.info/image_v2.php?myneta_folder=TamilNadu2011&candidate_id=310&col=lia
490,4,N. Annadurai,https://www.myneta.info/TamilNadu2011/candidate.php?candidate_id=4,SALEM (SOUTH),BJP,0,Others,"Rs 12,13,000 ~ 12 Lacs+",Rs 0 ~
491,572,N. Nanjappan,https://www.myneta.info/TamilNadu2011/candidate.php?candidate_id=572,PENNAGARAM,CPI,0,12th Pass,"Rs 10,35,139 ~ 10 Lacs+","Rs 1,07,321 ~ 1 Lacs+"
492,428,N. Rajakumar,https://www.myneta.info/TamilNadu2011/candidate.php?candidate_id=428,VASUDEVANALLUR,BJP,0,Graduate Professional,https://myneta.info/image_v2.php?myneta_folder=TamilNadu2011&candidate_id=428&col=ta,https://myneta.info/image_v2.php?myneta_folder=TamilNadu2011&candidate_id=428&col=lia
493,2407,N. Rajendran,https://www.myneta.info/TamilNadu2011/candidate.php?candidate_id=2407,ALANGULAM,IND,0,8th Pass,"Rs 1,65,500 ~ 1 Lacs+",Rs 0 ~
494,417,N. Rameswaran,https://www.myneta.info/TamilNadu2011/candidate.php?candidate_id=417,TIRUCHENDUR,BJP,0,Graduate,"Rs 6,38,700 ~ 6 Lacs+",Rs 0 ~
495,461,N. Senthilkumar,https://www.myneta.info/TamilNadu2011/candidate.php?candidate_id=461,PATTUKKOTTAI,DMDK,0,Post Graduate,https://myneta.info/image_v2.php?myneta_folder=TamilNadu2011&candidate_id=461&col=ta,https://myneta.info/image_v2.php?myneta_folder=TamilNadu2011&candidate_id=461&col=lia
496,416,N.d. Venkatachalam,https://www.myneta.info/TamilNadu2011/candidate.php?candidate_id=416,PERUNDURAI,AIADMK,0,Graduate,"Rs 4,26,83,722 ~ 4 Crore+","Rs 20,52,166 ~ 20 Lacs+"
497,2683,N.dhinakaran,https://www.myneta.info/TamilNadu2011/candidate.php?candidate_id=2683,SHOLINGUR,BSP,0,Graduate,"Rs 22,15,000 ~ 22 Lacs+",Rs 0 ~
498,568,N.gopalakrishnan,https://www.myneta.info/TamilNadu2011/candidate.php?candidate_id=568,THIRUPORUR,BJP,0,10th Pass,https://myneta.info/image_v2.php?myneta_folder=TamilNadu2011&candidate_id=568&col=ta,https://myneta.info/image_v2.php?myneta_folder=TamilNadu2011&candidate_id=568&col=lia
499,2345,N.m.neethi Muthu Manal,https://www.myneta.info/TamilNadu2011/candidate.php?candidate_id=2345,MUSIRI,IND,0,8th Pass,"Rs 18,00,000 ~ 18 Lacs+",Rs 0 ~
500,359,N.r.rengarajan,https://www.myneta.info/TamilNadu2011/candidate.php?candidate_id=359,PATTUKKOTTAI,INC,0,10th Pass,"Rs 10,51,66,919 ~ 10 Crore+","Rs 16,66,564 ~ 16 Lacs+"
501,462,N.ramakrishnan,https://www.myneta.info/TamilNadu2011/candidate.php?candidate_id=462,CUMBUM,DMK,0,Post Graduate,https://myneta.info/image_v2.php?myneta_folder=TamilNadu2011&candidate_id=462&col=ta,https://myneta.info/image_v2.php?myneta_folder=TamilNadu2011&candidate_id=462&col=lia
502,888,N.s.r. Santharam,https://www.myneta.info/TamilNadu2011/candidate.php?candidate_id=888,MADURAI SOUTH,BJP,0,12th Pass,"Rs 3,21,000 ~ 3 Lacs+",Rs 0 ~
503,489,N.suresh Rajan,https://www.myneta.info/TamilNadu2011/candidate.php?candidate_id=489,KANNIYAKUMARI,DMK,0,Post Graduate,"Rs 2,21,10,091 ~ 2 Crore+","Rs 90,00,000 ~ 90 Lacs+"
504,2509,N.thangavel,https://www.myneta.info/TamilNadu2011/candidate.php?candidate_id=2509,MADATHUKULAM,IND,0,12th Pass,https://myneta.info/image_v2.php?myneta_folder=TamilNadu2011&candidate_id=2509&col=ta,https://myneta.info/image_v2.php?myneta_folder=TamilNadu2011&candidate_id=2509&col=lia
505,301,N.v. Kamaraj,https://www.myneta.info/TamilNadu2011/candidate.php?candidate_id=301,VEDARANYAM,AIADMK,0,10th Pass,"Rs 1,11,12,239 ~ 1 Crore+","Rs 3,50,254 ~ 3 Lacs+"
506,1234,Nachiappan. S.p.,https://www.myneta.info/TamilNadu2011/candidate.php?candidate_id=1234,THOUSAND LIGHTS,IND,0,Others,"Rs 25,50,000 ~ 25 Lacs+",Rs 0 ~
507,865,Nagadass.k,https://www.myneta.info/TamilNadu2011/candidate.php?candidate_id=865,THIYAGARAYANAGAR,BSP,0,Illiterate,https://myneta.info/image_v2.php?myneta_folder=TamilNadu2011&candidate_id=865&col=ta,https://myneta.info/image_v2.php?myneta_folder=TamilNadu2011&candidate_id=865&col=lia
508,133,Nagakanniga A,https://www.myneta.info/TamilNadu2011/candidate.php?candidate_id=133,DINDIGUL,IND,0,10th Pass,"Rs 7,35,000 ~ 7 Lacs+",Rs 0 ~
509,2211,Nagalakshmi M,https://www.myneta.info/TamilNadu2011/candidate.php?candidate_id=2211,BODINAYAKANUR,IND,0,5th Pass,"Rs 1,87,000 ~ 1 Lacs+",Rs 0 ~
510,1112,Nagaraj. M,https://www.myneta.info/TamilNadu2011/candidate.php?candidate_id=1112,CHEPAUK-THIRUVALLIKENI,IND,0,5th Pass,https://myneta.info/image_v2.php?myneta_folder=TamilNadu2011&candidate_id=1112&col=ta,https://myneta.info/image_v2.php?myneta_folder=TamilNadu2011&candidate_id=1112&col=lia
511,2720,Nagarajan.c,https://www.myneta.info/TamilNadu2011/candidate.php?candidate_id=2720,MAILAM,IND,0,Not Given,"Rs 1,67,000 ~ 1 Lacs+",Rs 0 ~
512,629,Nagarajan.suba.,https://www.myneta.info/TamilNadu2011/candidate.php?candidate_id=629,PARAMAKUDI,BJP,0,10th Pass,"Rs 6,81,626 ~ 6 Lacs+",Rs 0 ~
513,134,Nagendran S,https://www.myneta.info/TamilNadu2011/candidate.php?candidate_id=134,DINDIGUL,IJK,0,8th Pass,https://myneta.info/image_v2.php?myneta_folder=TamilNadu2011&candidate_id=134&col=ta,https://myneta.info/image_v2.php?myneta_folder=TamilNadu2011&candidate_id=134&col=lia
514,1458,Nagethinran. G.,https://www.myneta.info/TamilNadu2011/candidate.php?candidate_id=1458,PALANI,IND,0,5th Pass,"Rs 1,65,000 ~ 1 Lacs+",Rs 0 ~
515,260,Nainar Nagenthran,https://www.myneta.info/TamilNadu2011/candidate.php?candidate_id=260,TIRUNELVELI,AIADMK,0,Graduate,"Rs 8,49,91,980 ~ 8 Crore+","Rs 2,31,76,778 ~ 2 Crore+"
516,1139,Nallathambi B,https://www.myneta.info/TamilNadu2011/candidate.php?candidate_id=1139,EGMORE,IND,0,Others,https://myneta.info/image_v2.php?myneta_folder=TamilNadu2011&candidate_id=1139&col=ta,https://myneta.info/image_v2.php?myneta_folder=TamilNadu2011&candidate_id=1139&col=lia
517,145,Nallathambi K,https://www.myneta.info/TamilNadu2011/candidate.php?candidate_id=145,EGMORE,DMDK,0,10th Pass,"Rs 12,90,873 ~ 12 Lacs+",Rs 0 ~
518,192,Nandakumar,https://www.myneta.info/TamilNadu2011/candidate.php?candidate_id=192,KAVUNDAMPALAYAM,BJP,0,Graduate,"Rs 39,24,759 ~ 39 Lacs+",Rs 0 ~
519,576,Nandan,https://www.myneta.info/TamilNadu2011/candidate.php?candidate_id=576,HARUR,VCK,0,Graduate,https://myneta.info/image_v2.php?myneta_folder=TamilNadu2011&candidate_id=576&col=ta,https://myneta.info/image_v2.php?myneta_folder=TamilNadu2011&candidate_id=576&col=lia
520,737,Nandha Kumar,https://www.myneta.info/TamilNadu2011/candidate.php?candidate_id=737,METTUPPALAYAM,BJP,0,12th Pass,"Rs 26,33,332 ~ 26 Lacs+",Rs 0 ~
521,120,Nandhakumar,https://www.myneta.info/TamilNadu2011/candidate.php?candidate_id=120,COIMBATORE (SOUTH),BJP,0,Post Graduate,"Rs 2,90,25,930 ~ 2 Crore+",Rs 0 ~
522,254,Nanjil A. Murugesan,https://www.myneta.info/TamilNadu2011/candidate.php?candidate_id=254,NAGERCOIL,AIADMK,0,5th Pass,https://myneta.info/image_v2.php?myneta_folder=TamilNadu2011&candidate_id=254&col=ta,https://myneta.info/image_v2.php?myneta_folder=TamilNadu2011&candidate_id=254&col=lia
523,1222,Narasimhan H,https://www.myneta.info/TamilNadu2011/candidate.php?candidate_id=1222,THIYAGARAYANAGAR,IND,0,12th Pass,"Rs 1,20,721 ~ 1 Lacs+",Rs 0 ~
524,109,Narayanan P G,https://www.myneta.info/TamilNadu2011/candidate.php?candidate_id=109,BHAVANI,AIADMK,0,Post Graduate,"Rs 4,12,74,002 ~ 4 Crore+","Rs 5,05,516 ~ 5 Lacs+"
525,1756,Naseeruden. R.,https://www.myneta.info/TamilNadu2011/candidate.php?candidate_id=1756,THALLI,BSP,0,10th Pass,https://myneta.info/image_v2.php?myneta_folder=TamilNadu2011&candidate_id=1756&col=ta,https://myneta.info/image_v2.php?myneta_folder=TamilNadu2011&candidate_id=1756&col=lia
526,182,Nataraj Nsn,https://www.myneta.info/TamilNadu2011/candidate.php?candidate_id=182,KANGAYAM,AIADMK,0,Graduate,"Rs 13,19,97,452 ~ 13 Crore+","Rs 3,56,57,567 ~ 3 Crore+"
527,2723,Natarajan.p,https://www.myneta.info/TamilNadu2011/candidate.php?candidate_id=2723,RISHIVANDIYAM,IJK,0,Graduate Professional,"Rs 1,20,49,014 ~ 1 Crore+","Rs 35,02,741 ~ 35 Lacs+"
528,402,Neelakandanv,https://www.myneta.info/TamilNadu2011/candidate.php?candidate_id=402,THIRU-VI-KA-NAGAR,AIADMK,0,10th Pass,https://myneta.info/image_v2.php?myneta_folder=TamilNadu2011&candidate_id=402&col=ta,https://myneta.info/image_v2.php?myneta_folder=TamilNadu2011&candidate_id=402&col=lia
529,2700,Nivethankumaar.r,https://www.myneta.info/TamilNadu2011/candidate.php?candidate_id=2700,VELLORE,IND,0,Others,"Rs 9,60,523 ~ 9 Lacs+",Rs 0 ~
530,585,P Dilli Babu,https://www.myneta.info/TamilNadu2011/candidate.php?candidate_id=585,HARUR,CPM,0,Graduate,"Rs 12,42,602 ~ 12 Lacs+","Rs 4,04,516 ~ 4 Lacs+"
531,1064,P Govindaraj,https://www.myneta.info/TamilNadu2011/candidate.php?candidate_id=1064,AVADI,IND,0,5th Pass,https://myneta.info/image_v2.php?myneta_folder=TamilNadu2011&candidate_id=1064&col=ta,https://myneta.info/image_v2.php?myneta_folder=TamilNadu2011&candidate_id=1064&col=lia
532,354,P Palaniappan,https://www.myneta.info/TamilNadu2011/candidate.php?candidate_id=354,PAPPIREDDIPPATTI,AIADMK,0,Post Graduate,"Rs 31,79,451 ~ 31 Lacs+","Rs 16,37,888 ~ 16 Lacs+"
533,266,P R Manoharan,https://www.myneta.info/TamilNadu2011/candidate.php?candidate_id=266,TIRUCHENDUR,AIADMK,0,Post Graduate,"Rs 1,06,94,716 ~ 1 Crore+",Rs 0 ~
534,345,P. Ganesan,https://www.myneta.info/TamilNadu2011/candidate.php?candidate_id=345,UTHIRAMERUR,AIADMK,0,5th Pass,https://myneta.info/image_v2.php?myneta_folder=TamilNadu2011&candidate_id=345&col=ta,https://myneta.info/image_v2.php?myneta_folder=TamilNadu2011&candidate_id=345&col=lia
535,206,P. Mohan,https://www.myneta.info/TamilNadu2011/candidate.php?candidate_id=206,SANKARAPURAM,AIADMK,0,Graduate,"Rs 36,10,766 ~ 36 Lacs+","Rs 7,45,000 ~ 7 Lacs+"
536,459,P. Murugesan,https://www.myneta.info/TamilNadu2011/candidate.php?candidate_id=459,CUMBUM,DMDK,0,10th Pass,"Rs 39,07,180 ~ 39 Lacs+","Rs 6,95,000 ~ 6 Lacs+"
537,709,P. Natarajan,https://www.myneta.info/TamilNadu2011/candidate.php?candidate_id=709,SANKARI,BJP,0,8th Pass,https://myneta.info/image_v2.php?myneta_folder=TamilNadu2011&candidate_id=709&col=ta,https://myneta.info/image_v2.php?myneta_folder=TamilNadu2011&candidate_id=709&col=lia
538,1317,P. Panneerselvam,https://www.myneta.info/TamilNadu2011/candidate.php?candidate_id=1317,BHUVANAGIRI,IND,0,Others,"Rs 27,300 ~ 27 Thou+",Rs 0 ~
539,668,P. S. Ulagarakshagan,https://www.myneta.info/TamilNadu2011/candidate.php?candidate_id=668,KANCHEEPURAM,PMK,0,Post Graduate,"Rs 5,45,84,521 ~ 5 Crore+","Rs 29,19,100 ~ 29 Lacs+"
540,774,P. Selvadurai,https://www.myneta.info/TamilNadu2011/candidate.php?candidate_id=774,THIRUTHURAIPOONDI,INC,0,10th Pass,https://myneta.info/image_v2.php?myneta_folder=TamilNadu2011&candidate_id=774&col=ta,https://myneta.info/image_v2.php?myneta_folder=TamilNadu2011&candidate_id=774&col=lia
541,423,P. Sivakolunthu,https://www.myneta.info/TamilNadu2011/candidate.php?candidate_id=423,PANRUTI,DMDK,0,Literate,"Rs 11,30,000 ~ 11 Lacs+","Rs 1,00,000 ~ 1 Lacs+"
542,601,P.balasubramanian,https://www.myneta.info/TamilNadu2011/candidate.php?candidate_id=601,METTUR,BJP,0,Post Graduate,"Rs 8,66,643 ~ 8 Lacs+",Rs 0 ~
543,247,P.chendurpandian,https://www.myneta.info/TamilNadu2011/candidate.php?candidate_id=247,KADAYANALLUR,AIADMK,0,8th Pass,https://myneta.info/image_v2.php?myneta_folder=TamilNadu2011&candidate_id=247&col=ta,https://myneta.info/image_v2.php?myneta_folder=TamilNadu2011&candidate_id=247&col=lia
544,351,P.dhansingh,https://www.myneta.info/TamilNadu2011/candidate.php?candidate_id=351,PALLAVARAM,AIADMK,0,12th Pass,"Rs 91,16,853 ~ 91 Lacs+",Rs 0 ~
545,497,P.kamaraj,https://www.myneta.info/TamilNadu2011/candidate.php?candidate_id=497,KRISHNARAYAPURAM,DMK,0,Graduate Professional,"Rs 1,28,26,599 ~ 1 Crore+","Rs 44,40,901 ~ 44 Lacs+"
546,246,P.l. Sundaram,https://www.myneta.info/TamilNadu2011/candidate.php?candidate_id=246,BHAVANISAGAR,CPI,0,8th Pass,https://myneta.info/image_v2.php?myneta_folder=TamilNadu2011&candidate_id=246&col=ta,https://myneta.info/image_v2.php?myneta_folder=TamilNadu2011&candidate_id=246&col=lia
547,556,P.l.annamalai,https://www.myneta.info/TamilNadu2011/candidate.php?candidate_id=556,KUMBAKONAM,BJP,0,10th Pass,"Rs 48,04,000 ~ 48 Lacs+","Rs 12,96,841 ~ 12 Lacs+"
548,636,P.logandurai,https://www.myneta.info/TamilNadu2011/candidate.php?candidate_id=636,CUMBUM,BJP,0,Post Graduate,"Rs 57,94,500 ~ 57 Lacs+","Rs 9,69,060 ~ 9 Lacs+"
549,498,P.n.p.inbasekaran,https://www.myneta.info/TamilNadu2011/candidate.php?candidate_id=498,PENNAGARAM,DMK,0,Post Graduate,https://myneta.info/image_v2.php?myneta_folder=TamilNadu2011&candidate_id=498&col=ta,https://myneta.info/image_v2.php?myneta_folder=TamilNadu2011&candidate_id=498&col=lia
550,2506,P.nandakumar,https://www.myneta.info/TamilNadu2011/candidate.php?candidate_id=2506,MADATHUKULAM,IND,0,12th Pass,"Rs 45,31,000 ~ 45 Lacs+","Rs 85,000 ~ 85 Thou+"
551,438,P.r.manogar,https://www.myneta.info/TamilNadu2011/candidate.php?candidate_id=438,SHOLINGUR,DMDK,0,12th Pass,"Rs 12,80,441 ~ 12 Lacs+",Rs 0 ~
552,871,P.rajendran,https://www.myneta.info/TamilNadu2011/candidate.php?candidate_id=871,MYLAPORE,PPI(S),0,10th Pass,https://myneta.info/image_v2.php?myneta_folder=TamilNadu2011&candidate_id=871&col=ta,https://myneta.info/image_v2.php?myneta_folder=TamilNadu2011&candidate_id=871&col=lia
553,757,P.v. Kathiravan,https://www.myneta.info/TamilNadu2011/candidate.php?candidate_id=757,USILAMPATTI,AIFB,0,Graduate Professional,"Rs 81,22,500 ~ 81 Lacs+","Rs 9,40,252 ~ 9 Lacs+"
554,392,P.vijayalakshmi Palanisamy,https://www.myneta.info/TamilNadu2011/candidate.php?candidate_id=392,SANKARI,AIADMK,0,10th Pass,"Rs 1,38,96,418 ~ 1 Crore+","Rs 53,61,969 ~ 53 Lacs+"
555,523,P.vijayaraghunathan,https://www.myneta.info/TamilNadu2011/candidate.php?candidate_id=523,TIRUCHULI,BJP,0,12th Pass,https://myneta.info/image_v2.php?myneta_folder=TamilNadu2011&candidate_id=523&col=ta,https://myneta.info/image_v2.php?myneta_folder=TamilNadu2011&candidate_id=523&col=lia
556,31,Padmarajan K,https://www.myneta.info/TamilNadu2011/candidate.php?candidate_id=31,KOLATHUR,IND,0,Post Graduate,"Rs 14,22,926 ~ 14 Lacs+","Rs 24,000 ~ 24 Thou+"
557,2022,Pakkiam.(tmt) A.,https://www.myneta.info/TamilNadu2011/candidate.php?candidate_id=2022,METTUR,IND,0,Literate,"Rs 10,33,500 ~ 10 Lacs+","Rs 4,00,000 ~ 4 Lacs+"
558,163,Pala. Karuppiah,https://www.myneta.info/TamilNadu2011/candidate.php?candidate_id=163,HARBOUR ,AIADMK,0,12th Pass,https://myneta.info/image_v2.php?myneta_folder=TamilNadu2011&candidate_id=163&col=ta,https://myneta.info/image_v2.php?myneta_folder=TamilNadu2011&candidate_id=163&col=lia
559,790,Palani E.,https://www.myneta.info/TamilNadu2011/candidate.php?candidate_id=790,PONNERI ,IND,0,8th Pass,"Rs 3,04,000 ~ 3 Lacs+",Rs 0 ~
560,28,Palani S,https://www.myneta.info/TamilNadu2011/candidate.php?candidate_id=28,PERAMBUR,BSP,0,Graduate,"Rs 20,000 ~ 20 Thou+",Rs 0 ~
561,2659,Palani.r,https://www.myneta.info/TamilNadu2011/candidate.php?candidate_id=2659,KATPADI,IND,0,Illiterate,https://myneta.info/image_v2.php?myneta_folder=TamilNadu2011&candidate_id=2659&col=ta,https://myneta.info/image_v2.php?myneta_folder=TamilNadu2011&candidate_id=2659&col=lia
562,101,Palanichamy K,https://www.myneta.info/TamilNadu2011/candidate.php?candidate_id=101,ATHOOR,IND,0,5th Pass,"Rs 1,12,000 ~ 1 Lacs+","Rs 30,000 ~ 30 Thou+"
563,1413,Palanichamy.m,https://www.myneta.info/TamilNadu2011/candidate.php?candidate_id=1413,DINDIGUL,IND,0,5th Pass,"Rs 25,500 ~ 25 Thou+",Rs 0 ~
564,1789,Palaniganesh.s.k,https://www.myneta.info/TamilNadu2011/candidate.php?candidate_id=1789,MADURAI NORTH,IND,0,5th Pass,https://myneta.info/image_v2.php?myneta_folder=TamilNadu2011&candidate_id=1789&col=ta,https://myneta.info/image_v2.php?myneta_folder=TamilNadu2011&candidate_id=1789&col=lia
565,2003,Palaniraja.k,https://www.myneta.info/TamilNadu2011/candidate.php?candidate_id=2003,ATTUR,IND,0,8th Pass,"Rs 92,000 ~ 92 Thou+",Rs 0 ~
566,121,Palanisamy,https://www.myneta.info/TamilNadu2011/candidate.php?candidate_id=121,COIMBATORE (SOUTH),DMK,0,Graduate,"Rs 15,66,63,000 ~ 15 Crore+",Rs 0 ~
567,614,Palanisamy Np,https://www.myneta.info/TamilNadu2011/candidate.php?candidate_id=614,ERODE (WEST),BJP,0,Post Graduate,https://myneta.info/image_v2.php?myneta_folder=TamilNadu2011&candidate_id=614&col=ta,https://myneta.info/image_v2.php?myneta_folder=TamilNadu2011&candidate_id=614&col=lia
568,111,Palanisamy R,https://www.myneta.info/TamilNadu2011/candidate.php?candidate_id=111,BHAVANISAGAR,BJP,0,12th Pass,"Rs 1,18,43,700 ~ 1 Crore+","Rs 5,00,000 ~ 5 Lacs+"
569,337,Palanisamy Rm,https://www.myneta.info/TamilNadu2011/candidate.php?candidate_id=337,MODAKKURICHI,INC,0,Graduate,"Rs 58,07,555 ~ 58 Lacs+","Rs 13,30,134 ~ 13 Lacs+"
570,1309,Palanisamy S,https://www.myneta.info/TamilNadu2011/candidate.php?candidate_id=1309,THONDAMUTHUR,UMK,0,10th Pass,https://myneta.info/image_v2.php?myneta_folder=TamilNadu2011&candidate_id=1309&col=ta,https://myneta.info/image_v2.php?myneta_folder=TamilNadu2011&candidate_id=1309&col=lia
571,705,Palanisamy S K.,https://www.myneta.info/TamilNadu2011/candidate.php?candidate_id=705,ODDANCHATRAM,BJP,0,10th Pass,"Rs 7,60,000 ~ 7 Lacs+",Rs 0 ~
572,142,Palaniswami K,https://www.myneta.info/TamilNadu2011/candidate.php?candidate_id=142,EDAPPADI,AIADMK,0,12th Pass,"Rs 3,67,15,702 ~ 3 Crore+","Rs 5,92,130 ~ 5 Lacs+"
573,23,Palanivel K,https://www.myneta.info/TamilNadu2011/candidate.php?candidate_id=23,AMBATTUR,CPI(ML)(L),0,12th Pass,https://myneta.info/image_v2.php?myneta_folder=TamilNadu2011&candidate_id=23&col=ta,https://myneta.info/image_v2.php?myneta_folder=TamilNadu2011&candidate_id=23&col=lia
574,525,Palanivelswamy,https://www.myneta.info/TamilNadu2011/candidate.php?candidate_id=525,SHOLAVANDAN,BJP,0,12th Pass,"Rs 2,92,000 ~ 2 Lacs+",Rs 0 ~
575,218,Panneerselvam.o,https://www.myneta.info/TamilNadu2011/candidate.php?candidate_id=218,BODINAYAKANUR,AIADMK,0,12th Pass,"Rs 35,67,174 ~ 35 Lacs+","Rs 69,34,816 ~ 69 Lacs+"
576,93,Paramasivan A,https://www.myneta.info/TamilNadu2011/candidate.php?candidate_id=93,ANTHIYUR,BSP,0,5th Pass,https://myneta.info/image_v2.php?myneta_folder=TamilNadu2011&candidate_id=93&col=ta,https://myneta.info/image_v2.php?myneta_folder=TamilNadu2011&candidate_id=93&col=lia
577,530,Parimaladevi,https://www.myneta.info/TamilNadu2011/candidate.php?candidate_id=530,THURAIYUR,DMK,0,Post Graduate,"Rs 1,80,91,341 ~ 1 Crore+","Rs 24,93,000 ~ 24 Lacs+"
578,146,Parithi Ellamvazhuthi,https://www.myneta.info/TamilNadu2011/candidate.php?candidate_id=146,EGMORE,DMK,0,10th Pass,"Rs 5,77,04,536 ~ 5 Crore+","Rs 3,04,67,399 ~ 3 Crore+"
579,477,Partha Sarathy B,https://www.myneta.info/TamilNadu2011/candidate.php?candidate_id=477,VIRUGAMPAKKAM,DMDK,0,10th Pass,https://myneta.info/image_v2.php?myneta_folder=TamilNadu2011&candidate_id=477&col=ta,https://myneta.info/image_v2.php?myneta_folder=TamilNadu2011&candidate_id=477&col=lia
580,2029,Partheeban.g.,https://www.myneta.info/TamilNadu2011/candidate.php?candidate_id=2029,METTUR,IND,0,12th Pass,"Rs 25,500 ~ 25 Thou+",Rs 0 ~
581,1136,Parthiban  M,https://www.myneta.info/TamilNadu2011/candidate.php?candidate_id=1136,EGMORE,IND,0,10th Pass,"Rs 1,00,000 ~ 1 Lacs+",Rs 0 ~
582,2024,Parthiban.s.k.,https://www.myneta.info/TamilNadu2011/candidate.php?candidate_id=2024,METTUR,IND,0,12th Pass,https://myneta.info/image_v2.php?myneta_folder=TamilNadu2011&candidate_id=2024&col=ta,https://myneta.info/image_v2.php?myneta_folder=TamilNadu2011&candidate_id=2024&col=lia
583,2028,Parthipan.p.,https://www.myneta.info/TamilNadu2011/candidate.php?candidate_id=2028,METTUR,IND,0,5th Pass,"Rs 30,500 ~ 30 Thou+",Rs 0 ~
584,574,Parvendhan,https://www.myneta.info/TamilNadu2011/candidate.php?candidate_id=574,CHEYYUR,VCK,0,Graduate Professional,"Rs 10,37,500 ~ 10 Lacs+","Rs 9,00,000 ~ 9 Lacs+"
585,514,Periyannan Arasu,https://www.myneta.info/TamilNadu2011/candidate.php?candidate_id=514,PUDUKKOTTAI,DMK,0,Post Graduate,https://myneta.info/image_v2.php?myneta_folder=TamilNadu2011&candidate_id=514&col=ta,https://myneta.info/image_v2.php?myneta_folder=TamilNadu2011&candidate_id=514&col=lia
586,102,Periyasamy I,https://www.myneta.info/TamilNadu2011/candidate.php?candidate_id=102,ATHOOR,DMK,0,Graduate,"Rs 1,84,09,394 ~ 1 Crore+","Rs 10,00,000 ~ 10 Lacs+"
587,1471,Periyasamy. J.p.,https://www.myneta.info/TamilNadu2011/candidate.php?candidate_id=1471,VEDASANDUR,IND,0,Not Given,"Rs 30,000 ~ 30 Thou+",Rs 0 ~
588,388,Perumalsamy.k.,https://www.myneta.info/TamilNadu2011/candidate.php?candidate_id=388,VILATHIKULAM,INC,0,Post Graduate,https://myneta.info/image_v2.php?myneta_folder=TamilNadu2011&candidate_id=388&col=ta,https://myneta.info/image_v2.php?myneta_folder=TamilNadu2011&candidate_id=388&col=lia
589,850,Photo Siva(a) Shivalingam.m.,https://www.myneta.info/TamilNadu2011/candidate.php?candidate_id=850,THOUSAND LIGHTS,BJP,0,12th Pass,"Rs 55,62,500 ~ 55 Lacs+","Rs 8,92,000 ~ 8 Lacs+"
590,195,Pichandi K,https://www.myneta.info/TamilNadu2011/candidate.php?candidate_id=195,KILPENNATHUR,DMK,0,Post Graduate,"Rs 2,37,71,727 ~ 2 Crore+","Rs 14,46,660 ~ 14 Lacs+"
591,730,Pitchandi.d.,https://www.myneta.info/TamilNadu2011/candidate.php?candidate_id=730,KILPENNATHUR,BJP,0,Graduate,https://myneta.info/image_v2.php?myneta_folder=TamilNadu2011&candidate_id=730&col=ta,https://myneta.info/image_v2.php?myneta_folder=TamilNadu2011&candidate_id=730&col=lia
592,640,Pl. Selvam,https://www.myneta.info/TamilNadu2011/candidate.php?candidate_id=640,PUDUKKOTTAI,BJP,0,Graduate Professional,"Rs 49,27,000 ~ 49 Lacs+",Rs 0 ~
593,350,Pollachi V. Jayaraman,https://www.myneta.info/TamilNadu2011/candidate.php?candidate_id=350,UDUMALAIPETTAI,AIADMK,0,Post Graduate,"Rs 9,86,27,791 ~ 9 Crore+","Rs 88,35,980 ~ 88 Lacs+"
594,411,Pon Radha Krishnan,https://www.myneta.info/TamilNadu2011/candidate.php?candidate_id=411,NAGERCOIL,BJP,0,Graduate,https://myneta.info/image_v2.php?myneta_folder=TamilNadu2011&candidate_id=411&col=ta,https://myneta.info/image_v2.php?myneta_folder=TamilNadu2011&candidate_id=411&col=lia
595,542,Ponkumar,https://www.myneta.info/TamilNadu2011/candidate.php?candidate_id=542,UTHIRAMERUR,DMK,0,Graduate,"Rs 3,58,41,310 ~ 3 Crore+","Rs 84,14,070 ~ 84 Lacs+"
596,544,Ponmudi.k.,https://www.myneta.info/TamilNadu2011/candidate.php?candidate_id=544,VILLUPURAM,DMK,0,Graduate Professional,"Rs 8,22,32,709 ~ 8 Crore+","Rs 17,69,532 ~ 17 Lacs+"
597,174,Ponnusamy G M,https://www.myneta.info/TamilNadu2011/candidate.php?candidate_id=174,JOLARPET,IND,0,8th Pass,https://myneta.info/image_v2.php?myneta_folder=TamilNadu2011&candidate_id=174&col=ta,https://myneta.info/image_v2.php?myneta_folder=TamilNadu2011&candidate_id=174&col=lia
598,393,Ponnusamy K,https://www.myneta.info/TamilNadu2011/candidate.php?candidate_id=393,SENTHAMANGALAM,DMK,0,8th Pass,"Rs 75,42,378 ~ 75 Lacs+","Rs 8,22,601 ~ 8 Lacs+"
599,127,Ponnusamy K,https://www.myneta.info/TamilNadu2011/candidate.php?candidate_id=127,DHARAPURAM,AIADMK,0,Graduate Professional,"Rs 3,13,68,688 ~ 3 Crore+","Rs 28,68,850 ~ 28 Lacs+"
600,893,Ponnusamy K,https://www.myneta.info/TamilNadu2011/candidate.php?candidate_id=893,MANAPPARAI,IND,0,Post Graduate,https://myneta.info/image_v2.php?myneta_folder=TamilNadu2011&candidate_id=893&col=ta,https://myneta.info/image_v2.php?myneta_folder=TamilNadu2011&candidate_id=893&col=lia
601,175,Ponnuswamy G,https://www.myneta.info/TamilNadu2011/candidate.php?candidate_id=175,JOLARPET,PMK,0,Graduate,"Rs 1,40,41,145 ~ 1 Crore+","Rs 16,28,251 ~ 16 Lacs+"
602,291,Poonatchi T P.,https://www.myneta.info/TamilNadu2011/candidate.php?candidate_id=291,MANACHANALLUR,AIADMK,0,8th Pass,"Rs 37,50,000 ~ 37 Lacs+",Rs 0 ~
603,472,Poongothai Aladi Aruna,https://www.myneta.info/TamilNadu2011/candidate.php?candidate_id=472,ALANGULAM,DMK,0,Graduate Professional,https://myneta.info/image_v2.php?myneta_folder=TamilNadu2011&candidate_id=472&col=ta,https://myneta.info/image_v2.php?myneta_folder=TamilNadu2011&candidate_id=472&col=lia
604,868,Prabakaran B,https://www.myneta.info/TamilNadu2011/candidate.php?candidate_id=868,THIYAGARAYANAGAR,JMM,0,8th Pass,"Rs 10,000 ~ 10 Thou+",Rs 0 ~
605,830,Prabhakar.s.d.,https://www.myneta.info/TamilNadu2011/candidate.php?candidate_id=830,PERAMBUR,MSK,0,Graduate Professional,"Rs 13,000 ~ 13 Thou+",Rs 0 ~
606,848,Prabu.s,https://www.myneta.info/TamilNadu2011/candidate.php?candidate_id=848,CHEPAUK-THIRUVALLIKENI,PB,0,8th Pass,https://myneta.info/image_v2.php?myneta_folder=TamilNadu2011&candidate_id=848&col=ta,https://myneta.info/image_v2.php?myneta_folder=TamilNadu2011&candidate_id=848&col=lia
607,1141,Praveen Maheshwari,https://www.myneta.info/TamilNadu2011/candidate.php?candidate_id=1141,HARBOUR ,IND,0,Graduate,"Rs 52,45,531 ~ 52 Lacs+","Rs 22,56,760 ~ 22 Lacs+"
608,1170,Praveenkumar S,https://www.myneta.info/TamilNadu2011/candidate.php?candidate_id=1170,MYLAPORE,IND,0,Graduate Professional,"Rs 3,82,584 ~ 3 Lacs+",Rs 0 ~
609,488,Pugazhendi,https://www.myneta.info/TamilNadu2011/candidate.php?candidate_id=488,CUDDALORE,DMK,0,Post Graduate,https://myneta.info/image_v2.php?myneta_folder=TamilNadu2011&candidate_id=488&col=ta,https://myneta.info/image_v2.php?myneta_folder=TamilNadu2011&candidate_id=488&col=lia
610,867,Purushothaman.g,https://www.myneta.info/TamilNadu2011/candidate.php?candidate_id=867,THIYAGARAYANAGAR,SUCI(C),0,Graduate Professional,"Rs 29,60,500 ~ 29 Lacs+","Rs 4,00,000 ~ 4 Lacs+"
611,2011,Purusothaman.n.r,https://www.myneta.info/TamilNadu2011/candidate.php?candidate_id=2011,EDAPPADI,IND,0,12th Pass,"Rs 2,40,803 ~ 2 Lacs+",Rs 0 ~
612,493,Pushpa Leela Alban,https://www.myneta.info/TamilNadu2011/candidate.php?candidate_id=493,PADMANABHAPURAM,DMK,0,Graduate Professional,https://myneta.info/image_v2.php?myneta_folder=TamilNadu2011&candidate_id=493&col=ta,https://myneta.info/image_v2.php?myneta_folder=TamilNadu2011&candidate_id=493&col=lia
613,664,Pushparaj S,https://www.myneta.info/TamilNadu2011/candidate.php?candidate_id=664,VANUR,DMK,0,Graduate,"Rs 2,75,75,085 ~ 2 Crore+","Rs 1,22,61,118 ~ 1 Crore+"
614,844,Pushparani.g,https://www.myneta.info/TamilNadu2011/candidate.php?candidate_id=844,HARBOUR ,IJK,0,8th Pass,"Rs 3,60,000 ~ 3 Lacs+",Rs 0 ~
615,612,R Annadurai,https://www.myneta.info/TamilNadu2011/candidate.php?candidate_id=612,MADURAI SOUTH,CPM,0,8th Pass,https://myneta.info/image_v2.php?myneta_folder=TamilNadu2011&candidate_id=612&col=ta,https://myneta.info/image_v2.php?myneta_folder=TamilNadu2011&candidate_id=612&col=lia
616,294,R Chandra Sekar,https://www.myneta.info/TamilNadu2011/candidate.php?candidate_id=294,MANAPPARAI,AIADMK,0,10th Pass,"Rs 1,00,94,000 ~ 1 Crore+",Rs 0 ~
617,649,R Damodaran,https://www.myneta.info/TamilNadu2011/candidate.php?candidate_id=649,AVADI,INC,0,Graduate,"Rs 48,53,747 ~ 48 Lacs+","Rs 4,45,638 ~ 4 Lacs+"
618,563,R Ganasekaran,https://www.myneta.info/TamilNadu2011/candidate.php?candidate_id=563,CUDDALORE,BJP,0,Others,https://myneta.info/image_v2.php?myneta_folder=TamilNadu2011&candidate_id=563&col=ta,https://myneta.info/image_v2.php?myneta_folder=TamilNadu2011&candidate_id=563&col=lia
619,1065,R K Kothandan,https://www.myneta.info/TamilNadu2011/candidate.php?candidate_id=1065,AVADI,IND,0,8th Pass,"Rs 2,93,200 ~ 2 Lacs+","Rs 35,315 ~ 35 Thou+"
620,738,R Mahesh,https://www.myneta.info/TamilNadu2011/candidate.php?candidate_id=738,NAGERCOIL,DMK,0,Graduate Professional,"Rs 1,10,37,960 ~ 1 Crore+","Rs 32,76,402 ~ 32 Lacs+"
621,628,R Rajendran,https://www.myneta.info/TamilNadu2011/candidate.php?candidate_id=628,SINGANALLUR,BJP,0,8th Pass,https://myneta.info/image_v2.php?myneta_folder=TamilNadu2011&candidate_id=628&col=ta,https://myneta.info/image_v2.php?myneta_folder=TamilNadu2011&candidate_id=628&col=lia
622,587,R Ramamurthy,https://www.myneta.info/TamilNadu2011/candidate.php?candidate_id=587,VIKRAVANDI,CPM,0,Graduate Professional,"Rs 1,18,69,215 ~ 1 Crore+",Rs 0 ~
623,201,R Vaithilingam,https://www.myneta.info/TamilNadu2011/candidate.php?candidate_id=201,ORATHANADU,AIADMK,0,12th Pass,"Rs 1,20,46,922 ~ 1 Crore+","Rs 99,66,676 ~ 99 Lacs+"
624,1598,R. Dhanasingh,https://www.myneta.info/TamilNadu2011/candidate.php?candidate_id=1598,PALLAVARAM,IND,0,10th Pass,https://myneta.info/image_v2.php?myneta_folder=TamilNadu2011&candidate_id=1598&col=ta,https://myneta.info/image_v2.php?myneta_folder=TamilNadu2011&candidate_id=1598&col=lia
625,297,R. Doraikkannu,https://www.myneta.info/TamilNadu2011/candidate.php?candidate_id=297,PAPANASAM,AIADMK,0,Graduate,"Rs 43,28,533 ~ 43 Lacs+","Rs 2,01,000 ~ 2 Lacs+"
626,515,R. Gandhi,https://www.myneta.info/TamilNadu2011/candidate.php?candidate_id=515,RANIPET,DMK,0,10th Pass,"Rs 27,79,23,106 ~ 27 Crore+","Rs 50,31,44,816 ~ 50 Crore+"
627,255,R. George,https://www.myneta.info/TamilNadu2011/candidate.php?candidate_id=255,KILLIYOOR,AIADMK,0,10th Pass,https://myneta.info/image_v2.php?myneta_folder=TamilNadu2011&candidate_id=255&col=ta,https://myneta.info/image_v2.php?myneta_folder=TamilNadu2011&candidate_id=255&col=lia
628,414,R. Jayaseelan,https://www.myneta.info/TamilNadu2011/candidate.php?candidate_id=414,VILAVANCODE,BJP,0,Graduate Professional,"Rs 35,87,500 ~ 35 Lacs+","Rs 50,000 ~ 50 Thou+"
629,1621,R. Krishna Babu,https://www.myneta.info/TamilNadu2011/candidate.php?candidate_id=1621,TAMBARAM,LSP,0,Post Graduate,"Rs 17,69,534 ~ 17 Lacs+","Rs 2,05,000 ~ 2 Lacs+"
630,348,R. Kumaraguru,https://www.myneta.info/TamilNadu2011/candidate.php?candidate_id=348,ULUNDURPETTAI,AIADMK,0,10th Pass,https://myneta.info/image_v2.php?myneta_folder=TamilNadu2011&candidate_id=348&col=ta,https://myneta.info/image_v2.php?myneta_folder=TamilNadu2011&candidate_id=348&col=lia
631,305,R. Manohar,https://www.myneta.info/TamilNadu2011/candidate.php?candidate_id=305,ROYAPURAM,INC,0,Post Graduate,"Rs 9,33,52,019 ~ 9 Crore+","Rs 1,06,32,203 ~ 1 Crore+"
632,398,R. Manoharan,https://www.myneta.info/TamilNadu2011/candidate.php?candidate_id=398,TIRUCHIRAPPALLI (EAST),AIADMK,0,12th Pass,"Rs 2,67,78,166 ~ 2 Crore+","Rs 33,04,525 ~ 33 Lacs+"
633,1642,R. Muthukumar,https://www.myneta.info/TamilNadu2011/candidate.php?candidate_id=1642,UTHIRAMERUR,IND,0,12th Pass,https://myneta.info/image_v2.php?myneta_folder=TamilNadu2011&candidate_id=1642&col=ta,https://myneta.info/image_v2.php?myneta_folder=TamilNadu2011&candidate_id=1642&col=lia
634,631,R. Pandidurai,https://www.myneta.info/TamilNadu2011/candidate.php?candidate_id=631,KADAYANALLUR,BJP,0,12th Pass,"Rs 10,65,000 ~ 10 Lacs+","Rs 75,000 ~ 75 Thou+"
635,1324,R. Panneer,https://www.myneta.info/TamilNadu2011/candidate.php?candidate_id=1324,CHIDAMBARAM,LJP,0,10th Pass,"Rs 2,00,000 ~ 2 Lacs+",Rs 0 ~
636,671,R. Prakash,https://www.myneta.info/TamilNadu2011/candidate.php?candidate_id=671,MAILAM,PMK,0,Graduate,https://myneta.info/image_v2.php?myneta_folder=TamilNadu2011&candidate_id=671&col=ta,https://myneta.info/image_v2.php?myneta_folder=TamilNadu2011&candidate_id=671&col=lia
637,312,R. Rajalakshmi,https://www.myneta.info/TamilNadu2011/candidate.php?candidate_id=312,MYLAPORE,AIADMK,0,Post Graduate,"Rs 5,89,22,429 ~ 5 Crore+","Rs 9,00,000 ~ 9 Lacs+"
638,2409,R. Ramalingam,https://www.myneta.info/TamilNadu2011/candidate.php?candidate_id=2409,ALANGULAM,IND,0,5th Pass,"Rs 9,91,357 ~ 9 Lacs+","Rs 1,02,600 ~ 1 Lacs+"
639,1597,R. Rukmangathan,https://www.myneta.info/TamilNadu2011/candidate.php?candidate_id=1597,PALLAVARAM,IND,0,Post Graduate,https://myneta.info/image_v2.php?myneta_folder=TamilNadu2011&candidate_id=1597&col=ta,https://myneta.info/image_v2.php?myneta_folder=TamilNadu2011&candidate_id=1597&col=lia
640,286,R. Samy,https://www.myneta.info/TamilNadu2011/candidate.php?candidate_id=286,MELUR,AIADMK,0,Literate,"Rs 61,23,441 ~ 61 Lacs+","Rs 24,11,922 ~ 24 Lacs+"
641,211,R. Srinivasan,https://www.myneta.info/TamilNadu2011/candidate.php?candidate_id=211, ARCOT,AIADMK,0,12th Pass,"Rs 2,19,17,849 ~ 2 Crore+","Rs 1,64,15,574 ~ 1 Crore+"
642,436,R. Suba,https://www.myneta.info/TamilNadu2011/candidate.php?candidate_id=436,GANGAVALLI,DMDK,0,10th Pass,https://myneta.info/image_v2.php?myneta_folder=TamilNadu2011&candidate_id=436&col=ta,https://myneta.info/image_v2.php?myneta_folder=TamilNadu2011&candidate_id=436&col=lia
643,443,R. Sundarajan,https://www.myneta.info/TamilNadu2011/candidate.php?candidate_id=443,MADURAI CENTRAL,DMDK,0,10th Pass,"Rs 2,56,12,403 ~ 2 Crore+","Rs 3,79,571 ~ 3 Lacs+"
644,2677,R.arul,https://www.myneta.info/TamilNadu2011/candidate.php?candidate_id=2677,RANIPET,IND,0,8th Pass,"Rs 1,58,000 ~ 1 Lacs+",Rs 0 ~
645,274,R.b. Udhayakumar,https://www.myneta.info/TamilNadu2011/candidate.php?candidate_id=274,SATTUR,AIADMK,0,Post Graduate,https://myneta.info/image_v2.php?myneta_folder=TamilNadu2011&candidate_id=274&col=ta,https://myneta.info/image_v2.php?myneta_folder=TamilNadu2011&candidate_id=274&col=lia
646,560,R.balasubramanian,https://www.myneta.info/TamilNadu2011/candidate.php?candidate_id=560,POOMPUHAR,BJP,0,Graduate,"Rs 7,02,500 ~ 7 Lacs+",Rs 0 ~
647,395,R.chinnasamy,https://www.myneta.info/TamilNadu2011/candidate.php?candidate_id=395,SINGANALLUR,AIADMK,0,8th Pass,"Rs 37,12,192 ~ 37 Lacs+",Rs 0 ~
648,554,R.elango,https://www.myneta.info/TamilNadu2011/candidate.php?candidate_id=554,PERAVURANI,BJP,0,12th Pass,https://myneta.info/image_v2.php?myneta_folder=TamilNadu2011&candidate_id=554&col=ta,https://myneta.info/image_v2.php?myneta_folder=TamilNadu2011&candidate_id=554&col=lia
649,510,R.elangovan,https://www.myneta.info/TamilNadu2011/candidate.php?candidate_id=510,NANNILAM,DMK,0,Graduate,"Rs 1,82,27,790 ~ 1 Crore+",Rs 0 ~
650,1740,R.govindaraj,https://www.myneta.info/TamilNadu2011/candidate.php?candidate_id=1740,BARGUR,IND,0,Post Graduate,"Rs 86,17,619 ~ 86 Lacs+","Rs 3,06,000 ~ 3 Lacs+"
651,318,R.kamaraj,https://www.myneta.info/TamilNadu2011/candidate.php?candidate_id=318,NANNILAM,AIADMK,0,Post Graduate,https://myneta.info/image_v2.php?myneta_folder=TamilNadu2011&candidate_id=318&col=ta,https://myneta.info/image_v2.php?myneta_folder=TamilNadu2011&candidate_id=318&col=lia
652,641,R.m.selvakumar,https://www.myneta.info/TamilNadu2011/candidate.php?candidate_id=641,PANRUTI,BJP,0,12th Pass,"Rs 3,91,408 ~ 3 Lacs+","Rs 1,46,000 ~ 1 Lacs+"
653,504,R.panneerselvam,https://www.myneta.info/TamilNadu2011/candidate.php?candidate_id=504,KURINJIPADI,IND,0,8th Pass,"Rs 61,314 ~ 61 Thou+",Rs 0 ~
654,419,R.perumal,https://www.myneta.info/TamilNadu2011/candidate.php?candidate_id=419,SRIPERUMBUDUR,AIADMK,0,Graduate,https://myneta.info/image_v2.php?myneta_folder=TamilNadu2011&candidate_id=419&col=ta,https://myneta.info/image_v2.php?myneta_folder=TamilNadu2011&candidate_id=419&col=lia
655,656,R.pingalan,https://www.myneta.info/TamilNadu2011/candidate.php?candidate_id=656,THIRUVARUR,BJP,0,10th Pass,"Rs 6,32,550 ~ 6 Lacs+",Rs 0 ~
656,517,R.rajendran,https://www.myneta.info/TamilNadu2011/candidate.php?candidate_id=517,SALEM (WEST) ,DMK,0,Graduate,"Rs 58,68,687 ~ 58 Lacs+",Rs 0 ~
657,407,R.rajendran,https://www.myneta.info/TamilNadu2011/candidate.php?candidate_id=407,KURINJIPADI,AIADMK,0,12th Pass,https://myneta.info/image_v2.php?myneta_folder=TamilNadu2011&candidate_id=407&col=ta,https://myneta.info/image_v2.php?myneta_folder=TamilNadu2011&candidate_id=407&col=lia
658,279,R.ramanathan,https://www.myneta.info/TamilNadu2011/candidate.php?candidate_id=279,KUMBAKONAM,AIADMK,0,Post Graduate,"Rs 71,22,687 ~ 71 Lacs+","Rs 2,87,000 ~ 2 Lacs+"
659,734,R.rangasamy,https://www.myneta.info/TamilNadu2011/candidate.php?candidate_id=734, AVANASHI,BJP,0,Graduate,"Rs 1,70,395 ~ 1 Lacs+",Rs 0 ~
660,753,R.sarathkumar,https://www.myneta.info/TamilNadu2011/candidate.php?candidate_id=753,TENKASI,AIADMK,0,Graduate,https://myneta.info/image_v2.php?myneta_folder=TamilNadu2011&candidate_id=753&col=ta,https://myneta.info/image_v2.php?myneta_folder=TamilNadu2011&candidate_id=753&col=lia
661,474,R.v.k. Durai,https://www.myneta.info/TamilNadu2011/candidate.php?candidate_id=474,SRIVILLIPUTHUR,DMK,0,Graduate Professional,"Rs 44,75,500 ~ 44 Lacs+","Rs 6,00,000 ~ 6 Lacs+"
662,1051,Ragavan.g.,https://www.myneta.info/TamilNadu2011/candidate.php?candidate_id=1051,THIRUVALLUR,IND,0,5th Pass,"Rs 1,03,000 ~ 1 Lacs+",Rs 0 ~
663,845,Raghu.c,https://www.myneta.info/TamilNadu2011/candidate.php?candidate_id=845,CHEPAUK-THIRUVALLIKENI,BSP,0,Literate,https://myneta.info/image_v2.php?myneta_folder=TamilNadu2011&candidate_id=845&col=ta,https://myneta.info/image_v2.php?myneta_folder=TamilNadu2011&candidate_id=845&col=lia
664,791,Raghupathi S.,https://www.myneta.info/TamilNadu2011/candidate.php?candidate_id=791,PONNERI ,IND,0,10th Pass,"Rs 3,35,000 ~ 3 Lacs+",Rs 0 ~
665,2754,Ragu.e,https://www.myneta.info/TamilNadu2011/candidate.php?candidate_id=2754,VIKRAVANDI,IND,0,10th Pass,"Rs 4,30,000 ~ 4 Lacs+",Rs 0 ~
666,625,Ragunathan.v.k.,https://www.myneta.info/TamilNadu2011/candidate.php?candidate_id=625,POLLACHI,BJP,0,Others,https://myneta.info/image_v2.php?myneta_folder=TamilNadu2011&candidate_id=625&col=ta,https://myneta.info/image_v2.php?myneta_folder=TamilNadu2011&candidate_id=625&col=lia
667,787,Ragupathi.k.,https://www.myneta.info/TamilNadu2011/candidate.php?candidate_id=787,PONNERI ,IND,0,10th Pass,"Rs 7,87,977 ~ 7 Lacs+",Rs 0 ~
668,288,Raja Kannappan R.s.,https://www.myneta.info/TamilNadu2011/candidate.php?candidate_id=288,TIRUPPATTUR,AIADMK,0,12th Pass,"Rs 3,27,73,473 ~ 3 Crore+","Rs 6,37,00,653 ~ 6 Crore+"
669,95,Raja Nkkp,https://www.myneta.info/TamilNadu2011/candidate.php?candidate_id=95,ANTHIYUR,DMK,0,10th Pass,https://myneta.info/image_v2.php?myneta_folder=TamilNadu2011&candidate_id=95&col=ta,https://myneta.info/image_v2.php?myneta_folder=TamilNadu2011&candidate_id=95&col=lia
670,13,Raja S,https://www.myneta.info/TamilNadu2011/candidate.php?candidate_id=13,PONNERI ,BSP,0,Post Graduate,"Rs 11,000 ~ 11 Thou+",Rs 0 ~
671,70,Raja S R,https://www.myneta.info/TamilNadu2011/candidate.php?candidate_id=70,TAMBARAM,DMK,0,8th Pass,"Rs 12,44,32,670 ~ 12 Crore+",Rs 0 ~
672,2249,"Raja, K.s.",https://www.myneta.info/TamilNadu2011/candidate.php?candidate_id=2249,MANNARGUDI ,IND,0,Graduate,https://myneta.info/image_v2.php?myneta_folder=TamilNadu2011&candidate_id=2249&col=ta,https://myneta.info/image_v2.php?myneta_folder=TamilNadu2011&candidate_id=2249&col=lia
673,1070,Raja.k.,https://www.myneta.info/TamilNadu2011/candidate.php?candidate_id=1070,MADAVARAM,IND,0,Graduate Professional,"Rs 3,45,878 ~ 3 Lacs+","Rs 12,000 ~ 12 Thou+"
674,199,Raja.pon,https://www.myneta.info/TamilNadu2011/candidate.php?candidate_id=199,PONNERI ,AIADMK,0,Graduate Professional,"Rs 91,47,400 ~ 91 Lacs+",Rs 0 ~
675,669,Raja.t.k.,https://www.myneta.info/TamilNadu2011/candidate.php?candidate_id=669,BARGUR,PMK,0,10th Pass,https://myneta.info/image_v2.php?myneta_folder=TamilNadu2011&candidate_id=669&col=ta,https://myneta.info/image_v2.php?myneta_folder=TamilNadu2011&candidate_id=669&col=lia
676,509,Rajaa T.r.b.,https://www.myneta.info/TamilNadu2011/candidate.php?candidate_id=509,MANNARGUDI ,DMK,0,Graduate,"Rs 26,44,31,742 ~ 26 Crore+","Rs 4,42,39,555 ~ 4 Crore+"
677,2499,Rajamanickam.n.,https://www.myneta.info/TamilNadu2011/candidate.php?candidate_id=2499,KANGAYAM,IND,0,Illiterate,"Rs 1,20,000 ~ 1 Lacs+",Rs 0 ~
678,161,Rajamarthandan K,https://www.myneta.info/TamilNadu2011/candidate.php?candidate_id=161,GUDIYATTAM,DMK,0,Graduate Professional,https://myneta.info/image_v2.php?myneta_folder=TamilNadu2011&candidate_id=161&col=ta,https://myneta.info/image_v2.php?myneta_folder=TamilNadu2011&candidate_id=161&col=lia
679,686,Rajangam.k.,https://www.myneta.info/TamilNadu2011/candidate.php?candidate_id=686,NILAKKOTTAI,INC,0,Graduate,"Rs 9,90,000 ~ 9 Lacs+",Rs 0 ~
680,1201,Rajaraman. N,https://www.myneta.info/TamilNadu2011/candidate.php?candidate_id=1201,ROYAPURAM,IND,0,Graduate Professional,"Rs 15,35,000 ~ 15 Lacs+",Rs 0 ~
681,680,Rajarathinam M.,https://www.myneta.info/TamilNadu2011/candidate.php?candidate_id=680,MADURAI WEST,BJP,0,10th Pass,https://myneta.info/image_v2.php?myneta_folder=TamilNadu2011&candidate_id=680&col=ta,https://myneta.info/image_v2.php?myneta_folder=TamilNadu2011&candidate_id=680&col=lia
682,2086,Rajarathinam.r,https://www.myneta.info/TamilNadu2011/candidate.php?candidate_id=2086,VEERAPANDI,IND,0,8th Pass,"Rs 17,28,500 ~ 17 Lacs+",Rs 0 ~
683,731,Rajasekar.k.,https://www.myneta.info/TamilNadu2011/candidate.php?candidate_id=731,VANDAVASI,BJP,0,8th Pass,"Rs 7,55,000 ~ 7 Lacs+",Rs 0 ~
684,41,Rajasekaran,https://www.myneta.info/TamilNadu2011/candidate.php?candidate_id=41,CHEPAUK-THIRUVALLIKENI,IND,0,Graduate Professional,https://myneta.info/image_v2.php?myneta_folder=TamilNadu2011&candidate_id=41&col=ta,https://myneta.info/image_v2.php?myneta_folder=TamilNadu2011&candidate_id=41&col=lia
685,602,Rajaselvam,https://www.myneta.info/TamilNadu2011/candidate.php?candidate_id=602,YERCAUD,BJP,0,12th Pass,"Rs 4,64,000 ~ 4 Lacs+",Rs 0 ~
686,566,Rajasundaram.b,https://www.myneta.info/TamilNadu2011/candidate.php?candidate_id=566,RISHIVANDIYAM,BJP,0,10th Pass,"Rs 5,89,850 ~ 5 Lacs+",Rs 0 ~
687,372,Rajendran.k.s.k.,https://www.myneta.info/TamilNadu2011/candidate.php?candidate_id=372,MADURAI NORTH,INC,0,8th Pass,https://myneta.info/image_v2.php?myneta_folder=TamilNadu2011&candidate_id=372&col=ta,https://myneta.info/image_v2.php?myneta_folder=TamilNadu2011&candidate_id=372&col=lia
688,718,Rajendran.m.s.,https://www.myneta.info/TamilNadu2011/candidate.php?candidate_id=718,GINGEE,BJP,0,Not Given,"Rs 15,90,000 ~ 15 Lacs+","Rs 15,000 ~ 15 Thou+"
689,613,Rajesh Kumar _p.,https://www.myneta.info/TamilNadu2011/candidate.php?candidate_id=613,ERODE (EAST),BJP,0,Graduate,"Rs 1,10,91,018 ~ 1 Crore+","Rs 12,04,034 ~ 12 Lacs+"
690,1777,Rajkumar P,https://www.myneta.info/TamilNadu2011/candidate.php?candidate_id=1777,MADURAI EAST,IND,0,Not Given,https://myneta.info/image_v2.php?myneta_folder=TamilNadu2011&candidate_id=1777&col=ta,https://myneta.info/image_v2.php?myneta_folder=TamilNadu2011&candidate_id=1777&col=lia
691,2033,Ramachandiran.p,https://www.myneta.info/TamilNadu2011/candidate.php?candidate_id=2033,OMALUR,IND,0,Others,"Rs 1,12,500 ~ 1 Lacs+",Rs 0 ~
692,685,Ramachandran G.,https://www.myneta.info/TamilNadu2011/candidate.php?candidate_id=685,KOVILPATTI,PMK,0,Post Graduate,"Rs 15,71,849 ~ 15 Lacs+","Rs 9,75,000 ~ 9 Lacs+"
693,126,Ramachandran K,https://www.myneta.info/TamilNadu2011/candidate.php?candidate_id=126,COONOOR,DMK,0,12th Pass,https://myneta.info/image_v2.php?myneta_folder=TamilNadu2011&candidate_id=126&col=ta,https://myneta.info/image_v2.php?myneta_folder=TamilNadu2011&candidate_id=126&col=lia
694,229,Ramalingam  Kv,https://www.myneta.info/TamilNadu2011/candidate.php?candidate_id=229,ERODE (WEST),AIADMK,0,Graduate,"Rs 1,60,13,479 ~ 1 Crore+","Rs 1,67,94,000 ~ 1 Crore+"
695,793,Raman E.s.s.,https://www.myneta.info/TamilNadu2011/candidate.php?candidate_id=793,TIRUTTANI,INC,0,Graduate Professional,"Rs 1,39,69,448 ~ 1 Crore+","Rs 1,22,000 ~ 1 Lacs+"
696,96,Ramanidharan Ss,https://www.myneta.info/TamilNadu2011/candidate.php?candidate_id=96,ANTHIYUR,AIADMK,0,Graduate,https://myneta.info/image_v2.php?myneta_folder=TamilNadu2011&candidate_id=96&col=ta,https://myneta.info/image_v2.php?myneta_folder=TamilNadu2011&candidate_id=96&col=lia
697,2262,Ramasami @ Traffic Ramasami. K.r,https://www.myneta.info/TamilNadu2011/candidate.php?candidate_id=2262,THIRUVARUR,IND,0,Others,"Rs 67,100 ~ 67 Thou+",Rs 0 ~
698,60,Ramasamy,https://www.myneta.info/TamilNadu2011/candidate.php?candidate_id=60,VELACHERY,Ambedkar Peoples Movement,0,5th Pass,"Rs 3,75,500 ~ 3 Lacs+",Rs 0 ~
699,1306,Ramasamy K,https://www.myneta.info/TamilNadu2011/candidate.php?candidate_id=1306,THONDAMUTHUR,IND,0,12th Pass,https://myneta.info/image_v2.php?myneta_folder=TamilNadu2011&candidate_id=1306&col=ta,https://myneta.info/image_v2.php?myneta_folder=TamilNadu2011&candidate_id=1306&col=lia
700,454,Ramasamy So,https://www.myneta.info/TamilNadu2011/candidate.php?candidate_id=454,USILAMPATTI,DMK,0,5th Pass,"Rs 1,04,03,456 ~ 1 Crore+","Rs 5,43,827 ~ 5 Lacs+"
701,2503,Ramasamy.r.,https://www.myneta.info/TamilNadu2011/candidate.php?candidate_id=2503,KANGAYAM,IND,0,Illiterate,"Rs 2,04,370 ~ 2 Lacs+",Rs 0 ~
702,1220,Ramaswamy K R (a) Traffic Ramaswamy,https://www.myneta.info/TamilNadu2011/candidate.php?candidate_id=1220,THIYAGARAYANAGAR,IND,0,Others,https://myneta.info/image_v2.php?myneta_folder=TamilNadu2011&candidate_id=1220&col=ta,https://myneta.info/image_v2.php?myneta_folder=TamilNadu2011&candidate_id=1220&col=lia
703,1662,Ramaswamy.k,https://www.myneta.info/TamilNadu2011/candidate.php?candidate_id=1662,KANNIYAKUMARI,IND,0,Graduate,"Rs 36,47,485 ~ 36 Lacs+","Rs 8,25,000 ~ 8 Lacs+"
704,642,Ramesh P.,https://www.myneta.info/TamilNadu2011/candidate.php?candidate_id=642,COLACHAL,BJP,0,Post Graduate,"Rs 13,49,393 ~ 13 Lacs+","Rs 72,166 ~ 72 Thou+"
705,590,Ramesh.k.,https://www.myneta.info/TamilNadu2011/candidate.php?candidate_id=590,KALASAPAKKAM,BJP,0,12th Pass,https://myneta.info/image_v2.php?myneta_folder=TamilNadu2011&candidate_id=590&col=ta,https://myneta.info/image_v2.php?myneta_folder=TamilNadu2011&candidate_id=590&col=lia
706,1053,Ramesh.p,https://www.myneta.info/TamilNadu2011/candidate.php?candidate_id=1053,THIRUVALLUR,IND,0,8th Pass,"Rs 86,100 ~ 86 Thou+",Rs 0 ~
707,654,Ramprabu.r.,https://www.myneta.info/TamilNadu2011/candidate.php?candidate_id=654,PARAMAKUDI,INC,0,Graduate,"Rs 1,16,04,654 ~ 1 Crore+","Rs 54,19,279 ~ 54 Lacs+"
708,450,Rani,https://www.myneta.info/TamilNadu2011/candidate.php?candidate_id=450,MELUR,DMK,0,12th Pass,https://myneta.info/image_v2.php?myneta_folder=TamilNadu2011&candidate_id=450&col=ta,https://myneta.info/image_v2.php?myneta_folder=TamilNadu2011&candidate_id=450&col=lia
709,2026,Ranjith.v.,https://www.myneta.info/TamilNadu2011/candidate.php?candidate_id=2026,METTUR,IND,0,Graduate,"Rs 1,30,500 ~ 1 Lacs+",Rs 0 ~
710,2250,"Rasa,s.",https://www.myneta.info/TamilNadu2011/candidate.php?candidate_id=2250,MANNARGUDI ,IND,0,Graduate,"Rs 2,36,000 ~ 2 Lacs+",Rs 0 ~
711,1269,Ravi C M Alias Ravi Devendran,https://www.myneta.info/TamilNadu2011/candidate.php?candidate_id=1269,COIMBATORE (SOUTH),ATMK,0,8th Pass,https://myneta.info/image_v2.php?myneta_folder=TamilNadu2011&candidate_id=1269&col=ta,https://myneta.info/image_v2.php?myneta_folder=TamilNadu2011&candidate_id=1269&col=lia
712,726,Ravichandiran,https://www.myneta.info/TamilNadu2011/candidate.php?candidate_id=726,THIYAGARAYANAGAR,BJP,0,Graduate,"Rs 25,32,848 ~ 25 Lacs+",Rs 0 ~
713,1934,Ravichandran.s,https://www.myneta.info/TamilNadu2011/candidate.php?candidate_id=1934,PERAMBALUR,IND,0,12th Pass,"Rs 9,46,440 ~ 9 Lacs+",Rs 0 ~
714,839,Renukumar.s.e.,https://www.myneta.info/TamilNadu2011/candidate.php?candidate_id=839,THIRU-VI-KA-NAGAR,LJP,0,Post Graduate,https://myneta.info/image_v2.php?myneta_folder=TamilNadu2011&candidate_id=839&col=ta,https://myneta.info/image_v2.php?myneta_folder=TamilNadu2011&candidate_id=839&col=lia
715,2326,Rethinakumar. G,https://www.myneta.info/TamilNadu2011/candidate.php?candidate_id=2326,MANACHANALLUR,IND,0,8th Pass,"Rs 35,000 ~ 35 Thou+",Rs 0 ~
716,215,S Abdul Raheem.,https://www.myneta.info/TamilNadu2011/candidate.php?candidate_id=215,AVADI,AIADMK,0,8th Pass,"Rs 78,90,397 ~ 78 Lacs+","Rs 7,97,617 ~ 7 Lacs+"
717,597,S Jayakumar,https://www.myneta.info/TamilNadu2011/candidate.php?candidate_id=597,PAPPIREDDIPPATTI,BJP,0,10th Pass,https://myneta.info/image_v2.php?myneta_folder=TamilNadu2011&candidate_id=597&col=ta,https://myneta.info/image_v2.php?myneta_folder=TamilNadu2011&candidate_id=597&col=lia
718,1061,S Ragulan,https://www.myneta.info/TamilNadu2011/candidate.php?candidate_id=1061,AVADI,IND,0,Graduate Professional,"Rs 69,547 ~ 69 Thou+",Rs 0 ~
719,365,S Rajakumar,https://www.myneta.info/TamilNadu2011/candidate.php?candidate_id=365,MAYILADUTHURAI,INC,0,Graduate Professional,"Rs 6,38,37,800 ~ 6 Crore+","Rs 84,37,072 ~ 84 Lacs+"
720,271,S Sundarraj,https://www.myneta.info/TamilNadu2011/candidate.php?candidate_id=271,PARAMAKUDI,AIADMK,0,Graduate Professional,https://myneta.info/image_v2.php?myneta_folder=TamilNadu2011&candidate_id=271&col=ta,https://myneta.info/image_v2.php?myneta_folder=TamilNadu2011&candidate_id=271&col=lia
721,387,S. Ganesan,https://www.myneta.info/TamilNadu2011/candidate.php?candidate_id=387,VASUDEVANALLUR,INC,0,Graduate Professional,"Rs 32,34,050 ~ 32 Lacs+","Rs 10,00,000 ~ 10 Lacs+"
722,241,S. Gunasekaran,https://www.myneta.info/TamilNadu2011/candidate.php?candidate_id=241,SIVAGANGA,CPI,0,10th Pass,"Rs 5,57,42,707 ~ 5 Crore+","Rs 4,62,981 ~ 4 Lacs+"
723,1239,S. Jai Shankar,https://www.myneta.info/TamilNadu2011/candidate.php?candidate_id=1239,VELACHERY,IND,0,8th Pass,https://myneta.info/image_v2.php?myneta_folder=TamilNadu2011&candidate_id=1239&col=ta,https://myneta.info/image_v2.php?myneta_folder=TamilNadu2011&candidate_id=1239&col=lia
724,1241,S. Krishnamoorthy,https://www.myneta.info/TamilNadu2011/candidate.php?candidate_id=1241,VELACHERY,IND,0,Graduate,"Rs 1,70,000 ~ 1 Lacs+",Rs 0 ~
725,1,S. P. Rajendran,https://www.myneta.info/TamilNadu2011/candidate.php?candidate_id=1,MUSIRI,BJP,0,Post Graduate,"Rs 5,00,000 ~ 5 Lacs+",Rs 0 ~
726,334,S. Palanisamy,https://www.myneta.info/TamilNadu2011/candidate.php?candidate_id=334,VEDASANDUR,AIADMK,0,Graduate,https://myneta.info/image_v2.php?myneta_folder=TamilNadu2011&candidate_id=334&col=ta,https://myneta.info/image_v2.php?myneta_folder=TamilNadu2011&candidate_id=334&col=lia
727,302,S. Pavunraj,https://www.myneta.info/TamilNadu2011/candidate.php?candidate_id=302,POOMPUHAR,AIADMK,0,10th Pass,"Rs 1,60,75,210 ~ 1 Crore+","Rs 6,46,528 ~ 6 Lacs+"
728,386,S. Peter Alphonse,https://www.myneta.info/TamilNadu2011/candidate.php?candidate_id=386,KADAYANALLUR,INC,0,Post Graduate,"Rs 5,86,36,660 ~ 5 Crore+","Rs 2,60,95,422 ~ 2 Crore+"
729,367,S. Ramachandran,https://www.myneta.info/TamilNadu2011/candidate.php?candidate_id=367,TIRUVANNAMALAI,AIADMK,0,10th Pass,https://myneta.info/image_v2.php?myneta_folder=TamilNadu2011&candidate_id=367&col=ta,https://myneta.info/image_v2.php?myneta_folder=TamilNadu2011&candidate_id=367&col=lia
730,208,S. Ravi,https://www.myneta.info/TamilNadu2011/candidate.php?candidate_id=208,ARAKKONAM,AIADMK,0,Graduate Professional,"Rs 14,40,000 ~ 14 Lacs+","Rs 2,65,000 ~ 2 Lacs+"
731,240,S. Selvam,https://www.myneta.info/TamilNadu2011/candidate.php?candidate_id=240,MADURAVOYAL,BJP,0,Graduate,"Rs 4,74,000 ~ 4 Lacs+","Rs 1,20,000 ~ 1 Lacs+"
732,433,S. Senthilkumar,https://www.myneta.info/TamilNadu2011/candidate.php?candidate_id=433,THIRUVERUMBUR,DMDK,0,Others,https://myneta.info/image_v2.php?myneta_folder=TamilNadu2011&candidate_id=433&col=ta,https://myneta.info/image_v2.php?myneta_folder=TamilNadu2011&candidate_id=433&col=lia
733,426,S. Sudalaiyandi,https://www.myneta.info/TamilNadu2011/candidate.php?candidate_id=426,ALANGULAM,BJP,0,Graduate,"Rs 1,08,50,000 ~ 1 Crore+",Rs 0 ~
734,2408,S. Thanga Raja,https://www.myneta.info/TamilNadu2011/candidate.php?candidate_id=2408,ALANGULAM,IND,0,8th Pass,"Rs 6,21,500 ~ 6 Lacs+",Rs 0 ~
735,2638,S. Thirunavukarasu,https://www.myneta.info/TamilNadu2011/candidate.php?candidate_id=2638, ARCOT,IND,0,Others,https://myneta.info/image_v2.php?myneta_folder=TamilNadu2011&candidate_id=2638&col=ta,https://myneta.info/image_v2.php?myneta_folder=TamilNadu2011&candidate_id=2638&col=lia
736,1582,S. Umapathy,https://www.myneta.info/TamilNadu2011/candidate.php?candidate_id=1582,KANCHEEPURAM,IND,0,8th Pass,"Rs 64,000 ~ 64 Thou+",Rs 0 ~
737,204,S. Vedhachalam,https://www.myneta.info/TamilNadu2011/candidate.php?candidate_id=204,AMBATTUR,AIADMK,0,8th Pass,"Rs 3,15,03,053 ~ 3 Crore+","Rs 9,00,000 ~ 9 Lacs+"
738,775,S.aranganathan,https://www.myneta.info/TamilNadu2011/candidate.php?candidate_id=775,THIRUVAIYARU,DMK,0,12th Pass,https://myneta.info/image_v2.php?myneta_folder=TamilNadu2011&candidate_id=775&col=ta,https://myneta.info/image_v2.php?myneta_folder=TamilNadu2011&candidate_id=775&col=lia
739,1763,S.b.abbas,https://www.myneta.info/TamilNadu2011/candidate.php?candidate_id=1763,VEPPANAHALLI,IND,0,10th Pass,"Rs 99,90,000 ~ 99 Lacs+",Rs 0 ~
740,264,S.duraisamy,https://www.myneta.info/TamilNadu2011/candidate.php?candidate_id=264,KOLATHUR,AIADMK,0,10th Pass,"Rs 64,45,16,343 ~ 64 Crore+","Rs 44,83,77,489 ~ 44 Crore+"
741,333,S.k. Selvam,https://www.myneta.info/TamilNadu2011/candidate.php?candidate_id=333,VEERAPANDI,AIADMK,0,10th Pass,https://myneta.info/image_v2.php?myneta_folder=TamilNadu2011&candidate_id=333&col=ta,https://myneta.info/image_v2.php?myneta_folder=TamilNadu2011&candidate_id=333&col=lia
742,1848,S.k.jayaraman,https://www.myneta.info/TamilNadu2011/candidate.php?candidate_id=1848,MAYILADUTHURAI,IJK,0,8th Pass,"Rs 14,50,357 ~ 14 Lacs+","Rs 3,15,000 ~ 3 Lacs+"
743,272,S.kamaraj,https://www.myneta.info/TamilNadu2011/candidate.php?candidate_id=272,KRISHNARAYAPURAM,AIADMK,0,5th Pass,"Rs 64,12,000 ~ 64 Lacs+",Rs 0 ~
744,290,S.kanitha,https://www.myneta.info/TamilNadu2011/candidate.php?candidate_id=290,MADURANTAKAM,AIADMK,0,8th Pass,https://myneta.info/image_v2.php?myneta_folder=TamilNadu2011&candidate_id=290&col=ta,https://myneta.info/image_v2.php?myneta_folder=TamilNadu2011&candidate_id=290&col=lia
745,422,S.karthick Narayanan,https://www.myneta.info/TamilNadu2011/candidate.php?candidate_id=422,PALAYAMKOTTAI,BJP,0,Graduate,"Rs 5,00,000 ~ 5 Lacs+","Rs 1,50,000 ~ 1 Lacs+"
746,460,S.lakshmanan,https://www.myneta.info/TamilNadu2011/candidate.php?candidate_id=460,BODINAYAKANUR,DMK,0,12th Pass,"Rs 77,42,233 ~ 77 Lacs+","Rs 13,95,704 ~ 13 Lacs+"
747,439,S.m. Murugesan,https://www.myneta.info/TamilNadu2011/candidate.php?candidate_id=439,VEPPANAHALLI,DMDK,0,Graduate Professional,https://myneta.info/image_v2.php?myneta_folder=TamilNadu2011&candidate_id=439&col=ta,https://myneta.info/image_v2.php?myneta_folder=TamilNadu2011&candidate_id=439&col=lia
748,1081,S.meenakshi Sundaram,https://www.myneta.info/TamilNadu2011/candidate.php?candidate_id=1081,ALANDUR,LSP,0,Post Graduate,"Rs 1,73,000 ~ 1 Lacs+",Rs 0 ~
749,719,S.mohandass Gandhi,https://www.myneta.info/TamilNadu2011/candidate.php?candidate_id=719,SHOZHINGANALLUR,BJP,0,10th Pass,"Rs 1,14,96,000 ~ 1 Crore+","Rs 4,00,000 ~ 4 Lacs+"
750,522,S.n.m.ubayadullah,https://www.myneta.info/TamilNadu2011/candidate.php?candidate_id=522,THANJAVUR,DMK,0,10th Pass,https://myneta.info/image_v2.php?myneta_folder=TamilNadu2011&candidate_id=522&col=ta,https://myneta.info/image_v2.php?myneta_folder=TamilNadu2011&candidate_id=522&col=lia
751,265,S.p. Shunmuganathan,https://www.myneta.info/TamilNadu2011/candidate.php?candidate_id=265,SRIVAIKUNTAM,AIADMK,0,8th Pass,"Rs 63,82,774 ~ 63 Lacs+","Rs 2,60,000 ~ 2 Lacs+"
752,242,S.p.muthukumaran,https://www.myneta.info/TamilNadu2011/candidate.php?candidate_id=242,PUDUKKOTTAI,CPI,0,Graduate,"Rs 11,05,964 ~ 11 Lacs+","Rs 7,46,238 ~ 7 Lacs+"
753,427,S.r. Parthiban,https://www.myneta.info/TamilNadu2011/candidate.php?candidate_id=427,METTUR,DMDK,0,Graduate Professional,https://myneta.info/image_v2.php?myneta_folder=TamilNadu2011&candidate_id=427&col=ta,https://myneta.info/image_v2.php?myneta_folder=TamilNadu2011&candidate_id=427&col=lia
754,2635,S.r. Vijayan,https://www.myneta.info/TamilNadu2011/candidate.php?candidate_id=2635, ARCOT,IND,0,12th Pass,"Rs 6,65,000 ~ 6 Lacs+",Rs 0 ~
755,546,S.ragupathy,https://www.myneta.info/TamilNadu2011/candidate.php?candidate_id=546,VIRALIMALAI,DMK,0,Graduate Professional,"Rs 2,42,06,410 ~ 2 Crore+","Rs 7,40,428 ~ 7 Lacs+"
756,741,S.raja,https://www.myneta.info/TamilNadu2011/candidate.php?candidate_id=741,OTTAPIDARAM,DMK,0,8th Pass,https://myneta.info/image_v2.php?myneta_folder=TamilNadu2011&candidate_id=741&col=ta,https://myneta.info/image_v2.php?myneta_folder=TamilNadu2011&candidate_id=741&col=lia
757,659,S.rajendran,https://www.myneta.info/TamilNadu2011/candidate.php?candidate_id=659,TIRUPATTUR,DMK,0,Graduate Professional,"Rs 43,39,347 ~ 43 Lacs+","Rs 18,52,860 ~ 18 Lacs+"
758,2255,S.rajkumar,https://www.myneta.info/TamilNadu2011/candidate.php?candidate_id=2255,THIRUTHURAIPOONDI,IND,0,Graduate Professional,"Rs 35,600 ~ 35 Thou+",Rs 0 ~
759,760,S.ramachandran,https://www.myneta.info/TamilNadu2011/candidate.php?candidate_id=760,ALANDUR,DMDK,0,Graduate Professional,https://myneta.info/image_v2.php?myneta_folder=TamilNadu2011&candidate_id=760&col=ta,https://myneta.info/image_v2.php?myneta_folder=TamilNadu2011&candidate_id=760&col=lia
760,573,S.s. Balaji,https://www.myneta.info/TamilNadu2011/candidate.php?candidate_id=573,SHOZHINGANALLUR,VCK,0,Graduate Professional,"Rs 1,16,33,000 ~ 1 Crore+","Rs 29,25,000 ~ 29 Lacs+"
761,2507,S.sadayappan,https://www.myneta.info/TamilNadu2011/candidate.php?candidate_id=2507,MADATHUKULAM,IND,0,10th Pass,"Rs 51,75,694 ~ 51 Lacs+","Rs 3,10,000 ~ 3 Lacs+"
762,1326,S.sankar,https://www.myneta.info/TamilNadu2011/candidate.php?candidate_id=1326,CHIDAMBARAM,IND,0,5th Pass,https://myneta.info/image_v2.php?myneta_folder=TamilNadu2011&candidate_id=1326&col=ta,https://myneta.info/image_v2.php?myneta_folder=TamilNadu2011&candidate_id=1326&col=lia
763,2256,S.saravanan,https://www.myneta.info/TamilNadu2011/candidate.php?candidate_id=2256,THIRUTHURAIPOONDI,LSP,0,12th Pass,"Rs 80,000 ~ 80 Thou+",Rs 0 ~
764,2670,S.sasikumar,https://www.myneta.info/TamilNadu2011/candidate.php?candidate_id=2670,RANIPET,BSP,0,Graduate,"Rs 38,35,000 ~ 38 Lacs+",Rs 0 ~
765,720,S.sathyanarayanan,https://www.myneta.info/TamilNadu2011/candidate.php?candidate_id=720,ALANDUR,BJP,0,Graduate Professional,https://myneta.info/image_v2.php?myneta_folder=TamilNadu2011&candidate_id=720&col=ta,https://myneta.info/image_v2.php?myneta_folder=TamilNadu2011&candidate_id=720&col=lia
766,418,S.selvaraj,https://www.myneta.info/TamilNadu2011/candidate.php?candidate_id=418,SRIVAIKUNTAM,BJP,0,8th Pass,"Rs 5,78,000 ~ 5 Lacs+","Rs 87,500 ~ 87 Thou+"
767,2632,S.sendilkumar,https://www.myneta.info/TamilNadu2011/candidate.php?candidate_id=2632,ARAKKONAM,IJK,0,Doctorate,"Rs 14,60,000 ~ 14 Lacs+","Rs 8,00,000 ~ 8 Lacs+"
768,503,S.sivasankar,https://www.myneta.info/TamilNadu2011/candidate.php?candidate_id=503,KUNNAM,DMK,0,Graduate Professional,https://myneta.info/image_v2.php?myneta_folder=TamilNadu2011&candidate_id=503&col=ta,https://myneta.info/image_v2.php?myneta_folder=TamilNadu2011&candidate_id=503&col=lia
769,470,S.thangapandian,https://www.myneta.info/TamilNadu2011/candidate.php?candidate_id=470,RAJAPALAYAM,DMK,0,5th Pass,"Rs 2,57,22,888 ~ 2 Crore+","Rs 1,25,19,703 ~ 1 Crore+"
770,520,S.v.anburaj Subramanian,https://www.myneta.info/TamilNadu2011/candidate.php?candidate_id=520,TENKASI,BJP,0,10th Pass,"Rs 8,70,000 ~ 8 Lacs+",Rs 0 ~
771,1684,S.vijaya Raj,https://www.myneta.info/TamilNadu2011/candidate.php?candidate_id=1684,PADMANABHAPURAM,IND,0,8th Pass,https://myneta.info/image_v2.php?myneta_folder=TamilNadu2011&candidate_id=1684&col=ta,https://myneta.info/image_v2.php?myneta_folder=TamilNadu2011&candidate_id=1684&col=lia
772,512,Saba.rajendran,https://www.myneta.info/TamilNadu2011/candidate.php?candidate_id=512,PANRUTI,DMK,0,Graduate Professional,"Rs 2,70,57,132 ~ 2 Crore+","Rs 25,37,582 ~ 25 Lacs+"
773,539,Sabapathy K.,https://www.myneta.info/TamilNadu2011/candidate.php?candidate_id=539,ARANTHANGI,BJP,0,10th Pass,"Rs 18,65,000 ~ 18 Lacs+",Rs 0 ~
774,65,Sacrates A,https://www.myneta.info/TamilNadu2011/candidate.php?candidate_id=65,SRIPERUMBUDUR,CPI(ML)(L),0,Graduate,https://myneta.info/image_v2.php?myneta_folder=TamilNadu2011&candidate_id=65&col=ta,https://myneta.info/image_v2.php?myneta_folder=TamilNadu2011&candidate_id=65&col=lia
775,456,Sakkarapani R,https://www.myneta.info/TamilNadu2011/candidate.php?candidate_id=456,ODDANCHATRAM,DMK,0,Graduate,"Rs 4,57,90,710 ~ 4 Crore+","Rs 3,47,56,533 ~ 3 Crore+"
776,1054,Sakthidasan.r.,https://www.myneta.info/TamilNadu2011/candidate.php?candidate_id=1054,THIRUVALLUR,IND,0,Post Graduate,"Rs 10,000 ~ 10 Thou+",Rs 0 ~
777,1147,Sakthivel D,https://www.myneta.info/TamilNadu2011/candidate.php?candidate_id=1147,HARBOUR ,IND,0,Graduate Professional,https://myneta.info/image_v2.php?myneta_folder=TamilNadu2011&candidate_id=1147&col=ta,https://myneta.info/image_v2.php?myneta_folder=TamilNadu2011&candidate_id=1147&col=lia
778,838,Sakthivel.c,https://www.myneta.info/TamilNadu2011/candidate.php?candidate_id=838,THIRU-VI-KA-NAGAR,BSP,0,10th Pass,"Rs 40,500 ~ 40 Thou+",Rs 0 ~
779,167,Samikannu K,https://www.myneta.info/TamilNadu2011/candidate.php?candidate_id=167,HARUR,BJP,0,Others,"Rs 14,25,000 ~ 14 Lacs+",Rs 0 ~
780,447,Saminathan,https://www.myneta.info/TamilNadu2011/candidate.php?candidate_id=447,MADATHUKULAM,DMK,0,Graduate,https://myneta.info/image_v2.php?myneta_folder=TamilNadu2011&candidate_id=447&col=ta,https://myneta.info/image_v2.php?myneta_folder=TamilNadu2011&candidate_id=447&col=lia
781,1263,Saminathan M.s.,https://www.myneta.info/TamilNadu2011/candidate.php?candidate_id=1263,COIMBATORE (NORTH),IND,0,10th Pass,"Rs 10,000 ~ 10 Thou+",Rs 0 ~
782,698,Sampathkumar,https://www.myneta.info/TamilNadu2011/candidate.php?candidate_id=698,TIRUCHENGODU,DMDK,0,10th Pass,"Rs 41,26,507 ~ 41 Lacs+","Rs 14,35,611 ~ 14 Lacs+"
783,45,Sampathkumar S,https://www.myneta.info/TamilNadu2011/candidate.php?candidate_id=45,ANNA NAGAR,Makkal Manadu Katchi,0,Post Graduate,https://myneta.info/image_v2.php?myneta_folder=TamilNadu2011&candidate_id=45&col=ta,https://myneta.info/image_v2.php?myneta_folder=TamilNadu2011&candidate_id=45&col=lia
784,148,Sangamithirai S,https://www.myneta.info/TamilNadu2011/candidate.php?candidate_id=148,ERODE (EAST),IND,0,Graduate,"Rs 64,90,000 ~ 64 Lacs+","Rs 30,00,000 ~ 30 Lacs+"
785,400,Sanjai Gandhi,https://www.myneta.info/TamilNadu2011/candidate.php?candidate_id=400,THIRUMAYAM,BSP,0,10th Pass,"Rs 4,50,000 ~ 4 Lacs+",Rs 0 ~
786,131,Santhamoorthy P,https://www.myneta.info/TamilNadu2011/candidate.php?candidate_id=131,DHARMAPURI,PMK,0,5th Pass,https://myneta.info/image_v2.php?myneta_folder=TamilNadu2011&candidate_id=131&col=ta,https://myneta.info/image_v2.php?myneta_folder=TamilNadu2011&candidate_id=131&col=lia
787,2120,Santhanakrishnan.s,https://www.myneta.info/TamilNadu2011/candidate.php?candidate_id=2120,TIRUPPATTUR,IND,0,10th Pass,"Rs 31,09,280 ~ 31 Lacs+","Rs 7,89,000 ~ 7 Lacs+"
788,1100,Santhanakumar S.m.,https://www.myneta.info/TamilNadu2011/candidate.php?candidate_id=1100,ANNA NAGAR,IND,0,12th Pass,"Rs 1,41,43,457 ~ 1 Crore+","Rs 1,47,953 ~ 1 Lacs+"
789,1184,Santhanam G,https://www.myneta.info/TamilNadu2011/candidate.php?candidate_id=1184,PERAMBUR,IND,0,Graduate,https://myneta.info/image_v2.php?myneta_folder=TamilNadu2011&candidate_id=1184&col=ta,https://myneta.info/image_v2.php?myneta_folder=TamilNadu2011&candidate_id=1184&col=lia
790,682,Santhi Rajamanickam,https://www.myneta.info/TamilNadu2011/candidate.php?candidate_id=682,SENTHAMANGALAM,DMDK,0,Graduate,"Rs 21,15,653 ~ 21 Lacs+",Rs 0 ~
791,2744,Santhi.r,https://www.myneta.info/TamilNadu2011/candidate.php?candidate_id=2744,TIRUKKOYILUR,IND,0,8th Pass,"Rs 51,500 ~ 51 Thou+",Rs 0 ~
792,866,Saradha.g,https://www.myneta.info/TamilNadu2011/candidate.php?candidate_id=866,THIYAGARAYANAGAR,IJK,0,Graduate,https://myneta.info/image_v2.php?myneta_folder=TamilNadu2011&candidate_id=866&col=ta,https://myneta.info/image_v2.php?myneta_folder=TamilNadu2011&candidate_id=866&col=lia
793,889,Sarath Babu E.,https://www.myneta.info/TamilNadu2011/candidate.php?candidate_id=889,VELACHERY,IND,0,Post Graduate,"Rs 28,28,575 ~ 28 Lacs+","Rs 10,00,000 ~ 10 Lacs+"
794,1221,Sarathbabu E,https://www.myneta.info/TamilNadu2011/candidate.php?candidate_id=1221,THIYAGARAYANAGAR,IND,0,Graduate Professional,"Rs 28,28,575 ~ 28 Lacs+","Rs 10,00,000 ~ 10 Lacs+"
795,1049,Saravanan.b.,https://www.myneta.info/TamilNadu2011/candidate.php?candidate_id=1049,THIRUVALLUR,IND,0,12th Pass,https://myneta.info/image_v2.php?myneta_folder=TamilNadu2011&candidate_id=1049&col=ta,https://myneta.info/image_v2.php?myneta_folder=TamilNadu2011&candidate_id=1049&col=lia
796,1077,Sathasivan.r,https://www.myneta.info/TamilNadu2011/candidate.php?candidate_id=1077,KANNIYAKUMARI,IND,0,Graduate,"Rs 75,56,886 ~ 75 Lacs+",Rs 0 ~
797,1670,Satheesh.c,https://www.myneta.info/TamilNadu2011/candidate.php?candidate_id=1670,KILLIYOOR,IND,0,12th Pass,"Rs 1,22,000 ~ 1 Lacs+",Rs 0 ~
798,466,Sathiamoorthy V.,https://www.myneta.info/TamilNadu2011/candidate.php?candidate_id=466,MUDHUKULATHUR,DMK,0,Graduate Professional,https://myneta.info/image_v2.php?myneta_folder=TamilNadu2011&candidate_id=466&col=ta,https://myneta.info/image_v2.php?myneta_folder=TamilNadu2011&candidate_id=466&col=lia
799,1262,Sathish Kumar T,https://www.myneta.info/TamilNadu2011/candidate.php?candidate_id=1262,COIMBATORE (NORTH),UMK,0,12th Pass,"Rs 70,000 ~ 70 Thou+",Rs 0 ~
800,35,Sathish Kumar. K.p,https://www.myneta.info/TamilNadu2011/candidate.php?candidate_id=35,VILLIVAKKAM,Makkal Manadu Katchi,0,Post Graduate,"Rs 1,78,372 ~ 1 Lacs+",Rs 0 ~
801,1149,Sathyanarayanan D @ Mercury Sathya,https://www.myneta.info/TamilNadu2011/candidate.php?candidate_id=1149,HARBOUR ,IND,0,Graduate Professional,https://myneta.info/image_v2.php?myneta_folder=TamilNadu2011&candidate_id=1149&col=ta,https://myneta.info/image_v2.php?myneta_folder=TamilNadu2011&candidate_id=1149&col=lia
802,1211,Sathyanarayanan.v,https://www.myneta.info/TamilNadu2011/candidate.php?candidate_id=1211,SAIDAPET,IND,0,5th Pass,"Rs 42,000 ~ 42 Thou+",Rs 0 ~
803,197,Seetharaman.k,https://www.myneta.info/TamilNadu2011/candidate.php?candidate_id=197,KILVAITHINANKUPPAM,DMK,0,10th Pass,"Rs 37,68,828 ~ 37 Lacs+",Rs 0 ~
804,2252,Sekar .a,https://www.myneta.info/TamilNadu2011/candidate.php?candidate_id=2252,NANNILAM,IND,0,Not Given,https://myneta.info/image_v2.php?myneta_folder=TamilNadu2011&candidate_id=2252&col=ta,https://myneta.info/image_v2.php?myneta_folder=TamilNadu2011&candidate_id=2252&col=lia
805,11,Sekar K N,https://www.myneta.info/TamilNadu2011/candidate.php?candidate_id=11,GUMMIDIPOONDI ,PMK,0,8th Pass,"Rs 1,92,02,984 ~ 1 Crore+","Rs 78,80,864 ~ 78 Lacs+"
806,137,Sekar M M,https://www.myneta.info/TamilNadu2011/candidate.php?candidate_id=137,DR.RADHAKRISHNAN NAGAR,IND,0,12th Pass,"Rs 49,69,643 ~ 49 Lacs+",Rs 0 ~
807,139,Sekarbabu P.k.,https://www.myneta.info/TamilNadu2011/candidate.php?candidate_id=139,DR.RADHAKRISHNAN NAGAR,DMK,0,10th Pass,https://myneta.info/image_v2.php?myneta_folder=TamilNadu2011&candidate_id=139&col=ta,https://myneta.info/image_v2.php?myneta_folder=TamilNadu2011&candidate_id=139&col=lia
808,762,Sellapandian S,https://www.myneta.info/TamilNadu2011/candidate.php?candidate_id=762,ARAKKONAM,VCK,0,Post Graduate,"Rs 75,000 ~ 75 Thou+",Rs 0 ~
809,280,Sellur K Raju,https://www.myneta.info/TamilNadu2011/candidate.php?candidate_id=280,MADURAI WEST,AIADMK,0,Graduate,"Rs 51,83,679 ~ 51 Lacs+","Rs 8,26,802 ~ 8 Lacs+"
810,1456,"Selvakumar.r,",https://www.myneta.info/TamilNadu2011/candidate.php?candidate_id=1456,PALANI,IND,0,8th Pass,https://myneta.info/image_v2.php?myneta_folder=TamilNadu2011&candidate_id=1456&col=ta,https://myneta.info/image_v2.php?myneta_folder=TamilNadu2011&candidate_id=1456&col=lia
811,768,Selvam. K,https://www.myneta.info/TamilNadu2011/candidate.php?candidate_id=768,MADURAVOYAL,PMK,0,8th Pass,"Rs 16,72,73,865 ~ 16 Crore+","Rs 3,00,00,000 ~ 3 Crore+"
812,2604,Selvam.g,https://www.myneta.info/TamilNadu2011/candidate.php?candidate_id=2604,TIRUVANNAMALAI,IND,0,8th Pass,"Rs 37,000 ~ 37 Thou+",Rs 0 ~
813,326,Selvaperuntahagai.k,https://www.myneta.info/TamilNadu2011/candidate.php?candidate_id=326,CHENGAM,INC,0,Graduate Professional,https://myneta.info/image_v2.php?myneta_folder=TamilNadu2011&candidate_id=326&col=ta,https://myneta.info/image_v2.php?myneta_folder=TamilNadu2011&candidate_id=326&col=lia
814,508,Selvaraj N,https://www.myneta.info/TamilNadu2011/candidate.php?candidate_id=508,MANACHANALLUR,DMK,0,Graduate Professional,"Rs 3,97,83,472 ~ 3 Crore+",Rs 0 ~
815,157,Selvaraj S,https://www.myneta.info/TamilNadu2011/candidate.php?candidate_id=157,GUDALUR,DMDK,0,8th Pass,"Rs 1,35,14,166 ~ 1 Crore+","Rs 64,40,000 ~ 64 Lacs+"
816,2586,Selvaraj.g,https://www.myneta.info/TamilNadu2011/candidate.php?candidate_id=2586,KILPENNATHUR,LSP,0,Post Graduate,https://myneta.info/image_v2.php?myneta_folder=TamilNadu2011&candidate_id=2586&col=ta,https://myneta.info/image_v2.php?myneta_folder=TamilNadu2011&candidate_id=2586&col=lia
817,501,Selvaraj.g.,https://www.myneta.info/TamilNadu2011/candidate.php?candidate_id=501,KUMARAPALAYAM,DMK,0,12th Pass,"Rs 7,40,10,413 ~ 7 Crore+","Rs 2,62,59,459 ~ 2 Crore+"
818,1418,"Selvaraj.i,",https://www.myneta.info/TamilNadu2011/candidate.php?candidate_id=1418,DINDIGUL,AIJMK,0,10th Pass,"Rs 2,70,000 ~ 2 Lacs+",Rs 0 ~
819,27,Selvarajkumar K R,https://www.myneta.info/TamilNadu2011/candidate.php?candidate_id=27,THIRUVOTTIYUR,IND,0,Graduate Professional,https://myneta.info/image_v2.php?myneta_folder=TamilNadu2011&candidate_id=27&col=ta,https://myneta.info/image_v2.php?myneta_folder=TamilNadu2011&candidate_id=27&col=lia
820,217,Selvi Ramajayam,https://www.myneta.info/TamilNadu2011/candidate.php?candidate_id=217,BHUVANAGIRI,AIADMK,0,10th Pass,"Rs 38,87,376 ~ 38 Lacs+",Rs 0 ~
821,406,Sengottaiyan Ka,https://www.myneta.info/TamilNadu2011/candidate.php?candidate_id=406,GOBICHETTIPALAYAM,AIADMK,0,10th Pass,"Rs 5,65,62,069 ~ 5 Crore+","Rs 49,80,000 ~ 49 Lacs+"
822,617,Sennaiyan N.,https://www.myneta.info/TamilNadu2011/candidate.php?candidate_id=617,GOBICHETTIPALAYAM,BJP,0,12th Pass,https://myneta.info/image_v2.php?myneta_folder=TamilNadu2011&candidate_id=617&col=ta,https://myneta.info/image_v2.php?myneta_folder=TamilNadu2011&candidate_id=617&col=lia
823,227,Senthamizhan.g,https://www.myneta.info/TamilNadu2011/candidate.php?candidate_id=227,SAIDAPET,AIADMK,0,Post Graduate,"Rs 55,11,140 ~ 55 Lacs+","Rs 22,30,885 ~ 22 Lacs+"
824,2726,Senthil.k,https://www.myneta.info/TamilNadu2011/candidate.php?candidate_id=2726,RISHIVANDIYAM,IND,0,Graduate,"Rs 3,00,000 ~ 3 Lacs+",Rs 0 ~
825,187,Senthilbalaji,https://www.myneta.info/TamilNadu2011/candidate.php?candidate_id=187,KARUR,AIADMK,0,12th Pass,https://myneta.info/image_v2.php?myneta_folder=TamilNadu2011&candidate_id=187&col=ta,https://myneta.info/image_v2.php?myneta_folder=TamilNadu2011&candidate_id=187&col=lia
826,713,Senthildeepak C,https://www.myneta.info/TamilNadu2011/candidate.php?candidate_id=713,MANAPPARAI,BJP,0,12th Pass,"Rs 11,22,000 ~ 11 Lacs+",Rs 0 ~
827,61,Senthilkumar A,https://www.myneta.info/TamilNadu2011/candidate.php?candidate_id=61,VELACHERY,Lok Satta Party,0,Post Graduate,"Rs 63,32,500 ~ 63 Lacs+","Rs 17,00,000 ~ 17 Lacs+"
828,455,Senthilkumar I P,https://www.myneta.info/TamilNadu2011/candidate.php?candidate_id=455,PALANI,DMK,0,Post Graduate,https://myneta.info/image_v2.php?myneta_folder=TamilNadu2011&candidate_id=455&col=ta,https://myneta.info/image_v2.php?myneta_folder=TamilNadu2011&candidate_id=455&col=lia
829,703,Senthilkumar. K,https://www.myneta.info/TamilNadu2011/candidate.php?candidate_id=703,SULUR,BJP,0,12th Pass,"Rs 16,88,519 ~ 16 Lacs+","Rs 1,00,000 ~ 1 Lacs+"
830,1071,Senthilkumar.b.,https://www.myneta.info/TamilNadu2011/candidate.php?candidate_id=1071,MADAVARAM,IND,0,5th Pass,"Rs 6,82,000 ~ 6 Lacs+",Rs 0 ~
831,876,Seshadri.k.n.,https://www.myneta.info/TamilNadu2011/candidate.php?candidate_id=876,VELACHERY,IJK,0,10th Pass,https://myneta.info/image_v2.php?myneta_folder=TamilNadu2011&candidate_id=876&col=ta,https://myneta.info/image_v2.php?myneta_folder=TamilNadu2011&candidate_id=876&col=lia
832,558,Sethuraman,https://www.myneta.info/TamilNadu2011/candidate.php?candidate_id=558,MAYILADUTHURAI,BJP,0,Post Graduate,"Rs 7,98,500 ~ 7 Lacs+","Rs 52,000 ~ 52 Thou+"
833,151,Shanmugam P N,https://www.myneta.info/TamilNadu2011/candidate.php?candidate_id=151,ERODE (WEST),IND,0,Graduate Professional,"Rs 3,50,12,469 ~ 3 Crore+",Rs 0 ~
834,2698,Shanmugam.d,https://www.myneta.info/TamilNadu2011/candidate.php?candidate_id=2698,VELLORE,IND,0,10th Pass,https://myneta.info/image_v2.php?myneta_folder=TamilNadu2011&candidate_id=2698&col=ta,https://myneta.info/image_v2.php?myneta_folder=TamilNadu2011&candidate_id=2698&col=lia
835,782,Shanmugam.p,https://www.myneta.info/TamilNadu2011/candidate.php?candidate_id=782,GUMMIDIPOONDI ,IND,0,Others,"Rs 1,24,900 ~ 1 Lacs+",Rs 0 ~
836,1698,Shanmugam.s,https://www.myneta.info/TamilNadu2011/candidate.php?candidate_id=1698,ARAVAKURICHI,JD(U),0,8th Pass,"Rs 1,22,000 ~ 1 Lacs+",Rs 0 ~
837,637,Shanmugaraj K.,https://www.myneta.info/TamilNadu2011/candidate.php?candidate_id=637,MUDHUKULATHUR,BJP,0,Graduate,https://myneta.info/image_v2.php?myneta_folder=TamilNadu2011&candidate_id=637&col=ta,https://myneta.info/image_v2.php?myneta_folder=TamilNadu2011&candidate_id=637&col=lia
838,626,Shanmugasundaram,https://www.myneta.info/TamilNadu2011/candidate.php?candidate_id=626,PALLADAM,BJP,0,10th Pass,"Rs 1,41,14,445 ~ 1 Crore+","Rs 21,92,674 ~ 21 Lacs+"
839,1448,Shanmugavel. P.,https://www.myneta.info/TamilNadu2011/candidate.php?candidate_id=1448,ODDANCHATRAM,IND,0,Graduate,"Rs 25,55,400 ~ 25 Lacs+","Rs 3,00,000 ~ 3 Lacs+"
840,408,Shanmugavelu,https://www.myneta.info/TamilNadu2011/candidate.php?candidate_id=408,MADATHUKULAM,AIADMK,0,Post Graduate,https://myneta.info/image_v2.php?myneta_folder=TamilNadu2011&candidate_id=408&col=ta,https://myneta.info/image_v2.php?myneta_folder=TamilNadu2011&candidate_id=408&col=lia
841,647,Shanthi Ragavan,https://www.myneta.info/TamilNadu2011/candidate.php?candidate_id=647,RADHAPURAM,BJP,0,10th Pass,"Rs 1,27,69,000 ~ 1 Crore+",Rs 0 ~
842,62,Sheela T,https://www.myneta.info/TamilNadu2011/candidate.php?candidate_id=62,SHOZHINGANALLUR,MGRTK,0,Graduate,"Rs 24,15,000 ~ 24 Lacs+","Rs 69,496 ~ 69 Thou+"
843,801,Shettu.s,https://www.myneta.info/TamilNadu2011/candidate.php?candidate_id=801,TIRUTTANI,IND,0,Not Given,https://myneta.info/image_v2.php?myneta_folder=TamilNadu2011&candidate_id=801&col=ta,https://myneta.info/image_v2.php?myneta_folder=TamilNadu2011&candidate_id=801&col=lia
844,18,Shivaji E A P,https://www.myneta.info/TamilNadu2011/candidate.php?candidate_id=18,THIRUVALLUR,DMK,0,10th Pass,"Rs 3,67,43,899 ~ 3 Crore+","Rs 56,19,102 ~ 56 Lacs+"
845,699,Shri P. Gobi,https://www.myneta.info/TamilNadu2011/candidate.php?candidate_id=699,ARANI,BJP,0,Others,"Rs 1,000 ~ 1 Thou+",Rs 0 ~
846,697,Shri S. Nagarajan,https://www.myneta.info/TamilNadu2011/candidate.php?candidate_id=697,TIRUCHENGODU,BJP,0,Graduate Professional,https://myneta.info/image_v2.php?myneta_folder=TamilNadu2011&candidate_id=697&col=ta,https://myneta.info/image_v2.php?myneta_folder=TamilNadu2011&candidate_id=697&col=lia
847,37,Silambarasan R,https://www.myneta.info/TamilNadu2011/candidate.php?candidate_id=37,THIRU-VI-KA-NAGAR,IND,0,Graduate,"Rs 24,000 ~ 24 Thou+",Rs 0 ~
848,579,Sinthanai Selvan,https://www.myneta.info/TamilNadu2011/candidate.php?candidate_id=579,TITTAKUDI,VCK,0,Graduate,"Rs 33,95,713 ~ 33 Lacs+","Rs 5,00,000 ~ 5 Lacs+"
849,52,Sirajuddin A,https://www.myneta.info/TamilNadu2011/candidate.php?candidate_id=52,SAIDAPET,IND,0,5th Pass,https://myneta.info/image_v2.php?myneta_folder=TamilNadu2011&candidate_id=52&col=ta,https://myneta.info/image_v2.php?myneta_folder=TamilNadu2011&candidate_id=52&col=lia
850,110,Sithivinayagan K A,https://www.myneta.info/TamilNadu2011/candidate.php?candidate_id=110,BHAVANI,BJP,0,10th Pass,"Rs 34,12,300 ~ 34 Lacs+","Rs 16,88,266 ~ 16 Lacs+"
851,435,Siva @ Sivalingam,https://www.myneta.info/TamilNadu2011/candidate.php?candidate_id=435,GINGEE,DMDK,0,Graduate,"Rs 16,18,000 ~ 16 Lacs+",Rs 0 ~
852,296,Siva Rajamanickam,https://www.myneta.info/TamilNadu2011/candidate.php?candidate_id=296,MANNARGUDI ,AIADMK,0,10th Pass,https://myneta.info/image_v2.php?myneta_folder=TamilNadu2011&candidate_id=296&col=ta,https://myneta.info/image_v2.php?myneta_folder=TamilNadu2011&candidate_id=296&col=lia
853,883,Sivakumar N.,https://www.myneta.info/TamilNadu2011/candidate.php?candidate_id=883,GOBICHETTIPALAYAM,UMK,0,8th Pass,"Rs 2,65,000 ~ 2 Lacs+",Rs 0 ~
854,1191,Sivakumar R,https://www.myneta.info/TamilNadu2011/candidate.php?candidate_id=1191,PERAMBUR,IND,0,12th Pass,"Rs 7,12,500 ~ 7 Lacs+",Rs 0 ~
855,1202,Sivakumar. K.j,https://www.myneta.info/TamilNadu2011/candidate.php?candidate_id=1202,ROYAPURAM,IND,0,Graduate Professional,https://myneta.info/image_v2.php?myneta_folder=TamilNadu2011&candidate_id=1202&col=ta,https://myneta.info/image_v2.php?myneta_folder=TamilNadu2011&candidate_id=1202&col=lia
856,706,Sivakumar.b.,https://www.myneta.info/TamilNadu2011/candidate.php?candidate_id=706,MADAVARAM,BJP,0,10th Pass,"Rs 63,63,347 ~ 63 Lacs+",Rs 0 ~
857,1453,"Sivakumar.r ,",https://www.myneta.info/TamilNadu2011/candidate.php?candidate_id=1453,PALANI,IND,0,10th Pass,"Rs 13,63,900 ~ 13 Lacs+",Rs 0 ~
858,2254,Sivakumar.v,https://www.myneta.info/TamilNadu2011/candidate.php?candidate_id=2254,NANNILAM,IND,0,8th Pass,https://myneta.info/image_v2.php?myneta_folder=TamilNadu2011&candidate_id=2254&col=ta,https://myneta.info/image_v2.php?myneta_folder=TamilNadu2011&candidate_id=2254&col=lia
859,516,Sivaligam.s.r,https://www.myneta.info/TamilNadu2011/candidate.php?candidate_id=516,SALEM (SOUTH),DMK,0,10th Pass,"Rs 1,57,41,590 ~ 1 Crore+","Rs 32,92,697 ~ 32 Lacs+"
860,2706,Sivalingam.p,https://www.myneta.info/TamilNadu2011/candidate.php?candidate_id=2706,GINGEE,IND,0,5th Pass,"Rs 46,55,500 ~ 46 Lacs+",Rs 0 ~
861,186,Sivamani,https://www.myneta.info/TamilNadu2011/candidate.php?candidate_id=186,KARUR,BJP,0,Graduate Professional,https://myneta.info/image_v2.php?myneta_folder=TamilNadu2011&candidate_id=186&col=ta,https://myneta.info/image_v2.php?myneta_folder=TamilNadu2011&candidate_id=186&col=lia
862,920,Sivamark.k,https://www.myneta.info/TamilNadu2011/candidate.php?candidate_id=920,GINGEE,IND,0,Illiterate,"Rs 2,20,000 ~ 2 Lacs+",Rs 0 ~
863,99,Sivanandam R,https://www.myneta.info/TamilNadu2011/candidate.php?candidate_id=99,ARANI,DMK,0,10th Pass,"Rs 63,93,484 ~ 63 Lacs+","Rs 5,92,684 ~ 5 Lacs+"
864,1449,Sivaprakasam. K.,https://www.myneta.info/TamilNadu2011/candidate.php?candidate_id=1449,ODDANCHATRAM,IND,0,Post Graduate,https://myneta.info/image_v2.php?myneta_folder=TamilNadu2011&candidate_id=1449&col=ta,https://myneta.info/image_v2.php?myneta_folder=TamilNadu2011&candidate_id=1449&col=lia
865,765,Sivaraj N.s,https://www.myneta.info/TamilNadu2011/candidate.php?candidate_id=765,GOBICHETTIPALAYAM,KMK,0,Graduate Professional,"Rs 2,31,25,726 ~ 2 Crore+","Rs 44,53,633 ~ 44 Lacs+"
866,1273,Sivaraj V,https://www.myneta.info/TamilNadu2011/candidate.php?candidate_id=1273,COIMBATORE (SOUTH),IND,0,Graduate,"Rs 53,60,000 ~ 53 Lacs+","Rs 16,00,000 ~ 16 Lacs+"
867,650,Sivaraj.s.,https://www.myneta.info/TamilNadu2011/candidate.php?candidate_id=650,RISHIVANDIYAM,INC,0,10th Pass,https://myneta.info/image_v2.php?myneta_folder=TamilNadu2011&candidate_id=650&col=ta,https://myneta.info/image_v2.php?myneta_folder=TamilNadu2011&candidate_id=650&col=lia
868,603,Sivaram B.,https://www.myneta.info/TamilNadu2011/candidate.php?candidate_id=603,OMALUR,BJP,0,Graduate Professional,"Rs 19,51,025 ~ 19 Lacs+",Rs 0 ~
869,364,Sivashanmugam .p.,https://www.myneta.info/TamilNadu2011/candidate.php?candidate_id=364,THIRUTHURAIPOONDI,BJP,0,Graduate,"Rs 8,50,000 ~ 8 Lacs+","Rs 3,20,000 ~ 3 Lacs+"
870,1666,Soosai Marian.m,https://www.myneta.info/TamilNadu2011/candidate.php?candidate_id=1666,KILLIYOOR,IND,0,Post Graduate,https://myneta.info/image_v2.php?myneta_folder=TamilNadu2011&candidate_id=1666&col=ta,https://myneta.info/image_v2.php?myneta_folder=TamilNadu2011&candidate_id=1666&col=lia
871,2630,Soundar Rajan. S.,https://www.myneta.info/TamilNadu2011/candidate.php?candidate_id=2630,ANAIKATTU,PPIS,0,Graduate,"Rs 50,000 ~ 50 Thou+",Rs 0 ~
872,624,Sridhar Murthy A,https://www.myneta.info/TamilNadu2011/candidate.php?candidate_id=624,THONDAMUTHUR,BJP,0,Graduate Professional,"Rs 1,25,08,156 ~ 1 Crore+",Rs 0 ~
873,2838,Sridhar.p,https://www.myneta.info/TamilNadu2011/candidate.php?candidate_id=2838,SAIDAPET,IND,0,Others,https://myneta.info/image_v2.php?myneta_folder=TamilNadu2011&candidate_id=2838&col=ta,https://myneta.info/image_v2.php?myneta_folder=TamilNadu2011&candidate_id=2838&col=lia
874,42,Sridharan,https://www.myneta.info/TamilNadu2011/candidate.php?candidate_id=42,CHEPAUK-THIRUVALLIKENI,IND,0,Graduate Professional,"Rs 48,11,000 ~ 48 Lacs+","Rs 1,44,000 ~ 1 Lacs+"
875,1764,Srinivasan G,https://www.myneta.info/TamilNadu2011/candidate.php?candidate_id=1764,MADURAI CENTRAL,IND,0,8th Pass,"Rs 5,84,500 ~ 5 Lacs+",Rs 0 ~
876,524,Srinivasan K.,https://www.myneta.info/TamilNadu2011/candidate.php?candidate_id=524,MADURAI EAST,BJP,0,Post Graduate,https://myneta.info/image_v2.php?myneta_folder=TamilNadu2011&candidate_id=524&col=ta,https://myneta.info/image_v2.php?myneta_folder=TamilNadu2011&candidate_id=524&col=lia
877,1229,Srinivasan M,https://www.myneta.info/TamilNadu2011/candidate.php?candidate_id=1229,THIYAGARAYANAGAR,IND,0,Graduate Professional,"Rs 53,600 ~ 53 Thou+",Rs 0 ~
878,777,Srinivasan.d,https://www.myneta.info/TamilNadu2011/candidate.php?candidate_id=777,GUMMIDIPOONDI ,BSP,0,Graduate Professional,"Rs 2,20,000 ~ 2 Lacs+",Rs 0 ~
879,764,Srithar Vandaiyar,https://www.myneta.info/TamilNadu2011/candidate.php?candidate_id=764,CHIDAMBARAM,DMK,0,Post Graduate,https://myneta.info/image_v2.php?myneta_folder=TamilNadu2011&candidate_id=764&col=ta,https://myneta.info/image_v2.php?myneta_folder=TamilNadu2011&candidate_id=764&col=lia
880,1023,Sritharan P,https://www.myneta.info/TamilNadu2011/candidate.php?candidate_id=1023,VIRUGAMPAKKAM,BJP,0,Others,"Rs 1,24,09,193 ~ 1 Crore+","Rs 98,25,000 ~ 98 Lacs+"
881,189,Srk Appu A S Radhakrishnan,https://www.myneta.info/TamilNadu2011/candidate.php?candidate_id=189,KATPADI,AIADMK,0,Graduate,"Rs 80,28,662 ~ 80 Lacs+","Rs 28,29,364 ~ 28 Lacs+"
882,33,Stalin M K,https://www.myneta.info/TamilNadu2011/candidate.php?candidate_id=33,KOLATHUR,DMK,0,Graduate,https://myneta.info/image_v2.php?myneta_folder=TamilNadu2011&candidate_id=33&col=ta,https://myneta.info/image_v2.php?myneta_folder=TamilNadu2011&candidate_id=33&col=lia
883,464,Suba Thangavelan,https://www.myneta.info/TamilNadu2011/candidate.php?candidate_id=464,TIRUVADANAI,DMK,0,Not Given,"Rs 1,13,11,041 ~ 1 Crore+",Rs 0 ~
884,349,Subbha Somu,https://www.myneta.info/TamilNadu2011/candidate.php?candidate_id=349,MANAPPARAI,INC,0,Graduate,"Rs 6,38,06,000 ~ 6 Crore+","Rs 7,00,000 ~ 7 Lacs+"
885,117,Subbian G M,https://www.myneta.info/TamilNadu2011/candidate.php?candidate_id=117,COIMBATORE (NORTH),BJP,0,Others,https://myneta.info/image_v2.php?myneta_folder=TamilNadu2011&candidate_id=117&col=ta,https://myneta.info/image_v2.php?myneta_folder=TamilNadu2011&candidate_id=117&col=lia
886,358,Subburam. Rm.,https://www.myneta.info/TamilNadu2011/candidate.php?candidate_id=358,THIRUMAYAM,INC,0,Graduate,"Rs 50,44,800 ~ 50 Lacs+","Rs 5,50,000 ~ 5 Lacs+"
887,1937,Subhashini.v,https://www.myneta.info/TamilNadu2011/candidate.php?candidate_id=1937,PERAMBALUR,IND,0,Graduate Professional,"Rs 1,88,588 ~ 1 Lacs+",Rs 0 ~
888,43,Subramani N,https://www.myneta.info/TamilNadu2011/candidate.php?candidate_id=43,THOUSAND LIGHTS,IND,0,Post Graduate,https://myneta.info/image_v2.php?myneta_folder=TamilNadu2011&candidate_id=43&col=ta,https://myneta.info/image_v2.php?myneta_folder=TamilNadu2011&candidate_id=43&col=lia
889,191,Subramanian,https://www.myneta.info/TamilNadu2011/candidate.php?candidate_id=191,KAVUNDAMPALAYAM,DMK,0,10th Pass,"Rs 1,94,25,352 ~ 1 Crore+","Rs 6,11,014 ~ 6 Lacs+"
890,19,Subramanian C,https://www.myneta.info/TamilNadu2011/candidate.php?candidate_id=19,THIRUVALLUR,IND,0,10th Pass,"Rs 1,00,000 ~ 1 Lacs+",Rs 0 ~
891,230,Subramanian. N,https://www.myneta.info/TamilNadu2011/candidate.php?candidate_id=230,GANDHARVAKOTTAI,AIADMK,0,10th Pass,https://myneta.info/image_v2.php?myneta_folder=TamilNadu2011&candidate_id=230&col=ta,https://myneta.info/image_v2.php?myneta_folder=TamilNadu2011&candidate_id=230&col=lia
892,2253,Subramanian.g,https://www.myneta.info/TamilNadu2011/candidate.php?candidate_id=2253,NANNILAM,IND,0,Post Graduate,"Rs 1,63,000 ~ 1 Lacs+",Rs 0 ~
893,1199,Subramaniyam. G,https://www.myneta.info/TamilNadu2011/candidate.php?candidate_id=1199,ROYAPURAM,IND,0,Graduate Professional,"Rs 60,000 ~ 60 Thou+",Rs 0 ~
894,12,Sudhakar M,https://www.myneta.info/TamilNadu2011/candidate.php?candidate_id=12,GUMMIDIPOONDI ,RPI(A),0,Illiterate,https://myneta.info/image_v2.php?myneta_folder=TamilNadu2011&candidate_id=12&col=ta,https://myneta.info/image_v2.php?myneta_folder=TamilNadu2011&candidate_id=12&col=lia
895,1236,Sudhakar. M,https://www.myneta.info/TamilNadu2011/candidate.php?candidate_id=1236,THOUSAND LIGHTS,IND,0,Graduate Professional,"Rs 1,64,000 ~ 1 Lacs+",Rs 0 ~
896,1205,Sudhakar.k,https://www.myneta.info/TamilNadu2011/candidate.php?candidate_id=1205,SAIDAPET,IND,0,5th Pass,"Rs 79,000 ~ 79 Thou+",Rs 0 ~
897,44,Sugendran S,https://www.myneta.info/TamilNadu2011/candidate.php?candidate_id=44,THOUSAND LIGHTS,IND,0,Post Graduate,https://myneta.info/image_v2.php?myneta_folder=TamilNadu2011&candidate_id=44&col=ta,https://myneta.info/image_v2.php?myneta_folder=TamilNadu2011&candidate_id=44&col=lia
898,413,Sujith Kumar G.,https://www.myneta.info/TamilNadu2011/candidate.php?candidate_id=413,PADMANABHAPURAM,BJP,0,Graduate Professional,"Rs 70,64,000 ~ 70 Lacs+",Rs 0 ~
899,645,Sundaramoorthy,https://www.myneta.info/TamilNadu2011/candidate.php?candidate_id=645,VILATHIKULAM,BJP,0,10th Pass,"Rs 1,60,000 ~ 1 Lacs+",Rs 0 ~
900,842,Sundaramurthi.r,https://www.myneta.info/TamilNadu2011/candidate.php?candidate_id=842,EGMORE,IJK,0,Post Graduate,https://myneta.info/image_v2.php?myneta_folder=TamilNadu2011&candidate_id=842&col=ta,https://myneta.info/image_v2.php?myneta_folder=TamilNadu2011&candidate_id=842&col=lia
901,377,Sundararajan C R,https://www.myneta.info/TamilNadu2011/candidate.php?candidate_id=377,THIRUPARANKUNDRAM,INC,0,Graduate,"Rs 34,25,671 ~ 34 Lacs+",Rs 0 ~
902,1109,Sundari. S,https://www.myneta.info/TamilNadu2011/candidate.php?candidate_id=1109,CHEPAUK-THIRUVALLIKENI,IND,0,5th Pass,"Rs 50,000 ~ 50 Thou+",Rs 0 ~
903,2561,Suresh.t,https://www.myneta.info/TamilNadu2011/candidate.php?candidate_id=2561,CHENGAM,IND,0,10th Pass,https://myneta.info/image_v2.php?myneta_folder=TamilNadu2011&candidate_id=2561&col=ta,https://myneta.info/image_v2.php?myneta_folder=TamilNadu2011&candidate_id=2561&col=lia
904,841,Sureshbabu.d,https://www.myneta.info/TamilNadu2011/candidate.php?candidate_id=841,EGMORE,BSP,0,Graduate,"Rs 70,000 ~ 70 Thou+",Rs 0 ~
905,2620,Syed Badruddin.n,https://www.myneta.info/TamilNadu2011/candidate.php?candidate_id=2620,AMBUR,INL,0,10th Pass,"Rs 50,000 ~ 50 Thou+",Rs 0 ~
906,884,Syed Ghiyas Ul Haq,https://www.myneta.info/TamilNadu2011/candidate.php?candidate_id=884,KRISHNAGIRI,INC,0,Others,https://myneta.info/image_v2.php?myneta_folder=TamilNadu2011&candidate_id=884&col=ta,https://myneta.info/image_v2.php?myneta_folder=TamilNadu2011&candidate_id=884&col=lia
907,1146,Syed Ibrahim A,https://www.myneta.info/TamilNadu2011/candidate.php?candidate_id=1146,HARBOUR ,IND,0,8th Pass,"Rs 14,000 ~ 14 Thou+",Rs 0 ~
908,559,T Ilanchezhian,https://www.myneta.info/TamilNadu2011/candidate.php?candidate_id=559,POOMPUHAR,BSP,0,Graduate,"Rs 10,000 ~ 10 Thou+",Rs 0 ~
909,723,T Jeyachandra,https://www.myneta.info/TamilNadu2011/candidate.php?candidate_id=723,AMBATTUR,BJP,0,Post Graduate,https://myneta.info/image_v2.php?myneta_folder=TamilNadu2011&candidate_id=723&col=ta,https://myneta.info/image_v2.php?myneta_folder=TamilNadu2011&candidate_id=723&col=lia
910,890,T. Immanuvel,https://www.myneta.info/TamilNadu2011/candidate.php?candidate_id=890,NANNILAM,BSP,0,10th Pass,"Rs 50,500 ~ 50 Thou+",Rs 0 ~
911,404,T. Indira Gandhi,https://www.myneta.info/TamilNadu2011/candidate.php?candidate_id=404,THURAIYUR,AIADMK,0,Post Graduate,"Rs 77,30,000 ~ 77 Lacs+","Rs 14,51,000 ~ 14 Lacs+"
912,366,T. Neethirajan,https://www.myneta.info/TamilNadu2011/candidate.php?candidate_id=366,VRIDDHACHALAM,INC,0,12th Pass,https://myneta.info/image_v2.php?myneta_folder=TamilNadu2011&candidate_id=366&col=ta,https://myneta.info/image_v2.php?myneta_folder=TamilNadu2011&candidate_id=366&col=lia
913,298,T. Pandiyanrajan,https://www.myneta.info/TamilNadu2011/candidate.php?candidate_id=298,THIRUVIDAIMARUDUR,AIADMK,0,8th Pass,"Rs 4,20,000 ~ 4 Lacs+",Rs 0 ~
914,243,T. Ramachandran,https://www.myneta.info/TamilNadu2011/candidate.php?candidate_id=243,THALLI,CPI,0,Graduate Professional,"Rs 98,33,684 ~ 98 Lacs+","Rs 5,78,180 ~ 5 Lacs+"
915,486,T. Suresh @ Suresh Kumar,https://www.myneta.info/TamilNadu2011/candidate.php?candidate_id=486,CHENGAM,DMDK,0,8th Pass,https://myneta.info/image_v2.php?myneta_folder=TamilNadu2011&candidate_id=486&col=ta,https://myneta.info/image_v2.php?myneta_folder=TamilNadu2011&candidate_id=486&col=lia
916,674,T.arivuselvan,https://www.myneta.info/TamilNadu2011/candidate.php?candidate_id=674,BHUVANAGIRI,PMK,0,Graduate,"Rs 67,08,059 ~ 67 Lacs+","Rs 7,76,680 ~ 7 Lacs+"
917,548,T.baskaran,https://www.myneta.info/TamilNadu2011/candidate.php?candidate_id=548,KUNNAM,BJP,0,10th Pass,"Rs 73,06,000 ~ 73 Lacs+","Rs 9,00,000 ~ 9 Lacs+"
918,643,T.chandra Kumar,https://www.myneta.info/TamilNadu2011/candidate.php?candidate_id=643,KILLIYOOR,BJP,0,Graduate,https://myneta.info/image_v2.php?myneta_folder=TamilNadu2011&candidate_id=643&col=ta,https://myneta.info/image_v2.php?myneta_folder=TamilNadu2011&candidate_id=643&col=lia
919,396,T.k.m.chinneyah,https://www.myneta.info/TamilNadu2011/candidate.php?candidate_id=396,TAMBARAM,AIADMK,0,Graduate,"Rs 36,94,800 ~ 36 Lacs+",Rs 0 ~
920,557,T.mahendraen,https://www.myneta.info/TamilNadu2011/candidate.php?candidate_id=557,PAPANASAM,BJP,0,Graduate,"Rs 1,21,975 ~ 1 Lacs+","Rs 1,97,500 ~ 1 Lacs+"
921,511,T.mahesh Krishnasamy,https://www.myneta.info/TamilNadu2011/candidate.php?candidate_id=511,ORATHANADU,DMK,0,Graduate Professional,https://myneta.info/image_v2.php?myneta_folder=TamilNadu2011&candidate_id=511&col=ta,https://myneta.info/image_v2.php?myneta_folder=TamilNadu2011&candidate_id=511&col=lia
922,660,T.p.asaithambi,https://www.myneta.info/TamilNadu2011/candidate.php?candidate_id=660,TIRUPATTUR,BSP,0,5th Pass,"Rs 20,500 ~ 20 Thou+",Rs 0 ~
923,485,T.p.m.mohideenkhan,https://www.myneta.info/TamilNadu2011/candidate.php?candidate_id=485,PALAYAMKOTTAI,DMK,0,10th Pass,"Rs 1,07,41,012 ~ 1 Crore+",Rs 0 ~
924,494,T.senguttuvan,https://www.myneta.info/TamilNadu2011/candidate.php?candidate_id=494,VEPPANAHALLI,DMK,0,10th Pass,https://myneta.info/image_v2.php?myneta_folder=TamilNadu2011&candidate_id=494&col=ta,https://myneta.info/image_v2.php?myneta_folder=TamilNadu2011&candidate_id=494&col=lia
925,1873,T.v.r.veeramani,https://www.myneta.info/TamilNadu2011/candidate.php?candidate_id=1873,VEDARANYAM,IND,0,8th Pass,"Rs 1,06,34,000 ~ 1 Crore+","Rs 1,00,000 ~ 1 Lacs+"
926,233,T.velmurugan,https://www.myneta.info/TamilNadu2011/candidate.php?candidate_id=233,NEYVELI,PMK,0,12th Pass,"Rs 83,36,034 ~ 83 Lacs+",Rs 0 ~
927,285,Tamilarasan K.,https://www.myneta.info/TamilNadu2011/candidate.php?candidate_id=285,MADURAI EAST,AIADMK,0,8th Pass,https://myneta.info/image_v2.php?myneta_folder=TamilNadu2011&candidate_id=285&col=ta,https://myneta.info/image_v2.php?myneta_folder=TamilNadu2011&candidate_id=285&col=lia
928,885,Tamilarasi A.,https://www.myneta.info/TamilNadu2011/candidate.php?candidate_id=885,MANAMADURAI,DMK,0,Graduate,"Rs 64,98,783 ~ 64 Lacs+",Rs 0 ~
929,2349,Tamilarasi V,https://www.myneta.info/TamilNadu2011/candidate.php?candidate_id=2349,SRIRANGAM,IJK,0,10th Pass,"Rs 49,62,102 ~ 49 Lacs+","Rs 2,25,000 ~ 2 Lacs+"
930,1538,Tamilarasu.p,https://www.myneta.info/TamilNadu2011/candidate.php?candidate_id=1538,PERUNDURAI,IND,0,12th Pass,https://myneta.info/image_v2.php?myneta_folder=TamilNadu2011&candidate_id=1538&col=ta,https://myneta.info/image_v2.php?myneta_folder=TamilNadu2011&candidate_id=1538&col=lia
931,481,Tamilazhagan,https://www.myneta.info/TamilNadu2011/candidate.php?candidate_id=481,TITTAKUDI,DMDK,0,10th Pass,"Rs 5,30,000 ~ 5 Lacs+",Rs 0 ~
932,665,Tamilselvan,https://www.myneta.info/TamilNadu2011/candidate.php?candidate_id=665,YERCAUD,DMK,0,5th Pass,"Rs 67,77,200 ~ 67 Lacs+","Rs 9,46,906 ~ 9 Lacs+"
933,1750,Tamilselvan.k.,https://www.myneta.info/TamilNadu2011/candidate.php?candidate_id=1750,KRISHNAGIRI,IND,0,12th Pass,https://myneta.info/image_v2.php?myneta_folder=TamilNadu2011&candidate_id=1750&col=ta,https://myneta.info/image_v2.php?myneta_folder=TamilNadu2011&candidate_id=1750&col=lia
934,1778,Tamilselvi K,https://www.myneta.info/TamilNadu2011/candidate.php?candidate_id=1778,MADURAI EAST,JMM,0,8th Pass,"Rs 3,75,000 ~ 3 Lacs+",Rs 0 ~
935,1432,Tamilselvi.s,https://www.myneta.info/TamilNadu2011/candidate.php?candidate_id=1432,NATHAM,IND,0,Not Given,"Rs 51,000 ~ 51 Thou+",Rs 0 ~
936,2085,Tamizharasan.k.,https://www.myneta.info/TamilNadu2011/candidate.php?candidate_id=2085,VEERAPANDI,IND,0,Graduate Professional,https://myneta.info/image_v2.php?myneta_folder=TamilNadu2011&candidate_id=2085&col=ta,https://myneta.info/image_v2.php?myneta_folder=TamilNadu2011&candidate_id=2085&col=lia
937,2258,Thai.kandasamy,https://www.myneta.info/TamilNadu2011/candidate.php?candidate_id=2258,THIRUTHURAIPOONDI,BSP,0,Graduate Professional,"Rs 1,10,000 ~ 1 Lacs+","Rs 8,000 ~ 8 Thou+"
938,630,Thameemun Ansari.m,https://www.myneta.info/TamilNadu2011/candidate.php?candidate_id=630,CHEPAUK-THIRUVALLIKENI,Manithaneya Makkal Katchi,0,Graduate,"Rs 16,09,397 ~ 16 Lacs+",Rs 0 ~
939,744,Thamizharasan.c.k,https://www.myneta.info/TamilNadu2011/candidate.php?candidate_id=744,KILVAITHINANKUPPAM,AIADMK,0,Doctorate,https://myneta.info/image_v2.php?myneta_folder=TamilNadu2011&candidate_id=744&col=ta,https://myneta.info/image_v2.php?myneta_folder=TamilNadu2011&candidate_id=744&col=lia
940,415,Thamizhselvan.r,https://www.myneta.info/TamilNadu2011/candidate.php?candidate_id=415,PERAMBALUR,AIADMK,0,Graduate,"Rs 28,00,000 ~ 28 Lacs+",Rs 0 ~
941,205,Thanga Tamilselvan,https://www.myneta.info/TamilNadu2011/candidate.php?candidate_id=205,ANDIPATTI,AIADMK,0,Post Graduate,"Rs 1,22,89,000 ~ 1 Crore+","Rs 56,58,188 ~ 56 Lacs+"
942,1238,Thangalingam. P,https://www.myneta.info/TamilNadu2011/candidate.php?candidate_id=1238,THOUSAND LIGHTS,IND,0,8th Pass,https://myneta.info/image_v2.php?myneta_folder=TamilNadu2011&candidate_id=1238&col=ta,https://myneta.info/image_v2.php?myneta_folder=TamilNadu2011&candidate_id=1238&col=lia
943,695,Thangam Thennarasu,https://www.myneta.info/TamilNadu2011/candidate.php?candidate_id=695,TIRUCHULI,DMK,0,Graduate Professional,"Rs 3,62,90,516 ~ 3 Crore+","Rs 50,00,000 ~ 50 Lacs+"
944,277,Thangamani.p,https://www.myneta.info/TamilNadu2011/candidate.php?candidate_id=277,KUMARAPALAYAM,AIADMK,0,10th Pass,"Rs 73,52,678 ~ 73 Lacs+","Rs 57,000 ~ 57 Thou+"
945,1878,Thangamani.s,https://www.myneta.info/TamilNadu2011/candidate.php?candidate_id=1878,KUMARAPALAYAM,IND,0,Illiterate,https://myneta.info/image_v2.php?myneta_folder=TamilNadu2011&candidate_id=1878&col=ta,https://myneta.info/image_v2.php?myneta_folder=TamilNadu2011&candidate_id=1878&col=lia
946,141,Thangaraj B,https://www.myneta.info/TamilNadu2011/candidate.php?candidate_id=141,EDAPPADI,BJP,0,12th Pass,"Rs 8,80,000 ~ 8 Lacs+","Rs 3,60,000 ~ 3 Lacs+"
947,2385,Thangaraj V K,https://www.myneta.info/TamilNadu2011/candidate.php?candidate_id=2385,TIRUCHIRAPPALLI (EAST),ABHM,0,Literate,"Rs 97,500 ~ 97 Thou+",Rs 0 ~
948,80,Thanigaimalai M,https://www.myneta.info/TamilNadu2011/candidate.php?candidate_id=80,KANCHEEPURAM,IND,0,8th Pass,https://myneta.info/image_v2.php?myneta_folder=TamilNadu2011&candidate_id=80&col=ta,https://myneta.info/image_v2.php?myneta_folder=TamilNadu2011&candidate_id=80&col=lia
949,746,Thaniyarasu.u,https://www.myneta.info/TamilNadu2011/candidate.php?candidate_id=746,PARAMATHI-VELUR,AIADMK,0,Post Graduate,"Rs 99,06,772 ~ 99 Lacs+","Rs 10,00,000 ~ 10 Lacs+"
950,1667,Thankamony.c,https://www.myneta.info/TamilNadu2011/candidate.php?candidate_id=1667,KILLIYOOR,IND,0,Post Graduate,"Rs 51,85,500 ~ 51 Lacs+","Rs 1,50,000 ~ 1 Lacs+"
951,1455,"Thayar Sulthan,k",https://www.myneta.info/TamilNadu2011/candidate.php?candidate_id=1455,PALANI,BSP,0,Literate,https://myneta.info/image_v2.php?myneta_folder=TamilNadu2011&candidate_id=1455&col=ta,https://myneta.info/image_v2.php?myneta_folder=TamilNadu2011&candidate_id=1455&col=lia
952,886,Thinakaran K.,https://www.myneta.info/TamilNadu2011/candidate.php?candidate_id=886,SULUR,DMDK,0,12th Pass,"Rs 2,11,360 ~ 2 Lacs+",Rs 0 ~
953,155,Thiravidamani M,https://www.myneta.info/TamilNadu2011/candidate.php?candidate_id=155,GUDALUR,DMK,0,Post Graduate,"Rs 62,12,734 ~ 62 Lacs+","Rs 4,61,331 ~ 4 Lacs+"
954,712,Thirumalai,https://www.myneta.info/TamilNadu2011/candidate.php?candidate_id=712,TIRUCHIRAPPALLI (WEST),BJP,0,12th Pass,https://myneta.info/image_v2.php?myneta_folder=TamilNadu2011&candidate_id=712&col=ta,https://myneta.info/image_v2.php?myneta_folder=TamilNadu2011&candidate_id=712&col=lia
955,1113,Thirumalai Pandian. R,https://www.myneta.info/TamilNadu2011/candidate.php?candidate_id=1113,CHEPAUK-THIRUVALLIKENI,IND,0,5th Pass,"Rs 50,000 ~ 50 Thou+",Rs 0 ~
956,356,Thirunavukkarasar. S,https://www.myneta.info/TamilNadu2011/candidate.php?candidate_id=356,ARANTHANGI,INC,0,Post Graduate,"Rs 1,78,79,120 ~ 1 Crore+","Rs 5,55,576 ~ 5 Lacs+"
957,1102,Thirunavukkarasu M,https://www.myneta.info/TamilNadu2011/candidate.php?candidate_id=1102,ANNA NAGAR,IND,0,Graduate,https://myneta.info/image_v2.php?myneta_folder=TamilNadu2011&candidate_id=1102&col=ta,https://myneta.info/image_v2.php?myneta_folder=TamilNadu2011&candidate_id=1102&col=lia
958,853,Thiwan Muhammedu Nahib,https://www.myneta.info/TamilNadu2011/candidate.php?candidate_id=853,THOUSAND LIGHTS,IJK,0,8th Pass,"Rs 20,25,000 ~ 20 Lacs+",Rs 0 ~
959,2259,U.ramachandran,https://www.myneta.info/TamilNadu2011/candidate.php?candidate_id=2259,THIRUTHURAIPOONDI,IND,0,10th Pass,"Rs 5,44,000 ~ 5 Lacs+","Rs 1,92,000 ~ 1 Lacs+"
960,1082,U.thilakarajan,https://www.myneta.info/TamilNadu2011/candidate.php?candidate_id=1082,ALANDUR,IND,0,Graduate,https://myneta.info/image_v2.php?myneta_folder=TamilNadu2011&candidate_id=1082&col=ta,https://myneta.info/image_v2.php?myneta_folder=TamilNadu2011&candidate_id=1082&col=lia
961,857,Udhayakumar.k,https://www.myneta.info/TamilNadu2011/candidate.php?candidate_id=857,ANNA NAGAR,Lok Satta Party,0,Post Graduate,"Rs 7,85,902 ~ 7 Lacs+","Rs 2,80,000 ~ 2 Lacs+"
962,662,Udhayasuriyan,https://www.myneta.info/TamilNadu2011/candidate.php?candidate_id=662,SANKARAPURAM,DMK,0,Graduate,"Rs 2,08,35,703 ~ 2 Crore+","Rs 24,17,747 ~ 24 Lacs+"
963,1304,Ummar Kathap T M,https://www.myneta.info/TamilNadu2011/candidate.php?candidate_id=1304,THONDAMUTHUR,SDPI,0,12th Pass,https://myneta.info/image_v2.php?myneta_folder=TamilNadu2011&candidate_id=1304&col=ta,https://myneta.info/image_v2.php?myneta_folder=TamilNadu2011&candidate_id=1304&col=lia
964,536,V Chidambaram,https://www.myneta.info/TamilNadu2011/candidate.php?candidate_id=536,KARAIKUDI,BJP,0,12th Pass,"Rs 12,14,161 ~ 12 Lacs+","Rs 98,222 ~ 98 Thou+"
965,1062,V Jayaraman,https://www.myneta.info/TamilNadu2011/candidate.php?candidate_id=1062,AVADI,IND,0,8th Pass,"Rs 6,05,000 ~ 6 Lacs+",Rs 0 ~
966,618,V Palani,https://www.myneta.info/TamilNadu2011/candidate.php?candidate_id=618,PALAYAMKOTTAI,CPM,0,Post Graduate,https://myneta.info/image_v2.php?myneta_folder=TamilNadu2011&candidate_id=618&col=ta,https://myneta.info/image_v2.php?myneta_folder=TamilNadu2011&candidate_id=618&col=lia
967,670,V Selvam,https://www.myneta.info/TamilNadu2011/candidate.php?candidate_id=670,PALACODU,PMK,0,8th Pass,"Rs 56,55,160 ~ 56 Lacs+","Rs 1,55,367 ~ 1 Lacs+"
968,1640,V. Deivasigamani,https://www.myneta.info/TamilNadu2011/candidate.php?candidate_id=1640,UTHIRAMERUR,IND,0,10th Pass,"Rs 15,83,000 ~ 15 Lacs+",Rs 0 ~
969,8,V. Ganesan,https://www.myneta.info/TamilNadu2011/candidate.php?candidate_id=8,DINDIGUL,ABHM,0,12th Pass,https://myneta.info/image_v2.php?myneta_folder=TamilNadu2011&candidate_id=8&col=ta,https://myneta.info/image_v2.php?myneta_folder=TamilNadu2011&candidate_id=8&col=lia
970,339,V. Gunaseelan,https://www.myneta.info/TamilNadu2011/candidate.php?candidate_id=339,VANDAVASI,AIADMK,0,5th Pass,"Rs 2,68,000 ~ 2 Lacs+",Rs 0 ~
971,269,V. Markandayan,https://www.myneta.info/TamilNadu2011/candidate.php?candidate_id=269,VILATHIKULAM,AIADMK,0,Graduate Professional,"Rs 1,03,16,030 ~ 1 Crore+","Rs 20,35,668 ~ 20 Lacs+"
972,495,V. Mullaivendhan,https://www.myneta.info/TamilNadu2011/candidate.php?candidate_id=495,PAPPIREDDIPPATTI,DMK,0,10th Pass,https://myneta.info/image_v2.php?myneta_folder=TamilNadu2011&candidate_id=495&col=ta,https://myneta.info/image_v2.php?myneta_folder=TamilNadu2011&candidate_id=495&col=lia
973,571,V. Ponnupandi,https://www.myneta.info/TamilNadu2011/candidate.php?candidate_id=571,SRIVILLIPUTHUR,CPI,0,5th Pass,"Rs 9,45,392 ~ 9 Lacs+","Rs 1,17,500 ~ 1 Lacs+"
974,371,V. Rajasekaran,https://www.myneta.info/TamilNadu2011/candidate.php?candidate_id=371,SIVAGANGA,INC,0,5th Pass,"Rs 9,60,056 ~ 9 Lacs+",Rs 0 ~
975,210,V. Senthilnathan,https://www.myneta.info/TamilNadu2011/candidate.php?candidate_id=210,ARAVAKURICHI,AIADMK,0,12th Pass,https://myneta.info/image_v2.php?myneta_folder=TamilNadu2011&candidate_id=210&col=ta,https://myneta.info/image_v2.php?myneta_folder=TamilNadu2011&candidate_id=210&col=lia
976,891,V. Vaiyadurai,https://www.myneta.info/TamilNadu2011/candidate.php?candidate_id=891,THIRUMANGALAM,BSP,0,Graduate Professional,"Rs 2,54,000 ~ 2 Lacs+","Rs 1,11,000 ~ 1 Lacs+"
977,226,V.anbazhagan,https://www.myneta.info/TamilNadu2011/candidate.php?candidate_id=226,PERIYAKULAM,DMK,0,Graduate,"Rs 25,05,266 ~ 25 Lacs+","Rs 5,82,887 ~ 5 Lacs+"
978,444,V.c. Chandrakumar,https://www.myneta.info/TamilNadu2011/candidate.php?candidate_id=444,ERODE (EAST),DMDK,0,10th Pass,https://myneta.info/image_v2.php?myneta_folder=TamilNadu2011&candidate_id=444&col=ta,https://myneta.info/image_v2.php?myneta_folder=TamilNadu2011&candidate_id=444&col=lia
979,239,V.g. Rangasamy,https://www.myneta.info/TamilNadu2011/candidate.php?candidate_id=239,CHENGALPATTU,PMK,0,Others,"Rs 64,55,186 ~ 64 Lacs+",Rs 0 ~
980,306,V.k. Arivazhagan,https://www.myneta.info/TamilNadu2011/candidate.php?candidate_id=306,ANNA NAGAR,INC,0,Graduate Professional,"Rs 2,12,42,847 ~ 2 Crore+","Rs 23,77,382 ~ 23 Lacs+"
981,711,V.kannan,https://www.myneta.info/TamilNadu2011/candidate.php?candidate_id=711,CHIDAMBARAM,BJP,0,Graduate Professional,https://myneta.info/image_v2.php?myneta_folder=TamilNadu2011&candidate_id=711&col=ta,https://myneta.info/image_v2.php?myneta_folder=TamilNadu2011&candidate_id=711&col=lia
982,480,V.karuppasamypandian,https://www.myneta.info/TamilNadu2011/candidate.php?candidate_id=480,TENKASI,DMK,0,10th Pass,"Rs 90,27,916 ~ 90 Lacs+",Rs 0 ~
983,715,V.murali Ganesh,https://www.myneta.info/TamilNadu2011/candidate.php?candidate_id=715,PATTUKKOTTAI,BJP,0,Graduate Professional,"Rs 19,51,778 ~ 19 Lacs+",Rs 0 ~
984,500,V.p. Duraisamy,https://www.myneta.info/TamilNadu2011/candidate.php?candidate_id=500,RASIPURAM,DMK,0,Graduate Professional,https://myneta.info/image_v2.php?myneta_folder=TamilNadu2011&candidate_id=500&col=ta,https://myneta.info/image_v2.php?myneta_folder=TamilNadu2011&candidate_id=500&col=lia
985,57,V.s.elumalai,https://www.myneta.info/TamilNadu2011/candidate.php?candidate_id=57,VELLORE,IND,0,8th Pass,"Rs 2,73,724 ~ 2 Lacs+",Rs 0 ~
986,595,V.s.premanathan,https://www.myneta.info/TamilNadu2011/candidate.php?candidate_id=595,VEPPANAHALLI,BJP,0,10th Pass,"Rs 95,94,090 ~ 95 Lacs+","Rs 3,00,000 ~ 3 Lacs+"
987,223,V.s.raji,https://www.myneta.info/TamilNadu2011/candidate.php?candidate_id=223,CHEYYUR,AIADMK,0,Graduate,https://myneta.info/image_v2.php?myneta_folder=TamilNadu2011&candidate_id=223&col=ta,https://myneta.info/image_v2.php?myneta_folder=TamilNadu2011&candidate_id=223&col=lia
988,2439,V.senaidurainadar,https://www.myneta.info/TamilNadu2011/candidate.php?candidate_id=2439,NANGUNERI,IND,0,5th Pass,"Rs 24,35,435 ~ 24 Lacs+",Rs 0 ~
989,804,V.shanthakumar,https://www.myneta.info/TamilNadu2011/candidate.php?candidate_id=804,THIRUVALLUR,BSP,0,Graduate Professional,"Rs 2,20,000 ~ 2 Lacs+",Rs 0 ~
990,249,V.somasundaram,https://www.myneta.info/TamilNadu2011/candidate.php?candidate_id=249,KANCHEEPURAM,AIADMK,0,Graduate Professional,https://myneta.info/image_v2.php?myneta_folder=TamilNadu2011&candidate_id=249&col=ta,https://myneta.info/image_v2.php?myneta_folder=TamilNadu2011&candidate_id=249&col=lia
991,1876,V.subramanian,https://www.myneta.info/TamilNadu2011/candidate.php?candidate_id=1876,VEDARANYAM,IND,0,10th Pass,"Rs 52,99,366 ~ 52 Lacs+","Rs 50,000 ~ 50 Thou+"
992,2681,V.velu,https://www.myneta.info/TamilNadu2011/candidate.php?candidate_id=2681,SHOLINGUR,IND,0,12th Pass,"Rs 10,000 ~ 10 Thou+",Rs 0 ~
993,580,V.venkatakrishnan,https://www.myneta.info/TamilNadu2011/candidate.php?candidate_id=580,THIRUVOTTIYUR,BJP,0,10th Pass,https://myneta.info/image_v2.php?myneta_folder=TamilNadu2011&candidate_id=580&col=ta,https://myneta.info/image_v2.php?myneta_folder=TamilNadu2011&candidate_id=580&col=lia
994,538,V.viswanathagopalan,https://www.myneta.info/TamilNadu2011/candidate.php?candidate_id=538,MANAMADURAI,BJP,0,5th Pass,"Rs 2,33,24,972 ~ 2 Crore+","Rs 37,50,000 ~ 37 Lacs+"
995,541,Vadamalai . P,https://www.myneta.info/TamilNadu2011/candidate.php?candidate_id=541,THIRUMAYAM,BJP,0,8th Pass,"Rs 50,86,000 ~ 50 Lacs+",Rs 0 ~
996,2684,Vadivel,https://www.myneta.info/TamilNadu2011/candidate.php?candidate_id=2684,SHOLINGUR,IND,0,Graduate,https://myneta.info/image_v2.php?myneta_folder=TamilNadu2011&candidate_id=2684&col=ta,https://myneta.info/image_v2.php?myneta_folder=TamilNadu2011&candidate_id=2684&col=lia
997,214,Vaigaichelvan,https://www.myneta.info/TamilNadu2011/candidate.php?candidate_id=214,ARUPPUKKOTTAI,AIADMK,0,Post Graduate,"Rs 45,18,398 ~ 45 Lacs+","Rs 17,148 ~ 17 Thou+"
998,2703,Vaithilingam (a) Vaithiraja.p,https://www.myneta.info/TamilNadu2011/candidate.php?candidate_id=2703,GINGEE,IND,0,10th Pass,"Rs 21,15,500 ~ 21 Lacs+",Rs 0 ~
999,773,Vanaraja. T,https://www.myneta.info/TamilNadu2011/candidate.php?candidate_id=773,SIVAKASI,DMK,0,10th Pass,https://myneta.info/image_v2.php?myneta_folder=TamilNadu2011&candidate_id=773&col=ta,https://myneta.info/image_v2.php?myneta_folder=TamilNadu2011&candidate_id=773&col=lia
1000,869,Vanthi Srinivasan,https://www.myneta.info/TamilNadu2011/candidate.php?candidate_id=869,MYLAPORE,BJP,0,Post Graduate,"Rs 1,13,39,006 ~ 1 Crore+","Rs 50,000 ~ 50 Thou+"
1001,930,Varadarajan.a,https://www.myneta.info/TamilNadu2011/candidate.php?candidate_id=930,KATPADI,BJP,0,10th Pass,"Rs 86,500 ~ 86 Thou+",Rs 0 ~
1002,375,Varadharajan S P,https://www.myneta.info/TamilNadu2011/candidate.php?candidate_id=375,MADURAI SOUTH,INC,0,Graduate Professional,https://myneta.info/image_v2.php?myneta_folder=TamilNadu2011&candidate_id=375&col=ta,https://myneta.info/image_v2.php?myneta_folder=TamilNadu2011&candidate_id=375&col=lia
1003,1650,Varkees Tharuma Raj.g,https://www.myneta.info/TamilNadu2011/candidate.php?candidate_id=1650,COLACHAL,IND,0,Doctorate,"Rs 3,80,60,000 ~ 3 Crore+","Rs 7,45,000 ~ 7 Lacs+"
1004,1106,Vasigaran S.a.n.,https://www.myneta.info/TamilNadu2011/candidate.php?candidate_id=1106,ANNA NAGAR,IND,0,12th Pass,"Rs 2,75,000 ~ 2 Lacs+",Rs 0 ~
1005,716,Vasudevan,https://www.myneta.info/TamilNadu2011/candidate.php?candidate_id=716,MANNARGUDI ,BJP,0,Post Graduate,https://myneta.info/image_v2.php?myneta_folder=TamilNadu2011&candidate_id=716&col=ta,https://myneta.info/image_v2.php?myneta_folder=TamilNadu2011&candidate_id=716&col=lia
1006,177,"Veeramani, K.c.",https://www.myneta.info/TamilNadu2011/candidate.php?candidate_id=177,JOLARPET,AIADMK,0,10th Pass,"Rs 9,07,87,670 ~ 9 Crore+","Rs 1,59,75,604 ~ 1 Crore+"
1007,518,Veerapandi S Arumugam,https://www.myneta.info/TamilNadu2011/candidate.php?candidate_id=518,SANKARI,DMK,0,10th Pass,"Rs 4,94,28,803 ~ 4 Crore+","Rs 1,87,71,439 ~ 1 Crore+"
1008,384,Veldurai,https://www.myneta.info/TamilNadu2011/candidate.php?candidate_id=384,RADHAPURAM,INC,0,Graduate,https://myneta.info/image_v2.php?myneta_folder=TamilNadu2011&candidate_id=384&col=ta,https://myneta.info/image_v2.php?myneta_folder=TamilNadu2011&candidate_id=384&col=lia
1009,1208,Velmuguan.d,https://www.myneta.info/TamilNadu2011/candidate.php?candidate_id=1208,SAIDAPET,IND,0,10th Pass,"Rs 30,000 ~ 30 Thou+",Rs 0 ~
1010,434,Velu.v.b.,https://www.myneta.info/TamilNadu2011/candidate.php?candidate_id=434,ANAIKATTU,DMDK,0,8th Pass,"Rs 14,50,000 ~ 14 Lacs+",Rs 0 ~
1011,98,Velumani A,https://www.myneta.info/TamilNadu2011/candidate.php?candidate_id=98,ANTHIYUR,UMK,0,Literate,https://myneta.info/image_v2.php?myneta_folder=TamilNadu2011&candidate_id=98&col=ta,https://myneta.info/image_v2.php?myneta_folder=TamilNadu2011&candidate_id=98&col=lia
1012,405,Velumani S P,https://www.myneta.info/TamilNadu2011/candidate.php?candidate_id=405,THONDAMUTHUR,AIADMK,0,Post Graduate,"Rs 2,62,36,171 ~ 2 Crore+","Rs 5,40,098 ~ 5 Lacs+"
1013,1452,"Vengudusamy.a,",https://www.myneta.info/TamilNadu2011/candidate.php?candidate_id=1452,PALANI,IND,0,Not Given,"Rs 6,89,500 ~ 6 Lacs+","Rs 84,000 ~ 84 Thou+"
1014,2244,"Venkatachalam,l.",https://www.myneta.info/TamilNadu2011/candidate.php?candidate_id=2244,MANNARGUDI ,IND,0,5th Pass,https://myneta.info/image_v2.php?myneta_folder=TamilNadu2011&candidate_id=2244&col=ta,https://myneta.info/image_v2.php?myneta_folder=TamilNadu2011&candidate_id=2244&col=lia
1015,1539,Venkatachalam.n.p,https://www.myneta.info/TamilNadu2011/candidate.php?candidate_id=1539,PERUNDURAI,IND,0,Illiterate,"Rs 1,98,000 ~ 1 Lacs+",Rs 0 ~
1016,846,Venkataraman.s,https://www.myneta.info/TamilNadu2011/candidate.php?candidate_id=846,CHEPAUK-THIRUVALLIKENI,BJP,0,Graduate Professional,"Rs 43,40,000 ~ 43 Lacs+",Rs 0 ~
1017,89,Venkatesan G,https://www.myneta.info/TamilNadu2011/candidate.php?candidate_id=89,AMBUR,BJP,0,Others,https://myneta.info/image_v2.php?myneta_folder=TamilNadu2011&candidate_id=89&col=ta,https://myneta.info/image_v2.php?myneta_folder=TamilNadu2011&candidate_id=89&col=lia
1018,717,Venugopal M.,https://www.myneta.info/TamilNadu2011/candidate.php?candidate_id=717,TINDIVANAM,BJP,0,5th Pass,"Rs 60,495 ~ 60 Thou+",Rs 0 ~
1019,412,Venugopalu K.s.n.,https://www.myneta.info/TamilNadu2011/candidate.php?candidate_id=412,PALANI,AIADMK,0,Post Graduate,"Rs 11,57,44,700 ~ 11 Crore+","Rs 1,31,55,588 ~ 1 Crore+"
1020,138,Vetriivel,https://www.myneta.info/TamilNadu2011/candidate.php?candidate_id=138,DR.RADHAKRISHNAN NAGAR,AIADMK,0,Graduate,https://myneta.info/image_v2.php?myneta_folder=TamilNadu2011&candidate_id=138&col=ta,https://myneta.info/image_v2.php?myneta_folder=TamilNadu2011&candidate_id=138&col=lia
1021,2242,"Vetrivel, K.",https://www.myneta.info/TamilNadu2011/candidate.php?candidate_id=2242,MANNARGUDI ,IND,0,8th Pass,"Rs 5,74,000 ~ 5 Lacs+",Rs 0 ~
1022,633,Vetrivel. R,https://www.myneta.info/TamilNadu2011/candidate.php?candidate_id=633,ARUPPUKKOTTAI,BJP,0,Graduate,Nil,Rs 0 ~
1023,565,Vetrivendan.d,https://www.myneta.info/TamilNadu2011/candidate.php?candidate_id=565,VANUR,BJP,0,Graduate,https://myneta.info/image_v2.php?myneta_folder=TamilNadu2011&candidate_id=565&col=ta,https://myneta.info/image_v2.php?myneta_folder=TamilNadu2011&candidate_id=565&col=lia
1024,183,Vidiyalsekar,https://www.myneta.info/TamilNadu2011/candidate.php?candidate_id=183,KANGAYAM,INC,0,Graduate Professional,"Rs 4,46,94,092 ~ 4 Crore+",Rs 0 ~
1025,321,Vijay Elanchezian,https://www.myneta.info/TamilNadu2011/candidate.php?candidate_id=321,AMBUR,INC,0,Graduate Professional,"Rs 39,93,500 ~ 39 Lacs+","Rs 10,77,786 ~ 10 Lacs+"
1026,332,Vijay.dr.v.s.,https://www.myneta.info/TamilNadu2011/candidate.php?candidate_id=332,VELLORE,AIADMK,0,Post Graduate,https://myneta.info/image_v2.php?myneta_folder=TamilNadu2011&candidate_id=332&col=ta,https://myneta.info/image_v2.php?myneta_folder=TamilNadu2011&candidate_id=332&col=lia
1027,977,Vijayakanth.m,https://www.myneta.info/TamilNadu2011/candidate.php?candidate_id=977,RISHIVANDIYAM,IND,0,8th Pass,"Rs 14,92,000 ~ 14 Lacs+",Rs 0 ~
1028,29,Vijayakumar K,https://www.myneta.info/TamilNadu2011/candidate.php?candidate_id=29,PERAMBUR,JMM,0,10th Pass,"Rs 75,69,000 ~ 75 Lacs+",Rs 0 ~
1029,1083,Vijayakumar.c.,https://www.myneta.info/TamilNadu2011/candidate.php?candidate_id=1083,BARGUR,IND,0,Post Graduate,https://myneta.info/image_v2.php?myneta_folder=TamilNadu2011&candidate_id=1083&col=ta,https://myneta.info/image_v2.php?myneta_folder=TamilNadu2011&candidate_id=1083&col=lia
1030,327,Vijayakumar.p.s,https://www.myneta.info/TamilNadu2011/candidate.php?candidate_id=327,KALASAPAKKAM,INC,0,Graduate Professional,"Rs 72,68,794 ~ 72 Lacs+","Rs 2,00,000 ~ 2 Lacs+"
1031,457,Vijayan K,https://www.myneta.info/TamilNadu2011/candidate.php?candidate_id=457,NATHAM,DMK,0,12th Pass,"Rs 1,23,49,287 ~ 1 Crore+","Rs 5,39,203 ~ 5 Lacs+"
1032,124,Vijayanand,https://www.myneta.info/TamilNadu2011/candidate.php?candidate_id=124,COIMBATORE (SOUTH),Lok Satta Party,0,Graduate Professional,https://myneta.info/image_v2.php?myneta_folder=TamilNadu2011&candidate_id=124&col=ta,https://myneta.info/image_v2.php?myneta_folder=TamilNadu2011&candidate_id=124&col=lia
1033,622,Vijayaragavan,https://www.myneta.info/TamilNadu2011/candidate.php?candidate_id=622,MADATHUKULAM,BJP,0,Graduate,"Rs 24,48,119 ~ 24 Lacs+","Rs 3,38,000 ~ 3 Lacs+"
1034,1445,"Vijayasundaram. A,",https://www.myneta.info/TamilNadu2011/candidate.php?candidate_id=1445,ODDANCHATRAM,IND,0,10th Pass,"Rs 3,28,45,180 ~ 3 Crore+",Rs 0 ~
1035,420,Vijaykant,https://www.myneta.info/TamilNadu2011/candidate.php?candidate_id=420,RISHIVANDIYAM,DMDK,0,10th Pass,https://myneta.info/image_v2.php?myneta_folder=TamilNadu2011&candidate_id=420&col=ta,https://myneta.info/image_v2.php?myneta_folder=TamilNadu2011&candidate_id=420&col=lia
1036,140,Vinayagam R,https://www.myneta.info/TamilNadu2011/candidate.php?candidate_id=140,DR.RADHAKRISHNAN NAGAR,BJP,0,Not Given,"Rs 1,09,834 ~ 1 Lacs+",Rs 0 ~
1037,2715,Vinayagamoorthy.s,https://www.myneta.info/TamilNadu2011/candidate.php?candidate_id=2715,MAILAM,IND,0,Illiterate,"Rs 10,500 ~ 10 Thou+",Rs 0 ~
1038,2335,Vincent De Paul Y,https://www.myneta.info/TamilNadu2011/candidate.php?candidate_id=2335,MANAPPARAI,IND,0,Post Graduate,https://myneta.info/image_v2.php?myneta_folder=TamilNadu2011&candidate_id=2335&col=ta,https://myneta.info/image_v2.php?myneta_folder=TamilNadu2011&candidate_id=2335&col=lia
1039,328,Vishnuprasad.m.k.,https://www.myneta.info/TamilNadu2011/candidate.php?candidate_id=328,CHEYYAR,INC,0,Graduate Professional,"Rs 5,81,50,680 ~ 5 Crore+","Rs 64,98,413 ~ 64 Lacs+"
1040,194,Vishwanathan,https://www.myneta.info/TamilNadu2011/candidate.php?candidate_id=194,KAVUNDAMPALAYAM,Lok Satta Party,0,12th Pass,"Rs 91,309 ~ 91 Thou+",Rs 0 ~
1041,320,Viswanathan R,https://www.myneta.info/TamilNadu2011/candidate.php?candidate_id=320,NATHAM,AIADMK,0,Graduate,https://myneta.info/image_v2.php?myneta_folder=TamilNadu2011&candidate_id=320&col=ta,https://myneta.info/image_v2.php?myneta_folder=TamilNadu2011&candidate_id=320&col=lia
1042,158,Viswanathan S,https://www.myneta.info/TamilNadu2011/candidate.php?candidate_id=158,GUDALUR,IND,0,10th Pass,Nil,Rs 0 ~
1043,1688,Wilson.t,https://www.myneta.info/TamilNadu2011/candidate.php?candidate_id=1688,VILAVANCODE,IND,0,12th Pass,"Rs 15,500 ~ 15 Thou+",Rs 0 ~
1044,437,Y.prakash,https://www.myneta.info/TamilNadu2011/candidate.php?candidate_id=437,THALLI,DMK,0,10th Pass,https://myneta.info/image_v2.php?myneta_folder=TamilNadu2011&candidate_id=437&col=ta,https://myneta.info/image_v2.php?myneta_folder=TamilNadu2011&candidate_id=437&col=lia
1045,2607,Yesudurai.s,https://www.myneta.info/TamilNadu2011/candidate.php?candidate_id=2607,TIRUVANNAMALAI,IND,0,Graduate,"Rs 3,90,740 ~ 3 Lacs+",Rs 0 ~
1046,335,Yuvaraja M.,https://www.myneta.info/TamilNadu2011/candidate.php?candidate_id=335,ERODE (WEST),INC,0,Graduate,"Rs 3,11,21,431 ~ 3 Crore+","Rs 44,16,186 ~ 44 Lacs+"
