sno,candidate_id,candidate_name,candidate_link,constituency,party,criminal_cases,education,assets,liabilities
1,1520,Dilipkumar Virajibhai Thakor,https://myneta.info/gujarat2012/candidate.php?candidate_id=1520,CHANASMA,BJP,1,10th Pass,"Rs 4,73,21,283 ~ 4 Crore+","Rs 6,02,600 ~ 6 Lacs+"
2,532,Panchal Ranjitbhai Dahyabhai,https://myneta.info/gujarat2012/candidate.php?candidate_id=532,JALALPORE,INC,0,8th Pass,"Rs 24,67,86,333 ~ 24 Crore+","Rs 1,52,09,725 ~ 1 Crore+"
3,2186,Vikramsinh  Jatubha Parmar,https://myneta.info/gujarat2012/candidate.php?candidate_id=2186,VEJALPUR,VISHVA HINDUSTANI SANGATHAN,2,Graduate,"Rs 44,51,941 ~ 44 Lacs+",Rs 0 ~
4,1506,Aacharya Dr.nimaben Bhavesbhai,https://myneta.info/gujarat2012/candidate.php?candidate_id=1506,BHUJ,BJP,1,Post Graduate,"Rs 34,64,63,236 ~ 34 Crore+","Rs 1,89,22,966 ~ 1 Crore+"
5,2345,Aadambhai Abdulbhai Patel,https://myneta.info/gujarat2012/candidate.php?candidate_id=2345,AKOTA,IND,0,10th Pass,"Rs 4,26,75,000 ~ 4 Crore+","Rs 30,000 ~ 30 Thou+"
6,1844,Aarab Salim Umarbhai,https://myneta.info/gujarat2012/candidate.php?candidate_id=1844,BHUJ,IND,0,8th Pass,"Rs 57,269 ~ 57 Thou+",Rs 0 ~
7,483,Aashifbhai Alarakhbhai Shekh,https://myneta.info/gujarat2012/candidate.php?candidate_id=483,BOTAD,IND,0,10th Pass,"Rs 2,12,000 ~ 2 Lacs+",Rs 0 ~
8,122,Abbasbhai Ibrahimbhai Noyda,https://myneta.info/gujarat2012/candidate.php?candidate_id=122,JAMJODHPUR,IND,0,8th Pass,"Rs 4,00,000 ~ 4 Lacs+",Rs 0 ~
9,1495,Abhani Mathurdas Vrajalal,https://myneta.info/gujarat2012/candidate.php?candidate_id=1495,SOMNATH,IND,0,5th Pass,https://myneta.info/image_v2.php?myneta_folder=gujarat2012&candidate_id=1495&col=ta,https://myneta.info/image_v2.php?myneta_folder=gujarat2012&candidate_id=1495&col=lia
10,18,Abubakar Rahimbhai Jangad	,https://myneta.info/gujarat2012/candidate.php?candidate_id=18,BOTAD,IND,0,Literate,"Rs 5,12,000 ~ 5 Lacs+",Rs 0 ~
11,1101,Advocate Purva Pradip Gajare,https://myneta.info/gujarat2012/candidate.php?candidate_id=1101,PARDI,IND,0,Post Graduate,"Rs 10,21,000 ~ 10 Lacs+","Rs 1,80,000 ~ 1 Lacs+"
12,605,Aghara Ghanshyambhai Kanjibhai,https://myneta.info/gujarat2012/candidate.php?candidate_id=605,WADHWAN,BSP,0,Literate,"Rs 11,000 ~ 11 Thou+",Rs 0 ~
13,1428,Ahir Hardas Karshan Khava,https://myneta.info/gujarat2012/candidate.php?candidate_id=1428,JAMJODHPUR,INC,0,8th Pass,"Rs 4,13,64,201 ~ 4 Crore+","Rs 85,55,365 ~ 85 Lacs+"
14,1507,Ahir Vasanbhai Gopalbhai,https://myneta.info/gujarat2012/candidate.php?candidate_id=1507,ANJAR,BJP,0,5th Pass,"Rs 2,42,16,626 ~ 2 Crore+","Rs 2,00,000 ~ 2 Lacs+"
15,898,Ajamery Sulemanbhai Hasanbhai,https://myneta.info/gujarat2012/candidate.php?candidate_id=898,GARIADHAR,IND,0,5th Pass,"Rs 4,36,000 ~ 4 Lacs+",Rs 0 ~
16,2184,Ajaybhai  Kanubhai Joshi,https://myneta.info/gujarat2012/candidate.php?candidate_id=2184,VEJALPUR,LJSP,0,10th Pass,"Rs 13,35,000 ~ 13 Lacs+",Rs 0 ~
17,1808,Ajaykumar Saburbhai Amliyar,https://myneta.info/gujarat2012/candidate.php?candidate_id=1808,LIMKHEDA (ST),BSP,0,12th Pass,"Rs 62,000 ~ 62 Thou+",Rs 0 ~
18,2192,Ajmeri Iliyas Ganibhai,https://myneta.info/gujarat2012/candidate.php?candidate_id=2192,VATVA,IND,0,10th Pass,https://myneta.info/image_v2.php?myneta_folder=gujarat2012&candidate_id=2192&col=ta,https://myneta.info/image_v2.php?myneta_folder=gujarat2012&candidate_id=2192&col=lia
19,2179,Akash Devkinandan Banga,https://myneta.info/gujarat2012/candidate.php?candidate_id=2179,GHATLODIA,IND,0,Graduate,"Rs 1,70,39,996 ~ 1 Crore+","Rs 3,64,14,040 ~ 3 Crore+"
20,1197,Akhade Pitambar Atmaram,https://myneta.info/gujarat2012/candidate.php?candidate_id=1197,LIMBAYAT ,IND,0,10th Pass,"Rs 3,57,000 ~ 3 Lacs+","Rs 2,04,000 ~ 2 Lacs+"
21,1800,Akshaykumar Ishwarbhai Patel,https://myneta.info/gujarat2012/candidate.php?candidate_id=1800,KARJAN,INC,0,10th Pass,"Rs 1,40,32,045 ~ 1 Crore+","Rs 12,51,000 ~ 12 Lacs+"
22,2241,All Kaium,https://myneta.info/gujarat2012/candidate.php?candidate_id=2241,DARIAPUR,IND,0,Graduate,"Rs 26,000 ~ 26 Thou+","Rs 65,500 ~ 65 Thou+"
23,1474,Altafhussain Abdullamiya Saiyad,https://myneta.info/gujarat2012/candidate.php?candidate_id=1474,MANGROL ,IND,0,5th Pass,"Rs 3,50,000 ~ 3 Lacs+",Rs 0 ~
24,252,Amad Taiyab Shida,https://myneta.info/gujarat2012/candidate.php?candidate_id=252,MANAVADAR,IND,0,8th Pass,"Rs 13,47,000 ~ 13 Lacs+",Rs 0 ~
25,945,Amarsinh Ramsinh Vasava,https://myneta.info/gujarat2012/candidate.php?candidate_id=945,DEDIAPADA  (ST),INC,2,Graduate Professional,"Rs 32,07,019 ~ 32 Lacs+",Rs 0 ~
26,296,Ambaliya Mukeshbhai Lavjibhai,https://myneta.info/gujarat2012/candidate.php?candidate_id=296,KATARGAM,IND,0,Literate,"Rs 2,80,930 ~ 2 Lacs+","Rs 99,500 ~ 99 Thou+"
27,645,Ambliya Pravinbhai Ghusabhai,https://myneta.info/gujarat2012/candidate.php?candidate_id=645,RAJKOT EAST,GPP,0,5th Pass,https://myneta.info/image_v2.php?myneta_folder=gujarat2012&candidate_id=645&col=ta,https://myneta.info/image_v2.php?myneta_folder=gujarat2012&candidate_id=645&col=lia
28,1976,Amin Dhirubhai Punjabhai,https://myneta.info/gujarat2012/candidate.php?candidate_id=1976,IDAR (SC),GPP,0,Others,"Rs 89,52,328 ~ 89 Lacs+",Rs 0 ~
29,711,Aminbhai Ishakbhai Sama,https://myneta.info/gujarat2012/candidate.php?candidate_id=711,DHORAJI,IND,1,8th Pass,"Rs 50,500 ~ 50 Thou+",Rs 0 ~
30,1760,Amit Haribhai Chaudhary,https://myneta.info/gujarat2012/candidate.php?candidate_id=1760,MANSA,INC,1,Graduate,"Rs 4,53,36,951 ~ 4 Crore+","Rs 44,85,575 ~ 44 Lacs+"
31,1555,Amitbhai Ajitbhai Chavda	,https://myneta.info/gujarat2012/candidate.php?candidate_id=1555,ANKLAV,INC,1,Others,"Rs 80,58,259 ~ 80 Lacs+","Rs 29,070 ~ 29 Thou+"
32,2236,Anilkumar Suryanath  Chaturvedi,https://myneta.info/gujarat2012/candidate.php?candidate_id=2236,AMRAIWADI ,RSP(S),0,10th Pass,"Rs 25,000 ~ 25 Thou+",Rs 0 ~
33,2208,Ansari Liyakatali  Amiraehmad,https://myneta.info/gujarat2012/candidate.php?candidate_id=2208,NIKOL,NCP,0,8th Pass,"Rs 75,46,665 ~ 75 Lacs+","Rs 1,50,000 ~ 1 Lacs+"
34,511,Ansari Mohammad Yusuf Ramzan,https://myneta.info/gujarat2012/candidate.php?candidate_id=511,SURAT NORTH ,IND,0,Literate,"Rs 7,92,000 ~ 7 Lacs+",Rs 0 ~
35,2193,Ansari Mohmadrashid  Nurislam,https://myneta.info/gujarat2012/candidate.php?candidate_id=2193,VATVA,IND,0,5th Pass,"Rs 6,76,000 ~ 6 Lacs+",Rs 0 ~
36,447,Anvar Baudinbhai Taraiya,https://myneta.info/gujarat2012/candidate.php?candidate_id=447,MORBI,IND,0,Literate,https://myneta.info/image_v2.php?myneta_folder=gujarat2012&candidate_id=447&col=ta,https://myneta.info/image_v2.php?myneta_folder=gujarat2012&candidate_id=447&col=lia
37,2187,Arif Foji,https://myneta.info/gujarat2012/candidate.php?candidate_id=2187,VEJALPUR,IND,0,Graduate Professional,"Rs 5,00,000 ~ 5 Lacs+","Rs 6,000 ~ 6 Thou+"
38,749,Arjunbhai Devabhai Modhwadia,https://myneta.info/gujarat2012/candidate.php?candidate_id=749,PORBANDAR,INC,1,Graduate Professional,"Rs 4,89,80,930 ~ 4 Crore+","Rs 12,29,399 ~ 12 Lacs+"
39,1058,Arjunbhai Laljibhai Gamit,https://myneta.info/gujarat2012/candidate.php?candidate_id=1058,NIZAR (ST),JD(U),3,10th Pass,"Rs 3,50,000 ~ 3 Lacs+",Rs 0 ~
40,2321,Arpankumar Bhaskarbhai  Patel,https://myneta.info/gujarat2012/candidate.php?candidate_id=2321,SAVLI,IND,0,Graduate,"Rs 1,00,000 ~ 1 Lacs+",Rs 0 ~
41,2303,Arpit Dahyabhai Patel  (dhayo),https://myneta.info/gujarat2012/candidate.php?candidate_id=2303,NADIAD,IND,0,8th Pass,"Rs 64,56,200 ~ 64 Lacs+",Rs 0 ~
42,518,Arun Sheshram Pathaka,https://myneta.info/gujarat2012/candidate.php?candidate_id=518,LIMBAYAT ,IND,1,10th Pass,"Rs 3,27,036 ~ 3 Lacs+",Rs 0 ~
43,1615,Arvindsinh Rthod,https://myneta.info/gujarat2012/candidate.php?candidate_id=1615,KALOL,BJP,0,12th Pass,"Rs 75,35,000 ~ 75 Lacs+","Rs 3,70,000 ~ 3 Lacs+"
44,227,Ashok Nanji Sondarva,https://myneta.info/gujarat2012/candidate.php?candidate_id=227,DHORAJI,IND,2,Graduate Professional,"Rs 12,90,555 ~ 12 Lacs+",Rs 0 ~
45,1541,Ashok Ranchhodbhai Patel,https://myneta.info/gujarat2012/candidate.php?candidate_id=1541,GANDHINAGAR NORTH,BJP,0,12th Pass,https://myneta.info/image_v2.php?myneta_folder=gujarat2012&candidate_id=1541&col=ta,https://myneta.info/image_v2.php?myneta_folder=gujarat2012&candidate_id=1541&col=lia
46,1031,Ashrafmiya Razakmiya Sarguru,https://myneta.info/gujarat2012/candidate.php?candidate_id=1031,SURAT NORTH ,IND,0,5th Pass,"Rs 2,44,000 ~ 2 Lacs+",Rs 0 ~
47,1949,Ashvinkumar Ishwarbhai Patel,https://myneta.info/gujarat2012/candidate.php?candidate_id=1949,UMRETH,GPP,0,12th Pass,"Rs 29,19,000 ~ 29 Lacs+",Rs 0 ~
48,1730,Ataliya Ajaysinh Dilipsinh	,https://myneta.info/gujarat2012/candidate.php?candidate_id=1730,KARJAN,GPP,0,10th Pass,"Rs 1,72,39,047 ~ 1 Crore+","Rs 11,85,000 ~ 11 Lacs+"
49,935,Ayar Kanjibhai Raghavbhai,https://myneta.info/gujarat2012/candidate.php?candidate_id=935,GADHADA (SC),IND,0,8th Pass,"Rs 23,72,371 ~ 23 Lacs+","Rs 28,000 ~ 28 Thou+"
50,1836,Ayar Radhubhai Kanabhai,https://myneta.info/gujarat2012/candidate.php?candidate_id=1836,MANDVI,IND,0,Literate,"Rs 6,20,000 ~ 6 Lacs+",Rs 0 ~
51,1673,Ayar Rajeshbhai Lakhmanbhai,https://myneta.info/gujarat2012/candidate.php?candidate_id=1673,RADHANPUR,SP,0,12th Pass,"Rs 8,65,000 ~ 8 Lacs+",Rs 0 ~
52,323,Babariya Bhanuben Manoharbhai,https://myneta.info/gujarat2012/candidate.php?candidate_id=323,RAJKOT RURAL  (SC),BJP,0,Graduate,"Rs 82,64,497 ~ 82 Lacs+",Rs 0 ~
53,263,Babariya Dipakbhai Ramjibhai,https://myneta.info/gujarat2012/candidate.php?candidate_id=263,RAJULA,BSP,0,10th Pass,"Rs 9,00,000 ~ 9 Lacs+",Rs 0 ~
54,2115,Babi Nizakatali Usmankhan,https://myneta.info/gujarat2012/candidate.php?candidate_id=2115,MAHESANA,IND,0,10th Pass,https://myneta.info/image_v2.php?myneta_folder=gujarat2012&candidate_id=2115&col=ta,https://myneta.info/image_v2.php?myneta_folder=gujarat2012&candidate_id=2115&col=lia
55,752,Babubhai Bhimabhai Bokhiria,https://myneta.info/gujarat2012/candidate.php?candidate_id=752,PORBANDAR,BJP,1,Graduate,"Rs 19,32,38,357 ~ 19 Crore+","Rs 1,23,72,549 ~ 1 Crore+"
56,117,Babubhai Fogalbhai Der,https://myneta.info/gujarat2012/candidate.php?candidate_id=117,DHORAJI,IND,0,Literate,"Rs 43,38,755 ~ 43 Lacs+",Rs 0 ~
57,869,Babubhai Rambhai Ram,https://myneta.info/gujarat2012/candidate.php?candidate_id=869,RAJULA,INC,0,12th Pass,"Rs 7,92,02,049 ~ 7 Crore+","Rs 15,81,600 ~ 15 Lacs+"
58,1595,Babulal Jamnadas Patel,https://myneta.info/gujarat2012/candidate.php?candidate_id=1595,DASKROI,BJP,5,10th Pass,"Rs 30,16,40,111 ~ 30 Crore+","Rs 1,09,46,507 ~ 1 Crore+"
59,1992,Bachubhai Kocharabhai Rathava,https://myneta.info/gujarat2012/candidate.php?candidate_id=1992,SANKHEDA  (ST) ,BSP,0,Literate,"Rs 11,53,000 ~ 11 Lacs+","Rs 50,000 ~ 50 Thou+"
60,1622,Bachubhai Maganbhai Khabad,https://myneta.info/gujarat2012/candidate.php?candidate_id=1622,DEVGADHBARIA,BJP,0,10th Pass,"Rs 25,81,000 ~ 25 Lacs+",Rs 0 ~
61,2346,Bachubhai Manubhai Dabhi  (sampat),https://myneta.info/gujarat2012/candidate.php?candidate_id=2346,AKOTA,IND,0,Literate,"Rs 60,000 ~ 60 Thou+",Rs 0 ~
62,933,Badhiya Narottambhai Ranchhodbhai,https://myneta.info/gujarat2012/candidate.php?candidate_id=933,GADHADA (SC),IND,0,10th Pass,"Rs 15,91,623 ~ 15 Lacs+","Rs 1,70,000 ~ 1 Lacs+"
63,392,Bagada Arvindbhai Danjibhai,https://myneta.info/gujarat2012/candidate.php?candidate_id=392,SAVARKUNDLA,BSP,0,Graduate,https://myneta.info/image_v2.php?myneta_folder=gujarat2012&candidate_id=392&col=ta,https://myneta.info/image_v2.php?myneta_folder=gujarat2012&candidate_id=392&col=lia
64,887,Bagada Bhaveshbhai Premjibhai,https://myneta.info/gujarat2012/candidate.php?candidate_id=887,GARIADHAR,BSP,0,10th Pass,"Rs 1,31,000 ~ 1 Lacs+",Rs 0 ~
65,2245,Bagban Gulamrasul  Gulamnabi,https://myneta.info/gujarat2012/candidate.php?candidate_id=2245,DARIAPUR,IND,0,8th Pass,"Rs 25,30,500 ~ 25 Lacs+","Rs 20,000 ~ 20 Thou+"
66,1761,Baldevjibhai C. Thakore,https://myneta.info/gujarat2012/candidate.php?candidate_id=1761,KALOL,INC,2,Graduate,"Rs 17,12,29,536 ~ 17 Crore+","Rs 2,50,000 ~ 2 Lacs+"
67,1637,Baliya Laljibhai Karabhai,https://myneta.info/gujarat2012/candidate.php?candidate_id=1637,GANDHIDHAM(SC),SP,0,Literate,"Rs 74,030 ~ 74 Thou+",Rs 0 ~
68,1974,Baloch Imrankhan Herukhan	,https://myneta.info/gujarat2012/candidate.php?candidate_id=1974,HIMATNAGAR,SP,0,Graduate Professional,"Rs 1,99,423 ~ 1 Lacs+",Rs 0 ~
69,165,Baloch Zahidkhan Yusufkhan,https://myneta.info/gujarat2012/candidate.php?candidate_id=165,BHAVNAGAR EAST,BSP,0,8th Pass,"Rs 3,26,500 ~ 3 Lacs+","Rs 58,087 ~ 58 Thou+"
70,2144,Balusingh  Somansingh  Narve,https://myneta.info/gujarat2012/candidate.php?candidate_id=2144,BHILODA (ST),IND,0,Post Graduate,"Rs 6,21,925 ~ 6 Lacs+","Rs 1,400 ~ 1 Thou+"
71,1874,Bamaniya Lalabhai Bhimsinh,https://myneta.info/gujarat2012/candidate.php?candidate_id=1874,SANTRAMPUR (ST) ,JD(U),0,10th Pass,"Rs 2,96,000 ~ 2 Lacs+",Rs 0 ~
72,1882,Bamaniya Narvatbhai Bhimsinh,https://myneta.info/gujarat2012/candidate.php?candidate_id=1882,MORVA HADAF (ST),JD(U),0,Graduate Professional,https://myneta.info/image_v2.php?myneta_folder=gujarat2012&candidate_id=1882&col=ta,https://myneta.info/image_v2.php?myneta_folder=gujarat2012&candidate_id=1882&col=lia
73,514,Bambhaniya Dahyabhai Naranbhai,https://myneta.info/gujarat2012/candidate.php?candidate_id=514,KARANJ ,GPP,0,5th Pass,"Rs 59,35,500 ~ 59 Lacs+","Rs 1,20,000 ~ 1 Lacs+"
74,803,Barad Jashabhai Bhanabhai,https://myneta.info/gujarat2012/candidate.php?candidate_id=803,SOMNATH,INC,1,Graduate,"Rs 9,01,30,095 ~ 9 Crore+",Rs 0 ~
75,808,Barad Jashubhai Dhanabhai,https://myneta.info/gujarat2012/candidate.php?candidate_id=808,TALALA,INC,2,Graduate,"Rs 5,79,50,070 ~ 5 Crore+",Rs 0 ~
76,1776,Baraiya Laxmanbhai  Ambalal,https://myneta.info/gujarat2012/candidate.php?candidate_id=1776,DASKROI,INC,0,5th Pass,"Rs 6,61,18,787 ~ 6 Crore+","Rs 10,00,000 ~ 10 Lacs+"
77,1567,Baraiya Mahendrasinh Kacharsinh,https://myneta.info/gujarat2012/candidate.php?candidate_id=1567,PRANTIJ,INC,0,Graduate Professional,"Rs 1,12,75,561 ~ 1 Crore+","Rs 15,19,328 ~ 15 Lacs+"
78,58,Baraiya Nakabhai Velabhai,https://myneta.info/gujarat2012/candidate.php?candidate_id=58,BOTAD,IND,0,Literate,"Rs 20,50,000 ~ 20 Lacs+",Rs 0 ~
79,1335,Baraiya Nanjibhai Bhikhabhai,https://myneta.info/gujarat2012/candidate.php?candidate_id=1335,BHAVNAGAR RURAL ,IND,0,Literate,"Rs 1,05,000 ~ 1 Lacs+",Rs 0 ~
80,1897,Baria Dineshbhai Kanubhai	,https://myneta.info/gujarat2012/candidate.php?candidate_id=1897,KALOL,IND,1,Graduate,"Rs 10,05,025 ~ 10 Lacs+","Rs 29,388 ~ 29 Thou+"
81,1562,Bariya Chandrikaben Chhaganbhai,https://myneta.info/gujarat2012/candidate.php?candidate_id=1562,GARBADA (ST) ,INC,0,10th Pass,https://myneta.info/image_v2.php?myneta_folder=gujarat2012&candidate_id=1562&col=ta,https://myneta.info/image_v2.php?myneta_folder=gujarat2012&candidate_id=1562&col=lia
82,466,Bariya Hemrajbhai Babubhai,https://myneta.info/gujarat2012/candidate.php?candidate_id=466,TALAJA,GPP,0,5th Pass,"Rs 27,03,608 ~ 27 Lacs+","Rs 6,07,056 ~ 6 Lacs+"
83,1883,Bariya Madhubhai Chhaganbhai,https://myneta.info/gujarat2012/candidate.php?candidate_id=1883,MORVA HADAF  (ST),GPP,0,8th Pass,"Rs 6,70,000 ~ 6 Lacs+",Rs 0 ~
84,2278,Barot Bhupendra  Bhikhabhai,https://myneta.info/gujarat2012/candidate.php?candidate_id=2278,DASKROI,IND,0,10th Pass,"Rs 7,00,000 ~ 7 Lacs+",Rs 0 ~
85,1914,Barot Nalitbhai Ratibhai,https://myneta.info/gujarat2012/candidate.php?candidate_id=1914,NADIAD,GPP,0,8th Pass,"Rs 19,53,184 ~ 19 Lacs+",Rs 0 ~
86,1834,Batiya Devdas Valabhai,https://myneta.info/gujarat2012/candidate.php?candidate_id=1834,MANDVI,RPI(A),1,5th Pass,"Rs 15,57,600 ~ 15 Lacs+","Rs 27,000 ~ 27 Thou+"
87,294,Batlawala Dharmendrakumar Ratilal,https://myneta.info/gujarat2012/candidate.php?candidate_id=294,MAJURA ,GPP,0,10th Pass,"Rs 1,81,70,000 ~ 1 Crore+","Rs 1,50,00,000 ~ 1 Crore+"
88,610,Bavaliya Siddikbhai Abubhai,https://myneta.info/gujarat2012/candidate.php?candidate_id=610,WADHWAN,IND,0,8th Pass,"Rs 2,61,000 ~ 2 Lacs+",Rs 0 ~
89,1501,Bavarava Parsotambhai Vershibhai,https://myneta.info/gujarat2012/candidate.php?candidate_id=1501,WANKANER,GPP,0,Literate,"Rs 11,60,370 ~ 11 Lacs+",Rs 0 ~
90,384,Bavkubhai Nathabhai Undhad,https://myneta.info/gujarat2012/candidate.php?candidate_id=384,LATHI,INC,0,10th Pass,https://myneta.info/image_v2.php?myneta_folder=gujarat2012&candidate_id=384&col=ta,https://myneta.info/image_v2.php?myneta_folder=gujarat2012&candidate_id=384&col=lia
91,1816,Bhabhor Babubhai Malabhai,https://myneta.info/gujarat2012/candidate.php?candidate_id=1816,DAHOD (ST),IND,0,8th Pass,"Rs 1,55,000 ~ 1 Lacs+",Rs 0 ~
92,1817,Bhabhor Dhulabhai Ditabhai,https://myneta.info/gujarat2012/candidate.php?candidate_id=1817,GARBADA (ST) ,BSP,0,10th Pass,"Rs 1,05,000 ~ 1 Lacs+",Rs 0 ~
93,158,Bhagad Ishak Abdul,https://myneta.info/gujarat2012/candidate.php?candidate_id=158,KHAMBHALIA ,IND,0,Literate,"Rs 1,31,500 ~ 1 Lacs+",Rs 0 ~
94,86,Bhagavanji Hemrajthobhani,https://myneta.info/gujarat2012/candidate.php?candidate_id=86,DWARKA,IND,0,8th Pass,"Rs 59,000 ~ 59 Thou+","Rs 47,800 ~ 47 Thou+"
95,507,Bhagirathbhai Manubhai Pithavadiwala,https://myneta.info/gujarat2012/candidate.php?candidate_id=507,KAMREJ,INC,1,8th Pass,"Rs 18,84,06,772 ~ 18 Crore+","Rs 9,87,67,815 ~ 9 Crore+"
96,596,Bhagvanbhai Punjabhai Rathod,https://myneta.info/gujarat2012/candidate.php?candidate_id=596,LIMBDI,IND,0,Illiterate,"Rs 94,000 ~ 94 Thou+",Rs 0 ~
97,1008,Bhagvatiben Khetsinhbhai Brahmksatriya,https://myneta.info/gujarat2012/candidate.php?candidate_id=1008,KAMREJ,IND,0,5th Pass,"Rs 10,50,000 ~ 10 Lacs+",Rs 0 ~
98,1768,Bhagwanbhai Bharwad,https://myneta.info/gujarat2012/candidate.php?candidate_id=1768,NARODA,INC,0,10th Pass,"Rs 34,06,100 ~ 34 Lacs+","Rs 50,00,000 ~ 50 Lacs+"
99,1700,Bhailalbhai Ranchhodbhai Chauhan ,https://myneta.info/gujarat2012/candidate.php?candidate_id=1700,SAVLI,GPP,1,Graduate,https://myneta.info/image_v2.php?myneta_folder=gujarat2012&candidate_id=1700&col=ta,https://myneta.info/image_v2.php?myneta_folder=gujarat2012&candidate_id=1700&col=lia
100,785,Bhalala Kanubhai Mepabhai,https://myneta.info/gujarat2012/candidate.php?candidate_id=785,VISAVADAR,BJP,0,Literate,"Rs 1,44,90,527 ~ 1 Crore+",Rs 0 ~
101,473,Bhaliya Natubhai Kanjibhai,https://myneta.info/gujarat2012/candidate.php?candidate_id=473,BHAVNAGAR RURAL ,IND,0,5th Pass,"Rs 71,500 ~ 71 Thou+",Rs 0 ~
102,1140,Bhambhat Mhendrasing Amurtlal,https://myneta.info/gujarat2012/candidate.php?candidate_id=1140,CHORYASI,IND,0,8th Pass,"Rs 21,000 ~ 21 Thou+",Rs 0 ~
103,1975,Bhambhi Chandubhai Mulchandbhai,https://myneta.info/gujarat2012/candidate.php?candidate_id=1975,IDAR (SC),BSP,0,12th Pass,"Rs 6,05,000 ~ 6 Lacs+","Rs 4,00,000 ~ 4 Lacs+"
104,134,Bhanderi Maganbhai Nanubhai,https://myneta.info/gujarat2012/candidate.php?candidate_id=134,UNA,IND,0,12th Pass,"Rs 26,96,472 ~ 26 Lacs+","Rs 5,00,000 ~ 5 Lacs+"
105,1505,Bhanushalee Jayanteelal Parsottam,https://myneta.info/gujarat2012/candidate.php?candidate_id=1505,ABDASA,BJP,3,8th Pass,"Rs 13,32,07,698 ~ 13 Crore+","Rs 2,14,55,052 ~ 2 Crore+"
106,1589,Bharatbhai Barot,https://myneta.info/gujarat2012/candidate.php?candidate_id=1589,DARIAPUR,BJP,0,Graduate,"Rs 1,30,00,000 ~ 1 Crore+","Rs 23,000 ~ 23 Thou+"
107,87,Bharatbhai Dwarkadas Dhokai,https://myneta.info/gujarat2012/candidate.php?candidate_id=87,DWARKA,JD(U),1,Graduate,"Rs 10,000 ~ 10 Thou+",Rs 0 ~
108,382,Bharatbhai Mavjibhai Patoliya,https://myneta.info/gujarat2012/candidate.php?candidate_id=382,AMRELI,IND,0,8th Pass,https://myneta.info/image_v2.php?myneta_folder=gujarat2012&candidate_id=382&col=ta,https://myneta.info/image_v2.php?myneta_folder=gujarat2012&candidate_id=382&col=lia
109,2016,Bharatji  Dhanaji  Solanki,https://myneta.info/gujarat2012/candidate.php?candidate_id=2016,DEESA,IND,0,5th Pass,"Rs 15,09,688 ~ 15 Lacs+",Rs 0 ~
110,2344,Bharti Parmar,https://myneta.info/gujarat2012/candidate.php?candidate_id=2344,AKOTA,SUCI(C),0,Graduate,"Rs 1,57,713 ~ 1 Lacs+",Rs 0 ~
111,2017,Bhartiya   Girishchandra Laxmichand,https://myneta.info/gujarat2012/candidate.php?candidate_id=2017,DEESA,IND,0,Graduate,"Rs 44,84,381 ~ 44 Lacs+","Rs 12,22,447 ~ 12 Lacs+"
112,2072,Bharvad Merabhai Rajabhai,https://myneta.info/gujarat2012/candidate.php?candidate_id=2072,RADHANPUR,IND,4,Literate,"Rs 37,00,000 ~ 37 Lacs+","Rs 6,00,000 ~ 6 Lacs+"
113,1875,Bharvad Raghubhai Dhulabhai,https://myneta.info/gujarat2012/candidate.php?candidate_id=1875,SHEHRA,NCP,1,10th Pass,"Rs 19,79,000 ~ 19 Lacs+","Rs 7,67,000 ~ 7 Lacs+"
114,1906,Bharvad Shaileshbhai Gandabhai,https://myneta.info/gujarat2012/candidate.php?candidate_id=1906,VATVA,NCP,0,8th Pass,"Rs 1,87,95,601 ~ 1 Crore+","Rs 7,80,000 ~ 7 Lacs+"
115,2302,Bharvad Zalabhai  Ghelabhai,https://myneta.info/gujarat2012/candidate.php?candidate_id=2302,MATAR,IND,0,10th Pass,"Rs 3,84,05,827 ~ 3 Crore+","Rs 14,24,500 ~ 14 Lacs+"
116,843,Bhaskar Harsurbhai Ukabhai,https://myneta.info/gujarat2012/candidate.php?candidate_id=843,AMRELI,BSP,0,8th Pass,"Rs 5,11,526 ~ 5 Lacs+","Rs 30,000 ~ 30 Thou+"
117,581,Bhathaniya Abhabhai Ukabhai,https://myneta.info/gujarat2012/candidate.php?candidate_id=581,LIMBDI,IND,0,8th Pass,https://myneta.info/image_v2.php?myneta_folder=gujarat2012&candidate_id=581&col=ta,https://myneta.info/image_v2.php?myneta_folder=gujarat2012&candidate_id=581&col=lia
118,234,Bhatiya Naranbhai Keharbhai,https://myneta.info/gujarat2012/candidate.php?candidate_id=234,DHRANGADHRA,SP,0,5th Pass,"Rs 13,90,000 ~ 13 Lacs+","Rs 1,35,000 ~ 1 Lacs+"
119,196,Bhatt Atulbhai Ratilal,https://myneta.info/gujarat2012/candidate.php?candidate_id=196,DWARKA,IND,0,10th Pass,"Rs 4,10,300 ~ 4 Lacs+","Rs 2,96,000 ~ 2 Lacs+"
120,4,Bhatt Dineshbhai Mansukhbhai,https://myneta.info/gujarat2012/candidate.php?candidate_id=4,VISAVADAR,IND,0,8th Pass,"Rs 21,03,798 ~ 21 Lacs+",Rs 0 ~
121,2335,Bhatt Kishorkumar  Rameshchandra,https://myneta.info/gujarat2012/candidate.php?candidate_id=2335,DABHOI,IND,1,10th Pass,"Rs 29,39,000 ~ 29 Lacs+","Rs 6,44,000 ~ 6 Lacs+"
122,2174,Bhatt Pinakin  Hasmukhlal,https://myneta.info/gujarat2012/candidate.php?candidate_id=2174,KALOL,IND,0,12th Pass,"Rs 22,46,000 ~ 22 Lacs+","Rs 50,000 ~ 50 Thou+"
123,1301,Bhatti Iqbalbhai Ismail	,https://myneta.info/gujarat2012/candidate.php?candidate_id=1301,JAMBUSAR,LJSP,0,5th Pass,"Rs 8,00,000 ~ 8 Lacs+",Rs 0 ~
124,2200,Bhavik Raja,https://myneta.info/gujarat2012/candidate.php?candidate_id=2200,ELLISBRIDGE,SUCI(C),0,Graduate,"Rs 44,225 ~ 44 Thou+",Rs 0 ~
125,2240,Bhavsar Rajeshriben  Manharlal,https://myneta.info/gujarat2012/candidate.php?candidate_id=2240,DARIAPUR,DBSP,0,10th Pass,"Rs 1,00,000 ~ 1 Lacs+",Rs 0 ~
126,1565,Bhil Dhirubhai Chunilalbhai,https://myneta.info/gujarat2012/candidate.php?candidate_id=1565,SANKHEDA (ST) ,INC,0,8th Pass,https://myneta.info/image_v2.php?myneta_folder=gujarat2012&candidate_id=1565&col=ta,https://myneta.info/image_v2.php?myneta_folder=gujarat2012&candidate_id=1565&col=lia
127,1723,Bhil Somabhai Gokalbhai	,https://myneta.info/gujarat2012/candidate.php?candidate_id=1723,SANKHEDA  (ST) ,GPP,0,Graduate,"Rs 54,04,195 ~ 54 Lacs+","Rs 3,90,000 ~ 3 Lacs+"
128,208,Bhimani Dhirajlal Kanjibhai,https://myneta.info/gujarat2012/candidate.php?candidate_id=208,TANKARA,GPP,0,10th Pass,"Rs 25,84,842 ~ 25 Lacs+",Rs 0 ~
129,405,Bhingradiya Rasikbhai Ambabhai,https://myneta.info/gujarat2012/candidate.php?candidate_id=405,PALITANA,GPP,1,8th Pass,"Rs 61,45,000 ~ 61 Lacs+","Rs 80,000 ~ 80 Thou+"
130,1224,Bhitora Jagdisbhai Harjibhai,https://myneta.info/gujarat2012/candidate.php?candidate_id=1224,DHANDHUKA,IND,0,Post Graduate,"Rs 23,81,592 ~ 23 Lacs+",Rs 0 ~
131,2287,Bhoi Daxaben  Bharatbhai,https://myneta.info/gujarat2012/candidate.php?candidate_id=2287,UMRETH,IND,0,8th Pass,"Rs 2,12,033 ~ 2 Lacs+",Rs 0 ~
132,452,Bhokal Kasambhai Abubhai,https://myneta.info/gujarat2012/candidate.php?candidate_id=452,KHAMBHALIA ,RLD,1,Literate,"Rs 1,93,26,500 ~ 1 Crore+","Rs 1,82,000 ~ 1 Lacs+"
133,1367,Bhoye Yogeshbhai Soniravbhai,https://myneta.info/gujarat2012/candidate.php?candidate_id=1367,DANGS (ST),GPP,0,8th Pass,"Rs 7,41,913 ~ 7 Lacs+",Rs 0 ~
134,2004,Bhunjar Ashokbhai Lagdhirbhai,https://myneta.info/gujarat2012/candidate.php?candidate_id=2004,VAV,GPP,2,10th Pass,"Rs 39,15,033 ~ 39 Lacs+",Rs 0 ~
135,298,Bhupendrasinh Manubha Chudasama,https://myneta.info/gujarat2012/candidate.php?candidate_id=298,DHOLKA,BJP,0,Graduate Professional,https://myneta.info/image_v2.php?myneta_folder=gujarat2012&candidate_id=298&col=ta,https://myneta.info/image_v2.php?myneta_folder=gujarat2012&candidate_id=298&col=lia
136,1819,Bhura Navlabhai Manabhai,https://myneta.info/gujarat2012/candidate.php?candidate_id=1819,GARBADA (ST) ,IJP,0,12th Pass,"Rs 6,27,000 ~ 6 Lacs+",Rs 0 ~
137,1297,Bhura Sabbirbhai Valibhai,https://myneta.info/gujarat2012/candidate.php?candidate_id=1297,VAGRA,IND,0,10th Pass,"Rs 72,00,000 ~ 72 Lacs+",Rs 0 ~
138,1655,Bhuriya Velaji Pataji,https://myneta.info/gujarat2012/candidate.php?candidate_id=1655,DEODAR,GPP,2,12th Pass,"Rs 62,78,262 ~ 62 Lacs+","Rs 14,65,000 ~ 14 Lacs+"
139,1354,Bhut Ashokbhai Bhimjibhai,https://myneta.info/gujarat2012/candidate.php?candidate_id=1354,JETPUR,SP,3,8th Pass,"Rs 22,05,000 ~ 22 Lacs+",Rs 0 ~
140,2060,Bhutadiya Virsangbhai Parathibhai,https://myneta.info/gujarat2012/candidate.php?candidate_id=2060,PALANPUR,IND,0,12th Pass,"Rs 1,79,500 ~ 1 Lacs+",Rs 0 ~
141,833,Bhuva Mansukhbhai Panchabhai,https://myneta.info/gujarat2012/candidate.php?candidate_id=833,DHARI,BJP,0,10th Pass,"Rs 2,44,88,724 ~ 2 Crore+","Rs 86,307 ~ 86 Thou+"
142,972,Bhuva Rajnikant Keshavbhai,https://myneta.info/gujarat2012/candidate.php?candidate_id=972,ANKLESHWAR,GPP,0,12th Pass,"Rs 1,55,83,132 ~ 1 Crore+","Rs 4,25,000 ~ 4 Lacs+"
143,1650,Bihari Nasrullakhan Asadullakhan,https://myneta.info/gujarat2012/candidate.php?candidate_id=1650,PALANPUR,BSP,0,12th Pass,"Rs 8,20,000 ~ 8 Lacs+","Rs 8,50,000 ~ 8 Lacs+"
144,1613,Bijalbhai Valabhai Damor,https://myneta.info/gujarat2012/candidate.php?candidate_id=1613,MORVA HADAF (ST),BJP,0,5th Pass,https://myneta.info/image_v2.php?myneta_folder=gujarat2012&candidate_id=1613&col=ta,https://myneta.info/image_v2.php?myneta_folder=gujarat2012&candidate_id=1613&col=lia
145,1770,Bipinbhai G. Gadhvi,https://myneta.info/gujarat2012/candidate.php?candidate_id=1770,AMRAIWADI ,INC,1,Graduate,"Rs 1,43,66,634 ~ 1 Crore+","Rs 6,00,000 ~ 6 Lacs+"
146,432,Bochal Hasmukhbhai Ramanbhai,https://myneta.info/gujarat2012/candidate.php?candidate_id=432,UMBERGAON  (ST) ,CPM,0,8th Pass,"Rs 90,000 ~ 90 Thou+",Rs 0 ~
147,856,Bodar Laljibhai Bhojabhai,https://myneta.info/gujarat2012/candidate.php?candidate_id=856,LATHI,IND,0,12th Pass,"Rs 18,22,222 ~ 18 Lacs+",Rs 0 ~
148,34,Bokhani Arvindbhai Gorjibhai,https://myneta.info/gujarat2012/candidate.php?candidate_id=34,KALAVAD (SC),BSP,0,10th Pass,"Rs 2,86,000 ~ 2 Lacs+",Rs 0 ~
149,616,Boshiya Kanjibhai Ramjibhai,https://myneta.info/gujarat2012/candidate.php?candidate_id=616,CHOTILA,Ambedkar samaj Party,0,5th Pass,"Rs 81,000 ~ 81 Thou+","Rs 40,000 ~ 40 Thou+"
150,2047,Brahman Bhagavanbhai Dhanabhai,https://myneta.info/gujarat2012/candidate.php?candidate_id=2047,THARAD,IND,0,5th Pass,"Rs 76,05,598 ~ 76 Lacs+",Rs 0 ~
151,1912,Brahmbhatt Rakeshbhai Natvarlal,https://myneta.info/gujarat2012/candidate.php?candidate_id=1912,MATAR,GPP,0,Graduate Professional,"Rs 2,05,10,000 ~ 2 Crore+","Rs 28,40,000 ~ 28 Lacs+"
152,2116,Brahmkshatriya Nirupaben Natvarlal,https://myneta.info/gujarat2012/candidate.php?candidate_id=2116,MAHESANA,IND,0,Graduate Professional,"Rs 6,00,000 ~ 6 Lacs+",Rs 0 ~
153,446,Brijesh Amarshibhai Merja,https://myneta.info/gujarat2012/candidate.php?candidate_id=446,MORBI,INC,0,Graduate,https://myneta.info/image_v2.php?myneta_folder=gujarat2012&candidate_id=446&col=ta,https://myneta.info/image_v2.php?myneta_folder=gujarat2012&candidate_id=446&col=lia
154,2223,Buddhapriya  Jashvant   Somabhai,https://myneta.info/gujarat2012/candidate.php?candidate_id=2223,THAKKARBAPA NAGAR,Prajatantra Adhar Party,0,Not Given,"Rs 61,33,798 ~ 61 Lacs+",Rs 0 ~
155,2050,Bumbadiya Mahendrabhai Kesharabhai,https://myneta.info/gujarat2012/candidate.php?candidate_id=2050,DANTA (ST),IND,1,10th Pass,"Rs 57,27,100 ~ 57 Lacs+",Rs 0 ~
156,249,Butani Rajeshbhai Maganbhai,https://myneta.info/gujarat2012/candidate.php?candidate_id=249,KUTIYANA,IND,0,12th Pass,"Rs 26,46,596 ~ 26 Lacs+","Rs 1,30,000 ~ 1 Lacs+"
157,495,Cahuhan Arunsinh Karansinh,https://myneta.info/gujarat2012/candidate.php?candidate_id=495,VAGRA,BSP,1,10th Pass,"Rs 4,50,000 ~ 4 Lacs+",Rs 0 ~
158,815,Chaganbhai Govindbhai Vadhel,https://myneta.info/gujarat2012/candidate.php?candidate_id=815,KODINAR (SC),IND,0,Post Graduate,"Rs 13,31,000 ~ 13 Lacs+",Rs 0 ~
159,2123,Chamar  Pashabhai  Jivabhai,https://myneta.info/gujarat2012/candidate.php?candidate_id=2123,HIMATNAGAR,LJSP,0,10th Pass,"Rs 3,80,000 ~ 3 Lacs+",Rs 0 ~
160,1978,Chamar Shaileshbhai Shankarbhai,https://myneta.info/gujarat2012/candidate.php?candidate_id=1978,UNJHA,BSP,0,5th Pass,"Rs 1,00,000 ~ 1 Lacs+",Rs 0 ~
161,1132,Champaben D.oranawala,https://myneta.info/gujarat2012/candidate.php?candidate_id=1132,BARDOLI (SC) ,GPP,0,12th Pass,"Rs 23,51,500 ~ 23 Lacs+","Rs 1,73,400 ~ 1 Lacs+"
162,1059,Chanabhai Micharabhai Gamit,https://myneta.info/gujarat2012/candidate.php?candidate_id=1059,NIZAR (ST),CPI,0,Literate,https://myneta.info/image_v2.php?myneta_folder=gujarat2012&candidate_id=1059&col=ta,https://myneta.info/image_v2.php?myneta_folder=gujarat2012&candidate_id=1059&col=lia
163,36,Chanchiya Popatbhai Govabhai,https://myneta.info/gujarat2012/candidate.php?candidate_id=36,KUTIYANA,BSP,2,5th Pass,"Rs 3,75,500 ~ 3 Lacs+",Rs 0 ~
164,1941,Chandrakant Bhailalbhai Patel,https://myneta.info/gujarat2012/candidate.php?candidate_id=1941,KHAMBHAT,GPP,0,5th Pass,"Rs 15,68,182 ~ 15 Lacs+","Rs 3,50,000 ~ 3 Lacs+"
165,155,Chandrakant Maganbhai Ramoliya	,https://myneta.info/gujarat2012/candidate.php?candidate_id=155,JETPUR,IND,0,10th Pass,"Rs 7,75,000 ~ 7 Lacs+",Rs 0 ~
166,796,Chandrikaben Kanjibhai Chudasama,https://myneta.info/gujarat2012/candidate.php?candidate_id=796,MANGROL ,INC,0,Graduate Professional,"Rs 2,42,65,003 ~ 2 Crore+","Rs 3,50,000 ~ 3 Lacs+"
167,554,Chandubhai Madarbhai Patel,https://myneta.info/gujarat2012/candidate.php?candidate_id=554,KAPRADA (ST) ,IND,0,12th Pass,Nil,Rs 0 ~
168,2371,Chaudhari  Kamleshbhai  Prabhubhai,https://myneta.info/gujarat2012/candidate.php?candidate_id=2371,MANDVI (ST) ,JD(U),0,12th Pass,"Rs 3,55,000 ~ 3 Lacs+",Rs 0 ~
169,1115,Chaudhari Arvindbhai Rumsibhai,https://myneta.info/gujarat2012/candidate.php?candidate_id=1115,VYARA (ST),IND,0,10th Pass,"Rs 41,09,697 ~ 41 Lacs+",Rs 0 ~
170,1057,Chaudhari Champakbhai Dhanjibhai,https://myneta.info/gujarat2012/candidate.php?candidate_id=1057,VYARA (ST),BSP,0,10th Pass,"Rs 50,500 ~ 50 Thou+",Rs 0 ~
171,273,Chaudhari Jitubhai Harjibhai,https://myneta.info/gujarat2012/candidate.php?candidate_id=273,KAPRADA (ST) ,INC,1,8th Pass,https://myneta.info/image_v2.php?myneta_folder=gujarat2012&candidate_id=273&col=ta,https://myneta.info/image_v2.php?myneta_folder=gujarat2012&candidate_id=273&col=lia
172,1056,Chaudhari Khansingbhai Kismabhai,https://myneta.info/gujarat2012/candidate.php?candidate_id=1056,VYARA (ST),GPP,0,10th Pass,"Rs 8,80,000 ~ 8 Lacs+",Rs 0 ~
173,999,Chaudhari Nitaben Chhaganbhai,https://myneta.info/gujarat2012/candidate.php?candidate_id=999,MANDVI (ST) ,Indian Front,0,10th Pass,"Rs 26,000 ~ 26 Thou+",Rs 0 ~
174,420,Chaudhari Priteshbhai Dansukhbhai,https://myneta.info/gujarat2012/candidate.php?candidate_id=420,VYARA (ST),JD(U),0,12th Pass,"Rs 11,836 ~ 11 Thou+",Rs 0 ~
175,1675,Chaudhari Rameshbhai Nathabhai,https://myneta.info/gujarat2012/candidate.php?candidate_id=1675,CHANASMA,BSP,0,8th Pass,"Rs 3,75,250 ~ 3 Lacs+",Rs 0 ~
176,1103,Chaudhari Sumitraben Batukbhai,https://myneta.info/gujarat2012/candidate.php?candidate_id=1103,DHARAMPUR (ST),BJP,0,8th Pass,"Rs 2,41,73,142 ~ 2 Crore+","Rs 21,97,864 ~ 21 Lacs+"
177,991,Chaudhari Tejasbhai Amarsinhbhai,https://myneta.info/gujarat2012/candidate.php?candidate_id=991,MANGROL (ST),INC,0,Graduate,"Rs 2,52,66,540 ~ 2 Crore+","Rs 22,16,918 ~ 22 Lacs+"
178,2099,Chaudhary Bharatbhai Ghemarbhai,https://myneta.info/gujarat2012/candidate.php?candidate_id=2099,VISNAGAR,RLD,0,8th Pass,"Rs 2,60,000 ~ 2 Lacs+",Rs 0 ~
179,1955,Chaudhary Memabhai Dosabhai,https://myneta.info/gujarat2012/candidate.php?candidate_id=1955,RADHANPUR,GPP,2,10th Pass,"Rs 85,21,851 ~ 85 Lacs+","Rs 10,39,427 ~ 10 Lacs+"
180,2056,Chaudhary Rajeshkumar Virsangbhai,https://myneta.info/gujarat2012/candidate.php?candidate_id=2056,PALANPUR,IND,1,12th Pass,https://myneta.info/image_v2.php?myneta_folder=gujarat2012&candidate_id=2056&col=ta,https://myneta.info/image_v2.php?myneta_folder=gujarat2012&candidate_id=2056&col=lia
181,1509,Chaudhary Shankarbhai Lagdhirbhai,https://myneta.info/gujarat2012/candidate.php?candidate_id=1509,VAV,BJP,4,Post Graduate,"Rs 4,97,60,790 ~ 4 Crore+","Rs 42,66,140 ~ 42 Lacs+"
182,2221,Chauhan  Dineshkumar  Shankarlal  (bachchanbhai Mali),https://myneta.info/gujarat2012/candidate.php?candidate_id=2221,THAKKARBAPA NAGAR,CPI,3,10th Pass,"Rs 2,20,000 ~ 2 Lacs+","Rs 3,00,000 ~ 3 Lacs+"
183,2340,Chauhan  Kamleshkumar  Chhaganbhai,https://myneta.info/gujarat2012/candidate.php?candidate_id=2340,SAYAJIGUNJ,IND,0,Post Graduate,"Rs 1,92,648 ~ 1 Lacs+",Rs 0 ~
184,2299,Chauhan  Ratansinh Udesinh,https://myneta.info/gujarat2012/candidate.php?candidate_id=2299,MATAR,IND,0,10th Pass,"Rs 24,50,000 ~ 24 Lacs+","Rs 3,70,000 ~ 3 Lacs+"
185,2104,Chauhan Abbasmiya Gandamiya,https://myneta.info/gujarat2012/candidate.php?candidate_id=2104,BECHARAJI,IND,0,5th Pass,"Rs 28,85,000 ~ 28 Lacs+",Rs 0 ~
186,1190,Chauhan Anilbhai Laljibhai,https://myneta.info/gujarat2012/candidate.php?candidate_id=1190,LIMBAYAT ,IND,0,Graduate,"Rs 41,20,480 ~ 41 Lacs+",Rs 0 ~
187,1569,Chauhan Anjanaben Ranjitsinh,https://myneta.info/gujarat2012/candidate.php?candidate_id=1569,PRANTIJ,SP,0,10th Pass,"Rs 31,10,000 ~ 31 Lacs+",Rs 0 ~
188,377,Chauhan Bhanjibhai Sajanbhai,https://myneta.info/gujarat2012/candidate.php?candidate_id=377,UNA,BSP,1,5th Pass,"Rs 12,32,118 ~ 12 Lacs+","Rs 25,000 ~ 25 Thou+"
189,2311,Chauhan Bhanupratapsinh Ambubhai,https://myneta.info/gujarat2012/candidate.php?candidate_id=2311,MAHUDHA,IND,0,12th Pass,https://myneta.info/image_v2.php?myneta_folder=gujarat2012&candidate_id=2311&col=ta,https://myneta.info/image_v2.php?myneta_folder=gujarat2012&candidate_id=2311&col=lia
190,1821,Chauhan Bhupendrasinh Chimansinh,https://myneta.info/gujarat2012/candidate.php?candidate_id=1821,DEVGADHBARIA,NCP,0,Graduate,"Rs 65,82,584 ~ 65 Lacs+","Rs 22,00,000 ~ 22 Lacs+"
191,2326,Chauhan Chandrasinh  Jashvantsinh,https://myneta.info/gujarat2012/candidate.php?candidate_id=2326,VAGHODIA,IND,0,10th Pass,"Rs 13,46,000 ~ 13 Lacs+",Rs 0 ~
192,418,Chauhan Dayabhai Devjibhai,https://myneta.info/gujarat2012/candidate.php?candidate_id=418,BHAVNAGAR EAST,IND,0,5th Pass,"Rs 15,48,500 ~ 15 Lacs+","Rs 35,000 ~ 35 Thou+"
193,1603,Chauhan Devusinh Jesingbhai,https://myneta.info/gujarat2012/candidate.php?candidate_id=1603,MATAR,BJP,0,Others,"Rs 93,25,348 ~ 93 Lacs+","Rs 15,00,000 ~ 15 Lacs+"
194,599,Chauhan Dhirubhai Jemabhai,https://myneta.info/gujarat2012/candidate.php?candidate_id=599,LIMBDI,IND,0,5th Pass,"Rs 8,75,000 ~ 8 Lacs+",Rs 0 ~
195,1895,Chauhan Fatesinh Vakhatsinh	,https://myneta.info/gujarat2012/candidate.php?candidate_id=1895,KALOL,GPP,0,10th Pass,"Rs 28,73,696 ~ 28 Lacs+","Rs 7,03,750 ~ 7 Lacs+"
196,971,Chauhan Gajubhai Amrutlal,https://myneta.info/gujarat2012/candidate.php?candidate_id=971,BHARUCH,GPP,0,10th Pass,"Rs 29,53,000 ~ 29 Lacs+",Rs 0 ~
197,2170,Chauhan Gulamhusen  Umarbhai,https://myneta.info/gujarat2012/candidate.php?candidate_id=2170,KALOL,IND,0,Graduate Professional,"Rs 16,80,000 ~ 16 Lacs+","Rs 1,14,000 ~ 1 Lacs+"
198,2101,Chauhan Isubkhan Sherkhan,https://myneta.info/gujarat2012/candidate.php?candidate_id=2101,VISNAGAR,IND,0,8th Pass,https://myneta.info/image_v2.php?myneta_folder=gujarat2012&candidate_id=2101&col=ta,https://myneta.info/image_v2.php?myneta_folder=gujarat2012&candidate_id=2101&col=lia
199,2037,Chauhan Jagdishbhai Keshabhai,https://myneta.info/gujarat2012/candidate.php?candidate_id=2037,DASKROI,BSP,3,Graduate,"Rs 6,00,000 ~ 6 Lacs+",Rs 0 ~
200,2276,Chauhan Kamleshsinh  Sursinh,https://myneta.info/gujarat2012/candidate.php?candidate_id=2276,DASKROI,IND,0,12th Pass,"Rs 11,00,000 ~ 11 Lacs+",Rs 0 ~
201,2095,Chauhan Kanubhai Naththubhai,https://myneta.info/gujarat2012/candidate.php?candidate_id=2095,UNJHA,LJSP,0,10th Pass,"Rs 1,46,500 ~ 1 Lacs+",Rs 0 ~
202,1977,Chauhan Kanubhai Rayajibhai,https://myneta.info/gujarat2012/candidate.php?candidate_id=1977,IDAR (SC),JD(U),0,10th Pass,"Rs 5,28,500 ~ 5 Lacs+","Rs 1,50,000 ~ 1 Lacs+"
203,2253,Chauhan Mohammad  Siraj Gulam Mohiyuddin,https://myneta.info/gujarat2012/candidate.php?candidate_id=2253,JAMALPUR- KHADIA,IND,0,8th Pass,"Rs 6,76,000 ~ 6 Lacs+",Rs 0 ~
204,264,Chauhan Narashibhai Dudabhai,https://myneta.info/gujarat2012/candidate.php?candidate_id=264,RAJULA,IND,1,Literate,"Rs 21,08,563 ~ 21 Lacs+","Rs 11,000 ~ 11 Thou+"
205,2009,Chauhan Narendkumar Mohanlal,https://myneta.info/gujarat2012/candidate.php?candidate_id=2009,VADGAM (SC),LJSP,2,8th Pass,"Rs 9,53,000 ~ 9 Lacs+","Rs 3,89,895 ~ 3 Lacs+"
206,657,Chauhan Rashilaben H,https://myneta.info/gujarat2012/candidate.php?candidate_id=657,RAJKOT WEST,IND,0,Literate,"Rs 16,37,000 ~ 16 Lacs+","Rs 55,026 ~ 55 Thou+"
207,1918,Chauhan Shakarbhai Babubhai,https://myneta.info/gujarat2012/candidate.php?candidate_id=1918,MAHUDHA,BSP,0,10th Pass,https://myneta.info/image_v2.php?myneta_folder=gujarat2012&candidate_id=1918&col=ta,https://myneta.info/image_v2.php?myneta_folder=gujarat2012&candidate_id=1918&col=lia
208,613,Chauhan Shamjibhai Bhimjibhai,https://myneta.info/gujarat2012/candidate.php?candidate_id=613,CHOTILA,BJP,0,10th Pass,"Rs 1,23,02,379 ~ 1 Crore+","Rs 1,42,830 ~ 1 Lacs+"
209,1464,Chauhan Sultanbhai Mirajibhai,https://myneta.info/gujarat2012/candidate.php?candidate_id=1464,VISAVADAR,IND,0,8th Pass,"Rs 40,55,691 ~ 40 Lacs+",Rs 0 ~
210,1605,Chauhan Sundersinh Bhalabhai,https://myneta.info/gujarat2012/candidate.php?candidate_id=1605,MEHMEDABAD,BJP,0,Graduate Professional,"Rs 1,84,74,300 ~ 1 Crore+","Rs 3,72,805 ~ 3 Lacs+"
211,2349,Chauhan Varishali  Rahimbhai,https://myneta.info/gujarat2012/candidate.php?candidate_id=2349,RAOPURA,LJSP,0,8th Pass,"Rs 2,05,000 ~ 2 Lacs+",Rs 0 ~
212,2282,Chavada  Kaushikkumar  Ravjibhai,https://myneta.info/gujarat2012/candidate.php?candidate_id=2282,ANKLAV,IND,0,Graduate Professional,"Rs 1,16,97,000 ~ 1 Crore+","Rs 50,000 ~ 50 Thou+"
213,132,Chavada Javaharbhai Pethalajibhai,https://myneta.info/gujarat2012/candidate.php?candidate_id=132,MANAVADAR,INC,0,10th Pass,"Rs 82,90,21,706 ~ 82 Crore+","Rs 1,88,94,139 ~ 1 Crore+"
214,1545,Chavada Jayshreeben Ajitbhai,https://myneta.info/gujarat2012/candidate.php?candidate_id=1545,GANDHIDHAM(SC),INC,0,5th Pass,"Rs 18,70,634 ~ 18 Lacs+",Rs 0 ~
215,2109,Chavada Jiluji Jivanji,https://myneta.info/gujarat2012/candidate.php?candidate_id=2109,MAHESANA,IND,0,10th Pass,"Rs 12,96,692 ~ 12 Lacs+","Rs 8,28,522 ~ 8 Lacs+"
216,1748,Chavada Rameshbhai Maganbhai,https://myneta.info/gujarat2012/candidate.php?candidate_id=1748,KADI (SC),INC,0,12th Pass,https://myneta.info/image_v2.php?myneta_folder=gujarat2012&candidate_id=1748&col=ta,https://myneta.info/image_v2.php?myneta_folder=gujarat2012&candidate_id=1748&col=lia
217,401,Chavada Ramsinh Sadulbhai,https://myneta.info/gujarat2012/candidate.php?candidate_id=401,GARIADHAR,IND,0,10th Pass,"Rs 75,000 ~ 75 Thou+",Rs 0 ~
218,91,Chavada Surajkumar Dipakbhai,https://myneta.info/gujarat2012/candidate.php?candidate_id=91,KESHOD ,BSP,0,Graduate Professional,"Rs 8,20,000 ~ 8 Lacs+","Rs 30,000 ~ 30 Thou+"
219,2259,Chavda Amarsinh Badarsinhji,https://myneta.info/gujarat2012/candidate.php?candidate_id=2259,MANINAGAR,Bhartiya Janta Dal,0,Graduate,"Rs 1,89,97,110 ~ 1 Crore+","Rs 6,50,000 ~ 6 Lacs+"
220,456,Chavda Ashokbhai Nathabhai,https://myneta.info/gujarat2012/candidate.php?candidate_id=456,KHAMBHALIA ,IND,0,5th Pass,"Rs 14,000 ~ 14 Thou+",Rs 0 ~
221,1686,Chavda Bharatji Prahladji,https://myneta.info/gujarat2012/candidate.php?candidate_id=1686,VISNAGAR,SP,0,5th Pass,"Rs 1,55,000 ~ 1 Lacs+",Rs 0 ~
222,1937,Chavda Ilaben Jeshingbhai,https://myneta.info/gujarat2012/candidate.php?candidate_id=1937,ELLISBRIDGE,BSP,0,Literate,"Rs 6,72,750 ~ 6 Lacs+","Rs 4,11,715 ~ 4 Lacs+"
223,675,Chavda Lakhmanbhai Devjibhai,https://myneta.info/gujarat2012/candidate.php?candidate_id=675,RAJKOT RURAL  (SC),IND,0,Literate,"Rs 50,000 ~ 50 Thou+",Rs 0 ~
224,2106,Chavda Laxmincandra Punjabhai,https://myneta.info/gujarat2012/candidate.php?candidate_id=2106,KADI (SC),IND,0,Graduate Professional,"Rs 1,16,501 ~ 1 Lacs+","Rs 5,030 ~ 5 Thou+"
225,598,Chavda Mahendrakumar Maganbhai,https://myneta.info/gujarat2012/candidate.php?candidate_id=598,LIMBDI,RPI,0,Graduate Professional,https://myneta.info/image_v2.php?myneta_folder=gujarat2012&candidate_id=598&col=ta,https://myneta.info/image_v2.php?myneta_folder=gujarat2012&candidate_id=598&col=lia
226,715,Chavda Meghji Amara,https://myneta.info/gujarat2012/candidate.php?candidate_id=715,KALAVAD (SC),BJP,0,Graduate,"Rs 73,92,654 ~ 73 Lacs+","Rs 6,74,594 ~ 6 Lacs+"
227,721,Chavda Meghjibhai Pithabhai,https://myneta.info/gujarat2012/candidate.php?candidate_id=721,KALAVAD (SC),IND,0,5th Pass,"Rs 1,43,000 ~ 1 Lacs+",Rs 0 ~
228,719,Chavda Meghjibhai Ugabhai,https://myneta.info/gujarat2012/candidate.php?candidate_id=719,KALAVAD (SC),IND,0,Not Given,"Rs 1,59,500 ~ 1 Lacs+",Rs 0 ~
229,564,Chavda Pradhyumansinh Pratapbhai,https://myneta.info/gujarat2012/candidate.php?candidate_id=564,DHOLKA,INC,0,12th Pass,"Rs 2,13,44,163 ~ 2 Crore+","Rs 27,47,610 ~ 27 Lacs+"
230,1751,Chavda Rajendrasinh Ranjitsinh,https://myneta.info/gujarat2012/candidate.php?candidate_id=1751,HIMATNAGAR,INC,0,12th Pass,"Rs 10,35,56,257 ~ 10 Crore+","Rs 3,09,79,411 ~ 3 Crore+"
231,216,Chavda Shivabhai Ravjibhai,https://myneta.info/gujarat2012/candidate.php?candidate_id=216,TANKARA,IND,0,10th Pass,"Rs 4,03,450 ~ 4 Lacs+",Rs 0 ~
232,1894,Chavda Surendrasinh Narvatsinh	,https://myneta.info/gujarat2012/candidate.php?candidate_id=1894,KALOL,JD(U),0,Graduate Professional,"Rs 16,84,400 ~ 16 Lacs+",Rs 0 ~
233,2126,Chenava  Sureshbhai  Nagarbhai,https://myneta.info/gujarat2012/candidate.php?candidate_id=2126,HIMATNAGAR,IND,0,8th Pass,"Rs 3,80,000 ~ 3 Lacs+",Rs 0 ~
234,2014,Chhatraliya Shantibhai Ishwarbhai,https://myneta.info/gujarat2012/candidate.php?candidate_id=2014,DEESA,IND,0,10th Pass,https://myneta.info/image_v2.php?myneta_folder=gujarat2012&candidate_id=2014&col=ta,https://myneta.info/image_v2.php?myneta_folder=gujarat2012&candidate_id=2014&col=lia
235,92,Chhaya Rameshbhai Mulajibhai,https://myneta.info/gujarat2012/candidate.php?candidate_id=92,KESHOD ,IND,0,5th Pass,"Rs 1,40,000 ~ 1 Lacs+",Rs 0 ~
236,1831,Chheda Tarachand Jagshibhai,https://myneta.info/gujarat2012/candidate.php?candidate_id=1831,MANDVI,BJP,1,5th Pass,"Rs 3,99,40,399 ~ 3 Crore+","Rs 1,02,96,039 ~ 1 Crore+"
237,1798,Chinnam Gandhi,https://myneta.info/gujarat2012/candidate.php?candidate_id=1798,MANJALPUR,INC,0,Post Graduate,"Rs 39,00,000 ~ 39 Lacs+",Rs 0 ~
238,116,Chohan Jitendrabhai B,https://myneta.info/gujarat2012/candidate.php?candidate_id=116,RAJKOT WEST,IND,0,5th Pass,"Rs 65,000 ~ 65 Thou+",Rs 0 ~
239,1028,Choksi Ajaykumar Jashvantlal,https://myneta.info/gujarat2012/candidate.php?candidate_id=1028,SURAT NORTH ,BJP,0,Post Graduate,"Rs 5,99,88,497 ~ 5 Crore+","Rs 56,92,438 ~ 56 Lacs+"
240,1091,Chopadiya Deepakbhai Shivajibhai,https://myneta.info/gujarat2012/candidate.php?candidate_id=1091,UMBERGAON  (ST) ,IND,0,Graduate,"Rs 4,89,95,000 ~ 4 Crore+",Rs 0 ~
241,3,Chotaliya Dhirubhai Hirjibhai,https://myneta.info/gujarat2012/candidate.php?candidate_id=3,VISAVADAR,IND,0,10th Pass,"Rs 18,98,687 ~ 18 Lacs+",Rs 0 ~
242,1361,Chotaliya Shabir Yunusbhai,https://myneta.info/gujarat2012/candidate.php?candidate_id=1361,JETPUR,IND,0,8th Pass,"Rs 25,000 ~ 25 Thou+",Rs 0 ~
243,2304,Christy Vasantbhai Aitabhai,https://myneta.info/gujarat2012/candidate.php?candidate_id=2304,NADIAD,IND,1,12th Pass,https://myneta.info/image_v2.php?myneta_folder=gujarat2012&candidate_id=2304&col=ta,https://myneta.info/image_v2.php?myneta_folder=gujarat2012&candidate_id=2304&col=lia
244,371,Chudasama Hirabhai Masribhai,https://myneta.info/gujarat2012/candidate.php?candidate_id=371,MANGROL ,IND,0,10th Pass,"Rs 16,65,000 ~ 16 Lacs+","Rs 95,232 ~ 95 Thou+"
245,1484,Chudasama Masaribhai Govindbhai,https://myneta.info/gujarat2012/candidate.php?candidate_id=1484,SOMNATH,IND,0,10th Pass,"Rs 16,65,000 ~ 16 Lacs+","Rs 95,232 ~ 95 Thou+"
246,790,Chudasama Meramanbhai Arashibhai,https://myneta.info/gujarat2012/candidate.php?candidate_id=790,KESHOD ,GPP,0,12th Pass,"Rs 3,63,03,298 ~ 3 Crore+","Rs 7,50,000 ~ 7 Lacs+"
247,1803,Chunilal Punjabhai Charport,https://myneta.info/gujarat2012/candidate.php?candidate_id=1803,FATEPURA (ST),GPP,1,12th Pass,"Rs 24,10,000 ~ 24 Lacs+","Rs 4,75,000 ~ 4 Lacs+"
248,306,Contractar Prakasbhai,https://myneta.info/gujarat2012/candidate.php?candidate_id=306,CHORYASI,IND,1,Graduate,"Rs 5,18,47,442 ~ 5 Crore+","Rs 7,82,200 ~ 7 Lacs+"
249,1542,D.d. Patel,https://myneta.info/gujarat2012/candidate.php?candidate_id=1542,MANSA,BJP,0,Others,"Rs 69,53,97,024 ~ 69 Crore+","Rs 4,25,03,327 ~ 4 Crore+"
250,1522,Dabhi Bharatsinhji Sankarji,https://myneta.info/gujarat2012/candidate.php?candidate_id=1522,KHERALU,BJP,0,Graduate Professional,"Rs 5,78,83,854 ~ 5 Crore+","Rs 79,86,764 ~ 79 Lacs+"
251,2139,Dabhi Devabhai  Hirabhai,https://myneta.info/gujarat2012/candidate.php?candidate_id=2139,KHEDBRAHMA (ST),CPI(ML)(L),0,Illiterate,"Rs 55,000 ~ 55 Thou+",Rs 0 ~
252,1916,Dabhi Dolatsinh Somabhai,https://myneta.info/gujarat2012/candidate.php?candidate_id=1916,MEHMEDABAD,GPP,0,Post Graduate,https://myneta.info/image_v2.php?myneta_folder=gujarat2012&candidate_id=1916&col=ta,https://myneta.info/image_v2.php?myneta_folder=gujarat2012&candidate_id=1916&col=lia
253,592,Dabhi Mohanbhai Tulshibhai,https://myneta.info/gujarat2012/candidate.php?candidate_id=592,LIMBDI,IND,0,Graduate Professional,"Rs 64,78,000 ~ 64 Lacs+",Rs 0 ~
254,1642,Dabhi Rupabhai Chenabhai,https://myneta.info/gujarat2012/candidate.php?candidate_id=1642,DHANERA,BSP,0,5th Pass,"Rs 10,26,500 ~ 10 Lacs+","Rs 5,10,000 ~ 5 Lacs+"
255,2011,Dabhi Sharmistaben Laljibhai,https://myneta.info/gujarat2012/candidate.php?candidate_id=2011,DEESA,LJSP,0,12th Pass,"Rs 1,26,000 ~ 1 Lacs+",Rs 0 ~
256,2209,Dahyabhai Solanki,https://myneta.info/gujarat2012/candidate.php?candidate_id=2209,NIKOL,LJSP,0,10th Pass,"Rs 90,000 ~ 90 Thou+",Rs 0 ~
257,24,Daki Jaysukhlal Jadavbhai,https://myneta.info/gujarat2012/candidate.php?candidate_id=24,TALALA,IND,0,10th Pass,"Rs 16,23,681 ~ 16 Lacs+","Rs 5,45,800 ~ 5 Lacs+"
258,250,Dal Husenbhai Alibhai,https://myneta.info/gujarat2012/candidate.php?candidate_id=250,MANAVADAR,SP,1,5th Pass,"Rs 19,75,000 ~ 19 Lacs+",Rs 0 ~
259,372,Dal Ibrahim Bodubhai,https://myneta.info/gujarat2012/candidate.php?candidate_id=372,MANGROL ,SP,0,Literate,"Rs 42,000 ~ 42 Thou+",Rs 0 ~
260,1823,Dalal Akbar Saifuddin,https://myneta.info/gujarat2012/candidate.php?candidate_id=1823,DEVGADHBARIA,JD(U),0,10th Pass,"Rs 4,36,000 ~ 4 Lacs+",Rs 0 ~
261,1258,Dalal Ketankumar Hiralal,https://myneta.info/gujarat2012/candidate.php?candidate_id=1258,SURAT EAST ,IND,0,12th Pass,https://myneta.info/image_v2.php?myneta_folder=gujarat2012&candidate_id=1258&col=ta,https://myneta.info/image_v2.php?myneta_folder=gujarat2012&candidate_id=1258&col=lia
262,1574,Dalal Patel Saurabh Yashayantbhai,https://myneta.info/gujarat2012/candidate.php?candidate_id=1574,AKOTA,BJP,0,Post Graduate,"Rs 56,60,01,812 ~ 56 Crore+",Rs 0 ~
263,1007,Dalsukhbhai Keshvjibhai Chovatiya,https://myneta.info/gujarat2012/candidate.php?candidate_id=1007,KAMREJ,GPP,1,8th Pass,"Rs 1,24,42,683 ~ 1 Crore+","Rs 57,99,553 ~ 57 Lacs+"
264,1804,Damor Chetanbhai Ramsubhai,https://myneta.info/gujarat2012/candidate.php?candidate_id=1804,JHALOD (ST),BSP,0,12th Pass,"Rs 2,94,000 ~ 2 Lacs+",Rs 0 ~
265,1984,Damor Clerancekumar Ajitbhai,https://myneta.info/gujarat2012/candidate.php?candidate_id=1984,KHEDBRAHMA (ST),SP,0,Graduate,"Rs 3,88,200 ~ 3 Lacs+","Rs 45,000 ~ 45 Thou+"
266,1814,Damor Karansinh Somjibhai,https://myneta.info/gujarat2012/candidate.php?candidate_id=1814,DAHOD (ST),IND,0,Graduate,"Rs 7,55,726 ~ 7 Lacs+",Rs 0 ~
267,2140,Damor Saybabhai  Homabhai,https://myneta.info/gujarat2012/candidate.php?candidate_id=2140,KHEDBRAHMA (ST),Bhartiya National Janta  Dal,0,8th Pass,"Rs 5,98,000 ~ 5 Lacs+",Rs 0 ~
268,1810,Damor Vestabhai Jokhanabhai,https://myneta.info/gujarat2012/candidate.php?candidate_id=1810,LIMKHEDA (ST),IND,0,8th Pass,"Rs 2,02,000 ~ 2 Lacs+",Rs 0 ~
269,1856,Dangar Premkumar Ratanlal,https://myneta.info/gujarat2012/candidate.php?candidate_id=1856,GANDHIDHAM(SC),GPP,2,10th Pass,"Rs 1,19,10,504 ~ 1 Crore+","Rs 7,91,796 ~ 7 Lacs+"
270,442,Dangi Mahasukhbhai Amrutlal,https://myneta.info/gujarat2012/candidate.php?candidate_id=442,DHRANGADHRA,IND,0,Graduate,https://myneta.info/image_v2.php?myneta_folder=gujarat2012&candidate_id=442&col=ta,https://myneta.info/image_v2.php?myneta_folder=gujarat2012&candidate_id=442&col=lia
271,1747,Darbar Rajendrasinh Udesinh,https://myneta.info/gujarat2012/candidate.php?candidate_id=1747,BECHARAJI,INC,0,12th Pass,"Rs 83,24,000 ~ 83 Lacs+","Rs 7,75,000 ~ 7 Lacs+"
272,1995,Datt Akashbhai Natvarbhai,https://myneta.info/gujarat2012/candidate.php?candidate_id=1995,DARIAPUR,JD(U),6,Graduate Professional,"Rs 1,87,000 ~ 1 Lacs+",Rs 0 ~
273,1415,Dave Chetan Jaysukhlal,https://myneta.info/gujarat2012/candidate.php?candidate_id=1415,JAMNAGAR SOUTH,IND,0,10th Pass,"Rs 7,20,000 ~ 7 Lacs+",Rs 0 ~
274,2273,Dave Dhaval  Hasmukhbhai,https://myneta.info/gujarat2012/candidate.php?candidate_id=2273,DASKROI,SARDAR VALLABHBHAI PATEL PARTY,0,Others,"Rs 1,33,093 ~ 1 Lacs+","Rs 2,00,000 ~ 2 Lacs+"
275,1687,Dave Hitendrakumar Narendrabhai	,https://myneta.info/gujarat2012/candidate.php?candidate_id=1687,VISNAGAR,BSP,0,Not Given,"Rs 2,03,562 ~ 2 Lacs+",Rs 0 ~
276,2290,Dave Jatinbhai  Dineshchandra,https://myneta.info/gujarat2012/candidate.php?candidate_id=2290,ANAND,IND,0,10th Pass,"Rs 2,65,000 ~ 2 Lacs+",Rs 0 ~
277,2063,Dave Mahendrakumar Pareshvarji,https://myneta.info/gujarat2012/candidate.php?candidate_id=2063,DEODAR,IND,0,8th Pass,"Rs 3,71,000 ~ 3 Lacs+",Rs 0 ~
278,910,Dave Vibhavariben Vijaybhai,https://myneta.info/gujarat2012/candidate.php?candidate_id=910,BHAVNAGAR EAST,BJP,0,Post Graduate,"Rs 2,50,68,239 ~ 2 Crore+","Rs 10,98,399 ~ 10 Lacs+"
279,1717,Dave Vishnukumar Jashbhai ,https://myneta.info/gujarat2012/candidate.php?candidate_id=1717,VADODARA CITY (SC) ,SP,0,12th Pass,https://myneta.info/image_v2.php?myneta_folder=gujarat2012&candidate_id=1717&col=ta,https://myneta.info/image_v2.php?myneta_folder=gujarat2012&candidate_id=1717&col=lia
280,78,Degada Jatinkumar Kantilal,https://myneta.info/gujarat2012/candidate.php?candidate_id=78,JETPUR,IND,0,5th Pass,"Rs 1,53,000 ~ 1 Lacs+",Rs 0 ~
281,678,Dengada Pravinbhai Meghjibhai,https://myneta.info/gujarat2012/candidate.php?candidate_id=678,RAJKOT RURAL  (SC),RPI(A),1,Illiterate,"Rs 10,70,000 ~ 10 Lacs+",Rs 0 ~
282,115,Dengda Pravinbhai M,https://myneta.info/gujarat2012/candidate.php?candidate_id=115,RAJKOT WEST,IND,1,Illiterate,"Rs 10,70,000 ~ 10 Lacs+",Rs 0 ~
283,759,Der Prakashbhai Jethabhai,https://myneta.info/gujarat2012/candidate.php?candidate_id=759,KUTIYANA,IND,0,Graduate,"Rs 8,30,000 ~ 8 Lacs+",Rs 0 ~
284,1235,Desai Bharatkumar Nanalal,https://myneta.info/gujarat2012/candidate.php?candidate_id=1235,DHANDHUKA,GPP,0,Graduate,"Rs 2,25,000 ~ 2 Lacs+",Rs 0 ~
285,1098,Desai Hemant Manubhai,https://myneta.info/gujarat2012/candidate.php?candidate_id=1098,PARDI,INC,1,12th Pass,"Rs 8,32,29,442 ~ 8 Crore+","Rs 5,72,000 ~ 5 Lacs+"
286,2067,Desai Ishvarbhai Mahadevbhai,https://myneta.info/gujarat2012/candidate.php?candidate_id=2067,KANKREJ,GPP,0,Literate,"Rs 1,39,03,245 ~ 1 Crore+",Rs 0 ~
287,1110,Desai Jagdishchandra Manubhai,https://myneta.info/gujarat2012/candidate.php?candidate_id=1110,JALALPORE,IND,0,10th Pass,"Rs 3,96,42,000 ~ 3 Crore+",Rs 0 ~
288,2082,Desai Kanjibhai Motibhai,https://myneta.info/gujarat2012/candidate.php?candidate_id=2082,PATAN,IND,0,5th Pass,https://myneta.info/image_v2.php?myneta_folder=gujarat2012&candidate_id=2082&col=ta,https://myneta.info/image_v2.php?myneta_folder=gujarat2012&candidate_id=2082&col=lia
289,1095,Desai Kanubhai Mohanlal,https://myneta.info/gujarat2012/candidate.php?candidate_id=1095,PARDI,BJP,0,Graduate,"Rs 2,36,86,750 ~ 2 Crore+",Rs 0 ~
290,425,Desai Piyushbhai Dinkarbhai,https://myneta.info/gujarat2012/candidate.php?candidate_id=425,NAVSARI ,BJP,0,Graduate Professional,"Rs 67,24,287 ~ 67 Lacs+",Rs 0 ~
291,1168,Desai Rajubhai Devjibhai,https://myneta.info/gujarat2012/candidate.php?candidate_id=1168,MAJURA ,Indian Front,0,Literate,"Rs 20,89,760 ~ 20 Lacs+","Rs 14,92,600 ~ 14 Lacs+"
292,1521,Desai Ranchhodbhai Mahijibhai,https://myneta.info/gujarat2012/candidate.php?candidate_id=1521,PATAN,BJP,0,Graduate Professional,"Rs 1,90,07,097 ~ 1 Crore+","Rs 6,30,750 ~ 6 Lacs+"
293,1071,Desai Thakorbhai Maganlal,https://myneta.info/gujarat2012/candidate.php?candidate_id=1071,NAVSARI ,GPP,1,Post Graduate,"Rs 1,45,000 ~ 1 Lacs+",Rs 0 ~
294,211,Detroja Manishbhai Arjanbhai,https://myneta.info/gujarat2012/candidate.php?candidate_id=211,TANKARA,IND,0,12th Pass,"Rs 11,95,598 ~ 11 Lacs+","Rs 1,80,000 ~ 1 Lacs+"
295,2369,Devarshibhai Chanabhai Makwana,https://myneta.info/gujarat2012/candidate.php?candidate_id=2369,JETPUR,IND,0,12th Pass,"Rs 32,75,484 ~ 32 Lacs+","Rs 55,000 ~ 55 Thou+"
296,2048,Devda Dungarsinh Bharatsinh,https://myneta.info/gujarat2012/candidate.php?candidate_id=2048,DHANERA,LJSP,4,Graduate,"Rs 1,16,47,000 ~ 1 Crore+","Rs 27,00,000 ~ 27 Lacs+"
297,1815,Devdha Samsubhai Khatrabhai,https://myneta.info/gujarat2012/candidate.php?candidate_id=1815,DAHOD (ST),IND,0,Graduate Professional,https://myneta.info/image_v2.php?myneta_folder=gujarat2012&candidate_id=1815&col=ta,https://myneta.info/image_v2.php?myneta_folder=gujarat2012&candidate_id=1815&col=lia
298,2338,Devendrasing  Ramkishor Kokande,https://myneta.info/gujarat2012/candidate.php?candidate_id=2338,SAYAJIGUNJ,National Samaj  Party,0,8th Pass,"Rs 80,500 ~ 80 Thou+","Rs 1,10,000 ~ 1 Lacs+"
299,1375,Dhakhada Champubhai Dadabhai,https://myneta.info/gujarat2012/candidate.php?candidate_id=1375,RAJULA,IND,2,8th Pass,"Rs 2,46,100 ~ 2 Lacs+",Rs 0 ~
300,849,Dhanani Pareshbhai Dhirubhai,https://myneta.info/gujarat2012/candidate.php?candidate_id=849,AMRELI,INC,1,Graduate,"Rs 1,02,21,656 ~ 1 Crore+","Rs 9,63,648 ~ 9 Lacs+"
301,396,Dhandhalya Bharatbhai Santokrambhai,https://myneta.info/gujarat2012/candidate.php?candidate_id=396,TALAJA,BSP,0,5th Pass,"Rs 3,00,500 ~ 3 Lacs+","Rs 1,00,000 ~ 1 Lacs+"
302,2127,Dhanga  Mobinbhai  Akbarbhai,https://myneta.info/gujarat2012/candidate.php?candidate_id=2127,HIMATNAGAR,IND,0,10th Pass,"Rs 85,000 ~ 85 Thou+",Rs 0 ~
303,398,Dhapa Mavajibhai Lakhabhai,https://myneta.info/gujarat2012/candidate.php?candidate_id=398,GARIADHAR,IND,0,Illiterate,"Rs 60,15,000 ~ 60 Lacs+",Rs 0 ~
304,206,Dharmendra Kalikaprsad Mishra,https://myneta.info/gujarat2012/candidate.php?candidate_id=206,CHORYASI,IND,0,8th Pass,"Rs 11,44,883 ~ 11 Lacs+","Rs 2,52,000 ~ 2 Lacs+"
305,1865,Dhila Hamirabhai Bijalbhai,https://myneta.info/gujarat2012/candidate.php?candidate_id=1865,RAPAR,IND,0,5th Pass,"Rs 2,16,873 ~ 2 Lacs+",Rs 0 ~
306,2030,Dhirenkumar Ramsmahar Rai,https://myneta.info/gujarat2012/candidate.php?candidate_id=2030,NIKOL,JD(U),2,Post Graduate,https://myneta.info/image_v2.php?myneta_folder=gujarat2012&candidate_id=2030&col=ta,https://myneta.info/image_v2.php?myneta_folder=gujarat2012&candidate_id=2030&col=lia
307,2244,Dhirubhai Solanki,https://myneta.info/gujarat2012/candidate.php?candidate_id=2244,DARIAPUR,IND,0,5th Pass,"Rs 2,20,000 ~ 2 Lacs+",Rs 0 ~
308,1090,Dhodi Hasmukhbhai Mohanbhai,https://myneta.info/gujarat2012/candidate.php?candidate_id=1090,UMBERGAON  (ST) ,BSP,0,10th Pass,"Rs 21,32,000 ~ 21 Lacs+","Rs 6,00,000 ~ 6 Lacs+"
309,2254,Dholkiya Pravinbhai  Gangaram (advocate),https://myneta.info/gujarat2012/candidate.php?candidate_id=2254,JAMALPUR- KHADIA,IND,0,Post Graduate,"Rs 16,00,000 ~ 16 Lacs+",Rs 0 ~
310,2142,Dhrangi Rumalbhai  Arjanbhai,https://myneta.info/gujarat2012/candidate.php?candidate_id=2142,KHEDBRAHMA (ST),IND,0,12th Pass,"Rs 8,20,000 ~ 8 Lacs+",Rs 0 ~
311,1837,Dhruiya Gulamhushen Salemamad,https://myneta.info/gujarat2012/candidate.php?candidate_id=1837,MANDVI,IND,0,Literate,"Rs 25,95,500 ~ 25 Lacs+","Rs 2,40,000 ~ 2 Lacs+"
312,2058,Dhunkh Ajmalji Bhathiji,https://myneta.info/gujarat2012/candidate.php?candidate_id=2058,PALANPUR,IND,0,12th Pass,"Rs 4,94,045 ~ 4 Lacs+",Rs 0 ~
313,820,Digant Malabhai Vadhel,https://myneta.info/gujarat2012/candidate.php?candidate_id=820,KODINAR (SC),GPP,0,Graduate,"Rs 2,35,500 ~ 2 Lacs+",Rs 0 ~
314,921,Dihora Vithalbhai Naranbhai,https://myneta.info/gujarat2012/candidate.php?candidate_id=921,BHAVNAGAR WEST,GPP,0,Others,"Rs 32,01,839 ~ 32 Lacs+",Rs 0 ~
315,1456,Dilip Amardas Kapadi,https://myneta.info/gujarat2012/candidate.php?candidate_id=1456,DWARKA,IND,0,10th Pass,https://myneta.info/image_v2.php?myneta_folder=gujarat2012&candidate_id=1456&col=ta,https://myneta.info/image_v2.php?myneta_folder=gujarat2012&candidate_id=1456&col=lia
316,40,Dilipbhai Devshibhai Gal,https://myneta.info/gujarat2012/candidate.php?candidate_id=40,VISAVADAR,BSP,0,12th Pass,"Rs 23,15,299 ~ 23 Lacs+","Rs 63,000 ~ 63 Thou+"
317,1600,Dilipbhai Manibhai Patel,https://myneta.info/gujarat2012/candidate.php?candidate_id=1600,ANAND,BJP,4,10th Pass,"Rs 9,09,75,007 ~ 9 Crore+","Rs 37,71,887 ~ 37 Lacs+"
318,845,Dilipbhai Nanubhai Sathaliya,https://myneta.info/gujarat2012/candidate.php?candidate_id=845,AMRELI,IND,0,Literate,"Rs 20,000 ~ 20 Thou+",Rs 0 ~
319,782,Dilipbhai Nathabhai Makvana,https://myneta.info/gujarat2012/candidate.php?candidate_id=782,JUNAGADH,IND,0,10th Pass,"Rs 1,00,000 ~ 1 Lacs+",Rs 0 ~
320,1013,Dilipkumar Somabhai Patel,https://myneta.info/gujarat2012/candidate.php?candidate_id=1013,KAMREJ,IND,0,8th Pass,"Rs 7,87,924 ~ 7 Lacs+",Rs 0 ~
321,1873,Dindor Bharatbhai Punabhai,https://myneta.info/gujarat2012/candidate.php?candidate_id=1873,SANTRAMPUR (ST) ,GPP,0,Post Graduate,"Rs 82,04,220 ~ 82 Lacs+","Rs 16,40,000 ~ 16 Lacs+"
322,1885,Dindor Vikramsinh Ramsinh,https://myneta.info/gujarat2012/candidate.php?candidate_id=1885,MORVA HADAF  (ST),IND,1,Graduate,"Rs 75,78,000 ~ 75 Lacs+","Rs 5,80,000 ~ 5 Lacs+"
323,770,Dineshabhai Lalajibhai Kacha,https://myneta.info/gujarat2012/candidate.php?candidate_id=770,MANAVADAR,GPP,0,Graduate Professional,"Rs 99,94,900 ~ 99 Lacs+","Rs 36,83,730 ~ 36 Lacs+"
324,549,Dineshbhai Amratbhai Nayak,https://myneta.info/gujarat2012/candidate.php?candidate_id=549,KAPRADA (ST) ,BSP,0,12th Pass,https://myneta.info/image_v2.php?myneta_folder=gujarat2012&candidate_id=549&col=ta,https://myneta.info/image_v2.php?myneta_folder=gujarat2012&candidate_id=549&col=lia
325,2188,Dipak  Dhulabhai  Vaghela (thakor),https://myneta.info/gujarat2012/candidate.php?candidate_id=2188,VEJALPUR,IND,0,10th Pass,"Rs 7,45,000 ~ 7 Lacs+",Rs 0 ~
326,2265,Dipak Parmar,https://myneta.info/gujarat2012/candidate.php?candidate_id=2265,DANILIMDA (SC) ,IND,0,12th Pass,"Rs 23,000 ~ 23 Thou+",Rs 0 ~
327,1601,Dipak Ravjibhai Patel,https://myneta.info/gujarat2012/candidate.php?candidate_id=1601,PETLAD,BJP,0,12th Pass,"Rs 38,08,157 ~ 38 Lacs+","Rs 4,96,672 ~ 4 Lacs+"
328,2026,Dipakkumar Navranhbhai Kiratsata,https://myneta.info/gujarat2012/candidate.php?candidate_id=2026,VEJALPUR,GPP,0,Graduate Professional,"Rs 34,98,138 ~ 34 Lacs+","Rs 3,00,000 ~ 3 Lacs+"
329,1792,Ditabhai Bhimabhai Machhar,https://myneta.info/gujarat2012/candidate.php?candidate_id=1792,FATEPURA (ST),INC,0,5th Pass,"Rs 61,65,000 ~ 61 Lacs+","Rs 2,88,000 ~ 2 Lacs+"
330,2305,Divan Safimahamad  Aehmadsha,https://myneta.info/gujarat2012/candidate.php?candidate_id=2305,NADIAD,IND,0,8th Pass,"Rs 1,08,000 ~ 1 Lacs+",Rs 0 ~
331,2284,Dixitkumar  Harmanbhai  Chauhan (botham ),https://myneta.info/gujarat2012/candidate.php?candidate_id=2284,UMRETH,IND,0,Graduate Professional,"Rs 5,58,299 ~ 5 Lacs+",Rs 0 ~
332,454,Dodepautra Jafarbhai Jusubbhai	,https://myneta.info/gujarat2012/candidate.php?candidate_id=454,KHAMBHALIA ,BSP,0,Literate,"Rs 54,85,000 ~ 54 Lacs+","Rs 11,00,000 ~ 11 Lacs+"
333,2081,Dodiya Rameshkumar Nagindas,https://myneta.info/gujarat2012/candidate.php?candidate_id=2081,PATAN,IND,1,10th Pass,https://myneta.info/image_v2.php?myneta_folder=gujarat2012&candidate_id=2081&col=ta,https://myneta.info/image_v2.php?myneta_folder=gujarat2012&candidate_id=2081&col=lia
334,2022,Dodla Rajubhai Tejabhai,https://myneta.info/gujarat2012/candidate.php?candidate_id=2022,GHATLODIA,BSP,0,5th Pass,"Rs 1,50,000 ~ 1 Lacs+",Rs 0 ~
335,663,Donga Mitul Himatbhai,https://myneta.info/gujarat2012/candidate.php?candidate_id=663,RAJKOT SOUTH,INC,0,Post Graduate,"Rs 2,64,49,432 ~ 2 Crore+","Rs 46,78,067 ~ 46 Lacs+"
336,114,Doshi Manishbhai A,https://myneta.info/gujarat2012/candidate.php?candidate_id=114,RAJKOT WEST,IND,0,8th Pass,"Rs 10,57,500 ~ 10 Lacs+",Rs 0 ~
337,604,Doshi Varshaben Narendrabhai,https://myneta.info/gujarat2012/candidate.php?candidate_id=604,WADHWAN,BJP,0,Graduate,"Rs 1,20,93,976 ~ 1 Crore+",Rs 0 ~
338,1754,Dr. Anilbhai Joshiyara,https://myneta.info/gujarat2012/candidate.php?candidate_id=1754,BHILODA (ST),INC,0,Post Graduate,"Rs 1,30,41,000 ~ 1 Crore+","Rs 8,00,000 ~ 8 Lacs+"
339,1543,Dr. Atulbhai Kalidas  Patel,https://myneta.info/gujarat2012/candidate.php?candidate_id=1543,KALOL,BJP,0,Graduate Professional,"Rs 5,87,96,438 ~ 5 Crore+","Rs 1,70,89,505 ~ 1 Crore+"
340,2261,Dr. Dineshbhai Shanabhai Patel,https://myneta.info/gujarat2012/candidate.php?candidate_id=2261,MANINAGAR,Navin Bharat  Nirman Manch,0,Doctorate,"Rs 1,76,40,611 ~ 1 Crore+","Rs 1,50,000 ~ 1 Lacs+"
341,128,Dr. Hasmukhbhai Bhikhubhai Butani,https://myneta.info/gujarat2012/candidate.php?candidate_id=128,OLPAD,Yuva Sarkar,0,Doctorate,"Rs 2,15,83,122 ~ 2 Crore+","Rs 15,13,203 ~ 15 Lacs+"
342,2268,Dr. Mukul Sinha (advocate),https://myneta.info/gujarat2012/candidate.php?candidate_id=2268,SABARMATI,New Socialist Movement,0,Graduate Professional,https://myneta.info/image_v2.php?myneta_folder=gujarat2012&candidate_id=2268&col=ta,https://myneta.info/image_v2.php?myneta_folder=gujarat2012&candidate_id=2268&col=lia
343,1585,Dr. Nirmlaben Vadhvani,https://myneta.info/gujarat2012/candidate.php?candidate_id=1585,NARODA,BJP,0,Graduate Professional,"Rs 3,51,44,471 ~ 3 Crore+","Rs 1,32,15,824 ~ 1 Crore+"
344,1794,Dr. Patel Jayeshbhai Khemabhai (parul Collage Wala),https://myneta.info/gujarat2012/candidate.php?candidate_id=1794,VAGHODIA,INC,5,Others,"Rs 7,21,74,662 ~ 7 Crore+","Rs 3,86,99,956 ~ 3 Crore+"
345,2226,Dr. Sonara  Kantilal   Bhavanbhai,https://myneta.info/gujarat2012/candidate.php?candidate_id=2226,THAKKARBAPA NAGAR,IND,0,Graduate Professional,"Rs 1,13,88,307 ~ 1 Crore+","Rs 20,82,900 ~ 20 Lacs+"
346,2228,Dr.naranbhai T. Sengal,https://myneta.info/gujarat2012/candidate.php?candidate_id=2228,BAPUNAGAR,Bahujan Surksha  Dal,0,10th Pass,"Rs 1,00,000 ~ 1 Lacs+",Rs 0 ~
347,2272,Dr.sonara  Kantilal  Bhavanbhai,https://myneta.info/gujarat2012/candidate.php?candidate_id=2272,ASARWA (SC),IND,0,Post Graduate,"Rs 1,13,88,307 ~ 1 Crore+","Rs 20,82,900 ~ 20 Lacs+"
348,866,Dudhat Pratapbhai Bhupatbhai,https://myneta.info/gujarat2012/candidate.php?candidate_id=866,SAVARKUNDLA,INC,0,10th Pass,"Rs 1,99,60,877 ~ 1 Crore+","Rs 69,43,426 ~ 69 Lacs+"
349,1348,Dudhatra Mukundbhai Govindbhai,https://myneta.info/gujarat2012/candidate.php?candidate_id=1348,JETPUR,IND,0,10th Pass,"Rs 12,87,75,940 ~ 12 Crore+","Rs 1,80,17,015 ~ 1 Crore+"
350,431,Dumada Mohanbhai Dashmabhai,https://myneta.info/gujarat2012/candidate.php?candidate_id=431,UMBERGAON  (ST) ,CPI(ML)(L),0,8th Pass,"Rs 13,70,944 ~ 13 Lacs+",Rs 0 ~
351,612,Fatepara Devjibhai Govindbhai,https://myneta.info/gujarat2012/candidate.php?candidate_id=612,CHOTILA,INC,1,Literate,https://myneta.info/image_v2.php?myneta_folder=gujarat2012&candidate_id=612&col=ta,https://myneta.info/image_v2.php?myneta_folder=gujarat2012&candidate_id=612&col=lia
352,949,Fatesinh Chandrasinhbhai Vasava,https://myneta.info/gujarat2012/candidate.php?candidate_id=949,DEDIAPADA  (ST),BSP,0,5th Pass,"Rs 36,40,000 ~ 36 Lacs+",Rs 0 ~
353,2232,Firojkhan Hafizkhan Pathan,https://myneta.info/gujarat2012/candidate.php?candidate_id=2232,BAPUNAGAR,IND,0,12th Pass,"Rs 1,04,500 ~ 1 Lacs+",Rs 0 ~
354,2306,Francis Ishwarbhai Parmar,https://myneta.info/gujarat2012/candidate.php?candidate_id=2306,NADIAD,IND,0,12th Pass,"Rs 22,34,560 ~ 22 Lacs+",Rs 0 ~
355,52,G. R. Tukadia,https://myneta.info/gujarat2012/candidate.php?candidate_id=52,PORBANDAR,IND,0,Graduate,"Rs 22,80,000 ~ 22 Lacs+",Rs 0 ~
356,1546,Gada(shah) Babulal Meghaji	,https://myneta.info/gujarat2012/candidate.php?candidate_id=1546,RAPAR,INC,1,8th Pass,"Rs 2,51,93,000 ~ 2 Crore+",Rs 0 ~
357,1839,Gadhavi Ram Dhanraj,https://myneta.info/gujarat2012/candidate.php?candidate_id=1839,MANDVI,IND,0,Literate,"Rs 6,19,000 ~ 6 Lacs+",Rs 0 ~
358,1833,Gadhavi Vijaykumar Karshanbhai,https://myneta.info/gujarat2012/candidate.php?candidate_id=1833,MANDVI,GPP,1,Graduate,"Rs 1,50,19,759 ~ 1 Crore+","Rs 3,00,000 ~ 3 Lacs+"
359,643,Gadhiya Devrajbhai Dungarbhai,https://myneta.info/gujarat2012/candidate.php?candidate_id=643,RAJKOT EAST,IND,0,8th Pass,"Rs 92,55,287 ~ 92 Lacs+","Rs 84,115 ~ 84 Thou+"
360,1477,Gadhiya Gulamshabbir Haji Ibrahim,https://myneta.info/gujarat2012/candidate.php?candidate_id=1477,SOMNATH,IND,0,8th Pass,https://myneta.info/image_v2.php?myneta_folder=gujarat2012&candidate_id=1477&col=ta,https://myneta.info/image_v2.php?myneta_folder=gujarat2012&candidate_id=1477&col=lia
361,1486,Gadhiya Yusufbhai Adambhai,https://myneta.info/gujarat2012/candidate.php?candidate_id=1486,SOMNATH,IND,0,Literate,"Rs 11,36,000 ~ 11 Lacs+","Rs 75,000 ~ 75 Thou+"
362,198,Gajera Dhirubhai Haribhai,https://myneta.info/gujarat2012/candidate.php?candidate_id=198,VARACHHA ROAD,INC,0,8th Pass,"Rs 12,27,15,000 ~ 12 Crore+","Rs 45,69,000 ~ 45 Lacs+"
363,2038,Gajera Rajeshbhai Jairambhai,https://myneta.info/gujarat2012/candidate.php?candidate_id=2038,DASKROI,GPP,0,10th Pass,"Rs 1,07,15,962 ~ 1 Crore+",Rs 0 ~
364,33,Gajera Rohitbhai Govindbhai,https://myneta.info/gujarat2012/candidate.php?candidate_id=33,JETPUR,IND,0,5th Pass,"Rs 1,50,000 ~ 1 Lacs+",Rs 0 ~
365,1516,Gamabhai Bhikhabhai Kharadi,https://myneta.info/gujarat2012/candidate.php?candidate_id=1516,DANTA (ST),BJP,0,Literate,"Rs 15,70,271 ~ 15 Lacs+","Rs 9,700 ~ 9 Thou+"
366,1990,Gameti Jayeshkumar Hiralal	,https://myneta.info/gujarat2012/candidate.php?candidate_id=1990,BHILODA (ST),GPP,0,Graduate Professional,"Rs 3,17,75,000 ~ 3 Crore+",Rs 0 ~
367,1116,Gamit Arvindbhai Maganbhai,https://myneta.info/gujarat2012/candidate.php?candidate_id=1116,VYARA (ST),IND,0,10th Pass,"Rs 22,26,500 ~ 22 Lacs+",Rs 0 ~
368,1004,Gamit Manilal Khalpabhai,https://myneta.info/gujarat2012/candidate.php?candidate_id=1004,MANDVI (ST) ,BSP,0,10th Pass,"Rs 3,26,000 ~ 3 Lacs+",Rs 0 ~
369,1121,Gamit Mayankbhai Kikubhai,https://myneta.info/gujarat2012/candidate.php?candidate_id=1121,MAHUVA (ST) ,BSP,0,10th Pass,https://myneta.info/image_v2.php?myneta_folder=gujarat2012&candidate_id=1121&col=ta,https://myneta.info/image_v2.php?myneta_folder=gujarat2012&candidate_id=1121&col=lia
370,1054,Gamit Pratapbhai Babubhai,https://myneta.info/gujarat2012/candidate.php?candidate_id=1054,VYARA (ST),BJP,0,10th Pass,"Rs 38,16,674 ~ 38 Lacs+","Rs 14,57,000 ~ 14 Lacs+"
371,421,Gamit Punabhai Dhedabhai,https://myneta.info/gujarat2012/candidate.php?candidate_id=421,VYARA (ST),INC,0,5th Pass,"Rs 46,36,234 ~ 46 Lacs+","Rs 4,74,836 ~ 4 Lacs+"
372,1114,Gamit Sumanbhai Laxmanbhai,https://myneta.info/gujarat2012/candidate.php?candidate_id=1114,VYARA (ST),IND,0,10th Pass,"Rs 33,33,000 ~ 33 Lacs+",Rs 0 ~
373,1113,Gamit Surendrabhai Simabhai,https://myneta.info/gujarat2012/candidate.php?candidate_id=1113,VYARA (ST),IND,0,10th Pass,"Rs 60,69,000 ~ 60 Lacs+",Rs 0 ~
374,111,Gamit Thakorbhai Manekjibhai,https://myneta.info/gujarat2012/candidate.php?candidate_id=111,VYARA (ST),Adivasi Jan Kalyan Party,0,Graduate,"Rs 41,05,000 ~ 41 Lacs+",Rs 0 ~
375,2243,Gandhi Naresh,https://myneta.info/gujarat2012/candidate.php?candidate_id=2243,DARIAPUR,IND,0,Graduate Professional,"Rs 1,07,27,807 ~ 1 Crore+","Rs 1,70,000 ~ 1 Lacs+"
376,1042,Gangani Hirabhai Devjibhai,https://myneta.info/gujarat2012/candidate.php?candidate_id=1042,VARACHHA ROAD,GPP,1,5th Pass,"Rs 4,88,12,407 ~ 4 Crore+","Rs 62,72,144 ~ 62 Lacs+"
377,1366,Gangude Pankajbhai Yashvantbhai,https://myneta.info/gujarat2012/candidate.php?candidate_id=1366,DANGS (ST),Adivasi Jan Kalyan Party,0,Graduate,"Rs 80,000 ~ 80 Thou+",Rs 0 ~
378,274,Ganvit Jayendrabhai Laxmanbhai,https://myneta.info/gujarat2012/candidate.php?candidate_id=274,KAPRADA (ST) ,JD(U),0,Graduate,https://myneta.info/image_v2.php?myneta_folder=gujarat2012&candidate_id=274&col=ta,https://myneta.info/image_v2.php?myneta_folder=gujarat2012&candidate_id=274&col=lia
379,1120,Garasiya Hemangini Dipakkumar	,https://myneta.info/gujarat2012/candidate.php?candidate_id=1120,MAHUVA (ST) ,IND,0,Post Graduate,"Rs 2,19,03,774 ~ 2 Crore+",Rs 0 ~
380,1793,Garasiya Miteshbhai Kalabhai,https://myneta.info/gujarat2012/candidate.php?candidate_id=1793,JHALOD (ST),INC,0,Post Graduate,"Rs 2,13,85,000 ~ 2 Crore+","Rs 23,15,000 ~ 23 Lacs+"
381,97,Gauswami Arvindgiri Babugiri,https://myneta.info/gujarat2012/candidate.php?candidate_id=97,RAJULA,IND,0,10th Pass,"Rs 28,00,000 ~ 28 Lacs+","Rs 6,00,000 ~ 6 Lacs+"
382,1781,Gautambhai R. Chauhan,https://myneta.info/gujarat2012/candidate.php?candidate_id=1781,MEHMEDABAD,INC,0,Post Graduate,"Rs 91,08,352 ~ 91 Lacs+","Rs 1,48,599 ~ 1 Lacs+"
383,1364,Gavit Mangalbhai Gangajibhai,https://myneta.info/gujarat2012/candidate.php?candidate_id=1364,DANGS (ST),INC,0,10th Pass,"Rs 56,83,000 ~ 56 Lacs+","Rs 13,64,532 ~ 13 Lacs+"
384,2055,Gayakwad Khalidbhai Ibrahimbhai,https://myneta.info/gujarat2012/candidate.php?candidate_id=2055,PALANPUR,IND,0,5th Pass,"Rs 3,92,541 ~ 3 Lacs+",Rs 0 ~
385,1032,Gaywala Hemantkumar Chandrakantbhai,https://myneta.info/gujarat2012/candidate.php?candidate_id=1032,SURAT NORTH ,GPP,0,8th Pass,"Rs 2,20,000 ~ 2 Lacs+",Rs 0 ~
386,151,Gediya Manojbhai N,https://myneta.info/gujarat2012/candidate.php?candidate_id=151,RAJKOT RURAL  (SC),IND,0,8th Pass,"Rs 65,000 ~ 65 Thou+","Rs 30,000 ~ 30 Thou+"
387,1787,Gendalbhai M. Damor,https://myneta.info/gujarat2012/candidate.php?candidate_id=1787,SANTRAMPUR (ST) ,INC,0,Graduate,https://myneta.info/image_v2.php?myneta_folder=gujarat2012&candidate_id=1787&col=ta,https://myneta.info/image_v2.php?myneta_folder=gujarat2012&candidate_id=1787&col=lia
388,1033,Ghadiyali Mohammad Najim Mahemudmiya,https://myneta.info/gujarat2012/candidate.php?candidate_id=1033,SURAT NORTH ,IND,0,5th Pass,"Rs 1,88,000 ~ 1 Lacs+",Rs 0 ~
389,1987,Ghanshyambhai Ashabhai Parmar,https://myneta.info/gujarat2012/candidate.php?candidate_id=1987,PETLAD,GPP,0,5th Pass,"Rs 40,80,000 ~ 40 Lacs+","Rs 11,00,000 ~ 11 Lacs+"
390,552,Ghatka Megharajbhai Sitarambhai,https://myneta.info/gujarat2012/candidate.php?candidate_id=552,KAPRADA (ST) ,GPP,0,12th Pass,"Rs 7,76,500 ~ 7 Lacs+",Rs 0 ~
391,1254,Gilitwala Manish Natverlal,https://myneta.info/gujarat2012/candidate.php?candidate_id=1254,SURAT EAST  ,IND,1,10th Pass,"Rs 86,25,000 ~ 86 Lacs+","Rs 6,22,430 ~ 6 Lacs+"
392,1017,Gilitwala Ranjitbhai Mangubhai,https://myneta.info/gujarat2012/candidate.php?candidate_id=1017,SURAT EAST  ,BJP,0,Graduate,"Rs 3,13,40,400 ~ 3 Crore+",Rs 0 ~
393,1592,Girish Parmar,https://myneta.info/gujarat2012/candidate.php?candidate_id=1592,DANILIMDA (SC) ,BJP,3,Graduate,"Rs 36,50,723 ~ 36 Lacs+","Rs 18,000 ~ 18 Thou+"
394,226,Girishkumar Kanjibhai Kansagara,https://myneta.info/gujarat2012/candidate.php?candidate_id=226,DHORAJI,IND,0,8th Pass,"Rs 58,24,180 ~ 58 Lacs+","Rs 8,65,672 ~ 8 Lacs+"
395,914,Gitaben Nanubhai Mer,https://myneta.info/gujarat2012/candidate.php?candidate_id=914,BHAVNAGAR EAST,IND,0,8th Pass,"Rs 54,75,000 ~ 54 Lacs+",Rs 0 ~
396,755,Godhaniya Harish Arshi,https://myneta.info/gujarat2012/candidate.php?candidate_id=755,PORBANDAR,IND,0,10th Pass,https://myneta.info/image_v2.php?myneta_folder=gujarat2012&candidate_id=755&col=ta,https://myneta.info/image_v2.php?myneta_folder=gujarat2012&candidate_id=755&col=lia
397,1151,Godil Nazir Hanif,https://myneta.info/gujarat2012/candidate.php?candidate_id=1151,SURAT WEST ,IND,0,Not Given,"Rs 22,90,000 ~ 22 Lacs+","Rs 4,70,958 ~ 4 Lacs+"
398,15,Gohel Arunbhai Govindbhai,https://myneta.info/gujarat2012/candidate.php?candidate_id=15,KESHOD ,HINDUSTAN NIRMAN DAL,0,8th Pass,"Rs 11,05,000 ~ 11 Lacs+",Rs 0 ~
399,272,Gohel Gigabhai Khimabhai,https://myneta.info/gujarat2012/candidate.php?candidate_id=272,GADHADA (SC),IND,0,8th Pass,"Rs 3,80,527 ~ 3 Lacs+",Rs 0 ~
400,1488,Gohel Narendrakumar(ravi) Kanjibhai,https://myneta.info/gujarat2012/candidate.php?candidate_id=1488,SOMNATH,IND,1,10th Pass,"Rs 65,21,000 ~ 65 Lacs+","Rs 1,00,19,459 ~ 1 Crore+"
401,102,Gohil Digvijaysinh Bhikhubha,https://myneta.info/gujarat2012/candidate.php?candidate_id=102,BHAVNAGAR RURAL ,BSP,0,Graduate,"Rs 3,01,700 ~ 3 Lacs+",Rs 0 ~
402,968,Gohil Hemantkumar Jerambhai,https://myneta.info/gujarat2012/candidate.php?candidate_id=968,BHARUCH,IND,1,10th Pass,"Rs 1,10,000 ~ 1 Lacs+",Rs 0 ~
403,957,Gohil Jashwantbhai Jitsangbhai,https://myneta.info/gujarat2012/candidate.php?candidate_id=957,VAGRA,GPP,2,Literate,"Rs 1,94,20,000 ~ 1 Crore+","Rs 87,50,000 ~ 87 Lacs+"
404,238,Gohil Kailashbhai Khimjibhai,https://myneta.info/gujarat2012/candidate.php?candidate_id=238,JAMNAGAR SOUTH,IND,0,8th Pass,"Rs 6,000 ~ 6 Thou+","Rs 5,000 ~ 5 Thou+"
405,922,Gohil Mahavirsinh Gambhirsinh,https://myneta.info/gujarat2012/candidate.php?candidate_id=922,BHAVNAGAR WEST,Rashtriya Krantikari Samajwadi Party,0,10th Pass,https://myneta.info/image_v2.php?myneta_folder=gujarat2012&candidate_id=922&col=ta,https://myneta.info/image_v2.php?myneta_folder=gujarat2012&candidate_id=922&col=lia
406,1999,Gohil Mangalbhai Shankarbhai,https://myneta.info/gujarat2012/candidate.php?candidate_id=1999,VAGHODIA,GPP,0,5th Pass,"Rs 3,73,06,153 ~ 3 Crore+",Rs 0 ~
407,407,Gohil Shaktisinhji Harichandrasinhji,https://myneta.info/gujarat2012/candidate.php?candidate_id=407,BHAVNAGAR RURAL ,INC,0,Graduate Professional,"Rs 65,56,925 ~ 65 Lacs+",Rs 0 ~
408,575,Gohil Sureshbhai Harkhabhai,https://myneta.info/gujarat2012/candidate.php?candidate_id=575,DASADA (SC),GPP,1,Graduate,"Rs 1,90,61,200 ~ 1 Crore+","Rs 3,02,000 ~ 3 Lacs+"
409,266,Gohil Vijuben Nitinbhai,https://myneta.info/gujarat2012/candidate.php?candidate_id=266,BHAVNAGAR WEST,BSP,0,5th Pass,"Rs 2,40,382 ~ 2 Lacs+",Rs 0 ~
410,415,Gohil Vinubhai Bhimabhai,https://myneta.info/gujarat2012/candidate.php?candidate_id=415,BHAVNAGAR RURAL ,IND,0,10th Pass,"Rs 10,16,000 ~ 10 Lacs+",Rs 0 ~
411,460,Gojiya Devanandbhai Ranmalbhai	,https://myneta.info/gujarat2012/candidate.php?candidate_id=460,DWARKA,IND,0,Literate,"Rs 34,95,000 ~ 34 Lacs+","Rs 2,50,000 ~ 2 Lacs+"
412,1457,Gojiya Kumbhabhai Ramdebhai,https://myneta.info/gujarat2012/candidate.php?candidate_id=1457,DWARKA,IND,0,12th Pass,"Rs 9,97,724 ~ 9 Lacs+","Rs 40,000 ~ 40 Thou+"
413,14,Gondaliya Bharatbhai Ravjibhai,https://myneta.info/gujarat2012/candidate.php?candidate_id=14,VISAVADAR,IND,0,8th Pass,"Rs 3,60,000 ~ 3 Lacs+",Rs 0 ~
414,1222,Gorahva Vinodbhai Shivabhai,https://myneta.info/gujarat2012/candidate.php?candidate_id=1222,DHANDHUKA,CPM,2,Graduate,https://myneta.info/image_v2.php?myneta_folder=gujarat2012&candidate_id=1222&col=ta,https://myneta.info/image_v2.php?myneta_folder=gujarat2012&candidate_id=1222&col=lia
415,1647,Goraiya Navinbhai Popatbhai,https://myneta.info/gujarat2012/candidate.php?candidate_id=1647,VADGAM (SC),GPP,0,10th Pass,"Rs 10,37,500 ~ 10 Lacs+","Rs 3,35,000 ~ 3 Lacs+"
416,1842,Gorashiya Mansukh Vishrambhai,https://myneta.info/gujarat2012/candidate.php?candidate_id=1842,BHUJ,LJSP,2,5th Pass,"Rs 41,50,000 ~ 41 Lacs+","Rs 8,00,000 ~ 8 Lacs+"
417,205,Gordiya Bhimabhai Gangabhai,https://myneta.info/gujarat2012/candidate.php?candidate_id=205,DWARKA,IND,0,Literate,"Rs 8,07,812 ~ 8 Lacs+",Rs 0 ~
418,1447,Gordiya Kheraj Jasabhai,https://myneta.info/gujarat2012/candidate.php?candidate_id=1447,KHAMBHALIA ,IND,0,8th Pass,"Rs 1,63,500 ~ 1 Lacs+",Rs 0 ~
419,2160,Goswami Kishorpuri  Chandanpuri,https://myneta.info/gujarat2012/candidate.php?candidate_id=2160,GANDHINAGAR  SOUTH ,IND,0,8th Pass,"Rs 22,32,000 ~ 22 Lacs+","Rs 7,30,000 ~ 7 Lacs+"
420,1599,Govindbhai Raijibhai Parmar,https://myneta.info/gujarat2012/candidate.php?candidate_id=1599,UMRETH,BJP,2,5th Pass,"Rs 1,39,26,979 ~ 1 Crore+","Rs 12,22,404 ~ 12 Lacs+"
421,284,Govindbhai Ramjibhai Jadav,https://myneta.info/gujarat2012/candidate.php?candidate_id=284,BOTAD,JD(U),0,12th Pass,"Rs 21,80,400 ~ 21 Lacs+",Rs 0 ~
422,219,Govindbhai Ukabhai Patel,https://myneta.info/gujarat2012/candidate.php?candidate_id=219,RAJKOT SOUTH,BJP,0,Graduate,"Rs 2,88,25,000 ~ 2 Crore+","Rs 9,60,000 ~ 9 Lacs+"
423,2069,Govindji Okhaji Thakor,https://myneta.info/gujarat2012/candidate.php?candidate_id=2069,RADHANPUR,IND,0,5th Pass,https://myneta.info/image_v2.php?myneta_folder=gujarat2012&candidate_id=2069&col=ta,https://myneta.info/image_v2.php?myneta_folder=gujarat2012&candidate_id=2069&col=lia
424,1625,Gulsingbhai Ranglabhai Rathwa,https://myneta.info/gujarat2012/candidate.php?candidate_id=1625,CHHOTA UDAIPUR (ST) ,BJP,0,Post Graduate,"Rs 64,99,351 ~ 64 Lacs+",Rs 0 ~
425,509,Gumansinh Makabhai Chaudhari,https://myneta.info/gujarat2012/candidate.php?candidate_id=509,KAMREJ,JD(U),0,Graduate,"Rs 6,51,000 ~ 6 Lacs+","Rs 2,25,000 ~ 2 Lacs+"
426,67,Gunvantbhai Bhimjibhai Chavda	,https://myneta.info/gujarat2012/candidate.php?candidate_id=67,BOTAD,BSP,0,Graduate,"Rs 7,60,000 ~ 7 Lacs+",Rs 0 ~
427,1938,Gupta Diptiben Vipulbhai,https://myneta.info/gujarat2012/candidate.php?candidate_id=1938,ELLISBRIDGE,SP,0,Graduate Professional,"Rs 5,22,000 ~ 5 Lacs+",Rs 0 ~
428,1848,Gusai Babupuri Umedpuri,https://myneta.info/gujarat2012/candidate.php?candidate_id=1848,ANJAR,SP,0,10th Pass,"Rs 18,46,800 ~ 18 Lacs+","Rs 1,00,000 ~ 1 Lacs+"
429,1771,Gyasuddin Habibuddin Shaikh,https://myneta.info/gujarat2012/candidate.php?candidate_id=1771,DARIAPUR,INC,0,10th Pass,"Rs 34,27,258 ~ 34 Lacs+","Rs 2,49,935 ~ 2 Lacs+"
430,1372,Hadal Dineshbhai Dhaklubhai,https://myneta.info/gujarat2012/candidate.php?candidate_id=1372,DANGS (ST),IND,0,10th Pass,"Rs 19,900 ~ 19 Thou+","Rs 57,797 ~ 57 Thou+"
431,2019,Hadiya  Bhurabhai Vihabhai,https://myneta.info/gujarat2012/candidate.php?candidate_id=2019,DEESA,IND,0,5th Pass,"Rs 5,88,000 ~ 5 Lacs+",Rs 0 ~
432,941,Haresh Jayantibhai Vasava,https://myneta.info/gujarat2012/candidate.php?candidate_id=941,NANDOD (ST),INC,0,Post Graduate,https://myneta.info/image_v2.php?myneta_folder=gujarat2012&candidate_id=941&col=ta,https://myneta.info/image_v2.php?myneta_folder=gujarat2012&candidate_id=941&col=lia
433,80,Hareshbhai Kanjibhai Nandaniya,https://myneta.info/gujarat2012/candidate.php?candidate_id=80,DHORAJI,BSP,0,Graduate,"Rs 30,000 ~ 30 Thou+",Rs 0 ~
434,1629,Harijan Dayalal Harjee,https://myneta.info/gujarat2012/candidate.php?candidate_id=1629,ABDASA,BSP,0,5th Pass,"Rs 21,62,000 ~ 21 Lacs+",Rs 0 ~
435,703,Harilal Madhavjibhai Patel,https://myneta.info/gujarat2012/candidate.php?candidate_id=703,DHORAJI,BJP,0,8th Pass,"Rs 4,10,20,309 ~ 4 Crore+","Rs 1,43,23,304 ~ 1 Crore+"
436,1125,Harishbhai B.parmar,https://myneta.info/gujarat2012/candidate.php?candidate_id=1125,BARDOLI (SC) ,JD(U),0,8th Pass,"Rs 8,84,900 ~ 8 Lacs+",Rs 0 ~
437,1460,Hashmukhbhai Madhvjibhai Kherala,https://myneta.info/gujarat2012/candidate.php?candidate_id=1460,JUNAGADH,IND,2,10th Pass,"Rs 14,31,546 ~ 14 Lacs+",Rs 0 ~
438,1528,Hasmukhbhai Babubhai Bhut,https://myneta.info/gujarat2012/candidate.php?candidate_id=1528,WANKANER,IND,0,8th Pass,"Rs 3,55,42,943 ~ 3 Crore+","Rs 36,000 ~ 36 Thou+"
439,381,Hasmukhbhai Bhimjibhai Kabariya,https://myneta.info/gujarat2012/candidate.php?candidate_id=381,AMRELI,IND,0,8th Pass,"Rs 69,000 ~ 69 Thou+",Rs 0 ~
440,1588,Hasmukhbhai S. Patel,https://myneta.info/gujarat2012/candidate.php?candidate_id=1588,AMRAIWADI ,BJP,0,Others,"Rs 5,48,84,827 ~ 5 Crore+","Rs 45,99,985 ~ 45 Lacs+"
441,1973,Hauhan Bhimsinh Laxmansinh,https://myneta.info/gujarat2012/candidate.php?candidate_id=1973,HIMATNAGAR,GPP,0,12th Pass,https://myneta.info/image_v2.php?myneta_folder=gujarat2012&candidate_id=1973&col=ta,https://myneta.info/image_v2.php?myneta_folder=gujarat2012&candidate_id=1973&col=lia
442,857,Helaiya Mayurbhai Keshavbhai,https://myneta.info/gujarat2012/candidate.php?candidate_id=857,LATHI,RSP(S),0,12th Pass,"Rs 2,85,600 ~ 2 Lacs+",Rs 0 ~
443,1414,Hemant Atmaram Bhadra,https://myneta.info/gujarat2012/candidate.php?candidate_id=1414,JAMNAGAR SOUTH,IND,0,5th Pass,"Rs 1,45,000 ~ 1 Lacs+",Rs 0 ~
444,589,Himatbhai Kanjibhai Mithapara,https://myneta.info/gujarat2012/candidate.php?candidate_id=589,LIMBDI,IND,0,Illiterate,"Rs 50,000 ~ 50 Thou+",Rs 0 ~
445,1861,Hingoraja Valimamad Ishmail,https://myneta.info/gujarat2012/candidate.php?candidate_id=1861,RAPAR,LJSP,0,Illiterate,"Rs 7,16,000 ~ 7 Lacs+",Rs 0 ~
446,761,Hirabhai Goganbhai Karmta,https://myneta.info/gujarat2012/candidate.php?candidate_id=761,KUTIYANA,GPP,1,10th Pass,"Rs 4,00,000 ~ 4 Lacs+",Rs 0 ~
447,1846,Hirani Ramji Shivji,https://myneta.info/gujarat2012/candidate.php?candidate_id=1846,BHUJ,IND,0,Graduate,"Rs 43,01,909 ~ 43 Lacs+",Rs 0 ~
448,844,Hirpara Pragjibhai Hirpara,https://myneta.info/gujarat2012/candidate.php?candidate_id=844,AMRELI,GPP,0,Graduate Professional,"Rs 51,95,000 ~ 51 Lacs+","Rs 50,000 ~ 50 Thou+"
449,1988,Hitendrasinh Mohansinh Parmar,https://myneta.info/gujarat2012/candidate.php?candidate_id=1988,PETLAD,SP,0,8th Pass,"Rs 10,80,800 ~ 10 Lacs+",Rs 0 ~
450,1736,Humbal Veljibhai Kathadbhai,https://myneta.info/gujarat2012/candidate.php?candidate_id=1736,ANJAR,INC,1,10th Pass,https://myneta.info/image_v2.php?myneta_folder=gujarat2012&candidate_id=1736&col=ta,https://myneta.info/image_v2.php?myneta_folder=gujarat2012&candidate_id=1736&col=lia
451,2250,Husenbhai Ansari,https://myneta.info/gujarat2012/candidate.php?candidate_id=2250,DARIAPUR,IND,0,5th Pass,"Rs 15,65,000 ~ 15 Lacs+",Rs 0 ~
452,2366,Ikbalbhai Salemanbhai Udheja,https://myneta.info/gujarat2012/candidate.php?candidate_id=2366,JAMJODHPUR,IND,0,8th Pass,"Rs 3,45,000 ~ 3 Lacs+",Rs 0 ~
453,713,Imtiyaz Hanifbhai Bakali,https://myneta.info/gujarat2012/candidate.php?candidate_id=713,DHORAJI,IND,0,Literate,"Rs 20,500 ~ 20 Thou+",Rs 0 ~
454,44,Ingle Sunilbhai Madhavrao,https://myneta.info/gujarat2012/candidate.php?candidate_id=44,LIMBAYAT ,BSP,0,8th Pass,"Rs 63,05,000 ~ 63 Lacs+",Rs 0 ~
455,19,Inusbhai Hajibhai Vadia,https://myneta.info/gujarat2012/candidate.php?candidate_id=19,BOTAD,IND,0,Literate,"Rs 5,35,000 ~ 5 Lacs+",Rs 0 ~
456,1128,Ishwarbhai R.parmar,https://myneta.info/gujarat2012/candidate.php?candidate_id=1128,BARDOLI (SC) ,BJP,0,10th Pass,"Rs 1,84,08,924 ~ 1 Crore+","Rs 17,63,212 ~ 17 Lacs+"
457,1153,Italiya Ghanshyambhai Kanjibhai	,https://myneta.info/gujarat2012/candidate.php?candidate_id=1153,KATARGAM,GPP,1,5th Pass,"Rs 7,00,83,132 ~ 7 Crore+","Rs 1,71,84,913 ~ 1 Crore+"
458,413,Italiya Rameshbhai Jethabhai,https://myneta.info/gujarat2012/candidate.php?candidate_id=413,BHAVNAGAR RURAL ,IND,1,10th Pass,"Rs 10,71,000 ~ 10 Lacs+",Rs 0 ~
459,1692,Jadav Babubhai Ranabhai ,https://myneta.info/gujarat2012/candidate.php?candidate_id=1692,KADI (SC),BSP,0,10th Pass,https://myneta.info/image_v2.php?myneta_folder=gujarat2012&candidate_id=1692&col=ta,https://myneta.info/image_v2.php?myneta_folder=gujarat2012&candidate_id=1692&col=lia
460,2320,Jadav Tribhovanbhai  Somabhai,https://myneta.info/gujarat2012/candidate.php?candidate_id=2320,SAVLI,IJP,0,10th Pass,"Rs 65,500 ~ 65 Thou+",Rs 0 ~
461,1849,Jadeja Ganshyamsinh Jilubha,https://myneta.info/gujarat2012/candidate.php?candidate_id=1849,ANJAR,LJSP,0,5th Pass,"Rs 6,08,000 ~ 6 Lacs+",Rs 0 ~
462,691,Jadeja Jayrajsinh Temubha,https://myneta.info/gujarat2012/candidate.php?candidate_id=691,GONDAL ,BJP,0,12th Pass,"Rs 2,96,40,100 ~ 2 Crore+","Rs 1,93,400 ~ 1 Lacs+"
463,760,Jadeja Kandhalbhai Sarmanbhai,https://myneta.info/gujarat2012/candidate.php?candidate_id=760,KUTIYANA,NCP,9,8th Pass,"Rs 28,29,72,668 ~ 28 Crore+","Rs 43,01,956 ~ 43 Lacs+"
464,1330,Jadeja Pathubha Hanubha,https://myneta.info/gujarat2012/candidate.php?candidate_id=1330,BHAVNAGAR RURAL ,IND,0,5th Pass,"Rs 4,87,000 ~ 4 Lacs+",Rs 0 ~
465,1972,Jadeja Ranmalsinh Nathusinh,https://myneta.info/gujarat2012/candidate.php?candidate_id=1972,HIMATNAGAR,BSP,0,Graduate Professional,"Rs 14,02,000 ~ 14 Lacs+",Rs 0 ~
466,213,Jadeja Satubha Amarsang,https://myneta.info/gujarat2012/candidate.php?candidate_id=213,TANKARA,IND,0,10th Pass,"Rs 19,00,000 ~ 19 Lacs+","Rs 6,27,218 ~ 6 Lacs+"
467,1851,Jadeja Yogendrasinh Ranjitsinh,https://myneta.info/gujarat2012/candidate.php?candidate_id=1851,ANJAR,MANAVADHIKAR JANSHAKTI PARTY,1,12th Pass,"Rs 23,02,000 ~ 23 Lacs+","Rs 2,25,000 ~ 2 Lacs+"
468,985,Jagdev Prafulbhai Shyamrav,https://myneta.info/gujarat2012/candidate.php?candidate_id=985,OLPAD,RPI(E),0,10th Pass,https://myneta.info/image_v2.php?myneta_folder=gujarat2012&candidate_id=985&col=ta,https://myneta.info/image_v2.php?myneta_folder=gujarat2012&candidate_id=985&col=lia
469,700,Jagdishbhai Ratnshibhai Adhduk,https://myneta.info/gujarat2012/candidate.php?candidate_id=700,DHORAJI,GPP,2,10th Pass,"Rs 78,25,000 ~ 78 Lacs+","Rs 3,00,000 ~ 3 Lacs+"
470,445,Jagdishbhai Valjibhaai Devatka,https://myneta.info/gujarat2012/candidate.php?candidate_id=445,MORBI,Akhil Bharatiya Manav Seva Dal,0,8th Pass,"Rs 8,20,000 ~ 8 Lacs+",Rs 0 ~
471,2341,Jagdishsinh  Gambhirsinh  Chauhan,https://myneta.info/gujarat2012/candidate.php?candidate_id=2341,SAYAJIGUNJ,IND,0,10th Pass,"Rs 39,30,649 ~ 39 Lacs+","Rs 10,00,000 ~ 10 Lacs+"
472,1587,Jagrupsinh Rajput,https://myneta.info/gujarat2012/candidate.php?candidate_id=1587,BAPUNAGAR,BJP,2,Graduate Professional,"Rs 85,82,696 ~ 85 Lacs+","Rs 6,69,761 ~ 6 Lacs+"
473,1939,Jagrutiben Harenbhai Pandya,https://myneta.info/gujarat2012/candidate.php?candidate_id=1939,ELLISBRIDGE,GPP,0,Graduate,"Rs 1,19,37,104 ~ 1 Crore+","Rs 4,00,000 ~ 4 Lacs+"
474,144,Jain Dhanpatraj Lalchnd,https://myneta.info/gujarat2012/candidate.php?candidate_id=144,MAJURA ,INC,0,8th Pass,"Rs 3,06,68,490 ~ 3 Crore+","Rs 69,85,586 ~ 69 Lacs+"
475,1065,Jaliyabhai Babubhai Gamit,https://myneta.info/gujarat2012/candidate.php?candidate_id=1065,NIZAR (ST),Adivasi Jan Kalyan Party,0,10th Pass,"Rs 1,02,000 ~ 1 Lacs+","Rs 35,000 ~ 35 Thou+"
476,603,Jam Suleman Hasanbhai,https://myneta.info/gujarat2012/candidate.php?candidate_id=603,WADHWAN,IND,0,5th Pass,"Rs 15,96,311 ~ 15 Lacs+",Rs 0 ~
477,470,Jasani Keshavbhai Lavajibhai (keshu Bhagat),https://myneta.info/gujarat2012/candidate.php?candidate_id=470,BHAVNAGAR RURAL ,GPP,0,8th Pass,https://myneta.info/image_v2.php?myneta_folder=gujarat2012&candidate_id=470&col=ta,https://myneta.info/image_v2.php?myneta_folder=gujarat2012&candidate_id=470&col=lia
478,1316,Jashubhai Govalbhai Tadvi,https://myneta.info/gujarat2012/candidate.php?candidate_id=1316,DEDIAPADA  (ST),IND,0,12th Pass,"Rs 31,38,000 ~ 31 Lacs+",Rs 0 ~
479,1619,Jashvantsinh Sumanbhai Bhabhor,https://myneta.info/gujarat2012/candidate.php?candidate_id=1619,LIMKHEDA (ST),BJP,0,Graduate Professional,"Rs 1,81,66,025 ~ 1 Crore+","Rs 12,50,853 ~ 12 Lacs+"
480,1847,Jat Fakirmamad Saleman,https://myneta.info/gujarat2012/candidate.php?candidate_id=1847,ANJAR,BSP,0,8th Pass,"Rs 57,000 ~ 57 Thou+",Rs 0 ~
481,2180,Jatinkumar Chhotubhai Gajjar,https://myneta.info/gujarat2012/candidate.php?candidate_id=2180,GHATLODIA,IND,0,Others,"Rs 25,68,874 ~ 25 Lacs+",Rs 0 ~
482,1189,Jawaharlal Purushotambhai Patil,https://myneta.info/gujarat2012/candidate.php?candidate_id=1189,LIMBAYAT ,IND,0,10th Pass,"Rs 6,50,000 ~ 6 Lacs+",Rs 0 ~
483,1947,Jayantbhai Ramanbhai Patel,https://myneta.info/gujarat2012/candidate.php?candidate_id=1947,UMRETH,NCP,1,12th Pass,"Rs 2,93,42,298 ~ 2 Crore+",Rs 0 ~
484,1626,Jayantibhai Savjibhai Rathva,https://myneta.info/gujarat2012/candidate.php?candidate_id=1626,JETPUR (ST),BJP,1,12th Pass,"Rs 24,08,424 ~ 24 Lacs+","Rs 75,437 ~ 75 Thou+"
485,246,Jaydeep Arjunbhai Odedara,https://myneta.info/gujarat2012/candidate.php?candidate_id=246,KUTIYANA,SP,0,Graduate,"Rs 28,16,503 ~ 28 Lacs+","Rs 10,00,639 ~ 10 Lacs+"
486,1797,Jayeshbhai Thakkar,https://myneta.info/gujarat2012/candidate.php?candidate_id=1797,RAOPURA,INC,3,12th Pass,https://myneta.info/image_v2.php?myneta_folder=gujarat2012&candidate_id=1797&col=ta,https://myneta.info/image_v2.php?myneta_folder=gujarat2012&candidate_id=1797&col=lia
487,290,Jayeshkumar Shankarbhai Patel,https://myneta.info/gujarat2012/candidate.php?candidate_id=290,OLPAD,INC,0,Graduate,"Rs 7,74,40,245 ~ 7 Crore+","Rs 5,85,000 ~ 5 Lacs+"
488,1537,Jaysinh Mansinh Chauhan,https://myneta.info/gujarat2012/candidate.php?candidate_id=1537,PRANTIJ,BJP,0,Graduate Professional,"Rs 1,41,25,000 ~ 1 Crore+","Rs 3,00,000 ~ 3 Lacs+"
489,1640,Jepal Mahadevbhai Visaji,https://myneta.info/gujarat2012/candidate.php?candidate_id=1640,THARAD,BSP,0,Not Given,"Rs 86,12,000 ~ 86 Lacs+","Rs 1,63,800 ~ 1 Lacs+"
490,2045,Jeradiya Shatibhai Bhagabhai,https://myneta.info/gujarat2012/candidate.php?candidate_id=2045,THARAD,IND,0,Graduate,"Rs 8,33,214 ~ 8 Lacs+",Rs 0 ~
491,944,Jerambhai Vestabhai Vasava,https://myneta.info/gujarat2012/candidate.php?candidate_id=944,DEDIAPADA  (ST),SP,0,5th Pass,"Rs 15,35,930 ~ 15 Lacs+",Rs 0 ~
492,818,Jethabhai Danabhai Solanki,https://myneta.info/gujarat2012/candidate.php?candidate_id=818,KODINAR (SC),BJP,0,Graduate Professional,"Rs 53,79,260 ~ 53 Lacs+","Rs 7,88,320 ~ 7 Lacs+"
493,1612,Jethabhai G. Ahir (jetha Bharvad),https://myneta.info/gujarat2012/candidate.php?candidate_id=1612,SHEHRA,BJP,1,Graduate,"Rs 2,18,40,467 ~ 2 Crore+","Rs 19,07,100 ~ 19 Lacs+"
494,1416,Jethwa Vikramsinh Bhavsinh,https://myneta.info/gujarat2012/candidate.php?candidate_id=1416,JAMNAGAR SOUTH,IND,0,Post Graduate,"Rs 1,84,000 ~ 1 Lacs+",Rs 0 ~
495,486,Jinabhai Nagjibhai Katariya,https://myneta.info/gujarat2012/candidate.php?candidate_id=486,BOTAD,IND,0,10th Pass,https://myneta.info/image_v2.php?myneta_folder=gujarat2012&candidate_id=486&col=ta,https://myneta.info/image_v2.php?myneta_folder=gujarat2012&candidate_id=486&col=lia
496,1780,Jitendrabhai S. Patel,https://myneta.info/gujarat2012/candidate.php?candidate_id=1780,NADIAD,INC,1,12th Pass,"Rs 2,14,04,219 ~ 2 Crore+","Rs 76,32,434 ~ 76 Lacs+"
497,2260,Jivanbhai Ramabhai Parmar,https://myneta.info/gujarat2012/candidate.php?candidate_id=2260,MANINAGAR,DBSP,0,10th Pass,"Rs 14,70,000 ~ 14 Lacs+","Rs 1,60,000 ~ 1 Lacs+"
498,347,Jivrajani Sandeepbahi H,https://myneta.info/gujarat2012/candidate.php?candidate_id=347,RAJKOT WEST,IND,0,12th Pass,"Rs 10,65,000 ~ 10 Lacs+",Rs 0 ~
499,1455,Jod Vala Daya,https://myneta.info/gujarat2012/candidate.php?candidate_id=1455,KHAMBHALIA ,IND,0,Literate,"Rs 13,000 ~ 13 Thou+",Rs 0 ~
500,13,Jokhiya Anvar Umar,https://myneta.info/gujarat2012/candidate.php?candidate_id=13,KHAMBHALIA ,IND,0,Illiterate,"Rs 3,24,000 ~ 3 Lacs+",Rs 0 ~
501,1668,Joshi Bhikhabhai Chimanlal,https://myneta.info/gujarat2012/candidate.php?candidate_id=1668,GANDHINAGAR  SOUTH ,BSP,0,8th Pass,"Rs 4,00,000 ~ 4 Lacs+",Rs 0 ~
502,776,Joshi Bhikhabhai Galabhai,https://myneta.info/gujarat2012/candidate.php?candidate_id=776,JUNAGADH,INC,1,10th Pass,"Rs 1,69,73,097 ~ 1 Crore+","Rs 1,65,000 ~ 1 Lacs+"
503,763,Joshi Harishbhai Liladhar,https://myneta.info/gujarat2012/candidate.php?candidate_id=763,KUTIYANA,IND,0,8th Pass,"Rs 26,000 ~ 26 Thou+",Rs 0 ~
504,2350,Joshi Hiteshkumar Sudhakarbhai,https://myneta.info/gujarat2012/candidate.php?candidate_id=2350,RAOPURA,IND,0,12th Pass,https://myneta.info/image_v2.php?myneta_folder=gujarat2012&candidate_id=2350&col=ta,https://myneta.info/image_v2.php?myneta_folder=gujarat2012&candidate_id=2350&col=lia
505,1796,Joshi Kiritbhai  Shantilal,https://myneta.info/gujarat2012/candidate.php?candidate_id=1796,SAYAJIGUNJ,INC,0,Graduate,"Rs 2,58,38,642 ~ 2 Crore+","Rs 18,50,000 ~ 18 Lacs+"
506,2150,Joshi Pareshkumar Pravinchand,https://myneta.info/gujarat2012/candidate.php?candidate_id=2150,PRANTIJ,Bhartiya Janta Dal,0,10th Pass,"Rs 3,50,000 ~ 3 Lacs+","Rs 60,000 ~ 60 Thou+"
507,1158,Joshi Prakashbhai Markandray,https://myneta.info/gujarat2012/candidate.php?candidate_id=1158,KATARGAM,JD(U),0,12th Pass,"Rs 4,20,000 ~ 4 Lacs+",Rs 0 ~
508,1652,Joshi Rajendrakumar Dhudalal,https://myneta.info/gujarat2012/candidate.php?candidate_id=1652,DEESA,INC,0,12th Pass,"Rs 38,35,80,629 ~ 38 Crore+","Rs 20,03,80,965 ~ 20 Crore+"
509,912,Joshi Rajeshbhai Mahendrabhai,https://myneta.info/gujarat2012/candidate.php?candidate_id=912,BHAVNAGAR EAST,INC,1,Graduate Professional,"Rs 30,95,274 ~ 30 Lacs+","Rs 9,27,200 ~ 9 Lacs+"
510,779,Joshi Shitalben Pradyumanbhai,https://myneta.info/gujarat2012/candidate.php?candidate_id=779,JUNAGADH,JD(U),0,Post Graduate,"Rs 3,81,000 ~ 3 Lacs+",Rs 0 ~
511,258,Jotava Arajanbhai Rambhai,https://myneta.info/gujarat2012/candidate.php?candidate_id=258,KESHOD ,SP,0,10th Pass,"Rs 1,00,000 ~ 1 Lacs+",Rs 0 ~
512,709,Juber Asharfbhai Dharar,https://myneta.info/gujarat2012/candidate.php?candidate_id=709,DHORAJI,LJSP,0,10th Pass,"Rs 2,15,000 ~ 2 Lacs+",Rs 0 ~
513,2057,Judge Dansungbhai Hemrajbhai,https://myneta.info/gujarat2012/candidate.php?candidate_id=2057,PALANPUR,IND,0,10th Pass,https://myneta.info/image_v2.php?myneta_folder=gujarat2012&candidate_id=2057&col=ta,https://myneta.info/image_v2.php?myneta_folder=gujarat2012&candidate_id=2057&col=lia
514,1994,Julaya Abdul Mukhtyar,https://myneta.info/gujarat2012/candidate.php?candidate_id=1994,DARIAPUR,BSP,0,8th Pass,"Rs 39,06,050 ~ 39 Lacs+",Rs 0 ~
515,1878,Kabhabhai Vechatbhai Baria,https://myneta.info/gujarat2012/candidate.php?candidate_id=1878,SHEHRA,JD(U),0,5th Pass,"Rs 17,75,000 ~ 17 Lacs+","Rs 50,000 ~ 50 Thou+"
516,666,Kacha Rashminbhai Chhaganbhai,https://myneta.info/gujarat2012/candidate.php?candidate_id=666,RAJKOT SOUTH,GPP,0,10th Pass,"Rs 2,92,616 ~ 2 Lacs+",Rs 0 ~
517,512,Kachhadiya Dineshbhai Manubhai,https://myneta.info/gujarat2012/candidate.php?candidate_id=512,SURAT NORTH ,INC,0,12th Pass,"Rs 2,00,20,523 ~ 2 Crore+","Rs 4,14,22,671 ~ 4 Crore+"
518,1045,Kachhadiya Janakbhai Manjibhai,https://myneta.info/gujarat2012/candidate.php?candidate_id=1045,KARANJ ,BJP,0,10th Pass,"Rs 3,42,99,694 ~ 3 Crore+","Rs 24,00,000 ~ 24 Lacs+"
519,2356,Kachiya Patel   Vaishaliben  Raghekrishna,https://myneta.info/gujarat2012/candidate.php?candidate_id=2356,PADRA,IND,1,Others,"Rs 10,28,585 ~ 10 Lacs+",Rs 0 ~
520,9,Kadegiya Gangabhai Kanabhai,https://myneta.info/gujarat2012/candidate.php?candidate_id=9,KUTIYANA,IND,1,Graduate,"Rs 12,05,396 ~ 12 Lacs+",Rs 0 ~
521,2125,Kadri  Makhdumali  Usmanmiya,https://myneta.info/gujarat2012/candidate.php?candidate_id=2125,HIMATNAGAR,IND,1,5th Pass,"Rs 2,50,000 ~ 2 Lacs+",Rs 0 ~
522,641,Kagathara Laleet Karmashibhai,https://myneta.info/gujarat2012/candidate.php?candidate_id=641,TANKARA,IND,0,Graduate,https://myneta.info/image_v2.php?myneta_folder=gujarat2012&candidate_id=641&col=ta,https://myneta.info/image_v2.php?myneta_folder=gujarat2012&candidate_id=641&col=lia
523,2124,Kaji Farukmiya  Mahebubmiya,https://myneta.info/gujarat2012/candidate.php?candidate_id=2124,HIMATNAGAR,IND,0,12th Pass,"Rs 7,00,000 ~ 7 Lacs+",Rs 0 ~
524,400,Kalasharia Kanubhai Valabhai,https://myneta.info/gujarat2012/candidate.php?candidate_id=400,GARIADHAR,IND,7,Graduate Professional,"Rs 9,58,309 ~ 9 Lacs+",Rs 0 ~
525,113,Kalavdiya Jignesh B,https://myneta.info/gujarat2012/candidate.php?candidate_id=113,RAJKOT WEST,IND,1,Graduate Professional,"Rs 45,83,200 ~ 45 Lacs+","Rs 8,00,000 ~ 8 Lacs+"
526,59,Kaliya Pravinbhai Nathabhai,https://myneta.info/gujarat2012/candidate.php?candidate_id=59,BOTAD,IND,0,Literate,"Rs 10,000 ~ 10 Thou+",Rs 0 ~
527,1933,Kalubhai Deshabhai Jadav,https://myneta.info/gujarat2012/candidate.php?candidate_id=1933,THAKKARBAPA NAGAR,BSP,0,5th Pass,"Rs 12,64,009 ~ 12 Lacs+","Rs 40,000 ~ 40 Thou+"
528,1610,Kalubhai Malivad,https://myneta.info/gujarat2012/candidate.php?candidate_id=1610,LUNAWADA,BJP,1,Others,"Rs 1,46,65,986 ~ 1 Crore+",Rs 0 ~
529,1757,Kaminiben B Rathore,https://myneta.info/gujarat2012/candidate.php?candidate_id=1757,DAHEGAM,INC,0,12th Pass,"Rs 17,67,448 ~ 17 Lacs+",Rs 0 ~
530,1765,Kamleshkumar Babulal Shah,https://myneta.info/gujarat2012/candidate.php?candidate_id=1765,ELLISBRIDGE,INC,0,Graduate Professional,"Rs 3,24,38,206 ~ 3 Crore+","Rs 44,45,695 ~ 44 Lacs+"
531,2238,Kanaiyalal Malaji Khatik,https://myneta.info/gujarat2012/candidate.php?candidate_id=2238,AMRAIWADI ,IND,0,10th Pass,https://myneta.info/image_v2.php?myneta_folder=gujarat2012&candidate_id=2238&col=ta,https://myneta.info/image_v2.php?myneta_folder=gujarat2012&candidate_id=2238&col=lia
532,1043,Kanani Kishorbhai Shivabhai (kumar),https://myneta.info/gujarat2012/candidate.php?candidate_id=1043,VARACHHA ROAD,BJP,0,8th Pass,"Rs 1,78,97,569 ~ 1 Crore+","Rs 90,24,486 ~ 90 Lacs+"
533,917,Kanani Mansukhbhai Raiyabhai,https://myneta.info/gujarat2012/candidate.php?candidate_id=917,BHAVNAGAR WEST,INC,0,Post Graduate,"Rs 67,76,500 ~ 67 Lacs+","Rs 14,10,524 ~ 14 Lacs+"
534,765,Kanara Khimanandbhai Kacharabhai,https://myneta.info/gujarat2012/candidate.php?candidate_id=765,KUTIYANA,IND,0,Graduate,"Rs 2,14,06,000 ~ 2 Crore+",Rs 0 ~
535,269,Kanbi Manshukhbhai Devshibhai,https://myneta.info/gujarat2012/candidate.php?candidate_id=269,BHAVNAGAR WEST,IND,0,8th Pass,"Rs 26,000 ~ 26 Thou+",Rs 0 ~
536,241,Kandoriya Murubhai Ranmalbhai	,https://myneta.info/gujarat2012/candidate.php?candidate_id=241,DWARKA,INC,1,Graduate,"Rs 18,45,60,332 ~ 18 Crore+","Rs 61,53,210 ~ 61 Lacs+"
537,1526,Kanodiya Hitendra Nareshkumar,https://myneta.info/gujarat2012/candidate.php?candidate_id=1526,KADI (SC),BJP,0,12th Pass,"Rs 1,94,31,831 ~ 1 Crore+",Rs 0 ~
538,1893,Kansar Maheshkumar Hirabhai	,https://myneta.info/gujarat2012/candidate.php?candidate_id=1893,KALOL,LJSP,0,Post Graduate,"Rs 3,05,000 ~ 3 Lacs+",Rs 0 ~
539,1360,Kantariya Khimjibhai Batukbhai,https://myneta.info/gujarat2012/candidate.php?candidate_id=1360,JETPUR,IND,0,5th Pass,"Rs 68,000 ~ 68 Thou+",Rs 0 ~
540,2280,Kantibhai Bhikhabhai Solank,https://myneta.info/gujarat2012/candidate.php?candidate_id=2280,BORSAD,Akhil Bharatiya Manav Seva Dal,0,5th Pass,https://myneta.info/image_v2.php?myneta_folder=gujarat2012&candidate_id=2280&col=ta,https://myneta.info/image_v2.php?myneta_folder=gujarat2012&candidate_id=2280&col=lia
541,2275,Kantibhai  Lakhabhai  Raval,https://myneta.info/gujarat2012/candidate.php?candidate_id=2275,DASKROI,IND,0,5th Pass,"Rs 5,50,000 ~ 5 Lacs+",Rs 0 ~
542,544,Kantibhai Nichhabhai Patel,https://myneta.info/gujarat2012/candidate.php?candidate_id=544,PARDI,IND,0,8th Pass,"Rs 2,71,35,000 ~ 2 Crore+","Rs 53,00,000 ~ 53 Lacs+"
543,1308,Kantilal Shivlal Amrutiya,https://myneta.info/gujarat2012/candidate.php?candidate_id=1308,MORBI,BJP,1,12th Pass,"Rs 2,92,20,726 ~ 2 Crore+","Rs 1,12,34,450 ~ 1 Crore+"
544,1066,Kantilalbhai Reshmabhai Gamit,https://myneta.info/gujarat2012/candidate.php?candidate_id=1066,NIZAR (ST),BJP,0,10th Pass,"Rs 47,05,264 ~ 47 Lacs+",Rs 0 ~
545,536,Kanubhai Devjibhai Sukhadia (dadhidhari Kanna),https://myneta.info/gujarat2012/candidate.php?candidate_id=536,NAVSARI ,IND,1,Graduate Professional,"Rs 1,76,91,695 ~ 1 Crore+",Rs 0 ~
546,839,Kanubhai Shambhubhai Suraniya,https://myneta.info/gujarat2012/candidate.php?candidate_id=839,DHARI,IND,0,5th Pass,"Rs 55,000 ~ 55 Thou+",Rs 0 ~
547,2096,Kanunga Bhanvarlal Champ Alal,https://myneta.info/gujarat2012/candidate.php?candidate_id=2096,UNJHA,IND,1,10th Pass,"Rs 3,56,29,355 ~ 3 Crore+",Rs 0 ~
548,60,Kapadia Aiyub Gulam Rasul,https://myneta.info/gujarat2012/candidate.php?candidate_id=60,SURAT NORTH ,IND,0,8th Pass,"Rs 12,83,000 ~ 12 Lacs+",Rs 0 ~
549,2169,Kapadiya Amrishkumar Kanttlal,https://myneta.info/gujarat2012/candidate.php?candidate_id=2169,KALOL,IND,0,10th Pass,https://myneta.info/image_v2.php?myneta_folder=gujarat2012&candidate_id=2169&col=ta,https://myneta.info/image_v2.php?myneta_folder=gujarat2012&candidate_id=2169&col=lia
550,2370,Kapdiya Mohmad Irfan Gulam Mohmad,https://myneta.info/gujarat2012/candidate.php?candidate_id=2370,OLPAD,LJSP,3,8th Pass,"Rs 13,95,000 ~ 13 Lacs+",Rs 0 ~
551,1451,Kara Ali Jakub,https://myneta.info/gujarat2012/candidate.php?candidate_id=1451,KHAMBHALIA ,IND,2,10th Pass,"Rs 16,000 ~ 16 Thou+",Rs 0 ~
552,774,Kariya Dhirenbhai Amrutlal,https://myneta.info/gujarat2012/candidate.php?candidate_id=774,JUNAGADH,SP,7,10th Pass,"Rs 39,53,478 ~ 39 Lacs+","Rs 4,30,420 ~ 4 Lacs+"
553,458,Karmur Ebhabhai Karshanbhai,https://myneta.info/gujarat2012/candidate.php?candidate_id=458,KHAMBHALIA ,INC,0,Graduate,"Rs 47,76,000 ~ 47 Lacs+","Rs 22,15,808 ~ 22 Lacs+"
554,48,Karva Aarif Babubhai,https://myneta.info/gujarat2012/candidate.php?candidate_id=48,RAJKOT WEST,IND,11,5th Pass,"Rs 16,09,200 ~ 16 Lacs+",Rs 0 ~
555,215,Kashundra Yogeshkumar Vashrambhai,https://myneta.info/gujarat2012/candidate.php?candidate_id=215,TANKARA,IND,0,10th Pass,"Rs 9,87,000 ~ 9 Lacs+",Rs 0 ~
556,2257,Kashyap Siddharth Yashvantray,https://myneta.info/gujarat2012/candidate.php?candidate_id=2257,MANINAGAR,BSP,0,Graduate Professional,"Rs 2,70,000 ~ 2 Lacs+",Rs 0 ~
557,1871,Katara Singjibhai Jalajibhai,https://myneta.info/gujarat2012/candidate.php?candidate_id=1871,SANTRAMPUR (ST) ,CPM,0,5th Pass,"Rs 8,87,267 ~ 8 Lacs+",Rs 0 ~
558,376,Katariya Naranbhai Sarmanbhai,https://myneta.info/gujarat2012/candidate.php?candidate_id=376,UNA,SP,0,10th Pass,https://myneta.info/image_v2.php?myneta_folder=gujarat2012&candidate_id=376&col=ta,https://myneta.info/image_v2.php?myneta_folder=gujarat2012&candidate_id=376&col=lia
559,2031,Kateriya Satishkumar Mojiram,https://myneta.info/gujarat2012/candidate.php?candidate_id=2031,NARODA,BSP,0,10th Pass,"Rs 16,73,000 ~ 16 Lacs+",Rs 0 ~
560,1636,Kathecha Sureshbhai Hadhubhai,https://myneta.info/gujarat2012/candidate.php?candidate_id=1636,GANDHIDHAM(SC),JD(U),0,8th Pass,"Rs 80,000 ~ 80 Thou+",Rs 0 ~
561,521,Kathiriya Jaysukh Parsotam,https://myneta.info/gujarat2012/candidate.php?candidate_id=521,UDHNA,GPP,0,12th Pass,"Rs 3,75,81,224 ~ 3 Crore+","Rs 1,79,39,007 ~ 1 Crore+"
562,993,Kathudia Rameshbhai Sonjibhai,https://myneta.info/gujarat2012/candidate.php?candidate_id=993,MANGROL (ST),GPP,0,Graduate,"Rs 96,000 ~ 96 Thou+",Rs 0 ~
563,889,Katrodiya Labhubhai Popatbhai,https://myneta.info/gujarat2012/candidate.php?candidate_id=889,GARIADHAR,GPP,0,12th Pass,"Rs 39,60,000 ~ 39 Lacs+",Rs 0 ~
564,2185,Kausharali  Faiyazali Saiyed,https://myneta.info/gujarat2012/candidate.php?candidate_id=2185,VEJALPUR,SOCIALIST PARTY (INDIA),0,Graduate,"Rs 2,70,000 ~ 2 Lacs+","Rs 1,75,000 ~ 1 Lacs+"
565,627,Kavadiya Jayantibhai Ramjibhai,https://myneta.info/gujarat2012/candidate.php?candidate_id=627,DHRANGADHRA,BJP,0,Literate,"Rs 5,91,09,067 ~ 5 Crore+",Rs 0 ~
566,607,Kavar Ganeshbhai Govindbhai,https://myneta.info/gujarat2012/candidate.php?candidate_id=607,WADHWAN,JD(U),0,5th Pass,"Rs 38,10,000 ~ 38 Lacs+","Rs 34,50,000 ~ 34 Lacs+"
567,171,Kazi Najmuddin Rafiyuddin,https://myneta.info/gujarat2012/candidate.php?candidate_id=171,SURAT NORTH ,SP,0,8th Pass,https://myneta.info/image_v2.php?myneta_folder=gujarat2012&candidate_id=171&col=ta,https://myneta.info/image_v2.php?myneta_folder=gujarat2012&candidate_id=171&col=lia
568,534,Kazi Zahiddbhai Mohemadilyas,https://myneta.info/gujarat2012/candidate.php?candidate_id=534,NAVSARI ,IND,0,Graduate,"Rs 2,64,261 ~ 2 Lacs+",Rs 0 ~
569,1830,Ker Osman Lana,https://myneta.info/gujarat2012/candidate.php?candidate_id=1830,ABDASA,IND,0,5th Pass,"Rs 9,05,000 ~ 9 Lacs+","Rs 1,40,000 ~ 1 Lacs+"
570,1517,Keshaji Shivaji Chauhan,https://myneta.info/gujarat2012/candidate.php?candidate_id=1517,DEODAR,BJP,0,12th Pass,"Rs 42,94,212 ~ 42 Lacs+","Rs 5,00,000 ~ 5 Lacs+"
571,254,Keshubhai Savdasbhai Patel,https://myneta.info/gujarat2012/candidate.php?candidate_id=254,VISAVADAR,GPP,0,8th Pass,"Rs 2,69,14,461 ~ 2 Crore+",Rs 0 ~
572,1986,Kevalkumar Thakorbhai Kachhia,https://myneta.info/gujarat2012/candidate.php?candidate_id=1986,PETLAD,BSP,0,10th Pass,"Rs 1,50,000 ~ 1 Lacs+",Rs 0 ~
573,82,Khafi Ashraf Jumabhai,https://myneta.info/gujarat2012/candidate.php?candidate_id=82,JAMNAGAR SOUTH,SP,6,8th Pass,"Rs 23,75,000 ~ 23 Lacs+",Rs 0 ~
574,237,Khafi Salim Yusufbhai,https://myneta.info/gujarat2012/candidate.php?candidate_id=237,JAMNAGAR SOUTH,IND,0,5th Pass,"Rs 1,09,37,000 ~ 1 Crore+","Rs 15,19,422 ~ 15 Lacs+"
575,2242,Khalifa Samsuddin Nasiruddin  Alias Jugnu,https://myneta.info/gujarat2012/candidate.php?candidate_id=2242,DARIAPUR,IND,0,5th Pass,"Rs 3,77,937 ~ 3 Lacs+",Rs 0 ~
576,540,Khan Asagarali Aiyubbhai,https://myneta.info/gujarat2012/candidate.php?candidate_id=540,VALSAD,IND,0,5th Pass,https://myneta.info/image_v2.php?myneta_folder=gujarat2012&candidate_id=540&col=ta,https://myneta.info/image_v2.php?myneta_folder=gujarat2012&candidate_id=540&col=lia
577,1133,Khan Heena Bagam,https://myneta.info/gujarat2012/candidate.php?candidate_id=1133,CHORYASI,Indian Front,0,Graduate,"Rs 21,95,000 ~ 21 Lacs+",Rs 0 ~
578,1438,Khan Sahadatraza Inayatraza,https://myneta.info/gujarat2012/candidate.php?candidate_id=1438,JAMJODHPUR,IND,0,10th Pass,"Rs 5,000 ~ 5 Thou+",Rs 0 ~
579,1548,Khanpura Dharshibhai Lakhabhai,https://myneta.info/gujarat2012/candidate.php?candidate_id=1548,KANKREJ,INC,0,Literate,"Rs 50,70,263 ~ 50 Lacs+",Rs 0 ~
580,1446,Khara Bhanuben Mansur,https://myneta.info/gujarat2012/candidate.php?candidate_id=1446,KHAMBHALIA ,IND,0,5th Pass,"Rs 47,000 ~ 47 Thou+",Rs 0 ~
581,1991,Kharadi Bipeenbhai Nanajibhai,https://myneta.info/gujarat2012/candidate.php?candidate_id=1991,BHILODA (ST),JD(U),0,Graduate,"Rs 5,16,427 ~ 5 Lacs+",Rs 0 ~
582,1989,Kharadi Jivabhai Manabhai,https://myneta.info/gujarat2012/candidate.php?candidate_id=1989,BHILODA (ST),BSP,0,5th Pass,"Rs 6,60,000 ~ 6 Lacs+",Rs 0 ~
583,1646,Kharadi Kantibhai Kalabhai,https://myneta.info/gujarat2012/candidate.php?candidate_id=1646,DANTA (ST),INC,0,8th Pass,"Rs 16,56,000 ~ 16 Lacs+","Rs 70,000 ~ 70 Thou+"
584,85,Khira Juma Nurmamad,https://myneta.info/gujarat2012/candidate.php?candidate_id=85,JAMNAGAR SOUTH,IND,0,Literate,"Rs 7,50,000 ~ 7 Lacs+","Rs 25,000 ~ 25 Thou+"
585,500,Khoda Rafiq Ibrahim,https://myneta.info/gujarat2012/candidate.php?candidate_id=500,BHARUCH,IND,0,10th Pass,https://myneta.info/image_v2.php?myneta_folder=gujarat2012&candidate_id=500&col=ta,https://myneta.info/image_v2.php?myneta_folder=gujarat2012&candidate_id=500&col=lia
586,862,Khokhariya Valjibhai Nanjibhai,https://myneta.info/gujarat2012/candidate.php?candidate_id=862,LATHI,BJP,1,10th Pass,"Rs 82,64,106 ~ 82 Lacs+","Rs 6,46,200 ~ 6 Lacs+"
587,1606,Khumansinh Ratansinh Sodha,https://myneta.info/gujarat2012/candidate.php?candidate_id=1606,MAHUDHA,BJP,0,10th Pass,"Rs 16,51,965 ~ 16 Lacs+",Rs 0 ~
588,1563,Khumansinh Raysinh Chauhan,https://myneta.info/gujarat2012/candidate.php?candidate_id=1563,SAVLI,INC,2,12th Pass,"Rs 1,12,00,328 ~ 1 Crore+","Rs 15,25,064 ~ 15 Lacs+"
589,37,Khunti Bharatbhai Maldebhai,https://myneta.info/gujarat2012/candidate.php?candidate_id=37,KUTIYANA,IND,1,8th Pass,"Rs 37,77,383 ~ 37 Lacs+","Rs 5,79,364 ~ 5 Lacs+"
590,314,Khureshi Razak Daudbhai,https://myneta.info/gujarat2012/candidate.php?candidate_id=314,RAJKOT EAST,BSP,0,5th Pass,"Rs 1,65,000 ~ 1 Lacs+",Rs 0 ~
591,1908,Kiranbhai Somabhai Kansara,https://myneta.info/gujarat2012/candidate.php?candidate_id=1908,VATVA,SP,0,Graduate,"Rs 83,57,388 ~ 83 Lacs+","Rs 2,75,000 ~ 2 Lacs+"
592,714,Kirtikumar Bavnjibhai Marvaniya,https://myneta.info/gujarat2012/candidate.php?candidate_id=714,DHORAJI,IND,1,12th Pass,"Rs 30,20,000 ~ 30 Lacs+",Rs 0 ~
593,297,Kirtisinh Hemantsinh Zala,https://myneta.info/gujarat2012/candidate.php?candidate_id=297,DHOLKA,IND,2,12th Pass,"Rs 16,25,504 ~ 16 Lacs+",Rs 0 ~
594,1518,Kirtisinh P. Vaghela,https://myneta.info/gujarat2012/candidate.php?candidate_id=1518,KANKREJ,BJP,0,12th Pass,https://myneta.info/image_v2.php?myneta_folder=gujarat2012&candidate_id=1518&col=ta,https://myneta.info/image_v2.php?myneta_folder=gujarat2012&candidate_id=1518&col=lia
595,1580,Kishorbhai Babubhai Chauhan,https://myneta.info/gujarat2012/candidate.php?candidate_id=1580,VEJALPUR,BJP,0,10th Pass,"Rs 3,68,27,949 ~ 3 Crore+",Rs 0 ~
596,851,Kishorbhai Dhanjibhai Vekariya,https://myneta.info/gujarat2012/candidate.php?candidate_id=851,AMRELI,IND,0,Literate,"Rs 1,93,000 ~ 1 Lacs+",Rs 0 ~
597,579,Kochadiya Bababhai Anadabhai,https://myneta.info/gujarat2012/candidate.php?candidate_id=579,DASADA (SC),IND,0,10th Pass,"Rs 2,80,000 ~ 2 Lacs+",Rs 0 ~
598,1854,Kochra Kishorbhai Kanjibhai,https://myneta.info/gujarat2012/candidate.php?candidate_id=1854,GANDHIDHAM(SC),BSP,0,Graduate Professional,"Rs 6,73,000 ~ 6 Lacs+","Rs 4,09,500 ~ 4 Lacs+"
599,764,Kodiyatar Bhikhanbhai Samatbhai,https://myneta.info/gujarat2012/candidate.php?candidate_id=764,KUTIYANA,IND,0,Illiterate,"Rs 5,12,400 ~ 5 Lacs+",Rs 0 ~
600,831,Kokilaben Jaysukhbhai Kakdiya,https://myneta.info/gujarat2012/candidate.php?candidate_id=831,DHARI,INC,0,10th Pass,"Rs 1,74,01,497 ~ 1 Crore+","Rs 13,10,533 ~ 13 Lacs+"
601,1287,Kola Ajaybhai Narsinhbhai,https://myneta.info/gujarat2012/candidate.php?candidate_id=1287,ANKLESHWAR,IND,0,10th Pass,Nil,Rs 0 ~
602,1084,Kola Ashokbhai Mansukhabhai,https://myneta.info/gujarat2012/candidate.php?candidate_id=1084,UMBERGAON  (ST) ,GPP,0,8th Pass,"Rs 10,55,000 ~ 10 Lacs+",Rs 0 ~
603,1199,Koli Laxman Parashram,https://myneta.info/gujarat2012/candidate.php?candidate_id=1199,LIMBAYAT ,IND,0,8th Pass,https://myneta.info/image_v2.php?myneta_folder=gujarat2012&candidate_id=1199&col=ta,https://myneta.info/image_v2.php?myneta_folder=gujarat2012&candidate_id=1199&col=lia
604,30,Koli Sanjaybhai Dhirajbhai,https://myneta.info/gujarat2012/candidate.php?candidate_id=30,DHRANGADHRA,IND,0,5th Pass,"Rs 2,83,000 ~ 2 Lacs+",Rs 0 ~
605,1226,Kolipatel Laljibhai Chaturbhai,https://myneta.info/gujarat2012/candidate.php?candidate_id=1226,DHANDHUKA,BJP,1,Literate,"Rs 3,07,31,766 ~ 3 Crore+","Rs 27,08,861 ~ 27 Lacs+"
606,1242,Kolipatel Somabhai Gandalal,https://myneta.info/gujarat2012/candidate.php?candidate_id=1242,LIMBDI,INC,0,5th Pass,"Rs 6,81,51,073 ~ 6 Crore+",Rs 0 ~
607,2039,Kolipatel Sureshbhai  Karshanbhai,https://myneta.info/gujarat2012/candidate.php?candidate_id=2039,DASKROI,SP,0,10th Pass,"Rs 8,00,000 ~ 8 Lacs+",Rs 0 ~
608,1904,Koradiya Kalyanbhai Aljibhai,https://myneta.info/gujarat2012/candidate.php?candidate_id=1904,AMRAIWADI ,BSP,0,Graduate,"Rs 17,68,720 ~ 17 Lacs+",Rs 0 ~
609,1350,Korat Jashuben Savajibhai,https://myneta.info/gujarat2012/candidate.php?candidate_id=1350,JETPUR,BJP,0,10th Pass,"Rs 23,11,626 ~ 23 Lacs+","Rs 2,16,000 ~ 2 Lacs+"
610,791,Kotadiya Maganbhai Karashanbhai,https://myneta.info/gujarat2012/candidate.php?candidate_id=791,KESHOD ,INC,0,10th Pass,"Rs 18,51,205 ~ 18 Lacs+",Rs 0 ~
611,41,Kotak Ajaybhai Umedbhai,https://myneta.info/gujarat2012/candidate.php?candidate_id=41,KESHOD ,IND,0,Graduate Professional,"Rs 22,138 ~ 22 Thou+",Rs 0 ~
612,2066,Kotarvadiya Meruji Amthaji,https://myneta.info/gujarat2012/candidate.php?candidate_id=2066,KANKREJ,LJSP,0,8th Pass,https://myneta.info/image_v2.php?myneta_folder=gujarat2012&candidate_id=2066&col=ta,https://myneta.info/image_v2.php?myneta_folder=gujarat2012&candidate_id=2066&col=lia
613,837,Kotdiya Nalinbhai Nanjibhai,https://myneta.info/gujarat2012/candidate.php?candidate_id=837,DHARI,GPP,3,Graduate,"Rs 34,98,182 ~ 34 Lacs+","Rs 4,31,417 ~ 4 Lacs+"
614,137,Kothiya Hasmukhbhai Meghjibhai	,https://myneta.info/gujarat2012/candidate.php?candidate_id=137,AMRELI,IND,0,8th Pass,"Rs 28,86,614 ~ 28 Lacs+","Rs 23,200 ~ 23 Thou+"
615,1753,Kotwal Ashvinbhai Laxmanbhai,https://myneta.info/gujarat2012/candidate.php?candidate_id=1753,KHEDBRAHMA (ST),INC,2,12th Pass,"Rs 69,72,251 ~ 69 Lacs+","Rs 12,99,774 ~ 12 Lacs+"
616,2224,Koyani  Manubhai   Vallabhbhai,https://myneta.info/gujarat2012/candidate.php?candidate_id=2224,THAKKARBAPA NAGAR,IND,0,8th Pass,"Rs 1,87,000 ~ 1 Lacs+",Rs 0 ~
617,2191,Kshatriy Birju  Motisinh,https://myneta.info/gujarat2012/candidate.php?candidate_id=2191,VEJALPUR,IND,0,12th Pass,"Rs 1,15,000 ~ 1 Lacs+",Rs 0 ~
618,2294,Kubavat  Babudas  Chhagandas,https://myneta.info/gujarat2012/candidate.php?candidate_id=2294,PETLAD,Akhil Bharatiya Jan Sangh,0,10th Pass,"Rs 59,42,698 ~ 59 Lacs+","Rs 25,000 ~ 25 Thou+"
619,192,Kubavat Atulbhai Kanubhai,https://myneta.info/gujarat2012/candidate.php?candidate_id=192,TANKARA,JD(U),0,Others,"Rs 35,12,000 ~ 35 Lacs+","Rs 14,00,000 ~ 14 Lacs+"
620,2049,Kuchavadiya Javerji Chamanji,https://myneta.info/gujarat2012/candidate.php?candidate_id=2049,DHANERA,IND,0,Literate,"Rs 2,32,600 ~ 2 Lacs+",Rs 0 ~
621,480,Kunvarjibhai Mohanbhai Bavaliya,https://myneta.info/gujarat2012/candidate.php?candidate_id=480,BOTAD,INC,1,Graduate Professional,https://myneta.info/image_v2.php?myneta_folder=gujarat2012&candidate_id=480&col=ta,https://myneta.info/image_v2.php?myneta_folder=gujarat2012&candidate_id=480&col=lia
622,268,Kureshi Abdulkadar Manjibhai,https://myneta.info/gujarat2012/candidate.php?candidate_id=268,BHAVNAGAR WEST,IND,0,12th Pass,"Rs 45,100 ~ 45 Thou+",Rs 0 ~
623,1048,Kureshi Altafbhai Munafabhai,https://myneta.info/gujarat2012/candidate.php?candidate_id=1048,KARANJ ,BSP,0,5th Pass,"Rs 8,32,000 ~ 8 Lacs+","Rs 99,500 ~ 99 Thou+"
624,2108,Kureshi Hasanbhai Rasulbhai,https://myneta.info/gujarat2012/candidate.php?candidate_id=2108,MAHESANA,IND,0,5th Pass,"Rs 45,000 ~ 45 Thou+",Rs 0 ~
625,1852,Ladak Ramjubhai Umarbhai,https://myneta.info/gujarat2012/candidate.php?candidate_id=1852,ANJAR,RPI(A),1,Illiterate,Nil,Rs 0 ~
626,793,Ladani Aravindbhai Keshavbhai,https://myneta.info/gujarat2012/candidate.php?candidate_id=793,KESHOD ,BJP,0,10th Pass,"Rs 1,57,49,837 ~ 1 Crore+","Rs 81,61,000 ~ 81 Lacs+"
627,1376,Ladumor Arvindbhai Karashanbhai,https://myneta.info/gujarat2012/candidate.php?candidate_id=1376,RAJULA,IND,0,12th Pass,"Rs 30,22,000 ~ 30 Lacs+","Rs 2,37,700 ~ 2 Lacs+"
628,733,Lal Jitendra Haridas,https://myneta.info/gujarat2012/candidate.php?candidate_id=733,JAMNAGAR SOUTH,INC,0,Graduate Professional,"Rs 20,66,93,262 ~ 20 Crore+","Rs 1,33,13,815 ~ 1 Crore+"
629,778,Lalitbhai Bhimajibhai Suvagiya,https://myneta.info/gujarat2012/candidate.php?candidate_id=778,JUNAGADH,GPP,0,5th Pass,"Rs 1,66,66,501 ~ 1 Crore+","Rs 18,91,310 ~ 18 Lacs+"
630,439,Limbadiya Kantilal Viththalbhai,https://myneta.info/gujarat2012/candidate.php?candidate_id=439,WADHWAN,IND,0,10th Pass,https://myneta.info/image_v2.php?myneta_folder=gujarat2012&candidate_id=439&col=ta,https://myneta.info/image_v2.php?myneta_folder=gujarat2012&candidate_id=439&col=lia
631,1735,Lodhiya Amirali Haji Hushen,https://myneta.info/gujarat2012/candidate.php?candidate_id=1735,BHUJ,INC,0,Graduate Professional,"Rs 71,73,336 ~ 71 Lacs+",Rs 0 ~
632,1649,Loh Bhikhabhai Jitabhai,https://myneta.info/gujarat2012/candidate.php?candidate_id=1649,PALANPUR,SP,0,8th Pass,"Rs 8,01,350 ~ 8 Lacs+",Rs 0 ~
633,742,Madam Mayurbhai Ghelubhai,https://myneta.info/gujarat2012/candidate.php?candidate_id=742,DWARKA,IND,0,Graduate,"Rs 30,21,000 ~ 30 Lacs+",Rs 0 ~
634,738,Madam Poonamben,https://myneta.info/gujarat2012/candidate.php?candidate_id=738,KHAMBHALIA ,BJP,0,Graduate,"Rs 15,99,76,924 ~ 15 Crore+","Rs 5,97,94,131 ~ 5 Crore+"
635,98,Madhara Usmanbhai Pirbhai,https://myneta.info/gujarat2012/candidate.php?candidate_id=98,GARIADHAR,Bhartiya National Janta Dal,0,Literate,"Rs 5,80,500 ~ 5 Lacs+",Rs 0 ~
636,27,Mahavirsing Balsing Devda,https://myneta.info/gujarat2012/candidate.php?candidate_id=27,NAVSARI ,BSP,0,10th Pass,"Rs 46,41,821 ~ 46 Lacs+","Rs 18,77,465 ~ 18 Lacs+"
637,773,Mahendrabhai Liladhar Masharu,https://myneta.info/gujarat2012/candidate.php?candidate_id=773,JUNAGADH,BJP,1,Graduate Professional,"Rs 32,91,058 ~ 32 Lacs+","Rs 18,00,000 ~ 18 Lacs+"
638,1124,Maheshbhai Chhakabhai Chaudhar,https://myneta.info/gujarat2012/candidate.php?candidate_id=1124,MAHUVA (ST) ,IND,0,12th Pass,"Rs 2,000 ~ 2 Thou+",Rs 0 ~
639,194,Maheshbhai Chhotubhai Vasava,https://myneta.info/gujarat2012/candidate.php?candidate_id=194,DEDIAPADA (ST),JD(U),24,10th Pass,https://myneta.info/image_v2.php?myneta_folder=gujarat2012&candidate_id=194&col=ta,https://myneta.info/image_v2.php?myneta_folder=gujarat2012&candidate_id=194&col=lia
640,487,Maheshbhai Saradbhai Vasava,https://myneta.info/gujarat2012/candidate.php?candidate_id=487,NANDOD (ST),JD(U),1,12th Pass,"Rs 25,40,000 ~ 25 Lacs+","Rs 3,27,000 ~ 3 Lacs+"
641,1840,Maheshvari Dayabhai Ladhubhai,https://myneta.info/gujarat2012/candidate.php?candidate_id=1840,BHUJ,BSP,0,10th Pass,"Rs 26,66,200 ~ 26 Lacs+",Rs 0 ~
642,1832,Maheshwari Naranbhai Veljibhai,https://myneta.info/gujarat2012/candidate.php?candidate_id=1832,MANDVI,BSP,0,Literate,"Rs 17,11,000 ~ 17 Lacs+","Rs 1,18,620 ~ 1 Lacs+"
643,1508,Maheshwari Ramesh Vachchhraj,https://myneta.info/gujarat2012/candidate.php?candidate_id=1508,GANDHIDHAM(SC),BJP,0,8th Pass,"Rs 2,77,95,082 ~ 2 Crore+","Rs 7,10,546 ~ 7 Lacs+"
644,1862,Maheshwari Vasantbhai Dayabhai,https://myneta.info/gujarat2012/candidate.php?candidate_id=1862,RAPAR,IND,1,Graduate,"Rs 12,33,000 ~ 12 Lacs+",Rs 0 ~
645,2087,Maheswarikanubhai Bhurabhai,https://myneta.info/gujarat2012/candidate.php?candidate_id=2087,PATAN,IND,0,5th Pass,"Rs 95,97,100 ~ 95 Lacs+",Rs 0 ~
646,975,Maheta Chiragkumar Bharatkumar,https://myneta.info/gujarat2012/candidate.php?candidate_id=975,ANKLESHWAR,IND,0,12th Pass,"Rs 6,71,000 ~ 6 Lacs+","Rs 2,32,000 ~ 2 Lacs+"
647,841,Maheta Prafulbhai Tribhovanbhai,https://myneta.info/gujarat2012/candidate.php?candidate_id=841,DHARI,IND,0,5th Pass,"Rs 6,46,921 ~ 6 Lacs+","Rs 60,000 ~ 60 Thou+"
648,1266,Mahetar Salimbhai Adambhai,https://myneta.info/gujarat2012/candidate.php?candidate_id=1266,BHAVNAGAR WEST,IND,0,8th Pass,https://myneta.info/image_v2.php?myneta_folder=gujarat2012&candidate_id=1266&col=ta,https://myneta.info/image_v2.php?myneta_folder=gujarat2012&candidate_id=1266&col=lia
649,546,Mahyanvanshi Maheshbhai Chhaganbhai,https://myneta.info/gujarat2012/candidate.php?candidate_id=546,PARDI,BSP,0,5th Pass,"Rs 25,80,000 ~ 25 Lacs+",Rs 0 ~
650,506,Mahyavanshi Natvarbhai Dahyabhai,https://myneta.info/gujarat2012/candidate.php?candidate_id=506,OLPAD,JD(U),0,Graduate Professional,"Rs 8,53,000 ~ 8 Lacs+","Rs 3,00,000 ~ 3 Lacs+"
651,1282,Maisuriya Hiteshkumar Dhansukhlal,https://myneta.info/gujarat2012/candidate.php?candidate_id=1282,SURAT EAST  ,IND,0,8th Pass,"Rs 7,50,500 ~ 7 Lacs+",Rs 0 ~
652,1497,Majgul Abdul Ismail,https://myneta.info/gujarat2012/candidate.php?candidate_id=1497,TALALA,IND,2,8th Pass,"Rs 36,96,000 ~ 36 Lacs+","Rs 96,000 ~ 96 Thou+"
653,388,Makavana Keshubhai Naranbhai,https://myneta.info/gujarat2012/candidate.php?candidate_id=388,LATHI,BSP,0,10th Pass,"Rs 43,81,000 ~ 43 Lacs+","Rs 45,000 ~ 45 Thou+"
654,1680,Makawana Arvindbhai Mafatlal,https://myneta.info/gujarat2012/candidate.php?candidate_id=1680,KHERALU,BSP,0,Post Graduate,"Rs 1,59,00,000 ~ 1 Crore+","Rs 1,66,000 ~ 1 Lacs+"
655,656,Makdiya Jaydeep J,https://myneta.info/gujarat2012/candidate.php?candidate_id=656,RAJKOT WEST,GPP,0,12th Pass,"Rs 1,39,60,010 ~ 1 Crore+",Rs 0 ~
656,1358,Makrani Rafikbhai Osmanbhai,https://myneta.info/gujarat2012/candidate.php?candidate_id=1358,JETPUR,IND,0,8th Pass,"Rs 35,000 ~ 35 Thou+",Rs 0 ~
657,900,Makvana Bhavanbhai Khimabhai,https://myneta.info/gujarat2012/candidate.php?candidate_id=900,GARIADHAR,IND,0,10th Pass,https://myneta.info/image_v2.php?myneta_folder=gujarat2012&candidate_id=900&col=ta,https://myneta.info/image_v2.php?myneta_folder=gujarat2012&candidate_id=900&col=lia
658,2325,Makvana Rajendrabhai  Ravjibhai,https://myneta.info/gujarat2012/candidate.php?candidate_id=2325,VAGHODIA,Navin Bharat  Nirman Manch,0,5th Pass,"Rs 12,74,000 ~ 12 Lacs+",Rs 0 ~
659,528,Makvana Rameshbhai Mohanbhai,https://myneta.info/gujarat2012/candidate.php?candidate_id=528,SURAT WEST ,BSP,0,10th Pass,"Rs 4,56,000 ~ 4 Lacs+","Rs 80,000 ~ 80 Thou+"
660,571,Makvana Ukabhai Amarabhai,https://myneta.info/gujarat2012/candidate.php?candidate_id=571,DASADA (SC),IND,0,Post Graduate,"Rs 41,65,000 ~ 41 Lacs+",Rs 0 ~
661,2043,Makvana Vaghabhai Maganbhai,https://myneta.info/gujarat2012/candidate.php?candidate_id=2043,KANKREJ,BSP,0,12th Pass,"Rs 97,000 ~ 97 Thou+",Rs 0 ~
662,2298,Makwana  Hirabhai  Somabhai,https://myneta.info/gujarat2012/candidate.php?candidate_id=2298,MATAR,SOCIALIST PARTY (INDIA),0,8th Pass,"Rs 3,05,000 ~ 3 Lacs+",Rs 0 ~
663,2364,Makwana  Mukeshbhai  Shanabhai,https://myneta.info/gujarat2012/candidate.php?candidate_id=2364,KARJAN,IND,0,10th Pass,"Rs 7,90,000 ~ 7 Lacs+",Rs 0 ~
664,2175,Makwana Anilkumar  Somabhai,https://myneta.info/gujarat2012/candidate.php?candidate_id=2175,KALOL,IND,0,8th Pass,"Rs 2,10,408 ~ 2 Lacs+","Rs 5,000 ~ 5 Thou+"
665,2274,Makwana Babubhai   Pamabhai,https://myneta.info/gujarat2012/candidate.php?candidate_id=2274,DASKROI,LJSP,0,8th Pass,"Rs 15,72,000 ~ 15 Lacs+","Rs 70,000 ~ 70 Thou+"
666,874,Makwana Bhavnaben Raghavbhai,https://myneta.info/gujarat2012/candidate.php?candidate_id=874,MAHUVA,BJP,0,12th Pass,https://myneta.info/image_v2.php?myneta_folder=gujarat2012&candidate_id=874&col=ta,https://myneta.info/image_v2.php?myneta_folder=gujarat2012&candidate_id=874&col=lia
667,561,Makwana Bhavubhai Popatbhai,https://myneta.info/gujarat2012/candidate.php?candidate_id=561,DHOLKA,IND,0,Literate,"Rs 47,29,589 ~ 47 Lacs+","Rs 1,07,000 ~ 1 Lacs+"
668,1533,Makwana Bhojabhai Hujabhai,https://myneta.info/gujarat2012/candidate.php?candidate_id=1533,KHEDBRAHMA (ST),BJP,0,5th Pass,"Rs 28,83,585 ~ 28 Lacs+","Rs 2,40,000 ~ 2 Lacs+"
669,1935,Makwana Devendrakumar Bhanjibhai,https://myneta.info/gujarat2012/candidate.php?candidate_id=1935,DANILIMDA (SC) ,GPP,0,Post Graduate,"Rs 1,58,01,689 ~ 1 Crore+","Rs 43,91,876 ~ 43 Lacs+"
670,1264,Makwana Dilipbhai Ranabhai,https://myneta.info/gujarat2012/candidate.php?candidate_id=1264,BHAVNAGAR WEST,IND,0,10th Pass,"Rs 1,15,200 ~ 1 Lacs+",Rs 0 ~
671,915,Makwana Girdharbhai Shivjibhai,https://myneta.info/gujarat2012/candidate.php?candidate_id=915,BHAVNAGAR EAST,GPP,0,10th Pass,"Rs 9,89,445 ~ 9 Lacs+",Rs 0 ~
672,2025,Makwana Jaswantbhai Ramjibhai,https://myneta.info/gujarat2012/candidate.php?candidate_id=2025,VEJALPUR,BSP,0,Graduate,"Rs 26,35,433 ~ 26 Lacs+","Rs 2,70,000 ~ 2 Lacs+"
673,270,Makwana Jesingbhai Mavjibhai,https://myneta.info/gujarat2012/candidate.php?candidate_id=270,BHAVNAGAR WEST,IND,0,8th Pass,"Rs 24,000 ~ 24 Thou+","Rs 1,700 ~ 1 Thou+"
674,337,Makwana Karashanbhai Mithabhai	,https://myneta.info/gujarat2012/candidate.php?candidate_id=337,GONDAL ,LJSP,1,5th Pass,"Rs 10,05,000 ~ 10 Lacs+",Rs 0 ~
675,950,Makwana Kirankumar Laxmanbhai,https://myneta.info/gujarat2012/candidate.php?candidate_id=950,JAMBUSAR,INC,0,10th Pass,https://myneta.info/image_v2.php?myneta_folder=gujarat2012&candidate_id=950&col=ta,https://myneta.info/image_v2.php?myneta_folder=gujarat2012&candidate_id=950&col=lia
676,573,Makwana Manharlal Maganlal,https://myneta.info/gujarat2012/candidate.php?candidate_id=573,DASADA (SC),INC,0,12th Pass,"Rs 1,36,50,000 ~ 1 Crore+","Rs 13,28,994 ~ 13 Lacs+"
677,170,Makwana Manubhai Aaljibhai,https://myneta.info/gujarat2012/candidate.php?candidate_id=170,ANKLESHWAR,BSP,0,10th Pass,"Rs 10,45,000 ~ 10 Lacs+",Rs 0 ~
678,302,Makwana Nareshbhai Tejabhai,https://myneta.info/gujarat2012/candidate.php?candidate_id=302,DASADA (SC),BSP,0,12th Pass,"Rs 2,31,000 ~ 2 Lacs+",Rs 0 ~
679,881,Makwana Paravinbhai Punabhai,https://myneta.info/gujarat2012/candidate.php?candidate_id=881,TALAJA,IND,1,Literate,"Rs 64,31,577 ~ 64 Lacs+","Rs 20,00,000 ~ 20 Lacs+"
680,832,Makwana Poonamgauri Rameshkumar,https://myneta.info/gujarat2012/candidate.php?candidate_id=832,DHARI,LJSP,0,8th Pass,"Rs 33,000 ~ 33 Thou+",Rs 0 ~
681,577,Makwana Punambhai Kalabhai	,https://myneta.info/gujarat2012/candidate.php?candidate_id=577,DASADA (SC),BJP,0,Graduate,"Rs 2,14,45,100 ~ 2 Crore+","Rs 30,00,000 ~ 30 Lacs+"
682,1936,Makwana Ratilal Bijalbhai,https://myneta.info/gujarat2012/candidate.php?candidate_id=1936,DANILIMDA (SC) ,JD(U),0,8th Pass,"Rs 2,14,401 ~ 2 Lacs+",Rs 0 ~
683,609,Makwana Ukabhai Amarabhai,https://myneta.info/gujarat2012/candidate.php?candidate_id=609,WADHWAN,IJP,0,Post Graduate,"Rs 5,65,000 ~ 5 Lacs+",Rs 0 ~
684,1465,Makwana Vajubhai Rudabhai,https://myneta.info/gujarat2012/candidate.php?candidate_id=1465,VISAVADAR,IND,0,10th Pass,https://myneta.info/image_v2.php?myneta_folder=gujarat2012&candidate_id=1465&col=ta,https://myneta.info/image_v2.php?myneta_folder=gujarat2012&candidate_id=1465&col=lia
685,825,Malabhai Tejabhai Vadhel,https://myneta.info/gujarat2012/candidate.php?candidate_id=825,KODINAR (SC),IND,0,5th Pass,"Rs 3,30,000 ~ 3 Lacs+",Rs 0 ~
686,2308,Malek Sabirhusen  Ismaelbhai,https://myneta.info/gujarat2012/candidate.php?candidate_id=2308,NADIAD,IND,0,5th Pass,"Rs 30,000 ~ 30 Thou+",Rs 0 ~
687,2307,Malek Samirkhan Munirkhan,https://myneta.info/gujarat2012/candidate.php?candidate_id=2307,NADIAD,IND,0,Graduate,"Rs 38,500 ~ 38 Thou+",Rs 0 ~
688,2018,Mali  Mangalji Madroopji,https://myneta.info/gujarat2012/candidate.php?candidate_id=2018,DEESA,IND,0,10th Pass,"Rs 51,84,500 ~ 51 Lacs+","Rs 30,95,285 ~ 30 Lacs+"
689,1872,Malivad Bhagabhai Rupabhai,https://myneta.info/gujarat2012/candidate.php?candidate_id=1872,SANTRAMPUR (ST) ,BSP,0,5th Pass,"Rs 16,12,000 ~ 16 Lacs+",Rs 0 ~
690,1827,Mandhara Hushain Hajimamad,https://myneta.info/gujarat2012/candidate.php?candidate_id=1827,ABDASA,RPI(A),1,5th Pass,"Rs 4,88,500 ~ 4 Lacs+","Rs 13,000 ~ 13 Thou+"
691,2309,Mangaldas Pursottambhai  Dalwadi,https://myneta.info/gujarat2012/candidate.php?candidate_id=2309,NADIAD,IND,0,Graduate Professional,"Rs 13,28,015 ~ 13 Lacs+",Rs 0 ~
692,966,Mangrola Surjeetsinh Amarsinh,https://myneta.info/gujarat2012/candidate.php?candidate_id=966,BHARUCH,INC,1,10th Pass,"Rs 2,82,06,500 ~ 2 Crore+","Rs 79,86,000 ~ 79 Lacs+"
693,896,Mangukiya Babubhai Mavjibhai,https://myneta.info/gujarat2012/candidate.php?candidate_id=896,GARIADHAR,INC,0,Graduate Professional,https://myneta.info/image_v2.php?myneta_folder=gujarat2012&candidate_id=896&col=ta,https://myneta.info/image_v2.php?myneta_folder=gujarat2012&candidate_id=896&col=lia
694,2292,Manharbhai Ashabhai  Chauhan,https://myneta.info/gujarat2012/candidate.php?candidate_id=2292,ANAND,IND,0,12th Pass,"Rs 15,20,000 ~ 15 Lacs+",Rs 0 ~
695,884,Manharbhai Ravjibhai Baldaniya,https://myneta.info/gujarat2012/candidate.php?candidate_id=884,TALAJA,IND,0,Post Graduate,"Rs 1,62,98,489 ~ 1 Crore+","Rs 52,21,801 ~ 52 Lacs+"
696,1740,Manibhai J. Vaghela,https://myneta.info/gujarat2012/candidate.php?candidate_id=1740,VADGAM (SC),INC,2,10th Pass,"Rs 25,09,49,323 ~ 25 Crore+","Rs 13,98,30,658 ~ 13 Crore+"
697,166,Manilal Bhogilal Pandya,https://myneta.info/gujarat2012/candidate.php?candidate_id=166,JAMBUSAR,JD(U),0,12th Pass,"Rs 18,68,000 ~ 18 Lacs+",Rs 0 ~
698,386,Manjariya Merambhai Devayatbhai,https://myneta.info/gujarat2012/candidate.php?candidate_id=386,LATHI,IND,0,Graduate,"Rs 10,16,50,000 ~ 10 Crore+","Rs 40,00,000 ~ 40 Lacs+"
699,1828,Manjothi Abdulsatar Ishak,https://myneta.info/gujarat2012/candidate.php?candidate_id=1828,ABDASA,LJSP,1,10th Pass,"Rs 4,00,000 ~ 4 Lacs+",Rs 0 ~
700,448,Manojbhai Jivrajbhai Panara,https://myneta.info/gujarat2012/candidate.php?candidate_id=448,MORBI,GPP,2,Graduate,"Rs 14,11,051 ~ 14 Lacs+","Rs 3,40,800 ~ 3 Lacs+"
701,1611,Mansing Vallabhbhai Bhamat,https://myneta.info/gujarat2012/candidate.php?candidate_id=1611,SANTRAMPUR (ST) ,BJP,0,Post Graduate,"Rs 69,63,677 ~ 69 Lacs+","Rs 42,778 ~ 42 Thou+"
702,1318,Mansingbhai Kaliyabhai Vasava,https://myneta.info/gujarat2012/candidate.php?candidate_id=1318,DEDIAPADA (ST),IND,0,Literate,https://myneta.info/image_v2.php?myneta_folder=gujarat2012&candidate_id=1318&col=ta,https://myneta.info/image_v2.php?myneta_folder=gujarat2012&candidate_id=1318&col=lia
703,2214,Mansuri Jamil Ahemad  Maheboob Rahimbaksh,https://myneta.info/gujarat2012/candidate.php?candidate_id=2214,NIKOL,IND,0,5th Pass,Nil,Rs 0 ~
704,174,Mansuri Ramjhan Bhilubhai,https://myneta.info/gujarat2012/candidate.php?candidate_id=174,CHORYASI,IND,0,10th Pass,"Rs 1,97,000 ~ 1 Lacs+",Rs 0 ~
705,1312,Manubhai Devajibhai Solanki,https://myneta.info/gujarat2012/candidate.php?candidate_id=1312,MORBI,BSP,0,Literate,"Rs 4,63,868 ~ 4 Lacs+",Rs 0 ~
706,1461,Maru Chetanbhai Rameshbhai,https://myneta.info/gujarat2012/candidate.php?candidate_id=1461,JUNAGADH,IND,0,8th Pass,"Rs 69,500 ~ 69 Thou+","Rs 45,000 ~ 45 Thou+"
707,1129,Maru Jayanti V.,https://myneta.info/gujarat2012/candidate.php?candidate_id=1129,BARDOLI (SC) ,BSP,0,8th Pass,"Rs 40,000 ~ 40 Thou+",Rs 0 ~
708,1863,Maru Khetashibhai Dayabhai,https://myneta.info/gujarat2012/candidate.php?candidate_id=1863,RAPAR,IND,0,10th Pass,"Rs 7,04,000 ~ 7 Lacs+",Rs 0 ~
709,929,Maru Pravinbhai Tidabhai,https://myneta.info/gujarat2012/candidate.php?candidate_id=929,GADHADA (SC),INC,0,Graduate,"Rs 37,58,940 ~ 37 Lacs+",Rs 0 ~
710,68,Master Arun Horilal,https://myneta.info/gujarat2012/candidate.php?candidate_id=68,OLPAD,BSP,0,Graduate,"Rs 14,52,578 ~ 14 Lacs+","Rs 78,000 ~ 78 Thou+"
711,1858,Matang Hemaraj Devarajbhai,https://myneta.info/gujarat2012/candidate.php?candidate_id=1858,GANDHIDHAM(SC),IND,0,10th Pass,https://myneta.info/image_v2.php?myneta_folder=gujarat2012&candidate_id=1858&col=ta,https://myneta.info/image_v2.php?myneta_folder=gujarat2012&candidate_id=1858&col=lia
712,615,Matudiya Manubhai Shankarbhai,https://myneta.info/gujarat2012/candidate.php?candidate_id=615,CHOTILA,BSP,0,5th Pass,"Rs 22,94,900 ~ 22 Lacs+","Rs 3,00,000 ~ 3 Lacs+"
713,1180,Maurya Rambharat Ramkhilavan,https://myneta.info/gujarat2012/candidate.php?candidate_id=1180,LIMBAYAT ,SUCI(C),0,Illiterate,"Rs 1,000 ~ 1 Thou+",Rs 0 ~
714,62,Maurya Rammurat Lalta Prasad	,https://myneta.info/gujarat2012/candidate.php?candidate_id=62,CHORYASI,SUCI(C),0,10th Pass,"Rs 10,588 ~ 10 Thou+",Rs 0 ~
715,1850,Mavji Govindbhai Jatiya,https://myneta.info/gujarat2012/candidate.php?candidate_id=1850,ANJAR,GPP,0,Literate,"Rs 22,76,984 ~ 22 Lacs+","Rs 5,00,000 ~ 5 Lacs+"
716,1738,Mavjibhai Chaturbhai Patel,https://myneta.info/gujarat2012/candidate.php?candidate_id=1738,THARAD,INC,0,10th Pass,"Rs 72,05,574 ~ 72 Lacs+","Rs 3,28,847 ~ 3 Lacs+"
717,1820,Meda Jagdishbhai Manilal,https://myneta.info/gujarat2012/candidate.php?candidate_id=1820,GARBADA (ST) ,Bhartiya National Janta Dal,0,10th Pass,"Rs 25,000 ~ 25 Thou+",Rs 0 ~
718,436,Meetaben Prabhudas Gohel,https://myneta.info/gujarat2012/candidate.php?candidate_id=436,DHANDHUKA,BSP,0,Others,"Rs 70,000 ~ 70 Thou+","Rs 1,500 ~ 1 Thou+"
719,916,Mehta Arunbhai Subodhbhai,https://myneta.info/gujarat2012/candidate.php?candidate_id=916,BHAVNAGAR EAST,CPM,3,Graduate Professional,"Rs 13,26,325 ~ 13 Lacs+","Rs 6,13,521 ~ 6 Lacs+"
720,394,Mehta Haresh Gulabrai,https://myneta.info/gujarat2012/candidate.php?candidate_id=394,MAHUVA,GPP,0,Graduate Professional,https://myneta.info/image_v2.php?myneta_folder=gujarat2012&candidate_id=394&col=ta,https://myneta.info/image_v2.php?myneta_folder=gujarat2012&candidate_id=394&col=lia
721,876,Mehta Rajbhai Jashvantbhai,https://myneta.info/gujarat2012/candidate.php?candidate_id=876,MAHUVA,INC,0,Graduate Professional,"Rs 3,97,19,157 ~ 3 Crore+","Rs 51,84,000 ~ 51 Lacs+"
722,2339,Meman Sattarbhai  Jusubbhai,https://myneta.info/gujarat2012/candidate.php?candidate_id=2339,SAYAJIGUNJ,Manavadhikar Janshakti Party,0,Graduate,"Rs 96,09,620 ~ 96 Lacs+","Rs 49,50,000 ~ 49 Lacs+"
723,2033,Memon Harunbhai Ganibhai,https://myneta.info/gujarat2012/candidate.php?candidate_id=2033,BAPUNAGAR,SP,0,Literate,"Rs 12,02,000 ~ 12 Lacs+",Rs 0 ~
724,434,Meniya Jeenabhai Gandabhai,https://myneta.info/gujarat2012/candidate.php?candidate_id=434,DHANDHUKA,IND,0,5th Pass,"Rs 30,99,000 ~ 30 Lacs+",Rs 0 ~
725,395,Mer Niluben Lakhabhai,https://myneta.info/gujarat2012/candidate.php?candidate_id=395,MAHUVA,LJSP,0,Illiterate,"Rs 50,000 ~ 50 Thou+",Rs 0 ~
726,2035,Merchant Jagdeepbhai Arvindbhai,https://myneta.info/gujarat2012/candidate.php?candidate_id=2035,MANINAGAR,SP,0,Graduate,"Rs 46,10,000 ~ 46 Lacs+",Rs 0 ~
727,2052,Mevada Chamanlal Khemchand,https://myneta.info/gujarat2012/candidate.php?candidate_id=2052,PALANPUR,LJSP,0,5th Pass,"Rs 2,31,000 ~ 2 Lacs+",Rs 0 ~
728,404,Mevada Maheshbhai Shamjibhai,https://myneta.info/gujarat2012/candidate.php?candidate_id=404,PALITANA,BSP,0,Literate,"Rs 1,64,300 ~ 1 Lacs+",Rs 0 ~
729,1298,Mindi Usmanbhai Musabhai,https://myneta.info/gujarat2012/candidate.php?candidate_id=1298,JAMBUSAR,IND,0,12th Pass,https://myneta.info/image_v2.php?myneta_folder=gujarat2012&candidate_id=1298&col=ta,https://myneta.info/image_v2.php?myneta_folder=gujarat2012&candidate_id=1298&col=lia
730,566,Mir Ghanshyam Vaghubhai,https://myneta.info/gujarat2012/candidate.php?candidate_id=566,DHOLKA,LJSP,0,10th Pass,"Rs 88,15,215 ~ 88 Lacs+","Rs 5,00,000 ~ 5 Lacs+"
731,1869,Mirza Gulam Jilani Mohammad Farid,https://myneta.info/gujarat2012/candidate.php?candidate_id=1869,LUNAWADA,SP,0,8th Pass,"Rs 85,000 ~ 85 Thou+",Rs 0 ~
732,1142,Mishra Jayshankar,https://myneta.info/gujarat2012/candidate.php?candidate_id=1142,CHORYASI,JD(U),0,12th Pass,"Rs 6,55,137 ~ 6 Lacs+",Rs 0 ~
733,2353,Mistrey Meenaben  Khushalbhai(meenaben  Khushalbhai Mistrey),https://myneta.info/gujarat2012/candidate.php?candidate_id=2353,MANJALPUR,Manavadhikar  Janshakti Party,0,8th Pass,"Rs 85,500 ~ 85 Thou+",Rs 0 ~
734,1826,Mistry Nitinkumar Arjundas,https://myneta.info/gujarat2012/candidate.php?candidate_id=1826,DEVGADHBARIA,IND,0,5th Pass,"Rs 1,63,188 ~ 1 Lacs+",Rs 0 ~
735,2246,Miyana Umarbhai Allarambhai,https://myneta.info/gujarat2012/candidate.php?candidate_id=2246,DARIAPUR,IND,0,5th Pass,"Rs 1,05,000 ~ 1 Lacs+",Rs 0 ~
736,1167,Mohabbatsingh Mahendrasingh Chauhan,https://myneta.info/gujarat2012/candidate.php?candidate_id=1167,MAJURA ,Yuva Sarkar,0,Post Graduate,"Rs 20,86,000 ~ 20 Lacs+","Rs 40,000 ~ 40 Thou+"
737,1476,Mohamadyusuf Umarbhai Chand,https://myneta.info/gujarat2012/candidate.php?candidate_id=1476,MANGROL ,IND,1,8th Pass,"Rs 5,67,000 ~ 5 Lacs+",Rs 0 ~
738,2368,Mohammadarif Dinmahammad Datari,https://myneta.info/gujarat2012/candidate.php?candidate_id=2368,WANKANER,IND,0,5th Pass,https://myneta.info/image_v2.php?myneta_folder=gujarat2012&candidate_id=2368&col=ta,https://myneta.info/image_v2.php?myneta_folder=gujarat2012&candidate_id=2368&col=lia
739,53,Mohanbhai Lilabhai Odedra,https://myneta.info/gujarat2012/candidate.php?candidate_id=53,PORBANDAR,BSP,1,5th Pass,"Rs 10,90,000 ~ 10 Lacs+",Rs 0 ~
740,821,Mohanbhai Malabhai Vala,https://myneta.info/gujarat2012/candidate.php?candidate_id=821,KODINAR (SC),INC,0,Others,"Rs 50,63,378 ~ 50 Lacs+",Rs 0 ~
741,2220,Mohnani Ramchand  Detaram,https://myneta.info/gujarat2012/candidate.php?candidate_id=2220,NARODA,IND,0,10th Pass,Nil,Rs 0 ~
742,1303,Mori Chatrasinhji Pujabhai,https://myneta.info/gujarat2012/candidate.php?candidate_id=1303,JAMBUSAR,BJP,0,Graduate,"Rs 88,74,730 ~ 88 Lacs+","Rs 16,51,664 ~ 16 Lacs+"
743,54,Mori Maniben Nathabhai,https://myneta.info/gujarat2012/candidate.php?candidate_id=54,MANGROL ,BSP,0,Illiterate,"Rs 1,65,07,000 ~ 1 Crore+",Rs 0 ~
744,1709,Motavar Gautamkumar Bhailalbhai	,https://myneta.info/gujarat2012/candidate.php?candidate_id=1709,RAOPURA,BSP,0,Graduate,"Rs 90,000 ~ 90 Thou+",Rs 0 ~
745,947,Motilal Puniyabhai Vasava,https://myneta.info/gujarat2012/candidate.php?candidate_id=947,DEDIAPADA  (ST),BJP,3,Graduate Professional,"Rs 1,43,90,042 ~ 1 Crore+","Rs 47,15,710 ~ 47 Lacs+"
746,1332,Motisariya Devabhai Bhurabhai,https://myneta.info/gujarat2012/candidate.php?candidate_id=1332,BHAVNAGAR RURAL ,IND,0,Literate,"Rs 2,34,500 ~ 2 Lacs+",Rs 0 ~
747,1857,Muchhadiya Ramjibhai Dhanabhai,https://myneta.info/gujarat2012/candidate.php?candidate_id=1857,GANDHIDHAM(SC),RPI(A),0,8th Pass,https://myneta.info/image_v2.php?myneta_folder=gujarat2012&candidate_id=1857&col=ta,https://myneta.info/image_v2.php?myneta_folder=gujarat2012&candidate_id=1857&col=lia
748,1706,Mukesh Ambalal Rathod,https://myneta.info/gujarat2012/candidate.php?candidate_id=1706,MANJALPUR,BSP,0,Graduate,"Rs 1,35,000 ~ 1 Lacs+",Rs 0 ~
749,179,Mukesh Dholumal Vardhani,https://myneta.info/gujarat2012/candidate.php?candidate_id=179,GONDAL ,IND,0,Graduate,"Rs 11,25,174 ~ 11 Lacs+","Rs 12,000 ~ 12 Thou+"
750,1645,Muli Ashvinnbhai Sajabhai,https://myneta.info/gujarat2012/candidate.php?candidate_id=1645,DANTA (ST),GPP,0,10th Pass,Rs 500 ~ 5 Hund+,Rs 0 ~
751,1252,Mulla Faridabibi Abdul Raheman,https://myneta.info/gujarat2012/candidate.php?candidate_id=1252,SURAT EAST  ,Indian Front,0,10th Pass,"Rs 3,01,000 ~ 3 Lacs+",Rs 0 ~
752,1185,Multani Ayashaben Shahbuddin,https://myneta.info/gujarat2012/candidate.php?candidate_id=1185,LIMBAYAT ,IND,0,Illiterate,"Rs 31,10,000 ~ 31 Lacs+",Rs 0 ~
753,1763,Murtuza Khan Pathan,https://myneta.info/gujarat2012/candidate.php?candidate_id=1763,VEJALPUR,INC,1,Graduate,"Rs 2,07,47,811 ~ 2 Crore+","Rs 4,43,958 ~ 4 Lacs+"
754,1475,Mustakbhai Janibhai Gandhara,https://myneta.info/gujarat2012/candidate.php?candidate_id=1475,MANGROL ,IND,0,8th Pass,"Rs 5,85,000 ~ 5 Lacs+",Rs 0 ~
755,2269,Nadiya Jashubhai  Dhanjibhai,https://myneta.info/gujarat2012/candidate.php?candidate_id=2269,ASARWA (SC),BHARATIYA  DALIT  CONGRESS,0,10th Pass,"Rs 25,000 ~ 25 Thou+",Rs 0 ~
756,2074,Nadoda Navinbhai Aajabhai,https://myneta.info/gujarat2012/candidate.php?candidate_id=2074,CHANASMA,IND,0,8th Pass,https://myneta.info/image_v2.php?myneta_folder=gujarat2012&candidate_id=2074&col=ta,https://myneta.info/image_v2.php?myneta_folder=gujarat2012&candidate_id=2074&col=lia
757,855,Nagani Vinodbhai Pragajibhai,https://myneta.info/gujarat2012/candidate.php?candidate_id=855,LATHI,IND,1,Graduate,"Rs 15,48,000 ~ 15 Lacs+",Rs 0 ~
758,983,Nagmal Bhadreshbhai Prabhakarbhai,https://myneta.info/gujarat2012/candidate.php?candidate_id=983,OLPAD,IND,0,12th Pass,"Rs 71,000 ~ 71 Thou+",Rs 0 ~
759,510,Nagori Siddik Dawoodbhai,https://myneta.info/gujarat2012/candidate.php?candidate_id=510,SURAT NORTH ,IND,0,5th Pass,"Rs 2,80,000 ~ 2 Lacs+","Rs 1,00,000 ~ 1 Lacs+"
760,835,Nainuji Kiritkumar Babulal,https://myneta.info/gujarat2012/candidate.php?candidate_id=835,DHARI,BSP,1,Others,"Rs 5,70,000 ~ 5 Lacs+",Rs 0 ~
761,7,Nair Ramchandrabhai Krishnanbhai,https://myneta.info/gujarat2012/candidate.php?candidate_id=7,RAJKOT EAST,CPM,1,10th Pass,"Rs 39,34,823 ~ 39 Lacs+",Rs 0 ~
762,619,Nakiya Hakabhai Mohanbhai,https://myneta.info/gujarat2012/candidate.php?candidate_id=619,CHOTILA,GPP,1,8th Pass,"Rs 39,15,592 ~ 39 Lacs+","Rs 8,00,000 ~ 8 Lacs+"
763,879,Nakrani Bhayabhai Harjibhai,https://myneta.info/gujarat2012/candidate.php?candidate_id=879,TALAJA,IND,0,Literate,"Rs 86,26,000 ~ 86 Lacs+","Rs 1,00,000 ~ 1 Lacs+"
764,891,Nakrani Keshubhai Hirajibhai,https://myneta.info/gujarat2012/candidate.php?candidate_id=891,GARIADHAR,BJP,0,10th Pass,"Rs 75,28,986 ~ 75 Lacs+",Rs 0 ~
765,370,Nakum Chhaganbhai Kanabhai,https://myneta.info/gujarat2012/candidate.php?candidate_id=370,DWARKA,IND,0,10th Pass,https://myneta.info/image_v2.php?myneta_folder=gujarat2012&candidate_id=370&col=ta,https://myneta.info/image_v2.php?myneta_folder=gujarat2012&candidate_id=370&col=lia
766,160,Nakum Lalji Devsi,https://myneta.info/gujarat2012/candidate.php?candidate_id=160,KHAMBHALIA ,GPP,0,Literate,"Rs 20,00,246 ~ 20 Lacs+","Rs 2,72,000 ~ 2 Lacs+"
767,1591,Narendra Modi,https://myneta.info/gujarat2012/candidate.php?candidate_id=1591,MANINAGAR,BJP,0,Post Graduate,"Rs 1,33,42,842 ~ 1 Crore+",Rs 0 ~
768,2264,Narendra Sankhaliya,https://myneta.info/gujarat2012/candidate.php?candidate_id=2264,DANILIMDA (SC) ,LOK TANTRIK SAMAJWADI PARTY,0,Graduate,"Rs 11,250 ~ 11 Thou+",Rs 0 ~
769,1436,Nariya Pravinbhai Valabhbhai,https://myneta.info/gujarat2012/candidate.php?candidate_id=1436,JAMJODHPUR,IND,0,Not Given,"Rs 22,000 ~ 22 Thou+",Rs 0 ~
770,385,Narola Harjibhai Kanjibhai,https://myneta.info/gujarat2012/candidate.php?candidate_id=385,LATHI,GPP,1,10th Pass,"Rs 66,42,400 ~ 66 Lacs+","Rs 27,500 ~ 27 Thou+"
771,22,Narola Hiteshbhai Maganbhai,https://myneta.info/gujarat2012/candidate.php?candidate_id=22,LATHI,IND,0,8th Pass,"Rs 1,53,136 ~ 1 Lacs+",Rs 0 ~
772,1767,Narsinh Jyarambhai P. Ghori,https://myneta.info/gujarat2012/candidate.php?candidate_id=1767,NIKOL,INC,0,5th Pass,"Rs 1,49,77,140 ~ 1 Crore+","Rs 28,45,248 ~ 28 Lacs+"
773,1345,Nathabhai Kanabhai Chavada,https://myneta.info/gujarat2012/candidate.php?candidate_id=1345,JETPUR,IND,0,Literate,"Rs 25,50,000 ~ 25 Lacs+",Rs 0 ~
774,383,Nathabhai Vallabhbhai Sukhadiya,https://myneta.info/gujarat2012/candidate.php?candidate_id=383,AMRELI,IND,2,5th Pass,https://myneta.info/image_v2.php?myneta_folder=gujarat2012&candidate_id=383&col=ta,https://myneta.info/image_v2.php?myneta_folder=gujarat2012&candidate_id=383&col=lia
775,810,Nathubhai Kanabhai Kamaliya,https://myneta.info/gujarat2012/candidate.php?candidate_id=810,TALALA,GPP,0,Literate,"Rs 46,77,113 ~ 46 Lacs+","Rs 3,95,000 ~ 3 Lacs+"
776,2212,Natvarbhai Iswarbhai  Sagar,https://myneta.info/gujarat2012/candidate.php?candidate_id=2212,NIKOL,IND,0,10th Pass,"Rs 1,27,000 ~ 1 Lacs+",Rs 0 ~
777,2372,Navinkumar  Shankarbhai Patel,https://myneta.info/gujarat2012/candidate.php?candidate_id=2372,PARDI,IND,0,Graduate Professional,"Rs 2,45,000 ~ 2 Lacs+",Rs 0 ~
778,1134,Nayak Aruanbhai,https://myneta.info/gujarat2012/candidate.php?candidate_id=1134,CHORYASI,BSP,0,Graduate Professional,"Rs 77,64,079 ~ 77 Lacs+","Rs 13,90,000 ~ 13 Lacs+"
779,1900,Nayak Ghanshyambhai Himmatbhai	,https://myneta.info/gujarat2012/candidate.php?candidate_id=1900,HALOL,BSP,0,8th Pass,"Rs 7,40,000 ~ 7 Lacs+",Rs 0 ~
780,2329,Nayaka Ishwarbhai  Madiyabhai,https://myneta.info/gujarat2012/candidate.php?candidate_id=2329,JETPUR (ST),LJSP,0,10th Pass,"Rs 14,99,000 ~ 14 Lacs+",Rs 0 ~
781,1597,Nayanaben Ramansinh Solanki,https://myneta.info/gujarat2012/candidate.php?candidate_id=1597,BORSAD,BJP,0,10th Pass,"Rs 43,41,547 ~ 43 Lacs+","Rs 1,82,278 ~ 1 Lacs+"
782,1534,Nilaben  Hasmukhbhai  Madiya,https://myneta.info/gujarat2012/candidate.php?candidate_id=1534,BHILODA (ST),BJP,0,Graduate Professional,"Rs 1,29,69,976 ~ 1 Crore+","Rs 27,20,153 ~ 27 Lacs+"
783,1183,Nimaje Devaraj Honiya,https://myneta.info/gujarat2012/candidate.php?candidate_id=1183,LIMBAYAT ,GPP,0,8th Pass,https://myneta.info/image_v2.php?myneta_folder=gujarat2012&candidate_id=1183&col=ta,https://myneta.info/image_v2.php?myneta_folder=gujarat2012&candidate_id=1183&col=lia
784,2143,Ninama  Dilipkumar  Khimjibhai,https://myneta.info/gujarat2012/candidate.php?candidate_id=2143,BHILODA (ST),IND,0,Graduate Professional,"Rs 5,85,000 ~ 5 Lacs+","Rs 9,95,000 ~ 9 Lacs+"
785,1556,Niranjan Purushottamdas Patel,https://myneta.info/gujarat2012/candidate.php?candidate_id=1556,PETLAD,INC,1,Graduate,"Rs 3,50,53,127 ~ 3 Crore+","Rs 26,59,510 ~ 26 Lacs+"
786,1018,Nirban Shabbirbhai Yasinbhai,https://myneta.info/gujarat2012/candidate.php?candidate_id=1018,SURAT EAST  ,BSP,0,8th Pass,"Rs 26,70,000 ~ 26 Lacs+","Rs 11,00,000 ~ 11 Lacs+"
787,1811,Nisarata Sanjaykumar Parvatsinh,https://myneta.info/gujarat2012/candidate.php?candidate_id=1811,LIMKHEDA (ST),JD(U),0,12th Pass,"Rs 2,60,000 ~ 2 Lacs+",Rs 0 ~
788,1126,Niteenbhai G. Rana,https://myneta.info/gujarat2012/candidate.php?candidate_id=1126,BARDOLI (SC) ,INC,0,Others,"Rs 10,34,74,599 ~ 10 Crore+","Rs 2,17,13,891 ~ 2 Crore+"
789,2013,Oda Dhanrajbhai Karshanbhai,https://myneta.info/gujarat2012/candidate.php?candidate_id=2013,DEESA,IND,0,5th Pass,"Rs 5,60,000 ~ 5 Lacs+",Rs 0 ~
790,247,Odedara Karshanbhai Dulabhai,https://myneta.info/gujarat2012/candidate.php?candidate_id=247,KUTIYANA,BJP,2,10th Pass,"Rs 9,20,32,768 ~ 9 Crore+","Rs 14,16,190 ~ 14 Lacs+"
791,57,Olkia Bhupatbhai Govindbhai,https://myneta.info/gujarat2012/candidate.php?candidate_id=57,BOTAD,IND,0,5th Pass,"Rs 27,65,000 ~ 27 Lacs+",Rs 0 ~
792,2367,Oza Bharatbhai Kantilal,https://myneta.info/gujarat2012/candidate.php?candidate_id=2367,WANKANER,IND,0,12th Pass,https://myneta.info/image_v2.php?myneta_folder=gujarat2012&candidate_id=2367&col=ta,https://myneta.info/image_v2.php?myneta_folder=gujarat2012&candidate_id=2367&col=lia
793,745,Pabubha Virambha Manek,https://myneta.info/gujarat2012/candidate.php?candidate_id=745,DWARKA,BJP,0,Literate,"Rs 31,86,39,715 ~ 31 Crore+","Rs 1,17,94,256 ~ 1 Crore+"
794,1527,Padaya Manubhai Sidabhai,https://myneta.info/gujarat2012/candidate.php?candidate_id=1527,WANKANER,IND,0,5th Pass,"Rs 38,30,000 ~ 38 Lacs+","Rs 70,000 ~ 70 Thou+"
795,2361,Padhiyar  Jitendrasinh  Ishwarsinh,https://myneta.info/gujarat2012/candidate.php?candidate_id=2361,KARJAN,IND,1,12th Pass,"Rs 4,30,000 ~ 4 Lacs+","Rs 4,85,000 ~ 4 Lacs+"
796,81,Padhiyar Lalajibhai Karabhai,https://myneta.info/gujarat2012/candidate.php?candidate_id=81,KALAVAD (SC),RPI,0,Literate,"Rs 6,000 ~ 6 Thou+",Rs 0 ~
797,212,Padsumbia Manjibhai Dayabhai,https://myneta.info/gujarat2012/candidate.php?candidate_id=212,TANKARA,IND,0,Graduate,"Rs 2,60,000 ~ 2 Lacs+",Rs 0 ~
798,2145,Pagi Keshaji Kalaji,https://myneta.info/gujarat2012/candidate.php?candidate_id=2145,MODASA,CPI(ML)(L),0,12th Pass,"Rs 1,55,000 ~ 1 Lacs+",Rs 0 ~
799,1879,Pagi Rangitbhai Prabhatbhai,https://myneta.info/gujarat2012/candidate.php?candidate_id=1879,SHEHRA,GPP,0,12th Pass,"Rs 61,23,152 ~ 61 Lacs+","Rs 5,00,000 ~ 5 Lacs+"
800,2355,Pal Sarojben Rajesh  (sarojben),https://myneta.info/gujarat2012/candidate.php?candidate_id=2355,MANJALPUR,IND,0,Illiterate,"Rs 67,35,180 ~ 67 Lacs+","Rs 30,40,000 ~ 30 Lacs+"
801,1452,Palani Ali Ishak,https://myneta.info/gujarat2012/candidate.php?candidate_id=1452,KHAMBHALIA ,IND,0,5th Pass,https://myneta.info/image_v2.php?myneta_folder=gujarat2012&candidate_id=1452&col=ta,https://myneta.info/image_v2.php?myneta_folder=gujarat2012&candidate_id=1452&col=lia
802,1620,Palas Nagarsinh Kasnabhai,https://myneta.info/gujarat2012/candidate.php?candidate_id=1620,DAHOD (ST),BJP,0,Graduate Professional,"Rs 1,51,41,992 ~ 1 Crore+",Rs 0 ~
803,1561,Panada Vajesingbhai Parsingbhai,https://myneta.info/gujarat2012/candidate.php?candidate_id=1561,DAHOD (ST),INC,3,5th Pass,"Rs 1,70,87,684 ~ 1 Crore+","Rs 90,56,934 ~ 90 Lacs+"
804,1967,Panchal Bhikhabhai Tuljabhai,https://myneta.info/gujarat2012/candidate.php?candidate_id=1967,MODASA,BSP,0,10th Pass,"Rs 1,65,000 ~ 1 Lacs+",Rs 0 ~
805,1943,Panchal Bipin Kantilal,https://myneta.info/gujarat2012/candidate.php?candidate_id=1943,SABARMATI,GPP,1,Graduate Professional,"Rs 24,28,047 ~ 24 Lacs+","Rs 5,69,000 ~ 5 Lacs+"
806,150,Pandav Bhailalbhai Kalubhai,https://myneta.info/gujarat2012/candidate.php?candidate_id=150,DHOLKA,BSP,0,8th Pass,"Rs 25,000 ~ 25 Thou+",Rs 0 ~
807,1163,Pandav Nandlal Kalabhai,https://myneta.info/gujarat2012/candidate.php?candidate_id=1163,KATARGAM,INC,2,5th Pass,"Rs 7,54,30,034 ~ 7 Crore+","Rs 32,93,536 ~ 32 Lacs+"
808,535,Pandey Mukeshkumar Deviprasad (aam Admi),https://myneta.info/gujarat2012/candidate.php?candidate_id=535,NAVSARI ,IND,1,12th Pass,"Rs 12,18,500 ~ 12 Lacs+",Rs 0 ~
809,1806,Pandor Bhimabhai Jalabhai,https://myneta.info/gujarat2012/candidate.php?candidate_id=1806,JHALOD (ST),LJSP,0,10th Pass,"Rs 2,50,000 ~ 2 Lacs+",Rs 0 ~
810,1470,Pandya Ajaykumar Nautamlal,https://myneta.info/gujarat2012/candidate.php?candidate_id=1470,KESHOD ,IND,0,Post Graduate,https://myneta.info/image_v2.php?myneta_folder=gujarat2012&candidate_id=1470&col=ta,https://myneta.info/image_v2.php?myneta_folder=gujarat2012&candidate_id=1470&col=lia
811,1868,Pandya Prabodhkant Damodardas,https://myneta.info/gujarat2012/candidate.php?candidate_id=1868,LUNAWADA,GPP,0,Post Graduate,"Rs 3,11,44,790 ~ 3 Crore+",Rs 0 ~
812,757,Pandya Rajesh Gaurishankar,https://myneta.info/gujarat2012/candidate.php?candidate_id=757,PORBANDAR,GPP,0,12th Pass,"Rs 9,80,000 ~ 9 Lacs+","Rs 2,80,000 ~ 2 Lacs+"
813,1604,Pankaj Vinubhai Desai,https://myneta.info/gujarat2012/candidate.php?candidate_id=1604,NADIAD,BJP,1,Graduate,"Rs 8,91,91,917 ~ 8 Crore+","Rs 34,75,094 ~ 34 Lacs+"
814,76,Pankajbhai Balvantray Thaker,https://myneta.info/gujarat2012/candidate.php?candidate_id=76,MORBI,IND,0,12th Pass,"Rs 15,000 ~ 15 Thou+",Rs 0 ~
815,766,Pansuriya Jivrajbhai Bhovanbhai,https://myneta.info/gujarat2012/candidate.php?candidate_id=766,MANAVADAR,IND,0,Others,"Rs 1,50,000 ~ 1 Lacs+",Rs 0 ~
816,1146,Panwala Jitendrabhai Bachubhai,https://myneta.info/gujarat2012/candidate.php?candidate_id=1146,SURAT WEST ,JD(U),0,8th Pass,"Rs 26,27,500 ~ 26 Lacs+",Rs 0 ~
817,2154,Panwala Mahammadshafik  Abdulkadar,https://myneta.info/gujarat2012/candidate.php?candidate_id=2154,PRANTIJ,IND,0,8th Pass,"Rs 13,50,000 ~ 13 Lacs+",Rs 0 ~
818,1514,Parbatbhai Savabhai Patel,https://myneta.info/gujarat2012/candidate.php?candidate_id=1514,THARAD,BJP,0,Graduate Professional,"Rs 1,85,35,177 ~ 1 Crore+","Rs 1,50,000 ~ 1 Lacs+"
819,2354,Pardeshi Ashishsinh Dilipsinh (ashishsinh Pardeshi),https://myneta.info/gujarat2012/candidate.php?candidate_id=2354,MANJALPUR,IND,0,Others,https://myneta.info/image_v2.php?myneta_folder=gujarat2012&candidate_id=2354&col=ta,https://myneta.info/image_v2.php?myneta_folder=gujarat2012&candidate_id=2354&col=lia
820,2005,Paregi Bababhai Jivabhai,https://myneta.info/gujarat2012/candidate.php?candidate_id=2005,VAV,LJSP,0,12th Pass,"Rs 13,41,000 ~ 13 Lacs+",Rs 0 ~
821,2173,Parekh Arunaben  Sh1vabhai,https://myneta.info/gujarat2012/candidate.php?candidate_id=2173,KALOL,IND,0,5th Pass,"Rs 13,24,531 ~ 13 Lacs+","Rs 1,41,000 ~ 1 Lacs+"
822,2262,Paresh Shukla (bholenath),https://myneta.info/gujarat2012/candidate.php?candidate_id=2262,MANINAGAR,IND,0,8th Pass,"Rs 30,545 ~ 30 Thou+",Rs 0 ~
823,1061,Pareshbhai Govindbhai Vasava,https://myneta.info/gujarat2012/candidate.php?candidate_id=1061,NIZAR (ST),INC,0,12th Pass,"Rs 67,88,809 ~ 67 Lacs+","Rs 7,37,000 ~ 7 Lacs+"
824,1983,Parghi Reshmabhai Netabhai,https://myneta.info/gujarat2012/candidate.php?candidate_id=1983,KHEDBRAHMA (ST),BSP,0,10th Pass,"Rs 9,45,000 ~ 9 Lacs+",Rs 0 ~
825,1667,Parikh Chirag Natvarlal,https://myneta.info/gujarat2012/candidate.php?candidate_id=1667,GANDHINAGAR NORTH,BSP,0,Others,"Rs 7,56,137 ~ 7 Lacs+","Rs 2,00,000 ~ 2 Lacs+"
826,2357,Parmar    Jashbhai Chhitabhai,https://myneta.info/gujarat2012/candidate.php?candidate_id=2357,PADRA,IND,0,12th Pass,"Rs 39,61,000 ~ 39 Lacs+",Rs 0 ~
827,2359,Parmar   Harmanbhai Fulabhai,https://myneta.info/gujarat2012/candidate.php?candidate_id=2359,PADRA,IND,0,Literate,"Rs 55,00,000 ~ 55 Lacs+",Rs 0 ~
828,2358,Parmar Rajeshbhai Ranchodbhai,https://myneta.info/gujarat2012/candidate.php?candidate_id=2358,PADRA,IND,0,Graduate,https://myneta.info/image_v2.php?myneta_folder=gujarat2012&candidate_id=2358&col=ta,https://myneta.info/image_v2.php?myneta_folder=gujarat2012&candidate_id=2358&col=lia
829,2362,Parmar  Mahendrasinh  Chandrasinh,https://myneta.info/gujarat2012/candidate.php?candidate_id=2362,KARJAN,IND,0,10th Pass,"Rs 23,05,000 ~ 23 Lacs+","Rs 25,000 ~ 25 Thou+"
830,2128,Parmar  Ramanbhai  Punjabhai,https://myneta.info/gujarat2012/candidate.php?candidate_id=2128,HIMATNAGAR,IND,0,Graduate,"Rs 8,10,000 ~ 8 Lacs+",Rs 0 ~
831,2129,Parmar  Sardarsinh  Bhavansinh,https://myneta.info/gujarat2012/candidate.php?candidate_id=2129,HIMATNAGAR,IND,0,12th Pass,"Rs 27,92,000 ~ 27 Lacs+",Rs 0 ~
832,926,Parmar Atmaram Makanbhai,https://myneta.info/gujarat2012/candidate.php?candidate_id=926,GADHADA (SC),BJP,0,Post Graduate,"Rs 1,54,28,640 ~ 1 Crore+",Rs 0 ~
833,897,Parmar Badhabhai Khodabhai,https://myneta.info/gujarat2012/candidate.php?candidate_id=897,GARIADHAR,RPI(A),1,Illiterate,"Rs 10,100 ~ 10 Thou+",Rs 0 ~
834,1702,Parmar Balvantbhai Rayjibhai	,https://myneta.info/gujarat2012/candidate.php?candidate_id=1702,SAVLI,BSP,0,10th Pass,"Rs 24,30,000 ~ 24 Lacs+",Rs 0 ~
835,1719,Parmar Bhanubhai Purshottambhai	,https://myneta.info/gujarat2012/candidate.php?candidate_id=1719,VADODARA CITY (SC) ,GPP,0,10th Pass,"Rs 1,32,30,609 ~ 1 Crore+",Rs 0 ~
836,339,Parmar Bhogilal Danabhai,https://myneta.info/gujarat2012/candidate.php?candidate_id=339,LIMBDI,IND,0,10th Pass,"Rs 5,25,000 ~ 5 Lacs+",Rs 0 ~
837,1964,Parmar Chandravadan Shankarlal,https://myneta.info/gujarat2012/candidate.php?candidate_id=1964,ASARWA (SC),GPP,0,Graduate,https://myneta.info/image_v2.php?myneta_folder=gujarat2012&candidate_id=1964&col=ta,https://myneta.info/image_v2.php?myneta_folder=gujarat2012&candidate_id=1964&col=lia
838,2059,Parmar Chhaganchandraraj Dhanabhai,https://myneta.info/gujarat2012/candidate.php?candidate_id=2059,PALANPUR,IND,1,Not Given,"Rs 15,43,036 ~ 15 Lacs+",Rs 0 ~
839,963,Parmar Chhitubhai Jivanbhai,https://myneta.info/gujarat2012/candidate.php?candidate_id=963,BHARUCH,LJSP,0,10th Pass,"Rs 51,48,726 ~ 51 Lacs+","Rs 2,70,000 ~ 2 Lacs+"
840,1813,Parmar Chimanbhai Nariyabhai,https://myneta.info/gujarat2012/candidate.php?candidate_id=1813,DAHOD (ST),GPP,0,Post Graduate,"Rs 10,33,500 ~ 10 Lacs+",Rs 0 ~
841,2100,Parmar Dahyabhai Bhagabhai,https://myneta.info/gujarat2012/candidate.php?candidate_id=2100,VISNAGAR,LJSP,0,10th Pass,"Rs 14,86,940 ~ 14 Lacs+","Rs 7,000 ~ 7 Thou+"
842,1942,Parmar Devendra Danabhai	,https://myneta.info/gujarat2012/candidate.php?candidate_id=1942,SABARMATI,BSP,0,12th Pass,"Rs 1,80,000 ~ 1 Lacs+",Rs 0 ~
843,2103,Parmar Devjibhai Ratilal,https://myneta.info/gujarat2012/candidate.php?candidate_id=2103,BECHARAJI,JD(U),0,5th Pass,"Rs 20,000 ~ 20 Thou+",Rs 0 ~
844,927,Parmar Dhanjibhai Khimabhai,https://myneta.info/gujarat2012/candidate.php?candidate_id=927,GADHADA (SC),GPP,0,8th Pass,"Rs 32,45,732 ~ 32 Lacs+",Rs 0 ~
845,441,Parmar Dhirajbhai Popatbhai,https://myneta.info/gujarat2012/candidate.php?candidate_id=441,DHRANGADHRA,GPP,1,8th Pass,"Rs 28,02,031 ~ 28 Lacs+",Rs 0 ~
846,1535,Parmar Dilipsinhji Vakhatsinhji ,https://myneta.info/gujarat2012/candidate.php?candidate_id=1535,MODASA,BJP,0,Graduate,https://myneta.info/image_v2.php?myneta_folder=gujarat2012&candidate_id=1535&col=ta,https://myneta.info/image_v2.php?myneta_folder=gujarat2012&candidate_id=1535&col=lia
847,350,Parmar Dineshbhai Rudabhai,https://myneta.info/gujarat2012/candidate.php?candidate_id=350,KALAVAD (SC),INC,2,Graduate Professional,"Rs 1,35,89,562 ~ 1 Crore+","Rs 1,75,875 ~ 1 Lacs+"
848,2008,Parmar Gamanbhai Methabhai,https://myneta.info/gujarat2012/candidate.php?candidate_id=2008,VADGAM (SC),SP,0,10th Pass,"Rs 6,78,000 ~ 6 Lacs+",Rs 0 ~
849,2041,Parmar Gaurangkumar Manilal,https://myneta.info/gujarat2012/candidate.php?candidate_id=2041,DANTA (ST),BSP,0,12th Pass,"Rs 2,08,500 ~ 2 Lacs+",Rs 0 ~
850,2107,Parmar Girisbhai Laxmanbhai,https://myneta.info/gujarat2012/candidate.php?candidate_id=2107,KADI (SC),IND,0,8th Pass,"Rs 3,39,146 ~ 3 Lacs+","Rs 1,10,000 ~ 1 Lacs+"
851,325,Parmar Girish Harilal,https://myneta.info/gujarat2012/candidate.php?candidate_id=325,RAJKOT RURAL  (SC),GPP,0,10th Pass,"Rs 31,65,938 ~ 31 Lacs+","Rs 8,25,000 ~ 8 Lacs+"
852,1818,Parmar Gopalbhai Kalubhai,https://myneta.info/gujarat2012/candidate.php?candidate_id=1818,GARBADA (ST) ,GPP,0,Post Graduate,"Rs 1,07,98,892 ~ 1 Crore+","Rs 14,70,000 ~ 14 Lacs+"
853,373,Parmar Govind Varjang,https://myneta.info/gujarat2012/candidate.php?candidate_id=373,TALALA,BJP,3,12th Pass,"Rs 8,60,48,002 ~ 8 Crore+","Rs 2,78,23,198 ~ 2 Crore+"
854,1812,Parmar Hemantkumar Chunilal,https://myneta.info/gujarat2012/candidate.php?candidate_id=1812,DAHOD (ST),BSP,0,10th Pass,"Rs 2,45,000 ~ 2 Lacs+",Rs 0 ~
855,2068,Parmar Ishvarbhai Nanjibhai,https://myneta.info/gujarat2012/candidate.php?candidate_id=2068,RADHANPUR,LJSP,0,10th Pass,https://myneta.info/image_v2.php?myneta_folder=gujarat2012&candidate_id=2068&col=ta,https://myneta.info/image_v2.php?myneta_folder=gujarat2012&candidate_id=2068&col=lia
856,1651,Parmar Ishwarbhai Ravjibhai,https://myneta.info/gujarat2012/candidate.php?candidate_id=1651,DEESA,BSP,0,12th Pass,"Rs 5,79,900 ~ 5 Lacs+",Rs 0 ~
857,1616,Parmar Jaydrathsinhji Chandrasinhji	,https://myneta.info/gujarat2012/candidate.php?candidate_id=1616,HALOL,BJP,0,Graduate Professional,"Rs 3,21,09,763 ~ 3 Crore+",Rs 0 ~
858,1704,Parmar Jayeshbhai Ambalal	,https://myneta.info/gujarat2012/candidate.php?candidate_id=1704,PADRA,BSP,0,10th Pass,"Rs 5,45,000 ~ 5 Lacs+",Rs 0 ~
859,2010,Parmar Jayeshkumar   Khemchandbhai,https://myneta.info/gujarat2012/candidate.php?candidate_id=2010,VADGAM (SC),IND,0,12th Pass,"Rs 5,30,431 ~ 5 Lacs+",Rs 0 ~
860,853,Parmar Jerambhai Raghavbhai	,https://myneta.info/gujarat2012/candidate.php?candidate_id=853,LATHI,RPI(A),0,5th Pass,"Rs 18,97,300 ~ 18 Lacs+",Rs 0 ~
861,1459,Parmar Jetabhai Savjibhai,https://myneta.info/gujarat2012/candidate.php?candidate_id=1459,DWARKA,IND,0,Literate,"Rs 15,32,000 ~ 15 Lacs+",Rs 0 ~
862,2138,Parmar Kantilal  Dharmaji,https://myneta.info/gujarat2012/candidate.php?candidate_id=2138,KHEDBRAHMA (ST),CPM,0,Graduate,"Rs 15,500 ~ 15 Thou+",Rs 0 ~
863,1712,Parmar Kishorkumar Somabhai,https://myneta.info/gujarat2012/candidate.php?candidate_id=1712,AKOTA,BSP,0,Graduate,"Rs 20,000 ~ 20 Thou+",Rs 0 ~
864,1734,Parmar Kishorsinh Rajendrasinh,https://myneta.info/gujarat2012/candidate.php?candidate_id=1734,MANDVI,INC,1,Graduate,https://myneta.info/image_v2.php?myneta_folder=gujarat2012&candidate_id=1734&col=ta,https://myneta.info/image_v2.php?myneta_folder=gujarat2012&candidate_id=1734&col=lia
865,474,Parmar Labhubhai Vasharambhai,https://myneta.info/gujarat2012/candidate.php?candidate_id=474,BHAVNAGAR RURAL ,IND,0,10th Pass,"Rs 72,500 ~ 72 Thou+",Rs 0 ~
866,1959,Parmar Maganbhai Amarabhai,https://myneta.info/gujarat2012/candidate.php?candidate_id=1959,PATAN,BSP,0,10th Pass,"Rs 7,51,000 ~ 7 Lacs+",Rs 0 ~
867,2336,Parmar Mahesh  Mansukhbhai,https://myneta.info/gujarat2012/candidate.php?candidate_id=2336,VADODARA CITY (SC) ,IND,0,12th Pass,"Rs 19,16,000 ~ 19 Lacs+","Rs 5,80,000 ~ 5 Lacs+"
868,1866,Parmar Manubhai Khojabhai,https://myneta.info/gujarat2012/candidate.php?candidate_id=1866,LUNAWADA,BSP,0,10th Pass,"Rs 19,30,000 ~ 19 Lacs+",Rs 0 ~
869,2084,Parmar Nanjibhai Kanttbhai,https://myneta.info/gujarat2012/candidate.php?candidate_id=2084,PATAN,IND,0,10th Pass,"Rs 6,76,410 ~ 6 Lacs+","Rs 2,50,000 ~ 2 Lacs+"
870,84,Parmar Narendra Chanabhai,https://myneta.info/gujarat2012/candidate.php?candidate_id=84,JAMNAGAR SOUTH,IND,2,8th Pass,"Rs 10,000 ~ 10 Thou+",Rs 0 ~
871,1444,Parmar Narshi Gordhan,https://myneta.info/gujarat2012/candidate.php?candidate_id=1444,KHAMBHALIA ,IND,0,10th Pass,"Rs 2,56,000 ~ 2 Lacs+",Rs 0 ~
872,2291,Parmar Natubhai Shanabhai,https://myneta.info/gujarat2012/candidate.php?candidate_id=2291,ANAND,IND,0,5th Pass,"Rs 1,000 ~ 1 Thou+",Rs 0 ~
873,1701,Parmar Pareshbhai Ishwarbhai ,https://myneta.info/gujarat2012/candidate.php?candidate_id=1701,SAVLI,JD(U),0,8th Pass,https://myneta.info/image_v2.php?myneta_folder=gujarat2012&candidate_id=1701&col=ta,https://myneta.info/image_v2.php?myneta_folder=gujarat2012&candidate_id=1701&col=lia
874,29,Parmar Prabhubhai Gokalbhai,https://myneta.info/gujarat2012/candidate.php?candidate_id=29,WADHWAN,IND,0,Post Graduate,"Rs 20,16,176 ~ 20 Lacs+",Rs 0 ~
875,2296,Parmar Pravinbhai  Madhabhai,https://myneta.info/gujarat2012/candidate.php?candidate_id=2296,SOJITRA,IND,0,5th Pass,"Rs 45,000 ~ 45 Thou+",Rs 0 ~
876,2295,Parmar Punjaben  Rajeshbhai,https://myneta.info/gujarat2012/candidate.php?candidate_id=2295,SOJITRA,LJSP,0,12th Pass,"Rs 5,00,000 ~ 5 Lacs+",Rs 0 ~
877,5,Parmar Rajabhai Parbatbhai,https://myneta.info/gujarat2012/candidate.php?candidate_id=5,SOMNATH,BSP,0,8th Pass,"Rs 40,75,82,000 ~ 40 Crore+","Rs 16,00,000 ~ 16 Lacs+"
878,2114,Parmar Rajanikantbhai Mohanbhai,https://myneta.info/gujarat2012/candidate.php?candidate_id=2114,MAHESANA,IND,0,12th Pass,"Rs 25,000 ~ 25 Thou+",Rs 0 ~
879,1791,Parmar Rajendrasinh Balvantsinh	,https://myneta.info/gujarat2012/candidate.php?candidate_id=1791,HALOL,INC,1,Graduate,"Rs 61,52,044 ~ 61 Lacs+","Rs 54,000 ~ 54 Thou+"
880,1554,Parmar Rajendrasinh Dhirsinh,https://myneta.info/gujarat2012/candidate.php?candidate_id=1554,BORSAD,INC,0,10th Pass,"Rs 1,79,52,725 ~ 1 Crore+",Rs 0 ~
881,1982,Parmar Rameshbhai Bhalajibhai,https://myneta.info/gujarat2012/candidate.php?candidate_id=1982,MAHESANA,JD(U),0,Graduate,"Rs 22,93,921 ~ 22 Lacs+","Rs 10,03,668 ~ 10 Lacs+"
882,2085,Parmar Ratnabhai Virabhai,https://myneta.info/gujarat2012/candidate.php?candidate_id=2085,PATAN,IND,0,5th Pass,https://myneta.info/image_v2.php?myneta_folder=gujarat2012&candidate_id=2085&col=ta,https://myneta.info/image_v2.php?myneta_folder=gujarat2012&candidate_id=2085&col=lia
883,265,Parmar Ravjibhai Savjibhai,https://myneta.info/gujarat2012/candidate.php?candidate_id=265,RAJULA,GPP,0,8th Pass,"Rs 1,56,35,000 ~ 1 Crore+","Rs 93,299 ~ 93 Thou+"
884,232,Parmar Savjibhai Karshanbhai,https://myneta.info/gujarat2012/candidate.php?candidate_id=232,DHRANGADHRA,IND,0,5th Pass,"Rs 21,21,143 ~ 21 Lacs+","Rs 3,00,000 ~ 3 Lacs+"
885,1552,Parmar Shailesh Manharbhai,https://myneta.info/gujarat2012/candidate.php?candidate_id=1552,DANILIMDA (SC) ,INC,0,Graduate Professional,"Rs 29,26,96,950 ~ 29 Crore+",Rs 0 ~
886,2266,Parmar Sureshbhai  Galabhai   (suresh Parmar),https://myneta.info/gujarat2012/candidate.php?candidate_id=2266,DANILIMDA (SC) ,IND,0,Graduate,Nil,Rs 0 ~
887,2027,Parmar Sureshbhai Dahyabhai,https://myneta.info/gujarat2012/candidate.php?candidate_id=2027,NIKOL,BSP,0,10th Pass,"Rs 52,77,000 ~ 52 Lacs+",Rs 0 ~
888,1674,Parmar Sureshbhai Govindbhai,https://myneta.info/gujarat2012/candidate.php?candidate_id=1674,RADHANPUR,BSP,0,10th Pass,"Rs 7,10,000 ~ 7 Lacs+",Rs 0 ~
889,1805,Parmar Tikubhai Chimanbhai,https://myneta.info/gujarat2012/candidate.php?candidate_id=1805,JHALOD (ST),GPP,0,12th Pass,"Rs 6,19,000 ~ 6 Lacs+",Rs 0 ~
890,585,Parmar Vashrambhai Bavalbhai,https://myneta.info/gujarat2012/candidate.php?candidate_id=585,LIMBDI,IJP,0,Literate,"Rs 66,000 ~ 66 Thou+",Rs 0 ~
891,920,Parmar Vijaybhai Govindbhai,https://myneta.info/gujarat2012/candidate.php?candidate_id=920,BHAVNAGAR WEST,RPI(I),0,8th Pass,https://myneta.info/image_v2.php?myneta_folder=gujarat2012&candidate_id=920&col=ta,https://myneta.info/image_v2.php?myneta_folder=gujarat2012&candidate_id=920&col=lia
892,1662,Parmar Vithhalbhai Somabhai,https://myneta.info/gujarat2012/candidate.php?candidate_id=1662,MANSA,BSP,0,10th Pass,"Rs 20,60,000 ~ 20 Lacs+",Rs 0 ~
893,378,Parshotambhai Babubhai Bhuva,https://myneta.info/gujarat2012/candidate.php?candidate_id=378,DHARI,IND,0,5th Pass,"Rs 51,00,000 ~ 51 Lacs+","Rs 11,86,398 ~ 11 Lacs+"
894,107,Parsottambhai Hakubhai Boghani	,https://myneta.info/gujarat2012/candidate.php?candidate_id=107,KAMREJ,SP,0,12th Pass,"Rs 65,08,783 ~ 65 Lacs+","Rs 68,90,000 ~ 68 Lacs+"
895,1809,Pasaya Rajubhai Nagarsinh,https://myneta.info/gujarat2012/candidate.php?candidate_id=1809,LIMKHEDA (ST),GPP,0,12th Pass,"Rs 27,63,138 ~ 27 Lacs+",Rs 0 ~
896,1143,Pasi Hasnraj Hanuanbhai,https://myneta.info/gujarat2012/candidate.php?candidate_id=1143,CHORYASI,HINDUSTAN NAVNIRAM DAL,0,8th Pass,"Rs 8,32,000 ~ 8 Lacs+",Rs 0 ~
897,1261,Patangwala Gulamhusain Gulamrasool,https://myneta.info/gujarat2012/candidate.php?candidate_id=1261,SURAT EAST  ,IND,0,10th Pass,"Rs 6,83,000 ~ 6 Lacs+",Rs 0 ~
898,2324,Patanvadiya Arvindbhai  Ravjibhai,https://myneta.info/gujarat2012/candidate.php?candidate_id=2324,SAVLI,IND,0,Literate,"Rs 1,64,000 ~ 1 Lacs+","Rs 17,000 ~ 17 Thou+"
899,2237,Patanvadiya Laxmanbhai   Gemaji,https://myneta.info/gujarat2012/candidate.php?candidate_id=2237,AMRAIWADI ,CPI(ML)(L),2,Graduate Professional,"Rs 18,25,235 ~ 18 Lacs+",Rs 0 ~
900,2333,Patanwadiya Kishorbhai Nagjibhai,https://myneta.info/gujarat2012/candidate.php?candidate_id=2333,DABHOI,IND,0,5th Pass,https://myneta.info/image_v2.php?myneta_folder=gujarat2012&candidate_id=2333&col=ta,https://myneta.info/image_v2.php?myneta_folder=gujarat2012&candidate_id=2333&col=lia
901,1880,Patel Akhamsinh Amarsinh,https://myneta.info/gujarat2012/candidate.php?candidate_id=1880,SHEHRA,Hindustan Nirman Dal,0,10th Pass,"Rs 4,50,900 ~ 4 Lacs+",Rs 0 ~
902,2079,Patel Alpeshkumar Dayabhai,https://myneta.info/gujarat2012/candidate.php?candidate_id=2079,PATAN,VISHVA HINDUSTANI SANGATHAN,0,12th Pass,"Rs 4,20,000 ~ 4 Lacs+",Rs 0 ~
903,493,Patel Altaf Gafurbhai,https://myneta.info/gujarat2012/candidate.php?candidate_id=493,VAGRA,JD(U),9,8th Pass,"Rs 4,34,000 ~ 4 Lacs+",Rs 0 ~
904,2098,Patel Ambalal Talashibhai,https://myneta.info/gujarat2012/candidate.php?candidate_id=2098,UNJHA,IND,0,Graduate Professional,"Rs 34,00,000 ~ 34 Lacs+","Rs 1,13,080 ~ 1 Lacs+"
905,1329,Patel Amitkumar Harkishanbhai,https://myneta.info/gujarat2012/candidate.php?candidate_id=1329,BHAVNAGAR RURAL ,IND,0,Graduate,"Rs 1,23,135 ~ 1 Lacs+",Rs 0 ~
906,2000,Patel Amrutbhai Madhavlal,https://myneta.info/gujarat2012/candidate.php?candidate_id=2000,MANSA,GPP,0,Graduate,"Rs 33,65,000 ~ 33 Lacs+",Rs 0 ~
907,1630,Patel Amrutlal Ladhabhai,https://myneta.info/gujarat2012/candidate.php?candidate_id=1630,ABDASA,JD(U),0,8th Pass,"Rs 35,81,000 ~ 35 Lacs+",Rs 0 ~
908,1579,Patel Anandiben Mafatbhai,https://myneta.info/gujarat2012/candidate.php?candidate_id=1579,GHATLODIA,BJP,0,Post Graduate,"Rs 1,81,94,978 ~ 1 Crore+",Rs 0 ~
909,1968,Patel Anantbhai Shankarbhai,https://myneta.info/gujarat2012/candidate.php?candidate_id=1968,MODASA,GPP,0,12th Pass,https://myneta.info/image_v2.php?myneta_folder=gujarat2012&candidate_id=1968&col=ta,https://myneta.info/image_v2.php?myneta_folder=gujarat2012&candidate_id=1968&col=lia
910,2153,Patel Arvindbhai Ambalal,https://myneta.info/gujarat2012/candidate.php?candidate_id=2153,PRANTIJ,IND,0,12th Pass,"Rs 29,52,633 ~ 29 Lacs+","Rs 89,630 ~ 89 Thou+"
911,533,Patel Arvindbhai Durlabhbhai,https://myneta.info/gujarat2012/candidate.php?candidate_id=533,NAVSARI ,INC,0,Post Graduate,"Rs 34,38,476 ~ 34 Lacs+","Rs 85,000 ~ 85 Thou+"
912,1593,Patel Arvindkumar Gandalal,https://myneta.info/gujarat2012/candidate.php?candidate_id=1593,SABARMATI,BJP,0,10th Pass,"Rs 10,86,71,157 ~ 10 Crore+","Rs 3,84,13,555 ~ 3 Crore+"
913,1746,Patel Ashaben Dvarakadas,https://myneta.info/gujarat2012/candidate.php?candidate_id=1746,UNJHA,INC,0,Doctorate,"Rs 54,32,970 ~ 54 Lacs+",Rs 0 ~
914,2281,Patel Ashokbhai  Maganbhai,https://myneta.info/gujarat2012/candidate.php?candidate_id=2281,BORSAD,IND,0,8th Pass,"Rs 72,95,125 ~ 72 Lacs+",Rs 0 ~
915,1764,Patel Atulkumar Ravjibhai,https://myneta.info/gujarat2012/candidate.php?candidate_id=1764,VATVA,INC,0,12th Pass,"Rs 1,58,44,917 ~ 1 Crore+",Rs 0 ~
916,2032,Patel Baldevbhai Maganlal,https://myneta.info/gujarat2012/candidate.php?candidate_id=2032,BAPUNAGAR,BSP,0,10th Pass,"Rs 58,74,455 ~ 58 Lacs+",Rs 0 ~
917,1577,Patel Balkrishnabhai Naranbhai,https://myneta.info/gujarat2012/candidate.php?candidate_id=1577,DABHOI,BJP,0,10th Pass,"Rs 8,63,14,195 ~ 8 Crore+","Rs 1,56,56,797 ~ 1 Crore+"
918,2285,Patel Bharatbhai Harmanbhai,https://myneta.info/gujarat2012/candidate.php?candidate_id=2285,UMRETH,IND,0,12th Pass,https://myneta.info/image_v2.php?myneta_folder=gujarat2012&candidate_id=2285&col=ta,https://myneta.info/image_v2.php?myneta_folder=gujarat2012&candidate_id=2285&col=lia
919,539,Patel Bharatbhai Kikubhai,https://myneta.info/gujarat2012/candidate.php?candidate_id=539,VALSAD,BJP,0,Post Graduate,"Rs 90,23,764 ~ 90 Lacs+",Rs 0 ~
920,1774,Patel Bharatkumar Govindlal,https://myneta.info/gujarat2012/candidate.php?candidate_id=1774,SABARMATI,INC,0,Graduate Professional,"Rs 11,03,07,851 ~ 11 Crore+","Rs 40,70,731 ~ 40 Lacs+"
921,1074,Patel Bhartiben Nardevbhai,https://myneta.info/gujarat2012/candidate.php?candidate_id=1074,GANDEVI (ST) ,INC,0,Graduate Professional,"Rs 54,27,080 ~ 54 Lacs+","Rs 15,00,000 ~ 15 Lacs+"
922,1979,Patel Bholabhai Chaturdas,https://myneta.info/gujarat2012/candidate.php?candidate_id=1979,VISNAGAR,NCP,18,Graduate Professional,"Rs 2,26,41,764 ~ 2 Crore+",Rs 0 ~
923,1870,Patel Bhupendrakumar Jethabhai,https://myneta.info/gujarat2012/candidate.php?candidate_id=1870,LUNAWADA,IND,0,12th Pass,"Rs 52,05,000 ~ 52 Lacs+","Rs 3,50,000 ~ 3 Lacs+"
924,1952,Patel Bipinchandra Parsottamdas,https://myneta.info/gujarat2012/candidate.php?candidate_id=1952,ANAND,GPP,0,Graduate Professional,"Rs 3,57,16,455 ~ 3 Crore+",Rs 0 ~
925,1544,Patel Chhabeelbhai Naranbhai,https://myneta.info/gujarat2012/candidate.php?candidate_id=1544,ABDASA,INC,0,Graduate Professional,"Rs 3,85,19,889 ~ 3 Crore+","Rs 1,56,28,686 ~ 1 Crore+"
926,2021,Patel Chiragbhai Bharatbhai,https://myneta.info/gujarat2012/candidate.php?candidate_id=2021,GHATLODIA,GPP,0,Graduate,"Rs 11,83,000 ~ 11 Lacs+",Rs 0 ~
927,1683,Patel Chiragkumar Satishkumar ,https://myneta.info/gujarat2012/candidate.php?candidate_id=1683,UNJHA,SP,3,10th Pass,https://myneta.info/image_v2.php?myneta_folder=gujarat2012&candidate_id=1683&col=ta,https://myneta.info/image_v2.php?myneta_folder=gujarat2012&candidate_id=1683&col=lia
928,277,Patel Dharmesh A/s Bhola Ambelal,https://myneta.info/gujarat2012/candidate.php?candidate_id=277,VALSAD,INC,0,Post Graduate,"Rs 4,15,83,208 ~ 4 Crore+","Rs 11,76,000 ~ 11 Lacs+"
929,1749,Patel Dhavalkumar Prahladbhai,https://myneta.info/gujarat2012/candidate.php?candidate_id=1749,BECHARAJI,LJSP,0,Graduate,"Rs 7,00,000 ~ 7 Lacs+",Rs 0 ~
930,1571,Patel Dineshbhai Balubhai,https://myneta.info/gujarat2012/candidate.php?candidate_id=1571,PADRA,BJP,1,12th Pass,"Rs 39,41,42,438 ~ 39 Crore+","Rs 11,53,10,705 ~ 11 Crore+"
931,2289,Patel Dineshbhai Shanabhai,https://myneta.info/gujarat2012/candidate.php?candidate_id=2289,ANAND,Navin Bharat  Nirman Manch,0,Doctorate,"Rs 1,76,40,611 ~ 1 Crore+","Rs 1,50,000 ~ 1 Lacs+"
932,2167,Patel Dineshkumar  Parshottamdas,https://myneta.info/gujarat2012/candidate.php?candidate_id=2167,MANSA,IND,0,12th Pass,"Rs 35,26,000 ~ 35 Lacs+",Rs 0 ~
933,491,Patel Dipakkumar Vasanbhai,https://myneta.info/gujarat2012/candidate.php?candidate_id=491,JAMBUSAR,IND,0,Others,"Rs 93,19,458 ~ 93 Lacs+",Rs 0 ~
934,964,Patel Dushyantbhai Rajnikant,https://myneta.info/gujarat2012/candidate.php?candidate_id=964,BHARUCH,BJP,1,Graduate,"Rs 1,87,45,531 ~ 1 Crore+","Rs 21,86,814 ~ 21 Lacs+"
935,1551,Patel Gitaben Pranavkumar,https://myneta.info/gujarat2012/candidate.php?candidate_id=1551,THAKKARBAPA NAGAR,INC,0,12th Pass,"Rs 4,06,94,000 ~ 4 Crore+","Rs 1,52,68,000 ~ 1 Crore+"
936,1088,Patel Govindbhai Vestabhai,https://myneta.info/gujarat2012/candidate.php?candidate_id=1088,UMBERGAON (ST) ,INC,1,Graduate,https://myneta.info/image_v2.php?myneta_folder=gujarat2012&candidate_id=1088&col=ta,https://myneta.info/image_v2.php?myneta_folder=gujarat2012&candidate_id=1088&col=lia
937,2182,Patel Gunjan Bipinchandra,https://myneta.info/gujarat2012/candidate.php?candidate_id=2182,GHATLODIA,IND,0,Graduate Professional,"Rs 12,92,301 ~ 12 Lacs+",Rs 0 ~
938,2210,Patel Gunjanbhai  Chandubhai,https://myneta.info/gujarat2012/candidate.php?candidate_id=2210,NIKOL,SARDAR VALLABHBHAI PATEL PARTY,0,12th Pass,"Rs 28,70,000 ~ 28 Lacs+",Rs 0 ~
939,955,Patel Haidarali Yakubmahamad,https://myneta.info/gujarat2012/candidate.php?candidate_id=955,VAGRA,SP,0,5th Pass,"Rs 34,92,000 ~ 34 Lacs+",Rs 0 ~
940,553,Patel Harshaben Gaurangbhai,https://myneta.info/gujarat2012/candidate.php?candidate_id=553,KAPRADA (ST) ,IND,0,Graduate,"Rs 95,000 ~ 95 Thou+",Rs 0 ~
941,1558,Patel Heerabhai Haribhai,https://myneta.info/gujarat2012/candidate.php?candidate_id=1558,LUNAWADA,INC,0,Post Graduate,"Rs 61,59,893 ~ 61 Lacs+",Rs 0 ~
942,520,Patel Hirabhai Maganbhai,https://myneta.info/gujarat2012/candidate.php?candidate_id=520,UDHNA,Hindustan Nirman Dal,1,8th Pass,"Rs 19,784 ~ 19 Thou+",Rs 0 ~
943,1089,Patel Hiteshbhai Uttambhai,https://myneta.info/gujarat2012/candidate.php?candidate_id=1089,UMBERGAON  (ST) ,JD(U),0,12th Pass,"Rs 25,000 ~ 25 Thou+",Rs 0 ~
944,951,Patel Iqbalbhai Ibrahimbhai,https://myneta.info/gujarat2012/candidate.php?candidate_id=951,VAGRA,INC,0,Graduate,"Rs 71,42,922 ~ 71 Lacs+",Rs 0 ~
945,1105,Patel Ishwarbhai Dhedabhai,https://myneta.info/gujarat2012/candidate.php?candidate_id=1105,DHARAMPUR (ST),INC,0,10th Pass,https://myneta.info/image_v2.php?myneta_folder=gujarat2012&candidate_id=1105&col=ta,https://myneta.info/image_v2.php?myneta_folder=gujarat2012&candidate_id=1105&col=lia
946,608,Patel Ishwarbhai Nathubhai,https://myneta.info/gujarat2012/candidate.php?candidate_id=608,WADHWAN,GPP,0,10th Pass,"Rs 92,47,722 ~ 92 Lacs+","Rs 4,09,000 ~ 4 Lacs+"
947,976,Patel Ishwarsinh Thakorbhai,https://myneta.info/gujarat2012/candidate.php?candidate_id=976,ANKLESHWAR,BJP,0,Graduate Professional,"Rs 2,37,49,348 ~ 2 Crore+","Rs 1,64,877 ~ 1 Lacs+"
948,632,Patel Jagdishbhai Kanjibhai,https://myneta.info/gujarat2012/candidate.php?candidate_id=632,DHRANGADHRA,IND,0,12th Pass,"Rs 16,00,350 ~ 16 Lacs+","Rs 67,469 ~ 67 Thou+"
949,2277,Patel Jalpaben Bipinbhai,https://myneta.info/gujarat2012/candidate.php?candidate_id=2277,DASKROI,IND,1,8th Pass,"Rs 2,03,00,000 ~ 2 Crore+",Rs 0 ~
950,169,Patel Jashvantbhai Parasottambhai,https://myneta.info/gujarat2012/candidate.php?candidate_id=169,ANKLESHWAR,IND,0,8th Pass,"Rs 26,24,000 ~ 26 Lacs+","Rs 30,000 ~ 30 Thou+"
951,1685,Patel Jayantibhai Revabhai	,https://myneta.info/gujarat2012/candidate.php?candidate_id=1685,VISNAGAR,JD(U),0,Post Graduate,"Rs 28,89,298 ~ 28 Lacs+",Rs 0 ~
952,1149,Patel Jayeshbhai Chandubhai,https://myneta.info/gujarat2012/candidate.php?candidate_id=1149,SURAT WEST ,GPP,0,Graduate,"Rs 36,22,328 ~ 36 Lacs+","Rs 21,28,352 ~ 21 Lacs+"
953,625,Patel Jayeshbhai Harilal,https://myneta.info/gujarat2012/candidate.php?candidate_id=625,DHRANGADHRA,INC,1,12th Pass,"Rs 3,60,67,310 ~ 3 Crore+","Rs 12,400 ~ 12 Thou+"
954,1092,Patel Jayeshbhai Ishwarbhai,https://myneta.info/gujarat2012/candidate.php?candidate_id=1092,UMBERGAON (ST) ,IND,0,10th Pass,https://myneta.info/image_v2.php?myneta_folder=gujarat2012&candidate_id=1092&col=ta,https://myneta.info/image_v2.php?myneta_folder=gujarat2012&candidate_id=1092&col=lia
955,1867,Patel Jigneshkumar Bhikhabhai,https://myneta.info/gujarat2012/candidate.php?candidate_id=1867,LUNAWADA,JD(U),0,10th Pass,"Rs 24,87,500 ~ 24 Lacs+",Rs 0 ~
956,2105,Patel Jitendrakumar Haribhai,https://myneta.info/gujarat2012/candidate.php?candidate_id=2105,BECHARAJI,IND,0,Graduate Professional,"Rs 3,25,000 ~ 3 Lacs+",Rs 0 ~
957,1739,Patel Joitabhai Kasnabhai,https://myneta.info/gujarat2012/candidate.php?candidate_id=1739,DHANERA,INC,0,8th Pass,"Rs 2,17,75,195 ~ 2 Crore+","Rs 12,50,000 ~ 12 Lacs+"
958,2351,Patel Kalidasbhai  Motibhai  Alias Nepoliyan,https://myneta.info/gujarat2012/candidate.php?candidate_id=2351,RAOPURA,IND,0,10th Pass,"Rs 1,20,18,000 ~ 1 Crore+","Rs 1,04,000 ~ 1 Lacs+"
959,1328,Patel Kalpeshbhai Hasmukhray,https://myneta.info/gujarat2012/candidate.php?candidate_id=1328,BHAVNAGAR RURAL ,IND,0,12th Pass,"Rs 1,24,000 ~ 1 Lacs+",Rs 0 ~
960,1966,Patel Kalpit Mahendrabhai,https://myneta.info/gujarat2012/candidate.php?candidate_id=1966,SOJITRA,GPP,0,Graduate,"Rs 30,000 ~ 30 Thou+",Rs 0 ~
961,2323,Patel Kamleshbhai  Shivlalbhai,https://myneta.info/gujarat2012/candidate.php?candidate_id=2323,SAVLI,IND,0,10th Pass,"Rs 40,23,000 ~ 40 Lacs+",Rs 0 ~
962,1304,Patel Kamleshbhai Manubhai,https://myneta.info/gujarat2012/candidate.php?candidate_id=1304,JAMBUSAR,GPP,0,10th Pass,"Rs 23,84,000 ~ 23 Lacs+","Rs 7,35,000 ~ 7 Lacs+"
963,1703,Patel Kamleshkumar Harmanbhai,https://myneta.info/gujarat2012/candidate.php?candidate_id=1703,PADRA,GPP,0,12th Pass,https://myneta.info/image_v2.php?myneta_folder=gujarat2012&candidate_id=1703&col=ta,https://myneta.info/image_v2.php?myneta_folder=gujarat2012&candidate_id=1703&col=lia
964,548,Patel Kantibhai Babubhai,https://myneta.info/gujarat2012/candidate.php?candidate_id=548,PARDI,JD(U),0,8th Pass,"Rs 25,000 ~ 25 Thou+",Rs 0 ~
965,1954,Patel Kantibhai Ranchhodbhai,https://myneta.info/gujarat2012/candidate.php?candidate_id=1954,BORSAD,GPP,0,12th Pass,"Rs 23,55,000 ~ 23 Lacs+",Rs 0 ~
966,1945,Patel Kashyap Gordhanbhai,https://myneta.info/gujarat2012/candidate.php?candidate_id=1945,ANKLAV,GPP,0,12th Pass,"Rs 3,02,000 ~ 3 Lacs+",Rs 0 ~
967,633,Patel Kausikkumar Prabhubhai,https://myneta.info/gujarat2012/candidate.php?candidate_id=633,DHRANGADHRA,IND,1,10th Pass,"Rs 99,140 ~ 99 Thou+",Rs 0 ~
968,2083,Patel Ketankumar Jagabhai,https://myneta.info/gujarat2012/candidate.php?candidate_id=2083,PATAN,IND,0,12th Pass,"Rs 59,19,529 ~ 59 Lacs+",Rs 0 ~
969,1691,Patel Kiritkumar Dahyabhai	,https://myneta.info/gujarat2012/candidate.php?candidate_id=1691,BECHARAJI,GPP,0,12th Pass,"Rs 16,75,69,805 ~ 16 Crore+","Rs 1,79,55,958 ~ 1 Crore+"
970,2343,Patel Lalitbhai Thakorbhai,https://myneta.info/gujarat2012/candidate.php?candidate_id=2343,AKOTA,INC,1,Graduate,"Rs 6,17,000 ~ 6 Lacs+",Rs 0 ~
971,2213,Patel Laxmanbhai  Ramjibhai,https://myneta.info/gujarat2012/candidate.php?candidate_id=2213,NIKOL,IND,0,5th Pass,"Rs 1,58,000 ~ 1 Lacs+",Rs 0 ~
972,973,Patel Maganbhai Balubhai,https://myneta.info/gujarat2012/candidate.php?candidate_id=973,ANKLESHWAR,INC,1,Others,https://myneta.info/image_v2.php?myneta_folder=gujarat2012&candidate_id=973&col=ta,https://myneta.info/image_v2.php?myneta_folder=gujarat2012&candidate_id=973&col=lia
973,1665,Patel Mahendrakumar Ravjibhai,https://myneta.info/gujarat2012/candidate.php?candidate_id=1665,GANDHINAGAR NORTH,GPP,1,10th Pass,"Rs 99,58,453 ~ 99 Lacs+",Rs 0 ~
974,1097,Patel Maheshbhai Babubhai,https://myneta.info/gujarat2012/candidate.php?candidate_id=1097,PARDI,LJSP,0,Post Graduate,"Rs 3,13,32,000 ~ 3 Crore+",Rs 0 ~
975,63,Patel Maheshbhai Dahyabhai	,https://myneta.info/gujarat2012/candidate.php?candidate_id=63,JALALPORE,BSP,0,10th Pass,"Rs 39,02,000 ~ 39 Lacs+",Rs 0 ~
976,2113,Patel Maheshbhai Ganeshbhai,https://myneta.info/gujarat2012/candidate.php?candidate_id=2113,MAHESANA,IND,0,10th Pass,"Rs 1,11,15,000 ~ 1 Crore+",Rs 0 ~
977,1741,Patel Maheshkumar Amrutlal,https://myneta.info/gujarat2012/candidate.php?candidate_id=1741,PALANPUR,INC,0,10th Pass,"Rs 7,21,91,006 ~ 7 Crore+","Rs 94,62,396 ~ 94 Lacs+"
978,1659,Patel Maheshkumar Kacharalal,https://myneta.info/gujarat2012/candidate.php?candidate_id=1659,KALOL,BSP,0,10th Pass,"Rs 14,16,000 ~ 14 Lacs+","Rs 3,00,000 ~ 3 Lacs+"
979,428,Patel Mangubhai Chhaganbhai,https://myneta.info/gujarat2012/candidate.php?candidate_id=428,GANDEVI (ST) ,BJP,0,8th Pass,"Rs 74,88,228 ~ 74 Lacs+",Rs 0 ~
980,542,Patel Manojkumar Lallubhai,https://myneta.info/gujarat2012/candidate.php?candidate_id=542,VALSAD,LJSP,0,10th Pass,"Rs 89,75,292 ~ 89 Lacs+","Rs 8,32,000 ~ 8 Lacs+"
981,1193,Patel Manubhai Mohanbhai,https://myneta.info/gujarat2012/candidate.php?candidate_id=1193,LIMBAYAT ,IND,1,8th Pass,https://myneta.info/image_v2.php?myneta_folder=gujarat2012&candidate_id=1193&col=ta,https://myneta.info/image_v2.php?myneta_folder=gujarat2012&candidate_id=1193&col=lia
982,543,Patel Mineshbhai Maganbhai,https://myneta.info/gujarat2012/candidate.php?candidate_id=543,VALSAD,GPP,6,10th Pass,Nil,Rs 0 ~
983,529,Patel Mohanbhai Dahyabhai,https://myneta.info/gujarat2012/candidate.php?candidate_id=529,MAHUVA (ST) ,JD(U),0,8th Pass,"Rs 80,000 ~ 80 Thou+",Rs 0 ~
984,1679,Patel Mohanbhai Hirabhai	,https://myneta.info/gujarat2012/candidate.php?candidate_id=1679,PATAN,GPP,0,Graduate,"Rs 1,51,43,466 ~ 1 Crore+","Rs 14,30,400 ~ 14 Lacs+"
985,1948,Patel Mukeshbhai Somabhai,https://myneta.info/gujarat2012/candidate.php?candidate_id=1948,UMRETH,BSP,0,10th Pass,"Rs 7,55,000 ~ 7 Lacs+","Rs 1,20,000 ~ 1 Lacs+"
986,979,Patel Mukeshbhai Zinabhai,https://myneta.info/gujarat2012/candidate.php?candidate_id=979,OLPAD,BJP,0,12th Pass,"Rs 1,57,25,311 ~ 1 Crore+","Rs 13,79,000 ~ 13 Lacs+"
987,286,Patel Mustak Abbas,https://myneta.info/gujarat2012/candidate.php?candidate_id=286,OLPAD,IND,0,8th Pass,"Rs 2,30,000 ~ 2 Lacs+",Rs 0 ~
988,1523,Patel Narayanbhai Lalludas,https://myneta.info/gujarat2012/candidate.php?candidate_id=1523,UNJHA,BJP,0,12th Pass,"Rs 3,15,31,033 ~ 3 Crore+","Rs 22,13,473 ~ 22 Lacs+"
989,1076,Patel Nareshbhai Bhikhubhai,https://myneta.info/gujarat2012/candidate.php?candidate_id=1076,GANDEVI (ST) ,GPP,0,12th Pass,"Rs 12,10,000 ~ 12 Lacs+","Rs 4,55,807 ~ 4 Lacs+"
990,1171,Patel Narotambhai Trikambhai,https://myneta.info/gujarat2012/candidate.php?candidate_id=1171,UDHNA,BJP,0,Graduate Professional,https://myneta.info/image_v2.php?myneta_folder=gujarat2012&candidate_id=1171&col=ta,https://myneta.info/image_v2.php?myneta_folder=gujarat2012&candidate_id=1171&col=lia
991,1077,Patel Natubhai Ravjibhai,https://myneta.info/gujarat2012/candidate.php?candidate_id=1077,GANDEVI (ST) ,BSP,0,5th Pass,"Rs 1,83,55,000 ~ 1 Crore+",Rs 0 ~
992,1917,Patel Natvarbhai Tribhovandas,https://myneta.info/gujarat2012/candidate.php?candidate_id=1917,MEHMEDABAD,SP,0,12th Pass,"Rs 11,05,000 ~ 11 Lacs+",Rs 0 ~
993,1550,Patel Natvarlal Pitambardas,https://myneta.info/gujarat2012/candidate.php?candidate_id=1550,MAHESANA,INC,5,10th Pass,"Rs 6,15,53,221 ~ 6 Crore+",Rs 0 ~
994,2219,Patel Navinchandra  Hiralal,https://myneta.info/gujarat2012/candidate.php?candidate_id=2219,NARODA,IND,0,10th Pass,"Rs 3,46,10,000 ~ 3 Crore+",Rs 0 ~
995,1969,Patel Nikhilkumar Mithabhai,https://myneta.info/gujarat2012/candidate.php?candidate_id=1969,PRANTIJ,GPP,0,10th Pass,"Rs 20,20,473 ~ 20 Lacs+","Rs 30,000 ~ 30 Thou+"
996,634,Patel Nitinkumar Dhirajbhai,https://myneta.info/gujarat2012/candidate.php?candidate_id=634,DHRANGADHRA,IND,0,Graduate,"Rs 4,29,000 ~ 4 Lacs+",Rs 0 ~
997,1529,Patel Nitinkumar Ratilal,https://myneta.info/gujarat2012/candidate.php?candidate_id=1529,MAHESANA,BJP,5,12th Pass,"Rs 9,07,68,777 ~ 9 Crore+","Rs 37,15,342 ~ 37 Lacs+"
998,1825,Patel Pareshkumar Bhimsing,https://myneta.info/gujarat2012/candidate.php?candidate_id=1825,DEVGADHBARIA,IND,0,Post Graduate,"Rs 11,38,600 ~ 11 Lacs+",Rs 0 ~
999,2332,Patel Piyushbhai Bhailalbhai,https://myneta.info/gujarat2012/candidate.php?candidate_id=2332,DABHOI,IND,0,8th Pass,https://myneta.info/image_v2.php?myneta_folder=gujarat2012&candidate_id=2332&col=ta,https://myneta.info/image_v2.php?myneta_folder=gujarat2012&candidate_id=2332&col=lia
1000,2075,Patel Popatbhai Manilal,https://myneta.info/gujarat2012/candidate.php?candidate_id=2075,CHANASMA,IND,0,10th Pass,"Rs 8,15,000 ~ 8 Lacs+","Rs 9,00,000 ~ 9 Lacs+"
1001,1531,Patel Prafulbhai Khodabhai,https://myneta.info/gujarat2012/candidate.php?candidate_id=1531,HIMATNAGAR,BJP,0,Others,"Rs 9,03,62,830 ~ 9 Crore+","Rs 6,21,724 ~ 6 Lacs+"
1002,550,Patel Prakashbhai Shankarbhai,https://myneta.info/gujarat2012/candidate.php?candidate_id=550,KAPRADA (ST) ,BJP,0,10th Pass,"Rs 3,55,51,441 ~ 3 Crore+","Rs 15,65,741 ~ 15 Lacs+"
1003,2161,Patel Prashantkumar Babulal,https://myneta.info/gujarat2012/candidate.php?candidate_id=2161,GANDHINAGAR  SOUTH ,IND,0,Graduate,"Rs 3,05,000 ~ 3 Lacs+",Rs 0 ~
1004,1682,Patel Pravinbhai Jechandbhai	,https://myneta.info/gujarat2012/candidate.php?candidate_id=1682,KHERALU,GPP,0,8th Pass,"Rs 1,19,26,820 ~ 1 Crore+",Rs 0 ~
1005,568,Patel Rajesh Jashbhai,https://myneta.info/gujarat2012/candidate.php?candidate_id=568,DHOLKA,GPP,0,Others,"Rs 2,15,50,795 ~ 2 Crore+","Rs 8,60,000 ~ 8 Lacs+"
1006,2283,Patel Rajeshbhai  Tulsibhai,https://myneta.info/gujarat2012/candidate.php?candidate_id=2283,UMRETH,Navin Bharat  Nirman Manch,0,Graduate Professional,"Rs 47,26,400 ~ 47 Lacs+","Rs 12,40,000 ~ 12 Lacs+"
1007,1525,Patel Rajnikant Somabhai	,https://myneta.info/gujarat2012/candidate.php?candidate_id=1525,BECHARAJI,BJP,0,12th Pass,"Rs 1,92,03,367 ~ 1 Crore+","Rs 9,76,098 ~ 9 Lacs+"
1008,1139,Patel Rajubhai Bhanabhai,https://myneta.info/gujarat2012/candidate.php?candidate_id=1139,CHORYASI,GPP,0,Graduate,https://myneta.info/image_v2.php?myneta_folder=gujarat2012&candidate_id=1139&col=ta,https://myneta.info/image_v2.php?myneta_folder=gujarat2012&candidate_id=1139&col=lia
1009,278,Patel Rameshbhai Balubhai,https://myneta.info/gujarat2012/candidate.php?candidate_id=278,VALSAD,BSP,0,10th Pass,"Rs 20,80,000 ~ 20 Lacs+",Rs 0 ~
1010,423,Patel Rameshbhai Chhotubhai,https://myneta.info/gujarat2012/candidate.php?candidate_id=423,JALALPORE,BJP,0,10th Pass,"Rs 97,96,827 ~ 97 Lacs+","Rs 8,17,586 ~ 8 Lacs+"
1011,2076,Patel Rameshbhai Govindbhai,https://myneta.info/gujarat2012/candidate.php?candidate_id=2076,CHANASMA,IND,1,Graduate,"Rs 49,83,000 ~ 49 Lacs+","Rs 2,04,000 ~ 2 Lacs+"
1012,1762,Patel Rameshbhai Prahladbhai  (dudhwala),https://myneta.info/gujarat2012/candidate.php?candidate_id=1762,GHATLODIA,INC,0,Graduate,"Rs 10,35,93,076 ~ 10 Crore+","Rs 1,45,89,141 ~ 1 Crore+"
1013,1135,Patel Rejendrabhao Parabubhai,https://myneta.info/gujarat2012/candidate.php?candidate_id=1135,CHORYASI,BJP,0,10th Pass,"Rs 31,81,75,523 ~ 31 Crore+","Rs 7,99,049 ~ 7 Lacs+"
1014,2328,Patel Rohitbhai   (i.e. Ghanshyambhai)  Ambalal,https://myneta.info/gujarat2012/candidate.php?candidate_id=2328,VAGHODIA,IND,0,8th Pass,"Rs 2,36,30,724 ~ 2 Crore+","Rs 4,30,452 ~ 4 Lacs+"
1015,279,Patel Sandipaben Bhanabhai,https://myneta.info/gujarat2012/candidate.php?candidate_id=279,VALSAD,Indian Front,0,10th Pass,"Rs 2,57,000 ~ 2 Lacs+",Rs 0 ~
1016,1779,Patel Sanjaybhai Haribhai,https://myneta.info/gujarat2012/candidate.php?candidate_id=1779,MATAR,INC,0,Others,"Rs 3,37,22,858 ~ 3 Crore+","Rs 37,15,666 ~ 37 Lacs+"
1017,1137,Patel Satisbhai Champakbhai,https://myneta.info/gujarat2012/candidate.php?candidate_id=1137,CHORYASI,INC,0,8th Pass,https://myneta.info/image_v2.php?myneta_folder=gujarat2012&candidate_id=1137&col=ta,https://myneta.info/image_v2.php?myneta_folder=gujarat2012&candidate_id=1137&col=lia
1018,1570,Patel Satishbhai Motibhai,https://myneta.info/gujarat2012/candidate.php?candidate_id=1570,KARJAN,BJP,1,12th Pass,"Rs 8,17,24,470 ~ 8 Crore+","Rs 19,84,000 ~ 19 Lacs+"
1019,141,Patel Shaileshbhai Gandabhai,https://myneta.info/gujarat2012/candidate.php?candidate_id=141,VALSAD,JD(U),0,8th Pass,"Rs 23,54,100 ~ 23 Lacs+",Rs 560 ~ 5 Hund+
1020,289,Patel Shantilal Becharbhai,https://myneta.info/gujarat2012/candidate.php?candidate_id=289,OLPAD,GPP,0,10th Pass,"Rs 94,43,466 ~ 94 Lacs+","Rs 7,73,000 ~ 7 Lacs+"
1021,1998,Patel Siddharth Chimanbhai,https://myneta.info/gujarat2012/candidate.php?candidate_id=1998,DABHOI,INC,0,Graduate Professional,"Rs 71,74,58,622 ~ 71 Crore+","Rs 2,49,51,700 ~ 2 Crore+"
1022,2286,Patel Sunilbhai  Mahendrabhai,https://myneta.info/gujarat2012/candidate.php?candidate_id=2286,UMRETH,IND,0,12th Pass,"Rs 51,000 ~ 51 Thou+",Rs 0 ~
1023,2146,Patel Sureshkumar  Jyantilal,https://myneta.info/gujarat2012/candidate.php?candidate_id=2146,MODASA,IND,0,12th Pass,"Rs 1,80,000 ~ 1 Lacs+",Rs 0 ~
1024,1759,Patel Sureshkumar Chaturdas,https://myneta.info/gujarat2012/candidate.php?candidate_id=1759,GANDHINAGAR NORTH,INC,0,12th Pass,"Rs 3,52,99,992 ~ 3 Crore+","Rs 98,597 ~ 98 Thou+"
1025,1478,Patel Umesh Champaklal,https://myneta.info/gujarat2012/candidate.php?candidate_id=1478,SOMNATH,IND,0,Graduate Professional,"Rs 24,64,000 ~ 24 Lacs+","Rs 4,73,911 ~ 4 Lacs+"
1026,538,Patel Umeshbhai Maganbhai,https://myneta.info/gujarat2012/candidate.php?candidate_id=538,DHARAMPUR (ST),JD(U),0,12th Pass,https://myneta.info/image_v2.php?myneta_folder=gujarat2012&candidate_id=538&col=ta,https://myneta.info/image_v2.php?myneta_folder=gujarat2012&candidate_id=538&col=lia
1027,1152,Patel Ushaben Babubhai,https://myneta.info/gujarat2012/candidate.php?candidate_id=1152,SURAT WEST ,INC,0,10th Pass,"Rs 5,95,72,471 ~ 5 Crore+",Rs 0 ~
1028,1859,Patel Vaghajibhai Dharamshibhai,https://myneta.info/gujarat2012/candidate.php?candidate_id=1859,RAPAR,BJP,0,5th Pass,"Rs 2,43,49,087 ~ 2 Crore+",Rs 0 ~
1029,2029,Patel Vasantkumar Babaldas,https://myneta.info/gujarat2012/candidate.php?candidate_id=2029,NIKOL,GPP,0,Post Graduate,"Rs 2,08,89,978 ~ 2 Crore+","Rs 3,60,000 ~ 3 Lacs+"
1030,1370,Patel Vijaybhai Rameshbhai,https://myneta.info/gujarat2012/candidate.php?candidate_id=1370,DANGS (ST),BJP,0,Graduate,"Rs 1,10,50,866 ~ 1 Crore+","Rs 20,00,000 ~ 20 Lacs+"
1031,1108,Patel Vimal Nanubhai,https://myneta.info/gujarat2012/candidate.php?candidate_id=1108,NAVSARI ,IND,0,12th Pass,"Rs 50,000 ~ 50 Thou+",Rs 0 ~
1032,1003,Patel Vimleshbhai Vinodbhai,https://myneta.info/gujarat2012/candidate.php?candidate_id=1003,MANDVI (ST) ,GPP,0,10th Pass,"Rs 15,25,000 ~ 15 Lacs+",Rs 0 ~
1033,1909,Patel Vinodkumar Danjibhai,https://myneta.info/gujarat2012/candidate.php?candidate_id=1909,VATVA,GPP,0,Graduate,"Rs 96,88,999 ~ 96 Lacs+","Rs 22,00,000 ~ 22 Lacs+"
1034,1602,Patel Vipulkumar Vinubhai,https://myneta.info/gujarat2012/candidate.php?candidate_id=1602,SOJITRA,BJP,0,12th Pass,"Rs 1,35,54,357 ~ 1 Crore+",Rs 0 ~
1035,1102,Patel Virsadbhai Ramanbhai,https://myneta.info/gujarat2012/candidate.php?candidate_id=1102,PARDI,GPP,0,10th Pass,https://myneta.info/image_v2.php?myneta_folder=gujarat2012&candidate_id=1102&col=ta,https://myneta.info/image_v2.php?myneta_folder=gujarat2012&candidate_id=1102&col=lia
1036,1905,Patel Vishnubhai Ranchoddas,https://myneta.info/gujarat2012/candidate.php?candidate_id=1905,AMRAIWADI ,GPP,0,8th Pass,"Rs 79,86,000 ~ 79 Lacs+","Rs 7,00,000 ~ 7 Lacs+"
1037,1572,Patel Yogeshbhai Narayanbhai,https://myneta.info/gujarat2012/candidate.php?candidate_id=1572,MANJALPUR,BJP,1,10th Pass,"Rs 11,72,90,803 ~ 11 Crore+","Rs 71,98,090 ~ 71 Lacs+"
1038,139,Pathak Arun Sheshram,https://myneta.info/gujarat2012/candidate.php?candidate_id=139,UDHNA,IND,1,10th Pass,"Rs 2,54,536 ~ 2 Lacs+",Rs 0 ~
1039,2300,Pathan  Firodaskhan  Yasinkhan,https://myneta.info/gujarat2012/candidate.php?candidate_id=2300,MATAR,IND,0,8th Pass,"Rs 5,20,000 ~ 5 Lacs+",Rs 0 ~
1040,1919,Pathan Abdulhaneefkhan Abdulwahidkhan,https://myneta.info/gujarat2012/candidate.php?candidate_id=1919,MAHUDHA,SP,0,8th Pass,"Rs 26,75,000 ~ 26 Lacs+","Rs 6,00,000 ~ 6 Lacs+"
1041,193,Pathan Bismilla Abdulkhan,https://myneta.info/gujarat2012/candidate.php?candidate_id=193,RAJKOT SOUTH,IND,0,8th Pass,"Rs 1,000 ~ 1 Thou+",Rs 0 ~
1042,106,Pathan Fakiryasin Jomanbhai,https://myneta.info/gujarat2012/candidate.php?candidate_id=106,OLPAD,IND,0,10th Pass,"Rs 13,45,000 ~ 13 Lacs+",Rs 0 ~
1043,1915,Pathan Iltekafhusain Habibkhan	,https://myneta.info/gujarat2012/candidate.php?candidate_id=1915,MEHMEDABAD,BSP,0,Graduate,"Rs 3,00,000 ~ 3 Lacs+","Rs 8,000 ~ 8 Thou+"
1044,2231,Pathan Jafarkhan Jabbarkhan,https://myneta.info/gujarat2012/candidate.php?candidate_id=2231,BAPUNAGAR,IND,15,Literate,https://myneta.info/image_v2.php?myneta_folder=gujarat2012&candidate_id=2231&col=ta,https://myneta.info/image_v2.php?myneta_folder=gujarat2012&candidate_id=2231&col=lia
1045,1268,Pathan Mahemudkha Chandbhai,https://myneta.info/gujarat2012/candidate.php?candidate_id=1268,BHAVNAGAR WEST,IND,0,Literate,"Rs 25,000 ~ 25 Thou+",Rs 0 ~
1046,1930,Pathan Majhar Raheman Arjumandkhan,https://myneta.info/gujarat2012/candidate.php?candidate_id=1930,JAMALPUR- KHADIA,BSP,0,Graduate Professional,"Rs 1,55,000 ~ 1 Lacs+",Rs 0 ~
1047,2195,Pathan Mominkhan  Ashrafkhan,https://myneta.info/gujarat2012/candidate.php?candidate_id=2195,VATVA,IND,0,10th Pass,"Rs 3,12,78,654 ~ 3 Crore+",Rs 0 ~
1048,1913,Pathan Rizwanabanu Basidar Ahemadkhan,https://myneta.info/gujarat2012/candidate.php?candidate_id=1913,NADIAD,SP,0,12th Pass,"Rs 17,000 ~ 17 Thou+",Rs 0 ~
1049,1714,Pathan Sabina Irfan	,https://myneta.info/gujarat2012/candidate.php?candidate_id=1714,SAYAJIGUNJ,SP,0,8th Pass,"Rs 49,71,776 ~ 49 Lacs+","Rs 9,40,253 ~ 9 Lacs+"
1050,2211,Pathan Salmankhan  Samikhan,https://myneta.info/gujarat2012/candidate.php?candidate_id=2211,NIKOL,IJP,0,5th Pass,"Rs 1,000 ~ 1 Thou+",Rs 0 ~
1051,1154,Pathan Samsherkhan Chandkhan,https://myneta.info/gujarat2012/candidate.php?candidate_id=1154,KATARGAM,SP,0,8th Pass,"Rs 3,08,667 ~ 3 Lacs+","Rs 1,00,000 ~ 1 Lacs+"
1052,1184,Patil Sangitaben Rajendrabhai,https://myneta.info/gujarat2012/candidate.php?candidate_id=1184,LIMBAYAT ,BJP,0,8th Pass,"Rs 28,62,399 ~ 28 Lacs+","Rs 1,75,000 ~ 1 Lacs+"
1053,1173,Patil Vilas Subhash,https://myneta.info/gujarat2012/candidate.php?candidate_id=1173,UDHNA,IND,1,Graduate,https://myneta.info/image_v2.php?myneta_folder=gujarat2012&candidate_id=1173&col=ta,https://myneta.info/image_v2.php?myneta_folder=gujarat2012&candidate_id=1173&col=lia
1054,1085,Patkar Ramanlal Nanubhai,https://myneta.info/gujarat2012/candidate.php?candidate_id=1085,UMBERGAON  (ST) ,BJP,0,8th Pass,"Rs 93,52,903 ~ 93 Lacs+","Rs 11,57,506 ~ 11 Lacs+"
1055,2034,Patni Mukeshbhai Laxmanbhai,https://myneta.info/gujarat2012/candidate.php?candidate_id=2034,BAPUNAGAR,GPP,2,Graduate,"Rs 44,44,000 ~ 44 Lacs+",Rs 0 ~
1056,1035,Patole Milin,https://myneta.info/gujarat2012/candidate.php?candidate_id=1035,SURAT NORTH ,BSP,0,10th Pass,"Rs 3,05,800 ~ 3 Lacs+",Rs 0 ~
1057,2222,Pavan  Lakhani,https://myneta.info/gujarat2012/candidate.php?candidate_id=2222,THAKKARBAPA NAGAR,RSP(S),0,12th Pass,"Rs 7,37,000 ~ 7 Lacs+",Rs 0 ~
1058,2263,Pavanbhai Shravanbhai Makan,https://myneta.info/gujarat2012/candidate.php?candidate_id=2263,MANINAGAR,IND,1,10th Pass,"Rs 30,49,000 ~ 30 Lacs+","Rs 10,00,000 ~ 10 Lacs+"
1059,140,Pawar Bhaskar Bhikhaji,https://myneta.info/gujarat2012/candidate.php?candidate_id=140,MAJURA ,BSP,0,Literate,"Rs 1,34,000 ~ 1 Lacs+",Rs 0 ~
1060,1363,Pawar Dineshbhai Gulabbhai,https://myneta.info/gujarat2012/candidate.php?candidate_id=1363,DANGS (ST),JD(U),0,10th Pass,"Rs 1,000 ~ 1 Thou+",Rs 0 ~
1061,1443,Piprotar Hirabhai Khimabhai,https://myneta.info/gujarat2012/candidate.php?candidate_id=1443,KHAMBHALIA ,IND,0,5th Pass,"Rs 9,12,184 ~ 9 Lacs+","Rs 30,969 ~ 30 Thou+"
1062,315,Pirjada Kadir Kyamuddin,https://myneta.info/gujarat2012/candidate.php?candidate_id=315,SURAT EAST ,INC,0,Graduate Professional,https://myneta.info/image_v2.php?myneta_folder=gujarat2012&candidate_id=315&col=ta,https://myneta.info/image_v2.php?myneta_folder=gujarat2012&candidate_id=315&col=lia
1063,217,Pirzada Mahamadjavid Abdulmutalib	,https://myneta.info/gujarat2012/candidate.php?candidate_id=217,WANKANER,INC,5,Graduate Professional,"Rs 48,85,000 ~ 48 Lacs+","Rs 40,000 ~ 40 Thou+"
1064,1963,Piyaja Mohanbhai Maganbhai,https://myneta.info/gujarat2012/candidate.php?candidate_id=1963,ASARWA (SC),BSP,1,Graduate Professional,"Rs 2,19,24,889 ~ 2 Crore+","Rs 8,71,480 ~ 8 Lacs+"
1065,162,Ponda Geeta Chetan,https://myneta.info/gujarat2012/candidate.php?candidate_id=162,BHAVNAGAR EAST,IND,0,Graduate,"Rs 1,95,425 ~ 1 Lacs+","Rs 47,000 ~ 47 Thou+"
1066,2363,Pothiya Sabirbhai,https://myneta.info/gujarat2012/candidate.php?candidate_id=2363,KARJAN,IND,0,Not Given,"Rs 35,000 ~ 35 Thou+",Rs 0 ~
1067,984,Pradhan Pitambar Trinath,https://myneta.info/gujarat2012/candidate.php?candidate_id=984,OLPAD,IND,0,Graduate,"Rs 7,37,500 ~ 7 Lacs+",Rs 0 ~
1068,1581,Pradipsinh Bhagavatsinh Jadeja,https://myneta.info/gujarat2012/candidate.php?candidate_id=1581,VATVA,BJP,1,Graduate,"Rs 2,95,93,174 ~ 2 Crore+",Rs 0 ~
1069,1009,Prafulbhai Chhaganbhai Pansheriya,https://myneta.info/gujarat2012/candidate.php?candidate_id=1009,KAMREJ,BJP,0,Graduate Professional,"Rs 12,84,72,842 ~ 12 Crore+","Rs 3,09,668 ~ 3 Lacs+"
1070,2301,Prajapati  Sumitraben  Nareshbhal,https://myneta.info/gujarat2012/candidate.php?candidate_id=2301,MATAR,IND,0,5th Pass,"Rs 11,93,254 ~ 11 Lacs+",Rs 0 ~
1071,1713,Prajapati Areshkumar Rameshchandra,https://myneta.info/gujarat2012/candidate.php?candidate_id=1713,AKOTA,GPP,0,10th Pass,https://myneta.info/image_v2.php?myneta_folder=gujarat2012&candidate_id=1713&col=ta,https://myneta.info/image_v2.php?myneta_folder=gujarat2012&candidate_id=1713&col=lia
1072,1511,Prajapati Govindbhai Madhavlal,https://myneta.info/gujarat2012/candidate.php?candidate_id=1511,PALANPUR,BJP,0,Graduate Professional,"Rs 1,92,68,256 ~ 1 Crore+","Rs 85,734 ~ 85 Thou+"
1073,1155,Prajapati Haribhai Joitaram,https://myneta.info/gujarat2012/candidate.php?candidate_id=1155,KATARGAM,Navin Bharat Nirman Manch,0,8th Pass,"Rs 37,48,000 ~ 37 Lacs+",Rs 0 ~
1074,2077,Prajapati Jitendrakumar Jayantibhai,https://myneta.info/gujarat2012/candidate.php?candidate_id=2077,CHANASMA,IND,0,12th Pass,"Rs 9,10,000 ~ 9 Lacs+","Rs 1,10,000 ~ 1 Lacs+"
1075,2086,Prajapati Lilaben Dashrathbhai,https://myneta.info/gujarat2012/candidate.php?candidate_id=2086,PATAN,IND,0,Literate,"Rs 16,91,000 ~ 16 Lacs+",Rs 0 ~
1076,2168,Prajapati Vitthalbhai Viradas,https://myneta.info/gujarat2012/candidate.php?candidate_id=2168,MANSA,IND,0,10th Pass,"Rs 32,58,554 ~ 32 Lacs+",Rs 0 ~
1077,2297,Pravinchandra  Ishwarlal Anjara,https://myneta.info/gujarat2012/candidate.php?candidate_id=2297,SOJITRA,IND,0,12th Pass,"Rs 5,000 ~ 5 Thou+",Rs 0 ~
1078,2196,Prem Yogendrabhai  Thakkar,https://myneta.info/gujarat2012/candidate.php?candidate_id=2196,VATVA,IND,0,10th Pass,"Rs 3,10,000 ~ 3 Lacs+",Rs 0 ~
1079,2071,Pujara Jasvantlal Mumjibhai,https://myneta.info/gujarat2012/candidate.php?candidate_id=2071,RADHANPUR,IND,0,10th Pass,"Rs 18,16,360 ~ 18 Lacs+",Rs 0 ~
1080,1560,Punabhai Jesingbhai Baria,https://myneta.info/gujarat2012/candidate.php?candidate_id=1560,LIMKHEDA (ST),INC,2,Literate,https://myneta.info/image_v2.php?myneta_folder=gujarat2012&candidate_id=1560&col=ta,https://myneta.info/image_v2.php?myneta_folder=gujarat2012&candidate_id=1560&col=lia
1081,1778,Punambhai Madhabhai Parmar,https://myneta.info/gujarat2012/candidate.php?candidate_id=1778,SOJITRA,INC,0,10th Pass,"Rs 1,55,21,363 ~ 1 Crore+","Rs 7,87,000 ~ 7 Lacs+"
1082,1944,Purohit Hemantkumar Chandrakant,https://myneta.info/gujarat2012/candidate.php?candidate_id=1944,ANKLAV,BSP,0,Graduate,"Rs 3,50,415 ~ 3 Lacs+","Rs 17,000 ~ 17 Thou+"
1083,1515,Purohit Vasantbhai Ranchhodji,https://myneta.info/gujarat2012/candidate.php?candidate_id=1515,DHANERA,BJP,0,Graduate Professional,"Rs 71,84,728 ~ 71 Lacs+","Rs 14,96,757 ~ 14 Lacs+"
1084,2334,Purohit Vinaykumar  Ramanbhai(advocate),https://myneta.info/gujarat2012/candidate.php?candidate_id=2334,DABHOI,IND,0,Graduate,"Rs 31,45,390 ~ 31 Lacs+",Rs 0 ~
1085,1940,Purshottambhai Mathurbhai Chauhan,https://myneta.info/gujarat2012/candidate.php?candidate_id=1940,KHAMBHAT,BSP,0,Others,"Rs 47,51,017 ~ 47 Lacs+",Rs 0 ~
1086,2360,Rabari  Abhesingbhai  Ishwarbhai,https://myneta.info/gujarat2012/candidate.php?candidate_id=2360,PADRA,IND,0,10th Pass,"Rs 45,53,600 ~ 45 Lacs+","Rs 7,00,000 ~ 7 Lacs+"
1087,1547,Rabari Govabhai Hamirabhai,https://myneta.info/gujarat2012/candidate.php?candidate_id=1547,DEODAR,INC,3,5th Pass,"Rs 2,66,06,102 ~ 2 Crore+","Rs 4,57,472 ~ 4 Lacs+"
1088,1946,Rabari Hiteshkumar Laljibhai,https://myneta.info/gujarat2012/candidate.php?candidate_id=1946,ANKLAV,JD(U),0,12th Pass,"Rs 2,95,000 ~ 2 Lacs+",Rs 0 ~
1089,156,Radadiya Jayeshbhai Vithalbhai,https://myneta.info/gujarat2012/candidate.php?candidate_id=156,JETPUR,INC,2,Graduate Professional,https://myneta.info/image_v2.php?myneta_folder=gujarat2012&candidate_id=156&col=ta,https://myneta.info/image_v2.php?myneta_folder=gujarat2012&candidate_id=156&col=lia
1090,2183,Rahul Chimanbhai Mehta,https://myneta.info/gujarat2012/candidate.php?candidate_id=2183,GHATLODIA,IND,0,Graduate,"Rs 4,60,00,000 ~ 4 Crore+",Rs 0 ~
1091,207,Rai Dahnajay Jaganah,https://myneta.info/gujarat2012/candidate.php?candidate_id=207,CHORYASI,SP,1,10th Pass,"Rs 11,44,721 ~ 11 Lacs+",Rs 0 ~
1092,840,Raiyani Dineshbhai Maganbhai,https://myneta.info/gujarat2012/candidate.php?candidate_id=840,DHARI,IND,0,Literate,"Rs 40,54,654 ~ 40 Lacs+","Rs 1,37,678 ~ 1 Lacs+"
1093,2293,Raj Dilipsinh Somsinh,https://myneta.info/gujarat2012/candidate.php?candidate_id=2293,ANAND,IND,0,Doctorate,"Rs 2,25,50,000 ~ 2 Crore+","Rs 7,00,000 ~ 7 Lacs+"
1094,2162,Raj Prajapati,https://myneta.info/gujarat2012/candidate.php?candidate_id=2162,GANDHINAGAR NORTH,IND,0,12th Pass,"Rs 2,23,000 ~ 2 Lacs+","Rs 43,000 ~ 43 Thou+"
1095,654,Rajani Atulbhai R,https://myneta.info/gujarat2012/candidate.php?candidate_id=654,RAJKOT WEST,INC,1,10th Pass,"Rs 96,14,603 ~ 96 Lacs+",Rs 0 ~
1096,804,Rajasibhai Virabhai Jotava,https://myneta.info/gujarat2012/candidate.php?candidate_id=804,SOMNATH,BJP,0,Graduate,"Rs 77,03,508 ~ 77 Lacs+","Rs 4,25,000 ~ 4 Lacs+"
1097,1177,Rajdip Jamirkhan Zafarkhan	,https://myneta.info/gujarat2012/candidate.php?candidate_id=1177,LIMBAYAT ,NCP,0,10th Pass,"Rs 76,94,956 ~ 76 Lacs+","Rs 16,21,320 ~ 16 Lacs+"
1098,1790,Rajendrasinh C. Jadav,https://myneta.info/gujarat2012/candidate.php?candidate_id=1790,KALOL,INC,0,12th Pass,https://myneta.info/image_v2.php?myneta_folder=gujarat2012&candidate_id=1790&col=ta,https://myneta.info/image_v2.php?myneta_folder=gujarat2012&candidate_id=1790&col=lia
1099,1317,Rajendrasinh Gumansinh Deshmukh,https://myneta.info/gujarat2012/candidate.php?candidate_id=1317,DEDIAPADA  (ST),IND,0,12th Pass,"Rs 44,80,956 ~ 44 Lacs+",Rs 0 ~
1100,748,Rajesh Karshanbhai Postariya,https://myneta.info/gujarat2012/candidate.php?candidate_id=748,PORBANDAR,IND,0,8th Pass,"Rs 10,16,293 ~ 10 Lacs+","Rs 4,00,000 ~ 4 Lacs+"
1101,223,Rajesh Ravji Sondarava,https://myneta.info/gujarat2012/candidate.php?candidate_id=223,DHORAJI,DBSP,2,8th Pass,"Rs 2,20,000 ~ 2 Lacs+","Rs 40,000 ~ 40 Thou+"
1102,799,Rajeshbhai Naranbhai Chudasama,https://myneta.info/gujarat2012/candidate.php?candidate_id=799,MANGROL ,BJP,1,12th Pass,"Rs 51,00,662 ~ 51 Lacs+","Rs 1,84,590 ~ 1 Lacs+"
1103,708,Rajeshbhai Somabhai Kaladia,https://myneta.info/gujarat2012/candidate.php?candidate_id=708,DHORAJI,IND,0,8th Pass,"Rs 2,00,000 ~ 2 Lacs+",Rs 0 ~
1104,123,Rajeshbhai Vasantbhai Bhamani,https://myneta.info/gujarat2012/candidate.php?candidate_id=123,BHAVNAGAR WEST,IND,0,Post Graduate,"Rs 21,30,000 ~ 21 Lacs+",Rs 0 ~
1105,1656,Rajgor Bharatbhai Kalubhai,https://myneta.info/gujarat2012/candidate.php?candidate_id=1656,DEODAR,SP,0,10th Pass,"Rs 1,57,65,000 ~ 1 Crore+","Rs 2,50,000 ~ 2 Lacs+"
1106,1845,Rajgor Tejashkumar Champaklal,https://myneta.info/gujarat2012/candidate.php?candidate_id=1845,BHUJ,IND,0,5th Pass,"Rs 94,576 ~ 94 Thou+",Rs 0 ~
1107,647,Rajguru Indranil Sanjaybhai,https://myneta.info/gujarat2012/candidate.php?candidate_id=647,RAJKOT EAST,INC,5,12th Pass,https://myneta.info/image_v2.php?myneta_folder=gujarat2012&candidate_id=647&col=ta,https://myneta.info/image_v2.php?myneta_folder=gujarat2012&candidate_id=647&col=lia
1108,1594,Rajnikant Mohanlal Patel,https://myneta.info/gujarat2012/candidate.php?candidate_id=1594,ASARWA (SC),BJP,0,Post Graduate,"Rs 1,82,98,669 ~ 1 Crore+",Rs 0 ~
1109,1864,Rajput Babubhai Bhavanbhai,https://myneta.info/gujarat2012/candidate.php?candidate_id=1864,RAPAR,IND,0,12th Pass,"Rs 14,56,432 ~ 14 Lacs+","Rs 2,45,047 ~ 2 Lacs+"
1110,523,Rajput Dhansukhbhai Bhagvatiprasad,https://myneta.info/gujarat2012/candidate.php?candidate_id=523,UDHNA,INC,0,12th Pass,"Rs 2,40,62,883 ~ 2 Crore+","Rs 16,02,200 ~ 16 Lacs+"
1111,2094,Rajput Kiritkumar Laxmansinh,https://myneta.info/gujarat2012/candidate.php?candidate_id=2094,KHERALU,IND,0,Graduate Professional,"Rs 44,43,801 ~ 44 Lacs+","Rs 55,000 ~ 55 Thou+"
1112,1117,Rajvadi Rajnikant Parbhubhai,https://myneta.info/gujarat2012/candidate.php?candidate_id=1117,MAHUVA (ST) ,GPP,0,12th Pass,"Rs 1,12,37,100 ~ 1 Crore+",Rs 0 ~
1113,2279,Rajyaguru Kiritbhai  Vrajlal,https://myneta.info/gujarat2012/candidate.php?candidate_id=2279,DASKROI,IND,2,12th Pass,"Rs 1,29,78,000 ~ 1 Crore+","Rs 5,00,000 ~ 5 Lacs+"
1114,1582,Rakesh Jashwantlal Shah,https://myneta.info/gujarat2012/candidate.php?candidate_id=1582,ELLISBRIDGE,BJP,0,Graduate,"Rs 95,40,224 ~ 95 Lacs+","Rs 2,20,422 ~ 2 Lacs+"
1115,1374,Ram Bhagavanbhai Jesabhai,https://myneta.info/gujarat2012/candidate.php?candidate_id=1374,RAJULA,IND,0,Literate,"Rs 2,58,60,000 ~ 2 Crore+","Rs 3,00,000 ~ 3 Lacs+"
1116,1532,Ramanlal Ishvarlal Vora,https://myneta.info/gujarat2012/candidate.php?candidate_id=1532,IDAR (SC),BJP,0,Graduate,https://myneta.info/image_v2.php?myneta_folder=gujarat2012&candidate_id=1532&col=ta,https://myneta.info/image_v2.php?myneta_folder=gujarat2012&candidate_id=1532&col=lia
1117,1617,Rameshbhai Bhurabhai Katara,https://myneta.info/gujarat2012/candidate.php?candidate_id=1617,FATEPURA (ST),BJP,0,Post Graduate,"Rs 6,00,000 ~ 6 Lacs+",Rs 0 ~
1118,1346,Rameshbhai Karshanbhai Baldha,https://myneta.info/gujarat2012/candidate.php?candidate_id=1346,JETPUR,GPP,1,8th Pass,"Rs 39,45,659 ~ 39 Lacs+","Rs 3,97,000 ~ 3 Lacs+"
1119,816,Ramjibhai Gangabhai Sosa,https://myneta.info/gujarat2012/candidate.php?candidate_id=816,KODINAR (SC),IND,0,Graduate,"Rs 3,99,000 ~ 3 Lacs+",Rs 0 ~
1120,77,Ramjibhai Jivabhai Rathod,https://myneta.info/gujarat2012/candidate.php?candidate_id=77,TANKARA,RPI,0,Literate,"Rs 7,00,000 ~ 7 Lacs+",Rs 0 ~
1121,706,Ramnikbhai Vallabhbhai Sojitra,https://myneta.info/gujarat2012/candidate.php?candidate_id=706,DHORAJI,IND,0,Graduate Professional,"Rs 81,70,990 ~ 81 Lacs+","Rs 1,00,000 ~ 1 Lacs+"
1122,953,Rana Arunsinh Ajitsinh,https://myneta.info/gujarat2012/candidate.php?candidate_id=953,VAGRA,BJP,1,10th Pass,"Rs 7,19,31,584 ~ 7 Crore+","Rs 1,94,54,099 ~ 1 Crore+"
1123,1070,Rana Chandrakant Pranjivandas,https://myneta.info/gujarat2012/candidate.php?candidate_id=1070,JALALPORE,GPP,0,Graduate Professional,"Rs 24,22,520 ~ 24 Lacs+","Rs 2,53,043 ~ 2 Lacs+"
1124,1021,Rana Deepak Kashiram,https://myneta.info/gujarat2012/candidate.php?candidate_id=1021,SURAT EAST  ,GPP,0,Graduate Professional,"Rs 12,43,73,214 ~ 12 Crore+","Rs 1,09,20,046 ~ 1 Crore+"
1125,956,Rana Gajanfarali Mansinhji,https://myneta.info/gujarat2012/candidate.php?candidate_id=956,VAGRA,LJSP,0,8th Pass,https://myneta.info/image_v2.php?myneta_folder=gujarat2012&candidate_id=956&col=ta,https://myneta.info/image_v2.php?myneta_folder=gujarat2012&candidate_id=956&col=lia
1126,586,Rana Kiritsinh Jitubha,https://myneta.info/gujarat2012/candidate.php?candidate_id=586,LIMBDI,BJP,0,10th Pass,"Rs 2,12,31,350 ~ 2 Crore+",Rs 0 ~
1127,167,Rana Upendrasinh Pratapsinh,https://myneta.info/gujarat2012/candidate.php?candidate_id=167,JAMBUSAR,BSP,0,Graduate,"Rs 17,50,000 ~ 17 Lacs+",Rs 0 ~
1128,1653,Ranera Ajmalji Nathuji,https://myneta.info/gujarat2012/candidate.php?candidate_id=1653,DEESA,GPP,0,10th Pass,"Rs 23,77,000 ~ 23 Lacs+","Rs 50,000 ~ 50 Thou+"
1129,120,Ranjit Naranbhai Vinjuda(vakil),https://myneta.info/gujarat2012/candidate.php?candidate_id=120,DHORAJI,IND,0,Graduate,"Rs 6,05,000 ~ 6 Lacs+",Rs 0 ~
1130,2020,Rathava Amitkumar Majalabhai,https://myneta.info/gujarat2012/candidate.php?candidate_id=2020,JETPUR (ST),GPP,0,Others,"Rs 2,27,200 ~ 2 Lacs+",Rs 0 ~
1131,1726,Rathava Maganbhai Chathiyabhai	,https://myneta.info/gujarat2012/candidate.php?candidate_id=1726,JETPUR (ST),BSP,0,10th Pass,"Rs 35,000 ~ 35 Thou+",Rs 0 ~
1132,1725,Rathava Namalabhai Gurajibhai	,https://myneta.info/gujarat2012/candidate.php?candidate_id=1725,JETPUR (ST),JD(U),0,8th Pass,"Rs 6,00,000 ~ 6 Lacs+",Rs 0 ~
1133,1795,Rathava Sukhrambhai Hariyabhai,https://myneta.info/gujarat2012/candidate.php?candidate_id=1795,JETPUR (ST),INC,1,10th Pass,"Rs 1,19,70,540 ~ 1 Crore+",Rs 0 ~
1134,2331,Rathava Vajesingbhai Lachhubhai,https://myneta.info/gujarat2012/candidate.php?candidate_id=2331,JETPUR (ST),IND,0,Literate,https://myneta.info/image_v2.php?myneta_folder=gujarat2012&candidate_id=2331&col=ta,https://myneta.info/image_v2.php?myneta_folder=gujarat2012&candidate_id=2331&col=lia
1135,2270,Rathod  Naranbhai  Lavjibhai,https://myneta.info/gujarat2012/candidate.php?candidate_id=2270,ASARWA (SC),IND,0,10th Pass,"Rs 6,00,000 ~ 6 Lacs+",Rs 0 ~
1136,2130,Rathod  Ramsinh  Parabatsinh,https://myneta.info/gujarat2012/candidate.php?candidate_id=2130,HIMATNAGAR,IND,0,Graduate,"Rs 10,21,16,000 ~ 10 Crore+","Rs 8,00,000 ~ 8 Lacs+"
1137,2271,Rathod  Yogeshkumar  Kantilal,https://myneta.info/gujarat2012/candidate.php?candidate_id=2271,ASARWA (SC),IND,0,Graduate,"Rs 10,91,584 ~ 10 Lacs+",Rs 0 ~
1138,1639,Rathod Ababhai Miyajar,https://myneta.info/gujarat2012/candidate.php?candidate_id=1639,RAPAR,BSP,0,Literate,"Rs 3,60,000 ~ 3 Lacs+",Rs 0 ~
1139,1742,Rathod Bhavsinhbhai Dahyabhai,https://myneta.info/gujarat2012/candidate.php?candidate_id=1742,RADHANPUR,INC,0,5th Pass,"Rs 88,25,800 ~ 88 Lacs+","Rs 30,19,863 ~ 30 Lacs+"
1140,962,Rathod Dharmanarayan Lalaram,https://myneta.info/gujarat2012/candidate.php?candidate_id=962,BHARUCH,Rashtriya Krantikari Samajwadi Party,0,10th Pass,"Rs 20,35,308 ~ 20 Lacs+","Rs 10,00,000 ~ 10 Lacs+"
1141,126,Rathod Govindbhai Laxmanbhai (rickshawala),https://myneta.info/gujarat2012/candidate.php?candidate_id=126,NAVSARI ,IND,0,5th Pass,"Rs 17,55,000 ~ 17 Lacs+","Rs 1,00,000 ~ 1 Lacs+"
1142,1672,Rathod Harshadbhai Shantilal	,https://myneta.info/gujarat2012/candidate.php?candidate_id=1672,DAHEGAM,BSP,0,8th Pass,"Rs 65,000 ~ 65 Thou+",Rs 0 ~
1143,1434,Rathod Hasmukh Chaganbhai,https://myneta.info/gujarat2012/candidate.php?candidate_id=1434,JAMJODHPUR,IND,0,10th Pass,https://myneta.info/image_v2.php?myneta_folder=gujarat2012&candidate_id=1434&col=ta,https://myneta.info/image_v2.php?myneta_folder=gujarat2012&candidate_id=1434&col=lia
1144,2157,Rathod Jeshangbhai Bijalbhai,https://myneta.info/gujarat2012/candidate.php?candidate_id=2157,DAHEGAM,IND,0,Literate,"Rs 1,05,000 ~ 1 Lacs+",Rs 0 ~
1145,163,Rathod Jesingbhai Devshibhai,https://myneta.info/gujarat2012/candidate.php?candidate_id=163,BHAVNAGAR EAST,IND,0,Graduate,"Rs 1,74,125 ~ 1 Lacs+",Rs 0 ~
1146,1454,Rathod Jiteshbhai Babubhai,https://myneta.info/gujarat2012/candidate.php?candidate_id=1454,KHAMBHALIA ,IND,0,10th Pass,"Rs 15,000 ~ 15 Thou+",Rs 0 ~
1147,828,Rathod Kalubhai Chanabhai,https://myneta.info/gujarat2012/candidate.php?candidate_id=828,UNA,BJP,2,12th Pass,"Rs 2,21,08,714 ~ 2 Crore+","Rs 53,06,993 ~ 53 Lacs+"
1148,31,Rathod Mahamdbhai Rahemanbhai,https://myneta.info/gujarat2012/candidate.php?candidate_id=31,WANKANER,BSP,0,5th Pass,"Rs 17,70,000 ~ 17 Lacs+",Rs 0 ~
1149,2312,Rathod Maheshbhai  Ramanbhai,https://myneta.info/gujarat2012/candidate.php?candidate_id=2312,MAHUDHA,IND,0,5th Pass,"Rs 54,89,000 ~ 54 Lacs+","Rs 3,75,000 ~ 3 Lacs+"
1150,1621,Rathod Mohindraben Ajitsinh	,https://myneta.info/gujarat2012/candidate.php?candidate_id=1621,GARBADA (ST) ,BJP,0,12th Pass,"Rs 38,04,030 ~ 38 Lacs+",Rs 0 ~
1151,233,Rathod Nagarbhai Harjibhai,https://myneta.info/gujarat2012/candidate.php?candidate_id=233,DHRANGADHRA,IND,3,Literate,"Rs 3,23,413 ~ 3 Lacs+",Rs 0 ~
1152,56,Rathod Najabhai Amrabhai ,https://myneta.info/gujarat2012/candidate.php?candidate_id=56,RAJULA,IND,0,Literate,https://myneta.info/image_v2.php?myneta_folder=gujarat2012&candidate_id=56&col=ta,https://myneta.info/image_v2.php?myneta_folder=gujarat2012&candidate_id=56&col=lia
1153,2233,Rathod Naranbhai Lavjibhai,https://myneta.info/gujarat2012/candidate.php?candidate_id=2233,BAPUNAGAR,IND,0,10th Pass,"Rs 6,00,000 ~ 6 Lacs+",Rs 0 ~
1154,2234,Rathod Piyush Harjivandas,https://myneta.info/gujarat2012/candidate.php?candidate_id=2234,BAPUNAGAR,IND,0,10th Pass,"Rs 73,500 ~ 73 Thou+",Rs 0 ~
1155,2163,Rathod Pratapsinh Varvaji,https://myneta.info/gujarat2012/candidate.php?candidate_id=2163,GANDHINAGAR NORTH,IND,0,10th Pass,"Rs 6,77,000 ~ 6 Lacs+","Rs 2,00,000 ~ 2 Lacs+"
1156,936,Rathod Pravinbhai Dayabhai,https://myneta.info/gujarat2012/candidate.php?candidate_id=936,GADHADA (SC),RPI,1,Literate,"Rs 48,500 ~ 48 Thou+",Rs 0 ~
1157,901,Rathod Pravinbhai Jinabhai,https://myneta.info/gujarat2012/candidate.php?candidate_id=901,PALITANA,INC,0,10th Pass,"Rs 7,50,000 ~ 7 Lacs+",Rs 0 ~
1158,1568,Rathod Rajendrasinh Punjsinh,https://myneta.info/gujarat2012/candidate.php?candidate_id=1568,PRANTIJ,BSP,0,Graduate,"Rs 50,000 ~ 50 Thou+",Rs 0 ~
1159,2365,Rathod Ramabhai   Mangalbhai,https://myneta.info/gujarat2012/candidate.php?candidate_id=2365,KARJAN,IND,0,5th Pass,"Rs 77,000 ~ 77 Thou+",Rs 0 ~
1160,368,Rathod Saileshbhai Harishbhai,https://myneta.info/gujarat2012/candidate.php?candidate_id=368,JAMNAGAR SOUTH,IND,0,Graduate Professional,"Rs 6,21,500 ~ 6 Lacs+",Rs 0 ~
1161,1715,Rathod Sanatanbhai Babarbhai ,https://myneta.info/gujarat2012/candidate.php?candidate_id=1715,SAYAJIGUNJ,BSP,0,10th Pass,https://myneta.info/image_v2.php?myneta_folder=gujarat2012&candidate_id=1715&col=ta,https://myneta.info/image_v2.php?myneta_folder=gujarat2012&candidate_id=1715&col=lia
1162,1353,Rathod Shamjibhai Madhabhai,https://myneta.info/gujarat2012/candidate.php?candidate_id=1353,JETPUR,DBSP,0,8th Pass,Nil,Rs 0 ~
1163,747,Rathod Valiben Kamabhai,https://myneta.info/gujarat2012/candidate.php?candidate_id=747,DWARKA,RPI,0,5th Pass,"Rs 32,50,000 ~ 32 Lacs+","Rs 75,000 ~ 75 Thou+"
1164,1898,Rathod Vijaysinh Mohansinh	,https://myneta.info/gujarat2012/candidate.php?candidate_id=1898,KALOL,IND,0,Graduate,"Rs 38,35,424 ~ 38 Lacs+","Rs 3,02,558 ~ 3 Lacs+"
1165,1892,Rathod Vikramsinh Prabhatsinh	,https://myneta.info/gujarat2012/candidate.php?candidate_id=1892,KALOL,BSP,1,8th Pass,"Rs 9,30,000 ~ 9 Lacs+","Rs 35,571 ~ 35 Thou+"
1166,1901,Rathva Gulsinh Metariyabhai	,https://myneta.info/gujarat2012/candidate.php?candidate_id=1901,HALOL,GPP,1,10th Pass,"Rs 2,19,000 ~ 2 Lacs+",Rs 0 ~
1167,1824,Rathva Juvansinh Kalubhai,https://myneta.info/gujarat2012/candidate.php?candidate_id=1824,DEVGADHBARIA,GPP,0,5th Pass,"Rs 1,73,839 ~ 1 Lacs+",Rs 0 ~
1168,2330,Rathva Maheshbhai  Mathurbhai,https://myneta.info/gujarat2012/candidate.php?candidate_id=2330,JETPUR (ST),IND,0,Others,"Rs 4,27,000 ~ 4 Lacs+",Rs 0 ~
1169,1970,Rathva Shankarbhai Vichhiyabhai,https://myneta.info/gujarat2012/candidate.php?candidate_id=1970,CHHOTA UDAIPUR (ST) ,GPP,1,Post Graduate,"Rs 71,86,280 ~ 71 Lacs+","Rs 17,00,000 ~ 17 Lacs+"
1170,1728,Rathwa Arjunbhai Versingbhai ,https://myneta.info/gujarat2012/candidate.php?candidate_id=1728,CHHOTA UDAIPUR (ST) ,JD(U),0,Post Graduate,https://myneta.info/image_v2.php?myneta_folder=gujarat2012&candidate_id=1728&col=ta,https://myneta.info/image_v2.php?myneta_folder=gujarat2012&candidate_id=1728&col=lia
1171,1971,Rathwa Rameshbhai Gopabhai,https://myneta.info/gujarat2012/candidate.php?candidate_id=1971,CHHOTA UDAIPUR (ST) ,IND,0,8th Pass,"Rs 18,80,000 ~ 18 Lacs+",Rs 0 ~
1172,767,Ratibhai Goradhanbhai Sureja,https://myneta.info/gujarat2012/candidate.php?candidate_id=767,MANAVADAR,BJP,0,8th Pass,"Rs 4,98,71,071 ~ 4 Crore+",Rs 0 ~
1173,2158,Raval Kiritkumar Natavarlal,https://myneta.info/gujarat2012/candidate.php?candidate_id=2158,DAHEGAM,IND,0,Graduate Professional,"Rs 1,34,19,000 ~ 1 Crore+",Rs 0 ~
1174,38,Ravaliya Ashvinbhai Sarmanbhai,https://myneta.info/gujarat2012/candidate.php?candidate_id=38,JUNAGADH,HINDUSTAN NIRMAN DAL,0,8th Pass,"Rs 7,55,000 ~ 7 Lacs+",Rs 0 ~
1175,1980,Ravat Naginbhai Popatbhai	,https://myneta.info/gujarat2012/candidate.php?candidate_id=1980,KADI (SC),SP,0,12th Pass,"Rs 44,39,000 ~ 44 Lacs+",Rs 0 ~
1176,873,Ravjani Arifbhai Akbarbhai,https://myneta.info/gujarat2012/candidate.php?candidate_id=873,MAHUVA,IND,0,8th Pass,"Rs 15,000 ~ 15 Thou+",Rs 0 ~
1177,813,Ravjibhai Meghabhai Vinzuda,https://myneta.info/gujarat2012/candidate.php?candidate_id=813,KODINAR (SC),BSP,0,5th Pass,"Rs 50,500 ~ 50 Thou+",Rs 0 ~
1178,938,Ripalkumar Nathubhai Helaiya,https://myneta.info/gujarat2012/candidate.php?candidate_id=938,GADHADA (SC),IND,0,Post Graduate,"Rs 65,000 ~ 65 Thou+",Rs 0 ~
1179,2337,Rohit Amrutbhai Revabhai,https://myneta.info/gujarat2012/candidate.php?candidate_id=2337,VADODARA CITY (SC) ,IND,0,Graduate,https://myneta.info/image_v2.php?myneta_folder=gujarat2012&candidate_id=2337&col=ta,https://myneta.info/image_v2.php?myneta_folder=gujarat2012&candidate_id=2337&col=lia
1180,1997,Rohit Manjulaben Madhusudan,https://myneta.info/gujarat2012/candidate.php?candidate_id=1997,VADODARA CITY (SC) ,BSP,0,10th Pass,"Rs 16,00,000 ~ 16 Lacs+","Rs 50,000 ~ 50 Thou+"
1181,1539,Rohitji Chanduji Thakor,https://myneta.info/gujarat2012/candidate.php?candidate_id=1539,DAHEGAM,BJP,2,12th Pass,"Rs 44,17,99,000 ~ 44 Crore+","Rs 13,00,000 ~ 13 Lacs+"
1182,649,Rojashra Pravin Ravjibhai,https://myneta.info/gujarat2012/candidate.php?candidate_id=649,RAJKOT EAST,IND,0,8th Pass,"Rs 13,78,785 ~ 13 Lacs+","Rs 2,50,000 ~ 2 Lacs+"
1183,1489,Rudhani Satishabhai Tulasidas,https://myneta.info/gujarat2012/candidate.php?candidate_id=1489,SOMNATH,IND,0,10th Pass,"Rs 2,40,000 ~ 2 Lacs+",Rs 0 ~
1184,221,Rudrapratapsinh Raghuvirsinh Rana,https://myneta.info/gujarat2012/candidate.php?candidate_id=221,RAJKOT SOUTH,IND,0,Post Graduate,"Rs 51,000 ~ 51 Thou+",Rs 0 ~
1185,1524,Rushikeshbhai Ganeshbhai Patel,https://myneta.info/gujarat2012/candidate.php?candidate_id=1524,VISNAGAR,BJP,0,12th Pass,"Rs 7,19,05,160 ~ 7 Crore+","Rs 1,52,81,023 ~ 1 Crore+"
1186,366,Sabhaya Tulsibhai Mavjibhai,https://myneta.info/gujarat2012/candidate.php?candidate_id=366,JAMNAGAR SOUTH,GPP,0,10th Pass,"Rs 24,24,000 ~ 24 Lacs+","Rs 2,00,000 ~ 2 Lacs+"
1187,2256,Sabirbhai Kabliwala,https://myneta.info/gujarat2012/candidate.php?candidate_id=2256,JAMALPUR- KHADIA,IND,2,8th Pass,"Rs 2,41,64,405 ~ 2 Crore+","Rs 14,40,000 ~ 14 Lacs+"
1188,2156,Sagathiya Chhaganbhai Tapubhai,https://myneta.info/gujarat2012/candidate.php?candidate_id=2156,DAHEGAM,Loktantrik Rashtravadi Party,0,Graduate Professional,https://myneta.info/image_v2.php?myneta_folder=gujarat2012&candidate_id=2156&col=ta,https://myneta.info/image_v2.php?myneta_folder=gujarat2012&candidate_id=2156&col=lia
1189,103,Sagathiya Keshavbhai Jagabhai,https://myneta.info/gujarat2012/candidate.php?candidate_id=103,GADHADA (SC),BSP,0,12th Pass,"Rs 1,30,000 ~ 1 Lacs+",Rs 0 ~
1190,672,Sagathiya Lakhabhai Jethabhai,https://myneta.info/gujarat2012/candidate.php?candidate_id=672,RAJKOT RURAL  (SC),INC,5,8th Pass,"Rs 43,72,345 ~ 43 Lacs+","Rs 10,06,000 ~ 10 Lacs+"
1191,1705,Sahani Ramsevak Haribansh,https://myneta.info/gujarat2012/candidate.php?candidate_id=1705,MANJALPUR,SP,0,10th Pass,"Rs 70,77,800 ~ 70 Lacs+","Rs 6,50,000 ~ 6 Lacs+"
1192,1040,Sahu Kishanbhai Vrundavanbhai,https://myneta.info/gujarat2012/candidate.php?candidate_id=1040,VARACHHA ROAD,BSP,0,12th Pass,"Rs 12,66,000 ~ 12 Lacs+",Rs 0 ~
1193,1669,Saileshbhai Ambalal Patel,https://myneta.info/gujarat2012/candidate.php?candidate_id=1669,GANDHINAGAR  SOUTH ,GPP,0,8th Pass,"Rs 1,53,57,448 ~ 1 Crore+","Rs 8,00,000 ~ 8 Lacs+"
1194,1950,Saiyad Alimdin Rukmudin,https://myneta.info/gujarat2012/candidate.php?candidate_id=1950,UMRETH,SP,0,12th Pass,"Rs 3,25,000 ~ 3 Lacs+",Rs 0 ~
1195,2252,Saiyad Altaf Tahirali,https://myneta.info/gujarat2012/candidate.php?candidate_id=2252,JAMALPUR- KHADIA,CPM,0,12th Pass,"Rs 11,51,359 ~ 11 Lacs+",Rs 0 ~
1196,2198,Saiyad Ayubali  Barkatali,https://myneta.info/gujarat2012/candidate.php?candidate_id=2198,VATVA,IND,0,8th Pass,"Rs 6,30,000 ~ 6 Lacs+",Rs 0 ~
1197,2118,Saiyad Ibrahimmiya Bakshumiya,https://myneta.info/gujarat2012/candidate.php?candidate_id=2118,MAHESANA,IND,0,8th Pass,https://myneta.info/image_v2.php?myneta_folder=gujarat2012&candidate_id=2118&col=ta,https://myneta.info/image_v2.php?myneta_folder=gujarat2012&candidate_id=2118&col=lia
1198,1953,Saiyad Irshadali Mohmadali,https://myneta.info/gujarat2012/candidate.php?candidate_id=1953,BORSAD,SP,0,5th Pass,"Rs 25,95,000 ~ 25 Lacs+",Rs 0 ~
1199,55,Saiyad Mahamadbhai Husenbhai,https://myneta.info/gujarat2012/candidate.php?candidate_id=55,SAVARKUNDLA,IND,0,10th Pass,"Rs 45,513 ~ 45 Thou+","Rs 60,000 ~ 60 Thou+"
1200,515,Saiyad Mehmud Ahmad,https://myneta.info/gujarat2012/candidate.php?candidate_id=515,LIMBAYAT ,IND,0,8th Pass,"Rs 1,50,000 ~ 1 Lacs+",Rs 0 ~
1201,1732,Saiyad Najerabanu Mobinali	,https://myneta.info/gujarat2012/candidate.php?candidate_id=1732,KARJAN,SP,0,Graduate,"Rs 12,30,500 ~ 12 Lacs+",Rs 0 ~
1202,2197,Saiyad Rasulmiya  Saiyadmiya,https://myneta.info/gujarat2012/candidate.php?candidate_id=2197,VATVA,IND,0,Literate,"Rs 31,72,500 ~ 31 Lacs+","Rs 1,500 ~ 1 Thou+"
1203,2229,Saiyad Sakilahemad  Aliabbas,https://myneta.info/gujarat2012/candidate.php?candidate_id=2229,BAPUNAGAR,Loktantrik  Rastrawadi Party,0,8th Pass,"Rs 41,000 ~ 41 Thou+",Rs 0 ~
1204,893,Saiyad Satarbhai Vallibhai,https://myneta.info/gujarat2012/candidate.php?candidate_id=893,GARIADHAR,IND,0,Literate,"Rs 7,39,500 ~ 7 Lacs+",Rs 0 ~
1205,1996,Saiyad Warisali Kasamali,https://myneta.info/gujarat2012/candidate.php?candidate_id=1996,SAVLI,SP,0,8th Pass,"Rs 6,86,000 ~ 6 Lacs+",Rs 0 ~
1206,348,Saiyed Husenbhai A,https://myneta.info/gujarat2012/candidate.php?candidate_id=348,RAJKOT WEST,IND,1,12th Pass,https://myneta.info/image_v2.php?myneta_folder=gujarat2012&candidate_id=348&col=ta,https://myneta.info/image_v2.php?myneta_folder=gujarat2012&candidate_id=348&col=lia
1207,1194,Saiyed Mir Sarajuddin Mir Jalaluddin,https://myneta.info/gujarat2012/candidate.php?candidate_id=1194,LIMBAYAT ,IND,0,5th Pass,"Rs 16,26,424 ~ 16 Lacs+","Rs 7,00,000 ~ 7 Lacs+"
1208,1368,Sakuben Pitambarbhai Saidane,https://myneta.info/gujarat2012/candidate.php?candidate_id=1368,DANGS (ST),BSP,0,12th Pass,"Rs 2,50,000 ~ 2 Lacs+",Rs 0 ~
1209,341,Salaiya Valjibhai Nanubhai,https://myneta.info/gujarat2012/candidate.php?candidate_id=341,LIMBDI,IND,0,Literate,"Rs 18,21,200 ~ 18 Lacs+",Rs 0 ~
1210,2190,Salimbhai Ajmeri  Tourwale,https://myneta.info/gujarat2012/candidate.php?candidate_id=2190,VEJALPUR,IND,0,10th Pass,"Rs 12,92,500 ~ 12 Lacs+",Rs 0 ~
1211,369,Sama Mohamadhushen Suleman,https://myneta.info/gujarat2012/candidate.php?candidate_id=369,DWARKA,BSP,0,10th Pass,"Rs 75,000 ~ 75 Thou+",Rs 0 ~
1212,1445,Sama Musabhai Suvalibhai,https://myneta.info/gujarat2012/candidate.php?candidate_id=1445,KHAMBHALIA ,IND,0,Literate,"Rs 40,000 ~ 40 Thou+","Rs 42,000 ~ 42 Thou+"
1213,490,Samsingbhai Damjibhai Vasava,https://myneta.info/gujarat2012/candidate.php?candidate_id=490,DEDIAPADA  (ST),GPP,0,Post Graduate,"Rs 19,17,120 ~ 19 Lacs+","Rs 4,25,000 ~ 4 Lacs+"
1214,344,Sanchaniya Pravin Bhai Damjibhai,https://myneta.info/gujarat2012/candidate.php?candidate_id=344,RAJKOT WEST,BSP,0,8th Pass,"Rs 10,20,000 ~ 10 Lacs+",Rs 0 ~
1215,2199,Sandhi Daud Ismail,https://myneta.info/gujarat2012/candidate.php?candidate_id=2199,VATVA,IND,0,5th Pass,https://myneta.info/image_v2.php?myneta_folder=gujarat2012&candidate_id=2199&col=ta,https://myneta.info/image_v2.php?myneta_folder=gujarat2012&candidate_id=2199&col=lia
1216,1553,Sandipsinh Vajubha Chudasama,https://myneta.info/gujarat2012/candidate.php?candidate_id=1553,KHAMBHAT,INC,0,Graduate,"Rs 1,04,51,232 ~ 1 Crore+","Rs 17,46,257 ~ 17 Lacs+"
1217,1807,Sangada Induben Nathubhai,https://myneta.info/gujarat2012/candidate.php?candidate_id=1807,JHALOD (ST),IND,0,12th Pass,"Rs 1,10,000 ~ 1 Lacs+",Rs 0 ~
1218,1934,Sangani Bhupendrabhai Dhanjibhai,https://myneta.info/gujarat2012/candidate.php?candidate_id=1934,THAKKARBAPA NAGAR,GPP,2,12th Pass,"Rs 55,54,400 ~ 55 Lacs+","Rs 18,19,000 ~ 18 Lacs+"
1219,1632,Sangar Lakhamshi Mithubhai,https://myneta.info/gujarat2012/candidate.php?candidate_id=1632,MANDVI,JD(U),0,Literate,"Rs 6,20,000 ~ 6 Lacs+",Rs 0 ~
1220,2135,Sanghani  Mustakbhai  Jamalbhai,https://myneta.info/gujarat2012/candidate.php?candidate_id=2135,HIMATNAGAR,IND,0,10th Pass,"Rs 4,66,000 ~ 4 Lacs+",Rs 0 ~
1221,846,Sanghani Dilip Nanubhai,https://myneta.info/gujarat2012/candidate.php?candidate_id=846,AMRELI,BJP,0,Graduate,"Rs 11,78,38,861 ~ 11 Crore+","Rs 30,53,384 ~ 30 Lacs+"
1222,235,Sanghani Saileshbhai Shantilal,https://myneta.info/gujarat2012/candidate.php?candidate_id=235,DHRANGADHRA,IND,0,12th Pass,"Rs 7,04,381 ~ 7 Lacs+",Rs 0 ~
1223,1166,Sanghavi Harsh Rameshkumar	,https://myneta.info/gujarat2012/candidate.php?candidate_id=1166,MAJURA ,BJP,2,8th Pass,"Rs 1,23,00,528 ~ 1 Crore+","Rs 2,73,000 ~ 2 Lacs+"
1224,222,Sanjay Jinabhai Dabhi,https://myneta.info/gujarat2012/candidate.php?candidate_id=222,DHORAJI,IND,0,8th Pass,https://myneta.info/image_v2.php?myneta_folder=gujarat2012&candidate_id=222&col=ta,https://myneta.info/image_v2.php?myneta_folder=gujarat2012&candidate_id=222&col=lia
1225,1596,Sanjaykumar Ramanbhai Patel,https://myneta.info/gujarat2012/candidate.php?candidate_id=1596,KHAMBHAT,BJP,0,10th Pass,"Rs 99,00,951 ~ 99 Lacs+",Rs 0 ~
1226,492,Sapa Rafikbhai Sulemanbhai,https://myneta.info/gujarat2012/candidate.php?candidate_id=492,VAGRA,IND,2,5th Pass,"Rs 19,19,000 ~ 19 Lacs+","Rs 3,00,000 ~ 3 Lacs+"
1227,271,Sapariya Parshottambhai Punjabhai,https://myneta.info/gujarat2012/candidate.php?candidate_id=271,GADHADA (SC),IND,0,Post Graduate,"Rs 3,20,000 ~ 3 Lacs+",Rs 0 ~
1228,75,Sarala Chothabhai Chhanabhai,https://myneta.info/gujarat2012/candidate.php?candidate_id=75,CHOTILA,IND,0,Literate,"Rs 6,65,100 ~ 6 Lacs+",Rs 0 ~
1229,1281,Sariya Sureshbhai Dahyabhai,https://myneta.info/gujarat2012/candidate.php?candidate_id=1281,SURAT EAST  ,IND,0,Literate,"Rs 31,85,000 ~ 31 Lacs+",Rs 0 ~
1230,1238,Sarvaiya Dhirubhai Aamarsinh,https://myneta.info/gujarat2012/candidate.php?candidate_id=1238,DHANDHUKA,IND,0,Literate,"Rs 3,00,000 ~ 3 Lacs+",Rs 0 ~
1231,907,Sarvaiya Mahendrasinh Parakramsinh,https://myneta.info/gujarat2012/candidate.php?candidate_id=907,PALITANA,BJP,2,Graduate,"Rs 4,65,27,143 ~ 4 Crore+",Rs 0 ~
1232,465,Sarvaiya Rajendrabhai Bavubhai,https://myneta.info/gujarat2012/candidate.php?candidate_id=465,TALAJA,IND,0,5th Pass,"Rs 9,86,100 ~ 9 Lacs+","Rs 3,00,000 ~ 3 Lacs+"
1233,882,Sarviya Sanjaysinh Ajitsinh,https://myneta.info/gujarat2012/candidate.php?candidate_id=882,TALAJA,INC,0,Graduate,https://myneta.info/image_v2.php?myneta_folder=gujarat2012&candidate_id=882&col=ta,https://myneta.info/image_v2.php?myneta_folder=gujarat2012&candidate_id=882&col=lia
1234,349,Satasiya Mukeshbhai Damajibhai,https://myneta.info/gujarat2012/candidate.php?candidate_id=349,JETPUR,IND,0,10th Pass,"Rs 5,95,12,201 ~ 5 Crore+",Rs 0 ~
1235,1012,Satishbhai Haribhai Parmar,https://myneta.info/gujarat2012/candidate.php?candidate_id=1012,KAMREJ,BSP,0,12th Pass,"Rs 21,36,000 ~ 21 Lacs+",Rs 0 ~
1236,885,Savani Pankajbhai Karamshibha,https://myneta.info/gujarat2012/candidate.php?candidate_id=885,GARIADHAR,IND,1,8th Pass,"Rs 21,40,279 ~ 21 Lacs+","Rs 4,27,323 ~ 4 Lacs+"
1237,199,Savani Vijaybhai Ganeshbhai,https://myneta.info/gujarat2012/candidate.php?candidate_id=199,VARACHHA ROAD,IND,0,Post Graduate,"Rs 1,79,028 ~ 1 Lacs+",Rs 0 ~
1238,1788,Savitaben Vechat Khant,https://myneta.info/gujarat2012/candidate.php?candidate_id=1788,MORVA HADAF  (ST),INC,0,Literate,"Rs 1,84,37,000 ~ 1 Crore+",Rs 0 ~
1239,2007,Sedhama Bhikhabhai Babubhai,https://myneta.info/gujarat2012/candidate.php?candidate_id=2007,VADGAM (SC),BSP,0,8th Pass,"Rs 5,91,500 ~ 5 Lacs+",Rs 0 ~
1240,2003,Sengal Kalyanbhai Madevbhai,https://myneta.info/gujarat2012/candidate.php?candidate_id=2003,VAV,BSP,1,10th Pass,"Rs 1,59,578 ~ 1 Lacs+",Rs 0 ~
1241,1981,Senma Amrutbhai Kantibhai,https://myneta.info/gujarat2012/candidate.php?candidate_id=1981,KADI (SC),GPP,0,5th Pass,"Rs 35,10,360 ~ 35 Lacs+",Rs 0 ~
1242,2117,Seta Sabbir Husen Ashrafbhai,https://myneta.info/gujarat2012/candidate.php?candidate_id=2117,MAHESANA,IND,0,8th Pass,https://myneta.info/image_v2.php?myneta_folder=gujarat2012&candidate_id=2117&col=ta,https://myneta.info/image_v2.php?myneta_folder=gujarat2012&candidate_id=2117&col=lia
1243,1228,Shah Mahendrabhai Muljibhai,https://myneta.info/gujarat2012/candidate.php?candidate_id=1228,DHANDHUKA,INC,0,Graduate,"Rs 8,66,04,199 ~ 8 Crore+",Rs 0 ~
1244,2012,Shah Meenaben Subodhbhai,https://myneta.info/gujarat2012/candidate.php?candidate_id=2012,DEESA,RPI(A),0,8th Pass,"Rs 2,42,000 ~ 2 Lacs+",Rs 0 ~
1245,1274,Shah Sunilkumar Rasiklal	,https://myneta.info/gujarat2012/candidate.php?candidate_id=1274,SURAT EAST  ,IND,0,8th Pass,"Rs 1,80,000 ~ 1 Lacs+",Rs 0 ~
1246,1026,Shah Yunushbhai Yusufbhai,https://myneta.info/gujarat2012/candidate.php?candidate_id=1026,SURAT NORTH ,IND,0,5th Pass,"Rs 5,07,000 ~ 5 Lacs+","Rs 42,000 ~ 42 Thou+"
1247,2189,Shahenaz  Jamalbhai Malek,https://myneta.info/gujarat2012/candidate.php?candidate_id=2189,VEJALPUR,IND,0,Post Graduate,"Rs 1,50,713 ~ 1 Lacs+",Rs 0 ~
1248,705,Shahnavaz Abumiya Bukhari,https://myneta.info/gujarat2012/candidate.php?candidate_id=705,DHORAJI,IND,1,5th Pass,"Rs 95,000 ~ 95 Thou+",Rs 0 ~
1249,1022,Shaikh Abdul Aziz Shaikh Musabhai,https://myneta.info/gujarat2012/candidate.php?candidate_id=1022,SURAT EAST  ,SP,1,12th Pass,"Rs 6,45,321 ~ 6 Lacs+",Rs 0 ~
1250,1278,Shaikh Bhikan Fejubhai,https://myneta.info/gujarat2012/candidate.php?candidate_id=1278,SURAT EAST  ,IND,0,Not Given,"Rs 1,40,000 ~ 1 Lacs+",Rs 0 ~
1251,1276,Shaikh Ikbal Yusufbhai,https://myneta.info/gujarat2012/candidate.php?candidate_id=1276,SURAT EAST ,IND,0,5th Pass,https://myneta.info/image_v2.php?myneta_folder=gujarat2012&candidate_id=1276&col=ta,https://myneta.info/image_v2.php?myneta_folder=gujarat2012&candidate_id=1276&col=lia
1252,1145,Shaikh Rafiuding Jardin,https://myneta.info/gujarat2012/candidate.php?candidate_id=1145,CHORYASI,IND,0,Not Given,"Rs 1,63,000 ~ 1 Lacs+",Rs 0 ~
1253,2023,Shaikh Shakirhusen Najirbhai,https://myneta.info/gujarat2012/candidate.php?candidate_id=2023,VEJALPUR,SP,0,10th Pass,"Rs 3,42,10,000 ~ 3 Crore+","Rs 5,00,000 ~ 5 Lacs+"
1254,1425,Shama Ishaq Sidiqbhai,https://myneta.info/gujarat2012/candidate.php?candidate_id=1425,JAMJODHPUR,IND,0,8th Pass,"Rs 95,000 ~ 95 Thou+","Rs 8,000 ~ 8 Thou+"
1255,1540,Shambhuji Chelaji Thakor,https://myneta.info/gujarat2012/candidate.php?candidate_id=1540,GANDHINAGAR  SOUTH ,BJP,0,Graduate Professional,"Rs 1,33,49,689 ~ 1 Crore+",Rs 0 ~
1256,824,Shamjibhai Mangalbhai Rathod,https://myneta.info/gujarat2012/candidate.php?candidate_id=824,KODINAR (SC),IND,0,Graduate,"Rs 7,60,000 ~ 7 Lacs+",Rs 0 ~
1257,257,Shamjibhai Shambhubhai Gajipara,https://myneta.info/gujarat2012/candidate.php?candidate_id=257,VISAVADAR,IND,0,Graduate Professional,"Rs 4,97,71,187 ~ 4 Crore+","Rs 1,00,000 ~ 1 Lacs+"
1258,939,Shantilal Kalabhai Tadvi,https://myneta.info/gujarat2012/candidate.php?candidate_id=939,NANDOD (ST),GPP,0,Graduate,"Rs 84,40,055 ~ 84 Lacs+","Rs 3,00,000 ~ 3 Lacs+"
1259,240,Shapariya Chimanbhai Dharamshibhai,https://myneta.info/gujarat2012/candidate.php?candidate_id=240,JAMJODHPUR,BJP,0,Graduate,"Rs 2,70,91,365 ~ 2 Crore+","Rs 22,28,276 ~ 22 Lacs+"
1260,2225,Sharma Brijeshkumar Ujagarlal,https://myneta.info/gujarat2012/candidate.php?candidate_id=2225,THAKKARBAPA NAGAR,IND,0,Graduate,https://myneta.info/image_v2.php?myneta_folder=gujarat2012&candidate_id=2225&col=ta,https://myneta.info/image_v2.php?myneta_folder=gujarat2012&candidate_id=2225&col=lia
1261,2347,Shastri Rushikant  Kishorkumar,https://myneta.info/gujarat2012/candidate.php?candidate_id=2347,AKOTA,IND,0,Others,"Rs 1,00,000 ~ 1 Lacs+","Rs 2,80,000 ~ 2 Lacs+"
1262,467,Shayal Bhartiben Dhirubhai,https://myneta.info/gujarat2012/candidate.php?candidate_id=467,TALAJA,BJP,0,Graduate Professional,"Rs 1,02,21,315 ~ 1 Crore+","Rs 27,46,744 ~ 27 Lacs+"
1263,1038,Shekh Aiyub Shekh Bhikhan,https://myneta.info/gujarat2012/candidate.php?candidate_id=1038,SURAT NORTH ,Indian Front,0,5th Pass,"Rs 22,57,000 ~ 22 Lacs+","Rs 10,64,000 ~ 10 Lacs+"
1264,109,Shekh Aminabi Harun,https://myneta.info/gujarat2012/candidate.php?candidate_id=109,LIMBAYAT ,IND,0,5th Pass,"Rs 3,60,000 ~ 3 Lacs+",Rs 0 ~
1265,1025,Shekh Aminabibi Aiyubbhai,https://myneta.info/gujarat2012/candidate.php?candidate_id=1025,SURAT NORTH ,IND,0,5th Pass,"Rs 22,90,000 ~ 22 Lacs+",Rs 0 ~
1266,2133,Shekh Aslambhai  Sabdarhusen,https://myneta.info/gujarat2012/candidate.php?candidate_id=2133,HIMATNAGAR,IND,0,8th Pass,"Rs 4,20,000 ~ 4 Lacs+",Rs 0 ~
1267,2248,Shekh Gulamrasul Ismailbhai,https://myneta.info/gujarat2012/candidate.php?candidate_id=2248,DARIAPUR,IND,0,Not Given,Rs 500 ~ 5 Hund+,Rs 0 ~
1268,138,Shekh Gulamrasul Jalil,https://myneta.info/gujarat2012/candidate.php?candidate_id=138,UDHNA,IND,0,5th Pass,"Rs 2,50,000 ~ 2 Lacs+",Rs 0 ~
1269,519,Shekh Hasan Dagadu,https://myneta.info/gujarat2012/candidate.php?candidate_id=519,LIMBAYAT ,Hindustan Nirman Dal,0,5th Pass,https://myneta.info/image_v2.php?myneta_folder=gujarat2012&candidate_id=519&col=ta,https://myneta.info/image_v2.php?myneta_folder=gujarat2012&candidate_id=519&col=lia
1270,1024,Shekh Mohamad Aiyub Abdulrehman,https://myneta.info/gujarat2012/candidate.php?candidate_id=1024,SURAT NORTH ,IND,0,5th Pass,"Rs 20,80,000 ~ 20 Lacs+",Rs 0 ~
1271,2249,Shekh Mohamad Faruk  Husenmiya (faruk Shekh),https://myneta.info/gujarat2012/candidate.php?candidate_id=2249,DARIAPUR,IND,1,10th Pass,"Rs 97,03,555 ~ 97 Lacs+",Rs 0 ~
1272,172,Shekh Mohammad Aiyub Mohammad Ibrahim,https://myneta.info/gujarat2012/candidate.php?candidate_id=172,SURAT NORTH ,IND,0,8th Pass,"Rs 12,70,000 ~ 12 Lacs+",Rs 0 ~
1273,2255,Shekh Rafikulmursalin  Abdul Raheman,https://myneta.info/gujarat2012/candidate.php?candidate_id=2255,JAMALPUR- KHADIA,IND,0,10th Pass,"Rs 7,10,000 ~ 7 Lacs+",Rs 0 ~
1274,1355,Shekh Salimbhai Nurudin,https://myneta.info/gujarat2012/candidate.php?candidate_id=1355,JETPUR,IND,0,8th Pass,"Rs 25,000 ~ 25 Thou+",Rs 0 ~
1275,1176,Shekh Shabirabibi Mohmad Yusuf Alias Sabinabibi,https://myneta.info/gujarat2012/candidate.php?candidate_id=1176,LIMBAYAT ,Indian Front,0,Literate,"Rs 7,96,000 ~ 7 Lacs+",Rs 0 ~
1276,2288,Shelat  Subhashchandra  Someshvar,https://myneta.info/gujarat2012/candidate.php?candidate_id=2288,UMRETH,IND,0,Graduate Professional,"Rs 1,35,20,293 ~ 1 Crore+",Rs 0 ~
1277,288,Shende Jitendra Mohanbhai,https://myneta.info/gujarat2012/candidate.php?candidate_id=288,OLPAD,Indian Front,0,10th Pass,"Rs 26,61,000 ~ 26 Lacs+","Rs 16,55,000 ~ 16 Lacs+"
1278,2342,Shingote Pravinbhai Naresh,https://myneta.info/gujarat2012/candidate.php?candidate_id=2342,SAYAJIGUNJ,IND,0,Others,https://myneta.info/image_v2.php?myneta_folder=gujarat2012&candidate_id=2342&col=ta,https://myneta.info/image_v2.php?myneta_folder=gujarat2012&candidate_id=2342&col=lia
1279,522,Shirshath Shobhaben Kishanbhai,https://myneta.info/gujarat2012/candidate.php?candidate_id=522,UDHNA,Indian Front,0,10th Pass,"Rs 2,05,000 ~ 2 Lacs+",Rs 0 ~
1280,1716,Sholanki Ramanbhai Ambalal,https://myneta.info/gujarat2012/candidate.php?candidate_id=1716,SAYAJIGUNJ,GPP,0,Graduate,"Rs 41,71,000 ~ 41 Lacs+",Rs 0 ~
1281,2061,Shrimali Ashokbhai Balchandbhai,https://myneta.info/gujarat2012/candidate.php?candidate_id=2061,PALANPUR,IND,0,10th Pass,"Rs 2,84,675 ~ 2 Lacs+",Rs 0 ~
1282,2054,Shrimali Parsotambhai Ramjibhai,https://myneta.info/gujarat2012/candidate.php?candidate_id=2054,PALANPUR,RPI(A),0,5th Pass,"Rs 2,47,000 ~ 2 Lacs+",Rs 0 ~
1283,2251,Shrimali Rameshbhai  Prabhudas,https://myneta.info/gujarat2012/candidate.php?candidate_id=2251,DARIAPUR,IND,0,Literate,"Rs 1,000 ~ 1 Thou+",Rs 0 ~
1284,1624,Shrivastav Madhubhai Babubhai,https://myneta.info/gujarat2012/candidate.php?candidate_id=1624,VAGHODIA,BJP,0,10th Pass,"Rs 12,27,45,374 ~ 12 Crore+","Rs 15,00,000 ~ 15 Lacs+"
1285,310,Shukla Kashyap Chimanbhai,https://myneta.info/gujarat2012/candidate.php?candidate_id=310,RAJKOT EAST,BJP,4,Graduate Professional,"Rs 5,73,28,464 ~ 5 Crore+","Rs 1,43,97,565 ~ 1 Crore+"
1286,1769,Shyani Dhirubhai Thakarshibhai,https://myneta.info/gujarat2012/candidate.php?candidate_id=1769,BAPUNAGAR,INC,0,10th Pass,"Rs 4,02,87,328 ~ 4 Crore+","Rs 7,70,000 ~ 7 Lacs+"
1287,94,Sida Iqbalbhai Kasambhai,https://myneta.info/gujarat2012/candidate.php?candidate_id=94,SOMNATH,SP,0,Graduate Professional,https://myneta.info/image_v2.php?myneta_folder=gujarat2012&candidate_id=94&col=ta,https://myneta.info/image_v2.php?myneta_folder=gujarat2012&candidate_id=94&col=lia
1288,2348,Sindhi Mahebubkhan  Yusufbhai,https://myneta.info/gujarat2012/candidate.php?candidate_id=2348,AKOTA,IND,0,Graduate,"Rs 26,04,929 ~ 26 Lacs+","Rs 2,50,000 ~ 2 Lacs+"
1289,2134,Sipai Imran  Mahamadbhai,https://myneta.info/gujarat2012/candidate.php?candidate_id=2134,HIMATNAGAR,IND,0,Graduate Professional,"Rs 3,10,000 ~ 3 Lacs+",Rs 0 ~
1290,1772,Sipai Samirkhan Vajirkhan,https://myneta.info/gujarat2012/candidate.php?candidate_id=1772,JAMALPUR- KHADIA,INC,0,Graduate Professional,"Rs 3,10,95,701 ~ 3 Crore+",Rs 0 ~
1291,1292,Snehi Mnharbhai Chhaganbhai,https://myneta.info/gujarat2012/candidate.php?candidate_id=1292,BHARUCH,IND,0,10th Pass,"Rs 5,60,000 ~ 5 Lacs+","Rs 30,000 ~ 30 Thou+"
1292,1829,Sodha Maheshojee Ranajee	,https://myneta.info/gujarat2012/candidate.php?candidate_id=1829,ABDASA,GPP,2,12th Pass,"Rs 32,88,169 ~ 32 Lacs+","Rs 10,50,000 ~ 10 Lacs+"
1293,772,Sojitra Narendrabhai Babubhai,https://myneta.info/gujarat2012/candidate.php?candidate_id=772,MANAVADAR,JD(U),0,12th Pass,"Rs 8,10,000 ~ 8 Lacs+",Rs 0 ~
1294,1896,Solanki Balwantbhai Gopalbhai,https://myneta.info/gujarat2012/candidate.php?candidate_id=1896,KALOL,SP,0,10th Pass,Nil,Rs 0 ~
1295,2267,Solanki Bhagwatiben  Bharatbhai,https://myneta.info/gujarat2012/candidate.php?candidate_id=2267,DANILIMDA (SC) ,IND,0,5th Pass,"Rs 63,669 ~ 63 Thou+",Rs 0 ~
1296,1881,Solanki Bhupatsinh Somsinh,https://myneta.info/gujarat2012/candidate.php?candidate_id=1881,SHEHRA,LJSP,0,12th Pass,https://myneta.info/image_v2.php?myneta_folder=gujarat2012&candidate_id=1881&col=ta,https://myneta.info/image_v2.php?myneta_folder=gujarat2012&candidate_id=1881&col=lia
1297,1644,Solanki Bipinkumar Rajubhai,https://myneta.info/gujarat2012/candidate.php?candidate_id=1644,DANTA (ST),JD(U),0,Graduate,"Rs 1,71,800 ~ 1 Lacs+",Rs 0 ~
1298,1985,Solanki Chhaganbhai Kevlabhai,https://myneta.info/gujarat2012/candidate.php?candidate_id=1985,KHEDBRAHMA (ST),GPP,0,Post Graduate,"Rs 28,00,000 ~ 28 Lacs+",Rs 0 ~
1299,440,Solanki Devjibhai Gokalbhai,https://myneta.info/gujarat2012/candidate.php?candidate_id=440,DHRANGADHRA,BSP,0,5th Pass,"Rs 21,15,628 ~ 21 Lacs+","Rs 23,20,000 ~ 23 Lacs+"
1300,437,Solanki Dineshbhai Chhaganbhai,https://myneta.info/gujarat2012/candidate.php?candidate_id=437,LIMBDI,BSP,0,12th Pass,"Rs 1,33,000 ~ 1 Lacs+",Rs 0 ~
1301,871,Solanki Hirabhai Odhavjibhai,https://myneta.info/gujarat2012/candidate.php?candidate_id=871,RAJULA,BJP,1,10th Pass,"Rs 34,81,09,893 ~ 34 Crore+","Rs 4,21,68,697 ~ 4 Crore+"
1302,1598,Solanki Jasvantsinh  Amarsinh (jashubha),https://myneta.info/gujarat2012/candidate.php?candidate_id=1598,ANKLAV,BJP,0,Graduate,"Rs 94,81,072 ~ 94 Lacs+","Rs 15,00,000 ~ 15 Lacs+"
1303,1718,Solanki Jayshriben Ashwinbhai	,https://myneta.info/gujarat2012/candidate.php?candidate_id=1718,VADODARA CITY (SC) ,INC,0,8th Pass,"Rs 30,00,112 ~ 30 Lacs+",Rs 0 ~
1304,1343,Solanki Jitendrabhai Jerambhai,https://myneta.info/gujarat2012/candidate.php?candidate_id=1343,JETPUR,IND,0,8th Pass,"Rs 53,000 ~ 53 Thou+",Rs 0 ~
1305,2065,Solanki Keshaji Svarupji,https://myneta.info/gujarat2012/candidate.php?candidate_id=2065,DEODAR,IND,1,Illiterate,https://myneta.info/image_v2.php?myneta_folder=gujarat2012&candidate_id=2065&col=ta,https://myneta.info/image_v2.php?myneta_folder=gujarat2012&candidate_id=2065&col=lia
1306,295,Solanki Lalitsinh Nanusinh,https://myneta.info/gujarat2012/candidate.php?candidate_id=295,KATARGAM,SUCI(C),0,8th Pass,"Rs 27,079 ~ 27 Thou+",Rs 0 ~
1307,406,Solanki Mahipatsinh Prabhatsinh,https://myneta.info/gujarat2012/candidate.php?candidate_id=406,PALITANA,Rashtriya Krantikari Samajwadi Party,0,8th Pass,"Rs 2,89,000 ~ 2 Lacs+","Rs 60,000 ~ 60 Thou+"
1308,2201,Solanki Malabhai  Hirabhai,https://myneta.info/gujarat2012/candidate.php?candidate_id=2201,ELLISBRIDGE,LJSP,0,8th Pass,"Rs 30,300 ~ 30 Thou+",Rs 0 ~
1309,2137,Solanki Natvarbhai  Govabhai,https://myneta.info/gujarat2012/candidate.php?candidate_id=2137,IDAR (SC),IND,0,12th Pass,Nil,Rs 0 ~
1310,475,Solanki Parshotambhai Amarshibhai,https://myneta.info/gujarat2012/candidate.php?candidate_id=475,BHAVNAGAR RURAL ,IND,0,Illiterate,"Rs 2,000 ~ 2 Thou+",Rs 0 ~
1311,476,Solanki Parshottmbhai Odhavjibhai,https://myneta.info/gujarat2012/candidate.php?candidate_id=476,BHAVNAGAR RURAL ,BJP,5,Others,"Rs 37,61,19,290 ~ 37 Crore+","Rs 3,30,57,040 ~ 3 Crore+"
1312,1485,Solanki Pradipsinh Masaribhai,https://myneta.info/gujarat2012/candidate.php?candidate_id=1485,SOMNATH,IND,0,Graduate,"Rs 1,55,000 ~ 1 Lacs+",Rs 0 ~
1313,590,Solanki Pravinsinh Samatsinh,https://myneta.info/gujarat2012/candidate.php?candidate_id=590,LIMBDI,GPP,2,10th Pass,"Rs 40,75,000 ~ 40 Lacs+","Rs 8,97,000 ~ 8 Lacs+"
1314,1359,Solanki Rahimbhai Amadbhai,https://myneta.info/gujarat2012/candidate.php?candidate_id=1359,JETPUR,IND,0,Illiterate,https://myneta.info/image_v2.php?myneta_folder=gujarat2012&candidate_id=1359&col=ta,https://myneta.info/image_v2.php?myneta_folder=gujarat2012&candidate_id=1359&col=lia
1315,1752,Solanki Ramabhai Virchandbhai,https://myneta.info/gujarat2012/candidate.php?candidate_id=1752,IDAR (SC),INC,2,12th Pass,"Rs 44,09,517 ~ 44 Lacs+","Rs 9,50,000 ~ 9 Lacs+"
1316,1860,Solanki Ramesh Mavabhai,https://myneta.info/gujarat2012/candidate.php?candidate_id=1860,RAPAR,IJP,0,Literate,"Rs 73,857 ~ 73 Thou+",Rs 0 ~
1317,380,Solanki Rekhaben Kashyapbhai,https://myneta.info/gujarat2012/candidate.php?candidate_id=380,AMRELI,JD(U),0,12th Pass,"Rs 33,00,000 ~ 33 Lacs+",Rs 0 ~
1318,1899,Solanki Salamsinh Mangalsinh	,https://myneta.info/gujarat2012/candidate.php?candidate_id=1899,KALOL,IND,0,Post Graduate,"Rs 8,00,000 ~ 8 Lacs+",Rs 0 ~
1319,2218,Solanki Shaileshbhai  Jivabhai,https://myneta.info/gujarat2012/candidate.php?candidate_id=2218,NARODA,RPI(A),0,8th Pass,"Rs 1,25,000 ~ 1 Lacs+",Rs 0 ~
1320,2051,Solanki Somabhai Bharmabhai,https://myneta.info/gujarat2012/candidate.php?candidate_id=2051,DANTA (ST),IND,2,8th Pass,"Rs 1,15,000 ~ 1 Lacs+",Rs 0 ~
1321,1877,Solanki Takhatsinh Ravsinh,https://myneta.info/gujarat2012/candidate.php?candidate_id=1877,SHEHRA,INC,6,10th Pass,"Rs 59,14,467 ~ 59 Lacs+","Rs 6,74,337 ~ 6 Lacs+"
1322,1727,Somabhai Daliyabhai Nayka	,https://myneta.info/gujarat2012/candidate.php?candidate_id=1727,CHHOTA UDAIPUR (ST) ,BSP,0,5th Pass,"Rs 3,57,000 ~ 3 Lacs+",Rs 0 ~
1323,1502,Somani Jitendrabhai Kantilal,https://myneta.info/gujarat2012/candidate.php?candidate_id=1502,WANKANER,BJP,12,5th Pass,https://myneta.info/image_v2.php?myneta_folder=gujarat2012&candidate_id=1502&col=ta,https://myneta.info/image_v2.php?myneta_folder=gujarat2012&candidate_id=1502&col=lia
1324,1420,Sonagara Dineshbhai Dhanjibhai,https://myneta.info/gujarat2012/candidate.php?candidate_id=1420,JAMNAGAR SOUTH,IND,0,5th Pass,"Rs 13,35,000 ~ 13 Lacs+",Rs 0 ~
1325,743,Sonagara Jentilal Vasaram,https://myneta.info/gujarat2012/candidate.php?candidate_id=743,DWARKA,GPP,0,8th Pass,"Rs 11,16,462 ~ 11 Lacs+",Rs 0 ~
1326,1356,Sondarva Mangabhai Danabhai,https://myneta.info/gujarat2012/candidate.php?candidate_id=1356,JETPUR,IND,0,Literate,"Rs 15,000 ~ 15 Thou+",Rs 0 ~
1327,2062,Sonecha Ishvarbhai Vaghabhai,https://myneta.info/gujarat2012/candidate.php?candidate_id=2062,DEODAR,LJSP,0,Literate,"Rs 1,95,000 ~ 1 Lacs+",Rs 0 ~
1328,1951,Soni Bhupendrabhai Kantilal,https://myneta.info/gujarat2012/candidate.php?candidate_id=1951,ANAND,BSP,0,12th Pass,"Rs 33,000 ~ 33 Thou+",Rs 0 ~
1329,1188,Soni Mahendra Narayandas,https://myneta.info/gujarat2012/candidate.php?candidate_id=1188,LIMBAYAT ,JD(U),0,10th Pass,"Rs 15,77,000 ~ 15 Lacs+",Rs 0 ~
1330,1710,Soni Shantilal Dwarkadas	,https://myneta.info/gujarat2012/candidate.php?candidate_id=1710,RAOPURA,GPP,0,10th Pass,"Rs 57,61,867 ~ 57 Lacs+",Rs 0 ~
1331,2217,Sonpal Pankajbhai  Labhshankar,https://myneta.info/gujarat2012/candidate.php?candidate_id=2217,NARODA,GPP,2,12th Pass,"Rs 1,44,21,048 ~ 1 Crore+","Rs 26,26,052 ~ 26 Lacs+"
1332,783,Sorathiya Abdul Majidbhai,https://myneta.info/gujarat2012/candidate.php?candidate_id=783,JUNAGADH,IND,0,10th Pass,https://myneta.info/image_v2.php?myneta_folder=gujarat2012&candidate_id=783&col=ta,https://myneta.info/image_v2.php?myneta_folder=gujarat2012&candidate_id=783&col=lia
1333,253,Sorathiya Alpeshbhai Rameshbhai,https://myneta.info/gujarat2012/candidate.php?candidate_id=253,VISAVADAR,IND,0,Post Graduate,"Rs 1,42,526 ~ 1 Lacs+","Rs 1,80,000 ~ 1 Lacs+"
1334,2141,Sotha Savjibhai  Badaji,https://myneta.info/gujarat2012/candidate.php?candidate_id=2141,KHEDBRAHMA (ST),IJP,0,Literate,Nil,Rs 0 ~
1335,6,Subhanbhai Popatbhai Multani,https://myneta.info/gujarat2012/candidate.php?candidate_id=6,MORBI,IND,2,10th Pass,"Rs 1,15,000 ~ 1 Lacs+",Rs 0 ~
1336,390,Sudani Maheshbhai Shamjibhai,https://myneta.info/gujarat2012/candidate.php?candidate_id=390,SAVARKUNDLA,GPP,0,Graduate,"Rs 22,15,000 ~ 22 Lacs+","Rs 4,46,030 ~ 4 Lacs+"
1337,1575,Sukhadiya Jitendra Ratilal,https://myneta.info/gujarat2012/candidate.php?candidate_id=1575,SAYAJIGUNJ,BJP,0,10th Pass,"Rs 1,01,75,770 ~ 1 Crore+",Rs 0 ~
1338,39,Sumara Arab Hasam,https://myneta.info/gujarat2012/candidate.php?candidate_id=39,JUNAGADH,BSP,0,5th Pass,"Rs 13,95,087 ~ 13 Lacs+","Rs 20,000 ~ 20 Thou+"
1339,261,Sumara Husenbhai Mirajibhai,https://myneta.info/gujarat2012/candidate.php?candidate_id=261,SOMNATH,IND,0,5th Pass,"Rs 4,53,000 ~ 4 Lacs+",Rs 0 ~
1340,1112,Sumitkumar Segabhai Valvi,https://myneta.info/gujarat2012/candidate.php?candidate_id=1112,NIZAR (ST),IND,0,10th Pass,"Rs 8,35,650 ~ 8 Lacs+","Rs 50,000 ~ 50 Thou+"
1341,1458,Sumniya Patramalbha Balubha,https://myneta.info/gujarat2012/candidate.php?candidate_id=1458,DWARKA,IND,0,Illiterate,https://myneta.info/image_v2.php?myneta_folder=gujarat2012&candidate_id=1458&col=ta,https://myneta.info/image_v2.php?myneta_folder=gujarat2012&candidate_id=1458&col=lia
1342,1835,Sumra Abdulrazak Kasham,https://myneta.info/gujarat2012/candidate.php?candidate_id=1835,MANDVI,LJSP,0,5th Pass,"Rs 39,59,223 ~ 39 Lacs+","Rs 2,00,000 ~ 2 Lacs+"
1343,1633,Sumra Hasanbhai Osmanbhai,https://myneta.info/gujarat2012/candidate.php?candidate_id=1633,BHUJ,JD(U),0,8th Pass,"Rs 34,46,500 ~ 34 Lacs+","Rs 48,000 ~ 48 Thou+"
1344,1775,Surajkar Mangalbhai Hirabhai,https://myneta.info/gujarat2012/candidate.php?candidate_id=1775,ASARWA (SC),INC,1,Post Graduate,"Rs 13,15,313 ~ 13 Lacs+",Rs 0 ~
1345,1195,Suresh Mohan Sonvane,https://myneta.info/gujarat2012/candidate.php?candidate_id=1195,LIMBAYAT ,INC,0,10th Pass,"Rs 44,74,944 ~ 44 Lacs+","Rs 3,91,807 ~ 3 Lacs+"
1346,1319,Sureshbhai Chhanubhai Vasava,https://myneta.info/gujarat2012/candidate.php?candidate_id=1319,DEDIAPADA  (ST),IND,0,10th Pass,"Rs 1,49,06,750 ~ 1 Crore+","Rs 11,80,000 ~ 11 Lacs+"
1347,197,Sureshbhai Himatbhai Sodingla,https://myneta.info/gujarat2012/candidate.php?candidate_id=197,DHARI,IND,0,12th Pass,"Rs 28,48,003 ~ 28 Lacs+",Rs 0 ~
1348,2247,Sureshbhai Jayantibhai Solanki,https://myneta.info/gujarat2012/candidate.php?candidate_id=2247,DARIAPUR,IND,0,8th Pass,"Rs 7,000 ~ 7 Thou+",Rs 0 ~
1349,1843,Svami Sunilkumar Lalsingh,https://myneta.info/gujarat2012/candidate.php?candidate_id=1843,BHUJ,SP,0,10th Pass,"Rs 6,00,000 ~ 6 Lacs+","Rs 2,00,000 ~ 2 Lacs+"
1350,1773,Sweta Bhatt,https://myneta.info/gujarat2012/candidate.php?candidate_id=1773,MANINAGAR,INC,0,Graduate Professional,https://myneta.info/image_v2.php?myneta_folder=gujarat2012&candidate_id=1773&col=ta,https://myneta.info/image_v2.php?myneta_folder=gujarat2012&candidate_id=1773&col=lia
1351,2028,Syed Mofarook Riyasadali,https://myneta.info/gujarat2012/candidate.php?candidate_id=2028,NIKOL,SP,3,8th Pass,"Rs 20,94,500 ~ 20 Lacs+",Rs 0 ~
1352,1431,Tada Pravinbhai Kanjibhai,https://myneta.info/gujarat2012/candidate.php?candidate_id=1431,JAMJODHPUR,GPP,0,8th Pass,"Rs 7,35,000 ~ 7 Lacs+",Rs 0 ~
1353,1578,Tadvi Abhesinh Motibhai,https://myneta.info/gujarat2012/candidate.php?candidate_id=1578,SANKHEDA  (ST) ,BJP,0,10th Pass,"Rs 1,21,68,112 ~ 1 Crore+","Rs 25,45,665 ~ 25 Lacs+"
1354,488,Tadvi Kanubhai Mohanbhai,https://myneta.info/gujarat2012/candidate.php?candidate_id=488,NANDOD (ST),BSP,0,Literate,"Rs 15,75,000 ~ 15 Lacs+","Rs 1,30,000 ~ 1 Lacs+"
1355,489,Tadvi Ramdashbhai Kantibhai,https://myneta.info/gujarat2012/candidate.php?candidate_id=489,NANDOD (ST),SP,0,5th Pass,"Rs 15,50,000 ~ 15 Lacs+","Rs 1,00,000 ~ 1 Lacs+"
1356,1993,Tadvi Ranjanbhai Kanchanbhai,https://myneta.info/gujarat2012/candidate.php?candidate_id=1993,SANKHEDA  (ST) ,IND,0,Post Graduate,"Rs 3,66,000 ~ 3 Lacs+",Rs 0 ~
1357,940,Tadvi Sabdsharan Bhailalbhai,https://myneta.info/gujarat2012/candidate.php?candidate_id=940,NANDOD (ST),BJP,0,10th Pass,"Rs 23,76,322 ~ 23 Lacs+","Rs 4,35,416 ~ 4 Lacs+"
1358,1327,Tadvi Vijaykumar Naranbhai,https://myneta.info/gujarat2012/candidate.php?candidate_id=1327,NANDOD (ST),IND,0,12th Pass,"Rs 7,05,000 ~ 7 Lacs+",Rs 0 ~
1359,570,Tai Abdulsattar Gulamrasul,https://myneta.info/gujarat2012/candidate.php?candidate_id=570,DHOLKA,IND,0,Literate,https://myneta.info/image_v2.php?myneta_folder=gujarat2012&candidate_id=570&col=ta,https://myneta.info/image_v2.php?myneta_folder=gujarat2012&candidate_id=570&col=lia
1360,2194,Tanmanben  Ghanshyambhai Nagar,https://myneta.info/gujarat2012/candidate.php?candidate_id=2194,VATVA,IND,0,5th Pass,"Rs 8,86,432 ~ 8 Lacs+",Rs 0 ~
1361,393,Thakar Bharatkumar Bhaskarrao,https://myneta.info/gujarat2012/candidate.php?candidate_id=393,MAHUVA,IND,1,10th Pass,"Rs 1,19,69,487 ~ 1 Crore+","Rs 1,08,700 ~ 1 Lacs+"
1362,73,Thakar Satishchandra Gajanand,https://myneta.info/gujarat2012/candidate.php?candidate_id=73,WADHWAN,IND,0,10th Pass,"Rs 1,01,52,245 ~ 1 Crore+",Rs 0 ~
1363,281,Thakarshibhai Devjibhai Maniya,https://myneta.info/gujarat2012/candidate.php?candidate_id=281,BOTAD,BJP,0,Graduate Professional,"Rs 2,31,13,399 ~ 2 Crore+",Rs 0 ~
1364,2001,Thakkar Chandulal Tejarambhai,https://myneta.info/gujarat2012/candidate.php?candidate_id=2001,VAV,NCP,1,5th Pass,"Rs 1,26,83,711 ~ 1 Crore+","Rs 5,665 ~ 5 Thou+"
1365,1643,Thakor Ajitji Shantiji,https://myneta.info/gujarat2012/candidate.php?candidate_id=1643,DHANERA,SP,0,Others,"Rs 5,45,997 ~ 5 Lacs+",Rs 0 ~
1366,2102,Thakor Ajmelji Keshaji,https://myneta.info/gujarat2012/candidate.php?candidate_id=2102,VISNAGAR,IND,1,10th Pass,"Rs 37,27,100 ~ 37 Lacs+","Rs 70,000 ~ 70 Thou+"
1367,1745,Thakor Babuji Ujamji,https://myneta.info/gujarat2012/candidate.php?candidate_id=1745,KHERALU,INC,1,Literate,"Rs 89,90,039 ~ 89 Lacs+",Rs 0 ~
1368,2006,Thakor Balvantji Nagjiji,https://myneta.info/gujarat2012/candidate.php?candidate_id=2006,VAV,IND,0,5th Pass,https://myneta.info/image_v2.php?myneta_folder=gujarat2012&candidate_id=2006&col=ta,https://myneta.info/image_v2.php?myneta_folder=gujarat2012&candidate_id=2006&col=lia
1369,2097,Thakor Bharatjibabuji,https://myneta.info/gujarat2012/candidate.php?candidate_id=2097,UNJHA,IND,0,8th Pass,"Rs 7,00,000 ~ 7 Lacs+",Rs 0 ~
1370,2181,Thakor Chandrasinh  Javansinh,https://myneta.info/gujarat2012/candidate.php?candidate_id=2181,GHATLODIA,IND,0,8th Pass,"Rs 14,60,000 ~ 14 Lacs+",Rs 0 ~
1371,2172,Thakor Dasharthji  Mafatji,https://myneta.info/gujarat2012/candidate.php?candidate_id=2172,KALOL,IND,0,8th Pass,"Rs 1,38,45,000 ~ 1 Crore+",Rs 0 ~
1372,2155,Thakor Dashrathji Anupji,https://myneta.info/gujarat2012/candidate.php?candidate_id=2155,DAHEGAM,Prajatantra Adhar  Party,0,5th Pass,"Rs 49,392 ~ 49 Thou+",Rs 0 ~
1373,2166,Thakor Dayalji Mangaji,https://myneta.info/gujarat2012/candidate.php?candidate_id=2166,MANSA,IND,0,Post Graduate,"Rs 3,55,000 ~ 3 Lacs+",Rs 0 ~
1374,1743,Thakor Dineshbhai Ataji,https://myneta.info/gujarat2012/candidate.php?candidate_id=1743,CHANASMA,INC,0,12th Pass,"Rs 89,91,163 ~ 89 Lacs+","Rs 9,00,000 ~ 9 Lacs+"
1375,2171,Thakor Gamaji  Ambaram,https://myneta.info/gujarat2012/candidate.php?candidate_id=2171,KALOL,IND,0,Literate,"Rs 1,75,44,872 ~ 1 Crore+","Rs 3,17,249 ~ 3 Lacs+"
1376,2002,Thakor Geniben Nagaji,https://myneta.info/gujarat2012/candidate.php?candidate_id=2002,VAV,INC,0,10th Pass,"Rs 72,39,761 ~ 72 Lacs+","Rs 7,00,000 ~ 7 Lacs+"
1377,1661,Thakor Gopalji Chundaji,https://myneta.info/gujarat2012/candidate.php?candidate_id=1661,KALOL,GPP,0,5th Pass,https://myneta.info/image_v2.php?myneta_folder=gujarat2012&candidate_id=1661&col=ta,https://myneta.info/image_v2.php?myneta_folder=gujarat2012&candidate_id=1661&col=lia
1378,2110,Thakor Jaydeepji Balsangji,https://myneta.info/gujarat2012/candidate.php?candidate_id=2110,MAHESANA,IND,0,10th Pass,"Rs 30,500 ~ 30 Thou+",Rs 0 ~
1379,1802,Thakor Jodhaji Galabji,https://myneta.info/gujarat2012/candidate.php?candidate_id=1802,PATAN,INC,0,10th Pass,"Rs 32,28,000 ~ 32 Lacs+",Rs 0 ~
1380,1758,Thakor Jugaji Nathaji,https://myneta.info/gujarat2012/candidate.php?candidate_id=1758,GANDHINAGAR  SOUTH ,INC,0,5th Pass,"Rs 43,80,000 ~ 43 Lacs+",Rs 0 ~
1381,2073,Thakor Kantiji Popatji,https://myneta.info/gujarat2012/candidate.php?candidate_id=2073,CHANASMA,IND,0,5th Pass,"Rs 13,08,000 ~ 13 Lacs+",Rs 0 ~
1382,2042,Thakor Kirtisinh Mansungji,https://myneta.info/gujarat2012/candidate.php?candidate_id=2042,KANKREJ,SP,0,8th Pass,"Rs 13,80,500 ~ 13 Lacs+",Rs 0 ~
1383,1678,Thakor Lalji Tejaji,https://myneta.info/gujarat2012/candidate.php?candidate_id=1678,PATAN,SP,0,5th Pass,"Rs 15,67,000 ~ 15 Lacs+",Rs 0 ~
1384,1684,Thakor Magansingh Becharsingh	,https://myneta.info/gujarat2012/candidate.php?candidate_id=1684,VISNAGAR,GPP,0,Others,"Rs 62,28,101 ~ 62 Lacs+",Rs 0 ~
1385,1519,Thakor Nagarji Harchandji,https://myneta.info/gujarat2012/candidate.php?candidate_id=1519,RADHANPUR,BJP,0,Literate,"Rs 39,68,378 ~ 39 Lacs+","Rs 1,50,000 ~ 1 Lacs+"
1386,1782,Thakor Natvarsinh Fulsinh,https://myneta.info/gujarat2012/candidate.php?candidate_id=1782,MAHUDHA,INC,0,10th Pass,https://myneta.info/image_v2.php?myneta_folder=gujarat2012&candidate_id=1782&col=ta,https://myneta.info/image_v2.php?myneta_folder=gujarat2012&candidate_id=1782&col=lia
1387,2111,Thakor Pradhanji Aataji,https://myneta.info/gujarat2012/candidate.php?candidate_id=2111,MAHESANA,IND,0,Literate,"Rs 19,15,753 ~ 19 Lacs+","Rs 2,77,440 ~ 2 Lacs+"
1388,2070,Thakor Pradhanji Babuji,https://myneta.info/gujarat2012/candidate.php?candidate_id=2070,RADHANPUR,IND,0,12th Pass,"Rs 12,05,000 ~ 12 Lacs+",Rs 0 ~
1389,2327,Thakor Pravinbhai  Desaibhai,https://myneta.info/gujarat2012/candidate.php?candidate_id=2327,VAGHODIA,IND,0,5th Pass,"Rs 49,14,000 ~ 49 Lacs+",Rs 0 ~
1390,1755,Thakor Rajendrasinh Shivsinh,https://myneta.info/gujarat2012/candidate.php?candidate_id=1755,MODASA,INC,1,Graduate,"Rs 1,56,86,502 ~ 1 Crore+","Rs 2,30,091 ~ 2 Lacs+"
1391,2015,Thakor Ramanbhai Sardarji,https://myneta.info/gujarat2012/candidate.php?candidate_id=2015,DEESA,IND,0,5th Pass,"Rs 1,15,100 ~ 1 Lacs+",Rs 0 ~
1392,2159,Thakor Ramilaben Sanjaybhai,https://myneta.info/gujarat2012/candidate.php?candidate_id=2159,GANDHINAGAR  SOUTH ,Prajatantra Adhar  Party,0,8th Pass,"Rs 48,392 ~ 48 Thou+",Rs 0 ~
1393,2093,Thakor Ranchhodji Punjaji,https://myneta.info/gujarat2012/candidate.php?candidate_id=2093,KHERALU,SARDAR VALLABHBHAI PATEL PARTY,0,12th Pass,"Rs 2,26,258 ~ 2 Lacs+","Rs 2,00,000 ~ 2 Lacs+"
1394,2080,Thakor Ranjitbhai Chamanji,https://myneta.info/gujarat2012/candidate.php?candidate_id=2080,PATAN,IND,0,12th Pass,"Rs 6,95,605 ~ 6 Lacs+","Rs 1,50,000 ~ 1 Lacs+"
1395,2078,Thakor Revaji Pratapji,https://myneta.info/gujarat2012/candidate.php?candidate_id=2078,PATAN,LJSP,0,Graduate,https://myneta.info/image_v2.php?myneta_folder=gujarat2012&candidate_id=2078&col=ta,https://myneta.info/image_v2.php?myneta_folder=gujarat2012&candidate_id=2078&col=lia
1396,2112,Thakor Vinodkumar Mafaji,https://myneta.info/gujarat2012/candidate.php?candidate_id=2112,MAHESANA,IND,0,Graduate,"Rs 62,01,000 ~ 62 Lacs+",Rs 0 ~
1397,1799,Thakore Sa Jashpalsinhji M  Padhiyar,https://myneta.info/gujarat2012/candidate.php?candidate_id=1799,PADRA,INC,0,10th Pass,"Rs 1,73,71,194 ~ 1 Crore+",Rs 0 ~
1398,537,Thakriya Ratilalbhai Vajirbhai,https://myneta.info/gujarat2012/candidate.php?candidate_id=537,DHARAMPUR (ST),BSP,0,5th Pass,"Rs 97,77,000 ~ 97 Lacs+","Rs 1,20,000 ~ 1 Lacs+"
1399,660,Tholiya Narshibhai K,https://myneta.info/gujarat2012/candidate.php?candidate_id=660,RAJKOT WEST,Rashtriya Krantikari Samajwadi Party,0,8th Pass,"Rs 17,45,000 ~ 17 Lacs+",Rs 0 ~
1400,1161,Thorat Anilbhai Sahdevbhai,https://myneta.info/gujarat2012/candidate.php?candidate_id=1161,KATARGAM,BSP,0,10th Pass,"Rs 14,52,218 ~ 14 Lacs+",Rs 0 ~
1401,375,Thumar Parsotambhai Haribhai,https://myneta.info/gujarat2012/candidate.php?candidate_id=375,UNA,GPP,1,Graduate,"Rs 3,61,53,183 ~ 3 Crore+","Rs 11,69,579 ~ 11 Lacs+"
1402,178,Thummar Dineshbhai Nathabhai,https://myneta.info/gujarat2012/candidate.php?candidate_id=178,GONDAL ,IND,0,8th Pass,"Rs 1,05,53,500 ~ 1 Crore+",Rs 0 ~
1403,750,Thummar Rohit Parshotambhai,https://myneta.info/gujarat2012/candidate.php?candidate_id=750,PORBANDAR,IND,1,Graduate,"Rs 40,000 ~ 40 Thou+",Rs 0 ~
1404,145,Tiwari Bholabhai Rajdev,https://myneta.info/gujarat2012/candidate.php?candidate_id=145,MAJURA ,SP,0,8th Pass,https://myneta.info/image_v2.php?myneta_folder=gujarat2012&candidate_id=145&col=ta,https://myneta.info/image_v2.php?myneta_folder=gujarat2012&candidate_id=145&col=lia
1405,635,Toliya Hamirbhai Sagarambhai,https://myneta.info/gujarat2012/candidate.php?candidate_id=635,TANKARA,BSP,0,5th Pass,"Rs 12,62,000 ~ 12 Lacs+","Rs 2,50,000 ~ 2 Lacs+"
1406,899,Tota Nathabhai Dayabhai,https://myneta.info/gujarat2012/candidate.php?candidate_id=899,GARIADHAR,Rashtriya Krantikari Samajwadi Party,0,Literate,"Rs 3,96,000 ~ 3 Lacs+","Rs 60,000 ~ 60 Thou+"
1407,2024,Tribhovandas Chandulal Solanki,https://myneta.info/gujarat2012/candidate.php?candidate_id=2024,VEJALPUR,JD(U),0,10th Pass,"Rs 1,26,200 ~ 1 Lacs+","Rs 2,60,000 ~ 2 Lacs+"
1408,1257,Trivedi Ankur Kiritbhai,https://myneta.info/gujarat2012/candidate.php?candidate_id=1257,SURAT EAST  ,IND,2,Others,"Rs 1,51,000 ~ 1 Lacs+",Rs 0 ~
1409,1711,Trivedi Nilesh Pradhyuman,https://myneta.info/gujarat2012/candidate.php?candidate_id=1711,AKOTA,SP,0,12th Pass,"Rs 84,90,879 ~ 84 Lacs+",Rs 0 ~
1410,1573,Trivedi Rajendrabhai Suryaprasad,https://myneta.info/gujarat2012/candidate.php?candidate_id=1573,RAOPURA,BJP,1,Graduate Professional,"Rs 6,20,17,875 ~ 6 Crore+","Rs 54,43,800 ~ 54 Lacs+"
1411,2046,Trivedi Sureshchandra Dahyalal,https://myneta.info/gujarat2012/candidate.php?candidate_id=2046,THARAD,IND,1,8th Pass,"Rs 1,11,210 ~ 1 Lacs+",Rs 0 ~
1412,737,Trivedi Vasuben Narendrabhai,https://myneta.info/gujarat2012/candidate.php?candidate_id=737,JAMNAGAR SOUTH,BJP,0,Post Graduate,"Rs 2,93,95,916 ~ 2 Crore+",Rs 0 ~
1413,200,Tundiya Premjibhai Virjibhai,https://myneta.info/gujarat2012/candidate.php?candidate_id=200,WADHWAN,IND,0,Illiterate,https://myneta.info/image_v2.php?myneta_folder=gujarat2012&candidate_id=200&col=ta,https://myneta.info/image_v2.php?myneta_folder=gujarat2012&candidate_id=200&col=lia
1414,769,Unusabhai Adremanbhai Chandani,https://myneta.info/gujarat2012/candidate.php?candidate_id=769,MANAVADAR,LJSP,1,5th Pass,"Rs 1,27,000 ~ 1 Lacs+","Rs 39,000 ~ 39 Thou+"
1415,1623,Upendrasinh Pratapsinh Gohil,https://myneta.info/gujarat2012/candidate.php?candidate_id=1623,SAVLI,BJP,3,Graduate,"Rs 25,25,42,010 ~ 25 Crore+","Rs 25,16,870 ~ 25 Lacs+"
1416,1841,Vachhrajani Arunbhai Mukundray,https://myneta.info/gujarat2012/candidate.php?candidate_id=1841,BHUJ,GPP,0,Graduate,"Rs 2,27,82,219 ~ 2 Crore+","Rs 19,45,918 ~ 19 Lacs+"
1417,638,Vadaviya Maganbhai Dhanjibhai,https://myneta.info/gujarat2012/candidate.php?candidate_id=638,TANKARA,INC,0,10th Pass,"Rs 29,68,686 ~ 29 Lacs+","Rs 1,07,216 ~ 1 Lacs+"
1418,1884,Vagadiya Udabhai Lakhamanbhai,https://myneta.info/gujarat2012/candidate.php?candidate_id=1884,MORVA HADAF  (ST),LJSP,0,5th Pass,"Rs 2,65,000 ~ 2 Lacs+",Rs 0 ~
1419,108,Vaghani Bhaveshbhai Kishorbhai,https://myneta.info/gujarat2012/candidate.php?candidate_id=108,KARANJ ,Yuva Sarkar,0,8th Pass,"Rs 1,91,800 ~ 1 Lacs+","Rs 1,40,000 ~ 1 Lacs+"
1420,918,Vaghani Jitendrabhai Savjibhai,https://myneta.info/gujarat2012/candidate.php?candidate_id=918,BHAVNAGAR WEST,BJP,0,Graduate Professional,"Rs 4,01,04,388 ~ 4 Crore+","Rs 1,69,57,842 ~ 1 Crore+"
1421,336,Vaghasiya Chandubhai Bachubhai,https://myneta.info/gujarat2012/candidate.php?candidate_id=336,GONDAL ,NCP,1,5th Pass,"Rs 2,24,38,500 ~ 2 Crore+","Rs 53,00,000 ~ 53 Lacs+"
1422,864,Vaghasiya Vallabhbhai Vasharambhai,https://myneta.info/gujarat2012/candidate.php?candidate_id=864,SAVARKUNDLA,BJP,1,12th Pass,https://myneta.info/image_v2.php?myneta_folder=gujarat2012&candidate_id=864&col=ta,https://myneta.info/image_v2.php?myneta_folder=gujarat2012&candidate_id=864&col=lia
1423,46,Vaghela Alpeshsinh Surubha,https://myneta.info/gujarat2012/candidate.php?candidate_id=46,DHOLKA,IND,4,12th Pass,"Rs 77,12,200 ~ 77 Lacs+","Rs 6,00,000 ~ 6 Lacs+"
1424,1618,Vaghela Bhavsingbhai Ditabhai,https://myneta.info/gujarat2012/candidate.php?candidate_id=1618,JHALOD (ST),BJP,0,Graduate,"Rs 1,22,27,807 ~ 1 Crore+","Rs 10,94,090 ~ 10 Lacs+"
1425,1510,Vaghela Fakirbhai Raghabhai,https://myneta.info/gujarat2012/candidate.php?candidate_id=1510,VADGAM (SC),BJP,0,Graduate Professional,"Rs 1,95,15,280 ~ 1 Crore+","Rs 18,15,000 ~ 18 Lacs+"
1426,720,Vaghela Girdharbhai Alabhai,https://myneta.info/gujarat2012/candidate.php?candidate_id=720,KALAVAD (SC),GPP,0,Graduate Professional,"Rs 1,04,56,470 ~ 1 Crore+","Rs 1,08,455 ~ 1 Lacs+"
1427,2064,Vaghela Hirabhai Premabhai,https://myneta.info/gujarat2012/candidate.php?candidate_id=2064,DEODAR,IND,3,5th Pass,"Rs 1,80,57,228 ~ 1 Crore+","Rs 4,50,000 ~ 4 Lacs+"
1428,670,Vaghela Kalpesh Ramjibhai,https://myneta.info/gujarat2012/candidate.php?candidate_id=670,RAJKOT RURAL  (SC),IND,0,10th Pass,"Rs 70,000 ~ 70 Thou+",Rs 0 ~
1429,2235,Vaghela Kanjibhai   Khanabhai,https://myneta.info/gujarat2012/candidate.php?candidate_id=2235,BAPUNAGAR,IND,0,8th Pass,"Rs 31,700 ~ 31 Thou+",Rs 0 ~
1430,1512,Vaghela Liladharbhai Khodaji,https://myneta.info/gujarat2012/candidate.php?candidate_id=1512,DEESA,BJP,0,Graduate Professional,"Rs 1,39,92,430 ~ 1 Crore+","Rs 1,55,651 ~ 1 Lacs+"
1431,2176,Vaghela Rameshbhai Devjibhai,https://myneta.info/gujarat2012/candidate.php?candidate_id=2176,KALOL,IND,0,8th Pass,https://myneta.info/image_v2.php?myneta_folder=gujarat2012&candidate_id=2176&col=ta,https://myneta.info/image_v2.php?myneta_folder=gujarat2012&candidate_id=2176&col=lia
1432,1920,Vaghela Ravjibhai Somabhai,https://myneta.info/gujarat2012/candidate.php?candidate_id=1920,MAHUDHA,GPP,0,10th Pass,"Rs 8,15,000 ~ 8 Lacs+","Rs 3,86,000 ~ 3 Lacs+"
1433,2177,Vaghela Savitaben  Jagadishbhai,https://myneta.info/gujarat2012/candidate.php?candidate_id=2177,KALOL,IND,0,5th Pass,"Rs 3,00,000 ~ 3 Lacs+",Rs 0 ~
1434,2313,Vaghela Shankarbhai  Desaibhai,https://myneta.info/gujarat2012/candidate.php?candidate_id=2313,MAHUDHA,IND,2,10th Pass,"Rs 4,67,71,338 ~ 4 Crore+","Rs 5,77,66,898 ~ 5 Crore+"
1435,2164,Vaghela Sukhdevsinh  Parbatsinh,https://myneta.info/gujarat2012/candidate.php?candidate_id=2164,GANDHINAGAR NORTH,IND,0,10th Pass,"Rs 5,04,000 ~ 5 Lacs+",Rs 0 ~
1436,2132,Vaghela Udesinh  Badarji,https://myneta.info/gujarat2012/candidate.php?candidate_id=2132,HIMATNAGAR,IND,0,10th Pass,"Rs 9,10,000 ~ 9 Lacs+",Rs 0 ~
1437,530,Vahiya Ishvarbhai Narsinhbhai,https://myneta.info/gujarat2012/candidate.php?candidate_id=530,MAHUVA (ST) ,INC,0,10th Pass,"Rs 26,53,426 ~ 26 Lacs+","Rs 3,71,000 ~ 3 Lacs+"
1438,1203,Vaishnav Bhailal Becharbhai,https://myneta.info/gujarat2012/candidate.php?candidate_id=1203,LIMBAYAT ,IND,0,10th Pass,"Rs 4,80,900 ~ 4 Lacs+",Rs 0 ~
1439,96,Vaja Rambhai Gigabhai,https://myneta.info/gujarat2012/candidate.php?candidate_id=96,TALALA,BSP,0,Graduate Professional,"Rs 94,28,591 ~ 94 Lacs+",Rs 0 ~
1440,1272,Vakhariya Kanchanlal Khushallal ,https://myneta.info/gujarat2012/candidate.php?candidate_id=1272,SURAT EAST ,IND,0,Post Graduate,https://myneta.info/image_v2.php?myneta_folder=gujarat2012&candidate_id=1272&col=ta,https://myneta.info/image_v2.php?myneta_folder=gujarat2012&candidate_id=1272&col=lia
1441,1576,Vakil Manisha Rajivbhai,https://myneta.info/gujarat2012/candidate.php?candidate_id=1576,VADODARA CITY (SC) ,BJP,0,Post Graduate,"Rs 7,12,288 ~ 7 Lacs+",Rs 0 ~
1442,505,Vakil Nitin Ishwarlal,https://myneta.info/gujarat2012/candidate.php?candidate_id=505,ANKLESHWAR,IND,0,Graduate Professional,"Rs 8,00,000 ~ 8 Lacs+","Rs 4,25,000 ~ 4 Lacs+"
1443,886,Vala Bhupatbhai Mohanbhai,https://myneta.info/gujarat2012/candidate.php?candidate_id=886,GARIADHAR,SP,0,Literate,"Rs 7,56,633 ~ 7 Lacs+","Rs 34,000 ~ 34 Thou+"
1444,982,Vala Dilubhai Valkubhai,https://myneta.info/gujarat2012/candidate.php?candidate_id=982,OLPAD,IND,0,8th Pass,"Rs 9,16,000 ~ 9 Lacs+",Rs 0 ~
1445,262,Vala Jagmalbhai Jadavbhai,https://myneta.info/gujarat2012/candidate.php?candidate_id=262,SOMNATH,IND,5,8th Pass,"Rs 31,89,71,398 ~ 31 Crore+","Rs 9,45,15,435 ~ 9 Crore+"
1446,49,Vala Pushpaben Ashokbhai,https://myneta.info/gujarat2012/candidate.php?candidate_id=49,RAJKOT RURAL  (SC),BSP,0,10th Pass,"Rs 66,94,000 ~ 66 Lacs+","Rs 1,84,000 ~ 1 Lacs+"
1447,345,Vala Vajubhai R,https://myneta.info/gujarat2012/candidate.php?candidate_id=345,RAJKOT WEST,BJP,0,Graduate Professional,"Rs 75,28,066 ~ 75 Lacs+",Rs 0 ~
1448,104,Vallabhbhai Kanjibhai Dhalavaniya,https://myneta.info/gujarat2012/candidate.php?candidate_id=104,BOTAD,IND,0,Literate,"Rs 27,72,500 ~ 27 Lacs+",Rs 0 ~
1449,1,Vallabhbhai Ramjibhai Kunjadiya,https://myneta.info/gujarat2012/candidate.php?candidate_id=1,VISAVADAR,Akhil Bharatiya Manav Seva Dal,0,Graduate,https://myneta.info/image_v2.php?myneta_folder=gujarat2012&candidate_id=1&col=ta,https://myneta.info/image_v2.php?myneta_folder=gujarat2012&candidate_id=1&col=lia
1450,464,Valodara Vajubhai Jivabhai,https://myneta.info/gujarat2012/candidate.php?candidate_id=464,SAVARKUNDLA,IND,1,Literate,"Rs 21,000 ~ 21 Thou+",Rs 0 ~
1451,1325,Valvi Rajeshbhai Govindbhai,https://myneta.info/gujarat2012/candidate.php?candidate_id=1325,NANDOD (ST),IND,0,Graduate,"Rs 1,55,000 ~ 1 Lacs+",Rs 0 ~
1452,1034,Vamja Arvindbhai Vallabhbhai Alies Devilal	,https://myneta.info/gujarat2012/candidate.php?candidate_id=1034,SURAT NORTH ,LOK TANTRIK SAMAJWADI PARTY,0,10th Pass,"Rs 11,70,000 ~ 11 Lacs+",Rs 0 ~
1453,526,Vanakavala Kishorbhai Ratilal,https://myneta.info/gujarat2012/candidate.php?candidate_id=526,SURAT WEST ,BJP,0,12th Pass,"Rs 1,51,51,469 ~ 1 Crore+","Rs 7,65,200 ~ 7 Lacs+"
1454,1157,Vanani Nanubhai Bhagvanbhai,https://myneta.info/gujarat2012/candidate.php?candidate_id=1157,KATARGAM,BJP,0,5th Pass,"Rs 1,58,16,109 ~ 1 Crore+",Rs 0 ~
1455,580,Vaniya Ajmalbhai Ramabhai,https://myneta.info/gujarat2012/candidate.php?candidate_id=580,DASADA (SC),IND,0,Graduate,"Rs 34,11,000 ~ 34 Lacs+",Rs 0 ~
1456,1853,Vaniya Jagdishbhai Meghjibhai,https://myneta.info/gujarat2012/candidate.php?candidate_id=1853,ANJAR,IND,0,Literate,"Rs 55,000 ~ 55 Thou+",Rs 0 ~
1457,2131,Vankar  Hasamukhbhai  Punjabhai,https://myneta.info/gujarat2012/candidate.php?candidate_id=2131,HIMATNAGAR,IND,0,12th Pass,"Rs 4,35,000 ~ 4 Lacs+",Rs 0 ~
1458,1731,Vankar Kanubhai Fogatbhai ,https://myneta.info/gujarat2012/candidate.php?candidate_id=1731,KARJAN,BSP,0,10th Pass,https://myneta.info/image_v2.php?myneta_folder=gujarat2012&candidate_id=1731&col=ta,https://myneta.info/image_v2.php?myneta_folder=gujarat2012&candidate_id=1731&col=lia
1459,1965,Vankar Narshihbhai Natubhai,https://myneta.info/gujarat2012/candidate.php?candidate_id=1965,SOJITRA,BSP,0,12th Pass,"Rs 3,745 ~ 3 Thou+",Rs 0 ~
1460,2136,Vankar Panabhai Kodarbhai,https://myneta.info/gujarat2012/candidate.php?candidate_id=2136,IDAR (SC),IND,0,Graduate,"Rs 27,20,500 ~ 27 Lacs+",Rs 0 ~
1461,1876,Vankar Prafulchandra Punjabhai,https://myneta.info/gujarat2012/candidate.php?candidate_id=1876,SHEHRA,BSP,3,8th Pass,"Rs 9,15,000 ~ 9 Lacs+",Rs 0 ~
1462,829,Vansh Punjabhai Bhimabhai,https://myneta.info/gujarat2012/candidate.php?candidate_id=829,UNA,INC,1,12th Pass,"Rs 1,27,50,522 ~ 1 Crore+","Rs 8,92,526 ~ 8 Lacs+"
1463,1648,Vansola Gautambhai Kanjibhai,https://myneta.info/gujarat2012/candidate.php?candidate_id=1648,VADGAM (SC),JD(U),0,10th Pass,"Rs 70,161 ~ 70 Thou+",Rs 161 ~ 1 Hund+
1464,251,Vanvi Hitendrabhai Devajibhai,https://myneta.info/gujarat2012/candidate.php?candidate_id=251,MANAVADAR,IND,0,Graduate,"Rs 50,000 ~ 50 Thou+",Rs 0 ~
1465,848,Varunbhai Kalubhai Makwana,https://myneta.info/gujarat2012/candidate.php?candidate_id=848,AMRELI,RSP(S),0,10th Pass,"Rs 5,000 ~ 5 Thou+",Rs 0 ~
1466,1721,Vasadiya Indrasinh Madhavsinh	,https://myneta.info/gujarat2012/candidate.php?candidate_id=1721,DABHOI,JD(U),0,8th Pass,"Rs 11,40,000 ~ 11 Lacs+","Rs 4,60,000 ~ 4 Lacs+"
1467,1062,Vasantbhai Chemabhai Gamit,https://myneta.info/gujarat2012/candidate.php?candidate_id=1062,NIZAR (ST),GPP,1,8th Pass,https://myneta.info/image_v2.php?myneta_folder=gujarat2012&candidate_id=1062&col=ta,https://myneta.info/image_v2.php?myneta_folder=gujarat2012&candidate_id=1062&col=lia
1468,501,Vasava Anandbhai Sarvarsinhbhai,https://myneta.info/gujarat2012/candidate.php?candidate_id=501,BHARUCH,BSP,0,Post Graduate,"Rs 8,08,515 ~ 8 Lacs+",Rs 0 ~
1469,1293,Vasava Balubhai Chhotubhai,https://myneta.info/gujarat2012/candidate.php?candidate_id=1293,JHAGADIA (ST),INC,0,5th Pass,"Rs 34,00,000 ~ 34 Lacs+","Rs 12,00,000 ~ 12 Lacs+"
1470,1289,Vasava Bhagatsinh Jesingbhai,https://myneta.info/gujarat2012/candidate.php?candidate_id=1289,BHARUCH,IND,0,Graduate,"Rs 1,52,955 ~ 1 Lacs+",Rs 0 ~
1471,497,Vasava Chhotubhai Amarsinh,https://myneta.info/gujarat2012/candidate.php?candidate_id=497,JHAGADIA (ST),JD(U),28,10th Pass,"Rs 2,70,80,000 ~ 2 Crore+","Rs 54,96,956 ~ 54 Lacs+"
1472,989,Vasava Ganpatsinh Vestabhai,https://myneta.info/gujarat2012/candidate.php?candidate_id=989,MANGROL (ST),BJP,0,Graduate,"Rs 60,15,703 ~ 60 Lacs+","Rs 2,87,879 ~ 2 Lacs+"
1473,1002,Vasava Hemlataben Maheshbhai,https://myneta.info/gujarat2012/candidate.php?candidate_id=1002,MANDVI (ST) ,BJP,0,Graduate Professional,"Rs 33,02,615 ~ 33 Lacs+",Rs 0 ~
1474,987,Vasava Jagatsinh Laljibhai,https://myneta.info/gujarat2012/candidate.php?candidate_id=987,MANGROL (ST),IND,3,Post Graduate,"Rs 4,40,70,669 ~ 4 Crore+","Rs 35,08,070 ~ 35 Lacs+"
1475,1733,Vasava Laxmanbhai Babarbhai	,https://myneta.info/gujarat2012/candidate.php?candidate_id=1733,KARJAN,JD(U),0,10th Pass,"Rs 23,42,000 ~ 23 Lacs+","Rs 1,55,000 ~ 1 Lacs+"
1476,503,Vasava Mahindershing Baldevshing,https://myneta.info/gujarat2012/candidate.php?candidate_id=503,ANKLESHWAR,JD(U),2,Graduate,https://myneta.info/image_v2.php?myneta_folder=gujarat2012&candidate_id=503&col=ta,https://myneta.info/image_v2.php?myneta_folder=gujarat2012&candidate_id=503&col=lia
1477,959,Vasava Narendrabhai Gambhirsinh,https://myneta.info/gujarat2012/candidate.php?candidate_id=959,JHAGADIA (ST),BJP,0,Post Graduate,"Rs 39,24,010 ~ 39 Lacs+",Rs 0 ~
1478,995,Vasava Parbhubhai Nagarbhai,https://myneta.info/gujarat2012/candidate.php?candidate_id=995,MANDVI (ST) ,INC,0,Others,"Rs 1,29,79,329 ~ 1 Crore+",Rs 0 ~
1479,1000,Vasava Pravinbhai Khansingbhai,https://myneta.info/gujarat2012/candidate.php?candidate_id=1000,MANDVI (ST) ,IND,0,Graduate,"Rs 40,000 ~ 40 Thou+",Rs 0 ~
1480,961,Vasava Rakeshbhai Chandubhai,https://myneta.info/gujarat2012/candidate.php?candidate_id=961,JHAGADIA (ST),GPP,2,10th Pass,"Rs 5,49,000 ~ 5 Lacs+",Rs 0 ~
1481,970,Vasava Shaolesh Chimanbhai,https://myneta.info/gujarat2012/candidate.php?candidate_id=970,BHARUCH,JD(U),0,10th Pass,"Rs 39,100 ~ 39 Thou+",Rs 0 ~
1482,1326,Vasava Sureshbhai Madhubhai	,https://myneta.info/gujarat2012/candidate.php?candidate_id=1326,NANDOD (ST),IND,0,10th Pass,"Rs 9,35,000 ~ 9 Lacs+",Rs 0 ~
1483,498,Vasava Thakorbhai Diveliyabhai,https://myneta.info/gujarat2012/candidate.php?candidate_id=498,JHAGADIA (ST),BSP,0,5th Pass,"Rs 91,20,000 ~ 91 Lacs+",Rs 0 ~
1484,988,Vasava Uttambhai Somabhai,https://myneta.info/gujarat2012/candidate.php?candidate_id=988,MANGROL (ST),JD(U),0,12th Pass,"Rs 3,95,000 ~ 3 Lacs+",Rs 0 ~
1485,1638,Vaviya Danabhai Keshabhai,https://myneta.info/gujarat2012/candidate.php?candidate_id=1638,RAPAR,GPP,4,5th Pass,https://myneta.info/image_v2.php?myneta_folder=gujarat2012&candidate_id=1638&col=ta,https://myneta.info/image_v2.php?myneta_folder=gujarat2012&candidate_id=1638&col=lia
1486,1421,Vedant Pritiben Shaileshbhai,https://myneta.info/gujarat2012/candidate.php?candidate_id=1421,JAMNAGAR SOUTH,IND,0,10th Pass,"Rs 5,60,000 ~ 5 Lacs+",Rs 0 ~
1487,1225,Vegad Abhabhai Raghabhai,https://myneta.info/gujarat2012/candidate.php?candidate_id=1225,DHANDHUKA,IND,0,Literate,"Rs 1,65,000 ~ 1 Lacs+",Rs 0 ~
1488,1838,Velani Santilal Karmshi,https://myneta.info/gujarat2012/candidate.php?candidate_id=1838,MANDVI,IND,0,5th Pass,"Rs 49,99,521 ~ 49 Lacs+",Rs 0 ~
1489,1907,Verma Ramkirti Jairam,https://myneta.info/gujarat2012/candidate.php?candidate_id=1907,VATVA,BSP,0,12th Pass,"Rs 27,85,200 ~ 27 Lacs+",Rs 0 ~
1490,2310,Vhora Ayubbhai Hajibhai,https://myneta.info/gujarat2012/candidate.php?candidate_id=2310,NADIAD,IND,0,10th Pass,"Rs 9,09,000 ~ 9 Lacs+",Rs 0 ~
1491,391,Vichhiya Shivrajkumar Rambhai,https://myneta.info/gujarat2012/candidate.php?candidate_id=391,SAVARKUNDLA,IND,0,10th Pass,"Rs 71,80,000 ~ 71 Lacs+","Rs 13,00,000 ~ 13 Lacs+"
1492,1432,Vighani Ibrahim Sumarbhai,https://myneta.info/gujarat2012/candidate.php?candidate_id=1432,JAMJODHPUR,IND,0,Illiterate,"Rs 35,00,000 ~ 35 Lacs+","Rs 9,36,000 ~ 9 Lacs+"
1493,2216,Vihola Shankarji  Jivaji,https://myneta.info/gujarat2012/candidate.php?candidate_id=2216,NARODA,Loktantrik Rashtravadi Party,1,5th Pass,"Rs 16,13,000 ~ 16 Lacs+",Rs 0 ~
1494,1069,Vijaybhai Govindbhai Naik,https://myneta.info/gujarat2012/candidate.php?candidate_id=1069,NIZAR (ST),BSP,0,Graduate,https://myneta.info/image_v2.php?myneta_folder=gujarat2012&candidate_id=1069&col=ta,https://myneta.info/image_v2.php?myneta_folder=gujarat2012&candidate_id=1069&col=lia
1495,2258,Vinod Brahmbhatt (advocate),https://myneta.info/gujarat2012/candidate.php?candidate_id=2258,MANINAGAR,CPI,0,Graduate,"Rs 8,72,358 ~ 8 Lacs+",Rs 0 ~
1496,482,Vinod Trikambhai Parmar,https://myneta.info/gujarat2012/candidate.php?candidate_id=482,BOTAD,GPP,0,8th Pass,"Rs 3,60,000 ~ 3 Lacs+",Rs 0 ~
1497,88,Vinodkumar Bachubhai Kadivar,https://myneta.info/gujarat2012/candidate.php?candidate_id=88,VISAVADAR,CPM,3,5th Pass,"Rs 15,71,900 ~ 15 Lacs+","Rs 25,000 ~ 25 Thou+"
1498,909,Viplavkumar Karshandas Chitroda,https://myneta.info/gujarat2012/candidate.php?candidate_id=909,BHAVNAGAR EAST,IND,0,Post Graduate,"Rs 3,23,000 ~ 3 Lacs+","Rs 50,000 ~ 50 Thou+"
1499,2165,Vipulchandra Mansukhbhai  Muchhadiya,https://myneta.info/gujarat2012/candidate.php?candidate_id=2165,GANDHINAGAR NORTH,IND,0,12th Pass,"Rs 56,000 ~ 56 Thou+","Rs 3,60,000 ~ 3 Lacs+"
1500,1377,Virani Kalubhai Virajibhai	,https://myneta.info/gujarat2012/candidate.php?candidate_id=1377,SAVARKUNDLA,IND,1,10th Pass,"Rs 3,15,28,217 ~ 3 Crore+","Rs 30,28,704 ~ 30 Lacs+"
1501,1131,Viroolbhai V.dube,https://myneta.info/gujarat2012/candidate.php?candidate_id=1131,BARDOLI (SC) ,IND,0,10th Pass,Nil,Rs 0 ~
1502,2239,Vishvakarma Gyanendra  Dayanand,https://myneta.info/gujarat2012/candidate.php?candidate_id=2239,AMRAIWADI ,IND,0,10th Pass,Nil,Rs 0 ~
1503,701,Vitthalbhai Hanshrajbhai Radadia,https://myneta.info/gujarat2012/candidate.php?candidate_id=701,DHORAJI,INC,15,Graduate,https://myneta.info/image_v2.php?myneta_folder=gujarat2012&candidate_id=701&col=ta,https://myneta.info/image_v2.php?myneta_folder=gujarat2012&candidate_id=701&col=lia
1504,2227,Vora Ratnaben  Dahyabhai,https://myneta.info/gujarat2012/candidate.php?candidate_id=2227,BAPUNAGAR,NCP,1,Graduate Professional,"Rs 47,66,000 ~ 47 Lacs+",Rs 0 ~
1505,1932,Vrajreshbhai Bhagwatiprasad Bhatt,https://myneta.info/gujarat2012/candidate.php?candidate_id=1932,JAMALPUR- KHADIA,GPP,0,Not Given,"Rs 26,60,940 ~ 26 Lacs+",Rs 0 ~
1506,1911,Vyas Hetalben Vinubhai,https://myneta.info/gujarat2012/candidate.php?candidate_id=1911,MATAR,BSP,0,Graduate Professional,"Rs 8,71,000 ~ 8 Lacs+",Rs 0 ~
1507,2053,Vyas Manubhai Jayshankar,https://myneta.info/gujarat2012/candidate.php?candidate_id=2053,PALANPUR,GPP,0,12th Pass,"Rs 65,73,417 ~ 65 Lacs+",Rs 0 ~
1508,1676,Vyas Markandray Ishwarlal	,https://myneta.info/gujarat2012/candidate.php?candidate_id=1676,CHANASMA,SP,0,10th Pass,"Rs 17,45,000 ~ 17 Lacs+","Rs 1,50,000 ~ 1 Lacs+"
1509,2178,Vyas Vishnuprasad  Chhotalal,https://myneta.info/gujarat2012/candidate.php?candidate_id=2178,KALOL,IND,1,8th Pass,"Rs 6,38,500 ~ 6 Lacs+",Rs 0 ~
1510,601,Vyash Himanshu Chimanlal,https://myneta.info/gujarat2012/candidate.php?candidate_id=601,WADHWAN,INC,0,Post Graduate,"Rs 1,92,55,904 ~ 1 Crore+","Rs 11,33,540 ~ 11 Lacs+"
1511,1341,Yadav Arjunbhai Rupsangbhai,https://myneta.info/gujarat2012/candidate.php?candidate_id=1341,PALITANA,IND,0,Graduate,"Rs 29,22,663 ~ 29 Lacs+","Rs 93,000 ~ 93 Thou+"
1512,1707,Yadav Kirtiben Harishkumar ,https://myneta.info/gujarat2012/candidate.php?candidate_id=1707,RAOPURA,SP,0,12th Pass,https://myneta.info/image_v2.php?myneta_folder=gujarat2012&candidate_id=1707&col=ta,https://myneta.info/image_v2.php?myneta_folder=gujarat2012&candidate_id=1707&col=lia
1513,202,Yadav Parsotambhai Hirabhai,https://myneta.info/gujarat2012/candidate.php?candidate_id=202,WADHWAN,IND,0,12th Pass,"Rs 28,000 ~ 28 Thou+",Rs 0 ~
1514,1822,Yadav Rajendrakumar Bhavarlal,https://myneta.info/gujarat2012/candidate.php?candidate_id=1822,DEVGADHBARIA,BSP,0,10th Pass,"Rs 2,00,000 ~ 2 Lacs+",Rs 0 ~
1515,1910,Yadav Sureshbhai Mahavirbhai,https://myneta.info/gujarat2012/candidate.php?candidate_id=1910,VATVA,JD(U),0,10th Pass,"Rs 10,20,600 ~ 10 Lacs+",Rs 0 ~
1516,2215,Yohanbhai Dudhabhai  Christian,https://myneta.info/gujarat2012/candidate.php?candidate_id=2215,NIKOL,IND,0,8th Pass,"Rs 18,19,136 ~ 18 Lacs+",Rs 0 ~
1517,1931,Yusufkhan Habibkhan Pathan,https://myneta.info/gujarat2012/candidate.php?candidate_id=1931,JAMALPUR- KHADIA,SP,1,Literate,"Rs 4,90,000 ~ 4 Lacs+",Rs 0 ~
1518,334,Zadafia Gordhanbhai Pragajibhai,https://myneta.info/gujarat2012/candidate.php?candidate_id=334,GONDAL ,GPP,0,Post Graduate,"Rs 6,95,07,743 ~ 6 Crore+","Rs 8,74,000 ~ 8 Lacs+"
1519,2152,Zala Himmatsinh Tejsinh,https://myneta.info/gujarat2012/candidate.php?candidate_id=2152,PRANTIJ,Loktantrik Rashtravadi Party,0,12th Pass,"Rs 6,90,000 ~ 6 Lacs+","Rs 6,50,000 ~ 6 Lacs+"
1520,1690,Zala Indrajitsinh Mahendrasinh,https://myneta.info/gujarat2012/candidate.php?candidate_id=1690,BECHARAJI,SP,0,12th Pass,"Rs 2,65,000 ~ 2 Lacs+",Rs 0 ~
1521,2151,Zala Narendrasinh Jivatsinh,https://myneta.info/gujarat2012/candidate.php?candidate_id=2151,PRANTIJ,Bhartiya National Janta Dal,0,Post Graduate,https://myneta.info/image_v2.php?myneta_folder=gujarat2012&candidate_id=2151&col=ta,https://myneta.info/image_v2.php?myneta_folder=gujarat2012&candidate_id=2151&col=lia
1522,1052,Zalavadiya Jaysukhbhai Devchandbhai,https://myneta.info/gujarat2012/candidate.php?candidate_id=1052,KARANJ ,INC,0,12th Pass,"Rs 3,04,03,354 ~ 3 Crore+","Rs 20,48,541 ~ 20 Lacs+"
1523,1378,Zanzvadia Vallabhbhai Bhimabhai,https://myneta.info/gujarat2012/candidate.php?candidate_id=1378,SAVARKUNDLA,IND,0,5th Pass,"Rs 26,65,000 ~ 26 Lacs+",Rs 0 ~
1524,214,Zapda Dharmeshbhai Bhikhabhai,https://myneta.info/gujarat2012/candidate.php?candidate_id=214,TANKARA,IND,0,8th Pass,Nil,Rs 0 ~
