sno,candidate_id,candidate_name,candidate_link,constituency,party,criminal_cases,education,assets,liabilities
1,3319,Sundaramahalingam. A,https://www.myneta.info/TamilNadu2026/candidate.php?candidate_id=3319,ARUPPUKOTTAI,IND,0,12th Pass,"Rs 2,62,000 ~ 2 Lacs+","Rs 4,00,000 ~ 4 Lacs+"
2,1871,Velu. K,https://www.myneta.info/TamilNadu2026/candidate.php?candidate_id=1871,TIRUVANNAMALAI,IND,0,8th Pass,"Rs 3,60,760 ~ 3 Lacs+",Rs 0 ~
3,1487,A Balamugan,https://www.myneta.info/TamilNadu2026/candidate.php?candidate_id=1487,SENTHAMANGALAM(ST),IND,0,Post Graduate,https://myneta.info/image_v2.php?myneta_folder=TamilNadu2026&candidate_id=1487&col=ta,https://myneta.info/image_v2.php?myneta_folder=TamilNadu2026&candidate_id=1487&col=lia
4,1358,A Bhuvanenthiran,https://www.myneta.info/TamilNadu2026/candidate.php?candidate_id=1358,KURINJIPADI,AIADMK,1,12th Pass,"Rs 10,98,40,857 ~ 10 Crore+","Rs 1,49,02,790 ~ 1 Crore+"
5,3969,A Dinesh Kumar,https://www.myneta.info/TamilNadu2026/candidate.php?candidate_id=3969,TIRUVADANAI,IND,0,Graduate,"Rs 19,46,000 ~ 19 Lacs+",Rs 0 ~
6,575,A Mani,https://www.myneta.info/TamilNadu2026/candidate.php?candidate_id=575,TIRUVADANAI,IND,0,5th Pass,https://myneta.info/image_v2.php?myneta_folder=TamilNadu2026&candidate_id=575&col=ta,https://myneta.info/image_v2.php?myneta_folder=TamilNadu2026&candidate_id=575&col=lia
7,573,A Muthusamy,https://www.myneta.info/TamilNadu2026/candidate.php?candidate_id=573,TIRUVADANAI,BSP,0,Graduate,"Rs 11,50,000 ~ 11 Lacs+",Rs 0 ~
8,3490,A Nepolian,https://www.myneta.info/TamilNadu2026/candidate.php?candidate_id=3490,HARBOUR,IND,0,Post Graduate,"Rs 67,355 ~ 67 Thou+",Rs 0 ~
9,1592,A Poongodi,https://www.myneta.info/TamilNadu2026/candidate.php?candidate_id=1592,CHENGAM (SC),IND,0,12th Pass,https://myneta.info/image_v2.php?myneta_folder=TamilNadu2026&candidate_id=1592&col=ta,https://myneta.info/image_v2.php?myneta_folder=TamilNadu2026&candidate_id=1592&col=lia
10,2406,A S Thangarasu,https://www.myneta.info/TamilNadu2026/candidate.php?candidate_id=2406,PAPANASAM,IND,0,5th Pass,"Rs 40,12,000 ~ 40 Lacs+",Rs 0 ~
11,1943,A Samraj,https://www.myneta.info/TamilNadu2026/candidate.php?candidate_id=1943,UTHANGARAI (SC),IND,0,8th Pass,"Rs 12,02,000 ~ 12 Lacs+",Rs 0 ~
12,3967,A Segu Ali Uduman,https://www.myneta.info/TamilNadu2026/candidate.php?candidate_id=3967,TIRUVADANAI,IND,0,8th Pass,https://myneta.info/image_v2.php?myneta_folder=TamilNadu2026&candidate_id=3967&col=ta,https://myneta.info/image_v2.php?myneta_folder=TamilNadu2026&candidate_id=3967&col=lia
13,2855,A Shanmugavel,https://www.myneta.info/TamilNadu2026/candidate.php?candidate_id=2855,MADATHUKULAM,IND,0,5th Pass,"Rs 14,41,000 ~ 14 Lacs+",Rs 0 ~
14,307,A Subash Chandra Bose,https://www.myneta.info/TamilNadu2026/candidate.php?candidate_id=307,ALANGULAM,Thakkam Katchi,0,Others,"Rs 62,000 ~ 62 Thou+",Rs 0 ~
15,1418,A Udhayakumar,https://www.myneta.info/TamilNadu2026/candidate.php?candidate_id=1418,ALANGULAM,Puthiya Tamilagam,0,Post Graduate,https://myneta.info/image_v2.php?myneta_folder=TamilNadu2026&candidate_id=1418&col=ta,https://myneta.info/image_v2.php?myneta_folder=TamilNadu2026&candidate_id=1418&col=lia
16,409,A. Ajeshkannan,https://www.myneta.info/TamilNadu2026/candidate.php?candidate_id=409,ORATHANADU,IND,0,10th Pass,"Rs 44,60,570 ~ 44 Lacs+",Rs 0 ~
17,3650,A. Amalan Savarimuthu,https://www.myneta.info/TamilNadu2026/candidate.php?candidate_id=3650,LALGUDI,IND,0,Others,"Rs 26,03,200 ~ 26 Lacs+","Rs 12,00,000 ~ 12 Lacs+"
18,2404,A. Anis Fathima Abdul Rahim,https://www.myneta.info/TamilNadu2026/candidate.php?candidate_id=2404,PAPANASAM,IND,0,12th Pass,https://myneta.info/image_v2.php?myneta_folder=TamilNadu2026&candidate_id=2404&col=ta,https://myneta.info/image_v2.php?myneta_folder=TamilNadu2026&candidate_id=2404&col=lia
19,139,A. Babu Mailan,https://www.myneta.info/TamilNadu2026/candidate.php?candidate_id=139,ROYAPURAM,Naam Tamilar Katchi,0,Others,"Rs 36,62,000 ~ 36 Lacs+","Rs 46,58,722 ~ 46 Lacs+"
20,3813,A. Chinna Raja,https://www.myneta.info/TamilNadu2026/candidate.php?candidate_id=3813,RAMANATHAPURAM,IND,0,8th Pass,"Rs 90,20,615 ~ 90 Lacs+","Rs 39,16,000 ~ 39 Lacs+"
21,3116,A. Guruanandhan,https://www.myneta.info/TamilNadu2026/candidate.php?candidate_id=3116,SRIPERUMBUDUR (SC),Anaithinthiya Anna Dravida Makkal Seyal katchi,0,10th Pass,https://myneta.info/image_v2.php?myneta_folder=TamilNadu2026&candidate_id=3116&col=ta,https://myneta.info/image_v2.php?myneta_folder=TamilNadu2026&candidate_id=3116&col=lia
22,1556,A. Jayakumar,https://www.myneta.info/TamilNadu2026/candidate.php?candidate_id=1556,ROYAPURAM,IND,0,Graduate,"Rs 6,02,959 ~ 6 Lacs+",Rs 0 ~
23,3661,A. Jegan Salamondoss,https://www.myneta.info/TamilNadu2026/candidate.php?candidate_id=3661,LALGUDI,IND,1,8th Pass,Nil,"Rs 6,750 ~ 6 Thou+"
24,2606,A. L. Naresh Kumar,https://www.myneta.info/TamilNadu2026/candidate.php?candidate_id=2606,KOLATHUR,IND,0,10th Pass,https://myneta.info/image_v2.php?myneta_folder=TamilNadu2026&candidate_id=2606&col=ta,https://myneta.info/image_v2.php?myneta_folder=TamilNadu2026&candidate_id=2606&col=lia
25,3037,A. Marimuthu,https://www.myneta.info/TamilNadu2026/candidate.php?candidate_id=3037,COIMBATORE (NORTH),IND,0,8th Pass,"Rs 17,926 ~ 17 Thou+",Rs 0 ~
26,3822,A. Nareshkumar,https://www.myneta.info/TamilNadu2026/candidate.php?candidate_id=3822,RANIPET,IND,10,8th Pass,"Rs 1,58,76,673 ~ 1 Crore+","Rs 11,95,000 ~ 11 Lacs+"
27,1549,A. Nizar Ahamed,https://www.myneta.info/TamilNadu2026/candidate.php?candidate_id=1549,ROYAPURAM,IND,0,Graduate,https://myneta.info/image_v2.php?myneta_folder=TamilNadu2026&candidate_id=1549&col=ta,https://myneta.info/image_v2.php?myneta_folder=TamilNadu2026&candidate_id=1549&col=lia
28,3979,A. Palanikumar,https://www.myneta.info/TamilNadu2026/candidate.php?candidate_id=3979,VASUDEVANALLUR (SC),IND,0,Graduate Professional,"Rs 52,000 ~ 52 Thou+",Rs 0 ~
29,2494,A. Patturaj,https://www.myneta.info/TamilNadu2026/candidate.php?candidate_id=2494,VILATHIKULAM,IND,0,10th Pass,"Rs 16,78,810 ~ 16 Lacs+",Rs 0 ~
30,3973,A. Ponnuthai,https://www.myneta.info/TamilNadu2026/candidate.php?candidate_id=3973,VASUDEVANALLUR (SC),All India Puratchi Thalaivar Makkal Munnettra Kazhagam,0,Post Graduate,https://myneta.info/image_v2.php?myneta_folder=TamilNadu2026&candidate_id=3973&col=ta,https://myneta.info/image_v2.php?myneta_folder=TamilNadu2026&candidate_id=3973&col=lia
31,2495,A. Prabahar,https://www.myneta.info/TamilNadu2026/candidate.php?candidate_id=2495,VILATHIKULAM,IND,0,Graduate Professional,"Rs 14,45,718 ~ 14 Lacs+",Rs 0 ~
32,3793,A. Radhakrishnan,https://www.myneta.info/TamilNadu2026/candidate.php?candidate_id=3793,PUDUKKOTTAI,IND,0,12th Pass,"Rs 10,20,000 ~ 10 Lacs+",Rs 0 ~
33,1009,A. Rajaprakash,https://www.myneta.info/TamilNadu2026/candidate.php?candidate_id=1009,TENKASI,Tamilaga Vettri Kazhagam,0,5th Pass,https://myneta.info/image_v2.php?myneta_folder=TamilNadu2026&candidate_id=1009&col=ta,https://myneta.info/image_v2.php?myneta_folder=TamilNadu2026&candidate_id=1009&col=lia
34,1975,A. Rajaram,https://www.myneta.info/TamilNadu2026/candidate.php?candidate_id=1975,PERAMBUR,Republican Party of India (Athawale),0,Graduate Professional,"Rs 5,500 ~ 5 Thou+",Rs 0 ~
35,3779,A. Rajasekar,https://www.myneta.info/TamilNadu2026/candidate.php?candidate_id=3779,PUDUKKOTTAI,Veerath Thiyagi Viswanathadoss Thozhilalarkal Katchi,0,12th Pass,"Rs 2,01,600 ~ 2 Lacs+","Rs 55,014 ~ 55 Thou+"
36,2617,A. Raji,https://www.myneta.info/TamilNadu2026/candidate.php?candidate_id=2617,KOLATHUR,IND,0,10th Pass,https://myneta.info/image_v2.php?myneta_folder=TamilNadu2026&candidate_id=2617&col=ta,https://myneta.info/image_v2.php?myneta_folder=TamilNadu2026&candidate_id=2617&col=lia
37,1601,A. Raman,https://www.myneta.info/TamilNadu2026/candidate.php?candidate_id=1601,MANAPPARAI,IND,0,10th Pass,"Rs 5,13,000 ~ 5 Lacs+",Rs 0 ~
38,2537,A. Ramesh,https://www.myneta.info/TamilNadu2026/candidate.php?candidate_id=2537,PALLADAM,IND,0,10th Pass,"Rs 70,02,000 ~ 70 Lacs+","Rs 29,02,002 ~ 29 Lacs+"
39,3038,A. Ramesh,https://www.myneta.info/TamilNadu2026/candidate.php?candidate_id=3038,COIMBATORE (NORTH),IND,0,Graduate,https://myneta.info/image_v2.php?myneta_folder=TamilNadu2026&candidate_id=3038&col=ta,https://myneta.info/image_v2.php?myneta_folder=TamilNadu2026&candidate_id=3038&col=lia
40,3107,A. Ramu,https://www.myneta.info/TamilNadu2026/candidate.php?candidate_id=3107,ERODE (WEST),IND,0,10th Pass,"Rs 66,38,791 ~ 66 Lacs+","Rs 1,80,000 ~ 1 Lacs+"
41,1386,A. Ramu,https://www.myneta.info/TamilNadu2026/candidate.php?candidate_id=1386,COONOOR,AIADMK,1,Post Graduate,"Rs 25,60,69,344 ~ 25 Crore+","Rs 10,15,791 ~ 10 Lacs+"
42,584,A. Saravanakumar,https://www.myneta.info/TamilNadu2026/candidate.php?candidate_id=584,MUDUKULATHUR,Naam Indiar Party,0,8th Pass,https://myneta.info/image_v2.php?myneta_folder=TamilNadu2026&candidate_id=584&col=ta,https://myneta.info/image_v2.php?myneta_folder=TamilNadu2026&candidate_id=584&col=lia
43,1543,A. Sasikumar,https://www.myneta.info/TamilNadu2026/candidate.php?candidate_id=1543,ROYAPURAM,IND,0,Graduate Professional,"Rs 7,11,001 ~ 7 Lacs+",Rs 0 ~
44,1536,A. Sathik Kumar,https://www.myneta.info/TamilNadu2026/candidate.php?candidate_id=1536,ROYAPURAM,Democratic National Allegiance,0,Graduate,"Rs 3,08,500 ~ 3 Lacs+","Rs 1,50,000 ~ 1 Lacs+"
45,446,A. Selva Kumar,https://www.myneta.info/TamilNadu2026/candidate.php?candidate_id=446,THIRU-VI-KA-NAGAR (SC),Thakkam Katchi,0,10th Pass,https://myneta.info/image_v2.php?myneta_folder=TamilNadu2026&candidate_id=446&col=ta,https://myneta.info/image_v2.php?myneta_folder=TamilNadu2026&candidate_id=446&col=lia
46,1607,A. Senthil Kumar,https://www.myneta.info/TamilNadu2026/candidate.php?candidate_id=1607,MANAPPARAI,IND,0,10th Pass,"Rs 8,42,000 ~ 8 Lacs+",Rs 0 ~
47,1171,A. Sozhan,https://www.myneta.info/TamilNadu2026/candidate.php?candidate_id=1171,KATTUMANNARKOIL (SC),Pattali Makkal Katchi,0,Graduate Professional,"Rs 1,97,38,677 ~ 1 Crore+","Rs 30,26,449 ~ 30 Lacs+"
48,3786,A. Subaresh Raja,https://www.myneta.info/TamilNadu2026/candidate.php?candidate_id=3786,PUDUKKOTTAI,IND,0,Others,https://myneta.info/image_v2.php?myneta_folder=TamilNadu2026&candidate_id=3786&col=ta,https://myneta.info/image_v2.php?myneta_folder=TamilNadu2026&candidate_id=3786&col=lia
49,3217,A. Sudhahar,https://www.myneta.info/TamilNadu2026/candidate.php?candidate_id=3217,PALAYAMKOTTAI,IND,0,Graduate Professional,"Rs 3,67,145 ~ 3 Lacs+","Rs 4,31,834 ~ 4 Lacs+"
50,3422,A. Sudhakar,https://www.myneta.info/TamilNadu2026/candidate.php?candidate_id=3422,BARGUR,Republican Party of India (Athawale),0,12th Pass,"Rs 11,52,000 ~ 11 Lacs+",Rs 0 ~
51,2017,A. Usha,https://www.myneta.info/TamilNadu2026/candidate.php?candidate_id=2017,DR.RADHAKRISHNAN NAGAR,IND,0,10th Pass,https://myneta.info/image_v2.php?myneta_folder=TamilNadu2026&candidate_id=2017&col=ta,https://myneta.info/image_v2.php?myneta_folder=TamilNadu2026&candidate_id=2017&col=lia
52,907,A. Viswanathan,https://www.myneta.info/TamilNadu2026/candidate.php?candidate_id=907,ATHOOR,AIADMK,0,Graduate,"Rs 6,78,55,000 ~ 6 Crore+","Rs 3,09,11,000 ~ 3 Crore+"
53,2264,A.Alappan,https://www.myneta.info/TamilNadu2026/candidate.php?candidate_id=2264,NILAKKOTTAI (SC),IND,1,Post Graduate,"Rs 50,000 ~ 50 Thou+",Rs 0 ~
54,2677,A.Amrish,https://www.myneta.info/TamilNadu2026/candidate.php?candidate_id=2677,BHAVANISAGAR (SC),IND,0,Graduate Professional,https://myneta.info/image_v2.php?myneta_folder=TamilNadu2026&candidate_id=2677&col=ta,https://myneta.info/image_v2.php?myneta_folder=TamilNadu2026&candidate_id=2677&col=lia
55,3349,A.Anandan,https://www.myneta.info/TamilNadu2026/candidate.php?candidate_id=3349,SHOLINGHUR,IND,0,Graduate Professional,"Rs 5,05,000 ~ 5 Lacs+","Rs 3,00,000 ~ 3 Lacs+"
56,2530,A.Annadurai,https://www.myneta.info/TamilNadu2026/candidate.php?candidate_id=2530,PALLADAM,IND,9,10th Pass,"Rs 10,37,000 ~ 10 Lacs+","Rs 10,87,250 ~ 10 Lacs+"
57,150,A.Ashok Kumar,https://www.myneta.info/TamilNadu2026/candidate.php?candidate_id=150,SHOLINGHUR,Naam Tamilar Katchi,0,Graduate Professional,https://myneta.info/image_v2.php?myneta_folder=TamilNadu2026&candidate_id=150&col=ta,https://myneta.info/image_v2.php?myneta_folder=TamilNadu2026&candidate_id=150&col=lia
58,340,A.Balamurugan,https://www.myneta.info/TamilNadu2026/candidate.php?candidate_id=340,KAVUNDAMPALAYAM,IND,1,Literate,"Rs 2,76,79,002 ~ 2 Crore+","Rs 1,09,15,000 ~ 1 Crore+"
59,1149,A.Bannari,https://www.myneta.info/TamilNadu2026/candidate.php?candidate_id=1149,BHAVANISAGAR (SC),AIADMK,3,Graduate,"Rs 1,88,13,122 ~ 1 Crore+","Rs 4,04,651 ~ 4 Lacs+"
60,1591,A.Bharathi,https://www.myneta.info/TamilNadu2026/candidate.php?candidate_id=1591,CHENGAM (SC),IND,0,Graduate,https://myneta.info/image_v2.php?myneta_folder=TamilNadu2026&candidate_id=1591&col=ta,https://myneta.info/image_v2.php?myneta_folder=TamilNadu2026&candidate_id=1591&col=lia
61,1588,A.Chidambaram,https://www.myneta.info/TamilNadu2026/candidate.php?candidate_id=1588,CHENGAM (SC),IND,0,12th Pass,"Rs 33,21,500 ~ 33 Lacs+",Rs 0 ~
62,1933,A.Duraisamy,https://www.myneta.info/TamilNadu2026/candidate.php?candidate_id=1933,MODAKKURICHI,IND,0,5th Pass,"Rs 4,21,600 ~ 4 Lacs+",Rs 0 ~
63,2577,A.Esakkiappan,https://www.myneta.info/TamilNadu2026/candidate.php?candidate_id=2577,CHENGALPATTU,IND,0,Graduate Professional,https://myneta.info/image_v2.php?myneta_folder=TamilNadu2026&candidate_id=2577&col=ta,https://myneta.info/image_v2.php?myneta_folder=TamilNadu2026&candidate_id=2577&col=lia
64,845,A.Gnanasekaran,https://www.myneta.info/TamilNadu2026/candidate.php?candidate_id=845,SRIPERUMBUDUR (SC),Tamizhaga Vaazhvurimai Katchi,0,Graduate Professional,"Rs 22,37,047 ~ 22 Lacs+",Rs 0 ~
65,2427,A.H. Siva Ganesh,https://www.myneta.info/TamilNadu2026/candidate.php?candidate_id=2427,GUMMIDIPOONDI,IND,0,Post Graduate,"Rs 7,18,30,500 ~ 7 Crore+",Rs 0 ~
66,3031,A.K. Senthamizh Selvan,https://www.myneta.info/TamilNadu2026/candidate.php?candidate_id=3031,COIMBATORE (NORTH),IND,0,Post Graduate,https://myneta.info/image_v2.php?myneta_folder=TamilNadu2026&candidate_id=3031&col=ta,https://myneta.info/image_v2.php?myneta_folder=TamilNadu2026&candidate_id=3031&col=lia
67,1901,A.Kaliyappan,https://www.myneta.info/TamilNadu2026/candidate.php?candidate_id=1901,YERCAUD (ST),IND,0,5th Pass,"Rs 78,20,000 ~ 78 Lacs+","Rs 7,86,000 ~ 7 Lacs+"
68,256,A.Kallanai,https://www.myneta.info/TamilNadu2026/candidate.php?candidate_id=256,MADURAI NORTH,Tamilaga Vettri Kazhagam,2,Graduate,"Rs 2,12,75,925 ~ 2 Crore+","Rs 1,18,62,949 ~ 1 Crore+"
69,1425,A.Kalyanasundaram,https://www.myneta.info/TamilNadu2026/candidate.php?candidate_id=1425,AMBATTUR,Nationalist Janshakti Party,0,10th Pass,https://myneta.info/image_v2.php?myneta_folder=TamilNadu2026&candidate_id=1425&col=ta,https://myneta.info/image_v2.php?myneta_folder=TamilNadu2026&candidate_id=1425&col=lia
70,1931,A.Kathirvel,https://www.myneta.info/TamilNadu2026/candidate.php?candidate_id=1931,MODAKKURICHI,IND,0,8th Pass,"Rs 2,07,950 ~ 2 Lacs+",Rs 0 ~
71,776,A.M. Shahjahan,https://www.myneta.info/TamilNadu2026/candidate.php?candidate_id=776,PAPANASAM,Indian Union Muslim League,2,Graduate,"Rs 5,53,55,830 ~ 5 Crore+",Rs 0 ~
72,1243,A.M.Munirathinam,https://www.myneta.info/TamilNadu2026/candidate.php?candidate_id=1243,SHOLINGHUR,INC,1,10th Pass,https://myneta.info/image_v2.php?myneta_folder=TamilNadu2026&candidate_id=1243&col=ta,https://myneta.info/image_v2.php?myneta_folder=TamilNadu2026&candidate_id=1243&col=lia
73,953,A.Maduraiveeran,https://www.myneta.info/TamilNadu2026/candidate.php?candidate_id=953,MELUR,Tamilaga Vettri Kazhagam,1,10th Pass,"Rs 93,65,541 ~ 93 Lacs+","Rs 26,36,000 ~ 26 Lacs+"
74,3462,A.Manikandan,https://www.myneta.info/TamilNadu2026/candidate.php?candidate_id=3462,ERODE (EAST),Tamizhaga Vaazhvurimai Katchi,0,5th Pass,"Rs 19,09,500 ~ 19 Lacs+","Rs 18,25,000 ~ 18 Lacs+"
75,3909,A.Mariappan,https://www.myneta.info/TamilNadu2026/candidate.php?candidate_id=3909,TENKASI,IND,0,Graduate Professional,https://myneta.info/image_v2.php?myneta_folder=TamilNadu2026&candidate_id=3909&col=ta,https://myneta.info/image_v2.php?myneta_folder=TamilNadu2026&candidate_id=3909&col=lia
76,1675,A.Mohammed Gani,https://www.myneta.info/TamilNadu2026/candidate.php?candidate_id=1675,SHOLINGANALLUR,IND,0,8th Pass,"Rs 2,15,219 ~ 2 Lacs+",Rs 0 ~
77,2013,A.Mohanraj,https://www.myneta.info/TamilNadu2026/candidate.php?candidate_id=2013,DR.RADHAKRISHNAN NAGAR,SUCI(C),0,Illiterate,"Rs 86,463 ~ 86 Thou+",Rs 0 ~
78,3879,A.Mounakumar,https://www.myneta.info/TamilNadu2026/candidate.php?candidate_id=3879,SINGANALLUR,IND,0,Graduate,https://myneta.info/image_v2.php?myneta_folder=TamilNadu2026&candidate_id=3879&col=ta,https://myneta.info/image_v2.php?myneta_folder=TamilNadu2026&candidate_id=3879&col=lia
79,3625,A.Muruganandhan,https://www.myneta.info/TamilNadu2026/candidate.php?candidate_id=3625,KUMARAPALAYAM,IND,0,8th Pass,"Rs 11,50,000 ~ 11 Lacs+","Rs 3,70,000 ~ 3 Lacs+"
80,1410,A.P.Nandakumar,https://www.myneta.info/TamilNadu2026/candidate.php?candidate_id=1410,ANAIKATTU,DMK,10,12th Pass,"Rs 56,25,36,272 ~ 56 Crore+","Rs 22,68,55,775 ~ 22 Crore+"
81,3356,A.Palani,https://www.myneta.info/TamilNadu2026/candidate.php?candidate_id=3356,SHOLINGHUR,IND,0,10th Pass,https://myneta.info/image_v2.php?myneta_folder=TamilNadu2026&candidate_id=3356&col=ta,https://myneta.info/image_v2.php?myneta_folder=TamilNadu2026&candidate_id=3356&col=lia
82,3667,A.Ponnalagan,https://www.myneta.info/TamilNadu2026/candidate.php?candidate_id=3667,MADHAVARAM,IND,0,Illiterate,"Rs 3,76,470 ~ 3 Lacs+",Rs 0 ~
83,2310,A.Rajangam,https://www.myneta.info/TamilNadu2026/candidate.php?candidate_id=2310,MADURAI NORTH,IND,0,Graduate Professional,"Rs 49,60,000 ~ 49 Lacs+",Rs 0 ~
84,2573,A.Rajesh,https://www.myneta.info/TamilNadu2026/candidate.php?candidate_id=2573,GUDIYATTAM (SC),IND,0,10th Pass,https://myneta.info/image_v2.php?myneta_folder=TamilNadu2026&candidate_id=2573&col=ta,https://myneta.info/image_v2.php?myneta_folder=TamilNadu2026&candidate_id=2573&col=lia
85,3729,A.Rani Nadar Alias Pushparani,https://www.myneta.info/TamilNadu2026/candidate.php?candidate_id=3729,NANGUNERI,IND,0,Graduate,"Rs 17,80,140 ~ 17 Lacs+","Rs 2,52,000 ~ 2 Lacs+"
86,1384,A.S.Chandarasekaran,https://www.myneta.info/TamilNadu2026/candidate.php?candidate_id=1384,CUDDALORE,INC,0,Graduate Professional,"Rs 9,20,73,754 ~ 9 Crore+","Rs 64,37,783 ~ 64 Lacs+"
87,1503,A.Saravanan,https://www.myneta.info/TamilNadu2026/candidate.php?candidate_id=1503,ALANDUR,IND,0,10th Pass,https://myneta.info/image_v2.php?myneta_folder=TamilNadu2026&candidate_id=1503&col=ta,https://myneta.info/image_v2.php?myneta_folder=TamilNadu2026&candidate_id=1503&col=lia
88,2533,A.Saravanan,https://www.myneta.info/TamilNadu2026/candidate.php?candidate_id=2533,PALLADAM,IND,0,Literate,"Rs 3,37,002 ~ 3 Lacs+",Rs 0 ~
89,2653,A.Sathiyaleela,https://www.myneta.info/TamilNadu2026/candidate.php?candidate_id=2653,METTUPALAYAM,IND,0,10th Pass,"Rs 1,05,88,670 ~ 1 Crore+","Rs 13,56,813 ~ 13 Lacs+"
90,523,A.Selvaraj,https://www.myneta.info/TamilNadu2026/candidate.php?candidate_id=523,THIRUPORUR,Mannin Maithargal Kazhagam,0,Graduate,https://myneta.info/image_v2.php?myneta_folder=TamilNadu2026&candidate_id=523&col=ta,https://myneta.info/image_v2.php?myneta_folder=TamilNadu2026&candidate_id=523&col=lia
91,216,A.Soniya,https://www.myneta.info/TamilNadu2026/candidate.php?candidate_id=216,VELLORE,Naam Tamilar Katchi,0,12th Pass,"Rs 28,87,000 ~ 28 Lacs+","Rs 8,75,481 ~ 8 Lacs+"
92,3331,A.Thangaraj,https://www.myneta.info/TamilNadu2026/candidate.php?candidate_id=3331,PALLAVARAM,Puthiya Tamilagam,0,Graduate,"Rs 1,15,28,400 ~ 1 Crore+",Rs 0 ~
93,2525,A.Vasudevan,https://www.myneta.info/TamilNadu2026/candidate.php?candidate_id=2525,TIRUCHIRAPPALLI (WEST),IND,0,Post Graduate,https://myneta.info/image_v2.php?myneta_folder=TamilNadu2026&candidate_id=2525&col=ta,https://myneta.info/image_v2.php?myneta_folder=TamilNadu2026&candidate_id=2525&col=lia
94,2519,A.Veeramani,https://www.myneta.info/TamilNadu2026/candidate.php?candidate_id=2519,TIRUCHIRAPPALLI (WEST),Samaniya Makkal Nala Katchi,0,10th Pass,"Rs 3,51,258 ~ 3 Lacs+",Rs 0 ~
95,1500,A.Velusamy,https://www.myneta.info/TamilNadu2026/candidate.php?candidate_id=1500,ALANDUR,Puthiya Tamilagam,0,5th Pass,"Rs 2,52,000 ~ 2 Lacs+",Rs 0 ~
96,2039,A.Vijay,https://www.myneta.info/TamilNadu2026/candidate.php?candidate_id=2039,DR.RADHAKRISHNAN NAGAR,IND,0,Post Graduate,https://myneta.info/image_v2.php?myneta_folder=TamilNadu2026&candidate_id=2039&col=ta,https://myneta.info/image_v2.php?myneta_folder=TamilNadu2026&candidate_id=2039&col=lia
97,3370,A.Vijay,https://www.myneta.info/TamilNadu2026/candidate.php?candidate_id=3370,ARCOT,IND,0,Others,"Rs 3,56,500 ~ 3 Lacs+",Rs 0 ~
98,2393,A.Viswanathan,https://www.myneta.info/TamilNadu2026/candidate.php?candidate_id=2393,THIRUVIDAIMARUDUR (SC),Tamizhaga Vaazhvurimai Katchi,0,12th Pass,"Rs 3,46,000 ~ 3 Lacs+","Rs 2,50,000 ~ 2 Lacs+"
99,222,Aadhav Arjuna,https://www.myneta.info/TamilNadu2026/candidate.php?candidate_id=222,VILLIVAKKAM,Tamilaga Vettri Kazhagam,1,Graduate,https://myneta.info/image_v2.php?myneta_folder=TamilNadu2026&candidate_id=222&col=ta,https://myneta.info/image_v2.php?myneta_folder=TamilNadu2026&candidate_id=222&col=lia
100,752,Aadirajaram,https://www.myneta.info/TamilNadu2026/candidate.php?candidate_id=752,CHEPAUK-THIRUVALLIKENI,AIADMK,6,Graduate Professional,"Rs 7,41,05,401 ~ 7 Crore+",Rs 0 ~
101,3697,Aadithiyan A,https://www.myneta.info/TamilNadu2026/candidate.php?candidate_id=3697,NAMAKKAL,Anna Puratchi Thalaivar Amma Dravida Munnetra Kazhagam,0,Others,"Rs 32,01,500 ~ 32 Lacs+","Rs 5,52,000 ~ 5 Lacs+"
102,7,Aalangattur Anandhi,https://www.myneta.info/TamilNadu2026/candidate.php?candidate_id=7,ANTHIYUR,Naam Tamilar Katchi,0,Post Graduate,https://myneta.info/image_v2.php?myneta_folder=TamilNadu2026&candidate_id=7&col=ta,https://myneta.info/image_v2.php?myneta_folder=TamilNadu2026&candidate_id=7&col=lia
103,720,Aasee.M. Thiagarajan,https://www.myneta.info/TamilNadu2026/candidate.php?candidate_id=720,KARUR,DMK,0,Graduate,"Rs 23,31,29,631 ~ 23 Crore+","Rs 2,33,98,518 ~ 2 Crore+"
104,1313,Aassan Maulaana J.M.H,https://www.myneta.info/TamilNadu2026/candidate.php?candidate_id=1313,VELACHERY,INC,4,Post Graduate,"Rs 16,32,75,450 ~ 16 Crore+","Rs 24,28,591 ~ 24 Lacs+"
105,2593,Aathithya,https://www.myneta.info/TamilNadu2026/candidate.php?candidate_id=2593,KOLATHUR,Samata Party,0,Literate,https://myneta.info/image_v2.php?myneta_folder=TamilNadu2026&candidate_id=2593&col=ta,https://myneta.info/image_v2.php?myneta_folder=TamilNadu2026&candidate_id=2593&col=lia
106,548,Abdul Hakeem K,https://www.myneta.info/TamilNadu2026/candidate.php?candidate_id=548,MADURAI CENTRAL,Naam Tamilar Katchi,0,Post Graduate,"Rs 72,71,000 ~ 72 Lacs+","Rs 81,49,620 ~ 81 Lacs+"
107,1574,Abdul Jaffar. S,https://www.myneta.info/TamilNadu2026/candidate.php?candidate_id=1574,ARANTHANGI,IND,0,10th Pass,"Rs 32,60,000 ~ 32 Lacs+","Rs 12,00,000 ~ 12 Lacs+"
108,791,Abdul Jaleel. R. K,https://www.myneta.info/TamilNadu2026/candidate.php?candidate_id=791,KADAYANALLUR,Tamilaga Vettri Kazhagam,2,8th Pass,https://myneta.info/image_v2.php?myneta_folder=TamilNadu2026&candidate_id=791&col=ta,https://myneta.info/image_v2.php?myneta_folder=TamilNadu2026&candidate_id=791&col=lia
109,3214,Abdul Koya,https://www.myneta.info/TamilNadu2026/candidate.php?candidate_id=3214,PALAYAMKOTTAI,IND,2,8th Pass,"Rs 49,00,500 ~ 49 Lacs+","Rs 87,100 ~ 87 Thou+"
110,1442,Abdul Shabeek A,https://www.myneta.info/TamilNadu2026/candidate.php?candidate_id=1442,VILLIVAKKAM,Tamizhaga Vaazhvurimai Katchi,0,Others,"Rs 14,94,000 ~ 14 Lacs+","Rs 6,80,000 ~ 6 Lacs+"
111,2954,Abdul Wahid.A,https://www.myneta.info/TamilNadu2026/candidate.php?candidate_id=2954,VANIYAMBADI,IND,0,5th Pass,https://myneta.info/image_v2.php?myneta_folder=TamilNadu2026&candidate_id=2954&col=ta,https://myneta.info/image_v2.php?myneta_folder=TamilNadu2026&candidate_id=2954&col=lia
112,1210,Abdur Rahman. A.R,https://www.myneta.info/TamilNadu2026/candidate.php?candidate_id=1210,PANRUTI,Viduthalai Chiruthaigal Katchi,0,12th Pass,"Rs 15,06,54,235 ~ 15 Crore+","Rs 12,000 ~ 12 Thou+"
113,2413,Abiman,https://www.myneta.info/TamilNadu2026/candidate.php?candidate_id=2413,THIRUVAIYARU,IND,0,Graduate Professional,"Rs 23,42,000 ~ 23 Lacs+","Rs 78,050 ~ 78 Thou+"
114,223,Abinaya Ponnivalavan,https://www.myneta.info/TamilNadu2026/candidate.php?candidate_id=223,VILLUPURAM,Naam Tamilar Katchi,0,Post Graduate,https://myneta.info/image_v2.php?myneta_folder=TamilNadu2026&candidate_id=223&col=ta,https://myneta.info/image_v2.php?myneta_folder=TamilNadu2026&candidate_id=223&col=lia
115,3703,Abineshkumar T,https://www.myneta.info/TamilNadu2026/candidate.php?candidate_id=3703,NAMAKKAL,IND,0,10th Pass,"Rs 6,44,000 ~ 6 Lacs+",Rs 0 ~
116,43,Abirami. A,https://www.myneta.info/TamilNadu2026/candidate.php?candidate_id=43,GANGAVALLI (SC),Naam Tamilar Katchi,0,10th Pass,"Rs 39,88,200 ~ 39 Lacs+","Rs 17,04,144 ~ 17 Lacs+"
117,2333,Abirami. D,https://www.myneta.info/TamilNadu2026/candidate.php?candidate_id=2333,USILAMPATTI,Naam Tamilar Katchi,0,Graduate,https://myneta.info/image_v2.php?myneta_folder=TamilNadu2026&candidate_id=2333&col=ta,https://myneta.info/image_v2.php?myneta_folder=TamilNadu2026&candidate_id=2333&col=lia
118,856,Abishek. R,https://www.myneta.info/TamilNadu2026/candidate.php?candidate_id=856,EGMORE (SC),AIADMK,3,Graduate Professional,"Rs 13,59,08,134 ~ 13 Crore+","Rs 11,77,96,632 ~ 11 Crore+"
119,1080,Abishek. R,https://www.myneta.info/TamilNadu2026/candidate.php?candidate_id=1080,POLUR,Tamilaga Vettri Kazhagam,1,Post Graduate,"Rs 50,83,538 ~ 50 Lacs+",Rs 0 ~
120,1491,Abitha M.,https://www.myneta.info/TamilNadu2026/candidate.php?candidate_id=1491,PERIYAKULAM (SC),IND,0,12th Pass,https://myneta.info/image_v2.php?myneta_folder=TamilNadu2026&candidate_id=1491&col=ta,https://myneta.info/image_v2.php?myneta_folder=TamilNadu2026&candidate_id=1491&col=lia
121,52,Abubacker Siddheeq,https://www.myneta.info/TamilNadu2026/candidate.php?candidate_id=52,KADAYANALLUR,Naam Tamilar Katchi,0,Graduate Professional,"Rs 12,18,403 ~ 12 Lacs+",Rs 0 ~
122,3912,Abukither M,https://www.myneta.info/TamilNadu2026/candidate.php?candidate_id=3912,THIYAGARAYANAGAR,IND,0,10th Pass,"Rs 9,57,000 ~ 9 Lacs+",Rs 0 ~
123,3997,Adaikalaraj. S,https://www.myneta.info/TamilNadu2026/candidate.php?candidate_id=3997,VIRALIMALAI,IND,1,Others,https://myneta.info/image_v2.php?myneta_folder=TamilNadu2026&candidate_id=3997&col=ta,https://myneta.info/image_v2.php?myneta_folder=TamilNadu2026&candidate_id=3997&col=lia
124,1856,Adhithya Palanisamy. A,https://www.myneta.info/TamilNadu2026/candidate.php?candidate_id=1856,TIRUVANNAMALAI,IND,0,Post Graduate,"Rs 1,80,19,000 ~ 1 Crore+","Rs 1,16,28,403 ~ 1 Crore+"
125,998,Adhiyamaan. R.V,https://www.myneta.info/TamilNadu2026/candidate.php?candidate_id=998,OMALUR,Tamilaga Vettri Kazhagam,0,Graduate Professional,"Rs 1,94,83,029 ~ 1 Crore+","Rs 12,90,000 ~ 12 Lacs+"
126,290,Advocate Krishnan E,https://www.myneta.info/TamilNadu2026/candidate.php?candidate_id=290,GINGEE,Naam Tamilar Katchi,0,Graduate Professional,https://myneta.info/image_v2.php?myneta_folder=TamilNadu2026&candidate_id=290&col=ta,https://myneta.info/image_v2.php?myneta_folder=TamilNadu2026&candidate_id=290&col=lia
127,3317,Advocate Sadhuragiri. M,https://www.myneta.info/TamilNadu2026/candidate.php?candidate_id=3317,ARUPPUKOTTAI,IND,0,Graduate Professional,"Rs 4,19,000 ~ 4 Lacs+",Rs 0 ~
128,3940,Advocate Thangapandian,https://www.myneta.info/TamilNadu2026/candidate.php?candidate_id=3940,TIRUCHULI,IND,0,Graduate Professional,"Rs 37,06,000 ~ 37 Lacs+",Rs 0 ~
129,737,Advocate. Kathiravan. K.K,https://www.myneta.info/TamilNadu2026/candidate.php?candidate_id=737,PARAMAKUDI (SC),DMK,1,Graduate Professional,https://myneta.info/image_v2.php?myneta_folder=TamilNadu2026&candidate_id=737&col=ta,https://myneta.info/image_v2.php?myneta_folder=TamilNadu2026&candidate_id=737&col=lia
130,349,Advocate.Muthaiah.S.,https://www.myneta.info/TamilNadu2026/candidate.php?candidate_id=349,KRISHNAGIRI,Thakkam Katchi,0,Graduate Professional,"Rs 13,47,450 ~ 13 Lacs+",Rs 0 ~
131,5,Afshia Nasrin. S,https://www.myneta.info/TamilNadu2026/candidate.php?candidate_id=5,AMBUR,Naam Tamilar Katchi,0,Post Graduate,"Rs 42,52,667 ~ 42 Lacs+",Rs 0 ~
132,1978,Agni Aalvar,https://www.myneta.info/TamilNadu2026/candidate.php?candidate_id=1978,PERAMBUR,IND,0,10th Pass,https://myneta.info/image_v2.php?myneta_folder=TamilNadu2026&candidate_id=1978&col=ta,https://myneta.info/image_v2.php?myneta_folder=TamilNadu2026&candidate_id=1978&col=lia
133,3003,Agni Aalvar,https://www.myneta.info/TamilNadu2026/candidate.php?candidate_id=3003,CHEPAUK-THIRUVALLIKENI,IND,0,10th Pass,"Rs 11,98,109 ~ 11 Lacs+",Rs 0 ~
134,2825,Agni Selvaraju. J,https://www.myneta.info/TamilNadu2026/candidate.php?candidate_id=2825,MADHURAVOYAL,Naadaalum Makkal Katchi,0,Post Graduate,"Rs 70,03,001 ~ 70 Lacs+","Rs 22,33,000 ~ 22 Lacs+"
135,1367,Agri Krishnamurthy. S S,https://www.myneta.info/TamilNadu2026/candidate.php?candidate_id=1367,KALASAPAKKAM,AIADMK,1,Graduate Professional,https://myneta.info/image_v2.php?myneta_folder=TamilNadu2026&candidate_id=1367&col=ta,https://myneta.info/image_v2.php?myneta_folder=TamilNadu2026&candidate_id=1367&col=lia
136,4014,Ahammed Nazeer Khan,https://www.myneta.info/TamilNadu2026/candidate.php?candidate_id=4014,VELACHERY,IND,0,10th Pass,"Rs 2,58,111 ~ 2 Lacs+","Rs 50,000 ~ 50 Thou+"
137,1575,Aiyappan,https://www.myneta.info/TamilNadu2026/candidate.php?candidate_id=1575,ARANTHANGI,IND,1,12th Pass,"Rs 10,32,000 ~ 10 Lacs+",Rs 0 ~
138,802,Ajai Alias Nagarajan,https://www.myneta.info/TamilNadu2026/candidate.php?candidate_id=802,KILLIYOOR,IND,0,Others,https://myneta.info/image_v2.php?myneta_folder=TamilNadu2026&candidate_id=802&col=ta,https://myneta.info/image_v2.php?myneta_folder=TamilNadu2026&candidate_id=802&col=lia
139,1467,Ajay I,https://www.myneta.info/TamilNadu2026/candidate.php?candidate_id=1467,VIRUDHUNAGAR,IND,0,12th Pass,"Rs 22,60,442 ~ 22 Lacs+","Rs 96,000 ~ 96 Thou+"
140,541,Ajay Kannan A,https://www.myneta.info/TamilNadu2026/candidate.php?candidate_id=541,MADURAI EAST,IND,0,Others,"Rs 1,52,000 ~ 1 Lacs+",Rs 0 ~
141,2296,Ajay Subash.B,https://www.myneta.info/TamilNadu2026/candidate.php?candidate_id=2296,SHOLAVANDAN (SC),IND,0,Post Graduate,https://myneta.info/image_v2.php?myneta_folder=TamilNadu2026&candidate_id=2296&col=ta,https://myneta.info/image_v2.php?myneta_folder=TamilNadu2026&candidate_id=2296&col=lia
142,1808,Ajith Kumar A,https://www.myneta.info/TamilNadu2026/candidate.php?candidate_id=1808,NAGERCOIL,IND,0,10th Pass,"Rs 15,13,000 ~ 15 Lacs+",Rs 0 ~
143,3762,Ajith Kumar. S.,https://www.myneta.info/TamilNadu2026/candidate.php?candidate_id=3762,PENNAGARAM,BSP,0,Graduate Professional,"Rs 5,90,010 ~ 5 Lacs+","Rs 1,63,000 ~ 1 Lacs+"
144,944,Ajith. G,https://www.myneta.info/TamilNadu2026/candidate.php?candidate_id=944,THALLY,Tamizhaga Vaazhvurimai Katchi,1,12th Pass,https://myneta.info/image_v2.php?myneta_folder=TamilNadu2026&candidate_id=944&col=ta,https://myneta.info/image_v2.php?myneta_folder=TamilNadu2026&candidate_id=944&col=lia
145,1237,Ajith. M,https://www.myneta.info/TamilNadu2026/candidate.php?candidate_id=1237,SATTUR,Tamilaga Vettri Kazhagam,0,Post Graduate,"Rs 46,93,200 ~ 46 Lacs+","Rs 2,56,184 ~ 2 Lacs+"
146,235,Ajithkumar A,https://www.myneta.info/TamilNadu2026/candidate.php?candidate_id=235,VILLIVAKKAM,Thakkam Katchi,0,Post Graduate,"Rs 81,98,019 ~ 81 Lacs+",Rs 0 ~
147,3853,Ajithkumar. S,https://www.myneta.info/TamilNadu2026/candidate.php?candidate_id=3853,SATTUR,IND,0,Graduate Professional,https://myneta.info/image_v2.php?myneta_folder=TamilNadu2026&candidate_id=3853&col=ta,https://myneta.info/image_v2.php?myneta_folder=TamilNadu2026&candidate_id=3853&col=lia
148,2853,Ak Senthilkumar,https://www.myneta.info/TamilNadu2026/candidate.php?candidate_id=2853,MADATHUKULAM,Puthiya Tamilagam,0,Graduate,"Rs 58,00,243 ~ 58 Lacs+","Rs 4,00,000 ~ 4 Lacs+"
149,3868,Akbar Ali,https://www.myneta.info/TamilNadu2026/candidate.php?candidate_id=3868,SINGANALLUR,IND,0,8th Pass,"Rs 19,500 ~ 19 Thou+",Rs 0 ~
150,3261,Akbar Ali P,https://www.myneta.info/TamilNadu2026/candidate.php?candidate_id=3261,VILLUPURAM,IND,0,10th Pass,https://myneta.info/image_v2.php?myneta_folder=TamilNadu2026&candidate_id=3261&col=ta,https://myneta.info/image_v2.php?myneta_folder=TamilNadu2026&candidate_id=3261&col=lia
151,747,Alagaapuram. R. Mohanraj,https://www.myneta.info/TamilNadu2026/candidate.php?candidate_id=747,SALEM (WEST),Desiya Murpokku Dravida Kazhagam,1,Graduate,"Rs 10,64,99,615 ~ 10 Crore+",Rs 0 ~
152,106,Alagammal A,https://www.myneta.info/TamilNadu2026/candidate.php?candidate_id=106,NATHAM,Naam Tamilar Katchi,3,Graduate,"Rs 5,20,300 ~ 5 Lacs+","Rs 55,000 ~ 55 Thou+"
153,3998,Alagar. P Advocate,https://www.myneta.info/TamilNadu2026/candidate.php?candidate_id=3998,VIRALIMALAI,IND,0,Graduate Professional,https://myneta.info/image_v2.php?myneta_folder=TamilNadu2026&candidate_id=3998&col=ta,https://myneta.info/image_v2.php?myneta_folder=TamilNadu2026&candidate_id=3998&col=lia
154,2322,Alagar.A,https://www.myneta.info/TamilNadu2026/candidate.php?candidate_id=2322,THIRUMANGALAM,Ezhuchi Tamilargal Munnetra Kazhagam,0,8th Pass,"Rs 46,32,000 ~ 46 Lacs+",Rs 0 ~
155,3965,Alagarsamy Pandian,https://www.myneta.info/TamilNadu2026/candidate.php?candidate_id=3965,TIRUVADANAI,IND,2,10th Pass,"Rs 4,03,000 ~ 4 Lacs+","Rs 3,90,000 ~ 3 Lacs+"
156,407,Alagiyannan. A,https://www.myneta.info/TamilNadu2026/candidate.php?candidate_id=407,ODDANCHATRAM,IND,0,8th Pass,https://myneta.info/image_v2.php?myneta_folder=TamilNadu2026&candidate_id=407&col=ta,https://myneta.info/image_v2.php?myneta_folder=TamilNadu2026&candidate_id=407&col=lia
157,3290,Alagumurugan. S,https://www.myneta.info/TamilNadu2026/candidate.php?candidate_id=3290,RAJAPALAYAM,IND,0,8th Pass,"Rs 3,88,000 ~ 3 Lacs+",Rs 0 ~
158,3289,Alagupandian. A,https://www.myneta.info/TamilNadu2026/candidate.php?candidate_id=3289,RAJAPALAYAM,IND,0,8th Pass,"Rs 43,35,40,705 ~ 43 Crore+","Rs 9,35,00,000 ~ 9 Crore+"
159,629,Alaguraja T,https://www.myneta.info/TamilNadu2026/candidate.php?candidate_id=629,SRIVILLIPUTHUR (SC),IND,0,Graduate,https://myneta.info/image_v2.php?myneta_folder=TamilNadu2026&candidate_id=629&col=ta,https://myneta.info/image_v2.php?myneta_folder=TamilNadu2026&candidate_id=629&col=lia
160,2663,Alavanthar .M,https://www.myneta.info/TamilNadu2026/candidate.php?candidate_id=2663,KATTUMANNARKOIL (SC),Tamizhaga Vaazhvurimai Katchi,1,12th Pass,"Rs 34,74,971 ~ 34 Lacs+","Rs 27,00,000 ~ 27 Lacs+"
161,3983,Alex Pandian.K,https://www.myneta.info/TamilNadu2026/candidate.php?candidate_id=3983,VIRUGAMPAKKAM,IND,0,Graduate Professional,"Rs 5,39,574 ~ 5 Lacs+",Rs 0 ~
162,3734,Alex S,https://www.myneta.info/TamilNadu2026/candidate.php?candidate_id=3734,NATHAM,Tamizhaga Vaazhvurimai Katchi,6,5th Pass,https://myneta.info/image_v2.php?myneta_folder=TamilNadu2026&candidate_id=3734&col=ta,https://myneta.info/image_v2.php?myneta_folder=TamilNadu2026&candidate_id=3734&col=lia
163,3964,Alla Pichai,https://www.myneta.info/TamilNadu2026/candidate.php?candidate_id=3964,TIRUVADANAI,IND,0,Graduate,"Rs 92,15,645 ~ 92 Lacs+",Rs 0 ~
164,2501,Allimuthu.M,https://www.myneta.info/TamilNadu2026/candidate.php?candidate_id=2501,SRIRANGAM,BSP,0,10th Pass,"Rs 27,06,072 ~ 27 Lacs+",Rs 0 ~
165,1979,Amala.R,https://www.myneta.info/TamilNadu2026/candidate.php?candidate_id=1979,PERAMBUR,IND,0,8th Pass,https://myneta.info/image_v2.php?myneta_folder=TamilNadu2026&candidate_id=1979&col=ta,https://myneta.info/image_v2.php?myneta_folder=TamilNadu2026&candidate_id=1979&col=lia
166,1647,Ambedkar. C,https://www.myneta.info/TamilNadu2026/candidate.php?candidate_id=1647,SALEM (SOUTH),IND,0,8th Pass,"Rs 3,90,000 ~ 3 Lacs+",Rs 0 ~
167,1759,Ambedkar. T,https://www.myneta.info/TamilNadu2026/candidate.php?candidate_id=1759,VANDAVASI (SC),IND,0,Post Graduate,"Rs 11,12,008 ~ 11 Lacs+","Rs 9,00,000 ~ 9 Lacs+"
168,167,Ambeth Rajan,https://www.myneta.info/TamilNadu2026/candidate.php?candidate_id=167,THIRUPORUR,Naam Tamilar Katchi,0,Graduate,https://myneta.info/image_v2.php?myneta_folder=TamilNadu2026&candidate_id=167&col=ta,https://myneta.info/image_v2.php?myneta_folder=TamilNadu2026&candidate_id=167&col=lia
169,681,Ambethkar. S,https://www.myneta.info/TamilNadu2026/candidate.php?candidate_id=681,CHEYYUR (SC),IND,0,5th Pass,"Rs 52,000 ~ 52 Thou+",Rs 0 ~
170,1307,Ambethkumar. S,https://www.myneta.info/TamilNadu2026/candidate.php?candidate_id=1307,VANDAVASI (SC),DMK,2,10th Pass,"Rs 14,34,70,781 ~ 14 Crore+","Rs 9,45,39,371 ~ 9 Crore+"
171,1466,Amirtha Pandi M.V,https://www.myneta.info/TamilNadu2026/candidate.php?candidate_id=1466,VIRUDHUNAGAR,IND,0,12th Pass,https://myneta.info/image_v2.php?myneta_folder=TamilNadu2026&candidate_id=1466&col=ta,https://myneta.info/image_v2.php?myneta_folder=TamilNadu2026&candidate_id=1466&col=lia
172,2363,Amirtha. M,https://www.myneta.info/TamilNadu2026/candidate.php?candidate_id=2363,PARAMAKUDI (SC),All India Puratchi Thalaivar Makkal Munnettra Kazhagam,1,Graduate,"Rs 11,72,000 ~ 11 Lacs+","Rs 38,60,298 ~ 38 Lacs+"
173,3618,Amirthalingam,https://www.myneta.info/TamilNadu2026/candidate.php?candidate_id=3618,KUMARAPALAYAM,IND,0,8th Pass,"Rs 4,06,000 ~ 4 Lacs+",Rs 0 ~
174,2194,Amirthalingam.N,https://www.myneta.info/TamilNadu2026/candidate.php?candidate_id=2194,SALEM (WEST),IND,1,Illiterate,https://myneta.info/image_v2.php?myneta_folder=TamilNadu2026&candidate_id=2194&col=ta,https://myneta.info/image_v2.php?myneta_folder=TamilNadu2026&candidate_id=2194&col=lia
175,3409,Ammu. V,https://www.myneta.info/TamilNadu2026/candidate.php?candidate_id=3409,ARANI,IND,0,12th Pass,"Rs 18,40,000 ~ 18 Lacs+",Rs 0 ~
176,3168,Ampulimadhan M,https://www.myneta.info/TamilNadu2026/candidate.php?candidate_id=3168,RASIPURAM(SC),IND,0,Graduate Professional,"Rs 5,04,900 ~ 5 Lacs+",Rs 0 ~
177,2014,Amudha.N,https://www.myneta.info/TamilNadu2026/candidate.php?candidate_id=2014,DR.RADHAKRISHNAN NAGAR,IND,1,8th Pass,https://myneta.info/image_v2.php?myneta_folder=TamilNadu2026&candidate_id=2014&col=ta,https://myneta.info/image_v2.php?myneta_folder=TamilNadu2026&candidate_id=2014&col=lia
178,23,Amutha.N,https://www.myneta.info/TamilNadu2026/candidate.php?candidate_id=23,CHENGALPATTU,Naam Tamilar Katchi,0,Graduate,"Rs 23,63,000 ~ 23 Lacs+",Rs 0 ~
179,1741,Amuthavel. P,https://www.myneta.info/TamilNadu2026/candidate.php?candidate_id=1741,TIRUPPUR (SOUTH),IND,0,Graduate,"Rs 48,50,980 ~ 48 Lacs+",Rs 0 ~
180,3830,Anand,https://www.myneta.info/TamilNadu2026/candidate.php?candidate_id=3830,SANKARANKOVIL (SC),IND,0,Graduate Professional,https://myneta.info/image_v2.php?myneta_folder=TamilNadu2026&candidate_id=3830&col=ta,https://myneta.info/image_v2.php?myneta_folder=TamilNadu2026&candidate_id=3830&col=lia
181,177,Anand N,https://www.myneta.info/TamilNadu2026/candidate.php?candidate_id=177,THIYAGARAYANAGAR,Tamilaga Vettri Kazhagam,3,8th Pass,"Rs 7,47,86,272 ~ 7 Crore+","Rs 3,58,13,970 ~ 3 Crore+"
182,618,Anand Prasad,https://www.myneta.info/TamilNadu2026/candidate.php?candidate_id=618,RADHAPURAM,IND,0,12th Pass,"Rs 72,000 ~ 72 Thou+",Rs 0 ~
183,2178,Anand Selvaraj,https://www.myneta.info/TamilNadu2026/candidate.php?candidate_id=2178,TIRUCHIRAPPALLI (EAST),National Maha Sabha Party,0,Post Graduate,https://myneta.info/image_v2.php?myneta_folder=TamilNadu2026&candidate_id=2178&col=ta,https://myneta.info/image_v2.php?myneta_folder=TamilNadu2026&candidate_id=2178&col=lia
184,2637,Anand. S,https://www.myneta.info/TamilNadu2026/candidate.php?candidate_id=2637,SAIDAPET,IND,0,12th Pass,"Rs 3,86,000 ~ 3 Lacs+","Rs 28,00,000 ~ 28 Lacs+"
185,895,Anand.K,https://www.myneta.info/TamilNadu2026/candidate.php?candidate_id=895,NEYVELI,Tamilaga Vettri Kazhagam,0,Graduate Professional,"Rs 3,07,05,040 ~ 3 Crore+","Rs 14,63,099 ~ 14 Lacs+"
186,1477,Anandajothi Paramasivam,https://www.myneta.info/TamilNadu2026/candidate.php?candidate_id=1477,PERAMBALUR (SC),IND,0,10th Pass,https://myneta.info/image_v2.php?myneta_folder=TamilNadu2026&candidate_id=1477&col=ta,https://myneta.info/image_v2.php?myneta_folder=TamilNadu2026&candidate_id=1477&col=lia
187,521,Anandakumar P M,https://www.myneta.info/TamilNadu2026/candidate.php?candidate_id=521,VANUR (SC),Thakkam Katchi,0,Graduate,"Rs 14,44,000 ~ 14 Lacs+","Rs 8,00,000 ~ 8 Lacs+"
188,807,Anandalai Thangaraj. M,https://www.myneta.info/TamilNadu2026/candidate.php?candidate_id=807,KILVAITHINANKUPPAM (SC),All India Puratchi Thalaivar Makkal Munnettra Kazhagam,0,Post Graduate,"Rs 1,38,15,000 ~ 1 Crore+","Rs 5,20,00,000 ~ 5 Crore+"
189,2734,Anandaraj. D,https://www.myneta.info/TamilNadu2026/candidate.php?candidate_id=2734,POOMPUHAR,IND,0,Others,https://myneta.info/image_v2.php?myneta_folder=TamilNadu2026&candidate_id=2734&col=ta,https://myneta.info/image_v2.php?myneta_folder=TamilNadu2026&candidate_id=2734&col=lia
190,2720,Anandh K,https://www.myneta.info/TamilNadu2026/candidate.php?candidate_id=2720,MADURAI WEST,IND,0,Graduate,"Rs 1,45,000 ~ 1 Lacs+",Rs 0 ~
191,75,Anandh M,https://www.myneta.info/TamilNadu2026/candidate.php?candidate_id=75,KUMBAKONAM,Naam Tamilar Katchi,7,Graduate Professional,"Rs 76,24,106 ~ 76 Lacs+","Rs 65,43,230 ~ 65 Lacs+"
192,2862,Anandhababu M,https://www.myneta.info/TamilNadu2026/candidate.php?candidate_id=2862,MAILAM,Tamizhaga Vaazhvurimai Katchi,0,10th Pass,https://myneta.info/image_v2.php?myneta_folder=TamilNadu2026&candidate_id=2862&col=ta,https://myneta.info/image_v2.php?myneta_folder=TamilNadu2026&candidate_id=2862&col=lia
193,2976,Anandhakumar R.,https://www.myneta.info/TamilNadu2026/candidate.php?candidate_id=2976,JAYANKONDAM,IND,0,Others,"Rs 65,00,000 ~ 65 Lacs+","Rs 35,000 ~ 35 Thou+"
194,711,Anandhakumar.M,https://www.myneta.info/TamilNadu2026/candidate.php?candidate_id=711,GOBICHETTIPALAYAM,IND,0,5th Pass,"Rs 5,20,000 ~ 5 Lacs+",Rs 0 ~
195,3315,Anandhan. A,https://www.myneta.info/TamilNadu2026/candidate.php?candidate_id=3315,ARUPPUKOTTAI,IND,0,8th Pass,https://myneta.info/image_v2.php?myneta_folder=TamilNadu2026&candidate_id=3315&col=ta,https://myneta.info/image_v2.php?myneta_folder=TamilNadu2026&candidate_id=3315&col=lia
196,148,Anandharaja. D.,https://www.myneta.info/TamilNadu2026/candidate.php?candidate_id=148,SATTUR,Naam Tamilar Katchi,0,Graduate,"Rs 1,14,54,277 ~ 1 Crore+","Rs 20,98,000 ~ 20 Lacs+"
197,3228,Anandhi.S,https://www.myneta.info/TamilNadu2026/candidate.php?candidate_id=3228,AVANASHI (SC),IND,0,Illiterate,"Rs 38,90,145 ~ 38 Lacs+","Rs 1,00,000 ~ 1 Lacs+"
198,920,Ananth Moghan K.K.,https://www.myneta.info/TamilNadu2026/candidate.php?candidate_id=920,ERODE (WEST),Tamilaga Vettri Kazhagam,0,Post Graduate,https://myneta.info/image_v2.php?myneta_folder=TamilNadu2026&candidate_id=920&col=ta,https://myneta.info/image_v2.php?myneta_folder=TamilNadu2026&candidate_id=920&col=lia
199,1857,Ananth. A. M,https://www.myneta.info/TamilNadu2026/candidate.php?candidate_id=1857,TIRUVANNAMALAI,IND,0,Graduate Professional,"Rs 49,01,282 ~ 49 Lacs+",Rs 0 ~
200,3153,Ananthakumar. R,https://www.myneta.info/TamilNadu2026/candidate.php?candidate_id=3153,MAYILADUTHURAI,IND,0,10th Pass,"Rs 5,99,000 ~ 5 Lacs+",Rs 0 ~
201,1310,Ananthan Ayyasamy,https://www.myneta.info/TamilNadu2026/candidate.php?candidate_id=1310,VASUDEVANALLUR (SC),BJP,0,Post Graduate,https://myneta.info/image_v2.php?myneta_folder=TamilNadu2026&candidate_id=1310&col=ta,https://myneta.info/image_v2.php?myneta_folder=TamilNadu2026&candidate_id=1310&col=lia
202,228,Ananthi Dhandapani,https://www.myneta.info/TamilNadu2026/candidate.php?candidate_id=228,VRIDHACHALAM,Naam Tamilar Katchi,0,Graduate Professional,"Rs 1,60,36,692 ~ 1 Crore+","Rs 17,00,000 ~ 17 Lacs+"
203,623,Ananthi.R,https://www.myneta.info/TamilNadu2026/candidate.php?candidate_id=623,RADHAPURAM,IND,0,Graduate,"Rs 9,16,000 ~ 9 Lacs+","Rs 1,04,400 ~ 1 Lacs+"
204,287,Ananthi.S,https://www.myneta.info/TamilNadu2026/candidate.php?candidate_id=287,DHARAPURAM (SC),IND,0,Post Graduate,https://myneta.info/image_v2.php?myneta_folder=TamilNadu2026&candidate_id=287&col=ta,https://myneta.info/image_v2.php?myneta_folder=TamilNadu2026&candidate_id=287&col=lia
205,3749,Ananthraj. T,https://www.myneta.info/TamilNadu2026/candidate.php?candidate_id=3749,ODDANCHATRAM,IND,0,12th Pass,"Rs 3,77,653 ~ 3 Lacs+","Rs 40,253 ~ 40 Thou+"
206,76,Anbalagan G,https://www.myneta.info/TamilNadu2026/candidate.php?candidate_id=76,KUMBAKONAM,DMK,0,10th Pass,"Rs 49,80,13,175 ~ 49 Crore+","Rs 17,03,79,559 ~ 17 Crore+"
207,1208,Anbalagan. K.P.,https://www.myneta.info/TamilNadu2026/candidate.php?candidate_id=1208,PALACODE,AIADMK,2,12th Pass,https://myneta.info/image_v2.php?myneta_folder=TamilNadu2026&candidate_id=1208&col=ta,https://myneta.info/image_v2.php?myneta_folder=TamilNadu2026&candidate_id=1208&col=lia
208,1855,Anbalagan. M,https://www.myneta.info/TamilNadu2026/candidate.php?candidate_id=1855,TIRUVANNAMALAI,IND,0,12th Pass,"Rs 10,505 ~ 10 Thou+",Rs 0 ~
209,4062,Anbarasan. N,https://www.myneta.info/TamilNadu2026/candidate.php?candidate_id=4062,KARUR,IND,0,Graduate Professional,"Rs 92,55,606 ~ 92 Lacs+","Rs 4,49,000 ~ 4 Lacs+"
210,2507,Anbarasan.M,https://www.myneta.info/TamilNadu2026/candidate.php?candidate_id=2507,SRIRANGAM,IND,0,Post Graduate,https://myneta.info/image_v2.php?myneta_folder=TamilNadu2026&candidate_id=2507&col=ta,https://myneta.info/image_v2.php?myneta_folder=TamilNadu2026&candidate_id=2507&col=lia
211,3071,Anbarasu. R,https://www.myneta.info/TamilNadu2026/candidate.php?candidate_id=3071,PALANI,IND,0,10th Pass,"Rs 4,01,000 ~ 4 Lacs+",Rs 0 ~
212,2952,Anbarasu.P,https://www.myneta.info/TamilNadu2026/candidate.php?candidate_id=2952,VANIYAMBADI,Aanaithinthiya Jananayaka Pathukappu Kazhagam,5,Graduate Professional,"Rs 48,01,170 ~ 48 Lacs+","Rs 40,42,000 ~ 40 Lacs+"
213,1452,Anbazhagan G,https://www.myneta.info/TamilNadu2026/candidate.php?candidate_id=1452,VILLIVAKKAM,IND,0,Post Graduate,https://myneta.info/image_v2.php?myneta_folder=TamilNadu2026&candidate_id=1452&col=ta,https://myneta.info/image_v2.php?myneta_folder=TamilNadu2026&candidate_id=1452&col=lia
214,3840,Anbazhagan S,https://www.myneta.info/TamilNadu2026/candidate.php?candidate_id=3840,SANKARAPURAM,IND,0,Others,"Rs 3,46,000 ~ 3 Lacs+",Rs 0 ~
215,1002,Anbazhagan. P,https://www.myneta.info/TamilNadu2026/candidate.php?candidate_id=1002,VEERAPANDI,CPI(ML)(L),1,10th Pass,"Rs 41,00,153 ~ 41 Lacs+","Rs 20,00,000 ~ 20 Lacs+"
216,2741,Anbazhagan. S,https://www.myneta.info/TamilNadu2026/candidate.php?candidate_id=2741,GANGAVALLI (SC),Anna Makkal Katchi,0,Graduate Professional,https://myneta.info/image_v2.php?myneta_folder=TamilNadu2026&candidate_id=2741&col=ta,https://myneta.info/image_v2.php?myneta_folder=TamilNadu2026&candidate_id=2741&col=lia
217,4063,Anbazhagan. T,https://www.myneta.info/TamilNadu2026/candidate.php?candidate_id=4063,KARUR,IND,0,Graduate Professional,"Rs 23,46,300 ~ 23 Lacs+","Rs 29,22,065 ~ 29 Lacs+"
218,1056,Anbil Mahesh Poyyamozhi,https://www.myneta.info/TamilNadu2026/candidate.php?candidate_id=1056,THIRUVERUMBUR,DMK,0,Doctorate,"Rs 18,70,40,219 ~ 18 Crore+","Rs 3,41,12,232 ~ 3 Crore+"
219,2919,Anbu D,https://www.myneta.info/TamilNadu2026/candidate.php?candidate_id=2919,RISHIVANDIYAM,IND,0,8th Pass,https://myneta.info/image_v2.php?myneta_folder=TamilNadu2026&candidate_id=2919&col=ta,https://myneta.info/image_v2.php?myneta_folder=TamilNadu2026&candidate_id=2919&col=lia
220,2284,Anbu.V,https://www.myneta.info/TamilNadu2026/candidate.php?candidate_id=2284,UTHIRAMERUR,IND,0,Graduate,"Rs 2,37,200 ~ 2 Lacs+","Rs 2,15,000 ~ 2 Lacs+"
221,2920,Anbumurugan S,https://www.myneta.info/TamilNadu2026/candidate.php?candidate_id=2920,RISHIVANDIYAM,IND,0,8th Pass,"Rs 8,50,924 ~ 8 Lacs+",Rs 0 ~
222,33,Anbuselvi A,https://www.myneta.info/TamilNadu2026/candidate.php?candidate_id=33,CUMBUM,Naam Tamilar Katchi,0,Post Graduate,https://myneta.info/image_v2.php?myneta_folder=TamilNadu2026&candidate_id=33&col=ta,https://myneta.info/image_v2.php?myneta_folder=TamilNadu2026&candidate_id=33&col=lia
223,818,Anbuthamizhan. T,https://www.myneta.info/TamilNadu2026/candidate.php?candidate_id=818,KUNNAM,Thamizh Perarasu Katchi,0,Graduate Professional,"Rs 9,48,284 ~ 9 Lacs+","Rs 7,00,000 ~ 7 Lacs+"
224,30,Ancy Shoba Rani. L,https://www.myneta.info/TamilNadu2026/candidate.php?candidate_id=30,COLACHAL,Naam Tamilar Katchi,4,Post Graduate,"Rs 6,23,67,023 ~ 6 Crore+",Rs 0 ~
225,3091,Anis Babu. M,https://www.myneta.info/TamilNadu2026/candidate.php?candidate_id=3091,DINDIGUL,IND,0,8th Pass,https://myneta.info/image_v2.php?myneta_folder=TamilNadu2026&candidate_id=3091&col=ta,https://myneta.info/image_v2.php?myneta_folder=TamilNadu2026&candidate_id=3091&col=lia
226,119,Anis Fathima,https://www.myneta.info/TamilNadu2026/candidate.php?candidate_id=119,PAPANASAM,Naam Tamilar Katchi,0,Graduate Professional,"Rs 6,42,000 ~ 6 Lacs+","Rs 4,58,000 ~ 4 Lacs+"
227,3424,Anitha Mayaperumal,https://www.myneta.info/TamilNadu2026/candidate.php?candidate_id=3424,BARGUR,IND,0,Post Graduate,"Rs 44,56,250 ~ 44 Lacs+","Rs 20,72,300 ~ 20 Lacs+"
228,182,Anitha R. Radhakrishnan,https://www.myneta.info/TamilNadu2026/candidate.php?candidate_id=182,TIRUCHENDUR,DMK,3,10th Pass,https://myneta.info/image_v2.php?myneta_folder=TamilNadu2026&candidate_id=182&col=ta,https://myneta.info/image_v2.php?myneta_folder=TamilNadu2026&candidate_id=182&col=lia
229,276,Anitha. A.,https://www.myneta.info/TamilNadu2026/candidate.php?candidate_id=276,HARUR (SC),Naam Tamilar Katchi,0,Graduate Professional,"Rs 9,02,284 ~ 9 Lacs+",Rs 0 ~
230,472,Anjali. M,https://www.myneta.info/TamilNadu2026/candidate.php?candidate_id=472,TIRUPATTUR,IND,0,8th Pass,"Rs 14,24,000 ~ 14 Lacs+","Rs 1,00,000 ~ 1 Lacs+"
231,1820,Annadurai C N,https://www.myneta.info/TamilNadu2026/candidate.php?candidate_id=1820,PATTUKKOTTAI,IND,1,Graduate,https://myneta.info/image_v2.php?myneta_folder=TamilNadu2026&candidate_id=1820&col=ta,https://myneta.info/image_v2.php?myneta_folder=TamilNadu2026&candidate_id=1820&col=lia
232,1124,Annadurai K,https://www.myneta.info/TamilNadu2026/candidate.php?candidate_id=1124,PATTUKKOTTAI,DMK,2,Graduate Professional,"Rs 1,69,77,035 ~ 1 Crore+","Rs 2,53,747 ~ 2 Lacs+"
233,2531,Annadurai.R,https://www.myneta.info/TamilNadu2026/candidate.php?candidate_id=2531,PALLADAM,IND,0,Illiterate,"Rs 5,25,000 ~ 5 Lacs+",Rs 0 ~
234,3765,Annamalai. M.,https://www.myneta.info/TamilNadu2026/candidate.php?candidate_id=3765,PENNAGARAM,IND,0,Post Graduate,https://myneta.info/image_v2.php?myneta_folder=TamilNadu2026&candidate_id=3765&col=ta,https://myneta.info/image_v2.php?myneta_folder=TamilNadu2026&candidate_id=3765&col=lia
235,1317,Anniyur Siva Alias Sivashanmugam A,https://www.myneta.info/TamilNadu2026/candidate.php?candidate_id=1317,VIKRAVANDI,DMK,0,10th Pass,"Rs 11,47,32,607 ~ 11 Crore+","Rs 1,69,12,894 ~ 1 Crore+"
236,685,Anthony Muthu. S.M,https://www.myneta.info/TamilNadu2026/candidate.php?candidate_id=685,COLACHAL,CPI(ML)(L),2,Post Graduate,"Rs 93,31,000 ~ 93 Lacs+",Rs 0 ~
237,3135,Antony Alankaram. K,https://www.myneta.info/TamilNadu2026/candidate.php?candidate_id=3135,COLACHAL,IND,0,5th Pass,https://myneta.info/image_v2.php?myneta_folder=TamilNadu2026&candidate_id=3135&col=ta,https://myneta.info/image_v2.php?myneta_folder=TamilNadu2026&candidate_id=3135&col=lia
238,1803,Antony Michael J,https://www.myneta.info/TamilNadu2026/candidate.php?candidate_id=1803,NAGERCOIL,Viro Ke Vir Indian Party,1,Graduate,"Rs 3,59,96,000 ~ 3 Crore+","Rs 34,50,000 ~ 34 Lacs+"
239,453,Anusha V,https://www.myneta.info/TamilNadu2026/candidate.php?candidate_id=453,THIYAGARAYANAGAR,Naam Tamilar Katchi,0,Post Graduate,"Rs 1,07,28,487 ~ 1 Crore+",Rs 0 ~
240,1226,Appavu.M,https://www.myneta.info/TamilNadu2026/candidate.php?candidate_id=1226,RADHAPURAM,DMK,0,12th Pass,https://myneta.info/image_v2.php?myneta_folder=TamilNadu2026&candidate_id=1226&col=ta,https://myneta.info/image_v2.php?myneta_folder=TamilNadu2026&candidate_id=1226&col=lia
241,2907,Arasan K,https://www.myneta.info/TamilNadu2026/candidate.php?candidate_id=2907,ULUNDURPETTAI,IND,0,5th Pass,"Rs 22,81,000 ~ 22 Lacs+",Rs 0 ~
242,3671,Arasu S,https://www.myneta.info/TamilNadu2026/candidate.php?candidate_id=3671,MADURAI EAST,IND,0,8th Pass,"Rs 1,92,846 ~ 1 Lacs+",Rs 0 ~
243,1880,Arasumani G,https://www.myneta.info/TamilNadu2026/candidate.php?candidate_id=1880,ARAVAKURICHI,IND,0,Graduate Professional,https://myneta.info/image_v2.php?myneta_folder=TamilNadu2026&candidate_id=1880&col=ta,https://myneta.info/image_v2.php?myneta_folder=TamilNadu2026&candidate_id=1880&col=lia
244,3150,Aravaazhi. K,https://www.myneta.info/TamilNadu2026/candidate.php?candidate_id=3150,MAYILADUTHURAI,All India Jananayaka Makkal Kazhagam,0,Doctorate,"Rs 1,41,94,000 ~ 1 Crore+","Rs 15,30,000 ~ 15 Lacs+"
245,1498,Aravind Chandrasekar,https://www.myneta.info/TamilNadu2026/candidate.php?candidate_id=1498,ALANDUR,Indhu Dravida Makkal Katchi,0,Post Graduate,"Rs 3,08,650 ~ 3 Lacs+","Rs 2,55,000 ~ 2 Lacs+"
246,3913,Aravind Gosh Y T,https://www.myneta.info/TamilNadu2026/candidate.php?candidate_id=3913,THIYAGARAYANAGAR,IND,0,Graduate Professional,https://myneta.info/image_v2.php?myneta_folder=TamilNadu2026&candidate_id=3913&col=ta,https://myneta.info/image_v2.php?myneta_folder=TamilNadu2026&candidate_id=3913&col=lia
247,251,Aravind M,https://www.myneta.info/TamilNadu2026/candidate.php?candidate_id=251,PARAMATHIVELUR,Naam Tamilar Katchi,0,12th Pass,"Rs 17,62,02,174 ~ 17 Crore+","Rs 1,17,65,607 ~ 1 Crore+"
248,2452,Aravind. R,https://www.myneta.info/TamilNadu2026/candidate.php?candidate_id=2452,THIRUVOTTIYUR,IND,0,Graduate,"Rs 2,000 ~ 2 Thou+",Rs 0 ~
249,2626,Aravindan,https://www.myneta.info/TamilNadu2026/candidate.php?candidate_id=2626,EGMORE (SC),IND,0,12th Pass,https://myneta.info/image_v2.php?myneta_folder=TamilNadu2026&candidate_id=2626&col=ta,https://myneta.info/image_v2.php?myneta_folder=TamilNadu2026&candidate_id=2626&col=lia
250,2394,Aravindaraj. R,https://www.myneta.info/TamilNadu2026/candidate.php?candidate_id=2394,THIRUVIDAIMARUDUR (SC),IND,0,Graduate,"Rs 1,000 ~ 1 Thou+","Rs 60,000 ~ 60 Thou+"
251,3704,Aravinth S,https://www.myneta.info/TamilNadu2026/candidate.php?candidate_id=3704,NAMAKKAL,IND,0,Post Graduate,"Rs 12,60,000 ~ 12 Lacs+",Rs 0 ~
252,3935,Aravinthasamy.J,https://www.myneta.info/TamilNadu2026/candidate.php?candidate_id=3935,TIRUCHULI,IND,1,Others,https://myneta.info/image_v2.php?myneta_folder=TamilNadu2026&candidate_id=3935&col=ta,https://myneta.info/image_v2.php?myneta_folder=TamilNadu2026&candidate_id=3935&col=lia
253,12,Archana Narasimman,https://www.myneta.info/TamilNadu2026/candidate.php?candidate_id=12,ARCOT,Naam Tamilar Katchi,0,Post Graduate,"Rs 1,18,68,000 ~ 1 Crore+","Rs 39,70,000 ~ 39 Lacs+"
254,1915,Archana Tamilaruvi,https://www.myneta.info/TamilNadu2026/candidate.php?candidate_id=1915,PAPPIREDDIPATTI,Naam Tamilar Katchi,0,Graduate,"Rs 5,84,508 ~ 5 Lacs+","Rs 9,95,000 ~ 9 Lacs+"
255,1881,Arivalagan M,https://www.myneta.info/TamilNadu2026/candidate.php?candidate_id=1881,ARAVAKURICHI,IND,0,Illiterate,https://myneta.info/image_v2.php?myneta_folder=TamilNadu2026&candidate_id=1881&col=ta,https://myneta.info/image_v2.php?myneta_folder=TamilNadu2026&candidate_id=1881&col=lia
256,3630,Arivazhagan K,https://www.myneta.info/TamilNadu2026/candidate.php?candidate_id=3630,KUMBAKONAM,IND,0,Post Graduate,"Rs 1,61,39,000 ~ 1 Crore+","Rs 40,50,000 ~ 40 Lacs+"
257,723,Arivazhagan. D,https://www.myneta.info/TamilNadu2026/candidate.php?candidate_id=723,PERAMBALUR (SC),BSP,0,12th Pass,"Rs 58,01,600 ~ 58 Lacs+","Rs 7,52,000 ~ 7 Lacs+"
258,1906,Arivazhagan.E.N,https://www.myneta.info/TamilNadu2026/candidate.php?candidate_id=1906,VRIDHACHALAM,Tamizhaga Vaazhvurimai Katchi,0,Others,https://myneta.info/image_v2.php?myneta_folder=TamilNadu2026&candidate_id=1906&col=ta,https://myneta.info/image_v2.php?myneta_folder=TamilNadu2026&candidate_id=1906&col=lia
259,229,Arivudainambi.S,https://www.myneta.info/TamilNadu2026/candidate.php?candidate_id=229,VRIDHACHALAM,Anti Corruption Dynamic Party,0,Graduate Professional,"Rs 1,34,63,000 ~ 1 Crore+",Rs 0 ~
260,2109,Arjunan L K,https://www.myneta.info/TamilNadu2026/candidate.php?candidate_id=2109,TIRUCHENGODU,IND,0,10th Pass,"Rs 22,90,000 ~ 22 Lacs+",Rs 0 ~
261,1760,Arjunan. M,https://www.myneta.info/TamilNadu2026/candidate.php?candidate_id=1760,VANDAVASI (SC),IND,0,8th Pass,https://myneta.info/image_v2.php?myneta_folder=TamilNadu2026&candidate_id=1760&col=ta,https://myneta.info/image_v2.php?myneta_folder=TamilNadu2026&candidate_id=1760&col=lia
262,2847,Arjunan. M,https://www.myneta.info/TamilNadu2026/candidate.php?candidate_id=2847,CHEYYAR,IND,0,8th Pass,"Rs 8,92,000 ~ 8 Lacs+",Rs 0 ~
263,1278,Arjunan. P,https://www.myneta.info/TamilNadu2026/candidate.php?candidate_id=1278,TINDIVANAM (SC),AIADMK,1,10th Pass,"Rs 3,23,62,612 ~ 3 Crore+","Rs 26,11,000 ~ 26 Lacs+"
264,3092,Arockia Dass. J,https://www.myneta.info/TamilNadu2026/candidate.php?candidate_id=3092,DINDIGUL,IND,0,8th Pass,https://myneta.info/image_v2.php?myneta_folder=TamilNadu2026&candidate_id=3092&col=ta,https://myneta.info/image_v2.php?myneta_folder=TamilNadu2026&candidate_id=3092&col=lia
265,1598,Arockiaraj .A,https://www.myneta.info/TamilNadu2026/candidate.php?candidate_id=1598,MANAPPARAI,Samaniya Makkal Nala Katchi,0,8th Pass,"Rs 96,05,000 ~ 96 Lacs+",Rs 0 ~
266,815,Arokiyaraj V,https://www.myneta.info/TamilNadu2026/candidate.php?candidate_id=815,KUMBAKONAM,Tamizhaga Vaazhvurimai Katchi,0,Illiterate,"Rs 30,000 ~ 30 Thou+",Rs 0 ~
267,1399,Arthanari. S.K.,https://www.myneta.info/TamilNadu2026/candidate.php?candidate_id=1399,ATTUR (SC),INC,0,Post Graduate,https://myneta.info/image_v2.php?myneta_folder=TamilNadu2026&candidate_id=1399&col=ta,https://myneta.info/image_v2.php?myneta_folder=TamilNadu2026&candidate_id=1399&col=lia
268,2195,Arul .S,https://www.myneta.info/TamilNadu2026/candidate.php?candidate_id=2195,SALEM (WEST),IND,0,12th Pass,"Rs 1,21,730 ~ 1 Lacs+",Rs 0 ~
269,1854,Arul Anand. V,https://www.myneta.info/TamilNadu2026/candidate.php?candidate_id=1854,TIRUVANNAMALAI,IND,0,Others,"Rs 21,38,298 ~ 21 Lacs+",Rs 0 ~
270,1295,Arul Arumugam,https://www.myneta.info/TamilNadu2026/candidate.php?candidate_id=1295,TIRUVANNAMALAI,Tamilaga Vettri Kazhagam,13,Post Graduate,https://myneta.info/image_v2.php?myneta_folder=TamilNadu2026&candidate_id=1295&col=ta,https://myneta.info/image_v2.php?myneta_folder=TamilNadu2026&candidate_id=1295&col=lia
271,2598,Arul Doss. A.,https://www.myneta.info/TamilNadu2026/candidate.php?candidate_id=2598,KOLATHUR,IND,0,Others,"Rs 2,88,100 ~ 2 Lacs+",Rs 0 ~
272,2685,Arul Mani. H,https://www.myneta.info/TamilNadu2026/candidate.php?candidate_id=2685,PADMANABHAPURAM,IND,1,8th Pass,"Rs 37,81,586 ~ 37 Lacs+",Rs 0 ~
273,858,Arul Prakasam. M,https://www.myneta.info/TamilNadu2026/candidate.php?candidate_id=858,SAIDAPET,Tamilaga Vettri Kazhagam,0,10th Pass,https://myneta.info/image_v2.php?myneta_folder=TamilNadu2026&candidate_id=858&col=ta,https://myneta.info/image_v2.php?myneta_folder=TamilNadu2026&candidate_id=858&col=lia
274,2750,Arul Prakash. T,https://www.myneta.info/TamilNadu2026/candidate.php?candidate_id=2750,OMALUR,IND,0,Others,"Rs 25,09,810 ~ 25 Lacs+","Rs 5,37,000 ~ 5 Lacs+"
275,2191,Arul Ramadas,https://www.myneta.info/TamilNadu2026/candidate.php?candidate_id=2191,SALEM (WEST),Aanaithinthiya Jananayaka Pathukappu Kazhagam,7,Graduate,"Rs 7,53,27,217 ~ 7 Crore+","Rs 96,64,134 ~ 96 Lacs+"
276,921,Arul Vignesh,https://www.myneta.info/TamilNadu2026/candidate.php?candidate_id=921,KALLAKURICHI (SC),Tamilaga Vettri Kazhagam,0,Post Graduate,https://myneta.info/image_v2.php?myneta_folder=TamilNadu2026&candidate_id=921&col=ta,https://myneta.info/image_v2.php?myneta_folder=TamilNadu2026&candidate_id=921&col=lia
277,1853,Arul. K,https://www.myneta.info/TamilNadu2026/candidate.php?candidate_id=1853,TIRUVANNAMALAI,IND,0,8th Pass,"Rs 30,000 ~ 30 Thou+",Rs 0 ~
278,2196,Arul. T,https://www.myneta.info/TamilNadu2026/candidate.php?candidate_id=2196,SALEM (WEST),IND,0,Graduate,"Rs 36,290 ~ 36 Thou+",Rs 0 ~
279,2197,Arul.D,https://www.myneta.info/TamilNadu2026/candidate.php?candidate_id=2197,SALEM (WEST),IND,0,Others,https://myneta.info/image_v2.php?myneta_folder=TamilNadu2026&candidate_id=2197&col=ta,https://myneta.info/image_v2.php?myneta_folder=TamilNadu2026&candidate_id=2197&col=lia
280,2198,Arul.P,https://www.myneta.info/TamilNadu2026/candidate.php?candidate_id=2198,SALEM (WEST),IND,0,Graduate,"Rs 57,300 ~ 57 Thou+","Rs 89,500 ~ 89 Thou+"
281,3164,Arulkumar P,https://www.myneta.info/TamilNadu2026/candidate.php?candidate_id=3164,RASIPURAM(SC),Ganasangam Party of India,0,Graduate,"Rs 1,02,000 ~ 1 Lacs+",Rs 0 ~
282,2087,Arulkumar.P,https://www.myneta.info/TamilNadu2026/candidate.php?candidate_id=2087,THONDAMUTHUR,IND,0,Graduate Professional,https://myneta.info/image_v2.php?myneta_folder=TamilNadu2026&candidate_id=2087&col=ta,https://myneta.info/image_v2.php?myneta_folder=TamilNadu2026&candidate_id=2087&col=lia
283,4061,Arulmaniarasu. P,https://www.myneta.info/TamilNadu2026/candidate.php?candidate_id=4061,KARUR,IND,0,Graduate Professional,"Rs 3,35,800 ~ 3 Lacs+",Rs 0 ~
284,2108,Arulprakasam S,https://www.myneta.info/TamilNadu2026/candidate.php?candidate_id=2108,TIRUCHENGODU,IND,0,10th Pass,"Rs 20,25,000 ~ 20 Lacs+",Rs 0 ~
285,2469,Arulprakash. P,https://www.myneta.info/TamilNadu2026/candidate.php?candidate_id=2469,MANNARGUDI,IND,0,10th Pass,https://myneta.info/image_v2.php?myneta_folder=TamilNadu2026&candidate_id=2469&col=ta,https://myneta.info/image_v2.php?myneta_folder=TamilNadu2026&candidate_id=2469&col=lia
286,396,Arulraju G,https://www.myneta.info/TamilNadu2026/candidate.php?candidate_id=396,RASIPURAM(SC),Anaithinthiya Anna Dravida Makkal Seyal katchi,0,Graduate Professional,"Rs 8,697 ~ 8 Thou+",Rs 0 ~
287,2914,Arumugam G,https://www.myneta.info/TamilNadu2026/candidate.php?candidate_id=2914,RISHIVANDIYAM,Parivartan Rajniti Party,0,5th Pass,"Rs 7,55,022 ~ 7 Lacs+","Rs 1,81,000 ~ 1 Lacs+"
288,3262,Arumugam M,https://www.myneta.info/TamilNadu2026/candidate.php?candidate_id=3262,VILLUPURAM,IND,0,10th Pass,https://myneta.info/image_v2.php?myneta_folder=TamilNadu2026&candidate_id=3262&col=ta,https://myneta.info/image_v2.php?myneta_folder=TamilNadu2026&candidate_id=3262&col=lia
289,3066,Arumugam R,https://www.myneta.info/TamilNadu2026/candidate.php?candidate_id=3066,KURINJIPADI,IND,0,Others,"Rs 21,50,000 ~ 21 Lacs+",Rs 0 ~
290,3006,Arumugam. C,https://www.myneta.info/TamilNadu2026/candidate.php?candidate_id=3006,CHEPAUK-THIRUVALLIKENI,IND,2,Literate,"Rs 1,27,000 ~ 1 Lacs+",Rs 0 ~
291,2317,Arumugam. G.,https://www.myneta.info/TamilNadu2026/candidate.php?candidate_id=2317,THIRUPARANKUNDRAM,IND,1,Literate,https://myneta.info/image_v2.php?myneta_folder=TamilNadu2026&candidate_id=2317&col=ta,https://myneta.info/image_v2.php?myneta_folder=TamilNadu2026&candidate_id=2317&col=lia
292,3748,Arumugam. M,https://www.myneta.info/TamilNadu2026/candidate.php?candidate_id=3748,ODDANCHATRAM,IND,0,5th Pass,"Rs 2,76,000 ~ 2 Lacs+","Rs 1,25,300 ~ 1 Lacs+"
293,3445,Arumugam. Muni.,https://www.myneta.info/TamilNadu2026/candidate.php?candidate_id=3445,DHARMAPURI,IND,0,5th Pass,"Rs 62,90,921 ~ 62 Lacs+","Rs 11,50,000 ~ 11 Lacs+"
294,3227,Arumugam. P,https://www.myneta.info/TamilNadu2026/candidate.php?candidate_id=3227,AVANASHI (SC),IND,1,Illiterate,https://myneta.info/image_v2.php?myneta_folder=TamilNadu2026&candidate_id=3227&col=ta,https://myneta.info/image_v2.php?myneta_folder=TamilNadu2026&candidate_id=3227&col=lia
295,3110,Arumugam. P.V,https://www.myneta.info/TamilNadu2026/candidate.php?candidate_id=3110,BHAVANI,IND,0,10th Pass,"Rs 3,27,45,000 ~ 3 Crore+","Rs 13,20,000 ~ 13 Lacs+"
296,3314,Arumugam. V,https://www.myneta.info/TamilNadu2026/candidate.php?candidate_id=3314,ARUPPUKOTTAI,IND,2,Graduate,"Rs 7,68,000 ~ 7 Lacs+",Rs 0 ~
297,193,Arumugam. V,https://www.myneta.info/TamilNadu2026/candidate.php?candidate_id=193,TIRUPATTUR,Naam Tamilar Katchi,0,Graduate Professional,https://myneta.info/image_v2.php?myneta_folder=TamilNadu2026&candidate_id=193&col=ta,https://myneta.info/image_v2.php?myneta_folder=TamilNadu2026&candidate_id=193&col=lia
298,2460,Arumugam.N,https://www.myneta.info/TamilNadu2026/candidate.php?candidate_id=2460,THIRUTHURAIPOONDI (SC),Tamizhaga Vaazhvurimai Katchi,0,10th Pass,"Rs 30,27,000 ~ 30 Lacs+","Rs 4,20,000 ~ 4 Lacs+"
299,3225,Arumugam.R,https://www.myneta.info/TamilNadu2026/candidate.php?candidate_id=3225,AVANASHI (SC),Ganasangam Party of India,0,Not Given,"Rs 23,31,110 ~ 23 Lacs+","Rs 6,00,000 ~ 6 Lacs+"
300,2382,Arumugam.V,https://www.myneta.info/TamilNadu2026/candidate.php?candidate_id=2382,MANAMADURAI (SC),Republican Party of India,0,Graduate,https://myneta.info/image_v2.php?myneta_folder=TamilNadu2026&candidate_id=2382&col=ta,https://myneta.info/image_v2.php?myneta_folder=TamilNadu2026&candidate_id=2382&col=lia
301,3948,Arumugaraj. S.,https://www.myneta.info/TamilNadu2026/candidate.php?candidate_id=3948,TIRUNELVELI,Tamizhaga Vaazhvurimai Katchi,1,Graduate Professional,"Rs 2,14,05,772 ~ 2 Crore+","Rs 10,99,180 ~ 10 Lacs+"
302,811,Arumugavel.T,https://www.myneta.info/TamilNadu2026/candidate.php?candidate_id=811,KOVILPATTI,Naam Indiar Party,0,5th Pass,"Rs 45,39,000 ~ 45 Lacs+","Rs 37,00,000 ~ 37 Lacs+"
303,3672,Arun Pandian A J,https://www.myneta.info/TamilNadu2026/candidate.php?candidate_id=3672,MADURAI EAST,IND,2,5th Pass,https://myneta.info/image_v2.php?myneta_folder=TamilNadu2026&candidate_id=3672&col=ta,https://myneta.info/image_v2.php?myneta_folder=TamilNadu2026&candidate_id=3672&col=lia
304,444,Arun Rao. N.A,https://www.myneta.info/TamilNadu2026/candidate.php?candidate_id=444,EGMORE (SC),Naam Indiar Party,0,Graduate,"Rs 3,31,602 ~ 3 Lacs+","Rs 9,56,036 ~ 9 Lacs+"
305,2895,Arun. C,https://www.myneta.info/TamilNadu2026/candidate.php?candidate_id=2895,CHEYYUR (SC),IND,0,Others,"Rs 12,500 ~ 12 Thou+","Rs 55,000 ~ 55 Thou+"
306,101,Arun. R.L,https://www.myneta.info/TamilNadu2026/candidate.php?candidate_id=101,MYLAPORE,Naam Tamilar Katchi,0,Graduate,https://myneta.info/image_v2.php?myneta_folder=TamilNadu2026&candidate_id=101&col=ta,https://myneta.info/image_v2.php?myneta_folder=TamilNadu2026&candidate_id=101&col=lia
307,1691,Arunachalam. C,https://www.myneta.info/TamilNadu2026/candidate.php?candidate_id=1691,SRIVAIKUNTAM,IND,0,Graduate,"Rs 82,13,194 ~ 82 Lacs+","Rs 16,29,617 ~ 16 Lacs+"
308,327,Arunachalam. V. P,https://www.myneta.info/TamilNadu2026/candidate.php?candidate_id=327,PERUNDURAI,Tamilaga Vettri Kazhagam,0,12th Pass,"Rs 91,97,05,306 ~ 91 Crore+","Rs 11,27,66,573 ~ 11 Crore+"
309,1576,Arunagiri . M,https://www.myneta.info/TamilNadu2026/candidate.php?candidate_id=1576,ARANTHANGI,IND,0,10th Pass,https://myneta.info/image_v2.php?myneta_folder=TamilNadu2026&candidate_id=1576&col=ta,https://myneta.info/image_v2.php?myneta_folder=TamilNadu2026&candidate_id=1576&col=lia
310,588,Arunkumar . S,https://www.myneta.info/TamilNadu2026/candidate.php?candidate_id=588,GANDARVAKOTTAI (SC),IND,0,Graduate,"Rs 3,67,000 ~ 3 Lacs+",Rs 0 ~
311,2790,Arunkumar A,https://www.myneta.info/TamilNadu2026/candidate.php?candidate_id=2790,CUMBUM,IND,0,Graduate,"Rs 12,72,620 ~ 12 Lacs+",Rs 0 ~
312,1100,Arunkumar Prg,https://www.myneta.info/TamilNadu2026/candidate.php?candidate_id=1100,KAVUNDAMPALAYAM,AIADMK,8,10th Pass,https://myneta.info/image_v2.php?myneta_folder=TamilNadu2026&candidate_id=1100&col=ta,https://myneta.info/image_v2.php?myneta_folder=TamilNadu2026&candidate_id=1100&col=lia
313,3766,Arunkumar. G.,https://www.myneta.info/TamilNadu2026/candidate.php?candidate_id=3766,PENNAGARAM,IND,0,10th Pass,"Rs 30,55,824 ~ 30 Lacs+","Rs 10,76,000 ~ 10 Lacs+"
314,3429,Arunmozhi . V,https://www.myneta.info/TamilNadu2026/candidate.php?candidate_id=3429,BHUVANAGIRI,IND,0,Post Graduate,"Rs 4,82,821 ~ 4 Lacs+",Rs 0 ~
315,1150,Arunmozhithevan . A,https://www.myneta.info/TamilNadu2026/candidate.php?candidate_id=1150,BHUVANAGIRI,AIADMK,1,Graduate Professional,https://myneta.info/image_v2.php?myneta_folder=TamilNadu2026&candidate_id=1150&col=ta,https://myneta.info/image_v2.php?myneta_folder=TamilNadu2026&candidate_id=1150&col=lia
316,2381,Arunpandian.A,https://www.myneta.info/TamilNadu2026/candidate.php?candidate_id=2381,MANAMADURAI (SC),Tamizhaga Vaazhvurimai Katchi,0,Graduate,"Rs 13,72,900 ~ 13 Lacs+","Rs 4,27,000 ~ 4 Lacs+"
317,3800,Arunraj,https://www.myneta.info/TamilNadu2026/candidate.php?candidate_id=3800,RADHAPURAM,IND,0,Graduate Professional,"Rs 16,35,500 ~ 16 Lacs+","Rs 18,58,677 ~ 18 Lacs+"
318,975,Arunraj K G,https://www.myneta.info/TamilNadu2026/candidate.php?candidate_id=975,TIRUCHENGODU,Tamilaga Vettri Kazhagam,0,Graduate Professional,https://myneta.info/image_v2.php?myneta_folder=TamilNadu2026&candidate_id=975&col=ta,https://myneta.info/image_v2.php?myneta_folder=TamilNadu2026&candidate_id=975&col=lia
319,1526,Asadullah. B,https://www.myneta.info/TamilNadu2026/candidate.php?candidate_id=1526,AMBUR,Indian National League,0,10th Pass,"Rs 52,00,000 ~ 52 Lacs+",Rs 0 ~
320,3147,Asanraja. K,https://www.myneta.info/TamilNadu2026/candidate.php?candidate_id=3147,THALLY,IND,0,12th Pass,"Rs 1,43,500 ~ 1 Lacs+","Rs 4,00,000 ~ 4 Lacs+"
321,4060,Asarudheen. A,https://www.myneta.info/TamilNadu2026/candidate.php?candidate_id=4060,KARUR,IND,0,Post Graduate,https://myneta.info/image_v2.php?myneta_folder=TamilNadu2026&candidate_id=4060&col=ta,https://myneta.info/image_v2.php?myneta_folder=TamilNadu2026&candidate_id=4060&col=lia
322,1967,Ashlin Belmen .A.S,https://www.myneta.info/TamilNadu2026/candidate.php?candidate_id=1967,PERAMBUR,Tamilnadu Mahatma Gandhi Makkal Katchi,3,Others,"Rs 1,25,87,638 ~ 1 Crore+","Rs 4,00,000 ~ 4 Lacs+"
323,3483,Ashok Kumar,https://www.myneta.info/TamilNadu2026/candidate.php?candidate_id=3483,HARBOUR,IND,0,Graduate Professional,"Rs 5,85,000 ~ 5 Lacs+",Rs 0 ~
324,2789,Ashok Kumar A,https://www.myneta.info/TamilNadu2026/candidate.php?candidate_id=2789,CUMBUM,IND,0,12th Pass,https://myneta.info/image_v2.php?myneta_folder=TamilNadu2026&candidate_id=2789&col=ta,https://myneta.info/image_v2.php?myneta_folder=TamilNadu2026&candidate_id=2789&col=lia
325,1448,Ashok Kumar C.A,https://www.myneta.info/TamilNadu2026/candidate.php?candidate_id=1448,VILLIVAKKAM,IND,0,Graduate Professional,"Rs 4,30,90,250 ~ 4 Crore+","Rs 1,93,00,000 ~ 1 Crore+"
326,923,Ashok Kumar G,https://www.myneta.info/TamilNadu2026/candidate.php?candidate_id=923,RISHIVANDIYAM,Tamilaga Vettri Kazhagam,0,8th Pass,"Rs 3,69,45,000 ~ 3 Crore+","Rs 79,39,579 ~ 79 Lacs+"
327,2803,Ashok Priyadarshan,https://www.myneta.info/TamilNadu2026/candidate.php?candidate_id=2803,PONNERI (SC),Desiya Makkal Sakthi Katchi,3,Post Graduate,https://myneta.info/image_v2.php?myneta_folder=TamilNadu2026&candidate_id=2803&col=ta,https://myneta.info/image_v2.php?myneta_folder=TamilNadu2026&candidate_id=2803&col=lia
328,4012,Ashok. M,https://www.myneta.info/TamilNadu2026/candidate.php?candidate_id=4012,VELACHERY,IND,0,8th Pass,"Rs 2,59,000 ~ 2 Lacs+",Rs 0 ~
329,214,Ashok. M.K,https://www.myneta.info/TamilNadu2026/candidate.php?candidate_id=214,VELACHERY,AIADMK,5,Post Graduate,"Rs 15,36,03,759 ~ 15 Crore+","Rs 5,27,83,369 ~ 5 Crore+"
330,1094,Ashokan G,https://www.myneta.info/TamilNadu2026/candidate.php?candidate_id=1094,SIVAKASI,INC,1,Graduate,https://myneta.info/image_v2.php?myneta_folder=TamilNadu2026&candidate_id=1094&col=ta,https://myneta.info/image_v2.php?myneta_folder=TamilNadu2026&candidate_id=1094&col=lia
331,730,Ashokkumar R,https://www.myneta.info/TamilNadu2026/candidate.php?candidate_id=730,KUMBAKONAM,BJP,0,10th Pass,"Rs 5,61,20,873 ~ 5 Crore+","Rs 3,16,45,025 ~ 3 Crore+"
332,563,Ashokkumar. G,https://www.myneta.info/TamilNadu2026/candidate.php?candidate_id=563,PALANI,IND,0,Graduate Professional,"Rs 3,92,22,200 ~ 3 Crore+","Rs 21,85,000 ~ 21 Lacs+"
333,1217,Ashokkumar. N,https://www.myneta.info/TamilNadu2026/candidate.php?candidate_id=1217,PERAVURANI,DMK,0,10th Pass,https://myneta.info/image_v2.php?myneta_folder=TamilNadu2026&candidate_id=1217&col=ta,https://myneta.info/image_v2.php?myneta_folder=TamilNadu2026&candidate_id=1217&col=lia
334,943,Ashokkumar.K,https://www.myneta.info/TamilNadu2026/candidate.php?candidate_id=943,KRISHNAGIRI,AIADMK,0,10th Pass,"Rs 42,84,148 ~ 42 Lacs+",Rs 0 ~
335,1877,Asiya Begum,https://www.myneta.info/TamilNadu2026/candidate.php?candidate_id=1877,ARAVAKURICHI,All India Puratchi Thalaivar Makkal Munnettra Kazhagam,1,Not Given,"Rs 26,27,000 ~ 26 Lacs+","Rs 20,53,400 ~ 20 Lacs+"
336,172,Aswini B,https://www.myneta.info/TamilNadu2026/candidate.php?candidate_id=172,THIRUVARUR,Naam Tamilar Katchi,0,Graduate,https://myneta.info/image_v2.php?myneta_folder=TamilNadu2026&candidate_id=172&col=ta,https://myneta.info/image_v2.php?myneta_folder=TamilNadu2026&candidate_id=172&col=lia
337,3579,Athikumar Kudumbar.B,https://www.myneta.info/TamilNadu2026/candidate.php?candidate_id=3579,KOVILPATTI,IND,0,10th Pass,"Rs 22,48,000 ~ 22 Lacs+",Rs 0 ~
338,513,Athisaya Pndiyan. V.,https://www.myneta.info/TamilNadu2026/candidate.php?candidate_id=513,TIRUNELVELI,IND,10,8th Pass,"Rs 15,500 ~ 15 Thou+",Rs 0 ~
339,3565,Athiyamaan.M,https://www.myneta.info/TamilNadu2026/candidate.php?candidate_id=3565,KILPENNATHUR,IND,0,Post Graduate,https://myneta.info/image_v2.php?myneta_folder=TamilNadu2026&candidate_id=3565&col=ta,https://myneta.info/image_v2.php?myneta_folder=TamilNadu2026&candidate_id=3565&col=lia
340,933,Austin,https://www.myneta.info/TamilNadu2026/candidate.php?candidate_id=933,NAGERCOIL,DMK,1,Post Graduate,"Rs 2,38,48,246 ~ 2 Crore+",Rs 0 ~
341,2713,Avadainathan V,https://www.myneta.info/TamilNadu2026/candidate.php?candidate_id=2713,MADURAI CENTRAL,IND,0,Doctorate,"Rs 58,21,000 ~ 58 Lacs+",Rs 0 ~
342,190,Avarangadu Karthik Raja,https://www.myneta.info/TamilNadu2026/candidate.php?candidate_id=190,TIRUCHULI,Naam Tamilar Katchi,0,Post Graduate,https://myneta.info/image_v2.php?myneta_folder=TamilNadu2026&candidate_id=190&col=ta,https://myneta.info/image_v2.php?myneta_folder=TamilNadu2026&candidate_id=190&col=lia
343,3005,Ayisha,https://www.myneta.info/TamilNadu2026/candidate.php?candidate_id=3005,CHEPAUK-THIRUVALLIKENI,IND,0,Literate,"Rs 2,61,354 ~ 2 Lacs+","Rs 1,10,000 ~ 1 Lacs+"
344,3870,Ayoob Riyas,https://www.myneta.info/TamilNadu2026/candidate.php?candidate_id=3870,SINGANALLUR,IND,0,Post Graduate,"Rs 21,97,525 ~ 21 Lacs+",Rs 0 ~
345,449,Aysha,https://www.myneta.info/TamilNadu2026/candidate.php?candidate_id=449,CHEPAUK-THIRUVALLIKENI,Naam Tamilar Katchi,0,Others,https://myneta.info/image_v2.php?myneta_folder=TamilNadu2026&candidate_id=449&col=ta,https://myneta.info/image_v2.php?myneta_folder=TamilNadu2026&candidate_id=449&col=lia
346,2325,Ayyanan.P,https://www.myneta.info/TamilNadu2026/candidate.php?candidate_id=2325,THIRUMANGALAM,IND,0,8th Pass,"Rs 4,85,000 ~ 4 Lacs+",Rs 0 ~
347,2879,Ayyanar E,https://www.myneta.info/TamilNadu2026/candidate.php?candidate_id=2879,VANUR (SC),IND,1,8th Pass,"Rs 5,87,500 ~ 5 Lacs+",Rs 0 ~
348,2861,Ayyanar N,https://www.myneta.info/TamilNadu2026/candidate.php?candidate_id=2861,MAILAM,Anti Corruption Dynamic Party,0,8th Pass,https://myneta.info/image_v2.php?myneta_folder=TamilNadu2026&candidate_id=2861&col=ta,https://myneta.info/image_v2.php?myneta_folder=TamilNadu2026&candidate_id=2861&col=lia
349,2334,Ayyappan. P,https://www.myneta.info/TamilNadu2026/candidate.php?candidate_id=2334,USILAMPATTI,All India Puratchi Thalaivar Makkal Munnettra Kazhagam,0,Graduate,"Rs 1,19,89,000 ~ 1 Crore+","Rs 29,70,000 ~ 29 Lacs+"
350,300,Azarudeen Uduman Ali,https://www.myneta.info/TamilNadu2026/candidate.php?candidate_id=300,PAPANASAM,Tamilaga Vettri Kazhagam,0,10th Pass,"Rs 1,08,72,11,906 ~ 108 Crore+","Rs 8,86,54,802 ~ 8 Crore+"
351,4013,Azarutheen. M,https://www.myneta.info/TamilNadu2026/candidate.php?candidate_id=4013,VELACHERY,IND,0,Graduate Professional,https://myneta.info/image_v2.php?myneta_folder=TamilNadu2026&candidate_id=4013&col=ta,https://myneta.info/image_v2.php?myneta_folder=TamilNadu2026&candidate_id=4013&col=lia
352,1980,Azarutheen.M,https://www.myneta.info/TamilNadu2026/candidate.php?candidate_id=1980,PERAMBUR,IND,0,Graduate Professional,"Rs 70,12,600 ~ 70 Lacs+","Rs 4,00,000 ~ 4 Lacs+"
353,2970,Azhagesan V.R.,https://www.myneta.info/TamilNadu2026/candidate.php?candidate_id=2970,JAYANKONDAM,Desiya Makkal Sakthi Katchi,0,Post Graduate,"Rs 18,62,500 ~ 18 Lacs+","Rs 3,24,000 ~ 3 Lacs+"
354,1784,Aziz Abdul Rahman. J,https://www.myneta.info/TamilNadu2026/candidate.php?candidate_id=1784,KARAIKUDI,Samaniya Makkal Nala Katchi,0,Graduate,https://myneta.info/image_v2.php?myneta_folder=TamilNadu2026&candidate_id=1784&col=ta,https://myneta.info/image_v2.php?myneta_folder=TamilNadu2026&candidate_id=1784&col=lia
355,3966,B Sikkandar,https://www.myneta.info/TamilNadu2026/candidate.php?candidate_id=3966,TIRUVADANAI,IND,0,Post Graduate,"Rs 41,500 ~ 41 Thou+",Rs 0 ~
356,1992,B. Balaji,https://www.myneta.info/TamilNadu2026/candidate.php?candidate_id=1992,PERAMBUR,IND,0,12th Pass,"Rs 3,55,000 ~ 3 Lacs+",Rs 0 ~
357,2402,B. Dhamodharan,https://www.myneta.info/TamilNadu2026/candidate.php?candidate_id=2402,PAPANASAM,Tamizhaga Vaazhvurimai Katchi,2,12th Pass,https://myneta.info/image_v2.php?myneta_folder=TamilNadu2026&candidate_id=2402&col=ta,https://myneta.info/image_v2.php?myneta_folder=TamilNadu2026&candidate_id=2402&col=lia
358,2059,B. Dhandapani,https://www.myneta.info/TamilNadu2026/candidate.php?candidate_id=2059,COIMBATORE (SOUTH),New Generation Peoples Party,1,5th Pass,"Rs 90,75,035 ~ 90 Lacs+","Rs 1,00,000 ~ 1 Lacs+"
359,640,B. Kalyanaramkumar,https://www.myneta.info/TamilNadu2026/candidate.php?candidate_id=640,ALANDUR,Naam Indiar Party,0,Post Graduate,"Rs 7,00,818 ~ 7 Lacs+",Rs 0 ~
360,1836,B. Rajesh Kumar,https://www.myneta.info/TamilNadu2026/candidate.php?candidate_id=1836,THIRUVALLUR,BSP,0,Graduate Professional,https://myneta.info/image_v2.php?myneta_folder=TamilNadu2026&candidate_id=1836&col=ta,https://myneta.info/image_v2.php?myneta_folder=TamilNadu2026&candidate_id=1836&col=lia
361,1985,B. Sathish Kumar,https://www.myneta.info/TamilNadu2026/candidate.php?candidate_id=1985,PERAMBUR,IND,0,Graduate Professional,"Rs 51,12,092 ~ 51 Lacs+",Rs 0 ~
362,485,B. Veeralakshmi,https://www.myneta.info/TamilNadu2026/candidate.php?candidate_id=485,VASUDEVANALLUR (SC),Tamilaga Makkal Nala Katchi,0,10th Pass,"Rs 30,58,000 ~ 30 Lacs+","Rs 42,000 ~ 42 Thou+"
363,2005,B. Venkatesan,https://www.myneta.info/TamilNadu2026/candidate.php?candidate_id=2005,PERAMBUR,IND,0,Post Graduate,https://myneta.info/image_v2.php?myneta_folder=TamilNadu2026&candidate_id=2005&col=ta,https://myneta.info/image_v2.php?myneta_folder=TamilNadu2026&candidate_id=2005&col=lia
364,2074,B. Yuvaraj,https://www.myneta.info/TamilNadu2026/candidate.php?candidate_id=2074,COIMBATORE (SOUTH),IND,0,Graduate Professional,"Rs 48,15,113 ~ 48 Lacs+","Rs 36,50,000 ~ 36 Lacs+"
365,418,B.Anand,https://www.myneta.info/TamilNadu2026/candidate.php?candidate_id=418,ANNA NAGAR,Thakkam Katchi,0,10th Pass,"Rs 20,97,304 ~ 20 Lacs+","Rs 83,940 ~ 83 Thou+"
366,3460,B.Chitra,https://www.myneta.info/TamilNadu2026/candidate.php?candidate_id=3460,ERODE (EAST),BSP,0,Graduate,https://myneta.info/image_v2.php?myneta_folder=TamilNadu2026&candidate_id=3460&col=ta,https://myneta.info/image_v2.php?myneta_folder=TamilNadu2026&candidate_id=3460&col=lia
367,431,B.Kajahmohideen,https://www.myneta.info/TamilNadu2026/candidate.php?candidate_id=431,KULITHALAI,IND,0,Graduate Professional,"Rs 12,73,700 ~ 12 Lacs+","Rs 70,000 ~ 70 Thou+"
368,83,B.M.Sumathy,https://www.myneta.info/TamilNadu2026/candidate.php?candidate_id=83,MADURAI SOUTH,Naam Tamilar Katchi,0,Post Graduate,"Rs 24,50,855 ~ 24 Lacs+","Rs 25,39,725 ~ 25 Lacs+"
369,2012,B.Navin,https://www.myneta.info/TamilNadu2026/candidate.php?candidate_id=2012,DR.RADHAKRISHNAN NAGAR,Tamizhaga Vaazhvurimai Katchi,1,Graduate Professional,https://myneta.info/image_v2.php?myneta_folder=TamilNadu2026&candidate_id=2012&col=ta,https://myneta.info/image_v2.php?myneta_folder=TamilNadu2026&candidate_id=2012&col=lia
370,676,B.Palaniswamy,https://www.myneta.info/TamilNadu2026/candidate.php?candidate_id=676,BHAVANISAGAR (SC),BSP,0,Post Graduate,"Rs 16,51,020 ~ 16 Lacs+","Rs 1,50,000 ~ 1 Lacs+"
371,3240,B.Rajendran,https://www.myneta.info/TamilNadu2026/candidate.php?candidate_id=3240,KANGAYAM,IND,0,Graduate,"Rs 38,57,000 ~ 38 Lacs+",Rs 0 ~
372,3334,B.Rajeswari,https://www.myneta.info/TamilNadu2026/candidate.php?candidate_id=3334,PALLAVARAM,Naadaalum Makkal Katchi,0,12th Pass,https://myneta.info/image_v2.php?myneta_folder=TamilNadu2026&candidate_id=3334&col=ta,https://myneta.info/image_v2.php?myneta_folder=TamilNadu2026&candidate_id=3334&col=lia
373,890,B.Rajkumar,https://www.myneta.info/TamilNadu2026/candidate.php?candidate_id=890,CUDDALORE,Tamilaga Vettri Kazhagam,2,Others,"Rs 45,36,110 ~ 45 Lacs+","Rs 39,17,441 ~ 39 Lacs+"
374,429,B.Sampathkumar,https://www.myneta.info/TamilNadu2026/candidate.php?candidate_id=429,KULITHALAI,IND,0,Graduate Professional,"Rs 50,87,000 ~ 50 Lacs+","Rs 27,81,082 ~ 27 Lacs+"
375,1520,B.Selvam,https://www.myneta.info/TamilNadu2026/candidate.php?candidate_id=1520,ALANGUDI,IND,0,Graduate,https://myneta.info/image_v2.php?myneta_folder=TamilNadu2026&candidate_id=1520&col=ta,https://myneta.info/image_v2.php?myneta_folder=TamilNadu2026&candidate_id=1520&col=lia
376,522,B.Vijayaraj,https://www.myneta.info/TamilNadu2026/candidate.php?candidate_id=522,THIRUPORUR,Tamilaga Vettri Kazhagam,0,Graduate Professional,"Rs 59,86,200 ~ 59 Lacs+","Rs 11,67,447 ~ 11 Lacs+"
377,337,Babu .B,https://www.myneta.info/TamilNadu2026/candidate.php?candidate_id=337,KATTUMANNARKOIL (SC),Rashtriya Samaj Dal (R),0,8th Pass,"Rs 7,59,000 ~ 7 Lacs+","Rs 2,30,000 ~ 2 Lacs+"
378,1732,Babu P.,https://www.myneta.info/TamilNadu2026/candidate.php?candidate_id=1732,THOOTHUKUDI,IND,0,10th Pass,https://myneta.info/image_v2.php?myneta_folder=TamilNadu2026&candidate_id=1732&col=ta,https://myneta.info/image_v2.php?myneta_folder=TamilNadu2026&candidate_id=1732&col=lia
379,4105,Babu. G,https://www.myneta.info/TamilNadu2026/candidate.php?candidate_id=4105,KARUR,IND,1,Graduate Professional,"Rs 22,97,250 ~ 22 Lacs+","Rs 6,75,340 ~ 6 Lacs+"
380,3099,Babu. S,https://www.myneta.info/TamilNadu2026/candidate.php?candidate_id=3099,DINDIGUL,IND,0,Graduate Professional,"Rs 3,00,72,000 ~ 3 Crore+","Rs 13,00,000 ~ 13 Lacs+"
381,2729,Babusankar.R,https://www.myneta.info/TamilNadu2026/candidate.php?candidate_id=2729,SIRKAZHI (SC),Our Mahathma National Party,0,8th Pass,https://myneta.info/image_v2.php?myneta_folder=TamilNadu2026&candidate_id=2729&col=ta,https://myneta.info/image_v2.php?myneta_folder=TamilNadu2026&candidate_id=2729&col=lia
382,3560,Baby Raj. P,https://www.myneta.info/TamilNadu2026/candidate.php?candidate_id=3560,KILLIYOOR,IND,0,10th Pass,"Rs 20,25,465 ~ 20 Lacs+",Rs 0 ~
383,2705,Baby. P,https://www.myneta.info/TamilNadu2026/candidate.php?candidate_id=2705,KRISHNARAYAPURAM (SC),IND,0,8th Pass,"Rs 15,75,000 ~ 15 Lacs+","Rs 3,00,000 ~ 3 Lacs+"
384,2220,Backiyalakshmi C,https://www.myneta.info/TamilNadu2026/candidate.php?candidate_id=2220,VIKRAVANDI,Thakkam Katchi,0,Graduate Professional,https://myneta.info/image_v2.php?myneta_folder=TamilNadu2026&candidate_id=2220&col=ta,https://myneta.info/image_v2.php?myneta_folder=TamilNadu2026&candidate_id=2220&col=lia
385,3920,Badri S,https://www.myneta.info/TamilNadu2026/candidate.php?candidate_id=3920,THIYAGARAYANAGAR,IND,0,Graduate Professional,"Rs 99,85,237 ~ 99 Lacs+","Rs 18,36,920 ~ 18 Lacs+"
386,3138,Baiju T,https://www.myneta.info/TamilNadu2026/candidate.php?candidate_id=3138,VILAVANCODE,Viro Ke Vir Indian Party,0,Others,"Rs 65,47,000 ~ 65 Lacs+","Rs 20,000 ~ 20 Thou+"
387,4033,Bakiyalakshmi. M,https://www.myneta.info/TamilNadu2026/candidate.php?candidate_id=4033,TIRUPPATHUR,IND,0,8th Pass,https://myneta.info/image_v2.php?myneta_folder=TamilNadu2026&candidate_id=4033&col=ta,https://myneta.info/image_v2.php?myneta_folder=TamilNadu2026&candidate_id=4033&col=lia
388,1613,Bakkiam P,https://www.myneta.info/TamilNadu2026/candidate.php?candidate_id=1613,PARAMATHIVELUR,Anaithinthiya Anna Dravida Makkal Seyal katchi,0,Illiterate,"Rs 8,93,000 ~ 8 Lacs+",Rs 0 ~
389,1945,Bakkiyaraj R,https://www.myneta.info/TamilNadu2026/candidate.php?candidate_id=1945,UTHANGARAI (SC),IND,0,10th Pass,"Rs 10,04,000 ~ 10 Lacs+","Rs 3,60,968 ~ 3 Lacs+"
390,4052,Balabharathi. S.V,https://www.myneta.info/TamilNadu2026/candidate.php?candidate_id=4052,TIRUPATTUR,IND,0,12th Pass,https://myneta.info/image_v2.php?myneta_folder=TamilNadu2026&candidate_id=4052&col=ta,https://myneta.info/image_v2.php?myneta_folder=TamilNadu2026&candidate_id=4052&col=lia
391,3074,Balachandran. M,https://www.myneta.info/TamilNadu2026/candidate.php?candidate_id=3074,PALANI,IND,0,Others,"Rs 24,75,283 ~ 24 Lacs+","Rs 6,10,000 ~ 6 Lacs+"
392,1354,Balaganapathy.V,https://www.myneta.info/TamilNadu2026/candidate.php?candidate_id=1354,MANAMADURAI (SC),BJP,4,Graduate Professional,"Rs 5,52,21,259 ~ 5 Crore+","Rs 59,65,205 ~ 59 Lacs+"
393,2116,Balaji Chezhian P,https://www.myneta.info/TamilNadu2026/candidate.php?candidate_id=2116,TIRUCHENGODU,IND,0,Graduate Professional,https://myneta.info/image_v2.php?myneta_folder=TamilNadu2026&candidate_id=2116&col=ta,https://myneta.info/image_v2.php?myneta_folder=TamilNadu2026&candidate_id=2116&col=lia
394,1628,Balaji R,https://www.myneta.info/TamilNadu2026/candidate.php?candidate_id=1628,PARAMATHIVELUR,IND,0,Others,"Rs 1,52,200 ~ 1 Lacs+",Rs 0 ~
395,1188,Balaji R,https://www.myneta.info/TamilNadu2026/candidate.php?candidate_id=1188,MADURAI WEST,DMK,0,Graduate Professional,"Rs 6,44,39,153 ~ 6 Crore+","Rs 2,87,68,916 ~ 2 Crore+"
396,220,Balaji Ramachandran,https://www.myneta.info/TamilNadu2026/candidate.php?candidate_id=220,VILATHIKULAM,Naam Tamilar Katchi,0,Post Graduate,https://myneta.info/image_v2.php?myneta_folder=TamilNadu2026&candidate_id=220&col=ta,https://myneta.info/image_v2.php?myneta_folder=TamilNadu2026&candidate_id=220&col=lia
397,3921,Balaji S,https://www.myneta.info/TamilNadu2026/candidate.php?candidate_id=3921,THIYAGARAYANAGAR,IND,0,Graduate Professional,"Rs 10,06,000 ~ 10 Lacs+",Rs 0 ~
398,387,Balaji. P,https://www.myneta.info/TamilNadu2026/candidate.php?candidate_id=387,KALASAPAKKAM,IND,0,Literate,"Rs 76,27,941 ~ 76 Lacs+","Rs 10,00,000 ~ 10 Lacs+"
399,2043,Balaji. V,https://www.myneta.info/TamilNadu2026/candidate.php?candidate_id=2043,MYLAPORE,BSP,0,12th Pass,https://myneta.info/image_v2.php?myneta_folder=TamilNadu2026&candidate_id=2043&col=ta,https://myneta.info/image_v2.php?myneta_folder=TamilNadu2026&candidate_id=2043&col=lia
400,2433,Balaji.A,https://www.myneta.info/TamilNadu2026/candidate.php?candidate_id=2433,TIRUTTANI,Thakkam Katchi,0,Graduate Professional,"Rs 35,53,722 ~ 35 Lacs+","Rs 97,000 ~ 97 Thou+"
401,242,Balakrishnan,https://www.myneta.info/TamilNadu2026/candidate.php?candidate_id=242,BHAVANI,Tamilaga Vettri Kazhagam,0,Graduate Professional,"Rs 51,84,85,931 ~ 51 Crore+","Rs 3,00,000 ~ 3 Lacs+"
402,3814,Balakrishnan,https://www.myneta.info/TamilNadu2026/candidate.php?candidate_id=3814,RAMANATHAPURAM,IND,0,8th Pass,https://myneta.info/image_v2.php?myneta_folder=TamilNadu2026&candidate_id=3814&col=ta,https://myneta.info/image_v2.php?myneta_folder=TamilNadu2026&candidate_id=3814&col=lia
403,924,Balakrishnan A,https://www.myneta.info/TamilNadu2026/candidate.php?candidate_id=924,RISHIVANDIYAM,BSP,0,5th Pass,"Rs 9,76,000 ~ 9 Lacs+","Rs 2,85,000 ~ 2 Lacs+"
404,1947,Balakrishnan Alias Amoor Balu,https://www.myneta.info/TamilNadu2026/candidate.php?candidate_id=1947,MANACHANALLUR,BSP,0,10th Pass,"Rs 31,000 ~ 31 Thou+",Rs 0 ~
405,2906,Balakrishnan K,https://www.myneta.info/TamilNadu2026/candidate.php?candidate_id=2906,ULUNDURPETTAI,Anna Makkal Katchi,0,12th Pass,https://myneta.info/image_v2.php?myneta_folder=TamilNadu2026&candidate_id=2906&col=ta,https://myneta.info/image_v2.php?myneta_folder=TamilNadu2026&candidate_id=2906&col=lia
406,707,Balakrishnan. P,https://www.myneta.info/TamilNadu2026/candidate.php?candidate_id=707,GANGAVALLI (SC),BSP,0,12th Pass,"Rs 38,97,000 ~ 38 Lacs+",Rs 0 ~
407,1225,Balakrishnan.S.P,https://www.myneta.info/TamilNadu2026/candidate.php?candidate_id=1225,RADHAPURAM,BJP,3,8th Pass,"Rs 35,48,64,770 ~ 35 Crore+","Rs 12,14,33,000 ~ 12 Crore+"
408,1368,Balakrishnareddy. P,https://www.myneta.info/TamilNadu2026/candidate.php?candidate_id=1368,HOSUR,AIADMK,0,12th Pass,https://myneta.info/image_v2.php?myneta_folder=TamilNadu2026&candidate_id=1368&col=ta,https://myneta.info/image_v2.php?myneta_folder=TamilNadu2026&candidate_id=1368&col=lia
409,2098,Balamani.V,https://www.myneta.info/TamilNadu2026/candidate.php?candidate_id=2098,THONDAMUTHUR,IND,0,5th Pass,"Rs 2,77,500 ~ 2 Lacs+",Rs 0 ~
410,1462,Balamurali G,https://www.myneta.info/TamilNadu2026/candidate.php?candidate_id=1462,VILLIVAKKAM,IND,0,Others,"Rs 16,92,400 ~ 16 Lacs+",Rs 0 ~
411,889,Balamurugan . G. C,https://www.myneta.info/TamilNadu2026/candidate.php?candidate_id=889,BHUVANAGIRI,IND,0,10th Pass,https://myneta.info/image_v2.php?myneta_folder=TamilNadu2026&candidate_id=889&col=ta,https://myneta.info/image_v2.php?myneta_folder=TamilNadu2026&candidate_id=889&col=lia
412,3433,Balamurugan . M. R,https://www.myneta.info/TamilNadu2026/candidate.php?candidate_id=3433,BHUVANAGIRI,IND,0,Post Graduate,"Rs 7,95,000 ~ 7 Lacs+",Rs 0 ~
413,3264,Balamurugan N,https://www.myneta.info/TamilNadu2026/candidate.php?candidate_id=3264,VILLUPURAM,IND,0,10th Pass,"Rs 1,02,500 ~ 1 Lacs+","Rs 10,00,000 ~ 10 Lacs+"
414,1078,Balamurugan. S,https://www.myneta.info/TamilNadu2026/candidate.php?candidate_id=1078,TIRUPPUR (SOUTH),Tamilaga Vettri Kazhagam,3,12th Pass,https://myneta.info/image_v2.php?myneta_folder=TamilNadu2026&candidate_id=1078&col=ta,https://myneta.info/image_v2.php?myneta_folder=TamilNadu2026&candidate_id=1078&col=lia
415,3298,Balamurugan. V,https://www.myneta.info/TamilNadu2026/candidate.php?candidate_id=3298,RAJAPALAYAM,IND,0,10th Pass,"Rs 12,13,000 ~ 12 Lacs+",Rs 0 ~
416,2299,Balamurugan.C,https://www.myneta.info/TamilNadu2026/candidate.php?candidate_id=2299,SHOLAVANDAN (SC),IND,0,8th Pass,"Rs 18,88,000 ~ 18 Lacs+",Rs 0 ~
417,253,Balamurugan.G,https://www.myneta.info/TamilNadu2026/candidate.php?candidate_id=253,AMBATTUR,Tamilaga Vettri Kazhagam,0,Others,https://myneta.info/image_v2.php?myneta_folder=TamilNadu2026&candidate_id=253&col=ta,https://myneta.info/image_v2.php?myneta_folder=TamilNadu2026&candidate_id=253&col=lia
418,2293,Balamurugan.K,https://www.myneta.info/TamilNadu2026/candidate.php?candidate_id=2293,SHOLAVANDAN (SC),All India Puratchi Thalaivar Makkal Munnettra Kazhagam,0,Graduate Professional,"Rs 10,95,39,282 ~ 10 Crore+","Rs 5,24,00,000 ~ 5 Crore+"
419,379,Balamurugan.P,https://www.myneta.info/TamilNadu2026/candidate.php?candidate_id=379,VIRUGAMPAKKAM,Naam Indiar Party,0,Graduate,"Rs 30,71,000 ~ 30 Lacs+",Rs 0 ~
420,2300,Balamurugan.R,https://www.myneta.info/TamilNadu2026/candidate.php?candidate_id=2300,SHOLAVANDAN (SC),IND,0,12th Pass,https://myneta.info/image_v2.php?myneta_folder=TamilNadu2026&candidate_id=2300&col=ta,https://myneta.info/image_v2.php?myneta_folder=TamilNadu2026&candidate_id=2300&col=lia
421,2795,Balan R,https://www.myneta.info/TamilNadu2026/candidate.php?candidate_id=2795,CUMBUM,IND,0,Graduate Professional,"Rs 10,38,650 ~ 10 Lacs+","Rs 2,59,625 ~ 2 Lacs+"
422,1034,Balaraman.P,https://www.myneta.info/TamilNadu2026/candidate.php?candidate_id=1034,PONNERI (SC),AIADMK,0,Post Graduate,"Rs 2,27,47,389 ~ 2 Crore+","Rs 2,43,456 ~ 2 Lacs+"
423,2455,Balaruban,https://www.myneta.info/TamilNadu2026/candidate.php?candidate_id=2455,THIRUVOTTIYUR,IND,0,Graduate Professional,https://myneta.info/image_v2.php?myneta_folder=TamilNadu2026&candidate_id=2455&col=ta,https://myneta.info/image_v2.php?myneta_folder=TamilNadu2026&candidate_id=2455&col=lia
424,1781,Balasubramani.R,https://www.myneta.info/TamilNadu2026/candidate.php?candidate_id=1781,BODINAYAKKANUR,IND,0,10th Pass,"Rs 1,26,32,900 ~ 1 Crore+","Rs 10,00,000 ~ 10 Lacs+"
425,1464,Balasubramaniam M,https://www.myneta.info/TamilNadu2026/candidate.php?candidate_id=1464,VIRUDHUNAGAR,Puthiya Tamilagam,0,Literate,"Rs 38,80,000 ~ 38 Lacs+","Rs 2,30,000 ~ 2 Lacs+"
426,591,Balasubramanian. K.K,https://www.myneta.info/TamilNadu2026/candidate.php?candidate_id=591,VIRALIMALAI,IND,0,10th Pass,https://myneta.info/image_v2.php?myneta_folder=TamilNadu2026&candidate_id=591&col=ta,https://myneta.info/image_v2.php?myneta_folder=TamilNadu2026&candidate_id=591&col=lia
427,597,Balasubramanian. M,https://www.myneta.info/TamilNadu2026/candidate.php?candidate_id=597,VIRALIMALAI,IND,0,Graduate,"Rs 14,90,000 ~ 14 Lacs+",Rs 0 ~
428,3578,Balasubramanian.S,https://www.myneta.info/TamilNadu2026/candidate.php?candidate_id=3578,KOVILPATTI,Tamilaga Vettri Kazhagam,0,Others,"Rs 4,07,26,801 ~ 4 Crore+","Rs 75,14,000 ~ 75 Lacs+"
429,1263,Balathandayutham.U,https://www.myneta.info/TamilNadu2026/candidate.php?candidate_id=1263,THIRUTHURAIPOONDI (SC),AIADMK,0,12th Pass,https://myneta.info/image_v2.php?myneta_folder=TamilNadu2026&candidate_id=1263&col=ta,https://myneta.info/image_v2.php?myneta_folder=TamilNadu2026&candidate_id=1263&col=lia
430,592,Balavel Murugesan. T,https://www.myneta.info/TamilNadu2026/candidate.php?candidate_id=592,VIRALIMALAI,IND,0,Post Graduate,"Rs 1,33,23,523 ~ 1 Crore+","Rs 46,87,670 ~ 46 Lacs+"
431,2692,Balsamy. B,https://www.myneta.info/TamilNadu2026/candidate.php?candidate_id=2692,KRISHNARAYAPURAM (SC),Naadaalum Makkal Katchi,1,10th Pass,"Rs 18,21,600 ~ 18 Lacs+","Rs 5,00,000 ~ 5 Lacs+"
432,1950,Balu. M,https://www.myneta.info/TamilNadu2026/candidate.php?candidate_id=1950,MANACHANALLUR,Puthiya Tamilagam,3,Graduate Professional,https://myneta.info/image_v2.php?myneta_folder=TamilNadu2026&candidate_id=1950&col=ta,https://myneta.info/image_v2.php?myneta_folder=TamilNadu2026&candidate_id=1950&col=lia
433,3035,Balu. P.M.,https://www.myneta.info/TamilNadu2026/candidate.php?candidate_id=3035,COIMBATORE (NORTH),IND,0,Post Graduate,"Rs 22,53,971 ~ 22 Lacs+","Rs 9,85,000 ~ 9 Lacs+"
434,1912,Balu.P,https://www.myneta.info/TamilNadu2026/candidate.php?candidate_id=1912,VRIDHACHALAM,IND,0,12th Pass,"Rs 10,67,000 ~ 10 Lacs+",Rs 0 ~
435,3252,Banukumar R,https://www.myneta.info/TamilNadu2026/candidate.php?candidate_id=3252,GINGEE,IND,0,Others,https://myneta.info/image_v2.php?myneta_folder=TamilNadu2026&candidate_id=3252&col=ta,https://myneta.info/image_v2.php?myneta_folder=TamilNadu2026&candidate_id=3252&col=lia
436,68,Banupriya M,https://www.myneta.info/TamilNadu2026/candidate.php?candidate_id=68,KINATHUKADAVU,Naam Tamilar Katchi,0,Graduate,"Rs 10,85,22,438 ~ 10 Crore+","Rs 85,97,687 ~ 85 Lacs+"
437,1828,Banupriya. D,https://www.myneta.info/TamilNadu2026/candidate.php?candidate_id=1828,POLUR,Republican Party of India (Athawale),0,8th Pass,"Rs 3,10,000 ~ 3 Lacs+",Rs 0 ~
438,118,Banupriya. M,https://www.myneta.info/TamilNadu2026/candidate.php?candidate_id=118,PANRUTI,Naam Tamilar Katchi,0,Post Graduate,https://myneta.info/image_v2.php?myneta_folder=TamilNadu2026&candidate_id=118&col=ta,https://myneta.info/image_v2.php?myneta_folder=TamilNadu2026&candidate_id=118&col=lia
439,2807,Barathiraja.K,https://www.myneta.info/TamilNadu2026/candidate.php?candidate_id=2807,PONNERI (SC),IND,0,10th Pass,"Rs 13,29,248 ~ 13 Lacs+","Rs 2,51,185 ~ 2 Lacs+"
440,2946,Barisha Banu. M,https://www.myneta.info/TamilNadu2026/candidate.php?candidate_id=2946,KADAYANALLUR,IND,0,Graduate Professional,"Rs 9,60,722 ~ 9 Lacs+",Rs 0 ~
441,1646,Bas Madheswaran,https://www.myneta.info/TamilNadu2026/candidate.php?candidate_id=1646,SALEM (SOUTH),Tamizhaga Vaazhvurimai Katchi,8,5th Pass,https://myneta.info/image_v2.php?myneta_folder=TamilNadu2026&candidate_id=1646&col=ta,https://myneta.info/image_v2.php?myneta_folder=TamilNadu2026&candidate_id=1646&col=lia
442,4107,Baskar. P,https://www.myneta.info/TamilNadu2026/candidate.php?candidate_id=4107,KARUR,IND,0,Post Graduate,"Rs 3,61,400 ~ 3 Lacs+",Rs 0 ~
443,1834,Baskaran. C,https://www.myneta.info/TamilNadu2026/candidate.php?candidate_id=1834,POLUR,IND,0,10th Pass,"Rs 18,63,500 ~ 18 Lacs+","Rs 4,00,000 ~ 4 Lacs+"
444,1221,Baskaran. C. R,https://www.myneta.info/TamilNadu2026/candidate.php?candidate_id=1221,POLUR,Pattali Makkal Katchi,0,Post Graduate,https://myneta.info/image_v2.php?myneta_folder=TamilNadu2026&candidate_id=1221&col=ta,https://myneta.info/image_v2.php?myneta_folder=TamilNadu2026&candidate_id=1221&col=lia
445,388,Baskaran. R,https://www.myneta.info/TamilNadu2026/candidate.php?candidate_id=388,KALASAPAKKAM,IND,0,Others,"Rs 52,72,275 ~ 52 Lacs+",Rs 0 ~
446,3414,Baskaran. S,https://www.myneta.info/TamilNadu2026/candidate.php?candidate_id=3414,ARANI,IND,0,10th Pass,"Rs 1,50,000 ~ 1 Lacs+",Rs 0 ~
447,1266,Be Vee Ramanah,https://www.myneta.info/TamilNadu2026/candidate.php?candidate_id=1266,THIRUVALLUR,AIADMK,6,Others,https://myneta.info/image_v2.php?myneta_folder=TamilNadu2026&candidate_id=1266&col=ta,https://myneta.info/image_v2.php?myneta_folder=TamilNadu2026&candidate_id=1266&col=lia
448,1849,Benny Rajan. C.J,https://www.myneta.info/TamilNadu2026/candidate.php?candidate_id=1849,TIRUVANNAMALAI,Republican Party of India (Athawale),0,Graduate,"Rs 27,11,000 ~ 27 Lacs+","Rs 23,04,113 ~ 23 Lacs+"
449,3559,Berrila. L,https://www.myneta.info/TamilNadu2026/candidate.php?candidate_id=3559,KILLIYOOR,IND,0,Graduate Professional,"Rs 90,00,000 ~ 90 Lacs+","Rs 7,00,000 ~ 7 Lacs+"
450,932,Bervin Kings G,https://www.myneta.info/TamilNadu2026/candidate.php?candidate_id=932,NAGERCOIL,Tamilaga Vettri Kazhagam,0,Post Graduate,https://myneta.info/image_v2.php?myneta_folder=TamilNadu2026&candidate_id=932&col=ta,https://myneta.info/image_v2.php?myneta_folder=TamilNadu2026&candidate_id=932&col=lia
451,2207,Bharanitharan.D.K,https://www.myneta.info/TamilNadu2026/candidate.php?candidate_id=2207,SALEM (WEST),IND,0,Graduate Professional,"Rs 6,67,000 ~ 6 Lacs+",Rs 0 ~
452,2572,Bharath Mathiruban,https://www.myneta.info/TamilNadu2026/candidate.php?candidate_id=2572,GUDIYATTAM (SC),IND,0,Graduate Professional,"Rs 32,06,179 ~ 32 Lacs+","Rs 14,86,000 ~ 14 Lacs+"
453,1687,Bharath. M,https://www.myneta.info/TamilNadu2026/candidate.php?candidate_id=1687,SRIVAIKUNTAM,Naam Indiar Party,0,5th Pass,https://myneta.info/image_v2.php?myneta_folder=TamilNadu2026&candidate_id=1687&col=ta,https://myneta.info/image_v2.php?myneta_folder=TamilNadu2026&candidate_id=1687&col=lia
454,2329,Bharath.M,https://www.myneta.info/TamilNadu2026/candidate.php?candidate_id=2329,THIRUMANGALAM,IND,2,Graduate,"Rs 1,46,36,520 ~ 1 Crore+","Rs 48,05,000 ~ 48 Lacs+"
455,2206,Bharath.S,https://www.myneta.info/TamilNadu2026/candidate.php?candidate_id=2206,SALEM (WEST),IND,0,Graduate,"Rs 17,86,213 ~ 17 Lacs+",Rs 0 ~
456,4106,Bharathi. P,https://www.myneta.info/TamilNadu2026/candidate.php?candidate_id=4106,KARUR,IND,0,Post Graduate,https://myneta.info/image_v2.php?myneta_folder=TamilNadu2026&candidate_id=4106&col=ta,https://myneta.info/image_v2.php?myneta_folder=TamilNadu2026&candidate_id=4106&col=lia
457,2466,Bharathi.B,https://www.myneta.info/TamilNadu2026/candidate.php?candidate_id=2466,MANNARGUDI,Puthiya Tamilagam,5,12th Pass,"Rs 2,97,000 ~ 2 Lacs+","Rs 50,300 ~ 50 Thou+"
458,2388,Bharathidasan.S,https://www.myneta.info/TamilNadu2026/candidate.php?candidate_id=2388,MANAMADURAI (SC),IND,0,Graduate Professional,"Rs 50,06,073 ~ 50 Lacs+","Rs 1,50,000 ~ 1 Lacs+"
459,2485,Bharathimohan. K.S,https://www.myneta.info/TamilNadu2026/candidate.php?candidate_id=2485,NANNILAM,IND,1,Others,https://myneta.info/image_v2.php?myneta_folder=TamilNadu2026&candidate_id=2485&col=ta,https://myneta.info/image_v2.php?myneta_folder=TamilNadu2026&candidate_id=2485&col=lia
460,3670,Bharathiraja A,https://www.myneta.info/TamilNadu2026/candidate.php?candidate_id=3670,MADURAI EAST,Puthiya Tamilagam,0,8th Pass,"Rs 26,56,500 ~ 26 Lacs+","Rs 11,08,500 ~ 11 Lacs+"
461,3160,Bharathiraja. B,https://www.myneta.info/TamilNadu2026/candidate.php?candidate_id=3160,MAYILADUTHURAI,IND,0,10th Pass,"Rs 23,28,000 ~ 23 Lacs+","Rs 10,00,000 ~ 10 Lacs+"
462,92,Bharathiselvan.R,https://www.myneta.info/TamilNadu2026/candidate.php?candidate_id=92,MANNARGUDI,Naam Tamilar Katchi,19,Post Graduate,https://myneta.info/image_v2.php?myneta_folder=TamilNadu2026&candidate_id=92&col=ta,https://myneta.info/image_v2.php?myneta_folder=TamilNadu2026&candidate_id=92&col=lia
463,3012,Bharathkumar. G,https://www.myneta.info/TamilNadu2026/candidate.php?candidate_id=3012,CHEPAUK-THIRUVALLIKENI,IND,1,Graduate,"Rs 8,07,756 ~ 8 Lacs+",Rs 0 ~
464,4021,Bhaskar. G,https://www.myneta.info/TamilNadu2026/candidate.php?candidate_id=4021,VELACHERY,IND,0,8th Pass,"Rs 4,08,400 ~ 4 Lacs+",Rs 0 ~
465,1298,Bhojarajan.M,https://www.myneta.info/TamilNadu2026/candidate.php?candidate_id=1298,UDHAGAMANDALAM,BJP,0,Graduate Professional,https://myneta.info/image_v2.php?myneta_folder=TamilNadu2026&candidate_id=1298&col=ta,https://myneta.info/image_v2.php?myneta_folder=TamilNadu2026&candidate_id=1298&col=lia
466,1639,Bhuvana Maniyarasan,https://www.myneta.info/TamilNadu2026/candidate.php?candidate_id=1639,PERAVURANI,Naam Tamilar Katchi,0,Graduate Professional,"Rs 45,40,080 ~ 45 Lacs+","Rs 2,75,000 ~ 2 Lacs+"
467,3480,Bhuvaneshwari.A,https://www.myneta.info/TamilNadu2026/candidate.php?candidate_id=3480,GOBICHETTIPALAYAM,IND,0,8th Pass,"Rs 30,000 ~ 30 Thou+",Rs 0 ~
468,1692,Bishop Dr Godfrey Noble,https://www.myneta.info/TamilNadu2026/candidate.php?candidate_id=1692,SRIVAIKUNTAM,IND,6,Others,https://myneta.info/image_v2.php?myneta_folder=TamilNadu2026&candidate_id=1692&col=ta,https://myneta.info/image_v2.php?myneta_folder=TamilNadu2026&candidate_id=1692&col=lia
469,2271,Boomiraj. K,https://www.myneta.info/TamilNadu2026/candidate.php?candidate_id=2271,VEDASANDUR,Samaniya Makkal Nala Katchi,0,Graduate,"Rs 3,76,500 ~ 3 Lacs+","Rs 37,50,000 ~ 37 Lacs+"
470,949,Boomirajan K,https://www.myneta.info/TamilNadu2026/candidate.php?candidate_id=949,MADURAI EAST,Tamizhaga Vaazhvurimai Katchi,5,5th Pass,"Rs 15,77,250 ~ 15 Lacs+","Rs 3,07,000 ~ 3 Lacs+"
471,3113,Boopathi Rajaraja Chozhan. M,https://www.myneta.info/TamilNadu2026/candidate.php?candidate_id=3113,BHAVANI,IND,0,5th Pass,https://myneta.info/image_v2.php?myneta_folder=TamilNadu2026&candidate_id=3113&col=ta,https://myneta.info/image_v2.php?myneta_folder=TamilNadu2026&candidate_id=3113&col=lia
472,113,Boopathi. R.,https://www.myneta.info/TamilNadu2026/candidate.php?candidate_id=113,PALACODE,Naam Tamilar Katchi,0,Post Graduate,"Rs 6,96,03,000 ~ 6 Crore+",Rs 0 ~
473,318,Boopathy S,https://www.myneta.info/TamilNadu2026/candidate.php?candidate_id=318,ARAVAKURICHI,IND,0,Graduate Professional,"Rs 9,78,046 ~ 9 Lacs+","Rs 88,000 ~ 88 Thou+"
474,1994,Bowdharaj,https://www.myneta.info/TamilNadu2026/candidate.php?candidate_id=1994,PERAMBUR,IND,0,5th Pass,https://myneta.info/image_v2.php?myneta_folder=TamilNadu2026&candidate_id=1994&col=ta,https://myneta.info/image_v2.php?myneta_folder=TamilNadu2026&candidate_id=1994&col=lia
475,3208,C .Selvakumar,https://www.myneta.info/TamilNadu2026/candidate.php?candidate_id=3208,OTTAPIDARAM (SC),Tamizhaga Vaazhvurimai Katchi,0,8th Pass,"Rs 52,13,000 ~ 52 Lacs+","Rs 7,75,000 ~ 7 Lacs+"
476,1239,C Chandrasekaran,https://www.myneta.info/TamilNadu2026/candidate.php?candidate_id=1239,SENTHAMANGALAM(ST),AIADMK,3,10th Pass,"Rs 3,42,96,097 ~ 3 Crore+","Rs 1,50,000 ~ 1 Lacs+"
477,1484,C Jaganathan,https://www.myneta.info/TamilNadu2026/candidate.php?candidate_id=1484,SENTHAMANGALAM(ST),All India Puratchi Thalaivar Makkal Munnettra Kazhagam,0,Others,https://myneta.info/image_v2.php?myneta_folder=TamilNadu2026&candidate_id=1484&col=ta,https://myneta.info/image_v2.php?myneta_folder=TamilNadu2026&candidate_id=1484&col=lia
478,1584,C Selvan,https://www.myneta.info/TamilNadu2026/candidate.php?candidate_id=1584,CHENGAM (SC),Republican Party of India (Athawale),0,8th Pass,"Rs 42,69,000 ~ 42 Lacs+",Rs 0 ~
479,825,C Shanmugavelu,https://www.myneta.info/TamilNadu2026/candidate.php?candidate_id=825,MADATHUKULAM,Amma Makkal Munnettra Kazagam,0,Post Graduate,"Rs 4,58,14,567 ~ 4 Crore+","Rs 25,82,860 ~ 25 Lacs+"
480,1485,C Suthan,https://www.myneta.info/TamilNadu2026/candidate.php?candidate_id=1485,SENTHAMANGALAM(ST),IND,0,10th Pass,https://myneta.info/image_v2.php?myneta_folder=TamilNadu2026&candidate_id=1485&col=ta,https://myneta.info/image_v2.php?myneta_folder=TamilNadu2026&candidate_id=1485&col=lia
481,412,C. Aruna Devi,https://www.myneta.info/TamilNadu2026/candidate.php?candidate_id=412,OTTAPIDARAM (SC),Nam Naadu Nam Makkal Nam Ethirkaalam Katchi,0,Graduate Professional,"Rs 1,07,29,974 ~ 1 Crore+","Rs 25,03,436 ~ 25 Lacs+"
482,2401,C. Chandrasekaran,https://www.myneta.info/TamilNadu2026/candidate.php?candidate_id=2401,PAPANASAM,Thamizh Desiya Munnetra Kazhagam,3,Graduate Professional,"Rs 27,17,136 ~ 27 Lacs+",Rs 0 ~
483,2983,C. Christy,https://www.myneta.info/TamilNadu2026/candidate.php?candidate_id=2983,THIRU-VI-KA-NAGAR (SC),All India Puratchi Thalaivar Makkal Munnettra Kazhagam,0,10th Pass,https://myneta.info/image_v2.php?myneta_folder=TamilNadu2026&candidate_id=2983&col=ta,https://myneta.info/image_v2.php?myneta_folder=TamilNadu2026&candidate_id=2983&col=lia
484,3539,C. Dillibabu,https://www.myneta.info/TamilNadu2026/candidate.php?candidate_id=3539,KANCHEEPURAM,IND,0,8th Pass,"Rs 37,141 ~ 37 Thou+",Rs 0 ~
485,2419,C. Dinesh Kumar,https://www.myneta.info/TamilNadu2026/candidate.php?candidate_id=2419,COONOOR,IND,0,Graduate Professional,"Rs 43,44,850 ~ 43 Lacs+","Rs 24,40,000 ~ 24 Lacs+"
486,3785,C. Govindasamy,https://www.myneta.info/TamilNadu2026/candidate.php?candidate_id=3785,PUDUKKOTTAI,IND,0,Post Graduate,https://myneta.info/image_v2.php?myneta_folder=TamilNadu2026&candidate_id=3785&col=ta,https://myneta.info/image_v2.php?myneta_folder=TamilNadu2026&candidate_id=3785&col=lia
487,3191,C. Gunasekaran,https://www.myneta.info/TamilNadu2026/candidate.php?candidate_id=3191,ORATHANADU,Thamizh Desiya Munnetra Kazhagam,0,Post Graduate,"Rs 13,22,250 ~ 13 Lacs+",Rs 0 ~
488,2999,C. Jagan Mohan,https://www.myneta.info/TamilNadu2026/candidate.php?candidate_id=2999,THIRU-VI-KA-NAGAR (SC),IND,0,Graduate Professional,"Rs 2,20,000 ~ 2 Lacs+",Rs 0 ~
489,380,C. Joseph Vijay,https://www.myneta.info/TamilNadu2026/candidate.php?candidate_id=380,TIRUCHIRAPPALLI (EAST),Tamilaga Vettri Kazhagam,2,Graduate,https://myneta.info/image_v2.php?myneta_folder=TamilNadu2026&candidate_id=380&col=ta,https://myneta.info/image_v2.php?myneta_folder=TamilNadu2026&candidate_id=380&col=lia
490,124,C. Joseph Vijay,https://www.myneta.info/TamilNadu2026/candidate.php?candidate_id=124,PERAMBUR,Tamilaga Vettri Kazhagam,2,Graduate,"Rs 6,48,85,90,407 ~ 648 Crore+","Rs 7,63,60,016 ~ 7 Crore+"
491,3784,C. Karuppaiah,https://www.myneta.info/TamilNadu2026/candidate.php?candidate_id=3784,PUDUKKOTTAI,IND,2,Graduate Professional,"Rs 3,09,272 ~ 3 Lacs+",Rs 0 ~
492,3783,C. Karuppaiah,https://www.myneta.info/TamilNadu2026/candidate.php?candidate_id=3783,PUDUKKOTTAI,IND,3,Graduate,https://myneta.info/image_v2.php?myneta_folder=TamilNadu2026&candidate_id=3783&col=ta,https://myneta.info/image_v2.php?myneta_folder=TamilNadu2026&candidate_id=3783&col=lia
493,790,C. Krishnamurali,https://www.myneta.info/TamilNadu2026/candidate.php?candidate_id=790,KADAYANALLUR,AIADMK,2,Graduate,"Rs 10,13,96,195 ~ 10 Crore+","Rs 58,45,063 ~ 58 Lacs+"
494,2180,C. Nanda Kumar,https://www.myneta.info/TamilNadu2026/candidate.php?candidate_id=2180,TIRUCHIRAPPALLI (EAST),All India Puratchi Thalaivar Makkal Munnettra Kazhagam,1,Post Graduate,"Rs 16,84,48,002 ~ 16 Crore+","Rs 5,11,78,113 ~ 5 Crore+"
495,578,C. Parirajan,https://www.myneta.info/TamilNadu2026/candidate.php?candidate_id=578,RAMANATHAPURAM,Veerath Thiyagi Viswanathadoss Thozhilalarkal Katchi,2,5th Pass,https://myneta.info/image_v2.php?myneta_folder=TamilNadu2026&candidate_id=578&col=ta,https://myneta.info/image_v2.php?myneta_folder=TamilNadu2026&candidate_id=578&col=lia
496,2490,C. Ponpandi,https://www.myneta.info/TamilNadu2026/candidate.php?candidate_id=2490,VILATHIKULAM,All India Puratchi Thalaivar Makkal Munnettra Kazhagam,0,10th Pass,"Rs 7,14,688 ~ 7 Lacs+","Rs 2,30,000 ~ 2 Lacs+"
497,2037,C. Rajamanickam,https://www.myneta.info/TamilNadu2026/candidate.php?candidate_id=2037,DR.RADHAKRISHNAN NAGAR,IND,0,Post Graduate,"Rs 84,13,593 ~ 84 Lacs+",Rs 0 ~
498,706,C. Rajendran,https://www.myneta.info/TamilNadu2026/candidate.php?candidate_id=706,ERODE (WEST),IND,1,Post Graduate,https://myneta.info/image_v2.php?myneta_folder=TamilNadu2026&candidate_id=706&col=ta,https://myneta.info/image_v2.php?myneta_folder=TamilNadu2026&candidate_id=706&col=lia
499,3795,C. Ramachandran,https://www.myneta.info/TamilNadu2026/candidate.php?candidate_id=3795,PUDUKKOTTAI,IND,0,5th Pass,"Rs 5,66,500 ~ 5 Lacs+",Rs 0 ~
500,772,C. Ramarajan,https://www.myneta.info/TamilNadu2026/candidate.php?candidate_id=772,SANKARANKOVIL (SC),Tamilaga Vettri Kazhagam,0,Post Graduate,"Rs 47,70,600 ~ 47 Lacs+","Rs 62,00,000 ~ 62 Lacs+"
501,489,C. Ravi,https://www.myneta.info/TamilNadu2026/candidate.php?candidate_id=489,SANKARANKOVIL (SC),Tamilaga Makkal Nala Katchi,0,10th Pass,https://myneta.info/image_v2.php?myneta_folder=TamilNadu2026&candidate_id=489&col=ta,https://myneta.info/image_v2.php?myneta_folder=TamilNadu2026&candidate_id=489&col=lia
502,1559,C. Sridhar,https://www.myneta.info/TamilNadu2026/candidate.php?candidate_id=1559,ROYAPURAM,IND,0,Graduate Professional,"Rs 11,69,411 ~ 11 Lacs+",Rs 0 ~
503,1017,C. Thangaraju,https://www.myneta.info/TamilNadu2026/candidate.php?candidate_id=1017,COONOOR,Tamilaga Vettri Kazhagam,0,Graduate Professional,"Rs 28,52,84,563 ~ 28 Crore+","Rs 10,83,21,118 ~ 10 Crore+"
504,1374,C. Uthayakumar,https://www.myneta.info/TamilNadu2026/candidate.php?candidate_id=1374,GANDARVAKOTTAI (SC),BJP,0,8th Pass,https://myneta.info/image_v2.php?myneta_folder=TamilNadu2026&candidate_id=1374&col=ta,https://myneta.info/image_v2.php?myneta_folder=TamilNadu2026&candidate_id=1374&col=lia
505,2041,C.Janarthanan,https://www.myneta.info/TamilNadu2026/candidate.php?candidate_id=2041,DR.RADHAKRISHNAN NAGAR,IND,0,Graduate,"Rs 8,70,800 ~ 8 Lacs+",Rs 0 ~
506,3686,C.Kengusamy,https://www.myneta.info/TamilNadu2026/candidate.php?candidate_id=3686,MUDUKULATHUR,IND,0,8th Pass,"Rs 20,500 ~ 20 Thou+",Rs 0 ~
507,2237,C.M. Aruchamy,https://www.myneta.info/TamilNadu2026/candidate.php?candidate_id=2237,POLLACHI,BSP,0,5th Pass,https://myneta.info/image_v2.php?myneta_folder=TamilNadu2026&candidate_id=2237&col=ta,https://myneta.info/image_v2.php?myneta_folder=TamilNadu2026&candidate_id=2237&col=lia
508,2658,C.Mahendran,https://www.myneta.info/TamilNadu2026/candidate.php?candidate_id=2658,METTUPALAYAM,IND,0,10th Pass,"Rs 60,000 ~ 60 Thou+",Rs 0 ~
509,3683,C.Malaiselvam,https://www.myneta.info/TamilNadu2026/candidate.php?candidate_id=3683,MUDUKULATHUR,Puthiya Tamilagam,0,10th Pass,"Rs 25,11,000 ~ 25 Lacs+",Rs 0 ~
510,1587,C.Malathi,https://www.myneta.info/TamilNadu2026/candidate.php?candidate_id=1587,CHENGAM (SC),Tamizhaga Vaazhvurimai Katchi,0,8th Pass,https://myneta.info/image_v2.php?myneta_folder=TamilNadu2026&candidate_id=1587&col=ta,https://myneta.info/image_v2.php?myneta_folder=TamilNadu2026&candidate_id=1587&col=lia
511,536,C.Mohanram,https://www.myneta.info/TamilNadu2026/candidate.php?candidate_id=536,MELUR,IND,2,12th Pass,"Rs 20,24,550 ~ 20 Lacs+",Rs 0 ~
512,2648,C.Nagaraj,https://www.myneta.info/TamilNadu2026/candidate.php?candidate_id=2648,METTUPALAYAM,Party for the Rights of Other backward Classes,0,10th Pass,"Rs 1,00,14,058 ~ 1 Crore+","Rs 33,66,766 ~ 33 Lacs+"
513,2679,C.Palanichamy,https://www.myneta.info/TamilNadu2026/candidate.php?candidate_id=2679,BHAVANISAGAR (SC),IND,0,Graduate,https://myneta.info/image_v2.php?myneta_folder=TamilNadu2026&candidate_id=2679&col=ta,https://myneta.info/image_v2.php?myneta_folder=TamilNadu2026&candidate_id=2679&col=lia
514,1053,C.Palanisamy,https://www.myneta.info/TamilNadu2026/candidate.php?candidate_id=1053,MUSIRI,Tamizhaga Vaazhvurimai Katchi,0,Graduate,"Rs 10,25,000 ~ 10 Lacs+","Rs 1,40,000 ~ 1 Lacs+"
515,854,C.Rajendran,https://www.myneta.info/TamilNadu2026/candidate.php?candidate_id=854,TAMBARAM,AIADMK,1,Graduate Professional,"Rs 21,13,31,198 ~ 21 Crore+","Rs 34,86,165 ~ 34 Lacs+"
516,3681,C.Ramesh,https://www.myneta.info/TamilNadu2026/candidate.php?candidate_id=3681,MELUR,IND,0,Graduate,https://myneta.info/image_v2.php?myneta_folder=TamilNadu2026&candidate_id=3681&col=ta,https://myneta.info/image_v2.php?myneta_folder=TamilNadu2026&candidate_id=3681&col=lia
517,2307,C.Sathishkumar,https://www.myneta.info/TamilNadu2026/candidate.php?candidate_id=2307,MADURAI NORTH,IND,0,10th Pass,"Rs 57,99,550 ~ 57 Lacs+","Rs 33,50,000 ~ 33 Lacs+"
518,3467,C.Thiyagarajan,https://www.myneta.info/TamilNadu2026/candidate.php?candidate_id=3467,ERODE (EAST),IND,0,Post Graduate,"Rs 3,54,72,966 ~ 3 Crore+",Rs 0 ~
519,354,C.Vijayalakshmi,https://www.myneta.info/TamilNadu2026/candidate.php?candidate_id=354,KUMARAPALAYAM,Tamilaga Vettri Kazhagam,0,12th Pass,https://myneta.info/image_v2.php?myneta_folder=TamilNadu2026&candidate_id=354&col=ta,https://myneta.info/image_v2.php?myneta_folder=TamilNadu2026&candidate_id=354&col=lia
520,2583,C.Vimalraj,https://www.myneta.info/TamilNadu2026/candidate.php?candidate_id=2583,CHENGALPATTU,IND,0,Post Graduate,"Rs 6,63,600 ~ 6 Lacs+","Rs 3,59,201 ~ 3 Lacs+"
521,517,Chandaran. A,https://www.myneta.info/TamilNadu2026/candidate.php?candidate_id=517,TINDIVANAM (SC),IND,0,Graduate Professional,"Rs 8,92,000 ~ 8 Lacs+","Rs 1,10,000 ~ 1 Lacs+"
522,3673,Chandra Mouliswaran A,https://www.myneta.info/TamilNadu2026/candidate.php?candidate_id=3673,MADURAI EAST,IND,0,Graduate,https://myneta.info/image_v2.php?myneta_folder=TamilNadu2026&candidate_id=3673&col=ta,https://myneta.info/image_v2.php?myneta_folder=TamilNadu2026&candidate_id=3673&col=lia
523,3706,Chandra P,https://www.myneta.info/TamilNadu2026/candidate.php?candidate_id=3706,NAMAKKAL,IND,0,10th Pass,"Rs 64,74,050 ~ 64 Lacs+","Rs 23,00,000 ~ 23 Lacs+"
524,98,Chandra Prabha Jeyapal,https://www.myneta.info/TamilNadu2026/candidate.php?candidate_id=98,MUDUKULATHUR,Naam Tamilar Katchi,0,Post Graduate,"Rs 52,10,632 ~ 52 Lacs+",Rs 0 ~
525,3987,Chandra Sekar.K,https://www.myneta.info/TamilNadu2026/candidate.php?candidate_id=3987,VIRUGAMPAKKAM,IND,0,12th Pass,https://myneta.info/image_v2.php?myneta_folder=TamilNadu2026&candidate_id=3987&col=ta,https://myneta.info/image_v2.php?myneta_folder=TamilNadu2026&candidate_id=3987&col=lia
526,3302,Chandra.M,https://www.myneta.info/TamilNadu2026/candidate.php?candidate_id=3302,SRIVILLIPUTHUR (SC),All India Puratchi Thalaivar Makkal Munnettra Kazhagam,0,Others,"Rs 1,15,20,000 ~ 1 Crore+","Rs 23,00,000 ~ 23 Lacs+"
527,3999,Chandrajothi. M,https://www.myneta.info/TamilNadu2026/candidate.php?candidate_id=3999,VIRALIMALAI,IND,0,Graduate Professional,"Rs 12,15,000 ~ 12 Lacs+",Rs 0 ~
528,1478,Chandrakumar. P,https://www.myneta.info/TamilNadu2026/candidate.php?candidate_id=1478,PERAMBALUR (SC),IND,0,Graduate Professional,https://myneta.info/image_v2.php?myneta_folder=TamilNadu2026&candidate_id=1478&col=ta,https://myneta.info/image_v2.php?myneta_folder=TamilNadu2026&candidate_id=1478&col=lia
529,350,Chandramohan.K.M.,https://www.myneta.info/TamilNadu2026/candidate.php?candidate_id=350,KRISHNAGIRI,IND,1,8th Pass,"Rs 11,15,852 ~ 11 Lacs+",Rs 0 ~
530,198,Chandran .S.S,https://www.myneta.info/TamilNadu2026/candidate.php?candidate_id=198,TIRUTTANI,Naam Tamilar Katchi,0,Graduate,"Rs 78,01,169 ~ 78 Lacs+","Rs 19,00,000 ~ 19 Lacs+"
531,1252,Chandraprabha.M,https://www.myneta.info/TamilNadu2026/candidate.php?candidate_id=1252,SRIVILLIPUTHUR (SC),AIADMK,0,Post Graduate,https://myneta.info/image_v2.php?myneta_folder=TamilNadu2026&candidate_id=1252&col=ta,https://myneta.info/image_v2.php?myneta_folder=TamilNadu2026&candidate_id=1252&col=lia
532,2011,Chandrasekar,https://www.myneta.info/TamilNadu2026/candidate.php?candidate_id=2011,DR.RADHAKRISHNAN NAGAR,Tamizhaga Murpokku Makkal Katchi,0,Illiterate,"Rs 1,48,76,000 ~ 1 Crore+","Rs 1,30,000 ~ 1 Lacs+"
533,918,Chandrasekar. K.A,https://www.myneta.info/TamilNadu2026/candidate.php?candidate_id=918,BHAVANI,DMK,0,12th Pass,"Rs 7,28,05,999 ~ 7 Crore+","Rs 1,98,22,580 ~ 1 Crore+"
534,3636,Chandrasekar. P,https://www.myneta.info/TamilNadu2026/candidate.php?candidate_id=3636,KUNNAM,IND,0,Post Graduate,https://myneta.info/image_v2.php?myneta_folder=TamilNadu2026&candidate_id=3636&col=ta,https://myneta.info/image_v2.php?myneta_folder=TamilNadu2026&candidate_id=3636&col=lia
535,3604,Chandrasekar.P,https://www.myneta.info/TamilNadu2026/candidate.php?candidate_id=3604,KULITHALAI,IND,0,Graduate Professional,"Rs 30,27,000 ~ 30 Lacs+",Rs 0 ~
536,1671,Chandrasekaran,https://www.myneta.info/TamilNadu2026/candidate.php?candidate_id=1671,SHOLINGANALLUR,IND,0,Graduate Professional,"Rs 1,08,100 ~ 1 Lacs+",Rs 0 ~
537,1085,Chandrasekaran B,https://www.myneta.info/TamilNadu2026/candidate.php?candidate_id=1085,GINGEE,Tamilaga Vettri Kazhagam,1,Graduate Professional,https://myneta.info/image_v2.php?myneta_folder=TamilNadu2026&candidate_id=1085&col=ta,https://myneta.info/image_v2.php?myneta_folder=TamilNadu2026&candidate_id=1085&col=lia
538,1267,Chandrasekaran Govi,https://www.myneta.info/TamilNadu2026/candidate.php?candidate_id=1267,THIRUVARUR,BJP,17,10th Pass,"Rs 4,27,42,766 ~ 4 Crore+","Rs 38,30,000 ~ 38 Lacs+"
539,2841,Chandrasekaran. M,https://www.myneta.info/TamilNadu2026/candidate.php?candidate_id=2841,CHEYYAR,All India Jananayaka Makkal Kazhagam,0,8th Pass,"Rs 6,64,000 ~ 6 Lacs+",Rs 0 ~
540,2202,Chandrasekaran.G,https://www.myneta.info/TamilNadu2026/candidate.php?candidate_id=2202,SALEM (WEST),IND,0,10th Pass,https://myneta.info/image_v2.php?myneta_folder=TamilNadu2026&candidate_id=2202&col=ta,https://myneta.info/image_v2.php?myneta_folder=TamilNadu2026&candidate_id=2202&col=lia
541,1777,Chandrasekaran.S,https://www.myneta.info/TamilNadu2026/candidate.php?candidate_id=1777,BODINAYAKKANUR,IND,0,12th Pass,"Rs 14,45,025 ~ 14 Lacs+",Rs 0 ~
542,2980,Chanthirasekar S.,https://www.myneta.info/TamilNadu2026/candidate.php?candidate_id=2980,JAYANKONDAM,IND,0,Illiterate,"Rs 2,41,612 ~ 2 Lacs+",Rs 0 ~
543,1451,Charavanan M.P,https://www.myneta.info/TamilNadu2026/candidate.php?candidate_id=1451,VILLIVAKKAM,IND,0,Graduate,https://myneta.info/image_v2.php?myneta_folder=TamilNadu2026&candidate_id=1451&col=ta,https://myneta.info/image_v2.php?myneta_folder=TamilNadu2026&candidate_id=1451&col=lia
544,1710,Charles. S,https://www.myneta.info/TamilNadu2026/candidate.php?candidate_id=1710,THIRUVERUMBUR,IND,0,12th Pass,"Rs 78,80,300 ~ 78 Lacs+",Rs 0 ~
545,2698,Chelladurai. M,https://www.myneta.info/TamilNadu2026/candidate.php?candidate_id=2698,KRISHNARAYAPURAM (SC),IND,0,Others,"Rs 1,33,47,000 ~ 1 Crore+","Rs 53,18,000 ~ 53 Lacs+"
546,2311,Chelladurai. R,https://www.myneta.info/TamilNadu2026/candidate.php?candidate_id=2311,THIRUPARANKUNDRAM,Naam Indiar Party,0,5th Pass,https://myneta.info/image_v2.php?myneta_folder=TamilNadu2026&candidate_id=2311&col=ta,https://myneta.info/image_v2.php?myneta_folder=TamilNadu2026&candidate_id=2311&col=lia
547,1179,Chellakumar.A,https://www.myneta.info/TamilNadu2026/candidate.php?candidate_id=1179,KRISHNAGIRI,INC,4,Graduate Professional,"Rs 14,99,60,986 ~ 14 Crore+","Rs 5,13,72,467 ~ 5 Crore+"
548,2266,Chellam.K,https://www.myneta.info/TamilNadu2026/candidate.php?candidate_id=2266,NILAKKOTTAI (SC),IND,0,Illiterate,"Rs 15,65,000 ~ 15 Lacs+",Rs 0 ~
549,3751,Chellamuthu. K,https://www.myneta.info/TamilNadu2026/candidate.php?candidate_id=3751,ODDANCHATRAM,IND,0,Graduate,https://myneta.info/image_v2.php?myneta_folder=TamilNadu2026&candidate_id=3751&col=ta,https://myneta.info/image_v2.php?myneta_folder=TamilNadu2026&candidate_id=3751&col=lia
550,1274,Chellapandian S.T.,https://www.myneta.info/TamilNadu2026/candidate.php?candidate_id=1274,THOOTHUKUDI,AIADMK,3,Post Graduate,"Rs 22,17,78,701 ~ 22 Crore+","Rs 3,61,24,707 ~ 3 Crore+"
551,1325,Chellapandiyan. K.K,https://www.myneta.info/TamilNadu2026/candidate.php?candidate_id=1325,VIRALIMALAI,DMK,7,Post Graduate,"Rs 1,87,67,120 ~ 1 Crore+","Rs 5,47,471 ~ 5 Lacs+"
552,1024,Chellapandiyan.S,https://www.myneta.info/TamilNadu2026/candidate.php?candidate_id=1024,ANDIPATTI,All India Puratchi Thalaivar Makkal Munnettra Kazhagam,0,Post Graduate,https://myneta.info/image_v2.php?myneta_folder=TamilNadu2026&candidate_id=1024&col=ta,https://myneta.info/image_v2.php?myneta_folder=TamilNadu2026&candidate_id=1024&col=lia
553,934,Chellaswamy. R,https://www.myneta.info/TamilNadu2026/candidate.php?candidate_id=934,PADMANABHAPURAM,CPI(M),1,Graduate,"Rs 77,99,363 ~ 77 Lacs+","Rs 13,01,200 ~ 13 Lacs+"
554,511,Chendur Maharajan,https://www.myneta.info/TamilNadu2026/candidate.php?candidate_id=511,TIRUNELVELI,Puthiya Makkal Tamil Desam Katchi,10,8th Pass,"Rs 77,37,000 ~ 77 Lacs+","Rs 12,43,000 ~ 12 Lacs+"
555,3517,Chenna Kesavan C,https://www.myneta.info/TamilNadu2026/candidate.php?candidate_id=3517,JOLARPET,IND,0,Post Graduate,https://myneta.info/image_v2.php?myneta_folder=TamilNadu2026&candidate_id=3517&col=ta,https://myneta.info/image_v2.php?myneta_folder=TamilNadu2026&candidate_id=3517&col=lia
556,3938,Chenna Kesavan.P,https://www.myneta.info/TamilNadu2026/candidate.php?candidate_id=3938,TIRUCHULI,IND,0,5th Pass,"Rs 2,16,691 ~ 2 Lacs+","Rs 6,723 ~ 6 Thou+"
557,1917,Chennakrishnan. V,https://www.myneta.info/TamilNadu2026/candidate.php?candidate_id=1917,PAPPIREDDIPATTI,All India Puratchi Thalaivar Makkal Munnettra Kazhagam,0,12th Pass,"Rs 1,12,69,258 ~ 1 Crore+","Rs 1,50,000 ~ 1 Lacs+"
558,3516,Chenrayan A,https://www.myneta.info/TamilNadu2026/candidate.php?candidate_id=3516,JOLARPET,IND,0,10th Pass,https://myneta.info/image_v2.php?myneta_folder=TamilNadu2026&candidate_id=3516&col=ta,https://myneta.info/image_v2.php?myneta_folder=TamilNadu2026&candidate_id=3516&col=lia
559,1228,Chezhiyan P,https://www.myneta.info/TamilNadu2026/candidate.php?candidate_id=1228,RISHIVANDIYAM,Pattali Makkal Katchi,1,10th Pass,"Rs 7,34,45,788 ~ 7 Crore+",Rs 0 ~
560,3062,Chezhiyan.G,https://www.myneta.info/TamilNadu2026/candidate.php?candidate_id=3062,NEYVELI,IND,0,Post Graduate,"Rs 7,07,718 ~ 7 Lacs+",Rs 0 ~
561,2765,Chidambaram. A,https://www.myneta.info/TamilNadu2026/candidate.php?candidate_id=2765,METTUR,IND,0,Others,https://myneta.info/image_v2.php?myneta_folder=TamilNadu2026&candidate_id=2765&col=ta,https://myneta.info/image_v2.php?myneta_folder=TamilNadu2026&candidate_id=2765&col=lia
562,3582,Chinna Maharaja.K,https://www.myneta.info/TamilNadu2026/candidate.php?candidate_id=3582,KOVILPATTI,IND,1,Literate,"Rs 72,19,912 ~ 72 Lacs+","Rs 27,35,410 ~ 27 Lacs+"
563,636,Chinnadurai Alias Dimitro S,https://www.myneta.info/TamilNadu2026/candidate.php?candidate_id=636,SIVAKASI,CPI(ML)(L),0,10th Pass,"Rs 10,47,000 ~ 10 Lacs+","Rs 26,03,587 ~ 26 Lacs+"
564,443,Chinnadurai S.,https://www.myneta.info/TamilNadu2026/candidate.php?candidate_id=443,JAYANKONDAM,BSP,0,12th Pass,https://myneta.info/image_v2.php?myneta_folder=TamilNadu2026&candidate_id=443&col=ta,https://myneta.info/image_v2.php?myneta_folder=TamilNadu2026&candidate_id=443&col=lia
565,1372,Chinnadurai. K,https://www.myneta.info/TamilNadu2026/candidate.php?candidate_id=1372,GANGAVALLI (SC),DMK,0,Graduate Professional,"Rs 2,62,73,111 ~ 2 Crore+","Rs 57,53,500 ~ 57 Lacs+"
566,2517,Chinnaiyan Poosari,https://www.myneta.info/TamilNadu2026/candidate.php?candidate_id=2517,TIRUCHIRAPPALLI (WEST),BSP,0,8th Pass,"Rs 18,400 ~ 18 Thou+",Rs 0 ~
567,3318,Chinnasamy. G,https://www.myneta.info/TamilNadu2026/candidate.php?candidate_id=3318,ARUPPUKOTTAI,IND,0,5th Pass,https://myneta.info/image_v2.php?myneta_folder=TamilNadu2026&candidate_id=3318&col=ta,https://myneta.info/image_v2.php?myneta_folder=TamilNadu2026&candidate_id=3318&col=lia
568,3760,Chinnasamy. N.,https://www.myneta.info/TamilNadu2026/candidate.php?candidate_id=3760,PALACODE,IND,2,12th Pass,"Rs 52,33,800 ~ 52 Lacs+","Rs 11,00,000 ~ 11 Lacs+"
569,1921,Chinnasamy. P,https://www.myneta.info/TamilNadu2026/candidate.php?candidate_id=1921,PAPPIREDDIPATTI,IND,0,Others,"Rs 2,33,500 ~ 2 Lacs+",Rs 0 ~
570,3226,Chinnasamy.V,https://www.myneta.info/TamilNadu2026/candidate.php?candidate_id=3226,AVANASHI (SC),Tamizhaga Vaazhvurimai Katchi,0,8th Pass,https://myneta.info/image_v2.php?myneta_folder=TamilNadu2026&candidate_id=3226&col=ta,https://myneta.info/image_v2.php?myneta_folder=TamilNadu2026&candidate_id=3226&col=lia
571,2104,Chinnathambi K,https://www.myneta.info/TamilNadu2026/candidate.php?candidate_id=2104,TIRUCHENGODU,Republican Party of India (Athawale),0,Literate,"Rs 23,51,000 ~ 23 Lacs+",Rs 0 ~
572,2359,Chinnathambi.P,https://www.myneta.info/TamilNadu2026/candidate.php?candidate_id=2359,THIRUMAYAM,IND,0,8th Pass,"Rs 35,87,360 ~ 35 Lacs+","Rs 8,50,000 ~ 8 Lacs+"
573,980,Chinthamani.C,https://www.myneta.info/TamilNadu2026/candidate.php?candidate_id=980,THIRUMAYAM,Tamilaga Vettri Kazhagam,0,Post Graduate,https://myneta.info/image_v2.php?myneta_folder=TamilNadu2026&candidate_id=980&col=ta,https://myneta.info/image_v2.php?myneta_folder=TamilNadu2026&candidate_id=980&col=lia
574,3717,Chithirai Selvan,https://www.myneta.info/TamilNadu2026/candidate.php?candidate_id=3717,NANGUNERI,Tamizhaga Vaazhvurimai Katchi,0,Graduate Professional,"Rs 54,10,592 ~ 54 Lacs+","Rs 5,30,000 ~ 5 Lacs+"
575,3132,Christ Miller. S,https://www.myneta.info/TamilNadu2026/candidate.php?candidate_id=3132,COLACHAL,All India Puratchi Thalaivar Makkal Munnettra Kazhagam,1,Post Graduate,"Rs 2,94,47,777 ~ 2 Crore+","Rs 5,62,370 ~ 5 Lacs+"
576,2287,Cittibabu.R,https://www.myneta.info/TamilNadu2026/candidate.php?candidate_id=2287,UTHIRAMERUR,IND,0,8th Pass,https://myneta.info/image_v2.php?myneta_folder=TamilNadu2026&candidate_id=2287&col=ta,https://myneta.info/image_v2.php?myneta_folder=TamilNadu2026&candidate_id=2287&col=lia
577,1590,D Dhilipkumar,https://www.myneta.info/TamilNadu2026/candidate.php?candidate_id=1590,CHENGAM (SC),IND,0,Others,"Rs 21,75,000 ~ 21 Lacs+",Rs 0 ~
578,3485,D Kabilan,https://www.myneta.info/TamilNadu2026/candidate.php?candidate_id=3485,HARBOUR,IND,0,Graduate Professional,"Rs 4,40,000 ~ 4 Lacs+",Rs 0 ~
579,2015,D. Ajith Kumar,https://www.myneta.info/TamilNadu2026/candidate.php?candidate_id=2015,DR.RADHAKRISHNAN NAGAR,IND,0,Graduate Professional,https://myneta.info/image_v2.php?myneta_folder=TamilNadu2026&candidate_id=2015&col=ta,https://myneta.info/image_v2.php?myneta_folder=TamilNadu2026&candidate_id=2015&col=lia
580,2829,D. Anandan,https://www.myneta.info/TamilNadu2026/candidate.php?candidate_id=2829,MADHURAVOYAL,IND,0,Graduate,"Rs 97,43,699 ~ 97 Lacs+",Rs 0 ~
581,3425,D. Govindarajan,https://www.myneta.info/TamilNadu2026/candidate.php?candidate_id=3425,BARGUR,IND,1,10th Pass,"Rs 3,61,31,044 ~ 3 Crore+","Rs 37,13,920 ~ 37 Lacs+"
582,2042,D. Janarthanan,https://www.myneta.info/TamilNadu2026/candidate.php?candidate_id=2042,DR.RADHAKRISHNAN NAGAR,IND,0,Others,https://myneta.info/image_v2.php?myneta_folder=TamilNadu2026&candidate_id=2042&col=ta,https://myneta.info/image_v2.php?myneta_folder=TamilNadu2026&candidate_id=2042&col=lia
583,330,D. Jayakumar,https://www.myneta.info/TamilNadu2026/candidate.php?candidate_id=330,ROYAPURAM,AIADMK,2,Graduate Professional,"Rs 5,33,11,296 ~ 5 Crore+","Rs 32,34,209 ~ 32 Lacs+"
584,1557,D. Jayakumar,https://www.myneta.info/TamilNadu2026/candidate.php?candidate_id=1557,ROYAPURAM,IND,0,Post Graduate,"Rs 7,34,319 ~ 7 Lacs+","Rs 73,90,000 ~ 73 Lacs+"
585,1427,D. Jeyaganesh,https://www.myneta.info/TamilNadu2026/candidate.php?candidate_id=1427,AMBATTUR,Naam Indiar Party,0,10th Pass,https://myneta.info/image_v2.php?myneta_folder=TamilNadu2026&candidate_id=1427&col=ta,https://myneta.info/image_v2.php?myneta_folder=TamilNadu2026&candidate_id=1427&col=lia
586,1698,D. Kumaran,https://www.myneta.info/TamilNadu2026/candidate.php?candidate_id=1698,THANJAVUR,IND,0,8th Pass,"Rs 60,787 ~ 60 Thou+","Rs 20,000 ~ 20 Thou+"
587,245,D. Mathiazhagan,https://www.myneta.info/TamilNadu2026/candidate.php?candidate_id=245,BARGUR,DMK,0,Graduate,"Rs 3,04,03,21,438 ~ 304 Crore+","Rs 56,20,23,954 ~ 56 Crore+"
588,3082,D. Nagaraj,https://www.myneta.info/TamilNadu2026/candidate.php?candidate_id=3082,ATHOOR,IND,0,Illiterate,https://myneta.info/image_v2.php?myneta_folder=TamilNadu2026&candidate_id=3082&col=ta,https://myneta.info/image_v2.php?myneta_folder=TamilNadu2026&candidate_id=3082&col=lia
589,2891,D. Panneerselvam,https://www.myneta.info/TamilNadu2026/candidate.php?candidate_id=2891,THIRUPORUR,IND,0,8th Pass,"Rs 33,41,500 ~ 33 Lacs+",Rs 0 ~
590,1435,D. Pushpa,https://www.myneta.info/TamilNadu2026/candidate.php?candidate_id=1435,AMBATTUR,IND,0,5th Pass,"Rs 25,92,681 ~ 25 Lacs+",Rs 0 ~
591,3792,D. Ramesh,https://www.myneta.info/TamilNadu2026/candidate.php?candidate_id=3792,PUDUKKOTTAI,IND,0,Graduate Professional,https://myneta.info/image_v2.php?myneta_folder=TamilNadu2026&candidate_id=3792&col=ta,https://myneta.info/image_v2.php?myneta_folder=TamilNadu2026&candidate_id=3792&col=lia
592,334,D. Ramu,https://www.myneta.info/TamilNadu2026/candidate.php?candidate_id=334,KATPADI,IND,0,Others,"Rs 14,79,042 ~ 14 Lacs+","Rs 3,80,922 ~ 3 Lacs+"
593,657,D. Sankar,https://www.myneta.info/TamilNadu2026/candidate.php?candidate_id=657,ATHOOR,Naadaalum Makkal Katchi,0,10th Pass,"Rs 15,09,671 ~ 15 Lacs+",Rs 0 ~
594,2988,D. Sathish Kumar,https://www.myneta.info/TamilNadu2026/candidate.php?candidate_id=2988,THIRU-VI-KA-NAGAR (SC),IND,0,10th Pass,https://myneta.info/image_v2.php?myneta_folder=TamilNadu2026&candidate_id=2988&col=ta,https://myneta.info/image_v2.php?myneta_folder=TamilNadu2026&candidate_id=2988&col=lia
595,3420,D. Sivasankaran,https://www.myneta.info/TamilNadu2026/candidate.php?candidate_id=3420,BARGUR,BSP,0,10th Pass,"Rs 39,68,300 ~ 39 Lacs+",Rs 0 ~
596,1673,D. Srinivasan,https://www.myneta.info/TamilNadu2026/candidate.php?candidate_id=1673,SHOLINGANALLUR,IND,0,12th Pass,"Rs 26,751 ~ 26 Thou+",Rs 0 ~
597,2623,D. Thirunavukkarasar,https://www.myneta.info/TamilNadu2026/candidate.php?candidate_id=2623,EGMORE (SC),Tamizhaga Vaazhvurimai Katchi,0,10th Pass,https://myneta.info/image_v2.php?myneta_folder=TamilNadu2026&candidate_id=2623&col=ta,https://myneta.info/image_v2.php?myneta_folder=TamilNadu2026&candidate_id=2623&col=lia
598,2420,D. Vidhyasagar,https://www.myneta.info/TamilNadu2026/candidate.php?candidate_id=2420,COONOOR,IND,0,Graduate,"Rs 3,67,000 ~ 3 Lacs+","Rs 9,86,400 ~ 9 Lacs+"
599,2079,D. Vigneshwaran,https://www.myneta.info/TamilNadu2026/candidate.php?candidate_id=2079,COIMBATORE (SOUTH),IND,0,Graduate Professional,"Rs 19,62,706 ~ 19 Lacs+",Rs 0 ~
600,1129,D.Chandrakandeeban,https://www.myneta.info/TamilNadu2026/candidate.php?candidate_id=1129,PERAVURANI,Tamilaga Vettri Kazhagam,4,10th Pass,https://myneta.info/image_v2.php?myneta_folder=TamilNadu2026&candidate_id=1129&col=ta,https://myneta.info/image_v2.php?myneta_folder=TamilNadu2026&candidate_id=1129&col=lia
601,2430,D.Dinesh,https://www.myneta.info/TamilNadu2026/candidate.php?candidate_id=2430,GUMMIDIPOONDI,IND,0,Graduate Professional,"Rs 2,73,99,729 ~ 2 Crore+","Rs 1,21,54,977 ~ 1 Crore+"
602,1437,D.K.Meshack Kirubakaran,https://www.myneta.info/TamilNadu2026/candidate.php?candidate_id=1437,AMBATTUR,IND,0,Graduate,"Rs 1,07,058 ~ 1 Lacs+",Rs 0 ~
603,108,D.Kailai Rajan,https://www.myneta.info/TamilNadu2026/candidate.php?candidate_id=108,NILAKKOTTAI (SC),Naam Tamilar Katchi,0,Post Graduate,https://myneta.info/image_v2.php?myneta_folder=TamilNadu2026&candidate_id=108&col=ta,https://myneta.info/image_v2.php?myneta_folder=TamilNadu2026&candidate_id=108&col=lia
604,2010,D.Karthikeyan,https://www.myneta.info/TamilNadu2026/candidate.php?candidate_id=2010,DR.RADHAKRISHNAN NAGAR,Samata Party,0,Graduate,"Rs 5,35,000 ~ 5 Lacs+",Rs 0 ~
605,1289,D.Krishnamurthy,https://www.myneta.info/TamilNadu2026/candidate.php?candidate_id=1289,TIRUTTANI,Desiya Murpokku Dravida Kazhagam,2,10th Pass,"Rs 6,04,75,999 ~ 6 Crore+","Rs 3,13,95,804 ~ 3 Crore+"
606,2308,D.Mohamed Ismail,https://www.myneta.info/TamilNadu2026/candidate.php?candidate_id=2308,MADURAI NORTH,IND,0,5th Pass,https://myneta.info/image_v2.php?myneta_folder=TamilNadu2026&candidate_id=2308&col=ta,https://myneta.info/image_v2.php?myneta_folder=TamilNadu2026&candidate_id=2308&col=lia
607,756,D.Murugesan,https://www.myneta.info/TamilNadu2026/candidate.php?candidate_id=756,PALLAVARAM,Desiya Murpokku Dravida Kazhagam,0,8th Pass,"Rs 1,19,06,000 ~ 1 Crore+",Rs 0 ~
608,2028,D.Prabhu,https://www.myneta.info/TamilNadu2026/candidate.php?candidate_id=2028,DR.RADHAKRISHNAN NAGAR,IND,0,Graduate Professional,"Rs 14,40,018 ~ 14 Lacs+",Rs 0 ~
609,3117,D.Purushothaman,https://www.myneta.info/TamilNadu2026/candidate.php?candidate_id=3117,SRIPERUMBUDUR (SC),All India Puratchi Thalaivar Makkal Munnettra Kazhagam,0,Graduate,https://myneta.info/image_v2.php?myneta_folder=TamilNadu2026&candidate_id=3117&col=ta,https://myneta.info/image_v2.php?myneta_folder=TamilNadu2026&candidate_id=3117&col=lia
610,1516,D.Pushparaj,https://www.myneta.info/TamilNadu2026/candidate.php?candidate_id=1516,ALANGUDI,All India Puratchi Thalaivar Makkal Munnettra Kazhagam,1,10th Pass,"Rs 27,30,524 ~ 27 Lacs+","Rs 1,80,557 ~ 1 Lacs+"
611,3216,D.Santhiyagappar Antony,https://www.myneta.info/TamilNadu2026/candidate.php?candidate_id=3216,PALAYAMKOTTAI,IND,0,10th Pass,"Rs 73,000 ~ 73 Thou+",Rs 0 ~
612,503,D.Sarathkumar,https://www.myneta.info/TamilNadu2026/candidate.php?candidate_id=503,TAMBARAM,Tamilaga Vettri Kazhagam,1,Graduate,https://myneta.info/image_v2.php?myneta_folder=TamilNadu2026&candidate_id=503&col=ta,https://myneta.info/image_v2.php?myneta_folder=TamilNadu2026&candidate_id=503&col=lia
613,1505,D.Saravanan,https://www.myneta.info/TamilNadu2026/candidate.php?candidate_id=1505,ALANDUR,IND,0,10th Pass,"Rs 65,293 ~ 65 Thou+",Rs 0 ~
614,3605,D.Saravanan,https://www.myneta.info/TamilNadu2026/candidate.php?candidate_id=3605,KULITHALAI,IND,0,Graduate Professional,"Rs 59,67,000 ~ 59 Lacs+","Rs 9,12,000 ~ 9 Lacs+"
615,1928,D.Shanmugan,https://www.myneta.info/TamilNadu2026/candidate.php?candidate_id=1928,MODAKKURICHI,Tamilaga Vettri Kazhagam,0,Graduate Professional,https://myneta.info/image_v2.php?myneta_folder=TamilNadu2026&candidate_id=1928&col=ta,https://myneta.info/image_v2.php?myneta_folder=TamilNadu2026&candidate_id=1928&col=lia
616,2428,D.Sudhakar,https://www.myneta.info/TamilNadu2026/candidate.php?candidate_id=2428,GUMMIDIPOONDI,IND,0,5th Pass,"Rs 8,28,670 ~ 8 Lacs+","Rs 5,00,000 ~ 5 Lacs+"
617,1977,D.V. Venugopal,https://www.myneta.info/TamilNadu2026/candidate.php?candidate_id=1977,PERAMBUR,Tamizhaga Vaazhvurimai Katchi,3,10th Pass,"Rs 2,41,96,888 ~ 2 Crore+",Rs 0 ~
618,842,D.Velazhagan,https://www.myneta.info/TamilNadu2026/candidate.php?candidate_id=842,ANAIKATTU,AIADMK,2,10th Pass,https://myneta.info/image_v2.php?myneta_folder=TamilNadu2026&candidate_id=842&col=ta,https://myneta.info/image_v2.php?myneta_folder=TamilNadu2026&candidate_id=842&col=lia
619,1137,Damodaran S,https://www.myneta.info/TamilNadu2026/candidate.php?candidate_id=1137,KINATHUKADAVU,AIADMK,8,10th Pass,"Rs 6,81,42,601 ~ 6 Crore+",Rs 0 ~
620,3805,Daniel.A,https://www.myneta.info/TamilNadu2026/candidate.php?candidate_id=3805,RADHAPURAM,IND,0,8th Pass,"Rs 23,23,000 ~ 23 Lacs+",Rs 0 ~
621,4091,Daniya. P,https://www.myneta.info/TamilNadu2026/candidate.php?candidate_id=4091,KARUR,IND,0,Graduate Professional,https://myneta.info/image_v2.php?myneta_folder=TamilNadu2026&candidate_id=4091&col=ta,https://myneta.info/image_v2.php?myneta_folder=TamilNadu2026&candidate_id=4091&col=lia
622,3142,David T,https://www.myneta.info/TamilNadu2026/candidate.php?candidate_id=3142,VILAVANCODE,IND,0,Post Graduate,"Rs 36,28,696 ~ 36 Lacs+",Rs 0 ~
623,2095,Deepa.G.S,https://www.myneta.info/TamilNadu2026/candidate.php?candidate_id=2095,THONDAMUTHUR,IND,0,12th Pass,"Rs 5,26,000 ~ 5 Lacs+",Rs 0 ~
624,4020,Deepak Ravi,https://www.myneta.info/TamilNadu2026/candidate.php?candidate_id=4020,VELACHERY,IND,0,Graduate,https://myneta.info/image_v2.php?myneta_folder=TamilNadu2026&candidate_id=4020&col=ta,https://myneta.info/image_v2.php?myneta_folder=TamilNadu2026&candidate_id=4020&col=lia
625,1019,Deepak Sai Kishore.A,https://www.myneta.info/TamilNadu2026/candidate.php?candidate_id=1019,GUDALUR (SC),Tamilaga Vettri Kazhagam,0,Post Graduate,"Rs 1,12,51,412 ~ 1 Crore+","Rs 2,39,000 ~ 2 Lacs+"
626,1712,Deepak. P,https://www.myneta.info/TamilNadu2026/candidate.php?candidate_id=1712,THIRUVERUMBUR,IND,0,Post Graduate,"Rs 35,58,500 ~ 35 Lacs+",Rs 0 ~
627,2114,Deepakrajan V,https://www.myneta.info/TamilNadu2026/candidate.php?candidate_id=2114,TIRUCHENGODU,IND,0,Graduate Professional,https://myneta.info/image_v2.php?myneta_folder=TamilNadu2026&candidate_id=2114&col=ta,https://myneta.info/image_v2.php?myneta_folder=TamilNadu2026&candidate_id=2114&col=lia
628,1911,Deiveegadass.M,https://www.myneta.info/TamilNadu2026/candidate.php?candidate_id=1911,VRIDHACHALAM,IND,0,10th Pass,"Rs 6,33,000 ~ 6 Lacs+","Rs 4,45,000 ~ 4 Lacs+"
629,389,Deiveegan. P,https://www.myneta.info/TamilNadu2026/candidate.php?candidate_id=389,KALASAPAKKAM,IND,0,12th Pass,"Rs 78,12,666 ~ 78 Lacs+","Rs 9,66,700 ~ 9 Lacs+"
630,3733,Dev.P.Jegadeesan,https://www.myneta.info/TamilNadu2026/candidate.php?candidate_id=3733,NANGUNERI,IND,0,Graduate Professional,https://myneta.info/image_v2.php?myneta_folder=TamilNadu2026&candidate_id=3733&col=ta,https://myneta.info/image_v2.php?myneta_folder=TamilNadu2026&candidate_id=3733&col=lia
631,2096,Devadass.K,https://www.myneta.info/TamilNadu2026/candidate.php?candidate_id=2096,THONDAMUTHUR,IND,0,12th Pass,"Rs 1,80,533 ~ 1 Lacs+",Rs 0 ~
632,2165,Devakumaran. E,https://www.myneta.info/TamilNadu2026/candidate.php?candidate_id=2165,TINDIVANAM (SC),IND,0,Graduate Professional,"Rs 8,37,000 ~ 8 Lacs+",Rs 0 ~
633,3149,Devappa. Y,https://www.myneta.info/TamilNadu2026/candidate.php?candidate_id=3149,THALLY,IND,0,10th Pass,https://myneta.info/image_v2.php?myneta_folder=TamilNadu2026&candidate_id=3149&col=ta,https://myneta.info/image_v2.php?myneta_folder=TamilNadu2026&candidate_id=3149&col=lia
634,533,Devappa.Y,https://www.myneta.info/TamilNadu2026/candidate.php?candidate_id=533,HOSUR,IND,0,10th Pass,"Rs 64,72,000 ~ 64 Lacs+",Rs 0 ~
635,1455,Devarajan G,https://www.myneta.info/TamilNadu2026/candidate.php?candidate_id=1455,VILLIVAKKAM,IND,0,12th Pass,"Rs 1,77,82,701 ~ 1 Crore+","Rs 1,93,004 ~ 1 Lacs+"
636,2288,Devarajan.C,https://www.myneta.info/TamilNadu2026/candidate.php?candidate_id=2288,UTHIRAMERUR,IND,0,8th Pass,https://myneta.info/image_v2.php?myneta_folder=TamilNadu2026&candidate_id=2288&col=ta,https://myneta.info/image_v2.php?myneta_folder=TamilNadu2026&candidate_id=2288&col=lia
637,572,Devasitham,https://www.myneta.info/TamilNadu2026/candidate.php?candidate_id=572,TIRUVADANAI,IND,0,Graduate Professional,"Rs 96,515 ~ 96 Thou+","Rs 34,58,245 ~ 34 Lacs+"
638,4099,Devastin Augustin. G,https://www.myneta.info/TamilNadu2026/candidate.php?candidate_id=4099,KARUR,IND,0,Graduate,"Rs 17,32,800 ~ 17 Lacs+",Rs 0 ~
639,2781,Devendhiraprabu. M,https://www.myneta.info/TamilNadu2026/candidate.php?candidate_id=2781,VEERAPANDI,IND,0,Graduate,https://myneta.info/image_v2.php?myneta_folder=TamilNadu2026&candidate_id=2781&col=ta,https://myneta.info/image_v2.php?myneta_folder=TamilNadu2026&candidate_id=2781&col=lia
640,3251,Devendiran M,https://www.myneta.info/TamilNadu2026/candidate.php?candidate_id=3251,GINGEE,IND,0,Graduate Professional,"Rs 15,000 ~ 15 Thou+",Rs 0 ~
641,2044,Devendran. R,https://www.myneta.info/TamilNadu2026/candidate.php?candidate_id=2044,MYLAPORE,Tamizhaga Murpokku Makkal Katchi,0,Illiterate,"Rs 30,146 ~ 30 Thou+","Rs 1,10,000 ~ 1 Lacs+"
642,2953,Devendran.J,https://www.myneta.info/TamilNadu2026/candidate.php?candidate_id=2953,VANIYAMBADI,Tamizhaga Vaazhvurimai Katchi,0,Others,https://myneta.info/image_v2.php?myneta_folder=TamilNadu2026&candidate_id=2953&col=ta,https://myneta.info/image_v2.php?myneta_folder=TamilNadu2026&candidate_id=2953&col=lia
643,2289,Deventhiramoorthy.S,https://www.myneta.info/TamilNadu2026/candidate.php?candidate_id=2289,UTHIRAMERUR,IND,1,5th Pass,"Rs 10,17,000 ~ 10 Lacs+",Rs 0 ~
644,3306,Devialakshmi Saranya.K,https://www.myneta.info/TamilNadu2026/candidate.php?candidate_id=3306,SRIVILLIPUTHUR (SC),IND,0,Graduate,"Rs 2,92,000 ~ 2 Lacs+",Rs 0 ~
645,1476,Dhamodharan. S,https://www.myneta.info/TamilNadu2026/candidate.php?candidate_id=1476,PERAMBALUR (SC),Tamizhaga Vaazhvurimai Katchi,0,Post Graduate,https://myneta.info/image_v2.php?myneta_folder=TamilNadu2026&candidate_id=1476&col=ta,https://myneta.info/image_v2.php?myneta_folder=TamilNadu2026&candidate_id=1476&col=lia
646,2647,"Dhamotharan,V.",https://www.myneta.info/TamilNadu2026/candidate.php?candidate_id=2647,METTUPALAYAM,All India Puratchi Thalaivar Makkal Munnettra Kazhagam,0,10th Pass,"Rs 8,73,727 ~ 8 Lacs+","Rs 1,59,763 ~ 1 Lacs+"
647,3413,Dhamotharan. M,https://www.myneta.info/TamilNadu2026/candidate.php?candidate_id=3413,ARANI,IND,0,Graduate,"Rs 56,61,000 ~ 56 Lacs+",Rs 0 ~
648,1414,Dhana Vimal,https://www.myneta.info/TamilNadu2026/candidate.php?candidate_id=1414,ALANGUDI,AIADMK,1,Graduate Professional,https://myneta.info/image_v2.php?myneta_folder=TamilNadu2026&candidate_id=1414&col=ta,https://myneta.info/image_v2.php?myneta_folder=TamilNadu2026&candidate_id=1414&col=lia
649,1745,Dhanabal. D,https://www.myneta.info/TamilNadu2026/candidate.php?candidate_id=1745,TIRUPPUR (SOUTH),IND,0,Graduate,"Rs 7,44,35,254 ~ 7 Crore+","Rs 22,18,504 ~ 22 Lacs+"
650,3397,Dhanabal.C,https://www.myneta.info/TamilNadu2026/candidate.php?candidate_id=3397,ANTHIYUR,IND,0,Post Graduate,"Rs 28,50,000 ~ 28 Lacs+","Rs 9,00,000 ~ 9 Lacs+"
651,665,Dhanabal.R,https://www.myneta.info/TamilNadu2026/candidate.php?candidate_id=665,AVANASHI (SC),IND,0,10th Pass,https://myneta.info/image_v2.php?myneta_folder=TamilNadu2026&candidate_id=665&col=ta,https://myneta.info/image_v2.php?myneta_folder=TamilNadu2026&candidate_id=665&col=lia
652,819,Dhanakesavamoorthy A.C.T,https://www.myneta.info/TamilNadu2026/candidate.php?candidate_id=819,KURINJIPADI,IND,0,Post Graduate,"Rs 45,80,000 ~ 45 Lacs+","Rs 6,00,000 ~ 6 Lacs+"
653,3654,Dhanamoorthy .R,https://www.myneta.info/TamilNadu2026/candidate.php?candidate_id=3654,LALGUDI,IND,0,8th Pass,"Rs 52,21,000 ~ 52 Lacs+","Rs 86,000 ~ 86 Thou+"
654,3549,Dhananchezhiyan,https://www.myneta.info/TamilNadu2026/candidate.php?candidate_id=3549,KATPADI,IND,1,10th Pass,https://myneta.info/image_v2.php?myneta_folder=TamilNadu2026&candidate_id=3549&col=ta,https://myneta.info/image_v2.php?myneta_folder=TamilNadu2026&candidate_id=3549&col=lia
655,2204,Dhanapal,https://www.myneta.info/TamilNadu2026/candidate.php?candidate_id=2204,SALEM (WEST),IND,0,8th Pass,"Rs 15,00,554 ~ 15 Lacs+",Rs 0 ~
656,2105,Dhanapal Subramaniyam,https://www.myneta.info/TamilNadu2026/candidate.php?candidate_id=2105,TIRUCHENGODU,Anaithinthiya Anna Dravida Makkal Seyal katchi,0,Post Graduate,"Rs 10,90,618 ~ 10 Lacs+",Rs 0 ~
657,2747,Dhanapal. S,https://www.myneta.info/TamilNadu2026/candidate.php?candidate_id=2747,GANGAVALLI (SC),IND,0,10th Pass,https://myneta.info/image_v2.php?myneta_folder=TamilNadu2026&candidate_id=2747&col=ta,https://myneta.info/image_v2.php?myneta_folder=TamilNadu2026&candidate_id=2747&col=lia
658,710,Dhanapal.K,https://www.myneta.info/TamilNadu2026/candidate.php?candidate_id=710,GOBICHETTIPALAYAM,IND,0,5th Pass,"Rs 66,19,887 ~ 66 Lacs+","Rs 8,30,000 ~ 8 Lacs+"
659,589,Dhanarasu,https://www.myneta.info/TamilNadu2026/candidate.php?candidate_id=589,GANDARVAKOTTAI (SC),Namadhu Makkal Katchi,0,5th Pass,"Rs 8,10,000 ~ 8 Lacs+",Rs 0 ~
660,2398,Dhanasekar,https://www.myneta.info/TamilNadu2026/candidate.php?candidate_id=2398,THIRUVIDAIMARUDUR (SC),IND,0,Graduate Professional,https://myneta.info/image_v2.php?myneta_folder=TamilNadu2026&candidate_id=2398&col=ta,https://myneta.info/image_v2.php?myneta_folder=TamilNadu2026&candidate_id=2398&col=lia
661,3548,Dhanasekar,https://www.myneta.info/TamilNadu2026/candidate.php?candidate_id=3548,KATPADI,IND,0,10th Pass,"Rs 10,000 ~ 10 Thou+",Rs 0 ~
662,2253,Dhanasekaran. M,https://www.myneta.info/TamilNadu2026/candidate.php?candidate_id=2253,CHIDAMBARAM,All India Puratchi Thalaivar Makkal Munnettra Kazhagam,0,Graduate,"Rs 1,09,92,819 ~ 1 Crore+","Rs 1,98,000 ~ 1 Lacs+"
663,2336,Dhanasekaran. T,https://www.myneta.info/TamilNadu2026/candidate.php?candidate_id=2336,USILAMPATTI,IND,0,12th Pass,https://myneta.info/image_v2.php?myneta_folder=TamilNadu2026&candidate_id=2336&col=ta,https://myneta.info/image_v2.php?myneta_folder=TamilNadu2026&candidate_id=2336&col=lia
664,2141,Dhanasekaran.V,https://www.myneta.info/TamilNadu2026/candidate.php?candidate_id=2141,THOUSAND LIGHTS,IND,0,12th Pass,"Rs 6,25,000 ~ 6 Lacs+",Rs 0 ~
665,3740,Dhandabani K,https://www.myneta.info/TamilNadu2026/candidate.php?candidate_id=3740,NATHAM,IND,0,10th Pass,"Rs 18,96,605 ~ 18 Lacs+","Rs 1,50,000 ~ 1 Lacs+"
666,156,Dharmaraj. M,https://www.myneta.info/TamilNadu2026/candidate.php?candidate_id=156,SRIRANGAM,Naam Tamilar Katchi,0,Post Graduate,https://myneta.info/image_v2.php?myneta_folder=TamilNadu2026&candidate_id=156&col=ta,https://myneta.info/image_v2.php?myneta_folder=TamilNadu2026&candidate_id=156&col=lia
667,3312,Dharmaraj. P,https://www.myneta.info/TamilNadu2026/candidate.php?candidate_id=3312,ARUPPUKOTTAI,All India Puratchi Thalaivar Makkal Munnettra Kazhagam,0,Literate,"Rs 38,15,000 ~ 38 Lacs+","Rs 1,76,912 ~ 1 Lacs+"
668,2443,Dhasarathan.R,https://www.myneta.info/TamilNadu2026/candidate.php?candidate_id=2443,POONAMALLEE (SC),IND,0,5th Pass,"Rs 32,00,930 ~ 32 Lacs+",Rs 0 ~
669,1827,Dhavamani. P,https://www.myneta.info/TamilNadu2026/candidate.php?candidate_id=1827,POLUR,Anti Corruption Dynamic Party,0,12th Pass,https://myneta.info/image_v2.php?myneta_folder=TamilNadu2026&candidate_id=1827&col=ta,https://myneta.info/image_v2.php?myneta_folder=TamilNadu2026&candidate_id=1827&col=lia
670,315,Dhavamani. R,https://www.myneta.info/TamilNadu2026/candidate.php?candidate_id=315,ARANI,Naam Tamilar Katchi,0,Post Graduate,"Rs 15,38,501 ~ 15 Lacs+","Rs 15,47,929 ~ 15 Lacs+"
671,1454,Dhayanidhi D,https://www.myneta.info/TamilNadu2026/candidate.php?candidate_id=1454,VILLIVAKKAM,IND,0,8th Pass,"Rs 3,24,419 ~ 3 Lacs+",Rs 0 ~
672,797,Dherpoki V.Pandi,https://www.myneta.info/TamilNadu2026/candidate.php?candidate_id=797,KARAIKUDI,Amma Makkal Munnettra Kazagam,8,Others,https://myneta.info/image_v2.php?myneta_folder=TamilNadu2026&candidate_id=797&col=ta,https://myneta.info/image_v2.php?myneta_folder=TamilNadu2026&candidate_id=797&col=lia
673,1582,Dhetchna Moorthy. Doctor. S,https://www.myneta.info/TamilNadu2026/candidate.php?candidate_id=1582,ARANTHANGI,IND,0,Graduate Professional,"Rs 59,14,340 ~ 59 Lacs+",Rs 0 ~
674,342,Dhilipkumar.D,https://www.myneta.info/TamilNadu2026/candidate.php?candidate_id=342,KILPENNATHUR,IND,0,Others,"Rs 21,75,000 ~ 21 Lacs+",Rs 0 ~
675,1731,Dhinakaran S.T.R.M.,https://www.myneta.info/TamilNadu2026/candidate.php?candidate_id=1731,THOOTHUKUDI,IND,0,10th Pass,https://myneta.info/image_v2.php?myneta_folder=TamilNadu2026&candidate_id=1731&col=ta,https://myneta.info/image_v2.php?myneta_folder=TamilNadu2026&candidate_id=1731&col=lia
676,2113,Dhinesh Karikalan,https://www.myneta.info/TamilNadu2026/candidate.php?candidate_id=2113,TIRUCHENGODU,IND,0,Graduate Professional,"Rs 57,88,853 ~ 57 Lacs+",Rs 0 ~
677,2276,Dhivakar. A,https://www.myneta.info/TamilNadu2026/candidate.php?candidate_id=2276,VEDASANDUR,IND,0,Graduate,"Rs 11,83,932 ~ 11 Lacs+",Rs 0 ~
678,286,Dhivya,https://www.myneta.info/TamilNadu2026/candidate.php?candidate_id=286,DHARAPURAM (SC),Naam Tamilar Katchi,0,Post Graduate,https://myneta.info/image_v2.php?myneta_folder=TamilNadu2026&candidate_id=286&col=ta,https://myneta.info/image_v2.php?myneta_folder=TamilNadu2026&candidate_id=286&col=lia
679,746,Dhravidamani.M,https://www.myneta.info/TamilNadu2026/candidate.php?candidate_id=746,GUDALUR (SC),DMK,2,Post Graduate,"Rs 2,53,47,248 ~ 2 Crore+","Rs 47,95,348 ~ 47 Lacs+"
680,971,Dilip C S,https://www.myneta.info/TamilNadu2026/candidate.php?candidate_id=971,NAMAKKAL,Tamilaga Vettri Kazhagam,0,Graduate,"Rs 7,81,99,424 ~ 7 Crore+","Rs 2,07,76,616 ~ 2 Crore+"
681,2450,Dilli Kumar. R,https://www.myneta.info/TamilNadu2026/candidate.php?candidate_id=2450,THIRUVOTTIYUR,Democratic National Allegiance,0,10th Pass,https://myneta.info/image_v2.php?myneta_folder=TamilNadu2026&candidate_id=2450&col=ta,https://myneta.info/image_v2.php?myneta_folder=TamilNadu2026&candidate_id=2450&col=lia
682,1813,Dinesh,https://www.myneta.info/TamilNadu2026/candidate.php?candidate_id=1813,NAGERCOIL,IND,0,Graduate,"Rs 11,03,000 ~ 11 Lacs+",Rs 0 ~
683,4097,Dinesh Kumar. K,https://www.myneta.info/TamilNadu2026/candidate.php?candidate_id=4097,KARUR,IND,0,Graduate Professional,"Rs 53,43,465 ~ 53 Lacs+",Rs 0 ~
684,2701,Dinesh Kumar. N,https://www.myneta.info/TamilNadu2026/candidate.php?candidate_id=2701,KRISHNARAYAPURAM (SC),IND,0,Post Graduate,https://myneta.info/image_v2.php?myneta_folder=TamilNadu2026&candidate_id=2701&col=ta,https://myneta.info/image_v2.php?myneta_folder=TamilNadu2026&candidate_id=2701&col=lia
685,2700,Dinesh Kumar.A,https://www.myneta.info/TamilNadu2026/candidate.php?candidate_id=2700,KRISHNARAYAPURAM (SC),IND,0,Graduate Professional,"Rs 13,65,500 ~ 13 Lacs+","Rs 5,46,000 ~ 5 Lacs+"
686,4096,Dinesh. B,https://www.myneta.info/TamilNadu2026/candidate.php?candidate_id=4096,KARUR,IND,0,Others,"Rs 4,04,061 ~ 4 Lacs+",Rs 0 ~
687,1793,Dinesh. K,https://www.myneta.info/TamilNadu2026/candidate.php?candidate_id=1793,KARAIKUDI,IND,0,Others,https://myneta.info/image_v2.php?myneta_folder=TamilNadu2026&candidate_id=1793&col=ta,https://myneta.info/image_v2.php?myneta_folder=TamilNadu2026&candidate_id=1793&col=lia
688,197,Dinesh. P.N,https://www.myneta.info/TamilNadu2026/candidate.php?candidate_id=197,TIRUPPUR (SOUTH),Naam Tamilar Katchi,0,Post Graduate,"Rs 83,61,213 ~ 83 Lacs+","Rs 36,16,500 ~ 36 Lacs+"
689,1747,Dineshkumar S/O Kalimuthu,https://www.myneta.info/TamilNadu2026/candidate.php?candidate_id=1747,TIRUPPUR (SOUTH),IND,0,12th Pass,"Rs 6,82,771 ~ 6 Lacs+",Rs 0 ~
690,1746,Dineshkumar S/O P.Arumugam,https://www.myneta.info/TamilNadu2026/candidate.php?candidate_id=1746,TIRUPPUR (SOUTH),IND,0,10th Pass,https://myneta.info/image_v2.php?myneta_folder=TamilNadu2026&candidate_id=1746&col=ta,https://myneta.info/image_v2.php?myneta_folder=TamilNadu2026&candidate_id=1746&col=lia
691,1287,Dineshkumar. N,https://www.myneta.info/TamilNadu2026/candidate.php?candidate_id=1287,TIRUPPUR (SOUTH),DMK,0,Post Graduate,"Rs 81,14,97,161 ~ 81 Crore+","Rs 8,07,04,823 ~ 8 Crore+"
692,1748,Dineshkumar. V,https://www.myneta.info/TamilNadu2026/candidate.php?candidate_id=1748,TIRUPPUR (SOUTH),IND,0,12th Pass,"Rs 79,79,949 ~ 79 Lacs+","Rs 37,44,880 ~ 37 Lacs+"
693,3990,Dineshkumar.N,https://www.myneta.info/TamilNadu2026/candidate.php?candidate_id=3990,VIRUGAMPAKKAM,IND,0,Graduate Professional,https://myneta.info/image_v2.php?myneta_folder=TamilNadu2026&candidate_id=3990&col=ta,https://myneta.info/image_v2.php?myneta_folder=TamilNadu2026&candidate_id=3990&col=lia
694,1805,Dino T,https://www.myneta.info/TamilNadu2026/candidate.php?candidate_id=1805,NAGERCOIL,Naadaalum Makkal Katchi,3,Post Graduate,"Rs 11,00,000 ~ 11 Lacs+","Rs 30,00,000 ~ 30 Lacs+"
695,1958,Divesh. S,https://www.myneta.info/TamilNadu2026/candidate.php?candidate_id=1958,MANACHANALLUR,IND,0,Post Graduate,"Rs 11,45,000 ~ 11 Lacs+",Rs 0 ~
696,2865,Divya P,https://www.myneta.info/TamilNadu2026/candidate.php?candidate_id=2865,MAILAM,Naam Indiar Party,0,Graduate Professional,https://myneta.info/image_v2.php?myneta_folder=TamilNadu2026&candidate_id=2865&col=ta,https://myneta.info/image_v2.php?myneta_folder=TamilNadu2026&candidate_id=2865&col=lia
697,4019,Diwakar. R,https://www.myneta.info/TamilNadu2026/candidate.php?candidate_id=4019,VELACHERY,IND,0,Graduate,"Rs 20,000 ~ 20 Thou+",Rs 0 ~
698,1211,Dorai. Shanmuga Prabu,https://www.myneta.info/TamilNadu2026/candidate.php?candidate_id=1211,PAPANASAM,AIADMK,2,Graduate Professional,"Rs 6,73,78,880 ~ 6 Crore+","Rs 4,78,05,144 ~ 4 Crore+"
699,1142,Dr A.P. Poornima,https://www.myneta.info/TamilNadu2026/candidate.php?candidate_id=1142,AMBATTUR,DMK,0,Post Graduate,https://myneta.info/image_v2.php?myneta_folder=TamilNadu2026&candidate_id=1142&col=ta,https://myneta.info/image_v2.php?myneta_folder=TamilNadu2026&candidate_id=1142&col=lia
700,839,Dr Kathirkamu K.,https://www.myneta.info/TamilNadu2026/candidate.php?candidate_id=839,PERIYAKULAM (SC),Amma Makkal Munnettra Kazagam,0,Post Graduate,"Rs 3,56,48,323 ~ 3 Crore+","Rs 58,01,077 ~ 58 Lacs+"
701,799,Dr M Sudhakar,https://www.myneta.info/TamilNadu2026/candidate.php?candidate_id=799,KATPADI,Tamilaga Vettri Kazhagam,2,Graduate Professional,"Rs 7,17,34,969 ~ 7 Crore+","Rs 90,72,809 ~ 90 Lacs+"
702,1283,Dr Pon Gauthamsigamani,https://www.myneta.info/TamilNadu2026/candidate.php?candidate_id=1283,TIRUKKOYILUR,DMK,2,Post Graduate,https://myneta.info/image_v2.php?myneta_folder=TamilNadu2026&candidate_id=1283&col=ta,https://myneta.info/image_v2.php?myneta_folder=TamilNadu2026&candidate_id=1283&col=lia
703,15,Dr. A. Simon Justin,https://www.myneta.info/TamilNadu2026/candidate.php?candidate_id=15,ATHOOR,Naam Tamilar Katchi,6,Doctorate,"Rs 40,67,764 ~ 40 Lacs+","Rs 7,00,000 ~ 7 Lacs+"
704,329,Dr. A. Subair Khan,https://www.myneta.info/TamilNadu2026/candidate.php?candidate_id=329,ROYAPURAM,DMK,1,Post Graduate,"Rs 13,36,56,814 ~ 13 Crore+","Rs 5,65,05,410 ~ 5 Crore+"
705,745,Dr. Dhilipan Jaishankar,https://www.myneta.info/TamilNadu2026/candidate.php?candidate_id=745,SANKARANKOVIL (SC),AIADMK,0,Graduate Professional,https://myneta.info/image_v2.php?myneta_folder=TamilNadu2026&candidate_id=745&col=ta,https://myneta.info/image_v2.php?myneta_folder=TamilNadu2026&candidate_id=745&col=lia
706,297,Dr. Dhivya. S,https://www.myneta.info/TamilNadu2026/candidate.php?candidate_id=297,KRISHNARAYAPURAM (SC),AIADMK,3,Post Graduate,"Rs 23,43,31,304 ~ 23 Crore+","Rs 26,50,000 ~ 26 Lacs+"
707,906,Dr. Dnv Senthilkumar. S.,https://www.myneta.info/TamilNadu2026/candidate.php?candidate_id=906,PALACODE,DMK,0,Post Graduate,"Rs 9,20,24,131 ~ 9 Crore+","Rs 1,26,43,337 ~ 1 Crore+"
708,1105,Dr. Elangovan. V.,https://www.myneta.info/TamilNadu2026/candidate.php?candidate_id=1105,DHARMAPURI,Desiya Murpokku Dravida Kazhagam,0,Post Graduate,https://myneta.info/image_v2.php?myneta_folder=TamilNadu2026&candidate_id=1105&col=ta,https://myneta.info/image_v2.php?myneta_folder=TamilNadu2026&candidate_id=1105&col=lia
709,1396,Dr. Gokilamani.V,https://www.myneta.info/TamilNadu2026/candidate.php?candidate_id=1396,AVANASHI (SC),DMK,0,Graduate Professional,"Rs 32,78,171 ~ 32 Lacs+",Rs 0 ~
710,2123,Dr. Gurunathan. S,https://www.myneta.info/TamilNadu2026/candidate.php?candidate_id=2123,SANKARI,Indhu Dravida Makkal Katchi,0,Doctorate,"Rs 18,63,608 ~ 18 Lacs+","Rs 7,96,000 ~ 7 Lacs+"
711,309,Dr. J.Sailas,https://www.myneta.info/TamilNadu2026/candidate.php?candidate_id=309,AMBATTUR,BSP,0,Graduate Professional,https://myneta.info/image_v2.php?myneta_folder=TamilNadu2026&candidate_id=309&col=ta,https://myneta.info/image_v2.php?myneta_folder=TamilNadu2026&candidate_id=309&col=lia
712,978,Dr. Jayalakshmi. S.T,https://www.myneta.info/TamilNadu2026/candidate.php?candidate_id=978,PERAMBALUR (SC),DMK,0,Graduate Professional,"Rs 37,67,90,281 ~ 37 Crore+","Rs 22,02,52,644 ~ 22 Crore+"
713,252,Dr. K. Arvind,https://www.myneta.info/TamilNadu2026/candidate.php?candidate_id=252,ORATHANADU,Tamilaga Vettri Kazhagam,0,Others,"Rs 35,74,494 ~ 35 Lacs+",Rs 0 ~
714,135,Dr. Karthikeyan. T.E.,https://www.myneta.info/TamilNadu2026/candidate.php?candidate_id=135,RAJAPALAYAM,Naam Tamilar Katchi,2,Graduate Professional,https://myneta.info/image_v2.php?myneta_folder=TamilNadu2026&candidate_id=135&col=ta,https://myneta.info/image_v2.php?myneta_folder=TamilNadu2026&candidate_id=135&col=lia
715,2686,Dr. Krishna Prasad. B,https://www.myneta.info/TamilNadu2026/candidate.php?candidate_id=2686,PADMANABHAPURAM,IND,1,Post Graduate,"Rs 1,32,00,000 ~ 1 Crore+","Rs 1,95,00,000 ~ 1 Crore+"
716,1397,Dr. L. Murugan,https://www.myneta.info/TamilNadu2026/candidate.php?candidate_id=1397,AVANASHI (SC),BJP,4,Doctorate,"Rs 4,35,09,773 ~ 4 Crore+","Rs 39,15,343 ~ 39 Lacs+"
717,1715,Dr. Mohana Chelvan. P,https://www.myneta.info/TamilNadu2026/candidate.php?candidate_id=1715,THIRUVERUMBUR,IND,0,Doctorate,https://myneta.info/image_v2.php?myneta_folder=TamilNadu2026&candidate_id=1715&col=ta,https://myneta.info/image_v2.php?myneta_folder=TamilNadu2026&candidate_id=1715&col=lia
718,840,Dr. Mohanraj A.C. (P.T),https://www.myneta.info/TamilNadu2026/candidate.php?candidate_id=840,PERIYAKULAM (SC),IND,0,Others,"Rs 46,20,754 ~ 46 Lacs+","Rs 4,71,330 ~ 4 Lacs+"
719,757,Dr. Muthiah. S,https://www.myneta.info/TamilNadu2026/candidate.php?candidate_id=757,PARAMAKUDI (SC),AIADMK,3,Post Graduate,"Rs 7,62,37,471 ~ 7 Crore+","Rs 1,40,00,000 ~ 1 Crore+"
720,1352,Dr. Pl. Vijayakumar,https://www.myneta.info/TamilNadu2026/candidate.php?candidate_id=1352,MANAPPARAI,AIADMK,1,Post Graduate,https://myneta.info/image_v2.php?myneta_folder=TamilNadu2026&candidate_id=1352&col=ta,https://myneta.info/image_v2.php?myneta_folder=TamilNadu2026&candidate_id=1352&col=lia
721,913,Dr. Praveen Kumar. M,https://www.myneta.info/TamilNadu2026/candidate.php?candidate_id=913,PALANI,Tamilaga Vettri Kazhagam,0,Post Graduate,"Rs 8,77,35,704 ~ 8 Crore+","Rs 83,99,040 ~ 83 Lacs+"
722,739,Dr. Rajeswari. R,https://www.myneta.info/TamilNadu2026/candidate.php?candidate_id=739,KILVAITHINANKUPPAM (SC),DMK,0,Others,"Rs 13,28,63,071 ~ 13 Crore+","Rs 1,37,20,921 ~ 1 Crore+"
723,3557,Dr. Ramachandran. M,https://www.myneta.info/TamilNadu2026/candidate.php?candidate_id=3557,KILLIYOOR,IND,0,Doctorate,https://myneta.info/image_v2.php?myneta_folder=TamilNadu2026&candidate_id=3557&col=ta,https://myneta.info/image_v2.php?myneta_folder=TamilNadu2026&candidate_id=3557&col=lia
724,1742,Dr. Ramakrishnan. S,https://www.myneta.info/TamilNadu2026/candidate.php?candidate_id=1742,TIRUPPUR (SOUTH),IND,1,Doctorate,"Rs 9,66,000 ~ 9 Lacs+","Rs 7,00,000 ~ 7 Lacs+"
725,1434,Dr. S.Praveen,https://www.myneta.info/TamilNadu2026/candidate.php?candidate_id=1434,AMBATTUR,IND,0,Post Graduate,"Rs 4,51,16,793 ~ 4 Crore+","Rs 2,75,00,000 ~ 2 Crore+"
726,3303,Dr. Shyam Krishnasamy,https://www.myneta.info/TamilNadu2026/candidate.php?candidate_id=3303,SRIVILLIPUTHUR (SC),Puthiya Tamilagam,3,Post Graduate,https://myneta.info/image_v2.php?myneta_folder=TamilNadu2026&candidate_id=3303&col=ta,https://myneta.info/image_v2.php?myneta_folder=TamilNadu2026&candidate_id=3303&col=lia
727,885,Dr. Sridharan. A,https://www.myneta.info/TamilNadu2026/candidate.php?candidate_id=885,VALPARAI (SC),Tamilaga Vettri Kazhagam,0,Doctorate,"Rs 12,39,22,196 ~ 12 Crore+","Rs 12,12,812 ~ 12 Lacs+"
728,1350,Dr. Tamilisai Soundararajan,https://www.myneta.info/TamilNadu2026/candidate.php?candidate_id=1350,MYLAPORE,BJP,0,Graduate Professional,"Rs 25,83,97,763 ~ 25 Crore+","Rs 6,06,71,918 ~ 6 Crore+"
729,2439,Dr.A.V.Narendran,https://www.myneta.info/TamilNadu2026/candidate.php?candidate_id=2439,TIRUTTANI,IND,0,Graduate Professional,https://myneta.info/image_v2.php?myneta_folder=TamilNadu2026&candidate_id=2439&col=ta,https://myneta.info/image_v2.php?myneta_folder=TamilNadu2026&candidate_id=2439&col=lia
730,1995,Dr.D. Madan,https://www.myneta.info/TamilNadu2026/candidate.php?candidate_id=1995,PERAMBUR,IND,0,Post Graduate,"Rs 6,26,000 ~ 6 Lacs+",Rs 0 ~
731,2887,Dr.D.Vinoth Kumar,https://www.myneta.info/TamilNadu2026/candidate.php?candidate_id=2887,THIRUPORUR,BSP,0,12th Pass,"Rs 31,84,650 ~ 31 Lacs+","Rs 8,83,999 ~ 8 Lacs+"
732,830,Dr.Esakki Subaya,https://www.myneta.info/TamilNadu2026/candidate.php?candidate_id=830,AMBASAMUDRAM,AIADMK,2,Doctorate,https://myneta.info/image_v2.php?myneta_folder=TamilNadu2026&candidate_id=830&col=ta,https://myneta.info/image_v2.php?myneta_folder=TamilNadu2026&candidate_id=830&col=lia
733,1996,Dr.G. Moorthy,https://www.myneta.info/TamilNadu2026/candidate.php?candidate_id=1996,PERAMBUR,IND,0,Doctorate,"Rs 2,88,28,251 ~ 2 Crore+","Rs 45,58,024 ~ 45 Lacs+"
734,2682,Dr.Hanumaiah.C,https://www.myneta.info/TamilNadu2026/candidate.php?candidate_id=2682,BHAVANISAGAR (SC),IND,0,Doctorate,"Rs 12,26,000 ~ 12 Lacs+","Rs 24,70,000 ~ 24 Lacs+"
735,3811,Dr.J. Abubakkar Sithick,https://www.myneta.info/TamilNadu2026/candidate.php?candidate_id=3811,RAMANATHAPURAM,Anna Puratchi Thalaivar Amma Dravida Munnetra Kazhagam,0,Graduate,https://myneta.info/image_v2.php?myneta_folder=TamilNadu2026&candidate_id=3811&col=ta,https://myneta.info/image_v2.php?myneta_folder=TamilNadu2026&candidate_id=3811&col=lia
736,2447,Dr.Jayanthi.R,https://www.myneta.info/TamilNadu2026/candidate.php?candidate_id=2447,POONAMALLEE (SC),IND,0,Doctorate,"Rs 5,95,000 ~ 5 Lacs+",Rs 0 ~
737,3880,Dr.K.Rajkumar,https://www.myneta.info/TamilNadu2026/candidate.php?candidate_id=3880,SINGANALLUR,IND,0,Doctorate,"Rs 4,65,000 ~ 4 Lacs+",Rs 0 ~
738,1335,Dr.Kalai Kathiravan,https://www.myneta.info/TamilNadu2026/candidate.php?candidate_id=1335,TENKASI,DMK,0,Graduate Professional,https://myneta.info/image_v2.php?myneta_folder=TamilNadu2026&candidate_id=1335&col=ta,https://myneta.info/image_v2.php?myneta_folder=TamilNadu2026&candidate_id=1335&col=lia
739,187,Dr.Krishnasamy .V,https://www.myneta.info/TamilNadu2026/candidate.php?candidate_id=187,TIRUCHIRAPPALLI (EAST),Naam Tamilar Katchi,0,Graduate Professional,"Rs 5,10,16,176 ~ 5 Crore+","Rs 2,60,64,231 ~ 2 Crore+"
740,498,Dr.Murugu K,https://www.myneta.info/TamilNadu2026/candidate.php?candidate_id=498,SANKARAPURAM,IND,0,Graduate,"Rs 1,51,17,144 ~ 1 Crore+","Rs 51,85,059 ~ 51 Lacs+"
741,2622,Dr.N. Gunasekar,https://www.myneta.info/TamilNadu2026/candidate.php?candidate_id=2622,EGMORE (SC),Republican Party of India (Athawale),1,12th Pass,https://myneta.info/image_v2.php?myneta_folder=TamilNadu2026&candidate_id=2622&col=ta,https://myneta.info/image_v2.php?myneta_folder=TamilNadu2026&candidate_id=2622&col=lia
742,1255,Dr.Nagesh Kumar. C,https://www.myneta.info/TamilNadu2026/candidate.php?candidate_id=1255,THALLY,BJP,0,Post Graduate,"Rs 2,59,98,023 ~ 2 Crore+","Rs 1,10,15,644 ~ 1 Crore+"
743,914,Dr.Nakajothi. N,https://www.myneta.info/TamilNadu2026/candidate.php?candidate_id=914,VEDASANDUR,Tamilaga Vettri Kazhagam,0,Post Graduate,"Rs 94,74,897 ~ 94 Lacs+","Rs 23,00,000 ~ 23 Lacs+"
744,997,Dr.Padmarajan. K,https://www.myneta.info/TamilNadu2026/candidate.php?candidate_id=997,METTUR,IND,0,Post Graduate,https://myneta.info/image_v2.php?myneta_folder=TamilNadu2026&candidate_id=997&col=ta,https://myneta.info/image_v2.php?myneta_folder=TamilNadu2026&candidate_id=997&col=lia
745,1026,Dr.Pandikumar.S,https://www.myneta.info/TamilNadu2026/candidate.php?candidate_id=1026,BODINAYAKKANUR,CPI(ML)(L),4,Doctorate,"Rs 19,22,581 ~ 19 Lacs+","Rs 3,10,158 ~ 3 Lacs+"
746,4053,Dr.Poovalagi. P,https://www.myneta.info/TamilNadu2026/candidate.php?candidate_id=4053,TIRUPATTUR,IND,0,Graduate Professional,"Rs 7,85,520 ~ 7 Lacs+",Rs 0 ~
747,58,Dr.Prabhu. Tk,https://www.myneta.info/TamilNadu2026/candidate.php?candidate_id=58,KARAIKUDI,Tamilaga Vettri Kazhagam,0,Post Graduate,https://myneta.info/image_v2.php?myneta_folder=TamilNadu2026&candidate_id=58&col=ta,https://myneta.info/image_v2.php?myneta_folder=TamilNadu2026&candidate_id=58&col=lia
748,1969,Dr.R. Saravana Perumal,https://www.myneta.info/TamilNadu2026/candidate.php?candidate_id=1969,PERAMBUR,Makkal Nalvaazhvuk Katchi,0,Doctorate,"Rs 77,52,000 ~ 77 Lacs+",Rs 0 ~
749,117,Dr.R.Karthikeyan,https://www.myneta.info/TamilNadu2026/candidate.php?candidate_id=117,PALLAVARAM,Naam Tamilar Katchi,0,Post Graduate,"Rs 8,57,70,515 ~ 8 Crore+","Rs 71,93,263 ~ 71 Lacs+"
750,3684,Dr.R.Ramkumar,https://www.myneta.info/TamilNadu2026/candidate.php?candidate_id=3684,MUDUKULATHUR,All India Puratchi Thalaivar Makkal Munnettra Kazhagam,5,Graduate Professional,https://myneta.info/image_v2.php?myneta_folder=TamilNadu2026&candidate_id=3684&col=ta,https://myneta.info/image_v2.php?myneta_folder=TamilNadu2026&candidate_id=3684&col=lia
751,1033,Dr.Ravi.M.S,https://www.myneta.info/TamilNadu2026/candidate.php?candidate_id=1033,PONNERI (SC),Tamilaga Vettri Kazhagam,0,Graduate Professional,"Rs 19,52,71,409 ~ 19 Crore+","Rs 1,21,25,867 ~ 1 Crore+"
752,159,Dr.S.Rajasekaran,https://www.myneta.info/TamilNadu2026/candidate.php?candidate_id=159,SULUR,Naam Tamilar Katchi,0,Doctorate,"Rs 15,56,58,620 ~ 15 Crore+","Rs 78,45,000 ~ 78 Lacs+"
753,3720,Dr.S.Vellai Durai,https://www.myneta.info/TamilNadu2026/candidate.php?candidate_id=3720,NANGUNERI,All India Puratchi Thalaivar Makkal Munnettra Kazhagam,0,Doctorate,https://myneta.info/image_v2.php?myneta_folder=TamilNadu2026&candidate_id=3720&col=ta,https://myneta.info/image_v2.php?myneta_folder=TamilNadu2026&candidate_id=3720&col=lia
754,1068,Dr.Sathish Christopher,https://www.myneta.info/TamilNadu2026/candidate.php?candidate_id=1068,RADHAPURAM,Tamilaga Vettri Kazhagam,0,Others,"Rs 1,46,64,692 ~ 1 Crore+","Rs 3,37,22,486 ~ 3 Crore+"
755,3507,Dr.Shanmugam.A.R.,https://www.myneta.info/TamilNadu2026/candidate.php?candidate_id=3507,HOSUR,IND,2,Post Graduate,"Rs 69,20,000 ~ 69 Lacs+","Rs 30,85,000 ~ 30 Lacs+"
756,3953,Dr.Shyam Krishnasamy,https://www.myneta.info/TamilNadu2026/candidate.php?candidate_id=3953,TIRUNELVELI,Puthiya Tamilagam,3,Post Graduate,https://myneta.info/image_v2.php?myneta_folder=TamilNadu2026&candidate_id=3953&col=ta,https://myneta.info/image_v2.php?myneta_folder=TamilNadu2026&candidate_id=3953&col=lia
757,1332,Dr.Tamizharasi.P,https://www.myneta.info/TamilNadu2026/candidate.php?candidate_id=1332,VRIDHACHALAM,Pattali Makkal Katchi,0,Graduate Professional,"Rs 2,86,83,442 ~ 2 Crore+","Rs 2,06,73,775 ~ 2 Crore+"
758,1074,Dr.Thirupathi. N,https://www.myneta.info/TamilNadu2026/candidate.php?candidate_id=1074,TIRUPATTUR,Tamilaga Vettri Kazhagam,0,Graduate,"Rs 15,19,10,756 ~ 15 Crore+","Rs 4,02,32,172 ~ 4 Crore+"
759,4,Dr.V.Sivasankaran,https://www.myneta.info/TamilNadu2026/candidate.php?candidate_id=4,AMBASAMUDRAM,Naam Tamilar Katchi,1,Doctorate,https://myneta.info/image_v2.php?myneta_folder=TamilNadu2026&candidate_id=4&col=ta,https://myneta.info/image_v2.php?myneta_folder=TamilNadu2026&candidate_id=4&col=lia
760,4038,Dr.Vinayaga Meyyarasu. T,https://www.myneta.info/TamilNadu2026/candidate.php?candidate_id=4038,TIRUPPATHUR,IND,0,Graduate Professional,"Rs 2,08,55,000 ~ 2 Crore+","Rs 57,00,000 ~ 57 Lacs+"
761,2471,Durai Arasan.K,https://www.myneta.info/TamilNadu2026/candidate.php?candidate_id=2471,MANNARGUDI,IND,0,10th Pass,"Rs 79,65,750 ~ 79 Lacs+","Rs 5,74,179 ~ 5 Lacs+"
762,1222,Durai Chandrasekar,https://www.myneta.info/TamilNadu2026/candidate.php?candidate_id=1222,PONNERI (SC),INC,1,Graduate Professional,https://myneta.info/image_v2.php?myneta_folder=TamilNadu2026&candidate_id=1222&col=ta,https://myneta.info/image_v2.php?myneta_folder=TamilNadu2026&candidate_id=1222&col=lia
763,3843,Durai Ezhilan P,https://www.myneta.info/TamilNadu2026/candidate.php?candidate_id=3843,SANKARAPURAM,IND,0,Graduate,"Rs 1,08,040 ~ 1 Lacs+","Rs 1,78,000 ~ 1 Lacs+"
764,2687,Durai Raj. S,https://www.myneta.info/TamilNadu2026/candidate.php?candidate_id=2687,PADMANABHAPURAM,IND,0,Graduate,"Rs 94,65,000 ~ 94 Lacs+","Rs 17,00,000 ~ 17 Lacs+"
765,170,Durai. Chandrasekaran,https://www.myneta.info/TamilNadu2026/candidate.php?candidate_id=170,THIRUVAIYARU,DMK,1,Graduate Professional,https://myneta.info/image_v2.php?myneta_folder=TamilNadu2026&candidate_id=170&col=ta,https://myneta.info/image_v2.php?myneta_folder=TamilNadu2026&candidate_id=170&col=lia
766,1392,Durai. Senthamil Selvan,https://www.myneta.info/TamilNadu2026/candidate.php?candidate_id=1392,COIMBATORE (NORTH),DMK,0,Graduate Professional,"Rs 1,98,42,409 ~ 1 Crore+","Rs 25,01,442 ~ 25 Lacs+"
767,169,Durai. Senthilnathan,https://www.myneta.info/TamilNadu2026/candidate.php?candidate_id=169,THIRUVAIYARU,Naam Tamilar Katchi,0,Doctorate,"Rs 51,90,000 ~ 51 Lacs+",Rs 0 ~
768,1910,Durai.K,https://www.myneta.info/TamilNadu2026/candidate.php?candidate_id=1910,VRIDHACHALAM,IND,0,Post Graduate,https://myneta.info/image_v2.php?myneta_folder=TamilNadu2026&candidate_id=1910&col=ta,https://myneta.info/image_v2.php?myneta_folder=TamilNadu2026&candidate_id=1910&col=lia
769,1116,Duraimurugan,https://www.myneta.info/TamilNadu2026/candidate.php?candidate_id=1116,KATPADI,DMK,9,Post Graduate,"Rs 74,17,65,192 ~ 74 Crore+","Rs 15,31,43,441 ~ 15 Crore+"
770,434,Durairaj,https://www.myneta.info/TamilNadu2026/candidate.php?candidate_id=434,TENKASI,IND,0,5th Pass,"Rs 1,11,18,000 ~ 1 Crore+","Rs 12,56,000 ~ 12 Lacs+"
771,2128,Durairaj. C,https://www.myneta.info/TamilNadu2026/candidate.php?candidate_id=2128,SANKARI,IND,0,10th Pass,https://myneta.info/image_v2.php?myneta_folder=TamilNadu2026&candidate_id=2128&col=ta,https://myneta.info/image_v2.php?myneta_folder=TamilNadu2026&candidate_id=2128&col=lia
772,2766,Durairaj. V,https://www.myneta.info/TamilNadu2026/candidate.php?candidate_id=2766,METTUR,IND,1,Post Graduate,"Rs 2,55,21,800 ~ 2 Crore+","Rs 50,95,000 ~ 50 Lacs+"
773,2361,Durairajan.M,https://www.myneta.info/TamilNadu2026/candidate.php?candidate_id=2361,THIRUMAYAM,IND,0,8th Pass,"Rs 60,000 ~ 60 Thou+",Rs 0 ~
774,4098,Duraisamy. J,https://www.myneta.info/TamilNadu2026/candidate.php?candidate_id=4098,KARUR,IND,0,Graduate Professional,https://myneta.info/image_v2.php?myneta_folder=TamilNadu2026&candidate_id=4098&col=ta,https://myneta.info/image_v2.php?myneta_folder=TamilNadu2026&candidate_id=4098&col=lia
775,2164,Durkali. N,https://www.myneta.info/TamilNadu2026/candidate.php?candidate_id=2164,TINDIVANAM (SC),IND,0,10th Pass,"Rs 2,18,000 ~ 2 Lacs+",Rs 0 ~
776,2843,Durugan. M,https://www.myneta.info/TamilNadu2026/candidate.php?candidate_id=2843,CHEYYAR,Vanchit Bahujan Aaghadi,0,Graduate,"Rs 1,37,000 ~ 1 Lacs+",Rs 0 ~
777,678,Dusi K Mohan,https://www.myneta.info/TamilNadu2026/candidate.php?candidate_id=678,CHEYYAR,Tamilaga Vettri Kazhagam,1,Graduate,https://myneta.info/image_v2.php?myneta_folder=TamilNadu2026&candidate_id=678&col=ta,https://myneta.info/image_v2.php?myneta_folder=TamilNadu2026&candidate_id=678&col=lia
778,1488,E Manikandan,https://www.myneta.info/TamilNadu2026/candidate.php?candidate_id=1488,SENTHAMANGALAM(ST),IND,0,Post Graduate,"Rs 1,06,000 ~ 1 Lacs+",Rs 0 ~
779,401,E. Dhakshnamoorthy,https://www.myneta.info/TamilNadu2026/candidate.php?candidate_id=401,KANCHEEPURAM,IND,0,Others,"Rs 4,51,329 ~ 4 Lacs+",Rs 0 ~
780,1837,E. Mani,https://www.myneta.info/TamilNadu2026/candidate.php?candidate_id=1837,THIRUVALLUR,Republican Party of India (Athawale),0,Post Graduate,https://myneta.info/image_v2.php?myneta_folder=TamilNadu2026&candidate_id=1837&col=ta,https://myneta.info/image_v2.php?myneta_folder=TamilNadu2026&candidate_id=1837&col=lia
781,1677,E. Murali B.A,https://www.myneta.info/TamilNadu2026/candidate.php?candidate_id=1677,SHOLINGANALLUR,IND,0,Graduate,"Rs 34,67,000 ~ 34 Lacs+",Rs 0 ~
782,1103,E. Muralidharan,https://www.myneta.info/TamilNadu2026/candidate.php?candidate_id=1103,BARGUR,Tamilaga Vettri Kazhagam,0,Graduate Professional,"Rs 35,77,000 ~ 35 Lacs+","Rs 8,95,000 ~ 8 Lacs+"
783,3120,E. Murugan,https://www.myneta.info/TamilNadu2026/candidate.php?candidate_id=3120,SRIPERUMBUDUR (SC),IND,0,8th Pass,https://myneta.info/image_v2.php?myneta_folder=TamilNadu2026&candidate_id=3120&col=ta,https://myneta.info/image_v2.php?myneta_folder=TamilNadu2026&candidate_id=3120&col=lia
784,2594,E. Raamadasan,https://www.myneta.info/TamilNadu2026/candidate.php?candidate_id=2594,KOLATHUR,Makkal Nalvaazhvuk Katchi,0,10th Pass,"Rs 6,01,000 ~ 6 Lacs+",Rs 0 ~
785,2009,E. Raamadasan,https://www.myneta.info/TamilNadu2026/candidate.php?candidate_id=2009,DR.RADHAKRISHNAN NAGAR,Makkal Nalvaazhvuk Katchi,0,10th Pass,"Rs 11,00,000 ~ 11 Lacs+",Rs 0 ~
786,3971,E. Raja,https://www.myneta.info/TamilNadu2026/candidate.php?candidate_id=3971,VASUDEVANALLUR (SC),DMK,1,Post Graduate,https://myneta.info/image_v2.php?myneta_folder=TamilNadu2026&candidate_id=3971&col=ta,https://myneta.info/image_v2.php?myneta_folder=TamilNadu2026&candidate_id=3971&col=lia
787,1838,E. Rajarathinam,https://www.myneta.info/TamilNadu2026/candidate.php?candidate_id=1838,THIRUVALLUR,Tamizhaga Vaazhvurimai Katchi,0,Post Graduate,"Rs 32,59,954 ~ 32 Lacs+",Rs 0 ~
788,3776,E. Ramalingam,https://www.myneta.info/TamilNadu2026/candidate.php?candidate_id=3776,PUDUKKOTTAI,Party for the Rights of Other backward Classes,0,Graduate,"Rs 73,30,000 ~ 73 Lacs+","Rs 30,65,713 ~ 30 Lacs+"
789,1982,E. Udhaya Kumar,https://www.myneta.info/TamilNadu2026/candidate.php?candidate_id=1982,PERAMBUR,IND,0,5th Pass,https://myneta.info/image_v2.php?myneta_folder=TamilNadu2026&candidate_id=1982&col=ta,https://myneta.info/image_v2.php?myneta_folder=TamilNadu2026&candidate_id=1982&col=lia
790,1681,E. Vijay,https://www.myneta.info/TamilNadu2026/candidate.php?candidate_id=1681,SHOLINGANALLUR,IND,0,Others,"Rs 3,41,000 ~ 3 Lacs+",Rs 0 ~
791,366,E. Yesudoss,https://www.myneta.info/TamilNadu2026/candidate.php?candidate_id=366,LALGUDI,Tamilaga Makkal Nala Katchi,0,Others,"Rs 35,71,500 ~ 35 Lacs+","Rs 3,40,400 ~ 3 Lacs+"
792,3426,E.C. Govindaraje,https://www.myneta.info/TamilNadu2026/candidate.php?candidate_id=3426,BARGUR,IND,0,Illiterate,https://myneta.info/image_v2.php?myneta_folder=TamilNadu2026&candidate_id=3426&col=ta,https://myneta.info/image_v2.php?myneta_folder=TamilNadu2026&candidate_id=3426&col=lia
793,940,E.C. Govindarasan,https://www.myneta.info/TamilNadu2026/candidate.php?candidate_id=940,BARGUR,AIADMK,2,8th Pass,"Rs 5,99,55,885 ~ 5 Crore+","Rs 1,16,87,196 ~ 1 Crore+"
794,3438,E.Farook Ali,https://www.myneta.info/TamilNadu2026/candidate.php?candidate_id=3438,CUDDALORE,IND,1,8th Pass,"Rs 19,06,745 ~ 19 Lacs+","Rs 75,000 ~ 75 Thou+"
795,3436,E.Gurubaran,https://www.myneta.info/TamilNadu2026/candidate.php?candidate_id=3436,CUDDALORE,IND,0,Graduate Professional,https://myneta.info/image_v2.php?myneta_folder=TamilNadu2026&candidate_id=3436&col=ta,https://myneta.info/image_v2.php?myneta_folder=TamilNadu2026&candidate_id=3436&col=lia
796,1840,E.Kothandan,https://www.myneta.info/TamilNadu2026/candidate.php?candidate_id=1840,THIRUVALLUR,IND,0,Post Graduate,"Rs 8,38,000 ~ 8 Lacs+","Rs 2,00,000 ~ 2 Lacs+"
797,80,E.Krithika,https://www.myneta.info/TamilNadu2026/candidate.php?candidate_id=80,MADHAVARAM,Naam Tamilar Katchi,0,Graduate,"Rs 63,23,000 ~ 63 Lacs+",Rs 0 ~
798,1058,E.Saroja,https://www.myneta.info/TamilNadu2026/candidate.php?candidate_id=1058,THURAIYUR (SC),AIADMK,1,8th Pass,https://myneta.info/image_v2.php?myneta_folder=TamilNadu2026&candidate_id=1058&col=ta,https://myneta.info/image_v2.php?myneta_folder=TamilNadu2026&candidate_id=1058&col=lia
799,2153,E.Saroja W/O  Elangovan,https://www.myneta.info/TamilNadu2026/candidate.php?candidate_id=2153,THURAIYUR (SC),IND,0,8th Pass,"Rs 17,34,000 ~ 17 Lacs+",Rs 0 ~
800,3375,E.Suresh,https://www.myneta.info/TamilNadu2026/candidate.php?candidate_id=3375,ANAIKATTU,IND,0,Graduate,"Rs 31,78,500 ~ 31 Lacs+",Rs 0 ~
801,3378,E.V.S.Rajakumar Naidu,https://www.myneta.info/TamilNadu2026/candidate.php?candidate_id=3378,ANNA NAGAR,Tamil Telugu National Party,0,Post Graduate,https://myneta.info/image_v2.php?myneta_folder=TamilNadu2026&candidate_id=3378&col=ta,https://myneta.info/image_v2.php?myneta_folder=TamilNadu2026&candidate_id=3378&col=lia
802,3914,Easan Natarajan T,https://www.myneta.info/TamilNadu2026/candidate.php?candidate_id=3914,THIYAGARAYANAGAR,IND,0,Post Graduate,"Rs 6,90,986 ~ 6 Lacs+","Rs 6,13,647 ~ 6 Lacs+"
803,2256,Easan Natarajan. T,https://www.myneta.info/TamilNadu2026/candidate.php?candidate_id=2256,CHIDAMBARAM,IND,0,Post Graduate,"Rs 6,90,986 ~ 6 Lacs+","Rs 6,13,647 ~ 6 Lacs+"
804,917,Easwaramurthi.K,https://www.myneta.info/TamilNadu2026/candidate.php?candidate_id=917,ANTHIYUR,Tamizhaga Vaazhvurimai Katchi,0,Post Graduate,https://myneta.info/image_v2.php?myneta_folder=TamilNadu2026&candidate_id=917&col=ta,https://myneta.info/image_v2.php?myneta_folder=TamilNadu2026&candidate_id=917&col=lia
805,851,Ecr P Saravanan,https://www.myneta.info/TamilNadu2026/candidate.php?candidate_id=851,SHOLINGANALLUR,Tamilaga Vettri Kazhagam,3,5th Pass,"Rs 50,25,908 ~ 50 Lacs+","Rs 16,94,190 ~ 16 Lacs+"
806,1118,Edappadi Palaniswami. K,https://www.myneta.info/TamilNadu2026/candidate.php?candidate_id=1118,EDAPPADI,AIADMK,5,12th Pass,"Rs 8,99,26,814 ~ 8 Crore+","Rs 17,00,000 ~ 17 Lacs+"
807,3279,Edwin Abinesh A,https://www.myneta.info/TamilNadu2026/candidate.php?candidate_id=3279,TIRUKKOYILUR,IND,0,Post Graduate,https://myneta.info/image_v2.php?myneta_folder=TamilNadu2026&candidate_id=3279&col=ta,https://myneta.info/image_v2.php?myneta_folder=TamilNadu2026&candidate_id=3279&col=lia
808,313,Ekambaram. V,https://www.myneta.info/TamilNadu2026/candidate.php?candidate_id=313,ARANI,IND,0,10th Pass,"Rs 16,07,000 ~ 16 Lacs+",Rs 0 ~
809,2964,Elaiyaraja C,https://www.myneta.info/TamilNadu2026/candidate.php?candidate_id=2964,ARIYALUR,IND,0,Graduate Professional,"Rs 6,51,483 ~ 6 Lacs+",Rs 0 ~
810,1134,Elamathi Subramanian,https://www.myneta.info/TamilNadu2026/candidate.php?candidate_id=1134,THIRUVIDAIMARUDUR (SC),AIADMK,0,8th Pass,https://myneta.info/image_v2.php?myneta_folder=TamilNadu2026&candidate_id=1134&col=ta,https://myneta.info/image_v2.php?myneta_folder=TamilNadu2026&candidate_id=1134&col=lia
811,4064,Elamathi. S,https://www.myneta.info/TamilNadu2026/candidate.php?candidate_id=4064,KARUR,IND,0,Graduate Professional,"Rs 10,90,397 ~ 10 Lacs+",Rs 0 ~
812,1403,Elango R,https://www.myneta.info/TamilNadu2026/candidate.php?candidate_id=1403,ARAVAKURICHI,DMK,1,Graduate,"Rs 5,34,07,188 ~ 5 Crore+","Rs 39,80,600 ~ 39 Lacs+"
813,3310,Elango. G,https://www.myneta.info/TamilNadu2026/candidate.php?candidate_id=3310,ARUPPUKOTTAI,Ezhuchi Tamilargal Munnetra Kazhagam,0,Others,https://myneta.info/image_v2.php?myneta_folder=TamilNadu2026&candidate_id=3310&col=ta,https://myneta.info/image_v2.php?myneta_folder=TamilNadu2026&candidate_id=3310&col=lia
814,3118,Elangovan Sivakumar,https://www.myneta.info/TamilNadu2026/candidate.php?candidate_id=3118,SRIPERUMBUDUR (SC),IND,0,Graduate Professional,"Rs 9,43,204 ~ 9 Lacs+","Rs 16,12,701 ~ 16 Lacs+"
815,751,Elangovan. A.R,https://www.myneta.info/TamilNadu2026/candidate.php?candidate_id=751,OMALUR,Desiya Murpokku Dravida Kazhagam,0,8th Pass,"Rs 3,24,37,399 ~ 3 Crore+","Rs 31,71,238 ~ 31 Lacs+"
816,363,Elangovan. K,https://www.myneta.info/TamilNadu2026/candidate.php?candidate_id=363,KUNNAM,Naadaalum Makkal Katchi,4,8th Pass,https://myneta.info/image_v2.php?myneta_folder=TamilNadu2026&candidate_id=363&col=ta,https://myneta.info/image_v2.php?myneta_folder=TamilNadu2026&candidate_id=363&col=lia
817,1003,Elangovan.D,https://www.myneta.info/TamilNadu2026/candidate.php?candidate_id=1003,MANAMADURAI (SC),Tamilaga Vettri Kazhagam,0,Graduate,"Rs 12,14,400 ~ 12 Lacs+","Rs 14,48,000 ~ 14 Lacs+"
818,3767,Elavarsan. A.,https://www.myneta.info/TamilNadu2026/candidate.php?candidate_id=3767,PENNAGARAM,IND,0,Others,"Rs 34,500 ~ 34 Thou+","Rs 2,16,500 ~ 2 Lacs+"
819,3196,Elayaraja.M,https://www.myneta.info/TamilNadu2026/candidate.php?candidate_id=3196,ANDIPATTI,Puthiya Tamilagam,0,10th Pass,https://myneta.info/image_v2.php?myneta_folder=TamilNadu2026&candidate_id=3196&col=ta,https://myneta.info/image_v2.php?myneta_folder=TamilNadu2026&candidate_id=3196&col=lia
820,2550,Elsy C.,https://www.myneta.info/TamilNadu2026/candidate.php?candidate_id=2550,UDUMALAIPETTAI,IND,0,Others,"Rs 2,80,544 ~ 2 Lacs+",Rs 0 ~
821,1858,Elumalai. A S/O Arumugam,https://www.myneta.info/TamilNadu2026/candidate.php?candidate_id=1858,TIRUVANNAMALAI,IND,0,Literate,"Rs 95,000 ~ 95 Thou+",Rs 0 ~
822,1294,Elumalai. C,https://www.myneta.info/TamilNadu2026/candidate.php?candidate_id=1294,TIRUVANNAMALAI,BJP,5,Post Graduate,https://myneta.info/image_v2.php?myneta_folder=TamilNadu2026&candidate_id=1294&col=ta,https://myneta.info/image_v2.php?myneta_folder=TamilNadu2026&candidate_id=1294&col=lia
823,1859,Elumalai. C S/O Chinnakuzhanthai,https://www.myneta.info/TamilNadu2026/candidate.php?candidate_id=1859,TIRUVANNAMALAI,IND,0,8th Pass,"Rs 95,000 ~ 95 Thou+",Rs 0 ~
824,1860,Elumalai. C S/O Chinnarasu,https://www.myneta.info/TamilNadu2026/candidate.php?candidate_id=1860,TIRUVANNAMALAI,IND,0,8th Pass,"Rs 85,000 ~ 85 Thou+",Rs 0 ~
825,384,Elumalai. P,https://www.myneta.info/TamilNadu2026/candidate.php?candidate_id=384,KALASAPAKKAM,Tamilaga Vettri Kazhagam,0,Graduate Professional,https://myneta.info/image_v2.php?myneta_folder=TamilNadu2026&candidate_id=384&col=ta,https://myneta.info/image_v2.php?myneta_folder=TamilNadu2026&candidate_id=384&col=lia
826,3453,Elumalai. P,https://www.myneta.info/TamilNadu2026/candidate.php?candidate_id=3453,EDAPPADI,IND,1,8th Pass,"Rs 41,30,641 ~ 41 Lacs+","Rs 8,25,317 ~ 8 Lacs+"
827,3524,Elumalai. S,https://www.myneta.info/TamilNadu2026/candidate.php?candidate_id=3524,KALASAPAKKAM,IND,0,10th Pass,"Rs 97,33,205 ~ 97 Lacs+","Rs 2,83,500 ~ 2 Lacs+"
828,3525,Elumalai. T,https://www.myneta.info/TamilNadu2026/candidate.php?candidate_id=3525,KALASAPAKKAM,IND,0,12th Pass,https://myneta.info/image_v2.php?myneta_folder=TamilNadu2026&candidate_id=3525&col=ta,https://myneta.info/image_v2.php?myneta_folder=TamilNadu2026&candidate_id=3525&col=lia
829,1224,Elumalai.T.A,https://www.myneta.info/TamilNadu2026/candidate.php?candidate_id=1224,POONAMALLEE (SC),Amma Makkal Munnettra Kazagam,2,Graduate Professional,"Rs 2,99,50,489 ~ 2 Crore+","Rs 78,76,504 ~ 78 Lacs+"
830,2259,Er. Jayakkumar. R,https://www.myneta.info/TamilNadu2026/candidate.php?candidate_id=2259,CHIDAMBARAM,IND,1,Post Graduate,"Rs 4,10,97,490 ~ 4 Crore+","Rs 3,92,439 ~ 3 Lacs+"
831,2208,Er.Prabakaran.S,https://www.myneta.info/TamilNadu2026/candidate.php?candidate_id=2208,SALEM (WEST),IND,0,Graduate Professional,https://myneta.info/image_v2.php?myneta_folder=TamilNadu2026&candidate_id=2208&col=ta,https://myneta.info/image_v2.php?myneta_folder=TamilNadu2026&candidate_id=2208&col=lia
832,2414,Er.S. Arjun,https://www.myneta.info/TamilNadu2026/candidate.php?candidate_id=2414,THIRUVAIYARU,IND,0,Graduate Professional,"Rs 7,91,000 ~ 7 Lacs+","Rs 13,00,000 ~ 13 Lacs+"
833,1382,Eramakrishnan N,https://www.myneta.info/TamilNadu2026/candidate.php?candidate_id=1382,CUMBUM,DMK,1,Post Graduate,"Rs 15,11,19,108 ~ 15 Crore+","Rs 20,82,719 ~ 20 Lacs+"
834,210,Esai Mathivanan,https://www.myneta.info/TamilNadu2026/candidate.php?candidate_id=210,VASUDEVANALLUR (SC),Naam Tamilar Katchi,5,12th Pass,https://myneta.info/image_v2.php?myneta_folder=TamilNadu2026&candidate_id=210&col=ta,https://myneta.info/image_v2.php?myneta_folder=TamilNadu2026&candidate_id=210&col=lia
835,2941,Esakki Pandi. K,https://www.myneta.info/TamilNadu2026/candidate.php?candidate_id=2941,KADAYANALLUR,IND,0,Post Graduate,"Rs 63,300 ~ 63 Thou+",Rs 0 ~
836,2940,Esakki. K,https://www.myneta.info/TamilNadu2026/candidate.php?candidate_id=2940,KADAYANALLUR,IND,0,Graduate Professional,"Rs 67,22,145 ~ 67 Lacs+","Rs 40,88,616 ~ 40 Lacs+"
837,1025,Esakkiammal.M,https://www.myneta.info/TamilNadu2026/candidate.php?candidate_id=1025,ANDIPATTI,BSP,0,10th Pass,https://myneta.info/image_v2.php?myneta_folder=TamilNadu2026&candidate_id=1025&col=ta,https://myneta.info/image_v2.php?myneta_folder=TamilNadu2026&candidate_id=1025&col=lia
838,3213,Esakkimuthu,https://www.myneta.info/TamilNadu2026/candidate.php?candidate_id=3213,PALAYAMKOTTAI,Puthiya Makkal Tamil Desam Katchi,0,5th Pass,"Rs 5,57,000 ~ 5 Lacs+","Rs 2,68,000 ~ 2 Lacs+"
839,230,Esakkimuthunadar.P,https://www.myneta.info/TamilNadu2026/candidate.php?candidate_id=230,VIRUGAMPAKKAM,IND,0,Illiterate,"Rs 40,000 ~ 40 Thou+",Rs 0 ~
840,3850,Esakkiraja. K,https://www.myneta.info/TamilNadu2026/candidate.php?candidate_id=3850,SATTUR,All India Puratchi Thalaivar Makkal Munnettra Kazhagam,10,8th Pass,https://myneta.info/image_v2.php?myneta_folder=TamilNadu2026&candidate_id=3850&col=ta,https://myneta.info/image_v2.php?myneta_folder=TamilNadu2026&candidate_id=3850&col=lia
841,3954,Esakkiraja. V.,https://www.myneta.info/TamilNadu2026/candidate.php?candidate_id=3954,TIRUNELVELI,IND,0,Graduate Professional,"Rs 2,18,22,933 ~ 2 Crore+","Rs 24,58,600 ~ 24 Lacs+"
842,526,Eshwaran.C,https://www.myneta.info/TamilNadu2026/candidate.php?candidate_id=526,VEPPANAHALLI,IND,0,8th Pass,"Rs 75,00,000 ~ 75 Lacs+",Rs 0 ~
843,3798,Essakkiammal.E,https://www.myneta.info/TamilNadu2026/candidate.php?candidate_id=3798,RADHAPURAM,BSP,0,Post Graduate,https://myneta.info/image_v2.php?myneta_folder=TamilNadu2026&candidate_id=3798&col=ta,https://myneta.info/image_v2.php?myneta_folder=TamilNadu2026&candidate_id=3798&col=lia
844,155,Esther Mary Diana A,https://www.myneta.info/TamilNadu2026/candidate.php?candidate_id=155,SIVAKASI,Naam Tamilar Katchi,0,12th Pass,"Rs 41,31,831 ~ 41 Lacs+","Rs 4,62,333 ~ 4 Lacs+"
845,2357,Eswar.S,https://www.myneta.info/TamilNadu2026/candidate.php?candidate_id=2357,THIRUMAYAM,IND,0,12th Pass,"Rs 1,29,578 ~ 1 Lacs+",Rs 0 ~
846,3949,Eswara Vadivu. S.,https://www.myneta.info/TamilNadu2026/candidate.php?candidate_id=3949,TIRUNELVELI,Naam Indiar Party,1,Post Graduate,https://myneta.info/image_v2.php?myneta_folder=TamilNadu2026&candidate_id=3949&col=ta,https://myneta.info/image_v2.php?myneta_folder=TamilNadu2026&candidate_id=3949&col=lia
847,186,Eswaran E R,https://www.myneta.info/TamilNadu2026/candidate.php?candidate_id=186,TIRUCHENGODU,DMK,0,Graduate Professional,"Rs 47,91,40,253 ~ 47 Crore+","Rs 2,85,70,343 ~ 2 Crore+"
848,2110,Eswaran M,https://www.myneta.info/TamilNadu2026/candidate.php?candidate_id=2110,TIRUCHENGODU,IND,0,8th Pass,"Rs 2,81,500 ~ 2 Lacs+",Rs 0 ~
849,2668,Eswaran. P,https://www.myneta.info/TamilNadu2026/candidate.php?candidate_id=2668,PERUNDURAI,BSP,0,12th Pass,https://myneta.info/image_v2.php?myneta_folder=TamilNadu2026&candidate_id=2668&col=ta,https://myneta.info/image_v2.php?myneta_folder=TamilNadu2026&candidate_id=2668&col=lia
850,3367,Eswarappan.M,https://www.myneta.info/TamilNadu2026/candidate.php?candidate_id=3367,ARCOT,IND,0,Illiterate,"Rs 18,06,550 ~ 18 Lacs+",Rs 0 ~
851,1830,Ezhil Arasu. M M.A. L.L.M.,https://www.myneta.info/TamilNadu2026/candidate.php?candidate_id=1830,POLUR,IND,0,Post Graduate,"Rs 30,15,000 ~ 30 Lacs+",Rs 0 ~
852,267,Ezhil Caroline,https://www.myneta.info/TamilNadu2026/candidate.php?candidate_id=267,ARAKKONAM (SC),Viduthalai Chiruthaigal Katchi,0,Post Graduate,https://myneta.info/image_v2.php?myneta_folder=TamilNadu2026&candidate_id=267&col=ta,https://myneta.info/image_v2.php?myneta_folder=TamilNadu2026&candidate_id=267&col=lia
853,120,Ezhil Elavarasi. R,https://www.myneta.info/TamilNadu2026/candidate.php?candidate_id=120,PARAMAKUDI (SC),Naam Tamilar Katchi,0,Graduate Professional,"Rs 82,57,000 ~ 82 Lacs+","Rs 20,97,000 ~ 20 Lacs+"
854,849,Ezhil Katharine Ezhilmalai,https://www.myneta.info/TamilNadu2026/candidate.php?candidate_id=849,MADURANTAKAM (SC),Tamilaga Vettri Kazhagam,1,Post Graduate,"Rs 4,96,35,000 ~ 4 Crore+","Rs 70,00,000 ~ 70 Lacs+"
855,2896,Ezhil. E,https://www.myneta.info/TamilNadu2026/candidate.php?candidate_id=2896,CHEYYUR (SC),IND,0,10th Pass,https://myneta.info/image_v2.php?myneta_folder=TamilNadu2026&candidate_id=2896&col=ta,https://myneta.info/image_v2.php?myneta_folder=TamilNadu2026&candidate_id=2896&col=lia
856,862,Ezhilan Naganathan,https://www.myneta.info/TamilNadu2026/candidate.php?candidate_id=862,THOUSAND LIGHTS,DMK,0,Post Graduate,"Rs 4,13,90,246 ~ 4 Crore+",Rs 0 ~
857,133,Ezhilarasi Vijayendran,https://www.myneta.info/TamilNadu2026/candidate.php?candidate_id=133,PUDUKKOTTAI,Naam Tamilar Katchi,1,Post Graduate,"Rs 1,54,30,000 ~ 1 Crore+","Rs 45,28,160 ~ 45 Lacs+"
858,1908,Ezhilkumar.K,https://www.myneta.info/TamilNadu2026/candidate.php?candidate_id=1908,VRIDHACHALAM,IND,0,10th Pass,https://myneta.info/image_v2.php?myneta_folder=TamilNadu2026&candidate_id=1908&col=ta,https://myneta.info/image_v2.php?myneta_folder=TamilNadu2026&candidate_id=1908&col=lia
859,3984,Ezhilraj.D,https://www.myneta.info/TamilNadu2026/candidate.php?candidate_id=3984,VIRUGAMPAKKAM,IND,0,Post Graduate,"Rs 16,48,864 ~ 16 Lacs+","Rs 15,18,800 ~ 15 Lacs+"
860,3430,Ezhilventhan . P,https://www.myneta.info/TamilNadu2026/candidate.php?candidate_id=3430,BHUVANAGIRI,IND,0,12th Pass,"Rs 37,01,898 ~ 37 Lacs+",Rs 0 ~
861,1682,Farmer Jayaraman S K J,https://www.myneta.info/TamilNadu2026/candidate.php?candidate_id=1682,SHOLINGANALLUR,IND,0,12th Pass,https://myneta.info/image_v2.php?myneta_folder=TamilNadu2026&candidate_id=1682&col=ta,https://myneta.info/image_v2.php?myneta_folder=TamilNadu2026&candidate_id=1682&col=lia
862,2620,Farmer Jayaraman. S K J.,https://www.myneta.info/TamilNadu2026/candidate.php?candidate_id=2620,KOLATHUR,IND,0,12th Pass,"Rs 4,77,73,857 ~ 4 Crore+","Rs 1,43,21,200 ~ 1 Crore+"
863,102,Fathima Farhana.S,https://www.myneta.info/TamilNadu2026/candidate.php?candidate_id=102,NAGAPATTINAM,Naam Tamilar Katchi,0,Post Graduate,"Rs 16,25,513 ~ 16 Lacs+","Rs 1,50,000 ~ 1 Lacs+"
864,1531,Firdose Ahmed. M,https://www.myneta.info/TamilNadu2026/candidate.php?candidate_id=1531,AMBUR,IND,2,8th Pass,https://myneta.info/image_v2.php?myneta_folder=TamilNadu2026&candidate_id=1531&col=ta,https://myneta.info/image_v2.php?myneta_folder=TamilNadu2026&candidate_id=1531&col=lia
865,3211,G .Murugan,https://www.myneta.info/TamilNadu2026/candidate.php?candidate_id=3211,OTTAPIDARAM (SC),IND,0,12th Pass,"Rs 75,62,700 ~ 75 Lacs+","Rs 19,52,000 ~ 19 Lacs+"
866,3382,G Omprakash,https://www.myneta.info/TamilNadu2026/candidate.php?candidate_id=3382,ANNA NAGAR,IND,0,Graduate Professional,"Rs 8,72,000 ~ 8 Lacs+",Rs 0 ~
867,1672,G Suresh Kumar,https://www.myneta.info/TamilNadu2026/candidate.php?candidate_id=1672,SHOLINGANALLUR,IND,0,Post Graduate,https://myneta.info/image_v2.php?myneta_folder=TamilNadu2026&candidate_id=1672&col=ta,https://myneta.info/image_v2.php?myneta_folder=TamilNadu2026&candidate_id=1672&col=lia
868,3493,G Visu,https://www.myneta.info/TamilNadu2026/candidate.php?candidate_id=3493,HARBOUR,IND,0,12th Pass,"Rs 7,86,092 ~ 7 Lacs+","Rs 80,000 ~ 80 Thou+"
869,3781,G. Arivazhagan,https://www.myneta.info/TamilNadu2026/candidate.php?candidate_id=3781,PUDUKKOTTAI,IND,0,Graduate Professional,"Rs 11,77,045 ~ 11 Lacs+","Rs 2,63,000 ~ 2 Lacs+"
870,3540,G. Babu,https://www.myneta.info/TamilNadu2026/candidate.php?candidate_id=3540,KANCHEEPURAM,IND,0,5th Pass,https://myneta.info/image_v2.php?myneta_folder=TamilNadu2026&candidate_id=3540&col=ta,https://myneta.info/image_v2.php?myneta_folder=TamilNadu2026&candidate_id=3540&col=lia
871,99,G. Bakiyalakshmi,https://www.myneta.info/TamilNadu2026/candidate.php?candidate_id=99,MUSIRI,Naam Tamilar Katchi,0,Graduate Professional,"Rs 1,44,28,000 ~ 1 Crore+","Rs 29,35,000 ~ 29 Lacs+"
872,2029,G. Bothi Rajan,https://www.myneta.info/TamilNadu2026/candidate.php?candidate_id=2029,DR.RADHAKRISHNAN NAGAR,IND,0,10th Pass,"Rs 84,62,200 ~ 84 Lacs+",Rs 0 ~
873,2579,G. Christopher,https://www.myneta.info/TamilNadu2026/candidate.php?candidate_id=2579,CHENGALPATTU,IND,0,Graduate Professional,https://myneta.info/image_v2.php?myneta_folder=TamilNadu2026&candidate_id=2579&col=ta,https://myneta.info/image_v2.php?myneta_folder=TamilNadu2026&candidate_id=2579&col=lia
874,2158,G. Dhineshkumar,https://www.myneta.info/TamilNadu2026/candidate.php?candidate_id=2158,THURAIYUR (SC),IND,0,Graduate Professional,"Rs 1,12,000 ~ 1 Lacs+",Rs 0 ~
875,3789,G. Duraisaravanan,https://www.myneta.info/TamilNadu2026/candidate.php?candidate_id=3789,PUDUKKOTTAI,IND,0,Graduate Professional,"Rs 75,28,500 ~ 75 Lacs+",Rs 0 ~
876,860,G. J. Dharaniraj,https://www.myneta.info/TamilNadu2026/candidate.php?candidate_id=860,THIRU-VI-KA-NAGAR (SC),IND,0,Graduate Professional,https://myneta.info/image_v2.php?myneta_folder=TamilNadu2026&candidate_id=860&col=ta,https://myneta.info/image_v2.php?myneta_folder=TamilNadu2026&candidate_id=860&col=lia
877,1214,G. K. M. Tamilkumaran,https://www.myneta.info/TamilNadu2026/candidate.php?candidate_id=1214,PENNAGARAM,INC,0,Graduate Professional,"Rs 84,59,88,245 ~ 84 Crore+","Rs 68,69,81,418 ~ 68 Crore+"
878,2664,G. Kalyana Sundaram,https://www.myneta.info/TamilNadu2026/candidate.php?candidate_id=2664,KATTUMANNARKOIL (SC),All India Jananayaka Makkal Kazhagam,0,Post Graduate,"Rs 5,95,000 ~ 5 Lacs+",Rs 0 ~
879,1541,G. Karthikeyan,https://www.myneta.info/TamilNadu2026/candidate.php?candidate_id=1541,ROYAPURAM,IND,0,Graduate Professional,https://myneta.info/image_v2.php?myneta_folder=TamilNadu2026&candidate_id=1541&col=ta,https://myneta.info/image_v2.php?myneta_folder=TamilNadu2026&candidate_id=1541&col=lia
880,2031,G. Madhan Kumar,https://www.myneta.info/TamilNadu2026/candidate.php?candidate_id=2031,DR.RADHAKRISHNAN NAGAR,IND,0,10th Pass,"Rs 8,37,000 ~ 8 Lacs+",Rs 0 ~
881,2060,G. Maheshwaran,https://www.myneta.info/TamilNadu2026/candidate.php?candidate_id=2060,COIMBATORE (SOUTH),Tamizhaga Murpokku Makkal Katchi,0,Post Graduate,"Rs 1,18,000 ~ 1 Lacs+",Rs 0 ~
882,3778,G. Manimegalai,https://www.myneta.info/TamilNadu2026/candidate.php?candidate_id=3778,PUDUKKOTTAI,CPI(ML)(L),0,10th Pass,https://myneta.info/image_v2.php?myneta_folder=TamilNadu2026&candidate_id=3778&col=ta,https://myneta.info/image_v2.php?myneta_folder=TamilNadu2026&candidate_id=3778&col=lia
883,3404,G. Mohan,https://www.myneta.info/TamilNadu2026/candidate.php?candidate_id=3404,ARAKKONAM (SC),IND,0,10th Pass,"Rs 50,82,305 ~ 50 Lacs+",Rs 0 ~
884,2497,G. Muniyasamy,https://www.myneta.info/TamilNadu2026/candidate.php?candidate_id=2497,VILATHIKULAM,IND,0,8th Pass,"Rs 23,25,378 ~ 23 Lacs+",Rs 0 ~
885,3791,G. Muthuraj,https://www.myneta.info/TamilNadu2026/candidate.php?candidate_id=3791,PUDUKKOTTAI,IND,0,10th Pass,https://myneta.info/image_v2.php?myneta_folder=TamilNadu2026&candidate_id=3791&col=ta,https://myneta.info/image_v2.php?myneta_folder=TamilNadu2026&candidate_id=3791&col=lia
886,437,G. Poorana Selvan,https://www.myneta.info/TamilNadu2026/candidate.php?candidate_id=437,TENKASI,IND,3,Others,"Rs 9,55,500 ~ 9 Lacs+","Rs 5,80,437 ~ 5 Lacs+"
887,3121,G. Rajathi,https://www.myneta.info/TamilNadu2026/candidate.php?candidate_id=3121,SRIPERUMBUDUR (SC),IND,0,Graduate Professional,"Rs 6,05,000 ~ 6 Lacs+",Rs 0 ~
888,1844,G. Rajendiran,https://www.myneta.info/TamilNadu2026/candidate.php?candidate_id=1844,THIRUVALLUR,IND,0,Post Graduate,https://myneta.info/image_v2.php?myneta_folder=TamilNadu2026&candidate_id=1844&col=ta,https://myneta.info/image_v2.php?myneta_folder=TamilNadu2026&candidate_id=1844&col=lia
889,3040,G. Rajkumar,https://www.myneta.info/TamilNadu2026/candidate.php?candidate_id=3040,COIMBATORE (NORTH),IND,0,12th Pass,"Rs 4,024 ~ 4 Thou+",Rs 0 ~
890,879,G. Ramanathan,https://www.myneta.info/TamilNadu2026/candidate.php?candidate_id=879,POLLACHI,Tamilaga Vettri Kazhagam,0,Graduate Professional,"Rs 2,53,09,183 ~ 2 Crore+","Rs 31,74,740 ~ 31 Lacs+"
891,2002,G. Ruthra Kumar,https://www.myneta.info/TamilNadu2026/candidate.php?candidate_id=2002,PERAMBUR,IND,0,Graduate Professional,https://myneta.info/image_v2.php?myneta_folder=TamilNadu2026&candidate_id=2002&col=ta,https://myneta.info/image_v2.php?myneta_folder=TamilNadu2026&candidate_id=2002&col=lia
892,1428,G. Sampath,https://www.myneta.info/TamilNadu2026/candidate.php?candidate_id=1428,AMBATTUR,IND,0,Graduate Professional,"Rs 2,06,40,000 ~ 2 Crore+",Rs 0 ~
893,3620,G. Samuelraj,https://www.myneta.info/TamilNadu2026/candidate.php?candidate_id=3620,KUMARAPALAYAM,IND,0,10th Pass,"Rs 5,000 ~ 5 Thou+",Rs 0 ~
894,581,G. Selvaraj,https://www.myneta.info/TamilNadu2026/candidate.php?candidate_id=581,MUDUKULATHUR,Puthiya Makkal Tamil Desam Katchi,0,12th Pass,https://myneta.info/image_v2.php?myneta_folder=TamilNadu2026&candidate_id=581&col=ta,https://myneta.info/image_v2.php?myneta_folder=TamilNadu2026&candidate_id=581&col=lia
895,2040,G. Vijay,https://www.myneta.info/TamilNadu2026/candidate.php?candidate_id=2040,DR.RADHAKRISHNAN NAGAR,IND,0,Others,"Rs 7,14,660 ~ 7 Lacs+",Rs 0 ~
896,2261,G.Anbalagan,https://www.myneta.info/TamilNadu2026/candidate.php?candidate_id=2261,NILAKKOTTAI (SC),All India Puratchi Thalaivar Makkal Munnettra Kazhagam,0,Doctorate,"Rs 1,78,34,000 ~ 1 Crore+","Rs 14,00,000 ~ 14 Lacs+"
897,2544,G.Balakrishnan,https://www.myneta.info/TamilNadu2026/candidate.php?candidate_id=2544,TIRUPPUR (NORTH),IND,11,8th Pass,https://myneta.info/image_v2.php?myneta_folder=TamilNadu2026&candidate_id=2544&col=ta,https://myneta.info/image_v2.php?myneta_folder=TamilNadu2026&candidate_id=2544&col=lia
898,814,G.Balasubramani,https://www.myneta.info/TamilNadu2026/candidate.php?candidate_id=814,KULITHALAI,Tamilaga Vettri Kazhagam,0,8th Pass,"Rs 8,91,01,953 ~ 8 Crore+","Rs 1,05,13,472 ~ 1 Crore+"
899,1641,G.Chithiravelu,https://www.myneta.info/TamilNadu2026/candidate.php?candidate_id=1641,PERAVURANI,Puthiya Tamilagam,0,Post Graduate,"Rs 36,817 ~ 36 Thou+",Rs 0 ~
900,2816,G.D. Arunkumar,https://www.myneta.info/TamilNadu2026/candidate.php?candidate_id=2816,AVADI,IND,0,Graduate Professional,https://myneta.info/image_v2.php?myneta_folder=TamilNadu2026&candidate_id=2816&col=ta,https://myneta.info/image_v2.php?myneta_folder=TamilNadu2026&candidate_id=2816&col=lia
901,3024,G.D. Krishnakumar,https://www.myneta.info/TamilNadu2026/candidate.php?candidate_id=3024,COIMBATORE (NORTH),IND,0,8th Pass,"Rs 1,44,11,229 ~ 1 Crore+",Rs 0 ~
902,1510,G.Daniel Antonyraj,https://www.myneta.info/TamilNadu2026/candidate.php?candidate_id=1510,ALANDUR,IND,0,10th Pass,"Rs 11,39,200 ~ 11 Lacs+","Rs 4,32,800 ~ 4 Lacs+"
903,1290,G.Hari,https://www.myneta.info/TamilNadu2026/candidate.php?candidate_id=1290,TIRUTTANI,AIADMK,3,Post Graduate,https://myneta.info/image_v2.php?myneta_folder=TamilNadu2026&candidate_id=1290&col=ta,https://myneta.info/image_v2.php?myneta_folder=TamilNadu2026&candidate_id=1290&col=lia
904,85,G.Janakiraman,https://www.myneta.info/TamilNadu2026/candidate.php?candidate_id=85,MADURANTAKAM (SC),Naam Tamilar Katchi,0,Post Graduate,"Rs 41,84,358 ~ 41 Lacs+","Rs 28,43,000 ~ 28 Lacs+"
905,3345,G.John Pandian,https://www.myneta.info/TamilNadu2026/candidate.php?candidate_id=3345,PALLAVARAM,IND,0,12th Pass,"Rs 17,25,140 ~ 17 Lacs+","Rs 1,63,000 ~ 1 Lacs+"
906,492,G.Kapil,https://www.myneta.info/TamilNadu2026/candidate.php?candidate_id=492,SHOLINGHUR,Tamilaga Vettri Kazhagam,0,Graduate Professional,https://myneta.info/image_v2.php?myneta_folder=TamilNadu2026&candidate_id=492&col=ta,https://myneta.info/image_v2.php?myneta_folder=TamilNadu2026&candidate_id=492&col=lia
907,1431,G.P. Sekar,https://www.myneta.info/TamilNadu2026/candidate.php?candidate_id=1431,AMBATTUR,IND,0,Literate,"Rs 4,06,000 ~ 4 Lacs+",Rs 0 ~
908,2625,G.R. Rajendran,https://www.myneta.info/TamilNadu2026/candidate.php?candidate_id=2625,EGMORE (SC),National Maha Sabha Party,0,10th Pass,"Rs 71,000 ~ 71 Thou+","Rs 55,000 ~ 55 Thou+"
909,1060,G.Rajasekaran,https://www.myneta.info/TamilNadu2026/candidate.php?candidate_id=1060,TIRUCHIRAPPALLI (EAST),AIADMK,0,Graduate Professional,https://myneta.info/image_v2.php?myneta_folder=TamilNadu2026&candidate_id=1060&col=ta,https://myneta.info/image_v2.php?myneta_folder=TamilNadu2026&candidate_id=1060&col=lia
910,1061,G.Ramamoorthi,https://www.myneta.info/TamilNadu2026/candidate.php?candidate_id=1061,TIRUCHIRAPPALLI (WEST),Tamilaga Vettri Kazhagam,0,Graduate,"Rs 2,31,13,486 ~ 2 Crore+",Rs 0 ~
911,1512,G.Ramanan,https://www.myneta.info/TamilNadu2026/candidate.php?candidate_id=1512,ALANDUR,IND,0,Graduate,"Rs 43,64,572 ~ 43 Lacs+",Rs 0 ~
912,3332,G.Rameshbabu,https://www.myneta.info/TamilNadu2026/candidate.php?candidate_id=3332,PALLAVARAM,Indhu Dravida Makkal Katchi,2,12th Pass,https://myneta.info/image_v2.php?myneta_folder=TamilNadu2026&candidate_id=3332&col=ta,https://myneta.info/image_v2.php?myneta_folder=TamilNadu2026&candidate_id=3332&col=lia
913,2431,G.Ranjith,https://www.myneta.info/TamilNadu2026/candidate.php?candidate_id=2431,GUMMIDIPOONDI,IND,0,Graduate Professional,"Rs 4,66,754 ~ 4 Lacs+",Rs 0 ~
914,382,G.Sebastian Anand,https://www.myneta.info/TamilNadu2026/candidate.php?candidate_id=382,TIRUCHIRAPPALLI (EAST),IND,0,Graduate Professional,"Rs 20,23,600 ~ 20 Lacs+",Rs 0 ~
915,2534,G.Selvaraj,https://www.myneta.info/TamilNadu2026/candidate.php?candidate_id=2534,PALLADAM,IND,0,5th Pass,https://myneta.info/image_v2.php?myneta_folder=TamilNadu2026&candidate_id=2534&col=ta,https://myneta.info/image_v2.php?myneta_folder=TamilNadu2026&candidate_id=2534&col=lia
916,3385,G.Siva Kumar,https://www.myneta.info/TamilNadu2026/candidate.php?candidate_id=3385,ANNA NAGAR,IND,0,Post Graduate,"Rs 12,55,500 ~ 12 Lacs+",Rs 0 ~
917,714,G.Thalapathi,https://www.myneta.info/TamilNadu2026/candidate.php?candidate_id=714,MADURAI NORTH,DMK,0,10th Pass,"Rs 38,12,41,493 ~ 38 Crore+","Rs 12,19,52,337 ~ 12 Crore+"
918,321,G.Vijay Mohan,https://www.myneta.info/TamilNadu2026/candidate.php?candidate_id=321,ARCOT,Tamilaga Vettri Kazhagam,0,5th Pass,https://myneta.info/image_v2.php?myneta_folder=TamilNadu2026&candidate_id=321&col=ta,https://myneta.info/image_v2.php?myneta_folder=TamilNadu2026&candidate_id=321&col=lia
919,1216,Gajendran. S.,https://www.myneta.info/TamilNadu2026/candidate.php?candidate_id=1216,PENNAGARAM,Tamilaga Vettri Kazhagam,0,5th Pass,"Rs 4,98,21,000 ~ 4 Crore+",Rs 0 ~
920,2728,Gajendran.Kanaga,https://www.myneta.info/TamilNadu2026/candidate.php?candidate_id=2728,SIRKAZHI (SC),BSP,0,Graduate Professional,"Rs 46,47,000 ~ 46 Lacs+","Rs 26,00,000 ~ 26 Lacs+"
921,259,Ganapathy. K,https://www.myneta.info/TamilNadu2026/candidate.php?candidate_id=259,MADHURAVOYAL,DMK,0,8th Pass,https://myneta.info/image_v2.php?myneta_folder=TamilNadu2026&candidate_id=259&col=ta,https://myneta.info/image_v2.php?myneta_folder=TamilNadu2026&candidate_id=259&col=lia
922,403,Ganapathy. S,https://www.myneta.info/TamilNadu2026/candidate.php?candidate_id=403,ARANI,Thamizhaka Padaippalar Makkal Katchi,0,Others,"Rs 11,35,000 ~ 11 Lacs+","Rs 4,00,000 ~ 4 Lacs+"
923,1200,Gandhi M R,https://www.myneta.info/TamilNadu2026/candidate.php?candidate_id=1200,NAGERCOIL,BJP,24,Graduate,"Rs 61,22,083 ~ 61 Lacs+",Rs 0 ~
924,281,Gandhian Ramesh T,https://www.myneta.info/TamilNadu2026/candidate.php?candidate_id=281,NAMAKKAL,Ahimsa Socialist Party,0,Others,https://myneta.info/image_v2.php?myneta_folder=TamilNadu2026&candidate_id=281&col=ta,https://myneta.info/image_v2.php?myneta_folder=TamilNadu2026&candidate_id=281&col=lia
925,3542,Ganesan .P,https://www.myneta.info/TamilNadu2026/candidate.php?candidate_id=3542,KATPADI,Indhu Dravida Makkal Katchi,0,5th Pass,"Rs 15,000 ~ 15 Thou+",Rs 0 ~
926,1297,Ganesan C.V,https://www.myneta.info/TamilNadu2026/candidate.php?candidate_id=1297,TITTAKUDI (SC),DMK,0,Post Graduate,"Rs 10,93,13,076 ~ 10 Crore+","Rs 6,49,29,838 ~ 6 Crore+"
927,3886,Ganesan M,https://www.myneta.info/TamilNadu2026/candidate.php?candidate_id=3886,SIVAKASI,All India Puratchi Thalaivar Makkal Munnettra Kazhagam,0,8th Pass,https://myneta.info/image_v2.php?myneta_folder=TamilNadu2026&candidate_id=3886&col=ta,https://myneta.info/image_v2.php?myneta_folder=TamilNadu2026&candidate_id=3886&col=lia
928,3888,Ganesan S,https://www.myneta.info/TamilNadu2026/candidate.php?candidate_id=3888,SIVAKASI,IND,0,8th Pass,"Rs 13,42,393 ~ 13 Lacs+","Rs 1,21,000 ~ 1 Lacs+"
929,635,Ganesan V,https://www.myneta.info/TamilNadu2026/candidate.php?candidate_id=635,SIVAKASI,IND,0,Illiterate,"Rs 7,30,000 ~ 7 Lacs+","Rs 70,000 ~ 70 Thou+"
930,1111,Ganesan V.G.,https://www.myneta.info/TamilNadu2026/candidate.php?candidate_id=1111,VIRUDHUNAGAR,AIADMK,1,10th Pass,https://myneta.info/image_v2.php?myneta_folder=TamilNadu2026&candidate_id=1111&col=ta,https://myneta.info/image_v2.php?myneta_folder=TamilNadu2026&candidate_id=1111&col=lia
931,3291,Ganesan. K,https://www.myneta.info/TamilNadu2026/candidate.php?candidate_id=3291,RAJAPALAYAM,IND,0,Graduate,"Rs 7,37,779 ~ 7 Lacs+","Rs 18,40,000 ~ 18 Lacs+"
932,2942,Ganesan. M,https://www.myneta.info/TamilNadu2026/candidate.php?candidate_id=2942,KADAYANALLUR,IND,0,10th Pass,"Rs 1,00,000 ~ 1 Lacs+",Rs 0 ~
933,2694,Ganesan. P,https://www.myneta.info/TamilNadu2026/candidate.php?candidate_id=2694,KRISHNARAYAPURAM (SC),IND,0,10th Pass,https://myneta.info/image_v2.php?myneta_folder=TamilNadu2026&candidate_id=2694&col=ta,https://myneta.info/image_v2.php?myneta_folder=TamilNadu2026&candidate_id=2694&col=lia
934,1916,Ganesan. S,https://www.myneta.info/TamilNadu2026/candidate.php?candidate_id=1916,PAPPIREDDIPATTI,Vishwa Tamil Kazhagam,0,10th Pass,"Rs 7,19,000 ~ 7 Lacs+",Rs 0 ~
935,3311,Ganesan. V,https://www.myneta.info/TamilNadu2026/candidate.php?candidate_id=3311,ARUPPUKOTTAI,Puthiya Makkal Tamil Desam Katchi,0,10th Pass,"Rs 61,35,200 ~ 61 Lacs+","Rs 26,62,300 ~ 26 Lacs+"
936,3094,Ganesh Perumal. D,https://www.myneta.info/TamilNadu2026/candidate.php?candidate_id=3094,DINDIGUL,IND,0,Graduate Professional,https://myneta.info/image_v2.php?myneta_folder=TamilNadu2026&candidate_id=3094&col=ta,https://myneta.info/image_v2.php?myneta_folder=TamilNadu2026&candidate_id=3094&col=lia
937,2551,Ganesh S.,https://www.myneta.info/TamilNadu2026/candidate.php?candidate_id=2551,UDUMALAIPETTAI,IND,0,8th Pass,"Rs 16,001 ~ 16 Thou+",Rs 0 ~
938,3131,Ganesh. N,https://www.myneta.info/TamilNadu2026/candidate.php?candidate_id=3131,COLACHAL,Thamizhaka Padaippalar Makkal Katchi,0,Post Graduate,"Rs 35,87,000 ~ 35 Lacs+","Rs 63,44,000 ~ 63 Lacs+"
939,207,Ganesh. R,https://www.myneta.info/TamilNadu2026/candidate.php?candidate_id=207,VANDAVASI (SC),Naam Tamilar Katchi,1,Graduate,https://myneta.info/image_v2.php?myneta_folder=TamilNadu2026&candidate_id=207&col=ta,https://myneta.info/image_v2.php?myneta_folder=TamilNadu2026&candidate_id=207&col=lia
940,530,Ganesh.M,https://www.myneta.info/TamilNadu2026/candidate.php?candidate_id=530,HOSUR,IND,0,Graduate,"Rs 5,65,000 ~ 5 Lacs+",Rs 0 ~
941,3905,Ganeshan. S,https://www.myneta.info/TamilNadu2026/candidate.php?candidate_id=3905,TENKASI,IND,0,10th Pass,"Rs 16,12,268 ~ 16 Lacs+","Rs 72,000 ~ 72 Thou+"
942,1161,Ganeshkumar A,https://www.myneta.info/TamilNadu2026/candidate.php?candidate_id=1161,GINGEE,Pattali Makkal Katchi,1,Post Graduate,https://myneta.info/image_v2.php?myneta_folder=TamilNadu2026&candidate_id=1161&col=ta,https://myneta.info/image_v2.php?myneta_folder=TamilNadu2026&candidate_id=1161&col=lia
943,3154,Gangadharan. R,https://www.myneta.info/TamilNadu2026/candidate.php?candidate_id=3154,MAYILADUTHURAI,IND,0,12th Pass,"Rs 7,000 ~ 7 Thou+",Rs 0 ~
944,2893,Gangadurai. K,https://www.myneta.info/TamilNadu2026/candidate.php?candidate_id=2893,CHEYYUR (SC),Tamizhaga Vaazhvurimai Katchi,0,8th Pass,"Rs 18,00,500 ~ 18 Lacs+","Rs 9,65,000 ~ 9 Lacs+"
945,3838,Gangasekar A,https://www.myneta.info/TamilNadu2026/candidate.php?candidate_id=3838,SANKARAPURAM,MAKKAL SAKTHI KATCHI,0,12th Pass,https://myneta.info/image_v2.php?myneta_folder=TamilNadu2026&candidate_id=3838&col=ta,https://myneta.info/image_v2.php?myneta_folder=TamilNadu2026&candidate_id=3838&col=lia
946,2543,Ganishkar,https://www.myneta.info/TamilNadu2026/candidate.php?candidate_id=2543,TIRUPPUR (NORTH),IND,0,Graduate Professional,"Rs 9,64,564 ~ 9 Lacs+",Rs 0 ~
947,1119,Gbs K.Nagendran,https://www.myneta.info/TamilNadu2026/candidate.php?candidate_id=1119,RAMANATHAPURAM,BJP,2,Graduate,"Rs 12,74,45,362 ~ 12 Crore+","Rs 22,00,000 ~ 22 Lacs+"
948,2674,George Stephen. A,https://www.myneta.info/TamilNadu2026/candidate.php?candidate_id=2674,PERUNDURAI,IND,1,10th Pass,https://myneta.info/image_v2.php?myneta_folder=TamilNadu2026&candidate_id=2674&col=ta,https://myneta.info/image_v2.php?myneta_folder=TamilNadu2026&candidate_id=2674&col=lia
949,1371,Gingee Masthan K S,https://www.myneta.info/TamilNadu2026/candidate.php?candidate_id=1371,GINGEE,DMK,0,8th Pass,"Rs 3,61,95,927 ~ 3 Crore+","Rs 75,00,000 ~ 75 Lacs+"
950,2644,Gingston. M,https://www.myneta.info/TamilNadu2026/candidate.php?candidate_id=2644,SAIDAPET,IND,0,Post Graduate,"Rs 3,70,000 ~ 3 Lacs+",Rs 0 ~
951,134,Girija Thamaraipandian.D,https://www.myneta.info/TamilNadu2026/candidate.php?candidate_id=134,RADHAPURAM,Naam Tamilar Katchi,1,Doctorate,https://myneta.info/image_v2.php?myneta_folder=TamilNadu2026&candidate_id=134&col=ta,https://myneta.info/image_v2.php?myneta_folder=TamilNadu2026&candidate_id=134&col=lia
952,2326,Girishkumar.A,https://www.myneta.info/TamilNadu2026/candidate.php?candidate_id=2326,THIRUMANGALAM,IND,0,Illiterate,"Rs 1,79,500 ~ 1 Lacs+",Rs 0 ~
953,3538,Gnanamoorthy,https://www.myneta.info/TamilNadu2026/candidate.php?candidate_id=3538,KANCHEEPURAM,IND,0,5th Pass,"Rs 8,14,875 ~ 8 Lacs+",Rs 0 ~
954,1284,Gnanasekar. A,https://www.myneta.info/TamilNadu2026/candidate.php?candidate_id=1284,TIRUPATTUR,Amma Makkal Munnettra Kazagam,0,12th Pass,https://myneta.info/image_v2.php?myneta_folder=TamilNadu2026&candidate_id=1284&col=ta,https://myneta.info/image_v2.php?myneta_folder=TamilNadu2026&candidate_id=1284&col=lia
955,3917,Gnanasekaran G,https://www.myneta.info/TamilNadu2026/candidate.php?candidate_id=3917,THIYAGARAYANAGAR,IND,0,5th Pass,"Rs 6,300 ~ 6 Thou+",Rs 0 ~
956,4046,Gnanasekaran. M,https://www.myneta.info/TamilNadu2026/candidate.php?candidate_id=4046,TIRUPATTUR,IND,0,10th Pass,"Rs 5,42,500 ~ 5 Lacs+","Rs 80,000 ~ 80 Thou+"
957,3770,Gnanaselvam. S.,https://www.myneta.info/TamilNadu2026/candidate.php?candidate_id=3770,PENNAGARAM,IND,0,10th Pass,https://myneta.info/image_v2.php?myneta_folder=TamilNadu2026&candidate_id=3770&col=ta,https://myneta.info/image_v2.php?myneta_folder=TamilNadu2026&candidate_id=3770&col=lia
958,1907,Gnanasundari.M,https://www.myneta.info/TamilNadu2026/candidate.php?candidate_id=1907,VRIDHACHALAM,Aanaithinthiya Jananayaka Pathukappu Kazhagam,0,Graduate,"Rs 47,17,303 ~ 47 Lacs+","Rs 1,00,000 ~ 1 Lacs+"
959,2151,Gnanavettiyan Sivaperumal .K,https://www.myneta.info/TamilNadu2026/candidate.php?candidate_id=2151,THURAIYUR (SC),Tamizhaga Vaazhvurimai Katchi,0,Graduate,"Rs 1,87,000 ~ 1 Lacs+","Rs 6,00,000 ~ 6 Lacs+"
960,3394,Gobal.S.C.R,https://www.myneta.info/TamilNadu2026/candidate.php?candidate_id=3394,ANTHIYUR,Aanaithinthiya Jananayaka Pathukappu Kazhagam,0,5th Pass,https://myneta.info/image_v2.php?myneta_folder=TamilNadu2026&candidate_id=3394&col=ta,https://myneta.info/image_v2.php?myneta_folder=TamilNadu2026&candidate_id=3394&col=lia
961,3155,Gobala Krishnan. S,https://www.myneta.info/TamilNadu2026/candidate.php?candidate_id=3155,MAYILADUTHURAI,IND,0,5th Pass,"Rs 9,15,000 ~ 9 Lacs+","Rs 3,17,000 ~ 3 Lacs+"
962,2751,Gobinathan. R,https://www.myneta.info/TamilNadu2026/candidate.php?candidate_id=2751,OMALUR,IND,0,Graduate Professional,"Rs 22,14,758 ~ 22 Lacs+","Rs 4,77,811 ~ 4 Lacs+"
963,3229,Gokilamani. M,https://www.myneta.info/TamilNadu2026/candidate.php?candidate_id=3229,AVANASHI (SC),IND,0,5th Pass,https://myneta.info/image_v2.php?myneta_folder=TamilNadu2026&candidate_id=3229&col=ta,https://myneta.info/image_v2.php?myneta_folder=TamilNadu2026&candidate_id=3229&col=lia
964,2225,Gokul Raj B,https://www.myneta.info/TamilNadu2026/candidate.php?candidate_id=2225,VIKRAVANDI,IND,0,12th Pass,"Rs 6,03,545 ~ 6 Lacs+","Rs 3,00,000 ~ 3 Lacs+"
965,2058,Gokula Krishnan.S,https://www.myneta.info/TamilNadu2026/candidate.php?candidate_id=2058,COIMBATORE (SOUTH),Tamizhaga Vaazhvurimai Katchi,5,Graduate Professional,"Rs 4,45,12,300 ~ 4 Crore+","Rs 70,000 ~ 70 Thou+"
966,3250,Gokulraj S,https://www.myneta.info/TamilNadu2026/candidate.php?candidate_id=3250,GINGEE,IND,0,12th Pass,https://myneta.info/image_v2.php?myneta_folder=TamilNadu2026&candidate_id=3250&col=ta,https://myneta.info/image_v2.php?myneta_folder=TamilNadu2026&candidate_id=3250&col=lia
967,3194,Gomathi .M,https://www.myneta.info/TamilNadu2026/candidate.php?candidate_id=3194,ANDIPATTI,Naam Tamilar Katchi,0,Graduate Professional,"Rs 2,54,75,050 ~ 2 Crore+","Rs 39,08,000 ~ 39 Lacs+"
968,3900,Gomathi Sankar,https://www.myneta.info/TamilNadu2026/candidate.php?candidate_id=3900,TENKASI,Tamizhaga Vaazhvurimai Katchi,3,Others,"Rs 9,63,750 ~ 9 Lacs+","Rs 2,50,000 ~ 2 Lacs+"
969,2689,Gomathi. M,https://www.myneta.info/TamilNadu2026/candidate.php?candidate_id=2689,KRISHNARAYAPURAM (SC),BSP,0,Illiterate,https://myneta.info/image_v2.php?myneta_folder=TamilNadu2026&candidate_id=2689&col=ta,https://myneta.info/image_v2.php?myneta_folder=TamilNadu2026&candidate_id=2689&col=lia
970,3737,Gopal R,https://www.myneta.info/TamilNadu2026/candidate.php?candidate_id=3737,NATHAM,IND,0,8th Pass,"Rs 40,000 ~ 40 Thou+",Rs 0 ~
971,2425,Gopal.K,https://www.myneta.info/TamilNadu2026/candidate.php?candidate_id=2425,GUMMIDIPOONDI,IND,0,10th Pass,"Rs 27,92,889 ~ 27 Lacs+","Rs 2,20,000 ~ 2 Lacs+"
972,285,Gopal.S,https://www.myneta.info/TamilNadu2026/candidate.php?candidate_id=285,ANDIPATTI,IND,0,5th Pass,https://myneta.info/image_v2.php?myneta_folder=TamilNadu2026&candidate_id=285&col=ta,https://myneta.info/image_v2.php?myneta_folder=TamilNadu2026&candidate_id=285&col=lia
973,4075,Gopala Krishnan. A,https://www.myneta.info/TamilNadu2026/candidate.php?candidate_id=4075,KARUR,IND,0,Graduate Professional,"Rs 99,36,396 ~ 99 Lacs+","Rs 90,000 ~ 90 Thou+"
974,358,Gopalakrishnan,https://www.myneta.info/TamilNadu2026/candidate.php?candidate_id=358,KUMARAPALAYAM,IND,0,Graduate Professional,"Rs 18,15,000 ~ 18 Lacs+",Rs 0 ~
975,2168,Gopalakrishnan,https://www.myneta.info/TamilNadu2026/candidate.php?candidate_id=2168,TIRUCHENDUR,All India Puratchi Thalaivar Makkal Munnettra Kazhagam,0,10th Pass,https://myneta.info/image_v2.php?myneta_folder=TamilNadu2026&candidate_id=2168&col=ta,https://myneta.info/image_v2.php?myneta_folder=TamilNadu2026&candidate_id=2168&col=lia
976,2064,Gopalakrishnan,https://www.myneta.info/TamilNadu2026/candidate.php?candidate_id=2064,COIMBATORE (SOUTH),IND,0,Graduate Professional,"Rs 35,87,064 ~ 35 Lacs+","Rs 6,31,754 ~ 6 Lacs+"
977,1954,Gopalakrishnan. V,https://www.myneta.info/TamilNadu2026/candidate.php?candidate_id=1954,MANACHANALLUR,IND,0,Post Graduate,"Rs 19,32,400 ~ 19 Lacs+",Rs 0 ~
978,1620,Gopalan G,https://www.myneta.info/TamilNadu2026/candidate.php?candidate_id=1620,PARAMATHIVELUR,IND,0,5th Pass,https://myneta.info/image_v2.php?myneta_folder=TamilNadu2026&candidate_id=1620&col=ta,https://myneta.info/image_v2.php?myneta_folder=TamilNadu2026&candidate_id=1620&col=lia
979,2678,Gopalan.M,https://www.myneta.info/TamilNadu2026/candidate.php?candidate_id=2678,BHAVANISAGAR (SC),IND,0,Illiterate,"Rs 12,30,300 ~ 12 Lacs+",Rs 0 ~
980,692,Gopi Krishnan Pillai. S,https://www.myneta.info/TamilNadu2026/candidate.php?candidate_id=692,DINDIGUL,Rashtriya Samaj Dal (R),0,5th Pass,"Rs 3,80,000 ~ 3 Lacs+",Rs 0 ~
981,371,Gopi. C,https://www.myneta.info/TamilNadu2026/candidate.php?candidate_id=371,YERCAUD (ST),CPI(ML)(L),0,8th Pass,https://myneta.info/image_v2.php?myneta_folder=TamilNadu2026&candidate_id=371&col=ta,https://myneta.info/image_v2.php?myneta_folder=TamilNadu2026&candidate_id=371&col=lia
982,2453,Gopi. K,https://www.myneta.info/TamilNadu2026/candidate.php?candidate_id=2453,THIRUVOTTIYUR,IND,0,Graduate Professional,"Rs 13,75,275 ~ 13 Lacs+",Rs 0 ~
983,2777,Gopi. R,https://www.myneta.info/TamilNadu2026/candidate.php?candidate_id=2777,VEERAPANDI,IND,0,8th Pass,"Rs 92,60,588 ~ 92 Lacs+","Rs 8,74,000 ~ 8 Lacs+"
984,3755,Gopi. R.,https://www.myneta.info/TamilNadu2026/candidate.php?candidate_id=3755,PALACODE,Tamilaga Vettri Kazhagam,0,Post Graduate,https://myneta.info/image_v2.php?myneta_folder=TamilNadu2026&candidate_id=3755&col=ta,https://myneta.info/image_v2.php?myneta_folder=TamilNadu2026&candidate_id=3755&col=lia
985,2898,Gopikrishna. D,https://www.myneta.info/TamilNadu2026/candidate.php?candidate_id=2898,CHEYYUR (SC),IND,0,Graduate Professional,"Rs 5,000 ~ 5 Thou+",Rs 0 ~
986,1127,Gopinath Palaniyappan,https://www.myneta.info/TamilNadu2026/candidate.php?candidate_id=1127,ERODE (EAST),INC,0,Post Graduate,"Rs 19,68,45,034 ~ 19 Crore+","Rs 2,18,969 ~ 2 Lacs+"
987,2778,Gopinath. B,https://www.myneta.info/TamilNadu2026/candidate.php?candidate_id=2778,VEERAPANDI,IND,0,Graduate Professional,https://myneta.info/image_v2.php?myneta_folder=TamilNadu2026&candidate_id=2778&col=ta,https://myneta.info/image_v2.php?myneta_folder=TamilNadu2026&candidate_id=2778&col=lia
988,3986,Gopinath.G,https://www.myneta.info/TamilNadu2026/candidate.php?candidate_id=3986,VIRUGAMPAKKAM,IND,0,Graduate Professional,"Rs 3,05,332 ~ 3 Lacs+","Rs 1,79,815 ~ 1 Lacs+"
989,3200,Gopinath.P,https://www.myneta.info/TamilNadu2026/candidate.php?candidate_id=3200,ANDIPATTI,IND,0,Others,"Rs 65,010 ~ 65 Thou+",Rs 0 ~
990,964,Gopinath.S,https://www.myneta.info/TamilNadu2026/candidate.php?candidate_id=964,SIRKAZHI (SC),Tamilaga Vettri Kazhagam,0,Graduate Professional,https://myneta.info/image_v2.php?myneta_folder=TamilNadu2026&candidate_id=964&col=ta,https://myneta.info/image_v2.php?myneta_folder=TamilNadu2026&candidate_id=964&col=lia
991,983,Gopirajan. G,https://www.myneta.info/TamilNadu2026/candidate.php?candidate_id=983,PARAMAKUDI (SC),Tamilaga Vettri Kazhagam,0,Post Graduate,"Rs 2,56,02,863 ~ 2 Crore+","Rs 1,17,86,760 ~ 1 Crore+"
992,2871,Gopu V S,https://www.myneta.info/TamilNadu2026/candidate.php?candidate_id=2871,MAILAM,IND,0,Graduate Professional,"Rs 34,90,000 ~ 34 Lacs+","Rs 11,14,000 ~ 11 Lacs+"
993,174,Govi.Chezhiaan,https://www.myneta.info/TamilNadu2026/candidate.php?candidate_id=174,THIRUVIDAIMARUDUR (SC),DMK,2,Doctorate,https://myneta.info/image_v2.php?myneta_folder=TamilNadu2026&candidate_id=174&col=ta,https://myneta.info/image_v2.php?myneta_folder=TamilNadu2026&candidate_id=174&col=lia
994,1218,Govi.Elango,https://www.myneta.info/TamilNadu2026/candidate.php?candidate_id=1218,PERAVURANI,AIADMK,3,Graduate Professional,"Rs 3,17,57,440 ~ 3 Crore+","Rs 1,43,37,000 ~ 1 Crore+"
995,4044,Govind. T.G,https://www.myneta.info/TamilNadu2026/candidate.php?candidate_id=4044,TIRUPATTUR,IND,0,Post Graduate,"Rs 15,18,95,848 ~ 15 Crore+","Rs 4,02,32,172 ~ 4 Crore+"
996,3224,Govindan.P,https://www.myneta.info/TamilNadu2026/candidate.php?candidate_id=3224,AVANASHI (SC),BSP,0,10th Pass,https://myneta.info/image_v2.php?myneta_folder=TamilNadu2026&candidate_id=3224&col=ta,https://myneta.info/image_v2.php?myneta_folder=TamilNadu2026&candidate_id=3224&col=lia
997,2465,Govindaraj.G,https://www.myneta.info/TamilNadu2026/candidate.php?candidate_id=2465,MANNARGUDI,Tamizhaga Vaazhvurimai Katchi,0,5th Pass,"Rs 76,20,000 ~ 76 Lacs+","Rs 12,00,000 ~ 12 Lacs+"
998,1875,Govindaraj.G.J,https://www.myneta.info/TamilNadu2026/candidate.php?candidate_id=1875,VEPPANAHALLI,IND,0,10th Pass,"Rs 74,00,587 ~ 74 Lacs+","Rs 16,65,000 ~ 16 Lacs+"
999,3451,Govindaraj.V,https://www.myneta.info/TamilNadu2026/candidate.php?candidate_id=3451,EDAPPADI,Tamizhaga Vaazhvurimai Katchi,0,Graduate,https://myneta.info/image_v2.php?myneta_folder=TamilNadu2026&candidate_id=3451&col=ta,https://myneta.info/image_v2.php?myneta_folder=TamilNadu2026&candidate_id=3451&col=lia
1000,3277,Govindhakannan M,https://www.myneta.info/TamilNadu2026/candidate.php?candidate_id=3277,TIRUKKOYILUR,BSP,0,10th Pass,"Rs 4,87,800 ~ 4 Lacs+",Rs 0 ~
1001,1528,Govindhan. A,https://www.myneta.info/TamilNadu2026/candidate.php?candidate_id=1528,AMBUR,All India Youth Development Party,0,Literate,"Rs 6,39,000 ~ 6 Lacs+",Rs 0 ~
1002,1075,Gowri Chitra,https://www.myneta.info/TamilNadu2026/candidate.php?candidate_id=1075,DHARAPURAM (SC),Tamilaga Vettri Kazhagam,0,Post Graduate,https://myneta.info/image_v2.php?myneta_folder=TamilNadu2026&candidate_id=1075&col=ta,https://myneta.info/image_v2.php?myneta_folder=TamilNadu2026&candidate_id=1075&col=lia
1003,2850,Gowri.P,https://www.myneta.info/TamilNadu2026/candidate.php?candidate_id=2850,DHARAPURAM (SC),IND,0,Others,"Rs 1,34,422 ~ 1 Lacs+",Rs 0 ~
1004,3235,Gowtham,https://www.myneta.info/TamilNadu2026/candidate.php?candidate_id=3235,KANGAYAM,IND,0,Others,"Rs 65,74,284 ~ 65 Lacs+",Rs 0 ~
1005,2923,Gowtham C,https://www.myneta.info/TamilNadu2026/candidate.php?candidate_id=2923,RISHIVANDIYAM,IND,0,Graduate Professional,https://myneta.info/image_v2.php?myneta_folder=TamilNadu2026&candidate_id=2923&col=ta,https://myneta.info/image_v2.php?myneta_folder=TamilNadu2026&candidate_id=2923&col=lia
1006,1087,Gowtham D,https://www.myneta.info/TamilNadu2026/candidate.php?candidate_id=1087,VANUR (SC),DMK,0,Graduate Professional,"Rs 5,09,84,222 ~ 5 Crore+","Rs 2,36,75,425 ~ 2 Crore+"
1007,3281,Gowtham S,https://www.myneta.info/TamilNadu2026/candidate.php?candidate_id=3281,TIRUKKOYILUR,IND,0,Graduate,"Rs 8,99,129 ~ 8 Lacs+",Rs 0 ~
1008,1776,Gowtham.R,https://www.myneta.info/TamilNadu2026/candidate.php?candidate_id=1776,BODINAYAKKANUR,IND,0,Others,https://myneta.info/image_v2.php?myneta_folder=TamilNadu2026&candidate_id=1776&col=ta,https://myneta.info/image_v2.php?myneta_folder=TamilNadu2026&candidate_id=1776&col=lia
1009,1768,Gowthaman. M,https://www.myneta.info/TamilNadu2026/candidate.php?candidate_id=1768,VEDHARANYAM,IND,0,Others,"Rs 6,94,898 ~ 6 Lacs+","Rs 3,00,000 ~ 3 Lacs+"
1010,2745,Gunaprakash. D,https://www.myneta.info/TamilNadu2026/candidate.php?candidate_id=2745,GANGAVALLI (SC),IND,0,Graduate,"Rs 11,77,436 ~ 11 Lacs+",Rs 0 ~
1011,142,Gunaseela. M,https://www.myneta.info/TamilNadu2026/candidate.php?candidate_id=142,SALEM (NORTH),Naam Tamilar Katchi,0,Post Graduate,https://myneta.info/image_v2.php?myneta_folder=TamilNadu2026&candidate_id=142&col=ta,https://myneta.info/image_v2.php?myneta_folder=TamilNadu2026&candidate_id=142&col=lia
1012,2286,Gunasekar.V,https://www.myneta.info/TamilNadu2026/candidate.php?candidate_id=2286,UTHIRAMERUR,IND,0,10th Pass,"Rs 10,46,500 ~ 10 Lacs+","Rs 45,660 ~ 45 Thou+"
1013,2190,Gunasekaran .R,https://www.myneta.info/TamilNadu2026/candidate.php?candidate_id=2190,SALEM (WEST),BSP,0,8th Pass,"Rs 33,30,200 ~ 33 Lacs+",Rs 0 ~
1014,1809,Gunasekaran S,https://www.myneta.info/TamilNadu2026/candidate.php?candidate_id=1809,NAGERCOIL,IND,0,12th Pass,https://myneta.info/image_v2.php?myneta_folder=TamilNadu2026&candidate_id=1809&col=ta,https://myneta.info/image_v2.php?myneta_folder=TamilNadu2026&candidate_id=1809&col=lia
1015,4058,Gunasekaran. K,https://www.myneta.info/TamilNadu2026/candidate.php?candidate_id=4058,KARUR,Tamizhaga Vaazhvurimai Katchi,0,8th Pass,"Rs 26,96,649 ~ 26 Lacs+",Rs 0 ~
1016,3932,Gunasekaran.G,https://www.myneta.info/TamilNadu2026/candidate.php?candidate_id=3932,TIRUCHULI,Puthiya Tamilagam,3,8th Pass,"Rs 18,64,533 ~ 18 Lacs+","Rs 1,66,000 ~ 1 Lacs+"
1017,3580,Gunasekaran.P,https://www.myneta.info/TamilNadu2026/candidate.php?candidate_id=3580,KOVILPATTI,IND,0,Illiterate,https://myneta.info/image_v2.php?myneta_folder=TamilNadu2026&candidate_id=3580&col=ta,https://myneta.info/image_v2.php?myneta_folder=TamilNadu2026&candidate_id=3580&col=lia
1018,2298,Gunasekaran.P,https://www.myneta.info/TamilNadu2026/candidate.php?candidate_id=2298,SHOLAVANDAN (SC),IND,0,12th Pass,"Rs 2,31,23,730 ~ 2 Crore+","Rs 73,75,000 ~ 73 Lacs+"
1019,1468,Gunasundaram R,https://www.myneta.info/TamilNadu2026/candidate.php?candidate_id=1468,VIRUDHUNAGAR,IND,0,Doctorate,"Rs 26,15,000 ~ 26 Lacs+",Rs 0 ~
1020,2714,Guru Karthick T,https://www.myneta.info/TamilNadu2026/candidate.php?candidate_id=2714,MADURAI CENTRAL,IND,0,10th Pass,https://myneta.info/image_v2.php?myneta_folder=TamilNadu2026&candidate_id=2714&col=ta,https://myneta.info/image_v2.php?myneta_folder=TamilNadu2026&candidate_id=2714&col=lia
1021,1819,Gurumoorthy M,https://www.myneta.info/TamilNadu2026/candidate.php?candidate_id=1819,PATTUKKOTTAI,Puthiya Tamilagam,0,10th Pass,"Rs 67,11,000 ~ 67 Lacs+","Rs 12,45,000 ~ 12 Lacs+"
1022,2979,Gurunathan N.,https://www.myneta.info/TamilNadu2026/candidate.php?candidate_id=2979,JAYANKONDAM,IND,0,5th Pass,"Rs 3,000 ~ 3 Thou+",Rs 0 ~
1023,1469,Gurusamy S,https://www.myneta.info/TamilNadu2026/candidate.php?candidate_id=1469,VIRUDHUNAGAR,IND,0,10th Pass,https://myneta.info/image_v2.php?myneta_folder=TamilNadu2026&candidate_id=1469&col=ta,https://myneta.info/image_v2.php?myneta_folder=TamilNadu2026&candidate_id=1469&col=lia
1024,3581,Gurusamy.K,https://www.myneta.info/TamilNadu2026/candidate.php?candidate_id=3581,KOVILPATTI,IND,0,Graduate,"Rs 1,20,808 ~ 1 Lacs+",Rs 0 ~
1025,3937,Gurusamy.T,https://www.myneta.info/TamilNadu2026/candidate.php?candidate_id=3937,TIRUCHULI,IND,3,5th Pass,"Rs 2,91,38,000 ~ 2 Crore+","Rs 14,55,000 ~ 14 Lacs+"
1026,1989,H. Dhanasekar,https://www.myneta.info/TamilNadu2026/candidate.php?candidate_id=1989,PERAMBUR,IND,0,10th Pass,https://myneta.info/image_v2.php?myneta_folder=TamilNadu2026&candidate_id=1989&col=ta,https://myneta.info/image_v2.php?myneta_folder=TamilNadu2026&candidate_id=1989&col=lia
1027,1695,H. Mohamed Abdul Khadir,https://www.myneta.info/TamilNadu2026/candidate.php?candidate_id=1695,THANJAVUR,Tamizhaga Vaazhvurimai Katchi,0,10th Pass,"Rs 21,15,630 ~ 21 Lacs+",Rs 0 ~
1028,700,H.Mohamed Gaipeer,https://www.myneta.info/TamilNadu2026/candidate.php?candidate_id=700,ERODE (EAST),IND,0,8th Pass,"Rs 2,00,500 ~ 2 Lacs+",Rs 0 ~
1029,1723,Habeeb Rahaman. H,https://www.myneta.info/TamilNadu2026/candidate.php?candidate_id=1723,THIRUVERUMBUR,IND,0,Others,https://myneta.info/image_v2.php?myneta_folder=TamilNadu2026&candidate_id=1723&col=ta,https://myneta.info/image_v2.php?myneta_folder=TamilNadu2026&candidate_id=1723&col=lia
1030,809,Hari Balakrishnan.G,https://www.myneta.info/TamilNadu2026/candidate.php?candidate_id=809,KOVILPATTI,Puthiya Makkal Tamil Desam Katchi,0,8th Pass,"Rs 5,56,500 ~ 5 Lacs+",Rs 0 ~
1031,4129,Hari Raaj. B,https://www.myneta.info/TamilNadu2026/candidate.php?candidate_id=4129,KARUR,IND,0,Graduate Professional,"Rs 17,63,000 ~ 17 Lacs+",Rs 0 ~
1032,1144,Haribaskar.P,https://www.myneta.info/TamilNadu2026/candidate.php?candidate_id=1144,ANTHIYUR,AIADMK,2,Others,https://myneta.info/image_v2.php?myneta_folder=TamilNadu2026&candidate_id=1144&col=ta,https://myneta.info/image_v2.php?myneta_folder=TamilNadu2026&candidate_id=1144&col=lia
1033,4130,Hariharan. S,https://www.myneta.info/TamilNadu2026/candidate.php?candidate_id=4130,KARUR,IND,0,Graduate Professional,"Rs 33,03,152 ~ 33 Lacs+","Rs 21,74,000 ~ 21 Lacs+"
1034,3288,Harish. A,https://www.myneta.info/TamilNadu2026/candidate.php?candidate_id=3288,RAJAPALAYAM,All India Puratchi Thalaivar Makkal Munnettra Kazhagam,0,Graduate Professional,"Rs 43,35,40,704 ~ 43 Crore+","Rs 9,35,00,000 ~ 9 Crore+"
1035,1529,Haroon Rasheed Badu,https://www.myneta.info/TamilNadu2026/candidate.php?candidate_id=1529,AMBUR,All India Puratchi Thalaivar Makkal Munnettra Kazhagam,0,5th Pass,https://myneta.info/image_v2.php?myneta_folder=TamilNadu2026&candidate_id=1529&col=ta,https://myneta.info/image_v2.php?myneta_folder=TamilNadu2026&candidate_id=1529&col=lia
1036,268,Haroon Rasheed. S.S,https://www.myneta.info/TamilNadu2026/candidate.php?candidate_id=268,MAYILADUTHURAI,Tamilaga Vettri Kazhagam,0,Post Graduate,"Rs 92,04,601 ~ 92 Lacs+","Rs 25,66,420 ~ 25 Lacs+"
1037,3848,Harun Rasheeth J,https://www.myneta.info/TamilNadu2026/candidate.php?candidate_id=3848,SANKARAPURAM,IND,0,Graduate,"Rs 22,11,211 ~ 22 Lacs+",Rs 0 ~
1038,191,Hemarajan K,https://www.myneta.info/TamilNadu2026/candidate.php?candidate_id=191,TIRUKKOYILUR,Naam Tamilar Katchi,0,Graduate Professional,https://myneta.info/image_v2.php?myneta_folder=TamilNadu2026&candidate_id=191&col=ta,https://myneta.info/image_v2.php?myneta_folder=TamilNadu2026&candidate_id=191&col=lia
1039,64,Himlar,https://www.myneta.info/TamilNadu2026/candidate.php?candidate_id=64,KILLIYOOR,Naam Tamilar Katchi,1,Graduate Professional,"Rs 22,50,720 ~ 22 Lacs+","Rs 2,09,979 ~ 2 Lacs+"
1040,1558,I Jayaprakash,https://www.myneta.info/TamilNadu2026/candidate.php?candidate_id=1558,ROYAPURAM,IND,0,Graduate,"Rs 30,40,658 ~ 30 Lacs+",Rs 0 ~
1041,3494,I Vinod,https://www.myneta.info/TamilNadu2026/candidate.php?candidate_id=3494,HARBOUR,IND,0,Graduate Professional,https://myneta.info/image_v2.php?myneta_folder=TamilNadu2026&candidate_id=3494&col=ta,https://myneta.info/image_v2.php?myneta_folder=TamilNadu2026&candidate_id=3494&col=lia
1042,908,I. Periasamy,https://www.myneta.info/TamilNadu2026/candidate.php?candidate_id=908,ATHOOR,DMK,4,Graduate,"Rs 7,36,20,151 ~ 7 Crore+","Rs 19,50,000 ~ 19 Lacs+"
1043,3976,I. Saravanan,https://www.myneta.info/TamilNadu2026/candidate.php?candidate_id=3976,VASUDEVANALLUR (SC),IND,0,Others,"Rs 3,50,000 ~ 3 Lacs+",Rs 0 ~
1044,368,I.Raffik,https://www.myneta.info/TamilNadu2026/candidate.php?candidate_id=368,MADHAVARAM,Naadaalum Makkal Katchi,0,Graduate,https://myneta.info/image_v2.php?myneta_folder=TamilNadu2026&candidate_id=368&col=ta,https://myneta.info/image_v2.php?myneta_folder=TamilNadu2026&candidate_id=368&col=lia
1045,1020,Ibrahim.R,https://www.myneta.info/TamilNadu2026/candidate.php?candidate_id=1020,UDHAGAMANDALAM,Tamilaga Vettri Kazhagam,1,12th Pass,"Rs 2,16,09,104 ~ 2 Crore+","Rs 67,59,571 ~ 67 Lacs+"
1046,131,Ilayanagulan. K,https://www.myneta.info/TamilNadu2026/candidate.php?candidate_id=131,POOMPUHAR,Naam Tamilar Katchi,0,Post Graduate,"Rs 4,40,000 ~ 4 Lacs+","Rs 17,00,000 ~ 17 Lacs+"
1047,2062,Imthiyas,https://www.myneta.info/TamilNadu2026/candidate.php?candidate_id=2062,COIMBATORE (SOUTH),IND,0,8th Pass,https://myneta.info/image_v2.php?myneta_folder=TamilNadu2026&candidate_id=2062&col=ta,https://myneta.info/image_v2.php?myneta_folder=TamilNadu2026&candidate_id=2062&col=lia
1048,310,Imthiyaz Pandarattudu Abdu,https://www.myneta.info/TamilNadu2026/candidate.php?candidate_id=310,AMBUR,Tamilaga Vettri Kazhagam,2,Post Graduate,"Rs 84,07,241 ~ 84 Lacs+","Rs 54,69,500 ~ 54 Lacs+"
1049,2735,Inbaraj. T,https://www.myneta.info/TamilNadu2026/candidate.php?candidate_id=2735,POOMPUHAR,IND,0,8th Pass,"Rs 14,35,428 ~ 14 Lacs+","Rs 3,73,558 ~ 3 Lacs+"
1050,2217,Inbarasan G,https://www.myneta.info/TamilNadu2026/candidate.php?candidate_id=2217,VIKRAVANDI,BSP,0,10th Pass,https://myneta.info/image_v2.php?myneta_folder=TamilNadu2026&candidate_id=2217&col=ta,https://myneta.info/image_v2.php?myneta_folder=TamilNadu2026&candidate_id=2217&col=lia
1051,2849,Indhirani.C,https://www.myneta.info/TamilNadu2026/candidate.php?candidate_id=2849,DHARAPURAM (SC),IND,0,Illiterate,"Rs 25,564 ~ 25 Thou+",Rs 0 ~
1052,154,Indhuja R,https://www.myneta.info/TamilNadu2026/candidate.php?candidate_id=154,SIVAGANGA,Naam Tamilar Katchi,0,Others,"Rs 36,15,348 ~ 36 Lacs+","Rs 14,97,704 ~ 14 Lacs+"
1053,1156,Indirani.T,https://www.myneta.info/TamilNadu2026/candidate.php?candidate_id=1156,DHARAPURAM (SC),DMK,0,Others,https://myneta.info/image_v2.php?myneta_folder=TamilNadu2026&candidate_id=1156&col=ta,https://myneta.info/image_v2.php?myneta_folder=TamilNadu2026&candidate_id=1156&col=lia
1054,2693,Indragandhi. P,https://www.myneta.info/TamilNadu2026/candidate.php?candidate_id=2693,KRISHNARAYAPURAM (SC),IND,0,Post Graduate,"Rs 5,30,800 ~ 5 Lacs+",Rs 0 ~
1055,2774,Indrajith Guptha. G,https://www.myneta.info/TamilNadu2026/candidate.php?candidate_id=2774,VEERAPANDI,IND,0,Doctorate,"Rs 5,31,200 ~ 5 Lacs+",Rs 0 ~
1056,335,Indu .W,https://www.myneta.info/TamilNadu2026/candidate.php?candidate_id=335,KATPADI,Tamil Manila Murpokku Dravida Kazhagam,0,Post Graduate,https://myneta.info/image_v2.php?myneta_folder=TamilNadu2026&candidate_id=335&col=ta,https://myneta.info/image_v2.php?myneta_folder=TamilNadu2026&candidate_id=335&col=lia
1057,127,Ingur. C. Loganathan,https://www.myneta.info/TamilNadu2026/candidate.php?candidate_id=127,PERUNDURAI,Naam Tamilar Katchi,1,Others,"Rs 1,10,11,701 ~ 1 Crore+","Rs 5,98,000 ~ 5 Lacs+"
1058,3001,Irfan Basha,https://www.myneta.info/TamilNadu2026/candidate.php?candidate_id=3001,CHEPAUK-THIRUVALLIKENI,Tamizhaga Vaazhvurimai Katchi,0,Graduate Professional,"Rs 21,67,575 ~ 21 Lacs+",Rs 0 ~
1059,3183,Irudayaraj V,https://www.myneta.info/TamilNadu2026/candidate.php?candidate_id=3183,SIVAGANGA,IND,0,Post Graduate,https://myneta.info/image_v2.php?myneta_folder=TamilNadu2026&candidate_id=3183&col=ta,https://myneta.info/image_v2.php?myneta_folder=TamilNadu2026&candidate_id=3183&col=lia
1060,3195,Irumborai.G,https://www.myneta.info/TamilNadu2026/candidate.php?candidate_id=3195,ANDIPATTI,CPI(ML) Red Star,3,12th Pass,"Rs 43,44,124 ~ 43 Lacs+","Rs 4,00,000 ~ 4 Lacs+"
1061,2977,Isac Newtan J.,https://www.myneta.info/TamilNadu2026/candidate.php?candidate_id=2977,JAYANKONDAM,IND,0,Others,"Rs 2,62,000 ~ 2 Lacs+",Rs 0 ~
1062,438,Isaki Pandian,https://www.myneta.info/TamilNadu2026/candidate.php?candidate_id=438,TENKASI,BSP,0,Illiterate,https://myneta.info/image_v2.php?myneta_folder=TamilNadu2026&candidate_id=438&col=ta,https://myneta.info/image_v2.php?myneta_folder=TamilNadu2026&candidate_id=438&col=lia
1063,1872,Iyappan.L,https://www.myneta.info/TamilNadu2026/candidate.php?candidate_id=1872,VEPPANAHALLI,Tamizhaga Vaazhvurimai Katchi,0,10th Pass,"Rs 80,39,154 ~ 80 Lacs+","Rs 37,405 ~ 37 Thou+"
1064,3431,Iyyappan . S,https://www.myneta.info/TamilNadu2026/candidate.php?candidate_id=3431,BHUVANAGIRI,IND,0,Graduate Professional,"Rs 11,000 ~ 11 Thou+","Rs 10,78,000 ~ 10 Lacs+"
1065,3454,Iyyappan Perumal. P,https://www.myneta.info/TamilNadu2026/candidate.php?candidate_id=3454,EDAPPADI,IND,0,Graduate,https://myneta.info/image_v2.php?myneta_folder=TamilNadu2026&candidate_id=3454&col=ta,https://myneta.info/image_v2.php?myneta_folder=TamilNadu2026&candidate_id=3454&col=lia
1066,3616,J Karthi,https://www.myneta.info/TamilNadu2026/candidate.php?candidate_id=3616,KUMARAPALAYAM,Vishwa Tamil Kazhagam,0,10th Pass,"Rs 6,13,700 ~ 6 Lacs+",Rs 0 ~
1067,3489,J M Niraimozhi,https://www.myneta.info/TamilNadu2026/candidate.php?candidate_id=3489,HARBOUR,IND,0,Graduate Professional,"Rs 9,89,000 ~ 9 Lacs+",Rs 0 ~
1068,415,J Nagaraj,https://www.myneta.info/TamilNadu2026/candidate.php?candidate_id=415,ANNA NAGAR,IND,0,Others,https://myneta.info/image_v2.php?myneta_folder=TamilNadu2026&candidate_id=415&col=ta,https://myneta.info/image_v2.php?myneta_folder=TamilNadu2026&candidate_id=415&col=lia
1069,273,J Shanmugapriyan,https://www.myneta.info/TamilNadu2026/candidate.php?candidate_id=273,HARBOUR,IND,0,Graduate,"Rs 12,76,000 ~ 12 Lacs+",Rs 0 ~
1070,3818,J. Hassain,https://www.myneta.info/TamilNadu2026/candidate.php?candidate_id=3818,RANIPET,IND,0,Graduate Professional,"Rs 80,75,000 ~ 80 Lacs+",Rs 0 ~
1071,326,J. John Ebenezer,https://www.myneta.info/TamilNadu2026/candidate.php?candidate_id=326,DR.RADHAKRISHNAN NAGAR,DMK,0,Post Graduate,https://myneta.info/image_v2.php?myneta_folder=TamilNadu2026&candidate_id=326&col=ta,https://myneta.info/image_v2.php?myneta_folder=TamilNadu2026&candidate_id=326&col=lia
1072,3823,J. Mohan,https://www.myneta.info/TamilNadu2026/candidate.php?candidate_id=3823,RANIPET,IND,0,12th Pass,"Rs 4,46,900 ~ 4 Lacs+",Rs 0 ~
1073,3119,J. Nithya,https://www.myneta.info/TamilNadu2026/candidate.php?candidate_id=3119,SRIPERUMBUDUR (SC),IND,0,Graduate Professional,"Rs 23,000 ~ 23 Thou+",Rs 0 ~
1074,3826,J. Pandi,https://www.myneta.info/TamilNadu2026/candidate.php?candidate_id=3826,SANKARANKOVIL (SC),Bharatha Makkal Katchi,0,8th Pass,https://myneta.info/image_v2.php?myneta_folder=TamilNadu2026&candidate_id=3826&col=ta,https://myneta.info/image_v2.php?myneta_folder=TamilNadu2026&candidate_id=3826&col=lia
1075,2071,J. Praveenkumar,https://www.myneta.info/TamilNadu2026/candidate.php?candidate_id=2071,COIMBATORE (SOUTH),IND,0,Graduate Professional,"Rs 38,26,000 ~ 38 Lacs+",Rs 0 ~
1076,3541,J. Ramesh,https://www.myneta.info/TamilNadu2026/candidate.php?candidate_id=3541,KATPADI,BSP,0,10th Pass,"Rs 6,39,374 ~ 6 Lacs+","Rs 4,06,500 ~ 4 Lacs+"
1077,2188,J. Robert Christy,https://www.myneta.info/TamilNadu2026/candidate.php?candidate_id=2188,TIRUCHIRAPPALLI (EAST),IND,0,10th Pass,https://myneta.info/image_v2.php?myneta_folder=TamilNadu2026&candidate_id=2188&col=ta,https://myneta.info/image_v2.php?myneta_folder=TamilNadu2026&candidate_id=2188&col=lia
1078,1972,J. Sebastin,https://www.myneta.info/TamilNadu2026/candidate.php?candidate_id=1972,PERAMBUR,SUCI(C),0,10th Pass,"Rs 2,631 ~ 2 Thou+",Rs 0 ~
1079,1547,J. Selvakumar,https://www.myneta.info/TamilNadu2026/candidate.php?candidate_id=1547,ROYAPURAM,IND,0,8th Pass,"Rs 19,95,388 ~ 19 Lacs+",Rs 0 ~
1080,2602,J. Suriya Muthu,https://www.myneta.info/TamilNadu2026/candidate.php?candidate_id=2602,KOLATHUR,IND,0,8th Pass,https://myneta.info/image_v2.php?myneta_folder=TamilNadu2026&candidate_id=2602&col=ta,https://myneta.info/image_v2.php?myneta_folder=TamilNadu2026&candidate_id=2602&col=lia
1081,2066,J. Suriyakumar,https://www.myneta.info/TamilNadu2026/candidate.php?candidate_id=2066,COIMBATORE (SOUTH),IND,0,Post Graduate,"Rs 96,22,980 ~ 96 Lacs+","Rs 12,00,000 ~ 12 Lacs+"
1082,2828,J. Venkatesan,https://www.myneta.info/TamilNadu2026/candidate.php?candidate_id=2828,MADHURAVOYAL,All India Puratchi Thalaivar Makkal Munnettra Kazhagam,0,10th Pass,"Rs 33,40,000 ~ 33 Lacs+","Rs 2,00,000 ~ 2 Lacs+"
1083,1497,J.Agni Selvarasu,https://www.myneta.info/TamilNadu2026/candidate.php?candidate_id=1497,ALANDUR,Naadaalum Makkal Katchi,0,Post Graduate,https://myneta.info/image_v2.php?myneta_folder=TamilNadu2026&candidate_id=1497&col=ta,https://myneta.info/image_v2.php?myneta_folder=TamilNadu2026&candidate_id=1497&col=lia
1084,47,J.Emalan,https://www.myneta.info/TamilNadu2026/candidate.php?candidate_id=47,GUDIYATTAM (SC),Naam Tamilar Katchi,0,Post Graduate,"Rs 86,97,220 ~ 86 Lacs+",Rs 0 ~
1085,992,J.Jeniferjanet,https://www.myneta.info/TamilNadu2026/candidate.php?candidate_id=992,RANIPET,BSP,0,Post Graduate,"Rs 16,76,513 ~ 16 Lacs+","Rs 20,51,965 ~ 20 Lacs+"
1086,302,J.Kamatchi,https://www.myneta.info/TamilNadu2026/candidate.php?candidate_id=302,PALLAVARAM,Tamilaga Vettri Kazhagam,0,12th Pass,https://myneta.info/image_v2.php?myneta_folder=TamilNadu2026&candidate_id=302&col=ta,https://myneta.info/image_v2.php?myneta_folder=TamilNadu2026&candidate_id=302&col=lia
1087,2305,J.Kesavarajah,https://www.myneta.info/TamilNadu2026/candidate.php?candidate_id=2305,MADURAI NORTH,IND,0,Graduate,"Rs 3,49,000 ~ 3 Lacs+",Rs 0 ~
1088,1402,J.L.Eswarappan,https://www.myneta.info/TamilNadu2026/candidate.php?candidate_id=1402,ARCOT,DMK,0,Graduate Professional,"Rs 11,31,74,164 ~ 11 Crore+","Rs 1,25,00,000 ~ 1 Crore+"
1089,3612,J.Madhavan,https://www.myneta.info/TamilNadu2026/candidate.php?candidate_id=3612,KULITHALAI,IND,0,Graduate Professional,https://myneta.info/image_v2.php?myneta_folder=TamilNadu2026&candidate_id=3612&col=ta,https://myneta.info/image_v2.php?myneta_folder=TamilNadu2026&candidate_id=3612&col=lia
1090,2036,J.Murali Krishnan,https://www.myneta.info/TamilNadu2026/candidate.php?candidate_id=2036,DR.RADHAKRISHNAN NAGAR,IND,0,Graduate Professional,"Rs 5,85,262 ~ 5 Lacs+",Rs 0 ~
1091,698,J.Muthu Bava,https://www.myneta.info/TamilNadu2026/candidate.php?candidate_id=698,ERODE (EAST),IND,1,5th Pass,"Rs 22,55,500 ~ 22 Lacs+",Rs 0 ~
1092,3610,J.Pradhap,https://www.myneta.info/TamilNadu2026/candidate.php?candidate_id=3610,KULITHALAI,IND,0,10th Pass,https://myneta.info/image_v2.php?myneta_folder=TamilNadu2026&candidate_id=3610&col=ta,https://myneta.info/image_v2.php?myneta_folder=TamilNadu2026&candidate_id=3610&col=lia
1093,424,J.Santhosh Kumar,https://www.myneta.info/TamilNadu2026/candidate.php?candidate_id=424,KULITHALAI,IND,0,Graduate Professional,"Rs 1,60,87,001 ~ 1 Crore+","Rs 34,24,000 ~ 34 Lacs+"
1094,2021,J.Saravanakumar,https://www.myneta.info/TamilNadu2026/candidate.php?candidate_id=2021,DR.RADHAKRISHNAN NAGAR,IND,0,Graduate Professional,"Rs 54,96,232 ~ 54 Lacs+","Rs 21,06,243 ~ 21 Lacs+"
1095,24,J.Shoba,https://www.myneta.info/TamilNadu2026/candidate.php?candidate_id=24,CHENGAM (SC),Naam Tamilar Katchi,0,Post Graduate,https://myneta.info/image_v2.php?myneta_folder=TamilNadu2026&candidate_id=24&col=ta,https://myneta.info/image_v2.php?myneta_folder=TamilNadu2026&candidate_id=24&col=lia
1096,2341,J.V.Durai,https://www.myneta.info/TamilNadu2026/candidate.php?candidate_id=2341,NAGAPATTINAM,All India Youth Development Party,1,Others,"Rs 79,000 ~ 79 Thou+","Rs 26,500 ~ 26 Thou+"
1097,2038,J.Vijayan,https://www.myneta.info/TamilNadu2026/candidate.php?candidate_id=2038,DR.RADHAKRISHNAN NAGAR,IND,0,Others,"Rs 1,09,10,628 ~ 1 Crore+","Rs 37,85,039 ~ 37 Lacs+"
1098,179,Jacob Devadoss Abisheak R.,https://www.myneta.info/TamilNadu2026/candidate.php?candidate_id=179,THOOTHUKUDI,Naam Tamilar Katchi,0,Graduate,https://myneta.info/image_v2.php?myneta_folder=TamilNadu2026&candidate_id=179&col=ta,https://myneta.info/image_v2.php?myneta_folder=TamilNadu2026&candidate_id=179&col=lia
1099,3205,Jagadeesan.P,https://www.myneta.info/TamilNadu2026/candidate.php?candidate_id=3205,ANDIPATTI,IND,0,Others,"Rs 8,52,000 ~ 8 Lacs+",Rs 0 ~
1100,773,Jagadesan A,https://www.myneta.info/TamilNadu2026/candidate.php?candidate_id=773,SANKARAPURAM,Tamilaga Vettri Kazhagam,2,Others,"Rs 89,11,203 ~ 89 Lacs+",Rs 0 ~
1101,163,Jagadesh Chander .M,https://www.myneta.info/TamilNadu2026/candidate.php?candidate_id=163,THIRU-VI-KA-NAGAR (SC),Naam Tamilar Katchi,0,Post Graduate,https://myneta.info/image_v2.php?myneta_folder=TamilNadu2026&candidate_id=163&col=ta,https://myneta.info/image_v2.php?myneta_folder=TamilNadu2026&candidate_id=163&col=lia
1102,869,Jagadish.S,https://www.myneta.info/TamilNadu2026/candidate.php?candidate_id=869,VIRUGAMPAKKAM,Republican Party of India (Athawale),1,12th Pass,"Rs 21,000 ~ 21 Thou+",Rs 0 ~
1103,535,Jagan. M,https://www.myneta.info/TamilNadu2026/candidate.php?candidate_id=535,THALLY,IND,0,Graduate,"Rs 51,22,000 ~ 51 Lacs+","Rs 13,70,000 ~ 13 Lacs+"
1104,658,Jagan. T.,https://www.myneta.info/TamilNadu2026/candidate.php?candidate_id=658,ATTUR (SC),IND,0,10th Pass,https://myneta.info/image_v2.php?myneta_folder=TamilNadu2026&candidate_id=658&col=ta,https://myneta.info/image_v2.php?myneta_folder=TamilNadu2026&candidate_id=658&col=lia
1105,2771,Jaganathan. A,https://www.myneta.info/TamilNadu2026/candidate.php?candidate_id=2771,METTUR,IND,0,Post Graduate,"Rs 72,78,000 ~ 72 Lacs+",Rs 0 ~
1106,1683,Jaikumar Balachandran,https://www.myneta.info/TamilNadu2026/candidate.php?candidate_id=1683,SHOLINGANALLUR,IND,0,10th Pass,"Rs 23,500 ~ 23 Thou+",Rs 0 ~
1107,1765,Jaisankar. M,https://www.myneta.info/TamilNadu2026/candidate.php?candidate_id=1765,VANDAVASI (SC),IND,0,5th Pass,https://myneta.info/image_v2.php?myneta_folder=TamilNadu2026&candidate_id=1765&col=ta,https://myneta.info/image_v2.php?myneta_folder=TamilNadu2026&candidate_id=1765&col=lia
1108,2352,Jaivishnudevi. M,https://www.myneta.info/TamilNadu2026/candidate.php?candidate_id=2352,KILVELUR,IND,0,Graduate,"Rs 15,62,624 ~ 15 Lacs+","Rs 11,35,200 ~ 11 Lacs+"
1109,2283,Jakirusan.D,https://www.myneta.info/TamilNadu2026/candidate.php?candidate_id=2283,UTHIRAMERUR,Tamizhaga Vaazhvurimai Katchi,1,Literate,"Rs 7,10,000 ~ 7 Lacs+",Rs 0 ~
1110,1381,Jakkaiyan S.T.K.,https://www.myneta.info/TamilNadu2026/candidate.php?candidate_id=1381,CUMBUM,AIADMK,10,Graduate Professional,https://myneta.info/image_v2.php?myneta_folder=TamilNadu2026&candidate_id=1381&col=ta,https://myneta.info/image_v2.php?myneta_folder=TamilNadu2026&candidate_id=1381&col=lia
1111,3163,Jamal Mohamed,https://www.myneta.info/TamilNadu2026/candidate.php?candidate_id=3163,MAYILADUTHURAI,IND,0,8th Pass,"Rs 6,00,000 ~ 6 Lacs+","Rs 3,00,000 ~ 3 Lacs+"
1112,1191,Jamal Mohamed Younoos. Y.N,https://www.myneta.info/TamilNadu2026/candidate.php?candidate_id=1191,MAYILADUTHURAI,INC,0,10th Pass,"Rs 9,27,78,413 ~ 9 Crore+","Rs 75,47,500 ~ 75 Lacs+"
1113,2440,Jambu.B,https://www.myneta.info/TamilNadu2026/candidate.php?candidate_id=2440,TIRUTTANI,IND,0,Others,https://myneta.info/image_v2.php?myneta_folder=TamilNadu2026&candidate_id=2440&col=ta,https://myneta.info/image_v2.php?myneta_folder=TamilNadu2026&candidate_id=2440&col=lia
1114,1919,Jamunarani. M,https://www.myneta.info/TamilNadu2026/candidate.php?candidate_id=1919,PAPPIREDDIPATTI,Naadaalum Makkal Katchi,0,12th Pass,"Rs 54,00,000 ~ 54 Lacs+","Rs 5,00,000 ~ 5 Lacs+"
1115,2458,Janagaraj,https://www.myneta.info/TamilNadu2026/candidate.php?candidate_id=2458,THIRUVOTTIYUR,IND,0,8th Pass,"Rs 41,60,500 ~ 41 Lacs+","Rs 13,60,000 ~ 13 Lacs+"
1116,4028,Janagaraj Ravi Gunaseelan,https://www.myneta.info/TamilNadu2026/candidate.php?candidate_id=4028,VELACHERY,IND,0,Graduate Professional,https://myneta.info/image_v2.php?myneta_folder=TamilNadu2026&candidate_id=4028&col=ta,https://myneta.info/image_v2.php?myneta_folder=TamilNadu2026&candidate_id=4028&col=lia
1117,3564,Janakiraman.R,https://www.myneta.info/TamilNadu2026/candidate.php?candidate_id=3564,KILPENNATHUR,Aanaithinthiya Jananayaka Pathukappu Kazhagam,1,12th Pass,"Rs 7,26,000 ~ 7 Lacs+",Rs 0 ~
1118,3884,Janani.D,https://www.myneta.info/TamilNadu2026/candidate.php?candidate_id=3884,SINGANALLUR,IND,0,Post Graduate,"Rs 7,73,000 ~ 7 Lacs+",Rs 0 ~
1119,413,Janarthanan P,https://www.myneta.info/TamilNadu2026/candidate.php?candidate_id=413,ANNA NAGAR,IND,0,Graduate Professional,https://myneta.info/image_v2.php?myneta_folder=TamilNadu2026&candidate_id=413&col=ta,https://myneta.info/image_v2.php?myneta_folder=TamilNadu2026&candidate_id=413&col=lia
1120,3245,Jaya Bharath. J,https://www.myneta.info/TamilNadu2026/candidate.php?candidate_id=3245,KILVAITHINANKUPPAM (SC),IND,0,Graduate Professional,"Rs 55,000 ~ 55 Thou+","Rs 30,000 ~ 30 Thou+"
1121,3053,Jaya K,https://www.myneta.info/TamilNadu2026/candidate.php?candidate_id=3053,TITTAKUDI (SC),Tamizhaga Vaazhvurimai Katchi,0,10th Pass,"Rs 6,52,000 ~ 6 Lacs+","Rs 2,61,000 ~ 2 Lacs+"
1122,1447,Jaya Zeba C,https://www.myneta.info/TamilNadu2026/candidate.php?candidate_id=1447,VILLIVAKKAM,IND,0,Graduate Professional,https://myneta.info/image_v2.php?myneta_folder=TamilNadu2026&candidate_id=1447&col=ta,https://myneta.info/image_v2.php?myneta_folder=TamilNadu2026&candidate_id=1447&col=lia
1123,2975,Jayabalan G.,https://www.myneta.info/TamilNadu2026/candidate.php?candidate_id=2975,JAYANKONDAM,Vada Tamil Nadu Munnetra Katchi,0,Graduate,"Rs 93,63,540 ~ 93 Lacs+","Rs 6,61,490 ~ 6 Lacs+"
1124,1481,Jayachandran. B,https://www.myneta.info/TamilNadu2026/candidate.php?candidate_id=1481,PERAMBALUR (SC),IND,0,Post Graduate,"Rs 8,85,200 ~ 8 Lacs+","Rs 14,27,886 ~ 14 Lacs+"
1125,1721,Jayachandran. P,https://www.myneta.info/TamilNadu2026/candidate.php?candidate_id=1721,THIRUVERUMBUR,IND,0,10th Pass,https://myneta.info/image_v2.php?myneta_folder=TamilNadu2026&candidate_id=1721&col=ta,https://myneta.info/image_v2.php?myneta_folder=TamilNadu2026&candidate_id=1721&col=lia
1126,4008,Jayagandhi. R,https://www.myneta.info/TamilNadu2026/candidate.php?candidate_id=4008,VIRALIMALAI,IND,0,Graduate Professional,"Rs 22,64,000 ~ 22 Lacs+","Rs 7,00,000 ~ 7 Lacs+"
1127,331,Jayagopal. P,https://www.myneta.info/TamilNadu2026/candidate.php?candidate_id=331,KARUR,BSP,0,Others,"Rs 95,92,980 ~ 95 Lacs+","Rs 12,00,000 ~ 12 Lacs+"
1128,2057,Jayagopi. M,https://www.myneta.info/TamilNadu2026/candidate.php?candidate_id=2057,MYLAPORE,IND,0,Graduate,https://myneta.info/image_v2.php?myneta_folder=TamilNadu2026&candidate_id=2057&col=ta,https://myneta.info/image_v2.php?myneta_folder=TamilNadu2026&candidate_id=2057&col=lia
1129,2418,Jayaindhraeswaran,https://www.myneta.info/TamilNadu2026/candidate.php?candidate_id=2418,THIRUVAIYARU,IND,0,Post Graduate,"Rs 2,07,300 ~ 2 Lacs+",Rs 0 ~
1130,1299,Jayakumar M.,https://www.myneta.info/TamilNadu2026/candidate.php?candidate_id=1299,UDUMALAIPETTAI,DMK,0,Post Graduate,"Rs 3,81,91,080 ~ 3 Crore+","Rs 11,99,763 ~ 11 Lacs+"
1131,3713,Jayakumar R,https://www.myneta.info/TamilNadu2026/candidate.php?candidate_id=3713,NAMAKKAL,IND,0,Graduate,https://myneta.info/image_v2.php?myneta_folder=TamilNadu2026&candidate_id=3713&col=ta,https://myneta.info/image_v2.php?myneta_folder=TamilNadu2026&candidate_id=3713&col=lia
1132,390,Jayakumar. S,https://www.myneta.info/TamilNadu2026/candidate.php?candidate_id=390,PERUNDURAI,AIADMK,1,Graduate,"Rs 8,74,19,615 ~ 8 Crore+","Rs 4,20,81,844 ~ 4 Crore+"
1133,3077,Jayakumar. T,https://www.myneta.info/TamilNadu2026/candidate.php?candidate_id=3077,PALANI,IND,0,Graduate,"Rs 1,20,000 ~ 1 Lacs+",Rs 0 ~
1134,3175,Jayanthi M,https://www.myneta.info/TamilNadu2026/candidate.php?candidate_id=3175,RASIPURAM(SC),IND,0,Post Graduate,https://myneta.info/image_v2.php?myneta_folder=TamilNadu2026&candidate_id=3175&col=ta,https://myneta.info/image_v2.php?myneta_folder=TamilNadu2026&candidate_id=3175&col=lia
1135,3418,Jayanthi. E,https://www.myneta.info/TamilNadu2026/candidate.php?candidate_id=3418,ARANI,IND,0,12th Pass,"Rs 2,61,689 ~ 2 Lacs+",Rs 0 ~
1136,3419,Jayanthi. M,https://www.myneta.info/TamilNadu2026/candidate.php?candidate_id=3419,ARANI,IND,0,12th Pass,"Rs 2,68,282 ~ 2 Lacs+",Rs 0 ~
1137,497,Jayaprakash K,https://www.myneta.info/TamilNadu2026/candidate.php?candidate_id=497,SANKARAPURAM,IND,0,Graduate,https://myneta.info/image_v2.php?myneta_folder=TamilNadu2026&candidate_id=497&col=ta,https://myneta.info/image_v2.php?myneta_folder=TamilNadu2026&candidate_id=497&col=lia
1138,2675,Jayaprakash. K,https://www.myneta.info/TamilNadu2026/candidate.php?candidate_id=2675,PERUNDURAI,IND,0,8th Pass,"Rs 6,27,200 ~ 6 Lacs+",Rs 0 ~
1139,1914,Jayaprakash.S,https://www.myneta.info/TamilNadu2026/candidate.php?candidate_id=1914,VRIDHACHALAM,IND,0,12th Pass,"Rs 31,95,940 ~ 31 Lacs+","Rs 45,000 ~ 45 Thou+"
1140,1660,Jayaraj. S,https://www.myneta.info/TamilNadu2026/candidate.php?candidate_id=1660,SALEM (SOUTH),IND,0,8th Pass,https://myneta.info/image_v2.php?myneta_folder=TamilNadu2026&candidate_id=1660&col=ta,https://myneta.info/image_v2.php?myneta_folder=TamilNadu2026&candidate_id=1660&col=lia
1141,3146,Jayaram. N,https://www.myneta.info/TamilNadu2026/candidate.php?candidate_id=3146,THALLY,Anna Makkal Katchi,0,10th Pass,"Rs 6,50,000 ~ 6 Lacs+",Rs 0 ~
1142,3714,Jayaraman M,https://www.myneta.info/TamilNadu2026/candidate.php?candidate_id=3714,NAMAKKAL,IND,0,Others,"Rs 2,99,300 ~ 2 Lacs+","Rs 1,08,000 ~ 1 Lacs+"
1143,3758,Jayaraman Perumal. P.,https://www.myneta.info/TamilNadu2026/candidate.php?candidate_id=3758,PALACODE,Tamizhaga Vaazhvurimai Katchi,1,8th Pass,https://myneta.info/image_v2.php?myneta_folder=TamilNadu2026&candidate_id=3758&col=ta,https://myneta.info/image_v2.php?myneta_folder=TamilNadu2026&candidate_id=3758&col=lia
1144,1965,Jayaraman. M,https://www.myneta.info/TamilNadu2026/candidate.php?candidate_id=1965,MANACHANALLUR,IND,0,Graduate,"Rs 3,23,40,049 ~ 3 Crore+",Rs 0 ~
1145,2463,Jayasangar.A,https://www.myneta.info/TamilNadu2026/candidate.php?candidate_id=2463,THIRUTHURAIPOONDI (SC),IND,1,Graduate Professional,"Rs 1,34,700 ~ 1 Lacs+","Rs 1,78,000 ~ 1 Lacs+"
1146,758,Jayasankaran. A.P.,https://www.myneta.info/TamilNadu2026/candidate.php?candidate_id=758,ATTUR (SC),AIADMK,3,12th Pass,https://myneta.info/image_v2.php?myneta_folder=TamilNadu2026&candidate_id=758&col=ta,https://myneta.info/image_v2.php?myneta_folder=TamilNadu2026&candidate_id=758&col=lia
1147,3244,Jayashankar. J,https://www.myneta.info/TamilNadu2026/candidate.php?candidate_id=3244,KILVAITHINANKUPPAM (SC),IND,0,8th Pass,"Rs 55,000 ~ 55 Thou+",Rs 0 ~
1148,1406,Jayasudha. L,https://www.myneta.info/TamilNadu2026/candidate.php?candidate_id=1406,ARANI,AIADMK,0,12th Pass,"Rs 33,67,89,255 ~ 33 Crore+","Rs 9,13,89,457 ~ 9 Crore+"
1149,3929,Jayavel,https://www.myneta.info/TamilNadu2026/candidate.php?candidate_id=3929,THIYAGARAYANAGAR,IND,0,Post Graduate,https://myneta.info/image_v2.php?myneta_folder=TamilNadu2026&candidate_id=3929&col=ta,https://myneta.info/image_v2.php?myneta_folder=TamilNadu2026&candidate_id=3929&col=lia
1150,2786,Jayavel. M,https://www.myneta.info/TamilNadu2026/candidate.php?candidate_id=2786,VEERAPANDI,IND,0,12th Pass,"Rs 6,500 ~ 6 Thou+",Rs 0 ~
1151,1818,Jebarson S,https://www.myneta.info/TamilNadu2026/candidate.php?candidate_id=1818,NAGERCOIL,Tamizhaga Vaazhvurimai Katchi,0,12th Pass,"Rs 40,01,000 ~ 40 Lacs+","Rs 5,62,700 ~ 5 Lacs+"
1152,2526,Jeevanantham.M,https://www.myneta.info/TamilNadu2026/candidate.php?candidate_id=2526,TIRUCHIRAPPALLI (WEST),IND,0,Post Graduate,https://myneta.info/image_v2.php?myneta_folder=TamilNadu2026&candidate_id=2526&col=ta,https://myneta.info/image_v2.php?myneta_folder=TamilNadu2026&candidate_id=2526&col=lia
1153,2324,Jeevitha Nachiyar.B,https://www.myneta.info/TamilNadu2026/candidate.php?candidate_id=2324,THIRUMANGALAM,All India Puratchi Thalaivar Makkal Munnettra Kazhagam,1,Graduate Professional,"Rs 52,39,658 ~ 52 Lacs+",Rs 0 ~
1154,1802,Jeevitha. A,https://www.myneta.info/TamilNadu2026/candidate.php?candidate_id=1802,KARAIKUDI,IND,0,Others,"Rs 6,14,500 ~ 6 Lacs+","Rs 70,000 ~ 70 Thou+"
1155,1090,Jegadeshwari. K,https://www.myneta.info/TamilNadu2026/candidate.php?candidate_id=1090,RAJAPALAYAM,Tamilaga Vettri Kazhagam,0,Graduate,https://myneta.info/image_v2.php?myneta_folder=TamilNadu2026&candidate_id=1090&col=ta,https://myneta.info/image_v2.php?myneta_folder=TamilNadu2026&candidate_id=1090&col=lia
1156,1174,Jegan Moorthy. M,https://www.myneta.info/TamilNadu2026/candidate.php?candidate_id=1174,KILVAITHINANKUPPAM (SC),AIADMK,7,12th Pass,"Rs 2,07,81,209 ~ 2 Crore+","Rs 63,72,952 ~ 63 Lacs+"
1157,2900,Jegan. M,https://www.myneta.info/TamilNadu2026/candidate.php?candidate_id=2900,CHEYYUR (SC),IND,0,10th Pass,"Rs 2,56,000 ~ 2 Lacs+",Rs 0 ~
1158,2758,Jeganathan. A,https://www.myneta.info/TamilNadu2026/candidate.php?candidate_id=2758,OMALUR,IND,0,5th Pass,https://myneta.info/image_v2.php?myneta_folder=TamilNadu2026&candidate_id=2758&col=ta,https://myneta.info/image_v2.php?myneta_folder=TamilNadu2026&candidate_id=2758&col=lia
1159,1028,Jeganathmishra Pla,https://www.myneta.info/TamilNadu2026/candidate.php?candidate_id=1028,CUMBUM,Tamilaga Vettri Kazhagam,0,12th Pass,"Rs 55,14,99,024 ~ 55 Crore+","Rs 9,88,54,798 ~ 9 Crore+"
1160,3301,Jegathishwari. N,https://www.myneta.info/TamilNadu2026/candidate.php?candidate_id=3301,RAJAPALAYAM,IND,0,5th Pass,"Rs 15,80,574 ~ 15 Lacs+","Rs 12,42,183 ~ 12 Lacs+"
1161,622,Jesurajendran.J,https://www.myneta.info/TamilNadu2026/candidate.php?candidate_id=622,RADHAPURAM,Naam Indiar Party,0,5th Pass,https://myneta.info/image_v2.php?myneta_folder=TamilNadu2026&candidate_id=622&col=ta,https://myneta.info/image_v2.php?myneta_folder=TamilNadu2026&candidate_id=622&col=lia
1162,3947,Jeyachitra,https://www.myneta.info/TamilNadu2026/candidate.php?candidate_id=3947,TIRUCHULI,IND,0,Graduate Professional,"Rs 6,24,000 ~ 6 Lacs+","Rs 95,500 ~ 95 Thou+"
1163,3198,Jeyamurugan.M.P,https://www.myneta.info/TamilNadu2026/candidate.php?candidate_id=3198,ANDIPATTI,Veerath Thiyagi Viswanathadoss Thozhilalarkal Katchi,0,Others,"Rs 10,62,396 ~ 10 Lacs+","Rs 6,50,000 ~ 6 Lacs+"
1164,1424,Jeyanthi,https://www.myneta.info/TamilNadu2026/candidate.php?candidate_id=1424,ALANGULAM,IND,3,Post Graduate,https://myneta.info/image_v2.php?myneta_folder=TamilNadu2026&candidate_id=1424&col=ta,https://myneta.info/image_v2.php?myneta_folder=TamilNadu2026&candidate_id=1424&col=lia
1165,3810,Jeyaraj.P V S,https://www.myneta.info/TamilNadu2026/candidate.php?candidate_id=3810,RADHAPURAM,IND,0,Graduate Professional,"Rs 12,000 ~ 12 Thou+",Rs 0 ~
1166,3660,Jinnah Jakeer Hussain,https://www.myneta.info/TamilNadu2026/candidate.php?candidate_id=3660,LALGUDI,IND,0,Graduate,"Rs 4,13,45,586 ~ 4 Crore+","Rs 1,74,33,021 ~ 1 Crore+"
1167,1740,John Basha. A,https://www.myneta.info/TamilNadu2026/candidate.php?candidate_id=1740,TIRUPPUR (SOUTH),Tamizhaga Vaazhvurimai Katchi,2,12th Pass,https://myneta.info/image_v2.php?myneta_folder=TamilNadu2026&candidate_id=1740&col=ta,https://myneta.info/image_v2.php?myneta_folder=TamilNadu2026&candidate_id=1740&col=lia
1168,3140,John Christopher T,https://www.myneta.info/TamilNadu2026/candidate.php?candidate_id=3140,VILAVANCODE,Rashtriya Janata Dal,0,Post Graduate,"Rs 2,38,35,000 ~ 2 Crore+",Rs 0 ~
1169,3145,Joselal L.V,https://www.myneta.info/TamilNadu2026/candidate.php?candidate_id=3145,VILAVANCODE,IND,0,Post Graduate,"Rs 74,95,000 ~ 74 Lacs+",Rs 0 ~
1170,1706,Joseph. L,https://www.myneta.info/TamilNadu2026/candidate.php?candidate_id=1706,THIRUVERUMBUR,Samaniya Makkal Nala Katchi,2,5th Pass,https://myneta.info/image_v2.php?myneta_folder=TamilNadu2026&candidate_id=1706&col=ta,https://myneta.info/image_v2.php?myneta_folder=TamilNadu2026&candidate_id=1706&col=lia
1171,3649,Josephin,https://www.myneta.info/TamilNadu2026/candidate.php?candidate_id=3649,LALGUDI,All India Puratchi Thalaivar Makkal Munnettra Kazhagam,0,10th Pass,"Rs 4,07,500 ~ 4 Lacs+","Rs 10,000 ~ 10 Thou+"
1172,1394,Jothi. O,https://www.myneta.info/TamilNadu2026/candidate.php?candidate_id=1394,CHEYYAR,DMK,0,Graduate,"Rs 3,14,94,406 ~ 3 Crore+","Rs 2,80,000 ~ 2 Lacs+"
1173,1440,Jothi.M,https://www.myneta.info/TamilNadu2026/candidate.php?candidate_id=1440,AMBATTUR,IND,0,10th Pass,https://myneta.info/image_v2.php?myneta_folder=TamilNadu2026&candidate_id=1440&col=ta,https://myneta.info/image_v2.php?myneta_folder=TamilNadu2026&candidate_id=1440&col=lia
1174,654,Jothibasu K,https://www.myneta.info/TamilNadu2026/candidate.php?candidate_id=654,ARIYALUR,IND,0,Doctorate,"Rs 1,02,90,000 ~ 1 Crore+","Rs 4,00,000 ~ 4 Lacs+"
1175,2372,Jothilakshmi. R.S,https://www.myneta.info/TamilNadu2026/candidate.php?candidate_id=2372,SALEM (NORTH),Vishwa Tamil Kazhagam,0,10th Pass,"Rs 56,97,500 ~ 56 Lacs+","Rs 26,00,000 ~ 26 Lacs+"
1176,896,Jothimurugan.V,https://www.myneta.info/TamilNadu2026/candidate.php?candidate_id=896,NEYVELI,BSP,0,12th Pass,https://myneta.info/image_v2.php?myneta_folder=TamilNadu2026&candidate_id=896&col=ta,https://myneta.info/image_v2.php?myneta_folder=TamilNadu2026&candidate_id=896&col=lia
1177,3930,Jothiraj G M,https://www.myneta.info/TamilNadu2026/candidate.php?candidate_id=3930,THIYAGARAYANAGAR,IND,0,5th Pass,"Rs 16,85,000 ~ 16 Lacs+",Rs 0 ~
1178,590,Jothivel. A,https://www.myneta.info/TamilNadu2026/candidate.php?candidate_id=590,VIRALIMALAI,IND,0,Others,"Rs 8,34,259 ~ 8 Lacs+",Rs 0 ~
1179,3561,Justin. M,https://www.myneta.info/TamilNadu2026/candidate.php?candidate_id=3561,KILLIYOOR,IND,0,Graduate Professional,https://myneta.info/image_v2.php?myneta_folder=TamilNadu2026&candidate_id=3561&col=ta,https://myneta.info/image_v2.php?myneta_folder=TamilNadu2026&candidate_id=3561&col=lia
1180,3556,Justin. T,https://www.myneta.info/TamilNadu2026/candidate.php?candidate_id=3556,KILLIYOOR,Indian Christian Front,0,8th Pass,"Rs 30,90,000 ~ 30 Lacs+",Rs 0 ~
1181,1421,K Arunkumar,https://www.myneta.info/TamilNadu2026/candidate.php?candidate_id=1421,ALANGULAM,IND,0,Graduate Professional,"Rs 55,00,214 ~ 55 Lacs+","Rs 18,00,000 ~ 18 Lacs+"
1182,1585,K Bharathidhasan,https://www.myneta.info/TamilNadu2026/candidate.php?candidate_id=1585,CHENGAM (SC),Tamilaga Vettri Kazhagam,1,Graduate,https://myneta.info/image_v2.php?myneta_folder=TamilNadu2026&candidate_id=1585&col=ta,https://myneta.info/image_v2.php?myneta_folder=TamilNadu2026&candidate_id=1585&col=lia
1183,1482,K Duraisamy,https://www.myneta.info/TamilNadu2026/candidate.php?candidate_id=1482,SENTHAMANGALAM(ST),Ganasangam Party of India,0,Post Graduate,"Rs 61,93,500 ~ 61 Lacs+","Rs 15,28,000 ~ 15 Lacs+"
1184,3492,K E Manohar,https://www.myneta.info/TamilNadu2026/candidate.php?candidate_id=3492,HARBOUR,IND,0,Graduate,"Rs 23,55,500 ~ 23 Lacs+",Rs 0 ~
1185,986,K Kaleeswaran,https://www.myneta.info/TamilNadu2026/candidate.php?candidate_id=986,TIRUVADANAI,Tamizhaga Vaazhvurimai Katchi,0,8th Pass,https://myneta.info/image_v2.php?myneta_folder=TamilNadu2026&candidate_id=986&col=ta,https://myneta.info/image_v2.php?myneta_folder=TamilNadu2026&candidate_id=986&col=lia
1186,1586,K Manikandan,https://www.myneta.info/TamilNadu2026/candidate.php?candidate_id=1586,CHENGAM (SC),Makkal Sananayaga Kudiyarasu Katchi,1,12th Pass,"Rs 10,000 ~ 10 Thou+","Rs 9,67,790 ~ 9 Lacs+"
1187,1279,K R M. Radhakrishnan,https://www.myneta.info/TamilNadu2026/candidate.php?candidate_id=1279,TIRUCHENDUR,BJP,3,Graduate,"Rs 10,23,56,105 ~ 10 Crore+",Rs 0 ~
1188,1126,K R P Prabakaran,https://www.myneta.info/TamilNadu2026/candidate.php?candidate_id=1126,ALANGULAM,AIADMK,2,Graduate Professional,https://myneta.info/image_v2.php?myneta_folder=TamilNadu2026&candidate_id=1126&col=ta,https://myneta.info/image_v2.php?myneta_folder=TamilNadu2026&candidate_id=1126&col=lia
1189,1489,K Ramesh,https://www.myneta.info/TamilNadu2026/candidate.php?candidate_id=1489,SENTHAMANGALAM(ST),IND,0,10th Pass,"Rs 5,00,000 ~ 5 Lacs+",Rs 0 ~
1190,2856,K Shanmugavel,https://www.myneta.info/TamilNadu2026/candidate.php?candidate_id=2856,MADATHUKULAM,IND,0,8th Pass,"Rs 1,01,02,860 ~ 1 Crore+","Rs 11,31,000 ~ 11 Lacs+"
1191,1939,K Thavaraj,https://www.myneta.info/TamilNadu2026/candidate.php?candidate_id=1939,UTHANGARAI (SC),Tamizhaga Vaazhvurimai Katchi,1,5th Pass,https://myneta.info/image_v2.php?myneta_folder=TamilNadu2026&candidate_id=1939&col=ta,https://myneta.info/image_v2.php?myneta_folder=TamilNadu2026&candidate_id=1939&col=lia
1192,824,K Vadivazhagan Balaji,https://www.myneta.info/TamilNadu2026/candidate.php?candidate_id=824,MADATHUKULAM,IND,0,Post Graduate,"Rs 3,59,185 ~ 3 Lacs+",Rs 0 ~
1193,2492,K. Ajay Kumar,https://www.myneta.info/TamilNadu2026/candidate.php?candidate_id=2492,VILATHIKULAM,IND,0,Others,"Rs 63,161 ~ 63 Thou+",Rs 0 ~
1194,674,K. Annadurai,https://www.myneta.info/TamilNadu2026/candidate.php?candidate_id=674,BARGUR,IND,0,Doctorate,https://myneta.info/image_v2.php?myneta_folder=TamilNadu2026&candidate_id=674&col=ta,https://myneta.info/image_v2.php?myneta_folder=TamilNadu2026&candidate_id=674&col=lia
1195,2815,K. Annamalai,https://www.myneta.info/TamilNadu2026/candidate.php?candidate_id=2815,AVADI,IND,0,10th Pass,"Rs 13,30,400 ~ 13 Lacs+",Rs 0 ~
1196,2821,K. Balakrishnan,https://www.myneta.info/TamilNadu2026/candidate.php?candidate_id=2821,AVADI,IND,0,Graduate Professional,"Rs 8,55,000 ~ 8 Lacs+",Rs 0 ~
1197,1261,K. Balu,https://www.myneta.info/TamilNadu2026/candidate.php?candidate_id=1261,THIRUPORUR,Pattali Makkal Katchi,2,Graduate Professional,https://myneta.info/image_v2.php?myneta_folder=TamilNadu2026&candidate_id=1261&col=ta,https://myneta.info/image_v2.php?myneta_folder=TamilNadu2026&candidate_id=1261&col=lia
1198,2423,K. Chandra Sekar,https://www.myneta.info/TamilNadu2026/candidate.php?candidate_id=2423,GUMMIDIPOONDI,Veerath Thiyagi Viswanathadoss Thozhilalarkal Katchi,0,Illiterate,"Rs 1,48,76,000 ~ 1 Crore+","Rs 1,30,000 ~ 1 Lacs+"
1199,31,K. Deenu,https://www.myneta.info/TamilNadu2026/candidate.php?candidate_id=31,COONOOR,Naam Tamilar Katchi,0,Graduate,"Rs 10,11,992 ~ 10 Lacs+","Rs 8,57,126 ~ 8 Lacs+"
1200,3788,K. Dhanagopal,https://www.myneta.info/TamilNadu2026/candidate.php?candidate_id=3788,PUDUKKOTTAI,IND,0,10th Pass,https://myneta.info/image_v2.php?myneta_folder=TamilNadu2026&candidate_id=3788&col=ta,https://myneta.info/image_v2.php?myneta_folder=TamilNadu2026&candidate_id=3788&col=lia
1201,3653,K. Dharmaraj,https://www.myneta.info/TamilNadu2026/candidate.php?candidate_id=3653,LALGUDI,IND,0,5th Pass,"Rs 14,91,474 ~ 14 Lacs+",Rs 0 ~
1202,2069,K. Dinesh Kumar,https://www.myneta.info/TamilNadu2026/candidate.php?candidate_id=2069,COIMBATORE (SOUTH),IND,0,Graduate Professional,"Rs 53,58,465 ~ 53 Lacs+",Rs 0 ~
1203,348,K. Elumalai,https://www.myneta.info/TamilNadu2026/candidate.php?candidate_id=348,KOLATHUR,Veerath Thiyagi Viswanathadoss Thozhilalarkal Katchi,0,10th Pass,https://myneta.info/image_v2.php?myneta_folder=TamilNadu2026&candidate_id=348&col=ta,https://myneta.info/image_v2.php?myneta_folder=TamilNadu2026&candidate_id=348&col=lia
1204,2830,K. Ganapathy,https://www.myneta.info/TamilNadu2026/candidate.php?candidate_id=2830,MADHURAVOYAL,IND,0,8th Pass,"Rs 95,62,566 ~ 95 Lacs+",Rs 0 ~
1205,3646,K. Immaculate Mary,https://www.myneta.info/TamilNadu2026/candidate.php?candidate_id=3646,LALGUDI,Samaniya Makkal Nala Katchi,0,10th Pass,"Rs 4,05,000 ~ 4 Lacs+",Rs 0 ~
1206,3081,K. Jayaprakash,https://www.myneta.info/TamilNadu2026/candidate.php?candidate_id=3081,ATHOOR,Puthiya Tamilagam,1,10th Pass,https://myneta.info/image_v2.php?myneta_folder=TamilNadu2026&candidate_id=3081&col=ta,https://myneta.info/image_v2.php?myneta_folder=TamilNadu2026&candidate_id=3081&col=lia
1207,602,K. Kailasakumar,https://www.myneta.info/TamilNadu2026/candidate.php?candidate_id=602,PUDUKKOTTAI,IND,0,Not Given,"Rs 9,00,000 ~ 9 Lacs+","Rs 3,65,000 ~ 3 Lacs+"
1208,3102,K. Kalaiyarasan,https://www.myneta.info/TamilNadu2026/candidate.php?candidate_id=3102,ERODE (WEST),Party for the Rights of Other backward Classes,0,12th Pass,"Rs 5,36,33,909 ~ 5 Crore+","Rs 69,06,639 ~ 69 Lacs+"
1209,656,K. Kathiresan,https://www.myneta.info/TamilNadu2026/candidate.php?candidate_id=656,ATHOOR,IND,0,Post Graduate,https://myneta.info/image_v2.php?myneta_folder=TamilNadu2026&candidate_id=656&col=ta,https://myneta.info/image_v2.php?myneta_folder=TamilNadu2026&candidate_id=656&col=lia
1210,3816,K. Maleswaran,https://www.myneta.info/TamilNadu2026/candidate.php?candidate_id=3816,RAMANATHAPURAM,IND,0,12th Pass,"Rs 22,88,000 ~ 22 Lacs+","Rs 9,30,000 ~ 9 Lacs+"
1211,2403,K. Masilamani,https://www.myneta.info/TamilNadu2026/candidate.php?candidate_id=2403,PAPANASAM,CPI(ML)(L),0,5th Pass,"Rs 4,52,500 ~ 4 Lacs+",Rs 0 ~
1212,2035,K. Murali,https://www.myneta.info/TamilNadu2026/candidate.php?candidate_id=2035,DR.RADHAKRISHNAN NAGAR,IND,0,Graduate Professional,https://myneta.info/image_v2.php?myneta_folder=TamilNadu2026&candidate_id=2035&col=ta,https://myneta.info/image_v2.php?myneta_folder=TamilNadu2026&candidate_id=2035&col=lia
1213,601,K. Murugesan,https://www.myneta.info/TamilNadu2026/candidate.php?candidate_id=601,PUDUKKOTTAI,IND,0,10th Pass,"Rs 38,40,000 ~ 38 Lacs+","Rs 3,00,000 ~ 3 Lacs+"
1214,3978,K. Nagarajan,https://www.myneta.info/TamilNadu2026/candidate.php?candidate_id=3978,VASUDEVANALLUR (SC),IND,0,8th Pass,"Rs 2,24,160 ~ 2 Lacs+","Rs 5,48,650 ~ 5 Lacs+"
1215,2241,K. Nithyanandan,https://www.myneta.info/TamilNadu2026/candidate.php?candidate_id=2241,POLLACHI,IND,0,10th Pass,https://myneta.info/image_v2.php?myneta_folder=TamilNadu2026&candidate_id=2241&col=ta,https://myneta.info/image_v2.php?myneta_folder=TamilNadu2026&candidate_id=2241&col=lia
1216,236,K. Nithyanandhan,https://www.myneta.info/TamilNadu2026/candidate.php?candidate_id=236,POLLACHI,DMK,0,Graduate,"Rs 1,70,46,70,893 ~ 170 Crore+","Rs 26,93,10,323 ~ 26 Crore+"
1217,1248,K. Palani,https://www.myneta.info/TamilNadu2026/candidate.php?candidate_id=1248,SRIPERUMBUDUR (SC),AIADMK,0,5th Pass,"Rs 1,30,82,287 ~ 1 Crore+","Rs 33,00,000 ~ 33 Lacs+"
1218,3624,K. Palanivel,https://www.myneta.info/TamilNadu2026/candidate.php?candidate_id=3624,KUMARAPALAYAM,IND,0,5th Pass,https://myneta.info/image_v2.php?myneta_folder=TamilNadu2026&candidate_id=3624&col=ta,https://myneta.info/image_v2.php?myneta_folder=TamilNadu2026&candidate_id=3624&col=lia
1219,2608,K. Panneer Selvam,https://www.myneta.info/TamilNadu2026/candidate.php?candidate_id=2608,KOLATHUR,IND,0,Graduate Professional,"Rs 12,14,143 ~ 12 Lacs+",Rs 0 ~
1220,3972,K. Paulraj,https://www.myneta.info/TamilNadu2026/candidate.php?candidate_id=3972,VASUDEVANALLUR (SC),Puthiya Tamilagam,2,5th Pass,"Rs 72,23,218 ~ 72 Lacs+","Rs 6,00,000 ~ 6 Lacs+"
1221,1551,K. Prasath,https://www.myneta.info/TamilNadu2026/candidate.php?candidate_id=1551,ROYAPURAM,IND,0,10th Pass,https://myneta.info/image_v2.php?myneta_folder=TamilNadu2026&candidate_id=1551&col=ta,https://myneta.info/image_v2.php?myneta_folder=TamilNadu2026&candidate_id=1551&col=lia
1222,3022,K. Raghul Gandhi,https://www.myneta.info/TamilNadu2026/candidate.php?candidate_id=3022,COIMBATORE (NORTH),All India Puratchi Thalaivar Makkal Munnettra Kazhagam,1,10th Pass,"Rs 8,57,500 ~ 8 Lacs+","Rs 9,852 ~ 9 Thou+"
1223,2078,K. Rajapandian,https://www.myneta.info/TamilNadu2026/candidate.php?candidate_id=2078,COIMBATORE (SOUTH),IND,0,Graduate Professional,"Rs 15,70,033 ~ 15 Lacs+","Rs 36,929 ~ 36 Thou+"
1224,2409,K. Rajendran,https://www.myneta.info/TamilNadu2026/candidate.php?candidate_id=2409,PAPANASAM,IND,0,12th Pass,https://myneta.info/image_v2.php?myneta_folder=TamilNadu2026&candidate_id=2409&col=ta,https://myneta.info/image_v2.php?myneta_folder=TamilNadu2026&candidate_id=2409&col=lia
1225,3974,K. Rajendran,https://www.myneta.info/TamilNadu2026/candidate.php?candidate_id=3974,VASUDEVANALLUR (SC),Puthiya Makkal Tamil Desam Katchi,0,10th Pass,"Rs 16,22,000 ~ 16 Lacs+","Rs 1,25,000 ~ 1 Lacs+"
1226,9,K. Rajkumar,https://www.myneta.info/TamilNadu2026/candidate.php?candidate_id=9,ARAKKONAM (SC),Naam Tamilar Katchi,0,10th Pass,"Rs 76,23,657 ~ 76 Lacs+",Rs 0 ~
1227,484,K. Ramachandran,https://www.myneta.info/TamilNadu2026/candidate.php?candidate_id=484,VASUDEVANALLUR (SC),IND,3,8th Pass,https://myneta.info/image_v2.php?myneta_folder=TamilNadu2026&candidate_id=484&col=ta,https://myneta.info/image_v2.php?myneta_folder=TamilNadu2026&candidate_id=484&col=lia
1228,3834,K. Ravikumar,https://www.myneta.info/TamilNadu2026/candidate.php?candidate_id=3834,SANKARANKOVIL (SC),IND,0,10th Pass,"Rs 15,37,358 ~ 15 Lacs+","Rs 9,00,000 ~ 9 Lacs+"
1229,3780,K. Rengan,https://www.myneta.info/TamilNadu2026/candidate.php?candidate_id=3780,PUDUKKOTTAI,Puthiya Tamilagam,0,Others,"Rs 60,63,000 ~ 60 Lacs+","Rs 19,00,000 ~ 19 Lacs+"
1230,1258,K. S. Ravichandran,https://www.myneta.info/TamilNadu2026/candidate.php?candidate_id=1258,THIRU-VI-KA-NAGAR (SC),DMK,0,Graduate Professional,https://myneta.info/image_v2.php?myneta_folder=TamilNadu2026&candidate_id=1258&col=ta,https://myneta.info/image_v2.php?myneta_folder=TamilNadu2026&candidate_id=1258&col=lia
1231,2503,K. Sakthivel,https://www.myneta.info/TamilNadu2026/candidate.php?candidate_id=2503,SRIRANGAM,Anna Puratchi Thalaivar Amma Dravida Munnetra Kazhagam,0,10th Pass,"Rs 35,76,156 ~ 35 Lacs+",Rs 0 ~
1232,3819,K. Sakthivel Nathan,https://www.myneta.info/TamilNadu2026/candidate.php?candidate_id=3819,RANIPET,IND,0,12th Pass,"Rs 50,000 ~ 50 Thou+",Rs 0 ~
1233,3027,K. Sampath Kumar,https://www.myneta.info/TamilNadu2026/candidate.php?candidate_id=3027,COIMBATORE (NORTH),IND,0,10th Pass,https://myneta.info/image_v2.php?myneta_folder=TamilNadu2026&candidate_id=3027&col=ta,https://myneta.info/image_v2.php?myneta_folder=TamilNadu2026&candidate_id=3027&col=lia
1234,1430,K. Sekar,https://www.myneta.info/TamilNadu2026/candidate.php?candidate_id=1430,AMBATTUR,IND,0,8th Pass,"Rs 8,18,000 ~ 8 Lacs+",Rs 0 ~
1235,1247,K. Selvaperunthagai,https://www.myneta.info/TamilNadu2026/candidate.php?candidate_id=1247,SRIPERUMBUDUR (SC),INC,9,Graduate Professional,"Rs 50,41,44,153 ~ 50 Crore+","Rs 2,09,86,072 ~ 2 Crore+"
1236,1949,K. Senthilkumar,https://www.myneta.info/TamilNadu2026/candidate.php?candidate_id=1949,MANACHANALLUR,Samaniya Makkal Nala Katchi,0,8th Pass,https://myneta.info/image_v2.php?myneta_folder=TamilNadu2026&candidate_id=1949&col=ta,https://myneta.info/image_v2.php?myneta_folder=TamilNadu2026&candidate_id=1949&col=lia
1237,171,K. Senthilkumar,https://www.myneta.info/TamilNadu2026/candidate.php?candidate_id=171,THIRUVALLUR,Naam Tamilar Katchi,0,Post Graduate,"Rs 93,76,000 ~ 93 Lacs+","Rs 15,47,000 ~ 15 Lacs+"
1238,3652,K. Senthilkumar,https://www.myneta.info/TamilNadu2026/candidate.php?candidate_id=3652,LALGUDI,IND,0,10th Pass,"Rs 21,71,000 ~ 21 Lacs+","Rs 3,75,000 ~ 3 Lacs+"
1239,3831,K. Subburaj,https://www.myneta.info/TamilNadu2026/candidate.php?candidate_id=3831,SANKARANKOVIL (SC),IND,0,12th Pass,https://myneta.info/image_v2.php?myneta_folder=TamilNadu2026&candidate_id=3831&col=ta,https://myneta.info/image_v2.php?myneta_folder=TamilNadu2026&candidate_id=3831&col=lia
1240,2024,K. Sujith,https://www.myneta.info/TamilNadu2026/candidate.php?candidate_id=2024,DR.RADHAKRISHNAN NAGAR,IND,0,Graduate Professional,"Rs 90,14,271 ~ 90 Lacs+","Rs 31,10,000 ~ 31 Lacs+"
1241,3825,K. Thangavel,https://www.myneta.info/TamilNadu2026/candidate.php?candidate_id=3825,SANKARANKOVIL (SC),Puthiya Makkal Tamil Desam Katchi,0,5th Pass,"Rs 15,02,000 ~ 15 Lacs+",Rs 0 ~
1242,872,K. Udhayakumar,https://www.myneta.info/TamilNadu2026/candidate.php?candidate_id=872,COIMBATORE (NORTH),Thamizhaka Padaippalar Makkal Katchi,0,8th Pass,https://myneta.info/image_v2.php?myneta_folder=TamilNadu2026&candidate_id=872&col=ta,https://myneta.info/image_v2.php?myneta_folder=TamilNadu2026&candidate_id=872&col=lia
1243,3086,K. Velmurugan,https://www.myneta.info/TamilNadu2026/candidate.php?candidate_id=3086,ATHOOR,IND,0,Illiterate,"Rs 34,750 ~ 34 Thou+",Rs 0 ~
1244,260,K. Venkatesan,https://www.myneta.info/TamilNadu2026/candidate.php?candidate_id=260,MADHURAVOYAL,Veerath Thiyagi Viswanathadoss Thozhilalarkal Katchi,0,12th Pass,"Rs 8,10,000 ~ 8 Lacs+",Rs 0 ~
1245,2080,K. Vijayan,https://www.myneta.info/TamilNadu2026/candidate.php?candidate_id=2080,COIMBATORE (SOUTH),IND,0,10th Pass,https://myneta.info/image_v2.php?myneta_folder=TamilNadu2026&candidate_id=2080&col=ta,https://myneta.info/image_v2.php?myneta_folder=TamilNadu2026&candidate_id=2080&col=lia
1246,1665,K. Vishwanathan,https://www.myneta.info/TamilNadu2026/candidate.php?candidate_id=1665,SHOLINGANALLUR,All India Puratchi Thalaivar Makkal Munnettra Kazhagam,0,Post Graduate,"Rs 12,25,000 ~ 12 Lacs+",Rs 0 ~
1247,3085,K. Visvanathan,https://www.myneta.info/TamilNadu2026/candidate.php?candidate_id=3085,ATHOOR,IND,0,Illiterate,"Rs 67,509 ~ 67 Thou+",Rs 0 ~
1248,2542,K.Anand,https://www.myneta.info/TamilNadu2026/candidate.php?candidate_id=2542,TIRUPPUR (NORTH),IND,0,Illiterate,https://myneta.info/image_v2.php?myneta_folder=TamilNadu2026&candidate_id=2542&col=ta,https://myneta.info/image_v2.php?myneta_folder=TamilNadu2026&candidate_id=2542&col=lia
1249,3233,K.Arumugam,https://www.myneta.info/TamilNadu2026/candidate.php?candidate_id=3233,KANGAYAM,IND,0,Graduate,"Rs 4,94,000 ~ 4 Lacs+","Rs 1,60,000 ~ 1 Lacs+"
1250,2568,K.Asha,https://www.myneta.info/TamilNadu2026/candidate.php?candidate_id=2568,GUDIYATTAM (SC),Puthiya Tamilagam,0,12th Pass,"Rs 2,22,600 ~ 2 Lacs+",Rs 0 ~
1251,1370,K.B.Pradap,https://www.myneta.info/TamilNadu2026/candidate.php?candidate_id=1370,GUDIYATTAM (SC),Desiya Murpokku Dravida Kazhagam,2,Graduate,https://myneta.info/image_v2.php?myneta_folder=TamilNadu2026&candidate_id=1370&col=ta,https://myneta.info/image_v2.php?myneta_folder=TamilNadu2026&candidate_id=1370&col=lia
1252,188,K.Bhuvaneswari,https://www.myneta.info/TamilNadu2026/candidate.php?candidate_id=188,TIRUCHIRAPPALLI (WEST),Naam Tamilar Katchi,0,Graduate,"Rs 4,74,500 ~ 4 Lacs+","Rs 3,15,000 ~ 3 Lacs+"
1253,1932,K.Dhanabal,https://www.myneta.info/TamilNadu2026/candidate.php?candidate_id=1932,MODAKKURICHI,IND,0,Post Graduate,"Rs 5,58,440 ~ 5 Lacs+","Rs 2,55,379 ~ 2 Lacs+"
1254,701,K.Dhavasiappan,https://www.myneta.info/TamilNadu2026/candidate.php?candidate_id=701,ERODE (EAST),Tamilaga Makkal Nala Katchi,0,8th Pass,https://myneta.info/image_v2.php?myneta_folder=TamilNadu2026&candidate_id=701&col=ta,https://myneta.info/image_v2.php?myneta_folder=TamilNadu2026&candidate_id=701&col=lia
1255,3694,K.Dhivya,https://www.myneta.info/TamilNadu2026/candidate.php?candidate_id=3694,MUSIRI,Rashtriya Samaj Dal (R),0,8th Pass,"Rs 11,37,200 ~ 11 Lacs+","Rs 2,53,000 ~ 2 Lacs+"
1256,3685,K.Gangai Amaran,https://www.myneta.info/TamilNadu2026/candidate.php?candidate_id=3685,MUDUKULATHUR,IND,0,Graduate,"Rs 13,16,000 ~ 13 Lacs+",Rs 0 ~
1257,3615,K.Hakkim,https://www.myneta.info/TamilNadu2026/candidate.php?candidate_id=3615,KULITHALAI,IND,0,Graduate Professional,https://myneta.info/image_v2.php?myneta_folder=TamilNadu2026&candidate_id=3615&col=ta,https://myneta.info/image_v2.php?myneta_folder=TamilNadu2026&candidate_id=3615&col=lia
1258,1546,K.J. Sivakumar,https://www.myneta.info/TamilNadu2026/candidate.php?candidate_id=1546,ROYAPURAM,IND,0,Graduate Professional,"Rs 1,12,24,179 ~ 1 Crore+",Rs 0 ~
1259,1562,K.Jeya,https://www.myneta.info/TamilNadu2026/candidate.php?candidate_id=1562,MADURAI SOUTH,IND,0,8th Pass,"Rs 16,000 ~ 16 Thou+",Rs 0 ~
1260,3874,K.Kumar Babu,https://www.myneta.info/TamilNadu2026/candidate.php?candidate_id=3874,SINGANALLUR,IND,0,8th Pass,https://myneta.info/image_v2.php?myneta_folder=TamilNadu2026&candidate_id=3874&col=ta,https://myneta.info/image_v2.php?myneta_folder=TamilNadu2026&candidate_id=3874&col=lia
1261,893,K.Lenin,https://www.myneta.info/TamilNadu2026/candidate.php?candidate_id=893,CUDDALORE,Tamizhaga Vaazhvurimai Katchi,1,Graduate Professional,"Rs 1,60,13,300 ~ 1 Crore+","Rs 1,72,000 ~ 1 Lacs+"
1262,1973,K.M. Devan,https://www.myneta.info/TamilNadu2026/candidate.php?candidate_id=1973,PERAMBUR,Makkal Murasu Katchi,0,Graduate Professional,"Rs 10,61,000 ~ 10 Lacs+",Rs 0 ~
1263,600,K.M. Shariff,https://www.myneta.info/TamilNadu2026/candidate.php?candidate_id=600,PUDUKKOTTAI,Tamilaga Vettri Kazhagam,10,10th Pass,https://myneta.info/image_v2.php?myneta_folder=TamilNadu2026&candidate_id=600&col=ta,https://myneta.info/image_v2.php?myneta_folder=TamilNadu2026&candidate_id=600&col=lia
1264,435,K.M.Kaliappan,https://www.myneta.info/TamilNadu2026/candidate.php?candidate_id=435,TENKASI,IND,0,5th Pass,"Rs 75,80,000 ~ 75 Lacs+","Rs 3,80,000 ~ 3 Lacs+"
1265,2559,K.M.Vinaayagam,https://www.myneta.info/TamilNadu2026/candidate.php?candidate_id=2559,VELLORE,Viro Ke Vir Indian Party,0,Others,"Rs 75,85,000 ~ 75 Lacs+","Rs 16,50,000 ~ 16 Lacs+"
1266,3369,K.Manikandan,https://www.myneta.info/TamilNadu2026/candidate.php?candidate_id=3369,ARCOT,IND,0,8th Pass,https://myneta.info/image_v2.php?myneta_folder=TamilNadu2026&candidate_id=3369&col=ta,https://myneta.info/image_v2.php?myneta_folder=TamilNadu2026&candidate_id=3369&col=lia
1267,3679,K.Manikandaprabu,https://www.myneta.info/TamilNadu2026/candidate.php?candidate_id=3679,MELUR,IND,0,8th Pass,"Rs 18,69,921 ~ 18 Lacs+",Rs 0 ~
1268,3376,K.Manoharan,https://www.myneta.info/TamilNadu2026/candidate.php?candidate_id=3376,ANAIKATTU,IND,0,5th Pass,"Rs 14,20,500 ~ 14 Lacs+",Rs 0 ~
1269,538,K.Meyyar,https://www.myneta.info/TamilNadu2026/candidate.php?candidate_id=538,MELUR,CPI(ML)(L),1,8th Pass,https://myneta.info/image_v2.php?myneta_folder=TamilNadu2026&candidate_id=538&col=ta,https://myneta.info/image_v2.php?myneta_folder=TamilNadu2026&candidate_id=538&col=lia
1270,3358,K.Munisamy,https://www.myneta.info/TamilNadu2026/candidate.php?candidate_id=3358,SHOLINGHUR,IND,0,10th Pass,"Rs 21,000 ~ 21 Thou+",Rs 0 ~
1271,2558,K.Muniyappan,https://www.myneta.info/TamilNadu2026/candidate.php?candidate_id=2558,VELLORE,ALL PENSIONERS PARTY,0,Post Graduate,"Rs 30,10,000 ~ 30 Lacs+",Rs 0 ~
1272,1926,K.Muniyappan,https://www.myneta.info/TamilNadu2026/candidate.php?candidate_id=1926,MODAKKURICHI,BSP,0,10th Pass,https://myneta.info/image_v2.php?myneta_folder=TamilNadu2026&candidate_id=1926&col=ta,https://myneta.info/image_v2.php?myneta_folder=TamilNadu2026&candidate_id=1926&col=lia
1273,3689,K.Murugan,https://www.myneta.info/TamilNadu2026/candidate.php?candidate_id=3689,MUDUKULATHUR,IND,0,10th Pass,"Rs 30,06,000 ~ 30 Lacs+","Rs 4,00,000 ~ 4 Lacs+"
1274,1523,K.Murugesan,https://www.myneta.info/TamilNadu2026/candidate.php?candidate_id=1523,ALANGUDI,IND,0,Illiterate,"Rs 11,000 ~ 11 Thou+",Rs 0 ~
1275,3910,K.Muthu,https://www.myneta.info/TamilNadu2026/candidate.php?candidate_id=3910,TENKASI,IND,0,8th Pass,https://myneta.info/image_v2.php?myneta_folder=TamilNadu2026&candidate_id=3910&col=ta,https://myneta.info/image_v2.php?myneta_folder=TamilNadu2026&candidate_id=3910&col=lia
1276,240,K.N. Sekar,https://www.myneta.info/TamilNadu2026/candidate.php?candidate_id=240,AMBATTUR,Pattali Makkal Katchi,0,8th Pass,"Rs 22,81,77,172 ~ 22 Crore+","Rs 3,01,75,763 ~ 3 Crore+"
1277,189,K.N.Nehru,https://www.myneta.info/TamilNadu2026/candidate.php?candidate_id=189,TIRUCHIRAPPALLI (WEST),DMK,0,12th Pass,"Rs 6,32,49,750 ~ 6 Crore+",Rs 0 ~
1278,1241,K.P.Kandan,https://www.myneta.info/TamilNadu2026/candidate.php?candidate_id=1241,SHOLINGANALLUR,AIADMK,5,8th Pass,https://myneta.info/image_v2.php?myneta_folder=TamilNadu2026&candidate_id=1241&col=ta,https://myneta.info/image_v2.php?myneta_folder=TamilNadu2026&candidate_id=1241&col=lia
1279,726,K.P.Paramasivam,https://www.myneta.info/TamilNadu2026/candidate.php?candidate_id=726,PALLADAM,AIADMK,0,8th Pass,"Rs 23,10,07,691 ~ 23 Crore+","Rs 2,60,000 ~ 2 Lacs+"
1280,1898,K.Palanisamy,https://www.myneta.info/TamilNadu2026/candidate.php?candidate_id=1898,YERCAUD (ST),BSP,0,10th Pass,"Rs 11,01,000 ~ 11 Lacs+",Rs 0 ~
1281,1244,K.R.Jayaram,https://www.myneta.info/TamilNadu2026/candidate.php?candidate_id=1244,SINGANALLUR,AIADMK,10,8th Pass,https://myneta.info/image_v2.php?myneta_folder=TamilNadu2026&candidate_id=1244&col=ta,https://myneta.info/image_v2.php?myneta_folder=TamilNadu2026&candidate_id=1244&col=lia
1282,3692,K.Rajakumar,https://www.myneta.info/TamilNadu2026/candidate.php?candidate_id=3692,MUDUKULATHUR,IND,0,Graduate,"Rs 32,02,900 ~ 32 Lacs+","Rs 12,59,000 ~ 12 Lacs+"
1283,2342,K.Rajasekar,https://www.myneta.info/TamilNadu2026/candidate.php?candidate_id=2342,NAGAPATTINAM,Puthiya Tamilagam,0,8th Pass,"Rs 10,82,054 ~ 10 Lacs+","Rs 5,00,000 ~ 5 Lacs+"
1284,1077,K.Ramkumar,https://www.myneta.info/TamilNadu2026/candidate.php?candidate_id=1077,PALLADAM,Tamilaga Vettri Kazhagam,0,8th Pass,https://myneta.info/image_v2.php?myneta_folder=TamilNadu2026&candidate_id=1077&col=ta,https://myneta.info/image_v2.php?myneta_folder=TamilNadu2026&candidate_id=1077&col=lia
1285,2527,K.Rathinasamy,https://www.myneta.info/TamilNadu2026/candidate.php?candidate_id=2527,PALLADAM,BSP,0,5th Pass,"Rs 15,21,495 ~ 15 Lacs+","Rs 45,500 ~ 45 Thou+"
1286,2077,K.S. Rajagopal,https://www.myneta.info/TamilNadu2026/candidate.php?candidate_id=2077,COIMBATORE (SOUTH),IND,0,Graduate Professional,"Rs 10,65,447 ~ 10 Lacs+","Rs 45,000 ~ 45 Thou+"
1287,880,K.S.Sri Giri Prasath,https://www.myneta.info/TamilNadu2026/candidate.php?candidate_id=880,SINGANALLUR,Tamilaga Vettri Kazhagam,0,Graduate Professional,https://myneta.info/image_v2.php?myneta_folder=TamilNadu2026&candidate_id=880&col=ta,https://myneta.info/image_v2.php?myneta_folder=TamilNadu2026&candidate_id=880&col=lia
1288,2528,K.Sakthivel,https://www.myneta.info/TamilNadu2026/candidate.php?candidate_id=2528,PALLADAM,Anna Puratchi Thalaivar Amma Dravida Munnetra Kazhagam,0,10th Pass,"Rs 21,06,000 ~ 21 Lacs+",Rs 0 ~
1289,1242,K.Saravanan,https://www.myneta.info/TamilNadu2026/candidate.php?candidate_id=1242,SHOLINGHUR,Pattali Makkal Katchi,7,Graduate Professional,"Rs 5,95,95,450 ~ 5 Crore+","Rs 1,52,45,542 ~ 1 Crore+"
1290,2154,K.Saroja W/O  Krishnasamy,https://www.myneta.info/TamilNadu2026/candidate.php?candidate_id=2154,THURAIYUR (SC),IND,0,8th Pass,https://myneta.info/image_v2.php?myneta_folder=TamilNadu2026&candidate_id=2154&col=ta,https://myneta.info/image_v2.php?myneta_folder=TamilNadu2026&candidate_id=2154&col=lia
1291,2156,K.Selvam,https://www.myneta.info/TamilNadu2026/candidate.php?candidate_id=2156,THURAIYUR (SC),IND,0,Illiterate,"Rs 4,25,000 ~ 4 Lacs+",Rs 0 ~
1292,1113,K.Selvaraj,https://www.myneta.info/TamilNadu2026/candidate.php?candidate_id=1113,PALLADAM,DMK,0,5th Pass,"Rs 5,08,76,166 ~ 5 Crore+","Rs 42,25,656 ~ 42 Lacs+"
1293,3682,K.Senthil Mallar,https://www.myneta.info/TamilNadu2026/candidate.php?candidate_id=3682,MUDUKULATHUR,Tamizhaga Vaazhvurimai Katchi,4,Post Graduate,https://myneta.info/image_v2.php?myneta_folder=TamilNadu2026&candidate_id=3682&col=ta,https://myneta.info/image_v2.php?myneta_folder=TamilNadu2026&candidate_id=3682&col=lia
1294,3678,K.Sethuraman,https://www.myneta.info/TamilNadu2026/candidate.php?candidate_id=3678,MELUR,IND,0,Graduate,"Rs 30,39,955 ~ 30 Lacs+",Rs 0 ~
1295,3609,K.Sheikanwardeen,https://www.myneta.info/TamilNadu2026/candidate.php?candidate_id=3609,KULITHALAI,IND,0,Graduate Professional,"Rs 21,76,000 ~ 21 Lacs+","Rs 12,00,000 ~ 12 Lacs+"
1296,1083,K.Sindu,https://www.myneta.info/TamilNadu2026/candidate.php?candidate_id=1083,GUDIYATTAM (SC),Tamilaga Vettri Kazhagam,0,Post Graduate,https://myneta.info/image_v2.php?myneta_folder=TamilNadu2026&candidate_id=1083&col=ta,https://myneta.info/image_v2.php?myneta_folder=TamilNadu2026&candidate_id=1083&col=lia
1297,486,K.Suresh,https://www.myneta.info/TamilNadu2026/candidate.php?candidate_id=486,SANKARANKOVIL (SC),IND,0,Others,"Rs 5,50,000 ~ 5 Lacs+",Rs 0 ~
1298,2569,K.Thabithal,https://www.myneta.info/TamilNadu2026/candidate.php?candidate_id=2569,GUDIYATTAM (SC),All India Puratchi Thalaivar Makkal Munnettra Kazhagam,0,Post Graduate,"Rs 23,31,095 ~ 23 Lacs+",Rs 0 ~
1299,1539,K.V. Vijay Damu,https://www.myneta.info/TamilNadu2026/candidate.php?candidate_id=1539,ROYAPURAM,Tamilaga Vettri Kazhagam,4,8th Pass,https://myneta.info/image_v2.php?myneta_folder=TamilNadu2026&candidate_id=1539&col=ta,https://myneta.info/image_v2.php?myneta_folder=TamilNadu2026&candidate_id=1539&col=lia
1300,116,K.V.Thamiliniyan,https://www.myneta.info/TamilNadu2026/candidate.php?candidate_id=116,PALLADAM,Naam Tamilar Katchi,0,Graduate,"Rs 26,69,925 ~ 26 Lacs+",Rs 0 ~
1301,427,K.Veeramalai,https://www.myneta.info/TamilNadu2026/candidate.php?candidate_id=427,KULITHALAI,IND,0,Graduate Professional,"Rs 23,04,000 ~ 23 Lacs+","Rs 1,40,000 ~ 1 Lacs+"
1302,1513,K.Velayudham,https://www.myneta.info/TamilNadu2026/candidate.php?candidate_id=1513,ALANDUR,IND,0,8th Pass,https://myneta.info/image_v2.php?myneta_folder=TamilNadu2026&candidate_id=1513&col=ta,https://myneta.info/image_v2.php?myneta_folder=TamilNadu2026&candidate_id=1513&col=lia
1303,338,K.Velmurugan,https://www.myneta.info/TamilNadu2026/candidate.php?candidate_id=338,KAVUNDAMPALAYAM,BSP,0,Post Graduate,"Rs 1,32,95,112 ~ 1 Crore+",Rs 0 ~
1304,1595,K.Velu,https://www.myneta.info/TamilNadu2026/candidate.php?candidate_id=1595,CHENGAM (SC),IND,0,10th Pass,"Rs 25,000 ~ 25 Thou+",Rs 0 ~
1305,2548,K.Venkadaswamy,https://www.myneta.info/TamilNadu2026/candidate.php?candidate_id=2548,TIRUPPUR (NORTH),IND,0,10th Pass,https://myneta.info/image_v2.php?myneta_folder=TamilNadu2026&candidate_id=2548&col=ta,https://myneta.info/image_v2.php?myneta_folder=TamilNadu2026&candidate_id=2548&col=lia
1306,2560,K.Vimala,https://www.myneta.info/TamilNadu2026/candidate.php?candidate_id=2560,VELLORE,Naam Indiar Party,0,Illiterate,"Rs 1,00,000 ~ 1 Lacs+",Rs 0 ~
1307,734,Kadambur Raju.C,https://www.myneta.info/TamilNadu2026/candidate.php?candidate_id=734,KOVILPATTI,AIADMK,1,Others,"Rs 4,87,23,049 ~ 4 Crore+","Rs 1,81,28,207 ~ 1 Crore+"
1308,1238,Kadarkarairaj. A,https://www.myneta.info/TamilNadu2026/candidate.php?candidate_id=1238,SATTUR,DMK,0,8th Pass,https://myneta.info/image_v2.php?myneta_folder=TamilNadu2026&candidate_id=1238&col=ta,https://myneta.info/image_v2.php?myneta_folder=TamilNadu2026&candidate_id=1238&col=lia
1309,2599,Kaja Maideen,https://www.myneta.info/TamilNadu2026/candidate.php?candidate_id=2599,KOLATHUR,IND,0,5th Pass,"Rs 6,46,000 ~ 6 Lacs+","Rs 1,37,000 ~ 1 Lacs+"
1310,4016,Kala Pethachi,https://www.myneta.info/TamilNadu2026/candidate.php?candidate_id=4016,VELACHERY,IND,1,Graduate,"Rs 65,80,000 ~ 65 Lacs+","Rs 4,00,000 ~ 4 Lacs+"
1311,22,Kalaiarasu.S,https://www.myneta.info/TamilNadu2026/candidate.php?candidate_id=22,BODINAYAKKANUR,Naam Tamilar Katchi,0,Doctorate,https://myneta.info/image_v2.php?myneta_folder=TamilNadu2026&candidate_id=22&col=ta,https://myneta.info/image_v2.php?myneta_folder=TamilNadu2026&candidate_id=22&col=lia
1312,3406,Kalaimani. V,https://www.myneta.info/TamilNadu2026/candidate.php?candidate_id=3406,ARANI,Aanaithinthiya Jananayaka Pathukappu Kazhagam,1,10th Pass,"Rs 54,53,000 ~ 54 Lacs+","Rs 11,90,000 ~ 11 Lacs+"
1313,4069,Kalairaj. K,https://www.myneta.info/TamilNadu2026/candidate.php?candidate_id=4069,KARUR,IND,0,Graduate Professional,"Rs 7,51,000 ~ 7 Lacs+","Rs 1,10,000 ~ 1 Lacs+"
1314,2323,Kalaiselvi.R,https://www.myneta.info/TamilNadu2026/candidate.php?candidate_id=2323,THIRUMANGALAM,Ahila India Dhayaga Makkal Munnetra Katchi,0,8th Pass,https://myneta.info/image_v2.php?myneta_folder=TamilNadu2026&candidate_id=2323&col=ta,https://myneta.info/image_v2.php?myneta_folder=TamilNadu2026&candidate_id=2323&col=lia
1315,731,Kalaivanan Poondi K,https://www.myneta.info/TamilNadu2026/candidate.php?candidate_id=731,THIRUVARUR,DMK,1,12th Pass,"Rs 11,06,82,300 ~ 11 Crore+","Rs 1,96,81,020 ~ 1 Crore+"
1316,2088,Kalaivani.S,https://www.myneta.info/TamilNadu2026/candidate.php?candidate_id=2088,THONDAMUTHUR,IND,0,Others,"Rs 40,13,500 ~ 40 Lacs+","Rs 9,90,000 ~ 9 Lacs+"
1317,66,Kalaiyenthiri. R,https://www.myneta.info/TamilNadu2026/candidate.php?candidate_id=66,KILVAITHINANKUPPAM (SC),Naam Tamilar Katchi,0,Graduate Professional,https://myneta.info/image_v2.php?myneta_folder=TamilNadu2026&candidate_id=66&col=ta,https://myneta.info/image_v2.php?myneta_folder=TamilNadu2026&candidate_id=66&col=lia
1318,63,Kalamani Jaganathan,https://www.myneta.info/TamilNadu2026/candidate.php?candidate_id=63,KAVUNDAMPALAYAM,Naam Tamilar Katchi,0,Graduate,"Rs 3,11,21,010 ~ 3 Crore+","Rs 92,01,528 ~ 92 Lacs+"
1319,294,Kalanchiyam.Mu,https://www.myneta.info/TamilNadu2026/candidate.php?candidate_id=294,THOUSAND LIGHTS,Naam Tamilar Katchi,2,Graduate,"Rs 28,98,000 ~ 28 Lacs+",Rs 0 ~
1320,475,Kalasthiri S,https://www.myneta.info/TamilNadu2026/candidate.php?candidate_id=475,JOLARPET,All India Uzhavargal Uzhaippalargal Katchi,0,10th Pass,https://myneta.info/image_v2.php?myneta_folder=TamilNadu2026&candidate_id=475&col=ta,https://myneta.info/image_v2.php?myneta_folder=TamilNadu2026&candidate_id=475&col=lia
1321,4040,Kalasthiri. S,https://www.myneta.info/TamilNadu2026/candidate.php?candidate_id=4040,TIRUPATTUR,All India Uzhavargal Uzhaippalargal Katchi,0,10th Pass,"Rs 9,60,700 ~ 9 Lacs+",Rs 0 ~
1322,3185,Kaleeswaran M,https://www.myneta.info/TamilNadu2026/candidate.php?candidate_id=3185,SIVAGANGA,IND,1,10th Pass,"Rs 21,82,756 ~ 21 Lacs+","Rs 6,90,000 ~ 6 Lacs+"
1323,1789,Kalidass. R,https://www.myneta.info/TamilNadu2026/candidate.php?candidate_id=1789,KARAIKUDI,IND,0,5th Pass,https://myneta.info/image_v2.php?myneta_folder=TamilNadu2026&candidate_id=1789&col=ta,https://myneta.info/image_v2.php?myneta_folder=TamilNadu2026&candidate_id=1789&col=lia
1324,2552,Kalimuthu S.,https://www.myneta.info/TamilNadu2026/candidate.php?candidate_id=2552,UDUMALAIPETTAI,IND,0,12th Pass,"Rs 42,21,112 ~ 42 Lacs+","Rs 68,37,000 ~ 68 Lacs+"
1325,1785,Kalimuthu. A,https://www.myneta.info/TamilNadu2026/candidate.php?candidate_id=1785,KARAIKUDI,All India Puratchi Thalaivar Makkal Munnettra Kazhagam,1,Graduate Professional,"Rs 82,55,225 ~ 82 Lacs+","Rs 30,94,000 ~ 30 Lacs+"
1326,1736,Kalimuthu. K,https://www.myneta.info/TamilNadu2026/candidate.php?candidate_id=1736,TIRUPPUR (SOUTH),All India Forward Bloc,0,8th Pass,https://myneta.info/image_v2.php?myneta_folder=TamilNadu2026&candidate_id=1736&col=ta,https://myneta.info/image_v2.php?myneta_folder=TamilNadu2026&candidate_id=1736&col=lia
1327,1579,Kalimuthu. P,https://www.myneta.info/TamilNadu2026/candidate.php?candidate_id=1579,ARANTHANGI,IND,0,Post Graduate,"Rs 28,40,200 ~ 28 Lacs+",Rs 0 ~
1328,4073,Kalimuthu. R,https://www.myneta.info/TamilNadu2026/candidate.php?candidate_id=4073,KARUR,IND,0,Post Graduate,"Rs 40,23,071 ~ 40 Lacs+","Rs 18,00,000 ~ 18 Lacs+"
1329,4057,Kalimuthu. V,https://www.myneta.info/TamilNadu2026/candidate.php?candidate_id=4057,KARUR,Samaniya Makkal Nala Katchi,3,5th Pass,https://myneta.info/image_v2.php?myneta_folder=TamilNadu2026&candidate_id=4057&col=ta,https://myneta.info/image_v2.php?myneta_folder=TamilNadu2026&candidate_id=4057&col=lia
1330,3936,Kalimuthu.S,https://www.myneta.info/TamilNadu2026/candidate.php?candidate_id=3936,TIRUCHULI,IND,0,Illiterate,"Rs 5,86,901 ~ 5 Lacs+","Rs 68,000 ~ 68 Thou+"
1331,3854,Kaliraj. M,https://www.myneta.info/TamilNadu2026/candidate.php?candidate_id=3854,SATTUR,IND,0,Literate,"Rs 12,27,100 ~ 12 Lacs+",Rs 0 ~
1332,3849,Kamala Vel Selvan. P,https://www.myneta.info/TamilNadu2026/candidate.php?candidate_id=3849,SATTUR,BSP,0,Graduate Professional,https://myneta.info/image_v2.php?myneta_folder=TamilNadu2026&candidate_id=3849&col=ta,https://myneta.info/image_v2.php?myneta_folder=TamilNadu2026&candidate_id=3849&col=lia
1333,2285,Kamalakannan.K,https://www.myneta.info/TamilNadu2026/candidate.php?candidate_id=2285,UTHIRAMERUR,IND,0,8th Pass,"Rs 10,80,500 ~ 10 Lacs+","Rs 4,25,000 ~ 4 Lacs+"
1334,664,Kamali.S,https://www.myneta.info/TamilNadu2026/candidate.php?candidate_id=664,AVANASHI (SC),Tamilaga Vettri Kazhagam,0,Post Graduate,"Rs 32,18,857 ~ 32 Lacs+","Rs 1,53,000 ~ 1 Lacs+"
1335,3526,Kamaraj. G,https://www.myneta.info/TamilNadu2026/candidate.php?candidate_id=3526,KALASAPAKKAM,IND,0,8th Pass,https://myneta.info/image_v2.php?myneta_folder=TamilNadu2026&candidate_id=3526&col=ta,https://myneta.info/image_v2.php?myneta_folder=TamilNadu2026&candidate_id=3526&col=lia
1336,1132,Kamaraj. R,https://www.myneta.info/TamilNadu2026/candidate.php?candidate_id=1132,NANNILAM,AIADMK,5,Post Graduate,"Rs 2,44,03,104 ~ 2 Crore+",Rs 0 ~
1337,1190,Kamaraj. S,https://www.myneta.info/TamilNadu2026/candidate.php?candidate_id=1190,MANNARGUDI,Amma Makkal Munnettra Kazagam,1,Post Graduate,"Rs 21,38,57,390 ~ 21 Crore+","Rs 24,48,86,718 ~ 24 Crore+"
1338,2470,Kamaraj.A,https://www.myneta.info/TamilNadu2026/candidate.php?candidate_id=2470,MANNARGUDI,IND,0,10th Pass,https://myneta.info/image_v2.php?myneta_folder=TamilNadu2026&candidate_id=2470&col=ta,https://myneta.info/image_v2.php?myneta_folder=TamilNadu2026&candidate_id=2470&col=lia
1339,2500,Kamaraj.K,https://www.myneta.info/TamilNadu2026/candidate.php?candidate_id=2500,SRIRANGAM,Samaniya Makkal Nala Katchi,1,10th Pass,"Rs 3,02,000 ~ 3 Lacs+",Rs 0 ~
1340,2464,Kamaraj.S,https://www.myneta.info/TamilNadu2026/candidate.php?candidate_id=2464,MANNARGUDI,BSP,0,5th Pass,"Rs 2,000 ~ 2 Thou+",Rs 0 ~
1341,3515,Kamatchi S,https://www.myneta.info/TamilNadu2026/candidate.php?candidate_id=3515,JOLARPET,IND,0,10th Pass,https://myneta.info/image_v2.php?myneta_folder=TamilNadu2026&candidate_id=3515&col=ta,https://myneta.info/image_v2.php?myneta_folder=TamilNadu2026&candidate_id=3515&col=lia
1342,579,Kan Ilango,https://www.myneta.info/TamilNadu2026/candidate.php?candidate_id=579,RAMANATHAPURAM,IND,2,Graduate Professional,"Rs 1,22,21,430 ~ 1 Crore+","Rs 44,60,000 ~ 44 Lacs+"
1343,4071,Kanagaraj. P,https://www.myneta.info/TamilNadu2026/candidate.php?candidate_id=4071,KARUR,IND,0,Graduate Professional,"Rs 20,04,473 ~ 20 Lacs+","Rs 7,05,883 ~ 7 Lacs+"
1344,4070,Kanagaraj. S,https://www.myneta.info/TamilNadu2026/candidate.php?candidate_id=4070,KARUR,IND,0,Graduate Professional,https://myneta.info/image_v2.php?myneta_folder=TamilNadu2026&candidate_id=4070&col=ta,https://myneta.info/image_v2.php?myneta_folder=TamilNadu2026&candidate_id=4070&col=lia
1345,3125,Kanagaraj.T,https://www.myneta.info/TamilNadu2026/candidate.php?candidate_id=3125,KANNIYAKUMARI,IND,0,12th Pass,"Rs 52,95,499 ~ 52 Lacs+",Rs 0 ~
1346,3705,Kanakaraj K,https://www.myneta.info/TamilNadu2026/candidate.php?candidate_id=3705,NAMAKKAL,IND,0,Others,"Rs 8,21,80,000 ~ 8 Crore+","Rs 12,10,000 ~ 12 Lacs+"
1347,4009,Kanchana. R,https://www.myneta.info/TamilNadu2026/candidate.php?candidate_id=4009,VELACHERY,Tamizhaga Murpokku Makkal Katchi,0,Post Graduate,https://myneta.info/image_v2.php?myneta_folder=TamilNadu2026&candidate_id=4009&col=ta,https://myneta.info/image_v2.php?myneta_folder=TamilNadu2026&candidate_id=4009&col=lia
1348,1412,Kandasamy,https://www.myneta.info/TamilNadu2026/candidate.php?candidate_id=1412,ALANGUDI,Tamilaga Vettri Kazhagam,0,Graduate Professional,"Rs 14,24,338 ~ 14 Lacs+",Rs 0 ~
1349,1618,Kandasamy S,https://www.myneta.info/TamilNadu2026/candidate.php?candidate_id=1618,PARAMATHIVELUR,IND,0,10th Pass,"Rs 1,42,000 ~ 1 Lacs+",Rs 0 ~
1350,234,Kandasamy S,https://www.myneta.info/TamilNadu2026/candidate.php?candidate_id=234,VILLIVAKKAM,IND,0,10th Pass,https://myneta.info/image_v2.php?myneta_folder=TamilNadu2026&candidate_id=234&col=ta,https://myneta.info/image_v2.php?myneta_folder=TamilNadu2026&candidate_id=234&col=lia
1351,4067,Kandasamy. P,https://www.myneta.info/TamilNadu2026/candidate.php?candidate_id=4067,KARUR,IND,0,Post Graduate,"Rs 61,39,617 ~ 61 Lacs+",Rs 0 ~
1352,3046,Kandasamy.A.,https://www.myneta.info/TamilNadu2026/candidate.php?candidate_id=3046,SULUR,IND,0,10th Pass,"Rs 4,60,25,467 ~ 4 Crore+","Rs 23,50,000 ~ 23 Lacs+"
1353,3047,Kandasamy.R.,https://www.myneta.info/TamilNadu2026/candidate.php?candidate_id=3047,SULUR,IND,0,10th Pass,https://myneta.info/image_v2.php?myneta_folder=TamilNadu2026&candidate_id=3047&col=ta,https://myneta.info/image_v2.php?myneta_folder=TamilNadu2026&candidate_id=3047&col=lia
1354,3048,Kandasamy.V.,https://www.myneta.info/TamilNadu2026/candidate.php?candidate_id=3048,SULUR,IND,0,12th Pass,"Rs 88,01,841 ~ 88 Lacs+",Rs 0 ~
1355,2638,Kandhasamy. R Alias Babu,https://www.myneta.info/TamilNadu2026/candidate.php?candidate_id=2638,SAIDAPET,IND,0,8th Pass,"Rs 1,02,45,000 ~ 1 Crore+",Rs 0 ~
1356,3782,Kangatharan .P,https://www.myneta.info/TamilNadu2026/candidate.php?candidate_id=3782,PUDUKKOTTAI,IND,1,Post Graduate,https://myneta.info/image_v2.php?myneta_folder=TamilNadu2026&candidate_id=3782&col=ta,https://myneta.info/image_v2.php?myneta_folder=TamilNadu2026&candidate_id=3782&col=lia
1357,800,Kanimozhi Santhosh,https://www.myneta.info/TamilNadu2026/candidate.php?candidate_id=800,KAVUNDAMPALAYAM,Tamilaga Vettri Kazhagam,0,Graduate Professional,"Rs 25,53,48,726 ~ 25 Crore+","Rs 2,05,39,905 ~ 2 Crore+"
1358,3553,Kanimozhi.K,https://www.myneta.info/TamilNadu2026/candidate.php?candidate_id=3553,KAVUNDAMPALAYAM,IND,0,10th Pass,"Rs 43,17,866 ~ 43 Lacs+",Rs 0 ~
1359,3887,Kanipandi M,https://www.myneta.info/TamilNadu2026/candidate.php?candidate_id=3887,SIVAKASI,Puthiya Tamilagam,1,5th Pass,https://myneta.info/image_v2.php?myneta_folder=TamilNadu2026&candidate_id=3887&col=ta,https://myneta.info/image_v2.php?myneta_folder=TamilNadu2026&candidate_id=3887&col=lia
1360,2392,Kannaiyan. T,https://www.myneta.info/TamilNadu2026/candidate.php?candidate_id=2392,THIRUVIDAIMARUDUR (SC),CPI(ML)(L),13,8th Pass,"Rs 3,25,500 ~ 3 Lacs+","Rs 55,000 ~ 55 Thou+"
1361,2185,Kannan .S,https://www.myneta.info/TamilNadu2026/candidate.php?candidate_id=2185,TIRUCHIRAPPALLI (EAST),IND,0,12th Pass,"Rs 7,11,000 ~ 7 Lacs+","Rs 5,60,000 ~ 5 Lacs+"
1362,2978,Kannan K.,https://www.myneta.info/TamilNadu2026/candidate.php?candidate_id=2978,JAYANKONDAM,IND,1,Graduate,https://myneta.info/image_v2.php?myneta_folder=TamilNadu2026&candidate_id=2978&col=ta,https://myneta.info/image_v2.php?myneta_folder=TamilNadu2026&candidate_id=2978&col=lia
1363,1163,Kannan Ka.So.Ka.,https://www.myneta.info/TamilNadu2026/candidate.php?candidate_id=1163,JAYANKONDAM,DMK,1,Post Graduate,"Rs 14,43,49,245 ~ 14 Crore+","Rs 1,11,61,767 ~ 1 Crore+"
1364,1453,Kannan M,https://www.myneta.info/TamilNadu2026/candidate.php?candidate_id=1453,VILLIVAKKAM,IND,0,12th Pass,"Rs 19,31,000 ~ 19 Lacs+","Rs 6,52,000 ~ 6 Lacs+"
1365,121,Kannan S,https://www.myneta.info/TamilNadu2026/candidate.php?candidate_id=121,PATTUKKOTTAI,Naam Tamilar Katchi,0,Others,https://myneta.info/image_v2.php?myneta_folder=TamilNadu2026&candidate_id=121&col=ta,https://myneta.info/image_v2.php?myneta_folder=TamilNadu2026&candidate_id=121&col=lia
1366,3950,Kannan. G.,https://www.myneta.info/TamilNadu2026/candidate.php?candidate_id=3950,TIRUNELVELI,Aanaithinthiya Jananayaka Pathukappu Kazhagam,0,Others,"Rs 1,64,334 ~ 1 Lacs+",Rs 0 ~
1367,4015,Kannan. K,https://www.myneta.info/TamilNadu2026/candidate.php?candidate_id=4015,VELACHERY,IND,0,Graduate Professional,"Rs 32,36,140 ~ 32 Lacs+",Rs 0 ~
1368,3763,Kannan. K.,https://www.myneta.info/TamilNadu2026/candidate.php?candidate_id=3763,PENNAGARAM,Tamilar Makkal Katchi,0,Graduate Professional,https://myneta.info/image_v2.php?myneta_folder=TamilNadu2026&candidate_id=3763&col=ta,https://myneta.info/image_v2.php?myneta_folder=TamilNadu2026&candidate_id=3763&col=lia
1369,2761,Kannan. M,https://www.myneta.info/TamilNadu2026/candidate.php?candidate_id=2761,METTUR,IND,0,Others,"Rs 40,000 ~ 40 Thou+",Rs 0 ~
1370,3111,Kannan. M,https://www.myneta.info/TamilNadu2026/candidate.php?candidate_id=3111,BHAVANI,IND,0,Graduate Professional,"Rs 1,57,94,140 ~ 1 Crore+","Rs 1,60,00,000 ~ 1 Crore+"
1371,1847,Kannan. P,https://www.myneta.info/TamilNadu2026/candidate.php?candidate_id=1847,TIRUVANNAMALAI,Veerath Thiyagi Viswanathadoss Thozhilalarkal Katchi,0,8th Pass,https://myneta.info/image_v2.php?myneta_folder=TamilNadu2026&candidate_id=1847&col=ta,https://myneta.info/image_v2.php?myneta_folder=TamilNadu2026&candidate_id=1847&col=lia
1372,2762,Kannan. R,https://www.myneta.info/TamilNadu2026/candidate.php?candidate_id=2762,METTUR,IND,0,10th Pass,"Rs 21,57,700 ~ 21 Lacs+","Rs 3,70,000 ~ 3 Lacs+"
1373,2744,Kannan. S,https://www.myneta.info/TamilNadu2026/candidate.php?candidate_id=2744,GANGAVALLI (SC),IND,0,8th Pass,"Rs 10,50,000 ~ 10 Lacs+",Rs 0 ~
1374,3931,Kannan.G,https://www.myneta.info/TamilNadu2026/candidate.php?candidate_id=3931,TIRUCHULI,Ezhuchi Tamilargal Munnetra Kazhagam,0,Others,https://myneta.info/image_v2.php?myneta_folder=TamilNadu2026&candidate_id=3931&col=ta,https://myneta.info/image_v2.php?myneta_folder=TamilNadu2026&candidate_id=3931&col=lia
1375,3577,Kannan.S,https://www.myneta.info/TamilNadu2026/candidate.php?candidate_id=3577,KOVILPATTI,All India Puratchi Thalaivar Makkal Munnettra Kazhagam,0,10th Pass,"Rs 4,64,23,500 ~ 4 Crore+","Rs 5,00,000 ~ 5 Lacs+"
1376,1762,Kanniyappan. S,https://www.myneta.info/TamilNadu2026/candidate.php?candidate_id=1762,VANDAVASI (SC),IND,0,8th Pass,"Rs 15,07,000 ~ 15 Lacs+",Rs 0 ~
1377,2475,Kanthan A,https://www.myneta.info/TamilNadu2026/candidate.php?candidate_id=2475,THIRUVARUR,Tamizhaga Vaazhvurimai Katchi,0,Post Graduate,https://myneta.info/image_v2.php?myneta_folder=TamilNadu2026&candidate_id=2475&col=ta,https://myneta.info/image_v2.php?myneta_folder=TamilNadu2026&candidate_id=2475&col=lia
1378,3042,Kanthasamy.K.,https://www.myneta.info/TamilNadu2026/candidate.php?candidate_id=3042,SULUR,Anna Puratchi Thalaivar Amma Dravida Munnetra Kazhagam,0,10th Pass,"Rs 4,67,000 ~ 4 Lacs+",Rs 0 ~
1379,1527,Kareem Basha. A,https://www.myneta.info/TamilNadu2026/candidate.php?candidate_id=1527,AMBUR,All India Majlis-E-Inquilab-E-Millat,0,Post Graduate,"Rs 9,35,858 ~ 9 Lacs+",Rs 0 ~
1380,209,Karikalan B,https://www.myneta.info/TamilNadu2026/candidate.php?candidate_id=209,VANUR (SC),Naam Tamilar Katchi,1,Graduate Professional,https://myneta.info/image_v2.php?myneta_folder=TamilNadu2026&candidate_id=209&col=ta,https://myneta.info/image_v2.php?myneta_folder=TamilNadu2026&candidate_id=209&col=lia
1381,158,Karikalapandiyan.A,https://www.myneta.info/TamilNadu2026/candidate.php?candidate_id=158,SRIVILLIPUTHUR (SC),Naam Tamilar Katchi,3,Graduate Professional,"Rs 21,61,000 ~ 21 Lacs+","Rs 12,00,000 ~ 12 Lacs+"
1382,691,Karmegam. R,https://www.myneta.info/TamilNadu2026/candidate.php?candidate_id=691,DINDIGUL,IND,0,Others,"Rs 68,67,000 ~ 68 Lacs+","Rs 27,50,000 ~ 27 Lacs+"
1383,288,Karmegan.M,https://www.myneta.info/TamilNadu2026/candidate.php?candidate_id=288,KANGAYAM,Naam Tamilar Katchi,1,Post Graduate,https://myneta.info/image_v2.php?myneta_folder=TamilNadu2026&candidate_id=288&col=ta,https://myneta.info/image_v2.php?myneta_folder=TamilNadu2026&candidate_id=288&col=lia
1384,1232,Karthe.M,https://www.myneta.info/TamilNadu2026/candidate.php?candidate_id=1232,SALEM (WEST),Pattali Makkal Katchi,0,Graduate,"Rs 1,01,64,14,686 ~ 101 Crore+","Rs 13,93,27,743 ~ 13 Crore+"
1385,356,Karthi,https://www.myneta.info/TamilNadu2026/candidate.php?candidate_id=356,KUMARAPALAYAM,IND,0,Post Graduate,"Rs 7,42,000 ~ 7 Lacs+",Rs 0 ~
1386,3631,Karthi G,https://www.myneta.info/TamilNadu2026/candidate.php?candidate_id=3631,KUMBAKONAM,IND,0,Post Graduate,https://myneta.info/image_v2.php?myneta_folder=TamilNadu2026&candidate_id=3631&col=ta,https://myneta.info/image_v2.php?myneta_folder=TamilNadu2026&candidate_id=3631&col=lia
1387,2776,Karthi. R,https://www.myneta.info/TamilNadu2026/candidate.php?candidate_id=2776,VEERAPANDI,IND,0,Graduate,"Rs 10,64,100 ~ 10 Lacs+","Rs 7,12,397 ~ 7 Lacs+"
1388,3395,Karthi.M,https://www.myneta.info/TamilNadu2026/candidate.php?candidate_id=3395,ANTHIYUR,IND,0,10th Pass,"Rs 13,30,850 ~ 13 Lacs+",Rs 0 ~
1389,3215,Karthick Narayanan S.,https://www.myneta.info/TamilNadu2026/candidate.php?candidate_id=3215,PALAYAMKOTTAI,IND,1,Graduate Professional,https://myneta.info/image_v2.php?myneta_folder=TamilNadu2026&candidate_id=3215&col=ta,https://myneta.info/image_v2.php?myneta_folder=TamilNadu2026&candidate_id=3215&col=lia
1390,1460,Karthick P,https://www.myneta.info/TamilNadu2026/candidate.php?candidate_id=1460,VILLIVAKKAM,IND,0,8th Pass,"Rs 15,50,026 ~ 15 Lacs+","Rs 6,22,930 ~ 6 Lacs+"
1391,1461,Karthick S,https://www.myneta.info/TamilNadu2026/candidate.php?candidate_id=1461,VILLIVAKKAM,IND,0,Illiterate,"Rs 16,05,800 ~ 16 Lacs+",Rs 0 ~
1392,3280,Karthick S,https://www.myneta.info/TamilNadu2026/candidate.php?candidate_id=3280,TIRUKKOYILUR,IND,0,Others,https://myneta.info/image_v2.php?myneta_folder=TamilNadu2026&candidate_id=3280&col=ta,https://myneta.info/image_v2.php?myneta_folder=TamilNadu2026&candidate_id=3280&col=lia
1393,3151,Karthick. A,https://www.myneta.info/TamilNadu2026/candidate.php?candidate_id=3151,MAYILADUTHURAI,Samaniya Makkal Nala Katchi,0,8th Pass,"Rs 12,700 ~ 12 Thou+",Rs 0 ~
1394,211,Karthick. T,https://www.myneta.info/TamilNadu2026/candidate.php?candidate_id=211,VEDHARANYAM,Naam Tamilar Katchi,12,Graduate Professional,"Rs 88,814 ~ 88 Thou+",Rs 0 ~
1395,2578,Karthick.A,https://www.myneta.info/TamilNadu2026/candidate.php?candidate_id=2578,CHENGALPATTU,IND,0,Others,https://myneta.info/image_v2.php?myneta_folder=TamilNadu2026&candidate_id=2578&col=ta,https://myneta.info/image_v2.php?myneta_folder=TamilNadu2026&candidate_id=2578&col=lia
1396,2199,Karthick.M,https://www.myneta.info/TamilNadu2026/candidate.php?candidate_id=2199,SALEM (WEST),IND,0,10th Pass,"Rs 1,21,621 ~ 1 Lacs+",Rs 0 ~
1397,3985,Karthick.M,https://www.myneta.info/TamilNadu2026/candidate.php?candidate_id=3985,VIRUGAMPAKKAM,IND,0,Post Graduate,"Rs 5,28,110 ~ 5 Lacs+","Rs 1,99,461 ~ 1 Lacs+"
1398,2200,Karthick.R,https://www.myneta.info/TamilNadu2026/candidate.php?candidate_id=2200,SALEM (WEST),IND,0,Graduate,https://myneta.info/image_v2.php?myneta_folder=TamilNadu2026&candidate_id=2200&col=ta,https://myneta.info/image_v2.php?myneta_folder=TamilNadu2026&candidate_id=2200&col=lia
1399,2508,Karthick.S,https://www.myneta.info/TamilNadu2026/candidate.php?candidate_id=2508,SRIRANGAM,IND,0,Others,"Rs 1,61,600 ~ 1 Lacs+",Rs 0 ~
1400,3802,Karthick.V,https://www.myneta.info/TamilNadu2026/candidate.php?candidate_id=3802,RADHAPURAM,IND,0,Others,"Rs 20,27,360 ~ 20 Lacs+","Rs 5,26,000 ~ 5 Lacs+"
1401,3812,Karthigai Pandi,https://www.myneta.info/TamilNadu2026/candidate.php?candidate_id=3812,RAMANATHAPURAM,IND,0,10th Pass,https://myneta.info/image_v2.php?myneta_folder=TamilNadu2026&candidate_id=3812&col=ta,https://myneta.info/image_v2.php?myneta_folder=TamilNadu2026&candidate_id=3812&col=lia
1402,3873,Karthik,https://www.myneta.info/TamilNadu2026/candidate.php?candidate_id=3873,SINGANALLUR,IND,1,10th Pass,"Rs 8,64,032 ~ 8 Lacs+",Rs 0 ~
1403,1400,Karthik Kumar. K,https://www.myneta.info/TamilNadu2026/candidate.php?candidate_id=1400,ARUPPUKOTTAI,Tamilaga Vettri Kazhagam,0,Others,"Rs 30,74,484 ~ 30 Lacs+","Rs 9,00,000 ~ 9 Lacs+"
1404,3184,Karthik M,https://www.myneta.info/TamilNadu2026/candidate.php?candidate_id=3184,SIVAGANGA,IND,0,Others,https://myneta.info/image_v2.php?myneta_folder=TamilNadu2026&candidate_id=3184&col=ta,https://myneta.info/image_v2.php?myneta_folder=TamilNadu2026&candidate_id=3184&col=lia
1405,1320,Karthik Mohan,https://www.myneta.info/TamilNadu2026/candidate.php?candidate_id=1320,VILLIVAKKAM,DMK,0,Post Graduate,"Rs 3,46,18,41,452 ~ 346 Crore+","Rs 1,44,31,60,131 ~ 144 Crore+"
1406,1619,Karthik R,https://www.myneta.info/TamilNadu2026/candidate.php?candidate_id=1619,PARAMATHIVELUR,IND,0,12th Pass,"Rs 30,000 ~ 30 Thou+",Rs 0 ~
1407,2366,Karthik Vani. B,https://www.myneta.info/TamilNadu2026/candidate.php?candidate_id=2366,PARAMAKUDI (SC),IND,0,12th Pass,https://myneta.info/image_v2.php?myneta_folder=TamilNadu2026&candidate_id=2366&col=ta,https://myneta.info/image_v2.php?myneta_folder=TamilNadu2026&candidate_id=2366&col=lia
1408,3316,Karthik. M,https://www.myneta.info/TamilNadu2026/candidate.php?candidate_id=3316,ARUPPUKOTTAI,IND,0,5th Pass,"Rs 30,000 ~ 30 Thou+",Rs 0 ~
1409,1095,Karthik.A,https://www.myneta.info/TamilNadu2026/candidate.php?candidate_id=1095,SRIVILLIPUTHUR (SC),Tamilaga Vettri Kazhagam,0,Post Graduate,"Rs 1,16,55,000 ~ 1 Crore+","Rs 53,49,061 ~ 53 Lacs+"
1410,46,Karthik.R,https://www.myneta.info/TamilNadu2026/candidate.php?candidate_id=46,GUDALUR (SC),Naam Tamilar Katchi,1,Graduate,https://myneta.info/image_v2.php?myneta_folder=TamilNadu2026&candidate_id=46&col=ta,https://myneta.info/image_v2.php?myneta_folder=TamilNadu2026&candidate_id=46&col=lia
1411,3994,Karthika Prakash,https://www.myneta.info/TamilNadu2026/candidate.php?candidate_id=3994,VIRALIMALAI,All India Puratchi Thalaivar Makkal Munnettra Kazhagam,0,Post Graduate,"Rs 22,25,000 ~ 22 Lacs+","Rs 1,50,000 ~ 1 Lacs+"
1412,67,Karthika. M,https://www.myneta.info/TamilNadu2026/candidate.php?candidate_id=67,KILVELUR,Naam Tamilar Katchi,1,Graduate Professional,"Rs 1,58,92,500 ~ 1 Crore+","Rs 1,00,50,000 ~ 1 Crore+"
1413,1743,Karthikadevi. K,https://www.myneta.info/TamilNadu2026/candidate.php?candidate_id=1743,TIRUPPUR (SOUTH),IND,0,5th Pass,https://myneta.info/image_v2.php?myneta_folder=TamilNadu2026&candidate_id=1743&col=ta,https://myneta.info/image_v2.php?myneta_folder=TamilNadu2026&candidate_id=1743&col=lia
1414,1152,Karthikdhandapani,https://www.myneta.info/TamilNadu2026/candidate.php?candidate_id=1152,CHENGALPATTU,DMK,0,Graduate Professional,"Rs 7,82,91,024 ~ 7 Crore+","Rs 99,98,087 ~ 99 Lacs+"
1415,3234,Karthikeyan,https://www.myneta.info/TamilNadu2026/candidate.php?candidate_id=3234,KANGAYAM,IND,0,5th Pass,"Rs 9,11,308 ~ 9 Lacs+",Rs 0 ~
1416,2921,Karthikeyan A,https://www.myneta.info/TamilNadu2026/candidate.php?candidate_id=2921,RISHIVANDIYAM,IND,0,12th Pass,https://myneta.info/image_v2.php?myneta_folder=TamilNadu2026&candidate_id=2921&col=ta,https://myneta.info/image_v2.php?myneta_folder=TamilNadu2026&candidate_id=2921&col=lia
1417,545,Karthikeyan G,https://www.myneta.info/TamilNadu2026/candidate.php?candidate_id=545,MADURAI EAST,IND,0,8th Pass,"Rs 1,55,000 ~ 1 Lacs+",Rs 0 ~
1418,250,Karthikeyan K,https://www.myneta.info/TamilNadu2026/candidate.php?candidate_id=250,RISHIVANDIYAM,DMK,0,Graduate,"Rs 19,15,75,613 ~ 19 Crore+","Rs 9,21,31,941 ~ 9 Crore+"
1419,1404,Karthikeyan P,https://www.myneta.info/TamilNadu2026/candidate.php?candidate_id=1404,ARAVAKURICHI,Tamilaga Vettri Kazhagam,1,8th Pass,https://myneta.info/image_v2.php?myneta_folder=TamilNadu2026&candidate_id=1404&col=ta,https://myneta.info/image_v2.php?myneta_folder=TamilNadu2026&candidate_id=1404&col=lia
1420,948,Karthikeyan S,https://www.myneta.info/TamilNadu2026/candidate.php?candidate_id=948,MADURAI EAST,Tamilaga Vettri Kazhagam,3,Graduate Professional,"Rs 7,31,06,112 ~ 7 Crore+","Rs 3,84,97,981 ~ 3 Crore+"
1421,2922,Karthikeyan V,https://www.myneta.info/TamilNadu2026/candidate.php?candidate_id=2922,RISHIVANDIYAM,IND,0,8th Pass,"Rs 21,73,000 ~ 21 Lacs+","Rs 8,00,000 ~ 8 Lacs+"
1422,1578,Karthikeyan. N,https://www.myneta.info/TamilNadu2026/candidate.php?candidate_id=1578,ARANTHANGI,IND,0,Post Graduate,https://myneta.info/image_v2.php?myneta_folder=TamilNadu2026&candidate_id=1578&col=ta,https://myneta.info/image_v2.php?myneta_folder=TamilNadu2026&candidate_id=1578&col=lia
1423,1953,Karthikeyan. P,https://www.myneta.info/TamilNadu2026/candidate.php?candidate_id=1953,MANACHANALLUR,IND,0,Graduate Professional,"Rs 52,05,000 ~ 52 Lacs+","Rs 12,74,000 ~ 12 Lacs+"
1424,3112,Karthikeyan. P,https://www.myneta.info/TamilNadu2026/candidate.php?candidate_id=3112,BHAVANI,IND,0,Graduate,"Rs 7,87,623 ~ 7 Lacs+","Rs 7,75,000 ~ 7 Lacs+"
1425,3060,Karthikeyan.C.M,https://www.myneta.info/TamilNadu2026/candidate.php?candidate_id=3060,NEYVELI,IND,0,Graduate Professional,https://myneta.info/image_v2.php?myneta_folder=TamilNadu2026&candidate_id=3060&col=ta,https://myneta.info/image_v2.php?myneta_folder=TamilNadu2026&candidate_id=3060&col=lia
1426,2089,Karthikeyan.M,https://www.myneta.info/TamilNadu2026/candidate.php?candidate_id=2089,THONDAMUTHUR,IND,0,Graduate,"Rs 35,500 ~ 35 Thou+",Rs 0 ~
1427,2090,Karthikeyan.R,https://www.myneta.info/TamilNadu2026/candidate.php?candidate_id=2090,THONDAMUTHUR,IND,0,5th Pass,"Rs 31,48,000 ~ 31 Lacs+",Rs 0 ~
1428,2092,Karthikeyan.R-Pooluvapatti,https://www.myneta.info/TamilNadu2026/candidate.php?candidate_id=2092,THONDAMUTHUR,IND,0,12th Pass,https://myneta.info/image_v2.php?myneta_folder=TamilNadu2026&candidate_id=2092&col=ta,https://myneta.info/image_v2.php?myneta_folder=TamilNadu2026&candidate_id=2092&col=lia
1429,2091,Karthikeyan.R-Thondamuthur,https://www.myneta.info/TamilNadu2026/candidate.php?candidate_id=2091,THONDAMUTHUR,IND,0,5th Pass,"Rs 14,50,300 ~ 14 Lacs+",Rs 0 ~
1430,2139,Karthikeyan.S,https://www.myneta.info/TamilNadu2026/candidate.php?candidate_id=2139,THOUSAND LIGHTS,IND,0,10th Pass,"Rs 15,000 ~ 15 Thou+",Rs 0 ~
1431,4072,Karthikperumal. R,https://www.myneta.info/TamilNadu2026/candidate.php?candidate_id=4072,KARUR,IND,0,Graduate Professional,https://myneta.info/image_v2.php?myneta_folder=TamilNadu2026&candidate_id=4072&col=ta,https://myneta.info/image_v2.php?myneta_folder=TamilNadu2026&candidate_id=4072&col=lia
1432,1245,Karunaas S,https://www.myneta.info/TamilNadu2026/candidate.php?candidate_id=1245,SIVAGANGA,DMK,6,12th Pass,"Rs 6,12,18,851 ~ 6 Crore+","Rs 92,35,158 ~ 92 Lacs+"
1433,4068,Karunamoorthy. S,https://www.myneta.info/TamilNadu2026/candidate.php?candidate_id=4068,KARUR,IND,0,Graduate,"Rs 3,26,000 ~ 3 Lacs+",Rs 0 ~
1434,1178,Karunanithi.K,https://www.myneta.info/TamilNadu2026/candidate.php?candidate_id=1178,KOVILPATTI,DMK,2,8th Pass,https://myneta.info/image_v2.php?myneta_folder=TamilNadu2026&candidate_id=1178&col=ta,https://myneta.info/image_v2.php?myneta_folder=TamilNadu2026&candidate_id=1178&col=lia
1435,1775,Karuppaiah.G,https://www.myneta.info/TamilNadu2026/candidate.php?candidate_id=1775,BODINAYAKKANUR,IND,0,8th Pass,"Rs 44,45,000 ~ 44 Lacs+","Rs 3,00,000 ~ 3 Lacs+"
1436,954,Karuppaiah.M.V,https://www.myneta.info/TamilNadu2026/candidate.php?candidate_id=954,SHOLAVANDAN (SC),Tamilaga Vettri Kazhagam,0,Post Graduate,"Rs 3,29,00,000 ~ 3 Crore+","Rs 7,80,000 ~ 7 Lacs+"
1437,3199,Karuppaiya,https://www.myneta.info/TamilNadu2026/candidate.php?candidate_id=3199,ANDIPATTI,IND,0,8th Pass,https://myneta.info/image_v2.php?myneta_folder=TamilNadu2026&candidate_id=3199&col=ta,https://myneta.info/image_v2.php?myneta_folder=TamilNadu2026&candidate_id=3199&col=lia
1438,60,Karuppaiya. R,https://www.myneta.info/TamilNadu2026/candidate.php?candidate_id=60,KARUR,Naam Tamilar Katchi,1,Post Graduate,"Rs 8,20,05,509 ~ 8 Crore+","Rs 22,91,570 ~ 22 Lacs+"
1439,1395,Karuppanan. K.C,https://www.myneta.info/TamilNadu2026/candidate.php?candidate_id=1395,BHAVANI,AIADMK,0,10th Pass,"Rs 23,80,45,943 ~ 23 Crore+","Rs 5,47,600 ~ 5 Lacs+"
1440,798,Karuppiah. K,https://www.myneta.info/TamilNadu2026/candidate.php?candidate_id=798,KARAIKUDI,Republican Party of India (Athawale),0,Post Graduate,https://myneta.info/image_v2.php?myneta_folder=TamilNadu2026&candidate_id=798&col=ta,https://myneta.info/image_v2.php?myneta_folder=TamilNadu2026&candidate_id=798&col=lia
1441,1257,Karuppu Muruganantham,https://www.myneta.info/TamilNadu2026/candidate.php?candidate_id=1257,THANJAVUR,BJP,20,8th Pass,"Rs 2,83,87,753 ~ 2 Crore+","Rs 98,16,463 ~ 98 Lacs+"
1442,2385,Karuppusami.V,https://www.myneta.info/TamilNadu2026/candidate.php?candidate_id=2385,MANAMADURAI (SC),IND,0,Graduate,"Rs 25,90,000 ~ 25 Lacs+","Rs 12,75,000 ~ 12 Lacs+"
1443,3499,Karuthammal. S,https://www.myneta.info/TamilNadu2026/candidate.php?candidate_id=3499,HARUR (SC),Naadaalum Makkal Katchi,0,Others,https://myneta.info/image_v2.php?myneta_folder=TamilNadu2026&candidate_id=3499&col=ta,https://myneta.info/image_v2.php?myneta_folder=TamilNadu2026&candidate_id=3499&col=lia
1444,2869,Karvannan K,https://www.myneta.info/TamilNadu2026/candidate.php?candidate_id=2869,MAILAM,IND,0,Post Graduate,"Rs 21,00,000 ~ 21 Lacs+",Rs 0 ~
1445,1379,Kasi. C,https://www.myneta.info/TamilNadu2026/candidate.php?candidate_id=1379,EDAPPADI,DMK,0,Illiterate,"Rs 6,74,64,761 ~ 6 Crore+","Rs 2,47,89,489 ~ 2 Crore+"
1446,93,Kasiraman. K,https://www.myneta.info/TamilNadu2026/candidate.php?candidate_id=93,MAYILADUTHURAI,Naam Tamilar Katchi,0,Others,https://myneta.info/image_v2.php?myneta_folder=TamilNadu2026&candidate_id=93&col=ta,https://myneta.info/image_v2.php?myneta_folder=TamilNadu2026&candidate_id=93&col=lia
1447,728,Katharbatcha Muthuramalingam,https://www.myneta.info/TamilNadu2026/candidate.php?candidate_id=728,RAMANATHAPURAM,DMK,2,12th Pass,"Rs 2,64,50,642 ~ 2 Crore+",Rs 0 ~
1448,1602,Kathiravan .M,https://www.myneta.info/TamilNadu2026/candidate.php?candidate_id=1602,MANAPPARAI,IND,0,Others,"Rs 8,42,530 ~ 8 Lacs+",Rs 0 ~
1449,2788,Kathiravan S,https://www.myneta.info/TamilNadu2026/candidate.php?candidate_id=2788,CUMBUM,New Generation Peoples Party,0,Others,https://myneta.info/image_v2.php?myneta_folder=TamilNadu2026&candidate_id=2788&col=ta,https://myneta.info/image_v2.php?myneta_folder=TamilNadu2026&candidate_id=2788&col=lia
1450,3635,Kathiravan. A.C,https://www.myneta.info/TamilNadu2026/candidate.php?candidate_id=3635,KUNNAM,IND,0,Graduate Professional,"Rs 1,26,94,712 ~ 1 Crore+","Rs 2,50,000 ~ 2 Lacs+"
1451,4065,Kathiravan. P,https://www.myneta.info/TamilNadu2026/candidate.php?candidate_id=4065,KARUR,IND,0,Graduate Professional,"Rs 13,73,000 ~ 13 Lacs+","Rs 4,40,000 ~ 4 Lacs+"
1452,2365,Kathiravan. R,https://www.myneta.info/TamilNadu2026/candidate.php?candidate_id=2365,PARAMAKUDI (SC),IND,0,Graduate Professional,https://myneta.info/image_v2.php?myneta_folder=TamilNadu2026&candidate_id=2365&col=ta,https://myneta.info/image_v2.php?myneta_folder=TamilNadu2026&candidate_id=2365&col=lia
1453,89,Kathiravan. S,https://www.myneta.info/TamilNadu2026/candidate.php?candidate_id=89,MANACHANALLUR,DMK,14,Graduate Professional,"Rs 1,53,50,00,000 ~ 153 Crore+","Rs 37,54,00,000 ~ 37 Crore+"
1454,1882,Kathiresan M,https://www.myneta.info/TamilNadu2026/candidate.php?candidate_id=1882,ARAVAKURICHI,IND,0,Graduate Professional,"Rs 5,02,000 ~ 5 Lacs+","Rs 1,00,000 ~ 1 Lacs+"
1455,4066,Kathirvel. K,https://www.myneta.info/TamilNadu2026/candidate.php?candidate_id=4066,KARUR,IND,0,12th Pass,https://myneta.info/image_v2.php?myneta_folder=TamilNadu2026&candidate_id=4066&col=ta,https://myneta.info/image_v2.php?myneta_folder=TamilNadu2026&candidate_id=4066&col=lia
1456,2742,Kaviarasan. T.T,https://www.myneta.info/TamilNadu2026/candidate.php?candidate_id=2742,GANGAVALLI (SC),Tamizhaga Vaazhvurimai Katchi,6,12th Pass,"Rs 12,28,466 ~ 12 Lacs+","Rs 90,000 ~ 90 Thou+"
1457,3392,Kavibharathi.K,https://www.myneta.info/TamilNadu2026/candidate.php?candidate_id=3392,ANTHIYUR,BSP,0,5th Pass,"Rs 8,30,000 ~ 8 Lacs+","Rs 1,00,000 ~ 1 Lacs+"
1458,3841,Kavikuil V,https://www.myneta.info/TamilNadu2026/candidate.php?candidate_id=3841,SANKARAPURAM,IND,0,Graduate,https://myneta.info/image_v2.php?myneta_folder=TamilNadu2026&candidate_id=3841&col=ta,https://myneta.info/image_v2.php?myneta_folder=TamilNadu2026&candidate_id=3841&col=lia
1459,19,Kavinkumar. S,https://www.myneta.info/TamilNadu2026/candidate.php?candidate_id=19,BARGUR,Naam Tamilar Katchi,0,Graduate Professional,"Rs 1,28,53,612 ~ 1 Crore+","Rs 41,56,000 ~ 41 Lacs+"
1460,3513,Kavitha C,https://www.myneta.info/TamilNadu2026/candidate.php?candidate_id=3513,JOLARPET,IND,0,12th Pass,"Rs 1,41,500 ~ 1 Lacs+",Rs 0 ~
1461,2971,Kavitha Rajendran G.,https://www.myneta.info/TamilNadu2026/candidate.php?candidate_id=2971,JAYANKONDAM,Tamilaga Vettri Kazhagam,0,10th Pass,https://myneta.info/image_v2.php?myneta_folder=TamilNadu2026&candidate_id=2971&col=ta,https://myneta.info/image_v2.php?myneta_folder=TamilNadu2026&candidate_id=2971&col=lia
1462,275,Kavitha Renganathan,https://www.myneta.info/TamilNadu2026/candidate.php?candidate_id=275,KURINJIPADI,Naam Tamilar Katchi,0,Post Graduate,"Rs 99,17,000 ~ 99 Lacs+","Rs 1,80,000 ~ 1 Lacs+"
1463,1146,Kavitha Srikanth,https://www.myneta.info/TamilNadu2026/candidate.php?candidate_id=1146,ARANTHANGI,BJP,11,Post Graduate,"Rs 1,09,67,377 ~ 1 Crore+","Rs 20,56,480 ~ 20 Lacs+"
1464,3514,Kavitha T,https://www.myneta.info/TamilNadu2026/candidate.php?candidate_id=3514,JOLARPET,IND,0,Post Graduate,https://myneta.info/image_v2.php?myneta_folder=TamilNadu2026&candidate_id=3514&col=ta,https://myneta.info/image_v2.php?myneta_folder=TamilNadu2026&candidate_id=3514&col=lia
1465,2775,Kavitha. M.P,https://www.myneta.info/TamilNadu2026/candidate.php?candidate_id=2775,VEERAPANDI,IND,0,12th Pass,"Rs 35,40,07,224 ~ 35 Crore+","Rs 9,23,08,229 ~ 9 Crore+"
1466,2934,Kavitha. R,https://www.myneta.info/TamilNadu2026/candidate.php?candidate_id=2934,KADAYANALLUR,Puthiya Tamilagam,0,10th Pass,"Rs 43,04,800 ~ 43 Lacs+",Rs 0 ~
1467,1139,Kavithadhandapani,https://www.myneta.info/TamilNadu2026/candidate.php?candidate_id=1139,JOLARPET,DMK,0,Graduate,https://myneta.info/image_v2.php?myneta_folder=TamilNadu2026&candidate_id=1139&col=ta,https://myneta.info/image_v2.php?myneta_folder=TamilNadu2026&candidate_id=1139&col=lia
1468,494,Kaviyarasan.Subiramani,https://www.myneta.info/TamilNadu2026/candidate.php?candidate_id=494,SHOLINGHUR,IND,0,Graduate Professional,"Rs 10,33,860 ~ 10 Lacs+","Rs 3,00,000 ~ 3 Lacs+"
1469,1883,Kaviyarasu T,https://www.myneta.info/TamilNadu2026/candidate.php?candidate_id=1883,ARAVAKURICHI,IND,0,Graduate Professional,"Rs 5,65,000 ~ 5 Lacs+",Rs 0 ~
1470,1093,Keerthana S,https://www.myneta.info/TamilNadu2026/candidate.php?candidate_id=1093,SIVAKASI,Tamilaga Vettri Kazhagam,0,Post Graduate,https://myneta.info/image_v2.php?myneta_folder=TamilNadu2026&candidate_id=1093&col=ta,https://myneta.info/image_v2.php?myneta_folder=TamilNadu2026&candidate_id=1093&col=lia
1471,215,Keerthana. M,https://www.myneta.info/TamilNadu2026/candidate.php?candidate_id=215,VELACHERY,Naam Tamilar Katchi,0,Post Graduate,"Rs 2,30,00,000 ~ 2 Crore+","Rs 41,65,406 ~ 41 Lacs+"
1472,2395,Keerthiga. K,https://www.myneta.info/TamilNadu2026/candidate.php?candidate_id=2395,THIRUVIDAIMARUDUR (SC),IND,0,Post Graduate,"Rs 4,23,933 ~ 4 Lacs+",Rs 0 ~
1473,77,Keerthivasan. R,https://www.myneta.info/TamilNadu2026/candidate.php?candidate_id=77,KUNNAM,Naam Tamilar Katchi,1,Graduate Professional,https://myneta.info/image_v2.php?myneta_folder=TamilNadu2026&candidate_id=77&col=ta,https://myneta.info/image_v2.php?myneta_folder=TamilNadu2026&candidate_id=77&col=lia
1474,1542,Kerthivarunnan .R,https://www.myneta.info/TamilNadu2026/candidate.php?candidate_id=1542,ROYAPURAM,IND,0,Graduate,"Rs 15,26,908 ~ 15 Lacs+",Rs 0 ~
1475,1744,Kesavamurthi. N,https://www.myneta.info/TamilNadu2026/candidate.php?candidate_id=1744,TIRUPPUR (SOUTH),IND,0,10th Pass,"Rs 3,10,71,707 ~ 3 Crore+","Rs 48,16,000 ~ 48 Lacs+"
1476,212,Khaja Hussain Ahamed. A,https://www.myneta.info/TamilNadu2026/candidate.php?candidate_id=212,VEDASANDUR,Naam Tamilar Katchi,0,Post Graduate,https://myneta.info/image_v2.php?myneta_folder=TamilNadu2026&candidate_id=212&col=ta,https://myneta.info/image_v2.php?myneta_folder=TamilNadu2026&candidate_id=212&col=lia
1477,1725,Kidar Samsdeen N.A.,https://www.myneta.info/TamilNadu2026/candidate.php?candidate_id=1725,THOOTHUKUDI,Tamizhaga Vaazhvurimai Katchi,3,8th Pass,"Rs 1,03,59,000 ~ 1 Crore+","Rs 23,25,000 ~ 23 Lacs+"
1478,968,Kingsly Gerald. A,https://www.myneta.info/TamilNadu2026/candidate.php?candidate_id=968,VEDHARANYAM,Tamilaga Vettri Kazhagam,2,Graduate Professional,"Rs 38,22,47,739 ~ 38 Crore+","Rs 1,29,65,396 ~ 1 Crore+"
1479,619,Kingsly Isacc Jebaraj.S,https://www.myneta.info/TamilNadu2026/candidate.php?candidate_id=619,RADHAPURAM,IND,0,10th Pass,https://myneta.info/image_v2.php?myneta_folder=TamilNadu2026&candidate_id=619&col=ta,https://myneta.info/image_v2.php?myneta_folder=TamilNadu2026&candidate_id=619&col=lia
1480,2335,Kiranya. S,https://www.myneta.info/TamilNadu2026/candidate.php?candidate_id=2335,USILAMPATTI,IND,0,12th Pass,"Rs 18,42,200 ~ 18 Lacs+","Rs 1,09,900 ~ 1 Lacs+"
1481,1884,Kirubananth S,https://www.myneta.info/TamilNadu2026/candidate.php?candidate_id=1884,ARAVAKURICHI,IND,1,Graduate Professional,"Rs 17,66,570 ~ 17 Lacs+",Rs 0 ~
1482,750,Kiruthiga Thangapandi,https://www.myneta.info/TamilNadu2026/candidate.php?candidate_id=750,THIRUPARANKUNDRAM,DMK,3,Graduate Professional,https://myneta.info/image_v2.php?myneta_folder=TamilNadu2026&candidate_id=750&col=ta,https://myneta.info/image_v2.php?myneta_folder=TamilNadu2026&candidate_id=750&col=lia
1483,3133,Koil Raj. R,https://www.myneta.info/TamilNadu2026/candidate.php?candidate_id=3133,COLACHAL,Naam Indiar Party,0,10th Pass,"Rs 30,51,000 ~ 30 Lacs+","Rs 5,95,000 ~ 5 Lacs+"
1484,3530,Kothandapani. B,https://www.myneta.info/TamilNadu2026/candidate.php?candidate_id=3530,KALASAPAKKAM,IND,0,10th Pass,"Rs 23,04,000 ~ 23 Lacs+",Rs 0 ~
1485,1861,Kothandapani. B,https://www.myneta.info/TamilNadu2026/candidate.php?candidate_id=1861,TIRUVANNAMALAI,IND,0,10th Pass,https://myneta.info/image_v2.php?myneta_folder=TamilNadu2026&candidate_id=1861&col=ta,https://myneta.info/image_v2.php?myneta_folder=TamilNadu2026&candidate_id=1861&col=lia
1486,94,Kottaikumar,https://www.myneta.info/TamilNadu2026/candidate.php?candidate_id=94,MELUR,Naam Tamilar Katchi,0,Graduate Professional,"Rs 2,65,48,000 ~ 2 Crore+","Rs 62,30,000 ~ 62 Lacs+"
1487,2804,Kotteeswaran. K,https://www.myneta.info/TamilNadu2026/candidate.php?candidate_id=2804,PONNERI (SC),Tamizhaga Vaazhvurimai Katchi,0,10th Pass,"Rs 45,370 ~ 45 Thou+","Rs 44,370 ~ 44 Thou+"
1488,2093,Kowsalya.V,https://www.myneta.info/TamilNadu2026/candidate.php?candidate_id=2093,THONDAMUTHUR,IND,0,10th Pass,https://myneta.info/image_v2.php?myneta_folder=TamilNadu2026&candidate_id=2093&col=ta,https://myneta.info/image_v2.php?myneta_folder=TamilNadu2026&candidate_id=2093&col=lia
1489,3719,Krish.Mariappan,https://www.myneta.info/TamilNadu2026/candidate.php?candidate_id=3719,NANGUNERI,Thamizhaka Padaippalar Makkal Katchi,0,8th Pass,"Rs 25,61,870 ~ 25 Lacs+",Rs 0 ~
1490,935,Krishna Kumar. S,https://www.myneta.info/TamilNadu2026/candidate.php?candidate_id=935,PADMANABHAPURAM,Tamilaga Vettri Kazhagam,4,12th Pass,"Rs 1,25,54,246 ~ 1 Crore+","Rs 28,36,462 ~ 28 Lacs+"
1491,2897,Krishnakanth. E,https://www.myneta.info/TamilNadu2026/candidate.php?candidate_id=2897,CHEYYUR (SC),IND,0,10th Pass,https://myneta.info/image_v2.php?myneta_folder=TamilNadu2026&candidate_id=2897&col=ta,https://myneta.info/image_v2.php?myneta_folder=TamilNadu2026&candidate_id=2897&col=lia
1492,4074,Krishnakumar. K,https://www.myneta.info/TamilNadu2026/candidate.php?candidate_id=4074,KARUR,IND,0,Graduate Professional,"Rs 11,50,385 ~ 11 Lacs+","Rs 9,50,000 ~ 9 Lacs+"
1493,2509,Krishnakumar.A,https://www.myneta.info/TamilNadu2026/candidate.php?candidate_id=2509,SRIRANGAM,IND,0,Others,"Rs 2,53,780 ~ 2 Lacs+",Rs 0 ~
1494,3165,Krishnamoorthi P,https://www.myneta.info/TamilNadu2026/candidate.php?candidate_id=3165,RASIPURAM(SC),Tamizhaga Vaazhvurimai Katchi,0,12th Pass,https://myneta.info/image_v2.php?myneta_folder=TamilNadu2026&candidate_id=3165&col=ta,https://myneta.info/image_v2.php?myneta_folder=TamilNadu2026&candidate_id=3165&col=lia
1495,2965,Krishnamoorthy C,https://www.myneta.info/TamilNadu2026/candidate.php?candidate_id=2965,ARIYALUR,IND,0,Illiterate,"Rs 7,42,387 ~ 7 Lacs+",Rs 0 ~
1496,3510,Krishnamoorthy D,https://www.myneta.info/TamilNadu2026/candidate.php?candidate_id=3510,JOLARPET,Makkal Nala Kazhagam,0,Graduate Professional,"Rs 2,31,46,278 ~ 2 Crore+","Rs 11,92,000 ~ 11 Lacs+"
1497,2908,Krishnamoorthy V,https://www.myneta.info/TamilNadu2026/candidate.php?candidate_id=2908,ULUNDURPETTAI,IND,1,Post Graduate,https://myneta.info/image_v2.php?myneta_folder=TamilNadu2026&candidate_id=2908&col=ta,https://myneta.info/image_v2.php?myneta_folder=TamilNadu2026&candidate_id=2908&col=lia
1498,999,Krishnamoorthy. D,https://www.myneta.info/TamilNadu2026/candidate.php?candidate_id=999,OMALUR,Tamizhaga Vaazhvurimai Katchi,0,Post Graduate,"Rs 1,23,94,441 ~ 1 Crore+","Rs 54,70,288 ~ 54 Lacs+"
1499,2763,Krishnamoorthy. P,https://www.myneta.info/TamilNadu2026/candidate.php?candidate_id=2763,METTUR,IND,0,Others,"Rs 10,77,860 ~ 10 Lacs+","Rs 2,57,800 ~ 2 Lacs+"
1500,2436,Krishnamoorthy.D,https://www.myneta.info/TamilNadu2026/candidate.php?candidate_id=2436,TIRUTTANI,IND,0,12th Pass,https://myneta.info/image_v2.php?myneta_folder=TamilNadu2026&candidate_id=2436&col=ta,https://myneta.info/image_v2.php?myneta_folder=TamilNadu2026&candidate_id=2436&col=lia
1501,2435,Krishnamoorthy.K,https://www.myneta.info/TamilNadu2026/candidate.php?candidate_id=2435,TIRUTTANI,IND,0,Others,"Rs 73,23,300 ~ 73 Lacs+","Rs 30,04,000 ~ 30 Lacs+"
1502,2437,Krishnamoorthy.M,https://www.myneta.info/TamilNadu2026/candidate.php?candidate_id=2437,TIRUTTANI,IND,0,Graduate,"Rs 15,31,671 ~ 15 Lacs+","Rs 12,00,000 ~ 12 Lacs+"
1503,2870,Krishnamurthy K,https://www.myneta.info/TamilNadu2026/candidate.php?candidate_id=2870,MAILAM,IND,0,Graduate,https://myneta.info/image_v2.php?myneta_folder=TamilNadu2026&candidate_id=2870&col=ta,https://myneta.info/image_v2.php?myneta_folder=TamilNadu2026&candidate_id=2870&col=lia
1504,3528,Krishnamurthy. M,https://www.myneta.info/TamilNadu2026/candidate.php?candidate_id=3528,KALASAPAKKAM,IND,0,5th Pass,"Rs 26,05,000 ~ 26 Lacs+",Rs 0 ~
1505,3529,Krishnamurthy. R,https://www.myneta.info/TamilNadu2026/candidate.php?candidate_id=3529,KALASAPAKKAM,IND,0,5th Pass,"Rs 4,20,500 ~ 4 Lacs+","Rs 25,000 ~ 25 Thou+"
1506,3527,Krishnamurthy. S,https://www.myneta.info/TamilNadu2026/candidate.php?candidate_id=3527,KALASAPAKKAM,IND,0,Illiterate,https://myneta.info/image_v2.php?myneta_folder=TamilNadu2026&candidate_id=3527&col=ta,https://myneta.info/image_v2.php?myneta_folder=TamilNadu2026&candidate_id=3527&col=lia
1507,3141,Krishnan M,https://www.myneta.info/TamilNadu2026/candidate.php?candidate_id=3141,VILAVANCODE,IND,0,10th Pass,"Rs 17,07,000 ~ 17 Lacs+","Rs 48,089 ~ 48 Thou+"
1508,3759,Krishnan. L.,https://www.myneta.info/TamilNadu2026/candidate.php?candidate_id=3759,PALACODE,IND,0,10th Pass,"Rs 44,10,000 ~ 44 Lacs+","Rs 12,00,000 ~ 12 Lacs+"
1509,2297,Krishnasamy.P,https://www.myneta.info/TamilNadu2026/candidate.php?candidate_id=2297,SHOLAVANDAN (SC),IND,0,8th Pass,https://myneta.info/image_v2.php?myneta_folder=TamilNadu2026&candidate_id=2297&col=ta,https://myneta.info/image_v2.php?myneta_folder=TamilNadu2026&candidate_id=2297&col=lia
1510,1037,Krishnaswamy.A,https://www.myneta.info/TamilNadu2026/candidate.php?candidate_id=1037,POONAMALLEE (SC),DMK,0,Graduate Professional,"Rs 16,40,88,511 ~ 16 Crore+","Rs 18,47,128 ~ 18 Lacs+"
1511,821,Ku Pa Krishnan,https://www.myneta.info/TamilNadu2026/candidate.php?candidate_id=821,LALGUDI,Tamilaga Vettri Kazhagam,0,Graduate,"Rs 11,75,39,575 ~ 11 Crore+","Rs 55,80,000 ~ 55 Lacs+"
1512,1005,Kulanthai Rani A,https://www.myneta.info/TamilNadu2026/candidate.php?candidate_id=1005,SIVAGANGA,Tamilaga Vettri Kazhagam,0,Graduate,https://myneta.info/image_v2.php?myneta_folder=TamilNadu2026&candidate_id=1005&col=ta,https://myneta.info/image_v2.php?myneta_folder=TamilNadu2026&candidate_id=1005&col=lia
1513,2966,Kumar K,https://www.myneta.info/TamilNadu2026/candidate.php?candidate_id=2966,ARIYALUR,IND,0,Graduate,"Rs 1,53,25,493 ~ 1 Crore+","Rs 2,26,818 ~ 2 Lacs+"
1514,1492,Kumar S.,https://www.myneta.info/TamilNadu2026/candidate.php?candidate_id=1492,PERIYAKULAM (SC),IND,0,10th Pass,"Rs 45,812 ~ 45 Thou+",Rs 0 ~
1515,3915,Kumar Sri Sri B,https://www.myneta.info/TamilNadu2026/candidate.php?candidate_id=3915,THIYAGARAYANAGAR,IND,0,Illiterate,https://myneta.info/image_v2.php?myneta_folder=TamilNadu2026&candidate_id=3915&col=ta,https://myneta.info/image_v2.php?myneta_folder=TamilNadu2026&candidate_id=3915&col=lia
1516,3148,Kumar. D.J,https://www.myneta.info/TamilNadu2026/candidate.php?candidate_id=3148,THALLY,IND,0,5th Pass,"Rs 22,57,500 ~ 22 Lacs+",Rs 0 ~
1517,1708,Kumar. K,https://www.myneta.info/TamilNadu2026/candidate.php?candidate_id=1708,THIRUVERUMBUR,IND,0,10th Pass,"Rs 62,01,080 ~ 62 Lacs+",Rs 0 ~
1518,3007,Kumar. M,https://www.myneta.info/TamilNadu2026/candidate.php?candidate_id=3007,CHEPAUK-THIRUVALLIKENI,IND,0,8th Pass,https://myneta.info/image_v2.php?myneta_folder=TamilNadu2026&candidate_id=3007&col=ta,https://myneta.info/image_v2.php?myneta_folder=TamilNadu2026&candidate_id=3007&col=lia
1519,2502,Kumar. P,https://www.myneta.info/TamilNadu2026/candidate.php?candidate_id=2502,SRIRANGAM,Akila Inthiya Makkal Marumalarchi Kazhakam,1,Post Graduate,"Rs 39,20,998 ~ 39 Lacs+",Rs 0 ~
1520,1709,Kumar. P,https://www.myneta.info/TamilNadu2026/candidate.php?candidate_id=1709,THIRUVERUMBUR,IND,0,Others,"Rs 94,61,483 ~ 94 Lacs+","Rs 8,50,000 ~ 8 Lacs+"
1521,1268,Kumar. P,https://www.myneta.info/TamilNadu2026/candidate.php?candidate_id=1268,THIRUVERUMBUR,AIADMK,2,Graduate Professional,https://myneta.info/image_v2.php?myneta_folder=TamilNadu2026&candidate_id=1268&col=ta,https://myneta.info/image_v2.php?myneta_folder=TamilNadu2026&candidate_id=1268&col=lia
1522,865,Kumar. R,https://www.myneta.info/TamilNadu2026/candidate.php?candidate_id=865,VELACHERY,Tamilaga Vettri Kazhagam,0,Graduate Professional,"Rs 1,17,83,60,444 ~ 117 Crore+","Rs 1,59,49,204 ~ 1 Crore+"
1523,3446,Kumar. V.,https://www.myneta.info/TamilNadu2026/candidate.php?candidate_id=3446,DHARMAPURI,IND,0,Post Graduate,"Rs 8,40,500 ~ 8 Lacs+","Rs 4,38,000 ~ 4 Lacs+"
1524,2201,Kumar.A.P,https://www.myneta.info/TamilNadu2026/candidate.php?candidate_id=2201,SALEM (WEST),IND,0,Illiterate,https://myneta.info/image_v2.php?myneta_folder=TamilNadu2026&candidate_id=2201&col=ta,https://myneta.info/image_v2.php?myneta_folder=TamilNadu2026&candidate_id=2201&col=lia
1525,377,Kumar.S,https://www.myneta.info/TamilNadu2026/candidate.php?candidate_id=377,VIRUGAMPAKKAM,IND,0,12th Pass,"Rs 53,32,074 ~ 53 Lacs+",Rs 0 ~
1526,1301,Kumaraguru R,https://www.myneta.info/TamilNadu2026/candidate.php?candidate_id=1301,ULUNDURPETTAI,AIADMK,2,12th Pass,"Rs 4,98,08,747 ~ 4 Crore+","Rs 90,14,887 ~ 90 Lacs+"
1527,3260,Kumaran R,https://www.myneta.info/TamilNadu2026/candidate.php?candidate_id=3260,VILLUPURAM,Tamizhaga Vaazhvurimai Katchi,4,8th Pass,https://myneta.info/image_v2.php?myneta_folder=TamilNadu2026&candidate_id=3260&col=ta,https://myneta.info/image_v2.php?myneta_folder=TamilNadu2026&candidate_id=3260&col=lia
1528,767,Kumaran. G.P,https://www.myneta.info/TamilNadu2026/candidate.php?candidate_id=767,SAIDAPET,BSP,0,12th Pass,"Rs 9,88,200 ~ 9 Lacs+","Rs 16,72,000 ~ 16 Lacs+"
1529,1942,Kumaravel,https://www.myneta.info/TamilNadu2026/candidate.php?candidate_id=1942,UTHANGARAI (SC),IND,0,Graduate,"Rs 2,24,65,538 ~ 2 Crore+","Rs 2,22,94,595 ~ 2 Crore+"
1530,1530,Kumaravel. P,https://www.myneta.info/TamilNadu2026/candidate.php?candidate_id=1530,AMBUR,IND,0,Illiterate,https://myneta.info/image_v2.php?myneta_folder=TamilNadu2026&candidate_id=1530&col=ta,https://myneta.info/image_v2.php?myneta_folder=TamilNadu2026&candidate_id=1530&col=lia
1531,1703,Kumaravel. T,https://www.myneta.info/TamilNadu2026/candidate.php?candidate_id=1703,THIRUVERUMBUR,Thamizhaka Padaippalar Makkal Katchi,0,10th Pass,"Rs 62,15,000 ~ 62 Lacs+",Rs 0 ~
1532,677,Kumaravelu . M,https://www.myneta.info/TamilNadu2026/candidate.php?candidate_id=677,BHUVANAGIRI,BSP,0,Others,"Rs 6,22,000 ~ 6 Lacs+","Rs 80,000 ~ 80 Thou+"
1533,3241,Kumaresan. L,https://www.myneta.info/TamilNadu2026/candidate.php?candidate_id=3241,KILVAITHINANKUPPAM (SC),IND,0,10th Pass,https://myneta.info/image_v2.php?myneta_folder=TamilNadu2026&candidate_id=3241&col=ta,https://myneta.info/image_v2.php?myneta_folder=TamilNadu2026&candidate_id=3241&col=lia
1534,694,Kumaresan. M,https://www.myneta.info/TamilNadu2026/candidate.php?candidate_id=694,EDAPPADI,IND,0,Others,"Rs 1,16,44,046 ~ 1 Crore+",Rs 0 ~
1535,352,Kumaresan.M,https://www.myneta.info/TamilNadu2026/candidate.php?candidate_id=352,KRISHNAGIRI,IND,0,8th Pass,"Rs 40,35,000 ~ 40 Lacs+",Rs 0 ~
1536,3750,Kumarrathinam. M,https://www.myneta.info/TamilNadu2026/candidate.php?candidate_id=3750,ODDANCHATRAM,IND,0,Post Graduate,https://myneta.info/image_v2.php?myneta_folder=TamilNadu2026&candidate_id=3750&col=ta,https://myneta.info/image_v2.php?myneta_folder=TamilNadu2026&candidate_id=3750&col=lia
1537,1042,Kuppan. K,https://www.myneta.info/TamilNadu2026/candidate.php?candidate_id=1042,THIRUVOTTIYUR,AIADMK,5,Graduate,"Rs 7,43,19,411 ~ 7 Crore+",Rs 0 ~
1538,786,Kuppuraj. K,https://www.myneta.info/TamilNadu2026/candidate.php?candidate_id=786,HARUR (SC),Tamilar Makkal Katchi,0,Graduate,"Rs 20,500 ~ 20 Thou+",Rs 0 ~
1539,1604,Kuttaian,https://www.myneta.info/TamilNadu2026/candidate.php?candidate_id=1604,MANAPPARAI,IND,0,Illiterate,https://myneta.info/image_v2.php?myneta_folder=TamilNadu2026&candidate_id=1604&col=ta,https://myneta.info/image_v2.php?myneta_folder=TamilNadu2026&candidate_id=1604&col=lia
1540,679,Kuttimani. S,https://www.myneta.info/TamilNadu2026/candidate.php?candidate_id=679,CHEYYAR,Veerath Thiyagi Viswanathadoss Thozhilalarkal Katchi,0,5th Pass,"Rs 17,62,606 ~ 17 Lacs+",Rs 0 ~
1541,1305,Kutty Alias Sudhakar. A,https://www.myneta.info/TamilNadu2026/candidate.php?candidate_id=1305,VALPARAI (SC),DMK,0,12th Pass,"Rs 87,34,911 ~ 87 Lacs+",Rs 0 ~
1542,3383,L Kasinathan,https://www.myneta.info/TamilNadu2026/candidate.php?candidate_id=3383,ANNA NAGAR,IND,0,Graduate Professional,https://myneta.info/image_v2.php?myneta_folder=TamilNadu2026&candidate_id=3383&col=ta,https://myneta.info/image_v2.php?myneta_folder=TamilNadu2026&candidate_id=3383&col=lia
1543,417,L Narendran,https://www.myneta.info/TamilNadu2026/candidate.php?candidate_id=417,ANNA NAGAR,IND,0,10th Pass,"Rs 4,00,000 ~ 4 Lacs+",Rs 0 ~
1544,2084,L. Hakkim,https://www.myneta.info/TamilNadu2026/candidate.php?candidate_id=2084,COIMBATORE (SOUTH),IND,0,10th Pass,"Rs 17,38,243 ~ 17 Lacs+","Rs 5,50,000 ~ 5 Lacs+"
1545,1935,L.Bharathi,https://www.myneta.info/TamilNadu2026/candidate.php?candidate_id=1935,MODAKKURICHI,IND,0,5th Pass,https://myneta.info/image_v2.php?myneta_folder=TamilNadu2026&candidate_id=1935&col=ta,https://myneta.info/image_v2.php?myneta_folder=TamilNadu2026&candidate_id=1935&col=lia
1546,1170,L.E. Jothimani,https://www.myneta.info/TamilNadu2026/candidate.php?candidate_id=1170,KATTUMANNARKOIL (SC),Viduthalai Chiruthaigal Katchi,1,Others,"Rs 85,47,835 ~ 85 Lacs+","Rs 3,42,000 ~ 3 Lacs+"
1547,2538,L.James Reynold,https://www.myneta.info/TamilNadu2026/candidate.php?candidate_id=2538,TIRUPPUR (NORTH),BSP,0,8th Pass,"Rs 2,33,000 ~ 2 Lacs+",Rs 0 ~
1548,2399,L.Prabakaran,https://www.myneta.info/TamilNadu2026/candidate.php?candidate_id=2399,THIRUVIDAIMARUDUR (SC),IND,0,Others,https://myneta.info/image_v2.php?myneta_folder=TamilNadu2026&candidate_id=2399&col=ta,https://myneta.info/image_v2.php?myneta_folder=TamilNadu2026&candidate_id=2399&col=lia
1549,2022,L.Saravanan,https://www.myneta.info/TamilNadu2026/candidate.php?candidate_id=2022,DR.RADHAKRISHNAN NAGAR,IND,0,Graduate Professional,"Rs 13,66,685 ~ 13 Lacs+",Rs 0 ~
1550,225,Lakshmanan,https://www.myneta.info/TamilNadu2026/candidate.php?candidate_id=225,VIRUDHUNAGAR,Naam Tamilar Katchi,0,Graduate,"Rs 39,83,769 ~ 39 Lacs+","Rs 11,71,484 ~ 11 Lacs+"
1551,3271,Lakshmanan K,https://www.myneta.info/TamilNadu2026/candidate.php?candidate_id=3271,VILLUPURAM,IND,0,8th Pass,https://myneta.info/image_v2.php?myneta_folder=TamilNadu2026&candidate_id=3271&col=ta,https://myneta.info/image_v2.php?myneta_folder=TamilNadu2026&candidate_id=3271&col=lia
1552,744,Lakshmanan R,https://www.myneta.info/TamilNadu2026/candidate.php?candidate_id=744,VILLUPURAM,DMK,1,Graduate Professional,"Rs 23,96,08,894 ~ 23 Crore+","Rs 4,23,36,909 ~ 4 Crore+"
1553,3272,Lakshmanan R S/O Ramachandran,https://www.myneta.info/TamilNadu2026/candidate.php?candidate_id=3272,VILLUPURAM,IND,0,Illiterate,"Rs 2,81,228 ~ 2 Lacs+",Rs 0 ~
1554,3270,Lakshmanan R S/O Ramanujam,https://www.myneta.info/TamilNadu2026/candidate.php?candidate_id=3270,VILLUPURAM,IND,0,10th Pass,https://myneta.info/image_v2.php?myneta_folder=TamilNadu2026&candidate_id=3270&col=ta,https://myneta.info/image_v2.php?myneta_folder=TamilNadu2026&candidate_id=3270&col=lia
1555,1799,Lakshmanan. R,https://www.myneta.info/TamilNadu2026/candidate.php?candidate_id=1799,KARAIKUDI,IND,0,Graduate Professional,"Rs 10,11,000 ~ 10 Lacs+",Rs 0 ~
1556,771,Lakshmanan.S,https://www.myneta.info/TamilNadu2026/candidate.php?candidate_id=771,SALEM (WEST),Tamilaga Vettri Kazhagam,1,Graduate,"Rs 16,30,64,254 ~ 16 Crore+","Rs 63,25,000 ~ 63 Lacs+"
1557,328,Lakshmi Janarthanan. J,https://www.myneta.info/TamilNadu2026/candidate.php?candidate_id=328,YERCAUD (ST),Tamilaga Vettri Kazhagam,0,10th Pass,https://myneta.info/image_v2.php?myneta_folder=TamilNadu2026&candidate_id=328&col=ta,https://myneta.info/image_v2.php?myneta_folder=TamilNadu2026&candidate_id=328&col=lia
1558,165,Lakshmi Srinivasan,https://www.myneta.info/TamilNadu2026/candidate.php?candidate_id=165,THIRUMAYAM,Naam Tamilar Katchi,1,Graduate,"Rs 52,63,000 ~ 52 Lacs+","Rs 22,34,000 ~ 22 Lacs+"
1559,2938,Lakshmi. A,https://www.myneta.info/TamilNadu2026/candidate.php?candidate_id=2938,KADAYANALLUR,Samata Party,0,Literate,"Rs 3,16,100 ~ 3 Lacs+","Rs 2,19,000 ~ 2 Lacs+"
1560,2247,Lakshmi. N,https://www.myneta.info/TamilNadu2026/candidate.php?candidate_id=2247,VALPARAI (SC),IND,0,Illiterate,https://myneta.info/image_v2.php?myneta_folder=TamilNadu2026&candidate_id=2247&col=ta,https://myneta.info/image_v2.php?myneta_folder=TamilNadu2026&candidate_id=2247&col=lia
1561,1637,Latha A,https://www.myneta.info/TamilNadu2026/candidate.php?candidate_id=1637,PARAMATHIVELUR,IND,0,5th Pass,"Rs 44,550 ~ 44 Thou+",Rs 0 ~
1562,1147,Latha Balu,https://www.myneta.info/TamilNadu2026/candidate.php?candidate_id=1147,ARIYALUR,DMK,0,Post Graduate,"Rs 1,51,24,444 ~ 1 Crore+","Rs 8,23,300 ~ 8 Lacs+"
1563,733,Latha. T,https://www.myneta.info/TamilNadu2026/candidate.php?candidate_id=733,KILVELUR,CPI(M),1,10th Pass,https://myneta.info/image_v2.php?myneta_folder=TamilNadu2026&candidate_id=733&col=ta,https://myneta.info/image_v2.php?myneta_folder=TamilNadu2026&candidate_id=733&col=lia
1564,1184,Leemarose Martin,https://www.myneta.info/TamilNadu2026/candidate.php?candidate_id=1184,LALGUDI,AIADMK,4,5th Pass,"Rs 58,63,72,86,138 ~ 5863 Crore+","Rs 3,40,18,43,738 ~ 340 Crore+"
1565,1306,Lekshmana Singh. D,https://www.myneta.info/TamilNadu2026/candidate.php?candidate_id=1306,VALPARAI (SC),AIADMK,0,12th Pass,"Rs 8,79,89,483 ~ 8 Crore+","Rs 2,42,51,200 ~ 2 Crore+"
1566,1766,Lingeswaran. M,https://www.myneta.info/TamilNadu2026/candidate.php?candidate_id=1766,VEDHARANYAM,All India Puratchi Thalaivar Makkal Munnettra Kazhagam,0,Graduate,https://myneta.info/image_v2.php?myneta_folder=TamilNadu2026&candidate_id=1766&col=ta,https://myneta.info/image_v2.php?myneta_folder=TamilNadu2026&candidate_id=1766&col=lia
1567,1231,Loganathan. M,https://www.myneta.info/TamilNadu2026/candidate.php?candidate_id=1231,SALEM (SOUTH),DMK,0,10th Pass,"Rs 7,60,90,582 ~ 7 Crore+","Rs 1,25,91,931 ~ 1 Crore+"
1568,1657,Loganathan. M S/O Mani,https://www.myneta.info/TamilNadu2026/candidate.php?candidate_id=1657,SALEM (SOUTH),IND,0,Post Graduate,"Rs 1,46,631 ~ 1 Lacs+","Rs 5,27,844 ~ 5 Lacs+"
1569,1658,Loganathan. M S/O Mayavutharan,https://www.myneta.info/TamilNadu2026/candidate.php?candidate_id=1658,SALEM (SOUTH),IND,0,Graduate,https://myneta.info/image_v2.php?myneta_folder=TamilNadu2026&candidate_id=1658&col=ta,https://myneta.info/image_v2.php?myneta_folder=TamilNadu2026&candidate_id=1658&col=lia
1570,65,Loganathan.V,https://www.myneta.info/TamilNadu2026/candidate.php?candidate_id=65,KILPENNATHUR,Naam Tamilar Katchi,0,Graduate Professional,"Rs 1,36,93,448 ~ 1 Crore+",Rs 0 ~
1571,974,Logesh Tamilselvan D,https://www.myneta.info/TamilNadu2026/candidate.php?candidate_id=974,RASIPURAM(SC),Tamilaga Vettri Kazhagam,0,Post Graduate,"Rs 7,95,24,652 ~ 7 Crore+","Rs 19,62,518 ~ 19 Lacs+"
1572,204,Logeshwari S,https://www.myneta.info/TamilNadu2026/candidate.php?candidate_id=204,ULUNDURPETTAI,Naam Tamilar Katchi,0,Graduate,https://myneta.info/image_v2.php?myneta_folder=TamilNadu2026&candidate_id=204&col=ta,https://myneta.info/image_v2.php?myneta_folder=TamilNadu2026&candidate_id=204&col=lia
1573,1022,Logirajan.A,https://www.myneta.info/TamilNadu2026/candidate.php?candidate_id=1022,ANDIPATTI,AIADMK,12,5th Pass,"Rs 46,40,28,046 ~ 46 Crore+","Rs 9,14,52,855 ~ 9 Crore+"
1574,3563,Lokeshwaran.R,https://www.myneta.info/TamilNadu2026/candidate.php?candidate_id=3563,KILPENNATHUR,Anti Corruption Dynamic Party,0,Others,"Rs 6,52,000 ~ 6 Lacs+",Rs 0 ~
1575,231,Lukmanbabu.S,https://www.myneta.info/TamilNadu2026/candidate.php?candidate_id=231,VIRUGAMPAKKAM,IND,0,8th Pass,https://myneta.info/image_v2.php?myneta_folder=TamilNadu2026&candidate_id=231&col=ta,https://myneta.info/image_v2.php?myneta_folder=TamilNadu2026&candidate_id=231&col=lia
1576,3212,M .Lakshmanan,https://www.myneta.info/TamilNadu2026/candidate.php?candidate_id=3212,OTTAPIDARAM (SC),IND,0,Post Graduate,"Rs 18,05,000 ~ 18 Lacs+","Rs 10,00,000 ~ 10 Lacs+"
1577,2854,M Ahamed Ali,https://www.myneta.info/TamilNadu2026/candidate.php?candidate_id=2854,MADATHUKULAM,IND,0,Others,"Rs 26,12,988 ~ 26 Lacs+",Rs 0 ~
1578,1548,M Dhinakaran,https://www.myneta.info/TamilNadu2026/candidate.php?candidate_id=1548,ROYAPURAM,IND,0,Graduate Professional,https://myneta.info/image_v2.php?myneta_folder=TamilNadu2026&candidate_id=1548&col=ta,https://myneta.info/image_v2.php?myneta_folder=TamilNadu2026&candidate_id=1548&col=lia
1579,3391,M Harishankar,https://www.myneta.info/TamilNadu2026/candidate.php?candidate_id=3391,ANNA NAGAR,IND,0,Others,"Rs 42,792 ~ 42 Thou+",Rs 0 ~
1580,2303,M J Voltaire,https://www.myneta.info/TamilNadu2026/candidate.php?candidate_id=2303,MADURAI NORTH,SUCI(C),0,Post Graduate,"Rs 7,10,000 ~ 7 Lacs+",Rs 0 ~
1581,3486,M Kalaiventhan,https://www.myneta.info/TamilNadu2026/candidate.php?candidate_id=3486,HARBOUR,IND,0,Graduate Professional,https://myneta.info/image_v2.php?myneta_folder=TamilNadu2026&candidate_id=3486&col=ta,https://myneta.info/image_v2.php?myneta_folder=TamilNadu2026&candidate_id=3486&col=lia
1582,820,M Kanagaraj,https://www.myneta.info/TamilNadu2026/candidate.php?candidate_id=820,KURINJIPADI,BSP,0,Graduate Professional,"Rs 24,10,000 ~ 24 Lacs+","Rs 4,00,000 ~ 4 Lacs+"
1583,3387,M Manoharan,https://www.myneta.info/TamilNadu2026/candidate.php?candidate_id=3387,ANNA NAGAR,IND,0,5th Pass,"Rs 2,05,044 ~ 2 Lacs+",Rs 0 ~
1584,79,M Radhamani,https://www.myneta.info/TamilNadu2026/candidate.php?candidate_id=79,MADATHUKULAM,Naam Tamilar Katchi,0,Post Graduate,https://myneta.info/image_v2.php?myneta_folder=TamilNadu2026&candidate_id=79&col=ta,https://myneta.info/image_v2.php?myneta_folder=TamilNadu2026&candidate_id=79&col=lia
1585,3386,M Selvamuthukumar,https://www.myneta.info/TamilNadu2026/candidate.php?candidate_id=3386,ANNA NAGAR,IND,0,Graduate,"Rs 17,305 ~ 17 Thou+",Rs 0 ~
1586,2858,M Shanugavel,https://www.myneta.info/TamilNadu2026/candidate.php?candidate_id=2858,MADATHUKULAM,IND,0,8th Pass,"Rs 13,78,847 ~ 13 Lacs+","Rs 5,10,000 ~ 5 Lacs+"
1587,782,M Suresh,https://www.myneta.info/TamilNadu2026/candidate.php?candidate_id=782,HARBOUR,BSP,0,Illiterate,https://myneta.info/image_v2.php?myneta_folder=TamilNadu2026&candidate_id=782&col=ta,https://myneta.info/image_v2.php?myneta_folder=TamilNadu2026&candidate_id=782&col=lia
1588,1486,M Swaminathan,https://www.myneta.info/TamilNadu2026/candidate.php?candidate_id=1486,SENTHAMANGALAM(ST),IND,0,8th Pass,"Rs 61,48,500 ~ 61 Lacs+","Rs 4,50,000 ~ 4 Lacs+"
1589,3790,M. A. Muthukumar,https://www.myneta.info/TamilNadu2026/candidate.php?candidate_id=3790,PUDUKKOTTAI,IND,0,Graduate Professional,"Rs 69,16,000 ~ 69 Lacs+","Rs 53,00,000 ~ 53 Lacs+"
1590,1662,M. Alexandar,https://www.myneta.info/TamilNadu2026/candidate.php?candidate_id=1662,SHOLINGANALLUR,Naam Indiar Party,0,Graduate,https://myneta.info/image_v2.php?myneta_folder=TamilNadu2026&candidate_id=1662&col=ta,https://myneta.info/image_v2.php?myneta_folder=TamilNadu2026&candidate_id=1662&col=lia
1591,410,M. Ananth,https://www.myneta.info/TamilNadu2026/candidate.php?candidate_id=410,OTTAPIDARAM (SC),IND,0,Others,"Rs 26,31,000 ~ 26 Lacs+","Rs 12,80,000 ~ 12 Lacs+"
1592,112,M. Anusiya,https://www.myneta.info/TamilNadu2026/candidate.php?candidate_id=112,OTTAPIDARAM (SC),Naam Tamilar Katchi,0,Post Graduate,"Rs 60,34,764 ~ 60 Lacs+",Rs 0 ~
1593,482,M. Arumugasamy,https://www.myneta.info/TamilNadu2026/candidate.php?candidate_id=482,VASUDEVANALLUR (SC),IND,0,Graduate,https://myneta.info/image_v2.php?myneta_folder=TamilNadu2026&candidate_id=482&col=ta,https://myneta.info/image_v2.php?myneta_folder=TamilNadu2026&candidate_id=482&col=lia
1594,2939,M. Arumugasamy,https://www.myneta.info/TamilNadu2026/candidate.php?candidate_id=2939,KADAYANALLUR,IND,0,Graduate,"Rs 50,00,000 ~ 50 Lacs+","Rs 4,00,000 ~ 4 Lacs+"
1595,3721,M. Aruna,https://www.myneta.info/TamilNadu2026/candidate.php?candidate_id=3721,NANGUNERI,IND,0,8th Pass,"Rs 45,03,900 ~ 45 Lacs+",Rs 0 ~
1596,91,M. Arunagiri,https://www.myneta.info/TamilNadu2026/candidate.php?candidate_id=91,MANAPPARAI,Naam Tamilar Katchi,2,Post Graduate,https://myneta.info/image_v2.php?myneta_folder=TamilNadu2026&candidate_id=91&col=ta,https://myneta.info/image_v2.php?myneta_folder=TamilNadu2026&candidate_id=91&col=lia
1597,400,M. Balaji,https://www.myneta.info/TamilNadu2026/candidate.php?candidate_id=400,KANCHEEPURAM,IND,0,Graduate Professional,"Rs 11,39,000 ~ 11 Lacs+",Rs 0 ~
1598,2834,M. Balasubramanian,https://www.myneta.info/TamilNadu2026/candidate.php?candidate_id=2834,MADHURAVOYAL,IND,0,Post Graduate,"Rs 1,06,26,778 ~ 1 Crore+",Rs 0 ~
1599,1373,M. Chinnadurai,https://www.myneta.info/TamilNadu2026/candidate.php?candidate_id=1373,GANDARVAKOTTAI (SC),CPI(M),9,10th Pass,https://myneta.info/image_v2.php?myneta_folder=TamilNadu2026&candidate_id=1373&col=ta,https://myneta.info/image_v2.php?myneta_folder=TamilNadu2026&candidate_id=1373&col=lia
1600,1663,M. Christhu Dass,https://www.myneta.info/TamilNadu2026/candidate.php?candidate_id=1663,SHOLINGANALLUR,Dravida Jananayaga Makkal Katchi,0,Graduate Professional,"Rs 37,52,000 ~ 37 Lacs+",Rs 0 ~
1601,2817,M. Erajasimman,https://www.myneta.info/TamilNadu2026/candidate.php?candidate_id=2817,AVADI,IND,0,Graduate Professional,"Rs 40,76,994 ~ 40 Lacs+",Rs 0 ~
1602,1968,M. Geeta,https://www.myneta.info/TamilNadu2026/candidate.php?candidate_id=1968,PERAMBUR,Thakkam Katchi,0,Graduate,https://myneta.info/image_v2.php?myneta_folder=TamilNadu2026&candidate_id=1968&col=ta,https://myneta.info/image_v2.php?myneta_folder=TamilNadu2026&candidate_id=1968&col=lia
1603,582,M. Irulandi,https://www.myneta.info/TamilNadu2026/candidate.php?candidate_id=582,MUDUKULATHUR,Namadhu Makkal Katchi,0,5th Pass,"Rs 3,89,500 ~ 3 Lacs+",Rs 0 ~
1604,502,M. Jacob,https://www.myneta.info/TamilNadu2026/candidate.php?candidate_id=502,TAMBARAM,IND,0,12th Pass,"Rs 20,52,000 ~ 20 Lacs+","Rs 2,75,000 ~ 2 Lacs+"
1605,2840,M. James,https://www.myneta.info/TamilNadu2026/candidate.php?candidate_id=2840,MADHURAVOYAL,IND,0,10th Pass,https://myneta.info/image_v2.php?myneta_folder=TamilNadu2026&candidate_id=2840&col=ta,https://myneta.info/image_v2.php?myneta_folder=TamilNadu2026&candidate_id=2840&col=lia
1606,2242,M. Jayaprathap,https://www.myneta.info/TamilNadu2026/candidate.php?candidate_id=2242,POLLACHI,IND,0,Graduate,"Rs 59,82,000 ~ 59 Lacs+","Rs 1,75,000 ~ 1 Lacs+"
1607,1535,M. Jayarajkumar,https://www.myneta.info/TamilNadu2026/candidate.php?candidate_id=1535,ROYAPURAM,BSP,0,Graduate Professional,"Rs 1,30,500 ~ 1 Lacs+",Rs 0 ~
1608,2244,M. Jayaram,https://www.myneta.info/TamilNadu2026/candidate.php?candidate_id=2244,POLLACHI,IND,0,Graduate,https://myneta.info/image_v2.php?myneta_folder=TamilNadu2026&candidate_id=2244&col=ta,https://myneta.info/image_v2.php?myneta_folder=TamilNadu2026&candidate_id=2244&col=lia
1609,2245,M. Jayaraman,https://www.myneta.info/TamilNadu2026/candidate.php?candidate_id=2245,POLLACHI,IND,0,12th Pass,"Rs 54,58,746 ~ 54 Lacs+","Rs 30,00,000 ~ 30 Lacs+"
1610,2083,M. John Bosco,https://www.myneta.info/TamilNadu2026/candidate.php?candidate_id=2083,COIMBATORE (SOUTH),IND,0,Graduate Professional,"Rs 5,03,42,500 ~ 5 Crore+","Rs 1,17,00,402 ~ 1 Crore+"
1611,2008,M. Joseph,https://www.myneta.info/TamilNadu2026/candidate.php?candidate_id=2008,PERAMBUR,IND,0,12th Pass,https://myneta.info/image_v2.php?myneta_folder=TamilNadu2026&candidate_id=2008&col=ta,https://myneta.info/image_v2.php?myneta_folder=TamilNadu2026&candidate_id=2008&col=lia
1612,70,M. K. Stalin,https://www.myneta.info/TamilNadu2026/candidate.php?candidate_id=70,KOLATHUR,DMK,0,Graduate,"Rs 9,70,24,938 ~ 9 Crore+",Rs 0 ~
1613,1983,M. Kadhiravan,https://www.myneta.info/TamilNadu2026/candidate.php?candidate_id=1983,PERAMBUR,IND,0,12th Pass,"Rs 38,74,000 ~ 38 Lacs+",Rs 0 ~
1614,408,M. Kanagaraj,https://www.myneta.info/TamilNadu2026/candidate.php?candidate_id=408,ORATHANADU,IND,0,8th Pass,https://myneta.info/image_v2.php?myneta_folder=TamilNadu2026&candidate_id=408&col=ta,https://myneta.info/image_v2.php?myneta_folder=TamilNadu2026&candidate_id=408&col=lia
1615,2986,M. Kannadasan,https://www.myneta.info/TamilNadu2026/candidate.php?candidate_id=2986,THIRU-VI-KA-NAGAR (SC),IND,0,10th Pass,"Rs 11,88,346 ~ 11 Lacs+",Rs 0 ~
1616,1603,M. Karuppan,https://www.myneta.info/TamilNadu2026/candidate.php?candidate_id=1603,MANAPPARAI,IND,0,10th Pass,"Rs 13,67,000 ~ 13 Lacs+",Rs 0 ~
1617,145,M. Kavitha,https://www.myneta.info/TamilNadu2026/candidate.php?candidate_id=145,SANKARANKOVIL (SC),Naam Tamilar Katchi,0,Graduate,https://myneta.info/image_v2.php?myneta_folder=TamilNadu2026&candidate_id=145&col=ta,https://myneta.info/image_v2.php?myneta_folder=TamilNadu2026&candidate_id=145&col=lia
1618,2987,M. Kolanji,https://www.myneta.info/TamilNadu2026/candidate.php?candidate_id=2987,THIRU-VI-KA-NAGAR (SC),IND,0,Literate,"Rs 15,500 ~ 15 Thou+",Rs 0 ~
1619,3651,M. Krishnan,https://www.myneta.info/TamilNadu2026/candidate.php?candidate_id=3651,LALGUDI,IND,0,10th Pass,"Rs 9,85,000 ~ 9 Lacs+","Rs 3,00,000 ~ 3 Lacs+"
1620,3724,M. Kumar,https://www.myneta.info/TamilNadu2026/candidate.php?candidate_id=3724,NANGUNERI,IND,2,5th Pass,https://myneta.info/image_v2.php?myneta_folder=TamilNadu2026&candidate_id=3724&col=ta,https://myneta.info/image_v2.php?myneta_folder=TamilNadu2026&candidate_id=3724&col=lia
1621,3179,M. Lakshmanan,https://www.myneta.info/TamilNadu2026/candidate.php?candidate_id=3179,GANDARVAKOTTAI (SC),IND,0,10th Pass,"Rs 6,18,266 ~ 6 Lacs+",Rs 0 ~
1622,2998,M. Lokesh,https://www.myneta.info/TamilNadu2026/candidate.php?candidate_id=2998,THIRU-VI-KA-NAGAR (SC),IND,0,Others,"Rs 5,21,003 ~ 5 Lacs+",Rs 0 ~
1623,1552,M. Mahalakshmi,https://www.myneta.info/TamilNadu2026/candidate.php?candidate_id=1552,ROYAPURAM,IND,0,Graduate Professional,https://myneta.info/image_v2.php?myneta_folder=TamilNadu2026&candidate_id=1552&col=ta,https://myneta.info/image_v2.php?myneta_folder=TamilNadu2026&candidate_id=1552&col=lia
1624,3402,M. Manikandan,https://www.myneta.info/TamilNadu2026/candidate.php?candidate_id=3402,ARAKKONAM (SC),IND,0,Graduate Professional,"Rs 14,42,800 ~ 14 Lacs+",Rs 0 ~
1625,399,M. Meganathan,https://www.myneta.info/TamilNadu2026/candidate.php?candidate_id=399,KANCHEEPURAM,IND,3,10th Pass,"Rs 25,08,000 ~ 25 Lacs+","Rs 1,85,000 ~ 1 Lacs+"
1626,2996,M. Mohan,https://www.myneta.info/TamilNadu2026/candidate.php?candidate_id=2996,THIRU-VI-KA-NAGAR (SC),IND,0,8th Pass,https://myneta.info/image_v2.php?myneta_folder=TamilNadu2026&candidate_id=2996&col=ta,https://myneta.info/image_v2.php?myneta_folder=TamilNadu2026&candidate_id=2996&col=lia
1627,2628,M. Nagarajan,https://www.myneta.info/TamilNadu2026/candidate.php?candidate_id=2628,EGMORE (SC),IND,0,Illiterate,"Rs 1,97,500 ~ 1 Lacs+",Rs 0 ~
1628,3533,M. Nandhakumar,https://www.myneta.info/TamilNadu2026/candidate.php?candidate_id=3533,KANCHEEPURAM,Anti Corruption Dynamic Party,0,Others,"Rs 43,94,975 ~ 43 Lacs+","Rs 7,75,000 ~ 7 Lacs+"
1629,3104,M. Nataraj,https://www.myneta.info/TamilNadu2026/candidate.php?candidate_id=3104,ERODE (WEST),Vishwa Tamil Kazhagam,0,5th Pass,https://myneta.info/image_v2.php?myneta_folder=TamilNadu2026&candidate_id=3104&col=ta,https://myneta.info/image_v2.php?myneta_folder=TamilNadu2026&candidate_id=3104&col=lia
1630,669,M. Nedunchezlian,https://www.myneta.info/TamilNadu2026/candidate.php?candidate_id=669,BARGUR,Periyar Ambedkar Munnetra Kazhagam (PAMK),0,Graduate Professional,"Rs 17,44,000 ~ 17 Lacs+","Rs 2,54,000 ~ 2 Lacs+"
1631,3083,M. Periyasamy,https://www.myneta.info/TamilNadu2026/candidate.php?candidate_id=3083,ATHOOR,IND,0,10th Pass,"Rs 3,000 ~ 3 Thou+",Rs 0 ~
1632,3908,M. Ponnudurai,https://www.myneta.info/TamilNadu2026/candidate.php?candidate_id=3908,TENKASI,IND,0,Graduate Professional,https://myneta.info/image_v2.php?myneta_folder=TamilNadu2026&candidate_id=3908&col=ta,https://myneta.info/image_v2.php?myneta_folder=TamilNadu2026&candidate_id=3908&col=lia
1633,2496,M. Ponnusamy,https://www.myneta.info/TamilNadu2026/candidate.php?candidate_id=2496,VILATHIKULAM,IND,0,10th Pass,"Rs 10,05,057 ~ 10 Lacs+",Rs 0 ~
1634,2611,M. Poornima,https://www.myneta.info/TamilNadu2026/candidate.php?candidate_id=2611,KOLATHUR,IND,0,Post Graduate,"Rs 2,88,28,251 ~ 2 Crore+","Rs 45,58,024 ~ 45 Lacs+"
1635,859,M. R. Pallavi,https://www.myneta.info/TamilNadu2026/candidate.php?candidate_id=859,THIRU-VI-KA-NAGAR (SC),Tamilaga Vettri Kazhagam,0,12th Pass,https://myneta.info/image_v2.php?myneta_folder=TamilNadu2026&candidate_id=859&col=ta,https://myneta.info/image_v2.php?myneta_folder=TamilNadu2026&candidate_id=859&col=lia
1636,3835,M. Raj,https://www.myneta.info/TamilNadu2026/candidate.php?candidate_id=3835,SANKARANKOVIL (SC),IND,0,Graduate Professional,"Rs 5,61,000 ~ 5 Lacs+",Rs 0 ~
1637,2618,M. Rajeshkumar,https://www.myneta.info/TamilNadu2026/candidate.php?candidate_id=2618,KOLATHUR,IND,0,Graduate Professional,"Rs 18,841 ~ 18 Thou+",Rs 0 ~
1638,1537,M. Rajkumar,https://www.myneta.info/TamilNadu2026/candidate.php?candidate_id=1537,ROYAPURAM,Tamizhaga Vaazhvurimai Katchi,0,Graduate Professional,https://myneta.info/image_v2.php?myneta_folder=TamilNadu2026&candidate_id=1537&col=ta,https://myneta.info/image_v2.php?myneta_folder=TamilNadu2026&candidate_id=1537&col=lia
1639,1385,M. Raju,https://www.myneta.info/TamilNadu2026/candidate.php?candidate_id=1385,COONOOR,DMK,0,12th Pass,"Rs 2,91,97,167 ~ 2 Crore+","Rs 48,17,000 ~ 48 Lacs+"
1640,3659,M. Rameshkumar,https://www.myneta.info/TamilNadu2026/candidate.php?candidate_id=3659,LALGUDI,IND,0,8th Pass,"Rs 12,34,200 ~ 12 Lacs+","Rs 3,50,000 ~ 3 Lacs+"
1641,2076,M. Ravichandran,https://www.myneta.info/TamilNadu2026/candidate.php?candidate_id=2076,COIMBATORE (SOUTH),IND,0,Graduate Professional,https://myneta.info/image_v2.php?myneta_folder=TamilNadu2026&candidate_id=2076&col=ta,https://myneta.info/image_v2.php?myneta_folder=TamilNadu2026&candidate_id=2076&col=lia
1642,2160,M. Ravichandran,https://www.myneta.info/TamilNadu2026/candidate.php?candidate_id=2160,THURAIYUR (SC),IND,0,10th Pass,"Rs 18,10,000 ~ 18 Lacs+","Rs 1,53,000 ~ 1 Lacs+"
1643,3105,M. Rukmani,https://www.myneta.info/TamilNadu2026/candidate.php?candidate_id=3105,ERODE (WEST),Samaniya Makkal Nala Katchi,0,8th Pass,"Rs 17,18,106 ~ 17 Lacs+","Rs 65,000 ~ 65 Thou+"
1644,3401,M. Santhanam,https://www.myneta.info/TamilNadu2026/candidate.php?candidate_id=3401,ARAKKONAM (SC),IND,0,10th Pass,https://myneta.info/image_v2.php?myneta_folder=TamilNadu2026&candidate_id=3401&col=ta,https://myneta.info/image_v2.php?myneta_folder=TamilNadu2026&candidate_id=3401&col=lia
1645,1699,M. Santhosh,https://www.myneta.info/TamilNadu2026/candidate.php?candidate_id=1699,THANJAVUR,IND,0,Graduate,"Rs 26,55,843 ~ 26 Lacs+","Rs 10,00,000 ~ 10 Lacs+"
1646,2020,M. Sathish,https://www.myneta.info/TamilNadu2026/candidate.php?candidate_id=2020,DR.RADHAKRISHNAN NAGAR,IND,0,10th Pass,"Rs 8,68,000 ~ 8 Lacs+",Rs 0 ~
1647,1136,M. Sekar,https://www.myneta.info/TamilNadu2026/candidate.php?candidate_id=1136,ORATHANADU,AIADMK,1,10th Pass,https://myneta.info/image_v2.php?myneta_folder=TamilNadu2026&candidate_id=1136&col=ta,https://myneta.info/image_v2.php?myneta_folder=TamilNadu2026&candidate_id=1136&col=lia
1648,2535,M. Selvaraj,https://www.myneta.info/TamilNadu2026/candidate.php?candidate_id=2535,PALLADAM,IND,0,10th Pass,"Rs 33,020 ~ 33 Thou+",Rs 0 ~
1649,3192,M. Selvaraj,https://www.myneta.info/TamilNadu2026/candidate.php?candidate_id=3192,ORATHANADU,Party for the Rights of Other backward Classes,1,Others,"Rs 2,24,44,200 ~ 2 Crore+","Rs 2,50,000 ~ 2 Lacs+"
1650,2067,M. Senthilkumar,https://www.myneta.info/TamilNadu2026/candidate.php?candidate_id=2067,COIMBATORE (SOUTH),IND,0,10th Pass,https://myneta.info/image_v2.php?myneta_folder=TamilNadu2026&candidate_id=2067&col=ta,https://myneta.info/image_v2.php?myneta_folder=TamilNadu2026&candidate_id=2067&col=lia
1651,1544,M. Shanmugam,https://www.myneta.info/TamilNadu2026/candidate.php?candidate_id=1544,ROYAPURAM,IND,0,Post Graduate,"Rs 4,39,581 ~ 4 Lacs+",Rs 0 ~
1652,278,M. Sindhu Ezhilarasan,https://www.myneta.info/TamilNadu2026/candidate.php?candidate_id=278,SRIPERUMBUDUR (SC),Naam Tamilar Katchi,0,Post Graduate,"Rs 50,47,000 ~ 50 Lacs+","Rs 6,00,000 ~ 6 Lacs+"
1653,3536,M. Somasundaram,https://www.myneta.info/TamilNadu2026/candidate.php?candidate_id=3536,KANCHEEPURAM,IND,0,8th Pass,https://myneta.info/image_v2.php?myneta_folder=TamilNadu2026&candidate_id=3536&col=ta,https://myneta.info/image_v2.php?myneta_folder=TamilNadu2026&candidate_id=3536&col=lia
1654,2601,M. Suresh,https://www.myneta.info/TamilNadu2026/candidate.php?candidate_id=2601,KOLATHUR,IND,0,10th Pass,"Rs 6,62,000 ~ 6 Lacs+",Rs 0 ~
1655,3547,M. Suthakar,https://www.myneta.info/TamilNadu2026/candidate.php?candidate_id=3547,KATPADI,IND,0,10th Pass,"Rs 10,03,500 ~ 10 Lacs+",Rs 0 ~
1656,1988,M. Tamilselvam,https://www.myneta.info/TamilNadu2026/candidate.php?candidate_id=1988,PERAMBUR,IND,0,5th Pass,https://myneta.info/image_v2.php?myneta_folder=TamilNadu2026&candidate_id=1988&col=ta,https://myneta.info/image_v2.php?myneta_folder=TamilNadu2026&candidate_id=1988&col=lia
1657,241,M. Thilagabama,https://www.myneta.info/TamilNadu2026/candidate.php?candidate_id=241,PERAMBUR,Pattali Makkal Katchi,0,Graduate,"Rs 8,76,99,722 ~ 8 Crore+","Rs 5,01,60,712 ~ 5 Crore+"
1658,1611,M. Vijaya Kumar,https://www.myneta.info/TamilNadu2026/candidate.php?candidate_id=1611,MANAPPARAI,IND,0,10th Pass,"Rs 8,000 ~ 8 Thou+",Rs 0 ~
1659,1160,M. Yuvaraja,https://www.myneta.info/TamilNadu2026/candidate.php?candidate_id=1160,ERODE (WEST),BJP,1,Graduate Professional,https://myneta.info/image_v2.php?myneta_folder=TamilNadu2026&candidate_id=1160&col=ta,https://myneta.info/image_v2.php?myneta_folder=TamilNadu2026&candidate_id=1160&col=lia
1660,336,M.A.T. Archunan,https://www.myneta.info/TamilNadu2026/candidate.php?candidate_id=336,KATTUMANNARKOIL (SC),IND,0,Post Graduate,"Rs 42,10,000 ~ 42 Lacs+",Rs 0 ~
1661,1135,M.Abdul Wahab,https://www.myneta.info/TamilNadu2026/candidate.php?candidate_id=1135,PALAYAMKOTTAI,DMK,2,Graduate,"Rs 8,34,35,255 ~ 8 Crore+","Rs 27,84,554 ~ 27 Lacs+"
1662,2576,M.Anandan,https://www.myneta.info/TamilNadu2026/candidate.php?candidate_id=2576,CHENGALPATTU,IND,0,10th Pass,https://myneta.info/image_v2.php?myneta_folder=TamilNadu2026&candidate_id=2576&col=ta,https://myneta.info/image_v2.php?myneta_folder=TamilNadu2026&candidate_id=2576&col=lia
1663,97,M.Arunkumar,https://www.myneta.info/TamilNadu2026/candidate.php?candidate_id=97,MODAKKURICHI,Naam Tamilar Katchi,2,Graduate,"Rs 1,53,93,500 ~ 1 Crore+","Rs 11,31,380 ~ 11 Lacs+"
1664,3600,M.Arunkumar,https://www.myneta.info/TamilNadu2026/candidate.php?candidate_id=3600,KULITHALAI,IND,0,Graduate Professional,"Rs 5,22,361 ~ 5 Lacs+",Rs 0 ~
1665,3869,M.Ashok Kumar,https://www.myneta.info/TamilNadu2026/candidate.php?candidate_id=3869,SINGANALLUR,IND,0,Graduate,https://myneta.info/image_v2.php?myneta_folder=TamilNadu2026&candidate_id=3869&col=ta,https://myneta.info/image_v2.php?myneta_folder=TamilNadu2026&candidate_id=3869&col=lia
1666,1187,M.Boominathan,https://www.myneta.info/TamilNadu2026/candidate.php?candidate_id=1187,MADURAI SOUTH,DMK,0,Literate,"Rs 9,67,75,677 ~ 9 Crore+","Rs 43,00,000 ~ 43 Lacs+"
1667,3688,M.Boominathan Alias M.K.Vaiyavan,https://www.myneta.info/TamilNadu2026/candidate.php?candidate_id=3688,MUDUKULATHUR,IND,0,Graduate Professional,"Rs 26,55,000 ~ 26 Lacs+","Rs 3,88,000 ~ 3 Lacs+"
1668,1383,M.C.Sampath,https://www.myneta.info/TamilNadu2026/candidate.php?candidate_id=1383,CUDDALORE,AIADMK,1,Graduate Professional,https://myneta.info/image_v2.php?myneta_folder=TamilNadu2026&candidate_id=1383&col=ta,https://myneta.info/image_v2.php?myneta_folder=TamilNadu2026&candidate_id=1383&col=lia
1669,2521,M.Chandrasekaran,https://www.myneta.info/TamilNadu2026/candidate.php?candidate_id=2521,TIRUCHIRAPPALLI (WEST),IND,0,Graduate,"Rs 4,00,000 ~ 4 Lacs+","Rs 5,00,000 ~ 5 Lacs+"
1670,3693,M.Chinnaiyan,https://www.myneta.info/TamilNadu2026/candidate.php?candidate_id=3693,MUSIRI,Puthiya Tamilagam,0,8th Pass,"Rs 10,04,000 ~ 10 Lacs+","Rs 2,00,000 ~ 2 Lacs+"
1671,3466,M.Dharani Kumar,https://www.myneta.info/TamilNadu2026/candidate.php?candidate_id=3466,ERODE (EAST),IND,0,Graduate Professional,https://myneta.info/image_v2.php?myneta_folder=TamilNadu2026&candidate_id=3466&col=ta,https://myneta.info/image_v2.php?myneta_folder=TamilNadu2026&candidate_id=3466&col=lia
1672,3355,M.Dinesh,https://www.myneta.info/TamilNadu2026/candidate.php?candidate_id=3355,SHOLINGHUR,IND,0,10th Pass,"Rs 8,95,000 ~ 8 Lacs+",Rs 0 ~
1673,175,M.Divya Bharathi,https://www.myneta.info/TamilNadu2026/candidate.php?candidate_id=175,THIRUVIDAIMARUDUR (SC),Naam Tamilar Katchi,0,Graduate Professional,"Rs 5,91,400 ~ 5 Lacs+",Rs 0 ~
1674,1664,M.G.Ramu,https://www.myneta.info/TamilNadu2026/candidate.php?candidate_id=1664,SHOLINGANALLUR,Jebamani Janata,0,10th Pass,https://myneta.info/image_v2.php?myneta_folder=TamilNadu2026&candidate_id=1664&col=ta,https://myneta.info/image_v2.php?myneta_folder=TamilNadu2026&candidate_id=1664&col=lia
1675,1140,M.Gajendran,https://www.myneta.info/TamilNadu2026/candidate.php?candidate_id=1140,CHENGALPATTU,AIADMK,1,Graduate,"Rs 20,82,84,190 ~ 20 Crore+","Rs 8,99,18,716 ~ 8 Crore+"
1676,3603,M.Gayathiri,https://www.myneta.info/TamilNadu2026/candidate.php?candidate_id=3603,KULITHALAI,IND,0,Graduate Professional,"Rs 5,19,000 ~ 5 Lacs+",Rs 0 ~
1677,3346,M.Giridharan,https://www.myneta.info/TamilNadu2026/candidate.php?candidate_id=3346,SHOLINGHUR,BSP,0,Others,https://myneta.info/image_v2.php?myneta_folder=TamilNadu2026&candidate_id=3346&col=ta,https://myneta.info/image_v2.php?myneta_folder=TamilNadu2026&candidate_id=3346&col=lia
1678,1199,M.H.Jawahirullah,https://www.myneta.info/TamilNadu2026/candidate.php?candidate_id=1199,NAGAPATTINAM,DMK,5,Doctorate,"Rs 5,28,48,161 ~ 5 Crore+",Rs 0 ~
1679,1514,M.Harish,https://www.myneta.info/TamilNadu2026/candidate.php?candidate_id=1514,ALANDUR,IND,0,Graduate,"Rs 3,29,992 ~ 3 Lacs+",Rs 0 ~
1680,305,M.Harish,https://www.myneta.info/TamilNadu2026/candidate.php?candidate_id=305,ALANDUR,Tamilaga Vettri Kazhagam,0,Graduate Professional,https://myneta.info/image_v2.php?myneta_folder=TamilNadu2026&candidate_id=305&col=ta,https://myneta.info/image_v2.php?myneta_folder=TamilNadu2026&candidate_id=305&col=lia
1681,1990,M.I. Thahira Banu,https://www.myneta.info/TamilNadu2026/candidate.php?candidate_id=1990,PERAMBUR,IND,0,10th Pass,"Rs 1,18,000 ~ 1 Lacs+",Rs 0 ~
1682,2344,M.Iyyankalai,https://www.myneta.info/TamilNadu2026/candidate.php?candidate_id=2344,NAGAPATTINAM,IND,0,8th Pass,"Rs 26,06,000 ~ 26 Lacs+","Rs 4,90,000 ~ 4 Lacs+"
1683,2421,M.Jagadeesan,https://www.myneta.info/TamilNadu2026/candidate.php?candidate_id=2421,GUMMIDIPOONDI,BSP,0,Graduate Professional,https://myneta.info/image_v2.php?myneta_folder=TamilNadu2026&candidate_id=2421&col=ta,https://myneta.info/image_v2.php?myneta_folder=TamilNadu2026&candidate_id=2421&col=lia
1684,3555,M.John Bosco,https://www.myneta.info/TamilNadu2026/candidate.php?candidate_id=3555,KAVUNDAMPALAYAM,IND,0,Graduate Professional,"Rs 5,03,57,500 ~ 5 Crore+","Rs 1,17,00,402 ~ 1 Crore+"
1685,3079,M.K. Nagendran,https://www.myneta.info/TamilNadu2026/candidate.php?candidate_id=3079,ATHOOR,Aanaithinthiya Jananayaka Pathukappu Kazhagam,1,5th Pass,"Rs 4,56,70,000 ~ 4 Crore+","Rs 70,50,000 ~ 70 Lacs+"
1686,2903,M.Kadirvel,https://www.myneta.info/TamilNadu2026/candidate.php?candidate_id=2903,MADURANTAKAM (SC),IND,0,Post Graduate,https://myneta.info/image_v2.php?myneta_folder=TamilNadu2026&candidate_id=2903&col=ta,https://myneta.info/image_v2.php?myneta_folder=TamilNadu2026&candidate_id=2903&col=lia
1687,2520,M.Kalaimani,https://www.myneta.info/TamilNadu2026/candidate.php?candidate_id=2520,TIRUCHIRAPPALLI (WEST),IND,0,10th Pass,"Rs 6,10,000 ~ 6 Lacs+",Rs 0 ~
1688,3461,M.Kamal Kumar,https://www.myneta.info/TamilNadu2026/candidate.php?candidate_id=3461,ERODE (EAST),Vishwa Tamil Kazhagam,0,8th Pass,"Rs 17,38,000 ~ 17 Lacs+","Rs 3,90,000 ~ 3 Lacs+"
1689,583,M.Karuppa Samy,https://www.myneta.info/TamilNadu2026/candidate.php?candidate_id=583,MUDUKULATHUR,IND,0,12th Pass,https://myneta.info/image_v2.php?myneta_folder=TamilNadu2026&candidate_id=583&col=ta,https://myneta.info/image_v2.php?myneta_folder=TamilNadu2026&candidate_id=583&col=lia
1690,1291,M.Keerthika,https://www.myneta.info/TamilNadu2026/candidate.php?candidate_id=1291,TIRUVADANAI,AIADMK,2,Post Graduate,"Rs 13,05,45,297 ~ 13 Crore+","Rs 3,44,03,789 ~ 3 Crore+"
1691,2424,M.Kumaran,https://www.myneta.info/TamilNadu2026/candidate.php?candidate_id=2424,GUMMIDIPOONDI,IND,0,Graduate,"Rs 3,66,089 ~ 3 Lacs+","Rs 9,41,000 ~ 9 Lacs+"
1692,3330,M.L.Ravi,https://www.myneta.info/TamilNadu2026/candidate.php?candidate_id=3330,PALLAVARAM,Desiya Makkal Sakthi Katchi,0,Post Graduate,https://myneta.info/image_v2.php?myneta_folder=TamilNadu2026&candidate_id=3330&col=ta,https://myneta.info/image_v2.php?myneta_folder=TamilNadu2026&candidate_id=3330&col=lia
1693,1031,M.L.Vijayprabhu,https://www.myneta.info/TamilNadu2026/candidate.php?candidate_id=1031,MADHAVARAM,Tamilaga Vettri Kazhagam,0,Graduate Professional,"Rs 93,60,171 ~ 93 Lacs+","Rs 24,64,733 ~ 24 Lacs+"
1694,1276,M.Lenin Prasath,https://www.myneta.info/TamilNadu2026/candidate.php?candidate_id=1276,THURAIYUR (SC),INC,2,Graduate Professional,"Rs 51,44,646 ~ 51 Lacs+","Rs 2,90,000 ~ 2 Lacs+"
1695,2565,M.Loganathan,https://www.myneta.info/TamilNadu2026/candidate.php?candidate_id=2565,VELLORE,IND,0,Others,https://myneta.info/image_v2.php?myneta_folder=TamilNadu2026&candidate_id=2565&col=ta,https://myneta.info/image_v2.php?myneta_folder=TamilNadu2026&candidate_id=2565&col=lia
1696,1561,M.M.Gopison,https://www.myneta.info/TamilNadu2026/candidate.php?candidate_id=1561,MADURAI SOUTH,Tamilaga Vettri Kazhagam,0,Post Graduate,"Rs 2,03,31,305 ~ 2 Crore+","Rs 1,37,00,000 ~ 1 Crore+"
1697,217,M.M.Vinoth Kannan,https://www.myneta.info/TamilNadu2026/candidate.php?candidate_id=217,VELLORE,Tamilaga Vettri Kazhagam,0,10th Pass,"Rs 2,73,92,268 ~ 2 Crore+","Rs 1,12,03,537 ~ 1 Crore+"
1698,3221,M.Manikandan,https://www.myneta.info/TamilNadu2026/candidate.php?candidate_id=3221,PALAYAMKOTTAI,IND,0,5th Pass,https://myneta.info/image_v2.php?myneta_folder=TamilNadu2026&candidate_id=3221&col=ta,https://myneta.info/image_v2.php?myneta_folder=TamilNadu2026&candidate_id=3221&col=lia
1699,2269,M.Manoharan,https://www.myneta.info/TamilNadu2026/candidate.php?candidate_id=2269,NILAKKOTTAI (SC),IND,0,Others,"Rs 71,06,644 ~ 71 Lacs+","Rs 80,00,000 ~ 80 Lacs+"
1700,3611,M.Mayilvaganan,https://www.myneta.info/TamilNadu2026/candidate.php?candidate_id=3611,KULITHALAI,IND,0,Others,"Rs 83,24,029 ~ 83 Lacs+","Rs 83,000 ~ 83 Thou+"
1701,1593,M.Mugilarasan,https://www.myneta.info/TamilNadu2026/candidate.php?candidate_id=1593,CHENGAM (SC),IND,0,Graduate,https://myneta.info/image_v2.php?myneta_folder=TamilNadu2026&candidate_id=1593&col=ta,https://myneta.info/image_v2.php?myneta_folder=TamilNadu2026&candidate_id=1593&col=lia
1702,3680,M.Murugan,https://www.myneta.info/TamilNadu2026/candidate.php?candidate_id=3680,MELUR,IND,0,Graduate Professional,"Rs 65,63,04,583 ~ 65 Crore+","Rs 4,39,63,875 ~ 4 Crore+"
1703,3469,M.Murugesan,https://www.myneta.info/TamilNadu2026/candidate.php?candidate_id=3469,ERODE (EAST),IND,0,Post Graduate,"Rs 1,18,17,334 ~ 1 Crore+",Rs 0 ~
1704,1522,M.Nagarajan,https://www.myneta.info/TamilNadu2026/candidate.php?candidate_id=1522,ALANGUDI,IND,0,5th Pass,https://myneta.info/image_v2.php?myneta_folder=TamilNadu2026&candidate_id=1522&col=ta,https://myneta.info/image_v2.php?myneta_folder=TamilNadu2026&candidate_id=1522&col=lia
1705,647,M.Nandha Kumar,https://www.myneta.info/TamilNadu2026/candidate.php?candidate_id=647,ANAIKATTU,IND,0,10th Pass,"Rs 1,84,000 ~ 1 Lacs+",Rs 0 ~
1706,1154,M.P.Giri,https://www.myneta.info/TamilNadu2026/candidate.php?candidate_id=1154,CHENGAM (SC),DMK,0,10th Pass,"Rs 10,70,00,726 ~ 10 Crore+","Rs 6,65,96,238 ~ 6 Crore+"
1707,1167,M.P.Saminathan,https://www.myneta.info/TamilNadu2026/candidate.php?candidate_id=1167,KANGAYAM,DMK,1,Graduate,https://myneta.info/image_v2.php?myneta_folder=TamilNadu2026&candidate_id=1167&col=ta,https://myneta.info/image_v2.php?myneta_folder=TamilNadu2026&candidate_id=1167&col=lia
1708,2306,M.P.Sankarapandi,https://www.myneta.info/TamilNadu2026/candidate.php?candidate_id=2306,MADURAI NORTH,IND,0,5th Pass,"Rs 11,50,000 ~ 11 Lacs+",Rs 0 ~
1709,2657,M.Palanichami,https://www.myneta.info/TamilNadu2026/candidate.php?candidate_id=2657,METTUPALAYAM,IND,0,5th Pass,"Rs 60,000 ~ 60 Thou+",Rs 0 ~
1710,3677,M.Panneerselvam,https://www.myneta.info/TamilNadu2026/candidate.php?candidate_id=3677,MELUR,Puthiya Tamilagam,6,Others,https://myneta.info/image_v2.php?myneta_folder=TamilNadu2026&candidate_id=3677&col=ta,https://myneta.info/image_v2.php?myneta_folder=TamilNadu2026&candidate_id=3677&col=lia
1711,3903,M.Poosa Durai,https://www.myneta.info/TamilNadu2026/candidate.php?candidate_id=3903,TENKASI,All India Puratchi Thalaivar Makkal Munnettra Kazhagam,1,Graduate Professional,"Rs 1,06,00,988 ~ 1 Crore+","Rs 17,19,719 ~ 17 Lacs+"
1712,59,M.R. Vijayabhaskar,https://www.myneta.info/TamilNadu2026/candidate.php?candidate_id=59,KARUR,AIADMK,31,10th Pass,"Rs 18,54,39,601 ~ 18 Crore+","Rs 5,53,62,173 ~ 5 Crore+"
1713,1359,M.R.K.Panneerselvam,https://www.myneta.info/TamilNadu2026/candidate.php?candidate_id=1359,KURINJIPADI,DMK,2,Graduate Professional,https://myneta.info/image_v2.php?myneta_folder=TamilNadu2026&candidate_id=1359&col=ta,https://myneta.info/image_v2.php?myneta_folder=TamilNadu2026&candidate_id=1359&col=lia
1714,505,M.Raja,https://www.myneta.info/TamilNadu2026/candidate.php?candidate_id=505,TAMBARAM,BSP,0,10th Pass,"Rs 10,90,000 ~ 10 Lacs+","Rs 10,00,000 ~ 10 Lacs+"
1715,339,M.Rajalingam,https://www.myneta.info/TamilNadu2026/candidate.php?candidate_id=339,KAVUNDAMPALAYAM,IND,0,Post Graduate,"Rs 13,02,921 ~ 13 Lacs+","Rs 6,89,000 ~ 6 Lacs+"
1716,1062,M.Rajasekaran,https://www.myneta.info/TamilNadu2026/candidate.php?candidate_id=1062,TIRUCHIRAPPALLI (WEST),Amma Makkal Munnettra Kazagam,0,Post Graduate,https://myneta.info/image_v2.php?myneta_folder=TamilNadu2026&candidate_id=1062&col=ta,https://myneta.info/image_v2.php?myneta_folder=TamilNadu2026&candidate_id=1062&col=lia
1717,1594,M.Raman Masilamani,https://www.myneta.info/TamilNadu2026/candidate.php?candidate_id=1594,CHENGAM (SC),IND,0,5th Pass,"Rs 60,55,000 ~ 60 Lacs+",Rs 0 ~
1718,1929,M.Ramesh,https://www.myneta.info/TamilNadu2026/candidate.php?candidate_id=1929,MODAKKURICHI,Namathu Kongu Munnetra Kalagam,0,Post Graduate,"Rs 2,69,37,264 ~ 2 Crore+","Rs 27,49,082 ~ 27 Lacs+"
1719,2545,M.Rangasamy,https://www.myneta.info/TamilNadu2026/candidate.php?candidate_id=2545,TIRUPPUR (NORTH),IND,0,8th Pass,https://myneta.info/image_v2.php?myneta_folder=TamilNadu2026&candidate_id=2545&col=ta,https://myneta.info/image_v2.php?myneta_folder=TamilNadu2026&candidate_id=2545&col=lia
1720,735,M.Ravi Alias M.Subramanian,https://www.myneta.info/TamilNadu2026/candidate.php?candidate_id=735,TIRUPPUR (NORTH),CPI,0,10th Pass,"Rs 3,39,91,998 ~ 3 Crore+",Rs 0 ~
1721,1930,M.Ravikumar,https://www.myneta.info/TamilNadu2026/candidate.php?candidate_id=1930,MODAKKURICHI,Ganasangam Party of India,0,Literate,"Rs 1,20,608 ~ 1 Lacs+",Rs 0 ~
1722,6,M.Ravikumar,https://www.myneta.info/TamilNadu2026/candidate.php?candidate_id=6,ANAIKATTU,Naam Tamilar Katchi,0,Others,https://myneta.info/image_v2.php?myneta_folder=TamilNadu2026&candidate_id=6&col=ta,https://myneta.info/image_v2.php?myneta_folder=TamilNadu2026&candidate_id=6&col=lia
1723,308,M.S. Arumugam,https://www.myneta.info/TamilNadu2026/candidate.php?candidate_id=308,AMBATTUR,IND,0,5th Pass,"Rs 7,13,000 ~ 7 Lacs+",Rs 0 ~
1724,1109,M.S.M.Anandan,https://www.myneta.info/TamilNadu2026/candidate.php?candidate_id=1109,TIRUPPUR (NORTH),AIADMK,3,10th Pass,"Rs 13,37,29,150 ~ 13 Crore+","Rs 2,63,59,238 ~ 2 Crore+"
1725,749,M.Sathya Kumar,https://www.myneta.info/TamilNadu2026/candidate.php?candidate_id=749,TIRUTTANI,Tamilaga Vettri Kazhagam,0,Doctorate,https://myneta.info/image_v2.php?myneta_folder=TamilNadu2026&candidate_id=749&col=ta,https://myneta.info/image_v2.php?myneta_folder=TamilNadu2026&candidate_id=749&col=lia
1726,3338,M.Sivakumar,https://www.myneta.info/TamilNadu2026/candidate.php?candidate_id=3338,PALLAVARAM,IND,0,12th Pass,"Rs 1,80,80,000 ~ 1 Crore+",Rs 0 ~
1727,961,M.Sugumar,https://www.myneta.info/TamilNadu2026/candidate.php?candidate_id=961,NAGAPATTINAM,Tamilaga Vettri Kazhagam,12,5th Pass,"Rs 44,25,326 ~ 44 Lacs+","Rs 4,47,000 ~ 4 Lacs+"
1728,2571,M.Sumathi,https://www.myneta.info/TamilNadu2026/candidate.php?candidate_id=2571,GUDIYATTAM (SC),IND,0,8th Pass,https://myneta.info/image_v2.php?myneta_folder=TamilNadu2026&candidate_id=2571&col=ta,https://myneta.info/image_v2.php?myneta_folder=TamilNadu2026&candidate_id=2571&col=lia
1729,844,M.Tamilarasan,https://www.myneta.info/TamilNadu2026/candidate.php?candidate_id=844,SRIPERUMBUDUR (SC),CPI(ML)(L),0,Others,"Rs 56,70,000 ~ 56 Lacs+",Rs 0 ~
1730,2397,M.Tamilmaran,https://www.myneta.info/TamilNadu2026/candidate.php?candidate_id=2397,THIRUVIDAIMARUDUR (SC),IND,0,Post Graduate,"Rs 75,000 ~ 75 Thou+",Rs 0 ~
1731,425,M.Tamilselvan,https://www.myneta.info/TamilNadu2026/candidate.php?candidate_id=425,KULITHALAI,IND,0,Graduate Professional,https://myneta.info/image_v2.php?myneta_folder=TamilNadu2026&candidate_id=425&col=ta,https://myneta.info/image_v2.php?myneta_folder=TamilNadu2026&candidate_id=425&col=lia
1732,3464,M.V.Karthy,https://www.myneta.info/TamilNadu2026/candidate.php?candidate_id=3464,ERODE (EAST),IND,0,Post Graduate,"Rs 98,000 ~ 98 Thou+","Rs 15,68,000 ~ 15 Lacs+"
1733,3614,M.Vadivelan,https://www.myneta.info/TamilNadu2026/candidate.php?candidate_id=3614,KULITHALAI,IND,0,Graduate Professional,"Rs 51,63,000 ~ 51 Lacs+","Rs 12,30,000 ~ 12 Lacs+"
1734,3363,M.Vasanthakumar,https://www.myneta.info/TamilNadu2026/candidate.php?candidate_id=3363,ARCOT,BSP,0,Graduate,https://myneta.info/image_v2.php?myneta_folder=TamilNadu2026&candidate_id=3363&col=ta,https://myneta.info/image_v2.php?myneta_folder=TamilNadu2026&candidate_id=3363&col=lia
1735,3695,M.Vignesh,https://www.myneta.info/TamilNadu2026/candidate.php?candidate_id=3695,MUSIRI,Tamilaga Vettri Kazhagam,0,12th Pass,"Rs 97,43,233 ~ 97 Lacs+","Rs 97,55,853 ~ 97 Lacs+"
1736,3970,M.Vijay,https://www.myneta.info/TamilNadu2026/candidate.php?candidate_id=3970,TIRUVADANAI,IND,0,Graduate Professional,"Rs 37,72,000 ~ 37 Lacs+",Rs 0 ~
1737,781,M.Vijay Balaji,https://www.myneta.info/TamilNadu2026/candidate.php?candidate_id=781,ERODE (EAST),Tamilaga Vettri Kazhagam,1,Graduate,https://myneta.info/image_v2.php?myneta_folder=TamilNadu2026&candidate_id=781&col=ta,https://myneta.info/image_v2.php?myneta_folder=TamilNadu2026&candidate_id=781&col=lia
1738,3361,M.Vijayan,https://www.myneta.info/TamilNadu2026/candidate.php?candidate_id=3361,SHOLINGHUR,IND,0,5th Pass,"Rs 7,67,000 ~ 7 Lacs+",Rs 0 ~
1739,2270,M.Vijayapandian,https://www.myneta.info/TamilNadu2026/candidate.php?candidate_id=2270,NILAKKOTTAI (SC),IND,0,10th Pass,"Rs 55,000 ~ 55 Thou+",Rs 0 ~
1740,2561,M.Vinothkumar,https://www.myneta.info/TamilNadu2026/candidate.php?candidate_id=2561,VELLORE,Anna MGR Dravida Munnetra Kazhagam,0,Others,https://myneta.info/image_v2.php?myneta_folder=TamilNadu2026&candidate_id=2561&col=ta,https://myneta.info/image_v2.php?myneta_folder=TamilNadu2026&candidate_id=2561&col=lia
1741,1419,Madasamy,https://www.myneta.info/TamilNadu2026/candidate.php?candidate_id=1419,ALANGULAM,All India Puratchi Thalaivar Makkal Munnettra Kazhagam,0,10th Pass,"Rs 52,09,338 ~ 52 Lacs+","Rs 49,88,203 ~ 49 Lacs+"
1742,551,Madhappan. P.,https://www.myneta.info/TamilNadu2026/candidate.php?candidate_id=551,PALACODE,IND,0,8th Pass,"Rs 1,32,89,765 ~ 1 Crore+","Rs 7,83,000 ~ 7 Lacs+"
1743,827,Madhar Badhurudeen S,https://www.myneta.info/TamilNadu2026/candidate.php?candidate_id=827,MADURAI CENTRAL,Tamilaga Vettri Kazhagam,0,10th Pass,https://myneta.info/image_v2.php?myneta_folder=TamilNadu2026&candidate_id=827&col=ta,https://myneta.info/image_v2.php?myneta_folder=TamilNadu2026&candidate_id=827&col=lia
1744,795,Madhavan.S.R,https://www.myneta.info/TamilNadu2026/candidate.php?candidate_id=795,KANNIYAKUMARI,Tamilaga Vettri Kazhagam,0,Others,"Rs 2,78,28,039 ~ 2 Crore+","Rs 42,14,489 ~ 42 Lacs+"
1745,754,Madhavaram V.Moorthy,https://www.myneta.info/TamilNadu2026/candidate.php?candidate_id=754,MADHAVARAM,AIADMK,1,Graduate,"Rs 7,57,25,057 ~ 7 Crore+","Rs 13,02,438 ~ 13 Lacs+"
1746,3076,Madheswari. R,https://www.myneta.info/TamilNadu2026/candidate.php?candidate_id=3076,PALANI,IND,0,5th Pass,https://myneta.info/image_v2.php?myneta_folder=TamilNadu2026&candidate_id=3076&col=ta,https://myneta.info/image_v2.php?myneta_folder=TamilNadu2026&candidate_id=3076&col=lia
1747,3444,Madhu. P.,https://www.myneta.info/TamilNadu2026/candidate.php?candidate_id=3444,DHARMAPURI,Naadaalum Makkal Katchi,0,10th Pass,"Rs 49,53,000 ~ 49 Lacs+",Rs 0 ~
1748,2719,Madurai Veeran S,https://www.myneta.info/TamilNadu2026/candidate.php?candidate_id=2719,MADURAI WEST,Tamizhaga Vaazhvurimai Katchi,0,12th Pass,"Rs 30,80,000 ~ 30 Lacs+","Rs 15,00,000 ~ 15 Lacs+"
1749,2290,Magesh Kumar.T,https://www.myneta.info/TamilNadu2026/candidate.php?candidate_id=2290,UTHIRAMERUR,IND,0,Post Graduate,https://myneta.info/image_v2.php?myneta_folder=TamilNadu2026&candidate_id=2290&col=ta,https://myneta.info/image_v2.php?myneta_folder=TamilNadu2026&candidate_id=2290&col=lia
1750,1304,Mageshkumar.P,https://www.myneta.info/TamilNadu2026/candidate.php?candidate_id=1304,UTHIRAMERUR,Pattali Makkal Katchi,0,12th Pass,"Rs 1,33,79,702 ~ 1 Crore+","Rs 37,57,796 ~ 37 Lacs+"
1751,2377,Mahabub John. K,https://www.myneta.info/TamilNadu2026/candidate.php?candidate_id=2377,SALEM (NORTH),IND,0,10th Pass,"Rs 35,80,000 ~ 35 Lacs+","Rs 11,70,000 ~ 11 Lacs+"
1752,3799,Mahalakshmi,https://www.myneta.info/TamilNadu2026/candidate.php?candidate_id=3799,RADHAPURAM,Puthiya Makkal Tamil Desam Katchi,0,10th Pass,https://myneta.info/image_v2.php?myneta_folder=TamilNadu2026&candidate_id=3799&col=ta,https://myneta.info/image_v2.php?myneta_folder=TamilNadu2026&candidate_id=3799&col=lia
1753,3405,Mahalakshmi Govarthanan,https://www.myneta.info/TamilNadu2026/candidate.php?candidate_id=3405,ARANI,DMK,0,Graduate Professional,"Rs 4,49,61,279 ~ 4 Crore+","Rs 3,04,05,317 ~ 3 Crore+"
1754,201,Mahalakshmi V,https://www.myneta.info/TamilNadu2026/candidate.php?candidate_id=201,TITTAKUDI (SC),Naam Tamilar Katchi,0,Graduate Professional,"Rs 4,56,500 ~ 4 Lacs+","Rs 2,75,000 ~ 2 Lacs+"
1755,3415,Mahalakshmi. G W/O Ganesan,https://www.myneta.info/TamilNadu2026/candidate.php?candidate_id=3415,ARANI,IND,0,10th Pass,https://myneta.info/image_v2.php?myneta_folder=TamilNadu2026&candidate_id=3415&col=ta,https://myneta.info/image_v2.php?myneta_folder=TamilNadu2026&candidate_id=3415&col=lia
1756,1407,Mahalakshmi. G W/O Gopalakrishnan,https://www.myneta.info/TamilNadu2026/candidate.php?candidate_id=1407,ARANI,IND,0,5th Pass,"Rs 11,40,000 ~ 11 Lacs+",Rs 0 ~
1757,887,Mahalingam . T,https://www.myneta.info/TamilNadu2026/candidate.php?candidate_id=887,BHUVANAGIRI,Tamilaga Vettri Kazhagam,1,12th Pass,"Rs 11,65,69,749 ~ 11 Crore+","Rs 2,72,48,403 ~ 2 Crore+"
1758,1749,Mahalingam. V,https://www.myneta.info/TamilNadu2026/candidate.php?candidate_id=1749,TIRUPPUR (SOUTH),IND,0,Literate,https://myneta.info/image_v2.php?myneta_folder=TamilNadu2026&candidate_id=1749&col=ta,https://myneta.info/image_v2.php?myneta_folder=TamilNadu2026&candidate_id=1749&col=lia
1759,1096,Mahalingam.P,https://www.myneta.info/TamilNadu2026/candidate.php?candidate_id=1096,SRIVILLIPUTHUR (SC),CPI,5,Graduate Professional,"Rs 1,56,40,705 ~ 1 Crore+","Rs 40,05,000 ~ 40 Lacs+"
1760,2707,Mahamuni. A,https://www.myneta.info/TamilNadu2026/candidate.php?candidate_id=2707,KRISHNARAYAPURAM (SC),IND,0,Graduate Professional,"Rs 1,00,000 ~ 1 Lacs+",Rs 0 ~
1761,2170,Maharajan. M,https://www.myneta.info/TamilNadu2026/candidate.php?candidate_id=2170,TIRUCHENDUR,Puthiya Makkal Tamil Desam Katchi,10,8th Pass,https://myneta.info/image_v2.php?myneta_folder=TamilNadu2026&candidate_id=2170&col=ta,https://myneta.info/image_v2.php?myneta_folder=TamilNadu2026&candidate_id=2170&col=lia
1762,1409,Maharajan.A,https://www.myneta.info/TamilNadu2026/candidate.php?candidate_id=1409,ANDIPATTI,DMK,2,8th Pass,"Rs 23,22,45,927 ~ 23 Crore+","Rs 21,18,120 ~ 21 Lacs+"
1763,4002,Mahendiran. K,https://www.myneta.info/TamilNadu2026/candidate.php?candidate_id=4002,VIRALIMALAI,IND,0,10th Pass,"Rs 61,78,000 ~ 61 Lacs+",Rs 0 ~
1764,2448,Mahendra Kumar. D,https://www.myneta.info/TamilNadu2026/candidate.php?candidate_id=2448,THIRUVOTTIYUR,BSP,0,10th Pass,https://myneta.info/image_v2.php?myneta_folder=TamilNadu2026&candidate_id=2448&col=ta,https://myneta.info/image_v2.php?myneta_folder=TamilNadu2026&candidate_id=2448&col=lia
1765,2554,Mahendran A.,https://www.myneta.info/TamilNadu2026/candidate.php?candidate_id=2554,UDUMALAIPETTAI,IND,0,8th Pass,"Rs 5,72,009 ~ 5 Lacs+","Rs 12,21,327 ~ 12 Lacs+"
1766,950,Mahendran K,https://www.myneta.info/TamilNadu2026/candidate.php?candidate_id=950,MADURAI EAST,AIADMK,0,Graduate Professional,"Rs 4,26,74,251 ~ 4 Crore+","Rs 18,39,244 ~ 18 Lacs+"
1767,3701,Mahendran P,https://www.myneta.info/TamilNadu2026/candidate.php?candidate_id=3701,NAMAKKAL,Anaithinthiya Anna Dravida Makkal Seyal katchi,0,Literate,https://myneta.info/image_v2.php?myneta_folder=TamilNadu2026&candidate_id=3701&col=ta,https://myneta.info/image_v2.php?myneta_folder=TamilNadu2026&candidate_id=3701&col=lia
1768,324,Mahendran. I,https://www.myneta.info/TamilNadu2026/candidate.php?candidate_id=324,USILAMPATTI,AIADMK,0,Graduate,"Rs 8,10,51,184 ~ 8 Crore+","Rs 5,58,93,427 ~ 5 Crore+"
1769,3857,Mahendran. M,https://www.myneta.info/TamilNadu2026/candidate.php?candidate_id=3857,SATTUR,IND,0,Post Graduate,"Rs 10,44,154 ~ 10 Lacs+",Rs 0 ~
1770,1511,Mahesh Kumar,https://www.myneta.info/TamilNadu2026/candidate.php?candidate_id=1511,ALANDUR,IND,0,12th Pass,https://myneta.info/image_v2.php?myneta_folder=TamilNadu2026&candidate_id=1511&col=ta,https://myneta.info/image_v2.php?myneta_folder=TamilNadu2026&candidate_id=1511&col=lia
1771,1131,Mahesh.R,https://www.myneta.info/TamilNadu2026/candidate.php?candidate_id=1131,KANNIYAKUMARI,DMK,0,Graduate Professional,"Rs 3,82,95,992 ~ 3 Crore+","Rs 33,40,950 ~ 33 Lacs+"
1772,2117,Maheshkumar N,https://www.myneta.info/TamilNadu2026/candidate.php?candidate_id=2117,TIRUCHENGODU,IND,0,12th Pass,Rs 15 ~,"Rs 8,644 ~ 8 Thou+"
1773,3858,Maheshkumar. M,https://www.myneta.info/TamilNadu2026/candidate.php?candidate_id=3858,SATTUR,IND,0,Graduate,https://myneta.info/image_v2.php?myneta_folder=TamilNadu2026&candidate_id=3858&col=ta,https://myneta.info/image_v2.php?myneta_folder=TamilNadu2026&candidate_id=3858&col=lia
1774,1864,Maheswari. R,https://www.myneta.info/TamilNadu2026/candidate.php?candidate_id=1864,TIRUVANNAMALAI,IND,0,12th Pass,"Rs 1,62,70,000 ~ 1 Crore+","Rs 26,00,000 ~ 26 Lacs+"
1775,2291,Maheswari.J,https://www.myneta.info/TamilNadu2026/candidate.php?candidate_id=2291,UTHIRAMERUR,IND,0,Others,"Rs 30,000 ~ 30 Thou+",Rs 0 ~
1776,4113,Mailvaganan. B,https://www.myneta.info/TamilNadu2026/candidate.php?candidate_id=4113,KARUR,IND,0,Post Graduate,https://myneta.info/image_v2.php?myneta_folder=TamilNadu2026&candidate_id=4113&col=ta,https://myneta.info/image_v2.php?myneta_folder=TamilNadu2026&candidate_id=4113&col=lia
1777,506,Malai Alagu.M,https://www.myneta.info/TamilNadu2026/candidate.php?candidate_id=506,TIRUCHULI,IND,0,Graduate,"Rs 5,75,000 ~ 5 Lacs+",Rs 0 ~
1778,626,Malarmannan.M,https://www.myneta.info/TamilNadu2026/candidate.php?candidate_id=626,MUSIRI,Samaniya Makkal Nala Katchi,0,12th Pass,"Rs 8,26,800 ~ 8 Lacs+",Rs 0 ~
1779,3474,Malarvizhi,https://www.myneta.info/TamilNadu2026/candidate.php?candidate_id=3474,GOBICHETTIPALAYAM,Party for the Rights of Other backward Classes,0,Post Graduate,https://myneta.info/image_v2.php?myneta_folder=TamilNadu2026&candidate_id=3474&col=ta,https://myneta.info/image_v2.php?myneta_folder=TamilNadu2026&candidate_id=3474&col=lia
1780,982,Malarvizhi. B,https://www.myneta.info/TamilNadu2026/candidate.php?candidate_id=982,MUDUKULATHUR,Tamilaga Vettri Kazhagam,5,8th Pass,"Rs 1,12,82,589 ~ 1 Crore+","Rs 18,94,293 ~ 18 Lacs+"
1781,1737,Malarvizhi. G,https://www.myneta.info/TamilNadu2026/candidate.php?candidate_id=1737,TIRUPPUR (SOUTH),Indhu Dravida Makkal Katchi,0,Others,"Rs 25,64,301 ~ 25 Lacs+","Rs 16,54,000 ~ 16 Lacs+"
1782,2587,Malathi K,https://www.myneta.info/TamilNadu2026/candidate.php?candidate_id=2587,KALLAKURICHI (SC),IND,0,10th Pass,https://myneta.info/image_v2.php?myneta_folder=TamilNadu2026&candidate_id=2587&col=ta,https://myneta.info/image_v2.php?myneta_folder=TamilNadu2026&candidate_id=2587&col=lia
1783,922,Malathi K,https://www.myneta.info/TamilNadu2026/candidate.php?candidate_id=922,KALLAKURICHI (SC),Viduthalai Chiruthaigal Katchi,0,Doctorate,"Rs 6,50,21,551 ~ 6 Crore+","Rs 65,76,971 ~ 65 Lacs+"
1784,2731,Malathi.A,https://www.myneta.info/TamilNadu2026/candidate.php?candidate_id=2731,SIRKAZHI (SC),All India Puratchi Thalaivar Makkal Munnettra Kazhagam,0,Illiterate,"Rs 74,67,335 ~ 74 Lacs+","Rs 3,80,000 ~ 3 Lacs+"
1785,2805,Malathi.S,https://www.myneta.info/TamilNadu2026/candidate.php?candidate_id=2805,PONNERI (SC),Tamizhaga Murpokku Makkal Katchi,0,12th Pass,https://myneta.info/image_v2.php?myneta_folder=TamilNadu2026&candidate_id=2805&col=ta,https://myneta.info/image_v2.php?myneta_folder=TamilNadu2026&candidate_id=2805&col=lia
1786,1850,Malli. S,https://www.myneta.info/TamilNadu2026/candidate.php?candidate_id=1850,TIRUVANNAMALAI,Tamizhaga Vaazhvurimai Katchi,0,10th Pass,"Rs 6,20,000 ~ 6 Lacs+",Rs 0 ~
1787,3552,Malliga.M,https://www.myneta.info/TamilNadu2026/candidate.php?candidate_id=3552,KAVUNDAMPALAYAM,All India Puratchi Thalaivar Makkal Munnettra Kazhagam,0,Post Graduate,"Rs 6,25,013 ~ 6 Lacs+",Rs 0 ~
1788,4035,Mallika. A,https://www.myneta.info/TamilNadu2026/candidate.php?candidate_id=4035,TIRUPPATHUR,IND,0,5th Pass,https://myneta.info/image_v2.php?myneta_folder=TamilNadu2026&candidate_id=4035&col=ta,https://myneta.info/image_v2.php?myneta_folder=TamilNadu2026&candidate_id=4035&col=lia
1789,3123,Manavai Kannan. M,https://www.myneta.info/TamilNadu2026/candidate.php?candidate_id=3123,KANNIYAKUMARI,CPI(ML) Red Star,8,10th Pass,"Rs 3,53,33,108 ~ 3 Crore+","Rs 1,56,291 ~ 1 Lacs+"
1790,2867,Manavalan A,https://www.myneta.info/TamilNadu2026/candidate.php?candidate_id=2867,MAILAM,Anna MGR Dravida Makkal Kalgam,0,12th Pass,"Rs 60,000 ~ 60 Thou+",Rs 0 ~
1791,2279,Maneeshankar. M.G.,https://www.myneta.info/TamilNadu2026/candidate.php?candidate_id=2279,VEDASANDUR,IND,0,Others,https://myneta.info/image_v2.php?myneta_folder=TamilNadu2026&candidate_id=2279&col=ta,https://myneta.info/image_v2.php?myneta_folder=TamilNadu2026&candidate_id=2279&col=lia
1792,3593,Mangammal,https://www.myneta.info/TamilNadu2026/candidate.php?candidate_id=3593,KRISHNAGIRI,Tamilar Makkal Katchi,0,Illiterate,"Rs 20,500 ~ 20 Thou+",Rs 0 ~
1793,1363,Mangudi. S,https://www.myneta.info/TamilNadu2026/candidate.php?candidate_id=1363,KARAIKUDI,INC,1,Graduate,"Rs 9,91,71,137 ~ 9 Crore+","Rs 3,33,03,465 ~ 3 Crore+"
1794,496,Mani G,https://www.myneta.info/TamilNadu2026/candidate.php?candidate_id=496,SANKARAPURAM,IND,1,Others,https://myneta.info/image_v2.php?myneta_folder=TamilNadu2026&candidate_id=496&col=ta,https://myneta.info/image_v2.php?myneta_folder=TamilNadu2026&candidate_id=496&col=lia
1795,793,Mani Gounder,https://www.myneta.info/TamilNadu2026/candidate.php?candidate_id=793,KANGAYAM,Tamilaga Vettri Kazhagam,0,12th Pass,"Rs 16,81,46,426 ~ 16 Crore+","Rs 19,11,736 ~ 19 Lacs+"
1796,3423,Mani. K,https://www.myneta.info/TamilNadu2026/candidate.php?candidate_id=3423,BARGUR,All India Youth Development Party,0,Others,"Rs 1,31,212 ~ 1 Lacs+",Rs 0 ~
1797,867,Mani. M,https://www.myneta.info/TamilNadu2026/candidate.php?candidate_id=867,VELACHERY,Veerath Thiyagi Viswanathadoss Thozhilalarkal Katchi,0,Graduate,https://myneta.info/image_v2.php?myneta_folder=TamilNadu2026&candidate_id=867&col=ta,https://myneta.info/image_v2.php?myneta_folder=TamilNadu2026&candidate_id=867&col=lia
1798,1099,Mani. R,https://www.myneta.info/TamilNadu2026/candidate.php?candidate_id=1099,OMALUR,AIADMK,3,Graduate Professional,"Rs 6,87,50,260 ~ 6 Crore+","Rs 12,39,708 ~ 12 Lacs+"
1799,2754,Mani. V,https://www.myneta.info/TamilNadu2026/candidate.php?candidate_id=2754,OMALUR,IND,0,5th Pass,"Rs 10,000 ~ 10 Thou+",Rs 0 ~
1800,970,Manian. O.S,https://www.myneta.info/TamilNadu2026/candidate.php?candidate_id=970,VEDHARANYAM,AIADMK,0,12th Pass,https://myneta.info/image_v2.php?myneta_folder=TamilNadu2026&candidate_id=970&col=ta,https://myneta.info/image_v2.php?myneta_folder=TamilNadu2026&candidate_id=970&col=lia
1801,2787,Manian.R,https://www.myneta.info/TamilNadu2026/candidate.php?candidate_id=2787,UDHAGAMANDALAM,IND,4,10th Pass,"Rs 30,88,500 ~ 30 Lacs+","Rs 4,66,000 ~ 4 Lacs+"
1802,1570,Manickam. K.,https://www.myneta.info/TamilNadu2026/candidate.php?candidate_id=1570,ATTUR (SC),IND,0,Doctorate,"Rs 1,37,94,296 ~ 1 Crore+","Rs 2,80,000 ~ 2 Lacs+"
1803,2708,Manickavel. R,https://www.myneta.info/TamilNadu2026/candidate.php?candidate_id=2708,KRISHNARAYAPURAM (SC),IND,0,Graduate Professional,https://myneta.info/image_v2.php?myneta_folder=TamilNadu2026&candidate_id=2708&col=ta,https://myneta.info/image_v2.php?myneta_folder=TamilNadu2026&candidate_id=2708&col=lia
1804,4111,Manikandan,https://www.myneta.info/TamilNadu2026/candidate.php?candidate_id=4111,KARUR,IND,0,Graduate Professional,"Rs 28,45,800 ~ 28 Lacs+","Rs 5,00,000 ~ 5 Lacs+"
1805,3172,Manikandan C,https://www.myneta.info/TamilNadu2026/candidate.php?candidate_id=3172,RASIPURAM(SC),IND,0,Post Graduate,"Rs 40,89,526 ~ 40 Lacs+","Rs 3,78,740 ~ 3 Lacs+"
1806,2928,Manikandan C,https://www.myneta.info/TamilNadu2026/candidate.php?candidate_id=2928,RISHIVANDIYAM,IND,0,12th Pass,https://myneta.info/image_v2.php?myneta_folder=TamilNadu2026&candidate_id=2928&col=ta,https://myneta.info/image_v2.php?myneta_folder=TamilNadu2026&candidate_id=2928&col=lia
1807,3924,Manikandan N,https://www.myneta.info/TamilNadu2026/candidate.php?candidate_id=3924,THIYAGARAYANAGAR,IND,0,Graduate,"Rs 2,72,45,500 ~ 2 Crore+","Rs 70,48,296 ~ 70 Lacs+"
1808,3845,Manikandan P,https://www.myneta.info/TamilNadu2026/candidate.php?candidate_id=3845,SANKARAPURAM,IND,0,Graduate,"Rs 10,00,270 ~ 10 Lacs+",Rs 0 ~
1809,2912,Manikandan P,https://www.myneta.info/TamilNadu2026/candidate.php?candidate_id=2912,ULUNDURPETTAI,IND,0,Post Graduate,https://myneta.info/image_v2.php?myneta_folder=TamilNadu2026&candidate_id=2912&col=ta,https://myneta.info/image_v2.php?myneta_folder=TamilNadu2026&candidate_id=2912&col=lia
1810,3708,Manikandan R,https://www.myneta.info/TamilNadu2026/candidate.php?candidate_id=3708,NAMAKKAL,IND,0,Literate,"Rs 9,14,000 ~ 9 Lacs+",Rs 0 ~
1811,3923,Manikandan T,https://www.myneta.info/TamilNadu2026/candidate.php?candidate_id=3923,THIYAGARAYANAGAR,IND,0,8th Pass,"Rs 1,00,000 ~ 1 Lacs+",Rs 0 ~
1812,320,Manikandan T,https://www.myneta.info/TamilNadu2026/candidate.php?candidate_id=320,ARAVAKURICHI,IND,0,Graduate Professional,https://myneta.info/image_v2.php?myneta_folder=TamilNadu2026&candidate_id=320&col=ta,https://myneta.info/image_v2.php?myneta_folder=TamilNadu2026&candidate_id=320&col=lia
1813,3742,Manikandan V,https://www.myneta.info/TamilNadu2026/candidate.php?candidate_id=3742,NATHAM,IND,0,10th Pass,"Rs 1,72,426 ~ 1 Lacs+","Rs 1,60,000 ~ 1 Lacs+"
1814,2131,Manikandan. D,https://www.myneta.info/TamilNadu2026/candidate.php?candidate_id=2131,SANKARI,IND,0,Graduate,"Rs 4,22,796 ~ 4 Lacs+","Rs 17,000 ~ 17 Thou+"
1815,386,Manikandan. K,https://www.myneta.info/TamilNadu2026/candidate.php?candidate_id=386,KALASAPAKKAM,IND,0,Graduate Professional,https://myneta.info/image_v2.php?myneta_folder=TamilNadu2026&candidate_id=386&col=ta,https://myneta.info/image_v2.php?myneta_folder=TamilNadu2026&candidate_id=386&col=lia
1816,237,Manikandan. M,https://www.myneta.info/TamilNadu2026/candidate.php?candidate_id=237,PANRUTI,Tamilaga Vettri Kazhagam,0,Graduate Professional,"Rs 1,89,10,899 ~ 1 Crore+","Rs 42,76,327 ~ 42 Lacs+"
1817,1341,Manikandan. M,https://www.myneta.info/TamilNadu2026/candidate.php?candidate_id=1341,SANKARI,DMK,0,8th Pass,"Rs 1,29,67,799 ~ 1 Crore+","Rs 4,04,00,792 ~ 4 Crore+"
1818,4003,Manikandan. M,https://www.myneta.info/TamilNadu2026/candidate.php?candidate_id=4003,VIRALIMALAI,IND,0,Graduate Professional,https://myneta.info/image_v2.php?myneta_folder=TamilNadu2026&candidate_id=4003&col=ta,https://myneta.info/image_v2.php?myneta_folder=TamilNadu2026&candidate_id=4003&col=lia
1819,1568,Manikandan. M.,https://www.myneta.info/TamilNadu2026/candidate.php?candidate_id=1568,ATTUR (SC),IND,0,Graduate,"Rs 70,236 ~ 70 Thou+",Rs 0 ~
1820,2132,Manikandan. P,https://www.myneta.info/TamilNadu2026/candidate.php?candidate_id=2132,SANKARI,IND,0,8th Pass,"Rs 4,17,502 ~ 4 Lacs+",Rs 0 ~
1821,1829,Manikandan. R,https://www.myneta.info/TamilNadu2026/candidate.php?candidate_id=1829,POLUR,Aanaithinthiya Jananayaka Pathukappu Kazhagam,0,Others,https://myneta.info/image_v2.php?myneta_folder=TamilNadu2026&candidate_id=1829&col=ta,https://myneta.info/image_v2.php?myneta_folder=TamilNadu2026&candidate_id=1829&col=lia
1822,3443,Manikandan. S.,https://www.myneta.info/TamilNadu2026/candidate.php?candidate_id=3443,DHARMAPURI,Vishwa Tamil Kazhagam,0,Graduate,"Rs 69,29,100 ~ 69 Lacs+","Rs 45,00,000 ~ 45 Lacs+"
1823,620,Manikandan.A.I,https://www.myneta.info/TamilNadu2026/candidate.php?candidate_id=620,RADHAPURAM,IND,0,8th Pass,"Rs 29,53,030 ~ 29 Lacs+",Rs 0 ~
1824,2030,Manikandan.H,https://www.myneta.info/TamilNadu2026/candidate.php?candidate_id=2030,DR.RADHAKRISHNAN NAGAR,IND,0,Others,https://myneta.info/image_v2.php?myneta_folder=TamilNadu2026&candidate_id=2030&col=ta,https://myneta.info/image_v2.php?myneta_folder=TamilNadu2026&candidate_id=2030&col=lia
1825,3809,Manikandan.L,https://www.myneta.info/TamilNadu2026/candidate.php?candidate_id=3809,RADHAPURAM,IND,0,Others,"Rs 30,86,000 ~ 30 Lacs+",Rs 0 ~
1826,3807,Manikandan.S,https://www.myneta.info/TamilNadu2026/candidate.php?candidate_id=3807,RADHAPURAM,IND,0,Others,"Rs 14,43,500 ~ 14 Lacs+","Rs 85,000 ~ 85 Thou+"
1827,2278,Manikandaprabhu. N C,https://www.myneta.info/TamilNadu2026/candidate.php?candidate_id=2278,VEDASANDUR,IND,0,Post Graduate,https://myneta.info/image_v2.php?myneta_folder=TamilNadu2026&candidate_id=2278&col=ta,https://myneta.info/image_v2.php?myneta_folder=TamilNadu2026&candidate_id=2278&col=lia
1828,3754,Manikannan. A,https://www.myneta.info/TamilNadu2026/candidate.php?candidate_id=3754,ODDANCHATRAM,IND,0,Graduate,"Rs 22,05,000 ~ 22 Lacs+",Rs 0 ~
1829,3115,Manikkam. P,https://www.myneta.info/TamilNadu2026/candidate.php?candidate_id=3115,BHAVANI,IND,0,8th Pass,"Rs 80,000 ~ 80 Thou+",Rs 0 ~
1830,3500,Manila. S,https://www.myneta.info/TamilNadu2026/candidate.php?candidate_id=3500,HARUR (SC),Tamizhaga Vaazhvurimai Katchi,1,10th Pass,https://myneta.info/image_v2.php?myneta_folder=TamilNadu2026&candidate_id=3500&col=ta,https://myneta.info/image_v2.php?myneta_folder=TamilNadu2026&candidate_id=3500&col=lia
1831,3067,Manimala R,https://www.myneta.info/TamilNadu2026/candidate.php?candidate_id=3067,KURINJIPADI,IND,0,5th Pass,"Rs 2,35,000 ~ 2 Lacs+","Rs 3,00,000 ~ 3 Lacs+"
1832,3152,Manimaran,https://www.myneta.info/TamilNadu2026/candidate.php?candidate_id=3152,MAYILADUTHURAI,Veerath Thiyagi Viswanathadoss Thozhilalarkal Katchi,0,Others,"Rs 54,55,000 ~ 54 Lacs+",Rs 0 ~
1833,1458,Manimaran P,https://www.myneta.info/TamilNadu2026/candidate.php?candidate_id=1458,VILLIVAKKAM,IND,0,5th Pass,https://myneta.info/image_v2.php?myneta_folder=TamilNadu2026&candidate_id=1458&col=ta,https://myneta.info/image_v2.php?myneta_folder=TamilNadu2026&candidate_id=1458&col=lia
1834,1569,Manimaran. A.,https://www.myneta.info/TamilNadu2026/candidate.php?candidate_id=1569,ATTUR (SC),IND,0,8th Pass,"Rs 27,59,105 ~ 27 Lacs+","Rs 2,21,820 ~ 2 Lacs+"
1835,2258,Manimaran. D,https://www.myneta.info/TamilNadu2026/candidate.php?candidate_id=2258,CHIDAMBARAM,IND,0,12th Pass,"Rs 3,32,000 ~ 3 Lacs+",Rs 0 ~
1836,14,Manimaran. G,https://www.myneta.info/TamilNadu2026/candidate.php?candidate_id=14,ARUPPUKOTTAI,Naam Tamilar Katchi,0,Others,https://myneta.info/image_v2.php?myneta_folder=TamilNadu2026&candidate_id=14&col=ta,https://myneta.info/image_v2.php?myneta_folder=TamilNadu2026&candidate_id=14&col=lia
1837,1796,Manimaran. R,https://www.myneta.info/TamilNadu2026/candidate.php?candidate_id=1796,KARAIKUDI,IND,0,8th Pass,"Rs 1,71,886 ~ 1 Lacs+","Rs 3,66,066 ~ 3 Lacs+"
1838,760,Manimaran.M,https://www.myneta.info/TamilNadu2026/candidate.php?candidate_id=760,THIRUMANGALAM,DMK,1,5th Pass,"Rs 3,73,07,349 ~ 3 Crore+","Rs 39,42,926 ~ 39 Lacs+"
1839,3063,Manimaran.P,https://www.myneta.info/TamilNadu2026/candidate.php?candidate_id=3063,NEYVELI,IND,0,8th Pass,https://myneta.info/image_v2.php?myneta_folder=TamilNadu2026&candidate_id=3063&col=ta,https://myneta.info/image_v2.php?myneta_folder=TamilNadu2026&candidate_id=3063&col=lia
1840,2717,Manivannan,https://www.myneta.info/TamilNadu2026/candidate.php?candidate_id=2717,MADURAI CENTRAL,IND,0,Graduate,"Rs 57,88,571 ~ 57 Lacs+",Rs 0 ~
1841,2376,Manivannan. S,https://www.myneta.info/TamilNadu2026/candidate.php?candidate_id=2376,SALEM (NORTH),IND,0,Others,"Rs 5,07,000 ~ 5 Lacs+","Rs 6,42,000 ~ 6 Lacs+"
1842,3773,Manivannan. S.,https://www.myneta.info/TamilNadu2026/candidate.php?candidate_id=3773,PENNAGARAM,IND,0,Post Graduate,https://myneta.info/image_v2.php?myneta_folder=TamilNadu2026&candidate_id=3773&col=ta,https://myneta.info/image_v2.php?myneta_folder=TamilNadu2026&candidate_id=3773&col=lia
1843,3859,Manivasagam.S,https://www.myneta.info/TamilNadu2026/candidate.php?candidate_id=3859,SATTUR,IND,0,Graduate,"Rs 30,00,000 ~ 30 Lacs+",Rs 0 ~
1844,2958,Manjunath.K,https://www.myneta.info/TamilNadu2026/candidate.php?candidate_id=2958,VANIYAMBADI,IND,0,Post Graduate,"Rs 17,05,000 ~ 17 Lacs+","Rs 10,23,000 ~ 10 Lacs+"
1845,627,Manmathan. M,https://www.myneta.info/TamilNadu2026/candidate.php?candidate_id=627,RAJAPALAYAM,IND,0,8th Pass,https://myneta.info/image_v2.php?myneta_folder=TamilNadu2026&candidate_id=627&col=ta,https://myneta.info/image_v2.php?myneta_folder=TamilNadu2026&candidate_id=627&col=lia
1846,2211,Manohar.C,https://www.myneta.info/TamilNadu2026/candidate.php?candidate_id=2211,SALEM (WEST),IND,0,10th Pass,"Rs 1,08,06,096 ~ 1 Crore+",Rs 0 ~
1847,2659,Manoharan,https://www.myneta.info/TamilNadu2026/candidate.php?candidate_id=2659,METTUPALAYAM,IND,0,5th Pass,"Rs 60,000 ~ 60 Thou+",Rs 0 ~
1848,3774,Manoharan. K. A.,https://www.myneta.info/TamilNadu2026/candidate.php?candidate_id=3774,PENNAGARAM,IND,0,10th Pass,https://myneta.info/image_v2.php?myneta_folder=TamilNadu2026&candidate_id=3774&col=ta,https://myneta.info/image_v2.php?myneta_folder=TamilNadu2026&candidate_id=3774&col=lia
1849,524,Manoharan.K.A,https://www.myneta.info/TamilNadu2026/candidate.php?candidate_id=524,VEPPANAHALLI,IND,0,10th Pass,"Rs 24,00,000 ~ 24 Lacs+",Rs 0 ~
1850,2722,Manoj Kumar R,https://www.myneta.info/TamilNadu2026/candidate.php?candidate_id=2722,MADURAI WEST,IND,0,Graduate,"Rs 2,65,000 ~ 2 Lacs+","Rs 8,00,000 ~ 8 Lacs+"
1851,4114,Manoj. P,https://www.myneta.info/TamilNadu2026/candidate.php?candidate_id=4114,KARUR,IND,0,10th Pass,https://myneta.info/image_v2.php?myneta_folder=TamilNadu2026&candidate_id=4114&col=ta,https://myneta.info/image_v2.php?myneta_folder=TamilNadu2026&candidate_id=4114&col=lia
1852,2959,Manoj.S,https://www.myneta.info/TamilNadu2026/candidate.php?candidate_id=2959,VANIYAMBADI,IND,0,Graduate Professional,"Rs 52,25,000 ~ 52 Lacs+","Rs 29,10,728 ~ 29 Lacs+"
1853,1630,Manojkumar M,https://www.myneta.info/TamilNadu2026/candidate.php?candidate_id=1630,PARAMATHIVELUR,IND,0,Post Graduate,"Rs 1,75,340 ~ 1 Lacs+",Rs 0 ~
1854,2755,Manokaran. A,https://www.myneta.info/TamilNadu2026/candidate.php?candidate_id=2755,OMALUR,IND,0,10th Pass,https://myneta.info/image_v2.php?myneta_folder=TamilNadu2026&candidate_id=2755&col=ta,https://myneta.info/image_v2.php?myneta_folder=TamilNadu2026&candidate_id=2755&col=lia
1855,2099,Manokaran.K,https://www.myneta.info/TamilNadu2026/candidate.php?candidate_id=2099,THONDAMUTHUR,IND,0,5th Pass,"Rs 26,000 ~ 26 Thou+",Rs 0 ~
1856,365,Mansoor Alikhan,https://www.myneta.info/TamilNadu2026/candidate.php?candidate_id=365,LALGUDI,IND,0,8th Pass,"Rs 3,55,62,647 ~ 3 Crore+",Rs 0 ~
1857,848,Maragatham Kumaravel.K,https://www.myneta.info/TamilNadu2026/candidate.php?candidate_id=848,MADURANTAKAM (SC),AIADMK,0,Post Graduate,https://myneta.info/image_v2.php?myneta_folder=TamilNadu2026&candidate_id=848&col=ta,https://myneta.info/image_v2.php?myneta_folder=TamilNadu2026&candidate_id=848&col=lia
1858,1212,Maragatham Vetrivel,https://www.myneta.info/TamilNadu2026/candidate.php?candidate_id=1212,PAPPIREDDIPATTI,AIADMK,0,12th Pass,"Rs 24,19,99,410 ~ 24 Crore+","Rs 3,25,42,022 ~ 3 Crore+"
1859,205,Maram Masilamani.B.S,https://www.myneta.info/TamilNadu2026/candidate.php?candidate_id=205,UTHIRAMERUR,Naam Tamilar Katchi,1,Post Graduate,"Rs 74,84,500 ~ 74 Lacs+","Rs 1,18,34,000 ~ 1 Crore+"
1860,3743,Maria Arockiam S,https://www.myneta.info/TamilNadu2026/candidate.php?candidate_id=3743,NATHAM,IND,1,5th Pass,https://myneta.info/image_v2.php?myneta_folder=TamilNadu2026&candidate_id=3743&col=ta,https://myneta.info/image_v2.php?myneta_folder=TamilNadu2026&candidate_id=3743&col=lia
1861,56,Maria Jennifer,https://www.myneta.info/TamilNadu2026/candidate.php?candidate_id=56,KANNIYAKUMARI,Naam Tamilar Katchi,0,Post Graduate,"Rs 7,10,95,100 ~ 7 Crore+","Rs 2,37,26,527 ~ 2 Crore+"
1862,1065,Maria John,https://www.myneta.info/TamilNadu2026/candidate.php?candidate_id=1065,PALAYAMKOTTAI,Tamilaga Vettri Kazhagam,2,8th Pass,"Rs 1,09,87,55,068 ~ 109 Crore+","Rs 9,85,55,671 ~ 9 Crore+"
1863,221,Maria Stella,https://www.myneta.info/TamilNadu2026/candidate.php?candidate_id=221,VILAVANCODE,Naam Tamilar Katchi,1,Post Graduate,https://myneta.info/image_v2.php?myneta_folder=TamilNadu2026&candidate_id=221&col=ta,https://myneta.info/image_v2.php?myneta_folder=TamilNadu2026&candidate_id=221&col=lia
1864,4115,Mariammal. P.M,https://www.myneta.info/TamilNadu2026/candidate.php?candidate_id=4115,KARUR,IND,0,Graduate Professional,"Rs 5,43,800 ~ 5 Lacs+",Rs 0 ~
1865,787,Marikannu. C,https://www.myneta.info/TamilNadu2026/candidate.php?candidate_id=787,HARUR (SC),Republican Party of India (Athawale),0,Illiterate,"Rs 15,500 ~ 15 Thou+",Rs 0 ~
1866,2929,Marikkannu A,https://www.myneta.info/TamilNadu2026/candidate.php?candidate_id=2929,RISHIVANDIYAM,IND,0,Illiterate,https://myneta.info/image_v2.php?myneta_folder=TamilNadu2026&candidate_id=2929&col=ta,https://myneta.info/image_v2.php?myneta_folder=TamilNadu2026&candidate_id=2929&col=lia
1867,1865,Marikkannu. E,https://www.myneta.info/TamilNadu2026/candidate.php?candidate_id=1865,TIRUVANNAMALAI,IND,0,Graduate Professional,"Rs 1,30,000 ~ 1 Lacs+",Rs 0 ~
1868,3180,Marimuthu K,https://www.myneta.info/TamilNadu2026/candidate.php?candidate_id=3180,SIVAGANGA,BSP,0,12th Pass,"Rs 3,21,000 ~ 3 Lacs+",Rs 0 ~
1869,2743,Marimuthu. S,https://www.myneta.info/TamilNadu2026/candidate.php?candidate_id=2743,GANGAVALLI (SC),Puthiya Tamilagam,0,8th Pass,https://myneta.info/image_v2.php?myneta_folder=TamilNadu2026&candidate_id=2743&col=ta,https://myneta.info/image_v2.php?myneta_folder=TamilNadu2026&candidate_id=2743&col=lia
1870,4036,Marimuthu. S,https://www.myneta.info/TamilNadu2026/candidate.php?candidate_id=4036,TIRUPPATHUR,IND,0,5th Pass,"Rs 31,81,021 ~ 31 Lacs+",Rs 0 ~
1871,2280,Marimuthu. S,https://www.myneta.info/TamilNadu2026/candidate.php?candidate_id=2280,VEDASANDUR,IND,0,Others,"Rs 11,02,780 ~ 11 Lacs+",Rs 0 ~
1872,2474,Marimuthu.A.V.M,https://www.myneta.info/TamilNadu2026/candidate.php?candidate_id=2474,MANNARGUDI,IND,1,5th Pass,https://myneta.info/image_v2.php?myneta_folder=TamilNadu2026&candidate_id=2474&col=ta,https://myneta.info/image_v2.php?myneta_folder=TamilNadu2026&candidate_id=2474&col=lia
1873,736,Marimuthu.K,https://www.myneta.info/TamilNadu2026/candidate.php?candidate_id=736,THIRUTHURAIPOONDI (SC),CPI,0,Graduate,"Rs 7,16,326 ~ 7 Lacs+","Rs 1,20,000 ~ 1 Lacs+"
1874,3943,Marimuthu.M,https://www.myneta.info/TamilNadu2026/candidate.php?candidate_id=3943,TIRUCHULI,IND,0,5th Pass,"Rs 16,62,800 ~ 16 Lacs+",Rs 0 ~
1875,1490,Marisamy V.,https://www.myneta.info/TamilNadu2026/candidate.php?candidate_id=1490,PERIYAKULAM (SC),Puthiya Tamilagam,1,8th Pass,https://myneta.info/image_v2.php?myneta_folder=TamilNadu2026&candidate_id=1490&col=ta,https://myneta.info/image_v2.php?myneta_folder=TamilNadu2026&candidate_id=1490&col=lia
1876,3323,Marivel. K,https://www.myneta.info/TamilNadu2026/candidate.php?candidate_id=3323,ARUPPUKOTTAI,IND,0,12th Pass,"Rs 49,01,000 ~ 49 Lacs+","Rs 3,00,000 ~ 3 Lacs+"
1877,529,Mariya Francis.S,https://www.myneta.info/TamilNadu2026/candidate.php?candidate_id=529,HOSUR,IND,0,Post Graduate,"Rs 19,48,000 ~ 19 Lacs+","Rs 4,50,000 ~ 4 Lacs+"
1878,2085,Mariyappan R,https://www.myneta.info/TamilNadu2026/candidate.php?candidate_id=2085,KINATHUKADAVU,Ganasangam Party of India,0,Illiterate,https://myneta.info/image_v2.php?myneta_folder=TamilNadu2026&candidate_id=2085&col=ta,https://myneta.info/image_v2.php?myneta_folder=TamilNadu2026&candidate_id=2085&col=lia
1879,1049,Markandayan G V,https://www.myneta.info/TamilNadu2026/candidate.php?candidate_id=1049,VILATHIKULAM,DMK,1,Graduate Professional,"Rs 13,16,23,311 ~ 13 Crore+","Rs 1,38,00,000 ~ 1 Crore+"
1880,3944,Marnadu.M,https://www.myneta.info/TamilNadu2026/candidate.php?candidate_id=3944,TIRUCHULI,IND,0,8th Pass,"Rs 16,27,763 ~ 16 Lacs+","Rs 3,25,000 ~ 3 Lacs+"
1881,1733,Maruthu Pandian P.,https://www.myneta.info/TamilNadu2026/candidate.php?candidate_id=1733,THOOTHUKUDI,IND,0,Graduate,https://myneta.info/image_v2.php?myneta_folder=TamilNadu2026&candidate_id=1733&col=ta,https://myneta.info/image_v2.php?myneta_folder=TamilNadu2026&candidate_id=1733&col=lia
1882,3508,Masood.S,https://www.myneta.info/TamilNadu2026/candidate.php?candidate_id=3508,HOSUR,IND,0,Post Graduate,"Rs 1,14,44,800 ~ 1 Crore+","Rs 30,47,000 ~ 30 Lacs+"
1883,1012,Mathan C,https://www.myneta.info/TamilNadu2026/candidate.php?candidate_id=1012,PATTUKKOTTAI,Tamilaga Vettri Kazhagam,0,10th Pass,"Rs 39,91,371 ~ 39 Lacs+","Rs 4,47,000 ~ 4 Lacs+"
1884,4112,Mathanraj. P,https://www.myneta.info/TamilNadu2026/candidate.php?candidate_id=4112,KARUR,IND,0,Graduate Professional,https://myneta.info/image_v2.php?myneta_folder=TamilNadu2026&candidate_id=4112&col=ta,https://myneta.info/image_v2.php?myneta_folder=TamilNadu2026&candidate_id=4112&col=lia
1885,671,Mathesh. R,https://www.myneta.info/TamilNadu2026/candidate.php?candidate_id=671,BARGUR,IND,0,10th Pass,"Rs 5,10,000 ~ 5 Lacs+",Rs 0 ~
1886,3702,Matheswaran C,https://www.myneta.info/TamilNadu2026/candidate.php?candidate_id=3702,NAMAKKAL,Puthiya Tamilagam,0,5th Pass,"Rs 17,14,920 ~ 17 Lacs+","Rs 1,56,000 ~ 1 Lacs+"
1887,1016,Mathi. Manikandan,https://www.myneta.info/TamilNadu2026/candidate.php?candidate_id=1016,THIRUVAIYARU,Tamilaga Vettri Kazhagam,1,Graduate Professional,https://myneta.info/image_v2.php?myneta_folder=TamilNadu2026&candidate_id=1016&col=ta,https://myneta.info/image_v2.php?myneta_folder=TamilNadu2026&candidate_id=1016&col=lia
1888,395,Mathiventhan M Dr,https://www.myneta.info/TamilNadu2026/candidate.php?candidate_id=395,RASIPURAM(SC),DMK,0,Post Graduate,"Rs 5,65,09,435 ~ 5 Crore+","Rs 1,77,21,211 ~ 1 Crore+"
1889,1892,Mathiyalagan P,https://www.myneta.info/TamilNadu2026/candidate.php?candidate_id=1892,ARAVAKURICHI,IND,0,Graduate,"Rs 9,83,711 ~ 9 Lacs+","Rs 1,40,000 ~ 1 Lacs+"
1890,332,Mathiyalagan V.P,https://www.myneta.info/TamilNadu2026/candidate.php?candidate_id=332,KARUR,Tamilaga Vettri Kazhagam,1,8th Pass,https://myneta.info/image_v2.php?myneta_folder=TamilNadu2026&candidate_id=332&col=ta,https://myneta.info/image_v2.php?myneta_folder=TamilNadu2026&candidate_id=332&col=lia
1891,4004,Mathiyalagan. G,https://www.myneta.info/TamilNadu2026/candidate.php?candidate_id=4004,VIRALIMALAI,IND,0,12th Pass,"Rs 2,61,000 ~ 2 Lacs+",Rs 0 ~
1892,2737,Maya Venkatesan. M,https://www.myneta.info/TamilNadu2026/candidate.php?candidate_id=2737,POOMPUHAR,IND,12,8th Pass,"Rs 12,16,18,047 ~ 12 Crore+","Rs 71,49,846 ~ 71 Lacs+"
1893,1656,Mayakannan. N,https://www.myneta.info/TamilNadu2026/candidate.php?candidate_id=1656,SALEM (SOUTH),IND,0,10th Pass,https://myneta.info/image_v2.php?myneta_folder=TamilNadu2026&candidate_id=1656&col=ta,https://myneta.info/image_v2.php?myneta_folder=TamilNadu2026&candidate_id=1656&col=lia
1894,2756,Mayakkannan. R,https://www.myneta.info/TamilNadu2026/candidate.php?candidate_id=2756,OMALUR,IND,0,10th Pass,"Rs 52,100 ~ 52 Thou+",Rs 0 ~
1895,3860,Mayakkannan. V,https://www.myneta.info/TamilNadu2026/candidate.php?candidate_id=3860,SATTUR,IND,0,Graduate,"Rs 11,44,245 ~ 11 Lacs+","Rs 2,92,200 ~ 2 Lacs+"
1896,899,Mayakrishnan.K,https://www.myneta.info/TamilNadu2026/candidate.php?candidate_id=899,NEYVELI,Veerath Thiyagi Viswanathadoss Thozhilalarkal Katchi,0,5th Pass,https://myneta.info/image_v2.php?myneta_folder=TamilNadu2026&candidate_id=899&col=ta,https://myneta.info/image_v2.php?myneta_folder=TamilNadu2026&candidate_id=899&col=lia
1897,499,Mayilamparai Mari A,https://www.myneta.info/TamilNadu2026/candidate.php?candidate_id=499,SANKARAPURAM,IND,0,Illiterate,"Rs 23,00,000 ~ 23 Lacs+",Rs 0 ~
1898,2133,Mayilkumar. M,https://www.myneta.info/TamilNadu2026/candidate.php?candidate_id=2133,SANKARI,IND,0,Post Graduate,"Rs 22,11,127 ~ 22 Lacs+","Rs 2,15,000 ~ 2 Lacs+"
1899,2173,Meera Sahib,https://www.myneta.info/TamilNadu2026/candidate.php?candidate_id=2173,TIRUCHENDUR,IND,0,Post Graduate,https://myneta.info/image_v2.php?myneta_folder=TamilNadu2026&candidate_id=2173&col=ta,https://myneta.info/image_v2.php?myneta_folder=TamilNadu2026&candidate_id=2173&col=lia
1900,1937,Mekala,https://www.myneta.info/TamilNadu2026/candidate.php?candidate_id=1937,UTHANGARAI (SC),Naam Tamilar Katchi,0,Graduate Professional,"Rs 28,20,900 ~ 28 Lacs+","Rs 19,75,000 ~ 19 Lacs+"
1901,132,Mekala.J,https://www.myneta.info/TamilNadu2026/candidate.php?candidate_id=132,POONAMALLEE (SC),Naam Tamilar Katchi,0,Post Graduate,"Rs 72,66,000 ~ 72 Lacs+","Rs 1,71,172 ~ 1 Lacs+"
1902,18,Menaka. V,https://www.myneta.info/TamilNadu2026/candidate.php?candidate_id=18,AVANASHI (SC),Naam Tamilar Katchi,0,Graduate,https://myneta.info/image_v2.php?myneta_folder=TamilNadu2026&candidate_id=18&col=ta,https://myneta.info/image_v2.php?myneta_folder=TamilNadu2026&candidate_id=18&col=lia
1903,936,Michael Kumar K,https://www.myneta.info/TamilNadu2026/candidate.php?candidate_id=936,VILAVANCODE,Tamilaga Vettri Kazhagam,1,Post Graduate,"Rs 3,30,28,352 ~ 3 Crore+","Rs 1,53,21,144 ~ 1 Crore+"
1904,2456,Michaelraj. M. A,https://www.myneta.info/TamilNadu2026/candidate.php?candidate_id=2456,THIRUVOTTIYUR,IND,0,12th Pass,"Rs 2,63,99,644 ~ 2 Crore+","Rs 12,00,000 ~ 12 Lacs+"
1905,1098,Midhun Chakravarthy. M,https://www.myneta.info/TamilNadu2026/candidate.php?candidate_id=1098,METTUR,DMK,0,Graduate Professional,https://myneta.info/image_v2.php?myneta_folder=TamilNadu2026&candidate_id=1098&col=ta,https://myneta.info/image_v2.php?myneta_folder=TamilNadu2026&candidate_id=1098&col=lia
1906,3013,Milany. P,https://www.myneta.info/TamilNadu2026/candidate.php?candidate_id=3013,CHEPAUK-THIRUVALLIKENI,IND,6,Graduate Professional,"Rs 20,55,313 ~ 20 Lacs+","Rs 1,11,09,722 ~ 1 Crore+"
1907,447,Mirza Safder Ali,https://www.myneta.info/TamilNadu2026/candidate.php?candidate_id=447,CHEPAUK-THIRUVALLIKENI,IND,0,8th Pass,"Rs 13,32,030 ~ 13 Lacs+",Rs 0 ~
1908,4116,Mohamad Ismail. M,https://www.myneta.info/TamilNadu2026/candidate.php?candidate_id=4116,KARUR,IND,1,Graduate Professional,https://myneta.info/image_v2.php?myneta_folder=TamilNadu2026&candidate_id=4116&col=ta,https://myneta.info/image_v2.php?myneta_folder=TamilNadu2026&candidate_id=4116&col=lia
1909,3658,Mohamed Abubakkar Siddiq,https://www.myneta.info/TamilNadu2026/candidate.php?candidate_id=3658,LALGUDI,IND,0,8th Pass,"Rs 19,500 ~ 19 Thou+",Rs 0 ~
1910,3266,Mohamed Ali Jinna M,https://www.myneta.info/TamilNadu2026/candidate.php?candidate_id=3266,VILLUPURAM,IND,0,10th Pass,"Rs 1,86,000 ~ 1 Lacs+",Rs 0 ~
1911,3014,Mohamed Dharik. I,https://www.myneta.info/TamilNadu2026/candidate.php?candidate_id=3014,CHEPAUK-THIRUVALLIKENI,IND,0,10th Pass,https://myneta.info/image_v2.php?myneta_folder=TamilNadu2026&candidate_id=3014&col=ta,https://myneta.info/image_v2.php?myneta_folder=TamilNadu2026&candidate_id=3014&col=lia
1912,979,Mohamed Farvas. J,https://www.myneta.info/TamilNadu2026/candidate.php?candidate_id=979,ARANTHANGI,Tamilaga Vettri Kazhagam,1,Graduate Professional,"Rs 9,55,77,280 ~ 9 Crore+","Rs 52,30,301 ~ 52 Lacs+"
1913,2138,Mohamed Ghouse.H,https://www.myneta.info/TamilNadu2026/candidate.php?candidate_id=2138,THOUSAND LIGHTS,Tamizhaga Vaazhvurimai Katchi,0,Post Graduate,"Rs 84,61,607 ~ 84 Lacs+","Rs 11,16,706 ~ 11 Lacs+"
1914,450,Mohamed Meera. A,https://www.myneta.info/TamilNadu2026/candidate.php?candidate_id=450,CHEPAUK-THIRUVALLIKENI,IND,0,Others,https://myneta.info/image_v2.php?myneta_folder=TamilNadu2026&candidate_id=450&col=ta,https://myneta.info/image_v2.php?myneta_folder=TamilNadu2026&candidate_id=450&col=lia
1915,1043,Mohamed Mubarak,https://www.myneta.info/TamilNadu2026/candidate.php?candidate_id=1043,NANNILAM,DMK,3,Post Graduate,"Rs 31,81,100 ~ 31 Lacs+",Rs 0 ~
1916,1738,Mohamed Mubarak Ali,https://www.myneta.info/TamilNadu2026/candidate.php?candidate_id=1738,TIRUPPUR (SOUTH),Ganasangam Party of India,0,10th Pass,"Rs 3,08,000 ~ 3 Lacs+","Rs 78,000 ~ 78 Thou+"
1917,2513,Mohamed Musthafa. M,https://www.myneta.info/TamilNadu2026/candidate.php?candidate_id=2513,SRIRANGAM,IND,0,Literate,https://myneta.info/image_v2.php?myneta_folder=TamilNadu2026&candidate_id=2513&col=ta,https://myneta.info/image_v2.php?myneta_folder=TamilNadu2026&candidate_id=2513&col=lia
1918,1823,Mohamed Sharif M,https://www.myneta.info/TamilNadu2026/candidate.php?candidate_id=1823,PATTUKKOTTAI,IND,1,10th Pass,"Rs 99,99,751 ~ 99 Lacs+",Rs 0 ~
1919,868,Mohamed Yaseen. I,https://www.myneta.info/TamilNadu2026/candidate.php?candidate_id=868,VELACHERY,Thakkam Katchi,0,Graduate,"Rs 11,51,568 ~ 11 Lacs+",Rs 0 ~
1920,2221,Mohammad Siddiq M H,https://www.myneta.info/TamilNadu2026/candidate.php?candidate_id=2221,VIKRAVANDI,Veerath Thiyagi Viswanathadoss Thozhilalarkal Katchi,0,Others,https://myneta.info/image_v2.php?myneta_folder=TamilNadu2026&candidate_id=2221&col=ta,https://myneta.info/image_v2.php?myneta_folder=TamilNadu2026&candidate_id=2221&col=lia
1921,292,Mohammad Siddiq M H,https://www.myneta.info/TamilNadu2026/candidate.php?candidate_id=292,GINGEE,Veerath Thiyagi Viswanathadoss Thozhilalarkal Katchi,0,Others,"Rs 6,00,000 ~ 6 Lacs+",Rs 0 ~
1922,3388,Mohammed Bilal Fathick,https://www.myneta.info/TamilNadu2026/candidate.php?candidate_id=3388,ANNA NAGAR,IND,0,Graduate Professional,"Rs 6,30,000 ~ 6 Lacs+",Rs 0 ~
1923,3197,Mohammed Rukman.M,https://www.myneta.info/TamilNadu2026/candidate.php?candidate_id=3197,ANDIPATTI,Tamizhaga Vaazhvurimai Katchi,0,Others,https://myneta.info/image_v2.php?myneta_folder=TamilNadu2026&candidate_id=3197&col=ta,https://myneta.info/image_v2.php?myneta_folder=TamilNadu2026&candidate_id=3197&col=lia
1924,2251,Mohammed Safi. A,https://www.myneta.info/TamilNadu2026/candidate.php?candidate_id=2251,PANRUTI,IND,0,Graduate Professional,"Rs 15,30,985 ~ 15 Lacs+",Rs 0 ~
1925,3000,Mohammed Yasser,https://www.myneta.info/TamilNadu2026/candidate.php?candidate_id=3000,CHEPAUK-THIRUVALLIKENI,BSP,0,Illiterate,"Rs 11,22,000 ~ 11 Lacs+",Rs 0 ~
1926,3256,Mohan A,https://www.myneta.info/TamilNadu2026/candidate.php?candidate_id=3256,GINGEE,IND,0,12th Pass,https://myneta.info/image_v2.php?myneta_folder=TamilNadu2026&candidate_id=3256&col=ta,https://myneta.info/image_v2.php?myneta_folder=TamilNadu2026&candidate_id=3256&col=lia
1927,3267,Mohan C,https://www.myneta.info/TamilNadu2026/candidate.php?candidate_id=3267,VILLUPURAM,IND,0,8th Pass,"Rs 1,62,500 ~ 1 Lacs+",Rs 0 ~
1928,3139,Mohan Kumar M,https://www.myneta.info/TamilNadu2026/candidate.php?candidate_id=3139,VILAVANCODE,All India Jananayaka Makkal Kazhagam,0,5th Pass,Nil,Rs 0 ~
1929,3711,Mohan M,https://www.myneta.info/TamilNadu2026/candidate.php?candidate_id=3711,NAMAKKAL,IND,0,Graduate Professional,https://myneta.info/image_v2.php?myneta_folder=TamilNadu2026&candidate_id=3711&col=ta,https://myneta.info/image_v2.php?myneta_folder=TamilNadu2026&candidate_id=3711&col=lia
1930,3710,Mohan P,https://www.myneta.info/TamilNadu2026/candidate.php?candidate_id=3710,NAMAKKAL,IND,0,Graduate,"Rs 51,84,674 ~ 51 Lacs+",Rs 0 ~
1931,4054,Mohan Raj. R,https://www.myneta.info/TamilNadu2026/candidate.php?candidate_id=4054,TIRUPATTUR,IND,1,10th Pass,"Rs 14,50,000 ~ 14 Lacs+",Rs 0 ~
1932,2212,Mohan Raj. R,https://www.myneta.info/TamilNadu2026/candidate.php?candidate_id=2212,SALEM (WEST),IND,0,Others,https://myneta.info/image_v2.php?myneta_folder=TamilNadu2026&candidate_id=2212&col=ta,https://myneta.info/image_v2.php?myneta_folder=TamilNadu2026&candidate_id=2212&col=lia
1933,846,Mohan Raja.M.G.K,https://www.myneta.info/TamilNadu2026/candidate.php?candidate_id=846,CHEYYUR (SC),Tamilaga Vettri Kazhagam,0,Others,"Rs 1,04,42,500 ~ 1 Crore+","Rs 56,87,000 ~ 56 Lacs+"
1934,3709,Mohan S,https://www.myneta.info/TamilNadu2026/candidate.php?candidate_id=3709,NAMAKKAL,IND,0,12th Pass,"Rs 41,43,000 ~ 41 Lacs+",Rs 0 ~
1935,2162,Mohan. A,https://www.myneta.info/TamilNadu2026/candidate.php?candidate_id=2162,TINDIVANAM (SC),MAKKAL SAKTHI KATCHI,0,12th Pass,https://myneta.info/image_v2.php?myneta_folder=TamilNadu2026&candidate_id=2162&col=ta,https://myneta.info/image_v2.php?myneta_folder=TamilNadu2026&candidate_id=2162&col=lia
1936,1209,Mohan. K,https://www.myneta.info/TamilNadu2026/candidate.php?candidate_id=1209,PANRUTI,AIADMK,5,8th Pass,"Rs 5,58,13,515 ~ 5 Crore+","Rs 2,71,88,948 ~ 2 Crore+"
1937,2848,Mohan. R,https://www.myneta.info/TamilNadu2026/candidate.php?candidate_id=2848,CHEYYAR,IND,0,Graduate,"Rs 2,24,000 ~ 2 Lacs+",Rs 0 ~
1938,4022,Mohan. R,https://www.myneta.info/TamilNadu2026/candidate.php?candidate_id=4022,VELACHERY,IND,0,8th Pass,https://myneta.info/image_v2.php?myneta_folder=TamilNadu2026&candidate_id=4022&col=ta,https://myneta.info/image_v2.php?myneta_folder=TamilNadu2026&candidate_id=4022&col=lia
1939,3747,Mohan. S,https://www.myneta.info/TamilNadu2026/candidate.php?candidate_id=3747,ODDANCHATRAM,Tamilaga Vettri Kazhagam,1,Others,"Rs 2,14,55,550 ~ 2 Crore+","Rs 98,64,230 ~ 98 Lacs+"
1940,243,Mohanadevi. R,https://www.myneta.info/TamilNadu2026/candidate.php?candidate_id=243,BHAVANI,Naam Tamilar Katchi,0,Post Graduate,"Rs 3,06,969 ~ 3 Lacs+",Rs 0 ~
1941,1894,Mohankumar K,https://www.myneta.info/TamilNadu2026/candidate.php?candidate_id=1894,ARAVAKURICHI,IND,0,12th Pass,https://myneta.info/image_v2.php?myneta_folder=TamilNadu2026&candidate_id=1894&col=ta,https://myneta.info/image_v2.php?myneta_folder=TamilNadu2026&candidate_id=1894&col=lia
1942,1322,Mohanraj N,https://www.myneta.info/TamilNadu2026/candidate.php?candidate_id=1322,VILLUPURAM,Tamilaga Vettri Kazhagam,5,8th Pass,"Rs 39,25,337 ~ 39 Lacs+","Rs 2,95,000 ~ 2 Lacs+"
1943,476,Mohanraj R,https://www.myneta.info/TamilNadu2026/candidate.php?candidate_id=476,JOLARPET,IND,0,10th Pass,"Rs 14,50,000 ~ 14 Lacs+",Rs 0 ~
1944,2047,Mohanraj. J,https://www.myneta.info/TamilNadu2026/candidate.php?candidate_id=2047,MYLAPORE,Jebamani Janata,0,Graduate,https://myneta.info/image_v2.php?myneta_folder=TamilNadu2026&candidate_id=2047&col=ta,https://myneta.info/image_v2.php?myneta_folder=TamilNadu2026&candidate_id=2047&col=lia
1945,866,Mohanraj. K,https://www.myneta.info/TamilNadu2026/candidate.php?candidate_id=866,VELACHERY,BSP,0,Graduate Professional,"Rs 45,898 ~ 45 Thou+","Rs 1,51,000 ~ 1 Lacs+"
1946,2757,Mohanraj. P.M,https://www.myneta.info/TamilNadu2026/candidate.php?candidate_id=2757,OMALUR,IND,0,12th Pass,"Rs 1,97,29,190 ~ 1 Crore+",Rs 0 ~
1947,2371,Mohanraj. S,https://www.myneta.info/TamilNadu2026/candidate.php?candidate_id=2371,SALEM (NORTH),Tamizhaga Vaazhvurimai Katchi,0,10th Pass,https://myneta.info/image_v2.php?myneta_folder=TamilNadu2026&candidate_id=2371&col=ta,https://myneta.info/image_v2.php?myneta_folder=TamilNadu2026&candidate_id=2371&col=lia
1948,2851,Mohanraj.M,https://www.myneta.info/TamilNadu2026/candidate.php?candidate_id=2851,DHARAPURAM (SC),IND,0,Post Graduate,"Rs 20,007 ~ 20 Thou+",Rs 0 ~
1949,1815,Mohideen Faigee Alias Soorankudy Faigee,https://www.myneta.info/TamilNadu2026/candidate.php?candidate_id=1815,NAGERCOIL,IND,0,Post Graduate,"Rs 1,18,74,847 ~ 1 Crore+",Rs 0 ~
1950,2486,Mohumed Riyas. K,https://www.myneta.info/TamilNadu2026/candidate.php?candidate_id=2486,NANNILAM,IND,0,10th Pass,https://myneta.info/image_v2.php?myneta_folder=TamilNadu2026&candidate_id=2486&col=ta,https://myneta.info/image_v2.php?myneta_folder=TamilNadu2026&candidate_id=2486&col=lia
1951,16,Monisha Chinnadurai,https://www.myneta.info/TamilNadu2026/candidate.php?candidate_id=16,ATTUR (SC),Naam Tamilar Katchi,0,Graduate Professional,"Rs 1,91,00,000 ~ 1 Crore+",Rs 0 ~
1952,2315,Mookkayee. C.,https://www.myneta.info/TamilNadu2026/candidate.php?candidate_id=2315,THIRUPARANKUNDRAM,Ezhuchi Tamilargal Munnetra Kazhagam,0,Graduate,"Rs 48,83,000 ~ 48 Lacs+","Rs 5,50,000 ~ 5 Lacs+"
1953,1632,Moorthi M,https://www.myneta.info/TamilNadu2026/candidate.php?candidate_id=1632,PARAMATHIVELUR,IND,0,Illiterate,https://myneta.info/image_v2.php?myneta_folder=TamilNadu2026&candidate_id=1632&col=ta,https://myneta.info/image_v2.php?myneta_folder=TamilNadu2026&candidate_id=1632&col=lia
1954,703,Moorthi P.,https://www.myneta.info/TamilNadu2026/candidate.php?candidate_id=703,ERODE (WEST),IND,0,Others,"Rs 21,65,176 ~ 21 Lacs+","Rs 3,43,194 ~ 3 Lacs+"
1955,1925,Moorthi. P,https://www.myneta.info/TamilNadu2026/candidate.php?candidate_id=1925,PAPPIREDDIPATTI,IND,0,5th Pass,"Rs 3,41,000 ~ 3 Lacs+","Rs 1,43,000 ~ 1 Lacs+"
1956,3231,Moorthi.R,https://www.myneta.info/TamilNadu2026/candidate.php?candidate_id=3231,AVANASHI (SC),IND,0,5th Pass,https://myneta.info/image_v2.php?myneta_folder=TamilNadu2026&candidate_id=3231&col=ta,https://myneta.info/image_v2.php?myneta_folder=TamilNadu2026&candidate_id=3231&col=lia
1957,1112,Moorthiy K S,https://www.myneta.info/TamilNadu2026/candidate.php?candidate_id=1112,PARAMATHIVELUR,DMK,0,Graduate,"Rs 11,18,24,724 ~ 11 Crore+","Rs 70,86,172 ~ 70 Lacs+"
1958,3925,Moorthy N,https://www.myneta.info/TamilNadu2026/candidate.php?candidate_id=3925,THIYAGARAYANAGAR,IND,0,8th Pass,"Rs 4,08,000 ~ 4 Lacs+","Rs 80,000 ~ 80 Thou+"
1959,1186,Moorthy P,https://www.myneta.info/TamilNadu2026/candidate.php?candidate_id=1186,MADURAI EAST,DMK,0,12th Pass,https://myneta.info/image_v2.php?myneta_folder=TamilNadu2026&candidate_id=1186&col=ta,https://myneta.info/image_v2.php?myneta_folder=TamilNadu2026&candidate_id=1186&col=lia
1960,1866,Moorthy. P,https://www.myneta.info/TamilNadu2026/candidate.php?candidate_id=1866,TIRUVANNAMALAI,IND,0,8th Pass,"Rs 4,25,300 ~ 4 Lacs+",Rs 0 ~
1961,2046,Moorthy. S,https://www.myneta.info/TamilNadu2026/candidate.php?candidate_id=2046,MYLAPORE,Thamizhaga Dravidar Katchi,0,10th Pass,"Rs 1,43,25,008 ~ 1 Crore+","Rs 6,50,000 ~ 6 Lacs+"
1962,3963,Ms Abdul Bakki,https://www.myneta.info/TamilNadu2026/candidate.php?candidate_id=3963,TIRUVADANAI,IND,2,5th Pass,https://myneta.info/image_v2.php?myneta_folder=TamilNadu2026&candidate_id=3963&col=ta,https://myneta.info/image_v2.php?myneta_folder=TamilNadu2026&candidate_id=3963&col=lia
1963,3956,Mugesh Subramanian,https://www.myneta.info/TamilNadu2026/candidate.php?candidate_id=3956,TIRUNELVELI,IND,0,Others,"Rs 3,72,956 ~ 3 Lacs+",Rs 0 ~
1964,3674,Mugeshkumar M,https://www.myneta.info/TamilNadu2026/candidate.php?candidate_id=3674,MADURAI EAST,IND,0,Graduate Professional,"Rs 21,59,000 ~ 21 Lacs+",Rs 0 ~
1965,2739,Mujibur Rahman. E.M.M,https://www.myneta.info/TamilNadu2026/candidate.php?candidate_id=2739,POOMPUHAR,IND,0,10th Pass,https://myneta.info/image_v2.php?myneta_folder=TamilNadu2026&candidate_id=2739&col=ta,https://myneta.info/image_v2.php?myneta_folder=TamilNadu2026&candidate_id=2739&col=lia
1966,295,Mukkur N. Subramanian,https://www.myneta.info/TamilNadu2026/candidate.php?candidate_id=295,CHEYYAR,AIADMK,2,Graduate,"Rs 4,43,82,361 ~ 4 Crore+","Rs 2,58,76,500 ~ 2 Crore+"
1967,780,Mukundhan.P,https://www.myneta.info/TamilNadu2026/candidate.php?candidate_id=780,KRISHNAGIRI,Tamilaga Vettri Kazhagam,0,Graduate Professional,"Rs 8,65,67,650 ~ 8 Crore+","Rs 51,52,358 ~ 51 Lacs+"
1968,1686,Mundasamy. K,https://www.myneta.info/TamilNadu2026/candidate.php?candidate_id=1686,SRIVAIKUNTAM,Vishwa Tamil Kazhagam,0,Graduate,https://myneta.info/image_v2.php?myneta_folder=TamilNadu2026&candidate_id=1686&col=ta,https://myneta.info/image_v2.php?myneta_folder=TamilNadu2026&candidate_id=1686&col=lia
1969,1734,Muneeswara Moorthy S.,https://www.myneta.info/TamilNadu2026/candidate.php?candidate_id=1734,THOOTHUKUDI,IND,0,Graduate Professional,"Rs 12,67,000 ~ 12 Lacs+",Rs 0 ~
1970,3589,Muneeswaran.R,https://www.myneta.info/TamilNadu2026/candidate.php?candidate_id=3589,KOVILPATTI,IND,0,10th Pass,"Rs 5,56,500 ~ 5 Lacs+","Rs 1,47,207 ~ 1 Lacs+"
1971,1946,Muniraj,https://www.myneta.info/TamilNadu2026/candidate.php?candidate_id=1946,UTHANGARAI (SC),IND,0,12th Pass,https://myneta.info/image_v2.php?myneta_folder=TamilNadu2026&candidate_id=1946&col=ta,https://myneta.info/image_v2.php?myneta_folder=TamilNadu2026&candidate_id=1946&col=lia
1972,298,Munirathinam.J,https://www.myneta.info/TamilNadu2026/candidate.php?candidate_id=298,UTHIRAMERUR,Tamilaga Vettri Kazhagam,1,Graduate Professional,"Rs 38,41,51,600 ~ 38 Crore+","Rs 5,12,81,261 ~ 5 Crore+"
1973,789,Munisamy C,https://www.myneta.info/TamilNadu2026/candidate.php?candidate_id=789,JOLARPET,Tamilaga Vettri Kazhagam,0,5th Pass,"Rs 28,03,000 ~ 28 Lacs+","Rs 1,80,000 ~ 1 Lacs+"
1974,2255,Munisankar. K,https://www.myneta.info/TamilNadu2026/candidate.php?candidate_id=2255,CHIDAMBARAM,Anna Puratchi Thalaivar Amma Dravida Munnetra Kazhagam,0,12th Pass,https://myneta.info/image_v2.php?myneta_folder=TamilNadu2026&candidate_id=2255&col=ta,https://myneta.info/image_v2.php?myneta_folder=TamilNadu2026&candidate_id=2255&col=lia
1975,164,Munish.N,https://www.myneta.info/TamilNadu2026/candidate.php?candidate_id=164,THIRUMANGALAM,Naam Tamilar Katchi,0,Graduate Professional,"Rs 38,54,000 ~ 38 Lacs+","Rs 4,50,000 ~ 4 Lacs+"
1976,2146,Muniyan.E,https://www.myneta.info/TamilNadu2026/candidate.php?candidate_id=2146,THOUSAND LIGHTS,IND,0,8th Pass,"Rs 3,25,000 ~ 3 Lacs+",Rs 0 ~
1977,3324,Muniyandi. M,https://www.myneta.info/TamilNadu2026/candidate.php?candidate_id=3324,ARUPPUKOTTAI,IND,0,Literate,https://myneta.info/image_v2.php?myneta_folder=TamilNadu2026&candidate_id=3324&col=ta,https://myneta.info/image_v2.php?myneta_folder=TamilNadu2026&candidate_id=3324&col=lia
1978,3166,Muniyappan M,https://www.myneta.info/TamilNadu2026/candidate.php?candidate_id=3166,RASIPURAM(SC),Puthiya Tamilagam,0,Graduate,"Rs 4,54,000 ~ 4 Lacs+","Rs 2,60,000 ~ 2 Lacs+"
1979,3100,Muniyappan. M,https://www.myneta.info/TamilNadu2026/candidate.php?candidate_id=3100,DINDIGUL,IND,0,8th Pass,"Rs 28,12,091 ~ 28 Lacs+","Rs 7,95,490 ~ 7 Lacs+"
1980,3945,Muniyasamy.R,https://www.myneta.info/TamilNadu2026/candidate.php?candidate_id=3945,TIRUCHULI,IND,0,8th Pass,https://myneta.info/image_v2.php?myneta_folder=TamilNadu2026&candidate_id=3945&col=ta,https://myneta.info/image_v2.php?myneta_folder=TamilNadu2026&candidate_id=3945&col=lia
1981,3255,Munusamy A,https://www.myneta.info/TamilNadu2026/candidate.php?candidate_id=3255,GINGEE,IND,1,5th Pass,"Rs 50,000 ~ 50 Thou+",Rs 0 ~
1982,2107,Munusamy A T,https://www.myneta.info/TamilNadu2026/candidate.php?candidate_id=2107,TIRUCHENGODU,Samaniya Makkal Nala Katchi,0,5th Pass,"Rs 90,11,556 ~ 90 Lacs+","Rs 20,00,000 ~ 20 Lacs+"
1983,1315,Munusamy.K.P,https://www.myneta.info/TamilNadu2026/candidate.php?candidate_id=1315,VEPPANAHALLI,AIADMK,0,Graduate Professional,https://myneta.info/image_v2.php?myneta_folder=TamilNadu2026&candidate_id=1315&col=ta,https://myneta.info/image_v2.php?myneta_folder=TamilNadu2026&candidate_id=1315&col=lia
1984,2505,Murali .N,https://www.myneta.info/TamilNadu2026/candidate.php?candidate_id=2505,SRIRANGAM,Tamizhaga Vaazhvurimai Katchi,0,8th Pass,"Rs 18,79,000 ~ 18 Lacs+",Rs 0 ~
1985,2884,Murali M,https://www.myneta.info/TamilNadu2026/candidate.php?candidate_id=2884,VANUR (SC),IND,1,8th Pass,"Rs 14,31,000 ~ 14 Lacs+",Rs 0 ~
1986,1456,Murali R,https://www.myneta.info/TamilNadu2026/candidate.php?candidate_id=1456,VILLIVAKKAM,IND,0,Graduate,https://myneta.info/image_v2.php?myneta_folder=TamilNadu2026&candidate_id=1456&col=ta,https://myneta.info/image_v2.php?myneta_folder=TamilNadu2026&candidate_id=1456&col=lia
1987,1444,Murali Vinodh M,https://www.myneta.info/TamilNadu2026/candidate.php?candidate_id=1444,VILLIVAKKAM,IND,0,Graduate Professional,"Rs 85,50,221 ~ 85 Lacs+",Rs 0 ~
1988,4118,Murali. M,https://www.myneta.info/TamilNadu2026/candidate.php?candidate_id=4118,KARUR,IND,1,Graduate Professional,"Rs 12,74,969 ~ 12 Lacs+",Rs 0 ~
1989,3134,Murali. M,https://www.myneta.info/TamilNadu2026/candidate.php?candidate_id=3134,COLACHAL,Tamizhaga Vaazhvurimai Katchi,0,12th Pass,https://myneta.info/image_v2.php?myneta_folder=TamilNadu2026&candidate_id=3134&col=ta,https://myneta.info/image_v2.php?myneta_folder=TamilNadu2026&candidate_id=3134&col=lia
1990,2827,Murali. S,https://www.myneta.info/TamilNadu2026/candidate.php?candidate_id=2827,MADHURAVOYAL,Naam Indiar Party,0,12th Pass,"Rs 1,37,280 ~ 1 Lacs+",Rs 0 ~
1991,1631,Murthi,https://www.myneta.info/TamilNadu2026/candidate.php?candidate_id=1631,PARAMATHIVELUR,IND,0,Illiterate,"Rs 22,044 ~ 22 Thou+",Rs 0 ~
1992,3957,Murugalakshmanan,https://www.myneta.info/TamilNadu2026/candidate.php?candidate_id=3957,TIRUNELVELI,IND,0,Graduate Professional,https://myneta.info/image_v2.php?myneta_folder=TamilNadu2026&candidate_id=3957&col=ta,https://myneta.info/image_v2.php?myneta_folder=TamilNadu2026&candidate_id=3957&col=lia
1993,3057,Murugan A,https://www.myneta.info/TamilNadu2026/candidate.php?candidate_id=3057,TITTAKUDI (SC),IND,2,10th Pass,"Rs 23,03,145 ~ 23 Lacs+","Rs 44,800 ~ 44 Thou+"
1994,2234,Murugan C,https://www.myneta.info/TamilNadu2026/candidate.php?candidate_id=2234,VIKRAVANDI,IND,0,12th Pass,"Rs 7,79,639 ~ 7 Lacs+","Rs 6,45,000 ~ 6 Lacs+"
1995,567,Murugan K,https://www.myneta.info/TamilNadu2026/candidate.php?candidate_id=567,NATHAM,IND,0,10th Pass,https://myneta.info/image_v2.php?myneta_folder=TamilNadu2026&candidate_id=567&col=ta,https://myneta.info/image_v2.php?myneta_folder=TamilNadu2026&candidate_id=567&col=lia
1996,3890,Murugan M,https://www.myneta.info/TamilNadu2026/candidate.php?candidate_id=3890,SIVAKASI,IND,1,8th Pass,"Rs 7,57,900 ~ 7 Lacs+",Rs 0 ~
1997,1309,Murugan P,https://www.myneta.info/TamilNadu2026/candidate.php?candidate_id=1309,VANUR (SC),AIADMK,1,Graduate Professional,"Rs 2,45,25,387 ~ 2 Crore+","Rs 2,57,14,314 ~ 2 Crore+"
1998,3259,Murugan S,https://www.myneta.info/TamilNadu2026/candidate.php?candidate_id=3259,VILLUPURAM,BSP,0,8th Pass,https://myneta.info/image_v2.php?myneta_folder=TamilNadu2026&candidate_id=3259&col=ta,https://myneta.info/image_v2.php?myneta_folder=TamilNadu2026&candidate_id=3259&col=lia
1999,184,"Murugan, J.",https://www.myneta.info/TamilNadu2026/candidate.php?candidate_id=184,TIRUCHENDUR,Tamilaga Vettri Kazhagam,1,Graduate Professional,"Rs 10,87,33,953 ~ 10 Crore+","Rs 1,50,88,323 ~ 1 Crore+"
2000,3458,Murugan. C,https://www.myneta.info/TamilNadu2026/candidate.php?candidate_id=3458,EDAPPADI,IND,0,Illiterate,"Rs 49,750 ~ 49 Thou+",Rs 0 ~
2001,3300,Murugan. D,https://www.myneta.info/TamilNadu2026/candidate.php?candidate_id=3300,RAJAPALAYAM,IND,0,5th Pass,https://myneta.info/image_v2.php?myneta_folder=TamilNadu2026&candidate_id=3300&col=ta,https://myneta.info/image_v2.php?myneta_folder=TamilNadu2026&candidate_id=3300&col=lia
2002,3243,Murugan. K.P,https://www.myneta.info/TamilNadu2026/candidate.php?candidate_id=3243,KILVAITHINANKUPPAM (SC),IND,0,Others,"Rs 43,000 ~ 43 Thou+",Rs 0 ~
2003,3459,Murugan. M,https://www.myneta.info/TamilNadu2026/candidate.php?candidate_id=3459,EDAPPADI,IND,0,Graduate,"Rs 62,000 ~ 62 Thou+",Rs 0 ~
2004,2947,Murugan. P,https://www.myneta.info/TamilNadu2026/candidate.php?candidate_id=2947,KADAYANALLUR,IND,0,8th Pass,https://myneta.info/image_v2.php?myneta_folder=TamilNadu2026&candidate_id=2947&col=ta,https://myneta.info/image_v2.php?myneta_folder=TamilNadu2026&candidate_id=2947&col=lia
2005,2768,Murugan. P,https://www.myneta.info/TamilNadu2026/candidate.php?candidate_id=2768,METTUR,IND,0,12th Pass,"Rs 56,000 ~ 56 Thou+",Rs 0 ~
2006,3952,Murugan. P.,https://www.myneta.info/TamilNadu2026/candidate.php?candidate_id=3952,TIRUNELVELI,Thamizhaka Padaippalar Makkal Katchi,1,8th Pass,"Rs 16,86,000 ~ 16 Lacs+",Rs 0 ~
2007,2738,Murugan. S,https://www.myneta.info/TamilNadu2026/candidate.php?candidate_id=2738,POOMPUHAR,IND,0,12th Pass,https://myneta.info/image_v2.php?myneta_folder=TamilNadu2026&candidate_id=2738&col=ta,https://myneta.info/image_v2.php?myneta_folder=TamilNadu2026&candidate_id=2738&col=lia
2008,2709,Murugan. S,https://www.myneta.info/TamilNadu2026/candidate.php?candidate_id=2709,KRISHNARAYAPURAM (SC),IND,0,Graduate Professional,"Rs 10,89,000 ~ 10 Lacs+",Rs 0 ~
2009,1924,Murugan. S,https://www.myneta.info/TamilNadu2026/candidate.php?candidate_id=1924,PAPPIREDDIPATTI,IND,0,Graduate Professional,"Rs 31,61,107 ~ 31 Lacs+","Rs 3,38,609 ~ 3 Lacs+"
2010,1693,Murugan. S,https://www.myneta.info/TamilNadu2026/candidate.php?candidate_id=1693,SRIVAIKUNTAM,IND,0,Post Graduate,https://myneta.info/image_v2.php?myneta_folder=TamilNadu2026&candidate_id=1693&col=ta,https://myneta.info/image_v2.php?myneta_folder=TamilNadu2026&candidate_id=1693&col=lia
2011,2281,Murugan. V,https://www.myneta.info/TamilNadu2026/candidate.php?candidate_id=2281,VEDASANDUR,IND,0,Graduate,"Rs 23,07,812 ~ 23 Lacs+","Rs 2,44,474 ~ 2 Lacs+"
2012,3573,Murugan.M,https://www.myneta.info/TamilNadu2026/candidate.php?candidate_id=3573,KILPENNATHUR,IND,0,12th Pass,"Rs 23,59,000 ~ 23 Lacs+",Rs 0 ~
2013,3867,Murugan.O,https://www.myneta.info/TamilNadu2026/candidate.php?candidate_id=3867,SINGANALLUR,Ganasangam Party of India,0,Illiterate,https://myneta.info/image_v2.php?myneta_folder=TamilNadu2026&candidate_id=3867&col=ta,https://myneta.info/image_v2.php?myneta_folder=TamilNadu2026&candidate_id=3867&col=lia
2014,617,Murugan.P,https://www.myneta.info/TamilNadu2026/candidate.php?candidate_id=617,RADHAPURAM,Thamizhaka Padaippalar Makkal Katchi,1,8th Pass,"Rs 16,84,000 ~ 16 Lacs+",Rs 0 ~
2015,2331,Murugan.S,https://www.myneta.info/TamilNadu2026/candidate.php?candidate_id=2331,THIRUMANGALAM,IND,0,Literate,"Rs 28,55,000 ~ 28 Lacs+","Rs 18,73,000 ~ 18 Lacs+"
2016,512,Murugan.S.,https://www.myneta.info/TamilNadu2026/candidate.php?candidate_id=512,TIRUNELVELI,IND,0,8th Pass,https://myneta.info/image_v2.php?myneta_folder=TamilNadu2026&candidate_id=512&col=ta,https://myneta.info/image_v2.php?myneta_folder=TamilNadu2026&candidate_id=512&col=lia
2017,3144,Muruganandha Prasad T,https://www.myneta.info/TamilNadu2026/candidate.php?candidate_id=3144,VILAVANCODE,IND,0,5th Pass,"Rs 15,15,000 ~ 15 Lacs+",Rs 0 ~
2018,2710,Muruganandham. P.K,https://www.myneta.info/TamilNadu2026/candidate.php?candidate_id=2710,KRISHNARAYAPURAM (SC),IND,0,10th Pass,"Rs 9,40,340 ~ 9 Lacs+","Rs 50,000 ~ 50 Thou+"
2019,3181,Muruganantham Guru,https://www.myneta.info/TamilNadu2026/candidate.php?candidate_id=3181,SIVAGANGA,All India Puratchi Thalaivar Makkal Munnettra Kazhagam,0,Graduate,https://myneta.info/image_v2.php?myneta_folder=TamilNadu2026&candidate_id=3181&col=ta,https://myneta.info/image_v2.php?myneta_folder=TamilNadu2026&candidate_id=3181&col=lia
2020,1714,Muruganantham. G,https://www.myneta.info/TamilNadu2026/candidate.php?candidate_id=1714,THIRUVERUMBUR,IND,0,Graduate Professional,"Rs 1,15,61,310 ~ 1 Crore+","Rs 10,00,000 ~ 10 Lacs+"
2021,2462,Muruganantham.V,https://www.myneta.info/TamilNadu2026/candidate.php?candidate_id=2462,THIRUTHURAIPOONDI (SC),IND,0,12th Pass,"Rs 5,58,756 ~ 5 Lacs+","Rs 3,80,000 ~ 3 Lacs+"
2022,406,Murugaraj. P,https://www.myneta.info/TamilNadu2026/candidate.php?candidate_id=406,ODDANCHATRAM,BSP,0,10th Pass,https://myneta.info/image_v2.php?myneta_folder=TamilNadu2026&candidate_id=406&col=ta,https://myneta.info/image_v2.php?myneta_folder=TamilNadu2026&candidate_id=406&col=lia
2023,1583,Murugarethinam. T,https://www.myneta.info/TamilNadu2026/candidate.php?candidate_id=1583,ARANTHANGI,IND,0,12th Pass,"Rs 8,40,000 ~ 8 Lacs+","Rs 3,00,000 ~ 3 Lacs+"
2024,2894,Murugavel. A,https://www.myneta.info/TamilNadu2026/candidate.php?candidate_id=2894,CHEYYUR (SC),All India Puratchi Thalaivar Makkal Munnettra Kazhagam,0,Post Graduate,"Rs 26,62,025 ~ 26 Lacs+","Rs 4,90,000 ~ 4 Lacs+"
2025,3173,Murugesan A,https://www.myneta.info/TamilNadu2026/candidate.php?candidate_id=3173,RASIPURAM(SC),IND,1,10th Pass,https://myneta.info/image_v2.php?myneta_folder=TamilNadu2026&candidate_id=3173&col=ta,https://myneta.info/image_v2.php?myneta_folder=TamilNadu2026&candidate_id=3173&col=lia
2026,3744,Murugesan C,https://www.myneta.info/TamilNadu2026/candidate.php?candidate_id=3744,NATHAM,IND,4,Graduate,"Rs 3,00,000 ~ 3 Lacs+",Rs 0 ~
2027,1893,Murugesan R,https://www.myneta.info/TamilNadu2026/candidate.php?candidate_id=1893,ARAVAKURICHI,IND,0,12th Pass,"Rs 1,22,000 ~ 1 Lacs+",Rs 0 ~
2028,981,Murugesan. P,https://www.myneta.info/TamilNadu2026/candidate.php?candidate_id=981,VIRALIMALAI,Tamilaga Vettri Kazhagam,1,12th Pass,https://myneta.info/image_v2.php?myneta_folder=TamilNadu2026&candidate_id=981&col=ta,https://myneta.info/image_v2.php?myneta_folder=TamilNadu2026&candidate_id=981&col=lia
2029,208,Murugesan.G,https://www.myneta.info/TamilNadu2026/candidate.php?candidate_id=208,VANIYAMBADI,Naam Tamilar Katchi,0,Others,"Rs 14,83,000 ~ 14 Lacs+",Rs 0 ~
2030,3049,Murugesan.N.,https://www.myneta.info/TamilNadu2026/candidate.php?candidate_id=3049,SULUR,IND,0,8th Pass,"Rs 22,14,151 ~ 22 Lacs+","Rs 1,51,000 ~ 1 Lacs+"
2031,3309,Murugesan.S,https://www.myneta.info/TamilNadu2026/candidate.php?candidate_id=3309,SRIVILLIPUTHUR (SC),IND,0,10th Pass,https://myneta.info/image_v2.php?myneta_folder=TamilNadu2026&candidate_id=3309&col=ta,https://myneta.info/image_v2.php?myneta_folder=TamilNadu2026&candidate_id=3309&col=lia
2032,3934,Murugesapandian.T,https://www.myneta.info/TamilNadu2026/candidate.php?candidate_id=3934,TIRUCHULI,All India Puratchi Thalaivar Makkal Munnettra Kazhagam,0,12th Pass,"Rs 1,25,93,105 ~ 1 Crore+","Rs 40,66,000 ~ 40 Lacs+"
2033,3050,Murugesh.R.,https://www.myneta.info/TamilNadu2026/candidate.php?candidate_id=3050,SULUR,IND,0,5th Pass,"Rs 7,30,000 ~ 7 Lacs+","Rs 2,00,000 ~ 2 Lacs+"
2034,114,Murugeswari. B,https://www.myneta.info/TamilNadu2026/candidate.php?candidate_id=114,PALANI,Naam Tamilar Katchi,0,Graduate,https://myneta.info/image_v2.php?myneta_folder=TamilNadu2026&candidate_id=114&col=ta,https://myneta.info/image_v2.php?myneta_folder=TamilNadu2026&candidate_id=114&col=lia
2035,1069,Murughan.R.S.,https://www.myneta.info/TamilNadu2026/candidate.php?candidate_id=1069,TIRUNELVELI,Tamilaga Vettri Kazhagam,0,8th Pass,"Rs 1,58,48,56,190 ~ 158 Crore+","Rs 58,91,61,187 ~ 58 Crore+"
2036,1296,Murugumaran N,https://www.myneta.info/TamilNadu2026/candidate.php?candidate_id=1296,TITTAKUDI (SC),AIADMK,3,Graduate Professional,"Rs 6,81,33,745 ~ 6 Crore+","Rs 59,57,611 ~ 59 Lacs+"
2037,1532,Mushtaq Ahmed Kutlappai,https://www.myneta.info/TamilNadu2026/candidate.php?candidate_id=1532,AMBUR,IND,0,10th Pass,https://myneta.info/image_v2.php?myneta_folder=TamilNadu2026&candidate_id=1532&col=ta,https://myneta.info/image_v2.php?myneta_folder=TamilNadu2026&candidate_id=1532&col=lia
2038,3641,Muthamilselvan. D,https://www.myneta.info/TamilNadu2026/candidate.php?candidate_id=3641,KUNNAM,IND,0,10th Pass,"Rs 2,10,943 ~ 2 Lacs+",Rs 0 ~
2039,3428,Muthamizhan . Seva,https://www.myneta.info/TamilNadu2026/candidate.php?candidate_id=3428,BHUVANAGIRI,Tamizhaga Vaazhvurimai Katchi,0,Graduate,"Rs 41,78,750 ~ 41 Lacs+","Rs 56,00,000 ~ 56 Lacs+"
2040,1676,Mutharasan,https://www.myneta.info/TamilNadu2026/candidate.php?candidate_id=1676,SHOLINGANALLUR,IND,0,Graduate Professional,https://myneta.info/image_v2.php?myneta_folder=TamilNadu2026&candidate_id=1676&col=ta,https://myneta.info/image_v2.php?myneta_folder=TamilNadu2026&candidate_id=1676&col=lia
2041,2477,Mutharasan S,https://www.myneta.info/TamilNadu2026/candidate.php?candidate_id=2477,THIRUVARUR,IND,0,5th Pass,"Rs 8,40,000 ~ 8 Lacs+","Rs 5,00,000 ~ 5 Lacs+"
2042,3861,Mutharasan. M,https://www.myneta.info/TamilNadu2026/candidate.php?candidate_id=3861,SATTUR,IND,0,Post Graduate,"Rs 60,25,000 ~ 60 Lacs+",Rs 0 ~
2043,35,Mutharasi. S,https://www.myneta.info/TamilNadu2026/candidate.php?candidate_id=35,DINDIGUL,Naam Tamilar Katchi,0,Post Graduate,https://myneta.info/image_v2.php?myneta_folder=TamilNadu2026&candidate_id=35&col=ta,https://myneta.info/image_v2.php?myneta_folder=TamilNadu2026&candidate_id=35&col=lia
2044,3068,Muthazhagan N,https://www.myneta.info/TamilNadu2026/candidate.php?candidate_id=3068,KURINJIPADI,IND,0,12th Pass,"Rs 2,15,000 ~ 2 Lacs+","Rs 70,000 ~ 70 Thou+"
2045,2367,Muththiah. M,https://www.myneta.info/TamilNadu2026/candidate.php?candidate_id=2367,PARAMAKUDI (SC),IND,0,Literate,"Rs 3,68,000 ~ 3 Lacs+",Rs 0 ~
2046,1029,Muthu Bagavathi M.,https://www.myneta.info/TamilNadu2026/candidate.php?candidate_id=1029,CUMBUM,Tamizhaga Vaazhvurimai Katchi,0,8th Pass,https://myneta.info/image_v2.php?myneta_folder=TamilNadu2026&candidate_id=1029&col=ta,https://myneta.info/image_v2.php?myneta_folder=TamilNadu2026&candidate_id=1029&col=lia
2047,4117,Muthu. K.R,https://www.myneta.info/TamilNadu2026/candidate.php?candidate_id=4117,KARUR,IND,0,Graduate Professional,"Rs 82,88,600 ~ 82 Lacs+","Rs 23,00,000 ~ 23 Lacs+"
2048,2340,Muthu. N,https://www.myneta.info/TamilNadu2026/candidate.php?candidate_id=2340,USILAMPATTI,IND,0,5th Pass,"Rs 25,82,020 ~ 25 Lacs+",Rs 0 ~
2049,631,Muthukannu. C,https://www.myneta.info/TamilNadu2026/candidate.php?candidate_id=631,SATTUR,Tamilaga Makkal Nala Katchi,0,Graduate Professional,https://myneta.info/image_v2.php?myneta_folder=TamilNadu2026&candidate_id=631&col=ta,https://myneta.info/image_v2.php?myneta_folder=TamilNadu2026&candidate_id=631&col=lia
2050,2354,Muthukaruppan.Cn,https://www.myneta.info/TamilNadu2026/candidate.php?candidate_id=2354,THIRUMAYAM,Party for the Rights of Other backward Classes,0,Post Graduate,"Rs 63,34,000 ~ 63 Lacs+","Rs 6,56,468 ~ 6 Lacs+"
2051,1013,Muthukumar D,https://www.myneta.info/TamilNadu2026/candidate.php?candidate_id=1013,PATTUKKOTTAI,IND,0,Post Graduate,"Rs 29,45,807 ~ 29 Lacs+","Rs 1,00,833 ~ 1 Lacs+"
2052,2724,Muthukumar D,https://www.myneta.info/TamilNadu2026/candidate.php?candidate_id=2724,MADURAI WEST,IND,0,Graduate Professional,https://myneta.info/image_v2.php?myneta_folder=TamilNadu2026&candidate_id=2724&col=ta,https://myneta.info/image_v2.php?myneta_folder=TamilNadu2026&candidate_id=2724&col=lia
2053,103,Muthukumar M,https://www.myneta.info/TamilNadu2026/candidate.php?candidate_id=103,NAGERCOIL,Naam Tamilar Katchi,4,Others,"Rs 1,81,74,110 ~ 1 Crore+","Rs 66,40,886 ~ 66 Lacs+"
2054,2723,Muthukumar S,https://www.myneta.info/TamilNadu2026/candidate.php?candidate_id=2723,MADURAI WEST,IND,0,10th Pass,"Rs 12,87,209 ~ 12 Lacs+",Rs 0 ~
2055,1797,Muthukumar. K,https://www.myneta.info/TamilNadu2026/candidate.php?candidate_id=1797,KARAIKUDI,IND,0,Graduate Professional,https://myneta.info/image_v2.php?myneta_folder=TamilNadu2026&candidate_id=1797&col=ta,https://myneta.info/image_v2.php?myneta_folder=TamilNadu2026&candidate_id=1797&col=lia
2056,2514,Muthukumar.P,https://www.myneta.info/TamilNadu2026/candidate.php?candidate_id=2514,SRIRANGAM,IND,0,Graduate,"Rs 2,51,727 ~ 2 Lacs+","Rs 1,00,000 ~ 1 Lacs+"
2057,3594,Muthulakshmi Veerappan,https://www.myneta.info/TamilNadu2026/candidate.php?candidate_id=3594,KRISHNAGIRI,Tamizhaga Vaazhvurimai Katchi,1,5th Pass,"Rs 18,32,570 ~ 18 Lacs+",Rs 0 ~
2058,3299,Muthulakshmi. R,https://www.myneta.info/TamilNadu2026/candidate.php?candidate_id=3299,RAJAPALAYAM,IND,0,Post Graduate,https://myneta.info/image_v2.php?myneta_folder=TamilNadu2026&candidate_id=3299&col=ta,https://myneta.info/image_v2.php?myneta_folder=TamilNadu2026&candidate_id=3299&col=lia
2059,10,Muthulakshmi. S,https://www.myneta.info/TamilNadu2026/candidate.php?candidate_id=10,ARANTHANGI,Naam Tamilar Katchi,1,Graduate Professional,"Rs 64,46,500 ~ 64 Lacs+","Rs 19,75,000 ~ 19 Lacs+"
2060,952,Muthupandi R,https://www.myneta.info/TamilNadu2026/candidate.php?candidate_id=952,MADURAI WEST,Vishwa Tamil Kazhagam,0,5th Pass,"Rs 41,60,000 ~ 41 Lacs+",Rs 0 ~
2061,1757,Muthuperumal. K,https://www.myneta.info/TamilNadu2026/candidate.php?candidate_id=1757,VANDAVASI (SC),Aanaithinthiya Jananayaka Pathukappu Kazhagam,1,Post Graduate,https://myneta.info/image_v2.php?myneta_folder=TamilNadu2026&candidate_id=1757&col=ta,https://myneta.info/image_v2.php?myneta_folder=TamilNadu2026&candidate_id=1757&col=lia
2062,2432,Muthuraj.G,https://www.myneta.info/TamilNadu2026/candidate.php?candidate_id=2432,TIRUTTANI,BSP,0,Illiterate,"Rs 1,31,200 ~ 1 Lacs+",Rs 0 ~
2063,870,Muthuraj.T,https://www.myneta.info/TamilNadu2026/candidate.php?candidate_id=870,VIRUGAMPAKKAM,Tamizhaga Vaazhvurimai Katchi,0,5th Pass,"Rs 2,31,00,322 ~ 2 Crore+","Rs 41,22,000 ~ 41 Lacs+"
2064,3308,Muthuraj.U,https://www.myneta.info/TamilNadu2026/candidate.php?candidate_id=3308,SRIVILLIPUTHUR (SC),IND,0,5th Pass,https://myneta.info/image_v2.php?myneta_folder=TamilNadu2026&candidate_id=3308&col=ta,https://myneta.info/image_v2.php?myneta_folder=TamilNadu2026&candidate_id=3308&col=lia
2065,2330,Muthuraja.M,https://www.myneta.info/TamilNadu2026/candidate.php?candidate_id=2330,THIRUMANGALAM,IND,0,Graduate Professional,"Rs 33,02,547 ~ 33 Lacs+",Rs 0 ~
2066,1688,Muthuramalingam. S,https://www.myneta.info/TamilNadu2026/candidate.php?candidate_id=1688,SRIVAIKUNTAM,All India Forward Bloc,2,8th Pass,"Rs 52,10,000 ~ 52 Lacs+",Rs 0 ~
2067,2826,Muthuraman. S,https://www.myneta.info/TamilNadu2026/candidate.php?candidate_id=2826,MADHURAVOYAL,Anna MGR Dravida Makkal Kalgam,0,12th Pass,https://myneta.info/image_v2.php?myneta_folder=TamilNadu2026&candidate_id=2826&col=ta,https://myneta.info/image_v2.php?myneta_folder=TamilNadu2026&candidate_id=2826&col=lia
2068,284,Muthusamy S,https://www.myneta.info/TamilNadu2026/candidate.php?candidate_id=284,NAMAKKAL,IND,0,8th Pass,"Rs 21,62,000 ~ 21 Lacs+","Rs 7,26,000 ~ 7 Lacs+"
2069,2798,Muthuselvam G.,https://www.myneta.info/TamilNadu2026/candidate.php?candidate_id=2798,CUMBUM,IND,0,12th Pass,"Rs 5,55,485 ~ 5 Lacs+","Rs 2,04,000 ~ 2 Lacs+"
2070,1756,Muthuselvam. V,https://www.myneta.info/TamilNadu2026/candidate.php?candidate_id=1756,VANDAVASI (SC),Anti Corruption Dynamic Party,0,Graduate,https://myneta.info/image_v2.php?myneta_folder=TamilNadu2026&candidate_id=1756&col=ta,https://myneta.info/image_v2.php?myneta_folder=TamilNadu2026&candidate_id=1756&col=lia
2071,1472,Muthuvel S,https://www.myneta.info/TamilNadu2026/candidate.php?candidate_id=1472,VIRUDHUNAGAR,IND,0,Graduate Professional,"Rs 83,93,153 ~ 83 Lacs+",Rs 0 ~
2072,836,Muthuvel.V,https://www.myneta.info/TamilNadu2026/candidate.php?candidate_id=836,MANNARGUDI,Tamilaga Makkal Nala Katchi,0,10th Pass,"Rs 15,94,343 ~ 15 Lacs+","Rs 25,000 ~ 25 Thou+"
2073,3926,Mythili C,https://www.myneta.info/TamilNadu2026/candidate.php?candidate_id=3926,THIYAGARAYANAGAR,IND,0,Graduate Professional,https://myneta.info/image_v2.php?myneta_folder=TamilNadu2026&candidate_id=3926&col=ta,https://myneta.info/image_v2.php?myneta_folder=TamilNadu2026&candidate_id=3926&col=lia
2074,576,N Anbu Bagurudeen,https://www.myneta.info/TamilNadu2026/candidate.php?candidate_id=576,TIRUVADANAI,IND,0,5th Pass,"Rs 30,54,697 ~ 30 Lacs+",Rs 0 ~
2075,1938,N Elaiyaraja,https://www.myneta.info/TamilNadu2026/candidate.php?candidate_id=1938,UTHANGARAI (SC),Tamilaga Vettri Kazhagam,0,Graduate Professional,"Rs 2,47,60,027 ~ 2 Crore+","Rs 1,42,38,336 ~ 1 Crore+"
2076,2347,N P Bhashgaran,https://www.myneta.info/TamilNadu2026/candidate.php?candidate_id=2347,NAGAPATTINAM,IND,4,10th Pass,https://myneta.info/image_v2.php?myneta_folder=TamilNadu2026&candidate_id=2347&col=ta,https://myneta.info/image_v2.php?myneta_folder=TamilNadu2026&candidate_id=2347&col=lia
2077,199,N Premnath,https://www.myneta.info/TamilNadu2026/candidate.php?candidate_id=199,TIRUVADANAI,Naam Tamilar Katchi,1,Graduate Professional,"Rs 9,83,000 ~ 9 Lacs+",Rs 0 ~
2078,2061,N. Abilazan,https://www.myneta.info/TamilNadu2026/candidate.php?candidate_id=2061,COIMBATORE (SOUTH),IND,0,Post Graduate,"Rs 46,61,918 ~ 46 Lacs+","Rs 9,00,000 ~ 9 Lacs+"
2079,1842,N. Balakrishnan,https://www.myneta.info/TamilNadu2026/candidate.php?candidate_id=1842,THIRUVALLUR,IND,0,8th Pass,https://myneta.info/image_v2.php?myneta_folder=TamilNadu2026&candidate_id=1842&col=ta,https://myneta.info/image_v2.php?myneta_folder=TamilNadu2026&candidate_id=1842&col=lia
2080,2179,N. Gobinath,https://www.myneta.info/TamilNadu2026/candidate.php?candidate_id=2179,TIRUCHIRAPPALLI (EAST),Puthiya Tamilagam,0,Graduate Professional,"Rs 5,61,000 ~ 5 Lacs+","Rs 3,50,000 ~ 3 Lacs+"
2081,3078,N. Kalaiselvi,https://www.myneta.info/TamilNadu2026/candidate.php?candidate_id=3078,ATHOOR,Tamilaga Vettri Kazhagam,1,10th Pass,"Rs 2,80,14,774 ~ 2 Crore+","Rs 50,97,527 ~ 50 Lacs+"
2082,162,N. Krishnakumar,https://www.myneta.info/TamilNadu2026/candidate.php?candidate_id=162,THANJAVUR,Naam Tamilar Katchi,8,12th Pass,https://myneta.info/image_v2.php?myneta_folder=TamilNadu2026&candidate_id=162&col=ta,https://myneta.info/image_v2.php?myneta_folder=TamilNadu2026&candidate_id=162&col=lia
2083,3400,N. Lakshmipathy,https://www.myneta.info/TamilNadu2026/candidate.php?candidate_id=3400,ARAKKONAM (SC),Tamizhaga Vaazhvurimai Katchi,0,Graduate Professional,"Rs 20,000 ~ 20 Thou+",Rs 0 ~
2084,78,N. Madhan,https://www.myneta.info/TamilNadu2026/candidate.php?candidate_id=78,LALGUDI,Naam Tamilar Katchi,0,Graduate Professional,"Rs 1,37,00,000 ~ 1 Crore+","Rs 3,00,000 ~ 3 Lacs+"
2085,36,N. Marie Wilson,https://www.myneta.info/TamilNadu2026/candidate.php?candidate_id=36,DR.RADHAKRISHNAN NAGAR,Tamilaga Vettri Kazhagam,2,Doctorate,https://myneta.info/image_v2.php?myneta_folder=TamilNadu2026&candidate_id=36&col=ta,https://myneta.info/image_v2.php?myneta_folder=TamilNadu2026&candidate_id=36&col=lia
2086,2159,N. Muthazhagu,https://www.myneta.info/TamilNadu2026/candidate.php?candidate_id=2159,THURAIYUR (SC),IND,0,5th Pass,"Rs 20,60,000 ~ 20 Lacs+",Rs 0 ~
2087,1841,N. Nagendrababu,https://www.myneta.info/TamilNadu2026/candidate.php?candidate_id=1841,THIRUVALLUR,IND,0,Graduate Professional,"Rs 42,42,000 ~ 42 Lacs+","Rs 23,52,400 ~ 23 Lacs+"
2088,778,N. Praveenkumar,https://www.myneta.info/TamilNadu2026/candidate.php?candidate_id=778,ARAKKONAM (SC),IND,0,Graduate,https://myneta.info/image_v2.php?myneta_folder=TamilNadu2026&candidate_id=778&col=ta,https://myneta.info/image_v2.php?myneta_folder=TamilNadu2026&candidate_id=778&col=lia
2089,1346,N. Ramachandran,https://www.myneta.info/TamilNadu2026/candidate.php?candidate_id=1346,PUDUKKOTTAI,BJP,0,Post Graduate,"Rs 22,83,05,706 ~ 22 Crore+","Rs 6,80,85,169 ~ 6 Crore+"
2090,128,N. Senthil Kumar,https://www.myneta.info/TamilNadu2026/candidate.php?candidate_id=128,POLLACHI,Naam Tamilar Katchi,0,Post Graduate,"Rs 14,37,87,872 ~ 14 Crore+","Rs 1,24,91,000 ~ 1 Crore+"
2091,1375,N. Subramanian,https://www.myneta.info/TamilNadu2026/candidate.php?candidate_id=1375,GANDARVAKOTTAI (SC),Tamilaga Vettri Kazhagam,1,10th Pass,https://myneta.info/image_v2.php?myneta_folder=TamilNadu2026&candidate_id=1375&col=ta,https://myneta.info/image_v2.php?myneta_folder=TamilNadu2026&candidate_id=1375&col=lia
2092,3820,N. Sugumar,https://www.myneta.info/TamilNadu2026/candidate.php?candidate_id=3820,RANIPET,IND,0,8th Pass,"Rs 2,20,000 ~ 2 Lacs+",Rs 0 ~
2093,1839,N. Venkatesan,https://www.myneta.info/TamilNadu2026/candidate.php?candidate_id=1839,THIRUVALLUR,Aanaithinthiya Jananayaka Pathukappu Kazhagam,1,Graduate,"Rs 1,26,47,900 ~ 1 Crore+",Rs 0 ~
2094,41,N. Vijay,https://www.myneta.info/TamilNadu2026/candidate.php?candidate_id=41,ERODE (WEST),Naam Tamilar Katchi,1,Post Graduate,https://myneta.info/image_v2.php?myneta_folder=TamilNadu2026&candidate_id=41&col=ta,https://myneta.info/image_v2.php?myneta_folder=TamilNadu2026&candidate_id=41&col=lia
2095,2837,N.A. Mani,https://www.myneta.info/TamilNadu2026/candidate.php?candidate_id=2837,MADHURAVOYAL,IND,0,Post Graduate,"Rs 64,03,530 ~ 64 Lacs+","Rs 2,30,000 ~ 2 Lacs+"
2096,304,N.Bharathi,https://www.myneta.info/TamilNadu2026/candidate.php?candidate_id=304,PALLAVARAM,BSP,0,Graduate,"Rs 1,05,500 ~ 1 Lacs+",Rs 0 ~
2097,1408,N.Chitrarasu,https://www.myneta.info/TamilNadu2026/candidate.php?candidate_id=1408,ANNA NAGAR,DMK,0,Post Graduate,https://myneta.info/image_v2.php?myneta_folder=TamilNadu2026&candidate_id=1408&col=ta,https://myneta.info/image_v2.php?myneta_folder=TamilNadu2026&candidate_id=1408&col=lia
2098,3351,N.Gopalakrishnan,https://www.myneta.info/TamilNadu2026/candidate.php?candidate_id=3351,SHOLINGHUR,IND,0,12th Pass,"Rs 60,44,916 ~ 60 Lacs+","Rs 11,69,000 ~ 11 Lacs+"
2099,369,N.Janakiraman,https://www.myneta.info/TamilNadu2026/candidate.php?candidate_id=369,MADHAVARAM,BSP,0,Graduate,"Rs 18,35,000 ~ 18 Lacs+",Rs 0 ~
2100,3723,N.Kalaberumal,https://www.myneta.info/TamilNadu2026/candidate.php?candidate_id=3723,NANGUNERI,IND,0,12th Pass,https://myneta.info/image_v2.php?myneta_folder=TamilNadu2026&candidate_id=3723&col=ta,https://myneta.info/image_v2.php?myneta_folder=TamilNadu2026&candidate_id=3723&col=lia
2101,1900,N.Karthik,https://www.myneta.info/TamilNadu2026/candidate.php?candidate_id=1900,YERCAUD (ST),IND,0,5th Pass,"Rs 14,60,745 ~ 14 Lacs+","Rs 3,00,000 ~ 3 Lacs+"
2102,2304,N.Kuppusamy,https://www.myneta.info/TamilNadu2026/candidate.php?candidate_id=2304,MADURAI NORTH,IND,0,10th Pass,"Rs 66,75,015 ~ 66 Lacs+","Rs 4,47,500 ~ 4 Lacs+"
2103,3357,N.Mani,https://www.myneta.info/TamilNadu2026/candidate.php?candidate_id=3357,SHOLINGHUR,IND,0,10th Pass,https://myneta.info/image_v2.php?myneta_folder=TamilNadu2026&candidate_id=3357&col=ta,https://myneta.info/image_v2.php?myneta_folder=TamilNadu2026&candidate_id=3357&col=lia
2104,3379,N.P.Rajha,https://www.myneta.info/TamilNadu2026/candidate.php?candidate_id=3379,ANNA NAGAR,Naam Indiar Party,0,Post Graduate,"Rs 17,34,60,613 ~ 17 Crore+","Rs 3,19,62,861 ~ 3 Crore+"
2105,2267,N.Perumal,https://www.myneta.info/TamilNadu2026/candidate.php?candidate_id=2267,NILAKKOTTAI (SC),IND,0,10th Pass,"Rs 17,34,500 ~ 17 Lacs+",Rs 0 ~
2106,1674,N.Prashantha Rao,https://www.myneta.info/TamilNadu2026/candidate.php?candidate_id=1674,SHOLINGANALLUR,IND,0,Others,https://myneta.info/image_v2.php?myneta_folder=TamilNadu2026&candidate_id=1674&col=ta,https://myneta.info/image_v2.php?myneta_folder=TamilNadu2026&candidate_id=1674&col=lia
2107,3864,N.R.Appathurai,https://www.myneta.info/TamilNadu2026/candidate.php?candidate_id=3864,SINGANALLUR,All India Puratchi Thalaivar Makkal Munnettra Kazhagam,3,12th Pass,"Rs 30,08,15,900 ~ 30 Crore+","Rs 35,55,000 ~ 35 Lacs+"
2108,1271,N.R.Karthikeyan,https://www.myneta.info/TamilNadu2026/candidate.php?candidate_id=1271,THONDAMUTHUR,DMK,0,Graduate,"Rs 14,01,04,256 ~ 14 Crore+","Rs 29,98,541 ~ 29 Lacs+"
2109,3871,N.Rajasekaran,https://www.myneta.info/TamilNadu2026/candidate.php?candidate_id=3871,SINGANALLUR,IND,0,Graduate,https://myneta.info/image_v2.php?myneta_folder=TamilNadu2026&candidate_id=3871&col=ta,https://myneta.info/image_v2.php?myneta_folder=TamilNadu2026&candidate_id=3871&col=lia
2110,3613,N.Ramakrishnan,https://www.myneta.info/TamilNadu2026/candidate.php?candidate_id=3613,KULITHALAI,IND,0,Others,"Rs 34,38,850 ~ 34 Lacs+","Rs 13,00,000 ~ 13 Lacs+"
2111,3342,N.Ramkumar,https://www.myneta.info/TamilNadu2026/candidate.php?candidate_id=3342,PALLAVARAM,IND,0,Others,"Rs 92,05,000 ~ 92 Lacs+","Rs 1,50,000 ~ 1 Lacs+"
2112,1351,N.S.Karunairaaja,https://www.myneta.info/TamilNadu2026/candidate.php?candidate_id=1351,MUSIRI,DMK,0,Graduate Professional,https://myneta.info/image_v2.php?myneta_folder=TamilNadu2026&candidate_id=1351&col=ta,https://myneta.info/image_v2.php?myneta_folder=TamilNadu2026&candidate_id=1351&col=lia
2113,2654,N.Saravana Kumar,https://www.myneta.info/TamilNadu2026/candidate.php?candidate_id=2654,METTUPALAYAM,IND,0,8th Pass,"Rs 56,324 ~ 56 Thou+","Rs 76,000 ~ 76 Thou+"
2114,487,N.Selvam,https://www.myneta.info/TamilNadu2026/candidate.php?candidate_id=487,SANKARANKOVIL (SC),Naam Indiar Party,0,Post Graduate,"Rs 55,05,040 ~ 55 Lacs+","Rs 1,60,000 ~ 1 Lacs+"
2115,1904,N.Vijayakumar,https://www.myneta.info/TamilNadu2026/candidate.php?candidate_id=1904,YERCAUD (ST),IND,0,10th Pass,https://myneta.info/image_v2.php?myneta_folder=TamilNadu2026&candidate_id=1904&col=ta,https://myneta.info/image_v2.php?myneta_folder=TamilNadu2026&candidate_id=1904&col=lia
2116,2349,N.Vijayaragavan,https://www.myneta.info/TamilNadu2026/candidate.php?candidate_id=2349,NAGAPATTINAM,IND,3,Graduate,"Rs 24,47,352 ~ 24 Lacs+","Rs 5,00,958 ~ 5 Lacs+"
2117,3817,N.Viswanathan,https://www.myneta.info/TamilNadu2026/candidate.php?candidate_id=3817,RANIPET,Tamizhaga Vaazhvurimai Katchi,2,8th Pass,"Rs 49,05,000 ~ 49 Lacs+",Rs 0 ~
2118,1052,N.Yoganathan,https://www.myneta.info/TamilNadu2026/candidate.php?candidate_id=1052,MUSIRI,AIADMK,1,8th Pass,https://myneta.info/image_v2.php?myneta_folder=TamilNadu2026&candidate_id=1052&col=ta,https://myneta.info/image_v2.php?myneta_folder=TamilNadu2026&candidate_id=1052&col=lia
2119,564,Nachimuthu. S,https://www.myneta.info/TamilNadu2026/candidate.php?candidate_id=564,PALANI,BSP,0,10th Pass,"Rs 11,71,000 ~ 11 Lacs+",Rs 0 ~
2120,3839,Nadarajan K,https://www.myneta.info/TamilNadu2026/candidate.php?candidate_id=3839,SANKARAPURAM,All India Puratchi Thalaivar Makkal Munnettra Kazhagam,1,Illiterate,"Rs 65,000 ~ 65 Thou+",Rs 0 ~
2121,2806,Nagaiyan.G,https://www.myneta.info/TamilNadu2026/candidate.php?candidate_id=2806,PONNERI (SC),IND,0,10th Pass,https://myneta.info/image_v2.php?myneta_folder=TamilNadu2026&candidate_id=2806&col=ta,https://myneta.info/image_v2.php?myneta_folder=TamilNadu2026&candidate_id=2806&col=lia
2122,149,Nagalakshmi Thirumaran.T,https://www.myneta.info/TamilNadu2026/candidate.php?candidate_id=149,SHOLAVANDAN (SC),Naam Tamilar Katchi,0,Graduate,"Rs 86,22,564 ~ 86 Lacs+","Rs 14,70,000 ~ 14 Lacs+"
2123,54,Nagammal R,https://www.myneta.info/TamilNadu2026/candidate.php?candidate_id=54,KALLAKURICHI (SC),Naam Tamilar Katchi,0,Post Graduate,"Rs 1,51,09,092 ~ 1 Crore+",Rs 0 ~
2124,1780,Nagananthini.V,https://www.myneta.info/TamilNadu2026/candidate.php?candidate_id=1780,BODINAYAKKANUR,IND,0,Post Graduate,https://myneta.info/image_v2.php?myneta_folder=TamilNadu2026&candidate_id=1780&col=ta,https://myneta.info/image_v2.php?myneta_folder=TamilNadu2026&candidate_id=1780&col=lia
2125,3187,Nagaprabu,https://www.myneta.info/TamilNadu2026/candidate.php?candidate_id=3187,SIVAGANGA,IND,0,10th Pass,"Rs 27,015 ~ 27 Thou+",Rs 0 ~
2126,3098,Nagaraj. N,https://www.myneta.info/TamilNadu2026/candidate.php?candidate_id=3098,DINDIGUL,IND,0,Post Graduate,"Rs 65,51,000 ~ 65 Lacs+",Rs 0 ~
2127,3043,Nagaraj.K.,https://www.myneta.info/TamilNadu2026/candidate.php?candidate_id=3043,SULUR,Ganasangam Party of India,0,Illiterate,https://myneta.info/image_v2.php?myneta_folder=TamilNadu2026&candidate_id=3043&col=ta,https://myneta.info/image_v2.php?myneta_folder=TamilNadu2026&candidate_id=3043&col=lia
2128,218,Nagaraj.R,https://www.myneta.info/TamilNadu2026/candidate.php?candidate_id=218,VEPPANAHALLI,Naam Tamilar Katchi,0,Graduate,"Rs 5,22,000 ~ 5 Lacs+",Rs 0 ~
2129,3171,Nagarajan K,https://www.myneta.info/TamilNadu2026/candidate.php?candidate_id=3171,RASIPURAM(SC),IND,0,12th Pass,"Rs 15,54,000 ~ 15 Lacs+","Rs 1,98,000 ~ 1 Lacs+"
2130,1806,Nagarajan L,https://www.myneta.info/TamilNadu2026/candidate.php?candidate_id=1806,NAGERCOIL,Thamizhaka Padaippalar Makkal Katchi,1,Literate,https://myneta.info/image_v2.php?myneta_folder=TamilNadu2026&candidate_id=1806&col=ta,https://myneta.info/image_v2.php?myneta_folder=TamilNadu2026&candidate_id=1806&col=lia
2131,232,Nagarajan P,https://www.myneta.info/TamilNadu2026/candidate.php?candidate_id=232,VILLUPURAM,Veerath Thiyagi Viswanathadoss Thozhilalarkal Katchi,0,10th Pass,"Rs 6,30,000 ~ 6 Lacs+",Rs 0 ~
2132,560,Nagarajan. D.,https://www.myneta.info/TamilNadu2026/candidate.php?candidate_id=560,DHARMAPURI,IND,0,Graduate,"Rs 40,00,000 ~ 40 Lacs+","Rs 1,50,000 ~ 1 Lacs+"
2133,2944,Nagarajan. L,https://www.myneta.info/TamilNadu2026/candidate.php?candidate_id=2944,KADAYANALLUR,IND,0,Graduate Professional,https://myneta.info/image_v2.php?myneta_folder=TamilNadu2026&candidate_id=2944&col=ta,https://myneta.info/image_v2.php?myneta_folder=TamilNadu2026&candidate_id=2944&col=lia
2134,2045,Nagarajan. S,https://www.myneta.info/TamilNadu2026/candidate.php?candidate_id=2045,MYLAPORE,All India Jananayaka Makkal Kazhagam,0,12th Pass,"Rs 70,000 ~ 70 Thou+",Rs 0 ~
2135,1959,Nagarajan. V,https://www.myneta.info/TamilNadu2026/candidate.php?candidate_id=1959,MANACHANALLUR,IND,0,Graduate Professional,"Rs 14,90,000 ~ 14 Lacs+",Rs 0 ~
2136,1814,Nagoor Meeran Peer Mohamed U,https://www.myneta.info/TamilNadu2026/candidate.php?candidate_id=1814,NAGERCOIL,IND,0,5th Pass,https://myneta.info/image_v2.php?myneta_folder=TamilNadu2026&candidate_id=1814&col=ta,https://myneta.info/image_v2.php?myneta_folder=TamilNadu2026&candidate_id=1814&col=lia
2137,2328,Nagoor.M,https://www.myneta.info/TamilNadu2026/candidate.php?candidate_id=2328,THIRUMANGALAM,IND,0,Illiterate,"Rs 3,79,000 ~ 3 Lacs+",Rs 0 ~
2138,3752,Nagul Prakash. A,https://www.myneta.info/TamilNadu2026/candidate.php?candidate_id=3752,ODDANCHATRAM,IND,0,Graduate Professional,"Rs 3,69,726 ~ 3 Lacs+",Rs 0 ~
2139,1092,Nainar Nagenthran,https://www.myneta.info/TamilNadu2026/candidate.php?candidate_id=1092,SATTUR,BJP,6,Post Graduate,https://myneta.info/image_v2.php?myneta_folder=TamilNadu2026&candidate_id=1092&col=ta,https://myneta.info/image_v2.php?myneta_folder=TamilNadu2026&candidate_id=1092&col=lia
2140,1848,Nakkiran. A,https://www.myneta.info/TamilNadu2026/candidate.php?candidate_id=1848,TIRUVANNAMALAI,Thamizhaka Padaippalar Makkal Katchi,0,Literate,"Rs 10,000 ~ 10 Thou+",Rs 0 ~
2141,3219,Nallakkannu Alias Karthic.K,https://www.myneta.info/TamilNadu2026/candidate.php?candidate_id=3219,PALAYAMKOTTAI,IND,0,Graduate Professional,"Rs 1,50,000 ~ 1 Lacs+",Rs 0 ~
2142,3728,Nallakkannu Alias Karthic.K,https://www.myneta.info/TamilNadu2026/candidate.php?candidate_id=3728,NANGUNERI,IND,0,Graduate Professional,https://myneta.info/image_v2.php?myneta_folder=TamilNadu2026&candidate_id=3728&col=ta,https://myneta.info/image_v2.php?myneta_folder=TamilNadu2026&candidate_id=3728&col=lia
2143,3941,Nallamaruthu.K,https://www.myneta.info/TamilNadu2026/candidate.php?candidate_id=3941,TIRUCHULI,IND,0,10th Pass,"Rs 10,61,000 ~ 10 Lacs+",Rs 0 ~
2144,1123,Nallasivam.N,https://www.myneta.info/TamilNadu2026/candidate.php?candidate_id=1123,GOBICHETTIPALAYAM,DMK,1,10th Pass,"Rs 7,44,65,305 ~ 7 Crore+","Rs 92,18,523 ~ 92 Lacs+"
2145,1073,Nallathambi. A,https://www.myneta.info/TamilNadu2026/candidate.php?candidate_id=1073,TIRUPATTUR,DMK,2,10th Pass,https://myneta.info/image_v2.php?myneta_folder=TamilNadu2026&candidate_id=1073&col=ta,https://myneta.info/image_v2.php?myneta_folder=TamilNadu2026&candidate_id=1073&col=lia
2146,296,Nallathambi. A,https://www.myneta.info/TamilNadu2026/candidate.php?candidate_id=296,GANGAVALLI (SC),AIADMK,3,5th Pass,"Rs 79,16,039 ~ 79 Lacs+","Rs 10,89,825 ~ 10 Lacs+"
2147,3640,Nallathambi. P,https://www.myneta.info/TamilNadu2026/candidate.php?candidate_id=3640,KUNNAM,IND,0,12th Pass,"Rs 25,33,000 ~ 25 Lacs+","Rs 15,36,000 ~ 15 Lacs+"
2148,4051,Nallathambi. R,https://www.myneta.info/TamilNadu2026/candidate.php?candidate_id=4051,TIRUPATTUR,IND,0,8th Pass,https://myneta.info/image_v2.php?myneta_folder=TamilNadu2026&candidate_id=4051&col=ta,https://myneta.info/image_v2.php?myneta_folder=TamilNadu2026&candidate_id=4051&col=lia
2149,977,Nallusamy. K.M,https://www.myneta.info/TamilNadu2026/candidate.php?candidate_id=977,KUNNAM,BSP,0,12th Pass,"Rs 6,26,500 ~ 6 Lacs+",Rs 0 ~
2150,2472,Namasivayam.N,https://www.myneta.info/TamilNadu2026/candidate.php?candidate_id=2472,MANNARGUDI,IND,0,10th Pass,"Rs 2,62,100 ~ 2 Lacs+","Rs 25,000 ~ 25 Thou+"
2151,2605,Nanda Kumar,https://www.myneta.info/TamilNadu2026/candidate.php?candidate_id=2605,KOLATHUR,IND,0,8th Pass,https://myneta.info/image_v2.php?myneta_folder=TamilNadu2026&candidate_id=2605&col=ta,https://myneta.info/image_v2.php?myneta_folder=TamilNadu2026&candidate_id=2605&col=lia
2152,1615,Nandakumar A,https://www.myneta.info/TamilNadu2026/candidate.php?candidate_id=1615,PARAMATHIVELUR,Tamilaga Vettri Kazhagam,0,Post Graduate,"Rs 30,44,53,630 ~ 30 Crore+","Rs 40,48,956 ~ 40 Lacs+"
2153,4100,Nandhakumar. A,https://www.myneta.info/TamilNadu2026/candidate.php?candidate_id=4100,KARUR,IND,1,Graduate Professional,"Rs 11,31,539 ~ 11 Lacs+",Rs 0 ~
2154,3597,Nanjundan.M,https://www.myneta.info/TamilNadu2026/candidate.php?candidate_id=3597,KRISHNAGIRI,IND,0,10th Pass,https://myneta.info/image_v2.php?myneta_folder=TamilNadu2026&candidate_id=3597&col=ta,https://myneta.info/image_v2.php?myneta_folder=TamilNadu2026&candidate_id=3597&col=lia
2155,2794,Nanthakumar A.,https://www.myneta.info/TamilNadu2026/candidate.php?candidate_id=2794,CUMBUM,IND,0,Graduate Professional,"Rs 2,61,55,213 ~ 2 Crore+","Rs 16,24,371 ~ 16 Lacs+"
2156,161,Narasimma Reddy Alias Narasimman. R,https://www.myneta.info/TamilNadu2026/candidate.php?candidate_id=161,THALLY,Naam Tamilar Katchi,0,Others,"Rs 66,45,879 ~ 66 Lacs+","Rs 6,27,582 ~ 6 Lacs+"
2157,2927,Narayanan L,https://www.myneta.info/TamilNadu2026/candidate.php?candidate_id=2927,RISHIVANDIYAM,IND,0,Others,https://myneta.info/image_v2.php?myneta_folder=TamilNadu2026&candidate_id=2927&col=ta,https://myneta.info/image_v2.php?myneta_folder=TamilNadu2026&candidate_id=2927&col=lia
2158,743,Narayanasamy V.T.,https://www.myneta.info/TamilNadu2026/candidate.php?candidate_id=743,BODINAYAKKANUR,AIADMK,1,Others,"Rs 68,22,12,688 ~ 68 Crore+","Rs 4,70,29,212 ~ 4 Crore+"
2159,11,Naren S,https://www.myneta.info/TamilNadu2026/candidate.php?candidate_id=11,ARAVAKURICHI,Naam Tamilar Katchi,0,Post Graduate,"Rs 40,85,000 ~ 40 Lacs+","Rs 2,60,000 ~ 2 Lacs+"
2160,1889,Narendrakumar G,https://www.myneta.info/TamilNadu2026/candidate.php?candidate_id=1889,ARAVAKURICHI,IND,0,Graduate Professional,https://myneta.info/image_v2.php?myneta_folder=TamilNadu2026&candidate_id=1889&col=ta,https://myneta.info/image_v2.php?myneta_folder=TamilNadu2026&candidate_id=1889&col=lia
2161,632,Narmada Nandhakumar,https://www.myneta.info/TamilNadu2026/candidate.php?candidate_id=632,SATTUR,IND,8,Post Graduate,"Rs 81,900 ~ 81 Thou+",Rs 0 ~
2162,28,Narmadha. G.,https://www.myneta.info/TamilNadu2026/candidate.php?candidate_id=28,COIMBATORE (NORTH),Naam Tamilar Katchi,0,Post Graduate,"Rs 3,96,84,351 ~ 3 Crore+","Rs 17,50,000 ~ 17 Lacs+"
2163,3286,Nasrin Banu. T,https://www.myneta.info/TamilNadu2026/candidate.php?candidate_id=3286,RAJAPALAYAM,Republican Party of India (Athawale),0,12th Pass,https://myneta.info/image_v2.php?myneta_folder=TamilNadu2026&candidate_id=3286&col=ta,https://myneta.info/image_v2.php?myneta_folder=TamilNadu2026&candidate_id=3286&col=lia
2164,283,Natarajan M,https://www.myneta.info/TamilNadu2026/candidate.php?candidate_id=283,NAMAKKAL,IND,0,8th Pass,"Rs 10,41,39,820 ~ 10 Crore+","Rs 58,02,381 ~ 58 Lacs+"
2165,316,Natarajan P,https://www.myneta.info/TamilNadu2026/candidate.php?candidate_id=316,ARAVAKURICHI,IND,0,10th Pass,"Rs 45,16,000 ~ 45 Lacs+","Rs 6,00,000 ~ 6 Lacs+"
2166,3158,Natarajan. R,https://www.myneta.info/TamilNadu2026/candidate.php?candidate_id=3158,MAYILADUTHURAI,IND,0,10th Pass,https://myneta.info/image_v2.php?myneta_folder=TamilNadu2026&candidate_id=3158&col=ta,https://myneta.info/image_v2.php?myneta_folder=TamilNadu2026&candidate_id=3158&col=lia
2167,1890,Natchimuthu V,https://www.myneta.info/TamilNadu2026/candidate.php?candidate_id=1890,ARAVAKURICHI,IND,0,Illiterate,"Rs 5,566 ~ 5 Thou+",Rs 0 ~
2168,2277,Natchimuthu. R,https://www.myneta.info/TamilNadu2026/candidate.php?candidate_id=2277,VEDASANDUR,IND,0,10th Pass,"Rs 22,60,000 ~ 22 Lacs+","Rs 3,00,000 ~ 3 Lacs+"
2169,1202,Natham Viswanathan R,https://www.myneta.info/TamilNadu2026/candidate.php?candidate_id=1202,NATHAM,AIADMK,2,Graduate,https://myneta.info/image_v2.php?myneta_folder=TamilNadu2026&candidate_id=1202&col=ta,https://myneta.info/image_v2.php?myneta_folder=TamilNadu2026&candidate_id=1202&col=lia
2170,42,Nathiya,https://www.myneta.info/TamilNadu2026/candidate.php?candidate_id=42,GANDARVAKOTTAI (SC),Naam Tamilar Katchi,1,Post Graduate,"Rs 7,72,620 ~ 7 Lacs+","Rs 5,20,000 ~ 5 Lacs+"
2171,3468,Nathiya.S,https://www.myneta.info/TamilNadu2026/candidate.php?candidate_id=3468,ERODE (EAST),IND,0,8th Pass,"Rs 12,200 ~ 12 Thou+",Rs 0 ~
2172,3159,Navanitham. S,https://www.myneta.info/TamilNadu2026/candidate.php?candidate_id=3159,MAYILADUTHURAI,IND,0,8th Pass,https://myneta.info/image_v2.php?myneta_folder=TamilNadu2026&candidate_id=3159&col=ta,https://myneta.info/image_v2.php?myneta_folder=TamilNadu2026&candidate_id=3159&col=lia
2173,2957,Naveen.R,https://www.myneta.info/TamilNadu2026/candidate.php?candidate_id=2957,VANIYAMBADI,IND,0,Others,"Rs 18,31,000 ~ 18 Lacs+","Rs 9,60,000 ~ 9 Lacs+"
2174,2702,Naveenth. M,https://www.myneta.info/TamilNadu2026/candidate.php?candidate_id=2702,KRISHNARAYAPURAM (SC),IND,0,Graduate Professional,"Rs 8,36,500 ~ 8 Lacs+",Rs 0 ~
2175,3088,Nazeer Raja. G,https://www.myneta.info/TamilNadu2026/candidate.php?candidate_id=3088,DINDIGUL,Tamilaga Vettri Kazhagam,3,10th Pass,https://myneta.info/image_v2.php?myneta_folder=TamilNadu2026&candidate_id=3088&col=ta,https://myneta.info/image_v2.php?myneta_folder=TamilNadu2026&candidate_id=3088&col=lia
2176,1573,Nazim Khan. M,https://www.myneta.info/TamilNadu2026/candidate.php?candidate_id=1573,ARANTHANGI,Tamizhaga Vaazhvurimai Katchi,0,Graduate Professional,"Rs 53,32,000 ~ 53 Lacs+","Rs 19,91,256 ~ 19 Lacs+"
2177,2254,Nedunchezhiyan,https://www.myneta.info/TamilNadu2026/candidate.php?candidate_id=2254,CHIDAMBARAM,Tamilaga Vettri Kazhagam,0,10th Pass,"Rs 51,39,453 ~ 51 Lacs+",Rs 0 ~
2178,3201,Neelakannan.T,https://www.myneta.info/TamilNadu2026/candidate.php?candidate_id=3201,ANDIPATTI,IND,0,10th Pass,https://myneta.info/image_v2.php?myneta_folder=TamilNadu2026&candidate_id=3201&col=ta,https://myneta.info/image_v2.php?myneta_folder=TamilNadu2026&candidate_id=3201&col=lia
2179,850,Neelam E.Ramkumar,https://www.myneta.info/TamilNadu2026/candidate.php?candidate_id=850,MADURANTAKAM (SC),BSP,0,Graduate Professional,"Rs 14,26,000 ~ 14 Lacs+","Rs 5,62,624 ~ 5 Lacs+"
2180,3498,Nehru. G,https://www.myneta.info/TamilNadu2026/candidate.php?candidate_id=3498,HARUR (SC),BSP,0,Others,"Rs 3,76,000 ~ 3 Lacs+","Rs 3,55,000 ~ 3 Lacs+"
2181,152,Nehruji Gunasekaran,https://www.myneta.info/TamilNadu2026/candidate.php?candidate_id=152,SINGANALLUR,Naam Tamilar Katchi,0,Graduate Professional,https://myneta.info/image_v2.php?myneta_folder=TamilNadu2026&candidate_id=152&col=ta,https://myneta.info/image_v2.php?myneta_folder=TamilNadu2026&candidate_id=152&col=lia
2182,1640,Neiveli Sasikumar,https://www.myneta.info/TamilNadu2026/candidate.php?candidate_id=1640,PERAVURANI,Tamizhaga Vaazhvurimai Katchi,0,8th Pass,"Rs 7,05,729 ~ 7 Lacs+","Rs 1,74,000 ~ 1 Lacs+"
2183,459,Nelson.W.,https://www.myneta.info/TamilNadu2026/candidate.php?candidate_id=459,SULUR,Tamilaga Makkal Nala Katchi,0,5th Pass,Rs 500 ~ 5 Hund+,Rs 0 ~
2184,397,Neppoliyan K,https://www.myneta.info/TamilNadu2026/candidate.php?candidate_id=397,RASIPURAM(SC),IND,1,Graduate Professional,https://myneta.info/image_v2.php?myneta_folder=TamilNadu2026&candidate_id=397&col=ta,https://myneta.info/image_v2.php?myneta_folder=TamilNadu2026&candidate_id=397&col=lia
2185,3707,Netajikaviarasu V,https://www.myneta.info/TamilNadu2026/candidate.php?candidate_id=3707,NAMAKKAL,IND,0,Graduate Professional,"Rs 17,00,000 ~ 17 Lacs+",Rs 0 ~
2186,1786,Newton Babu. C,https://www.myneta.info/TamilNadu2026/candidate.php?candidate_id=1786,KARAIKUDI,Puthiya Tamilagam,0,12th Pass,"Rs 3,11,227 ~ 3 Lacs+",Rs 0 ~
2187,2504,Newton.A,https://www.myneta.info/TamilNadu2026/candidate.php?candidate_id=2504,SRIRANGAM,Puthiya Tamilagam,0,Graduate Professional,https://myneta.info/image_v2.php?myneta_folder=TamilNadu2026&candidate_id=2504&col=ta,https://myneta.info/image_v2.php?myneta_folder=TamilNadu2026&candidate_id=2504&col=lia
2188,956,Nirmalkumar. R.,https://www.myneta.info/TamilNadu2026/candidate.php?candidate_id=956,THIRUPARANKUNDRAM,Tamilaga Vettri Kazhagam,2,Post Graduate,"Rs 26,26,22,612 ~ 26 Crore+",Rs 0 ~
2189,2097,Nirmalkumar.R,https://www.myneta.info/TamilNadu2026/candidate.php?candidate_id=2097,THONDAMUTHUR,IND,0,10th Pass,"Rs 4,08,060 ~ 4 Lacs+",Rs 0 ~
2190,930,Nithya Sugumar,https://www.myneta.info/TamilNadu2026/candidate.php?candidate_id=930,KANCHEEPURAM,DMK,0,10th Pass,https://myneta.info/image_v2.php?myneta_folder=TamilNadu2026&candidate_id=930&col=ta,https://myneta.info/image_v2.php?myneta_folder=TamilNadu2026&candidate_id=930&col=lia
2191,147,Nithya. A,https://www.myneta.info/TamilNadu2026/candidate.php?candidate_id=147,SANKARI,Naam Tamilar Katchi,0,Post Graduate,"Rs 3,79,80,634 ~ 3 Crore+","Rs 1,24,00,000 ~ 1 Crore+"
2192,1347,Nivedha M Murugan,https://www.myneta.info/TamilNadu2026/candidate.php?candidate_id=1347,POOMPUHAR,DMK,1,8th Pass,"Rs 13,52,46,965 ~ 13 Crore+","Rs 11,65,67,350 ~ 11 Crore+"
2193,1991,Nivetha,https://www.myneta.info/TamilNadu2026/candidate.php?candidate_id=1991,PERAMBUR,IND,0,Post Graduate,https://myneta.info/image_v2.php?myneta_folder=TamilNadu2026&candidate_id=1991&col=ta,https://myneta.info/image_v2.php?myneta_folder=TamilNadu2026&candidate_id=1991&col=lia
2194,1362,Nivin Simon. J,https://www.myneta.info/TamilNadu2026/candidate.php?candidate_id=1362,KILLIYOOR,BJP,0,Post Graduate,"Rs 9,59,06,817 ~ 9 Crore+","Rs 73,83,412 ~ 73 Lacs+"
2195,882,Nm.Sukumar,https://www.myneta.info/TamilNadu2026/candidate.php?candidate_id=882,SULUR,Tamilaga Vettri Kazhagam,1,Others,"Rs 4,44,17,326 ~ 4 Crore+","Rs 60,28,853 ~ 60 Lacs+"
2196,2736,Noor Nisha. M,https://www.myneta.info/TamilNadu2026/candidate.php?candidate_id=2736,POOMPUHAR,IND,0,12th Pass,https://myneta.info/image_v2.php?myneta_folder=TamilNadu2026&candidate_id=2736&col=ta,https://myneta.info/image_v2.php?myneta_folder=TamilNadu2026&candidate_id=2736&col=lia
2197,1364,Nsn Nataraj,https://www.myneta.info/TamilNadu2026/candidate.php?candidate_id=1364,KANGAYAM,AIADMK,0,Graduate,"Rs 99,71,71,794 ~ 99 Crore+","Rs 12,32,51,656 ~ 12 Crore+"
2198,1195,O.K.Chinnaraj,https://www.myneta.info/TamilNadu2026/candidate.php?candidate_id=1195,METTUPALAYAM,AIADMK,6,12th Pass,"Rs 86,83,095 ~ 86 Lacs+",Rs 0 ~
2199,3602,O.Kathalingam,https://www.myneta.info/TamilNadu2026/candidate.php?candidate_id=3602,KULITHALAI,IND,1,Post Graduate,https://myneta.info/image_v2.php?myneta_folder=TamilNadu2026&candidate_id=3602&col=ta,https://myneta.info/image_v2.php?myneta_folder=TamilNadu2026&candidate_id=3602&col=lia
2200,3801,Oliver Anton Navamoni. S,https://www.myneta.info/TamilNadu2026/candidate.php?candidate_id=3801,RADHAPURAM,IND,0,Post Graduate,"Rs 1,93,72,070 ~ 1 Crore+","Rs 47,22,000 ~ 47 Lacs+"
2201,2595,Oormila,https://www.myneta.info/TamilNadu2026/candidate.php?candidate_id=2595,KOLATHUR,Tamizhaga Vaazhvurimai Katchi,0,12th Pass,"Rs 2,36,99,869 ~ 2 Crore+","Rs 1,00,63,647 ~ 1 Crore+"
2202,1250,Oorvasi Amirtharaj. S,https://www.myneta.info/TamilNadu2026/candidate.php?candidate_id=1250,SRIVAIKUNTAM,INC,0,Post Graduate,https://myneta.info/image_v2.php?myneta_folder=TamilNadu2026&candidate_id=1250&col=ta,https://myneta.info/image_v2.php?myneta_folder=TamilNadu2026&candidate_id=1250&col=lia
2203,183,Ophiliya,https://www.myneta.info/TamilNadu2026/candidate.php?candidate_id=183,TIRUCHENDUR,Naam Tamilar Katchi,0,Graduate,"Rs 97,25,922 ~ 97 Lacs+","Rs 62,95,013 ~ 62 Lacs+"
2204,3209,P .Mathanraja,https://www.myneta.info/TamilNadu2026/candidate.php?candidate_id=3209,OTTAPIDARAM (SC),Tamilaga Vettri Kazhagam,0,Graduate Professional,"Rs 2,31,94,202 ~ 2 Crore+","Rs 85,03,203 ~ 85 Lacs+"
2205,775,P Chandrasekar,https://www.myneta.info/TamilNadu2026/candidate.php?candidate_id=775,SENTHAMANGALAM(ST),Tamilaga Vettri Kazhagam,0,Graduate Professional,https://myneta.info/image_v2.php?myneta_folder=TamilNadu2026&candidate_id=775&col=ta,https://myneta.info/image_v2.php?myneta_folder=TamilNadu2026&candidate_id=775&col=lia
2206,1114,P K Sekarbabu,https://www.myneta.info/TamilNadu2026/candidate.php?candidate_id=1114,HARBOUR,DMK,0,10th Pass,"Rs 2,93,79,774 ~ 2 Crore+","Rs 2,80,000 ~ 2 Lacs+"
2207,2309,P Muthusamy,https://www.myneta.info/TamilNadu2026/candidate.php?candidate_id=2309,MADURAI NORTH,IND,0,10th Pass,"Rs 95,944 ~ 95 Thou+",Rs 0 ~
2208,393,P Poomalar,https://www.myneta.info/TamilNadu2026/candidate.php?candidate_id=393,SENTHAMANGALAM(ST),DMK,0,8th Pass,https://myneta.info/image_v2.php?myneta_folder=TamilNadu2026&candidate_id=393&col=ta,https://myneta.info/image_v2.php?myneta_folder=TamilNadu2026&candidate_id=393&col=lia
2209,1483,P Ramasamy,https://www.myneta.info/TamilNadu2026/candidate.php?candidate_id=1483,SENTHAMANGALAM(ST),Tamizhaga Vaazhvurimai Katchi,2,8th Pass,"Rs 1,88,500 ~ 1 Lacs+",Rs 0 ~
2210,2859,P Thangaraj,https://www.myneta.info/TamilNadu2026/candidate.php?candidate_id=2859,MADATHUKULAM,IND,0,Literate,"Rs 7,34,000 ~ 7 Lacs+","Rs 2,00,000 ~ 2 Lacs+"
2211,271,P Vijayakumar,https://www.myneta.info/TamilNadu2026/candidate.php?candidate_id=271,HARBOUR,IND,0,Graduate,https://myneta.info/image_v2.php?myneta_folder=TamilNadu2026&candidate_id=271&col=ta,https://myneta.info/image_v2.php?myneta_folder=TamilNadu2026&candidate_id=271&col=lia
2212,828,P. Abdul Samed,https://www.myneta.info/TamilNadu2026/candidate.php?candidate_id=828,MANAPPARAI,DMK,21,10th Pass,"Rs 21,62,000 ~ 21 Lacs+",Rs 0 ~
2213,1429,P. Arumugam,https://www.myneta.info/TamilNadu2026/candidate.php?candidate_id=1429,AMBATTUR,IND,0,8th Pass,"Rs 9,60,000 ~ 9 Lacs+",Rs 0 ~
2214,322,P. Benjamin,https://www.myneta.info/TamilNadu2026/candidate.php?candidate_id=322,MADHURAVOYAL,AIADMK,0,Graduate,https://myneta.info/image_v2.php?myneta_folder=TamilNadu2026&candidate_id=322&col=ta,https://myneta.info/image_v2.php?myneta_folder=TamilNadu2026&candidate_id=322&col=lia
2215,2186,P. Charles Sagayaraj,https://www.myneta.info/TamilNadu2026/candidate.php?candidate_id=2186,TIRUCHIRAPPALLI (EAST),IND,0,Post Graduate,"Rs 26,26,119 ~ 26 Lacs+","Rs 4,65,000 ~ 4 Lacs+"
2216,2820,P. Chellapandian,https://www.myneta.info/TamilNadu2026/candidate.php?candidate_id=2820,AVADI,IND,0,Graduate,"Rs 11,18,000 ~ 11 Lacs+",Rs 0 ~
2217,1606,P. Chinnan,https://www.myneta.info/TamilNadu2026/candidate.php?candidate_id=1606,MANAPPARAI,IND,0,5th Pass,https://myneta.info/image_v2.php?myneta_folder=TamilNadu2026&candidate_id=1606&col=ta,https://myneta.info/image_v2.php?myneta_folder=TamilNadu2026&candidate_id=1606&col=lia
2218,3647,P. Elanchezhiyan,https://www.myneta.info/TamilNadu2026/candidate.php?candidate_id=3647,LALGUDI,Puthiya Tamilagam,0,Graduate Professional,"Rs 5,62,000 ~ 5 Lacs+","Rs 1,75,000 ~ 1 Lacs+"
2219,1981,P. Esakki Muthu,https://www.myneta.info/TamilNadu2026/candidate.php?candidate_id=1981,PERAMBUR,IND,0,Illiterate,"Rs 40,000 ~ 40 Thou+",Rs 0 ~
2220,1273,P. Geetha Jeevan,https://www.myneta.info/TamilNadu2026/candidate.php?candidate_id=1273,THOOTHUKUDI,DMK,1,Post Graduate,https://myneta.info/image_v2.php?myneta_folder=TamilNadu2026&candidate_id=1273&col=ta,https://myneta.info/image_v2.php?myneta_folder=TamilNadu2026&candidate_id=1273&col=lia
2221,777,P. Govindaraj,https://www.myneta.info/TamilNadu2026/candidate.php?candidate_id=777,ARAKKONAM (SC),IND,0,12th Pass,"Rs 5,94,500 ~ 5 Lacs+",Rs 0 ~
2222,1984,P. Gunasekar,https://www.myneta.info/TamilNadu2026/candidate.php?candidate_id=1984,PERAMBUR,IND,0,10th Pass,"Rs 2,40,000 ~ 2 Lacs+",Rs 0 ~
2223,2499,P. Jeyakumar,https://www.myneta.info/TamilNadu2026/candidate.php?candidate_id=2499,VILATHIKULAM,IND,0,Graduate,https://myneta.info/image_v2.php?myneta_folder=TamilNadu2026&candidate_id=2499&col=ta,https://myneta.info/image_v2.php?myneta_folder=TamilNadu2026&candidate_id=2499&col=lia
2224,3975,P. Karpagavalli,https://www.myneta.info/TamilNadu2026/candidate.php?candidate_id=3975,VASUDEVANALLUR (SC),IND,0,10th Pass,"Rs 6,32,000 ~ 6 Lacs+",Rs 0 ~
2225,1048,P. Kasiram,https://www.myneta.info/TamilNadu2026/candidate.php?candidate_id=1048,VILATHIKULAM,Tamilaga Vettri Kazhagam,1,5th Pass,"Rs 83,97,572 ~ 83 Lacs+","Rs 4,97,000 ~ 4 Lacs+"
2226,2063,P. Kathiravan,https://www.myneta.info/TamilNadu2026/candidate.php?candidate_id=2063,COIMBATORE (SOUTH),IND,0,Graduate Professional,https://myneta.info/image_v2.php?myneta_folder=TamilNadu2026&candidate_id=2063&col=ta,https://myneta.info/image_v2.php?myneta_folder=TamilNadu2026&candidate_id=2063&col=lia
2227,873,P. Krishnasamy,https://www.myneta.info/TamilNadu2026/candidate.php?candidate_id=873,COIMBATORE (NORTH),BSP,0,5th Pass,"Rs 6,40,000 ~ 6 Lacs+","Rs 2,49,000 ~ 2 Lacs+"
2228,3084,P. Manivel,https://www.myneta.info/TamilNadu2026/candidate.php?candidate_id=3084,ATHOOR,IND,0,Post Graduate,"Rs 10,000 ~ 10 Thou+",Rs 0 ~
2229,2073,P. Manoj,https://www.myneta.info/TamilNadu2026/candidate.php?candidate_id=2073,COIMBATORE (SOUTH),IND,0,10th Pass,https://myneta.info/image_v2.php?myneta_folder=TamilNadu2026&candidate_id=2073&col=ta,https://myneta.info/image_v2.php?myneta_folder=TamilNadu2026&candidate_id=2073&col=lia
2230,2033,P. Marimuthu,https://www.myneta.info/TamilNadu2026/candidate.php?candidate_id=2033,DR.RADHAKRISHNAN NAGAR,IND,0,5th Pass,"Rs 40,62,400 ~ 40 Lacs+",Rs 0 ~
2231,1599,P. Meena,https://www.myneta.info/TamilNadu2026/candidate.php?candidate_id=1599,MANAPPARAI,Puthiya Tamilagam,0,8th Pass,"Rs 34,70,000 ~ 34 Lacs+","Rs 13,00,000 ~ 13 Lacs+"
2232,2613,P. Milany,https://www.myneta.info/TamilNadu2026/candidate.php?candidate_id=2613,KOLATHUR,IND,6,Graduate Professional,https://myneta.info/image_v2.php?myneta_folder=TamilNadu2026&candidate_id=2613&col=ta,https://myneta.info/image_v2.php?myneta_folder=TamilNadu2026&candidate_id=2613&col=lia
2233,2239,P. Nagaraj,https://www.myneta.info/TamilNadu2026/candidate.php?candidate_id=2239,POLLACHI,IND,0,10th Pass,"Rs 2,20,000 ~ 2 Lacs+",Rs 0 ~
2234,2070,P. Palanivel,https://www.myneta.info/TamilNadu2026/candidate.php?candidate_id=2070,COIMBATORE (SOUTH),IND,0,Graduate Professional,"Rs 10,83,267 ~ 10 Lacs+",Rs 0 ~
2235,1993,P. Ponraj,https://www.myneta.info/TamilNadu2026/candidate.php?candidate_id=1993,PERAMBUR,IND,0,10th Pass,https://myneta.info/image_v2.php?myneta_folder=TamilNadu2026&candidate_id=1993&col=ta,https://myneta.info/image_v2.php?myneta_folder=TamilNadu2026&candidate_id=1993&col=lia
2236,3899,P. Pushpalatha,https://www.myneta.info/TamilNadu2026/candidate.php?candidate_id=3899,TENKASI,Naam Tamilar Katchi,0,Graduate Professional,"Rs 1,45,16,182 ~ 1 Crore+","Rs 47,55,929 ~ 47 Lacs+"
2237,2498,P. Rajasekaran,https://www.myneta.info/TamilNadu2026/candidate.php?candidate_id=2498,VILATHIKULAM,IND,0,Post Graduate,"Rs 46,20,920 ~ 46 Lacs+",Rs 0 ~
2238,2189,P. Rajendran,https://www.myneta.info/TamilNadu2026/candidate.php?candidate_id=2189,TIRUCHIRAPPALLI (EAST),IND,0,10th Pass,https://myneta.info/image_v2.php?myneta_folder=TamilNadu2026&candidate_id=2189&col=ta,https://myneta.info/image_v2.php?myneta_folder=TamilNadu2026&candidate_id=2189&col=lia
2239,2065,P. Sangararaj,https://www.myneta.info/TamilNadu2026/candidate.php?candidate_id=2065,COIMBATORE (SOUTH),IND,0,10th Pass,"Rs 7,55,398 ~ 7 Lacs+","Rs 72,000 ~ 72 Thou+"
2240,1177,P. Santhana Krishnan,https://www.myneta.info/TamilNadu2026/candidate.php?candidate_id=1177,KOLATHUR,AIADMK,0,Others,"Rs 2,42,20,699 ~ 2 Crore+","Rs 9,00,000 ~ 9 Lacs+"
2241,3648,P. Saravanan,https://www.myneta.info/TamilNadu2026/candidate.php?candidate_id=3648,LALGUDI,Tamizhaga Vaazhvurimai Katchi,0,10th Pass,https://myneta.info/image_v2.php?myneta_folder=TamilNadu2026&candidate_id=3648&col=ta,https://myneta.info/image_v2.php?myneta_folder=TamilNadu2026&candidate_id=3648&col=lia
2242,3030,P. Saravanan,https://www.myneta.info/TamilNadu2026/candidate.php?candidate_id=3030,COIMBATORE (NORTH),IND,1,Not Given,"Rs 15,58,831 ~ 15 Lacs+","Rs 12,20,000 ~ 12 Lacs+"
2243,3399,P. Sudhakar,https://www.myneta.info/TamilNadu2026/candidate.php?candidate_id=3399,ARAKKONAM (SC),BSP,0,12th Pass,"Rs 8,91,000 ~ 8 Lacs+",Rs 0 ~
2244,1545,P. Sumathi,https://www.myneta.info/TamilNadu2026/candidate.php?candidate_id=1545,ROYAPURAM,IND,0,10th Pass,https://myneta.info/image_v2.php?myneta_folder=TamilNadu2026&candidate_id=1545&col=ta,https://myneta.info/image_v2.php?myneta_folder=TamilNadu2026&candidate_id=1545&col=lia
2245,1987,P. Thangamani,https://www.myneta.info/TamilNadu2026/candidate.php?candidate_id=1987,PERAMBUR,IND,0,8th Pass,"Rs 2,60,000 ~ 2 Lacs+",Rs 0 ~
2246,3122,P. Vedhagiri,https://www.myneta.info/TamilNadu2026/candidate.php?candidate_id=3122,SRIPERUMBUDUR (SC),IND,0,5th Pass,"Rs 20,84,901 ~ 20 Lacs+",Rs 0 ~
2247,3535,P. Venkatesan,https://www.myneta.info/TamilNadu2026/candidate.php?candidate_id=3535,KANCHEEPURAM,All India Puratchi Thalaivar Makkal Munnettra Kazhagam,0,Others,https://myneta.info/image_v2.php?myneta_folder=TamilNadu2026&candidate_id=3535&col=ta,https://myneta.info/image_v2.php?myneta_folder=TamilNadu2026&candidate_id=3535&col=lia
2248,1610,P. Vijayakumar,https://www.myneta.info/TamilNadu2026/candidate.php?candidate_id=1610,MANAPPARAI,IND,0,10th Pass,"Rs 8,000 ~ 8 Thou+",Rs 0 ~
2249,1670,P.Chandra Kanth,https://www.myneta.info/TamilNadu2026/candidate.php?candidate_id=1670,SHOLINGANALLUR,IND,0,Post Graduate,"Rs 2,73,98,980 ~ 2 Crore+","Rs 99,97,859 ~ 99 Lacs+"
2250,2584,P.George Devadoss,https://www.myneta.info/TamilNadu2026/candidate.php?candidate_id=2584,CHENGALPATTU,IND,0,Graduate Professional,https://myneta.info/image_v2.php?myneta_folder=TamilNadu2026&candidate_id=2584&col=ta,https://myneta.info/image_v2.php?myneta_folder=TamilNadu2026&candidate_id=2584&col=lia
2251,248,P.Jayakumar,https://www.myneta.info/TamilNadu2026/candidate.php?candidate_id=248,AVADI,Samaniya Makkal Nala Katchi,0,Graduate,"Rs 44,27,000 ~ 44 Lacs+",Rs 0 ~
2252,3374,P.Jayaseelan,https://www.myneta.info/TamilNadu2026/candidate.php?candidate_id=3374,ANAIKATTU,Puthiya Tamilagam,0,Graduate Professional,"Rs 60,000 ~ 60 Thou+",Rs 0 ~
2253,1104,P.Karthikeyan,https://www.myneta.info/TamilNadu2026/candidate.php?candidate_id=1104,VELLORE,DMK,0,5th Pass,https://myneta.info/image_v2.php?myneta_folder=TamilNadu2026&candidate_id=1104&col=ta,https://myneta.info/image_v2.php?myneta_folder=TamilNadu2026&candidate_id=1104&col=lia
2254,1108,P.L.Sundaram,https://www.myneta.info/TamilNadu2026/candidate.php?candidate_id=1108,BHAVANISAGAR (SC),CPI,2,8th Pass,"Rs 33,48,719 ~ 33 Lacs+","Rs 5,00,000 ~ 5 Lacs+"
2255,624,P.Loganathan,https://www.myneta.info/TamilNadu2026/candidate.php?candidate_id=624,MUSIRI,IND,0,Post Graduate,"Rs 6,63,000 ~ 6 Lacs+",Rs 0 ~
2256,1047,P.M.Ramajeyam,https://www.myneta.info/TamilNadu2026/candidate.php?candidate_id=1047,OTTAPIDARAM (SC),DMK,0,Graduate,https://myneta.info/image_v2.php?myneta_folder=TamilNadu2026&candidate_id=1047&col=ta,https://myneta.info/image_v2.php?myneta_folder=TamilNadu2026&candidate_id=1047&col=lia
2257,2491,P.Madasamy,https://www.myneta.info/TamilNadu2026/candidate.php?candidate_id=2491,VILATHIKULAM,Puthiya Tamilagam,0,Literate,"Rs 30,16,781 ~ 30 Lacs+","Rs 1,88,000 ~ 1 Lacs+"
2258,3239,P.Mani,https://www.myneta.info/TamilNadu2026/candidate.php?candidate_id=3239,KANGAYAM,IND,0,5th Pass,"Rs 2,00,000 ~ 2 Lacs+",Rs 0 ~
2259,2400,P.Manikandan,https://www.myneta.info/TamilNadu2026/candidate.php?candidate_id=2400,THIRUVIDAIMARUDUR (SC),IND,0,Post Graduate,https://myneta.info/image_v2.php?myneta_folder=TamilNadu2026&candidate_id=2400&col=ta,https://myneta.info/image_v2.php?myneta_folder=TamilNadu2026&candidate_id=2400&col=lia
2260,2268,P.Manikandan,https://www.myneta.info/TamilNadu2026/candidate.php?candidate_id=2268,NILAKKOTTAI (SC),IND,0,Illiterate,"Rs 11,55,094 ~ 11 Lacs+",Rs 0 ~
2261,3599,P.Murugan,https://www.myneta.info/TamilNadu2026/candidate.php?candidate_id=3599,KULITHALAI,Ganasangam Party of India,0,Graduate,"Rs 1,09,500 ~ 1 Lacs+",Rs 0 ~
2262,690,P.Nagasundaram,https://www.myneta.info/TamilNadu2026/candidate.php?candidate_id=690,CUDDALORE,IND,5,Post Graduate,https://myneta.info/image_v2.php?myneta_folder=TamilNadu2026&candidate_id=690&col=ta,https://myneta.info/image_v2.php?myneta_folder=TamilNadu2026&candidate_id=690&col=lia
2263,892,P.Natarajan,https://www.myneta.info/TamilNadu2026/candidate.php?candidate_id=892,CUDDALORE,BSP,0,Graduate Professional,"Rs 12,06,000 ~ 12 Lacs+",Rs 0 ~
2264,3907,P.Noble Krishna,https://www.myneta.info/TamilNadu2026/candidate.php?candidate_id=3907,TENKASI,IND,0,12th Pass,"Rs 35,000 ~ 35 Thou+",Rs 0 ~
2265,3238,P.Parthiban,https://www.myneta.info/TamilNadu2026/candidate.php?candidate_id=3238,KANGAYAM,IND,0,10th Pass,https://myneta.info/image_v2.php?myneta_folder=TamilNadu2026&candidate_id=3238&col=ta,https://myneta.info/image_v2.php?myneta_folder=TamilNadu2026&candidate_id=3238&col=lia
2266,1194,P.Periyapullan Alias Selvam,https://www.myneta.info/TamilNadu2026/candidate.php?candidate_id=1194,MELUR,AIADMK,5,12th Pass,"Rs 5,50,82,726 ~ 5 Crore+",Rs 0 ~
2267,853,P.Pon Raja,https://www.myneta.info/TamilNadu2026/candidate.php?candidate_id=853,TAMBARAM,Tamizhaga Vaazhvurimai Katchi,0,8th Pass,"Rs 28,28,000 ~ 28 Lacs+","Rs 10,10,000 ~ 10 Lacs+"
2268,2524,P.Rajendran,https://www.myneta.info/TamilNadu2026/candidate.php?candidate_id=2524,TIRUCHIRAPPALLI (WEST),IND,0,10th Pass,https://myneta.info/image_v2.php?myneta_folder=TamilNadu2026&candidate_id=2524&col=ta,https://myneta.info/image_v2.php?myneta_folder=TamilNadu2026&candidate_id=2524&col=lia
2269,2546,P.Ravi,https://www.myneta.info/TamilNadu2026/candidate.php?candidate_id=2546,TIRUPPUR (NORTH),IND,0,5th Pass,"Rs 48,50,642 ~ 48 Lacs+","Rs 5,00,000 ~ 5 Lacs+"
2270,2661,P.Ravichandran,https://www.myneta.info/TamilNadu2026/candidate.php?candidate_id=2661,METTUPALAYAM,IND,0,12th Pass,"Rs 1,15,032 ~ 1 Lacs+",Rs 0 ~
2271,3341,P.Ravichandran,https://www.myneta.info/TamilNadu2026/candidate.php?candidate_id=3341,PALLAVARAM,IND,0,Graduate Professional,https://myneta.info/image_v2.php?myneta_folder=TamilNadu2026&candidate_id=3341&col=ta,https://myneta.info/image_v2.php?myneta_folder=TamilNadu2026&candidate_id=3341&col=lia
2272,2262,P.Sankar,https://www.myneta.info/TamilNadu2026/candidate.php?candidate_id=2262,NILAKKOTTAI (SC),Puthiya Tamilagam,2,Post Graduate,"Rs 43,97,718 ~ 43 Lacs+","Rs 17,03,000 ~ 17 Lacs+"
2273,741,P.Saravanan,https://www.myneta.info/TamilNadu2026/candidate.php?candidate_id=741,MADURAI NORTH,AIADMK,1,Post Graduate,"Rs 24,06,86,937 ~ 24 Crore+","Rs 1,53,48,715 ~ 1 Crore+"
2274,2155,P.Saroja W/O  Kulanthaivelu,https://www.myneta.info/TamilNadu2026/candidate.php?candidate_id=2155,THURAIYUR (SC),IND,0,Post Graduate,https://myneta.info/image_v2.php?myneta_folder=TamilNadu2026&candidate_id=2155&col=ta,https://myneta.info/image_v2.php?myneta_folder=TamilNadu2026&candidate_id=2155&col=lia
2275,3607,P.Selvakumar,https://www.myneta.info/TamilNadu2026/candidate.php?candidate_id=3607,KULITHALAI,IND,0,Graduate Professional,"Rs 18,41,000 ~ 18 Lacs+",Rs 0 ~
2276,1589,P.Selvam,https://www.myneta.info/TamilNadu2026/candidate.php?candidate_id=1589,CHENGAM (SC),IND,0,Post Graduate,"Rs 3,68,421 ~ 3 Lacs+","Rs 54,000 ~ 54 Thou+"
2277,2263,P.Selvam,https://www.myneta.info/TamilNadu2026/candidate.php?candidate_id=2263,NILAKKOTTAI (SC),Republican Party of India (A),1,Graduate Professional,https://myneta.info/image_v2.php?myneta_folder=TamilNadu2026&candidate_id=2263&col=ta,https://myneta.info/image_v2.php?myneta_folder=TamilNadu2026&candidate_id=2263&col=lia
2278,3622,P.Senthilkumar,https://www.myneta.info/TamilNadu2026/candidate.php?candidate_id=3622,KUMARAPALAYAM,IND,0,8th Pass,"Rs 7,40,000 ~ 7 Lacs+","Rs 36,000 ~ 36 Thou+"
2279,2150,P.Srinivasan,https://www.myneta.info/TamilNadu2026/candidate.php?candidate_id=2150,THURAIYUR (SC),BSP,0,10th Pass,"Rs 12,000 ~ 12 Thou+",Rs 0 ~
2280,3876,P.Tamilselvi,https://www.myneta.info/TamilNadu2026/candidate.php?candidate_id=3876,SINGANALLUR,IND,0,10th Pass,https://myneta.info/image_v2.php?myneta_folder=TamilNadu2026&candidate_id=3876&col=ta,https://myneta.info/image_v2.php?myneta_folder=TamilNadu2026&candidate_id=3876&col=lia
2281,1360,P.Thangamani,https://www.myneta.info/TamilNadu2026/candidate.php?candidate_id=1360,KUMARAPALAYAM,AIADMK,4,10th Pass,"Rs 3,72,07,437 ~ 3 Crore+",Rs 0 ~
2282,794,P.Thirugnanasambantham,https://www.myneta.info/TamilNadu2026/candidate.php?candidate_id=794,KANGAYAM,Party for the Rights of Other backward Classes,0,Graduate Professional,"Rs 7,26,47,000 ~ 7 Crore+","Rs 1,30,000 ~ 1 Lacs+"
2283,1334,P.Usharani,https://www.myneta.info/TamilNadu2026/candidate.php?candidate_id=1334,YERCAUD (ST),AIADMK,0,8th Pass,https://myneta.info/image_v2.php?myneta_folder=TamilNadu2026&candidate_id=1334&col=ta,https://myneta.info/image_v2.php?myneta_folder=TamilNadu2026&candidate_id=1334&col=lia
2284,3366,P.Venkatesan,https://www.myneta.info/TamilNadu2026/candidate.php?candidate_id=3366,ARCOT,Tamizhaga Vaazhvurimai Katchi,0,5th Pass,"Rs 1,10,71,000 ~ 1 Crore+","Rs 14,95,000 ~ 14 Lacs+"
2285,1193,P.Viswanathan,https://www.myneta.info/TamilNadu2026/candidate.php?candidate_id=1193,MELUR,INC,1,Graduate,"Rs 3,63,70,840 ~ 3 Crore+","Rs 1,06,00,000 ~ 1 Crore+"
2286,3844,Pachaiyappan K,https://www.myneta.info/TamilNadu2026/candidate.php?candidate_id=3844,SANKARAPURAM,IND,0,10th Pass,https://myneta.info/image_v2.php?myneta_folder=TamilNadu2026&candidate_id=3844&col=ta,https://myneta.info/image_v2.php?myneta_folder=TamilNadu2026&candidate_id=3844&col=lia
2287,2142,Pachaiyappan.E,https://www.myneta.info/TamilNadu2026/candidate.php?candidate_id=2142,THOUSAND LIGHTS,IND,0,8th Pass,"Rs 15,15,000 ~ 15 Lacs+",Rs 0 ~
2288,181,Pachimuthu. P,https://www.myneta.info/TamilNadu2026/candidate.php?candidate_id=181,TINDIVANAM (SC),Naam Tamilar Katchi,2,Graduate Professional,"Rs 33,51,333 ~ 33 Lacs+","Rs 12,44,681 ~ 12 Lacs+"
2289,2169,Packia Sam. T,https://www.myneta.info/TamilNadu2026/candidate.php?candidate_id=2169,TIRUCHENDUR,Naam Indiar Party,0,Post Graduate,https://myneta.info/image_v2.php?myneta_folder=TamilNadu2026&candidate_id=2169&col=ta,https://myneta.info/image_v2.php?myneta_folder=TamilNadu2026&candidate_id=2169&col=lia
2290,3202,Packiaraj.S,https://www.myneta.info/TamilNadu2026/candidate.php?candidate_id=3202,ANDIPATTI,IND,1,Graduate Professional,"Rs 69,66,028 ~ 69 Lacs+","Rs 16,86,800 ~ 16 Lacs+"
2291,1773,Padmanabhan.N,https://www.myneta.info/TamilNadu2026/candidate.php?candidate_id=1773,BODINAYAKKANUR,All India Puratchi Thalaivar Makkal Munnettra Kazhagam,1,Post Graduate,"Rs 27,28,664 ~ 27 Lacs+","Rs 6,86,000 ~ 6 Lacs+"
2292,1651,Padmanapan. M,https://www.myneta.info/TamilNadu2026/candidate.php?candidate_id=1651,SALEM (SOUTH),IND,0,5th Pass,https://myneta.info/image_v2.php?myneta_folder=TamilNadu2026&candidate_id=1651&col=ta,https://myneta.info/image_v2.php?myneta_folder=TamilNadu2026&candidate_id=1651&col=lia
2293,3055,Padmanathan V,https://www.myneta.info/TamilNadu2026/candidate.php?candidate_id=3055,TITTAKUDI (SC),IND,6,Graduate Professional,"Rs 32,000 ~ 32 Thou+","Rs 50,000 ~ 50 Thou+"
2294,2553,Padmendraprakash A.,https://www.myneta.info/TamilNadu2026/candidate.php?candidate_id=2553,UDUMALAIPETTAI,IND,0,8th Pass,"Rs 16,05,010 ~ 16 Lacs+","Rs 12,90,000 ~ 12 Lacs+"
2295,3919,Padmini Narasimhan,https://www.myneta.info/TamilNadu2026/candidate.php?candidate_id=3919,THIYAGARAYANAGAR,IND,0,10th Pass,https://myneta.info/image_v2.php?myneta_folder=TamilNadu2026&candidate_id=3919&col=ta,https://myneta.info/image_v2.php?myneta_folder=TamilNadu2026&candidate_id=3919&col=lia
2296,2973,Pagutharivalan A.,https://www.myneta.info/TamilNadu2026/candidate.php?candidate_id=2973,JAYANKONDAM,Tamizhaga Vaazhvurimai Katchi,2,Graduate Professional,"Rs 90,53,920 ~ 90 Lacs+","Rs 7,24,850 ~ 7 Lacs+"
2297,4102,Palamuthir Selvan. O,https://www.myneta.info/TamilNadu2026/candidate.php?candidate_id=4102,KARUR,IND,0,Post Graduate,"Rs 26,35,000 ~ 26 Lacs+",Rs 0 ~
2298,1432,Palani,https://www.myneta.info/TamilNadu2026/candidate.php?candidate_id=1432,AMBATTUR,IND,0,Others,https://myneta.info/image_v2.php?myneta_folder=TamilNadu2026&candidate_id=1432&col=ta,https://myneta.info/image_v2.php?myneta_folder=TamilNadu2026&candidate_id=1432&col=lia
2299,433,Palani R,https://www.myneta.info/TamilNadu2026/candidate.php?candidate_id=433,UTHANGARAI (SC),Thakkam Katchi,0,Graduate Professional,"Rs 2,95,000 ~ 2 Lacs+","Rs 29,644 ~ 29 Thou+"
2300,562,Palani. K.,https://www.myneta.info/TamilNadu2026/candidate.php?candidate_id=562,DHARMAPURI,IND,0,8th Pass,"Rs 23,12,000 ~ 23 Lacs+",Rs 0 ~
2301,2844,Palani. M,https://www.myneta.info/TamilNadu2026/candidate.php?candidate_id=2844,CHEYYAR,Tamizhaga Vaazhvurimai Katchi,1,10th Pass,https://myneta.info/image_v2.php?myneta_folder=TamilNadu2026&candidate_id=2844&col=ta,https://myneta.info/image_v2.php?myneta_folder=TamilNadu2026&candidate_id=2844&col=lia
2302,1863,Palani. N,https://www.myneta.info/TamilNadu2026/candidate.php?candidate_id=1863,TIRUVANNAMALAI,IND,0,12th Pass,"Rs 62,45,506 ~ 62 Lacs+",Rs 0 ~
2303,1652,Palaniappan. M,https://www.myneta.info/TamilNadu2026/candidate.php?candidate_id=1652,SALEM (SOUTH),IND,0,Illiterate,"Rs 5,98,038 ~ 5 Lacs+",Rs 0 ~
2304,239,Palaniappan. P,https://www.myneta.info/TamilNadu2026/candidate.php?candidate_id=239,PAPPIREDDIPATTI,DMK,0,Doctorate,https://myneta.info/image_v2.php?myneta_folder=TamilNadu2026&candidate_id=239&col=ta,https://myneta.info/image_v2.php?myneta_folder=TamilNadu2026&candidate_id=239&col=lia
2305,1923,Palaniappan. R,https://www.myneta.info/TamilNadu2026/candidate.php?candidate_id=1923,PAPPIREDDIPATTI,IND,0,10th Pass,"Rs 24,91,843 ~ 24 Lacs+","Rs 6,61,000 ~ 6 Lacs+"
2306,1495,Palanichamy T.,https://www.myneta.info/TamilNadu2026/candidate.php?candidate_id=1495,PERIYAKULAM (SC),IND,0,Graduate,"Rs 44,992 ~ 44 Thou+",Rs 0 ~
2307,3322,Palanikumar. M,https://www.myneta.info/TamilNadu2026/candidate.php?candidate_id=3322,ARUPPUKOTTAI,IND,0,10th Pass,https://myneta.info/image_v2.php?myneta_folder=TamilNadu2026&candidate_id=3322&col=ta,https://myneta.info/image_v2.php?myneta_folder=TamilNadu2026&candidate_id=3322&col=lia
2308,3034,Palanikumar. V.,https://www.myneta.info/TamilNadu2026/candidate.php?candidate_id=3034,COIMBATORE (NORTH),IND,0,Others,"Rs 35,47,042 ~ 35 Lacs+","Rs 23,51,245 ~ 23 Lacs+"
2309,4103,Palanirajan. K,https://www.myneta.info/TamilNadu2026/candidate.php?candidate_id=4103,KARUR,IND,0,Graduate Professional,"Rs 5,60,800 ~ 5 Lacs+",Rs 0 ~
2310,3237,Palanisamy,https://www.myneta.info/TamilNadu2026/candidate.php?candidate_id=3237,KANGAYAM,IND,0,Literate,https://myneta.info/image_v2.php?myneta_folder=TamilNadu2026&candidate_id=3237&col=ta,https://myneta.info/image_v2.php?myneta_folder=TamilNadu2026&candidate_id=3237&col=lia
2311,355,Palanisamy,https://www.myneta.info/TamilNadu2026/candidate.php?candidate_id=355,KUMARAPALAYAM,Samaniya Makkal Nala Katchi,0,5th Pass,"Rs 61,39,450 ~ 61 Lacs+",Rs 0 ~
2312,3282,Palanisamy E,https://www.myneta.info/TamilNadu2026/candidate.php?candidate_id=3282,TIRUKKOYILUR,IND,0,8th Pass,"Rs 7,72,000 ~ 7 Lacs+",Rs 0 ~
2313,2115,Palanisamy K,https://www.myneta.info/TamilNadu2026/candidate.php?candidate_id=2115,TIRUCHENGODU,IND,0,10th Pass,https://myneta.info/image_v2.php?myneta_folder=TamilNadu2026&candidate_id=2115&col=ta,https://myneta.info/image_v2.php?myneta_folder=TamilNadu2026&candidate_id=2115&col=lia
2314,3700,Palanisamy M P,https://www.myneta.info/TamilNadu2026/candidate.php?candidate_id=3700,NAMAKKAL,All India Puratchi Thalaivar Makkal Munnettra Kazhagam,0,Others,"Rs 26,93,000 ~ 26 Lacs+",Rs 0 ~
2315,1282,Palanisamy S,https://www.myneta.info/TamilNadu2026/candidate.php?candidate_id=1282,TIRUKKOYILUR,AIADMK,3,10th Pass,"Rs 3,03,88,108 ~ 3 Crore+","Rs 1,32,89,000 ~ 1 Crore+"
2316,1627,Palanisamy S,https://www.myneta.info/TamilNadu2026/candidate.php?candidate_id=1627,PARAMATHIVELUR,IND,0,5th Pass,https://myneta.info/image_v2.php?myneta_folder=TamilNadu2026&candidate_id=1627&col=ta,https://myneta.info/image_v2.php?myneta_folder=TamilNadu2026&candidate_id=1627&col=lia
2317,1192,Palanisamy. A,https://www.myneta.info/TamilNadu2026/candidate.php?candidate_id=1192,MAYILADUTHURAI,Pattali Makkal Katchi,6,Graduate,"Rs 46,90,000 ~ 46 Lacs+","Rs 3,07,112 ~ 3 Lacs+"
2318,593,Palanisamy. A,https://www.myneta.info/TamilNadu2026/candidate.php?candidate_id=593,VIRALIMALAI,IND,0,12th Pass,"Rs 6,24,500 ~ 6 Lacs+",Rs 0 ~
2319,3996,Palanisamy. K,https://www.myneta.info/TamilNadu2026/candidate.php?candidate_id=3996,VIRALIMALAI,Veerath Thiyagi Viswanathadoss Thozhilalarkal Katchi,0,5th Pass,https://myneta.info/image_v2.php?myneta_folder=TamilNadu2026&candidate_id=3996&col=ta,https://myneta.info/image_v2.php?myneta_folder=TamilNadu2026&candidate_id=3996&col=lia
2320,2672,Palanisamy. M,https://www.myneta.info/TamilNadu2026/candidate.php?candidate_id=2672,PERUNDURAI,IND,0,10th Pass,"Rs 59,31,014 ~ 59 Lacs+","Rs 7,27,500 ~ 7 Lacs+"
2321,227,Palanisamy. M,https://www.myneta.info/TamilNadu2026/candidate.php?candidate_id=227,YERCAUD (ST),Naam Tamilar Katchi,0,Graduate,"Rs 7,36,840 ~ 7 Lacs+","Rs 74,800 ~ 74 Thou+"
2322,2782,Palanisamy. P,https://www.myneta.info/TamilNadu2026/candidate.php?candidate_id=2782,VEERAPANDI,IND,1,Post Graduate,https://myneta.info/image_v2.php?myneta_folder=TamilNadu2026&candidate_id=2782&col=ta,https://myneta.info/image_v2.php?myneta_folder=TamilNadu2026&candidate_id=2782&col=lia
2323,919,Palanisamy. P.K,https://www.myneta.info/TamilNadu2026/candidate.php?candidate_id=919,BHAVANI,Tamizhaga Vaazhvurimai Katchi,0,10th Pass,"Rs 2,45,10,000 ~ 2 Crore+","Rs 4,25,000 ~ 4 Lacs+"
2324,2374,Palanisamy. R,https://www.myneta.info/TamilNadu2026/candidate.php?candidate_id=2374,SALEM (NORTH),IND,0,10th Pass,"Rs 2,09,843 ~ 2 Lacs+",Rs 0 ~
2325,3044,Palanisamy.M.,https://www.myneta.info/TamilNadu2026/candidate.php?candidate_id=3044,SULUR,Party for the Rights of Other backward Classes,0,Post Graduate,https://myneta.info/image_v2.php?myneta_folder=TamilNadu2026&candidate_id=3044&col=ta,https://myneta.info/image_v2.php?myneta_folder=TamilNadu2026&candidate_id=3044&col=lia
2326,712,Palanisamyraaj.M,https://www.myneta.info/TamilNadu2026/candidate.php?candidate_id=712,GOBICHETTIPALAYAM,IND,0,Others,"Rs 52,92,519 ~ 52 Lacs+","Rs 4,08,000 ~ 4 Lacs+"
2327,901,Palanivel R,https://www.myneta.info/TamilNadu2026/candidate.php?candidate_id=901,TITTAKUDI (SC),All India Puratchi Thalaivar Makkal Munnettra Kazhagam,0,Graduate Professional,"Rs 5,04,65,370 ~ 5 Crore+","Rs 2,93,300 ~ 2 Lacs+"
2328,1185,Palanivel Thiaga Rajan,https://www.myneta.info/TamilNadu2026/candidate.php?candidate_id=1185,MADURAI CENTRAL,DMK,0,Doctorate,https://myneta.info/image_v2.php?myneta_folder=TamilNadu2026&candidate_id=1185&col=ta,https://myneta.info/image_v2.php?myneta_folder=TamilNadu2026&candidate_id=1185&col=lia
2329,1000,Palanivel. M.S,https://www.myneta.info/TamilNadu2026/candidate.php?candidate_id=1000,VEERAPANDI,Tamilaga Vettri Kazhagam,1,12th Pass,"Rs 35,40,07,225 ~ 35 Crore+","Rs 9,23,08,229 ~ 9 Crore+"
2330,4104,Palanivel. P,https://www.myneta.info/TamilNadu2026/candidate.php?candidate_id=4104,KARUR,IND,0,Graduate Professional,"Rs 10,68,267 ~ 10 Lacs+",Rs 0 ~
2331,3756,Palaniyammal. M.,https://www.myneta.info/TamilNadu2026/candidate.php?candidate_id=3756,PALACODE,Tamilar Makkal Katchi,0,Illiterate,https://myneta.info/image_v2.php?myneta_folder=TamilNadu2026&candidate_id=3756&col=ta,https://myneta.info/image_v2.php?myneta_folder=TamilNadu2026&candidate_id=3756&col=lia
2332,1564,Palaniyammal. S.,https://www.myneta.info/TamilNadu2026/candidate.php?candidate_id=1564,ATTUR (SC),Desiya Makkal Sakthi Katchi,0,8th Pass,"Rs 5,49,500 ~ 5 Lacs+",Rs 0 ~
2333,122,Palaniyammal. T.,https://www.myneta.info/TamilNadu2026/candidate.php?candidate_id=122,PENNAGARAM,Naam Tamilar Katchi,1,Post Graduate,"Rs 37,42,428 ~ 37 Lacs+","Rs 5,94,200 ~ 5 Lacs+"
2334,3942,Palaniyandi.M,https://www.myneta.info/TamilNadu2026/candidate.php?candidate_id=3942,TIRUCHULI,IND,1,12th Pass,https://myneta.info/image_v2.php?myneta_folder=TamilNadu2026&candidate_id=3942&col=ta,https://myneta.info/image_v2.php?myneta_folder=TamilNadu2026&candidate_id=3942&col=lia
2335,4032,Panchavarnam. M,https://www.myneta.info/TamilNadu2026/candidate.php?candidate_id=4032,TIRUPPATHUR,IND,0,8th Pass,"Rs 2,000 ~ 2 Thou+",Rs 0 ~
2336,721,Pandi. N,https://www.myneta.info/TamilNadu2026/candidate.php?candidate_id=721,PALANI,CPI(M),10,10th Pass,"Rs 54,35,740 ~ 54 Lacs+","Rs 45,000 ~ 45 Thou+"
2337,1794,Pandi. S,https://www.myneta.info/TamilNadu2026/candidate.php?candidate_id=1794,KARAIKUDI,IND,0,Illiterate,https://myneta.info/image_v2.php?myneta_folder=TamilNadu2026&candidate_id=1794&col=ta,https://myneta.info/image_v2.php?myneta_folder=TamilNadu2026&candidate_id=1794&col=lia
2338,71,Pandi.P,https://www.myneta.info/TamilNadu2026/candidate.php?candidate_id=71,KOVILPATTI,Naam Tamilar Katchi,0,Graduate Professional,"Rs 88,52,000 ~ 88 Lacs+","Rs 11,00,000 ~ 11 Lacs+"
2339,1023,Pandi.V,https://www.myneta.info/TamilNadu2026/candidate.php?candidate_id=1023,ANDIPATTI,Tamilaga Vettri Kazhagam,9,8th Pass,"Rs 1,93,98,349 ~ 1 Crore+","Rs 1,36,920 ~ 1 Lacs+"
2340,837,Pandian. K.A,https://www.myneta.info/TamilNadu2026/candidate.php?candidate_id=837,CHIDAMBARAM,AIADMK,0,Post Graduate,https://myneta.info/image_v2.php?myneta_folder=TamilNadu2026&candidate_id=837&col=ta,https://myneta.info/image_v2.php?myneta_folder=TamilNadu2026&candidate_id=837&col=lia
2341,3203,Pandidurai.P,https://www.myneta.info/TamilNadu2026/candidate.php?candidate_id=3203,ANDIPATTI,IND,0,Others,"Rs 7,00,000 ~ 7 Lacs+","Rs 1,00,000 ~ 1 Lacs+"
2342,3586,Pandimuneeswari.K,https://www.myneta.info/TamilNadu2026/candidate.php?candidate_id=3586,KOVILPATTI,IND,0,12th Pass,"Rs 11,97,000 ~ 11 Lacs+",Rs 0 ~
2343,3307,Pandiyammal.M,https://www.myneta.info/TamilNadu2026/candidate.php?candidate_id=3307,SRIVILLIPUTHUR (SC),IND,0,Others,https://myneta.info/image_v2.php?myneta_folder=TamilNadu2026&candidate_id=3307&col=ta,https://myneta.info/image_v2.php?myneta_folder=TamilNadu2026&candidate_id=3307&col=lia
2344,965,Pandiyan.C.R,https://www.myneta.info/TamilNadu2026/candidate.php?candidate_id=965,SIRKAZHI (SC),Indhu Dravida Makkal Katchi,0,10th Pass,"Rs 15,04,500 ~ 15 Lacs+",Rs 0 ~
2345,1045,Pandiyan.S,https://www.myneta.info/TamilNadu2026/candidate.php?candidate_id=1045,THIRUTHURAIPOONDI (SC),Tamilaga Vettri Kazhagam,0,10th Pass,"Rs 1,72,37,778 ~ 1 Crore+","Rs 53,91,405 ~ 53 Lacs+"
2346,1151,Panneerselvam.O,https://www.myneta.info/TamilNadu2026/candidate.php?candidate_id=1151,BODINAYAKKANUR,DMK,4,12th Pass,https://myneta.info/image_v2.php?myneta_folder=TamilNadu2026&candidate_id=1151&col=ta,https://myneta.info/image_v2.php?myneta_folder=TamilNadu2026&candidate_id=1151&col=lia
2347,2210,Panneerselvam.P,https://www.myneta.info/TamilNadu2026/candidate.php?candidate_id=2210,SALEM (WEST),IND,0,12th Pass,"Rs 6,88,136 ~ 6 Lacs+","Rs 3,47,000 ~ 3 Lacs+"
2348,3617,Pannerselvam,https://www.myneta.info/TamilNadu2026/candidate.php?candidate_id=3617,KUMARAPALAYAM,Anaithinthiya Anna Dravida Makkal Seyal katchi,0,Illiterate,"Rs 8,78,000 ~ 8 Lacs+",Rs 0 ~
2349,3045,Pappa Muthulakshmi.P.,https://www.myneta.info/TamilNadu2026/candidate.php?candidate_id=3045,SULUR,All India Puratchi Thalaivar Makkal Munnettra Kazhagam,0,Post Graduate,https://myneta.info/image_v2.php?myneta_folder=TamilNadu2026&candidate_id=3045&col=ta,https://myneta.info/image_v2.php?myneta_folder=TamilNadu2026&candidate_id=3045&col=lia
2350,2512,Paramasivam,https://www.myneta.info/TamilNadu2026/candidate.php?candidate_id=2512,SRIRANGAM,IND,0,5th Pass,"Rs 2,52,860 ~ 2 Lacs+","Rs 4,00,000 ~ 4 Lacs+"
2351,2129,Paramasivam. R,https://www.myneta.info/TamilNadu2026/candidate.php?candidate_id=2129,SANKARI,IND,0,5th Pass,"Rs 2,68,004 ~ 2 Lacs+",Rs 0 ~
2352,258,Paramasivam. V.P.B.,https://www.myneta.info/TamilNadu2026/candidate.php?candidate_id=258,VEDASANDUR,AIADMK,4,Post Graduate,https://myneta.info/image_v2.php?myneta_folder=TamilNadu2026&candidate_id=258&col=ta,https://myneta.info/image_v2.php?myneta_folder=TamilNadu2026&candidate_id=258&col=lia
2353,3584,Paramasivan.S,https://www.myneta.info/TamilNadu2026/candidate.php?candidate_id=3584,KOVILPATTI,IND,1,Post Graduate,"Rs 91,50,000 ~ 91 Lacs+",Rs 0 ~
2354,1626,Parameshwari S,https://www.myneta.info/TamilNadu2026/candidate.php?candidate_id=1626,PARAMATHIVELUR,IND,0,Others,"Rs 35,60,381 ~ 35 Lacs+","Rs 10,30,000 ~ 10 Lacs+"
2355,2703,Parameswaran. M,https://www.myneta.info/TamilNadu2026/candidate.php?candidate_id=2703,KRISHNARAYAPURAM (SC),IND,0,Graduate,https://myneta.info/image_v2.php?myneta_folder=TamilNadu2026&candidate_id=2703&col=ta,https://myneta.info/image_v2.php?myneta_folder=TamilNadu2026&candidate_id=2703&col=lia
2356,4101,Parameswari,https://www.myneta.info/TamilNadu2026/candidate.php?candidate_id=4101,KARUR,IND,0,Post Graduate,"Rs 5,64,800 ~ 5 Lacs+",Rs 0 ~
2357,3109,Parasakthi. P,https://www.myneta.info/TamilNadu2026/candidate.php?candidate_id=3109,BHAVANI,Samaniya Makkal Nala Katchi,0,8th Pass,"Rs 6,59,742 ~ 6 Lacs+",Rs 0 ~
2358,1369,Paritha Purushothaman.G,https://www.myneta.info/TamilNadu2026/candidate.php?candidate_id=1369,GUDIYATTAM (SC),AIADMK,1,Post Graduate,https://myneta.info/image_v2.php?myneta_folder=TamilNadu2026&candidate_id=1369&col=ta,https://myneta.info/image_v2.php?myneta_folder=TamilNadu2026&candidate_id=1369&col=lia
2359,2911,Parthiban V,https://www.myneta.info/TamilNadu2026/candidate.php?candidate_id=2911,ULUNDURPETTAI,IND,0,Post Graduate,"Rs 67,03,000 ~ 67 Lacs+",Rs 0 ~
2360,1653,Parthiban. A,https://www.myneta.info/TamilNadu2026/candidate.php?candidate_id=1653,SALEM (SOUTH),IND,0,10th Pass,"Rs 5,91,854 ~ 5 Lacs+",Rs 0 ~
2361,2636,Parthiban. S,https://www.myneta.info/TamilNadu2026/candidate.php?candidate_id=2636,SAIDAPET,MGR Makkal Katchi,0,10th Pass,https://myneta.info/image_v2.php?myneta_folder=TamilNadu2026&candidate_id=2636&col=ta,https://myneta.info/image_v2.php?myneta_folder=TamilNadu2026&candidate_id=2636&col=lia
2362,1654,Parthiban. V,https://www.myneta.info/TamilNadu2026/candidate.php?candidate_id=1654,SALEM (SOUTH),IND,0,Others,"Rs 24,20,000 ~ 24 Lacs+","Rs 7,36,000 ~ 7 Lacs+"
2363,2049,Parthipan. G,https://www.myneta.info/TamilNadu2026/candidate.php?candidate_id=2049,MYLAPORE,IND,0,8th Pass,"Rs 8,32,000 ~ 8 Lacs+","Rs 3,50,000 ~ 3 Lacs+"
2364,277,Parthipan. P,https://www.myneta.info/TamilNadu2026/candidate.php?candidate_id=277,HARUR (SC),IND,0,Graduate,https://myneta.info/image_v2.php?myneta_folder=TamilNadu2026&candidate_id=277&col=ta,https://myneta.info/image_v2.php?myneta_folder=TamilNadu2026&candidate_id=277&col=lia
2365,2945,Parthipan. V,https://www.myneta.info/TamilNadu2026/candidate.php?candidate_id=2945,KADAYANALLUR,IND,0,Graduate Professional,"Rs 13,54,025 ~ 13 Lacs+","Rs 1,78,020 ~ 1 Lacs+"
2366,1645,Pasumaibhoomi Natarajan,https://www.myneta.info/TamilNadu2026/candidate.php?candidate_id=1645,PERAVURANI,IND,0,Graduate,"Rs 7,19,27,785 ~ 7 Crore+","Rs 72,64,000 ~ 72 Lacs+"
2367,3509,Pattabirama. C,https://www.myneta.info/TamilNadu2026/candidate.php?candidate_id=3509,HOSUR,IND,0,10th Pass,https://myneta.info/image_v2.php?myneta_folder=TamilNadu2026&candidate_id=3509&col=ta,https://myneta.info/image_v2.php?myneta_folder=TamilNadu2026&candidate_id=3509&col=lia
2368,1141,Paul Manoj Pandian,https://www.myneta.info/TamilNadu2026/candidate.php?candidate_id=1141,ALANGULAM,DMK,8,Doctorate,"Rs 28,26,47,361 ~ 28 Crore+","Rs 3,63,14,351 ~ 3 Crore+"
2369,3220,Paulraj.V,https://www.myneta.info/TamilNadu2026/candidate.php?candidate_id=3220,PALAYAMKOTTAI,IND,0,Post Graduate,"Rs 3,01,39,714 ~ 3 Crore+","Rs 1,03,22,901 ~ 1 Crore+"
2370,3188,Paulsamy,https://www.myneta.info/TamilNadu2026/candidate.php?candidate_id=3188,SIVAGANGA,IND,0,5th Pass,https://myneta.info/image_v2.php?myneta_folder=TamilNadu2026&candidate_id=3188&col=ta,https://myneta.info/image_v2.php?myneta_folder=TamilNadu2026&candidate_id=3188&col=lia
2371,2434,Pavendhan.Y.R,https://www.myneta.info/TamilNadu2026/candidate.php?candidate_id=2434,TIRUTTANI,Tamizhaga Vaazhvurimai Katchi,0,Post Graduate,"Rs 2,63,234 ~ 2 Lacs+",Rs 0 ~
2372,1223,Pavunraj. S,https://www.myneta.info/TamilNadu2026/candidate.php?candidate_id=1223,POOMPUHAR,AIADMK,4,10th Pass,"Rs 3,15,66,244 ~ 3 Crore+","Rs 78,69,739 ~ 78 Lacs+"
2373,1903,Pazhanivel. K,https://www.myneta.info/TamilNadu2026/candidate.php?candidate_id=1903,YERCAUD (ST),IND,0,5th Pass,https://myneta.info/image_v2.php?myneta_folder=TamilNadu2026&candidate_id=1903&col=ta,https://myneta.info/image_v2.php?myneta_folder=TamilNadu2026&candidate_id=1903&col=lia
2374,29,Perarivalan. V,https://www.myneta.info/TamilNadu2026/candidate.php?candidate_id=29,COIMBATORE (SOUTH),Naam Tamilar Katchi,1,10th Pass,"Rs 58,134 ~ 58 Thou+",Rs 0 ~
2375,1286,Periakaruppan. Kr,https://www.myneta.info/TamilNadu2026/candidate.php?candidate_id=1286,TIRUPPATHUR,DMK,0,Graduate,"Rs 27,00,37,415 ~ 27 Crore+","Rs 6,56,83,486 ~ 6 Crore+"
2376,3056,Perinbam D,https://www.myneta.info/TamilNadu2026/candidate.php?candidate_id=3056,TITTAKUDI (SC),IND,11,12th Pass,https://myneta.info/image_v2.php?myneta_folder=TamilNadu2026&candidate_id=3056&col=ta,https://myneta.info/image_v2.php?myneta_folder=TamilNadu2026&candidate_id=3056&col=lia
2377,1608,Periyakka,https://www.myneta.info/TamilNadu2026/candidate.php?candidate_id=1608,MANAPPARAI,IND,0,5th Pass,"Rs 1,10,000 ~ 1 Lacs+",Rs 0 ~
2378,2759,Periyaponnu. O,https://www.myneta.info/TamilNadu2026/candidate.php?candidate_id=2759,METTUR,Tamizhaga Vaazhvurimai Katchi,0,Others,"Rs 81,87,050 ~ 81 Lacs+","Rs 23,10,000 ~ 23 Lacs+"
2379,554,Perumal Munusamy. M.,https://www.myneta.info/TamilNadu2026/candidate.php?candidate_id=554,PALACODE,IND,0,Graduate Professional,https://myneta.info/image_v2.php?myneta_folder=TamilNadu2026&candidate_id=554&col=ta,https://myneta.info/image_v2.php?myneta_folder=TamilNadu2026&candidate_id=554&col=lia
2380,3249,Perumal N,https://www.myneta.info/TamilNadu2026/candidate.php?candidate_id=3249,GINGEE,Aanaithinthiya Jananayaka Pathukappu Kazhagam,1,12th Pass,"Rs 73,00,000 ~ 73 Lacs+",Rs 0 ~
2381,2209,Perumal. A,https://www.myneta.info/TamilNadu2026/candidate.php?candidate_id=2209,SALEM (WEST),IND,0,12th Pass,"Rs 97,15,345 ~ 97 Lacs+",Rs 0 ~
2382,2753,Perumal. S,https://www.myneta.info/TamilNadu2026/candidate.php?candidate_id=2753,OMALUR,IND,0,Graduate,https://myneta.info/image_v2.php?myneta_folder=TamilNadu2026&candidate_id=2753&col=ta,https://myneta.info/image_v2.php?myneta_folder=TamilNadu2026&candidate_id=2753&col=lia
2383,3114,Perumal. V.M,https://www.myneta.info/TamilNadu2026/candidate.php?candidate_id=3114,BHAVANI,IND,0,Illiterate,"Rs 20,000 ~ 20 Thou+",Rs 0 ~
2384,2730,Pethaperumal.K,https://www.myneta.info/TamilNadu2026/candidate.php?candidate_id=2730,SIRKAZHI (SC),Tamizhaga Vaazhvurimai Katchi,0,12th Pass,"Rs 6,17,000 ~ 6 Lacs+","Rs 2,00,000 ~ 2 Lacs+"
2385,3570,Pichandi.D,https://www.myneta.info/TamilNadu2026/candidate.php?candidate_id=3570,KILPENNATHUR,IND,0,Graduate,https://myneta.info/image_v2.php?myneta_folder=TamilNadu2026&candidate_id=3570&col=ta,https://myneta.info/image_v2.php?myneta_folder=TamilNadu2026&candidate_id=3570&col=lia
2386,3571,Pichandi.R,https://www.myneta.info/TamilNadu2026/candidate.php?candidate_id=3571,KILPENNATHUR,IND,0,10th Pass,"Rs 1,04,040 ~ 1 Lacs+",Rs 0 ~
2387,3572,Pichandi.V,https://www.myneta.info/TamilNadu2026/candidate.php?candidate_id=3572,KILPENNATHUR,IND,0,8th Pass,"Rs 1,34,660 ~ 1 Lacs+",Rs 0 ~
2388,4034,Piraman. P,https://www.myneta.info/TamilNadu2026/candidate.php?candidate_id=4034,TIRUPPATHUR,IND,0,5th Pass,https://myneta.info/image_v2.php?myneta_folder=TamilNadu2026&candidate_id=4034&col=ta,https://myneta.info/image_v2.php?myneta_folder=TamilNadu2026&candidate_id=4034&col=lia
2389,539,Pitchai V,https://www.myneta.info/TamilNadu2026/candidate.php?candidate_id=539,MADURAI EAST,IND,0,10th Pass,"Rs 1,52,000 ~ 1 Lacs+",Rs 0 ~
2390,1704,Pitchaimuthu. A,https://www.myneta.info/TamilNadu2026/candidate.php?candidate_id=1704,THIRUVERUMBUR,Puthiya Tamilagam,0,Graduate,"Rs 8,77,000 ~ 8 Lacs+",Rs 0 ~
2391,1102,Pitchandi.K,https://www.myneta.info/TamilNadu2026/candidate.php?candidate_id=1102,KILPENNATHUR,DMK,0,Post Graduate,https://myneta.info/image_v2.php?myneta_folder=TamilNadu2026&candidate_id=1102&col=ta,https://myneta.info/image_v2.php?myneta_folder=TamilNadu2026&candidate_id=1102&col=lia
2392,738,Pollachi V. Jayaraman,https://www.myneta.info/TamilNadu2026/candidate.php?candidate_id=738,POLLACHI,AIADMK,5,Doctorate,"Rs 42,17,96,723 ~ 42 Crore+","Rs 6,41,50,029 ~ 6 Crore+"
2393,3806,Pon Santhana Kumaran.R,https://www.myneta.info/TamilNadu2026/candidate.php?candidate_id=3806,RADHAPURAM,IND,0,Others,"Rs 43,26,058 ~ 43 Lacs+","Rs 35,84,422 ~ 35 Lacs+"
2394,255,Pon.Jayaseelan,https://www.myneta.info/TamilNadu2026/candidate.php?candidate_id=255,GUDALUR (SC),AIADMK,8,Graduate Professional,https://myneta.info/image_v2.php?myneta_folder=TamilNadu2026&candidate_id=255&col=ta,https://myneta.info/image_v2.php?myneta_folder=TamilNadu2026&candidate_id=255&col=lia
2395,2166,Pon.Sivakumar,https://www.myneta.info/TamilNadu2026/candidate.php?candidate_id=2166,TINDIVANAM (SC),IND,3,Graduate Professional,"Rs 7,86,100 ~ 7 Lacs+",Rs 0 ~
2396,1728,Ponkumaran P.P.M.T,https://www.myneta.info/TamilNadu2026/candidate.php?candidate_id=1728,THOOTHUKUDI,Nam Naadu Nam Makkal Nam Ethirkaalam Katchi,0,Post Graduate,"Rs 1,58,68,607 ~ 1 Crore+",Rs 0 ~
2397,2836,Ponmuthu Ramesh,https://www.myneta.info/TamilNadu2026/candidate.php?candidate_id=2836,MADHURAVOYAL,IND,0,8th Pass,https://myneta.info/image_v2.php?myneta_folder=TamilNadu2026&candidate_id=2836&col=ta,https://myneta.info/image_v2.php?myneta_folder=TamilNadu2026&candidate_id=2836&col=lia
2398,1763,Ponnambalam. P,https://www.myneta.info/TamilNadu2026/candidate.php?candidate_id=1763,VANDAVASI (SC),IND,0,Graduate,"Rs 75,000 ~ 75 Thou+",Rs 0 ~
2399,394,Ponnumani C,https://www.myneta.info/TamilNadu2026/candidate.php?candidate_id=394,SENTHAMANGALAM(ST),Naam Tamilar Katchi,0,Graduate Professional,"Rs 37,77,928 ~ 37 Lacs+","Rs 10,75,000 ~ 10 Lacs+"
2400,3506,Ponnumani.R,https://www.myneta.info/TamilNadu2026/candidate.php?candidate_id=3506,HOSUR,Tamilar Makkal Katchi,0,Others,https://myneta.info/image_v2.php?myneta_folder=TamilNadu2026&candidate_id=3506&col=ta,https://myneta.info/image_v2.php?myneta_folder=TamilNadu2026&candidate_id=3506&col=lia
2401,3588,Ponnusamy.M,https://www.myneta.info/TamilNadu2026/candidate.php?candidate_id=3588,KOVILPATTI,IND,0,10th Pass,"Rs 10,05,057 ~ 10 Lacs+",Rs 0 ~
2402,1567,Poomalai. C.,https://www.myneta.info/TamilNadu2026/candidate.php?candidate_id=1567,ATTUR (SC),IND,0,Graduate Professional,"Rs 4,44,850 ~ 4 Lacs+",Rs 0 ~
2403,559,Poomani. P.,https://www.myneta.info/TamilNadu2026/candidate.php?candidate_id=559,PENNAGARAM,IND,0,Graduate,https://myneta.info/image_v2.php?myneta_folder=TamilNadu2026&candidate_id=559&col=ta,https://myneta.info/image_v2.php?myneta_folder=TamilNadu2026&candidate_id=559&col=lia
2404,2130,Poovarasan. S,https://www.myneta.info/TamilNadu2026/candidate.php?candidate_id=2130,SANKARI,IND,0,Graduate Professional,"Rs 25,28,061 ~ 25 Lacs+","Rs 2,10,000 ~ 2 Lacs+"
2405,1918,Poovarasu,https://www.myneta.info/TamilNadu2026/candidate.php?candidate_id=1918,PAPPIREDDIPATTI,Tamilar Makkal Katchi,0,10th Pass,"Rs 20,25,000 ~ 20 Lacs+",Rs 0 ~
2406,445,Porkodi Armstrong,https://www.myneta.info/TamilNadu2026/candidate.php?candidate_id=445,THIRU-VI-KA-NAGAR (SC),AIADMK,0,Graduate Professional,https://myneta.info/image_v2.php?myneta_folder=TamilNadu2026&candidate_id=445&col=ta,https://myneta.info/image_v2.php?myneta_folder=TamilNadu2026&candidate_id=445&col=lia
2407,2706,Porselvan. B.S,https://www.myneta.info/TamilNadu2026/candidate.php?candidate_id=2706,KRISHNARAYAPURAM (SC),IND,0,Post Graduate,"Rs 24,33,000 ~ 24 Lacs+",Rs 0 ~
2408,1713,Poulosh. D,https://www.myneta.info/TamilNadu2026/candidate.php?candidate_id=1713,THIRUVERUMBUR,IND,0,Others,"Rs 90,60,000 ~ 90 Lacs+","Rs 3,36,155 ~ 3 Lacs+"
2409,3585,Poundurai.K,https://www.myneta.info/TamilNadu2026/candidate.php?candidate_id=3585,KOVILPATTI,IND,0,Graduate,https://myneta.info/image_v2.php?myneta_folder=TamilNadu2026&candidate_id=3585&col=ta,https://myneta.info/image_v2.php?myneta_folder=TamilNadu2026&candidate_id=3585&col=lia
2410,2319,Pounraj. N.,https://www.myneta.info/TamilNadu2026/candidate.php?candidate_id=2319,THIRUPARANKUNDRAM,IND,0,10th Pass,"Rs 5,01,000 ~ 5 Lacs+",Rs 0 ~
2411,4010,Poyyamozhi. M,https://www.myneta.info/TamilNadu2026/candidate.php?candidate_id=4010,VELACHERY,Proutist Sarva Samaj,0,12th Pass,"Rs 1,61,63,250 ~ 1 Crore+",Rs 0 ~
2412,3254,Poyyathappan K,https://www.myneta.info/TamilNadu2026/candidate.php?candidate_id=3254,GINGEE,IND,0,Doctorate,https://myneta.info/image_v2.php?myneta_folder=TamilNadu2026&candidate_id=3254&col=ta,https://myneta.info/image_v2.php?myneta_folder=TamilNadu2026&candidate_id=3254&col=lia
2413,3753,Prabaharan. M,https://www.myneta.info/TamilNadu2026/candidate.php?candidate_id=3753,ODDANCHATRAM,IND,0,Others,"Rs 48,51,064 ~ 48 Lacs+","Rs 8,68,684 ~ 8 Lacs+"
2414,3827,Prabakaran,https://www.myneta.info/TamilNadu2026/candidate.php?candidate_id=3827,SANKARANKOVIL (SC),Puthiya Tamilagam,1,Post Graduate,"Rs 9,12,500 ~ 9 Lacs+",Rs 0 ~
2415,3980,Prabakaran .R,https://www.myneta.info/TamilNadu2026/candidate.php?candidate_id=3980,VASUDEVANALLUR (SC),IND,0,Others,https://myneta.info/image_v2.php?myneta_folder=TamilNadu2026&candidate_id=3980&col=ta,https://myneta.info/image_v2.php?myneta_folder=TamilNadu2026&candidate_id=3980&col=lia
2416,3253,Prabakaran M,https://www.myneta.info/TamilNadu2026/candidate.php?candidate_id=3253,GINGEE,IND,0,10th Pass,"Rs 4,20,000 ~ 4 Lacs+",Rs 0 ~
2417,3189,Prabakaran S.T,https://www.myneta.info/TamilNadu2026/candidate.php?candidate_id=3189,SIVAGANGA,IND,0,10th Pass,"Rs 13,73,000 ~ 13 Lacs+","Rs 10,00,000 ~ 10 Lacs+"
2418,2767,Prabakaran. S,https://www.myneta.info/TamilNadu2026/candidate.php?candidate_id=2767,METTUR,IND,0,Post Graduate,https://myneta.info/image_v2.php?myneta_folder=TamilNadu2026&candidate_id=2767&col=ta,https://myneta.info/image_v2.php?myneta_folder=TamilNadu2026&candidate_id=2767&col=lia
2419,963,Prabakaran. V,https://www.myneta.info/TamilNadu2026/candidate.php?candidate_id=963,POOMPUHAR,BSP,0,10th Pass,"Rs 3,64,500 ~ 3 Lacs+","Rs 54,000 ~ 54 Thou+"
2420,1913,Prabakaran.T,https://www.myneta.info/TamilNadu2026/candidate.php?candidate_id=1913,VRIDHACHALAM,IND,0,12th Pass,"Rs 35,70,500 ~ 35 Lacs+","Rs 7,50,000 ~ 7 Lacs+"
2421,863,Prabhakar.J.C.D,https://www.myneta.info/TamilNadu2026/candidate.php?candidate_id=863,THOUSAND LIGHTS,Tamilaga Vettri Kazhagam,1,Graduate Professional,https://myneta.info/image_v2.php?myneta_folder=TamilNadu2026&candidate_id=863&col=ta,https://myneta.info/image_v2.php?myneta_folder=TamilNadu2026&candidate_id=863&col=lia
2422,1328,Prabhakara Raja.A.M.V,https://www.myneta.info/TamilNadu2026/candidate.php?candidate_id=1328,VIRUGAMPAKKAM,DMK,1,Post Graduate,"Rs 5,63,42,985 ~ 5 Crore+","Rs 2,82,23,579 ~ 2 Crore+"
2423,2233,Prabhakaran D,https://www.myneta.info/TamilNadu2026/candidate.php?candidate_id=2233,VIKRAVANDI,IND,0,8th Pass,"Rs 9,49,100 ~ 9 Lacs+",Rs 0 ~
2424,3283,Prabhakaran V J,https://www.myneta.info/TamilNadu2026/candidate.php?candidate_id=3283,TIRUKKOYILUR,IND,0,Graduate,https://myneta.info/image_v2.php?myneta_folder=TamilNadu2026&candidate_id=3283&col=ta,https://myneta.info/image_v2.php?myneta_folder=TamilNadu2026&candidate_id=3283&col=lia
2425,3440,Prabhakaran. M.,https://www.myneta.info/TamilNadu2026/candidate.php?candidate_id=3440,DHARMAPURI,IND,0,8th Pass,"Rs 71,78,000 ~ 71 Lacs+","Rs 36,49,000 ~ 36 Lacs+"
2426,1044,Prabhakaran. S,https://www.myneta.info/TamilNadu2026/candidate.php?candidate_id=1044,NANNILAM,Tamilaga Vettri Kazhagam,1,Others,"Rs 24,65,700 ~ 24 Lacs+","Rs 1,49,000 ~ 1 Lacs+"
2427,2144,Prabhakaran.B,https://www.myneta.info/TamilNadu2026/candidate.php?candidate_id=2144,THOUSAND LIGHTS,IND,0,8th Pass,https://myneta.info/image_v2.php?myneta_folder=TamilNadu2026&candidate_id=2144&col=ta,https://myneta.info/image_v2.php?myneta_folder=TamilNadu2026&candidate_id=2144&col=lia
2428,2143,Prabhakaran.T,https://www.myneta.info/TamilNadu2026/candidate.php?candidate_id=2143,THOUSAND LIGHTS,IND,0,10th Pass,"Rs 8,53,000 ~ 8 Lacs+",Rs 0 ~
2429,2145,Prabhakaran.V,https://www.myneta.info/TamilNadu2026/candidate.php?candidate_id=2145,THOUSAND LIGHTS,IND,0,Others,"Rs 1,57,000 ~ 1 Lacs+",Rs 0 ~
2430,803,Prabhu. S,https://www.myneta.info/TamilNadu2026/candidate.php?candidate_id=803,KILLIYOOR,Thamizhaka Padaippalar Makkal Katchi,0,12th Pass,https://myneta.info/image_v2.php?myneta_folder=TamilNadu2026&candidate_id=803&col=ta,https://myneta.info/image_v2.php?myneta_folder=TamilNadu2026&candidate_id=803&col=lia
2431,2473,Prabhu. S,https://www.myneta.info/TamilNadu2026/candidate.php?candidate_id=2473,MANNARGUDI,IND,0,5th Pass,"Rs 32,450 ~ 32 Thou+",Rs 0 ~
2432,2783,Prabhu. V,https://www.myneta.info/TamilNadu2026/candidate.php?candidate_id=2783,VEERAPANDI,IND,0,Others,"Rs 3,49,500 ~ 3 Lacs+","Rs 7,69,000 ~ 7 Lacs+"
2433,727,Prabhu.V.B,https://www.myneta.info/TamilNadu2026/candidate.php?candidate_id=727,GOBICHETTIPALAYAM,AIADMK,1,Others,https://myneta.info/image_v2.php?myneta_folder=TamilNadu2026&candidate_id=727&col=ta,https://myneta.info/image_v2.php?myneta_folder=TamilNadu2026&candidate_id=727&col=lia
2434,2192,Prabu .K,https://www.myneta.info/TamilNadu2026/candidate.php?candidate_id=2192,SALEM (WEST),Vishwa Tamil Kazhagam,0,5th Pass,"Rs 5,81,000 ~ 5 Lacs+",Rs 0 ~
2435,2586,Prabu C,https://www.myneta.info/TamilNadu2026/candidate.php?candidate_id=2586,KALLAKURICHI (SC),IND,0,Post Graduate,"Rs 13,15,000 ~ 13 Lacs+","Rs 1,00,000 ~ 1 Lacs+"
2436,1795,Prabu. G,https://www.myneta.info/TamilNadu2026/candidate.php?candidate_id=1795,KARAIKUDI,IND,0,Post Graduate,https://myneta.info/image_v2.php?myneta_folder=TamilNadu2026&candidate_id=1795&col=ta,https://myneta.info/image_v2.php?myneta_folder=TamilNadu2026&candidate_id=1795&col=lia
2437,3089,Pradeep. M,https://www.myneta.info/TamilNadu2026/candidate.php?candidate_id=3089,DINDIGUL,Puthiya Tamilagam,4,10th Pass,"Rs 19,70,350 ~ 19 Lacs+","Rs 22,90,000 ~ 22 Lacs+"
2438,1874,Prajapathi Vijay.C,https://www.myneta.info/TamilNadu2026/candidate.php?candidate_id=1874,VEPPANAHALLI,Tamilar Makkal Katchi,0,Graduate Professional,"Rs 26,000 ~ 26 Thou+",Rs 0 ~
2439,1036,Prakasam.R,https://www.myneta.info/TamilNadu2026/candidate.php?candidate_id=1036,POONAMALLEE (SC),Tamilaga Vettri Kazhagam,1,10th Pass,https://myneta.info/image_v2.php?myneta_folder=TamilNadu2026&candidate_id=1036&col=ta,https://myneta.info/image_v2.php?myneta_folder=TamilNadu2026&candidate_id=1036&col=lia
2440,2992,Prakash Arunachalam,https://www.myneta.info/TamilNadu2026/candidate.php?candidate_id=2992,THIRU-VI-KA-NAGAR (SC),IND,0,Graduate Professional,"Rs 2,20,000 ~ 2 Lacs+",Rs 0 ~
2441,2796,Prakash P. S/O  Palaniyandi P,https://www.myneta.info/TamilNadu2026/candidate.php?candidate_id=2796,CUMBUM,IND,0,Others,"Rs 7,23,720 ~ 7 Lacs+","Rs 85,000 ~ 85 Thou+"
2442,2797,Prakash P. S/O  Paulraj P,https://www.myneta.info/TamilNadu2026/candidate.php?candidate_id=2797,CUMBUM,IND,1,Graduate Professional,https://myneta.info/image_v2.php?myneta_folder=TamilNadu2026&candidate_id=2797&col=ta,https://myneta.info/image_v2.php?myneta_folder=TamilNadu2026&candidate_id=2797&col=lia
2443,4108,Prakash. N,https://www.myneta.info/TamilNadu2026/candidate.php?candidate_id=4108,KARUR,IND,0,Graduate Professional,"Rs 41,39,467 ~ 41 Lacs+","Rs 21,00,000 ~ 21 Lacs+"
2444,2250,Prakash. R,https://www.myneta.info/TamilNadu2026/candidate.php?candidate_id=2250,PANRUTI,Thamizhaka Padaippalar Makkal Katchi,0,Post Graduate,"Rs 46,00,397 ~ 46 Lacs+","Rs 10,30,000 ~ 10 Lacs+"
2445,1027,Prakash.S,https://www.myneta.info/TamilNadu2026/candidate.php?candidate_id=1027,BODINAYAKKANUR,Tamilaga Vettri Kazhagam,0,Others,https://myneta.info/image_v2.php?myneta_folder=TamilNadu2026&candidate_id=1027&col=ta,https://myneta.info/image_v2.php?myneta_folder=TamilNadu2026&candidate_id=1027&col=lia
2446,2639,Prasad. N,https://www.myneta.info/TamilNadu2026/candidate.php?candidate_id=2639,SAIDAPET,IND,0,Post Graduate,"Rs 55,000 ~ 55 Thou+",Rs 0 ~
2447,1727,Prasanna Kumar M.,https://www.myneta.info/TamilNadu2026/candidate.php?candidate_id=1727,THOOTHUKUDI,Makkal Nalvaazhvuk Katchi,3,10th Pass,"Rs 1,58,166 ~ 1 Lacs+","Rs 40,865 ~ 40 Thou+"
2448,2704,Prasanth. D,https://www.myneta.info/TamilNadu2026/candidate.php?candidate_id=2704,KRISHNARAYAPURAM (SC),IND,0,Graduate Professional,https://myneta.info/image_v2.php?myneta_folder=TamilNadu2026&candidate_id=2704&col=ta,https://myneta.info/image_v2.php?myneta_folder=TamilNadu2026&candidate_id=2704&col=lia
2449,2993,Prasanth. D,https://www.myneta.info/TamilNadu2026/candidate.php?candidate_id=2993,THIRU-VI-KA-NAGAR (SC),IND,0,Graduate,"Rs 9,02,000 ~ 9 Lacs+",Rs 0 ~
2450,3442,Prasanth. Dbj.,https://www.myneta.info/TamilNadu2026/candidate.php?candidate_id=3442,DHARMAPURI,Tamizhaga Vaazhvurimai Katchi,0,Graduate Professional,"Rs 6,43,66,003 ~ 6 Crore+","Rs 54,47,385 ~ 54 Lacs+"
2451,4109,Prasanth. S,https://www.myneta.info/TamilNadu2026/candidate.php?candidate_id=4109,KARUR,IND,0,Post Graduate,https://myneta.info/image_v2.php?myneta_folder=TamilNadu2026&candidate_id=4109&col=ta,https://myneta.info/image_v2.php?myneta_folder=TamilNadu2026&candidate_id=4109&col=lia
2452,3922,Prasath D,https://www.myneta.info/TamilNadu2026/candidate.php?candidate_id=3922,THIYAGARAYANAGAR,IND,0,10th Pass,"Rs 20,00,000 ~ 20 Lacs+","Rs 2,50,000 ~ 2 Lacs+"
2453,1629,Prathap K,https://www.myneta.info/TamilNadu2026/candidate.php?candidate_id=1629,PARAMATHIVELUR,IND,0,10th Pass,"Rs 4,13,159 ~ 4 Lacs+","Rs 5,000 ~ 5 Thou+"
2454,3645,Pratheeba,https://www.myneta.info/TamilNadu2026/candidate.php?candidate_id=3645,LALGUDI,BSP,0,Others,https://myneta.info/image_v2.php?myneta_folder=TamilNadu2026&candidate_id=3645&col=ta,https://myneta.info/image_v2.php?myneta_folder=TamilNadu2026&candidate_id=3645&col=lia
2455,3143,Praveen Kumar,https://www.myneta.info/TamilNadu2026/candidate.php?candidate_id=3143,VILAVANCODE,IND,0,Post Graduate,"Rs 50,000 ~ 50 Thou+","Rs 9,98,644 ~ 9 Lacs+"
2456,3265,Praveen Kumar R,https://www.myneta.info/TamilNadu2026/candidate.php?candidate_id=3265,VILLUPURAM,IND,0,Graduate Professional,"Rs 50,000 ~ 50 Thou+","Rs 2,45,000 ~ 2 Lacs+"
2457,1655,Praveen Kumar. M,https://www.myneta.info/TamilNadu2026/candidate.php?candidate_id=1655,SALEM (SOUTH),IND,0,Graduate Professional,https://myneta.info/image_v2.php?myneta_folder=TamilNadu2026&candidate_id=1655&col=ta,https://myneta.info/image_v2.php?myneta_folder=TamilNadu2026&candidate_id=1655&col=lia
2458,1891,Praveen S,https://www.myneta.info/TamilNadu2026/candidate.php?candidate_id=1891,ARAVAKURICHI,IND,0,Post Graduate,"Rs 8,67,000 ~ 8 Lacs+",Rs 0 ~
2459,1318,Praveen T.T,https://www.myneta.info/TamilNadu2026/candidate.php?candidate_id=1318,VILAVANCODE,INC,9,Post Graduate,"Rs 67,05,44,177 ~ 67 Crore+","Rs 86,15,000 ~ 86 Lacs+"
2460,2994,Praveen Thiyagarajan,https://www.myneta.info/TamilNadu2026/candidate.php?candidate_id=2994,THIRU-VI-KA-NAGAR (SC),IND,0,Post Graduate,https://myneta.info/image_v2.php?myneta_folder=TamilNadu2026&candidate_id=2994&col=ta,https://myneta.info/image_v2.php?myneta_folder=TamilNadu2026&candidate_id=2994&col=lia
2461,2339,Praveena. S,https://www.myneta.info/TamilNadu2026/candidate.php?candidate_id=2339,USILAMPATTI,IND,0,Graduate,"Rs 4,74,50,192 ~ 4 Crore+","Rs 3,97,61,192 ~ 3 Crore+"
2462,280,Praveenkumar K,https://www.myneta.info/TamilNadu2026/candidate.php?candidate_id=280,NAMAKKAL,Naam Tamilar Katchi,1,Post Graduate,"Rs 1,29,45,500 ~ 1 Crore+","Rs 22,00,000 ~ 22 Lacs+"
2463,4110,Praveenkumar. J,https://www.myneta.info/TamilNadu2026/candidate.php?candidate_id=4110,KARUR,IND,0,Graduate Professional,https://myneta.info/image_v2.php?myneta_folder=TamilNadu2026&candidate_id=4110&col=ta,https://myneta.info/image_v2.php?myneta_folder=TamilNadu2026&candidate_id=4110&col=lia
2464,3075,Praveenkumar. R,https://www.myneta.info/TamilNadu2026/candidate.php?candidate_id=3075,PALANI,IND,0,Others,"Rs 54,000 ~ 54 Thou+","Rs 6,00,000 ~ 6 Lacs+"
2465,2375,Pravina. G,https://www.myneta.info/TamilNadu2026/candidate.php?candidate_id=2375,SALEM (NORTH),IND,0,Graduate Professional,"Rs 11,14,09,163 ~ 11 Crore+",Rs 0 ~
2466,684,Prem Alex Lawrence,https://www.myneta.info/TamilNadu2026/candidate.php?candidate_id=684,COLACHAL,Tamilaga Vettri Kazhagam,2,Post Graduate,https://myneta.info/image_v2.php?myneta_folder=TamilNadu2026&candidate_id=684&col=ta,https://myneta.info/image_v2.php?myneta_folder=TamilNadu2026&candidate_id=684&col=lia
2467,1331,Premallatha Vijayakant,https://www.myneta.info/TamilNadu2026/candidate.php?candidate_id=1331,VRIDHACHALAM,Desiya Murpokku Dravida Kazhagam,9,Graduate,"Rs 94,57,76,764 ~ 94 Crore+","Rs 57,81,10,656 ~ 57 Crore+"
2468,1342,Premkumar S D,https://www.myneta.info/TamilNadu2026/candidate.php?candidate_id=1342,RASIPURAM(SC),BJP,0,Graduate Professional,"Rs 63,55,475 ~ 63 Lacs+","Rs 4,05,15,422 ~ 4 Crore+"
2469,3457,Premkumar. K,https://www.myneta.info/TamilNadu2026/candidate.php?candidate_id=3457,EDAPPADI,IND,0,5th Pass,https://myneta.info/image_v2.php?myneta_folder=TamilNadu2026&candidate_id=3457&col=ta,https://myneta.info/image_v2.php?myneta_folder=TamilNadu2026&candidate_id=3457&col=lia
2470,3587,Premkumar.K,https://www.myneta.info/TamilNadu2026/candidate.php?candidate_id=3587,KOVILPATTI,IND,1,Post Graduate,"Rs 2,27,82,000 ~ 2 Crore+",Rs 0 ~
2471,542,Prince S,https://www.myneta.info/TamilNadu2026/candidate.php?candidate_id=542,MADURAI EAST,Republican Party of India (Athawale),0,Graduate,"Rs 50,000 ~ 50 Thou+",Rs 0 ~
2472,1227,Priscilla Pandian. J,https://www.myneta.info/TamilNadu2026/candidate.php?candidate_id=1227,RAJAPALAYAM,BJP,0,Doctorate,https://myneta.info/image_v2.php?myneta_folder=TamilNadu2026&candidate_id=1227&col=ta,https://myneta.info/image_v2.php?myneta_folder=TamilNadu2026&candidate_id=1227&col=lia
2473,2640,Prithviraj. A,https://www.myneta.info/TamilNadu2026/candidate.php?candidate_id=2640,SAIDAPET,IND,0,10th Pass,"Rs 6,12,124 ~ 6 Lacs+",Rs 0 ~
2474,3519,Priya K,https://www.myneta.info/TamilNadu2026/candidate.php?candidate_id=3519,JOLARPET,IND,0,Others,"Rs 42,50,000 ~ 42 Lacs+",Rs 0 ~
2475,38,Priyadharshini. A,https://www.myneta.info/TamilNadu2026/candidate.php?candidate_id=38,EDAPPADI,Naam Tamilar Katchi,0,Post Graduate,https://myneta.info/image_v2.php?myneta_folder=TamilNadu2026&candidate_id=38&col=ta,https://myneta.info/image_v2.php?myneta_folder=TamilNadu2026&candidate_id=38&col=lia
2476,13,Pugazhendhi D,https://www.myneta.info/TamilNadu2026/candidate.php?candidate_id=13,ARIYALUR,Naam Tamilar Katchi,1,Others,"Rs 1,86,000 ~ 1 Lacs+",Rs 0 ~
2477,969,Pugazhendi. M,https://www.myneta.info/TamilNadu2026/candidate.php?candidate_id=969,VEDHARANYAM,DMK,0,10th Pass,"Rs 2,45,57,913 ~ 2 Crore+","Rs 12,00,000 ~ 12 Lacs+"
2478,3815,Pullani,https://www.myneta.info/TamilNadu2026/candidate.php?candidate_id=3815,RAMANATHAPURAM,IND,2,5th Pass,https://myneta.info/image_v2.php?myneta_folder=TamilNadu2026&candidate_id=3815&col=ta,https://myneta.info/image_v2.php?myneta_folder=TamilNadu2026&candidate_id=3815&col=lia
2479,17,Punitha Shanmugam,https://www.myneta.info/TamilNadu2026/candidate.php?candidate_id=17,AVADI,Naam Tamilar Katchi,0,Doctorate,"Rs 12,38,995 ~ 12 Lacs+","Rs 1,33,000 ~ 1 Lacs+"
2480,2733,Puratchidasan. T,https://www.myneta.info/TamilNadu2026/candidate.php?candidate_id=2733,POOMPUHAR,Anaithinthiya Anna Dravida Makkal Seyal katchi,0,10th Pass,"Rs 2,000 ~ 2 Thou+",Rs 0 ~
2481,2866,Purushothaman K,https://www.myneta.info/TamilNadu2026/candidate.php?candidate_id=2866,MAILAM,Desiya Makkal Sakthi Katchi,1,Illiterate,https://myneta.info/image_v2.php?myneta_folder=TamilNadu2026&candidate_id=2866&col=ta,https://myneta.info/image_v2.php?myneta_folder=TamilNadu2026&candidate_id=2866&col=lia
2482,1459,Purushothaman P,https://www.myneta.info/TamilNadu2026/candidate.php?candidate_id=1459,VILLIVAKKAM,IND,0,10th Pass,"Rs 1,99,42,250 ~ 1 Crore+","Rs 4,61,387 ~ 4 Lacs+"
2483,2444,Purushothaman.B,https://www.myneta.info/TamilNadu2026/candidate.php?candidate_id=2444,POONAMALLEE (SC),IND,0,10th Pass,"Rs 31,28,600 ~ 31 Lacs+",Rs 0 ~
2484,1835,Purusothaman. M,https://www.myneta.info/TamilNadu2026/candidate.php?candidate_id=1835,POLUR,IND,0,Graduate Professional,https://myneta.info/image_v2.php?myneta_folder=TamilNadu2026&candidate_id=1835&col=ta,https://myneta.info/image_v2.php?myneta_folder=TamilNadu2026&candidate_id=1835&col=lia
2485,2540,Py.Dhatchinamurthy,https://www.myneta.info/TamilNadu2026/candidate.php?candidate_id=2540,TIRUPPUR (NORTH),Tamizhaga Vaazhvurimai Katchi,0,10th Pass,"Rs 5,86,000 ~ 5 Lacs+",Rs 0 ~
2486,3488,R Dinesh,https://www.myneta.info/TamilNadu2026/candidate.php?candidate_id=3488,HARBOUR,IND,0,Others,"Rs 2,74,000 ~ 2 Lacs+",Rs 0 ~
2487,272,R Fouzan Shariff,https://www.myneta.info/TamilNadu2026/candidate.php?candidate_id=272,HARBOUR,Naam Tamilar Katchi,0,Graduate,https://myneta.info/image_v2.php?myneta_folder=TamilNadu2026&candidate_id=272&col=ta,https://myneta.info/image_v2.php?myneta_folder=TamilNadu2026&candidate_id=272&col=lia
2488,3960,R Ilaiyaraja,https://www.myneta.info/TamilNadu2026/candidate.php?candidate_id=3960,TIRUVADANAI,Indhu Dravida Makkal Katchi,5,Literate,"Rs 12,22,600 ~ 12 Lacs+","Rs 1,40,000 ~ 1 Lacs+"
2489,151,R Jayalakshmi,https://www.myneta.info/TamilNadu2026/candidate.php?candidate_id=151,SHOLINGANALLUR,Naam Tamilar Katchi,0,Post Graduate,"Rs 55,27,67,061 ~ 55 Crore+","Rs 4,63,000 ~ 4 Lacs+"
2490,822,R Jayaramakrishnan,https://www.myneta.info/TamilNadu2026/candidate.php?candidate_id=822,MADATHUKULAM,DMK,0,Graduate Professional,https://myneta.info/image_v2.php?myneta_folder=TamilNadu2026&candidate_id=822&col=ta,https://myneta.info/image_v2.php?myneta_folder=TamilNadu2026&candidate_id=822&col=lia
2491,1422,R Kotherimohideen,https://www.myneta.info/TamilNadu2026/candidate.php?candidate_id=1422,ALANGULAM,IND,1,Graduate,"Rs 38,76,000 ~ 38 Lacs+","Rs 22,88,600 ~ 22 Lacs+"
2492,1303,R Kuppusamy,https://www.myneta.info/TamilNadu2026/candidate.php?candidate_id=1303,UTHANGARAI (SC),INC,0,10th Pass,"Rs 3,72,76,860 ~ 3 Crore+",Rs 0 ~
2493,784,R Manohar,https://www.myneta.info/TamilNadu2026/candidate.php?candidate_id=784,HARBOUR,AIADMK,1,Post Graduate,https://myneta.info/image_v2.php?myneta_folder=TamilNadu2026&candidate_id=784&col=ta,https://myneta.info/image_v2.php?myneta_folder=TamilNadu2026&candidate_id=784&col=lia
2494,3,R Paulraj,https://www.myneta.info/TamilNadu2026/candidate.php?candidate_id=3,ALANGULAM,Naam Tamilar Katchi,4,Graduate Professional,"Rs 1,56,60,000 ~ 1 Crore+","Rs 7,35,000 ~ 7 Lacs+"
2495,2302,R Rajkumar,https://www.myneta.info/TamilNadu2026/candidate.php?candidate_id=2302,MADURAI NORTH,Naam Indiar Party,0,10th Pass,"Rs 82,25,351 ~ 82 Lacs+","Rs 25,97,000 ~ 25 Lacs+"
2496,1666,R Ravichandran,https://www.myneta.info/TamilNadu2026/candidate.php?candidate_id=1666,SHOLINGANALLUR,IND,0,8th Pass,https://myneta.info/image_v2.php?myneta_folder=TamilNadu2026&candidate_id=1666&col=ta,https://myneta.info/image_v2.php?myneta_folder=TamilNadu2026&candidate_id=1666&col=lia
2497,3065,R Srinivasan,https://www.myneta.info/TamilNadu2026/candidate.php?candidate_id=3065,KURINJIPADI,Tamil Telugu National Party,0,10th Pass,"Rs 25,35,500 ~ 25 Lacs+","Rs 10,97,000 ~ 10 Lacs+"
2498,1046,R Sundararaj,https://www.myneta.info/TamilNadu2026/candidate.php?candidate_id=1046,OTTAPIDARAM (SC),Amma Makkal Munnettra Kazagam,1,Others,"Rs 8,64,58,920 ~ 8 Crore+","Rs 2,38,71,098 ~ 2 Crore+"
2499,3968,R Thilageswaran,https://www.myneta.info/TamilNadu2026/candidate.php?candidate_id=3968,TIRUVADANAI,IND,1,Graduate Professional,https://myneta.info/image_v2.php?myneta_folder=TamilNadu2026&candidate_id=3968&col=ta,https://myneta.info/image_v2.php?myneta_folder=TamilNadu2026&candidate_id=3968&col=lia
2500,823,R Thirumalai,https://www.myneta.info/TamilNadu2026/candidate.php?candidate_id=823,MADATHUKULAM,Tamilaga Vettri Kazhagam,0,Graduate,"Rs 28,20,124 ~ 28 Lacs+","Rs 38,435 ~ 38 Thou+"
2501,1010,R. Amutharani,https://www.myneta.info/TamilNadu2026/candidate.php?candidate_id=1010,VASUDEVANALLUR (SC),Tamilaga Vettri Kazhagam,0,12th Pass,"Rs 1,60,33,814 ~ 1 Crore+","Rs 56,57,382 ~ 56 Lacs+"
2502,2985,R. Anandan,https://www.myneta.info/TamilNadu2026/candidate.php?candidate_id=2985,THIRU-VI-KA-NAGAR (SC),IND,0,8th Pass,https://myneta.info/image_v2.php?myneta_folder=TamilNadu2026&candidate_id=2985&col=ta,https://myneta.info/image_v2.php?myneta_folder=TamilNadu2026&candidate_id=2985&col=lia
2503,2814,R. Bakthavatchalam,https://www.myneta.info/TamilNadu2026/candidate.php?candidate_id=2814,AVADI,All India Puratchi Thalaivar Makkal Munnettra Kazhagam,0,12th Pass,"Rs 70,483 ~ 70 Thou+","Rs 18,30,000 ~ 18 Lacs+"
2504,2610,R. Balaji,https://www.myneta.info/TamilNadu2026/candidate.php?candidate_id=2610,KOLATHUR,IND,0,Graduate Professional,"Rs 1,125 ~ 1 Thou+",Rs 0 ~
2505,3655,R. Dineshkumar,https://www.myneta.info/TamilNadu2026/candidate.php?candidate_id=3655,LALGUDI,IND,0,Post Graduate,https://myneta.info/image_v2.php?myneta_folder=TamilNadu2026&candidate_id=3655&col=ta,https://myneta.info/image_v2.php?myneta_folder=TamilNadu2026&candidate_id=3655&col=lia
2506,2177,R. Elangovan,https://www.myneta.info/TamilNadu2026/candidate.php?candidate_id=2177,TIRUCHIRAPPALLI (EAST),BSP,0,8th Pass,"Rs 26,000 ~ 26 Thou+",Rs 0 ~
2507,610,R. Esakkimuthu,https://www.myneta.info/TamilNadu2026/candidate.php?candidate_id=610,NANGUNERI,Amma Makkal Munnettra Kazagam,0,Graduate,"Rs 60,59,43,846 ~ 60 Crore+","Rs 12,35,82,289 ~ 12 Crore+"
2508,1344,R. Gandhi,https://www.myneta.info/TamilNadu2026/candidate.php?candidate_id=1344,RANIPET,DMK,1,10th Pass,https://myneta.info/image_v2.php?myneta_folder=TamilNadu2026&candidate_id=1344&col=ta,https://myneta.info/image_v2.php?myneta_folder=TamilNadu2026&candidate_id=1344&col=lia
2509,289,R. Immanuvel,https://www.myneta.info/TamilNadu2026/candidate.php?candidate_id=289,KANGAYAM,IND,0,12th Pass,"Rs 3,84,602 ~ 3 Lacs+",Rs 0 ~
2510,3716,R. Janarthanan,https://www.myneta.info/TamilNadu2026/candidate.php?candidate_id=3716,NANGUNERI,BSP,0,Others,"Rs 18,85,500 ~ 18 Lacs+","Rs 40,000 ~ 40 Thou+"
2511,2006,R. Jayaseelan,https://www.myneta.info/TamilNadu2026/candidate.php?candidate_id=2006,PERAMBUR,IND,0,5th Pass,https://myneta.info/image_v2.php?myneta_folder=TamilNadu2026&candidate_id=2006&col=ta,https://myneta.info/image_v2.php?myneta_folder=TamilNadu2026&candidate_id=2006&col=lia
2512,829,R. Kathiravan,https://www.myneta.info/TamilNadu2026/candidate.php?candidate_id=829,MANAPPARAI,Tamilaga Vettri Kazhagam,4,Graduate Professional,"Rs 2,22,19,566 ~ 2 Crore+","Rs 76,77,972 ~ 76 Lacs+"
2513,2818,R. Kumar,https://www.myneta.info/TamilNadu2026/candidate.php?candidate_id=2818,AVADI,IND,0,Illiterate,"Rs 42,46,900 ~ 42 Lacs+","Rs 1,48,645 ~ 1 Lacs+"
2514,2627,R. Kumaravel,https://www.myneta.info/TamilNadu2026/candidate.php?candidate_id=2627,EGMORE (SC),IND,0,Graduate Professional,https://myneta.info/image_v2.php?myneta_folder=TamilNadu2026&candidate_id=2627&col=ta,https://myneta.info/image_v2.php?myneta_folder=TamilNadu2026&candidate_id=2627&col=lia
2515,2612,R. Mahesh,https://www.myneta.info/TamilNadu2026/candidate.php?candidate_id=2612,KOLATHUR,IND,0,Others,"Rs 8,97,500 ~ 8 Lacs+",Rs 0 ~
2516,3036,R. Manian,https://www.myneta.info/TamilNadu2026/candidate.php?candidate_id=3036,COIMBATORE (NORTH),IND,0,8th Pass,"Rs 10,026 ~ 10 Thou+",Rs 0 ~
2517,2822,R. Manikandan,https://www.myneta.info/TamilNadu2026/candidate.php?candidate_id=2822,AVADI,IND,0,Post Graduate,https://myneta.info/image_v2.php?myneta_folder=TamilNadu2026&candidate_id=2822&col=ta,https://myneta.info/image_v2.php?myneta_folder=TamilNadu2026&candidate_id=2822&col=lia
2518,1701,R. Muralidharan,https://www.myneta.info/TamilNadu2026/candidate.php?candidate_id=1701,THANJAVUR,IND,0,Graduate,"Rs 1,49,80,000 ~ 1 Crore+","Rs 56,00,000 ~ 56 Lacs+"
2519,2995,R. Murugan,https://www.myneta.info/TamilNadu2026/candidate.php?candidate_id=2995,THIRU-VI-KA-NAGAR (SC),IND,0,10th Pass,"Rs 19,55,000 ~ 19 Lacs+",Rs 0 ~
2520,2034,R. Muthu Chella Bharathi,https://www.myneta.info/TamilNadu2026/candidate.php?candidate_id=2034,DR.RADHAKRISHNAN NAGAR,IND,0,Post Graduate,https://myneta.info/image_v2.php?myneta_folder=TamilNadu2026&candidate_id=2034&col=ta,https://myneta.info/image_v2.php?myneta_folder=TamilNadu2026&candidate_id=2034&col=lia
2521,2181,R. Muthukumar,https://www.myneta.info/TamilNadu2026/candidate.php?candidate_id=2181,TIRUCHIRAPPALLI (EAST),Samaniya Makkal Nala Katchi,0,8th Pass,"Rs 3,12,086 ~ 3 Lacs+",Rs 0 ~
2522,1262,R. Panneerdoss,https://www.myneta.info/TamilNadu2026/candidate.php?candidate_id=1262,THIRUPORUR,Viduthalai Chiruthaigal Katchi,0,12th Pass,"Rs 19,33,53,666 ~ 19 Crore+","Rs 2,25,92,545 ~ 2 Crore+"
2523,2489,R. Perumal,https://www.myneta.info/TamilNadu2026/candidate.php?candidate_id=2489,VILATHIKULAM,Naam Indiar Party,0,5th Pass,https://myneta.info/image_v2.php?myneta_folder=TamilNadu2026&candidate_id=2489&col=ta,https://myneta.info/image_v2.php?myneta_folder=TamilNadu2026&candidate_id=2489&col=lia
2524,3656,R. Ponsilambu,https://www.myneta.info/TamilNadu2026/candidate.php?candidate_id=3656,LALGUDI,IND,0,Post Graduate,"Rs 13,31,738 ~ 13 Lacs+",Rs 0 ~
2525,2615,R. Raj Guru,https://www.myneta.info/TamilNadu2026/candidate.php?candidate_id=2615,KOLATHUR,IND,0,8th Pass,"Rs 6,00,000 ~ 6 Lacs+",Rs 0 ~
2526,2417,R. Rajkumar,https://www.myneta.info/TamilNadu2026/candidate.php?candidate_id=2417,THIRUVAIYARU,IND,0,Post Graduate,https://myneta.info/image_v2.php?myneta_folder=TamilNadu2026&candidate_id=2417&col=ta,https://myneta.info/image_v2.php?myneta_folder=TamilNadu2026&candidate_id=2417&col=lia
2527,1555,R. Rajkumar,https://www.myneta.info/TamilNadu2026/candidate.php?candidate_id=1555,ROYAPURAM,IND,0,Post Graduate,"Rs 4,18,668 ~ 4 Lacs+",Rs 0 ~
2528,3796,R. Ramachandran,https://www.myneta.info/TamilNadu2026/candidate.php?candidate_id=3796,PUDUKKOTTAI,IND,0,Post Graduate,"Rs 5,65,106 ~ 5 Lacs+","Rs 85,151 ~ 85 Thou+"
2529,1843,R. Ramanan,https://www.myneta.info/TamilNadu2026/candidate.php?candidate_id=1843,THIRUVALLUR,IND,0,12th Pass,https://myneta.info/image_v2.php?myneta_folder=TamilNadu2026&candidate_id=1843&col=ta,https://myneta.info/image_v2.php?myneta_folder=TamilNadu2026&candidate_id=1843&col=lia
2530,1011,R. Rameshkumar,https://www.myneta.info/TamilNadu2026/candidate.php?candidate_id=1011,VASUDEVANALLUR (SC),BSP,0,8th Pass,"Rs 41,500 ~ 41 Thou+",Rs 0 ~
2531,3911,R. Ramkumar,https://www.myneta.info/TamilNadu2026/candidate.php?candidate_id=3911,TENKASI,IND,1,10th Pass,"Rs 60,20,000 ~ 60 Lacs+",Rs 0 ~
2532,2614,R. Ravikumar,https://www.myneta.info/TamilNadu2026/candidate.php?candidate_id=2614,KOLATHUR,IND,0,Graduate Professional,https://myneta.info/image_v2.php?myneta_folder=TamilNadu2026&candidate_id=2614&col=ta,https://myneta.info/image_v2.php?myneta_folder=TamilNadu2026&candidate_id=2614&col=lia
2533,1700,R. Sabthagiri,https://www.myneta.info/TamilNadu2026/candidate.php?candidate_id=1700,THANJAVUR,IND,0,10th Pass,"Rs 4,94,143 ~ 4 Lacs+","Rs 99,500 ~ 99 Thou+"
2534,3029,R. Sampath Kumar,https://www.myneta.info/TamilNadu2026/candidate.php?candidate_id=3029,COIMBATORE (NORTH),IND,0,10th Pass,"Rs 7,57,585 ~ 7 Lacs+",Rs 0 ~
2535,3026,R. Sathish Kumar,https://www.myneta.info/TamilNadu2026/candidate.php?candidate_id=3026,COIMBATORE (NORTH),IND,0,10th Pass,https://myneta.info/image_v2.php?myneta_folder=TamilNadu2026&candidate_id=3026&col=ta,https://myneta.info/image_v2.php?myneta_folder=TamilNadu2026&candidate_id=3026&col=lia
2536,2415,R. Sathiyanarayanan,https://www.myneta.info/TamilNadu2026/candidate.php?candidate_id=2415,THIRUVAIYARU,IND,0,10th Pass,"Rs 2,63,817 ~ 2 Lacs+",Rs 0 ~
2537,1050,R. Sathya,https://www.myneta.info/TamilNadu2026/candidate.php?candidate_id=1050,VILATHIKULAM,AIADMK,0,Graduate,"Rs 3,81,74,654 ~ 3 Crore+","Rs 98,47,272 ~ 98 Lacs+"
2538,3901,R. Selvakumar,https://www.myneta.info/TamilNadu2026/candidate.php?candidate_id=3901,TENKASI,Naam Indiar Party,0,10th Pass,https://myneta.info/image_v2.php?myneta_folder=TamilNadu2026&candidate_id=3901&col=ta,https://myneta.info/image_v2.php?myneta_folder=TamilNadu2026&candidate_id=3901&col=lia
2539,2603,R. Senthil Kumar,https://www.myneta.info/TamilNadu2026/candidate.php?candidate_id=2603,KOLATHUR,IND,0,Graduate Professional,"Rs 9,42,240 ~ 9 Lacs+",Rs 0 ~
2540,3032,R. Sethuragunathan,https://www.myneta.info/TamilNadu2026/candidate.php?candidate_id=3032,COIMBATORE (NORTH),IND,3,12th Pass,"Rs 3,84,500 ~ 3 Lacs+","Rs 26,37,200 ~ 26 Lacs+"
2541,2833,R. Siva,https://www.myneta.info/TamilNadu2026/candidate.php?candidate_id=2833,MADHURAVOYAL,IND,0,Post Graduate,https://myneta.info/image_v2.php?myneta_folder=TamilNadu2026&candidate_id=2833&col=ta,https://myneta.info/image_v2.php?myneta_folder=TamilNadu2026&candidate_id=2833&col=lia
2542,599,R. Sivakumar,https://www.myneta.info/TamilNadu2026/candidate.php?candidate_id=599,PUDUKKOTTAI,IND,1,Graduate,"Rs 1,12,23,757 ~ 1 Crore+","Rs 25,36,164 ~ 25 Lacs+"
2543,364,R. Tamilarasan,https://www.myneta.info/TamilNadu2026/candidate.php?candidate_id=364,LALGUDI,IND,0,10th Pass,"Rs 8,72,000 ~ 8 Lacs+",Rs 0 ~
2544,1133,R. Vaithilingam,https://www.myneta.info/TamilNadu2026/candidate.php?candidate_id=1133,ORATHANADU,DMK,5,12th Pass,https://myneta.info/image_v2.php?myneta_folder=TamilNadu2026&candidate_id=1133&col=ta,https://myneta.info/image_v2.php?myneta_folder=TamilNadu2026&candidate_id=1133&col=lia
2545,3435,R. Veeramani,https://www.myneta.info/TamilNadu2026/candidate.php?candidate_id=3435,CUDDALORE,IND,0,8th Pass,"Rs 4,69,698 ~ 4 Lacs+",Rs 0 ~
2546,1014,R. Vijaysaravanan,https://www.myneta.info/TamilNadu2026/candidate.php?candidate_id=1014,THANJAVUR,Tamilaga Vettri Kazhagam,1,10th Pass,"Rs 29,42,530 ~ 29 Lacs+","Rs 1,99,090 ~ 1 Lacs+"
2547,1538,R. Vinothkumar,https://www.myneta.info/TamilNadu2026/candidate.php?candidate_id=1538,ROYAPURAM,Naam Indiar Party,0,Graduate Professional,https://myneta.info/image_v2.php?myneta_folder=TamilNadu2026&candidate_id=1538&col=ta,https://myneta.info/image_v2.php?myneta_folder=TamilNadu2026&candidate_id=1538&col=lia
2548,2838,R. Yuvaraj,https://www.myneta.info/TamilNadu2026/candidate.php?candidate_id=2838,MADHURAVOYAL,IND,0,Graduate,"Rs 21,17,092 ~ 21 Lacs+",Rs 0 ~
2549,196,R.Abinaya,https://www.myneta.info/TamilNadu2026/candidate.php?candidate_id=196,TIRUPPUR (NORTH),Naam Tamilar Katchi,2,Graduate,"Rs 1,65,04,279 ~ 1 Crore+","Rs 74,34,000 ~ 74 Lacs+"
2550,3722,R.Ananthi,https://www.myneta.info/TamilNadu2026/candidate.php?candidate_id=3722,NANGUNERI,IND,0,Graduate,https://myneta.info/image_v2.php?myneta_folder=TamilNadu2026&candidate_id=3722&col=ta,https://myneta.info/image_v2.php?myneta_folder=TamilNadu2026&candidate_id=3722&col=lia
2551,3601,R.Arunkumar,https://www.myneta.info/TamilNadu2026/candidate.php?candidate_id=3601,KULITHALAI,IND,0,5th Pass,"Rs 10,74,050 ~ 10 Lacs+",Rs 0 ~
2552,2260,R.Ayyanar,https://www.myneta.info/TamilNadu2026/candidate.php?candidate_id=2260,NILAKKOTTAI (SC),Tamilaga Vettri Kazhagam,0,Post Graduate,"Rs 85,96,520 ~ 85 Lacs+","Rs 22,75,000 ~ 22 Lacs+"
2553,1433,R.Balamurugan,https://www.myneta.info/TamilNadu2026/candidate.php?candidate_id=1433,AMBATTUR,IND,0,10th Pass,https://myneta.info/image_v2.php?myneta_folder=TamilNadu2026&candidate_id=1433&col=ta,https://myneta.info/image_v2.php?myneta_folder=TamilNadu2026&candidate_id=1433&col=lia
2554,2655,R.Chinnaraj,https://www.myneta.info/TamilNadu2026/candidate.php?candidate_id=2655,METTUPALAYAM,IND,0,10th Pass,"Rs 31,08,245 ~ 31 Lacs+",Rs 0 ~
2555,732,R.D. Shekar,https://www.myneta.info/TamilNadu2026/candidate.php?candidate_id=732,PERAMBUR,DMK,10,Graduate Professional,"Rs 6,49,98,731 ~ 6 Crore+","Rs 2,94,82,170 ~ 2 Crore+"
2556,2027,R.Devakumar,https://www.myneta.info/TamilNadu2026/candidate.php?candidate_id=2027,DR.RADHAKRISHNAN NAGAR,IND,0,Graduate Professional,https://myneta.info/image_v2.php?myneta_folder=TamilNadu2026&candidate_id=2027&col=ta,https://myneta.info/image_v2.php?myneta_folder=TamilNadu2026&candidate_id=2027&col=lia
2557,699,R.Dhandapani,https://www.myneta.info/TamilNadu2026/candidate.php?candidate_id=699,ERODE (EAST),Veerath Thiyagi Viswanathadoss Thozhilalarkal Katchi,0,8th Pass,"Rs 10,000 ~ 10 Thou+",Rs 0 ~
2558,2811,R.Edmund Jayendren,https://www.myneta.info/TamilNadu2026/candidate.php?candidate_id=2811,AVADI,Tamizhaga Vaazhvurimai Katchi,0,Graduate,"Rs 2,93,20,694 ~ 2 Crore+",Rs 0 ~
2559,832,R.Esaikannan,https://www.myneta.info/TamilNadu2026/candidate.php?candidate_id=832,AMBASAMUDRAM,BSP,0,Graduate Professional,https://myneta.info/image_v2.php?myneta_folder=TamilNadu2026&candidate_id=832&col=ta,https://myneta.info/image_v2.php?myneta_folder=TamilNadu2026&candidate_id=832&col=lia
2560,2018,R.Ethiraj,https://www.myneta.info/TamilNadu2026/candidate.php?candidate_id=2018,DR.RADHAKRISHNAN NAGAR,IND,0,12th Pass,"Rs 26,15,750 ~ 26 Lacs+",Rs 0 ~
2561,652,R.Indhumathi,https://www.myneta.info/TamilNadu2026/candidate.php?candidate_id=652,ARCOT,IND,0,12th Pass,"Rs 80,30,000 ~ 80 Lacs+",Rs 0 ~
2562,303,R.Jawahar,https://www.myneta.info/TamilNadu2026/candidate.php?candidate_id=303,PALLAVARAM,IND,0,Post Graduate,https://myneta.info/image_v2.php?myneta_folder=TamilNadu2026&candidate_id=303&col=ta,https://myneta.info/image_v2.php?myneta_folder=TamilNadu2026&candidate_id=303&col=lia
2563,1927,R.Karthikeyan,https://www.myneta.info/TamilNadu2026/candidate.php?candidate_id=1927,MODAKKURICHI,Tamizhaga Vaazhvurimai Katchi,0,10th Pass,"Rs 97,11,880 ~ 97 Lacs+",Rs 0 ~
2564,3662,R.Karthikeyan,https://www.myneta.info/TamilNadu2026/candidate.php?candidate_id=3662,MADHAVARAM,Tamizhaga Vaazhvurimai Katchi,1,Graduate,"Rs 33,02,000 ~ 33 Lacs+","Rs 9,00,000 ~ 9 Lacs+"
2565,440,R.Krishnan,https://www.myneta.info/TamilNadu2026/candidate.php?candidate_id=440,TENKASI,IND,6,Graduate,https://myneta.info/image_v2.php?myneta_folder=TamilNadu2026&candidate_id=440&col=ta,https://myneta.info/image_v2.php?myneta_folder=TamilNadu2026&candidate_id=440&col=lia
2566,3619,R.Kumaresan,https://www.myneta.info/TamilNadu2026/candidate.php?candidate_id=3619,KUMARAPALAYAM,IND,0,10th Pass,"Rs 65,60,000 ~ 65 Lacs+","Rs 6,00,000 ~ 6 Lacs+"
2567,3878,R.Manikandabrabhu,https://www.myneta.info/TamilNadu2026/candidate.php?candidate_id=3878,SINGANALLUR,IND,0,10th Pass,"Rs 10,22,000 ~ 10 Lacs+",Rs 0 ~
2568,1159,R.Manoharan,https://www.myneta.info/TamilNadu2026/candidate.php?candidate_id=1159,ERODE (EAST),AIADMK,0,Graduate,https://myneta.info/image_v2.php?myneta_folder=TamilNadu2026&candidate_id=1159&col=ta,https://myneta.info/image_v2.php?myneta_folder=TamilNadu2026&candidate_id=1159&col=lia
2569,1055,R.Manoharan,https://www.myneta.info/TamilNadu2026/candidate.php?candidate_id=1055,SRIRANGAM,AIADMK,1,Graduate,"Rs 10,08,67,418 ~ 10 Crore+","Rs 1,07,50,306 ~ 1 Crore+"
2570,894,R.Mayavan,https://www.myneta.info/TamilNadu2026/candidate.php?candidate_id=894,CUDDALORE,IND,0,10th Pass,"Rs 67,25,968 ~ 67 Lacs+",Rs 0 ~
2571,3690,R.Moovendran,https://www.myneta.info/TamilNadu2026/candidate.php?candidate_id=3690,MUDUKULATHUR,IND,1,Post Graduate,https://myneta.info/image_v2.php?myneta_folder=TamilNadu2026&candidate_id=3690&col=ta,https://myneta.info/image_v2.php?myneta_folder=TamilNadu2026&candidate_id=3690&col=lia
2572,3340,R.Muthukumar,https://www.myneta.info/TamilNadu2026/candidate.php?candidate_id=3340,PALLAVARAM,IND,0,10th Pass,"Rs 1,000 ~ 1 Thou+",Rs 0 ~
2573,1934,R.Natarajan,https://www.myneta.info/TamilNadu2026/candidate.php?candidate_id=1934,MODAKKURICHI,IND,0,Illiterate,"Rs 69,10,201 ~ 69 Lacs+","Rs 1,45,000 ~ 1 Lacs+"
2574,2518,R.Prabu,https://www.myneta.info/TamilNadu2026/candidate.php?candidate_id=2518,TIRUCHIRAPPALLI (WEST),Tamizhaga Vaazhvurimai Katchi,8,Post Graduate,https://myneta.info/image_v2.php?myneta_folder=TamilNadu2026&candidate_id=2518&col=ta,https://myneta.info/image_v2.php?myneta_folder=TamilNadu2026&candidate_id=2518&col=lia
2575,3626,R.Raja,https://www.myneta.info/TamilNadu2026/candidate.php?candidate_id=3626,KUMARAPALAYAM,IND,0,Others,"Rs 16,25,584 ~ 16 Lacs+","Rs 3,00,000 ~ 3 Lacs+"
2576,2,R.Rajaram,https://www.myneta.info/TamilNadu2026/candidate.php?candidate_id=2,ALANGUDI,Naam Tamilar Katchi,2,Graduate Professional,"Rs 82,84,700 ~ 82 Lacs+","Rs 26,36,000 ~ 26 Lacs+"
2577,3335,R.Rajkumar,https://www.myneta.info/TamilNadu2026/candidate.php?candidate_id=3335,PALLAVARAM,All India Puratchi Thalaivar Makkal Munnettra Kazhagam,0,Literate,https://myneta.info/image_v2.php?myneta_folder=TamilNadu2026&candidate_id=3335&col=ta,https://myneta.info/image_v2.php?myneta_folder=TamilNadu2026&candidate_id=3335&col=lia
2578,686,R.Ramachandran,https://www.myneta.info/TamilNadu2026/candidate.php?candidate_id=686,CUDDALORE,IND,0,Graduate Professional,"Rs 35,04,000 ~ 35 Lacs+","Rs 25,00,000 ~ 25 Lacs+"
2579,254,R.Ramesh Kumar,https://www.myneta.info/TamilNadu2026/candidate.php?candidate_id=254,AVADI,Tamilaga Vettri Kazhagam,0,Graduate,"Rs 3,47,32,417 ~ 3 Crore+",Rs 0 ~
2580,1642,R.Ravi,https://www.myneta.info/TamilNadu2026/candidate.php?candidate_id=1642,PERAVURANI,All India Puratchi Thalaivar Makkal Munnettra Kazhagam,1,8th Pass,https://myneta.info/image_v2.php?myneta_folder=TamilNadu2026&candidate_id=1642&col=ta,https://myneta.info/image_v2.php?myneta_folder=TamilNadu2026&candidate_id=1642&col=lia
2581,3898,R.Ravikumar,https://www.myneta.info/TamilNadu2026/candidate.php?candidate_id=3898,TAMBARAM,IND,0,8th Pass,"Rs 35,000 ~ 35 Thou+",Rs 0 ~
2582,370,R.S.Balaji,https://www.myneta.info/TamilNadu2026/candidate.php?candidate_id=370,MADHAVARAM,IND,0,Others,"Rs 24,35,000 ~ 24 Lacs+","Rs 17,50,000 ~ 17 Lacs+"
2583,852,R.S.Kiruthika Devi,https://www.myneta.info/TamilNadu2026/candidate.php?candidate_id=852,TAMBARAM,DMK,0,Graduate Professional,https://myneta.info/image_v2.php?myneta_folder=TamilNadu2026&candidate_id=852&col=ta,https://myneta.info/image_v2.php?myneta_folder=TamilNadu2026&candidate_id=852&col=lia
2584,1380,R.S.Raajesh,https://www.myneta.info/TamilNadu2026/candidate.php?candidate_id=1380,DR.RADHAKRISHNAN NAGAR,AIADMK,3,Others,"Rs 12,65,81,006 ~ 12 Crore+","Rs 2,25,52,004 ~ 2 Crore+"
2585,1198,R.S.Rajakannappan,https://www.myneta.info/TamilNadu2026/candidate.php?candidate_id=1198,MUDUKULATHUR,DMK,0,Graduate,"Rs 2,57,08,640 ~ 2 Crore+",Rs 0 ~
2586,2645,R.Sangeetha,https://www.myneta.info/TamilNadu2026/candidate.php?candidate_id=2645,METTUPALAYAM,Naadaalum Makkal Katchi,0,10th Pass,https://myneta.info/image_v2.php?myneta_folder=TamilNadu2026&candidate_id=2645&col=ta,https://myneta.info/image_v2.php?myneta_folder=TamilNadu2026&candidate_id=2645&col=lia
2587,1506,R.Saravanan,https://www.myneta.info/TamilNadu2026/candidate.php?candidate_id=1506,ALANDUR,IND,0,10th Pass,"Rs 4,00,950 ~ 4 Lacs+",Rs 0 ~
2588,3371,R.Saravanan,https://www.myneta.info/TamilNadu2026/candidate.php?candidate_id=3371,ANAIKATTU,Namadhu Makkal Katchi,0,5th Pass,"Rs 6,04,136 ~ 6 Lacs+","Rs 2,19,343 ~ 2 Lacs+"
2589,1509,R.Selvakumar,https://www.myneta.info/TamilNadu2026/candidate.php?candidate_id=1509,ALANDUR,IND,0,Others,https://myneta.info/image_v2.php?myneta_folder=TamilNadu2026&candidate_id=1509&col=ta,https://myneta.info/image_v2.php?myneta_folder=TamilNadu2026&candidate_id=1509&col=lia
2590,3218,R.Sesu,https://www.myneta.info/TamilNadu2026/candidate.php?candidate_id=3218,PALAYAMKOTTAI,IND,0,Others,"Rs 40,52,611 ~ 40 Lacs+","Rs 20,94,516 ~ 20 Lacs+"
2591,3354,R.Sethupathi,https://www.myneta.info/TamilNadu2026/candidate.php?candidate_id=3354,SHOLINGHUR,IND,0,12th Pass,"Rs 4,81,000 ~ 4 Lacs+",Rs 0 ~
2592,48,R.Sridar. B.L.,https://www.myneta.info/TamilNadu2026/candidate.php?candidate_id=48,GUMMIDIPOONDI,Naam Tamilar Katchi,0,Graduate Professional,https://myneta.info/image_v2.php?myneta_folder=TamilNadu2026&candidate_id=48&col=ta,https://myneta.info/image_v2.php?myneta_folder=TamilNadu2026&candidate_id=48&col=lia
2593,2901,R.Sugan,https://www.myneta.info/TamilNadu2026/candidate.php?candidate_id=2901,MADURANTAKAM (SC),All India Puratchi Thalaivar Makkal Munnettra Kazhagam,0,Others,"Rs 2,06,000 ~ 2 Lacs+","Rs 3,50,000 ~ 3 Lacs+"
2594,1515,R.Suresh,https://www.myneta.info/TamilNadu2026/candidate.php?candidate_id=1515,ALANGUDI,Party for the Rights of Other backward Classes,0,12th Pass,"Rs 50,000 ~ 50 Thou+","Rs 20,000 ~ 20 Thou+"
2595,1507,R.Suresh,https://www.myneta.info/TamilNadu2026/candidate.php?candidate_id=1507,ALANDUR,IND,0,Graduate Professional,https://myneta.info/image_v2.php?myneta_folder=TamilNadu2026&candidate_id=1507&col=ta,https://myneta.info/image_v2.php?myneta_folder=TamilNadu2026&candidate_id=1507&col=lia
2596,2025,R.Tamilarasan,https://www.myneta.info/TamilNadu2026/candidate.php?candidate_id=2025,DR.RADHAKRISHNAN NAGAR,IND,0,Post Graduate,"Rs 7,01,018 ~ 7 Lacs+",Rs 0 ~
2597,1051,R.V. Bharathan,https://www.myneta.info/TamilNadu2026/candidate.php?candidate_id=1051,MANACHANALLUR,AIADMK,0,Graduate Professional,"Rs 26,46,19,693 ~ 26 Crore+","Rs 2,07,82,135 ~ 2 Crore+"
2598,398,R.V. Ranjithkumar,https://www.myneta.info/TamilNadu2026/candidate.php?candidate_id=398,KANCHEEPURAM,Tamilaga Vettri Kazhagam,1,Graduate,https://myneta.info/image_v2.php?myneta_folder=TamilNadu2026&candidate_id=398&col=ta,https://myneta.info/image_v2.php?myneta_folder=TamilNadu2026&candidate_id=398&col=lia
2599,3471,R.Vairam,https://www.myneta.info/TamilNadu2026/candidate.php?candidate_id=3471,ERODE (EAST),IND,0,10th Pass,"Rs 18,90,000 ~ 18 Lacs+",Rs 0 ~
2600,649,R.Velmurugan,https://www.myneta.info/TamilNadu2026/candidate.php?candidate_id=649,ANAIKATTU,Tamilaga Vettri Kazhagam,4,8th Pass,"Rs 86,93,000 ~ 86 Lacs+","Rs 20,44,568 ~ 20 Lacs+"
2601,1936,R.Velusamy,https://www.myneta.info/TamilNadu2026/candidate.php?candidate_id=1936,MODAKKURICHI,IND,0,5th Pass,https://myneta.info/image_v2.php?myneta_folder=TamilNadu2026&candidate_id=1936&col=ta,https://myneta.info/image_v2.php?myneta_folder=TamilNadu2026&candidate_id=1936&col=lia
2602,3232,R.Vijayalakshmi,https://www.myneta.info/TamilNadu2026/candidate.php?candidate_id=3232,KANGAYAM,Ganasangam Party of India,0,10th Pass,"Rs 21,86,100 ~ 21 Lacs+","Rs 11,00,000 ~ 11 Lacs+"
2603,493,R.Vinoth,https://www.myneta.info/TamilNadu2026/candidate.php?candidate_id=493,SHOLINGHUR,Veerath Thiyagi Viswanathadoss Thozhilalarkal Katchi,0,10th Pass,"Rs 8,74,726 ~ 8 Lacs+","Rs 4,40,900 ~ 4 Lacs+"
2604,2547,R.Vishnumoorthy,https://www.myneta.info/TamilNadu2026/candidate.php?candidate_id=2547,TIRUPPUR (NORTH),IND,0,5th Pass,https://myneta.info/image_v2.php?myneta_folder=TamilNadu2026&candidate_id=2547&col=ta,https://myneta.info/image_v2.php?myneta_folder=TamilNadu2026&candidate_id=2547&col=lia
2605,1678,R.Yogeshwaran,https://www.myneta.info/TamilNadu2026/candidate.php?candidate_id=1678,SHOLINGANALLUR,IND,0,12th Pass,"Rs 3,17,134 ~ 3 Lacs+",Rs 0 ~
2606,1356,Raama Sreenivasan,https://www.myneta.info/TamilNadu2026/candidate.php?candidate_id=1356,MADURAI SOUTH,BJP,0,Doctorate,"Rs 5,76,65,381 ~ 5 Crore+","Rs 20,00,000 ~ 20 Lacs+"
2607,2368,Radha Krishnan. G,https://www.myneta.info/TamilNadu2026/candidate.php?candidate_id=2368,PARAMAKUDI (SC),IND,0,Graduate Professional,https://myneta.info/image_v2.php?myneta_folder=TamilNadu2026&candidate_id=2368&col=ta,https://myneta.info/image_v2.php?myneta_folder=TamilNadu2026&candidate_id=2368&col=lia
2608,1300,Radhakrishnan K.,https://www.myneta.info/TamilNadu2026/candidate.php?candidate_id=1300,UDUMALAIPETTAI,AIADMK,3,Graduate,"Rs 3,66,25,702 ~ 3 Crore+","Rs 50,00,000 ~ 50 Lacs+"
2609,4023,Radhakrishnan. D.R,https://www.myneta.info/TamilNadu2026/candidate.php?candidate_id=4023,VELACHERY,IND,0,Graduate Professional,"Rs 1,10,000 ~ 1 Lacs+","Rs 50,414 ~ 50 Thou+"
2610,2050,Radhakrishnan. G,https://www.myneta.info/TamilNadu2026/candidate.php?candidate_id=2050,MYLAPORE,IND,0,10th Pass,https://myneta.info/image_v2.php?myneta_folder=TamilNadu2026&candidate_id=2050&col=ta,https://myneta.info/image_v2.php?myneta_folder=TamilNadu2026&candidate_id=2050&col=lia
2611,2213,Radhakrishnan. R,https://www.myneta.info/TamilNadu2026/candidate.php?candidate_id=2213,SALEM (WEST),IND,0,8th Pass,"Rs 19,51,000 ~ 19 Lacs+",Rs 0 ~
2612,1961,Radhakrishnan. S,https://www.myneta.info/TamilNadu2026/candidate.php?candidate_id=1961,MANACHANALLUR,IND,0,8th Pass,"Rs 7,000 ~ 7 Thou+",Rs 0 ~
2613,138,Radhika P,https://www.myneta.info/TamilNadu2026/candidate.php?candidate_id=138,RISHIVANDIYAM,Naam Tamilar Katchi,0,Graduate,https://myneta.info/image_v2.php?myneta_folder=TamilNadu2026&candidate_id=138&col=ta,https://myneta.info/image_v2.php?myneta_folder=TamilNadu2026&candidate_id=138&col=lia
2614,2885,Radhika S,https://www.myneta.info/TamilNadu2026/candidate.php?candidate_id=2885,VANUR (SC),IND,0,10th Pass,"Rs 1,31,17,387 ~ 1 Crore+","Rs 19,19,763 ~ 19 Lacs+"
2615,2100,Rafeeq.A.M.,https://www.myneta.info/TamilNadu2026/candidate.php?candidate_id=2100,THONDAMUTHUR,IND,0,10th Pass,"Rs 6,16,377 ~ 6 Lacs+",Rs 0 ~
2616,2294,Raghu.K,https://www.myneta.info/TamilNadu2026/candidate.php?candidate_id=2294,SHOLAVANDAN (SC),Puthiya Tamilagam,0,Post Graduate,https://myneta.info/image_v2.php?myneta_folder=TamilNadu2026&candidate_id=2294&col=ta,https://myneta.info/image_v2.php?myneta_folder=TamilNadu2026&candidate_id=2294&col=lia
2617,3268,Raghul R,https://www.myneta.info/TamilNadu2026/candidate.php?candidate_id=3268,VILLUPURAM,IND,0,Graduate Professional,"Rs 32,117 ~ 32 Thou+","Rs 8,00,000 ~ 8 Lacs+"
2618,911,Raghunath. K,https://www.myneta.info/TamilNadu2026/candidate.php?candidate_id=911,ODDANCHATRAM,IND,0,Graduate Professional,"Rs 4,50,000 ~ 4 Lacs+",Rs 0 ~
2619,4055,Ragujoseph. J,https://www.myneta.info/TamilNadu2026/candidate.php?candidate_id=4055,TIRUPATTUR,IND,0,Others,https://myneta.info/image_v2.php?myneta_folder=TamilNadu2026&candidate_id=4055&col=ta,https://myneta.info/image_v2.php?myneta_folder=TamilNadu2026&candidate_id=4055&col=lia
2620,317,Ragupathi S,https://www.myneta.info/TamilNadu2026/candidate.php?candidate_id=317,ARAVAKURICHI,IND,0,Post Graduate,"Rs 17,13,371 ~ 17 Lacs+","Rs 7,02,760 ~ 7 Lacs+"
2621,3313,Ragupathi. K,https://www.myneta.info/TamilNadu2026/candidate.php?candidate_id=3313,ARUPPUKOTTAI,Puthiya Tamilagam,1,12th Pass,"Rs 7,41,000 ~ 7 Lacs+",Rs 0 ~
2622,109,Ragupathi. P,https://www.myneta.info/TamilNadu2026/candidate.php?candidate_id=109,ODDANCHATRAM,Naam Tamilar Katchi,1,Post Graduate,https://myneta.info/image_v2.php?myneta_folder=TamilNadu2026&candidate_id=109&col=ta,https://myneta.info/image_v2.php?myneta_folder=TamilNadu2026&candidate_id=109&col=lia
2623,2845,Ragupathi. S,https://www.myneta.info/TamilNadu2026/candidate.php?candidate_id=2845,CHEYYAR,Anti Corruption Dynamic Party,1,Graduate,"Rs 10,62,000 ~ 10 Lacs+","Rs 80,000 ~ 80 Thou+"
2624,202,Ragupathy.B,https://www.myneta.info/TamilNadu2026/candidate.php?candidate_id=202,UDHAGAMANDALAM,Naam Tamilar Katchi,0,Doctorate,"Rs 1,20,75,113 ~ 1 Crore+","Rs 61,64,603 ~ 61 Lacs+"
2625,4120,Raguraman Muruganantham,https://www.myneta.info/TamilNadu2026/candidate.php?candidate_id=4120,KARUR,IND,0,Graduate Professional,https://myneta.info/image_v2.php?myneta_folder=TamilNadu2026&candidate_id=4120&col=ta,https://myneta.info/image_v2.php?myneta_folder=TamilNadu2026&candidate_id=4120&col=lia
2626,2725,Rahamadullah S,https://www.myneta.info/TamilNadu2026/candidate.php?candidate_id=2725,MADURAI WEST,IND,0,Graduate Professional,"Rs 82,000 ~ 82 Thou+",Rs 0 ~
2627,2193,Raj Kumar .G,https://www.myneta.info/TamilNadu2026/candidate.php?candidate_id=2193,SALEM (WEST),Tamizhaga Vaazhvurimai Katchi,0,8th Pass,"Rs 3,66,51,200 ~ 3 Crore+","Rs 19,06,649 ~ 19 Lacs+"
2628,2320,Raj. P.,https://www.myneta.info/TamilNadu2026/candidate.php?candidate_id=2320,THIRUPARANKUNDRAM,IND,1,Graduate Professional,https://myneta.info/image_v2.php?myneta_folder=TamilNadu2026&candidate_id=2320&col=ta,https://myneta.info/image_v2.php?myneta_folder=TamilNadu2026&candidate_id=2320&col=lia
2629,1596,Raj.S.K,https://www.myneta.info/TamilNadu2026/candidate.php?candidate_id=1596,GUDALUR (SC),Veerath Thiyagi Viswanathadoss Thozhilalarkal Katchi,1,8th Pass,"Rs 2,83,500 ~ 2 Lacs+",Rs 0 ~
2630,861,Raja Anbazhagan,https://www.myneta.info/TamilNadu2026/candidate.php?candidate_id=861,THIYAGARAYANAGAR,DMK,0,Graduate,"Rs 37,00,09,327 ~ 37 Crore+","Rs 12,91,15,737 ~ 12 Crore+"
2631,2930,Raja K,https://www.myneta.info/TamilNadu2026/candidate.php?candidate_id=2930,RISHIVANDIYAM,IND,0,8th Pass,https://myneta.info/image_v2.php?myneta_folder=TamilNadu2026&candidate_id=2930&col=ta,https://myneta.info/image_v2.php?myneta_folder=TamilNadu2026&candidate_id=2930&col=lia
2632,1636,Raja R,https://www.myneta.info/TamilNadu2026/candidate.php?candidate_id=1636,PARAMATHIVELUR,IND,0,12th Pass,"Rs 1,37,01,530 ~ 1 Crore+","Rs 54,50,000 ~ 54 Lacs+"
2633,2931,Raja S,https://www.myneta.info/TamilNadu2026/candidate.php?candidate_id=2931,RISHIVANDIYAM,IND,0,Others,"Rs 4,47,500 ~ 4 Lacs+","Rs 1,80,000 ~ 1 Lacs+"
2634,888,Raja Sekar . G,https://www.myneta.info/TamilNadu2026/candidate.php?candidate_id=888,BHUVANAGIRI,IND,0,Graduate,https://myneta.info/image_v2.php?myneta_folder=TamilNadu2026&candidate_id=888&col=ta,https://myneta.info/image_v2.php?myneta_folder=TamilNadu2026&candidate_id=888&col=lia
2635,2379,Raja. A,https://www.myneta.info/TamilNadu2026/candidate.php?candidate_id=2379,SALEM (NORTH),IND,0,8th Pass,"Rs 91,23,500 ~ 91 Lacs+",Rs 0 ~
2636,1180,Raja. C.K,https://www.myneta.info/TamilNadu2026/candidate.php?candidate_id=1180,KRISHNARAYAPURAM (SC),DMK,0,10th Pass,"Rs 1,87,26,917 ~ 1 Crore+","Rs 22,01,000 ~ 22 Lacs+"
2637,2616,Raja. G.,https://www.myneta.info/TamilNadu2026/candidate.php?candidate_id=2616,KOLATHUR,IND,0,10th Pass,https://myneta.info/image_v2.php?myneta_folder=TamilNadu2026&candidate_id=2616&col=ta,https://myneta.info/image_v2.php?myneta_folder=TamilNadu2026&candidate_id=2616&col=lia
2638,696,Raja. K,https://www.myneta.info/TamilNadu2026/candidate.php?candidate_id=696,EDAPPADI,IND,0,Graduate Professional,"Rs 2,73,62,622 ~ 2 Crore+",Rs 0 ~
2639,2899,Raja. K,https://www.myneta.info/TamilNadu2026/candidate.php?candidate_id=2899,CHEYYUR (SC),IND,0,10th Pass,"Rs 9,05,500 ~ 9 Lacs+","Rs 2,03,000 ~ 2 Lacs+"
2640,4037,Raja. K.P.M,https://www.myneta.info/TamilNadu2026/candidate.php?candidate_id=4037,TIRUPPATHUR,IND,1,10th Pass,https://myneta.info/image_v2.php?myneta_folder=TamilNadu2026&candidate_id=4037&col=ta,https://myneta.info/image_v2.php?myneta_folder=TamilNadu2026&candidate_id=4037&col=lia
2641,806,Raja. M,https://www.myneta.info/TamilNadu2026/candidate.php?candidate_id=806,KILVAITHINANKUPPAM (SC),Tamizhaga Vaazhvurimai Katchi,0,10th Pass,"Rs 2,30,000 ~ 2 Lacs+",Rs 0 ~
2642,2370,Raja. M,https://www.myneta.info/TamilNadu2026/candidate.php?candidate_id=2370,PARAMAKUDI (SC),IND,0,Post Graduate,"Rs 75,000 ~ 75 Thou+",Rs 0 ~
2643,3532,Raja. N,https://www.myneta.info/TamilNadu2026/candidate.php?candidate_id=3532,KALASAPAKKAM,IND,0,10th Pass,https://myneta.info/image_v2.php?myneta_folder=TamilNadu2026&candidate_id=3532&col=ta,https://myneta.info/image_v2.php?myneta_folder=TamilNadu2026&candidate_id=3532&col=lia
2644,4005,Raja. P,https://www.myneta.info/TamilNadu2026/candidate.php?candidate_id=4005,VIRALIMALAI,IND,0,Graduate Professional,"Rs 31,06,308 ~ 31 Lacs+",Rs 0 ~
2645,2642,Raja. R,https://www.myneta.info/TamilNadu2026/candidate.php?candidate_id=2642,SAIDAPET,IND,0,8th Pass,"Rs 20,000 ~ 20 Thou+",Rs 0 ~
2646,2481,Raja. S,https://www.myneta.info/TamilNadu2026/candidate.php?candidate_id=2481,NANNILAM,All India Puratchi Thalaivar Makkal Munnettra Kazhagam,3,5th Pass,https://myneta.info/image_v2.php?myneta_folder=TamilNadu2026&candidate_id=2481&col=ta,https://myneta.info/image_v2.php?myneta_folder=TamilNadu2026&candidate_id=2481&col=lia
2647,3634,Raja. S.P,https://www.myneta.info/TamilNadu2026/candidate.php?candidate_id=3634,KUNNAM,Tamizhaga Vaazhvurimai Katchi,1,12th Pass,"Rs 42,000 ~ 42 Thou+",Rs 0 ~
2648,1868,Raja. V,https://www.myneta.info/TamilNadu2026/candidate.php?candidate_id=1868,TIRUVANNAMALAI,IND,0,5th Pass,"Rs 10,000 ~ 10 Thou+",Rs 0 ~
2649,262,Raja.D,https://www.myneta.info/TamilNadu2026/candidate.php?candidate_id=262,KILPENNATHUR,Tamilaga Vettri Kazhagam,0,Post Graduate,https://myneta.info/image_v2.php?myneta_folder=TamilNadu2026&candidate_id=262&col=ta,https://myneta.info/image_v2.php?myneta_folder=TamilNadu2026&candidate_id=262&col=lia
2650,2356,Raja.K,https://www.myneta.info/TamilNadu2026/candidate.php?candidate_id=2356,THIRUMAYAM,All India Puratchi Thalaivar Makkal Munnettra Kazhagam,5,Graduate,"Rs 26,19,804 ~ 26 Lacs+",Rs 0 ~
2651,1774,Raja.M,https://www.myneta.info/TamilNadu2026/candidate.php?candidate_id=1774,BODINAYAKKANUR,Vishwa Tamil Kazhagam,0,10th Pass,"Rs 2,05,326 ~ 2 Lacs+","Rs 2,23,000 ~ 2 Lacs+"
2652,1035,Raja.S,https://www.myneta.info/TamilNadu2026/candidate.php?candidate_id=1035,PONNERI (SC),Vanchit Bahujan Aaghadi,3,Doctorate,https://myneta.info/image_v2.php?myneta_folder=TamilNadu2026&candidate_id=1035&col=ta,https://myneta.info/image_v2.php?myneta_folder=TamilNadu2026&candidate_id=1035&col=lia
2653,835,Rajaa.T.R.B,https://www.myneta.info/TamilNadu2026/candidate.php?candidate_id=835,MANNARGUDI,DMK,0,Doctorate,"Rs 71,08,00,685 ~ 71 Crore+","Rs 15,56,77,577 ~ 15 Crore+"
2654,178,Rajabu Nisha.Z,https://www.myneta.info/TamilNadu2026/candidate.php?candidate_id=178,THONDAMUTHUR,Naam Tamilar Katchi,0,12th Pass,"Rs 1,06,88,019 ~ 1 Crore+","Rs 34,90,047 ~ 34 Lacs+"
2655,2799,Rajadurai S,https://www.myneta.info/TamilNadu2026/candidate.php?candidate_id=2799,CUMBUM,IND,0,10th Pass,https://myneta.info/image_v2.php?myneta_folder=TamilNadu2026&candidate_id=2799&col=ta,https://myneta.info/image_v2.php?myneta_folder=TamilNadu2026&candidate_id=2799&col=lia
2656,353,Rajaguru.M,https://www.myneta.info/TamilNadu2026/candidate.php?candidate_id=353,KRISHNARAYAPURAM (SC),Samaniya Makkal Nala Katchi,0,Graduate Professional,"Rs 17,41,580 ~ 17 Lacs+","Rs 4,13,995 ~ 4 Lacs+"
2657,2118,Rajakumar P,https://www.myneta.info/TamilNadu2026/candidate.php?candidate_id=2118,TIRUCHENGODU,IND,0,10th Pass,"Rs 20,17,000 ~ 20 Lacs+","Rs 7,07,000 ~ 7 Lacs+"
2658,565,Rajalakshmi.M,https://www.myneta.info/TamilNadu2026/candidate.php?candidate_id=565,NILAKKOTTAI (SC),BSP,0,Others,https://myneta.info/image_v2.php?myneta_folder=TamilNadu2026&candidate_id=565&col=ta,https://myneta.info/image_v2.php?myneta_folder=TamilNadu2026&candidate_id=565&col=lia
2659,2174,Rajalingam. M,https://www.myneta.info/TamilNadu2026/candidate.php?candidate_id=2174,TIRUCHENDUR,IND,0,5th Pass,"Rs 3,14,000 ~ 3 Lacs+","Rs 56,000 ~ 56 Thou+"
2660,1007,Rajamanickam M,https://www.myneta.info/TamilNadu2026/candidate.php?candidate_id=1007,SIVAGANGA,Desiya Makkal Sakthi Katchi,0,Others,"Rs 68,30,000 ~ 68 Lacs+",Rs 0 ~
2661,2384,Rajamanikkam.A,https://www.myneta.info/TamilNadu2026/candidate.php?candidate_id=2384,MANAMADURAI (SC),Puthiya Tamilagam,3,Graduate Professional,https://myneta.info/image_v2.php?myneta_folder=TamilNadu2026&candidate_id=2384&col=ta,https://myneta.info/image_v2.php?myneta_folder=TamilNadu2026&candidate_id=2384&col=lia
2662,2949,Rajamaravan. S,https://www.myneta.info/TamilNadu2026/candidate.php?candidate_id=2949,KADAYANALLUR,IND,1,Graduate Professional,"Rs 1,01,77,000 ~ 1 Crore+","Rs 5,62,500 ~ 5 Lacs+"
2663,2800,Rajamohammed T,https://www.myneta.info/TamilNadu2026/candidate.php?candidate_id=2800,CUMBUM,IND,0,10th Pass,"Rs 34,94,547 ~ 34 Lacs+","Rs 7,65,000 ~ 7 Lacs+"
2664,2937,Rajan. B. S,https://www.myneta.info/TamilNadu2026/candidate.php?candidate_id=2937,KADAYANALLUR,Aanaithinthiya Jananayaka Pathukappu Kazhagam,0,5th Pass,https://myneta.info/image_v2.php?myneta_folder=TamilNadu2026&candidate_id=2937&col=ta,https://myneta.info/image_v2.php?myneta_folder=TamilNadu2026&candidate_id=2937&col=lia
2665,3130,Rajan. S,https://www.myneta.info/TamilNadu2026/candidate.php?candidate_id=3130,KANNIYAKUMARI,IND,1,Graduate,"Rs 3,00,000 ~ 3 Lacs+",Rs 0 ~
2666,3808,Rajan.P,https://www.myneta.info/TamilNadu2026/candidate.php?candidate_id=3808,RADHAPURAM,IND,0,Graduate,"Rs 30,62,000 ~ 30 Lacs+",Rs 0 ~
2667,957,Rajanchellappa. V.V.,https://www.myneta.info/TamilNadu2026/candidate.php?candidate_id=957,THIRUPARANKUNDRAM,AIADMK,1,Post Graduate,https://myneta.info/image_v2.php?myneta_folder=TamilNadu2026&candidate_id=957&col=ta,https://myneta.info/image_v2.php?myneta_folder=TamilNadu2026&candidate_id=957&col=lia
2668,3946,Rajangam.C,https://www.myneta.info/TamilNadu2026/candidate.php?candidate_id=3946,TIRUCHULI,IND,0,10th Pass,"Rs 20,62,000 ~ 20 Lacs+","Rs 1,00,000 ~ 1 Lacs+"
2669,4121,Rajapandian. K,https://www.myneta.info/TamilNadu2026/candidate.php?candidate_id=4121,KARUR,IND,0,Graduate Professional,"Rs 15,75,000 ~ 15 Lacs+","Rs 36,929 ~ 36 Thou+"
2670,2468,Rajarajan.U,https://www.myneta.info/TamilNadu2026/candidate.php?candidate_id=2468,MANNARGUDI,Tamilaga Vettri Kazhagam,4,Others,https://myneta.info/image_v2.php?myneta_folder=TamilNadu2026&candidate_id=2468&col=ta,https://myneta.info/image_v2.php?myneta_folder=TamilNadu2026&candidate_id=2468&col=lia
2671,2236,Rajaram M,https://www.myneta.info/TamilNadu2026/candidate.php?candidate_id=2236,VIKRAVANDI,IND,0,Illiterate,"Rs 10,70,500 ~ 10 Lacs+",Rs 0 ~
2672,1963,Rajasehar. R,https://www.myneta.info/TamilNadu2026/candidate.php?candidate_id=1963,MANACHANALLUR,IND,0,Post Graduate,"Rs 11,55,00,000 ~ 11 Crore+","Rs 2,74,00,000 ~ 2 Crore+"
2673,900,Rajasekar A,https://www.myneta.info/TamilNadu2026/candidate.php?candidate_id=900,TITTAKUDI (SC),Tamilaga Vettri Kazhagam,2,10th Pass,https://myneta.info/image_v2.php?myneta_folder=TamilNadu2026&candidate_id=900&col=ta,https://myneta.info/image_v2.php?myneta_folder=TamilNadu2026&candidate_id=900&col=lia
2674,263,Rajasekar. E,https://www.myneta.info/TamilNadu2026/candidate.php?candidate_id=263,CHEYYUR (SC),AIADMK,0,10th Pass,"Rs 68,63,65,152 ~ 68 Crore+","Rs 24,05,82,181 ~ 24 Crore+"
2675,2488,Rajasekar. R,https://www.myneta.info/TamilNadu2026/candidate.php?candidate_id=2488,NANNILAM,IND,0,Post Graduate,"Rs 3,20,566 ~ 3 Lacs+","Rs 1,42,587 ~ 1 Lacs+"
2676,2824,Rajasekar. R,https://www.myneta.info/TamilNadu2026/candidate.php?candidate_id=2824,AVADI,IND,0,Graduate Professional,https://myneta.info/image_v2.php?myneta_folder=TamilNadu2026&candidate_id=2824&col=ta,https://myneta.info/image_v2.php?myneta_folder=TamilNadu2026&candidate_id=2824&col=lia
2677,3015,Rajasekar. S,https://www.myneta.info/TamilNadu2026/candidate.php?candidate_id=3015,CHEPAUK-THIRUVALLIKENI,IND,0,Graduate,"Rs 3,90,625 ~ 3 Lacs+",Rs 0 ~
2678,4024,Rajasekar. S,https://www.myneta.info/TamilNadu2026/candidate.php?candidate_id=4024,VELACHERY,IND,0,12th Pass,"Rs 34,29,000 ~ 34 Lacs+",Rs 0 ~
2679,2378,Rajasekar. S,https://www.myneta.info/TamilNadu2026/candidate.php?candidate_id=2378,SALEM (NORTH),IND,0,Illiterate,https://myneta.info/image_v2.php?myneta_folder=TamilNadu2026&candidate_id=2378&col=ta,https://myneta.info/image_v2.php?myneta_folder=TamilNadu2026&candidate_id=2378&col=lia
2680,3576,Rajasekar.I,https://www.myneta.info/TamilNadu2026/candidate.php?candidate_id=3576,KILPENNATHUR,IND,0,10th Pass,"Rs 62,660 ~ 62 Thou+",Rs 0 ~
2681,2808,Rajasekar.J,https://www.myneta.info/TamilNadu2026/candidate.php?candidate_id=2808,PONNERI (SC),IND,0,Graduate Professional,"Rs 8,84,022 ~ 8 Lacs+",Rs 0 ~
2682,1896,Rajasekaran N,https://www.myneta.info/TamilNadu2026/candidate.php?candidate_id=1896,ARAVAKURICHI,IND,0,Graduate Professional,https://myneta.info/image_v2.php?myneta_folder=TamilNadu2026&candidate_id=1896&col=ta,https://myneta.info/image_v2.php?myneta_folder=TamilNadu2026&candidate_id=1896&col=lia
2683,3735,Rajasekaran P,https://www.myneta.info/TamilNadu2026/candidate.php?candidate_id=3735,NATHAM,Aanaithinthiya Jananayaka Pathukappu Kazhagam,3,Others,"Rs 1,31,000 ~ 1 Lacs+","Rs 1,67,000 ~ 1 Lacs+"
2684,3023,Rajasekaran. B.,https://www.myneta.info/TamilNadu2026/candidate.php?candidate_id=3023,COIMBATORE (NORTH),Tamizhaga Vaazhvurimai Katchi,0,10th Pass,"Rs 2,43,077 ~ 2 Lacs+","Rs 49,200 ~ 49 Thou+"
2685,2416,Rajasekaran. S,https://www.myneta.info/TamilNadu2026/candidate.php?candidate_id=2416,THIRUVAIYARU,IND,0,12th Pass,https://myneta.info/image_v2.php?myneta_folder=TamilNadu2026&candidate_id=2416&col=ta,https://myneta.info/image_v2.php?myneta_folder=TamilNadu2026&candidate_id=2416&col=lia
2686,2441,Rajasekaran.K,https://www.myneta.info/TamilNadu2026/candidate.php?candidate_id=2441,POONAMALLEE (SC),BSP,0,12th Pass,"Rs 7,30,500 ~ 7 Lacs+",Rs 0 ~
2687,1398,Rajasimha Mahendra,https://www.myneta.info/TamilNadu2026/candidate.php?candidate_id=1398,AVADI,BJP,0,12th Pass,"Rs 12,33,41,395 ~ 12 Crore+","Rs 74,12,156 ~ 74 Lacs+"
2688,1767,Rajasimman. D,https://www.myneta.info/TamilNadu2026/candidate.php?candidate_id=1767,VEDHARANYAM,IND,3,Others,https://myneta.info/image_v2.php?myneta_folder=TamilNadu2026&candidate_id=1767&col=ta,https://myneta.info/image_v2.php?myneta_folder=TamilNadu2026&candidate_id=1767&col=lia
2689,683,Rajasingh. C,https://www.myneta.info/TamilNadu2026/candidate.php?candidate_id=683,COLACHAL,BSP,0,Graduate,"Rs 42,91,264 ~ 42 Lacs+",Rs 0 ~
2690,1689,Rajasuthan. N,https://www.myneta.info/TamilNadu2026/candidate.php?candidate_id=1689,SRIVAIKUNTAM,Puthiya Tamilagam,1,12th Pass,"Rs 1,27,68,619 ~ 1 Crore+","Rs 41,38,000 ~ 41 Lacs+"
2691,130,Rajathi.M,https://www.myneta.info/TamilNadu2026/candidate.php?candidate_id=130,PONNERI (SC),Naam Tamilar Katchi,0,Graduate,https://myneta.info/image_v2.php?myneta_folder=TamilNadu2026&candidate_id=130&col=ta,https://myneta.info/image_v2.php?myneta_folder=TamilNadu2026&candidate_id=130&col=lia
2692,1600,Rajavarman .R,https://www.myneta.info/TamilNadu2026/candidate.php?candidate_id=1600,MANAPPARAI,Tamizhaga Vaazhvurimai Katchi,0,10th Pass,"Rs 21,60,000 ~ 21 Lacs+","Rs 50,000 ~ 50 Thou+"
2693,1281,Rajavarman.M.S.R,https://www.myneta.info/TamilNadu2026/candidate.php?candidate_id=1281,TIRUCHULI,AIADMK,2,8th Pass,"Rs 16,78,45,930 ~ 16 Crore+","Rs 4,17,11,530 ~ 4 Crore+"
2694,985,Rajeev,https://www.myneta.info/TamilNadu2026/candidate.php?candidate_id=985,TIRUVADANAI,Tamilaga Vettri Kazhagam,0,Graduate Professional,https://myneta.info/image_v2.php?myneta_folder=TamilNadu2026&candidate_id=985&col=ta,https://myneta.info/image_v2.php?myneta_folder=TamilNadu2026&candidate_id=985&col=lia
2695,1365,Rajeevgandhi S,https://www.myneta.info/TamilNadu2026/candidate.php?candidate_id=1365,KALLAKURICHI (SC),AIADMK,1,Graduate Professional,"Rs 1,42,54,317 ~ 1 Crore+",Rs 0 ~
2696,1897,Rajendaran N,https://www.myneta.info/TamilNadu2026/candidate.php?candidate_id=1897,ARAVAKURICHI,IND,0,10th Pass,"Rs 25,83,800 ~ 25 Lacs+","Rs 2,95,000 ~ 2 Lacs+"
2697,414,Rajendiran Naidu,https://www.myneta.info/TamilNadu2026/candidate.php?candidate_id=414,ANNA NAGAR,IND,0,Post Graduate,https://myneta.info/image_v2.php?myneta_folder=TamilNadu2026&candidate_id=414&col=ta,https://myneta.info/image_v2.php?myneta_folder=TamilNadu2026&candidate_id=414&col=lia
2698,2718,Rajendran R,https://www.myneta.info/TamilNadu2026/candidate.php?candidate_id=2718,MADURAI CENTRAL,IND,0,Graduate,"Rs 26,46,879 ~ 26 Lacs+","Rs 17,45,592 ~ 17 Lacs+"
2699,1148,Rajendran S,https://www.myneta.info/TamilNadu2026/candidate.php?candidate_id=1148,ARIYALUR,AIADMK,9,8th Pass,"Rs 3,64,20,864 ~ 3 Crore+","Rs 27,35,706 ~ 27 Lacs+"
2700,2380,Rajendran. A,https://www.myneta.info/TamilNadu2026/candidate.php?candidate_id=2380,SALEM (NORTH),IND,0,8th Pass,https://myneta.info/image_v2.php?myneta_folder=TamilNadu2026&candidate_id=2380&col=ta,https://myneta.info/image_v2.php?myneta_folder=TamilNadu2026&candidate_id=2380&col=lia
2701,693,Rajendran. G,https://www.myneta.info/TamilNadu2026/candidate.php?candidate_id=693,DINDIGUL,IND,0,Post Graduate,"Rs 13,68,000 ~ 13 Lacs+",Rs 0 ~
2702,1230,Rajendran. R,https://www.myneta.info/TamilNadu2026/candidate.php?candidate_id=1230,SALEM (NORTH),DMK,0,Graduate Professional,"Rs 3,53,89,825 ~ 3 Crore+",Rs 0 ~
2703,1165,Rajendran. T. M,https://www.myneta.info/TamilNadu2026/candidate.php?candidate_id=1165,KADAYANALLUR,DMK,1,Post Graduate,https://myneta.info/image_v2.php?myneta_folder=TamilNadu2026&candidate_id=1165&col=ta,https://myneta.info/image_v2.php?myneta_folder=TamilNadu2026&candidate_id=1165&col=lia
2704,532,Rajendran.P,https://www.myneta.info/TamilNadu2026/candidate.php?candidate_id=532,HOSUR,IND,0,5th Pass,"Rs 21,52,000 ~ 21 Lacs+",Rs 0 ~
2705,1205,Rajendran.R,https://www.myneta.info/TamilNadu2026/candidate.php?candidate_id=1205,NEYVELI,AIADMK,0,12th Pass,"Rs 23,27,78,350 ~ 23 Crore+",Rs 0 ~
2706,1246,Rajenthrabhalaji K T,https://www.myneta.info/TamilNadu2026/candidate.php?candidate_id=1246,SIVAKASI,AIADMK,3,10th Pass,https://myneta.info/image_v2.php?myneta_folder=TamilNadu2026&candidate_id=1246&col=ta,https://myneta.info/image_v2.php?myneta_folder=TamilNadu2026&candidate_id=1246&col=lia
2707,1680,Rajesh,https://www.myneta.info/TamilNadu2026/candidate.php?candidate_id=1680,SHOLINGANALLUR,IND,0,Graduate Professional,"Rs 8,20,000 ~ 8 Lacs+",Rs 0 ~
2708,1609,Rajesh .M,https://www.myneta.info/TamilNadu2026/candidate.php?candidate_id=1609,MANAPPARAI,IND,0,Graduate Professional,"Rs 9,13,130 ~ 9 Lacs+",Rs 0 ~
2709,455,Rajesh E,https://www.myneta.info/TamilNadu2026/candidate.php?candidate_id=455,THIYAGARAYANAGAR,IND,0,8th Pass,https://myneta.info/image_v2.php?myneta_folder=TamilNadu2026&candidate_id=455&col=ta,https://myneta.info/image_v2.php?myneta_folder=TamilNadu2026&candidate_id=455&col=lia
2710,1172,Rajesh Kumar. S,https://www.myneta.info/TamilNadu2026/candidate.php?candidate_id=1172,KILLIYOOR,INC,13,Post Graduate,"Rs 4,61,25,665 ~ 4 Crore+","Rs 63,50,000 ~ 63 Lacs+"
2711,3343,Rajesh T R,https://www.myneta.info/TamilNadu2026/candidate.php?candidate_id=3343,PALLAVARAM,IND,0,Graduate Professional,"Rs 17,35,970 ~ 17 Lacs+",Rs 0 ~
2712,1006,Rajesh X,https://www.myneta.info/TamilNadu2026/candidate.php?candidate_id=1006,SIVAGANGA,Tamizhaga Vaazhvurimai Katchi,0,Others,https://myneta.info/image_v2.php?myneta_folder=TamilNadu2026&candidate_id=1006&col=ta,https://myneta.info/image_v2.php?myneta_folder=TamilNadu2026&candidate_id=1006&col=lia
2713,4042,Rajesh. S,https://www.myneta.info/TamilNadu2026/candidate.php?candidate_id=4042,TIRUPATTUR,Tamizhaga Vaazhvurimai Katchi,0,12th Pass,"Rs 5,63,000 ~ 5 Lacs+",Rs 0 ~
2714,2960,Rajesh.T,https://www.myneta.info/TamilNadu2026/candidate.php?candidate_id=2960,VANIYAMBADI,IND,0,Graduate Professional,"Rs 46,80,000 ~ 46 Lacs+",Rs 0 ~
2715,3174,Rajeshkannan R,https://www.myneta.info/TamilNadu2026/candidate.php?candidate_id=3174,RASIPURAM(SC),IND,0,12th Pass,https://myneta.info/image_v2.php?myneta_folder=TamilNadu2026&candidate_id=3174&col=ta,https://myneta.info/image_v2.php?myneta_folder=TamilNadu2026&candidate_id=3174&col=lia
2716,1571,Rajeshkannan. K.,https://www.myneta.info/TamilNadu2026/candidate.php?candidate_id=1571,ATTUR (SC),IND,0,8th Pass,"Rs 21,35,070 ~ 21 Lacs+","Rs 11,35,650 ~ 11 Lacs+"
2717,3016,Rajeshkumar. K,https://www.myneta.info/TamilNadu2026/candidate.php?candidate_id=3016,CHEPAUK-THIRUVALLIKENI,IND,0,Graduate Professional,"Rs 13,86,107 ~ 13 Lacs+",Rs 0 ~
2718,213,Rajeshkumar. S,https://www.myneta.info/TamilNadu2026/candidate.php?candidate_id=213,VEERAPANDI,Naam Tamilar Katchi,3,10th Pass,https://myneta.info/image_v2.php?myneta_folder=TamilNadu2026&candidate_id=213&col=ta,https://myneta.info/image_v2.php?myneta_folder=TamilNadu2026&candidate_id=213&col=lia
2719,173,Rajessh. T,https://www.myneta.info/TamilNadu2026/candidate.php?candidate_id=173,THIRUVERUMBUR,Naam Tamilar Katchi,0,Graduate Professional,"Rs 39,47,947 ~ 39 Lacs+","Rs 32,90,000 ~ 32 Lacs+"
2720,1457,Raji M,https://www.myneta.info/TamilNadu2026/candidate.php?candidate_id=1457,VILLIVAKKAM,IND,0,8th Pass,"Rs 2,06,000 ~ 2 Lacs+",Rs 0 ~
2721,473,Rajiv Gandhi. S,https://www.myneta.info/TamilNadu2026/candidate.php?candidate_id=473,TIRUPATTUR,BSP,0,Graduate,https://myneta.info/image_v2.php?myneta_folder=TamilNadu2026&candidate_id=473&col=ta,https://myneta.info/image_v2.php?myneta_folder=TamilNadu2026&candidate_id=473&col=lia
2722,2589,Rajivgandhi P,https://www.myneta.info/TamilNadu2026/candidate.php?candidate_id=2589,KALLAKURICHI (SC),IND,0,8th Pass,"Rs 6,61,000 ~ 6 Lacs+","Rs 4,30,000 ~ 4 Lacs+"
2723,2588,Rajivgandhi S,https://www.myneta.info/TamilNadu2026/candidate.php?candidate_id=2588,KALLAKURICHI (SC),IND,0,8th Pass,"Rs 1,05,41,000 ~ 1 Crore+","Rs 8,40,000 ~ 8 Lacs+"
2724,2630,Rajkumar,https://www.myneta.info/TamilNadu2026/candidate.php?candidate_id=2630,EGMORE (SC),IND,0,Graduate,https://myneta.info/image_v2.php?myneta_folder=TamilNadu2026&candidate_id=2630&col=ta,https://myneta.info/image_v2.php?myneta_folder=TamilNadu2026&candidate_id=2630&col=lia
2725,1426,Rajkumar,https://www.myneta.info/TamilNadu2026/candidate.php?candidate_id=1426,AMBATTUR,Tamizhaga Vaazhvurimai Katchi,0,8th Pass,"Rs 24,88,267 ~ 24 Lacs+","Rs 6,50,000 ~ 6 Lacs+"
2726,3182,Rajkumar C,https://www.myneta.info/TamilNadu2026/candidate.php?candidate_id=3182,SIVAGANGA,Party for the Rights of Other backward Classes,1,Others,"Rs 12,59,434 ~ 12 Lacs+","Rs 2,94,821 ~ 2 Lacs+"
2727,323,Rajkumar D,https://www.myneta.info/TamilNadu2026/candidate.php?candidate_id=323,KURINJIPADI,Tamilaga Vettri Kazhagam,0,Others,https://myneta.info/image_v2.php?myneta_folder=TamilNadu2026&candidate_id=323&col=ta,https://myneta.info/image_v2.php?myneta_folder=TamilNadu2026&candidate_id=323&col=lia
2728,2968,Rajkumar K,https://www.myneta.info/TamilNadu2026/candidate.php?candidate_id=2968,ARIYALUR,IND,0,Illiterate,"Rs 4,30,649 ~ 4 Lacs+",Rs 0 ~
2729,2963,Rajkumar S,https://www.myneta.info/TamilNadu2026/candidate.php?candidate_id=2963,ARIYALUR,All India Puratchi Thalaivar Makkal Munnettra Kazhagam,0,Others,"Rs 12,79,000 ~ 12 Lacs+",Rs 0 ~
2730,2726,Rajkumar S,https://www.myneta.info/TamilNadu2026/candidate.php?candidate_id=2726,MADURAI WEST,IND,0,Post Graduate,https://myneta.info/image_v2.php?myneta_folder=TamilNadu2026&candidate_id=2726&col=ta,https://myneta.info/image_v2.php?myneta_folder=TamilNadu2026&candidate_id=2726&col=lia
2731,233,Rajkumar S,https://www.myneta.info/TamilNadu2026/candidate.php?candidate_id=233,VILLUPURAM,IND,0,Graduate,"Rs 10,000 ~ 10 Thou+",Rs 0 ~
2732,833,Rajkumar.D,https://www.myneta.info/TamilNadu2026/candidate.php?candidate_id=833,TIRUCHULI,Tamizhaga Vaazhvurimai Katchi,0,8th Pass,"Rs 73,86,701 ~ 73 Lacs+","Rs 36,13,000 ~ 36 Lacs+"
2733,3881,Rajkumar.M,https://www.myneta.info/TamilNadu2026/candidate.php?candidate_id=3881,SINGANALLUR,IND,0,10th Pass,https://myneta.info/image_v2.php?myneta_folder=TamilNadu2026&candidate_id=3881&col=ta,https://myneta.info/image_v2.php?myneta_folder=TamilNadu2026&candidate_id=3881&col=lia
2734,344,Rajkumar.R,https://www.myneta.info/TamilNadu2026/candidate.php?candidate_id=344,KILPENNATHUR,IND,0,12th Pass,"Rs 4,00,000 ~ 4 Lacs+",Rs 0 ~
2735,2631,Rajmohan,https://www.myneta.info/TamilNadu2026/candidate.php?candidate_id=2631,EGMORE (SC),IND,0,8th Pass,"Rs 3,47,500 ~ 3 Lacs+",Rs 0 ~
2736,1377,Rajmohan,https://www.myneta.info/TamilNadu2026/candidate.php?candidate_id=1377,EGMORE (SC),Tamilaga Vettri Kazhagam,0,Graduate,https://myneta.info/image_v2.php?myneta_folder=TamilNadu2026&candidate_id=1377&col=ta,https://myneta.info/image_v2.php?myneta_folder=TamilNadu2026&candidate_id=1377&col=lia
2737,2369,Raju. A,https://www.myneta.info/TamilNadu2026/candidate.php?candidate_id=2369,PARAMAKUDI (SC),IND,0,Others,"Rs 11,72,000 ~ 11 Lacs+","Rs 30,10,000 ~ 30 Lacs+"
2738,1964,Raju. V,https://www.myneta.info/TamilNadu2026/candidate.php?candidate_id=1964,MANACHANALLUR,IND,0,Post Graduate,"Rs 53,59,942 ~ 53 Lacs+","Rs 29,20,000 ~ 29 Lacs+"
2739,2389,Raju.J.M,https://www.myneta.info/TamilNadu2026/candidate.php?candidate_id=2389,MANAMADURAI (SC),IND,0,Post Graduate,https://myneta.info/image_v2.php?myneta_folder=TamilNadu2026&candidate_id=2389&col=ta,https://myneta.info/image_v2.php?myneta_folder=TamilNadu2026&candidate_id=2389&col=lia
2740,421,Rakesh Kumar. M,https://www.myneta.info/TamilNadu2026/candidate.php?candidate_id=421,PADMANABHAPURAM,Thamizhaka Padaippalar Makkal Katchi,0,Others,"Rs 1,14,500 ~ 1 Lacs+",Rs 0 ~
2741,1235,Rakesh R,https://www.myneta.info/TamilNadu2026/candidate.php?candidate_id=1235,SANKARAPURAM,AIADMK,1,Graduate,"Rs 61,40,400 ~ 61 Lacs+",Rs 0 ~
2742,1758,Rakesh Sharma. R,https://www.myneta.info/TamilNadu2026/candidate.php?candidate_id=1758,VANDAVASI (SC),Thakkam Katchi,0,Graduate Professional,https://myneta.info/image_v2.php?myneta_folder=TamilNadu2026&candidate_id=1758&col=ta,https://myneta.info/image_v2.php?myneta_folder=TamilNadu2026&candidate_id=1758&col=lia
2743,785,Rakesh. K,https://www.myneta.info/TamilNadu2026/candidate.php?candidate_id=785,HARUR (SC),Tamilaga Vettri Kazhagam,0,Post Graduate,"Rs 20,19,026 ~ 20 Lacs+","Rs 10,21,113 ~ 10 Lacs+"
2744,2676,Rakki,https://www.myneta.info/TamilNadu2026/candidate.php?candidate_id=2676,BHAVANISAGAR (SC),All India Puratchi Thalaivar Makkal Munnettra Kazhagam,0,Literate,"Rs 14,10,000 ~ 14 Lacs+",Rs 0 ~
2745,203,Ram Kumar M.,https://www.myneta.info/TamilNadu2026/candidate.php?candidate_id=203,UDUMALAIPETTAI,Naam Tamilar Katchi,0,Graduate Professional,https://myneta.info/image_v2.php?myneta_folder=TamilNadu2026&candidate_id=203&col=ta,https://myneta.info/image_v2.php?myneta_folder=TamilNadu2026&candidate_id=203&col=lia
2746,3745,Rama Janarthanan S,https://www.myneta.info/TamilNadu2026/candidate.php?candidate_id=3745,NATHAM,IND,0,Post Graduate,"Rs 79,81,000 ~ 79 Lacs+","Rs 79,600 ~ 79 Thou+"
2747,3837,Ramachandiran M,https://www.myneta.info/TamilNadu2026/candidate.php?candidate_id=3837,SANKARAPURAM,Tamizhaga Vaazhvurimai Katchi,0,10th Pass,"Rs 10,50,000 ~ 10 Lacs+",Rs 0 ~
2748,3575,Ramachandiran.R,https://www.myneta.info/TamilNadu2026/candidate.php?candidate_id=3575,KILPENNATHUR,IND,0,8th Pass,https://myneta.info/image_v2.php?myneta_folder=TamilNadu2026&candidate_id=3575&col=ta,https://myneta.info/image_v2.php?myneta_folder=TamilNadu2026&candidate_id=3575&col=lia
2749,1405,Ramachandran . T,https://www.myneta.info/TamilNadu2026/candidate.php?candidate_id=1405,ARANTHANGI,INC,0,Graduate,"Rs 11,26,51,900 ~ 11 Crore+","Rs 1,19,35,255 ~ 1 Crore+"
2750,3794,Ramachandran .C,https://www.myneta.info/TamilNadu2026/candidate.php?candidate_id=3794,PUDUKKOTTAI,IND,0,12th Pass,"Rs 5,45,000 ~ 5 Lacs+","Rs 1,00,000 ~ 1 Lacs+"
2751,2235,Ramachandran A,https://www.myneta.info/TamilNadu2026/candidate.php?candidate_id=2235,VIKRAVANDI,IND,0,10th Pass,https://myneta.info/image_v2.php?myneta_folder=TamilNadu2026&candidate_id=2235&col=ta,https://myneta.info/image_v2.php?myneta_folder=TamilNadu2026&candidate_id=2235&col=lia
2752,3928,Ramachandran O N,https://www.myneta.info/TamilNadu2026/candidate.php?candidate_id=3928,THIYAGARAYANAGAR,IND,0,Graduate Professional,"Rs 3,67,000 ~ 3 Lacs+",Rs 0 ~
2753,2222,Ramachandran P,https://www.myneta.info/TamilNadu2026/candidate.php?candidate_id=2222,VIKRAVANDI,Anti Corruption Dynamic Party,0,12th Pass,"Rs 10,25,000 ~ 10 Lacs+","Rs 1,27,000 ~ 1 Lacs+"
2754,4059,Ramachandran. A,https://www.myneta.info/TamilNadu2026/candidate.php?candidate_id=4059,KARUR,Ganasangam Party of India,0,Others,https://myneta.info/image_v2.php?myneta_folder=TamilNadu2026&candidate_id=4059&col=ta,https://myneta.info/image_v2.php?myneta_folder=TamilNadu2026&candidate_id=4059&col=lia
2755,1401,Ramachandran. K.K.S.S.R,https://www.myneta.info/TamilNadu2026/candidate.php?candidate_id=1401,ARUPPUKOTTAI,DMK,1,8th Pass,"Rs 4,17,97,067 ~ 4 Crore+","Rs 73,60,150 ~ 73 Lacs+"
2756,534,Ramachandran. T,https://www.myneta.info/TamilNadu2026/candidate.php?candidate_id=534,THALLY,CPI,11,Graduate Professional,"Rs 7,92,89,308 ~ 7 Crore+",Rs 0 ~
2757,1716,Ramachandran. V,https://www.myneta.info/TamilNadu2026/candidate.php?candidate_id=1716,THIRUVERUMBUR,IND,0,5th Pass,https://myneta.info/image_v2.php?myneta_folder=TamilNadu2026&candidate_id=1716&col=ta,https://myneta.info/image_v2.php?myneta_folder=TamilNadu2026&candidate_id=1716&col=lia
2758,1110,Ramachandran.B,https://www.myneta.info/TamilNadu2026/candidate.php?candidate_id=1110,UDHAGAMANDALAM,INC,0,Graduate,"Rs 3,50,66,657 ~ 3 Crore+","Rs 3,95,000 ~ 3 Lacs+"
2759,3566,Ramachandran.K S/O Kaliyamoorthi,https://www.myneta.info/TamilNadu2026/candidate.php?candidate_id=3566,KILPENNATHUR,IND,0,10th Pass,"Rs 2,52,218 ~ 2 Lacs+",Rs 0 ~
2760,3574,Ramachandran.K S/O Kannan,https://www.myneta.info/TamilNadu2026/candidate.php?candidate_id=3574,KILPENNATHUR,IND,0,Illiterate,https://myneta.info/image_v2.php?myneta_folder=TamilNadu2026&candidate_id=3574&col=ta,https://myneta.info/image_v2.php?myneta_folder=TamilNadu2026&candidate_id=3574&col=lia
2761,808,Ramachandran.R,https://www.myneta.info/TamilNadu2026/candidate.php?candidate_id=808,KOVILPATTI,BSP,0,8th Pass,"Rs 44,68,547 ~ 44 Lacs+","Rs 8,02,000 ~ 8 Lacs+"
2762,1173,Ramachandran.S,https://www.myneta.info/TamilNadu2026/candidate.php?candidate_id=1173,KILPENNATHUR,AIADMK,0,10th Pass,"Rs 24,53,48,395 ~ 24 Crore+","Rs 15,56,13,312 ~ 15 Crore+"
2763,3287,Ramadevi. T,https://www.myneta.info/TamilNadu2026/candidate.php?candidate_id=3287,RAJAPALAYAM,Puthiya Tamilagam,0,Post Graduate,https://myneta.info/image_v2.php?myneta_folder=TamilNadu2026&candidate_id=3287&col=ta,https://myneta.info/image_v2.php?myneta_folder=TamilNadu2026&candidate_id=3287&col=lia
2764,2295,Ramadoss.C,https://www.myneta.info/TamilNadu2026/candidate.php?candidate_id=2295,SHOLAVANDAN (SC),Indhu Dravida Makkal Katchi,0,10th Pass,"Rs 6,00,858 ~ 6 Lacs+","Rs 2,80,000 ~ 2 Lacs+"
2765,2681,Ramakrishnan,https://www.myneta.info/TamilNadu2026/candidate.php?candidate_id=2681,BHAVANISAGAR (SC),IND,0,Others,"Rs 10,000 ~ 10 Thou+","Rs 5,50,000 ~ 5 Lacs+"
2766,3285,Ramakrishnan M,https://www.myneta.info/TamilNadu2026/candidate.php?candidate_id=3285,TIRUKKOYILUR,IND,0,12th Pass,https://myneta.info/image_v2.php?myneta_folder=TamilNadu2026&candidate_id=3285&col=ta,https://myneta.info/image_v2.php?myneta_folder=TamilNadu2026&candidate_id=3285&col=lia
2767,2913,Ramakrishnan R,https://www.myneta.info/TamilNadu2026/candidate.php?candidate_id=2913,ULUNDURPETTAI,IND,0,10th Pass,"Rs 47,28,171 ~ 47 Lacs+",Rs 0 ~
2768,3325,Ramakrishnan. S,https://www.myneta.info/TamilNadu2026/candidate.php?candidate_id=3325,ARUPPUKOTTAI,IND,0,8th Pass,"Rs 31,47,000 ~ 31 Lacs+",Rs 0 ~
2769,3129,Ramakrishnan.C,https://www.myneta.info/TamilNadu2026/candidate.php?candidate_id=3129,KANNIYAKUMARI,IND,0,12th Pass,https://myneta.info/image_v2.php?myneta_folder=TamilNadu2026&candidate_id=3129&col=ta,https://myneta.info/image_v2.php?myneta_folder=TamilNadu2026&candidate_id=3129&col=lia
2770,1895,Ramalingam V,https://www.myneta.info/TamilNadu2026/candidate.php?candidate_id=1895,ARAVAKURICHI,IND,0,10th Pass,"Rs 11,79,800 ~ 11 Lacs+",Rs 0 ~
2771,2252,Ramalingam. A,https://www.myneta.info/TamilNadu2026/candidate.php?candidate_id=2252,PANRUTI,IND,0,10th Pass,"Rs 1,15,05,000 ~ 1 Crore+",Rs 0 ~
2772,360,Ramamoorthi R,https://www.myneta.info/TamilNadu2026/candidate.php?candidate_id=360,KUMBAKONAM,IND,0,Others,https://myneta.info/image_v2.php?myneta_folder=TamilNadu2026&candidate_id=360&col=ta,https://myneta.info/image_v2.php?myneta_folder=TamilNadu2026&candidate_id=360&col=lia
2773,3069,Ramamoorthi. G,https://www.myneta.info/TamilNadu2026/candidate.php?candidate_id=3069,PALANI,Rashtriya Samaj Dal (R),0,Others,"Rs 6,76,50,000 ~ 6 Crore+",Rs 0 ~
2774,3389,Ramamoorthy E,https://www.myneta.info/TamilNadu2026/candidate.php?candidate_id=3389,ANNA NAGAR,IND,0,Graduate Professional,"Rs 9,23,000 ~ 9 Lacs+",Rs 0 ~
2775,3326,Ramamoorthy. G,https://www.myneta.info/TamilNadu2026/candidate.php?candidate_id=3326,ARUPPUKOTTAI,IND,0,Post Graduate,https://myneta.info/image_v2.php?myneta_folder=TamilNadu2026&candidate_id=3326&col=ta,https://myneta.info/image_v2.php?myneta_folder=TamilNadu2026&candidate_id=3326&col=lia
2776,3263,Raman K,https://www.myneta.info/TamilNadu2026/candidate.php?candidate_id=3263,VILLUPURAM,IND,0,5th Pass,"Rs 9,10,000 ~ 9 Lacs+","Rs 2,00,000 ~ 2 Lacs+"
2777,1612,Raman V,https://www.myneta.info/TamilNadu2026/candidate.php?candidate_id=1612,PARAMATHIVELUR,BSP,0,5th Pass,"Rs 2,86,927 ~ 2 Lacs+",Rs 0 ~
2778,3761,Raman. M.,https://www.myneta.info/TamilNadu2026/candidate.php?candidate_id=3761,PALACODE,IND,0,10th Pass,https://myneta.info/image_v2.php?myneta_folder=TamilNadu2026&candidate_id=3761&col=ta,https://myneta.info/image_v2.php?myneta_folder=TamilNadu2026&candidate_id=3761&col=lia
2779,1798,Ramanathan. S.V,https://www.myneta.info/TamilNadu2026/candidate.php?candidate_id=1798,KARAIKUDI,IND,0,Graduate Professional,"Rs 2,000 ~ 2 Thou+",Rs 0 ~
2780,549,Ramar Pandi T,https://www.myneta.info/TamilNadu2026/candidate.php?candidate_id=549,MADURAI CENTRAL,BSP,0,Literate,"Rs 26,000 ~ 26 Thou+",Rs 0 ~
2781,1617,Ramasamy N,https://www.myneta.info/TamilNadu2026/candidate.php?candidate_id=1617,PARAMATHIVELUR,IND,0,Illiterate,https://myneta.info/image_v2.php?myneta_folder=TamilNadu2026&candidate_id=1617&col=ta,https://myneta.info/image_v2.php?myneta_folder=TamilNadu2026&candidate_id=1617&col=lia
2782,972,Ramasamy P,https://www.myneta.info/TamilNadu2026/candidate.php?candidate_id=972,NAMAKKAL,BSP,0,12th Pass,"Rs 1,43,327 ~ 1 Lacs+","Rs 3,39,000 ~ 3 Lacs+"
2783,2555,Ramasamy S.,https://www.myneta.info/TamilNadu2026/candidate.php?candidate_id=2555,UDUMALAIPETTAI,IND,0,12th Pass,"Rs 52,43,000 ~ 52 Lacs+",Rs 0 ~
2784,1876,Ramasamy.G.C,https://www.myneta.info/TamilNadu2026/candidate.php?candidate_id=1876,VEPPANAHALLI,IND,0,5th Pass,https://myneta.info/image_v2.php?myneta_folder=TamilNadu2026&candidate_id=1876&col=ta,https://myneta.info/image_v2.php?myneta_folder=TamilNadu2026&candidate_id=1876&col=lia
2785,3393,Ramasamy.S,https://www.myneta.info/TamilNadu2026/candidate.php?candidate_id=3393,ANTHIYUR,Samaniya Makkal Nala Katchi,0,Graduate,"Rs 17,110 ~ 17 Thou+","Rs 4,38,418 ~ 4 Lacs+"
2786,1054,Ramesh,https://www.myneta.info/TamilNadu2026/candidate.php?candidate_id=1054,SRIRANGAM,Tamilaga Vettri Kazhagam,0,Graduate Professional,"Rs 33,22,220 ~ 33 Lacs+","Rs 13,63,000 ~ 13 Lacs+"
2787,3712,Ramesh A,https://www.myneta.info/TamilNadu2026/candidate.php?candidate_id=3712,NAMAKKAL,IND,0,Others,https://myneta.info/image_v2.php?myneta_folder=TamilNadu2026&candidate_id=3712&col=ta,https://myneta.info/image_v2.php?myneta_folder=TamilNadu2026&candidate_id=3712&col=lia
2788,3190,Ramesh K,https://www.myneta.info/TamilNadu2026/candidate.php?candidate_id=3190,SIVAGANGA,IND,0,10th Pass,"Rs 14,46,440 ~ 14 Lacs+",Rs 0 ~
2789,146,Ramesh K,https://www.myneta.info/TamilNadu2026/candidate.php?candidate_id=146,SANKARAPURAM,Naam Tamilar Katchi,0,Graduate Professional,"Rs 7,08,000 ~ 7 Lacs+","Rs 16,36,225 ~ 16 Lacs+"
2790,3862,Ramesh Kumar. B,https://www.myneta.info/TamilNadu2026/candidate.php?candidate_id=3862,SATTUR,IND,0,Others,https://myneta.info/image_v2.php?myneta_folder=TamilNadu2026&candidate_id=3862&col=ta,https://myneta.info/image_v2.php?myneta_folder=TamilNadu2026&candidate_id=3862&col=lia
2791,1960,Ramesh Kumar. G,https://www.myneta.info/TamilNadu2026/candidate.php?candidate_id=1960,MANACHANALLUR,IND,0,Graduate Professional,"Rs 5,81,496 ~ 5 Lacs+",Rs 0 ~
2792,1203,Ramesh L N,https://www.myneta.info/TamilNadu2026/candidate.php?candidate_id=1203,NATHAM,Tamilaga Vettri Kazhagam,0,Graduate,"Rs 2,94,53,000 ~ 2 Crore+","Rs 35,00,000 ~ 35 Lacs+"
2793,1634,Ramesh P,https://www.myneta.info/TamilNadu2026/candidate.php?candidate_id=1634,PARAMATHIVELUR,IND,0,5th Pass,https://myneta.info/image_v2.php?myneta_folder=TamilNadu2026&candidate_id=1634&col=ta,https://myneta.info/image_v2.php?myneta_folder=TamilNadu2026&candidate_id=1634&col=lia
2794,3891,Ramesh P,https://www.myneta.info/TamilNadu2026/candidate.php?candidate_id=3891,SIVAKASI,IND,0,Graduate Professional,"Rs 62,31,903 ~ 62 Lacs+","Rs 14,00,000 ~ 14 Lacs+"
2795,3257,Ramesh R,https://www.myneta.info/TamilNadu2026/candidate.php?candidate_id=3257,GINGEE,IND,0,Post Graduate,"Rs 1,85,000 ~ 1 Lacs+","Rs 1,57,000 ~ 1 Lacs+"
2796,1635,Ramesh R,https://www.myneta.info/TamilNadu2026/candidate.php?candidate_id=1635,PARAMATHIVELUR,IND,0,12th Pass,https://myneta.info/image_v2.php?myneta_folder=TamilNadu2026&candidate_id=1635&col=ta,https://myneta.info/image_v2.php?myneta_folder=TamilNadu2026&candidate_id=1635&col=lia
2797,2119,Ramesh S,https://www.myneta.info/TamilNadu2026/candidate.php?candidate_id=2119,TIRUCHENGODU,IND,0,12th Pass,"Rs 5,92,97,617 ~ 5 Crore+","Rs 1,51,00,000 ~ 1 Crore+"
2798,1565,Ramesh. G.,https://www.myneta.info/TamilNadu2026/candidate.php?candidate_id=1565,ATTUR (SC),Tamizhaga Vaazhvurimai Katchi,1,10th Pass,"Rs 1,00,000 ~ 1 Lacs+","Rs 1,70,000 ~ 1 Lacs+"
2799,1207,Ramesh. P,https://www.myneta.info/TamilNadu2026/candidate.php?candidate_id=1207,PADMANABHAPURAM,BJP,2,Post Graduate,https://myneta.info/image_v2.php?myneta_folder=TamilNadu2026&candidate_id=1207&col=ta,https://myneta.info/image_v2.php?myneta_folder=TamilNadu2026&candidate_id=1207&col=lia
2800,3757,Ramesh. P.,https://www.myneta.info/TamilNadu2026/candidate.php?candidate_id=3757,PALACODE,Naadaalum Makkal Katchi,0,8th Pass,"Rs 17,78,000 ~ 17 Lacs+","Rs 4,00,000 ~ 4 Lacs+"
2801,2748,Ramesh. S,https://www.myneta.info/TamilNadu2026/candidate.php?candidate_id=2748,GANGAVALLI (SC),IND,0,Others,"Rs 4,38,959 ~ 4 Lacs+","Rs 72,087 ~ 72 Thou+"
2802,1751,Ramesh. S,https://www.myneta.info/TamilNadu2026/candidate.php?candidate_id=1751,TIRUPPUR (SOUTH),IND,0,5th Pass,https://myneta.info/image_v2.php?myneta_folder=TamilNadu2026&candidate_id=1751&col=ta,https://myneta.info/image_v2.php?myneta_folder=TamilNadu2026&candidate_id=1751&col=lia
2803,2272,Ramesh. T,https://www.myneta.info/TamilNadu2026/candidate.php?candidate_id=2272,VEDASANDUR,Tamizhaga Vaazhvurimai Katchi,1,8th Pass,"Rs 16,02,000 ~ 16 Lacs+","Rs 11,42,000 ~ 11 Lacs+"
2804,1867,Ramesh. V,https://www.myneta.info/TamilNadu2026/candidate.php?candidate_id=1867,TIRUVANNAMALAI,IND,0,12th Pass,"Rs 5,30,07,300 ~ 5 Crore+","Rs 95,10,000 ~ 95 Lacs+"
2805,3481,Ramesh.P,https://www.myneta.info/TamilNadu2026/candidate.php?candidate_id=3481,GOBICHETTIPALAYAM,IND,0,8th Pass,https://myneta.info/image_v2.php?myneta_folder=TamilNadu2026&candidate_id=3481&col=ta,https://myneta.info/image_v2.php?myneta_folder=TamilNadu2026&candidate_id=3481&col=lia
2806,2515,Ramesh.R,https://www.myneta.info/TamilNadu2026/candidate.php?candidate_id=2515,SRIRANGAM,IND,0,10th Pass,"Rs 16,54,000 ~ 16 Lacs+",Rs 0 ~
2807,2135,Rameshkumar. V,https://www.myneta.info/TamilNadu2026/candidate.php?candidate_id=2135,SANKARI,IND,0,5th Pass,"Rs 21,08,468 ~ 21 Lacs+",Rs 0 ~
2808,1940,Rameshwari,https://www.myneta.info/TamilNadu2026/candidate.php?candidate_id=1940,UTHANGARAI (SC),Bharat Jan Chikitsa Party,0,8th Pass,https://myneta.info/image_v2.php?myneta_folder=TamilNadu2026&candidate_id=1940&col=ta,https://myneta.info/image_v2.php?myneta_folder=TamilNadu2026&candidate_id=1940&col=lia
2809,3927,Ramkumar L,https://www.myneta.info/TamilNadu2026/candidate.php?candidate_id=3927,THIYAGARAYANAGAR,IND,0,Graduate Professional,"Rs 8,23,600 ~ 8 Lacs+","Rs 3,45,000 ~ 3 Lacs+"
2810,2769,Ramkumar. D.M,https://www.myneta.info/TamilNadu2026/candidate.php?candidate_id=2769,METTUR,IND,0,Others,"Rs 22,81,005 ~ 22 Lacs+","Rs 1,14,300 ~ 1 Lacs+"
2811,3161,Ramkumar. S,https://www.myneta.info/TamilNadu2026/candidate.php?candidate_id=3161,MAYILADUTHURAI,IND,0,Graduate Professional,https://myneta.info/image_v2.php?myneta_folder=TamilNadu2026&candidate_id=3161&col=ta,https://myneta.info/image_v2.php?myneta_folder=TamilNadu2026&candidate_id=3161&col=lia
2812,2362,Ramnath.T,https://www.myneta.info/TamilNadu2026/candidate.php?candidate_id=2362,THIRUMAYAM,IND,0,Graduate Professional,"Rs 40,668 ~ 40 Thou+",Rs 0 ~
2813,519,Ramneshwaran. V,https://www.myneta.info/TamilNadu2026/candidate.php?candidate_id=519,TINDIVANAM (SC),Thakkam Katchi,0,Graduate Professional,"Rs 77,16,850 ~ 77 Lacs+","Rs 11,80,000 ~ 11 Lacs+"
2814,1962,Ramprasad. N,https://www.myneta.info/TamilNadu2026/candidate.php?candidate_id=1962,MANACHANALLUR,IND,0,12th Pass,https://myneta.info/image_v2.php?myneta_folder=TamilNadu2026&candidate_id=1962&col=ta,https://myneta.info/image_v2.php?myneta_folder=TamilNadu2026&candidate_id=1962&col=lia
2815,2355,Ramsingh.Sk,https://www.myneta.info/TamilNadu2026/candidate.php?candidate_id=2355,THIRUMAYAM,Tamizhaga Vaazhvurimai Katchi,1,Post Graduate,"Rs 27,25,000 ~ 27 Lacs+","Rs 15,50,000 ~ 15 Lacs+"
2816,1787,Ramu. M,https://www.myneta.info/TamilNadu2026/candidate.php?candidate_id=1787,KARAIKUDI,IND,0,8th Pass,"Rs 80,65,000 ~ 80 Lacs+","Rs 59,00,000 ~ 59 Lacs+"
2817,3090,Ramuthevar. P,https://www.myneta.info/TamilNadu2026/candidate.php?candidate_id=3090,DINDIGUL,All India Puratchi Thalaivar Makkal Munnettra Kazhagam,3,5th Pass,https://myneta.info/image_v2.php?myneta_folder=TamilNadu2026&candidate_id=3090&col=ta,https://myneta.info/image_v2.php?myneta_folder=TamilNadu2026&candidate_id=3090&col=lia
2818,194,Ramya Mohan,https://www.myneta.info/TamilNadu2026/candidate.php?candidate_id=194,TIRUPPATHUR,Naam Tamilar Katchi,1,Post Graduate,"Rs 41,58,500 ~ 41 Lacs+","Rs 17,53,000 ~ 17 Lacs+"
2819,2917,Ranganathan N,https://www.myneta.info/TamilNadu2026/candidate.php?candidate_id=2917,RISHIVANDIYAM,All India Puratchi Thalaivar Makkal Munnettra Kazhagam,2,8th Pass,"Rs 3,50,000 ~ 3 Lacs+",Rs 0 ~
2820,2784,Ranganathan. D,https://www.myneta.info/TamilNadu2026/candidate.php?candidate_id=2784,VEERAPANDI,IND,0,10th Pass,https://myneta.info/image_v2.php?myneta_folder=TamilNadu2026&candidate_id=2784&col=ta,https://myneta.info/image_v2.php?myneta_folder=TamilNadu2026&candidate_id=2784&col=lia
2821,3991,Rangaraj.G,https://www.myneta.info/TamilNadu2026/candidate.php?candidate_id=3991,VIRUGAMPAKKAM,IND,0,12th Pass,"Rs 26,04,000 ~ 26 Lacs+","Rs 6,48,375 ~ 6 Lacs+"
2822,3246,Rangarajan E,https://www.myneta.info/TamilNadu2026/candidate.php?candidate_id=3246,GINGEE,BSP,0,Graduate Professional,"Rs 22,80,000 ~ 22 Lacs+",Rs 0 ~
2823,2660,"Rangasamy,P.",https://www.myneta.info/TamilNadu2026/candidate.php?candidate_id=2660,METTUPALAYAM,IND,0,Literate,https://myneta.info/image_v2.php?myneta_folder=TamilNadu2026&candidate_id=2660&col=ta,https://myneta.info/image_v2.php?myneta_folder=TamilNadu2026&candidate_id=2660&col=lia
2824,1735,Rangasamy. S,https://www.myneta.info/TamilNadu2026/candidate.php?candidate_id=1735,TIRUPPUR (SOUTH),BSP,0,8th Pass,"Rs 1,65,500 ~ 1 Lacs+","Rs 2,00,000 ~ 2 Lacs+"
2825,1122,Rani P,https://www.myneta.info/TamilNadu2026/candidate.php?candidate_id=1122,NAMAKKAL,DMK,0,Post Graduate,"Rs 1,59,73,251 ~ 1 Crore+","Rs 15,21,370 ~ 15 Lacs+"
2826,1764,Rani. A,https://www.myneta.info/TamilNadu2026/candidate.php?candidate_id=1764,VANDAVASI (SC),IND,0,Illiterate,https://myneta.info/image_v2.php?myneta_folder=TamilNadu2026&candidate_id=1764&col=ta,https://myneta.info/image_v2.php?myneta_folder=TamilNadu2026&candidate_id=1764&col=lia
2827,1082,Rani. P,https://www.myneta.info/TamilNadu2026/candidate.php?candidate_id=1082,VANDAVASI (SC),AIADMK,0,5th Pass,"Rs 73,03,000 ~ 73 Lacs+",Rs 0 ~
2828,841,Ranjeeth Kumar J.,https://www.myneta.info/TamilNadu2026/candidate.php?candidate_id=841,PERIYAKULAM (SC),SUCI(C),0,8th Pass,"Rs 1,10,191 ~ 1 Lacs+",Rs 0 ~
2829,1633,Ranjith K,https://www.myneta.info/TamilNadu2026/candidate.php?candidate_id=1633,PARAMATHIVELUR,IND,0,Others,https://myneta.info/image_v2.php?myneta_folder=TamilNadu2026&candidate_id=1633&col=ta,https://myneta.info/image_v2.php?myneta_folder=TamilNadu2026&candidate_id=1633&col=lia
2830,515,Ranjith Kumar M,https://www.myneta.info/TamilNadu2026/candidate.php?candidate_id=515,MAILAM,BSP,0,12th Pass,"Rs 9,25,000 ~ 9 Lacs+",Rs 0 ~
2831,2134,Ranjith Kumar. V,https://www.myneta.info/TamilNadu2026/candidate.php?candidate_id=2134,SANKARI,IND,0,5th Pass,"Rs 30,64,221 ~ 30 Lacs+",Rs 0 ~
2832,2301,Ranjith Kumar.S,https://www.myneta.info/TamilNadu2026/candidate.php?candidate_id=2301,SHOLAVANDAN (SC),IND,1,Post Graduate,https://myneta.info/image_v2.php?myneta_folder=TamilNadu2026&candidate_id=2301&col=ta,https://myneta.info/image_v2.php?myneta_folder=TamilNadu2026&candidate_id=2301&col=lia
2833,1473,Ranjith S,https://www.myneta.info/TamilNadu2026/candidate.php?candidate_id=1473,VIRUDHUNAGAR,IND,0,Graduate Professional,"Rs 1,42,272 ~ 1 Lacs+",Rs 0 ~
2834,1705,Ranjith. S,https://www.myneta.info/TamilNadu2026/candidate.php?candidate_id=1705,THIRUVERUMBUR,Tamizhaga Vaazhvurimai Katchi,0,10th Pass,"Rs 18,100 ~ 18 Thou+",Rs 0 ~
2835,2875,Ranjitha V,https://www.myneta.info/TamilNadu2026/candidate.php?candidate_id=2875,MAILAM,IND,0,Graduate Professional,https://myneta.info/image_v2.php?myneta_folder=TamilNadu2026&candidate_id=2875&col=ta,https://myneta.info/image_v2.php?myneta_folder=TamilNadu2026&candidate_id=2875&col=lia
2836,2904,Ranjitham.M,https://www.myneta.info/TamilNadu2026/candidate.php?candidate_id=2904,MADURANTAKAM (SC),IND,0,8th Pass,"Rs 51,06,000 ~ 51 Lacs+",Rs 0 ~
2837,1783,Ranjithkumar Balusamy,https://www.myneta.info/TamilNadu2026/candidate.php?candidate_id=1783,KARAIKUDI,BSP,0,Graduate Professional,"Rs 30,000 ~ 30 Thou+",Rs 0 ~
2838,3247,Rasanayagam N,https://www.myneta.info/TamilNadu2026/candidate.php?candidate_id=3247,GINGEE,Tamizhaga Vaazhvurimai Katchi,0,12th Pass,https://myneta.info/image_v2.php?myneta_folder=TamilNadu2026&candidate_id=3247&col=ta,https://myneta.info/image_v2.php?myneta_folder=TamilNadu2026&candidate_id=3247&col=lia
2839,2171,Rasik Mussammil. K,https://www.myneta.info/TamilNadu2026/candidate.php?candidate_id=2171,TIRUCHENDUR,Tamizhaga Vaazhvurimai Katchi,0,10th Pass,"Rs 5,40,638 ~ 5 Lacs+","Rs 3,30,000 ~ 3 Lacs+"
2840,2467,Rasupillai.S,https://www.myneta.info/TamilNadu2026/candidate.php?candidate_id=2467,MANNARGUDI,All India Puratchi Thalaivar Makkal Munnettra Kazhagam,1,5th Pass,"Rs 39,65,600 ~ 39 Lacs+","Rs 14,20,000 ~ 14 Lacs+"
2841,2364,Rathina Prakash. K,https://www.myneta.info/TamilNadu2026/candidate.php?candidate_id=2364,PARAMAKUDI (SC),Puthiya Tamilagam,1,Graduate Professional,https://myneta.info/image_v2.php?myneta_folder=TamilNadu2026&candidate_id=2364&col=ta,https://myneta.info/image_v2.php?myneta_folder=TamilNadu2026&candidate_id=2364&col=lia
2842,1465,Rathinaraja S,https://www.myneta.info/TamilNadu2026/candidate.php?candidate_id=1465,VIRUDHUNAGAR,Nam Naadu Nam Makkal Nam Ethirkaalam Katchi,0,Post Graduate,"Rs 1,64,51,309 ~ 1 Crore+","Rs 1,10,71,820 ~ 1 Crore+"
2843,1750,Rathinavel. M,https://www.myneta.info/TamilNadu2026/candidate.php?candidate_id=1750,TIRUPPUR (SOUTH),IND,0,12th Pass,"Rs 71,78,000 ~ 71 Lacs+","Rs 1,40,000 ~ 1 Lacs+"
2844,442,Ravanan M.,https://www.myneta.info/TamilNadu2026/candidate.php?candidate_id=442,JAYANKONDAM,Naadaalum Makkal Katchi,0,12th Pass,https://myneta.info/image_v2.php?myneta_folder=TamilNadu2026&candidate_id=442&col=ta,https://myneta.info/image_v2.php?myneta_folder=TamilNadu2026&candidate_id=442&col=lia
2845,1879,Ravi Ag,https://www.myneta.info/TamilNadu2026/candidate.php?candidate_id=1879,ARAVAKURICHI,Tamizhaga Vaazhvurimai Katchi,1,12th Pass,"Rs 26,20,700 ~ 26 Lacs+",Rs 0 ~
2846,3691,Ravi Govinthan,https://www.myneta.info/TamilNadu2026/candidate.php?candidate_id=3691,MUDUKULATHUR,IND,0,Illiterate,"Rs 90,48,224 ~ 90 Lacs+",Rs 0 ~
2847,456,Ravi M L,https://www.myneta.info/TamilNadu2026/candidate.php?candidate_id=456,THIYAGARAYANAGAR,Desiya Makkal Sakthi Katchi,0,Post Graduate,https://myneta.info/image_v2.php?myneta_folder=TamilNadu2026&candidate_id=456&col=ta,https://myneta.info/image_v2.php?myneta_folder=TamilNadu2026&candidate_id=456&col=lia
2848,2273,Ravi. R,https://www.myneta.info/TamilNadu2026/candidate.php?candidate_id=2273,VEDASANDUR,CPI(ML)(L),1,10th Pass,"Rs 8,63,021 ~ 8 Lacs+","Rs 4,02,000 ~ 4 Lacs+"
2849,3039,Ravi. V,https://www.myneta.info/TamilNadu2026/candidate.php?candidate_id=3039,COIMBATORE (NORTH),IND,0,10th Pass,"Rs 76,000 ~ 76 Thou+",Rs 0 ~
2850,2516,Ravichandiran.N,https://www.myneta.info/TamilNadu2026/candidate.php?candidate_id=2516,SRIRANGAM,IND,0,8th Pass,https://myneta.info/image_v2.php?myneta_folder=TamilNadu2026&candidate_id=2516&col=ta,https://myneta.info/image_v2.php?myneta_folder=TamilNadu2026&candidate_id=2516&col=lia
2851,3284,Ravichandran G,https://www.myneta.info/TamilNadu2026/candidate.php?candidate_id=3284,TIRUKKOYILUR,IND,0,Post Graduate,"Rs 1,13,35,925 ~ 1 Crore+",Rs 0 ~
2852,470,Ravichandran K.P,https://www.myneta.info/TamilNadu2026/candidate.php?candidate_id=470,TITTAKUDI (SC),BSP,0,Literate,"Rs 11,54,761 ~ 11 Lacs+",Rs 0 ~
2853,2487,Ravichandran. R,https://www.myneta.info/TamilNadu2026/candidate.php?candidate_id=2487,NANNILAM,IND,0,Graduate Professional,https://myneta.info/image_v2.php?myneta_folder=TamilNadu2026&candidate_id=2487&col=ta,https://myneta.info/image_v2.php?myneta_folder=TamilNadu2026&candidate_id=2487&col=lia
2854,3992,Ravikumar,https://www.myneta.info/TamilNadu2026/candidate.php?candidate_id=3992,VIRUGAMPAKKAM,IND,0,Graduate Professional,"Rs 2,49,93,225 ~ 2 Crore+","Rs 40,00,000 ~ 40 Lacs+"
2855,2445,Ravikumar.M,https://www.myneta.info/TamilNadu2026/candidate.php?candidate_id=2445,POONAMALLEE (SC),IND,0,10th Pass,"Rs 3,70,300 ~ 3 Lacs+",Rs 0 ~
2856,3472,Ravikumar.R,https://www.myneta.info/TamilNadu2026/candidate.php?candidate_id=3472,GOBICHETTIPALAYAM,BSP,0,5th Pass,https://myneta.info/image_v2.php?myneta_folder=TamilNadu2026&candidate_id=3472&col=ta,https://myneta.info/image_v2.php?myneta_folder=TamilNadu2026&candidate_id=3472&col=lia
2857,912,Ravimanoharan. K,https://www.myneta.info/TamilNadu2026/candidate.php?candidate_id=912,PALANI,AIADMK,3,Others,"Rs 96,82,06,211 ~ 96 Crore+","Rs 13,22,02,218 ~ 13 Crore+"
2858,2974,Ravisankar N.,https://www.myneta.info/TamilNadu2026/candidate.php?candidate_id=2974,JAYANKONDAM,Aanaithinthiya Jananayaka Pathukappu Kazhagam,6,12th Pass,"Rs 5,81,55,069 ~ 5 Crore+","Rs 2,31,30,615 ~ 2 Crore+"
2859,1057,Ravisankar.M,https://www.myneta.info/TamilNadu2026/candidate.php?candidate_id=1057,THURAIYUR (SC),Tamilaga Vettri Kazhagam,1,Others,https://myneta.info/image_v2.php?myneta_folder=TamilNadu2026&candidate_id=1057&col=ta,https://myneta.info/image_v2.php?myneta_folder=TamilNadu2026&candidate_id=1057&col=lia
2860,3269,Rayar K,https://www.myneta.info/TamilNadu2026/candidate.php?candidate_id=3269,VILLUPURAM,IND,2,Doctorate,"Rs 76,00,00,000 ~ 76 Crore+","Rs 12,51,513 ~ 12 Lacs+"
2861,257,Reagon Anto.J,https://www.myneta.info/TamilNadu2026/candidate.php?candidate_id=257,KANNIYAKUMARI,Tamizhaga Vaazhvurimai Katchi,0,Graduate Professional,"Rs 2,09,07,500 ~ 2 Crore+","Rs 44,35,000 ~ 44 Lacs+"
2862,1064,Reddiarpatti V. Narayanan,https://www.myneta.info/TamilNadu2026/candidate.php?candidate_id=1064,NANGUNERI,Tamilaga Vettri Kazhagam,0,10th Pass,https://myneta.info/image_v2.php?myneta_folder=TamilNadu2026&candidate_id=1064&col=ta,https://myneta.info/image_v2.php?myneta_folder=TamilNadu2026&candidate_id=1064&col=lia
2863,2001,Reegan Prabhu,https://www.myneta.info/TamilNadu2026/candidate.php?candidate_id=2001,PERAMBUR,IND,0,Others,"Rs 20,96,000 ~ 20 Lacs+","Rs 2,66,903 ~ 2 Lacs+"
2864,1260,Regupathy.S,https://www.myneta.info/TamilNadu2026/candidate.php?candidate_id=1260,THIRUMAYAM,DMK,0,Graduate Professional,"Rs 26,06,88,193 ~ 26 Crore+","Rs 14,39,753 ~ 14 Lacs+"
2865,2316,Renganathan Doraisamy,https://www.myneta.info/TamilNadu2026/candidate.php?candidate_id=2316,THIRUPARANKUNDRAM,Rashtriya Samaj Dal (R),0,12th Pass,https://myneta.info/image_v2.php?myneta_folder=TamilNadu2026&candidate_id=2316&col=ta,https://myneta.info/image_v2.php?myneta_folder=TamilNadu2026&candidate_id=2316&col=lia
2866,3590,Renganayagalu.S,https://www.myneta.info/TamilNadu2026/candidate.php?candidate_id=3590,KOVILPATTI,IND,0,Graduate Professional,"Rs 5,82,000 ~ 5 Lacs+",Rs 0 ~
2867,1816,Retna Mony S,https://www.myneta.info/TamilNadu2026/candidate.php?candidate_id=1816,NAGERCOIL,IND,0,Others,"Rs 6,00,000 ~ 6 Lacs+","Rs 9,20,532 ~ 9 Lacs+"
2868,2120,Revanth S N,https://www.myneta.info/TamilNadu2026/candidate.php?candidate_id=2120,TIRUCHENGODU,IND,0,Graduate Professional,https://myneta.info/image_v2.php?myneta_folder=TamilNadu2026&candidate_id=2120&col=ta,https://myneta.info/image_v2.php?myneta_folder=TamilNadu2026&candidate_id=2120&col=lia
2869,185,Revathi K,https://www.myneta.info/TamilNadu2026/candidate.php?candidate_id=185,TIRUCHENGODU,Naam Tamilar Katchi,0,Others,"Rs 17,98,000 ~ 17 Lacs+","Rs 4,31,409 ~ 4 Lacs+"
2870,50,Revathi K.,https://www.myneta.info/TamilNadu2026/candidate.php?candidate_id=50,JAYANKONDAM,Naam Tamilar Katchi,0,Post Graduate,"Rs 3,09,000 ~ 3 Lacs+",Rs 0 ~
2871,86,Revathi L,https://www.myneta.info/TamilNadu2026/candidate.php?candidate_id=86,MADHURAVOYAL,Naam Tamilar Katchi,0,8th Pass,https://myneta.info/image_v2.php?myneta_folder=TamilNadu2026&candidate_id=86&col=ta,https://myneta.info/image_v2.php?myneta_folder=TamilNadu2026&candidate_id=86&col=lia
2872,976,Revathi Muthamilselvan,https://www.myneta.info/TamilNadu2026/candidate.php?candidate_id=976,KUNNAM,Tamilaga Vettri Kazhagam,1,Graduate,"Rs 2,85,00,421 ~ 2 Crore+","Rs 3,07,200 ~ 3 Lacs+"
2873,1951,Revathi. S,https://www.myneta.info/TamilNadu2026/candidate.php?candidate_id=1951,MANACHANALLUR,Akila Inthiya Makkal Marumalarchi Kazhakam,0,10th Pass,"Rs 2,13,500 ~ 2 Lacs+","Rs 4,00,000 ~ 4 Lacs+"
2874,1032,Rhevanth Charan,https://www.myneta.info/TamilNadu2026/candidate.php?candidate_id=1032,MADHURAVOYAL,Tamilaga Vettri Kazhagam,0,Post Graduate,https://myneta.info/image_v2.php?myneta_folder=TamilNadu2026&candidate_id=1032&col=ta,https://myneta.info/image_v2.php?myneta_folder=TamilNadu2026&candidate_id=1032&col=lia
2875,4025,Ritish,https://www.myneta.info/TamilNadu2026/candidate.php?candidate_id=4025,VELACHERY,IND,0,Others,"Rs 32,527 ~ 32 Thou+",Rs 0 ~
2876,1292,Rm. Karumanickam,https://www.myneta.info/TamilNadu2026/candidate.php?candidate_id=1292,TIRUVADANAI,INC,0,Graduate Professional,"Rs 5,72,00,160 ~ 5 Crore+",Rs 0 ~
2877,2852,Rohini.S,https://www.myneta.info/TamilNadu2026/candidate.php?candidate_id=2852,DHARAPURAM (SC),IND,0,Graduate Professional,https://myneta.info/image_v2.php?myneta_folder=TamilNadu2026&candidate_id=2852&col=ta,https://myneta.info/image_v2.php?myneta_folder=TamilNadu2026&candidate_id=2852&col=lia
2878,4011,Rokesh Kumar. V,https://www.myneta.info/TamilNadu2026/candidate.php?candidate_id=4011,VELACHERY,Tamizhaga Vaazhvurimai Katchi,0,Others,"Rs 1,18,500 ~ 1 Lacs+",Rs 0 ~
2879,2051,Romanraj. A,https://www.myneta.info/TamilNadu2026/candidate.php?candidate_id=2051,MYLAPORE,IND,0,12th Pass,"Rs 17,11,000 ~ 17 Lacs+","Rs 3,00,000 ~ 3 Lacs+"
2880,1441,Roshini S,https://www.myneta.info/TamilNadu2026/candidate.php?candidate_id=1441,VILLIVAKKAM,Naam Tamilar Katchi,0,8th Pass,https://myneta.info/image_v2.php?myneta_folder=TamilNadu2026&candidate_id=1441&col=ta,https://myneta.info/image_v2.php?myneta_folder=TamilNadu2026&candidate_id=1441&col=lia
2881,3982,Roy George,https://www.myneta.info/TamilNadu2026/candidate.php?candidate_id=3982,VIRUGAMPAKKAM,Anna Puratchi Thalaivar Amma Dravida Munnetra Kazhagam,0,Others,"Rs 1,72,85,000 ~ 1 Crore+",Rs 0 ~
2882,2182,Royal Raja,https://www.myneta.info/TamilNadu2026/candidate.php?candidate_id=2182,TIRUCHIRAPPALLI (EAST),Tamizhaga Vaazhvurimai Katchi,1,Graduate,"Rs 11,37,000 ~ 11 Lacs+",Rs 0 ~
2883,804,Rubin Antony,https://www.myneta.info/TamilNadu2026/candidate.php?candidate_id=804,KILLIYOOR,Tamizhaga Vaazhvurimai Katchi,4,Others,https://myneta.info/image_v2.php?myneta_folder=TamilNadu2026&candidate_id=804&col=ta,https://myneta.info/image_v2.php?myneta_folder=TamilNadu2026&candidate_id=804&col=lia
2884,1063,Ruby.R.Manoharan,https://www.myneta.info/TamilNadu2026/candidate.php?candidate_id=1063,NANGUNERI,INC,6,10th Pass,"Rs 1,41,49,14,401 ~ 141 Crore+","Rs 22,62,94,418 ~ 22 Crore+"
2885,3210,S .Muthuselvam,https://www.myneta.info/TamilNadu2026/candidate.php?candidate_id=3210,OTTAPIDARAM (SC),IND,0,8th Pass,"Rs 14,000 ~ 14 Thou+",Rs 0 ~
2886,3381,S Ansar Ali,https://www.myneta.info/TamilNadu2026/candidate.php?candidate_id=3381,ANNA NAGAR,IND,0,Illiterate,https://myneta.info/image_v2.php?myneta_folder=TamilNadu2026&candidate_id=3381&col=ta,https://myneta.info/image_v2.php?myneta_folder=TamilNadu2026&candidate_id=3381&col=lia
2887,3484,S Ganesh,https://www.myneta.info/TamilNadu2026/candidate.php?candidate_id=3484,HARBOUR,IND,0,Post Graduate,"Rs 14,46,500 ~ 14 Lacs+","Rs 5,00,000 ~ 5 Lacs+"
2888,2984,S Jayakalpana,https://www.myneta.info/TamilNadu2026/candidate.php?candidate_id=2984,THIRU-VI-KA-NAGAR (SC),Republican Party of India (Athawale),0,Illiterate,"Rs 9,87,000 ~ 9 Lacs+",Rs 0 ~
2889,3628,S Jayavel,https://www.myneta.info/TamilNadu2026/candidate.php?candidate_id=3628,KUMARAPALAYAM,IND,0,5th Pass,https://myneta.info/image_v2.php?myneta_folder=TamilNadu2026&candidate_id=3628&col=ta,https://myneta.info/image_v2.php?myneta_folder=TamilNadu2026&candidate_id=3628&col=lia
2890,180,S Kowsalya,https://www.myneta.info/TamilNadu2026/candidate.php?candidate_id=180,THURAIYUR (SC),Naam Tamilar Katchi,0,Graduate,"Rs 53,07,000 ~ 53 Lacs+","Rs 6,88,000 ~ 6 Lacs+"
2891,1517,S Malaiyandi,https://www.myneta.info/TamilNadu2026/candidate.php?candidate_id=1517,ALANGUDI,Akila Inthiya Makkal Marumalarchi Kazhakam,0,8th Pass,"Rs 10,000 ~ 10 Thou+",Rs 0 ~
2892,1084,S R K Appu,https://www.myneta.info/TamilNadu2026/candidate.php?candidate_id=1084,VELLORE,AIADMK,0,Graduate,https://myneta.info/image_v2.php?myneta_folder=TamilNadu2026&candidate_id=1084&col=ta,https://myneta.info/image_v2.php?myneta_folder=TamilNadu2026&candidate_id=1084&col=lia
2893,3384,S Sathish Kumar,https://www.myneta.info/TamilNadu2026/candidate.php?candidate_id=3384,ANNA NAGAR,IND,0,Graduate Professional,"Rs 1,73,000 ~ 1 Lacs+",Rs 0 ~
2894,2857,S Shanmugavel,https://www.myneta.info/TamilNadu2026/candidate.php?candidate_id=2857,MADATHUKULAM,IND,0,Illiterate,"Rs 6,76,000 ~ 6 Lacs+",Rs 0 ~
2895,3961,S Suresh Kasini Venthan,https://www.myneta.info/TamilNadu2026/candidate.php?candidate_id=3961,TIRUVADANAI,All India Forward Bloc,5,10th Pass,https://myneta.info/image_v2.php?myneta_folder=TamilNadu2026&candidate_id=3961&col=ta,https://myneta.info/image_v2.php?myneta_folder=TamilNadu2026&candidate_id=3961&col=lia
2896,3496,S Veerabathran,https://www.myneta.info/TamilNadu2026/candidate.php?candidate_id=3496,HARBOUR,IND,0,Graduate Professional,"Rs 14,25,000 ~ 14 Lacs+",Rs 0 ~
2897,3390,S Vinesh Kumar,https://www.myneta.info/TamilNadu2026/candidate.php?candidate_id=3390,ANNA NAGAR,IND,0,Graduate,"Rs 90,000 ~ 90 Thou+",Rs 0 ~
2898,3421,S. Albert Francis Xavier,https://www.myneta.info/TamilNadu2026/candidate.php?candidate_id=3421,BARGUR,Tamizhaga Vaazhvurimai Katchi,0,Post Graduate,https://myneta.info/image_v2.php?myneta_folder=TamilNadu2026&candidate_id=3421&col=ta,https://myneta.info/image_v2.php?myneta_folder=TamilNadu2026&candidate_id=3421&col=lia
2899,1339,S. Aravind Ramesh,https://www.myneta.info/TamilNadu2026/candidate.php?candidate_id=1339,SHOLINGANALLUR,DMK,0,8th Pass,"Rs 61,48,26,056 ~ 61 Crore+","Rs 6,76,75,611 ~ 6 Crore+"
2900,3080,S. Bala Murugan,https://www.myneta.info/TamilNadu2026/candidate.php?candidate_id=3080,ATHOOR,Tamizhaga Vaazhvurimai Katchi,0,8th Pass,"Rs 14,46,510 ~ 14 Lacs+","Rs 13,05,000 ~ 13 Lacs+"
2901,2609,S. Balachandar,https://www.myneta.info/TamilNadu2026/candidate.php?candidate_id=2609,KOLATHUR,IND,0,10th Pass,https://myneta.info/image_v2.php?myneta_folder=TamilNadu2026&candidate_id=2609&col=ta,https://myneta.info/image_v2.php?myneta_folder=TamilNadu2026&candidate_id=2609&col=lia
2902,3544,S. Balaji,https://www.myneta.info/TamilNadu2026/candidate.php?candidate_id=3544,KATPADI,Tamil Nadu Ilangyar Katchi,0,8th Pass,"Rs 38,000 ~ 38 Thou+",Rs 0 ~
2903,2835,S. Benjamin Moses,https://www.myneta.info/TamilNadu2026/candidate.php?candidate_id=2835,MADHURAVOYAL,IND,0,Post Graduate,"Rs 1,48,530 ~ 1 Lacs+",Rs 0 ~
2904,2810,S. Charles,https://www.myneta.info/TamilNadu2026/candidate.php?candidate_id=2810,AVADI,BSP,0,12th Pass,https://myneta.info/image_v2.php?myneta_folder=TamilNadu2026&candidate_id=2810&col=ta,https://myneta.info/image_v2.php?myneta_folder=TamilNadu2026&candidate_id=2810&col=lia
2905,3033,S. Dhana Raj,https://www.myneta.info/TamilNadu2026/candidate.php?candidate_id=3033,COIMBATORE (NORTH),IND,0,12th Pass,"Rs 13,20,500 ~ 13 Lacs+",Rs 0 ~
2906,1337,S. Durairaj,https://www.myneta.info/TamilNadu2026/candidate.php?candidate_id=1337,SRIRANGAM,DMK,2,Post Graduate,"Rs 1,65,37,331 ~ 1 Crore+","Rs 1,50,000 ~ 1 Lacs+"
2907,2511,S. Durairaj,https://www.myneta.info/TamilNadu2026/candidate.php?candidate_id=2511,SRIRANGAM,IND,0,Graduate,https://myneta.info/image_v2.php?myneta_folder=TamilNadu2026&candidate_id=2511&col=ta,https://myneta.info/image_v2.php?myneta_folder=TamilNadu2026&candidate_id=2511&col=lia
2908,2890,S. Gnanasekaran,https://www.myneta.info/TamilNadu2026/candidate.php?candidate_id=2890,THIRUPORUR,IND,0,Graduate Professional,"Rs 18,50,000 ~ 18 Lacs+","Rs 1,00,000 ~ 1 Lacs+"
2909,1059,S. Inigo Irudayaraj,https://www.myneta.info/TamilNadu2026/candidate.php?candidate_id=1059,TIRUCHIRAPPALLI (EAST),DMK,2,Doctorate,"Rs 28,52,61,525 ~ 28 Crore+","Rs 65,09,364 ~ 65 Lacs+"
2910,1439,S. Janarthanan,https://www.myneta.info/TamilNadu2026/candidate.php?candidate_id=1439,AMBATTUR,IND,0,Graduate Professional,https://myneta.info/image_v2.php?myneta_folder=TamilNadu2026&candidate_id=1439&col=ta,https://myneta.info/image_v2.php?myneta_folder=TamilNadu2026&candidate_id=1439&col=lia
2911,2243,S. Jeyaram,https://www.myneta.info/TamilNadu2026/candidate.php?candidate_id=2243,POLLACHI,IND,0,12th Pass,"Rs 14,90,186 ~ 14 Lacs+","Rs 4,60,000 ~ 4 Lacs+"
2912,2007,S. Joseph,https://www.myneta.info/TamilNadu2026/candidate.php?candidate_id=2007,PERAMBUR,IND,0,Post Graduate,"Rs 46,96,638 ~ 46 Lacs+",Rs 0 ~
2913,1697,S. Karikala Cholan,https://www.myneta.info/TamilNadu2026/candidate.php?candidate_id=1697,THANJAVUR,IND,0,Graduate Professional,https://myneta.info/image_v2.php?myneta_folder=TamilNadu2026&candidate_id=1697&col=ta,https://myneta.info/image_v2.php?myneta_folder=TamilNadu2026&candidate_id=1697&col=lia
2914,655,S. Karthigaiselvan,https://www.myneta.info/TamilNadu2026/candidate.php?candidate_id=655,ATHOOR,BSP,0,Post Graduate,"Rs 31,000 ~ 31 Thou+","Rs 3,43,000 ~ 3 Lacs+"
2915,1668,S. Karthik,https://www.myneta.info/TamilNadu2026/candidate.php?candidate_id=1668,SHOLINGANALLUR,IND,0,12th Pass,"Rs 48,000 ~ 48 Thou+",Rs 0 ~
2916,1436,S. Madhavan,https://www.myneta.info/TamilNadu2026/candidate.php?candidate_id=1436,AMBATTUR,IND,0,Graduate,https://myneta.info/image_v2.php?myneta_folder=TamilNadu2026&candidate_id=1436&col=ta,https://myneta.info/image_v2.php?myneta_folder=TamilNadu2026&candidate_id=1436&col=lia
2917,1974,S. Malathi,https://www.myneta.info/TamilNadu2026/candidate.php?candidate_id=1974,PERAMBUR,Veerath Thiyagi Viswanathadoss Thozhilalarkal Katchi,0,12th Pass,"Rs 10,45,000 ~ 10 Lacs+",Rs 0 ~
2918,3824,S. Mariappan,https://www.myneta.info/TamilNadu2026/candidate.php?candidate_id=3824,SANKARANKOVIL (SC),BSP,0,8th Pass,"Rs 90,000 ~ 90 Thou+",Rs 0 ~
2919,3021,S. Meenakshi Sundaram,https://www.myneta.info/TamilNadu2026/candidate.php?candidate_id=3021,COIMBATORE (NORTH),Tamizhaga Murpokku Makkal Katchi,0,Graduate,https://myneta.info/image_v2.php?myneta_folder=TamilNadu2026&candidate_id=3021&col=ta,https://myneta.info/image_v2.php?myneta_folder=TamilNadu2026&candidate_id=3021&col=lia
2920,2892,S. Meshak,https://www.myneta.info/TamilNadu2026/candidate.php?candidate_id=2892,THIRUPORUR,IND,0,8th Pass,"Rs 69,62,400 ~ 69 Lacs+","Rs 2,43,000 ~ 2 Lacs+"
2921,1997,S. Michael,https://www.myneta.info/TamilNadu2026/candidate.php?candidate_id=1997,PERAMBUR,IND,0,Graduate Professional,"Rs 2,28,000 ~ 2 Lacs+",Rs 0 ~
2922,2666,S. Murali,https://www.myneta.info/TamilNadu2026/candidate.php?candidate_id=2666,KATTUMANNARKOIL (SC),Aanaithinthiya Jananayaka Pathukappu Kazhagam,0,Post Graduate,https://myneta.info/image_v2.php?myneta_folder=TamilNadu2026&candidate_id=2666&col=ta,https://myneta.info/image_v2.php?myneta_folder=TamilNadu2026&candidate_id=2666&col=lia
2923,580,S. Murugaboopathy,https://www.myneta.info/TamilNadu2026/candidate.php?candidate_id=580,RAMANATHAPURAM,CPI(ML)(L),0,Graduate Professional,"Rs 1,21,01,000 ~ 1 Crore+","Rs 14,00,000 ~ 14 Lacs+"
2924,2948,S. Muruganantham,https://www.myneta.info/TamilNadu2026/candidate.php?candidate_id=2948,KADAYANALLUR,IND,0,10th Pass,"Rs 90,90,000 ~ 90 Lacs+",Rs 0 ~
2925,238,S. Muthusamy,https://www.myneta.info/TamilNadu2026/candidate.php?candidate_id=238,ERODE (WEST),DMK,0,Post Graduate,https://myneta.info/image_v2.php?myneta_folder=TamilNadu2026&candidate_id=238&col=ta,https://myneta.info/image_v2.php?myneta_folder=TamilNadu2026&candidate_id=238&col=lia
2926,3833,S. Muthuselvan,https://www.myneta.info/TamilNadu2026/candidate.php?candidate_id=3833,SANKARANKOVIL (SC),IND,2,Graduate Professional,"Rs 24,41,300 ~ 24 Lacs+",Rs 0 ~
2927,1696,S. Muthuvel,https://www.myneta.info/TamilNadu2026/candidate.php?candidate_id=1696,THANJAVUR,Bahujan Dravida Party,0,Graduate Professional,"Rs 58,48,000 ~ 58 Lacs+","Rs 24,00,000 ~ 24 Lacs+"
2928,2408,S. Natarajan,https://www.myneta.info/TamilNadu2026/candidate.php?candidate_id=2408,PAPANASAM,IND,0,12th Pass,https://myneta.info/image_v2.php?myneta_folder=TamilNadu2026&candidate_id=2408&col=ta,https://myneta.info/image_v2.php?myneta_folder=TamilNadu2026&candidate_id=2408&col=lia
2929,3777,S. Niyaz Ahamed,https://www.myneta.info/TamilNadu2026/candidate.php?candidate_id=3777,PUDUKKOTTAI,Tamizhaga Vaazhvurimai Katchi,1,8th Pass,"Rs 5,70,000 ~ 5 Lacs+","Rs 2,00,000 ~ 2 Lacs+"
2930,2187,S. Panneer Selvam,https://www.myneta.info/TamilNadu2026/candidate.php?candidate_id=2187,TIRUCHIRAPPALLI (EAST),IND,1,5th Pass,"Rs 13,85,000 ~ 13 Lacs+",Rs 0 ~
2931,2991,S. Parthiban,https://www.myneta.info/TamilNadu2026/candidate.php?candidate_id=2991,THIRU-VI-KA-NAGAR (SC),IND,0,Graduate,https://myneta.info/image_v2.php?myneta_folder=TamilNadu2026&candidate_id=2991&col=ta,https://myneta.info/image_v2.php?myneta_folder=TamilNadu2026&candidate_id=2991&col=lia
2932,2629,S. Pichamuthu,https://www.myneta.info/TamilNadu2026/candidate.php?candidate_id=2629,EGMORE (SC),IND,0,Graduate Professional,"Rs 2,65,92,966 ~ 2 Crore+",Rs 0 ~
2933,1845,S. Rajendran,https://www.myneta.info/TamilNadu2026/candidate.php?candidate_id=1845,THIRUVALLUR,IND,0,5th Pass,"Rs 13,93,360 ~ 13 Lacs+",Rs 0 ~
2934,2997,S. Rajendran,https://www.myneta.info/TamilNadu2026/candidate.php?candidate_id=2997,THIRU-VI-KA-NAGAR (SC),IND,0,10th Pass,https://myneta.info/image_v2.php?myneta_folder=TamilNadu2026&candidate_id=2997&col=ta,https://myneta.info/image_v2.php?myneta_folder=TamilNadu2026&candidate_id=2997&col=lia
2935,2000,S. Rajesh Kumar,https://www.myneta.info/TamilNadu2026/candidate.php?candidate_id=2000,PERAMBUR,IND,0,Others,"Rs 95,40,123 ~ 95 Lacs+","Rs 5,00,000 ~ 5 Lacs+"
2936,1553,S. Raju,https://www.myneta.info/TamilNadu2026/candidate.php?candidate_id=1553,ROYAPURAM,IND,0,10th Pass,"Rs 2,19,500 ~ 2 Lacs+",Rs 0 ~
2937,3545,S. Raman,https://www.myneta.info/TamilNadu2026/candidate.php?candidate_id=3545,KATPADI,IND,0,Others,https://myneta.info/image_v2.php?myneta_folder=TamilNadu2026&candidate_id=3545&col=ta,https://myneta.info/image_v2.php?myneta_folder=TamilNadu2026&candidate_id=3545&col=lia
2938,3434,S. Ramasamy,https://www.myneta.info/TamilNadu2026/candidate.php?candidate_id=3434,CUDDALORE,All India Puratchi Thalaivar Makkal Munnettra Kazhagam,0,10th Pass,"Rs 40,45,000 ~ 40 Lacs+",Rs 0 ~
2939,1998,S. Ramesh,https://www.myneta.info/TamilNadu2026/candidate.php?candidate_id=1998,PERAMBUR,IND,0,Graduate Professional,"Rs 1,45,000 ~ 1 Lacs+",Rs 0 ~
2940,2075,S. Rangaraj,https://www.myneta.info/TamilNadu2026/candidate.php?candidate_id=2075,COIMBATORE (SOUTH),IND,0,Graduate,https://myneta.info/image_v2.php?myneta_folder=TamilNadu2026&candidate_id=2075&col=ta,https://myneta.info/image_v2.php?myneta_folder=TamilNadu2026&candidate_id=2075&col=lia
2941,8,S. Ravi,https://www.myneta.info/TamilNadu2026/candidate.php?candidate_id=8,ARAKKONAM (SC),AIADMK,3,Graduate Professional,"Rs 1,29,43,861 ~ 1 Crore+","Rs 69,70,202 ~ 69 Lacs+"
2942,3028,S. Sampathkumar,https://www.myneta.info/TamilNadu2026/candidate.php?candidate_id=3028,COIMBATORE (NORTH),IND,0,8th Pass,"Rs 62,62,000 ~ 62 Lacs+","Rs 7,80,000 ~ 7 Lacs+"
2943,501,S. Saravanan,https://www.myneta.info/TamilNadu2026/candidate.php?candidate_id=501,CHENGALPATTU,BSP,0,Post Graduate,https://myneta.info/image_v2.php?myneta_folder=TamilNadu2026&candidate_id=501&col=ta,https://myneta.info/image_v2.php?myneta_folder=TamilNadu2026&candidate_id=501&col=lia
2944,3427,S. Sasikumar,https://www.myneta.info/TamilNadu2026/candidate.php?candidate_id=3427,BARGUR,IND,0,Doctorate,"Rs 13,09,817 ~ 13 Lacs+","Rs 11,13,000 ~ 11 Lacs+"
2945,2665,S. Seenuvasan,https://www.myneta.info/TamilNadu2026/candidate.php?candidate_id=2665,KATTUMANNARKOIL (SC),Tamilaga Vettri Kazhagam,2,8th Pass,"Rs 79,98,391 ~ 79 Lacs+","Rs 16,22,000 ~ 16 Lacs+"
2946,104,S. Selvam,https://www.myneta.info/TamilNadu2026/candidate.php?candidate_id=104,NANGUNERI,Naam Tamilar Katchi,2,Graduate,https://myneta.info/image_v2.php?myneta_folder=TamilNadu2026&candidate_id=104&col=ta,https://myneta.info/image_v2.php?myneta_folder=TamilNadu2026&candidate_id=104&col=lia
2947,598,S. Selvaraj,https://www.myneta.info/TamilNadu2026/candidate.php?candidate_id=598,PUDUKKOTTAI,IND,0,8th Pass,"Rs 50,61,000 ~ 50 Lacs+","Rs 15,57,408 ~ 15 Lacs+"
2948,2990,S. Senthamizhan,https://www.myneta.info/TamilNadu2026/candidate.php?candidate_id=2990,THIRU-VI-KA-NAGAR (SC),IND,0,10th Pass,"Rs 9,76,000 ~ 9 Lacs+",Rs 0 ~
2949,3020,S. Senthilkumar,https://www.myneta.info/TamilNadu2026/candidate.php?candidate_id=3020,COIMBATORE (NORTH),Samaniya Makkal Nala Katchi,0,12th Pass,https://myneta.info/image_v2.php?myneta_folder=TamilNadu2026&candidate_id=3020&col=ta,https://myneta.info/image_v2.php?myneta_folder=TamilNadu2026&candidate_id=3020&col=lia
2950,2819,S. Senthilkumar,https://www.myneta.info/TamilNadu2026/candidate.php?candidate_id=2819,AVADI,IND,0,Graduate Professional,"Rs 54,18,000 ~ 54 Lacs+",Rs 0 ~
2951,2621,S. Sharan,https://www.myneta.info/TamilNadu2026/candidate.php?candidate_id=2621,KOLATHUR,IND,0,Graduate,"Rs 4,06,000 ~ 4 Lacs+",Rs 0 ~
2952,613,S. Shunmuga Sundaram,https://www.myneta.info/TamilNadu2026/candidate.php?candidate_id=613,NANGUNERI,Naam Indiar Party,0,12th Pass,https://myneta.info/image_v2.php?myneta_folder=TamilNadu2026&candidate_id=613&col=ta,https://myneta.info/image_v2.php?myneta_folder=TamilNadu2026&candidate_id=613&col=lia
2953,1971,S. Sureshkumar,https://www.myneta.info/TamilNadu2026/candidate.php?candidate_id=1971,PERAMBUR,Makkalatchi Katchi,1,Graduate Professional,"Rs 59,000 ~ 59 Thou+","Rs 3,10,000 ~ 3 Lacs+"
2954,436,S. Thangapalam,https://www.myneta.info/TamilNadu2026/candidate.php?candidate_id=436,TENKASI,IND,0,Post Graduate,"Rs 94,35,000 ~ 94 Lacs+",Rs 0 ~
2955,61,S. Thirukkumaran,https://www.myneta.info/TamilNadu2026/candidate.php?candidate_id=61,KATPADI,Naam Tamilar Katchi,0,Post Graduate,https://myneta.info/image_v2.php?myneta_folder=TamilNadu2026&candidate_id=61&col=ta,https://myneta.info/image_v2.php?myneta_folder=TamilNadu2026&candidate_id=61&col=lia
2956,2575,S. Thiyagarajan,https://www.myneta.info/TamilNadu2026/candidate.php?candidate_id=2575,CHENGALPATTU,Tamilaga Vettri Kazhagam,0,Graduate Professional,"Rs 81,48,036 ~ 81 Lacs+","Rs 2,90,000 ~ 2 Lacs+"
2957,125,S. Vetri Thamizhan,https://www.myneta.info/TamilNadu2026/candidate.php?candidate_id=125,PERAMBUR,Naam Tamilar Katchi,0,Post Graduate,"Rs 13,30,000 ~ 13 Lacs+",Rs 0 ~
2958,2410,S. Vijayakumar,https://www.myneta.info/TamilNadu2026/candidate.php?candidate_id=2410,THIRUVAIYARU,Anna Puratchi Thalaivar Amma Dravida Munnetra Kazhagam,0,10th Pass,https://myneta.info/image_v2.php?myneta_folder=TamilNadu2026&candidate_id=2410&col=ta,https://myneta.info/image_v2.php?myneta_folder=TamilNadu2026&candidate_id=2410&col=lia
2959,2632,S. Vinoth Kumar,https://www.myneta.info/TamilNadu2026/candidate.php?candidate_id=2632,EGMORE (SC),IND,0,Post Graduate,"Rs 1,81,500 ~ 1 Lacs+",Rs 0 ~
2960,2004,S. Vishnu Varthan,https://www.myneta.info/TamilNadu2026/candidate.php?candidate_id=2004,PERAMBUR,IND,0,Graduate,"Rs 33,00,000 ~ 33 Lacs+",Rs 0 ~
2961,878,S.Abdul Rahiman,https://www.myneta.info/TamilNadu2026/candidate.php?candidate_id=878,METTUPALAYAM,Veerath Thiyagi Viswanathadoss Thozhilalarkal Katchi,0,Others,https://myneta.info/image_v2.php?myneta_folder=TamilNadu2026&candidate_id=878&col=ta,https://myneta.info/image_v2.php?myneta_folder=TamilNadu2026&candidate_id=878&col=lia
2962,1355,S.Amulu Ponmalar,https://www.myneta.info/TamilNadu2026/candidate.php?candidate_id=1355,MADURANTAKAM (SC),DMK,0,8th Pass,"Rs 8,47,95,000 ~ 8 Crore+","Rs 3,55,85,812 ~ 3 Crore+"
2963,2541,S.Anandhakumar,https://www.myneta.info/TamilNadu2026/candidate.php?candidate_id=2541,TIRUPPUR (NORTH),IND,0,12th Pass,"Rs 2,78,68,698 ~ 2 Crore+","Rs 1,84,98,937 ~ 1 Crore+"
2964,2562,S.Appu,https://www.myneta.info/TamilNadu2026/candidate.php?candidate_id=2562,VELLORE,All India Jananayaka Makkal Kazhagam,0,Graduate Professional,https://myneta.info/image_v2.php?myneta_folder=TamilNadu2026&candidate_id=2562&col=ta,https://myneta.info/image_v2.php?myneta_folder=TamilNadu2026&candidate_id=2562&col=lia
2965,488,S.Arulraj,https://www.myneta.info/TamilNadu2026/candidate.php?candidate_id=488,SANKARANKOVIL (SC),IND,0,Literate,"Rs 50,000 ~ 50 Thou+",Rs 0 ~
2966,2532,S.Arumugam,https://www.myneta.info/TamilNadu2026/candidate.php?candidate_id=2532,PALLADAM,IND,0,Graduate,"Rs 3,37,037 ~ 3 Lacs+",Rs 0 ~
2967,3897,S.Balasubramanian,https://www.myneta.info/TamilNadu2026/candidate.php?candidate_id=3897,TAMBARAM,IND,0,10th Pass,https://myneta.info/image_v2.php?myneta_folder=TamilNadu2026&candidate_id=3897&col=ta,https://myneta.info/image_v2.php?myneta_folder=TamilNadu2026&candidate_id=3897&col=lia
2968,1182,S.Balu,https://www.myneta.info/TamilNadu2026/candidate.php?candidate_id=1182,KUMARAPALAYAM,DMK,3,10th Pass,"Rs 61,70,12,802 ~ 61 Crore+","Rs 8,16,78,000 ~ 8 Crore+"
2969,3962,S.Balusamy,https://www.myneta.info/TamilNadu2026/candidate.php?candidate_id=3962,TIRUVADANAI,Puthiya Tamilagam,0,10th Pass,"Rs 33,44,000 ~ 33 Lacs+","Rs 7,00,000 ~ 7 Lacs+"
2970,537,S.Boopathi,https://www.myneta.info/TamilNadu2026/candidate.php?candidate_id=537,MELUR,IND,0,Graduate,https://myneta.info/image_v2.php?myneta_folder=TamilNadu2026&candidate_id=537&col=ta,https://myneta.info/image_v2.php?myneta_folder=TamilNadu2026&candidate_id=537&col=lia
2971,2580,S.Delhi Babu,https://www.myneta.info/TamilNadu2026/candidate.php?candidate_id=2580,CHENGALPATTU,IND,0,Post Graduate,"Rs 2,72,100 ~ 2 Lacs+",Rs 0 ~
2972,2529,S.Dharmaraj,https://www.myneta.info/TamilNadu2026/candidate.php?candidate_id=2529,PALLADAM,Tamilaga Makkal Nala Katchi,0,5th Pass,Rs 500 ~ 5 Hund+,Rs 0 ~
2973,3377,S.Dhayalan,https://www.myneta.info/TamilNadu2026/candidate.php?candidate_id=3377,ANNA NAGAR,Thamizhaga Munnetra Congress,0,8th Pass,https://myneta.info/image_v2.php?myneta_folder=TamilNadu2026&candidate_id=3377&col=ta,https://myneta.info/image_v2.php?myneta_folder=TamilNadu2026&candidate_id=3377&col=lia
2974,2016,S.Emmanuvel,https://www.myneta.info/TamilNadu2026/candidate.php?candidate_id=2016,DR.RADHAKRISHNAN NAGAR,IND,0,10th Pass,"Rs 26,00,800 ~ 26 Lacs+",Rs 0 ~
2975,2557,S.Giridhara Prasad,https://www.myneta.info/TamilNadu2026/candidate.php?candidate_id=2557,VELLORE,Party for the Rights of Other backward Classes,0,Graduate Professional,"Rs 49,40,000 ~ 49 Lacs+","Rs 14,56,603 ~ 14 Lacs+"
2976,1143,S.Gokula Indira,https://www.myneta.info/TamilNadu2026/candidate.php?candidate_id=1143,ANNA NAGAR,AIADMK,3,Post Graduate,https://myneta.info/image_v2.php?myneta_folder=TamilNadu2026&candidate_id=1143&col=ta,https://myneta.info/image_v2.php?myneta_folder=TamilNadu2026&candidate_id=1143&col=lia
2977,95,S.Gopalakrishnan,https://www.myneta.info/TamilNadu2026/candidate.php?candidate_id=95,METTUPALAYAM,Naam Tamilar Katchi,0,Others,"Rs 2,50,91,151 ~ 2 Crore+","Rs 20,19,000 ~ 20 Lacs+"
2978,1669,S.Govindhan,https://www.myneta.info/TamilNadu2026/candidate.php?candidate_id=1669,SHOLINGANALLUR,IND,0,Graduate,"Rs 8,19,358 ~ 8 Lacs+",Rs 0 ~
2979,3350,S.Ilayaraja,https://www.myneta.info/TamilNadu2026/candidate.php?candidate_id=3350,SHOLINGHUR,IND,0,Graduate,https://myneta.info/image_v2.php?myneta_folder=TamilNadu2026&candidate_id=3350&col=ta,https://myneta.info/image_v2.php?myneta_folder=TamilNadu2026&candidate_id=3350&col=lia
2980,428,S.Imrankhan,https://www.myneta.info/TamilNadu2026/candidate.php?candidate_id=428,KULITHALAI,IND,0,Graduate Professional,"Rs 46,17,820 ~ 46 Lacs+","Rs 8,05,000 ~ 8 Lacs+"
2981,1560,S.Iruthyaraj,https://www.myneta.info/TamilNadu2026/candidate.php?candidate_id=1560,MADURAI SOUTH,Tamizhaga Vaazhvurimai Katchi,0,8th Pass,"Rs 53,56,971 ~ 53 Lacs+","Rs 10,10,000 ~ 10 Lacs+"
2982,993,S.Jayaprakash,https://www.myneta.info/TamilNadu2026/candidate.php?candidate_id=993,RANIPET,IND,0,8th Pass,https://myneta.info/image_v2.php?myneta_folder=TamilNadu2026&candidate_id=993&col=ta,https://myneta.info/image_v2.php?myneta_folder=TamilNadu2026&candidate_id=993&col=lia
2983,3894,S.Karthik,https://www.myneta.info/TamilNadu2026/candidate.php?candidate_id=3894,TAMBARAM,IND,0,12th Pass,"Rs 26,000 ~ 26 Thou+",Rs 0 ~
2984,748,S.Karunakaran,https://www.myneta.info/TamilNadu2026/candidate.php?candidate_id=748,KULITHALAI,AIADMK,6,Others,"Rs 24,60,38,291 ~ 24 Crore+","Rs 6,39,47,575 ~ 6 Crore+"
2985,2265,S.Karuppaiah,https://www.myneta.info/TamilNadu2026/candidate.php?candidate_id=2265,NILAKKOTTAI (SC),IND,0,Graduate Professional,https://myneta.info/image_v2.php?myneta_folder=TamilNadu2026&candidate_id=2265&col=ta,https://myneta.info/image_v2.php?myneta_folder=TamilNadu2026&candidate_id=2265&col=lia
2986,2651,S.Kavitha,https://www.myneta.info/TamilNadu2026/candidate.php?candidate_id=2651,METTUPALAYAM,IND,0,10th Pass,"Rs 93,43,847 ~ 93 Lacs+","Rs 26,75,000 ~ 26 Lacs+"
2987,740,S.Kirthika,https://www.myneta.info/TamilNadu2026/candidate.php?candidate_id=740,MODAKKURICHI,BJP,0,Post Graduate,"Rs 60,39,66,095 ~ 60 Crore+","Rs 2,98,79,080 ~ 2 Crore+"
2988,3470,S.Lakshmanathan,https://www.myneta.info/TamilNadu2026/candidate.php?candidate_id=3470,ERODE (EAST),IND,0,Post Graduate,https://myneta.info/image_v2.php?myneta_folder=TamilNadu2026&candidate_id=3470&col=ta,https://myneta.info/image_v2.php?myneta_folder=TamilNadu2026&candidate_id=3470&col=lia
2989,136,S.M. Muthu Kesavan,https://www.myneta.info/TamilNadu2026/candidate.php?candidate_id=136,RAMANATHAPURAM,Naam Tamilar Katchi,0,Graduate,"Rs 1,72,40,000 ~ 1 Crore+",Rs 0 ~
2990,2556,S.M.Irshad,https://www.myneta.info/TamilNadu2026/candidate.php?candidate_id=2556,VELLORE,Tamizhaga Vaazhvurimai Katchi,0,8th Pass,"Rs 51,62,250 ~ 51 Lacs+",Rs 0 ~
2991,843,S.M.Nasar,https://www.myneta.info/TamilNadu2026/candidate.php?candidate_id=843,AVADI,DMK,0,10th Pass,https://myneta.info/image_v2.php?myneta_folder=TamilNadu2026&candidate_id=843&col=ta,https://myneta.info/image_v2.php?myneta_folder=TamilNadu2026&candidate_id=843&col=lia
2992,989,S.M.Sukumar,https://www.myneta.info/TamilNadu2026/candidate.php?candidate_id=989,ARCOT,AIADMK,1,10th Pass,"Rs 47,20,78,509 ~ 47 Crore+",Rs 0 ~
2993,2563,S.Madhan Kumar,https://www.myneta.info/TamilNadu2026/candidate.php?candidate_id=2563,VELLORE,IND,0,Others,"Rs 1,17,500 ~ 1 Lacs+","Rs 2,61,094 ~ 2 Lacs+"
2994,3904,S.Manogaran,https://www.myneta.info/TamilNadu2026/candidate.php?candidate_id=3904,TENKASI,Kamarajar Deseeya Congress,0,Literate,https://myneta.info/image_v2.php?myneta_folder=TamilNadu2026&candidate_id=3904&col=ta,https://myneta.info/image_v2.php?myneta_folder=TamilNadu2026&candidate_id=3904&col=lia
2995,3730,S.Mariyappan,https://www.myneta.info/TamilNadu2026/candidate.php?candidate_id=3730,NANGUNERI,IND,0,Post Graduate,"Rs 14,36,392 ~ 14 Lacs+",Rs 0 ~
2996,991,S.Munisamy,https://www.myneta.info/TamilNadu2026/candidate.php?candidate_id=991,RANIPET,Anti Corruption Dynamic Party,0,Graduate,"Rs 21,22,692 ~ 21 Lacs+",Rs 0 ~
2997,1101,S.Nagajothi,https://www.myneta.info/TamilNadu2026/candidate.php?candidate_id=1101,NILAKKOTTAI (SC),DMK,0,Graduate,https://myneta.info/image_v2.php?myneta_folder=TamilNadu2026&candidate_id=1101&col=ta,https://myneta.info/image_v2.php?myneta_folder=TamilNadu2026&candidate_id=1101&col=lia
2998,3365,S.P.Shanmugam,https://www.myneta.info/TamilNadu2026/candidate.php?candidate_id=3365,ARCOT,Aanaithinthiya Jananayaka Pathukappu Kazhagam,0,Graduate,"Rs 68,03,840 ~ 68 Lacs+","Rs 2,07,000 ~ 2 Lacs+"
2999,1272,S.P.Velumani,https://www.myneta.info/TamilNadu2026/candidate.php?candidate_id=1272,THONDAMUTHUR,AIADMK,12,Post Graduate,"Rs 13,10,67,042 ~ 13 Crore+","Rs 19,20,14,754 ~ 19 Crore+"
3000,2680,S.Palaniswamy,https://www.myneta.info/TamilNadu2026/candidate.php?candidate_id=2680,BHAVANISAGAR (SC),IND,0,10th Pass,https://myneta.info/image_v2.php?myneta_folder=TamilNadu2026&candidate_id=2680&col=ta,https://myneta.info/image_v2.php?myneta_folder=TamilNadu2026&candidate_id=2680&col=lia
3001,939,S.Pandi,https://www.myneta.info/TamilNadu2026/candidate.php?candidate_id=939,MUDUKULATHUR,AIADMK,0,8th Pass,"Rs 31,66,06,324 ~ 31 Crore+",Rs 0 ~
3002,3893,S.Parthiban,https://www.myneta.info/TamilNadu2026/candidate.php?candidate_id=3893,TAMBARAM,Democratic National Allegiance,0,8th Pass,"Rs 7,72,500 ~ 7 Lacs+","Rs 8,91,653 ~ 8 Lacs+"
3003,1416,S.Prabakaran,https://www.myneta.info/TamilNadu2026/candidate.php?candidate_id=1416,THIRUVIDAIMARUDUR (SC),Tamilaga Vettri Kazhagam,4,10th Pass,https://myneta.info/image_v2.php?myneta_folder=TamilNadu2026&candidate_id=1416&col=ta,https://myneta.info/image_v2.php?myneta_folder=TamilNadu2026&candidate_id=1416&col=lia
3004,2348,S.Prem,https://www.myneta.info/TamilNadu2026/candidate.php?candidate_id=2348,NAGAPATTINAM,IND,0,10th Pass,"Rs 5,29,309 ~ 5 Lacs+","Rs 1,44,255 ~ 1 Lacs+"
3005,2902,S.Punniyakotti,https://www.myneta.info/TamilNadu2026/candidate.php?candidate_id=2902,MADURANTAKAM (SC),Tamizhaga Vaazhvurimai Katchi,0,5th Pass,"Rs 3,45,640 ~ 3 Lacs+","Rs 65,000 ~ 65 Thou+"
3006,1661,S.Pushna Kumar,https://www.myneta.info/TamilNadu2026/candidate.php?candidate_id=1661,SHOLINGANALLUR,BSP,0,8th Pass,https://myneta.info/image_v2.php?myneta_folder=TamilNadu2026&candidate_id=1661&col=ta,https://myneta.info/image_v2.php?myneta_folder=TamilNadu2026&candidate_id=1661&col=lia
3007,3333,S.Rahamathulla,https://www.myneta.info/TamilNadu2026/candidate.php?candidate_id=3333,PALLAVARAM,Tamizhaga Vaazhvurimai Katchi,1,Others,"Rs 23,06,500 ~ 23 Lacs+",Rs 0 ~
3008,831,S.Rajagopal,https://www.myneta.info/TamilNadu2026/candidate.php?candidate_id=831,AMBASAMUDRAM,Tamilaga Vettri Kazhagam,1,Others,"Rs 2,70,31,209 ~ 2 Crore+",Rs 0 ~
3009,687,S.Rajamohan,https://www.myneta.info/TamilNadu2026/candidate.php?candidate_id=687,CUDDALORE,IND,0,Post Graduate,https://myneta.info/image_v2.php?myneta_folder=TamilNadu2026&candidate_id=687&col=ta,https://myneta.info/image_v2.php?myneta_folder=TamilNadu2026&candidate_id=687&col=lia
3010,2564,S.Rajkamal,https://www.myneta.info/TamilNadu2026/candidate.php?candidate_id=2564,VELLORE,IND,0,Graduate Professional,"Rs 69,26,527 ~ 69 Lacs+","Rs 88,000 ~ 88 Thou+"
3011,1499,S.Royappan,https://www.myneta.info/TamilNadu2026/candidate.php?candidate_id=1499,ALANDUR,Tamizhaga Vaazhvurimai Katchi,0,Graduate,"Rs 11,00,500 ~ 11 Lacs+",Rs 0 ~
3012,3866,S.S.Sundharam,https://www.myneta.info/TamilNadu2026/candidate.php?candidate_id=3866,SINGANALLUR,Rashtriya Samaj Dal (R),0,5th Pass,https://myneta.info/image_v2.php?myneta_folder=TamilNadu2026&candidate_id=3866&col=ta,https://myneta.info/image_v2.php?myneta_folder=TamilNadu2026&candidate_id=3866&col=lia
3013,32,S.Sarasu,https://www.myneta.info/TamilNadu2026/candidate.php?candidate_id=32,CUDDALORE,Naam Tamilar Katchi,0,Post Graduate,"Rs 1,67,25,000 ~ 1 Crore+","Rs 8,10,000 ~ 8 Lacs+"
3014,1415,S.Saravanan,https://www.myneta.info/TamilNadu2026/candidate.php?candidate_id=1415,ALANDUR,AIADMK,1,8th Pass,"Rs 3,43,69,552 ~ 3 Crore+","Rs 46,00,000 ~ 46 Lacs+"
3015,4131,S.Saravanan,https://www.myneta.info/TamilNadu2026/candidate.php?candidate_id=4131,ALANDUR,IND,0,8th Pass,https://myneta.info/image_v2.php?myneta_folder=TamilNadu2026&candidate_id=4131&col=ta,https://myneta.info/image_v2.php?myneta_folder=TamilNadu2026&candidate_id=4131&col=lia
3016,458,S.Satheesh,https://www.myneta.info/TamilNadu2026/candidate.php?candidate_id=458,SINGANALLUR,IND,0,8th Pass,"Rs 4,68,000 ~ 4 Lacs+","Rs 1,50,029 ~ 1 Lacs+"
3017,3337,S.Sathiyaraj,https://www.myneta.info/TamilNadu2026/candidate.php?candidate_id=3337,PALLAVARAM,IND,0,Graduate,"Rs 20,17,000 ~ 20 Lacs+","Rs 2,58,183 ~ 2 Lacs+"
3018,1336,S.Selva Mohandas Pandian,https://www.myneta.info/TamilNadu2026/candidate.php?candidate_id=1336,TENKASI,AIADMK,4,Others,https://myneta.info/image_v2.php?myneta_folder=TamilNadu2026&candidate_id=1336&col=ta,https://myneta.info/image_v2.php?myneta_folder=TamilNadu2026&candidate_id=1336&col=lia
3019,2574,S.Selvam Alias Chella,https://www.myneta.info/TamilNadu2026/candidate.php?candidate_id=2574,CHENGALPATTU,Tamizhaga Vaazhvurimai Katchi,1,Graduate Professional,"Rs 44,06,947 ~ 44 Lacs+","Rs 32,90,000 ~ 32 Lacs+"
3020,648,S.Selvamoorthy,https://www.myneta.info/TamilNadu2026/candidate.php?candidate_id=648,ANAIKATTU,IND,0,Graduate,"Rs 29,02,000 ~ 29 Lacs+","Rs 7,47,000 ~ 7 Lacs+"
3021,430,S.Senthilkumar,https://www.myneta.info/TamilNadu2026/candidate.php?candidate_id=430,KULITHALAI,IND,0,Graduate Professional,https://myneta.info/image_v2.php?myneta_folder=TamilNadu2026&candidate_id=430&col=ta,https://myneta.info/image_v2.php?myneta_folder=TamilNadu2026&candidate_id=430&col=lia
3022,3348,S.Senthilkumar,https://www.myneta.info/TamilNadu2026/candidate.php?candidate_id=3348,SHOLINGHUR,Vanchit Bahujan Aaghadi,0,12th Pass,"Rs 32,57,000 ~ 32 Lacs+",Rs 0 ~
3023,724,S.Senthilnathan,https://www.myneta.info/TamilNadu2026/candidate.php?candidate_id=724,MODAKKURICHI,DMK,0,Graduate Professional,"Rs 36,79,18,347 ~ 36 Crore+","Rs 3,38,81,427 ~ 3 Crore+"
3024,855,S.Shankar,https://www.myneta.info/TamilNadu2026/candidate.php?candidate_id=855,ANNA NAGAR,Naam Tamilar Katchi,0,Graduate Professional,https://myneta.info/image_v2.php?myneta_folder=TamilNadu2026&candidate_id=855&col=ta,https://myneta.info/image_v2.php?myneta_folder=TamilNadu2026&candidate_id=855&col=lia
3025,3663,S.Sivakumar,https://www.myneta.info/TamilNadu2026/candidate.php?candidate_id=3663,MADHAVARAM,IND,0,Graduate Professional,"Rs 18,46,742 ~ 18 Lacs+",Rs 0 ~
3026,20,S.Soundarya,https://www.myneta.info/TamilNadu2026/candidate.php?candidate_id=20,BHAVANISAGAR (SC),Naam Tamilar Katchi,0,12th Pass,"Rs 7,11,760 ~ 7 Lacs+","Rs 1,35,010 ~ 1 Lacs+"
3027,725,S.Sudharsanam,https://www.myneta.info/TamilNadu2026/candidate.php?candidate_id=725,MADHAVARAM,DMK,0,Post Graduate,https://myneta.info/image_v2.php?myneta_folder=TamilNadu2026&candidate_id=725&col=ta,https://myneta.info/image_v2.php?myneta_folder=TamilNadu2026&candidate_id=725&col=lia
3028,3339,S.Sundaramoorthy Pandiyar,https://www.myneta.info/TamilNadu2026/candidate.php?candidate_id=3339,PALLAVARAM,IND,0,12th Pass,"Rs 11,35,115 ~ 11 Lacs+","Rs 3,01,000 ~ 3 Lacs+"
3029,160,S.Tamilchelvi,https://www.myneta.info/TamilNadu2026/candidate.php?candidate_id=160,TAMBARAM,Naam Tamilar Katchi,0,Doctorate,"Rs 2,85,08,564 ~ 2 Crore+",Rs 0 ~
3030,801,S.Thamarai Kannan,https://www.myneta.info/TamilNadu2026/candidate.php?candidate_id=801,KAVUNDAMPALAYAM,Party for the Rights of Other backward Classes,0,Graduate Professional,https://myneta.info/image_v2.php?myneta_folder=TamilNadu2026&candidate_id=801&col=ta,https://myneta.info/image_v2.php?myneta_folder=TamilNadu2026&candidate_id=801&col=lia
3031,40,S.Thandavamoorthy,https://www.myneta.info/TamilNadu2026/candidate.php?candidate_id=40,ERODE (EAST),Naam Tamilar Katchi,1,Graduate,"Rs 3,29,98,500 ~ 3 Crore+","Rs 29,22,000 ~ 29 Lacs+"
3032,616,S.Thangadurai,https://www.myneta.info/TamilNadu2026/candidate.php?candidate_id=616,PALAYAMKOTTAI,Naam Indiar Party,0,5th Pass,"Rs 3,90,400 ~ 3 Lacs+","Rs 10,000 ~ 10 Thou+"
3033,742,S.Thenmozhi,https://www.myneta.info/TamilNadu2026/candidate.php?candidate_id=742,NILAKKOTTAI (SC),AIADMK,3,12th Pass,https://myneta.info/image_v2.php?myneta_folder=TamilNadu2026&candidate_id=742&col=ta,https://myneta.info/image_v2.php?myneta_folder=TamilNadu2026&candidate_id=742&col=lia
3034,3902,S.Thirumalai Kumar,https://www.myneta.info/TamilNadu2026/candidate.php?candidate_id=3902,TENKASI,Puthiya Tamilagam,2,12th Pass,"Rs 3,62,000 ~ 3 Lacs+","Rs 22,78,041 ~ 22 Lacs+"
3035,111,S.Thirumurugan,https://www.myneta.info/TamilNadu2026/candidate.php?candidate_id=111,ORATHANADU,Naam Tamilar Katchi,0,10th Pass,"Rs 2,13,66,000 ~ 2 Crore+","Rs 85,97,000 ~ 85 Lacs+"
3036,1524,S.Vanmeganadhan,https://www.myneta.info/TamilNadu2026/candidate.php?candidate_id=1524,ALANGUDI,IND,0,12th Pass,https://myneta.info/image_v2.php?myneta_folder=TamilNadu2026&candidate_id=1524&col=ta,https://myneta.info/image_v2.php?myneta_folder=TamilNadu2026&candidate_id=1524&col=lia
3037,1155,S.Velu,https://www.myneta.info/TamilNadu2026/candidate.php?candidate_id=1155,CHENGAM (SC),AIADMK,0,Graduate,"Rs 9,15,59,853 ~ 9 Crore+","Rs 12,78,000 ~ 12 Lacs+"
3038,1905,S.Venkatesan,https://www.myneta.info/TamilNadu2026/candidate.php?candidate_id=1905,YERCAUD (ST),IND,0,Graduate,"Rs 1,74,069 ~ 1 Lacs+",Rs 0 ~
3039,3696,S.Venkateshwaran,https://www.myneta.info/TamilNadu2026/candidate.php?candidate_id=3696,MUSIRI,Anti Corruption Dynamic Party,0,8th Pass,https://myneta.info/image_v2.php?myneta_folder=TamilNadu2026&candidate_id=3696&col=ta,https://myneta.info/image_v2.php?myneta_folder=TamilNadu2026&candidate_id=3696&col=lia
3040,3344,S.Vetri Vel,https://www.myneta.info/TamilNadu2026/candidate.php?candidate_id=3344,PALLAVARAM,IND,0,Others,"Rs 5,06,900 ~ 5 Lacs+","Rs 21,500 ~ 21 Thou+"
3041,265,S.Vijayakumar,https://www.myneta.info/TamilNadu2026/candidate.php?candidate_id=265,GUMMIDIPOONDI,Tamilaga Vettri Kazhagam,0,Graduate Professional,"Rs 3,63,95,500 ~ 3 Crore+","Rs 1,03,00,000 ~ 1 Crore+"
3042,2596,S.Y. Syed Yusuf,https://www.myneta.info/TamilNadu2026/candidate.php?candidate_id=2596,KOLATHUR,Republican Party of India (Athawale),0,Graduate,https://myneta.info/image_v2.php?myneta_folder=TamilNadu2026&candidate_id=2596&col=ta,https://myneta.info/image_v2.php?myneta_folder=TamilNadu2026&candidate_id=2596&col=lia
3043,3008,Saamy. S.K. Dr,https://www.myneta.info/TamilNadu2026/candidate.php?candidate_id=3008,CHEPAUK-THIRUVALLIKENI,IND,3,Doctorate,"Rs 4,82,70,460 ~ 4 Crore+",Rs 0 ~
3044,1206,Saba.Rajendran,https://www.myneta.info/TamilNadu2026/candidate.php?candidate_id=1206,NEYVELI,DMK,0,Graduate Professional,"Rs 14,21,41,844 ~ 14 Crore+","Rs 4,39,67,607 ~ 4 Crore+"
3045,2373,Sabareesan. D,https://www.myneta.info/TamilNadu2026/candidate.php?candidate_id=2373,SALEM (NORTH),IND,0,Graduate,https://myneta.info/image_v2.php?myneta_folder=TamilNadu2026&candidate_id=2373&col=ta,https://myneta.info/image_v2.php?myneta_folder=TamilNadu2026&candidate_id=2373&col=lia
3046,1030,Sabari Iyngaran G.,https://www.myneta.info/TamilNadu2026/candidate.php?candidate_id=1030,PERIYAKULAM (SC),Tamilaga Vettri Kazhagam,0,Post Graduate,"Rs 72,74,620 ~ 72 Lacs+",Rs 0 ~
3047,1361,Sabari Karthikeyan K.V.K.S,https://www.myneta.info/TamilNadu2026/candidate.php?candidate_id=1361,KINATHUKADAVU,DMK,1,Graduate,"Rs 26,24,76,421 ~ 26 Crore+","Rs 5,94,19,007 ~ 5 Crore+"
3048,3988,Sabarinathan.P,https://www.myneta.info/TamilNadu2026/candidate.php?candidate_id=3988,VIRUGAMPAKKAM,IND,0,8th Pass,https://myneta.info/image_v2.php?myneta_folder=TamilNadu2026&candidate_id=3988&col=ta,https://myneta.info/image_v2.php?myneta_folder=TamilNadu2026&candidate_id=3988&col=lia
3049,1330,Sabarinathan.R,https://www.myneta.info/TamilNadu2026/candidate.php?candidate_id=1330,VIRUGAMPAKKAM,Tamilaga Vettri Kazhagam,0,Graduate Professional,"Rs 25,74,053 ~ 25 Lacs+",Rs 0 ~
3050,931,Sabin. S,https://www.myneta.info/TamilNadu2026/candidate.php?candidate_id=931,KILLIYOOR,Tamilaga Vettri Kazhagam,2,10th Pass,"Rs 1,47,61,411 ~ 1 Crore+","Rs 47,30,300 ~ 47 Lacs+"
3051,1229,Sadhasivam. S,https://www.myneta.info/TamilNadu2026/candidate.php?candidate_id=1229,SALEM (NORTH),Pattali Makkal Katchi,7,Post Graduate,https://myneta.info/image_v2.php?myneta_folder=TamilNadu2026&candidate_id=1229&col=ta,https://myneta.info/image_v2.php?myneta_folder=TamilNadu2026&candidate_id=1229&col=lia
3052,1726,Sahayam T.,https://www.myneta.info/TamilNadu2026/candidate.php?candidate_id=1726,THOOTHUKUDI,CPI(ML)(L),0,10th Pass,"Rs 29,14,597 ~ 29 Lacs+","Rs 2,90,000 ~ 2 Lacs+"
3053,2478,Sahul Hameed M,https://www.myneta.info/TamilNadu2026/candidate.php?candidate_id=2478,THIRUVARUR,IND,0,8th Pass,"Rs 8,92,000 ~ 8 Lacs+","Rs 3,00,000 ~ 3 Lacs+"
3054,909,Sakkarapani. R,https://www.myneta.info/TamilNadu2026/candidate.php?candidate_id=909,ODDANCHATRAM,DMK,0,Graduate,https://myneta.info/image_v2.php?myneta_folder=TamilNadu2026&candidate_id=909&col=ta,https://myneta.info/image_v2.php?myneta_folder=TamilNadu2026&candidate_id=909&col=lia
3055,2712,Sakkaravarthy P,https://www.myneta.info/TamilNadu2026/candidate.php?candidate_id=2712,MADURAI CENTRAL,All India Puratchi Thalaivar Makkal Munnettra Kazhagam,0,Graduate,"Rs 2,25,53,153 ~ 2 Crore+",Rs 0 ~
3056,2327,Sakkaravarthy.P,https://www.myneta.info/TamilNadu2026/candidate.php?candidate_id=2327,THIRUMANGALAM,IND,0,Post Graduate,"Rs 90,14,576 ~ 90 Lacs+","Rs 33,75,000 ~ 33 Lacs+"
3057,967,Sakthi.M,https://www.myneta.info/TamilNadu2026/candidate.php?candidate_id=967,SIRKAZHI (SC),AIADMK,1,Post Graduate,https://myneta.info/image_v2.php?myneta_folder=TamilNadu2026&candidate_id=967&col=ta,https://myneta.info/image_v2.php?myneta_folder=TamilNadu2026&candidate_id=967&col=lia
3058,574,Sakthik Kumar,https://www.myneta.info/TamilNadu2026/candidate.php?candidate_id=574,TIRUVADANAI,IND,0,12th Pass,"Rs 6,08,000 ~ 6 Lacs+",Rs 0 ~
3059,2346,Sakthivel,https://www.myneta.info/TamilNadu2026/candidate.php?candidate_id=2346,NAGAPATTINAM,IND,0,5th Pass,"Rs 42,74,565 ~ 42 Lacs+","Rs 1,57,562 ~ 1 Lacs+"
3060,291,Sakthivel A,https://www.myneta.info/TamilNadu2026/candidate.php?candidate_id=291,GINGEE,Thakkam Katchi,0,Post Graduate,https://myneta.info/image_v2.php?myneta_folder=TamilNadu2026&candidate_id=291&col=ta,https://myneta.info/image_v2.php?myneta_folder=TamilNadu2026&candidate_id=291&col=lia
3061,2226,Sakthivel A,https://www.myneta.info/TamilNadu2026/candidate.php?candidate_id=2226,VIKRAVANDI,IND,0,Graduate Professional,"Rs 59,08,619 ~ 59 Lacs+","Rs 1,55,000 ~ 1 Lacs+"
3062,1348,Sakthivel P.,https://www.myneta.info/TamilNadu2026/candidate.php?candidate_id=1348,PERIYAKULAM (SC),Viduthalai Chiruthaigal Katchi,2,Graduate,"Rs 31,86,964 ~ 31 Lacs+","Rs 20,000 ~ 20 Thou+"
3063,1878,Sakthivel R,https://www.myneta.info/TamilNadu2026/candidate.php?candidate_id=1878,ARAVAKURICHI,Viduthalai Kalam Katchi,0,10th Pass,https://myneta.info/image_v2.php?myneta_folder=TamilNadu2026&candidate_id=1878&col=ta,https://myneta.info/image_v2.php?myneta_folder=TamilNadu2026&candidate_id=1878&col=lia
3064,2878,Sakthivel S,https://www.myneta.info/TamilNadu2026/candidate.php?candidate_id=2878,VANUR (SC),Tamizhaga Vaazhvurimai Katchi,0,5th Pass,"Rs 52,75,000 ~ 52 Lacs+","Rs 25,00,000 ~ 25 Lacs+"
3065,2695,Sakthivel. A,https://www.myneta.info/TamilNadu2026/candidate.php?candidate_id=2695,KRISHNARAYAPURAM (SC),IND,0,Graduate Professional,"Rs 34,00,500 ~ 34 Lacs+","Rs 3,41,000 ~ 3 Lacs+"
3066,2126,Sakthivel. D,https://www.myneta.info/TamilNadu2026/candidate.php?candidate_id=2126,SANKARI,IND,0,Graduate Professional,https://myneta.info/image_v2.php?myneta_folder=TamilNadu2026&candidate_id=2126&col=ta,https://myneta.info/image_v2.php?myneta_folder=TamilNadu2026&candidate_id=2126&col=lia
3067,2125,Sakthivel. G,https://www.myneta.info/TamilNadu2026/candidate.php?candidate_id=2125,SANKARI,IND,0,Others,"Rs 87,79,467 ~ 87 Lacs+","Rs 22,36,249 ~ 22 Lacs+"
3068,2772,Sakthivel. M,https://www.myneta.info/TamilNadu2026/candidate.php?candidate_id=2772,VEERAPANDI,Naadaalum Makkal Katchi,0,10th Pass,"Rs 32,68,560 ~ 32 Lacs+","Rs 2,72,442 ~ 2 Lacs+"
3069,557,Sakthivel. M.,https://www.myneta.info/TamilNadu2026/candidate.php?candidate_id=557,PENNAGARAM,IND,1,10th Pass,https://myneta.info/image_v2.php?myneta_folder=TamilNadu2026&candidate_id=557&col=ta,https://myneta.info/image_v2.php?myneta_folder=TamilNadu2026&candidate_id=557&col=lia
3070,404,Sakthivel. S,https://www.myneta.info/TamilNadu2026/candidate.php?candidate_id=404,ARANI,IND,0,10th Pass,"Rs 1,52,500 ~ 1 Lacs+",Rs 0 ~
3071,2161,Sakthivel. S,https://www.myneta.info/TamilNadu2026/candidate.php?candidate_id=2161,TINDIVANAM (SC),Tamilaga Vettri Kazhagam,0,Graduate Professional,"Rs 63,71,441 ~ 63 Lacs+","Rs 10,37,000 ~ 10 Lacs+"
3072,695,Sakthivel. S,https://www.myneta.info/TamilNadu2026/candidate.php?candidate_id=695,EDAPPADI,IND,0,8th Pass,https://myneta.info/image_v2.php?myneta_folder=TamilNadu2026&candidate_id=695&col=ta,https://myneta.info/image_v2.php?myneta_folder=TamilNadu2026&candidate_id=695&col=lia
3073,3475,Sakthivel.G,https://www.myneta.info/TamilNadu2026/candidate.php?candidate_id=3475,GOBICHETTIPALAYAM,IND,0,10th Pass,"Rs 10,80,000 ~ 10 Lacs+","Rs 3,20,000 ~ 3 Lacs+"
3074,1862,Salam .M,https://www.myneta.info/TamilNadu2026/candidate.php?candidate_id=1862,TIRUVANNAMALAI,IND,0,8th Pass,"Rs 10,800 ~ 10 Thou+",Rs 0 ~
3075,1804,Salate Kanagaraj A,https://www.myneta.info/TamilNadu2026/candidate.php?candidate_id=1804,NAGERCOIL,Naam Indiar Party,0,5th Pass,https://myneta.info/image_v2.php?myneta_folder=TamilNadu2026&candidate_id=1804&col=ta,https://myneta.info/image_v2.php?myneta_folder=TamilNadu2026&candidate_id=1804&col=lia
3076,2715,Saleem,https://www.myneta.info/TamilNadu2026/candidate.php?candidate_id=2715,MADURAI CENTRAL,IND,0,12th Pass,"Rs 2,06,90,200 ~ 2 Crore+","Rs 19,91,000 ~ 19 Lacs+"
3077,2127,Salman. E,https://www.myneta.info/TamilNadu2026/candidate.php?candidate_id=2127,SANKARI,IND,0,Others,"Rs 7,72,029 ~ 7 Lacs+","Rs 5,53,000 ~ 5 Lacs+"
3078,3933,Samayan.S,https://www.myneta.info/TamilNadu2026/candidate.php?candidate_id=3933,TIRUCHULI,Tamilaga Vettri Kazhagam,0,5th Pass,https://myneta.info/image_v2.php?myneta_folder=TamilNadu2026&candidate_id=3933&col=ta,https://myneta.info/image_v2.php?myneta_folder=TamilNadu2026&candidate_id=3933&col=lia
3079,3842,Samikkannu M,https://www.myneta.info/TamilNadu2026/candidate.php?candidate_id=3842,SANKARAPURAM,IND,0,10th Pass,"Rs 2,34,000 ~ 2 Lacs+",Rs 0 ~
3080,3637,Saminathan. C,https://www.myneta.info/TamilNadu2026/candidate.php?candidate_id=3637,KUNNAM,IND,0,Illiterate,"Rs 10,65,000 ~ 10 Lacs+",Rs 0 ~
3081,915,Saminathan. T,https://www.myneta.info/TamilNadu2026/candidate.php?candidate_id=915,VEDASANDUR,DMK,1,Graduate,https://myneta.info/image_v2.php?myneta_folder=TamilNadu2026&candidate_id=915&col=ta,https://myneta.info/image_v2.php?myneta_folder=TamilNadu2026&candidate_id=915&col=lia
3082,945,Sampangi.S.R,https://www.myneta.info/TamilNadu2026/candidate.php?candidate_id=945,VEPPANAHALLI,Tamilaga Vettri Kazhagam,0,10th Pass,"Rs 18,63,15,935 ~ 18 Crore+","Rs 6,74,03,916 ~ 6 Crore+"
3083,2522,Sampath,https://www.myneta.info/TamilNadu2026/candidate.php?candidate_id=2522,TIRUCHIRAPPALLI (WEST),IND,0,10th Pass,"Rs 13,61,095 ~ 13 Lacs+","Rs 2,87,937 ~ 2 Lacs+"
3084,3503,Sampath. C,https://www.myneta.info/TamilNadu2026/candidate.php?candidate_id=3503,HARUR (SC),IND,0,Illiterate,https://myneta.info/image_v2.php?myneta_folder=TamilNadu2026&candidate_id=3503&col=ta,https://myneta.info/image_v2.php?myneta_folder=TamilNadu2026&candidate_id=3503&col=lia
3085,3502,Sampath. K,https://www.myneta.info/TamilNadu2026/candidate.php?candidate_id=3502,HARUR (SC),IND,0,Illiterate,"Rs 6,00,000 ~ 6 Lacs+",Rs 0 ~
3086,3156,Sampath. L,https://www.myneta.info/TamilNadu2026/candidate.php?candidate_id=3156,MAYILADUTHURAI,IND,0,12th Pass,"Rs 37,00,000 ~ 37 Lacs+",Rs 0 ~
3087,4078,Sampath. S,https://www.myneta.info/TamilNadu2026/candidate.php?candidate_id=4078,KARUR,IND,0,Graduate Professional,https://myneta.info/image_v2.php?myneta_folder=TamilNadu2026&candidate_id=4078&col=ta,https://myneta.info/image_v2.php?myneta_folder=TamilNadu2026&candidate_id=4078&col=lia
3088,1162,Sampathkumar. V,https://www.myneta.info/TamilNadu2026/candidate.php?candidate_id=1162,HARUR (SC),AIADMK,2,Graduate Professional,"Rs 81,09,134 ~ 81 Lacs+","Rs 25,15,440 ~ 25 Lacs+"
3089,3568,Sampathraj.M,https://www.myneta.info/TamilNadu2026/candidate.php?candidate_id=3568,KILPENNATHUR,IND,0,Graduate,"Rs 11,95,869 ~ 11 Lacs+","Rs 5,50,000 ~ 5 Lacs+"
3090,1730,Samuel J.,https://www.myneta.info/TamilNadu2026/candidate.php?candidate_id=1730,THOOTHUKUDI,IND,0,10th Pass,https://myneta.info/image_v2.php?myneta_folder=TamilNadu2026&candidate_id=1730&col=ta,https://myneta.info/image_v2.php?myneta_folder=TamilNadu2026&candidate_id=1730&col=lia
3091,3294,Samuel Raj,https://www.myneta.info/TamilNadu2026/candidate.php?candidate_id=3294,RAJAPALAYAM,IND,0,12th Pass,"Rs 15,14,000 ~ 15 Lacs+",Rs 0 ~
3092,1233,Sangai. Ganesan,https://www.myneta.info/TamilNadu2026/candidate.php?candidate_id=1233,SANKARANKOVIL (SC),INC,1,Post Graduate,"Rs 2,18,36,460 ~ 2 Crore+","Rs 31,80,000 ~ 31 Lacs+"
3093,639,Sanjay Gandhi. V,https://www.myneta.info/TamilNadu2026/candidate.php?candidate_id=639,ARUPPUKOTTAI,Desa Makkal Munnetrak Kazhagam,0,8th Pass,https://myneta.info/image_v2.php?myneta_folder=TamilNadu2026&candidate_id=639&col=ta,https://myneta.info/image_v2.php?myneta_folder=TamilNadu2026&candidate_id=639&col=lia
3094,3487,Sankar A,https://www.myneta.info/TamilNadu2026/candidate.php?candidate_id=3487,HARBOUR,IND,0,Graduate Professional,"Rs 6,20,000 ~ 6 Lacs+",Rs 0 ~
3095,1079,Sankar K.,https://www.myneta.info/TamilNadu2026/candidate.php?candidate_id=1079,UDUMALAIPETTAI,Tamilaga Vettri Kazhagam,0,Literate,"Rs 39,19,077 ~ 39 Lacs+","Rs 7,02,901 ~ 7 Lacs+"
3096,2972,Sankar M.,https://www.myneta.info/TamilNadu2026/candidate.php?candidate_id=2972,JAYANKONDAM,Rashtriya Samaj Dal (R),0,5th Pass,https://myneta.info/image_v2.php?myneta_folder=TamilNadu2026&candidate_id=2972&col=ta,https://myneta.info/image_v2.php?myneta_folder=TamilNadu2026&candidate_id=2972&col=lia
3097,2915,Sankar R,https://www.myneta.info/TamilNadu2026/candidate.php?candidate_id=2915,RISHIVANDIYAM,Tamizhaga Vaazhvurimai Katchi,0,Illiterate,"Rs 8,50,000 ~ 8 Lacs+",Rs 0 ~
3098,2909,Sankar S,https://www.myneta.info/TamilNadu2026/candidate.php?candidate_id=2909,ULUNDURPETTAI,IND,0,Illiterate,"Rs 27,500 ~ 27 Thou+",Rs 0 ~
3099,3511,Sankar T.K,https://www.myneta.info/TamilNadu2026/candidate.php?candidate_id=3511,JOLARPET,Tamizhaga Vaazhvurimai Katchi,0,8th Pass,https://myneta.info/image_v2.php?myneta_folder=TamilNadu2026&candidate_id=3511&col=ta,https://myneta.info/image_v2.php?myneta_folder=TamilNadu2026&candidate_id=3511&col=lia
3100,2482,Sankar. R,https://www.myneta.info/TamilNadu2026/candidate.php?candidate_id=2482,NANNILAM,IND,0,5th Pass,"Rs 31,70,000 ~ 31 Lacs+","Rs 15,78,010 ~ 15 Lacs+"
3101,4045,Sankar. S,https://www.myneta.info/TamilNadu2026/candidate.php?candidate_id=4045,TIRUPATTUR,IND,0,Graduate,"Rs 7,06,436 ~ 7 Lacs+",Rs 0 ~
3102,378,Sankar.E,https://www.myneta.info/TamilNadu2026/candidate.php?candidate_id=378,VIRUGAMPAKKAM,IND,0,10th Pass,https://myneta.info/image_v2.php?myneta_folder=TamilNadu2026&candidate_id=378&col=ta,https://myneta.info/image_v2.php?myneta_folder=TamilNadu2026&candidate_id=378&col=lia
3103,115,Sankara Narayanan Alias Saran,https://www.myneta.info/TamilNadu2026/candidate.php?candidate_id=115,PALAYAMKOTTAI,Naam Tamilar Katchi,0,Post Graduate,"Rs 4,48,74,667 ~ 4 Crore+","Rs 34,00,000 ~ 34 Lacs+"
3104,2667,Sankarkumar .S,https://www.myneta.info/TamilNadu2026/candidate.php?candidate_id=2667,KATTUMANNARKOIL (SC),IND,0,12th Pass,"Rs 5,93,500 ~ 5 Lacs+",Rs 0 ~
3105,650,Sankarkumar.K.A,https://www.myneta.info/TamilNadu2026/candidate.php?candidate_id=650,ANTHIYUR,IND,0,Post Graduate,https://myneta.info/image_v2.php?myneta_folder=TamilNadu2026&candidate_id=650&col=ta,https://myneta.info/image_v2.php?myneta_folder=TamilNadu2026&candidate_id=650&col=lia
3106,2227,Sanmugam B,https://www.myneta.info/TamilNadu2026/candidate.php?candidate_id=2227,VIKRAVANDI,IND,0,Graduate Professional,"Rs 20,000 ~ 20 Thou+",Rs 0 ~
3107,1493,Sanmugavel K.,https://www.myneta.info/TamilNadu2026/candidate.php?candidate_id=1493,PERIYAKULAM (SC),IND,0,5th Pass,"Rs 1,75,000 ~ 1 Lacs+",Rs 0 ~
3108,774,Sanniyasi N,https://www.myneta.info/TamilNadu2026/candidate.php?candidate_id=774,SANKARAPURAM,Veerath Thiyagi Viswanathadoss Thozhilalarkal Katchi,0,10th Pass,https://myneta.info/image_v2.php?myneta_folder=TamilNadu2026&candidate_id=774&col=ta,https://myneta.info/image_v2.php?myneta_folder=TamilNadu2026&candidate_id=774&col=lia
3109,385,Santhakumaran. A,https://www.myneta.info/TamilNadu2026/candidate.php?candidate_id=385,KALASAPAKKAM,IND,0,Graduate Professional,"Rs 10,80,000 ~ 10 Lacs+",Rs 0 ~
3110,2752,Santhalingam. C,https://www.myneta.info/TamilNadu2026/candidate.php?candidate_id=2752,OMALUR,IND,0,Graduate Professional,"Rs 15,37,556 ~ 15 Lacs+","Rs 1,85,000 ~ 1 Lacs+"
3111,3186,Santhanam,https://www.myneta.info/TamilNadu2026/candidate.php?candidate_id=3186,SIVAGANGA,IND,0,8th Pass,https://myneta.info/image_v2.php?myneta_folder=TamilNadu2026&candidate_id=3186&col=ta,https://myneta.info/image_v2.php?myneta_folder=TamilNadu2026&candidate_id=3186&col=lia
3112,3353,Santhanam.R,https://www.myneta.info/TamilNadu2026/candidate.php?candidate_id=3353,SHOLINGHUR,IND,0,5th Pass,"Rs 4,92,000 ~ 4 Lacs+",Rs 0 ~
3113,226,Santhosh,https://www.myneta.info/TamilNadu2026/candidate.php?candidate_id=226,VIRUGAMPAKKAM,Naam Tamilar Katchi,2,12th Pass,"Rs 45,94,721 ~ 45 Lacs+","Rs 10,89,921 ~ 10 Lacs+"
3114,1470,Santhosh Kumar R,https://www.myneta.info/TamilNadu2026/candidate.php?candidate_id=1470,VIRUDHUNAGAR,IND,0,Graduate,https://myneta.info/image_v2.php?myneta_folder=TamilNadu2026&candidate_id=1470&col=ta,https://myneta.info/image_v2.php?myneta_folder=TamilNadu2026&candidate_id=1470&col=lia
3115,391,Santhosh. S,https://www.myneta.info/TamilNadu2026/candidate.php?candidate_id=391,PERUNDURAI,IND,4,10th Pass,"Rs 2,13,000 ~ 2 Lacs+",Rs 0 ~
3116,1648,Santhosh. S,https://www.myneta.info/TamilNadu2026/candidate.php?candidate_id=1648,SALEM (SOUTH),IND,0,10th Pass,"Rs 1,67,000 ~ 1 Lacs+",Rs 0 ~
3117,343,Santhoshkumar.E,https://www.myneta.info/TamilNadu2026/candidate.php?candidate_id=343,KILPENNATHUR,IND,0,10th Pass,https://myneta.info/image_v2.php?myneta_folder=TamilNadu2026&candidate_id=343&col=ta,https://myneta.info/image_v2.php?myneta_folder=TamilNadu2026&candidate_id=343&col=lia
3118,2802,Santhoshkumar.J,https://www.myneta.info/TamilNadu2026/candidate.php?candidate_id=2802,PONNERI (SC),BSP,0,Post Graduate,"Rs 32,95,000 ~ 32 Lacs+",Rs 0 ~
3119,4017,Sarabeshwar Sisu. P,https://www.myneta.info/TamilNadu2026/candidate.php?candidate_id=4017,VELACHERY,IND,0,Graduate Professional,"Rs 10,000 ~ 10 Thou+",Rs 0 ~
3120,39,Saranya Imran,https://www.myneta.info/TamilNadu2026/candidate.php?candidate_id=39,EGMORE (SC),Naam Tamilar Katchi,0,Graduate,https://myneta.info/image_v2.php?myneta_folder=TamilNadu2026&candidate_id=39&col=ta,https://myneta.info/image_v2.php?myneta_folder=TamilNadu2026&candidate_id=39&col=lia
3121,817,Saranya. A,https://www.myneta.info/TamilNadu2026/candidate.php?candidate_id=817,KUNNAM,AIADMK,0,Post Graduate,"Rs 3,43,06,184 ~ 3 Crore+","Rs 76,00,864 ~ 76 Lacs+"
3122,3095,Saranya. M,https://www.myneta.info/TamilNadu2026/candidate.php?candidate_id=3095,DINDIGUL,IND,0,Post Graduate,"Rs 1,85,27,561 ~ 1 Crore+","Rs 13,90,310 ~ 13 Lacs+"
3123,3895,Sarathkumar. R,https://www.myneta.info/TamilNadu2026/candidate.php?candidate_id=3895,TAMBARAM,IND,0,Graduate,https://myneta.info/image_v2.php?myneta_folder=TamilNadu2026&candidate_id=3895&col=ta,https://myneta.info/image_v2.php?myneta_folder=TamilNadu2026&candidate_id=3895&col=lia
3124,2764,Saravanakumar. M,https://www.myneta.info/TamilNadu2026/candidate.php?candidate_id=2764,METTUR,IND,0,12th Pass,"Rs 30,000 ~ 30 Thou+",Rs 0 ~
3125,1957,Saravanakumar. S,https://www.myneta.info/TamilNadu2026/candidate.php?candidate_id=1957,MANACHANALLUR,IND,0,10th Pass,"Rs 10,31,197 ~ 10 Lacs+",Rs 0 ~
3126,1302,Saravanakumar. T,https://www.myneta.info/TamilNadu2026/candidate.php?candidate_id=1302,USILAMPATTI,INC,0,Graduate Professional,https://myneta.info/image_v2.php?myneta_folder=TamilNadu2026&candidate_id=1302&col=ta,https://myneta.info/image_v2.php?myneta_folder=TamilNadu2026&candidate_id=1302&col=lia
3127,1778,Saravanakumar.V,https://www.myneta.info/TamilNadu2026/candidate.php?candidate_id=1778,BODINAYAKKANUR,IND,0,10th Pass,"Rs 33,225 ~ 33 Thou+",Rs 0 ~
3128,357,Saravanan,https://www.myneta.info/TamilNadu2026/candidate.php?candidate_id=357,KUMARAPALAYAM,IND,0,5th Pass,"Rs 12,00,000 ~ 12 Lacs+",Rs 0 ~
3129,3432,Saravanan . J,https://www.myneta.info/TamilNadu2026/candidate.php?candidate_id=3432,BHUVANAGIRI,IND,0,Others,https://myneta.info/image_v2.php?myneta_folder=TamilNadu2026&candidate_id=3432&col=ta,https://myneta.info/image_v2.php?myneta_folder=TamilNadu2026&candidate_id=3432&col=lia
3130,3546,Saravanan .D,https://www.myneta.info/TamilNadu2026/candidate.php?candidate_id=3546,KATPADI,IND,0,12th Pass,"Rs 1,76,73,000 ~ 1 Crore+","Rs 28,00,000 ~ 28 Lacs+"
3131,2832,Saravanan Kumar,https://www.myneta.info/TamilNadu2026/candidate.php?candidate_id=2832,MADHURAVOYAL,IND,0,Doctorate,"Rs 3,45,47,400 ~ 3 Crore+",Rs 0 ~
3132,2791,Saravanan S.R.,https://www.myneta.info/TamilNadu2026/candidate.php?candidate_id=2791,CUMBUM,IND,0,12th Pass,https://myneta.info/image_v2.php?myneta_folder=TamilNadu2026&candidate_id=2791&col=ta,https://myneta.info/image_v2.php?myneta_folder=TamilNadu2026&candidate_id=2791&col=lia
3133,3439,Saravanan. A.,https://www.myneta.info/TamilNadu2026/candidate.php?candidate_id=3439,DHARMAPURI,Aanaithinthiya Jananayaka Pathukappu Kazhagam,1,Graduate,"Rs 3,65,38,795 ~ 3 Crore+","Rs 18,26,846 ~ 18 Lacs+"
3134,3293,Saravanan. G,https://www.myneta.info/TamilNadu2026/candidate.php?candidate_id=3293,RAJAPALAYAM,IND,0,Doctorate,"Rs 84,000 ~ 84 Thou+",Rs 0 ~
3135,1251,Saravanan. G,https://www.myneta.info/TamilNadu2026/candidate.php?candidate_id=1251,SRIVAIKUNTAM,Tamilaga Vettri Kazhagam,1,8th Pass,https://myneta.info/image_v2.php?myneta_folder=TamilNadu2026&candidate_id=1251&col=ta,https://myneta.info/image_v2.php?myneta_folder=TamilNadu2026&candidate_id=1251&col=lia
3136,3447,Saravanan. G.,https://www.myneta.info/TamilNadu2026/candidate.php?candidate_id=3447,DHARMAPURI,IND,1,8th Pass,"Rs 11,51,000 ~ 11 Lacs+","Rs 7,12,000 ~ 7 Lacs+"
3137,3531,Saravanan. K,https://www.myneta.info/TamilNadu2026/candidate.php?candidate_id=3531,KALASAPAKKAM,IND,0,10th Pass,"Rs 41,50,844 ~ 41 Lacs+",Rs 0 ~
3138,959,Saravanan. K,https://www.myneta.info/TamilNadu2026/candidate.php?candidate_id=959,MAYILADUTHURAI,Tamizhaga Vaazhvurimai Katchi,1,Graduate,https://myneta.info/image_v2.php?myneta_folder=TamilNadu2026&candidate_id=959&col=ta,https://myneta.info/image_v2.php?myneta_folder=TamilNadu2026&candidate_id=959&col=lia
3139,1832,Saravanan. M,https://www.myneta.info/TamilNadu2026/candidate.php?candidate_id=1832,POLUR,IND,0,Graduate,"Rs 4,30,000 ~ 4 Lacs+","Rs 45,000 ~ 45 Thou+"
3140,3136,Saravanan. M,https://www.myneta.info/TamilNadu2026/candidate.php?candidate_id=3136,COLACHAL,IND,0,10th Pass,"Rs 20,20,000 ~ 20 Lacs+","Rs 16,00,000 ~ 16 Lacs+"
3141,3855,Saravanan. P,https://www.myneta.info/TamilNadu2026/candidate.php?candidate_id=3855,SATTUR,IND,0,Graduate,https://myneta.info/image_v2.php?myneta_folder=TamilNadu2026&candidate_id=3855&col=ta,https://myneta.info/image_v2.php?myneta_folder=TamilNadu2026&candidate_id=3855&col=lia
3142,1831,Saravanan. P,https://www.myneta.info/TamilNadu2026/candidate.php?candidate_id=1831,POLUR,IND,0,8th Pass,"Rs 9,20,000 ~ 9 Lacs+",Rs 0 ~
3143,1220,Saravanan. P,https://www.myneta.info/TamilNadu2026/candidate.php?candidate_id=1220,POLUR,Desiya Murpokku Dravida Kazhagam,1,Post Graduate,"Rs 1,98,70,958 ~ 1 Crore+","Rs 19,94,707 ~ 19 Lacs+"
3144,1366,Saravanan. P.S.T,https://www.myneta.info/TamilNadu2026/candidate.php?candidate_id=1366,KALASAPAKKAM,DMK,0,Post Graduate,https://myneta.info/image_v2.php?myneta_folder=TamilNadu2026&candidate_id=1366&col=ta,https://myneta.info/image_v2.php?myneta_folder=TamilNadu2026&candidate_id=1366&col=lia
3145,4079,Saravanan. R,https://www.myneta.info/TamilNadu2026/candidate.php?candidate_id=4079,KARUR,IND,0,Graduate Professional,"Rs 45,95,500 ~ 45 Lacs+",Rs 0 ~
3146,3410,Saravanan. S,https://www.myneta.info/TamilNadu2026/candidate.php?candidate_id=3410,ARANI,IND,0,Others,"Rs 3,11,000 ~ 3 Lacs+",Rs 0 ~
3147,3522,Saravanan. V,https://www.myneta.info/TamilNadu2026/candidate.php?candidate_id=3522,KALASAPAKKAM,Tamizhaga Vaazhvurimai Katchi,0,10th Pass,https://myneta.info/image_v2.php?myneta_folder=TamilNadu2026&candidate_id=3522&col=ta,https://myneta.info/image_v2.php?myneta_folder=TamilNadu2026&candidate_id=3522&col=lia
3148,812,Saravanan. V,https://www.myneta.info/TamilNadu2026/candidate.php?candidate_id=812,KRISHNARAYAPURAM (SC),Tamizhaga Vaazhvurimai Katchi,0,Others,"Rs 1,04,30,000 ~ 1 Crore+","Rs 4,50,000 ~ 4 Lacs+"
3149,810,Saravanan.S,https://www.myneta.info/TamilNadu2026/candidate.php?candidate_id=810,KOVILPATTI,Thamizh Perarasu Katchi,1,Post Graduate,"Rs 2,56,29,680 ~ 2 Crore+","Rs 8,85,000 ~ 8 Lacs+"
3150,2112,Saravanasundaram S,https://www.myneta.info/TamilNadu2026/candidate.php?candidate_id=2112,TIRUCHENGODU,IND,0,Graduate,https://myneta.info/image_v2.php?myneta_folder=TamilNadu2026&candidate_id=2112&col=ta,https://myneta.info/image_v2.php?myneta_folder=TamilNadu2026&candidate_id=2112&col=lia
3151,1605,Sarphudin,https://www.myneta.info/TamilNadu2026/candidate.php?candidate_id=1605,MANAPPARAI,IND,0,Literate,"Rs 1,01,000 ~ 1 Lacs+",Rs 0 ~
3152,3865,Sarveswaran,https://www.myneta.info/TamilNadu2026/candidate.php?candidate_id=3865,SINGANALLUR,Party for the Rights of Other backward Classes,0,Graduate,"Rs 17,12,01,203 ~ 17 Crore+",Rs 0 ~
3153,478,Sasi Reka Y,https://www.myneta.info/TamilNadu2026/candidate.php?candidate_id=478,JOLARPET,Makkal Arasial Katchi,0,10th Pass,https://myneta.info/image_v2.php?myneta_folder=TamilNadu2026&candidate_id=478&col=ta,https://myneta.info/image_v2.php?myneta_folder=TamilNadu2026&candidate_id=478&col=lia
3154,312,Sasi Reka. Y,https://www.myneta.info/TamilNadu2026/candidate.php?candidate_id=312,AMBUR,Makkal Arasial Katchi,0,10th Pass,"Rs 25,000 ~ 25 Thou+",Rs 0 ~
3155,137,Sasikala S,https://www.myneta.info/TamilNadu2026/candidate.php?candidate_id=137,RASIPURAM(SC),Naam Tamilar Katchi,0,Graduate,"Rs 26,52,500 ~ 26 Lacs+","Rs 3,92,000 ~ 3 Lacs+"
3156,2910,Sasikumar N,https://www.myneta.info/TamilNadu2026/candidate.php?candidate_id=2910,ULUNDURPETTAI,IND,0,Graduate,https://myneta.info/image_v2.php?myneta_folder=TamilNadu2026&candidate_id=2910&col=ta,https://myneta.info/image_v2.php?myneta_folder=TamilNadu2026&candidate_id=2910&col=lia
3157,3176,Sasikumar P,https://www.myneta.info/TamilNadu2026/candidate.php?candidate_id=3176,GANDARVAKOTTAI (SC),IND,0,Graduate Professional,"Rs 23,50,000 ~ 23 Lacs+","Rs 7,38,763 ~ 7 Lacs+"
3158,2696,Sasikumar. M,https://www.myneta.info/TamilNadu2026/candidate.php?candidate_id=2696,KRISHNARAYAPURAM (SC),IND,0,Post Graduate,"Rs 1,05,69,699 ~ 1 Crore+","Rs 1,60,000 ~ 1 Lacs+"
3159,1519,Sasikumar.P,https://www.myneta.info/TamilNadu2026/candidate.php?candidate_id=1519,ALANGUDI,IND,0,Graduate Professional,https://myneta.info/image_v2.php?myneta_folder=TamilNadu2026&candidate_id=1519&col=ta,https://myneta.info/image_v2.php?myneta_folder=TamilNadu2026&candidate_id=1519&col=lia
3160,3567,Sasikumar.S,https://www.myneta.info/TamilNadu2026/candidate.php?candidate_id=3567,KILPENNATHUR,IND,0,12th Pass,"Rs 12,31,000 ~ 12 Lacs+",Rs 0 ~
3161,51,Sasirekha K,https://www.myneta.info/TamilNadu2026/candidate.php?candidate_id=51,JOLARPET,Naam Tamilar Katchi,0,Graduate Professional,"Rs 70,06,828 ~ 70 Lacs+","Rs 24,11,000 ~ 24 Lacs+"
3162,2449,Sasirekha. M,https://www.myneta.info/TamilNadu2026/candidate.php?candidate_id=2449,THIRUVOTTIYUR,Veerath Thiyagi Viswanathadoss Thozhilalarkal Katchi,0,10th Pass,https://myneta.info/image_v2.php?myneta_folder=TamilNadu2026&candidate_id=2449&col=ta,https://myneta.info/image_v2.php?myneta_folder=TamilNadu2026&candidate_id=2449&col=lia
3163,3738,Satham Usain M,https://www.myneta.info/TamilNadu2026/candidate.php?candidate_id=3738,NATHAM,IND,0,12th Pass,"Rs 13,00,883 ~ 13 Lacs+","Rs 20,17,661 ~ 20 Lacs+"
3164,3558,Satheesh. S,https://www.myneta.info/TamilNadu2026/candidate.php?candidate_id=3558,KILLIYOOR,IND,0,5th Pass,"Rs 18,46,900 ~ 18 Lacs+","Rs 18,000 ~ 18 Thou+"
3165,2662,Satheeshkumar .M,https://www.myneta.info/TamilNadu2026/candidate.php?candidate_id=2662,KATTUMANNARKOIL (SC),BSP,0,Graduate Professional,https://myneta.info/image_v2.php?myneta_folder=TamilNadu2026&candidate_id=2662&col=ta,https://myneta.info/image_v2.php?myneta_folder=TamilNadu2026&candidate_id=2662&col=lia
3166,2111,Satheeskumar P,https://www.myneta.info/TamilNadu2026/candidate.php?candidate_id=2111,TIRUCHENGODU,IND,0,Graduate,"Rs 1,25,52,613 ~ 1 Crore+",Rs 0 ~
3167,1956,Satheeskumar. K,https://www.myneta.info/TamilNadu2026/candidate.php?candidate_id=1956,MANACHANALLUR,IND,0,Post Graduate,"Rs 14,90,000 ~ 14 Lacs+",Rs 0 ~
3168,2989,Sathish,https://www.myneta.info/TamilNadu2026/candidate.php?candidate_id=2989,THIRU-VI-KA-NAGAR (SC),IND,0,Graduate,https://myneta.info/image_v2.php?myneta_folder=TamilNadu2026&candidate_id=2989&col=ta,https://myneta.info/image_v2.php?myneta_folder=TamilNadu2026&candidate_id=2989&col=lia
3169,3916,Sathish Kumar B,https://www.myneta.info/TamilNadu2026/candidate.php?candidate_id=3916,THIYAGARAYANAGAR,IND,0,10th Pass,"Rs 6,50,000 ~ 6 Lacs+",Rs 0 ~
3170,4076,Sathish Kumar. S,https://www.myneta.info/TamilNadu2026/candidate.php?candidate_id=4076,KARUR,IND,0,Graduate Professional,"Rs 34,88,423 ~ 34 Lacs+","Rs 9,97,216 ~ 9 Lacs+"
3171,884,Sathish Raju Alias K.P.R. Sathish,https://www.myneta.info/TamilNadu2026/candidate.php?candidate_id=884,THONDAMUTHUR,Tamilaga Vettri Kazhagam,0,Post Graduate,https://myneta.info/image_v2.php?myneta_folder=TamilNadu2026&candidate_id=884&col=ta,https://myneta.info/image_v2.php?myneta_folder=TamilNadu2026&candidate_id=884&col=lia
3172,3242,Sathish. A,https://www.myneta.info/TamilNadu2026/candidate.php?candidate_id=3242,KILVAITHINANKUPPAM (SC),IND,0,Graduate,"Rs 32,000 ~ 32 Thou+",Rs 0 ~
3173,4077,Sathish. P,https://www.myneta.info/TamilNadu2026/candidate.php?candidate_id=4077,KARUR,IND,0,Graduate Professional,"Rs 52,47,800 ~ 52 Lacs+",Rs 0 ~
3174,1920,Sathish. S,https://www.myneta.info/TamilNadu2026/candidate.php?candidate_id=1920,PAPPIREDDIPATTI,IND,0,Post Graduate,https://myneta.info/image_v2.php?myneta_folder=TamilNadu2026&candidate_id=1920&col=ta,https://myneta.info/image_v2.php?myneta_folder=TamilNadu2026&candidate_id=1920&col=lia
3175,1986,Sathish.B,https://www.myneta.info/TamilNadu2026/candidate.php?candidate_id=1986,PERAMBUR,IND,0,Others,"Rs 50,35,000 ~ 50 Lacs+","Rs 24,67,000 ~ 24 Lacs+"
3176,2387,Sathish.T,https://www.myneta.info/TamilNadu2026/candidate.php?candidate_id=2387,MANAMADURAI (SC),IND,0,Graduate Professional,"Rs 8,77,965 ~ 8 Lacs+",Rs 0 ~
3177,2358,Sathishkumar.M,https://www.myneta.info/TamilNadu2026/candidate.php?candidate_id=2358,THIRUMAYAM,IND,1,Others,https://myneta.info/image_v2.php?myneta_folder=TamilNadu2026&candidate_id=2358&col=ta,https://myneta.info/image_v2.php?myneta_folder=TamilNadu2026&candidate_id=2358&col=lia
3178,947,Sathishkumar.N,https://www.myneta.info/TamilNadu2026/candidate.php?candidate_id=947,THIRUMANGALAM,Tamilaga Vettri Kazhagam,1,12th Pass,"Rs 1,26,55,000 ~ 1 Crore+","Rs 30,87,627 ~ 30 Lacs+"
3179,73,Sathiya. V,https://www.myneta.info/TamilNadu2026/candidate.php?candidate_id=73,KRISHNARAYAPURAM (SC),Naam Tamilar Katchi,0,Post Graduate,"Rs 3,31,500 ~ 3 Lacs+","Rs 1,55,431 ~ 1 Lacs+"
3180,372,Sathiya.B,https://www.myneta.info/TamilNadu2026/candidate.php?candidate_id=372,VRIDHACHALAM,Anna Makkal Katchi,0,Graduate,https://myneta.info/image_v2.php?myneta_folder=TamilNadu2026&candidate_id=372&col=ta,https://myneta.info/image_v2.php?myneta_folder=TamilNadu2026&candidate_id=372&col=lia
3181,3687,Sathiyam C.Saravanan,https://www.myneta.info/TamilNadu2026/candidate.php?candidate_id=3687,MUDUKULATHUR,IND,0,Post Graduate,"Rs 1,49,82,527 ~ 1 Crore+",Rs 0 ~
3182,474,Sathiyamoorthy. S,https://www.myneta.info/TamilNadu2026/candidate.php?candidate_id=474,TIRUPATTUR,Makkal Nala Kazhagam,0,Post Graduate,"Rs 1,72,39,143 ~ 1 Crore+",Rs 0 ~
3183,1270,Sathiyanarayanan B,https://www.myneta.info/TamilNadu2026/candidate.php?candidate_id=1270,THIYAGARAYANAGAR,AIADMK,8,Graduate,https://myneta.info/image_v2.php?myneta_folder=TamilNadu2026&candidate_id=1270&col=ta,https://myneta.info/image_v2.php?myneta_folder=TamilNadu2026&candidate_id=1270&col=lia
3184,663,Sathiyarasu. R,https://www.myneta.info/TamilNadu2026/candidate.php?candidate_id=663,AVANASHI (SC),IND,0,5th Pass,"Rs 2,09,000 ~ 2 Lacs+","Rs 1,10,000 ~ 1 Lacs+"
3185,1769,Sathiyaseelan. M,https://www.myneta.info/TamilNadu2026/candidate.php?candidate_id=1769,VEDHARANYAM,IND,0,10th Pass,"Rs 24,23,078 ~ 24 Lacs+","Rs 10,90,448 ~ 10 Lacs+"
3186,3061,Sathiyaseelan.M,https://www.myneta.info/TamilNadu2026/candidate.php?candidate_id=3061,NEYVELI,IND,0,Post Graduate,https://myneta.info/image_v2.php?myneta_folder=TamilNadu2026&candidate_id=3061&col=ta,https://myneta.info/image_v2.php?myneta_folder=TamilNadu2026&candidate_id=3061&col=lia
3187,3051,Sathya M,https://www.myneta.info/TamilNadu2026/candidate.php?candidate_id=3051,TITTAKUDI (SC),Aanaithinthiya Jananayaka Pathukappu Kazhagam,0,Graduate,"Rs 14,48,000 ~ 14 Lacs+",Rs 0 ~
3188,176,Sathya. B,https://www.myneta.info/TamilNadu2026/candidate.php?candidate_id=176,THIRUVOTTIYUR,Naam Tamilar Katchi,0,10th Pass,"Rs 1,70,88,300 ~ 1 Crore+","Rs 41,01,300 ~ 41 Lacs+"
3189,192,Sathya. B.,https://www.myneta.info/TamilNadu2026/candidate.php?candidate_id=192,TIRUNELVELI,Naam Tamilar Katchi,4,Graduate,https://myneta.info/image_v2.php?myneta_folder=TamilNadu2026&candidate_id=192&col=ta,https://myneta.info/image_v2.php?myneta_folder=TamilNadu2026&candidate_id=192&col=lia
3190,2690,Sathya. M,https://www.myneta.info/TamilNadu2026/candidate.php?candidate_id=2690,KRISHNARAYAPURAM (SC),Tamilaga Vettri Kazhagam,0,Post Graduate,"Rs 11,85,000 ~ 11 Lacs+","Rs 3,00,000 ~ 3 Lacs+"
3191,3521,Sathya. V,https://www.myneta.info/TamilNadu2026/candidate.php?candidate_id=3521,KALASAPAKKAM,Naadaalum Makkal Katchi,0,8th Pass,"Rs 2,00,000 ~ 2 Lacs+",Rs 0 ~
3192,864,Sathya.A,https://www.myneta.info/TamilNadu2026/candidate.php?candidate_id=864,THOUSAND LIGHTS,IND,0,12th Pass,https://myneta.info/image_v2.php?myneta_folder=TamilNadu2026&candidate_id=864&col=ta,https://myneta.info/image_v2.php?myneta_folder=TamilNadu2026&candidate_id=864&col=lia
3193,941,Sathya.S.A.,https://www.myneta.info/TamilNadu2026/candidate.php?candidate_id=941,HOSUR,DMK,0,10th Pass,"Rs 13,56,34,943 ~ 13 Crore+","Rs 2,01,52,941 ~ 2 Crore+"
3194,1117,Sathyabama.P,https://www.myneta.info/TamilNadu2026/candidate.php?candidate_id=1117,DHARAPURAM (SC),AIADMK,2,10th Pass,"Rs 12,18,90,523 ~ 12 Crore+","Rs 1,48,50,368 ~ 1 Crore+"
3195,166,Sathyadevi. T.,https://www.myneta.info/TamilNadu2026/candidate.php?candidate_id=166,THIRUPARANKUNDRAM,Naam Tamilar Katchi,0,Doctorate,https://myneta.info/image_v2.php?myneta_folder=TamilNadu2026&candidate_id=166&col=ta,https://myneta.info/image_v2.php?myneta_folder=TamilNadu2026&candidate_id=166&col=lia
3196,224,Sathyalakshmi. K,https://www.myneta.info/TamilNadu2026/candidate.php?candidate_id=224,VIRALIMALAI,Naam Tamilar Katchi,0,Graduate,"Rs 78,55,000 ~ 78 Lacs+","Rs 74,00,000 ~ 74 Lacs+"
3197,2880,Sathyaraman P,https://www.myneta.info/TamilNadu2026/candidate.php?candidate_id=2880,VANUR (SC),IND,1,8th Pass,"Rs 21,27,000 ~ 21 Lacs+",Rs 0 ~
3198,1021,Saveetha.R,https://www.myneta.info/TamilNadu2026/candidate.php?candidate_id=1021,UDHAGAMANDALAM,Tamizhaga Vaazhvurimai Katchi,0,Graduate,https://myneta.info/image_v2.php?myneta_folder=TamilNadu2026&candidate_id=1021&col=ta,https://myneta.info/image_v2.php?myneta_folder=TamilNadu2026&candidate_id=1021&col=lia
3199,2422,Sdk Sankar,https://www.myneta.info/TamilNadu2026/candidate.php?candidate_id=2422,GUMMIDIPOONDI,Aanaithinthiya Jananayaka Pathukappu Kazhagam,1,Graduate Professional,"Rs 2,29,63,574 ~ 2 Crore+","Rs 45,94,640 ~ 45 Lacs+"
3200,420,Seelan,https://www.myneta.info/TamilNadu2026/candidate.php?candidate_id=420,PADMANABHAPURAM,Naam Tamilar Katchi,12,Graduate Professional,"Rs 1,36,93,953 ~ 1 Crore+","Rs 39,41,638 ~ 39 Lacs+"
3201,57,Seeman,https://www.myneta.info/TamilNadu2026/candidate.php?candidate_id=57,KARAIKUDI,Naam Tamilar Katchi,24,Graduate,https://myneta.info/image_v2.php?myneta_folder=TamilNadu2026&candidate_id=57&col=ta,https://myneta.info/image_v2.php?myneta_folder=TamilNadu2026&candidate_id=57&col=lia
3202,1008,Seenivasa Sethupathy. R,https://www.myneta.info/TamilNadu2026/candidate.php?candidate_id=1008,TIRUPPATHUR,Tamilaga Vettri Kazhagam,0,Post Graduate,"Rs 1,90,23,335 ~ 1 Crore+","Rs 1,54,21,182 ~ 1 Crore+"
3203,448,Seenivasan. L,https://www.myneta.info/TamilNadu2026/candidate.php?candidate_id=448,CHEPAUK-THIRUVALLIKENI,IND,0,12th Pass,"Rs 20,36,946 ~ 20 Lacs+","Rs 14,30,000 ~ 14 Lacs+"
3204,3096,Seenivasan. P,https://www.myneta.info/TamilNadu2026/candidate.php?candidate_id=3096,DINDIGUL,IND,0,5th Pass,https://myneta.info/image_v2.php?myneta_folder=TamilNadu2026&candidate_id=3096&col=ta,https://myneta.info/image_v2.php?myneta_folder=TamilNadu2026&candidate_id=3096&col=lia
3205,2943,Seenivasan. S,https://www.myneta.info/TamilNadu2026/candidate.php?candidate_id=2943,KADAYANALLUR,IND,0,12th Pass,"Rs 1,14,27,623 ~ 1 Crore+","Rs 7,00,000 ~ 7 Lacs+"
3206,4083,Seetha Lakshmi. D,https://www.myneta.info/TamilNadu2026/candidate.php?candidate_id=4083,KARUR,IND,0,Graduate Professional,"Rs 17,33,600 ~ 17 Lacs+",Rs 0 ~
3207,53,Seetha Sivanandam. P,https://www.myneta.info/TamilNadu2026/candidate.php?candidate_id=53,KALASAPAKKAM,Naam Tamilar Katchi,0,Post Graduate,https://myneta.info/image_v2.php?myneta_folder=TamilNadu2026&candidate_id=53&col=ta,https://myneta.info/image_v2.php?myneta_folder=TamilNadu2026&candidate_id=53&col=lia
3208,3477,Seetha.R,https://www.myneta.info/TamilNadu2026/candidate.php?candidate_id=3477,GOBICHETTIPALAYAM,IND,0,10th Pass,"Rs 16,55,190 ~ 16 Lacs+",Rs 0 ~
3209,45,Seethalakshmi.M.K,https://www.myneta.info/TamilNadu2026/candidate.php?candidate_id=45,GOBICHETTIPALAYAM,Naam Tamilar Katchi,4,Post Graduate,"Rs 80,38,170 ~ 80 Lacs+","Rs 2,30,000 ~ 2 Lacs+"
3210,1622,Sekar C,https://www.myneta.info/TamilNadu2026/candidate.php?candidate_id=1622,PARAMATHIVELUR,IND,0,5th Pass,https://myneta.info/image_v2.php?myneta_folder=TamilNadu2026&candidate_id=1622&col=ta,https://myneta.info/image_v2.php?myneta_folder=TamilNadu2026&candidate_id=1622&col=lia
3211,1213,Sekar C V,https://www.myneta.info/TamilNadu2026/candidate.php?candidate_id=1213,PATTUKKOTTAI,AIADMK,2,Graduate Professional,"Rs 6,14,51,502 ~ 6 Crore+","Rs 1,19,63,634 ~ 1 Crore+"
3212,2864,Sekar Nayakar I M,https://www.myneta.info/TamilNadu2026/candidate.php?candidate_id=2864,MAILAM,All India Puratchi Thalaivar Makkal Munnettra Kazhagam,3,Graduate,"Rs 46,92,000 ~ 46 Lacs+",Rs 0 ~
3213,1130,Sekar S,https://www.myneta.info/TamilNadu2026/candidate.php?candidate_id=1130,PARAMATHIVELUR,AIADMK,0,Others,https://myneta.info/image_v2.php?myneta_folder=TamilNadu2026&candidate_id=1130&col=ta,https://myneta.info/image_v2.php?myneta_folder=TamilNadu2026&candidate_id=1130&col=lia
3214,1624,Sekar V,https://www.myneta.info/TamilNadu2026/candidate.php?candidate_id=1624,PARAMATHIVELUR,IND,0,Literate,"Rs 20,000 ~ 20 Thou+",Rs 0 ~
3215,3108,Sekar. K,https://www.myneta.info/TamilNadu2026/candidate.php?candidate_id=3108,BHAVANI,BSP,0,5th Pass,"Rs 1,92,100 ~ 1 Lacs+",Rs 0 ~
3216,4041,Sekar. N,https://www.myneta.info/TamilNadu2026/candidate.php?candidate_id=4041,TIRUPATTUR,All India Youth Development Party,0,5th Pass,https://myneta.info/image_v2.php?myneta_folder=TamilNadu2026&candidate_id=4041&col=ta,https://myneta.info/image_v2.php?myneta_folder=TamilNadu2026&candidate_id=4041&col=lia
3217,3583,Sekar.C,https://www.myneta.info/TamilNadu2026/candidate.php?candidate_id=3583,KOVILPATTI,IND,7,10th Pass,"Rs 16,69,053 ~ 16 Lacs+","Rs 8,25,000 ~ 8 Lacs+"
3218,1563,Sellammal. V.M.,https://www.myneta.info/TamilNadu2026/candidate.php?candidate_id=1563,ATTUR (SC),BSP,0,8th Pass,"Rs 19,01,000 ~ 19 Lacs+",Rs 0 ~
3219,1125,Sellur K Raju,https://www.myneta.info/TamilNadu2026/candidate.php?candidate_id=1125,MADURAI WEST,AIADMK,4,Graduate,https://myneta.info/image_v2.php?myneta_folder=TamilNadu2026&candidate_id=1125&col=ta,https://myneta.info/image_v2.php?myneta_folder=TamilNadu2026&candidate_id=1125&col=lia
3220,422,Selva.Nanmaaran,https://www.myneta.info/TamilNadu2026/candidate.php?candidate_id=422,KULITHALAI,Naam Tamilar Katchi,3,Graduate Professional,"Rs 1,77,40,000 ~ 1 Crore+","Rs 48,40,000 ~ 48 Lacs+"
3221,995,Selvabharathi. R.,https://www.myneta.info/TamilNadu2026/candidate.php?candidate_id=995,ATTUR (SC),Tamilaga Vettri Kazhagam,2,Post Graduate,"Rs 41,28,695 ~ 41 Lacs+","Rs 29,85,870 ~ 29 Lacs+"
3222,3097,Selvadhayanithi. M,https://www.myneta.info/TamilNadu2026/candidate.php?candidate_id=3097,DINDIGUL,IND,0,12th Pass,https://myneta.info/image_v2.php?myneta_folder=TamilNadu2026&candidate_id=3097&col=ta,https://myneta.info/image_v2.php?myneta_folder=TamilNadu2026&candidate_id=3097&col=lia
3223,1566,Selvakannan. L.,https://www.myneta.info/TamilNadu2026/candidate.php?candidate_id=1566,ATTUR (SC),IND,0,8th Pass,"Rs 5,16,100 ~ 5 Lacs+",Rs 0 ~
3224,314,Selvakotti. E,https://www.myneta.info/TamilNadu2026/candidate.php?candidate_id=314,ARANI,Veerath Thiyagi Viswanathadoss Thozhilalarkal Katchi,0,5th Pass,"Rs 12,11,000 ~ 12 Lacs+",Rs 0 ~
3225,1204,Selvakumar K,https://www.myneta.info/TamilNadu2026/candidate.php?candidate_id=1204,NATHAM,DMK,9,Graduate Professional,https://myneta.info/image_v2.php?myneta_folder=TamilNadu2026&candidate_id=1204&col=ta,https://myneta.info/image_v2.php?myneta_folder=TamilNadu2026&candidate_id=1204&col=lia
3226,1107,Selvakumar K,https://www.myneta.info/TamilNadu2026/candidate.php?candidate_id=1107,ARAVAKURICHI,AIADMK,7,Graduate,"Rs 4,36,75,245 ~ 4 Crore+","Rs 21,50,000 ~ 21 Lacs+"
3227,2231,Selvakumar S,https://www.myneta.info/TamilNadu2026/candidate.php?candidate_id=2231,VIKRAVANDI,IND,0,Graduate Professional,"Rs 2,24,827 ~ 2 Lacs+",Rs 0 ~
3228,3951,Selvakumar Singh,https://www.myneta.info/TamilNadu2026/candidate.php?candidate_id=3951,TIRUNELVELI,Bahujan Dravida Party,0,Graduate Professional,https://myneta.info/image_v2.php?myneta_folder=TamilNadu2026&candidate_id=3951&col=ta,https://myneta.info/image_v2.php?myneta_folder=TamilNadu2026&candidate_id=3951&col=lia
3229,3295,Selvakumar. A,https://www.myneta.info/TamilNadu2026/candidate.php?candidate_id=3295,RAJAPALAYAM,IND,0,Graduate,"Rs 53,500 ~ 53 Thou+",Rs 0 ~
3230,2699,Selvakumar. S,https://www.myneta.info/TamilNadu2026/candidate.php?candidate_id=2699,KRISHNARAYAPURAM (SC),IND,0,Graduate Professional,"Rs 14,73,917 ~ 14 Lacs+","Rs 1,00,000 ~ 1 Lacs+"
3231,1770,Selvakumar. S,https://www.myneta.info/TamilNadu2026/candidate.php?candidate_id=1770,VEDHARANYAM,IND,0,5th Pass,https://myneta.info/image_v2.php?myneta_folder=TamilNadu2026&candidate_id=1770&col=ta,https://myneta.info/image_v2.php?myneta_folder=TamilNadu2026&candidate_id=1770&col=lia
3232,3479,Selvakumar.R,https://www.myneta.info/TamilNadu2026/candidate.php?candidate_id=3479,GOBICHETTIPALAYAM,IND,0,10th Pass,"Rs 2,70,078 ~ 2 Lacs+",Rs 0 ~
3233,3019,Selvam  Alias Harinarayanan,https://www.myneta.info/TamilNadu2026/candidate.php?candidate_id=3019,CHEPAUK-THIRUVALLIKENI,IND,0,Graduate Professional,"Rs 67,034 ~ 67 Thou+",Rs 0 ~
3234,3018,Selvam  Alias Venkatesh,https://www.myneta.info/TamilNadu2026/candidate.php?candidate_id=3018,CHEPAUK-THIRUVALLIKENI,IND,0,8th Pass,https://myneta.info/image_v2.php?myneta_folder=TamilNadu2026&candidate_id=3018&col=ta,https://myneta.info/image_v2.php?myneta_folder=TamilNadu2026&candidate_id=3018&col=lia
3235,2157,Selvam .G,https://www.myneta.info/TamilNadu2026/candidate.php?candidate_id=2157,THURAIYUR (SC),IND,3,Post Graduate,"Rs 6,92,08,000 ~ 6 Crore+",Rs 0 ~
3236,81,Selvam K,https://www.myneta.info/TamilNadu2026/candidate.php?candidate_id=81,MADURAI EAST,Naam Tamilar Katchi,0,Graduate Professional,"Rs 1,99,42,810 ~ 1 Crore+","Rs 15,85,000 ~ 15 Lacs+"
3237,510,Selvam K,https://www.myneta.info/TamilNadu2026/candidate.php?candidate_id=510,TIRUKKOYILUR,Veerath Thiyagi Viswanathadoss Thozhilalarkal Katchi,0,10th Pass,https://myneta.info/image_v2.php?myneta_folder=TamilNadu2026&candidate_id=510&col=ta,https://myneta.info/image_v2.php?myneta_folder=TamilNadu2026&candidate_id=510&col=lia
3238,1326,Selvam P,https://www.myneta.info/TamilNadu2026/candidate.php?candidate_id=1326,VIRUDHUNAGAR,Tamilaga Vettri Kazhagam,3,Others,"Rs 3,95,41,901 ~ 3 Crore+","Rs 55,000 ~ 55 Thou+"
3239,3002,Selvam. D,https://www.myneta.info/TamilNadu2026/candidate.php?candidate_id=3002,CHEPAUK-THIRUVALLIKENI,Tamilaga Vettri Kazhagam,0,Post Graduate,"Rs 1,68,63,587 ~ 1 Crore+",Rs 0 ~
3240,1197,Selvam. K,https://www.myneta.info/TamilNadu2026/candidate.php?candidate_id=1197,METTUR,Tamilaga Vettri Kazhagam,0,8th Pass,https://myneta.info/image_v2.php?myneta_folder=TamilNadu2026&candidate_id=1197&col=ta,https://myneta.info/image_v2.php?myneta_folder=TamilNadu2026&candidate_id=1197&col=lia
3241,3009,Selvam. K S/O Karuppannan,https://www.myneta.info/TamilNadu2026/candidate.php?candidate_id=3009,CHEPAUK-THIRUVALLIKENI,IND,0,Graduate,"Rs 73,85,000 ~ 73 Lacs+","Rs 25,00,000 ~ 25 Lacs+"
3242,3010,Selvam. K S/O V. Kanniappan,https://www.myneta.info/TamilNadu2026/candidate.php?candidate_id=3010,CHEPAUK-THIRUVALLIKENI,IND,0,Literate,"Rs 35,000 ~ 35 Thou+",Rs 0 ~
3243,3768,Selvam. V.,https://www.myneta.info/TamilNadu2026/candidate.php?candidate_id=3768,PENNAGARAM,IND,1,Illiterate,https://myneta.info/image_v2.php?myneta_folder=TamilNadu2026&candidate_id=3768&col=ta,https://myneta.info/image_v2.php?myneta_folder=TamilNadu2026&candidate_id=3768&col=lia
3244,1215,Selvam. V.,https://www.myneta.info/TamilNadu2026/candidate.php?candidate_id=1215,PENNAGARAM,Pattali Makkal Katchi,0,8th Pass,"Rs 2,25,04,511 ~ 2 Crore+","Rs 11,60,000 ~ 11 Lacs+"
3245,2203,Selvam.R,https://www.myneta.info/TamilNadu2026/candidate.php?candidate_id=2203,SALEM (WEST),IND,0,12th Pass,"Rs 25,000 ~ 25 Thou+",Rs 0 ~
3246,1779,Selvamurugan.P,https://www.myneta.info/TamilNadu2026/candidate.php?candidate_id=1779,BODINAYAKKANUR,IND,0,8th Pass,https://myneta.info/image_v2.php?myneta_folder=TamilNadu2026&candidate_id=1779&col=ta,https://myneta.info/image_v2.php?myneta_folder=TamilNadu2026&candidate_id=1779&col=lia
3247,2048,Selvamuthu. S,https://www.myneta.info/TamilNadu2026/candidate.php?candidate_id=2048,MYLAPORE,IND,1,Others,"Rs 79,01,950 ~ 79 Lacs+","Rs 15,46,232 ~ 15 Lacs+"
3248,3804,Selvan.T,https://www.myneta.info/TamilNadu2026/candidate.php?candidate_id=3804,RADHAPURAM,IND,1,10th Pass,"Rs 1,06,18,786 ~ 1 Crore+","Rs 53,69,000 ~ 53 Lacs+"
3249,3623,Selvaraj,https://www.myneta.info/TamilNadu2026/candidate.php?candidate_id=3623,KUMARAPALAYAM,IND,0,8th Pass,https://myneta.info/image_v2.php?myneta_folder=TamilNadu2026&candidate_id=3623&col=ta,https://myneta.info/image_v2.php?myneta_folder=TamilNadu2026&candidate_id=3623&col=lia
3250,483,Selvaraj .C,https://www.myneta.info/TamilNadu2026/candidate.php?candidate_id=483,VASUDEVANALLUR (SC),IND,0,5th Pass,"Rs 28,30,000 ~ 28 Lacs+",Rs 0 ~
3251,2585,Selvaraj M,https://www.myneta.info/TamilNadu2026/candidate.php?candidate_id=2585,KALLAKURICHI (SC),IND,0,Others,"Rs 14,86,000 ~ 14 Lacs+",Rs 0 ~
3252,2925,Selvaraj P,https://www.myneta.info/TamilNadu2026/candidate.php?candidate_id=2925,RISHIVANDIYAM,IND,0,10th Pass,https://myneta.info/image_v2.php?myneta_folder=TamilNadu2026&candidate_id=2925&col=ta,https://myneta.info/image_v2.php?myneta_folder=TamilNadu2026&candidate_id=2925&col=lia
3253,1494,Selvaraj R.,https://www.myneta.info/TamilNadu2026/candidate.php?candidate_id=1494,PERIYAKULAM (SC),IND,0,5th Pass,"Rs 3,23,500 ~ 3 Lacs+",Rs 0 ~
3254,3995,Selvaraj. A,https://www.myneta.info/TamilNadu2026/candidate.php?candidate_id=3995,VIRALIMALAI,Puthiya Tamilagam,0,Others,"Rs 56,77,652 ~ 56 Lacs+","Rs 20,54,078 ~ 20 Lacs+"
3255,3137,Selvaraj. M,https://www.myneta.info/TamilNadu2026/candidate.php?candidate_id=3137,COLACHAL,IND,0,8th Pass,https://myneta.info/image_v2.php?myneta_folder=TamilNadu2026&candidate_id=3137&col=ta,https://myneta.info/image_v2.php?myneta_folder=TamilNadu2026&candidate_id=3137&col=lia
3256,2275,Selvaraj. V,https://www.myneta.info/TamilNadu2026/candidate.php?candidate_id=2275,VEDASANDUR,IND,4,10th Pass,"Rs 11,00,000 ~ 11 Lacs+",Rs 0 ~
3257,2956,Selvaraj.M,https://www.myneta.info/TamilNadu2026/candidate.php?candidate_id=2956,VANIYAMBADI,IND,0,8th Pass,"Rs 16,92,700 ~ 16 Lacs+",Rs 0 ~
3258,2671,Selvaraju. M,https://www.myneta.info/TamilNadu2026/candidate.php?candidate_id=2671,PERUNDURAI,IND,0,Graduate Professional,https://myneta.info/image_v2.php?myneta_folder=TamilNadu2026&candidate_id=2671&col=ta,https://myneta.info/image_v2.php?myneta_folder=TamilNadu2026&candidate_id=2671&col=lia
3259,2396,Selvarani. S,https://www.myneta.info/TamilNadu2026/candidate.php?candidate_id=2396,THIRUVIDAIMARUDUR (SC),IND,0,8th Pass,"Rs 29,97,992 ~ 29 Lacs+",Rs 0 ~
3260,973,Selvarasu S,https://www.myneta.info/TamilNadu2026/candidate.php?candidate_id=973,PARAMATHIVELUR,Anna Puratchi Thalaivar Amma Dravida Munnetra Kazhagam,0,Literate,"Rs 15,14,000 ~ 15 Lacs+","Rs 2,50,000 ~ 2 Lacs+"
3261,2604,Selvi Steffi. V. M,https://www.myneta.info/TamilNadu2026/candidate.php?candidate_id=2604,KOLATHUR,IND,0,Post Graduate,https://myneta.info/image_v2.php?myneta_folder=TamilNadu2026&candidate_id=2604&col=ta,https://myneta.info/image_v2.php?myneta_folder=TamilNadu2026&candidate_id=2604&col=lia
3262,1792,Selvi. K,https://www.myneta.info/TamilNadu2026/candidate.php?candidate_id=1792,KARAIKUDI,IND,0,8th Pass,"Rs 3,15,500 ~ 3 Lacs+",Rs 0 ~
3263,3296,Selvi. K,https://www.myneta.info/TamilNadu2026/candidate.php?candidate_id=3296,RAJAPALAYAM,IND,0,Post Graduate,"Rs 19,39,074 ~ 19 Lacs+",Rs 0 ~
3264,3396,Selvi.A,https://www.myneta.info/TamilNadu2026/candidate.php?candidate_id=3396,ANTHIYUR,IND,0,8th Pass,https://myneta.info/image_v2.php?myneta_folder=TamilNadu2026&candidate_id=3396&col=ta,https://myneta.info/image_v2.php?myneta_folder=TamilNadu2026&candidate_id=3396&col=lia
3265,2967,Semmalai T,https://www.myneta.info/TamilNadu2026/candidate.php?candidate_id=2967,ARIYALUR,IND,1,10th Pass,"Rs 42,88,000 ~ 42 Lacs+","Rs 7,85,000 ~ 7 Lacs+"
3266,4086,Senbagakumar. L,https://www.myneta.info/TamilNadu2026/candidate.php?candidate_id=4086,KARUR,IND,0,12th Pass,"Rs 7,93,800 ~ 7 Lacs+",Rs 0 ~
3267,481,Sendhil Kumar.G,https://www.myneta.info/TamilNadu2026/candidate.php?candidate_id=481,VANIYAMBADI,AIADMK,4,Post Graduate,https://myneta.info/image_v2.php?myneta_folder=TamilNadu2026&candidate_id=481&col=ta,https://myneta.info/image_v2.php?myneta_folder=TamilNadu2026&candidate_id=481&col=lia
3268,3769,Sendrayan. G.,https://www.myneta.info/TamilNadu2026/candidate.php?candidate_id=3769,PENNAGARAM,IND,0,8th Pass,"Rs 31,20,000 ~ 31 Lacs+",Rs 0 ~
3269,44,Sengottaiyan.K.A,https://www.myneta.info/TamilNadu2026/candidate.php?candidate_id=44,GOBICHETTIPALAYAM,Tamilaga Vettri Kazhagam,3,10th Pass,"Rs 15,72,04,186 ~ 15 Crore+","Rs 59,48,518 ~ 59 Lacs+"
3270,1508,Senkodi Vijayalakshmi,https://www.myneta.info/TamilNadu2026/candidate.php?candidate_id=1508,ALANDUR,IND,0,Post Graduate,https://myneta.info/image_v2.php?myneta_folder=TamilNadu2026&candidate_id=1508&col=ta,https://myneta.info/image_v2.php?myneta_folder=TamilNadu2026&candidate_id=1508&col=lia
3271,3512,Senthamilselvan M,https://www.myneta.info/TamilNadu2026/candidate.php?candidate_id=3512,JOLARPET,Naadaalum Makkal Katchi,0,Graduate,"Rs 6,70,800 ~ 6 Lacs+",Rs 0 ~
3272,3632,Senthamilselvi S,https://www.myneta.info/TamilNadu2026/candidate.php?candidate_id=3632,KUMBAKONAM,IND,0,Graduate,"Rs 61,22,087 ~ 61 Lacs+","Rs 2,82,350 ~ 2 Lacs+"
3273,766,Senthamizhan. G,https://www.myneta.info/TamilNadu2026/candidate.php?candidate_id=766,SAIDAPET,Amma Makkal Munnettra Kazagam,0,Post Graduate,https://myneta.info/image_v2.php?myneta_folder=TamilNadu2026&candidate_id=766&col=ta,https://myneta.info/image_v2.php?myneta_folder=TamilNadu2026&candidate_id=766&col=lia
3274,2924,Senthikumar V N,https://www.myneta.info/TamilNadu2026/candidate.php?candidate_id=2924,RISHIVANDIYAM,IND,0,Graduate,"Rs 11,36,569 ~ 11 Lacs+",Rs 0 ~
3275,1041,Senthil Kumar. N,https://www.myneta.info/TamilNadu2026/candidate.php?candidate_id=1041,THIRUVOTTIYUR,Tamilaga Vettri Kazhagam,0,Graduate Professional,"Rs 1,47,33,313 ~ 1 Crore+","Rs 13,11,935 ~ 13 Lacs+"
3276,928,Senthil P,https://www.myneta.info/TamilNadu2026/candidate.php?candidate_id=928,ULUNDURPETTAI,IND,3,8th Pass,https://myneta.info/image_v2.php?myneta_folder=TamilNadu2026&candidate_id=928&col=ta,https://myneta.info/image_v2.php?myneta_folder=TamilNadu2026&candidate_id=928&col=lia
3277,1175,Senthil Pandian. P,https://www.myneta.info/TamilNadu2026/candidate.php?candidate_id=1175,KILVELUR,Tamilaga Vettri Kazhagam,0,Graduate,"Rs 1,25,45,000 ~ 1 Crore+",Rs 0 ~
3278,2697,Senthil. P.M,https://www.myneta.info/TamilNadu2026/candidate.php?candidate_id=2697,KRISHNARAYAPURAM (SC),IND,0,Graduate Professional,"Rs 15,50,000 ~ 15 Lacs+",Rs 0 ~
3279,3977,Senthilkumar,https://www.myneta.info/TamilNadu2026/candidate.php?candidate_id=3977,VASUDEVANALLUR (SC),IND,0,10th Pass,https://myneta.info/image_v2.php?myneta_folder=TamilNadu2026&candidate_id=3977&col=ta,https://myneta.info/image_v2.php?myneta_folder=TamilNadu2026&candidate_id=3977&col=lia
3280,625,Senthilkumar,https://www.myneta.info/TamilNadu2026/candidate.php?candidate_id=625,MUSIRI,IND,0,5th Pass,"Rs 7,00,000 ~ 7 Lacs+","Rs 2,70,000 ~ 2 Lacs+"
3281,4087,Senthilkumar. G,https://www.myneta.info/TamilNadu2026/candidate.php?candidate_id=4087,KARUR,IND,0,Post Graduate,"Rs 24,48,124 ~ 24 Lacs+","Rs 17,99,205 ~ 17 Lacs+"
3282,553,Senthilkumar. G.,https://www.myneta.info/TamilNadu2026/candidate.php?candidate_id=553,PALACODE,IND,0,Graduate Professional,https://myneta.info/image_v2.php?myneta_folder=TamilNadu2026&candidate_id=553&col=ta,https://myneta.info/image_v2.php?myneta_folder=TamilNadu2026&candidate_id=553&col=lia
3283,1158,Senthilkumar. I.P,https://www.myneta.info/TamilNadu2026/candidate.php?candidate_id=1158,DINDIGUL,DMK,2,Post Graduate,"Rs 18,49,76,113 ~ 18 Crore+","Rs 2,12,54,175 ~ 2 Crore+"
3284,1340,Senthilkumar. K,https://www.myneta.info/TamilNadu2026/candidate.php?candidate_id=1340,SANKARI,Tamilaga Vettri Kazhagam,3,8th Pass,"Rs 8,53,14,925 ~ 8 Crore+","Rs 7,23,20,328 ~ 7 Crore+"
3285,552,Senthilkumar. K,https://www.myneta.info/TamilNadu2026/candidate.php?candidate_id=552,PALACODE,IND,0,Graduate Professional,https://myneta.info/image_v2.php?myneta_folder=TamilNadu2026&candidate_id=552&col=ta,https://myneta.info/image_v2.php?myneta_folder=TamilNadu2026&candidate_id=552&col=lia
3286,2779,Senthilkumar. M,https://www.myneta.info/TamilNadu2026/candidate.php?candidate_id=2779,VEERAPANDI,IND,0,Graduate,"Rs 10,41,000 ~ 10 Lacs+",Rs 0 ~
3287,4088,Senthilkumar. M,https://www.myneta.info/TamilNadu2026/candidate.php?candidate_id=4088,KARUR,IND,0,Graduate Professional,"Rs 15,41,300 ~ 15 Lacs+",Rs 0 ~
3288,2124,Senthilkumar. R.S.,https://www.myneta.info/TamilNadu2026/candidate.php?candidate_id=2124,SANKARI,Tamizhaga Vaazhvurimai Katchi,4,Post Graduate,https://myneta.info/image_v2.php?myneta_folder=TamilNadu2026&candidate_id=2124&col=ta,https://myneta.info/image_v2.php?myneta_folder=TamilNadu2026&candidate_id=2124&col=lia
3289,638,Senthilkumar. S,https://www.myneta.info/TamilNadu2026/candidate.php?candidate_id=638,ARUPPUKOTTAI,IND,0,Graduate,"Rs 60,00,000 ~ 60 Lacs+","Rs 8,500 ~ 8 Thou+"
3290,2813,Senthilkumar. S,https://www.myneta.info/TamilNadu2026/candidate.php?candidate_id=2813,AVADI,Anna Puratchi Thalaivar Amma Dravida Munnetra Kazhagam,0,Others,"Rs 6,39,000 ~ 6 Lacs+",Rs 0 ~
3291,3787,Senthilnathan .B,https://www.myneta.info/TamilNadu2026/candidate.php?candidate_id=3787,PUDUKKOTTAI,IND,0,Graduate Professional,https://myneta.info/image_v2.php?myneta_folder=TamilNadu2026&candidate_id=3787&col=ta,https://myneta.info/image_v2.php?myneta_folder=TamilNadu2026&candidate_id=3787&col=lia
3292,1004,Senthilnathan Pr,https://www.myneta.info/TamilNadu2026/candidate.php?candidate_id=1004,SIVAGANGA,AIADMK,15,Graduate Professional,"Rs 12,83,89,375 ~ 12 Crore+","Rs 6,08,00,929 ~ 6 Crore+"
3293,966,Senthilselvan.R,https://www.myneta.info/TamilNadu2026/candidate.php?candidate_id=966,SIRKAZHI (SC),DMK,0,Post Graduate,"Rs 1,50,82,517 ~ 1 Crore+","Rs 89,45,079 ~ 89 Lacs+"
3294,4031,Sethu. P,https://www.myneta.info/TamilNadu2026/candidate.php?candidate_id=4031,TIRUPPATHUR,IND,0,5th Pass,https://myneta.info/image_v2.php?myneta_folder=TamilNadu2026&candidate_id=4031&col=ta,https://myneta.info/image_v2.php?myneta_folder=TamilNadu2026&candidate_id=4031&col=lia
3295,762,Sethupathy. S,https://www.myneta.info/TamilNadu2026/candidate.php?candidate_id=762,ARUPPUKOTTAI,AIADMK,0,Literate,"Rs 1,76,33,020 ~ 1 Crore+","Rs 22,95,220 ~ 22 Lacs+"
3296,3412,Sethurama Sasthri. G,https://www.myneta.info/TamilNadu2026/candidate.php?candidate_id=3412,ARANI,IND,0,10th Pass,"Rs 33,10,000 ~ 33 Lacs+",Rs 0 ~
3297,3939,Sethuramalingam.S,https://www.myneta.info/TamilNadu2026/candidate.php?candidate_id=3939,TIRUCHULI,IND,0,10th Pass,https://myneta.info/image_v2.php?myneta_folder=TamilNadu2026&candidate_id=3939&col=ta,https://myneta.info/image_v2.php?myneta_folder=TamilNadu2026&candidate_id=3939&col=lia
3298,2312,Sethuraman. A.,https://www.myneta.info/TamilNadu2026/candidate.php?candidate_id=2312,THIRUPARANKUNDRAM,Puthiya Tamilagam,1,Others,"Rs 32,76,100 ~ 32 Lacs+","Rs 7,01,000 ~ 7 Lacs+"
3299,2218,Settu C,https://www.myneta.info/TamilNadu2026/candidate.php?candidate_id=2218,VIKRAVANDI,Tamizhaga Vaazhvurimai Katchi,0,8th Pass,"Rs 73,66,785 ~ 73 Lacs+","Rs 3,44,02,972 ~ 3 Crore+"
3300,2122,Settumuthu. V,https://www.myneta.info/TamilNadu2026/candidate.php?candidate_id=2122,SANKARI,BSP,0,Graduate Professional,https://myneta.info/image_v2.php?myneta_folder=TamilNadu2026&candidate_id=2122&col=ta,https://myneta.info/image_v2.php?myneta_folder=TamilNadu2026&candidate_id=2122&col=lia
3301,2916,Sevvantha G K,https://www.myneta.info/TamilNadu2026/candidate.php?candidate_id=2916,RISHIVANDIYAM,Anna Makkal Katchi,0,10th Pass,"Rs 53,17,700 ~ 53 Lacs+",Rs 0 ~
3302,2926,Sezhiyan K,https://www.myneta.info/TamilNadu2026/candidate.php?candidate_id=2926,RISHIVANDIYAM,IND,1,10th Pass,"Rs 37,38,500 ~ 37 Lacs+","Rs 5,10,000 ~ 5 Lacs+"
3303,2935,Shahin Fathima. A,https://www.myneta.info/TamilNadu2026/candidate.php?candidate_id=2935,KADAYANALLUR,Tamizhaga Vaazhvurimai Katchi,0,Graduate,https://myneta.info/image_v2.php?myneta_folder=TamilNadu2026&candidate_id=2935&col=ta,https://myneta.info/image_v2.php?myneta_folder=TamilNadu2026&candidate_id=2935&col=lia
3304,3906,Shahul Hameed,https://www.myneta.info/TamilNadu2026/candidate.php?candidate_id=3906,TENKASI,IND,0,10th Pass,"Rs 67,200 ~ 67 Thou+","Rs 29,320 ~ 29 Thou+"
3305,984,Shahul Hameed,https://www.myneta.info/TamilNadu2026/candidate.php?candidate_id=984,RAMANATHAPURAM,Tamilaga Vettri Kazhagam,0,Post Graduate,"Rs 4,22,13,071 ~ 4 Crore+",Rs 0 ~
3306,1580,Shahul Hameed . N,https://www.myneta.info/TamilNadu2026/candidate.php?candidate_id=1580,ARANTHANGI,IND,1,12th Pass,https://myneta.info/image_v2.php?myneta_folder=TamilNadu2026&candidate_id=1580&col=ta,https://myneta.info/image_v2.php?myneta_folder=TamilNadu2026&candidate_id=1580&col=lia
3307,2172,Shaik Abdul Kader. P.S.J,https://www.myneta.info/TamilNadu2026/candidate.php?candidate_id=2172,TIRUCHENDUR,IND,0,Graduate,"Rs 25,77,500 ~ 25 Lacs+","Rs 4,35,000 ~ 4 Lacs+"
3308,1614,Shailaja,https://www.myneta.info/TamilNadu2026/candidate.php?candidate_id=1614,PARAMATHIVELUR,Tamizhaga Vaazhvurimai Katchi,0,8th Pass,"Rs 93,74,552 ~ 93 Lacs+","Rs 46,42,000 ~ 46 Lacs+"
3309,1722,Shajagan. A,https://www.myneta.info/TamilNadu2026/candidate.php?candidate_id=1722,THIRUVERUMBUR,IND,0,5th Pass,https://myneta.info/image_v2.php?myneta_folder=TamilNadu2026&candidate_id=1722&col=ta,https://myneta.info/image_v2.php?myneta_folder=TamilNadu2026&candidate_id=1722&col=lia
3310,3644,Shajahan,https://www.myneta.info/TamilNadu2026/candidate.php?candidate_id=3644,KUNNAM,IND,0,5th Pass,"Rs 36,50,000 ~ 36 Lacs+",Rs 0 ~
3311,2086,Shajahan.S,https://www.myneta.info/TamilNadu2026/candidate.php?candidate_id=2086,THONDAMUTHUR,Tamizhaga Vaazhvurimai Katchi,0,Graduate,"Rs 71,06,210 ~ 71 Lacs+","Rs 81,934 ~ 81 Thou+"
3312,1097,Shan. Ramanathan,https://www.myneta.info/TamilNadu2026/candidate.php?candidate_id=1097,THANJAVUR,DMK,1,12th Pass,https://myneta.info/image_v2.php?myneta_folder=TamilNadu2026&candidate_id=1097&col=ta,https://myneta.info/image_v2.php?myneta_folder=TamilNadu2026&candidate_id=1097&col=lia
3313,2740,Shangamiththiran. A,https://www.myneta.info/TamilNadu2026/candidate.php?candidate_id=2740,POOMPUHAR,IND,9,Post Graduate,"Rs 44,75,679 ~ 44 Lacs+",Rs 0 ~
3314,2140,Shankar.V,https://www.myneta.info/TamilNadu2026/candidate.php?candidate_id=2140,THOUSAND LIGHTS,IND,0,10th Pass,"Rs 4,20,000 ~ 4 Lacs+",Rs 0 ~
3315,2386,Shankarganesan.S,https://www.myneta.info/TamilNadu2026/candidate.php?candidate_id=2386,MANAMADURAI (SC),IND,1,10th Pass,https://myneta.info/image_v2.php?myneta_folder=TamilNadu2026&candidate_id=2386&col=ta,https://myneta.info/image_v2.php?myneta_folder=TamilNadu2026&candidate_id=2386&col=lia
3316,1450,Shanmuga D,https://www.myneta.info/TamilNadu2026/candidate.php?candidate_id=1450,VILLIVAKKAM,IND,0,Graduate Professional,"Rs 3,73,111 ~ 3 Lacs+","Rs 1,20,800 ~ 1 Lacs+"
3317,3292,Shanmugachandra Velavan. C.C,https://www.myneta.info/TamilNadu2026/candidate.php?candidate_id=3292,RAJAPALAYAM,IND,0,10th Pass,"Rs 52,000 ~ 52 Thou+",Rs 0 ~
3318,3726,Shanmugam,https://www.myneta.info/TamilNadu2026/candidate.php?candidate_id=3726,NANGUNERI,IND,0,Others,https://myneta.info/image_v2.php?myneta_folder=TamilNadu2026&candidate_id=3726&col=ta,https://myneta.info/image_v2.php?myneta_folder=TamilNadu2026&candidate_id=3726&col=lia
3319,1189,Shanmugam C Ve,https://www.myneta.info/TamilNadu2026/candidate.php?candidate_id=1189,MAILAM,AIADMK,3,Graduate Professional,"Rs 4,82,58,077 ~ 4 Crore+","Rs 20,00,000 ~ 20 Lacs+"
3320,3106,Shanmugam M.,https://www.myneta.info/TamilNadu2026/candidate.php?candidate_id=3106,ERODE (WEST),IND,0,5th Pass,"Rs 8,51,772 ~ 8 Lacs+","Rs 2,57,454 ~ 2 Lacs+"
3321,2228,Shanmugam P,https://www.myneta.info/TamilNadu2026/candidate.php?candidate_id=2228,VIKRAVANDI,IND,0,Graduate,https://myneta.info/image_v2.php?myneta_folder=TamilNadu2026&candidate_id=2228&col=ta,https://myneta.info/image_v2.php?myneta_folder=TamilNadu2026&candidate_id=2228&col=lia
3322,2229,Shanmugam R,https://www.myneta.info/TamilNadu2026/candidate.php?candidate_id=2229,VIKRAVANDI,IND,0,8th Pass,"Rs 30,000 ~ 30 Thou+",Rs 0 ~
3323,1121,Shanmugam. A,https://www.myneta.info/TamilNadu2026/candidate.php?candidate_id=1121,HARUR (SC),DMK,0,Graduate,"Rs 1,63,49,775 ~ 1 Crore+","Rs 7,00,000 ~ 7 Lacs+"
3324,4030,Shanmugam. M,https://www.myneta.info/TamilNadu2026/candidate.php?candidate_id=4030,TIRUPPATHUR,IND,0,8th Pass,https://myneta.info/image_v2.php?myneta_folder=TamilNadu2026&candidate_id=4030&col=ta,https://myneta.info/image_v2.php?myneta_folder=TamilNadu2026&candidate_id=4030&col=lia
3325,1955,Shanmugam. V.T,https://www.myneta.info/TamilNadu2026/candidate.php?candidate_id=1955,MANACHANALLUR,IND,0,Graduate,"Rs 7,23,000 ~ 7 Lacs+","Rs 6,00,000 ~ 6 Lacs+"
3326,341,Shanmugam.A,https://www.myneta.info/TamilNadu2026/candidate.php?candidate_id=341,KILPENNATHUR,Thamizhaka Padaippalar Makkal Katchi,0,10th Pass,"Rs 10,000 ~ 10 Thou+",Rs 0 ~
3327,3476,Shanmugam.G,https://www.myneta.info/TamilNadu2026/candidate.php?candidate_id=3476,GOBICHETTIPALAYAM,IND,0,5th Pass,https://myneta.info/image_v2.php?myneta_folder=TamilNadu2026&candidate_id=3476&col=ta,https://myneta.info/image_v2.php?myneta_folder=TamilNadu2026&candidate_id=3476&col=lia
3328,3465,Shanmugam.P,https://www.myneta.info/TamilNadu2026/candidate.php?candidate_id=3465,ERODE (EAST),IND,0,10th Pass,"Rs 11,000 ~ 11 Thou+",Rs 0 ~
3329,1249,Shanmuganathan. S. P,https://www.myneta.info/TamilNadu2026/candidate.php?candidate_id=1249,SRIVAIKUNTAM,AIADMK,1,10th Pass,"Rs 2,81,20,727 ~ 2 Crore+",Rs 0 ~
3330,90,Shanmugapriya.M,https://www.myneta.info/TamilNadu2026/candidate.php?candidate_id=90,MANAMADURAI (SC),Naam Tamilar Katchi,0,12th Pass,https://myneta.info/image_v2.php?myneta_folder=TamilNadu2026&candidate_id=90&col=ta,https://myneta.info/image_v2.php?myneta_folder=TamilNadu2026&candidate_id=90&col=lia
3331,2483,Shanmugaraja. D,https://www.myneta.info/TamilNadu2026/candidate.php?candidate_id=2483,NANNILAM,IND,0,Graduate,"Rs 14,28,000 ~ 14 Lacs+","Rs 1,00,000 ~ 1 Lacs+"
3332,1825,Shanmugavelu. A,https://www.myneta.info/TamilNadu2026/candidate.php?candidate_id=1825,POLUR,Veerath Thiyagi Viswanathadoss Thozhilalarkal Katchi,0,10th Pass,"Rs 10,000 ~ 10 Thou+",Rs 0 ~
3333,34,Shanthalakshmi. K.,https://www.myneta.info/TamilNadu2026/candidate.php?candidate_id=34,DHARMAPURI,Naam Tamilar Katchi,0,Post Graduate,https://myneta.info/image_v2.php?myneta_folder=TamilNadu2026&candidate_id=34&col=ta,https://myneta.info/image_v2.php?myneta_folder=TamilNadu2026&candidate_id=34&col=lia
3334,1790,Shanthi. B,https://www.myneta.info/TamilNadu2026/candidate.php?candidate_id=1790,KARAIKUDI,IND,0,12th Pass,"Rs 15,500 ~ 15 Thou+",Rs 0 ~
3335,2669,Shanthosh Krishnan. S,https://www.myneta.info/TamilNadu2026/candidate.php?candidate_id=2669,PERUNDURAI,Tamizhaga Vaazhvurimai Katchi,0,Others,"Rs 13,44,000 ~ 13 Lacs+",Rs 0 ~
3336,2103,Sharavanan A K,https://www.myneta.info/TamilNadu2026/candidate.php?candidate_id=2103,TIRUCHENGODU,Tamizhaga Vaazhvurimai Katchi,0,Graduate Professional,https://myneta.info/image_v2.php?myneta_folder=TamilNadu2026&candidate_id=2103&col=ta,https://myneta.info/image_v2.php?myneta_folder=TamilNadu2026&candidate_id=2103&col=lia
3337,2510,Shashi Kiran .K .N,https://www.myneta.info/TamilNadu2026/candidate.php?candidate_id=2510,SRIRANGAM,IND,0,Post Graduate,"Rs 24,84,100 ~ 24 Lacs+","Rs 5,09,592 ~ 5 Lacs+"
3338,3087,Sheik Bareeth.B,https://www.myneta.info/TamilNadu2026/candidate.php?candidate_id=3087,DINDIGUL,Tamizhaga Vaazhvurimai Katchi,6,8th Pass,"Rs 16,56,545 ~ 16 Lacs+","Rs 12,40,000 ~ 12 Lacs+"
3339,651,Sheik Davood.A.M,https://www.myneta.info/TamilNadu2026/candidate.php?candidate_id=651,ANTHIYUR,IND,0,Graduate,https://myneta.info/image_v2.php?myneta_folder=TamilNadu2026&candidate_id=651&col=ta,https://myneta.info/image_v2.php?myneta_folder=TamilNadu2026&candidate_id=651&col=lia
3340,2438,Shettu.S,https://www.myneta.info/TamilNadu2026/candidate.php?candidate_id=2438,TIRUTTANI,IND,0,Graduate,"Rs 70,000 ~ 70 Thou+",Rs 0 ~
3341,937,Shibu Amose,https://www.myneta.info/TamilNadu2026/candidate.php?candidate_id=937,VILAVANCODE,IND,0,12th Pass,"Rs 19,35,700 ~ 19 Lacs+",Rs 0 ~
3342,1479,Shiyamala. M,https://www.myneta.info/TamilNadu2026/candidate.php?candidate_id=1479,PERAMBALUR (SC),IND,0,Post Graduate,https://myneta.info/image_v2.php?myneta_folder=TamilNadu2026&candidate_id=1479&col=ta,https://myneta.info/image_v2.php?myneta_folder=TamilNadu2026&candidate_id=1479&col=lia
3343,157,Shunmugasundaram. S,https://www.myneta.info/TamilNadu2026/candidate.php?candidate_id=157,SRIVAIKUNTAM,Naam Tamilar Katchi,0,Others,"Rs 8,500 ~ 8 Thou+","Rs 1,30,232 ~ 1 Lacs+"
3344,902,Sidharthan.S,https://www.myneta.info/TamilNadu2026/candidate.php?candidate_id=902,VRIDHACHALAM,Desiya Makkal Sakthi Katchi,0,Post Graduate,"Rs 5,000 ~ 5 Thou+",Rs 0 ~
3345,247,Silambarasan,https://www.myneta.info/TamilNadu2026/candidate.php?candidate_id=247,AMBATTUR,Naam Tamilar Katchi,1,Graduate,https://myneta.info/image_v2.php?myneta_folder=TamilNadu2026&candidate_id=247&col=ta,https://myneta.info/image_v2.php?myneta_folder=TamilNadu2026&candidate_id=247&col=lia
3346,3054,Silambarasan J,https://www.myneta.info/TamilNadu2026/candidate.php?candidate_id=3054,TITTAKUDI (SC),IND,0,Others,"Rs 10,50,500 ~ 10 Lacs+",Rs 0 ~
3347,1885,Silambarasan P,https://www.myneta.info/TamilNadu2026/candidate.php?candidate_id=1885,ARAVAKURICHI,IND,0,Post Graduate,"Rs 10,60,000 ~ 10 Lacs+",Rs 0 ~
3348,405,Silambarasan. C,https://www.myneta.info/TamilNadu2026/candidate.php?candidate_id=405,ARANI,IND,0,10th Pass,https://myneta.info/image_v2.php?myneta_folder=TamilNadu2026&candidate_id=405&col=ta,https://myneta.info/image_v2.php?myneta_folder=TamilNadu2026&candidate_id=405&col=lia
3349,3592,Singaravelan Viswanathan,https://www.myneta.info/TamilNadu2026/candidate.php?candidate_id=3592,KRISHNAGIRI,Vishwa Tamil Kazhagam,0,10th Pass,"Rs 22,54,700 ~ 22 Lacs+","Rs 2,00,000 ~ 2 Lacs+"
3350,1417,Sinora P S Ashok,https://www.myneta.info/TamilNadu2026/candidate.php?candidate_id=1417,HARBOUR,Tamilaga Vettri Kazhagam,0,Post Graduate,"Rs 9,71,21,484 ~ 9 Crore+","Rs 1,82,63,261 ~ 1 Crore+"
3351,847,Sinthanai Selvan,https://www.myneta.info/TamilNadu2026/candidate.php?candidate_id=847,CHEYYUR (SC),Viduthalai Chiruthaigal Katchi,0,Others,https://myneta.info/image_v2.php?myneta_folder=TamilNadu2026&candidate_id=847&col=ta,https://myneta.info/image_v2.php?myneta_folder=TamilNadu2026&candidate_id=847&col=lia
3352,2872,Siva S,https://www.myneta.info/TamilNadu2026/candidate.php?candidate_id=2872,MAILAM,IND,0,Post Graduate,"Rs 84,13,000 ~ 84 Lacs+","Rs 15,00,000 ~ 15 Lacs+"
3353,1413,Siva.V.Meyyanathan,https://www.myneta.info/TamilNadu2026/candidate.php?candidate_id=1413,ALANGUDI,DMK,0,Post Graduate,"Rs 3,23,87,043 ~ 3 Crore+","Rs 81,06,237 ~ 81 Lacs+"
3354,1145,Sivabalan.M,https://www.myneta.info/TamilNadu2026/candidate.php?candidate_id=1145,ANTHIYUR,DMK,1,Graduate,https://myneta.info/image_v2.php?myneta_folder=TamilNadu2026&candidate_id=1145&col=ta,https://myneta.info/image_v2.php?myneta_folder=TamilNadu2026&candidate_id=1145&col=lia
3355,905,Sivagami. G.,https://www.myneta.info/TamilNadu2026/candidate.php?candidate_id=905,DHARMAPURI,Tamilar Makkal Katchi,0,10th Pass,"Rs 57,427 ~ 57 Thou+",Rs 0 ~
3356,346,Sivagnanasam,https://www.myneta.info/TamilNadu2026/candidate.php?candidate_id=346,KOLATHUR,Desiya Makkal Sakthi Katchi,0,Graduate Professional,"Rs 29,62,000 ~ 29 Lacs+",Rs 0 ~
3357,881,Sivaji Perumal,https://www.myneta.info/TamilNadu2026/candidate.php?candidate_id=881,SINGANALLUR,BSP,0,5th Pass,https://myneta.info/image_v2.php?myneta_folder=TamilNadu2026&candidate_id=881&col=ta,https://myneta.info/image_v2.php?myneta_folder=TamilNadu2026&candidate_id=881&col=lia
3358,62,Sivajothi .M,https://www.myneta.info/TamilNadu2026/candidate.php?candidate_id=62,KATTUMANNARKOIL (SC),Naam Tamilar Katchi,3,Graduate,"Rs 46,04,500 ~ 46 Lacs+","Rs 3,85,000 ~ 3 Lacs+"
3359,1810,Sivakumar A,https://www.myneta.info/TamilNadu2026/candidate.php?candidate_id=1810,NAGERCOIL,IND,0,10th Pass,"Rs 10,65,000 ~ 10 Lacs+","Rs 1,90,400 ~ 1 Lacs+"
3360,1316,Sivakumar C,https://www.myneta.info/TamilNadu2026/candidate.php?candidate_id=1316,VIKRAVANDI,Pattali Makkal Katchi,2,8th Pass,https://myneta.info/image_v2.php?myneta_folder=TamilNadu2026&candidate_id=1316&col=ta,https://myneta.info/image_v2.php?myneta_folder=TamilNadu2026&candidate_id=1316&col=lia
3361,764,Sivakumar M,https://www.myneta.info/TamilNadu2026/candidate.php?candidate_id=764,ARIYALUR,Tamilaga Vettri Kazhagam,2,Graduate,"Rs 97,26,649 ~ 97 Lacs+","Rs 26,14,500 ~ 26 Lacs+"
3362,2881,Sivakumar R,https://www.myneta.info/TamilNadu2026/candidate.php?candidate_id=2881,VANUR (SC),IND,0,12th Pass,"Rs 4,72,000 ~ 4 Lacs+",Rs 0 ~
3363,2230,Sivakumar S,https://www.myneta.info/TamilNadu2026/candidate.php?candidate_id=2230,VIKRAVANDI,IND,0,12th Pass,https://myneta.info/image_v2.php?myneta_folder=TamilNadu2026&candidate_id=2230&col=ta,https://myneta.info/image_v2.php?myneta_folder=TamilNadu2026&candidate_id=2230&col=lia
3364,477,Sivakumar V C,https://www.myneta.info/TamilNadu2026/candidate.php?candidate_id=477,JOLARPET,BSP,0,8th Pass,"Rs 3,95,000 ~ 3 Lacs+",Rs 0 ~
3365,4080,Sivakumar. A,https://www.myneta.info/TamilNadu2026/candidate.php?candidate_id=4080,KARUR,IND,0,Graduate Professional,"Rs 2,54,184 ~ 2 Lacs+",Rs 0 ~
3366,768,Sivakumar. K,https://www.myneta.info/TamilNadu2026/candidate.php?candidate_id=768,SALEM (NORTH),Tamilaga Vettri Kazhagam,0,Post Graduate,https://myneta.info/image_v2.php?myneta_folder=TamilNadu2026&candidate_id=768&col=ta,https://myneta.info/image_v2.php?myneta_folder=TamilNadu2026&candidate_id=768&col=lia
3367,1475,Sivakumar. K,https://www.myneta.info/TamilNadu2026/candidate.php?candidate_id=1475,PERAMBALUR (SC),Tamilaga Vettri Kazhagam,0,12th Pass,"Rs 1,96,106 ~ 1 Lacs+","Rs 90,000 ~ 90 Thou+"
3368,4081,Sivakumar. N,https://www.myneta.info/TamilNadu2026/candidate.php?candidate_id=4081,KARUR,IND,0,Graduate Professional,"Rs 10,11,876 ~ 10 Lacs+",Rs 0 ~
3369,1387,Sivakumar. T,https://www.myneta.info/TamilNadu2026/candidate.php?candidate_id=1387,COLACHAL,BJP,5,Graduate Professional,https://myneta.info/image_v2.php?myneta_folder=TamilNadu2026&candidate_id=1387&col=ta,https://myneta.info/image_v2.php?myneta_folder=TamilNadu2026&candidate_id=1387&col=lia
3370,4082,Sivakumar. V,https://www.myneta.info/TamilNadu2026/candidate.php?candidate_id=4082,KARUR,IND,0,Graduate Professional,"Rs 55,18,900 ~ 55 Lacs+","Rs 3,00,000 ~ 3 Lacs+"
3371,2282,Sivakumar.A,https://www.myneta.info/TamilNadu2026/candidate.php?candidate_id=2282,UTHIRAMERUR,Desiya Makkal Sakthi Katchi,0,Post Graduate,"Rs 1,20,32,481 ~ 1 Crore+","Rs 21,43,000 ~ 21 Lacs+"
3372,2442,Sivakumar.S,https://www.myneta.info/TamilNadu2026/candidate.php?candidate_id=2442,POONAMALLEE (SC),IND,0,Graduate,https://myneta.info/image_v2.php?myneta_folder=TamilNadu2026&candidate_id=2442&col=ta,https://myneta.info/image_v2.php?myneta_folder=TamilNadu2026&candidate_id=2442&col=lia
3373,3591,Sivakumar.S,https://www.myneta.info/TamilNadu2026/candidate.php?candidate_id=3591,KRISHNAGIRI,BSP,0,Post Graduate,"Rs 49,79,313 ~ 49 Lacs+","Rs 2,95,000 ~ 2 Lacs+"
3374,1970,Sivakumar.V,https://www.myneta.info/TamilNadu2026/candidate.php?candidate_id=1970,PERAMBUR,Tamil Telugu National Party,0,Others,"Rs 2,33,34,380 ~ 2 Crore+","Rs 47,31,800 ~ 47 Lacs+"
3375,783,Sivalingam Ashok,https://www.myneta.info/TamilNadu2026/candidate.php?candidate_id=783,HARBOUR,IND,0,10th Pass,https://myneta.info/image_v2.php?myneta_folder=TamilNadu2026&candidate_id=783&col=ta,https://myneta.info/image_v2.php?myneta_folder=TamilNadu2026&candidate_id=783&col=lia
3376,1886,Sivalingam T,https://www.myneta.info/TamilNadu2026/candidate.php?candidate_id=1886,ARAVAKURICHI,IND,0,Graduate Professional,"Rs 37,50,532 ~ 37 Lacs+","Rs 5,00,000 ~ 5 Lacs+"
3377,796,Sivalingam.C,https://www.myneta.info/TamilNadu2026/candidate.php?candidate_id=796,KANNIYAKUMARI,Naam Indiar Party,0,12th Pass,"Rs 44,71,951 ~ 44 Lacs+","Rs 15,20,000 ~ 15 Lacs+"
3378,3448,Sivam. R.,https://www.myneta.info/TamilNadu2026/candidate.php?candidate_id=3448,DHARMAPURI,IND,0,Graduate Professional,https://myneta.info/image_v2.php?myneta_folder=TamilNadu2026&candidate_id=3448&col=ta,https://myneta.info/image_v2.php?myneta_folder=TamilNadu2026&candidate_id=3448&col=lia
3379,3449,Sivan. A.,https://www.myneta.info/TamilNadu2026/candidate.php?candidate_id=3449,DHARMAPURI,IND,0,Others,"Rs 9,27,000 ~ 9 Lacs+","Rs 4,10,000 ~ 4 Lacs+"
3380,3441,Sivan. M.,https://www.myneta.info/TamilNadu2026/candidate.php?candidate_id=3441,DHARMAPURI,Tamilaga Vettri Kazhagam,4,Literate,"Rs 3,89,65,950 ~ 3 Crore+","Rs 24,25,000 ~ 24 Lacs+"
3381,3595,Sivan.C,https://www.myneta.info/TamilNadu2026/candidate.php?candidate_id=3595,KRISHNAGIRI,IND,2,Graduate Professional,https://myneta.info/image_v2.php?myneta_folder=TamilNadu2026&candidate_id=3595&col=ta,https://myneta.info/image_v2.php?myneta_folder=TamilNadu2026&candidate_id=3595&col=lia
3382,2716,Sivaperumal V,https://www.myneta.info/TamilNadu2026/candidate.php?candidate_id=2716,MADURAI CENTRAL,IND,0,Post Graduate,"Rs 52,000 ~ 52 Thou+",Rs 0 ~
3383,2461,Sivaprakasam.V,https://www.myneta.info/TamilNadu2026/candidate.php?candidate_id=2461,THIRUTHURAIPOONDI (SC),IND,0,Post Graduate,"Rs 5,65,700 ~ 5 Lacs+","Rs 10,37,700 ~ 10 Lacs+"
3384,376,Sivaprakasam.V,https://www.myneta.info/TamilNadu2026/candidate.php?candidate_id=376,VRIDHACHALAM,BSP,0,8th Pass,https://myneta.info/image_v2.php?myneta_folder=TamilNadu2026&candidate_id=376&col=ta,https://myneta.info/image_v2.php?myneta_folder=TamilNadu2026&candidate_id=376&col=lia
3385,3621,Sivaraj,https://www.myneta.info/TamilNadu2026/candidate.php?candidate_id=3621,KUMARAPALAYAM,IND,0,Graduate Professional,"Rs 4,65,000 ~ 4 Lacs+",Rs 0 ~
3386,2646,"Sivaraj,R.",https://www.myneta.info/TamilNadu2026/candidate.php?candidate_id=2646,METTUPALAYAM,Anna Puratchi Thalaivar Amma Dravida Munnetra Kazhagam,0,10th Pass,"Rs 18,16,412 ~ 18 Lacs+",Rs 0 ~
3387,2479,Sivaraman. T,https://www.myneta.info/TamilNadu2026/candidate.php?candidate_id=2479,NANNILAM,Tamizhaga Vaazhvurimai Katchi,0,12th Pass,https://myneta.info/image_v2.php?myneta_folder=TamilNadu2026&candidate_id=2479&col=ta,https://myneta.info/image_v2.php?myneta_folder=TamilNadu2026&candidate_id=2479&col=lia
3388,2094,Sivaraman.C,https://www.myneta.info/TamilNadu2026/candidate.php?candidate_id=2094,THONDAMUTHUR,IND,0,Graduate,"Rs 8,08,000 ~ 8 Lacs+","Rs 60,000 ~ 60 Thou+"
3389,504,Sivaraman.S,https://www.myneta.info/TamilNadu2026/candidate.php?candidate_id=504,TAMBARAM,Veerath Thiyagi Viswanathadoss Thozhilalarkal Katchi,0,Graduate,"Rs 95,46,074 ~ 95 Lacs+","Rs 3,50,000 ~ 3 Lacs+"
3390,1153,Sivasakthi. M,https://www.myneta.info/TamilNadu2026/candidate.php?candidate_id=1153,OMALUR,Naam Tamilar Katchi,0,Post Graduate,https://myneta.info/image_v2.php?myneta_folder=TamilNadu2026&candidate_id=1153&col=ta,https://myneta.info/image_v2.php?myneta_folder=TamilNadu2026&candidate_id=1153&col=lia
3391,1183,Sivasankar. S.S,https://www.myneta.info/TamilNadu2026/candidate.php?candidate_id=1183,KUNNAM,DMK,3,Graduate Professional,"Rs 18,18,65,853 ~ 18 Crore+","Rs 2,57,62,636 ~ 2 Crore+"
3392,3638,Sivasankaran. P,https://www.myneta.info/TamilNadu2026/candidate.php?candidate_id=3638,KUNNAM,IND,0,Graduate Professional,"Rs 2,46,09,846 ~ 2 Crore+","Rs 38,00,000 ~ 38 Lacs+"
3393,1909,Sivasankaran.K,https://www.myneta.info/TamilNadu2026/candidate.php?candidate_id=1909,VRIDHACHALAM,IND,0,Graduate,https://myneta.info/image_v2.php?myneta_folder=TamilNadu2026&candidate_id=1909&col=ta,https://myneta.info/image_v2.php?myneta_folder=TamilNadu2026&candidate_id=1909&col=lia
3394,876,Smt.Kavitha Kalyanasundaram,https://www.myneta.info/TamilNadu2026/candidate.php?candidate_id=876,METTUPALAYAM,DMK,0,Post Graduate,"Rs 59,27,55,535 ~ 59 Crore+","Rs 33,02,18,745 ~ 33 Crore+"
3395,143,Sofia. S,https://www.myneta.info/TamilNadu2026/candidate.php?candidate_id=143,SALEM (SOUTH),Naam Tamilar Katchi,0,Post Graduate,"Rs 1,83,96,831 ~ 1 Crore+","Rs 45,40,386 ~ 45 Lacs+"
3396,1443,Solomon J.R,https://www.myneta.info/TamilNadu2026/candidate.php?candidate_id=1443,VILLIVAKKAM,IND,0,10th Pass,https://myneta.info/image_v2.php?myneta_folder=TamilNadu2026&candidate_id=1443&col=ta,https://myneta.info/image_v2.php?myneta_folder=TamilNadu2026&candidate_id=1443&col=lia
3397,3676,Soniagandhi,https://www.myneta.info/TamilNadu2026/candidate.php?candidate_id=3676,MELUR,All India Puratchi Thalaivar Makkal Munnettra Kazhagam,0,Others,"Rs 2,18,83,966 ~ 2 Crore+","Rs 62,33,340 ~ 62 Lacs+"
3398,69,Soundara Pandian Luder Seth,https://www.myneta.info/TamilNadu2026/candidate.php?candidate_id=69,KOLATHUR,Naam Tamilar Katchi,0,Graduate Professional,"Rs 44,13,137 ~ 44 Lacs+","Rs 9,53,210 ~ 9 Lacs+"
3399,4089,Soundara Rajan. R,https://www.myneta.info/TamilNadu2026/candidate.php?candidate_id=4089,KARUR,IND,0,12th Pass,https://myneta.info/image_v2.php?myneta_folder=TamilNadu2026&candidate_id=4089&col=ta,https://myneta.info/image_v2.php?myneta_folder=TamilNadu2026&candidate_id=4089&col=lia
3400,2635,Soundararajan. N,https://www.myneta.info/TamilNadu2026/candidate.php?candidate_id=2635,SAIDAPET,Naam Indiar Party,0,Post Graduate,"Rs 41,95,624 ~ 41 Lacs+","Rs 37,86,383 ~ 37 Lacs+"
3401,4090,Soundaryan. K,https://www.myneta.info/TamilNadu2026/candidate.php?candidate_id=4090,KARUR,IND,0,Graduate,"Rs 1,62,000 ~ 1 Lacs+",Rs 0 ~
3402,2691,Soundrapandian. S,https://www.myneta.info/TamilNadu2026/candidate.php?candidate_id=2691,KRISHNARAYAPURAM (SC),Ganasangam Party of India,0,10th Pass,https://myneta.info/image_v2.php?myneta_folder=TamilNadu2026&candidate_id=2691&col=ta,https://myneta.info/image_v2.php?myneta_folder=TamilNadu2026&candidate_id=2691&col=lia
3403,1157,Sowmiya Anbumani,https://www.myneta.info/TamilNadu2026/candidate.php?candidate_id=1157,DHARMAPURI,Pattali Makkal Katchi,1,Doctorate,"Rs 68,46,93,165 ~ 68 Crore+","Rs 8,99,00,000 ~ 8 Crore+"
3404,1887,Sowmiya R,https://www.myneta.info/TamilNadu2026/candidate.php?candidate_id=1887,ARAVAKURICHI,IND,0,Graduate Professional,"Rs 17,87,296 ~ 17 Lacs+",Rs 0 ~
3405,2860,Sp Mahendran,https://www.myneta.info/TamilNadu2026/candidate.php?candidate_id=2860,MADATHUKULAM,IND,0,Post Graduate,https://myneta.info/image_v2.php?myneta_folder=TamilNadu2026&candidate_id=2860&col=ta,https://myneta.info/image_v2.php?myneta_folder=TamilNadu2026&candidate_id=2860&col=lia
3406,1120,Sreenivasan. C,https://www.myneta.info/TamilNadu2026/candidate.php?candidate_id=1120,DINDIGUL,AIADMK,3,Post Graduate,"Rs 8,83,48,324 ~ 8 Crore+",Rs 0 ~
3407,1312,Sri Balaji Sugumar. S,https://www.myneta.info/TamilNadu2026/candidate.php?candidate_id=1312,VEERAPANDI,AIADMK,0,Graduate Professional,"Rs 11,37,52,542 ~ 11 Crore+","Rs 7,91,89,299 ~ 7 Crore+"
3408,1201,Sridevi Mohan P S,https://www.myneta.info/TamilNadu2026/candidate.php?candidate_id=1201,NAMAKKAL,AIADMK,0,Graduate,https://myneta.info/image_v2.php?myneta_folder=TamilNadu2026&candidate_id=1201&col=ta,https://myneta.info/image_v2.php?myneta_folder=TamilNadu2026&candidate_id=1201&col=lia
3409,3258,Sridhar G,https://www.myneta.info/TamilNadu2026/candidate.php?candidate_id=3258,GINGEE,IND,0,Graduate Professional,"Rs 1,27,98,060 ~ 1 Crore+",Rs 0 ~
3410,2634,Sridhar. M,https://www.myneta.info/TamilNadu2026/candidate.php?candidate_id=2634,EGMORE (SC),IND,0,10th Pass,"Rs 11,28,000 ~ 11 Lacs+",Rs 0 ~
3411,1729,Srikanth M.V.,https://www.myneta.info/TamilNadu2026/candidate.php?candidate_id=1729,THOOTHUKUDI,Naam Indiar Party,0,Graduate,https://myneta.info/image_v2.php?myneta_folder=TamilNadu2026&candidate_id=1729&col=ta,https://myneta.info/image_v2.php?myneta_folder=TamilNadu2026&candidate_id=1729&col=lia
3412,2248,Srikanthu. S,https://www.myneta.info/TamilNadu2026/candidate.php?candidate_id=2248,PANRUTI,BSP,0,10th Pass,"Rs 7,99,000 ~ 7 Lacs+",Rs 0 ~
3413,3124,Srikrishnakumar.K,https://www.myneta.info/TamilNadu2026/candidate.php?candidate_id=3124,KANNIYAKUMARI,Thamizhaka Padaippalar Makkal Katchi,0,Graduate Professional,"Rs 24,39,500 ~ 24 Lacs+",Rs 0 ~
3414,763,Srinath,https://www.myneta.info/TamilNadu2026/candidate.php?candidate_id=763,THOOTHUKUDI,Tamilaga Vettri Kazhagam,0,12th Pass,https://myneta.info/image_v2.php?myneta_folder=TamilNadu2026&candidate_id=763&col=ta,https://myneta.info/image_v2.php?myneta_folder=TamilNadu2026&candidate_id=763&col=lia
3415,311,Srinath,https://www.myneta.info/TamilNadu2026/candidate.php?candidate_id=311,AMBUR,IND,0,Graduate,"Rs 15,000 ~ 15 Thou+",Rs 0 ~
3416,361,Srinivasan V,https://www.myneta.info/TamilNadu2026/candidate.php?candidate_id=361,KUMBAKONAM,IND,0,12th Pass,"Rs 43,48,726 ~ 43 Lacs+","Rs 30,000 ~ 30 Thou+"
3417,2842,Srinivasan. K,https://www.myneta.info/TamilNadu2026/candidate.php?candidate_id=2842,CHEYYAR,Aanaithinthiya Jananayaka Pathukappu Kazhagam,1,10th Pass,https://myneta.info/image_v2.php?myneta_folder=TamilNadu2026&candidate_id=2842&col=ta,https://myneta.info/image_v2.php?myneta_folder=TamilNadu2026&candidate_id=2842&col=lia
3418,2955,Srinivasan.A,https://www.myneta.info/TamilNadu2026/candidate.php?candidate_id=2955,VANIYAMBADI,IND,1,Literate,"Rs 67,875 ~ 67 Thou+",Rs 0 ~
3419,3596,Srinivasan.K,https://www.myneta.info/TamilNadu2026/candidate.php?candidate_id=3596,KRISHNAGIRI,IND,0,8th Pass,"Rs 4,51,000 ~ 4 Lacs+",Rs 0 ~
3420,3989,Srinivasan.M,https://www.myneta.info/TamilNadu2026/candidate.php?candidate_id=3989,VIRUGAMPAKKAM,IND,0,Post Graduate,https://myneta.info/image_v2.php?myneta_folder=TamilNadu2026&candidate_id=3989&col=ta,https://myneta.info/image_v2.php?myneta_folder=TamilNadu2026&candidate_id=3989&col=lia
3421,1314,Srinivasan.P.S,https://www.myneta.info/TamilNadu2026/candidate.php?candidate_id=1314,VEPPANAHALLI,DMK,1,12th Pass,"Rs 2,08,01,351 ~ 2 Crore+","Rs 9,98,473 ~ 9 Lacs+"
3422,374,Srinivasan.R,https://www.myneta.info/TamilNadu2026/candidate.php?candidate_id=374,VRIDHACHALAM,IND,0,10th Pass,"Rs 15,000 ~ 15 Thou+",Rs 0 ~
3423,3223,Srinivash,https://www.myneta.info/TamilNadu2026/candidate.php?candidate_id=3223,PALAYAMKOTTAI,IND,0,10th Pass,https://myneta.info/image_v2.php?myneta_folder=TamilNadu2026&candidate_id=3223&col=ta,https://myneta.info/image_v2.php?myneta_folder=TamilNadu2026&candidate_id=3223&col=lia
3424,2216,Srisabarinathan,https://www.myneta.info/TamilNadu2026/candidate.php?candidate_id=2216,SALEM (WEST),IND,0,8th Pass,"Rs 1,80,000 ~ 1 Lacs+",Rs 0 ~
3425,140,Srividya. G,https://www.myneta.info/TamilNadu2026/candidate.php?candidate_id=140,SAIDAPET,Naam Tamilar Katchi,0,Graduate,"Rs 1,08,44,900 ~ 1 Crore+","Rs 59,45,000 ~ 59 Lacs+"
3426,1280,Srmt Sekar Alias Chandrasekar R,https://www.myneta.info/TamilNadu2026/candidate.php?candidate_id=1280,TIRUCHENGODU,AIADMK,0,12th Pass,https://myneta.info/image_v2.php?myneta_folder=TamilNadu2026&candidate_id=1280&col=ta,https://myneta.info/image_v2.php?myneta_folder=TamilNadu2026&candidate_id=1280&col=lia
3427,2223,Stalin D,https://www.myneta.info/TamilNadu2026/candidate.php?candidate_id=2223,VIKRAVANDI,Aanaithinthiya Jananayaka Pathukappu Kazhagam,0,Others,"Rs 61,50,000 ~ 61 Lacs+","Rs 51,47,300 ~ 51 Lacs+"
3428,3633,Stalin Ma Ka,https://www.myneta.info/TamilNadu2026/candidate.php?candidate_id=3633,KUMBAKONAM,IND,24,Graduate,"Rs 61,22,087 ~ 61 Lacs+","Rs 2,82,350 ~ 2 Lacs+"
3429,3715,Stalin R,https://www.myneta.info/TamilNadu2026/candidate.php?candidate_id=3715,NAMAKKAL,IND,0,Post Graduate,https://myneta.info/image_v2.php?myneta_folder=TamilNadu2026&candidate_id=3715&col=ta,https://myneta.info/image_v2.php?myneta_folder=TamilNadu2026&candidate_id=3715&col=lia
3430,2961,Stalin V,https://www.myneta.info/TamilNadu2026/candidate.php?candidate_id=2961,ARIYALUR,BSP,0,Graduate,"Rs 1,59,86,660 ~ 1 Crore+","Rs 87,60,275 ~ 87 Lacs+"
3431,49,Stalin.R,https://www.myneta.info/TamilNadu2026/candidate.php?candidate_id=49,HOSUR,Naam Tamilar Katchi,0,Graduate,"Rs 2,91,700 ~ 2 Lacs+","Rs 55,931 ~ 55 Thou+"
3432,4128,Stephenraj. L,https://www.myneta.info/TamilNadu2026/candidate.php?candidate_id=4128,KARUR,IND,0,Graduate Professional,https://myneta.info/image_v2.php?myneta_folder=TamilNadu2026&candidate_id=4128&col=ta,https://myneta.info/image_v2.php?myneta_folder=TamilNadu2026&candidate_id=4128&col=lia
3433,2570,Subakaran.A,https://www.myneta.info/TamilNadu2026/candidate.php?candidate_id=2570,GUDIYATTAM (SC),IND,0,Graduate,"Rs 7,26,000 ~ 7 Lacs+","Rs 2,50,000 ~ 2 Lacs+"
3434,3875,Subaramanian.N,https://www.myneta.info/TamilNadu2026/candidate.php?candidate_id=3875,SINGANALLUR,IND,0,8th Pass,"Rs 9,39,000 ~ 9 Lacs+",Rs 0 ~
3435,4084,Subash Malayalam. T,https://www.myneta.info/TamilNadu2026/candidate.php?candidate_id=4084,KARUR,IND,0,Graduate Professional,https://myneta.info/image_v2.php?myneta_folder=TamilNadu2026&candidate_id=4084&col=ta,https://myneta.info/image_v2.php?myneta_folder=TamilNadu2026&candidate_id=4084&col=lia
3436,153,Subash.R,https://www.myneta.info/TamilNadu2026/candidate.php?candidate_id=153,SIRKAZHI (SC),Naam Tamilar Katchi,1,Graduate,"Rs 1,20,815 ~ 1 Lacs+","Rs 4,24,000 ~ 4 Lacs+"
3437,2592,Subashini,https://www.myneta.info/TamilNadu2026/candidate.php?candidate_id=2592,KOLATHUR,BSP,0,Post Graduate,"Rs 23,95,677 ~ 23 Lacs+","Rs 12,23,453 ~ 12 Lacs+"
3438,4000,Subbaiah. R,https://www.myneta.info/TamilNadu2026/candidate.php?candidate_id=4000,VIRALIMALAI,IND,0,Graduate,https://myneta.info/image_v2.php?myneta_folder=TamilNadu2026&candidate_id=4000&col=ta,https://myneta.info/image_v2.php?myneta_folder=TamilNadu2026&candidate_id=4000&col=lia
3439,2353,Subbiah.A,https://www.myneta.info/TamilNadu2026/candidate.php?candidate_id=2353,THIRUMAYAM,Puthiya Tamilagam,0,12th Pass,"Rs 39,85,500 ~ 39 Lacs+","Rs 2,77,000 ~ 2 Lacs+"
3440,1711,Subbulakshmi. R,https://www.myneta.info/TamilNadu2026/candidate.php?candidate_id=1711,THIRUVERUMBUR,IND,0,Graduate,"Rs 11,98,000 ~ 11 Lacs+","Rs 2,70,000 ~ 2 Lacs+"
3441,3207,Subbulakshmi. S,https://www.myneta.info/TamilNadu2026/candidate.php?candidate_id=3207,OTTAPIDARAM (SC),Naam Indiar Party,0,12th Pass,https://myneta.info/image_v2.php?myneta_folder=TamilNadu2026&candidate_id=3207&col=ta,https://myneta.info/image_v2.php?myneta_folder=TamilNadu2026&candidate_id=3207&col=lia
3442,1471,Subburaj K,https://www.myneta.info/TamilNadu2026/candidate.php?candidate_id=1471,VIRUDHUNAGAR,IND,1,8th Pass,"Rs 11,76,669 ~ 11 Lacs+",Rs 0 ~
3443,219,Subha Chandrasekaran A,https://www.myneta.info/TamilNadu2026/candidate.php?candidate_id=219,VIKRAVANDI,Naam Tamilar Katchi,0,Graduate,"Rs 59,92,808 ~ 59 Lacs+","Rs 40,09,000 ~ 40 Lacs+"
3444,1833,Subha. A,https://www.myneta.info/TamilNadu2026/candidate.php?candidate_id=1833,POLUR,IND,0,12th Pass,https://myneta.info/image_v2.php?myneta_folder=TamilNadu2026&candidate_id=1833&col=ta,https://myneta.info/image_v2.php?myneta_folder=TamilNadu2026&candidate_id=1833&col=lia
3445,1449,Subramani K,https://www.myneta.info/TamilNadu2026/candidate.php?candidate_id=1449,VILLIVAKKAM,IND,0,Post Graduate,"Rs 26,71,159 ~ 26 Lacs+",Rs 0 ~
3446,3455,Subramani. P,https://www.myneta.info/TamilNadu2026/candidate.php?candidate_id=3455,EDAPPADI,IND,0,10th Pass,"Rs 16,100 ~ 16 Thou+",Rs 0 ~
3447,3230,Subramani.C.K,https://www.myneta.info/TamilNadu2026/candidate.php?candidate_id=3230,AVANASHI (SC),IND,0,Illiterate,https://myneta.info/image_v2.php?myneta_folder=TamilNadu2026&candidate_id=3230&col=ta,https://myneta.info/image_v2.php?myneta_folder=TamilNadu2026&candidate_id=3230&col=lia
3448,2951,Subramani.P,https://www.myneta.info/TamilNadu2026/candidate.php?candidate_id=2951,VANIYAMBADI,BSP,0,12th Pass,"Rs 15,000 ~ 15 Thou+",Rs 0 ~
3449,3955,Subramanian. E.,https://www.myneta.info/TamilNadu2026/candidate.php?candidate_id=3955,TIRUNELVELI,IND,1,5th Pass,"Rs 5,19,630 ~ 5 Lacs+","Rs 1,85,000 ~ 1 Lacs+"
3450,1685,Subramanian. M,https://www.myneta.info/TamilNadu2026/candidate.php?candidate_id=1685,SRIVAIKUNTAM,Puthiya Makkal Tamil Desam Katchi,0,5th Pass,https://myneta.info/image_v2.php?myneta_folder=TamilNadu2026&candidate_id=1685&col=ta,https://myneta.info/image_v2.php?myneta_folder=TamilNadu2026&candidate_id=1685&col=lia
3451,141,Subramanian. Ma,https://www.myneta.info/TamilNadu2026/candidate.php?candidate_id=141,SAIDAPET,DMK,1,Graduate Professional,"Rs 1,36,52,611 ~ 1 Crore+",Rs 0 ~
3452,1480,Subramanian. R,https://www.myneta.info/TamilNadu2026/candidate.php?candidate_id=1480,PERAMBALUR (SC),IND,0,8th Pass,"Rs 12,87,300 ~ 12 Lacs+","Rs 1,30,000 ~ 1 Lacs+"
3453,2360,Subramanian.P,https://www.myneta.info/TamilNadu2026/candidate.php?candidate_id=2360,THIRUMAYAM,IND,0,Graduate,https://myneta.info/image_v2.php?myneta_folder=TamilNadu2026&candidate_id=2360&col=ta,https://myneta.info/image_v2.php?myneta_folder=TamilNadu2026&candidate_id=2360&col=lia
3454,1071,Subramanian.S,https://www.myneta.info/TamilNadu2026/candidate.php?candidate_id=1071,TIRUNELVELI,DMK,0,Post Graduate,"Rs 5,33,02,041 ~ 5 Crore+","Rs 91,20,105 ~ 91 Lacs+"
3455,2792,Subramaniyam L R,https://www.myneta.info/TamilNadu2026/candidate.php?candidate_id=2792,CUMBUM,IND,0,8th Pass,"Rs 39,79,293 ~ 39 Lacs+","Rs 27,59,874 ~ 27 Lacs+"
3456,1684,Sudalaimani. A,https://www.myneta.info/TamilNadu2026/candidate.php?candidate_id=1684,SRIVAIKUNTAM,Nam Naadu Nam Makkal Nam Ethirkaalam Katchi,0,Graduate Professional,https://myneta.info/image_v2.php?myneta_folder=TamilNadu2026&candidate_id=1684&col=ta,https://myneta.info/image_v2.php?myneta_folder=TamilNadu2026&candidate_id=1684&col=lia
3457,3304,Sudandiradoss.M,https://www.myneta.info/TamilNadu2026/candidate.php?candidate_id=3304,SRIVILLIPUTHUR (SC),IND,0,Others,"Rs 12,20,000 ~ 12 Lacs+",Rs 0 ~
3458,3731,Sudaroli S.Murugan Yadhav,https://www.myneta.info/TamilNadu2026/candidate.php?candidate_id=3731,NANGUNERI,IND,1,Graduate Professional,"Rs 89,52,131 ~ 89 Lacs+","Rs 15,20,000 ~ 15 Lacs+"
3459,3664,Sudarsanam,https://www.myneta.info/TamilNadu2026/candidate.php?candidate_id=3664,MADHAVARAM,IND,0,10th Pass,https://myneta.info/image_v2.php?myneta_folder=TamilNadu2026&candidate_id=3664&col=ta,https://myneta.info/image_v2.php?myneta_folder=TamilNadu2026&candidate_id=3664&col=lia
3460,3836,Sudha M,https://www.myneta.info/TamilNadu2026/candidate.php?candidate_id=3836,SANKARAPURAM,BSP,0,Graduate,"Rs 7,40,000 ~ 7 Lacs+","Rs 1,35,000 ~ 1 Lacs+"
3461,3411,Sudha. S,https://www.myneta.info/TamilNadu2026/candidate.php?candidate_id=3411,ARANI,IND,0,12th Pass,"Rs 2,43,489 ~ 2 Lacs+",Rs 0 ~
3462,3126,Sudhagar.R,https://www.myneta.info/TamilNadu2026/candidate.php?candidate_id=3126,KANNIYAKUMARI,IND,0,8th Pass,https://myneta.info/image_v2.php?myneta_folder=TamilNadu2026&candidate_id=3126&col=ta,https://myneta.info/image_v2.php?myneta_folder=TamilNadu2026&candidate_id=3126&col=lia
3463,2962,Sudhakar M,https://www.myneta.info/TamilNadu2026/candidate.php?candidate_id=2962,ARIYALUR,Tamizhaga Vaazhvurimai Katchi,0,10th Pass,"Rs 84,14,700 ~ 84 Lacs+","Rs 76,94,911 ~ 76 Lacs+"
3464,926,Sudhakar M,https://www.myneta.info/TamilNadu2026/candidate.php?candidate_id=926,ULUNDURPETTAI,Tamilaga Vettri Kazhagam,0,Others,"Rs 5,52,49,800 ~ 5 Crore+","Rs 2,09,31,361 ~ 2 Crore+"
3465,3347,Sudhakar.K,https://www.myneta.info/TamilNadu2026/candidate.php?candidate_id=3347,SHOLINGHUR,Tamizhaga Vaazhvurimai Katchi,1,Graduate Professional,https://myneta.info/image_v2.php?myneta_folder=TamilNadu2026&candidate_id=3347&col=ta,https://myneta.info/image_v2.php?myneta_folder=TamilNadu2026&candidate_id=3347&col=lia
3466,715,Sudhakar.V,https://www.myneta.info/TamilNadu2026/candidate.php?candidate_id=715,GUMMIDIPOONDI,AIADMK,0,12th Pass,"Rs 7,22,83,825 ~ 7 Crore+","Rs 2,20,33,096 ~ 2 Crore+"
3467,1621,Sudharsan K,https://www.myneta.info/TamilNadu2026/candidate.php?candidate_id=1621,PARAMATHIVELUR,IND,0,Graduate,"Rs 5,95,000 ~ 5 Lacs+",Rs 0 ~
3468,72,Suganthi,https://www.myneta.info/TamilNadu2026/candidate.php?candidate_id=72,KRISHNAGIRI,Naam Tamilar Katchi,0,Graduate,https://myneta.info/image_v2.php?myneta_folder=TamilNadu2026&candidate_id=72&col=ta,https://myneta.info/image_v2.php?myneta_folder=TamilNadu2026&candidate_id=72&col=lia
3469,319,Suganya S,https://www.myneta.info/TamilNadu2026/candidate.php?candidate_id=319,ARAVAKURICHI,BSP,0,Post Graduate,"Rs 5,27,500 ~ 5 Lacs+","Rs 2,50,000 ~ 2 Lacs+"
3470,1474,Suganya. J,https://www.myneta.info/TamilNadu2026/candidate.php?candidate_id=1474,PERAMBALUR (SC),Naam Tamilar Katchi,0,Graduate,"Rs 8,35,589 ~ 8 Lacs+","Rs 7,92,786 ~ 7 Lacs+"
3471,996,Sujatha. V,https://www.myneta.info/TamilNadu2026/candidate.php?candidate_id=996,GANGAVALLI (SC),Tamilaga Vettri Kazhagam,0,Doctorate,https://myneta.info/image_v2.php?myneta_folder=TamilNadu2026&candidate_id=996&col=ta,https://myneta.info/image_v2.php?myneta_folder=TamilNadu2026&candidate_id=996&col=lia
3472,381,Sukumar S,https://www.myneta.info/TamilNadu2026/candidate.php?candidate_id=381,TIRUCHIRAPPALLI (EAST),Thamizhaka Padaippalar Makkal Katchi,0,10th Pass,"Rs 52,75,000 ~ 52 Lacs+",Rs 0 ~
3473,883,Suman Singh.R.,https://www.myneta.info/TamilNadu2026/candidate.php?candidate_id=883,SULUR,Tamizhaga Vaazhvurimai Katchi,0,Graduate Professional,"Rs 1,12,76,380 ~ 1 Crore+","Rs 29,28,296 ~ 29 Lacs+"
3474,3523,Suman. M,https://www.myneta.info/TamilNadu2026/candidate.php?candidate_id=3523,KALASAPAKKAM,Aanaithinthiya Jananayaka Pathukappu Kazhagam,0,12th Pass,https://myneta.info/image_v2.php?myneta_folder=TamilNadu2026&candidate_id=3523&col=ta,https://myneta.info/image_v2.php?myneta_folder=TamilNadu2026&candidate_id=3523&col=lia
3475,21,Sumathi . S,https://www.myneta.info/TamilNadu2026/candidate.php?candidate_id=21,BHUVANAGIRI,Naam Tamilar Katchi,0,Post Graduate,"Rs 78,05,000 ~ 78 Lacs+","Rs 35,00,000 ~ 35 Lacs+"
3476,1650,Sumathi. P,https://www.myneta.info/TamilNadu2026/candidate.php?candidate_id=1650,SALEM (SOUTH),IND,0,Graduate,"Rs 23,70,839 ~ 23 Lacs+","Rs 5,38,000 ~ 5 Lacs+"
3477,3478,Sumathi.G,https://www.myneta.info/TamilNadu2026/candidate.php?candidate_id=3478,GOBICHETTIPALAYAM,IND,0,10th Pass,https://myneta.info/image_v2.php?myneta_folder=TamilNadu2026&candidate_id=3478&col=ta,https://myneta.info/image_v2.php?myneta_folder=TamilNadu2026&candidate_id=3478&col=lia
3478,1581,Sundar . A,https://www.myneta.info/TamilNadu2026/candidate.php?candidate_id=1581,ARANTHANGI,IND,0,Graduate,"Rs 29,21,812 ~ 29 Lacs+","Rs 4,00,000 ~ 4 Lacs+"
3479,826,Sundar C,https://www.myneta.info/TamilNadu2026/candidate.php?candidate_id=826,MADURAI CENTRAL,AIADMK,0,10th Pass,"Rs 46,73,18,678 ~ 46 Crore+","Rs 6,87,29,709 ~ 6 Crore+"
3480,3739,Sundar C,https://www.myneta.info/TamilNadu2026/candidate.php?candidate_id=3739,NATHAM,IND,0,12th Pass,https://myneta.info/image_v2.php?myneta_folder=TamilNadu2026&candidate_id=3739&col=ta,https://myneta.info/image_v2.php?myneta_folder=TamilNadu2026&candidate_id=3739&col=lia
3481,3629,Sundar G,https://www.myneta.info/TamilNadu2026/candidate.php?candidate_id=3629,KUMBAKONAM,Thamizh Desiya Munnetra Kazhagam,0,Graduate,"Rs 85,500 ~ 85 Thou+","Rs 1,56,000 ~ 1 Lacs+"
3482,718,Sundar.K,https://www.myneta.info/TamilNadu2026/candidate.php?candidate_id=718,UTHIRAMERUR,DMK,0,Graduate,"Rs 3,16,86,682 ~ 3 Crore+",Rs 0 ~
3483,451,Sundara Raju.A,https://www.myneta.info/TamilNadu2026/candidate.php?candidate_id=451,THOUSAND LIGHTS,IND,0,Post Graduate,https://myneta.info/image_v2.php?myneta_folder=TamilNadu2026&candidate_id=451&col=ta,https://myneta.info/image_v2.php?myneta_folder=TamilNadu2026&candidate_id=451&col=lia
3484,3803,Sundarajan.S,https://www.myneta.info/TamilNadu2026/candidate.php?candidate_id=3803,RADHAPURAM,IND,0,8th Pass,"Rs 15,98,000 ~ 15 Lacs+","Rs 4,38,000 ~ 4 Lacs+"
3485,1649,Sundaram. R,https://www.myneta.info/TamilNadu2026/candidate.php?candidate_id=1649,SALEM (SOUTH),IND,0,5th Pass,"Rs 13,80,000 ~ 13 Lacs+",Rs 0 ~
3486,480,Sundarammal,https://www.myneta.info/TamilNadu2026/candidate.php?candidate_id=480,VANIYAMBADI,Makkal Arasial Katchi,0,Illiterate,https://myneta.info/image_v2.php?myneta_folder=TamilNadu2026&candidate_id=480&col=ta,https://myneta.info/image_v2.php?myneta_folder=TamilNadu2026&candidate_id=480&col=lia
3487,3320,Sundaramoorthi. S,https://www.myneta.info/TamilNadu2026/candidate.php?candidate_id=3320,ARUPPUKOTTAI,IND,0,10th Pass,"Rs 26,32,000 ~ 26 Lacs+","Rs 5,10,824 ~ 5 Lacs+"
3488,561,Sundaramoorthy. M.,https://www.myneta.info/TamilNadu2026/candidate.php?candidate_id=561,DHARMAPURI,IND,0,10th Pass,"Rs 91,22,911 ~ 91 Lacs+","Rs 20,84,890 ~ 20 Lacs+"
3489,2523,Sundarapandiyaraja,https://www.myneta.info/TamilNadu2026/candidate.php?candidate_id=2523,TIRUCHIRAPPALLI (WEST),IND,0,Post Graduate,https://myneta.info/image_v2.php?myneta_folder=TamilNadu2026&candidate_id=2523&col=ta,https://myneta.info/image_v2.php?myneta_folder=TamilNadu2026&candidate_id=2523&col=lia
3490,1040,Sundararaj. L,https://www.myneta.info/TamilNadu2026/candidate.php?candidate_id=1040,THIRUVOTTIYUR,CPI(M),0,10th Pass,"Rs 51,21,203 ~ 51 Lacs+",Rs 0 ~
3491,877,Sunilanand,https://www.myneta.info/TamilNadu2026/candidate.php?candidate_id=877,METTUPALAYAM,Tamilaga Vettri Kazhagam,0,10th Pass,"Rs 31,32,04,393 ~ 31 Crore+","Rs 2,94,74,769 ~ 2 Crore+"
3492,2249,Surendar. R,https://www.myneta.info/TamilNadu2026/candidate.php?candidate_id=2249,PANRUTI,Tamizhaga Vaazhvurimai Katchi,1,Post Graduate,https://myneta.info/image_v2.php?myneta_folder=TamilNadu2026&candidate_id=2249&col=ta,https://myneta.info/image_v2.php?myneta_folder=TamilNadu2026&candidate_id=2249&col=lia
3493,2350,Surenthar. K,https://www.myneta.info/TamilNadu2026/candidate.php?candidate_id=2350,KILVELUR,Puthiya Tamilagam,0,Graduate,"Rs 10,93,700 ~ 10 Lacs+","Rs 2,00,000 ~ 2 Lacs+"
3494,2882,Suresh C V,https://www.myneta.info/TamilNadu2026/candidate.php?candidate_id=2882,VANUR (SC),IND,0,Graduate Professional,"Rs 9,78,980 ~ 9 Lacs+",Rs 0 ~
3495,4018,Suresh K,https://www.myneta.info/TamilNadu2026/candidate.php?candidate_id=4018,VELACHERY,IND,0,8th Pass,https://myneta.info/image_v2.php?myneta_folder=TamilNadu2026&candidate_id=4018&col=ta,https://myneta.info/image_v2.php?myneta_folder=TamilNadu2026&candidate_id=4018&col=lia
3496,3885,Suresh K,https://www.myneta.info/TamilNadu2026/candidate.php?candidate_id=3885,SIVAKASI,BSP,0,Graduate Professional,"Rs 26,450 ~ 26 Thou+",Rs 0 ~
3497,2863,Suresh Kumar S,https://www.myneta.info/TamilNadu2026/candidate.php?candidate_id=2863,MAILAM,Indhia Kudiarasu Katchi,0,Post Graduate,"Rs 11,76,000 ~ 11 Lacs+","Rs 6,58,000 ~ 6 Lacs+"
3498,144,Suresh Kumar.R,https://www.myneta.info/TamilNadu2026/candidate.php?candidate_id=144,SALEM (WEST),Naam Tamilar Katchi,0,Post Graduate,https://myneta.info/image_v2.php?myneta_folder=TamilNadu2026&candidate_id=144&col=ta,https://myneta.info/image_v2.php?myneta_folder=TamilNadu2026&candidate_id=144&col=lia
3499,1821,Suresh M R,https://www.myneta.info/TamilNadu2026/candidate.php?candidate_id=1821,PATTUKKOTTAI,IND,1,10th Pass,"Rs 13,15,000 ~ 13 Lacs+",Rs 0 ~
3500,1088,Suresh P,https://www.myneta.info/TamilNadu2026/candidate.php?candidate_id=1088,VANUR (SC),Tamilaga Vettri Kazhagam,1,Graduate Professional,"Rs 1,31,16,387 ~ 1 Crore+","Rs 19,19,736 ~ 19 Lacs+"
3501,1623,Suresh R,https://www.myneta.info/TamilNadu2026/candidate.php?candidate_id=1623,PARAMATHIVELUR,IND,0,5th Pass,https://myneta.info/image_v2.php?myneta_folder=TamilNadu2026&candidate_id=1623&col=ta,https://myneta.info/image_v2.php?myneta_folder=TamilNadu2026&candidate_id=1623&col=lia
3502,1822,Suresh R,https://www.myneta.info/TamilNadu2026/candidate.php?candidate_id=1822,PATTUKKOTTAI,IND,0,8th Pass,"Rs 16,31,763 ~ 16 Lacs+",Rs 0 ~
3503,2274,Suresh. B,https://www.myneta.info/TamilNadu2026/candidate.php?candidate_id=2274,VEDASANDUR,IND,0,Graduate Professional,"Rs 99,279 ~ 99 Thou+","Rs 20,000 ~ 20 Thou+"
3504,1256,Suresh. G,https://www.myneta.info/TamilNadu2026/candidate.php?candidate_id=1256,THALLY,Tamilaga Vettri Kazhagam,1,8th Pass,https://myneta.info/image_v2.php?myneta_folder=TamilNadu2026&candidate_id=1256&col=ta,https://myneta.info/image_v2.php?myneta_folder=TamilNadu2026&candidate_id=1256&col=lia
3505,3452,Suresh. L,https://www.myneta.info/TamilNadu2026/candidate.php?candidate_id=3452,EDAPPADI,All India Puratchi Thalaivar Makkal Munnettra Kazhagam,1,10th Pass,"Rs 1,25,91,699 ~ 1 Crore+",Rs 0 ~
3506,3407,Suresh. S,https://www.myneta.info/TamilNadu2026/candidate.php?candidate_id=3407,ARANI,Tamizhaga Vaazhvurimai Katchi,0,5th Pass,"Rs 2,82,000 ~ 2 Lacs+","Rs 2,50,000 ~ 2 Lacs+"
3507,2484,Suresh. V,https://www.myneta.info/TamilNadu2026/candidate.php?candidate_id=2484,NANNILAM,IND,0,8th Pass,https://myneta.info/image_v2.php?myneta_folder=TamilNadu2026&candidate_id=2484&col=ta,https://myneta.info/image_v2.php?myneta_folder=TamilNadu2026&candidate_id=2484&col=lia
3508,1791,Suresh. V,https://www.myneta.info/TamilNadu2026/candidate.php?candidate_id=1791,KARAIKUDI,IND,0,10th Pass,"Rs 21,000 ~ 21 Thou+",Rs 0 ~
3509,3981,Sureshbabu.T.M,https://www.myneta.info/TamilNadu2026/candidate.php?candidate_id=3981,VIRUGAMPAKKAM,Tamil Telugu National Party,0,12th Pass,"Rs 1,20,79,000 ~ 1 Crore+",Rs 0 ~
3510,3698,Sureshkannan P,https://www.myneta.info/TamilNadu2026/candidate.php?candidate_id=3698,NAMAKKAL,Ganasangam Party of India,0,Literate,https://myneta.info/image_v2.php?myneta_folder=TamilNadu2026&candidate_id=3698&col=ta,https://myneta.info/image_v2.php?myneta_folder=TamilNadu2026&candidate_id=3698&col=lia
3511,3321,Sureshkumar. K,https://www.myneta.info/TamilNadu2026/candidate.php?candidate_id=3321,ARUPPUKOTTAI,IND,0,10th Pass,"Rs 20,000 ~ 20 Thou+",Rs 0 ~
3512,2936,Sureshkumar. S,https://www.myneta.info/TamilNadu2026/candidate.php?candidate_id=2936,KADAYANALLUR,Naam Indiar Party,0,8th Pass,"Rs 3,62,000 ~ 3 Lacs+",Rs 0 ~
3513,2749,Sureshkumar. S,https://www.myneta.info/TamilNadu2026/candidate.php?candidate_id=2749,OMALUR,Aanaithinthiya Jananayaka Pathukappu Kazhagam,0,Others,https://myneta.info/image_v2.php?myneta_folder=TamilNadu2026&candidate_id=2749&col=ta,https://myneta.info/image_v2.php?myneta_folder=TamilNadu2026&candidate_id=2749&col=lia
3514,4085,Suriyakumar. J,https://www.myneta.info/TamilNadu2026/candidate.php?candidate_id=4085,KARUR,IND,0,Post Graduate,"Rs 96,07,980 ~ 96 Lacs+","Rs 12,00,000 ~ 12 Lacs+"
3515,3554,Suriyakumar.K,https://www.myneta.info/TamilNadu2026/candidate.php?candidate_id=3554,KAVUNDAMPALAYAM,IND,0,Post Graduate,"Rs 70,31,583 ~ 70 Lacs+","Rs 29,80,000 ~ 29 Lacs+"
3516,1181,Suriyanur. A. Chandran,https://www.myneta.info/TamilNadu2026/candidate.php?candidate_id=1181,KULITHALAI,DMK,0,Post Graduate,https://myneta.info/image_v2.php?myneta_folder=TamilNadu2026&candidate_id=1181&col=ta,https://myneta.info/image_v2.php?myneta_folder=TamilNadu2026&candidate_id=1181&col=lia
3517,1128,Surya Prakash K.P,https://www.myneta.info/TamilNadu2026/candidate.php?candidate_id=1128,KAVUNDAMPALAYAM,INC,0,Graduate,"Rs 1,73,79,387 ~ 1 Crore+","Rs 1,48,72,968 ~ 1 Crore+"
3518,3505,Surya. Y,https://www.myneta.info/TamilNadu2026/candidate.php?candidate_id=3505,HOSUR,Republican Party of India (Athawale),0,Graduate,"Rs 33,17,849 ~ 33 Lacs+","Rs 13,00,000 ~ 13 Lacs+"
3519,3305,Suryaprakash.R,https://www.myneta.info/TamilNadu2026/candidate.php?candidate_id=3305,SRIVILLIPUTHUR (SC),IND,0,Graduate Professional,https://myneta.info/image_v2.php?myneta_folder=TamilNadu2026&candidate_id=3305&col=ta,https://myneta.info/image_v2.php?myneta_folder=TamilNadu2026&candidate_id=3305&col=lia
3520,3569,Suryaprakash.S,https://www.myneta.info/TamilNadu2026/candidate.php?candidate_id=3569,KILPENNATHUR,IND,0,Doctorate,"Rs 21,35,915 ~ 21 Lacs+",Rs 0 ~
3521,1811,Suyambulingam A,https://www.myneta.info/TamilNadu2026/candidate.php?candidate_id=1811,NAGERCOIL,IND,0,8th Pass,"Rs 38,64,092 ~ 38 Lacs+",Rs 0 ~
3522,1812,Suyambulingam P,https://www.myneta.info/TamilNadu2026/candidate.php?candidate_id=1812,NAGERCOIL,IND,0,Post Graduate,https://myneta.info/image_v2.php?myneta_folder=TamilNadu2026&candidate_id=1812&col=ta,https://myneta.info/image_v2.php?myneta_folder=TamilNadu2026&candidate_id=1812&col=lia
3523,26,Swathilakshmi Sekar,https://www.myneta.info/TamilNadu2026/candidate.php?candidate_id=26,CHEYYUR (SC),Naam Tamilar Katchi,0,Graduate,"Rs 12,46,200 ~ 12 Lacs+","Rs 22,33,634 ~ 22 Lacs+"
3524,479,Syed Bhurhanudeen,https://www.myneta.info/TamilNadu2026/candidate.php?candidate_id=479,VANIYAMBADI,Tamilaga Vettri Kazhagam,0,Graduate Professional,"Rs 76,08,320 ~ 76 Lacs+","Rs 30,16,500 ~ 30 Lacs+"
3525,1308,Syed Farooq Basha Ssb,https://www.myneta.info/TamilNadu2026/candidate.php?candidate_id=1308,VANIYAMBADI,Indian Union Muslim League,0,5th Pass,https://myneta.info/image_v2.php?myneta_folder=TamilNadu2026&candidate_id=1308&col=ta,https://myneta.info/image_v2.php?myneta_folder=TamilNadu2026&candidate_id=1308&col=lia
3526,2313,Syed Ibrahim. M.,https://www.myneta.info/TamilNadu2026/candidate.php?candidate_id=2313,THIRUPARANKUNDRAM,Tamizhaga Vaazhvurimai Katchi,1,Others,"Rs 49,99,000 ~ 49 Lacs+","Rs 26,68,000 ~ 26 Lacs+"
3527,1826,Syed Mukram. R. N,https://www.myneta.info/TamilNadu2026/candidate.php?candidate_id=1826,POLUR,Tamizhaga Vaazhvurimai Katchi,0,5th Pass,"Rs 5,93,000 ~ 5 Lacs+",Rs 0 ~
3528,1066,Syed Sulthan Samsudeen,https://www.myneta.info/TamilNadu2026/candidate.php?candidate_id=1066,PALAYAMKOTTAI,AIADMK,0,Graduate,https://myneta.info/image_v2.php?myneta_folder=TamilNadu2026&candidate_id=1066&col=ta,https://myneta.info/image_v2.php?myneta_folder=TamilNadu2026&candidate_id=1066&col=lia
3529,2683,Syedali. A,https://www.myneta.info/TamilNadu2026/candidate.php?candidate_id=2683,PADMANABHAPURAM,Our Mahathma National Party,0,12th Pass,"Rs 83,94,000 ~ 83 Lacs+",Rs 0 ~
3530,3011,Syeed Layak Bhasha,https://www.myneta.info/TamilNadu2026/candidate.php?candidate_id=3011,CHEPAUK-THIRUVALLIKENI,IND,0,8th Pass,"Rs 3,91,213 ~ 3 Lacs+","Rs 36,000 ~ 36 Thou+"
3531,3064,T Kannan,https://www.myneta.info/TamilNadu2026/candidate.php?candidate_id=3064,KURINJIPADI,Tamizhaga Vaazhvurimai Katchi,3,10th Pass,https://myneta.info/image_v2.php?myneta_folder=TamilNadu2026&candidate_id=3064&col=ta,https://myneta.info/image_v2.php?myneta_folder=TamilNadu2026&candidate_id=3064&col=lia
3532,1138,T M Tamilselvam,https://www.myneta.info/TamilNadu2026/candidate.php?candidate_id=1138,UTHANGARAI (SC),AIADMK,0,10th Pass,"Rs 57,59,933 ~ 57 Lacs+",Rs 0 ~
3533,1423,T Marikumar,https://www.myneta.info/TamilNadu2026/candidate.php?candidate_id=1423,ALANGULAM,IND,1,8th Pass,"Rs 6,86,000 ~ 6 Lacs+",Rs 0 ~
3534,3380,T S Habeeb Mohammad,https://www.myneta.info/TamilNadu2026/candidate.php?candidate_id=3380,ANNA NAGAR,IND,0,8th Pass,https://myneta.info/image_v2.php?myneta_folder=TamilNadu2026&candidate_id=3380&col=ta,https://myneta.info/image_v2.php?myneta_folder=TamilNadu2026&candidate_id=3380&col=lia
3535,3495,T Vijayaraj,https://www.myneta.info/TamilNadu2026/candidate.php?candidate_id=3495,HARBOUR,IND,0,Graduate,"Rs 16,81,500 ~ 16 Lacs+",Rs 0 ~
3536,2184,T. Gangai Ulaganathan,https://www.myneta.info/TamilNadu2026/candidate.php?candidate_id=2184,TIRUCHIRAPPALLI (EAST),IND,0,10th Pass,"Rs 35,000 ~ 35 Thou+",Rs 0 ~
3537,1540,T. Kaviyarasu,https://www.myneta.info/TamilNadu2026/candidate.php?candidate_id=1540,ROYAPURAM,IND,0,Graduate Professional,https://myneta.info/image_v2.php?myneta_folder=TamilNadu2026&candidate_id=1540&col=ta,https://myneta.info/image_v2.php?myneta_folder=TamilNadu2026&candidate_id=1540&col=lia
3538,614,T. Lingadurai,https://www.myneta.info/TamilNadu2026/candidate.php?candidate_id=614,NANGUNERI,IND,0,Post Graduate,"Rs 34,31,282 ~ 34 Lacs+","Rs 6,74,000 ~ 6 Lacs+"
3539,2072,T. Magizhan,https://www.myneta.info/TamilNadu2026/candidate.php?candidate_id=2072,COIMBATORE (SOUTH),IND,0,Graduate,"Rs 10,08,159 ~ 10 Lacs+","Rs 7,00,000 ~ 7 Lacs+"
3540,2624,T. Magizhanban,https://www.myneta.info/TamilNadu2026/candidate.php?candidate_id=2624,EGMORE (SC),All India Puratchi Thalaivar Makkal Munnettra Kazhagam,0,Literate,https://myneta.info/image_v2.php?myneta_folder=TamilNadu2026&candidate_id=2624&col=ta,https://myneta.info/image_v2.php?myneta_folder=TamilNadu2026&candidate_id=2624&col=lia
3541,792,T. Maheshkumar,https://www.myneta.info/TamilNadu2026/candidate.php?candidate_id=792,KADAYANALLUR,BSP,0,Graduate,"Rs 6,91,000 ~ 6 Lacs+",Rs 0 ~
3542,3403,T. Muralidharan,https://www.myneta.info/TamilNadu2026/candidate.php?candidate_id=3403,ARAKKONAM (SC),IND,0,12th Pass,"Rs 19,91,000 ~ 19 Lacs+",Rs 0 ~
3543,3178,T. Murugesan,https://www.myneta.info/TamilNadu2026/candidate.php?candidate_id=3178,GANDARVAKOTTAI (SC),IND,0,10th Pass,https://myneta.info/image_v2.php?myneta_folder=TamilNadu2026&candidate_id=3178&col=ta,https://myneta.info/image_v2.php?myneta_folder=TamilNadu2026&candidate_id=3178&col=lia
3544,2240,T. Nithyanantham,https://www.myneta.info/TamilNadu2026/candidate.php?candidate_id=2240,POLLACHI,IND,0,10th Pass,"Rs 30,97,100 ~ 30 Lacs+","Rs 10,50,000 ~ 10 Lacs+"
3545,1357,T. Parivallal,https://www.myneta.info/TamilNadu2026/candidate.php?candidate_id=1357,LALGUDI,DMK,0,12th Pass,"Rs 15,78,94,721 ~ 15 Crore+","Rs 2,59,23,000 ~ 2 Crore+"
3546,2581,T. Prem Balaji,https://www.myneta.info/TamilNadu2026/candidate.php?candidate_id=2581,CHENGALPATTU,IND,0,Graduate Professional,https://myneta.info/image_v2.php?myneta_folder=TamilNadu2026&candidate_id=2581&col=ta,https://myneta.info/image_v2.php?myneta_folder=TamilNadu2026&candidate_id=2581&col=lia
3547,2152,T. Rajamanickam,https://www.myneta.info/TamilNadu2026/candidate.php?candidate_id=2152,THURAIYUR (SC),Puthiya Tamilagam,0,5th Pass,"Rs 16,10,000 ~ 16 Lacs+","Rs 2,00,000 ~ 2 Lacs+"
3548,1554,T. Rajesh,https://www.myneta.info/TamilNadu2026/candidate.php?candidate_id=1554,ROYAPURAM,IND,0,8th Pass,"Rs 81,000 ~ 81 Thou+",Rs 0 ~
3549,3732,T. Rajkumar,https://www.myneta.info/TamilNadu2026/candidate.php?candidate_id=3732,NANGUNERI,IND,0,10th Pass,https://myneta.info/image_v2.php?myneta_folder=TamilNadu2026&candidate_id=3732&col=ta,https://myneta.info/image_v2.php?myneta_folder=TamilNadu2026&candidate_id=3732&col=lia
3550,3725,T. Sankar,https://www.myneta.info/TamilNadu2026/candidate.php?candidate_id=3725,NANGUNERI,IND,4,10th Pass,"Rs 1,16,90,935 ~ 1 Crore+","Rs 32,91,511 ~ 32 Lacs+"
3551,3193,T. Vijayakumar,https://www.myneta.info/TamilNadu2026/candidate.php?candidate_id=3193,ORATHANADU,IND,1,12th Pass,"Rs 41,64,518 ~ 41 Lacs+","Rs 33,61,355 ~ 33 Lacs+"
3552,1067,T.A.Umar,https://www.myneta.info/TamilNadu2026/candidate.php?candidate_id=1067,PALAYAMKOTTAI,Tamizhaga Vaazhvurimai Katchi,0,Illiterate,https://myneta.info/image_v2.php?myneta_folder=TamilNadu2026&candidate_id=1067&col=ta,https://myneta.info/image_v2.php?myneta_folder=TamilNadu2026&candidate_id=1067&col=lia
3553,3329,T.Amirtha Kanthan,https://www.myneta.info/TamilNadu2026/candidate.php?candidate_id=3329,PALLAVARAM,Naam Indiar Party,0,Others,"Rs 47,71,854 ~ 47 Lacs+","Rs 18,00,000 ~ 18 Lacs+"
3554,2650,T.Amirthalingam,https://www.myneta.info/TamilNadu2026/candidate.php?candidate_id=2650,METTUPALAYAM,IND,0,10th Pass,"Rs 60,000 ~ 60 Thou+",Rs 0 ~
3555,1643,T.Arulmurugan,https://www.myneta.info/TamilNadu2026/candidate.php?candidate_id=1643,PERAVURANI,IND,0,Graduate,https://myneta.info/image_v2.php?myneta_folder=TamilNadu2026&candidate_id=1643&col=ta,https://myneta.info/image_v2.php?myneta_folder=TamilNadu2026&candidate_id=1643&col=lia
3556,3896,T.Dhivakaran,https://www.myneta.info/TamilNadu2026/candidate.php?candidate_id=3896,TAMBARAM,IND,0,10th Pass,"Rs 10,000 ~ 10 Thou+",Rs 0 ~
3557,2426,T.Govindan,https://www.myneta.info/TamilNadu2026/candidate.php?candidate_id=2426,GUMMIDIPOONDI,IND,0,10th Pass,"Rs 17,48,000 ~ 17 Lacs+",Rs 0 ~
3558,716,T.J.Govindarajan,https://www.myneta.info/TamilNadu2026/candidate.php?candidate_id=716,GUMMIDIPOONDI,DMK,1,10th Pass,https://myneta.info/image_v2.php?myneta_folder=TamilNadu2026&candidate_id=716&col=ta,https://myneta.info/image_v2.php?myneta_folder=TamilNadu2026&candidate_id=716&col=lia
3559,2345,T.Kathiravan,https://www.myneta.info/TamilNadu2026/candidate.php?candidate_id=2345,NAGAPATTINAM,IND,0,Post Graduate,"Rs 15,00,235 ~ 15 Lacs+",Rs 0 ~
3560,2539,T.Krishnaswamy,https://www.myneta.info/TamilNadu2026/candidate.php?candidate_id=2539,TIRUPPUR (NORTH),Anna Puratchi Thalaivar Amma Dravida Munnetra Kazhagam,0,Literate,"Rs 11,63,000 ~ 11 Lacs+",Rs 0 ~
3561,929,T.M.Anbarasan,https://www.myneta.info/TamilNadu2026/candidate.php?candidate_id=929,ALANDUR,DMK,2,10th Pass,https://myneta.info/image_v2.php?myneta_folder=TamilNadu2026&candidate_id=929&col=ta,https://myneta.info/image_v2.php?myneta_folder=TamilNadu2026&candidate_id=929&col=lia
3562,2391,T.M.Puratchi Mani,https://www.myneta.info/TamilNadu2026/candidate.php?candidate_id=2391,THIRUVIDAIMARUDUR (SC),BSP,0,Doctorate,"Rs 25,11,500 ~ 25 Lacs+",Rs 0 ~
3563,1333,T.M.Revathi,https://www.myneta.info/TamilNadu2026/candidate.php?candidate_id=1333,YERCAUD (ST),DMK,0,Graduate Professional,"Rs 1,49,51,413 ~ 1 Crore+","Rs 21,78,061 ~ 21 Lacs+"
3564,426,T.Muruganantham,https://www.myneta.info/TamilNadu2026/candidate.php?candidate_id=426,KULITHALAI,IND,0,Graduate Professional,https://myneta.info/image_v2.php?myneta_folder=TamilNadu2026&candidate_id=426&col=ta,https://myneta.info/image_v2.php?myneta_folder=TamilNadu2026&candidate_id=426&col=lia
3565,3236,T.Nataraj,https://www.myneta.info/TamilNadu2026/candidate.php?candidate_id=3236,KANGAYAM,IND,0,5th Pass,"Rs 89,00,500 ~ 89 Lacs+",Rs 0 ~
3566,2567,T.Poovarasan,https://www.myneta.info/TamilNadu2026/candidate.php?candidate_id=2567,GUDIYATTAM (SC),BSP,0,10th Pass,"Rs 7,16,000 ~ 7 Lacs+",Rs 0 ~
3567,2652,T.R.Shanmugasundaram,https://www.myneta.info/TamilNadu2026/candidate.php?candidate_id=2652,METTUPALAYAM,IND,2,5th Pass,https://myneta.info/image_v2.php?myneta_folder=TamilNadu2026&candidate_id=2652&col=ta,https://myneta.info/image_v2.php?myneta_folder=TamilNadu2026&candidate_id=2652&col=lia
3568,3360,T.Rajendran,https://www.myneta.info/TamilNadu2026/candidate.php?candidate_id=3360,SHOLINGHUR,IND,0,10th Pass,"Rs 4,45,000 ~ 4 Lacs+",Rs 0 ~
3569,3608,T.Selvaraj,https://www.myneta.info/TamilNadu2026/candidate.php?candidate_id=3608,KULITHALAI,IND,0,10th Pass,Nil,Rs 0 ~
3570,1521,T.Thirumaran,https://www.myneta.info/TamilNadu2026/candidate.php?candidate_id=1521,ALANGUDI,IND,0,Post Graduate,https://myneta.info/image_v2.php?myneta_folder=TamilNadu2026&candidate_id=1521&col=ta,https://myneta.info/image_v2.php?myneta_folder=TamilNadu2026&candidate_id=1521&col=lia
3571,1899,T.Vengateshsan,https://www.myneta.info/TamilNadu2026/candidate.php?candidate_id=1899,YERCAUD (ST),Tamizhaga Vaazhvurimai Katchi,0,5th Pass,"Rs 58,67,000 ~ 58 Lacs+","Rs 8,00,000 ~ 8 Lacs+"
3572,1376,Tamilan Prasanna,https://www.myneta.info/TamilNadu2026/candidate.php?candidate_id=1376,EGMORE (SC),DMK,1,Graduate Professional,"Rs 10,51,66,193 ~ 10 Crore+","Rs 3,79,85,767 ~ 3 Crore+"
3573,1888,Tamilarasan M,https://www.myneta.info/TamilNadu2026/candidate.php?candidate_id=1888,ARAVAKURICHI,IND,0,12th Pass,https://myneta.info/image_v2.php?myneta_folder=TamilNadu2026&candidate_id=1888&col=ta,https://myneta.info/image_v2.php?myneta_folder=TamilNadu2026&candidate_id=1888&col=lia
3574,2780,Tamilarasan. D,https://www.myneta.info/TamilNadu2026/candidate.php?candidate_id=2780,VEERAPANDI,IND,0,10th Pass,"Rs 8,59,000 ~ 8 Lacs+","Rs 4,95,000 ~ 4 Lacs+"
3575,3771,Tamilarasan. M.,https://www.myneta.info/TamilNadu2026/candidate.php?candidate_id=3771,PENNAGARAM,IND,0,Graduate Professional,"Rs 20,65,307 ~ 20 Lacs+","Rs 6,25,000 ~ 6 Lacs+"
3576,2746,Tamilarasan. T,https://www.myneta.info/TamilNadu2026/candidate.php?candidate_id=2746,GANGAVALLI (SC),IND,0,10th Pass,https://myneta.info/image_v2.php?myneta_folder=TamilNadu2026&candidate_id=2746&col=ta,https://myneta.info/image_v2.php?myneta_folder=TamilNadu2026&candidate_id=2746&col=lia
3577,1353,Tamilarasi.A,https://www.myneta.info/TamilNadu2026/candidate.php?candidate_id=1353,MANAMADURAI (SC),DMK,6,Graduate,"Rs 5,06,13,033 ~ 5 Crore+","Rs 1,41,43,945 ~ 1 Crore+"
3578,3170,Tamilazhagan M,https://www.myneta.info/TamilNadu2026/candidate.php?candidate_id=3170,RASIPURAM(SC),IND,0,Others,"Rs 1,64,450 ~ 1 Lacs+","Rs 1,75,000 ~ 1 Lacs+"
3579,1944,Tamilmani,https://www.myneta.info/TamilNadu2026/candidate.php?candidate_id=1944,UTHANGARAI (SC),IND,0,Post Graduate,https://myneta.info/image_v2.php?myneta_folder=TamilNadu2026&candidate_id=1944&col=ta,https://myneta.info/image_v2.php?myneta_folder=TamilNadu2026&candidate_id=1944&col=lia
3580,3408,Tamilmannan. D,https://www.myneta.info/TamilNadu2026/candidate.php?candidate_id=3408,ARANI,Samaniya Makkal Nala Katchi,0,10th Pass,"Rs 1,40,000 ~ 1 Lacs+",Rs 0 ~
3581,1922,Tamilraj. K,https://www.myneta.info/TamilNadu2026/candidate.php?candidate_id=1922,PAPPIREDDIPATTI,IND,0,Graduate Professional,"Rs 1,10,24,872 ~ 1 Crore+",Rs 0 ~
3582,3278,Tamilselvam R,https://www.myneta.info/TamilNadu2026/candidate.php?candidate_id=3278,TIRUKKOYILUR,Tamizhaga Vaazhvurimai Katchi,1,Others,https://myneta.info/image_v2.php?myneta_folder=TamilNadu2026&candidate_id=3278&col=ta,https://myneta.info/image_v2.php?myneta_folder=TamilNadu2026&candidate_id=3278&col=lia
3583,2026,Tamilselvan,https://www.myneta.info/TamilNadu2026/candidate.php?candidate_id=2026,DR.RADHAKRISHNAN NAGAR,IND,0,Graduate,"Rs 7,83,786 ~ 7 Lacs+","Rs 5,79,000 ~ 5 Lacs+"
3584,3741,Tamilselvan C,https://www.myneta.info/TamilNadu2026/candidate.php?candidate_id=3741,NATHAM,IND,0,Graduate,"Rs 10,27,000 ~ 10 Lacs+",Rs 0 ~
3585,2232,Tamilselvan D,https://www.myneta.info/TamilNadu2026/candidate.php?candidate_id=2232,VIKRAVANDI,IND,0,Illiterate,https://myneta.info/image_v2.php?myneta_folder=TamilNadu2026&candidate_id=2232&col=ta,https://myneta.info/image_v2.php?myneta_folder=TamilNadu2026&candidate_id=2232&col=lia
3586,2480,Tamilselvan. M,https://www.myneta.info/TamilNadu2026/candidate.php?candidate_id=2480,NANNILAM,Puthiya Tamilagam,0,5th Pass,"Rs 31,43,000 ~ 31 Lacs+","Rs 1,00,000 ~ 1 Lacs+"
3587,25,Tamilselvan. M,https://www.myneta.info/TamilNadu2026/candidate.php?candidate_id=25,CHEYYAR,Naam Tamilar Katchi,0,Graduate Professional,"Rs 7,42,300 ~ 7 Lacs+",Rs 0 ~
3588,3718,Tamilselvi,https://www.myneta.info/TamilNadu2026/candidate.php?candidate_id=3718,NANGUNERI,Puthiya Tamilagam,0,Literate,https://myneta.info/image_v2.php?myneta_folder=TamilNadu2026&candidate_id=3718&col=ta,https://myneta.info/image_v2.php?myneta_folder=TamilNadu2026&candidate_id=3718&col=lia
3589,3772,Tamilselvi. S.,https://www.myneta.info/TamilNadu2026/candidate.php?candidate_id=3772,PENNAGARAM,IND,0,Post Graduate,"Rs 59,79,333 ~ 59 Lacs+","Rs 7,88,000 ~ 7 Lacs+"
3590,2732,Tamilventhan.R,https://www.myneta.info/TamilNadu2026/candidate.php?candidate_id=2732,SIRKAZHI (SC),IND,2,Others,"Rs 1,09,000 ~ 1 Lacs+","Rs 2,74,518 ~ 2 Lacs+"
3591,2874,Tamizharasan M,https://www.myneta.info/TamilNadu2026/candidate.php?candidate_id=2874,MAILAM,IND,0,Others,https://myneta.info/image_v2.php?myneta_folder=TamilNadu2026&candidate_id=2874&col=ta,https://myneta.info/image_v2.php?myneta_folder=TamilNadu2026&candidate_id=2874&col=lia
3592,293,Thaarikha Salman,https://www.myneta.info/TamilNadu2026/candidate.php?candidate_id=293,RANIPET,Naam Tamilar Katchi,0,Graduate,"Rs 42,22,128 ~ 42 Lacs+",Rs 0 ~
3593,1070,Thachai Ganesaraja,https://www.myneta.info/TamilNadu2026/candidate.php?candidate_id=1070,TIRUNELVELI,AIADMK,32,10th Pass,"Rs 17,05,56,534 ~ 17 Crore+","Rs 3,11,51,133 ~ 3 Crore+"
3594,3877,Thahir Hussain,https://www.myneta.info/TamilNadu2026/candidate.php?candidate_id=3877,SINGANALLUR,IND,2,Graduate Professional,https://myneta.info/image_v2.php?myneta_folder=TamilNadu2026&candidate_id=3877&col=ta,https://myneta.info/image_v2.php?myneta_folder=TamilNadu2026&candidate_id=3877&col=lia
3595,994,Thahira,https://www.myneta.info/TamilNadu2026/candidate.php?candidate_id=994,RANIPET,Tamilaga Vettri Kazhagam,0,10th Pass,"Rs 33,000 ~ 33 Thou+",Rs 0 ~
3596,514,Thalabathi Murugan. M.,https://www.myneta.info/TamilNadu2026/candidate.php?candidate_id=514,TIRUNELVELI,IND,0,8th Pass,"Rs 28,31,385 ~ 28 Lacs+","Rs 20,000 ~ 20 Thou+"
3597,1253,Thalapathy Murugesan,https://www.myneta.info/TamilNadu2026/candidate.php?candidate_id=1253,SULUR,DMK,3,10th Pass,https://myneta.info/image_v2.php?myneta_folder=TamilNadu2026&candidate_id=1253&col=ta,https://myneta.info/image_v2.php?myneta_folder=TamilNadu2026&candidate_id=1253&col=lia
3598,1168,Thalavai Sundaram. N,https://www.myneta.info/TamilNadu2026/candidate.php?candidate_id=1168,KANNIYAKUMARI,AIADMK,3,Graduate Professional,"Rs 3,08,38,960 ~ 3 Crore+","Rs 19,93,154 ~ 19 Lacs+"
3599,1755,Thamarai Selvi. S,https://www.myneta.info/TamilNadu2026/candidate.php?candidate_id=1755,VANDAVASI (SC),Tamizhaga Vaazhvurimai Katchi,0,8th Pass,"Rs 7,54,000 ~ 7 Lacs+",Rs 0 ~
3600,3892,Thambiraj.E,https://www.myneta.info/TamilNadu2026/candidate.php?candidate_id=3892,TAMBARAM,Naam Indiar Party,0,Post Graduate,https://myneta.info/image_v2.php?myneta_folder=TamilNadu2026&candidate_id=3892&col=ta,https://myneta.info/image_v2.php?myneta_folder=TamilNadu2026&candidate_id=3892&col=lia
3601,4093,Thamilalagan. A,https://www.myneta.info/TamilNadu2026/candidate.php?candidate_id=4093,KARUR,IND,0,Graduate Professional,"Rs 14,42,300 ~ 14 Lacs+",Rs 0 ~
3602,1393,Thamimun Ansari. M,https://www.myneta.info/TamilNadu2026/candidate.php?candidate_id=1393,CHIDAMBARAM,DMK,2,Post Graduate,"Rs 1,38,17,257 ~ 1 Crore+",Rs 0 ~
3603,27,Thamizh,https://www.myneta.info/TamilNadu2026/candidate.php?candidate_id=27,CHIDAMBARAM,Naam Tamilar Katchi,2,Post Graduate,https://myneta.info/image_v2.php?myneta_folder=TamilNadu2026&candidate_id=27&col=ta,https://myneta.info/image_v2.php?myneta_folder=TamilNadu2026&candidate_id=27&col=lia
3604,279,Thamizhselvan. R,https://www.myneta.info/TamilNadu2026/candidate.php?candidate_id=279,PERAMBALUR (SC),AIADMK,5,Graduate,"Rs 5,99,00,634 ~ 5 Crore+","Rs 1,68,03,607 ~ 1 Crore+"
3605,2219,Thamizhvengai Ka,https://www.myneta.info/TamilNadu2026/candidate.php?candidate_id=2219,VIKRAVANDI,Desiya Makkal Sakthi Katchi,0,10th Pass,"Rs 15,40,000 ~ 15 Lacs+",Rs 0 ~
3606,2314,Thanapandian. T.,https://www.myneta.info/TamilNadu2026/candidate.php?candidate_id=2314,THIRUPARANKUNDRAM,All India Puratchi Thalaivar Makkal Munnettra Kazhagam,1,5th Pass,https://myneta.info/image_v2.php?myneta_folder=TamilNadu2026&candidate_id=2314&col=ta,https://myneta.info/image_v2.php?myneta_folder=TamilNadu2026&candidate_id=2314&col=lia
3607,3639,Thanasekar. R,https://www.myneta.info/TamilNadu2026/candidate.php?candidate_id=3639,KUNNAM,IND,0,Others,"Rs 1,16,07,734 ~ 1 Crore+",Rs 0 ~
3608,3851,Thanga Durai. P,https://www.myneta.info/TamilNadu2026/candidate.php?candidate_id=3851,SATTUR,Puthiya Makkal Tamil Desam Katchi,0,10th Pass,"Rs 17,24,300 ~ 17 Lacs+","Rs 2,06,000 ~ 2 Lacs+"
3609,3856,Thanga Mariappan. J,https://www.myneta.info/TamilNadu2026/candidate.php?candidate_id=3856,SATTUR,IND,1,Graduate,https://myneta.info/image_v2.php?myneta_folder=TamilNadu2026&candidate_id=3856&col=ta,https://myneta.info/image_v2.php?myneta_folder=TamilNadu2026&candidate_id=3856&col=lia
3610,653,Thanga. Shanmuga Sundaram,https://www.myneta.info/TamilNadu2026/candidate.php?candidate_id=653,ARIYALUR,Naadaalum Makkal Katchi,5,Post Graduate,"Rs 1,48,37,499 ~ 1 Crore+",Rs 0 ~
3611,1902,Thangadurai.N,https://www.myneta.info/TamilNadu2026/candidate.php?candidate_id=1902,YERCAUD (ST),IND,0,8th Pass,"Rs 24,70,465 ~ 24 Lacs+","Rs 7,42,400 ~ 7 Lacs+"
3612,834,Thangam Thenarasu,https://www.myneta.info/TamilNadu2026/candidate.php?candidate_id=834,TIRUCHULI,DMK,1,Graduate,https://myneta.info/image_v2.php?myneta_folder=TamilNadu2026&candidate_id=834&col=ta,https://myneta.info/image_v2.php?myneta_folder=TamilNadu2026&candidate_id=834&col=lia
3613,3169,Thangamani S,https://www.myneta.info/TamilNadu2026/candidate.php?candidate_id=3169,RASIPURAM(SC),IND,0,8th Pass,"Rs 10,112 ~ 10 Thou+",Rs 0 ~
3614,951,Thangapandi Sr,https://www.myneta.info/TamilNadu2026/candidate.php?candidate_id=951,MADURAI WEST,Tamilaga Vettri Kazhagam,3,8th Pass,"Rs 2,44,37,257 ~ 2 Crore+","Rs 86,69,234 ~ 86 Lacs+"
3615,3297,Thangapandi. B,https://www.myneta.info/TamilNadu2026/candidate.php?candidate_id=3297,RAJAPALAYAM,IND,0,Graduate Professional,https://myneta.info/image_v2.php?myneta_folder=TamilNadu2026&candidate_id=3297&col=ta,https://myneta.info/image_v2.php?myneta_folder=TamilNadu2026&candidate_id=3297&col=lia
3616,2292,Thangapandi.P,https://www.myneta.info/TamilNadu2026/candidate.php?candidate_id=2292,SHOLAVANDAN (SC),Tamizhaga Vaazhvurimai Katchi,0,5th Pass,"Rs 7,75,000 ~ 7 Lacs+","Rs 4,50,000 ~ 4 Lacs+"
3617,1091,Thangapandian. S,https://www.myneta.info/TamilNadu2026/candidate.php?candidate_id=1091,RAJAPALAYAM,DMK,0,5th Pass,"Rs 26,57,07,642 ~ 26 Crore+","Rs 7,24,70,134 ~ 7 Crore+"
3618,3518,Thangaraj P,https://www.myneta.info/TamilNadu2026/candidate.php?candidate_id=3518,JOLARPET,IND,0,Graduate,https://myneta.info/image_v2.php?myneta_folder=TamilNadu2026&candidate_id=3518&col=ta,https://myneta.info/image_v2.php?myneta_folder=TamilNadu2026&candidate_id=3518&col=lia
3619,1288,Thangaraj. S,https://www.myneta.info/TamilNadu2026/candidate.php?candidate_id=1288,TIRUPPUR (SOUTH),BJP,0,8th Pass,"Rs 26,69,96,300 ~ 26 Crore+","Rs 4,31,89,038 ~ 4 Crore+"
3620,1625,Thangarasu M,https://www.myneta.info/TamilNadu2026/candidate.php?candidate_id=1625,PARAMATHIVELUR,IND,0,8th Pass,"Rs 30,000 ~ 30 Thou+",Rs 0 ~
3621,2883,Thangarasu N,https://www.myneta.info/TamilNadu2026/candidate.php?candidate_id=2883,VANUR (SC),IND,0,10th Pass,https://myneta.info/image_v2.php?myneta_folder=TamilNadu2026&candidate_id=2883&col=ta,https://myneta.info/image_v2.php?myneta_folder=TamilNadu2026&candidate_id=2883&col=lia
3622,3504,Thangavel. K,https://www.myneta.info/TamilNadu2026/candidate.php?candidate_id=3504,HARUR (SC),IND,0,Post Graduate,"Rs 1,000 ~ 1 Thou+","Rs 1,23,620 ~ 1 Lacs+"
3623,4092,Thangavelraj. S,https://www.myneta.info/TamilNadu2026/candidate.php?candidate_id=4092,KARUR,IND,0,Graduate Professional,"Rs 86,21,572 ~ 86 Lacs+","Rs 9,00,000 ~ 9 Lacs+"
3624,3248,Thanigaimalai R,https://www.myneta.info/TamilNadu2026/candidate.php?candidate_id=3248,GINGEE,Anti Corruption Dynamic Party,1,10th Pass,https://myneta.info/image_v2.php?myneta_folder=TamilNadu2026&candidate_id=3248&col=ta,https://myneta.info/image_v2.php?myneta_folder=TamilNadu2026&candidate_id=3248&col=lia
3625,2454,Thanikasalam. B,https://www.myneta.info/TamilNadu2026/candidate.php?candidate_id=2454,THIRUVOTTIYUR,IND,0,Others,"Rs 10,000 ~ 10 Thou+",Rs 0 ~
3626,3727,Thanithangam,https://www.myneta.info/TamilNadu2026/candidate.php?candidate_id=3727,NANGUNERI,IND,0,Post Graduate,"Rs 1,33,10,000 ~ 1 Crore+",Rs 0 ~
3627,729,Thanka.Kathiravan,https://www.myneta.info/TamilNadu2026/candidate.php?candidate_id=729,NAGAPATTINAM,AIADMK,1,Post Graduate,https://myneta.info/image_v2.php?myneta_folder=TamilNadu2026&candidate_id=729&col=ta,https://myneta.info/image_v2.php?myneta_folder=TamilNadu2026&candidate_id=729&col=lia
3628,3072,Thannasiappan. P,https://www.myneta.info/TamilNadu2026/candidate.php?candidate_id=3072,PALANI,IND,0,Not Given,"Rs 5,50,000 ~ 5 Lacs+",Rs 0 ~
3629,3128,Thanuneelan . S,https://www.myneta.info/TamilNadu2026/candidate.php?candidate_id=3128,KANNIYAKUMARI,IND,0,12th Pass,"Rs 41,24,000 ~ 41 Lacs+","Rs 14,26,620 ~ 14 Lacs+"
3630,1388,Tharahai Cuthbert,https://www.myneta.info/TamilNadu2026/candidate.php?candidate_id=1388,COLACHAL,INC,0,Doctorate,https://myneta.info/image_v2.php?myneta_folder=TamilNadu2026&candidate_id=1388&col=ta,https://myneta.info/image_v2.php?myneta_folder=TamilNadu2026&candidate_id=1388&col=lia
3631,2721,Tharma Prabu V S,https://www.myneta.info/TamilNadu2026/candidate.php?candidate_id=2721,MADURAI WEST,IND,0,Graduate Professional,"Rs 21,000 ~ 21 Thou+","Rs 2,35,000 ~ 2 Lacs+"
3632,1115,Tharun. A.K,https://www.myneta.info/TamilNadu2026/candidate.php?candidate_id=1115,VEERAPANDI,DMK,0,Post Graduate,"Rs 18,76,19,308 ~ 18 Crore+","Rs 44,08,883 ~ 44 Lacs+"
3633,2793,Thasthakeer I,https://www.myneta.info/TamilNadu2026/candidate.php?candidate_id=2793,CUMBUM,IND,0,10th Pass,https://myneta.info/image_v2.php?myneta_folder=TamilNadu2026&candidate_id=2793&col=ta,https://myneta.info/image_v2.php?myneta_folder=TamilNadu2026&candidate_id=2793&col=lia
3634,3764,Thavamani. C.,https://www.myneta.info/TamilNadu2026/candidate.php?candidate_id=3764,PENNAGARAM,Tamizhaga Vaazhvurimai Katchi,1,10th Pass,"Rs 48,79,412 ~ 48 Lacs+","Rs 51,88,000 ~ 51 Lacs+"
3635,105,Thenmozhi Dilipkumar,https://www.myneta.info/TamilNadu2026/candidate.php?candidate_id=105,NANNILAM,Naam Tamilar Katchi,0,Post Graduate,"Rs 8,83,70,718 ~ 8 Crore+",Rs 0 ~
3636,88,Thenmozhi. R,https://www.myneta.info/TamilNadu2026/candidate.php?candidate_id=88,MANACHANALLUR,Naam Tamilar Katchi,0,Post Graduate,https://myneta.info/image_v2.php?myneta_folder=TamilNadu2026&candidate_id=88&col=ta,https://myneta.info/image_v2.php?myneta_folder=TamilNadu2026&candidate_id=88&col=lia
3637,3918,Thennarasu P,https://www.myneta.info/TamilNadu2026/candidate.php?candidate_id=3918,THIYAGARAYANAGAR,IND,0,Graduate Professional,"Rs 73,000 ~ 73 Thou+",Rs 0 ~
3638,779,Thennarasu.K,https://www.myneta.info/TamilNadu2026/candidate.php?candidate_id=779,SRIPERUMBUDUR (SC),Tamilaga Vettri Kazhagam,3,8th Pass,"Rs 52,94,154 ~ 52 Lacs+","Rs 4,50,000 ~ 4 Lacs+"
3639,805,Thenral Kumar. E,https://www.myneta.info/TamilNadu2026/candidate.php?candidate_id=805,KILVAITHINANKUPPAM (SC),Tamilaga Vettri Kazhagam,0,Graduate Professional,https://myneta.info/image_v2.php?myneta_folder=TamilNadu2026&candidate_id=805&col=ta,https://myneta.info/image_v2.php?myneta_folder=TamilNadu2026&candidate_id=805&col=lia
3640,2337,Thiagarajan. O. V,https://www.myneta.info/TamilNadu2026/candidate.php?candidate_id=2337,USILAMPATTI,IND,0,Graduate,"Rs 3,49,000 ~ 3 Lacs+",Rs 0 ~
3641,2383,Thilagaraj.K,https://www.myneta.info/TamilNadu2026/candidate.php?candidate_id=2383,MANAMADURAI (SC),All India Puratchi Thalaivar Makkal Munnettra Kazhagam,2,Post Graduate,"Rs 36,18,000 ~ 36 Lacs+","Rs 32,49,100 ~ 32 Lacs+"
3642,1597,Thilagaraj.N,https://www.myneta.info/TamilNadu2026/candidate.php?candidate_id=1597,GUDALUR (SC),IND,1,10th Pass,https://myneta.info/image_v2.php?myneta_folder=TamilNadu2026&candidate_id=1597&col=ta,https://myneta.info/image_v2.php?myneta_folder=TamilNadu2026&candidate_id=1597&col=lia
3643,261,Thilagavathi. S.,https://www.myneta.info/TamilNadu2026/candidate.php?candidate_id=261,PAPPIREDDIPATTI,Tamilaga Vettri Kazhagam,0,Post Graduate,"Rs 1,33,16,826 ~ 1 Crore+","Rs 72,51,138 ~ 72 Lacs+"
3644,3157,Thimothy. T,https://www.myneta.info/TamilNadu2026/candidate.php?candidate_id=3157,MAYILADUTHURAI,IND,0,5th Pass,"Rs 1,66,000 ~ 1 Lacs+",Rs 0 ~
3645,2257,Thirugnanam. K,https://www.myneta.info/TamilNadu2026/candidate.php?candidate_id=2257,CHIDAMBARAM,IND,0,12th Pass,https://myneta.info/image_v2.php?myneta_folder=TamilNadu2026&candidate_id=2257&col=ta,https://myneta.info/image_v2.php?myneta_folder=TamilNadu2026&candidate_id=2257&col=lia
3646,4095,Thirugnanam. M,https://www.myneta.info/TamilNadu2026/candidate.php?candidate_id=4095,KARUR,IND,0,Graduate Professional,"Rs 21,58,240 ~ 21 Lacs+","Rs 1,70,000 ~ 1 Lacs+"
3647,2106,Thirukkumaran P,https://www.myneta.info/TamilNadu2026/candidate.php?candidate_id=2106,TIRUCHENGODU,Makkal Munnetra Katchi,0,12th Pass,"Rs 1,35,00,000 ~ 1 Crore+","Rs 69,50,000 ~ 69 Lacs+"
3648,3073,Thirumalaisamy. B,https://www.myneta.info/TamilNadu2026/candidate.php?candidate_id=3073,PALANI,IND,0,10th Pass,https://myneta.info/image_v2.php?myneta_folder=TamilNadu2026&candidate_id=3073&col=ta,https://myneta.info/image_v2.php?myneta_folder=TamilNadu2026&candidate_id=3073&col=lia
3649,3059,Thirumalvalavan.T,https://www.myneta.info/TamilNadu2026/candidate.php?candidate_id=3059,NEYVELI,Tamizhaga Vaazhvurimai Katchi,3,Post Graduate,"Rs 10,96,25,073 ~ 10 Crore+","Rs 13,45,19,463 ~ 13 Crore+"
3650,1285,Thirumaran. K.C,https://www.myneta.info/TamilNadu2026/candidate.php?candidate_id=1285,TIRUPPATHUR,BJP,10,Graduate,"Rs 1,10,11,568 ~ 1 Crore+","Rs 35,44,762 ~ 35 Lacs+"
3651,2338,Thirumoorthy. A,https://www.myneta.info/TamilNadu2026/candidate.php?candidate_id=2338,USILAMPATTI,IND,0,Graduate,https://myneta.info/image_v2.php?myneta_folder=TamilNadu2026&candidate_id=2338&col=ta,https://myneta.info/image_v2.php?myneta_folder=TamilNadu2026&candidate_id=2338&col=lia
3652,595,Thirumurugan. A,https://www.myneta.info/TamilNadu2026/candidate.php?candidate_id=595,VIRALIMALAI,IND,0,Graduate Professional,"Rs 51,76,000 ~ 51 Lacs+","Rs 28,00,000 ~ 28 Lacs+"
3653,4001,Thirumurugan. K,https://www.myneta.info/TamilNadu2026/candidate.php?candidate_id=4001,VIRALIMALAI,IND,0,10th Pass,"Rs 48,000 ~ 48 Thou+","Rs 7,60,000 ~ 7 Lacs+"
3654,556,Thirumurugan. P.,https://www.myneta.info/TamilNadu2026/candidate.php?candidate_id=556,PENNAGARAM,Naadaalum Makkal Katchi,0,Post Graduate,https://myneta.info/image_v2.php?myneta_folder=TamilNadu2026&candidate_id=556&col=ta,https://myneta.info/image_v2.php?myneta_folder=TamilNadu2026&candidate_id=556&col=lia
3655,4048,Thirupathi. C,https://www.myneta.info/TamilNadu2026/candidate.php?candidate_id=4048,TIRUPATTUR,IND,0,8th Pass,"Rs 46,000 ~ 46 Thou+",Rs 0 ~
3656,3450,Thirupathi. M.,https://www.myneta.info/TamilNadu2026/candidate.php?candidate_id=3450,DHARMAPURI,IND,0,Graduate,"Rs 13,00,000 ~ 13 Lacs+",Rs 0 ~
3657,4050,Thirupathi. N,https://www.myneta.info/TamilNadu2026/candidate.php?candidate_id=4050,TIRUPATTUR,IND,0,5th Pass,https://myneta.info/image_v2.php?myneta_folder=TamilNadu2026&candidate_id=4050&col=ta,https://myneta.info/image_v2.php?myneta_folder=TamilNadu2026&candidate_id=4050&col=lia
3658,4049,Thirupathi. S,https://www.myneta.info/TamilNadu2026/candidate.php?candidate_id=4049,TIRUPATTUR,IND,0,12th Pass,"Rs 15,79,000 ~ 15 Lacs+",Rs 0 ~
3659,596,Thiruvendran. V,https://www.myneta.info/TamilNadu2026/candidate.php?candidate_id=596,VIRALIMALAI,IND,0,Graduate Professional,"Rs 60,13,221 ~ 60 Lacs+","Rs 7,00,000 ~ 7 Lacs+"
3660,3473,Thiruvengatesh.M,https://www.myneta.info/TamilNadu2026/candidate.php?candidate_id=3473,GOBICHETTIPALAYAM,Tamizhaga Vaazhvurimai Katchi,0,Others,https://myneta.info/image_v2.php?myneta_folder=TamilNadu2026&candidate_id=3473&col=ta,https://myneta.info/image_v2.php?myneta_folder=TamilNadu2026&candidate_id=3473&col=lia
3661,1771,Thivaskar. B,https://www.myneta.info/TamilNadu2026/candidate.php?candidate_id=1771,VEDHARANYAM,IND,1,Graduate Professional,"Rs 62,52,733 ~ 62 Lacs+","Rs 16,32,900 ~ 16 Lacs+"
3662,2476,Thiyagarajan .M,https://www.myneta.info/TamilNadu2026/candidate.php?candidate_id=2476,THIRUVARUR,Puthiya Tamilagam,0,5th Pass,"Rs 8,38,777 ~ 8 Lacs+",Rs 0 ~
3663,3699,Thiyagarajan R,https://www.myneta.info/TamilNadu2026/candidate.php?candidate_id=3699,NAMAKKAL,Samaniya Makkal Nala Katchi,0,10th Pass,https://myneta.info/image_v2.php?myneta_folder=TamilNadu2026&candidate_id=3699&col=ta,https://myneta.info/image_v2.php?myneta_folder=TamilNadu2026&candidate_id=3699&col=lia
3664,4094,Thiyagarajan. M,https://www.myneta.info/TamilNadu2026/candidate.php?candidate_id=4094,KARUR,IND,0,10th Pass,"Rs 22,70,047 ~ 22 Lacs+",Rs 0 ~
3665,2205,Thiyagarajan.M,https://www.myneta.info/TamilNadu2026/candidate.php?candidate_id=2205,SALEM (WEST),IND,0,12th Pass,"Rs 20,75,523 ~ 20 Lacs+","Rs 3,39,871 ~ 3 Lacs+"
3666,1219,Thoppu Venkatachalam Alias N.D. Venkatachalam,https://www.myneta.info/TamilNadu2026/candidate.php?candidate_id=1219,PERUNDURAI,DMK,0,Graduate,https://myneta.info/image_v2.php?myneta_folder=TamilNadu2026&candidate_id=1219&col=ta,https://myneta.info/image_v2.php?myneta_folder=TamilNadu2026&candidate_id=1219&col=lia
3667,3550,Thozhar.N.Arunkumar,https://www.myneta.info/TamilNadu2026/candidate.php?candidate_id=3550,KAVUNDAMPALAYAM,Tamizhaga Vaazhvurimai Katchi,0,Graduate,"Rs 65,52,500 ~ 65 Lacs+","Rs 12,70,824 ~ 12 Lacs+"
3668,612,Thulasi Sudalai,https://www.myneta.info/TamilNadu2026/candidate.php?candidate_id=612,NANGUNERI,Puthiya Makkal Tamil Desam Katchi,1,8th Pass,"Rs 21,90,500 ~ 21 Lacs+","Rs 3,30,000 ~ 3 Lacs+"
3669,3456,Thulasimani. P,https://www.myneta.info/TamilNadu2026/candidate.php?candidate_id=3456,EDAPPADI,IND,0,Illiterate,https://myneta.info/image_v2.php?myneta_folder=TamilNadu2026&candidate_id=3456&col=ta,https://myneta.info/image_v2.php?myneta_folder=TamilNadu2026&candidate_id=3456&col=lia
3670,1420,U Aravind,https://www.myneta.info/TamilNadu2026/candidate.php?candidate_id=1420,ALANGULAM,IND,2,Graduate,"Rs 59,46,550 ~ 59 Lacs+","Rs 23,14,318 ~ 23 Lacs+"
3671,1644,U.Uthayakumar,https://www.myneta.info/TamilNadu2026/candidate.php?candidate_id=1644,PERAVURANI,IND,0,Post Graduate,"Rs 10,93,000 ~ 10 Lacs+","Rs 8,11,000 ~ 8 Lacs+"
3672,2566,U.Vijaya Kumar,https://www.myneta.info/TamilNadu2026/candidate.php?candidate_id=2566,VELLORE,IND,0,Others,https://myneta.info/image_v2.php?myneta_folder=TamilNadu2026&candidate_id=2566&col=ta,https://myneta.info/image_v2.php?myneta_folder=TamilNadu2026&candidate_id=2566&col=lia
3673,1577,Udaiyappan. M,https://www.myneta.info/TamilNadu2026/candidate.php?candidate_id=1577,ARANTHANGI,IND,0,8th Pass,"Rs 5,062 ~ 5 Thou+",Rs 0 ~
3674,2905,Udhayakumar R,https://www.myneta.info/TamilNadu2026/candidate.php?candidate_id=2905,ULUNDURPETTAI,All India Puratchi Thalaivar Makkal Munnettra Kazhagam,1,Graduate Professional,"Rs 14,73,000 ~ 14 Lacs+",Rs 0 ~
3675,1081,Udhayakumar. M,https://www.myneta.info/TamilNadu2026/candidate.php?candidate_id=1081,VANDAVASI (SC),Tamilaga Vettri Kazhagam,3,Others,https://myneta.info/image_v2.php?myneta_folder=TamilNadu2026&candidate_id=1081&col=ta,https://myneta.info/image_v2.php?myneta_folder=TamilNadu2026&candidate_id=1081&col=lia
3676,1761,Udhayakumar. N,https://www.myneta.info/TamilNadu2026/candidate.php?candidate_id=1761,VANDAVASI (SC),IND,0,10th Pass,"Rs 15,49,500 ~ 15 Lacs+",Rs 0 ~
3677,722,Udhayakumar.R.B,https://www.myneta.info/TamilNadu2026/candidate.php?candidate_id=722,THIRUMANGALAM,AIADMK,4,Post Graduate,"Rs 6,20,47,072 ~ 6 Crore+","Rs 64,70,287 ~ 64 Lacs+"
3678,266,Udhayanidhi Stalin,https://www.myneta.info/TamilNadu2026/candidate.php?candidate_id=266,CHEPAUK-THIRUVALLIKENI,DMK,9,Graduate,https://myneta.info/image_v2.php?myneta_folder=TamilNadu2026&candidate_id=266&col=ta,https://myneta.info/image_v2.php?myneta_folder=TamilNadu2026&candidate_id=266&col=lia
3679,1234,Udhayasuriyan T,https://www.myneta.info/TamilNadu2026/candidate.php?candidate_id=1234,SANKARAPURAM,DMK,1,Graduate,"Rs 10,72,35,112 ~ 10 Crore+","Rs 96,00,705 ~ 96 Lacs+"
3680,362,Udhayasuriyan. T,https://www.myneta.info/TamilNadu2026/candidate.php?candidate_id=362,KUNNAM,IND,0,12th Pass,"Rs 6,37,000 ~ 6 Lacs+","Rs 2,70,000 ~ 2 Lacs+"
3681,1788,Udhuman Ali. M.S,https://www.myneta.info/TamilNadu2026/candidate.php?candidate_id=1788,KARAIKUDI,IND,0,12th Pass,https://myneta.info/image_v2.php?myneta_folder=TamilNadu2026&candidate_id=1788&col=ta,https://myneta.info/image_v2.php?myneta_folder=TamilNadu2026&candidate_id=1788&col=lia
3682,2318,Ukkra Pandian. S.,https://www.myneta.info/TamilNadu2026/candidate.php?candidate_id=2318,THIRUPARANKUNDRAM,IND,0,Post Graduate,"Rs 3,35,000 ~ 3 Lacs+",Rs 0 ~
3683,3872,Uma Paramasivam,https://www.myneta.info/TamilNadu2026/candidate.php?candidate_id=3872,SINGANALLUR,IND,0,Post Graduate,"Rs 34,00,000 ~ 34 Lacs+",Rs 0 ~
3684,129,Umadevi. A,https://www.myneta.info/TamilNadu2026/candidate.php?candidate_id=129,POLUR,Naam Tamilar Katchi,0,Graduate,https://myneta.info/image_v2.php?myneta_folder=TamilNadu2026&candidate_id=129&col=ta,https://myneta.info/image_v2.php?myneta_folder=TamilNadu2026&candidate_id=129&col=lia
3685,206,Umadevi. P,https://www.myneta.info/TamilNadu2026/candidate.php?candidate_id=206,VALPARAI (SC),Naam Tamilar Katchi,0,Post Graduate,"Rs 6,29,500 ~ 6 Lacs+","Rs 1,80,000 ~ 1 Lacs+"
3686,4029,Umadevi. S,https://www.myneta.info/TamilNadu2026/candidate.php?candidate_id=4029,TIRUPPATHUR,All India Puratchi Thalaivar Makkal Munnettra Kazhagam,0,Graduate,"Rs 82,70,000 ~ 82 Lacs+","Rs 18,75,000 ~ 18 Lacs+"
3687,2549,Umar Ali D.,https://www.myneta.info/TamilNadu2026/candidate.php?candidate_id=2549,UDUMALAIPETTAI,IND,0,Illiterate,https://myneta.info/image_v2.php?myneta_folder=TamilNadu2026&candidate_id=2549&col=ta,https://myneta.info/image_v2.php?myneta_folder=TamilNadu2026&candidate_id=2549&col=lia
3688,3093,Umar Ali. R,https://www.myneta.info/TamilNadu2026/candidate.php?candidate_id=3093,DINDIGUL,IND,1,5th Pass,"Rs 22,651 ~ 22 Thou+",Rs 0 ~
3689,2823,Uniesh Raj. M,https://www.myneta.info/TamilNadu2026/candidate.php?candidate_id=2823,AVADI,IND,0,Post Graduate,"Rs 13,82,300 ~ 13 Lacs+",Rs 0 ~
3690,74,Uvarani Suresh,https://www.myneta.info/TamilNadu2026/candidate.php?candidate_id=74,KUMARAPALAYAM,Naam Tamilar Katchi,0,Post Graduate,https://myneta.info/image_v2.php?myneta_folder=TamilNadu2026&candidate_id=74&col=ta,https://myneta.info/image_v2.php?myneta_folder=TamilNadu2026&candidate_id=74&col=lia
3691,3101,V . Palani,https://www.myneta.info/TamilNadu2026/candidate.php?candidate_id=3101,ERODE (WEST),BSP,0,10th Pass,"Rs 42,91,000 ~ 42 Lacs+","Rs 4,00,000 ~ 4 Lacs+"
3692,3497,V Jagadeesan,https://www.myneta.info/TamilNadu2026/candidate.php?candidate_id=3497,HARBOUR,IND,0,Post Graduate,"Rs 9,37,065 ~ 9 Lacs+",Rs 0 ~
3693,2889,V M Chandiran,https://www.myneta.info/TamilNadu2026/candidate.php?candidate_id=2889,THIRUPORUR,IND,0,Graduate,https://myneta.info/image_v2.php?myneta_folder=TamilNadu2026&candidate_id=2889&col=ta,https://myneta.info/image_v2.php?myneta_folder=TamilNadu2026&candidate_id=2889&col=lia
3694,1389,V Senthilbalaji,https://www.myneta.info/TamilNadu2026/candidate.php?candidate_id=1389,COIMBATORE (SOUTH),DMK,13,12th Pass,"Rs 4,54,22,256 ~ 4 Crore+","Rs 32,52,247 ~ 32 Lacs+"
3695,82,V Thirunavukkarasu,https://www.myneta.info/TamilNadu2026/candidate.php?candidate_id=82,MADURAI NORTH,Naam Tamilar Katchi,0,Post Graduate,"Rs 1,81,22,320 ~ 1 Crore+","Rs 26,41,318 ~ 26 Lacs+"
3696,2600,V. A. Sudhakar,https://www.myneta.info/TamilNadu2026/candidate.php?candidate_id=2600,KOLATHUR,IND,0,10th Pass,https://myneta.info/image_v2.php?myneta_folder=TamilNadu2026&candidate_id=2600&col=ta,https://myneta.info/image_v2.php?myneta_folder=TamilNadu2026&candidate_id=2600&col=lia
3697,1550,V. Bhagath Singh,https://www.myneta.info/TamilNadu2026/candidate.php?candidate_id=1550,ROYAPURAM,IND,0,Graduate Professional,"Rs 14,00,000 ~ 14 Lacs+",Rs 0 ~
3698,3543,V. Chandran,https://www.myneta.info/TamilNadu2026/candidate.php?candidate_id=3543,KATPADI,All India Puratchi Thalaivar Makkal Munnettra Kazhagam,1,10th Pass,"Rs 10,30,410 ~ 10 Lacs+","Rs 3,65,250 ~ 3 Lacs+"
3699,2888,V. Desappan,https://www.myneta.info/TamilNadu2026/candidate.php?candidate_id=2888,THIRUPORUR,Samata Party,0,8th Pass,https://myneta.info/image_v2.php?myneta_folder=TamilNadu2026&candidate_id=2888&col=ta,https://myneta.info/image_v2.php?myneta_folder=TamilNadu2026&candidate_id=2888&col=lia
3700,3103,V. Dhanalakshmi,https://www.myneta.info/TamilNadu2026/candidate.php?candidate_id=3103,ERODE (WEST),Tamizhaga Vaazhvurimai Katchi,0,5th Pass,"Rs 48,48,000 ~ 48 Lacs+","Rs 12,00,000 ~ 12 Lacs+"
3701,490,V. Dharmendiran,https://www.myneta.info/TamilNadu2026/candidate.php?candidate_id=490,RANIPET,IND,3,Graduate,"Rs 59,83,500 ~ 59 Lacs+",Rs 0 ~
3702,987,V. Gandhiraj,https://www.myneta.info/TamilNadu2026/candidate.php?candidate_id=987,ARAKKONAM (SC),Tamilaga Vettri Kazhagam,2,12th Pass,https://myneta.info/image_v2.php?myneta_folder=TamilNadu2026&candidate_id=987&col=ta,https://myneta.info/image_v2.php?myneta_folder=TamilNadu2026&candidate_id=987&col=lia
3703,2493,V. Ganesan,https://www.myneta.info/TamilNadu2026/candidate.php?candidate_id=2493,VILATHIKULAM,IND,0,10th Pass,"Rs 34,28,098 ~ 34 Lacs+","Rs 2,00,000 ~ 2 Lacs+"
3704,2831,V. Kamala Kannan,https://www.myneta.info/TamilNadu2026/candidate.php?candidate_id=2831,MADHURAVOYAL,IND,0,8th Pass,"Rs 17,01,600 ~ 17 Lacs+",Rs 0 ~
3705,1667,V. Kandhan,https://www.myneta.info/TamilNadu2026/candidate.php?candidate_id=1667,SHOLINGANALLUR,IND,0,10th Pass,https://myneta.info/image_v2.php?myneta_folder=TamilNadu2026&candidate_id=1667&col=ta,https://myneta.info/image_v2.php?myneta_folder=TamilNadu2026&candidate_id=1667&col=lia
3706,2238,V. Karthikeyan,https://www.myneta.info/TamilNadu2026/candidate.php?candidate_id=2238,POLLACHI,IND,0,Graduate Professional,"Rs 40,93,778 ~ 40 Lacs+",Rs 0 ~
3707,3025,V. Krishnan,https://www.myneta.info/TamilNadu2026/candidate.php?candidate_id=3025,COIMBATORE (NORTH),IND,0,8th Pass,"Rs 2,04,79,000 ~ 2 Crore+",Rs 0 ~
3708,2405,V. Kulandhaivelu,https://www.myneta.info/TamilNadu2026/candidate.php?candidate_id=2405,PAPANASAM,IND,0,8th Pass,https://myneta.info/image_v2.php?myneta_folder=TamilNadu2026&candidate_id=2405&col=ta,https://myneta.info/image_v2.php?myneta_folder=TamilNadu2026&candidate_id=2405&col=lia
3709,3041,V. Lingaraja,https://www.myneta.info/TamilNadu2026/candidate.php?candidate_id=3041,COIMBATORE (NORTH),IND,0,Graduate Professional,"Rs 7,50,500 ~ 7 Lacs+",Rs 0 ~
3710,2032,V. Madhan Mohan,https://www.myneta.info/TamilNadu2026/candidate.php?candidate_id=2032,DR.RADHAKRISHNAN NAGAR,IND,0,10th Pass,"Rs 15,95,386 ~ 15 Lacs+",Rs 0 ~
3711,1345,V. Muthuraja,https://www.myneta.info/TamilNadu2026/candidate.php?candidate_id=1345,PUDUKKOTTAI,DMK,0,Graduate Professional,https://myneta.info/image_v2.php?myneta_folder=TamilNadu2026&candidate_id=1345&col=ta,https://myneta.info/image_v2.php?myneta_folder=TamilNadu2026&candidate_id=1345&col=lia
3712,3657,V. Muthusamy,https://www.myneta.info/TamilNadu2026/candidate.php?candidate_id=3657,LALGUDI,IND,0,10th Pass,"Rs 52,71,000 ~ 52 Lacs+",Rs 0 ~
3713,3534,V. Naresh,https://www.myneta.info/TamilNadu2026/candidate.php?candidate_id=3534,KANCHEEPURAM,Tamizhaga Vaazhvurimai Katchi,0,8th Pass,"Rs 89,44,922 ~ 89 Lacs+",Rs 0 ~
3714,2607,V. Naresh Babu,https://www.myneta.info/TamilNadu2026/candidate.php?candidate_id=2607,KOLATHUR,IND,0,Graduate Professional,https://myneta.info/image_v2.php?myneta_folder=TamilNadu2026&candidate_id=2607&col=ta,https://myneta.info/image_v2.php?myneta_folder=TamilNadu2026&candidate_id=2607&col=lia
3715,3832,V. Paulpandian,https://www.myneta.info/TamilNadu2026/candidate.php?candidate_id=3832,SANKARANKOVIL (SC),IND,0,Graduate,"Rs 18,52,835 ~ 18 Lacs+","Rs 99,000 ~ 99 Thou+"
3716,1999,V. Raji,https://www.myneta.info/TamilNadu2026/candidate.php?candidate_id=1999,PERAMBUR,IND,0,Illiterate,"Rs 1,15,000 ~ 1 Lacs+",Rs 0 ~
3717,2582,V. Ramakrishnan,https://www.myneta.info/TamilNadu2026/candidate.php?candidate_id=2582,CHENGALPATTU,IND,1,Others,https://myneta.info/image_v2.php?myneta_folder=TamilNadu2026&candidate_id=2582&col=ta,https://myneta.info/image_v2.php?myneta_folder=TamilNadu2026&candidate_id=2582&col=lia
3718,645,V. Ramkumar,https://www.myneta.info/TamilNadu2026/candidate.php?candidate_id=645,AMBATTUR,India Suyarajya Party,0,Graduate,"Rs 60,62,000 ~ 60 Lacs+",Rs 0 ~
3719,1169,V. Ramu,https://www.myneta.info/TamilNadu2026/candidate.php?candidate_id=1169,KATPADI,AIADMK,4,Graduate Professional,"Rs 2,03,89,400 ~ 2 Crore+","Rs 14,40,754 ~ 14 Lacs+"
3720,2597,V. S. Babu,https://www.myneta.info/TamilNadu2026/candidate.php?candidate_id=2597,KOLATHUR,Tamilaga Vettri Kazhagam,0,8th Pass,https://myneta.info/image_v2.php?myneta_folder=TamilNadu2026&candidate_id=2597&col=ta,https://myneta.info/image_v2.php?myneta_folder=TamilNadu2026&candidate_id=2597&col=lia
3721,871,V. Sampathkumar,https://www.myneta.info/TamilNadu2026/candidate.php?candidate_id=871,COIMBATORE (NORTH),Tamilaga Vettri Kazhagam,2,Post Graduate,"Rs 3,44,04,616 ~ 3 Crore+","Rs 20,59,686 ~ 20 Lacs+"
3722,264,V. Senthilkumar,https://www.myneta.info/TamilNadu2026/candidate.php?candidate_id=264,COIMBATORE (SOUTH),Tamilaga Vettri Kazhagam,0,Graduate,"Rs 15,25,76,246 ~ 15 Crore+","Rs 2,96,76,755 ~ 2 Crore+"
3723,2068,V. Senthilkumar,https://www.myneta.info/TamilNadu2026/candidate.php?candidate_id=2068,COIMBATORE (SOUTH),IND,0,8th Pass,https://myneta.info/image_v2.php?myneta_folder=TamilNadu2026&candidate_id=2068&col=ta,https://myneta.info/image_v2.php?myneta_folder=TamilNadu2026&candidate_id=2068&col=lia
3724,1166,V. Somasundaram,https://www.myneta.info/TamilNadu2026/candidate.php?candidate_id=1166,KANCHEEPURAM,AIADMK,0,Graduate Professional,"Rs 11,17,34,840 ~ 11 Crore+","Rs 9,90,295 ~ 9 Lacs+"
3725,3537,V. Somasundaram,https://www.myneta.info/TamilNadu2026/candidate.php?candidate_id=3537,KANCHEEPURAM,IND,0,5th Pass,"Rs 6,16,846 ~ 6 Lacs+",Rs 0 ~
3726,3437,V. Suganthi,https://www.myneta.info/TamilNadu2026/candidate.php?candidate_id=3437,CUDDALORE,IND,0,12th Pass,https://myneta.info/image_v2.php?myneta_folder=TamilNadu2026&candidate_id=3437&col=ta,https://myneta.info/image_v2.php?myneta_folder=TamilNadu2026&candidate_id=3437&col=lia
3727,3821,V. Suresh,https://www.myneta.info/TamilNadu2026/candidate.php?candidate_id=3821,RANIPET,IND,0,5th Pass,"Rs 19,45,500 ~ 19 Lacs+",Rs 0 ~
3728,2407,V. Thiyagarajan,https://www.myneta.info/TamilNadu2026/candidate.php?candidate_id=2407,PAPANASAM,IND,0,Graduate Professional,"Rs 2,07,800 ~ 2 Lacs+","Rs 1,66,682 ~ 1 Lacs+"
3729,2082,V. Velmurugan,https://www.myneta.info/TamilNadu2026/candidate.php?candidate_id=2082,COIMBATORE (SOUTH),IND,2,5th Pass,https://myneta.info/image_v2.php?myneta_folder=TamilNadu2026&candidate_id=2082&col=ta,https://myneta.info/image_v2.php?myneta_folder=TamilNadu2026&candidate_id=2082&col=lia
3730,2412,V. Venu,https://www.myneta.info/TamilNadu2026/candidate.php?candidate_id=2412,THIRUVAIYARU,Puthiya Tamilagam,1,10th Pass,"Rs 1,09,05,766 ~ 1 Crore+","Rs 35,57,975 ~ 35 Lacs+"
3731,2649,V.Anandkumar,https://www.myneta.info/TamilNadu2026/candidate.php?candidate_id=2649,METTUPALAYAM,IND,0,Graduate Professional,"Rs 60,000 ~ 60 Thou+",Rs 0 ~
3732,1502,V.Anbarasan,https://www.myneta.info/TamilNadu2026/candidate.php?candidate_id=1502,ALANDUR,IND,0,Graduate Professional,https://myneta.info/image_v2.php?myneta_folder=TamilNadu2026&candidate_id=1502&col=ta,https://myneta.info/image_v2.php?myneta_folder=TamilNadu2026&candidate_id=1502&col=lia
3733,457,V.Balamurugan,https://www.myneta.info/TamilNadu2026/candidate.php?candidate_id=457,SINGANALLUR,IND,0,Post Graduate,"Rs 12,13,000 ~ 12 Lacs+",Rs 0 ~
3734,3606,V.Chinnasamy,https://www.myneta.info/TamilNadu2026/candidate.php?candidate_id=3606,KULITHALAI,IND,0,Post Graduate,"Rs 3,76,842 ~ 3 Lacs+",Rs 0 ~
3735,1265,V.G. Raajendran,https://www.myneta.info/TamilNadu2026/candidate.php?candidate_id=1265,THIRUVALLUR,DMK,4,Others,https://myneta.info/image_v2.php?myneta_folder=TamilNadu2026&candidate_id=1265&col=ta,https://myneta.info/image_v2.php?myneta_folder=TamilNadu2026&candidate_id=1265&col=lia
3736,3364,V.Gandhi,https://www.myneta.info/TamilNadu2026/candidate.php?candidate_id=3364,ARCOT,Vanchit Bahujan Aaghadi,0,10th Pass,"Rs 39,10,000 ~ 39 Lacs+",Rs 0 ~
3737,3222,V.George,https://www.myneta.info/TamilNadu2026/candidate.php?candidate_id=3222,PALAYAMKOTTAI,IND,0,Graduate,"Rs 37,88,054 ~ 37 Lacs+","Rs 3,26,000 ~ 3 Lacs+"
3738,3362,V.Hemachandiran,https://www.myneta.info/TamilNadu2026/candidate.php?candidate_id=3362,SHOLINGHUR,IND,0,Others,https://myneta.info/image_v2.php?myneta_folder=TamilNadu2026&candidate_id=3362&col=ta,https://myneta.info/image_v2.php?myneta_folder=TamilNadu2026&candidate_id=3362&col=lia
3739,416,V.K.Ramkumar,https://www.myneta.info/TamilNadu2026/candidate.php?candidate_id=416,ANNA NAGAR,Tamilaga Vettri Kazhagam,0,Post Graduate,"Rs 28,58,70,355 ~ 28 Crore+","Rs 18,81,60,414 ~ 18 Crore+"
3740,1518,V.Kannadassan,https://www.myneta.info/TamilNadu2026/candidate.php?candidate_id=1518,ALANGUDI,IND,0,10th Pass,"Rs 10,01,062 ~ 10 Lacs+","Rs 50,000 ~ 50 Thou+"
3741,1343,V.M. Karthikeyan,https://www.myneta.info/TamilNadu2026/candidate.php?candidate_id=1343,RANIPET,BJP,0,12th Pass,https://myneta.info/image_v2.php?myneta_folder=TamilNadu2026&candidate_id=1343&col=ta,https://myneta.info/image_v2.php?myneta_folder=TamilNadu2026&candidate_id=1343&col=lia
3742,2536,V.Mohanraj,https://www.myneta.info/TamilNadu2026/candidate.php?candidate_id=2536,PALLADAM,IND,0,Others,"Rs 14,46,000 ~ 14 Lacs+",Rs 0 ~
3743,3359,V.Munirathinam,https://www.myneta.info/TamilNadu2026/candidate.php?candidate_id=3359,SHOLINGHUR,IND,0,10th Pass,"Rs 80,000 ~ 80 Thou+",Rs 0 ~
3744,1411,V.P.Durai,https://www.myneta.info/TamilNadu2026/candidate.php?candidate_id=1411,AMBASAMUDRAM,INC,1,Graduate Professional,https://myneta.info/image_v2.php?myneta_folder=TamilNadu2026&candidate_id=1411&col=ta,https://myneta.info/image_v2.php?myneta_folder=TamilNadu2026&candidate_id=1411&col=lia
3745,1254,V.P.Kandasamy,https://www.myneta.info/TamilNadu2026/candidate.php?candidate_id=1254,SULUR,AIADMK,6,Graduate,"Rs 6,32,30,045 ~ 6 Crore+","Rs 1,17,00,000 ~ 1 Crore+"
3746,244,V.P.Tamilselvi,https://www.myneta.info/TamilNadu2026/candidate.php?candidate_id=244,BHAVANISAGAR (SC),Tamilaga Vettri Kazhagam,0,Post Graduate,"Rs 3,47,87,852 ~ 3 Crore+",Rs 0 ~
3747,719,V.Pandi,https://www.myneta.info/TamilNadu2026/candidate.php?candidate_id=719,MUDUKULATHUR,IND,0,8th Pass,https://myneta.info/image_v2.php?myneta_folder=TamilNadu2026&candidate_id=719&col=ta,https://myneta.info/image_v2.php?myneta_folder=TamilNadu2026&candidate_id=719&col=lia
3748,3551,V.Pushpanantham,https://www.myneta.info/TamilNadu2026/candidate.php?candidate_id=3551,KAVUNDAMPALAYAM,Tamizhaga Murpokku Makkal Katchi,0,Graduate Professional,"Rs 4,32,935 ~ 4 Lacs+",Rs 0 ~
3749,3797,V.R. Jayakumar,https://www.myneta.info/TamilNadu2026/candidate.php?candidate_id=3797,PUDUKKOTTAI,IND,0,12th Pass,"Rs 10,58,512 ~ 10 Lacs+",Rs 0 ~
3750,3373,V.S.Venkatesh,https://www.myneta.info/TamilNadu2026/candidate.php?candidate_id=3373,ANAIKATTU,Aanaithinthiya Jananayaka Pathukappu Kazhagam,2,Post Graduate,https://myneta.info/image_v2.php?myneta_folder=TamilNadu2026&candidate_id=3373&col=ta,https://myneta.info/image_v2.php?myneta_folder=TamilNadu2026&candidate_id=3373&col=lia
3751,3352,V.Sadhasivam,https://www.myneta.info/TamilNadu2026/candidate.php?candidate_id=3352,SHOLINGHUR,IND,0,Graduate,"Rs 16,00,354 ~ 16 Lacs+","Rs 11,20,000 ~ 11 Lacs+"
3752,1948,V.Saravanan,https://www.myneta.info/TamilNadu2026/candidate.php?candidate_id=1948,MANACHANALLUR,Tamilaga Vettri Kazhagam,0,10th Pass,"Rs 1,86,99,895 ~ 1 Crore+","Rs 10,00,000 ~ 10 Lacs+"
3753,195,V.Sathyabama,https://www.myneta.info/TamilNadu2026/candidate.php?candidate_id=195,TIRUPPUR (NORTH),Tamilaga Vettri Kazhagam,1,Post Graduate,https://myneta.info/image_v2.php?myneta_folder=TamilNadu2026&candidate_id=195&col=ta,https://myneta.info/image_v2.php?myneta_folder=TamilNadu2026&candidate_id=195&col=lia
3754,990,V.Seetharaman,https://www.myneta.info/TamilNadu2026/candidate.php?candidate_id=990,ARCOT,Anti Corruption Dynamic Party,0,8th Pass,"Rs 27,05,000 ~ 27 Lacs+",Rs 0 ~
3755,2656,V.Senthil Kumar,https://www.myneta.info/TamilNadu2026/candidate.php?candidate_id=2656,METTUPALAYAM,IND,0,Others,"Rs 13,89,994 ~ 13 Lacs+","Rs 3,41,000 ~ 3 Lacs+"
3756,2019,V.Shankar,https://www.myneta.info/TamilNadu2026/candidate.php?candidate_id=2019,DR.RADHAKRISHNAN NAGAR,IND,0,10th Pass,https://myneta.info/image_v2.php?myneta_folder=TamilNadu2026&candidate_id=2019&col=ta,https://myneta.info/image_v2.php?myneta_folder=TamilNadu2026&candidate_id=2019&col=lia
3757,3368,V.Shanthi,https://www.myneta.info/TamilNadu2026/candidate.php?candidate_id=3368,ARCOT,IND,0,8th Pass,"Rs 58,00,000 ~ 58 Lacs+",Rs 0 ~
3758,1338,V.Srinidhi,https://www.myneta.info/TamilNadu2026/candidate.php?candidate_id=1338,SINGANALLUR,INC,0,Graduate Professional,"Rs 4,86,84,114 ~ 4 Crore+","Rs 33,02,277 ~ 33 Lacs+"
3759,2429,V.Sudhakar,https://www.myneta.info/TamilNadu2026/candidate.php?candidate_id=2429,GUMMIDIPOONDI,IND,0,8th Pass,https://myneta.info/image_v2.php?myneta_folder=TamilNadu2026&candidate_id=2429&col=ta,https://myneta.info/image_v2.php?myneta_folder=TamilNadu2026&candidate_id=2429&col=lia
3760,2023,V.Sudhakar,https://www.myneta.info/TamilNadu2026/candidate.php?candidate_id=2023,DR.RADHAKRISHNAN NAGAR,IND,1,Graduate Professional,"Rs 45,66,886 ~ 45 Lacs+","Rs 15,85,990 ~ 15 Lacs+"
3761,755,V.Venkatesan,https://www.myneta.info/TamilNadu2026/candidate.php?candidate_id=755,PALLAVARAM,AIADMK,0,Doctorate,"Rs 66,04,36,508 ~ 66 Crore+","Rs 9,15,16,760 ~ 9 Crore+"
3762,3372,V.Vinothkanna,https://www.myneta.info/TamilNadu2026/candidate.php?candidate_id=3372,ANAIKATTU,Tamizhaga Vaazhvurimai Katchi,2,10th Pass,https://myneta.info/image_v2.php?myneta_folder=TamilNadu2026&candidate_id=3372&col=ta,https://myneta.info/image_v2.php?myneta_folder=TamilNadu2026&candidate_id=3372&col=lia
3763,569,Vadivel K,https://www.myneta.info/TamilNadu2026/candidate.php?candidate_id=569,NATHAM,IND,0,10th Pass,"Rs 10,28,300 ~ 10 Lacs+",Rs 0 ~
3764,1176,Vadivel Ravanan. S,https://www.myneta.info/TamilNadu2026/candidate.php?candidate_id=1176,KILVELUR,Pattali Makkal Katchi,0,10th Pass,"Rs 45,25,345 ~ 45 Lacs+",Rs 0 ~
3765,2785,Vaidesswara Prasad. N,https://www.myneta.info/TamilNadu2026/candidate.php?candidate_id=2785,VEERAPANDI,IND,0,Graduate Professional,https://myneta.info/image_v2.php?myneta_folder=TamilNadu2026&candidate_id=2785&col=ta,https://myneta.info/image_v2.php?myneta_folder=TamilNadu2026&candidate_id=2785&col=lia
3766,2684,Vaikundamani. N,https://www.myneta.info/TamilNadu2026/candidate.php?candidate_id=2684,PADMANABHAPURAM,Tamizhaga Vaazhvurimai Katchi,1,5th Pass,"Rs 16,65,046 ~ 16 Lacs+","Rs 12,20,000 ~ 12 Lacs+"
3767,1817,Vairam Pillai S,https://www.myneta.info/TamilNadu2026/candidate.php?candidate_id=1817,NAGERCOIL,IND,0,5th Pass,"Rs 6,96,957 ~ 6 Lacs+",Rs 0 ~
3768,1496,Vairamuthu D.,https://www.myneta.info/TamilNadu2026/candidate.php?candidate_id=1496,PERIYAKULAM (SC),IND,0,Others,https://myneta.info/image_v2.php?myneta_folder=TamilNadu2026&candidate_id=1496&col=ta,https://myneta.info/image_v2.php?myneta_folder=TamilNadu2026&candidate_id=1496&col=lia
3769,1259,Vairamuthu.Pk,https://www.myneta.info/TamilNadu2026/candidate.php?candidate_id=1259,THIRUMAYAM,AIADMK,1,12th Pass,"Rs 18,10,11,554 ~ 18 Crore+","Rs 5,92,77,631 ~ 5 Crore+"
3770,765,Vaithilingam G.,https://www.myneta.info/TamilNadu2026/candidate.php?candidate_id=765,JAYANKONDAM,Pattali Makkal Katchi,1,12th Pass,"Rs 4,77,48,613 ~ 4 Crore+","Rs 19,17,424 ~ 19 Lacs+"
3771,2670,Valarmathi. P,https://www.myneta.info/TamilNadu2026/candidate.php?candidate_id=2670,PERUNDURAI,Samaniya Makkal Nala Katchi,0,8th Pass,https://myneta.info/image_v2.php?myneta_folder=TamilNadu2026&candidate_id=2670&col=ta,https://myneta.info/image_v2.php?myneta_folder=TamilNadu2026&candidate_id=2670&col=lia
3772,2643,Valarmathi. P,https://www.myneta.info/TamilNadu2026/candidate.php?candidate_id=2643,SAIDAPET,IND,0,12th Pass,"Rs 30,31,000 ~ 30 Lacs+","Rs 2,21,400 ~ 2 Lacs+"
3773,1275,Valarmathi.B,https://www.myneta.info/TamilNadu2026/candidate.php?candidate_id=1275,THOUSAND LIGHTS,AIADMK,2,10th Pass,"Rs 21,16,91,822 ~ 21 Crore+",Rs 0 ~
3774,2147,Valarmathi.E,https://www.myneta.info/TamilNadu2026/candidate.php?candidate_id=2147,THOUSAND LIGHTS,IND,0,8th Pass,https://myneta.info/image_v2.php?myneta_folder=TamilNadu2026&candidate_id=2147&col=ta,https://myneta.info/image_v2.php?myneta_folder=TamilNadu2026&candidate_id=2147&col=lia
3775,2148,Valarmathy.D,https://www.myneta.info/TamilNadu2026/candidate.php?candidate_id=2148,THOUSAND LIGHTS,IND,0,8th Pass,"Rs 5,82,000 ~ 5 Lacs+",Rs 0 ~
3776,2343,Vallabadas.E,https://www.myneta.info/TamilNadu2026/candidate.php?candidate_id=2343,NAGAPATTINAM,Tamizhaga Vaazhvurimai Katchi,1,Post Graduate,"Rs 10,78,000 ~ 10 Lacs+",Rs 0 ~
3777,2321,Vallarasan. K.,https://www.myneta.info/TamilNadu2026/candidate.php?candidate_id=2321,THIRUPARANKUNDRAM,IND,0,Graduate Professional,https://myneta.info/image_v2.php?myneta_folder=TamilNadu2026&candidate_id=2321&col=ta,https://myneta.info/image_v2.php?myneta_folder=TamilNadu2026&candidate_id=2321&col=lia
3778,1807,Vallimayil P,https://www.myneta.info/TamilNadu2026/candidate.php?candidate_id=1807,NAGERCOIL,CPI(ML) Red Star,0,12th Pass,"Rs 45,49,000 ~ 45 Lacs+","Rs 3,25,000 ~ 3 Lacs+"
3779,1391,Vanathi Srinivasan,https://www.myneta.info/TamilNadu2026/candidate.php?candidate_id=1391,COIMBATORE (NORTH),BJP,0,Post Graduate,"Rs 13,34,94,366 ~ 13 Crore+","Rs 3,90,55,513 ~ 3 Crore+"
3780,4122,Vanitha. K.M,https://www.myneta.info/TamilNadu2026/candidate.php?candidate_id=4122,KARUR,IND,0,Post Graduate,https://myneta.info/image_v2.php?myneta_folder=TamilNadu2026&candidate_id=4122&col=ta,https://myneta.info/image_v2.php?myneta_folder=TamilNadu2026&candidate_id=4122&col=lia
3781,2163,Vanjinathan. C,https://www.myneta.info/TamilNadu2026/candidate.php?candidate_id=2163,TINDIVANAM (SC),Tamizhaga Vaazhvurimai Katchi,0,Post Graduate,"Rs 7,55,000 ~ 7 Lacs+",Rs 0 ~
3782,1277,Vanni Arasu,https://www.myneta.info/TamilNadu2026/candidate.php?candidate_id=1277,TINDIVANAM (SC),Viduthalai Chiruthaigal Katchi,3,12th Pass,"Rs 93,77,751 ~ 93 Lacs+",Rs 0 ~
3783,1572,Varatharaj. G.,https://www.myneta.info/TamilNadu2026/candidate.php?candidate_id=1572,ATTUR (SC),IND,0,5th Pass,https://myneta.info/image_v2.php?myneta_folder=TamilNadu2026&candidate_id=1572&col=ta,https://myneta.info/image_v2.php?myneta_folder=TamilNadu2026&candidate_id=1572&col=lia
3784,1659,Varatharajan. S.P,https://www.myneta.info/TamilNadu2026/candidate.php?candidate_id=1659,SALEM (SOUTH),IND,0,8th Pass,"Rs 2,23,234 ~ 2 Lacs+","Rs 71,970 ~ 71 Thou+"
3785,630,Varatharajan.A,https://www.myneta.info/TamilNadu2026/candidate.php?candidate_id=630,SRIVILLIPUTHUR (SC),Naam Indiar Party,0,Graduate,"Rs 10,74,751 ~ 10 Lacs+","Rs 6,56,900 ~ 6 Lacs+"
3786,1694,Vasanth Fernando. T,https://www.myneta.info/TamilNadu2026/candidate.php?candidate_id=1694,SRIVAIKUNTAM,IND,0,8th Pass,https://myneta.info/image_v2.php?myneta_folder=TamilNadu2026&candidate_id=1694&col=ta,https://myneta.info/image_v2.php?myneta_folder=TamilNadu2026&candidate_id=1694&col=lia
3787,2590,Vasanthakumar S,https://www.myneta.info/TamilNadu2026/candidate.php?candidate_id=2590,KALLAKURICHI (SC),IND,1,Graduate Professional,"Rs 1,16,500 ~ 1 Lacs+",Rs 0 ~
3788,1752,Vasanthamani. K,https://www.myneta.info/TamilNadu2026/candidate.php?candidate_id=1752,TIRUPPUR (SOUTH),IND,0,Literate,"Rs 1,08,51,752 ~ 1 Crore+",Rs 0 ~
3789,927,Vasanthavel G R,https://www.myneta.info/TamilNadu2026/candidate.php?candidate_id=927,ULUNDURPETTAI,DMK,0,Graduate Professional,https://myneta.info/image_v2.php?myneta_folder=TamilNadu2026&candidate_id=927&col=ta,https://myneta.info/image_v2.php?myneta_folder=TamilNadu2026&candidate_id=927&col=lia
3790,3882,Vasanthi,https://www.myneta.info/TamilNadu2026/candidate.php?candidate_id=3882,SINGANALLUR,IND,0,10th Pass,"Rs 4,41,000 ~ 4 Lacs+",Rs 0 ~
3791,3828,Vasanthi Murugesan,https://www.myneta.info/TamilNadu2026/candidate.php?candidate_id=3828,SANKARANKOVIL (SC),All India Puratchi Thalaivar Makkal Munnettra Kazhagam,0,Post Graduate,"Rs 1,68,99,439 ~ 1 Crore+","Rs 12,50,000 ~ 12 Lacs+"
3792,2688,Vasanthi. R,https://www.myneta.info/TamilNadu2026/candidate.php?candidate_id=2688,PADMANABHAPURAM,IND,0,Graduate,https://myneta.info/image_v2.php?myneta_folder=TamilNadu2026&candidate_id=2688&col=ta,https://myneta.info/image_v2.php?myneta_folder=TamilNadu2026&candidate_id=2688&col=lia
3793,3070,Vaykkaldurai. K,https://www.myneta.info/TamilNadu2026/candidate.php?candidate_id=3070,PALANI,Puthiya Tamilagam,0,10th Pass,"Rs 15,000 ~ 15 Thou+",Rs 0 ~
3794,411,Vedaprakash. A,https://www.myneta.info/TamilNadu2026/candidate.php?candidate_id=411,OTTAPIDARAM (SC),IND,0,Graduate,"Rs 1,34,00,000 ~ 1 Crore+","Rs 1,50,000 ~ 1 Lacs+"
3795,2351,Vedha Mukundhan,https://www.myneta.info/TamilNadu2026/candidate.php?candidate_id=2351,KILVELUR,Aanaithinthiya Jananayaka Pathukappu Kazhagam,0,Post Graduate,https://myneta.info/image_v2.php?myneta_folder=TamilNadu2026&candidate_id=2351&col=ta,https://myneta.info/image_v2.php?myneta_folder=TamilNadu2026&candidate_id=2351&col=lia
3796,3958,Veerabaghu. M.,https://www.myneta.info/TamilNadu2026/candidate.php?candidate_id=3958,TIRUNELVELI,IND,0,12th Pass,"Rs 11,29,977 ~ 11 Lacs+","Rs 5,05,270 ~ 5 Lacs+"
3797,1952,Veeraiya. C,https://www.myneta.info/TamilNadu2026/candidate.php?candidate_id=1952,MANACHANALLUR,Tamizhaga Vaazhvurimai Katchi,0,12th Pass,"Rs 22,80,000 ~ 22 Lacs+",Rs 0 ~
3798,1772,Veerakumar. V,https://www.myneta.info/TamilNadu2026/candidate.php?candidate_id=1772,VEDHARANYAM,IND,0,5th Pass,https://myneta.info/image_v2.php?myneta_folder=TamilNadu2026&candidate_id=1772&col=ta,https://myneta.info/image_v2.php?myneta_folder=TamilNadu2026&candidate_id=1772&col=lia
3799,3520,Veeramani H,https://www.myneta.info/TamilNadu2026/candidate.php?candidate_id=3520,JOLARPET,IND,0,8th Pass,"Rs 8,50,500 ~ 8 Lacs+",Rs 0 ~
3800,1164,Veeramani K.C.,https://www.myneta.info/TamilNadu2026/candidate.php?candidate_id=1164,JOLARPET,AIADMK,7,10th Pass,"Rs 55,47,42,574 ~ 55 Crore+","Rs 31,02,90,819 ~ 31 Crore+"
3801,1039,Veeramani V,https://www.myneta.info/TamilNadu2026/candidate.php?candidate_id=1039,THIRUVARUR,Tamilaga Vettri Kazhagam,1,Post Graduate,https://myneta.info/image_v2.php?myneta_folder=TamilNadu2026&candidate_id=1039&col=ta,https://myneta.info/image_v2.php?myneta_folder=TamilNadu2026&candidate_id=1039&col=lia
3802,4007,Veeramani. M S/O Maniyan,https://www.myneta.info/TamilNadu2026/candidate.php?candidate_id=4007,VIRALIMALAI,IND,0,10th Pass,"Rs 15,000 ~ 15 Thou+",Rs 0 ~
3803,4006,Veeramani. M S/O Moorthy,https://www.myneta.info/TamilNadu2026/candidate.php?candidate_id=4006,VIRALIMALAI,IND,0,Others,"Rs 65,91,000 ~ 65 Lacs+","Rs 31,00,000 ~ 31 Lacs+"
3804,107,Veeramani.B,https://www.myneta.info/TamilNadu2026/candidate.php?candidate_id=107,NEYVELI,Naam Tamilar Katchi,4,Others,https://myneta.info/image_v2.php?myneta_folder=TamilNadu2026&candidate_id=107&col=ta,https://myneta.info/image_v2.php?myneta_folder=TamilNadu2026&candidate_id=107&col=lia
3805,1800,Veeramanikandan. V,https://www.myneta.info/TamilNadu2026/candidate.php?candidate_id=1800,KARAIKUDI,IND,0,8th Pass,"Rs 25,000 ~ 25 Thou+",Rs 0 ~
3806,3398,Veeran.K,https://www.myneta.info/TamilNadu2026/candidate.php?candidate_id=3398,ANTHIYUR,IND,0,10th Pass,"Rs 17,500 ~ 17 Thou+",Rs 0 ~
3807,2390,Veerapandi.V,https://www.myneta.info/TamilNadu2026/candidate.php?candidate_id=2390,MANAMADURAI (SC),IND,0,8th Pass,https://myneta.info/image_v2.php?myneta_folder=TamilNadu2026&candidate_id=2390&col=ta,https://myneta.info/image_v2.php?myneta_folder=TamilNadu2026&candidate_id=2390&col=lia
3808,2175,Veerappa. T,https://www.myneta.info/TamilNadu2026/candidate.php?candidate_id=2175,TIRUCHENDUR,IND,0,5th Pass,"Rs 10,55,000 ~ 10 Lacs+",Rs 0 ~
3809,3775,Veerappan. M.,https://www.myneta.info/TamilNadu2026/candidate.php?candidate_id=3775,PENNAGARAM,IND,0,5th Pass,"Rs 11,08,500 ~ 11 Lacs+",Rs 0 ~
3810,3327,Veeraraj. R,https://www.myneta.info/TamilNadu2026/candidate.php?candidate_id=3327,ARUPPUKOTTAI,IND,0,5th Pass,https://myneta.info/image_v2.php?myneta_folder=TamilNadu2026&candidate_id=3327&col=ta,https://myneta.info/image_v2.php?myneta_folder=TamilNadu2026&candidate_id=3327&col=lia
3811,3162,Veerasamy. T,https://www.myneta.info/TamilNadu2026/candidate.php?candidate_id=3162,MAYILADUTHURAI,IND,0,8th Pass,"Rs 5,87,046 ~ 5 Lacs+",Rs 0 ~
3812,3959,Velayutham. P.,https://www.myneta.info/TamilNadu2026/candidate.php?candidate_id=3959,TIRUNELVELI,IND,0,12th Pass,"Rs 32,68,676 ~ 32 Lacs+","Rs 80,000 ~ 80 Thou+"
3813,3675,Velladurai A,https://www.myneta.info/TamilNadu2026/candidate.php?candidate_id=3675,MADURAI EAST,IND,0,8th Pass,https://myneta.info/image_v2.php?myneta_folder=TamilNadu2026&candidate_id=3675&col=ta,https://myneta.info/image_v2.php?myneta_folder=TamilNadu2026&candidate_id=3675&col=lia
3814,325,Vellaipandi. V,https://www.myneta.info/TamilNadu2026/candidate.php?candidate_id=325,USILAMPATTI,BSP,0,Post Graduate,"Rs 60,00,000 ~ 60 Lacs+","Rs 20,00,000 ~ 20 Lacs+"
3815,508,Vellaisamy.P,https://www.myneta.info/TamilNadu2026/candidate.php?candidate_id=508,TIRUCHULI,Ahimsa Socialist Party,0,5th Pass,"Rs 24,40,000 ~ 24 Lacs+",Rs 0 ~
3816,2215,Velmanikandan. S,https://www.myneta.info/TamilNadu2026/candidate.php?candidate_id=2215,SALEM (WEST),IND,0,12th Pass,https://myneta.info/image_v2.php?myneta_folder=TamilNadu2026&candidate_id=2215&col=ta,https://myneta.info/image_v2.php?myneta_folder=TamilNadu2026&candidate_id=2215&col=lia
3817,3058,Velmurugan G,https://www.myneta.info/TamilNadu2026/candidate.php?candidate_id=3058,TITTAKUDI (SC),IND,0,Graduate Professional,"Rs 15,89,500 ~ 15 Lacs+",Rs 0 ~
3818,3852,Velmurugan. S,https://www.myneta.info/TamilNadu2026/candidate.php?candidate_id=3852,SATTUR,Puthiya Tamilagam,0,10th Pass,"Rs 74,500 ~ 74 Thou+",Rs 0 ~
3819,3829,Velraj .S,https://www.myneta.info/TamilNadu2026/candidate.php?candidate_id=3829,SANKARANKOVIL (SC),Tamizhaga Vaazhvurimai Katchi,0,8th Pass,https://myneta.info/image_v2.php?myneta_folder=TamilNadu2026&candidate_id=3829&col=ta,https://myneta.info/image_v2.php?myneta_folder=TamilNadu2026&candidate_id=3829&col=lia
3820,1782,Velraj.K,https://www.myneta.info/TamilNadu2026/candidate.php?candidate_id=1782,BODINAYAKKANUR,IND,0,Graduate Professional,"Rs 8,23,425 ~ 8 Lacs+",Rs 0 ~
3821,2760,Velu. A,https://www.myneta.info/TamilNadu2026/candidate.php?candidate_id=2760,METTUR,Vada Tamil Nadu Munnetra Katchi,0,8th Pass,"Rs 1,64,000 ~ 1 Lacs+",Rs 0 ~
3822,857,Velu. Dha,https://www.myneta.info/TamilNadu2026/candidate.php?candidate_id=857,MYLAPORE,DMK,0,Graduate Professional,https://myneta.info/image_v2.php?myneta_folder=TamilNadu2026&candidate_id=857&col=ta,https://myneta.info/image_v2.php?myneta_folder=TamilNadu2026&candidate_id=857&col=lia
3823,1293,Velu. E.V,https://www.myneta.info/TamilNadu2026/candidate.php?candidate_id=1293,TIRUVANNAMALAI,DMK,0,Post Graduate,"Rs 20,76,84,727 ~ 20 Crore+",Rs 0 ~
3824,2056,Velu. K,https://www.myneta.info/TamilNadu2026/candidate.php?candidate_id=2056,MYLAPORE,IND,0,8th Pass,"Rs 46,02,500 ~ 46 Lacs+",Rs 0 ~
3825,1801,Velu. K,https://www.myneta.info/TamilNadu2026/candidate.php?candidate_id=1801,KARAIKUDI,IND,0,8th Pass,https://myneta.info/image_v2.php?myneta_folder=TamilNadu2026&candidate_id=1801&col=ta,https://myneta.info/image_v2.php?myneta_folder=TamilNadu2026&candidate_id=1801&col=lia
3826,1264,Velu. Karthikeyan,https://www.myneta.info/TamilNadu2026/candidate.php?candidate_id=1264,THIRUVAIYARU,Amma Makkal Munnettra Kazagam,1,Post Graduate,"Rs 7,80,58,141 ~ 7 Crore+","Rs 33,13,060 ~ 33 Lacs+"
3827,1852,Velu. V,https://www.myneta.info/TamilNadu2026/candidate.php?candidate_id=1852,TIRUVANNAMALAI,Anti Corruption Dynamic Party,0,Graduate,"Rs 27,33,038 ~ 27 Lacs+",Rs 0 ~
3828,2446,Velu.S,https://www.myneta.info/TamilNadu2026/candidate.php?candidate_id=2446,POONAMALLEE (SC),IND,0,Graduate,https://myneta.info/image_v2.php?myneta_folder=TamilNadu2026&candidate_id=2446&col=ta,https://myneta.info/image_v2.php?myneta_folder=TamilNadu2026&candidate_id=2446&col=lia
3829,942,Vendarkarasan.S,https://www.myneta.info/TamilNadu2026/candidate.php?candidate_id=942,HOSUR,Tamilaga Vettri Kazhagam,1,5th Pass,"Rs 32,40,773 ~ 32 Lacs+","Rs 5,89,626 ~ 5 Lacs+"
3830,2332,Vengateswaran.B,https://www.myneta.info/TamilNadu2026/candidate.php?candidate_id=2332,THIRUMANGALAM,IND,0,Graduate Professional,"Rs 34,17,255 ~ 34 Lacs+","Rs 6,75,000 ~ 6 Lacs+"
3831,1753,Venkadasamy. K,https://www.myneta.info/TamilNadu2026/candidate.php?candidate_id=1753,TIRUPPUR (SOUTH),IND,0,10th Pass,https://myneta.info/image_v2.php?myneta_folder=TamilNadu2026&candidate_id=1753&col=ta,https://myneta.info/image_v2.php?myneta_folder=TamilNadu2026&candidate_id=1753&col=lia
3832,938,Venkadeasan. K,https://www.myneta.info/TamilNadu2026/candidate.php?candidate_id=938,VILAVANCODE,Thamizhaka Padaippalar Makkal Katchi,0,8th Pass,"Rs 11,50,000 ~ 11 Lacs+","Rs 40,000 ~ 40 Thou+"
3833,3482,Venkatachalam,https://www.myneta.info/TamilNadu2026/candidate.php?candidate_id=3482,GOBICHETTIPALAYAM,IND,0,Not Given,"Rs 11,70,814 ~ 11 Lacs+",Rs 0 ~
3834,3627,Venkatachalam,https://www.myneta.info/TamilNadu2026/candidate.php?candidate_id=3627,KUMARAPALAYAM,IND,0,10th Pass,https://myneta.info/image_v2.php?myneta_folder=TamilNadu2026&candidate_id=3627&col=ta,https://myneta.info/image_v2.php?myneta_folder=TamilNadu2026&candidate_id=3627&col=lia
3835,2081,Venkatachalam Paramasivam,https://www.myneta.info/TamilNadu2026/candidate.php?candidate_id=2081,COIMBATORE (SOUTH),IND,0,Graduate,"Rs 12,00,000 ~ 12 Lacs+",Rs 0 ~
3836,2673,Venkatachalam. C,https://www.myneta.info/TamilNadu2026/candidate.php?candidate_id=2673,PERUNDURAI,IND,0,5th Pass,"Rs 70,57,001 ~ 70 Lacs+","Rs 2,60,000 ~ 2 Lacs+"
3837,1196,Venkatachalam. G,https://www.myneta.info/TamilNadu2026/candidate.php?candidate_id=1196,METTUR,AIADMK,5,8th Pass,https://myneta.info/image_v2.php?myneta_folder=TamilNadu2026&candidate_id=1196&col=ta,https://myneta.info/image_v2.php?myneta_folder=TamilNadu2026&candidate_id=1196&col=lia
3838,1754,Venkatachalam. G,https://www.myneta.info/TamilNadu2026/candidate.php?candidate_id=1754,TIRUPPUR (SOUTH),IND,0,10th Pass,"Rs 38,92,220 ~ 38 Lacs+",Rs 0 ~
3839,520,Venkatachalapathy. A,https://www.myneta.info/TamilNadu2026/candidate.php?candidate_id=520,TINDIVANAM (SC),BSP,0,10th Pass,"Rs 3,23,000 ~ 3 Lacs+",Rs 0 ~
3840,2982,Venkatajalapathi R.,https://www.myneta.info/TamilNadu2026/candidate.php?candidate_id=2982,JAYANKONDAM,IND,0,8th Pass,https://myneta.info/image_v2.php?myneta_folder=TamilNadu2026&candidate_id=2982&col=ta,https://myneta.info/image_v2.php?myneta_folder=TamilNadu2026&candidate_id=2982&col=lia
3841,2055,Venkataraman. B,https://www.myneta.info/TamilNadu2026/candidate.php?candidate_id=2055,MYLAPORE,IND,0,10th Pass,"Rs 8,50,500 ~ 8 Lacs+",Rs 0 ~
3842,2451,Venkataramanan. J,https://www.myneta.info/TamilNadu2026/candidate.php?candidate_id=2451,THIRUVOTTIYUR,Tamizhaga Vaazhvurimai Katchi,0,Graduate,"Rs 2,47,000 ~ 2 Lacs+",Rs 0 ~
3843,100,Venkataramanan. P,https://www.myneta.info/TamilNadu2026/candidate.php?candidate_id=100,MYLAPORE,Tamilaga Vettri Kazhagam,0,Post Graduate,https://myneta.info/image_v2.php?myneta_folder=TamilNadu2026&candidate_id=100&col=ta,https://myneta.info/image_v2.php?myneta_folder=TamilNadu2026&candidate_id=100&col=lia
3844,2770,Venkatasalam. G,https://www.myneta.info/TamilNadu2026/candidate.php?candidate_id=2770,METTUR,IND,0,Graduate Professional,"Rs 33,29,667 ~ 33 Lacs+","Rs 12,00,000 ~ 12 Lacs+"
3845,570,Venkatesan G,https://www.myneta.info/TamilNadu2026/candidate.php?candidate_id=570,NATHAM,IND,0,10th Pass,"Rs 14,51,000 ~ 14 Lacs+",Rs 0 ~
3846,761,Venkatesan L,https://www.myneta.info/TamilNadu2026/candidate.php?candidate_id=761,MAILAM,Desiya Murpokku Dravida Kazhagam,0,Post Graduate,https://myneta.info/image_v2.php?myneta_folder=TamilNadu2026&candidate_id=761&col=ta,https://myneta.info/image_v2.php?myneta_folder=TamilNadu2026&candidate_id=761&col=lia
3847,2727,Venkatesan M,https://www.myneta.info/TamilNadu2026/candidate.php?candidate_id=2727,MADURAI WEST,IND,0,Post Graduate,"Rs 56,41,651 ~ 56 Lacs+","Rs 28,90,616 ~ 28 Lacs+"
3848,571,Venkatesan. D,https://www.myneta.info/TamilNadu2026/candidate.php?candidate_id=571,CHIDAMBARAM,IND,0,8th Pass,"Rs 15,93,599 ~ 15 Lacs+",Rs 0 ~
3849,960,Venkatesan. K,https://www.myneta.info/TamilNadu2026/candidate.php?candidate_id=960,MAYILADUTHURAI,BSP,0,Graduate,https://myneta.info/image_v2.php?myneta_folder=TamilNadu2026&candidate_id=960&col=ta,https://myneta.info/image_v2.php?myneta_folder=TamilNadu2026&candidate_id=960&col=lia
3850,4056,Venkatesan. K,https://www.myneta.info/TamilNadu2026/candidate.php?candidate_id=4056,TIRUPATTUR,IND,0,Graduate Professional,"Rs 40,00,000 ~ 40 Lacs+","Rs 24,79,721 ~ 24 Lacs+"
3851,3863,Venkatesan. M,https://www.myneta.info/TamilNadu2026/candidate.php?candidate_id=3863,SATTUR,IND,0,Others,"Rs 12,94,953 ~ 12 Lacs+",Rs 0 ~
3852,1534,Venkatesan. M,https://www.myneta.info/TamilNadu2026/candidate.php?candidate_id=1534,AMBUR,IND,0,Others,https://myneta.info/image_v2.php?myneta_folder=TamilNadu2026&candidate_id=1534&col=ta,https://myneta.info/image_v2.php?myneta_folder=TamilNadu2026&candidate_id=1534&col=lia
3853,1870,Venkatesan. M,https://www.myneta.info/TamilNadu2026/candidate.php?candidate_id=1870,TIRUVANNAMALAI,IND,0,Graduate Professional,"Rs 8,93,000 ~ 8 Lacs+",Rs 0 ~
3854,3417,Venkatesan. P,https://www.myneta.info/TamilNadu2026/candidate.php?candidate_id=3417,ARANI,IND,0,Literate,"Rs 11,04,000 ~ 11 Lacs+",Rs 0 ~
3855,3328,Venkatesan. P.S,https://www.myneta.info/TamilNadu2026/candidate.php?candidate_id=3328,ARUPPUKOTTAI,IND,0,12th Pass,https://myneta.info/image_v2.php?myneta_folder=TamilNadu2026&candidate_id=3328&col=ta,https://myneta.info/image_v2.php?myneta_folder=TamilNadu2026&candidate_id=3328&col=lia
3856,1072,Venkatesan. R,https://www.myneta.info/TamilNadu2026/candidate.php?candidate_id=1072,AMBUR,AIADMK,0,Post Graduate,"Rs 7,42,22,577 ~ 7 Crore+","Rs 5,46,77,081 ~ 5 Crore+"
3857,2846,Venkatesan. V,https://www.myneta.info/TamilNadu2026/candidate.php?candidate_id=2846,CHEYYAR,Anaithindia Samudaya Munnetra Kazhagam,0,Post Graduate,"Rs 4,90,64,675 ~ 4 Crore+","Rs 9,45,000 ~ 9 Lacs+"
3858,1240,Venkatesan.A,https://www.myneta.info/TamilNadu2026/candidate.php?candidate_id=1240,SHOLAVANDAN (SC),DMK,0,Graduate,https://myneta.info/image_v2.php?myneta_folder=TamilNadu2026&candidate_id=1240&col=ta,https://myneta.info/image_v2.php?myneta_folder=TamilNadu2026&candidate_id=1240&col=lia
3859,528,Venkatesan.C,https://www.myneta.info/TamilNadu2026/candidate.php?candidate_id=528,VEPPANAHALLI,IND,0,8th Pass,"Rs 3,64,000 ~ 3 Lacs+",Rs 0 ~
3860,3993,Venkatesan.C,https://www.myneta.info/TamilNadu2026/candidate.php?candidate_id=3993,VIRUGAMPAKKAM,IND,0,8th Pass,"Rs 3,64,000 ~ 3 Lacs+",Rs 0 ~
3861,3501,Venkatesh Alias Dr. V.K. Swamy,https://www.myneta.info/TamilNadu2026/candidate.php?candidate_id=3501,HARUR (SC),Bharat Jan Chikitsa Party,0,Post Graduate,https://myneta.info/image_v2.php?myneta_folder=TamilNadu2026&candidate_id=3501&col=ta,https://myneta.info/image_v2.php?myneta_folder=TamilNadu2026&candidate_id=3501&col=lia
3862,402,Venkatesh Kumar. D,https://www.myneta.info/TamilNadu2026/candidate.php?candidate_id=402,ARANI,Tamilaga Vettri Kazhagam,0,Post Graduate,"Rs 2,71,92,945 ~ 2 Crore+","Rs 25,47,000 ~ 25 Lacs+"
3863,568,Venkatesh P,https://www.myneta.info/TamilNadu2026/candidate.php?candidate_id=568,NATHAM,IND,0,12th Pass,"Rs 3,54,000 ~ 3 Lacs+",Rs 0 ~
3864,2176,Venkatesh Perumal. S,https://www.myneta.info/TamilNadu2026/candidate.php?candidate_id=2176,TIRUCHENDUR,IND,0,Post Graduate,https://myneta.info/image_v2.php?myneta_folder=TamilNadu2026&candidate_id=2176&col=ta,https://myneta.info/image_v2.php?myneta_folder=TamilNadu2026&candidate_id=2176&col=lia
3865,634,Venkatesh V,https://www.myneta.info/TamilNadu2026/candidate.php?candidate_id=634,SIVAKASI,IND,0,Graduate,"Rs 16,77,877 ~ 16 Lacs+",Rs 0 ~
3866,2633,Venkatesh. K,https://www.myneta.info/TamilNadu2026/candidate.php?candidate_id=2633,EGMORE (SC),IND,0,10th Pass,"Rs 12,58,100 ~ 12 Lacs+",Rs 0 ~
3867,2950,Venkatesh. P,https://www.myneta.info/TamilNadu2026/candidate.php?candidate_id=2950,KADAYANALLUR,IND,0,Graduate Professional,https://myneta.info/image_v2.php?myneta_folder=TamilNadu2026&candidate_id=2950&col=ta,https://myneta.info/image_v2.php?myneta_folder=TamilNadu2026&candidate_id=2950&col=lia
3868,3598,Venkateshraja.E,https://www.myneta.info/TamilNadu2026/candidate.php?candidate_id=3598,KRISHNAGIRI,IND,0,Graduate Professional,"Rs 4,45,48,644 ~ 4 Crore+",Rs 0 ~
3869,2918,Venkatraman J,https://www.myneta.info/TamilNadu2026/candidate.php?candidate_id=2918,RISHIVANDIYAM,Naadaalum Makkal Katchi,0,Post Graduate,"Rs 31,87,726 ~ 31 Lacs+","Rs 2,35,000 ~ 2 Lacs+"
3870,37,Vennila.T,https://www.myneta.info/TamilNadu2026/candidate.php?candidate_id=37,DR.RADHAKRISHNAN NAGAR,Naam Tamilar Katchi,0,Post Graduate,https://myneta.info/image_v2.php?myneta_folder=TamilNadu2026&candidate_id=37&col=ta,https://myneta.info/image_v2.php?myneta_folder=TamilNadu2026&candidate_id=37&col=lia
3871,1966,Vetri Vel Selvam,https://www.myneta.info/TamilNadu2026/candidate.php?candidate_id=1966,PERAMBUR,BSP,0,Graduate Professional,"Rs 26,500 ~ 26 Thou+",Rs 0 ~
3872,55,Vetriselvi,https://www.myneta.info/TamilNadu2026/candidate.php?candidate_id=55,KANCHEEPURAM,Naam Tamilar Katchi,0,Post Graduate,"Rs 53,67,500 ~ 53 Lacs+",Rs 0 ~
3873,2886,Vetrivel G,https://www.myneta.info/TamilNadu2026/candidate.php?candidate_id=2886,VANUR (SC),IND,0,10th Pass,https://myneta.info/image_v2.php?myneta_folder=TamilNadu2026&candidate_id=2886&col=ta,https://myneta.info/image_v2.php?myneta_folder=TamilNadu2026&candidate_id=2886&col=lia
3874,2969,Vetrivel G,https://www.myneta.info/TamilNadu2026/candidate.php?candidate_id=2969,ARIYALUR,IND,0,Graduate,"Rs 5,04,151 ~ 5 Lacs+",Rs 0 ~
3875,454,Vetrivel K,https://www.myneta.info/TamilNadu2026/candidate.php?candidate_id=454,THIYAGARAYANAGAR,IND,0,Others,"Rs 9,00,845 ~ 9 Lacs+","Rs 5,97,203 ~ 5 Lacs+"
3876,1720,Vetrivel Kanna. P,https://www.myneta.info/TamilNadu2026/candidate.php?candidate_id=1720,THIRUVERUMBUR,IND,0,Others,https://myneta.info/image_v2.php?myneta_folder=TamilNadu2026&candidate_id=1720&col=ta,https://myneta.info/image_v2.php?myneta_folder=TamilNadu2026&candidate_id=1720&col=lia
3877,988,Vetrivel. M,https://www.myneta.info/TamilNadu2026/candidate.php?candidate_id=988,ARAKKONAM (SC),Aanaithinthiya Jananayaka Pathukappu Kazhagam,0,Graduate Professional,"Rs 2,96,000 ~ 2 Lacs+",Rs 0 ~
3878,1236,Vetrivel. S,https://www.myneta.info/TamilNadu2026/candidate.php?candidate_id=1236,SANKARI,AIADMK,2,Graduate,"Rs 15,33,92,090 ~ 15 Crore+","Rs 22,71,775 ~ 22 Lacs+"
3879,441,Vezhaventhan D.,https://www.myneta.info/TamilNadu2026/candidate.php?candidate_id=441,JAYANKONDAM,IND,0,Doctorate,https://myneta.info/image_v2.php?myneta_folder=TamilNadu2026&candidate_id=441&col=ta,https://myneta.info/image_v2.php?myneta_folder=TamilNadu2026&candidate_id=441&col=lia
3880,246,Vibin Chakkaravarthy,https://www.myneta.info/TamilNadu2026/candidate.php?candidate_id=246,ALANGULAM,Tamilaga Vettri Kazhagam,0,Graduate,"Rs 6,80,32,663 ~ 6 Crore+","Rs 3,34,68,103 ~ 3 Crore+"
3881,96,Vidhya Veerappan,https://www.myneta.info/TamilNadu2026/candidate.php?candidate_id=96,METTUR,Naam Tamilar Katchi,0,12th Pass,"Rs 6,98,120 ~ 6 Lacs+","Rs 3,50,000 ~ 3 Lacs+"
3882,1349,Vidiyal S. Sekar,https://www.myneta.info/TamilNadu2026/candidate.php?candidate_id=1349,ODDANCHATRAM,BJP,0,Post Graduate,https://myneta.info/image_v2.php?myneta_folder=TamilNadu2026&candidate_id=1349&col=ta,https://myneta.info/image_v2.php?myneta_folder=TamilNadu2026&candidate_id=1349&col=lia
3883,87,Vidjaivikram S,https://www.myneta.info/TamilNadu2026/candidate.php?candidate_id=87,MAILAM,Naam Tamilar Katchi,0,Post Graduate,"Rs 74,40,880 ~ 74 Lacs+","Rs 2,01,53,989 ~ 2 Crore+"
3884,2619,Vigirdhan,https://www.myneta.info/TamilNadu2026/candidate.php?candidate_id=2619,KOLATHUR,IND,0,10th Pass,"Rs 5,68,000 ~ 5 Lacs+",Rs 0 ~
3885,2591,Vignesh G,https://www.myneta.info/TamilNadu2026/candidate.php?candidate_id=2591,KALLAKURICHI (SC),IND,0,Graduate,https://myneta.info/image_v2.php?myneta_folder=TamilNadu2026&candidate_id=2591&col=ta,https://myneta.info/image_v2.php?myneta_folder=TamilNadu2026&candidate_id=2591&col=lia
3886,874,Vignesh K,https://www.myneta.info/TamilNadu2026/candidate.php?candidate_id=874,KINATHUKADAVU,Tamilaga Vettri Kazhagam,2,Graduate,"Rs 3,19,36,561 ~ 3 Crore+","Rs 91,59,970 ~ 91 Lacs+"
3887,2839,Vignesh Nandagopal,https://www.myneta.info/TamilNadu2026/candidate.php?candidate_id=2839,MADHURAVOYAL,IND,0,Post Graduate,"Rs 1,38,94,472 ~ 1 Crore+",Rs 0 ~
3888,3846,Vignesh R,https://www.myneta.info/TamilNadu2026/candidate.php?candidate_id=3846,SANKARAPURAM,IND,0,Graduate,https://myneta.info/image_v2.php?myneta_folder=TamilNadu2026&candidate_id=3846&col=ta,https://myneta.info/image_v2.php?myneta_folder=TamilNadu2026&candidate_id=3846&col=lia
3889,2136,Vignesh. A,https://www.myneta.info/TamilNadu2026/candidate.php?candidate_id=2136,SANKARI,IND,0,Others,"Rs 4,87,000 ~ 4 Lacs+",Rs 0 ~
3890,1869,Vignesh. M,https://www.myneta.info/TamilNadu2026/candidate.php?candidate_id=1869,TIRUVANNAMALAI,IND,0,Graduate Professional,"Rs 2,45,000 ~ 2 Lacs+",Rs 0 ~
3891,4026,Vignesh. M,https://www.myneta.info/TamilNadu2026/candidate.php?candidate_id=4026,VELACHERY,IND,0,Post Graduate,https://myneta.info/image_v2.php?myneta_folder=TamilNadu2026&candidate_id=4026&col=ta,https://myneta.info/image_v2.php?myneta_folder=TamilNadu2026&candidate_id=4026&col=lia
3892,4027,Vignesh. R,https://www.myneta.info/TamilNadu2026/candidate.php?candidate_id=4027,VELACHERY,IND,0,Graduate Professional,"Rs 1,50,000 ~ 1 Lacs+",Rs 0 ~
3893,200,Vignesh. S,https://www.myneta.info/TamilNadu2026/candidate.php?candidate_id=200,TIRUVANNAMALAI,Naam Tamilar Katchi,0,Graduate Professional,"Rs 96,136 ~ 96 Thou+",Rs 0 ~
3894,84,Vigneshkumar S,https://www.myneta.info/TamilNadu2026/candidate.php?candidate_id=84,MADURAI WEST,Naam Tamilar Katchi,0,Graduate Professional,https://myneta.info/image_v2.php?myneta_folder=TamilNadu2026&candidate_id=84&col=ta,https://myneta.info/image_v2.php?myneta_folder=TamilNadu2026&candidate_id=84&col=lia
3895,4123,Vigneshwaran. D,https://www.myneta.info/TamilNadu2026/candidate.php?candidate_id=4123,KARUR,IND,0,Graduate Professional,"Rs 19,47,706 ~ 19 Lacs+",Rs 0 ~
3896,1089,Vijai Vadivel A,https://www.myneta.info/TamilNadu2026/candidate.php?candidate_id=1089,VIKRAVANDI,Tamilaga Vettri Kazhagam,0,10th Pass,"Rs 37,57,000 ~ 37 Lacs+","Rs 8,06,649 ~ 8 Lacs+"
3897,383,Vijaia Mohanaaji .Ma,https://www.myneta.info/TamilNadu2026/candidate.php?candidate_id=383,TIRUCHIRAPPALLI (EAST),Vidial Valarchi Perani,0,Graduate,https://myneta.info/image_v2.php?myneta_folder=TamilNadu2026&candidate_id=383&col=ta,https://myneta.info/image_v2.php?myneta_folder=TamilNadu2026&candidate_id=383&col=lia
3898,1976,Vijay,https://www.myneta.info/TamilNadu2026/candidate.php?candidate_id=1976,PERAMBUR,All India Jananayaka Makkal Kazhagam,0,Graduate Professional,"Rs 13,16,700 ~ 13 Lacs+",Rs 0 ~
3899,2506,Vijay .A,https://www.myneta.info/TamilNadu2026/candidate.php?candidate_id=2506,SRIRANGAM,All India Puratchi Thalaivar Makkal Munnettra Kazhagam,0,Graduate,"Rs 1,04,88,000 ~ 1 Crore+","Rs 10,50,000 ~ 10 Lacs+"
3900,2183,Vijay .K,https://www.myneta.info/TamilNadu2026/candidate.php?candidate_id=2183,TIRUCHIRAPPALLI (EAST),All India Jananayaka Makkal Kazhagam,0,Post Graduate,https://myneta.info/image_v2.php?myneta_folder=TamilNadu2026&candidate_id=2183&col=ta,https://myneta.info/image_v2.php?myneta_folder=TamilNadu2026&candidate_id=2183&col=lia
3901,3847,Vijay J,https://www.myneta.info/TamilNadu2026/candidate.php?candidate_id=3847,SANKARAPURAM,IND,1,Post Graduate,"Rs 67,28,827 ~ 67 Lacs+","Rs 3,20,000 ~ 3 Lacs+"
3902,2868,Vijay Niranjan A,https://www.myneta.info/TamilNadu2026/candidate.php?candidate_id=2868,MAILAM,Tamilaga Vettri Kazhagam,1,Post Graduate,"Rs 4,69,19,768 ~ 4 Crore+","Rs 9,85,773 ~ 9 Lacs+"
3903,1616,Vijay Suryabhalaaji K R,https://www.myneta.info/TamilNadu2026/candidate.php?candidate_id=1616,PARAMATHIVELUR,All India Puratchi Thalaivar Makkal Munnettra Kazhagam,0,Graduate,https://myneta.info/image_v2.php?myneta_folder=TamilNadu2026&candidate_id=1616&col=ta,https://myneta.info/image_v2.php?myneta_folder=TamilNadu2026&candidate_id=1616&col=lia
3904,770,Vijay Tamilan Parthiban. A,https://www.myneta.info/TamilNadu2026/candidate.php?candidate_id=770,SALEM (SOUTH),Tamilaga Vettri Kazhagam,1,12th Pass,"Rs 10,78,22,345 ~ 10 Crore+","Rs 2,71,29,152 ~ 2 Crore+"
3905,916,Vijay Venkatesh.M,https://www.myneta.info/TamilNadu2026/candidate.php?candidate_id=916,ANTHIYUR,Tamilaga Vettri Kazhagam,0,Graduate Professional,"Rs 3,48,33,200 ~ 3 Crore+","Rs 94,84,325 ~ 94 Lacs+"
3906,2457,Vijay. A,https://www.myneta.info/TamilNadu2026/candidate.php?candidate_id=2457,THIRUVOTTIYUR,IND,0,12th Pass,https://myneta.info/image_v2.php?myneta_folder=TamilNadu2026&candidate_id=2457&col=ta,https://myneta.info/image_v2.php?myneta_folder=TamilNadu2026&candidate_id=2457&col=lia
3907,2003,Vijay. G,https://www.myneta.info/TamilNadu2026/candidate.php?candidate_id=2003,PERAMBUR,IND,0,Others,"Rs 2,18,000 ~ 2 Lacs+",Rs 0 ~
3908,958,Vijay. M,https://www.myneta.info/TamilNadu2026/candidate.php?candidate_id=958,USILAMPATTI,Tamilaga Vettri Kazhagam,0,Graduate Professional,"Rs 1,04,67,000 ~ 1 Crore+","Rs 47,21,455 ~ 47 Lacs+"
3909,2149,Vijay.D,https://www.myneta.info/TamilNadu2026/candidate.php?candidate_id=2149,THOUSAND LIGHTS,IND,0,12th Pass,https://myneta.info/image_v2.php?myneta_folder=TamilNadu2026&candidate_id=2149&col=ta,https://myneta.info/image_v2.php?myneta_folder=TamilNadu2026&candidate_id=2149&col=lia
3910,904,Vijay.S,https://www.myneta.info/TamilNadu2026/candidate.php?candidate_id=904,VRIDHACHALAM,Tamilaga Vettri Kazhagam,1,Graduate,"Rs 81,80,794 ~ 81 Lacs+","Rs 19,03,843 ~ 19 Lacs+"
3911,2411,Vijaya Babu,https://www.myneta.info/TamilNadu2026/candidate.php?candidate_id=2411,THIRUVAIYARU,Tamizhaga Vaazhvurimai Katchi,0,12th Pass,"Rs 77,85,000 ~ 77 Lacs+","Rs 12,00,000 ~ 12 Lacs+"
3912,4126,Vijaya Baskar. R.V,https://www.myneta.info/TamilNadu2026/candidate.php?candidate_id=4126,KARUR,IND,0,8th Pass,https://myneta.info/image_v2.php?myneta_folder=TamilNadu2026&candidate_id=4126&col=ta,https://myneta.info/image_v2.php?myneta_folder=TamilNadu2026&candidate_id=4126&col=lia
3913,3274,Vijaya D,https://www.myneta.info/TamilNadu2026/candidate.php?candidate_id=3274,VILLUPURAM,IND,0,12th Pass,"Rs 20,14,000 ~ 20 Lacs+",Rs 0 ~
3914,3273,Vijaya K,https://www.myneta.info/TamilNadu2026/candidate.php?candidate_id=3273,VILLUPURAM,IND,0,Literate,"Rs 16,500 ~ 16 Thou+",Rs 0 ~
3915,2054,Vijaya Krishna. V,https://www.myneta.info/TamilNadu2026/candidate.php?candidate_id=2054,MYLAPORE,IND,1,Post Graduate,https://myneta.info/image_v2.php?myneta_folder=TamilNadu2026&candidate_id=2054&col=ta,https://myneta.info/image_v2.php?myneta_folder=TamilNadu2026&candidate_id=2054&col=lia
3916,3017,Vijaya Kumar. B,https://www.myneta.info/TamilNadu2026/candidate.php?candidate_id=3017,CHEPAUK-THIRUVALLIKENI,IND,0,Graduate Professional,"Rs 18,80,705 ~ 18 Lacs+",Rs 0 ~
3917,3276,Vijaya M W/O Moorthy,https://www.myneta.info/TamilNadu2026/candidate.php?candidate_id=3276,VILLUPURAM,IND,0,8th Pass,"Rs 20,000 ~ 20 Thou+",Rs 0 ~
3918,3275,Vijaya M W/O Murugan,https://www.myneta.info/TamilNadu2026/candidate.php?candidate_id=3275,VILLUPURAM,IND,0,5th Pass,https://myneta.info/image_v2.php?myneta_folder=TamilNadu2026&candidate_id=3275&col=ta,https://myneta.info/image_v2.php?myneta_folder=TamilNadu2026&candidate_id=3275&col=lia
3919,2101,Vijaya.K,https://www.myneta.info/TamilNadu2026/candidate.php?candidate_id=2101,THONDAMUTHUR,IND,0,12th Pass,"Rs 28,10,000 ~ 28 Lacs+","Rs 6,84,000 ~ 6 Lacs+"
3920,1324,Vijayabaskar. C,https://www.myneta.info/TamilNadu2026/candidate.php?candidate_id=1324,VIRALIMALAI,AIADMK,12,Graduate Professional,"Rs 51,95,54,069 ~ 51 Crore+","Rs 23,21,64,470 ~ 23 Crore+"
3921,1319,Vijayadharani S,https://www.myneta.info/TamilNadu2026/candidate.php?candidate_id=1319,VILAVANCODE,BJP,1,Graduate Professional,https://myneta.info/image_v2.php?myneta_folder=TamilNadu2026&candidate_id=1319&col=ta,https://myneta.info/image_v2.php?myneta_folder=TamilNadu2026&candidate_id=1319&col=lia
3922,2876,Vijayaganth K,https://www.myneta.info/TamilNadu2026/candidate.php?candidate_id=2876,MAILAM,IND,0,Graduate Professional,"Rs 1,34,37,936 ~ 1 Crore+","Rs 72,16,093 ~ 72 Lacs+"
3923,3883,Vijayakumar,https://www.myneta.info/TamilNadu2026/candidate.php?candidate_id=3883,SINGANALLUR,IND,0,8th Pass,"Rs 1,86,000 ~ 1 Lacs+",Rs 0 ~
3924,1638,Vijayakumar A,https://www.myneta.info/TamilNadu2026/candidate.php?candidate_id=1638,PARAMATHIVELUR,IND,0,5th Pass,https://myneta.info/image_v2.php?myneta_folder=TamilNadu2026&candidate_id=1638&col=ta,https://myneta.info/image_v2.php?myneta_folder=TamilNadu2026&candidate_id=1638&col=lia
3925,1269,Vijayakumar Alias Navalpattu S Viji,https://www.myneta.info/TamilNadu2026/candidate.php?candidate_id=1269,THIRUVERUMBUR,Tamilaga Vettri Kazhagam,5,10th Pass,"Rs 24,08,07,295 ~ 24 Crore+","Rs 9,97,65,813 ~ 9 Crore+"
3926,359,Vijayakumar C,https://www.myneta.info/TamilNadu2026/candidate.php?candidate_id=359,KUMBAKONAM,IND,0,10th Pass,"Rs 61,93,905 ~ 61 Lacs+",Rs 0 ~
3927,1445,Vijayakumar D,https://www.myneta.info/TamilNadu2026/candidate.php?candidate_id=1445,VILLIVAKKAM,IND,0,8th Pass,https://myneta.info/image_v2.php?myneta_folder=TamilNadu2026&candidate_id=1445&col=ta,https://myneta.info/image_v2.php?myneta_folder=TamilNadu2026&candidate_id=1445&col=lia
3928,1446,Vijayakumar G,https://www.myneta.info/TamilNadu2026/candidate.php?candidate_id=1446,VILLIVAKKAM,IND,0,Graduate Professional,"Rs 30,22,000 ~ 30 Lacs+","Rs 9,00,000 ~ 9 Lacs+"
3929,2933,Vijayakumar G,https://www.myneta.info/TamilNadu2026/candidate.php?candidate_id=2933,RISHIVANDIYAM,IND,0,10th Pass,"Rs 30,500 ~ 30 Thou+",Rs 0 ~
3930,3746,Vijayakumar S,https://www.myneta.info/TamilNadu2026/candidate.php?candidate_id=3746,NATHAM,IND,0,Graduate,https://myneta.info/image_v2.php?myneta_folder=TamilNadu2026&candidate_id=3746&col=ta,https://myneta.info/image_v2.php?myneta_folder=TamilNadu2026&candidate_id=3746&col=lia
3931,3736,Vijayakumar S,https://www.myneta.info/TamilNadu2026/candidate.php?candidate_id=3736,NATHAM,Puthiya Tamilagam,0,Graduate,"Rs 12,26,000 ~ 12 Lacs+",Rs 0 ~
3932,1321,Vijayakumar S.R,https://www.myneta.info/TamilNadu2026/candidate.php?candidate_id=1321,VILLIVAKKAM,AIADMK,0,Graduate Professional,"Rs 5,59,47,925 ~ 5 Crore+","Rs 2,15,84,906 ~ 2 Crore+"
3933,1718,Vijayakumar. C,https://www.myneta.info/TamilNadu2026/candidate.php?candidate_id=1718,THIRUVERUMBUR,IND,0,Graduate,https://myneta.info/image_v2.php?myneta_folder=TamilNadu2026&candidate_id=1718&col=ta,https://myneta.info/image_v2.php?myneta_folder=TamilNadu2026&candidate_id=1718&col=lia
3934,4043,Vijayakumar. G,https://www.myneta.info/TamilNadu2026/candidate.php?candidate_id=4043,TIRUPATTUR,Aanaithinthiya Jananayaka Pathukappu Kazhagam,4,Others,"Rs 1,05,16,000 ~ 1 Crore+","Rs 27,25,502 ~ 27 Lacs+"
3935,1739,Vijayakumar. M,https://www.myneta.info/TamilNadu2026/candidate.php?candidate_id=1739,TIRUPPUR (SOUTH),Anna Puratchi Thalaivar Amma Dravida Munnetra Kazhagam,0,12th Pass,"Rs 56,12,000 ~ 56 Lacs+",Rs 0 ~
3936,2137,Vijayakumar. M,https://www.myneta.info/TamilNadu2026/candidate.php?candidate_id=2137,SANKARI,IND,0,10th Pass,https://myneta.info/image_v2.php?myneta_folder=TamilNadu2026&candidate_id=2137&col=ta,https://myneta.info/image_v2.php?myneta_folder=TamilNadu2026&candidate_id=2137&col=lia
3937,1719,Vijayakumar. N,https://www.myneta.info/TamilNadu2026/candidate.php?candidate_id=1719,THIRUVERUMBUR,IND,0,Others,"Rs 1,25,04,140 ~ 1 Crore+",Rs 0 ~
3938,1851,Vijayakumar. S,https://www.myneta.info/TamilNadu2026/candidate.php?candidate_id=1851,TIRUVANNAMALAI,Naadaalum Makkal Katchi,0,Others,"Rs 2,00,000 ~ 2 Lacs+",Rs 0 ~
3939,2214,Vijayakumar. S,https://www.myneta.info/TamilNadu2026/candidate.php?candidate_id=2214,SALEM (WEST),IND,0,Graduate,https://myneta.info/image_v2.php?myneta_folder=TamilNadu2026&candidate_id=2214&col=ta,https://myneta.info/image_v2.php?myneta_folder=TamilNadu2026&candidate_id=2214&col=lia
3940,962,Vijayalaiyan. J,https://www.myneta.info/TamilNadu2026/candidate.php?candidate_id=962,POOMPUHAR,Tamilaga Vettri Kazhagam,0,8th Pass,"Rs 50,24,558 ~ 50 Lacs+","Rs 21,11,000 ~ 21 Lacs+"
3941,2053,Vijayalakshmi. P,https://www.myneta.info/TamilNadu2026/candidate.php?candidate_id=2053,MYLAPORE,IND,0,Graduate Professional,"Rs 58,00,000 ~ 58 Lacs+",Rs 0 ~
3942,509,Vijayamoorthi E,https://www.myneta.info/TamilNadu2026/candidate.php?candidate_id=509,TIRUKKOYILUR,IND,0,Graduate Professional,https://myneta.info/image_v2.php?myneta_folder=TamilNadu2026&candidate_id=509&col=ta,https://myneta.info/image_v2.php?myneta_folder=TamilNadu2026&candidate_id=509&col=lia
3943,4127,Vijayan. K,https://www.myneta.info/TamilNadu2026/candidate.php?candidate_id=4127,KARUR,IND,0,10th Pass,"Rs 38,17,820 ~ 38 Lacs+","Rs 26,49,781 ~ 26 Lacs+"
3944,1327,Vijayaprabhakar,https://www.myneta.info/TamilNadu2026/candidate.php?candidate_id=1327,VIRUDHUNAGAR,Desiya Murpokku Dravida Kazhagam,0,Graduate Professional,"Rs 28,72,86,863 ~ 28 Crore+","Rs 41,59,26,507 ~ 41 Crore+"
3945,3204,Vijayaraj.R,https://www.myneta.info/TamilNadu2026/candidate.php?candidate_id=3204,ANDIPATTI,IND,0,Graduate Professional,https://myneta.info/image_v2.php?myneta_folder=TamilNadu2026&candidate_id=3204&col=ta,https://myneta.info/image_v2.php?myneta_folder=TamilNadu2026&candidate_id=3204&col=lia
3946,1323,Vijayasureshbabu,https://www.myneta.info/TamilNadu2026/candidate.php?candidate_id=1323,VILLUPURAM,AIADMK,0,12th Pass,"Rs 2,38,34,536 ~ 2 Crore+",Rs 0 ~
3947,633,Vijendran. G,https://www.myneta.info/TamilNadu2026/candidate.php?candidate_id=633,SATTUR,IND,0,Post Graduate,"Rs 1,51,72,000 ~ 1 Crore+",Rs 0 ~
3948,628,Vijendran. G,https://www.myneta.info/TamilNadu2026/candidate.php?candidate_id=628,RAJAPALAYAM,IND,0,Doctorate,https://myneta.info/image_v2.php?myneta_folder=TamilNadu2026&candidate_id=628&col=ta,https://myneta.info/image_v2.php?myneta_folder=TamilNadu2026&candidate_id=628&col=lia
3949,1941,Vijiyal,https://www.myneta.info/TamilNadu2026/candidate.php?candidate_id=1941,UTHANGARAI (SC),Aanaithinthiya Jananayaka Pathukappu Kazhagam,0,8th Pass,"Rs 42,98,000 ~ 42 Lacs+","Rs 10,35,000 ~ 10 Lacs+"
3950,637,Vikraman N,https://www.myneta.info/TamilNadu2026/candidate.php?candidate_id=637,VIRUDHUNAGAR,Desa Makkal Munnetrak Kazhagam,0,Post Graduate,"Rs 17,000 ~ 17 Thou+",Rs 0 ~
3951,558,Vilkrishnan. R.,https://www.myneta.info/TamilNadu2026/candidate.php?candidate_id=558,PENNAGARAM,IND,1,Illiterate,https://myneta.info/image_v2.php?myneta_folder=TamilNadu2026&candidate_id=558&col=ta,https://myneta.info/image_v2.php?myneta_folder=TamilNadu2026&candidate_id=558&col=lia
3952,753,Vilwanathan. A.C.,https://www.myneta.info/TamilNadu2026/candidate.php?candidate_id=753,AMBUR,DMK,4,10th Pass,"Rs 5,91,90,735 ~ 5 Crore+","Rs 10,50,402 ~ 10 Lacs+"
3953,126,Vimala R.,https://www.myneta.info/TamilNadu2026/candidate.php?candidate_id=126,PERIYAKULAM (SC),Naam Tamilar Katchi,0,Graduate Professional,"Rs 24,93,600 ~ 24 Lacs+","Rs 1,30,000 ~ 1 Lacs+"
3954,2459,Vimala.A,https://www.myneta.info/TamilNadu2026/candidate.php?candidate_id=2459,THIRUTHURAIPOONDI (SC),BSP,0,10th Pass,https://myneta.info/image_v2.php?myneta_folder=TamilNadu2026&candidate_id=2459&col=ta,https://myneta.info/image_v2.php?myneta_folder=TamilNadu2026&candidate_id=2459&col=lia
3955,675,Vimalraj. R,https://www.myneta.info/TamilNadu2026/candidate.php?candidate_id=675,BHAVANI,Makkal Munnetra Katchi,0,Others,"Rs 6,20,000 ~ 6 Lacs+",Rs 0 ~
3956,2711,Vimalraj. S,https://www.myneta.info/TamilNadu2026/candidate.php?candidate_id=2711,KRISHNARAYAPURAM (SC),IND,0,Graduate Professional,"Rs 9,88,000 ~ 9 Lacs+","Rs 4,50,000 ~ 4 Lacs+"
3957,2877,Vinayagamoorthy M,https://www.myneta.info/TamilNadu2026/candidate.php?candidate_id=2877,VANUR (SC),BSP,0,12th Pass,https://myneta.info/image_v2.php?myneta_folder=TamilNadu2026&candidate_id=2877&col=ta,https://myneta.info/image_v2.php?myneta_folder=TamilNadu2026&candidate_id=2877&col=lia
3958,1438,Vinayagamoorthy.R,https://www.myneta.info/TamilNadu2026/candidate.php?candidate_id=1438,AMBATTUR,IND,0,12th Pass,"Rs 43,10,000 ~ 43 Lacs+","Rs 19,00,450 ~ 19 Lacs+"
3959,1717,Vincentraj. A,https://www.myneta.info/TamilNadu2026/candidate.php?candidate_id=1717,THIRUVERUMBUR,IND,0,8th Pass,"Rs 5,23,000 ~ 5 Lacs+",Rs 0 ~
3960,4124,Vineeth. B,https://www.myneta.info/TamilNadu2026/candidate.php?candidate_id=4124,KARUR,IND,0,Graduate,https://myneta.info/image_v2.php?myneta_folder=TamilNadu2026&candidate_id=4124&col=ta,https://myneta.info/image_v2.php?myneta_folder=TamilNadu2026&candidate_id=4124&col=lia
3961,816,Vinoth,https://www.myneta.info/TamilNadu2026/candidate.php?candidate_id=816,KUMBAKONAM,Tamilaga Vettri Kazhagam,8,12th Pass,"Rs 18,57,820 ~ 18 Lacs+",Rs 0 ~
3962,2801,Vinoth Kumar R,https://www.myneta.info/TamilNadu2026/candidate.php?candidate_id=2801,CUMBUM,IND,0,8th Pass,"Rs 21,30,000 ~ 21 Lacs+","Rs 10,50,000 ~ 10 Lacs+"
3963,516,Vinoth R,https://www.myneta.info/TamilNadu2026/candidate.php?candidate_id=516,MAILAM,Thakkam Katchi,0,Graduate Professional,https://myneta.info/image_v2.php?myneta_folder=TamilNadu2026&candidate_id=516&col=ta,https://myneta.info/image_v2.php?myneta_folder=TamilNadu2026&candidate_id=516&col=lia
3964,2932,Vinoth S,https://www.myneta.info/TamilNadu2026/candidate.php?candidate_id=2932,RISHIVANDIYAM,IND,0,10th Pass,"Rs 5,08,600 ~ 5 Lacs+",Rs 0 ~
3965,3416,Vinoth. A,https://www.myneta.info/TamilNadu2026/candidate.php?candidate_id=3416,ARANI,IND,2,5th Pass,"Rs 50,000 ~ 50 Thou+",Rs 0 ~
3966,769,Vinoth. J,https://www.myneta.info/TamilNadu2026/candidate.php?candidate_id=769,SALEM (SOUTH),AIADMK,0,10th Pass,https://myneta.info/image_v2.php?myneta_folder=TamilNadu2026&candidate_id=769&col=ta,https://myneta.info/image_v2.php?myneta_folder=TamilNadu2026&candidate_id=769&col=lia
3967,2167,Vinoth. S,https://www.myneta.info/TamilNadu2026/candidate.php?candidate_id=2167,TINDIVANAM (SC),IND,0,Others,"Rs 2,17,500 ~ 2 Lacs+",Rs 0 ~
3968,168,Vinothini.R,https://www.myneta.info/TamilNadu2026/candidate.php?candidate_id=168,THIRUTHURAIPOONDI (SC),Naam Tamilar Katchi,1,Post Graduate,"Rs 18,00,700 ~ 18 Lacs+",Rs 0 ~
3969,3643,Vinothkumar. M,https://www.myneta.info/TamilNadu2026/candidate.php?candidate_id=3643,KUNNAM,IND,0,Others,https://myneta.info/image_v2.php?myneta_folder=TamilNadu2026&candidate_id=3643&col=ta,https://myneta.info/image_v2.php?myneta_folder=TamilNadu2026&candidate_id=3643&col=lia
3970,4125,Vinothkumar. N,https://www.myneta.info/TamilNadu2026/candidate.php?candidate_id=4125,KARUR,IND,0,Post Graduate,"Rs 28,57,800 ~ 28 Lacs+",Rs 0 ~
3971,2981,Vinothsavariremijeas C.,https://www.myneta.info/TamilNadu2026/candidate.php?candidate_id=2981,JAYANKONDAM,IND,1,10th Pass,"Rs 4,69,50,132 ~ 4 Crore+","Rs 2,25,58,374 ~ 2 Crore+"
3972,2052,Vinu Pradha. A,https://www.myneta.info/TamilNadu2026/candidate.php?candidate_id=2052,MYLAPORE,IND,0,Post Graduate,https://myneta.info/image_v2.php?myneta_folder=TamilNadu2026&candidate_id=2052&col=ta,https://myneta.info/image_v2.php?myneta_folder=TamilNadu2026&candidate_id=2052&col=lia
3973,1329,Virugai V.N.Ravi,https://www.myneta.info/TamilNadu2026/candidate.php?candidate_id=1329,VIRUGAMPAKKAM,AIADMK,4,Graduate,"Rs 12,14,59,261 ~ 12 Crore+","Rs 2,01,99,070 ~ 2 Crore+"
3974,4039,Vishwanathan. S,https://www.myneta.info/TamilNadu2026/candidate.php?candidate_id=4039,TIRUPPATHUR,IND,0,8th Pass,"Rs 47,500 ~ 47 Thou+",Rs 0 ~
3975,1702,Visithra. S,https://www.myneta.info/TamilNadu2026/candidate.php?candidate_id=1702,THIRUVERUMBUR,BSP,0,Graduate,https://myneta.info/image_v2.php?myneta_folder=TamilNadu2026&candidate_id=1702&col=ta,https://myneta.info/image_v2.php?myneta_folder=TamilNadu2026&candidate_id=1702&col=lia
3976,2121,Viswanathan P,https://www.myneta.info/TamilNadu2026/candidate.php?candidate_id=2121,TIRUCHENGODU,IND,0,5th Pass,"Rs 7,98,500 ~ 7 Lacs+",Rs 0 ~
3977,1533,Viswanathan. J,https://www.myneta.info/TamilNadu2026/candidate.php?candidate_id=1533,AMBUR,IND,0,10th Pass,"Rs 23,12,000 ~ 23 Lacs+",Rs 0 ~
3978,518,Viswanathan. S.A,https://www.myneta.info/TamilNadu2026/candidate.php?candidate_id=518,TINDIVANAM (SC),IND,0,5th Pass,https://myneta.info/image_v2.php?myneta_folder=TamilNadu2026&candidate_id=518&col=ta,https://myneta.info/image_v2.php?myneta_folder=TamilNadu2026&candidate_id=518&col=lia
3979,2102,Viswanathan.M,https://www.myneta.info/TamilNadu2026/candidate.php?candidate_id=2102,THONDAMUTHUR,IND,0,5th Pass,"Rs 2,84,001 ~ 2 Lacs+",Rs 0 ~
3980,3642,Vivek. T,https://www.myneta.info/TamilNadu2026/candidate.php?candidate_id=3642,KUNNAM,IND,0,12th Pass,"Rs 30,29,800 ~ 30 Lacs+",Rs 0 ~
3981,1690,Viyanarasu. A,https://www.myneta.info/TamilNadu2026/candidate.php?candidate_id=1690,SRIVAIKUNTAM,Tamizhaga Vaazhvurimai Katchi,1,5th Pass,https://myneta.info/image_v2.php?myneta_folder=TamilNadu2026&candidate_id=1690&col=ta,https://myneta.info/image_v2.php?myneta_folder=TamilNadu2026&candidate_id=1690&col=lia
3982,641,W Jayson,https://www.myneta.info/TamilNadu2026/candidate.php?candidate_id=641,ALANGULAM,IND,0,Graduate Professional,"Rs 46,37,000 ~ 46 Lacs+","Rs 40,48,826 ~ 40 Lacs+"
3983,1525,Wazeer Ahmed. J,https://www.myneta.info/TamilNadu2026/candidate.php?candidate_id=1525,AMBUR,BSP,0,Literate,"Rs 92,49,500 ~ 92 Lacs+","Rs 27,00,000 ~ 27 Lacs+"
3984,1,Y.G.Mahalakshmi,https://www.myneta.info/TamilNadu2026/candidate.php?candidate_id=1,ALANDUR,Naam Tamilar Katchi,0,Graduate,https://myneta.info/image_v2.php?myneta_folder=TamilNadu2026&candidate_id=1&col=ta,https://myneta.info/image_v2.php?myneta_folder=TamilNadu2026&candidate_id=1&col=lia
3985,2224,Yeasuraja M,https://www.myneta.info/TamilNadu2026/candidate.php?candidate_id=2224,VIKRAVANDI,IND,0,Graduate,"Rs 1,21,000 ~ 1 Lacs+",Rs 0 ~
3986,1724,Yesadurai S.,https://www.myneta.info/TamilNadu2026/candidate.php?candidate_id=1724,THOOTHUKUDI,All India Puratchi Thalaivar Makkal Munnettra Kazhagam,2,5th Pass,"Rs 4,91,500 ~ 4 Lacs+","Rs 3,65,000 ~ 3 Lacs+"
3987,1707,Yesuraj. I,https://www.myneta.info/TamilNadu2026/candidate.php?candidate_id=1707,THIRUVERUMBUR,IND,0,Not Given,https://myneta.info/image_v2.php?myneta_folder=TamilNadu2026&candidate_id=1707&col=ta,https://myneta.info/image_v2.php?myneta_folder=TamilNadu2026&candidate_id=1707&col=lia
3988,2641,Yogaprakash. B,https://www.myneta.info/TamilNadu2026/candidate.php?candidate_id=2641,SAIDAPET,IND,0,Graduate,"Rs 1,37,426 ~ 1 Lacs+",Rs 0 ~
3989,4119,Yoonus Ali. R,https://www.myneta.info/TamilNadu2026/candidate.php?candidate_id=4119,KARUR,IND,0,10th Pass,"Rs 48,48,500 ~ 48 Lacs+",Rs 0 ~
3990,1463,Yuvaraj S,https://www.myneta.info/TamilNadu2026/candidate.php?candidate_id=1463,VILLIVAKKAM,IND,0,Illiterate,https://myneta.info/image_v2.php?myneta_folder=TamilNadu2026&candidate_id=1463&col=ta,https://myneta.info/image_v2.php?myneta_folder=TamilNadu2026&candidate_id=1463&col=lia
3991,525,Yuvaraj.K.P.U,https://www.myneta.info/TamilNadu2026/candidate.php?candidate_id=525,VEPPANAHALLI,IND,0,Others,"Rs 3,51,71,392 ~ 3 Crore+","Rs 7,00,000 ~ 7 Lacs+"
3992,1824,Ziaudeen A J,https://www.myneta.info/TamilNadu2026/candidate.php?candidate_id=1824,PATTUKKOTTAI,IND,1,8th Pass,"Rs 16,14,030 ~ 16 Lacs+","Rs 11,51,547 ~ 11 Lacs+"
