sno,candidate_id,candidate_name,candidate_link,constituency,party,criminal_cases,education,assets,liabilities
1,1392,Lakhbir Singh,https://myneta.info/punjab2017/candidate.php?candidate_id=1392,BATALA,IND,0,Graduate,"Rs 3,49,45,000 ~ 3 Crore+",Rs 0 ~
2,459,Abhijit Dugal,https://myneta.info/punjab2017/candidate.php?candidate_id=459,QADIAN,IND,0,Others,"Rs 3,70,000 ~ 3 Lacs+",Rs 0 ~
3,405,Adesh Partap Singh Kairon,https://myneta.info/punjab2017/candidate.php?candidate_id=405,PATTI,SAD,0,Post Graduate,"Rs 53,21,63,000 ~ 53 Crore+","Rs 3,20,41,000 ~ 3 Crore+"
4,334,Ahbaab Singh Grewal,https://myneta.info/punjab2017/candidate.php?candidate_id=334,LUDHIANA WEST,AAP,0,Graduate,"Rs 28,01,92,937 ~ 28 Crore+",Rs 0 ~
5,802,Ajaib Singh,https://myneta.info/punjab2017/candidate.php?candidate_id=802,SAMANA,IND,0,10th Pass,"Rs 2,16,000 ~ 2 Lacs+",Rs 0 ~
6,750,Ajaib Singh,https://myneta.info/punjab2017/candidate.php?candidate_id=750,DIRBA (SC),INC,0,10th Pass,"Rs 39,15,911 ~ 39 Lacs+","Rs 1,23,813 ~ 1 Lacs+"
7,698,Ajaib Singh Bhatti,https://myneta.info/punjab2017/candidate.php?candidate_id=698,MALOUT (SC),INC,0,Post Graduate,"Rs 2,83,86,020 ~ 2 Crore+","Rs 8,44,011 ~ 8 Lacs+"
8,349,Ajay Gupta,https://myneta.info/punjab2017/candidate.php?candidate_id=349,AMRITSAR CENTRAL,AAP,0,Graduate Professional,"Rs 9,96,42,000 ~ 9 Crore+","Rs 1,48,00,000 ~ 1 Crore+"
9,740,Ajit Inder Singh,https://myneta.info/punjab2017/candidate.php?candidate_id=740,SARDULGARH,INC,0,12th Pass,https://myneta.info/image_v2.php?myneta_folder=punjab2017&candidate_id=740&col=ta,https://myneta.info/image_v2.php?myneta_folder=punjab2017&candidate_id=740&col=lia
10,1276,Ajit Ram	,https://myneta.info/punjab2017/candidate.php?candidate_id=1276,HOSHIARPUR,Bharatrashtra Democratic Party,0,10th Pass,"Rs 66,76,600 ~ 66 Lacs+","Rs 32,591 ~ 32 Thou+"
11,121,Ajit Singh,https://myneta.info/punjab2017/candidate.php?candidate_id=121,SHAHKOT,SAD,0,5th Pass,"Rs 3,48,44,585 ~ 3 Crore+","Rs 23,78,000 ~ 23 Lacs+"
12,399,Ajit Singh Shant,https://myneta.info/punjab2017/candidate.php?candidate_id=399,MEHAL KALAN (SC),SAD,0,Post Graduate,"Rs 89,85,300 ~ 89 Lacs+",Rs 0 ~
13,634,Akhlesh Singh,https://myneta.info/punjab2017/candidate.php?candidate_id=634,LUDHIANA CENTRAL,BSP,0,10th Pass,"Rs 6,60,000 ~ 6 Lacs+",Rs 0 ~
14,797,Akshninder Singh,https://myneta.info/punjab2017/candidate.php?candidate_id=797,PATIALA,Aapna Punjab Party,0,Post Graduate,"Rs 1,02,33,125 ~ 1 Crore+",Rs 0 ~
15,1114,Alwinder Singh,https://myneta.info/punjab2017/candidate.php?candidate_id=1114,MUKTSAR,IND,0,12th Pass,"Rs 5,500 ~ 5 Thou+",Rs 0 ~
16,754,Aman Arora,https://myneta.info/punjab2017/candidate.php?candidate_id=754,SUNAM,AAP,1,Graduate,"Rs 65,88,61,000 ~ 65 Crore+","Rs 15,48,84,000 ~ 15 Crore+"
17,662,Amar Kumar,https://myneta.info/punjab2017/candidate.php?candidate_id=662,MOGA,SHS,0,12th Pass,"Rs 2,50,000 ~ 2 Lacs+",Rs 0 ~
18,767,Amar Singh,https://myneta.info/punjab2017/candidate.php?candidate_id=767,AMARGARH,IND,0,Post Graduate,https://myneta.info/image_v2.php?myneta_folder=punjab2017&candidate_id=767&col=ta,https://myneta.info/image_v2.php?myneta_folder=punjab2017&candidate_id=767&col=lia
19,411,Amar Singh,https://myneta.info/punjab2017/candidate.php?candidate_id=411,RAIKOT (SC),INC,0,Post Graduate,"Rs 3,30,80,701 ~ 3 Crore+",Rs 0 ~
20,795,Amarinder Singh,https://myneta.info/punjab2017/candidate.php?candidate_id=795,PATIALA,INC,4,12th Pass,"Rs 48,31,71,009 ~ 48 Crore+","Rs 42,07,856 ~ 42 Lacs+"
21,691,Amarinder Singh,https://myneta.info/punjab2017/candidate.php?candidate_id=691,LAMBI,INC,4,12th Pass,"Rs 48,31,71,009 ~ 48 Crore+","Rs 42,07,856 ~ 42 Lacs+"
22,805,Amarjeet Singh,https://myneta.info/punjab2017/candidate.php?candidate_id=805,SHUTRANA (SC),Shiromani Akali Dal (A)(Simranjit Singh Mann),0,5th Pass,"Rs 2,07,500 ~ 2 Lacs+",Rs 0 ~
23,337,Amarjeet Singh,https://myneta.info/punjab2017/candidate.php?candidate_id=337,BHOA (SC),AAP,0,10th Pass,"Rs 2,38,30,114 ~ 2 Crore+","Rs 82,45,904 ~ 82 Lacs+"
24,202,Amarjit Kaur,https://myneta.info/punjab2017/candidate.php?candidate_id=202,JAGRAON (SC),SAD,0,Graduate,"Rs 59,03,480 ~ 59 Lacs+",Rs 0 ~
25,923,Amarjit Singh	,https://myneta.info/punjab2017/candidate.php?candidate_id=923,AMRITSAR SOUTH,IND,0,12th Pass,"Rs 54,90,000 ~ 54 Lacs+",Rs 0 ~
26,467,Amarjit Singh,https://myneta.info/punjab2017/candidate.php?candidate_id=467,FATEHGARH CHURIAN,BSP,0,10th Pass,"Rs 9,00,500 ~ 9 Lacs+",Rs 0 ~
27,1349,Amarjit Singh,https://myneta.info/punjab2017/candidate.php?candidate_id=1349,AMRITSAR EAST,IND,0,12th Pass,https://myneta.info/image_v2.php?myneta_folder=punjab2017&candidate_id=1349&col=ta,https://myneta.info/image_v2.php?myneta_folder=punjab2017&candidate_id=1349&col=lia
28,1072,Amarjit Singh,https://myneta.info/punjab2017/candidate.php?candidate_id=1072,FEROZEPUR RURAL (SC),IND,0,10th Pass,"Rs 65,35,000 ~ 65 Lacs+",Rs 0 ~
29,123,Amarjit Singh,https://myneta.info/punjab2017/candidate.php?candidate_id=123,SHAHKOT,AAP,0,Graduate Professional,"Rs 1,65,97,469 ~ 1 Crore+",Rs 0 ~
30,587,Amarjit Singh,https://myneta.info/punjab2017/candidate.php?candidate_id=587,RUPNAGAR,AAP,0,10th Pass,"Rs 1,07,55,348 ~ 1 Crore+","Rs 32,41,490 ~ 32 Lacs+"
31,72,Amarjit Singh Chahal,https://myneta.info/punjab2017/candidate.php?candidate_id=72,GURDASPUR,AAP,0,Post Graduate,"Rs 3,40,51,539 ~ 3 Crore+",Rs 0 ~
32,322,Amarpal Singh,https://myneta.info/punjab2017/candidate.php?candidate_id=322,AJNALA,SAD,0,12th Pass,"Rs 7,23,23,589 ~ 7 Crore+","Rs 51,00,000 ~ 51 Lacs+"
33,316,Amarpal Singh,https://myneta.info/punjab2017/candidate.php?candidate_id=316,SRI HARGOBINDPUR (SC),AAP,0,Post Graduate,"Rs 23,87,000 ~ 23 Lacs+",Rs 0 ~
34,37,Amit Doda,https://myneta.info/punjab2017/candidate.php?candidate_id=37,ABOHAR,IND,1,8th Pass,"Rs 14,73,99,000 ~ 14 Crore+","Rs 20,20,00,000 ~ 20 Crore+"
35,1035,Amit Sharma	,https://myneta.info/punjab2017/candidate.php?candidate_id=1035,S.A.S. NAGAR,Hindustan Shakti Sena,6,12th Pass,"Rs 12,000 ~ 12 Thou+",Rs 0 ~
36,446,Amit Singh,https://myneta.info/punjab2017/candidate.php?candidate_id=446,SUJANPUR,INC,0,12th Pass,https://myneta.info/image_v2.php?myneta_folder=punjab2017&candidate_id=446&col=ta,https://myneta.info/image_v2.php?myneta_folder=punjab2017&candidate_id=446&col=lia
37,341,Amit Vij,https://myneta.info/punjab2017/candidate.php?candidate_id=341,PATHANKOT,INC,0,Graduate Professional,"Rs 25,65,65,998 ~ 25 Crore+","Rs 1,56,75,165 ~ 1 Crore+"
38,1355,Amita,https://myneta.info/punjab2017/candidate.php?candidate_id=1355,AMRITSAR EAST,Democratic Party of India (Ambedkar),0,Illiterate,"Rs 20,000 ~ 20 Thou+",Rs 0 ~
39,544,Amrik Chand,https://myneta.info/punjab2017/candidate.php?candidate_id=544,JALANDHAR CANTT.,BSP,0,10th Pass,"Rs 4,81,42,359 ~ 4 Crore+","Rs 1,21,20,086 ~ 1 Crore+"
40,789,Amrik Singh,https://myneta.info/punjab2017/candidate.php?candidate_id=789,DERA BASSI,Aapna Punjab Party,0,Graduate Professional,"Rs 49,36,068 ~ 49 Lacs+",Rs 0 ~
41,945,Amrik Singh,https://myneta.info/punjab2017/candidate.php?candidate_id=945,BABA BAKALA (SC),Revolutionary Marxist Party of India,0,Others,"Rs 5,14,000 ~ 5 Lacs+",Rs 0 ~
42,610,Amrik Singh,https://myneta.info/punjab2017/candidate.php?candidate_id=610,SAMRALA,INC,0,10th Pass,"Rs 17,22,12,852 ~ 17 Crore+","Rs 4,98,820 ~ 4 Lacs+"
43,83,Amrik Singh,https://myneta.info/punjab2017/candidate.php?candidate_id=83,AJNALA,Shiromani Akali Dal (A)(Simranjit Singh Mann),0,5th Pass,"Rs 10,13,000 ~ 10 Lacs+",Rs 0 ~
44,6,Amrinder Singh Alias Raja Warring,https://myneta.info/punjab2017/candidate.php?candidate_id=6,GIDDERBAHA,INC,0,10th Pass,"Rs 8,27,09,073 ~ 8 Crore+","Rs 50,92,702 ~ 50 Lacs+"
45,495,Anantjit Singh,https://myneta.info/punjab2017/candidate.php?candidate_id=495,TARN TARAN,BSP,0,Graduate,https://myneta.info/image_v2.php?myneta_folder=punjab2017&candidate_id=495&col=ta,https://myneta.info/image_v2.php?myneta_folder=punjab2017&candidate_id=495&col=lia
46,1365,Angad Singh,https://myneta.info/punjab2017/candidate.php?candidate_id=1365,NAWAN SHAHR,INC,0,Graduate,"Rs 17,43,10,283 ~ 17 Crore+","Rs 54,18,395 ~ 54 Lacs+"
47,298,Anika Ray,https://myneta.info/punjab2017/candidate.php?candidate_id=298,BHOA (SC),Aapna Punjab Party,0,Post Graduate,"Rs 53,06,789 ~ 53 Lacs+","Rs 2,50,000 ~ 2 Lacs+"
48,607,Anil Dutt,https://myneta.info/punjab2017/candidate.php?candidate_id=607,KHANNA,AAP,0,Graduate,"Rs 30,46,800 ~ 30 Lacs+","Rs 5,00,000 ~ 5 Lacs+"
49,1138,Anil Jony,https://myneta.info/punjab2017/candidate.php?candidate_id=1138,MANSA,IND,1,Post Graduate,"Rs 37,92,000 ~ 37 Lacs+","Rs 20,70,000 ~ 20 Lacs+"
50,94,Anil Joshi,https://myneta.info/punjab2017/candidate.php?candidate_id=94,AMRITSAR NORTH,BJP,3,12th Pass,"Rs 2,58,63,557 ~ 2 Crore+","Rs 22,44,474 ~ 22 Lacs+"
51,1224,Anil Kumar Singh,https://myneta.info/punjab2017/candidate.php?candidate_id=1224,JALANDHAR NORTH,IND,0,8th Pass,"Rs 14,00,000 ~ 14 Lacs+",Rs 0 ~
52,307,Anil Mahajan,https://myneta.info/punjab2017/candidate.php?candidate_id=307,BATALA,IND,0,10th Pass,"Rs 3,64,000 ~ 3 Lacs+",Rs 0 ~
53,340,Ankur Khajuria,https://myneta.info/punjab2017/candidate.php?candidate_id=340,PATHANKOT,BSP,0,Others,"Rs 6,05,000 ~ 6 Lacs+",Rs 0 ~
54,934,Ankush,https://myneta.info/punjab2017/candidate.php?candidate_id=934,AMRITSAR WEST (SC),IND,0,12th Pass,https://myneta.info/image_v2.php?myneta_folder=punjab2017&candidate_id=934&col=ta,https://myneta.info/image_v2.php?myneta_folder=punjab2017&candidate_id=934&col=lia
55,1221,Antarjot Singh,https://myneta.info/punjab2017/candidate.php?candidate_id=1221,JALANDHAR NORTH,Krantikari Yuva Party,0,8th Pass,"Rs 3,64,677 ~ 3 Lacs+",Rs 0 ~
56,791,Anu Randhawa,https://myneta.info/punjab2017/candidate.php?candidate_id=791,GHANAUR,AAP,0,Post Graduate,"Rs 7,28,96,128 ~ 7 Crore+","Rs 2,32,277 ~ 2 Lacs+"
57,1289,Anupinder Kaur Sandhu,https://myneta.info/punjab2017/candidate.php?candidate_id=1289,GHANAUR,IND,0,Post Graduate,"Rs 15,88,54,160 ~ 15 Crore+","Rs 2,55,40,879 ~ 2 Crore+"
58,421,Arbinder Singh,https://myneta.info/punjab2017/candidate.php?candidate_id=421,URMAR,SAD,0,8th Pass,"Rs 11,01,42,594 ~ 11 Crore+","Rs 97,96,172 ~ 97 Lacs+"
59,847,Arshdeep Singh,https://myneta.info/punjab2017/candidate.php?candidate_id=847,LUDHIANA WEST,IND,0,10th Pass,"Rs 77,39,702 ~ 77 Lacs+",Rs 0 ~
60,558,Arun Dogra,https://myneta.info/punjab2017/candidate.php?candidate_id=558,DASUYA,INC,0,10th Pass,"Rs 6,03,94,947 ~ 6 Crore+",Rs 0 ~
61,192,Arun Kumar,https://myneta.info/punjab2017/candidate.php?candidate_id=192,LUDHIANA WEST,NCP,0,10th Pass,"Rs 22,87,000 ~ 22 Lacs+",Rs 0 ~
62,223,Arun Narang,https://myneta.info/punjab2017/candidate.php?candidate_id=223,ABOHAR,BJP,0,Graduate Professional,"Rs 6,50,00,000 ~ 6 Crore+","Rs 45,00,000 ~ 45 Lacs+"
63,75,Aruna Chaudhary,https://myneta.info/punjab2017/candidate.php?candidate_id=75,DINA NAGAR (SC),INC,0,Graduate Professional,https://myneta.info/image_v2.php?myneta_folder=punjab2017&candidate_id=75&col=ta,https://myneta.info/image_v2.php?myneta_folder=punjab2017&candidate_id=75&col=lia
64,554,Arunesh Kumar,https://myneta.info/punjab2017/candidate.php?candidate_id=554,MUKERIAN,BJP,0,Post Graduate,"Rs 2,28,07,047 ~ 2 Crore+",Rs 0 ~
65,911,Ashok Kumar,https://myneta.info/punjab2017/candidate.php?candidate_id=911,AMRITSAR CENTRAL,Democratic Swaraj Party,0,10th Pass,"Rs 50,000 ~ 50 Thou+",Rs 0 ~
66,35,Ashok Kumar,https://myneta.info/punjab2017/candidate.php?candidate_id=35,ABOHAR,IND,0,12th Pass,"Rs 8,28,846 ~ 8 Lacs+",Rs 0 ~
67,702,Ashok Kumar,https://myneta.info/punjab2017/candidate.php?candidate_id=702,MUKTSAR,BSP,0,Illiterate,"Rs 2,10,500 ~ 2 Lacs+","Rs 33,000 ~ 33 Thou+"
68,870,Ashok Sharma,https://myneta.info/punjab2017/candidate.php?candidate_id=870,PATHANKOT,IND,0,Graduate Professional,"Rs 59,73,150 ~ 59 Lacs+","Rs 49,000 ~ 49 Thou+"
69,784,Ashutosh Joshi,https://myneta.info/punjab2017/candidate.php?candidate_id=784,RAJPURA,AAP,0,Post Graduate,"Rs 7,26,84,529 ~ 7 Crore+","Rs 1,69,03,146 ~ 1 Crore+"
70,887,Ashwani Kumar,https://myneta.info/punjab2017/candidate.php?candidate_id=887,BATALA,IND,0,10th Pass,"Rs 14,38,000 ~ 14 Lacs+",Rs 0 ~
71,441,Ashwani Kumar,https://myneta.info/punjab2017/candidate.php?candidate_id=441,PHAGWARA (SC),IND,0,8th Pass,"Rs 1,42,500 ~ 1 Lacs+",Rs 0 ~
72,611,Ashwani Kumar Dhand,https://myneta.info/punjab2017/candidate.php?candidate_id=611,SAMRALA,Revolutionary Socialist Party,0,Graduate Professional,https://myneta.info/image_v2.php?myneta_folder=punjab2017&candidate_id=611&col=ta,https://myneta.info/image_v2.php?myneta_folder=punjab2017&candidate_id=611&col=lia
73,1054,Ashwani Kumar Joshi	,https://myneta.info/punjab2017/candidate.php?candidate_id=1054,NAWAN SHAHR,Aapna Punjab Party,0,Graduate,"Rs 3,68,19,903 ~ 3 Crore+",Rs 0 ~
74,885,Ashwani Kumar Shakri,https://myneta.info/punjab2017/candidate.php?candidate_id=885,BATALA,IND,0,12th Pass,"Rs 1,07,000 ~ 1 Lacs+",Rs 0 ~
75,302,Ashwani Kumar Sharma,https://myneta.info/punjab2017/candidate.php?candidate_id=302,PATHANKOT,BJP,0,Graduate,"Rs 63,75,996 ~ 63 Lacs+","Rs 1,78,210 ~ 1 Lacs+"
76,310,Ashwani Sekhri,https://myneta.info/punjab2017/candidate.php?candidate_id=310,BATALA,INC,0,Graduate Professional,"Rs 7,77,60,830 ~ 7 Crore+","Rs 3,94,58,643 ~ 3 Crore+"
77,775,Atma Singh,https://myneta.info/punjab2017/candidate.php?candidate_id=775,SANGRUR,BSP,0,10th Pass,"Rs 99,29,000 ~ 99 Lacs+",Rs 0 ~
78,59,Atul Nagpal,https://myneta.info/punjab2017/candidate.php?candidate_id=59,ABOHAR,AAP,0,10th Pass,"Rs 10,78,05,521 ~ 10 Crore+","Rs 9,20,000 ~ 9 Lacs+"
79,22,Avtar Krishan,https://myneta.info/punjab2017/candidate.php?candidate_id=22,KOTKAPURA,BSP,0,Post Graduate,"Rs 6,50,521 ~ 6 Lacs+",Rs 0 ~
80,886,Avtar Singh,https://myneta.info/punjab2017/candidate.php?candidate_id=886,BATALA,CPI(M),0,5th Pass,"Rs 1,90,000 ~ 1 Lacs+",Rs 0 ~
81,817,Avtar Singh,https://myneta.info/punjab2017/candidate.php?candidate_id=817,ATAM NAGAR,Samaj Adhikar Kalyan Party,0,10th Pass,https://myneta.info/image_v2.php?myneta_folder=punjab2017&candidate_id=817&col=ta,https://myneta.info/image_v2.php?myneta_folder=punjab2017&candidate_id=817&col=lia
82,834,Avtar Singh,https://myneta.info/punjab2017/candidate.php?candidate_id=834,JAGRAON (SC),IND,0,5th Pass,"Rs 29,26,425 ~ 29 Lacs+","Rs 8,63,500 ~ 8 Lacs+"
83,1064,Avtar Singh,https://myneta.info/punjab2017/candidate.php?candidate_id=1064,BALACHAUR,IND,0,10th Pass,"Rs 50,06,000 ~ 50 Lacs+","Rs 3,08,000 ~ 3 Lacs+"
84,730,Avtar Singh,https://myneta.info/punjab2017/candidate.php?candidate_id=730,TALWANDI SABO,Shiromani Akali Dal (A)(Simranjit Singh Mann),3,10th Pass,"Rs 10,59,437 ~ 10 Lacs+",Rs 0 ~
85,909,Avtar Singh,https://myneta.info/punjab2017/candidate.php?candidate_id=909,AMRITSAR CENTRAL,IND,0,5th Pass,"Rs 6,49,375 ~ 6 Lacs+",Rs 0 ~
86,504,Avtar Singh,https://myneta.info/punjab2017/candidate.php?candidate_id=504,PATTI,BSP,0,5th Pass,Nil,Rs 0 ~
87,238,Avtar Singh,https://myneta.info/punjab2017/candidate.php?candidate_id=238,RAMPURA PHUL,BSP,0,Illiterate,"Rs 5,65,600 ~ 5 Lacs+",Rs 0 ~
88,542,Avtar Singh Junior,https://myneta.info/punjab2017/candidate.php?candidate_id=542,JALANDHAR NORTH,INC,0,12th Pass,"Rs 23,43,56,643 ~ 23 Crore+",Rs 0 ~
89,116,Avtar Singh Karimpuri,https://myneta.info/punjab2017/candidate.php?candidate_id=116,PHILLAUR (SC),BSP,0,Post Graduate,"Rs 2,05,53,630 ~ 2 Crore+","Rs 34,60,514 ~ 34 Lacs+"
90,1122,Avtar Singh Sahota,https://myneta.info/punjab2017/candidate.php?candidate_id=1122,JAITU (SC),AITC,0,Post Graduate,https://myneta.info/image_v2.php?myneta_folder=punjab2017&candidate_id=1122&col=ta,https://myneta.info/image_v2.php?myneta_folder=punjab2017&candidate_id=1122&col=lia
91,589,B.s. Saini,https://myneta.info/punjab2017/candidate.php?candidate_id=589,RUPNAGAR,CPI,0,Graduate,"Rs 40,66,448 ~ 40 Lacs+",Rs 0 ~
92,1252,Bachittar Singh,https://myneta.info/punjab2017/candidate.php?candidate_id=1252,SHAHKOT,CPI(M),0,10th Pass,"Rs 74,79,000 ~ 74 Lacs+","Rs 6,50,000 ~ 6 Lacs+"
93,1076,Badal Singh,https://myneta.info/punjab2017/candidate.php?candidate_id=1076,FEROZEPUR RURAL (SC),Swabhiman Party,0,8th Pass,"Rs 60,000 ~ 60 Thou+",Rs 0 ~
94,1152,Bagga Singh	,https://myneta.info/punjab2017/candidate.php?candidate_id=1152,BHADAUR (SC),IND,0,Graduate,"Rs 54,397 ~ 54 Thou+",Rs 0 ~
95,975,Bagga Singh,https://myneta.info/punjab2017/candidate.php?candidate_id=975,KHADOOR SAHIB,IND,0,5th Pass,"Rs 2,25,500 ~ 2 Lacs+",Rs 0 ~
96,312,Bakhshis Singh,https://myneta.info/punjab2017/candidate.php?candidate_id=312,BATALA,BSP,0,Graduate,"Rs 64,60,000 ~ 64 Lacs+","Rs 2,60,000 ~ 2 Lacs+"
97,675,Bakhshish Singh,https://myneta.info/punjab2017/candidate.php?candidate_id=675,JALALABAD,Aapna Punjab Party,0,Graduate Professional,"Rs 81,38,967 ~ 81 Lacs+",Rs 0 ~
98,573,Bakhshish Singh,https://myneta.info/punjab2017/candidate.php?candidate_id=573,GARHSHANKAR,BSP,0,8th Pass,"Rs 24,50,282 ~ 24 Lacs+",Rs 0 ~
99,918,Bal Krishan Sharma,https://myneta.info/punjab2017/candidate.php?candidate_id=918,AMRITSAR NORTH,IND,0,10th Pass,https://myneta.info/image_v2.php?myneta_folder=punjab2017&candidate_id=918&col=ta,https://myneta.info/image_v2.php?myneta_folder=punjab2017&candidate_id=918&col=lia
100,140,Balbir Kaur,https://myneta.info/punjab2017/candidate.php?candidate_id=140,DASUYA,AAP,0,10th Pass,"Rs 3,20,75,318 ~ 3 Crore+",Rs 0 ~
101,862,Balbir Ram Fatehpuria,https://myneta.info/punjab2017/candidate.php?candidate_id=862,BHOA (SC),IND,0,Graduate,"Rs 1,45,15,000 ~ 1 Crore+","Rs 2,00,000 ~ 2 Lacs+"
102,490,Balbir Singh,https://myneta.info/punjab2017/candidate.php?candidate_id=490,TARN TARAN,Bahujan Samaj Party (Ambedkar),0,Illiterate,"Rs 2,48,600 ~ 2 Lacs+",Rs 0 ~
103,796,Balbir Singh,https://myneta.info/punjab2017/candidate.php?candidate_id=796,PATIALA,AAP,2,Post Graduate,"Rs 8,16,32,392 ~ 8 Crore+","Rs 23,07,743 ~ 23 Lacs+"
104,858,Balbir Singh,https://myneta.info/punjab2017/candidate.php?candidate_id=858,BHOA (SC),Hindustan Utthan Party,0,8th Pass,"Rs 2,57,901 ~ 2 Lacs+",Rs 0 ~
105,595,Balbir Singh Sidhu,https://myneta.info/punjab2017/candidate.php?candidate_id=595,S.A.S. NAGAR,INC,0,12th Pass,"Rs 17,74,60,104 ~ 17 Crore+","Rs 2,76,67,472 ~ 2 Crore+"
106,848,Baldev Raj Katna,https://myneta.info/punjab2017/candidate.php?candidate_id=848,LUDHIANA WEST,IND,0,Post Graduate,"Rs 15,000 ~ 15 Thou+",Rs 0 ~
107,1343,Baldev Ram,https://myneta.info/punjab2017/candidate.php?candidate_id=1343,SHUTRANA (SC),AITC,0,10th Pass,"Rs 10,12,000 ~ 10 Lacs+",Rs 0 ~
108,706,Baldev Singh,https://myneta.info/punjab2017/candidate.php?candidate_id=706,JAITU (SC),AAP,0,12th Pass,https://myneta.info/image_v2.php?myneta_folder=punjab2017&candidate_id=706&col=ta,https://myneta.info/image_v2.php?myneta_folder=punjab2017&candidate_id=706&col=lia
109,1354,Baldev Singh,https://myneta.info/punjab2017/candidate.php?candidate_id=1354,AMRITSAR EAST,CPI,0,Post Graduate,"Rs 61,25,000 ~ 61 Lacs+","Rs 11,00,000 ~ 11 Lacs+"
110,986,Baldev Singh,https://myneta.info/punjab2017/candidate.php?candidate_id=986,SULTANPUR LODHI,Revolutionary Marxist Party of India,0,Others,"Rs 73,46,000 ~ 73 Lacs+",Rs 0 ~
111,1191,Baldev Singh,https://myneta.info/punjab2017/candidate.php?candidate_id=1191,LEHRA,IND,1,10th Pass,"Rs 20,65,137 ~ 20 Lacs+","Rs 50,000 ~ 50 Thou+"
112,509,Baldev Singh,https://myneta.info/punjab2017/candidate.php?candidate_id=509,KHADOOR SAHIB,CPI,0,Literate,"Rs 15,73,800 ~ 15 Lacs+","Rs 2,00,000 ~ 2 Lacs+"
113,1257,Baldev Singh,https://myneta.info/punjab2017/candidate.php?candidate_id=1257,PHILLAUR (SC),SAD,0,Graduate,"Rs 2,48,75,000 ~ 2 Crore+","Rs 6,94,000 ~ 6 Lacs+"
114,717,Baldev Singh,https://myneta.info/punjab2017/candidate.php?candidate_id=717,BHUCHO MANDI (SC),IND,0,12th Pass,"Rs 75,000 ~ 75 Thou+",Rs 0 ~
115,1264,Baldev Singh,https://myneta.info/punjab2017/candidate.php?candidate_id=1264,DASUYA,IND,0,12th Pass,"Rs 1,24,28,561 ~ 1 Crore+","Rs 58,88,000 ~ 58 Lacs+"
116,1112,Baldev Singh,https://myneta.info/punjab2017/candidate.php?candidate_id=1112,MALOUT (SC),IND,0,Illiterate,"Rs 7,184 ~ 7 Thou+",Rs 0 ~
117,243,Baljinder Kaur,https://myneta.info/punjab2017/candidate.php?candidate_id=243,TALWANDI SABO,AAP,1,Post Graduate,https://myneta.info/image_v2.php?myneta_folder=punjab2017&candidate_id=243&col=ta,https://myneta.info/image_v2.php?myneta_folder=punjab2017&candidate_id=243&col=lia
118,1178,Baljinder Singh,https://myneta.info/punjab2017/candidate.php?candidate_id=1178,TALWANDI SABO,IND,0,Post Graduate,"Rs 3,87,16,685 ~ 3 Crore+","Rs 2,13,19,650 ~ 2 Crore+"
119,690,Baljinder Singh,https://myneta.info/punjab2017/candidate.php?candidate_id=690,LAMBI,Shiromani Akali Dal (A)(Simranjit Singh Mann),0,Graduate,"Rs 11,35,422 ~ 11 Lacs+","Rs 1,71,800 ~ 1 Lacs+"
120,995,Baljit Singh	,https://myneta.info/punjab2017/candidate.php?candidate_id=995,DHARAMKOT,Indian Krantikari Lehar,0,12th Pass,"Rs 30,000 ~ 30 Thou+",Rs 0 ~
121,888,Baljit Singh,https://myneta.info/punjab2017/candidate.php?candidate_id=888,DERA BABA NANAK,AITC,0,Graduate Professional,"Rs 5,80,000 ~ 5 Lacs+",Rs 0 ~
122,284,Baljit Singh,https://myneta.info/punjab2017/candidate.php?candidate_id=284,GHANAUR,Jai Jawan Jai Kisan Party,0,Post Graduate,"Rs 16,00,000 ~ 16 Lacs+","Rs 1,50,000 ~ 1 Lacs+"
123,200,Baljit Singh,https://myneta.info/punjab2017/candidate.php?candidate_id=200,JAGRAON (SC),CPI(M),0,8th Pass,"Rs 6,03,416 ~ 6 Lacs+",Rs 0 ~
124,436,Baljit Singh,https://myneta.info/punjab2017/candidate.php?candidate_id=436,BABA BAKALA (SC),Aapna Punjab Party,0,12th Pass,"Rs 6,49,475 ~ 6 Lacs+",Rs 0 ~
125,837,Baljit Singh,https://myneta.info/punjab2017/candidate.php?candidate_id=837,KHANNA,Revolutionary Socialist Party,0,10th Pass,"Rs 1,58,91,000 ~ 1 Crore+","Rs 26,20,000 ~ 26 Lacs+"
126,1117,Baljit Singh,https://myneta.info/punjab2017/candidate.php?candidate_id=1117,MUKTSAR,IND,0,10th Pass,https://myneta.info/image_v2.php?myneta_folder=punjab2017&candidate_id=1117&col=ta,https://myneta.info/image_v2.php?myneta_folder=punjab2017&candidate_id=1117&col=lia
127,157,Baljit Singh,https://myneta.info/punjab2017/candidate.php?candidate_id=157,BALACHAUR,BSP,0,10th Pass,"Rs 1,31,79,100 ~ 1 Crore+","Rs 9,70,000 ~ 9 Lacs+"
128,853,Balkaur Singh Gill,https://myneta.info/punjab2017/candidate.php?candidate_id=853,LUDHIANA WEST,Aapna Punjab Party,0,Post Graduate,"Rs 2,09,39,143 ~ 2 Crore+",Rs 0 ~
129,665,Balraj Singh,https://myneta.info/punjab2017/candidate.php?candidate_id=665,DHARAMKOT,Shiromani Akali Dal (A)(Simranjit Singh Mann),0,12th Pass,"Rs 15,85,000 ~ 15 Lacs+",Rs 0 ~
130,814,Balvinder Singh,https://myneta.info/punjab2017/candidate.php?candidate_id=814,LUDHIANA SOUTH,Lok Insaaf Party,2,Graduate,"Rs 8,11,18,379 ~ 8 Crore+",Rs 0 ~
131,1230,Balvir Kaur,https://myneta.info/punjab2017/candidate.php?candidate_id=1230,KARTARPUR (SC),Rashtriya Krantikari Samajwadi Party,0,10th Pass,"Rs 2,80,000 ~ 2 Lacs+",Rs 0 ~
132,1121,Balvir Singh,https://myneta.info/punjab2017/candidate.php?candidate_id=1121,JAITU (SC),CPI,0,5th Pass,"Rs 35,000 ~ 35 Thou+",Rs 0 ~
133,111,Balwant Singh,https://myneta.info/punjab2017/candidate.php?candidate_id=111,SULTANPUR LODHI,Bahujan Samaj Party (Ambedkar),0,8th Pass,"Rs 7,19,615 ~ 7 Lacs+",Rs 0 ~
134,125,Balwinder Kumar,https://myneta.info/punjab2017/candidate.php?candidate_id=125,KARTARPUR (SC),BSP,0,Post Graduate,"Rs 5,29,008 ~ 5 Lacs+",Rs 0 ~
135,971,Balwinder Singh,https://myneta.info/punjab2017/candidate.php?candidate_id=971,RAJA SANSI,IND,0,Graduate,https://myneta.info/image_v2.php?myneta_folder=punjab2017&candidate_id=971&col=ta,https://myneta.info/image_v2.php?myneta_folder=punjab2017&candidate_id=971&col=lia
136,314,Balwinder Singh,https://myneta.info/punjab2017/candidate.php?candidate_id=314,SRI HARGOBINDPUR (SC),INC,0,10th Pass,"Rs 2,20,41,155 ~ 2 Crore+","Rs 1,19,32,029 ~ 1 Crore+"
137,596,Balwinder Singh,https://myneta.info/punjab2017/candidate.php?candidate_id=596,S.A.S. NAGAR,Democratic Swaraj Party,0,10th Pass,"Rs 2,20,77,950 ~ 2 Crore+",Rs 0 ~
138,674,Balwinder Singh,https://myneta.info/punjab2017/candidate.php?candidate_id=674,JALALABAD,IND,0,Graduate,"Rs 4,32,000 ~ 4 Lacs+",Rs 0 ~
139,326,Balwinder Singh,https://myneta.info/punjab2017/candidate.php?candidate_id=326,AJNALA,BSP,0,Graduate,"Rs 39,91,000 ~ 39 Lacs+",Rs 0 ~
140,483,Balwinder Singh,https://myneta.info/punjab2017/candidate.php?candidate_id=483,AMRITSAR WEST (SC),Democratic Swaraj Party,1,8th Pass,"Rs 22,00,000 ~ 22 Lacs+","Rs 3,68,059 ~ 3 Lacs+"
141,1244,Balwinder Singh,https://myneta.info/punjab2017/candidate.php?candidate_id=1244,PHILLAUR (SC),Bharatiya Rashtravadi Paksha,0,Graduate Professional,"Rs 1,73,747 ~ 1 Lacs+",Rs 0 ~
142,1260,Balwinder Singh Bittu,https://myneta.info/punjab2017/candidate.php?candidate_id=1260,CHABBEWAL (SC),IND,0,Graduate,"Rs 63,18,000 ~ 63 Lacs+","Rs 36,10,000 ~ 36 Lacs+"
143,484,Balwinder Singh Sahota,https://myneta.info/punjab2017/candidate.php?candidate_id=484,AMRITSAR WEST (SC),AAP,0,Post Graduate,"Rs 40,04,114 ~ 40 Lacs+",Rs 0 ~
144,344,Barindermeet Singh,https://myneta.info/punjab2017/candidate.php?candidate_id=344,GURDASPUR,INC,0,Others,https://myneta.info/image_v2.php?myneta_folder=punjab2017&candidate_id=344&col=ta,https://myneta.info/image_v2.php?myneta_folder=punjab2017&candidate_id=344&col=lia
145,400,Barjinder Singh,https://myneta.info/punjab2017/candidate.php?candidate_id=400,MOGA,SAD,1,Graduate Professional,"Rs 21,74,47,304 ~ 21 Crore+","Rs 2,22,66,000 ~ 2 Crore+"
146,142,Bhagwan Dass,https://myneta.info/punjab2017/candidate.php?candidate_id=142,SHAM CHAURASI (SC),BSP,0,10th Pass,"Rs 3,22,57,613 ~ 3 Crore+","Rs 48,09,488 ~ 48 Lacs+"
147,677,Bhagwant Mann,https://myneta.info/punjab2017/candidate.php?candidate_id=677,JALALABAD,AAP,0,12th Pass,"Rs 1,99,10,779 ~ 1 Crore+",Rs 0 ~
148,744,Bhagwant Singh,https://myneta.info/punjab2017/candidate.php?candidate_id=744,BUDHALADA (SC),CPI(ML)(L),0,10th Pass,"Rs 1,30,000 ~ 1 Lacs+",Rs 0 ~
149,705,Bhai Harnirpal Singh,https://myneta.info/punjab2017/candidate.php?candidate_id=705,KOTKAPURA,INC,0,10th Pass,"Rs 11,63,51,161 ~ 11 Crore+","Rs 68,90,891 ~ 68 Lacs+"
150,1282,Bhajan Singh,https://myneta.info/punjab2017/candidate.php?candidate_id=1282,MUKERIAN,Bharatrashtra Democratic Party,0,10th Pass,"Rs 39,32,000 ~ 39 Lacs+",Rs 0 ~
151,190,Bharat Bhushan,https://myneta.info/punjab2017/candidate.php?candidate_id=190,LUDHIANA WEST,INC,0,Graduate,"Rs 8,17,25,273 ~ 8 Crore+","Rs 12,13,966 ~ 12 Lacs+"
152,277,Bharatdeep Thakur,https://myneta.info/punjab2017/candidate.php?candidate_id=277,PATIALA RURAL,Hindustan Shakti Sena,0,12th Pass,"Rs 1,97,000 ~ 1 Lacs+",Rs 0 ~
153,1010,Bharbhur Singh ,https://myneta.info/punjab2017/candidate.php?candidate_id=1010,NIHAL SINGH WALA (SC),IND,0,10th Pass,https://myneta.info/image_v2.php?myneta_folder=punjab2017&candidate_id=1010&col=ta,https://myneta.info/image_v2.php?myneta_folder=punjab2017&candidate_id=1010&col=lia
154,270,Bhola Singh,https://myneta.info/punjab2017/candidate.php?candidate_id=270,DHURI,BSP,0,Illiterate,"Rs 1,99,000 ~ 1 Lacs+",Rs 0 ~
155,1004,Bhupinder Kaur,https://myneta.info/punjab2017/candidate.php?candidate_id=1004,MOGA,IND,0,10th Pass,"Rs 1,40,000 ~ 1 Lacs+",Rs 0 ~
156,357,Bhupinder Singh,https://myneta.info/punjab2017/candidate.php?candidate_id=357,BHOLATH,SAD,1,Graduate,"Rs 11,96,53,177 ~ 11 Crore+","Rs 5,11,750 ~ 5 Lacs+"
157,507,Bhupinder Singh,https://myneta.info/punjab2017/candidate.php?candidate_id=507,KHADOOR SAHIB,AAP,0,12th Pass,"Rs 5,49,70,652 ~ 5 Crore+","Rs 32,50,000 ~ 32 Lacs+"
158,973,Bhupinder Singh,https://myneta.info/punjab2017/candidate.php?candidate_id=973,SAMRALA,Aapna Punjab Party,0,Graduate,"Rs 2,15,32,888 ~ 2 Crore+","Rs 7,58,643 ~ 7 Lacs+"
159,839,Bhupinder Singh,https://myneta.info/punjab2017/candidate.php?candidate_id=839,KHANNA,IND,0,8th Pass,"Rs 1,54,798 ~ 1 Lacs+",Rs 0 ~
160,505,Bhupinder Singh,https://myneta.info/punjab2017/candidate.php?candidate_id=505,PATTI,Shiromani Akali Dal (A)(Simranjit Singh Mann),0,12th Pass,"Rs 14,29,000 ~ 14 Lacs+",Rs 0 ~
161,11,Bhupinder Singh Birval,https://myneta.info/punjab2017/candidate.php?candidate_id=11,MANSA,BSP,0,12th Pass,"Rs 8,01,000 ~ 8 Lacs+",Rs 0 ~
162,794,Bhupinder Singh Massingan,https://myneta.info/punjab2017/candidate.php?candidate_id=794,SANOUR,Shiromani Akali Dal (A)(Simranjit Singh Mann),0,10th Pass,https://myneta.info/image_v2.php?myneta_folder=punjab2017&candidate_id=794&col=ta,https://myneta.info/image_v2.php?myneta_folder=punjab2017&candidate_id=794&col=lia
163,624,Bhupinder Singh Sidhu,https://myneta.info/punjab2017/candidate.php?candidate_id=624,LUDHIANA SOUTH,INC,0,Graduate Professional,"Rs 3,58,00,000 ~ 3 Crore+","Rs 40,00,000 ~ 40 Lacs+"
164,1190,Bikar Singh,https://myneta.info/punjab2017/candidate.php?candidate_id=1190,DIRBA (SC),IND,0,10th Pass,"Rs 1,26,36,492 ~ 1 Crore+","Rs 14,00,000 ~ 14 Lacs+"
165,644,Bikker Singh,https://myneta.info/punjab2017/candidate.php?candidate_id=644,GILL (SC),BSP,0,Post Graduate,"Rs 85,85,177 ~ 85 Lacs+","Rs 9,71,000 ~ 9 Lacs+"
166,53,Bikram Singh,https://myneta.info/punjab2017/candidate.php?candidate_id=53,MAJITHA,SAD,0,Graduate,"Rs 25,22,80,202 ~ 25 Crore+","Rs 1,16,62,521 ~ 1 Crore+"
167,499,Bikramajit Singh,https://myneta.info/punjab2017/candidate.php?candidate_id=499,KHEMKARAN,AAP,0,Graduate,"Rs 70,27,64,798 ~ 70 Crore+","Rs 3,25,73,878 ~ 3 Crore+"
168,1170,Bimla Rani,https://myneta.info/punjab2017/candidate.php?candidate_id=1170,BATHINDA URBAN,IND,0,Illiterate,"Rs 58,000 ~ 58 Thou+",Rs 0 ~
169,1207,Binder Singh,https://myneta.info/punjab2017/candidate.php?candidate_id=1207,SUNAM,IND,0,Illiterate,"Rs 5,18,000 ~ 5 Lacs+",Rs 0 ~
170,1330,Bira Singh,https://myneta.info/punjab2017/candidate.php?candidate_id=1330,SHUTRANA (SC),IND,0,Literate,"Rs 3,94,000 ~ 3 Lacs+",Rs 0 ~
171,1271,Bishan Dass,https://myneta.info/punjab2017/candidate.php?candidate_id=1271,GARHSHANKAR,Bharatrashtra Democratic Party,0,12th Pass,https://myneta.info/image_v2.php?myneta_folder=punjab2017&candidate_id=1271&col=ta,https://myneta.info/image_v2.php?myneta_folder=punjab2017&candidate_id=1271&col=lia
172,451,Bishan Dass,https://myneta.info/punjab2017/candidate.php?candidate_id=451,DINA NAGAR (SC),BJP,0,Post Graduate,"Rs 9,22,33,120 ~ 9 Crore+","Rs 13,49,274 ~ 13 Lacs+"
173,863,Bobby Sandhu,https://myneta.info/punjab2017/candidate.php?candidate_id=863,BHOA (SC),SHS,0,12th Pass,"Rs 1,01,000 ~ 1 Lacs+",Rs 0 ~
174,275,Brahm Mohindra,https://myneta.info/punjab2017/candidate.php?candidate_id=275,PATIALA RURAL,INC,0,Graduate,"Rs 5,14,98,419 ~ 5 Crore+",Rs 0 ~
175,590,Brinder Singh Dhillon,https://myneta.info/punjab2017/candidate.php?candidate_id=590,RUPNAGAR,INC,0,12th Pass,"Rs 7,32,60,949 ~ 7 Crore+","Rs 3,67,92,791 ~ 3 Crore+"
176,64,Budh Ram,https://myneta.info/punjab2017/candidate.php?candidate_id=64,BUDHALADA (SC),AAP,0,Post Graduate,"Rs 87,74,953 ~ 87 Lacs+",Rs 0 ~
177,1120,Bunty,https://myneta.info/punjab2017/candidate.php?candidate_id=1120,FARIDKOT,IND,0,8th Pass,"Rs 48,000 ~ 48 Thou+","Rs 25,000 ~ 25 Thou+"
178,527,Ch. Surinder Singh,https://myneta.info/punjab2017/candidate.php?candidate_id=527,KARTARPUR (SC),INC,0,Post Graduate,"Rs 4,87,12,458 ~ 4 Crore+","Rs 35,48,000 ~ 35 Lacs+"
179,857,Chain Singh,https://myneta.info/punjab2017/candidate.php?candidate_id=857,BHOA (SC),BSP,0,Others,"Rs 23,31,900 ~ 23 Lacs+",Rs 0 ~
180,840,Chander Dev Singh,https://myneta.info/punjab2017/candidate.php?candidate_id=840,KHANNA,IND,0,10th Pass,https://myneta.info/image_v2.php?myneta_folder=punjab2017&candidate_id=840&col=ta,https://myneta.info/image_v2.php?myneta_folder=punjab2017&candidate_id=840&col=lia
181,526,Chander Kumar,https://myneta.info/punjab2017/candidate.php?candidate_id=526,KARTARPUR (SC),AAP,0,10th Pass,"Rs 31,51,732 ~ 31 Lacs+","Rs 4,66,587 ~ 4 Lacs+"
182,1065,Charan Dass,https://myneta.info/punjab2017/candidate.php?candidate_id=1065,BALACHAUR,IND,0,Post Graduate,"Rs 50,38,884 ~ 50 Lacs+","Rs 2,00,000 ~ 2 Lacs+"
183,712,Charan Singh,https://myneta.info/punjab2017/candidate.php?candidate_id=712,RAMPURA PHUL,IND,0,8th Pass,"Rs 8,33,300 ~ 8 Lacs+",Rs 0 ~
184,626,Charan Singh,https://myneta.info/punjab2017/candidate.php?candidate_id=626,LUDHIANA SOUTH,BSP,0,10th Pass,"Rs 8,10,000 ~ 8 Lacs+",Rs 0 ~
185,1265,Charanjeet Singh,https://myneta.info/punjab2017/candidate.php?candidate_id=1265,DASUYA,Democratic Party of India (Ambedkar),0,10th Pass,"Rs 4,03,410 ~ 4 Lacs+",Rs 0 ~
186,898,Charanjit Kaur,https://myneta.info/punjab2017/candidate.php?candidate_id=898,QADIAN,IND,0,10th Pass,"Rs 22,82,812 ~ 22 Lacs+","Rs 2,00,000 ~ 2 Lacs+"
187,1253,Charanjit Kumar,https://myneta.info/punjab2017/candidate.php?candidate_id=1253,SHAHKOT,BSP,0,10th Pass,"Rs 24,000 ~ 24 Thou+",Rs 0 ~
188,155,Charanjit Singh,https://myneta.info/punjab2017/candidate.php?candidate_id=155,NAWAN SHAHR,AAP,2,Others,"Rs 18,36,00,958 ~ 18 Crore+",Rs 0 ~
189,168,Charanjit Singh,https://myneta.info/punjab2017/candidate.php?candidate_id=168,CHAMKAUR SAHIB (SC),AAP,0,Post Graduate,https://myneta.info/image_v2.php?myneta_folder=punjab2017&candidate_id=168&col=ta,https://myneta.info/image_v2.php?myneta_folder=punjab2017&candidate_id=168&col=lia
190,165,Charanjit Singh Channi,https://myneta.info/punjab2017/candidate.php?candidate_id=165,CHAMKAUR SAHIB (SC),INC,0,Post Graduate,"Rs 14,51,14,000 ~ 14 Crore+","Rs 10,84,000 ~ 10 Lacs+"
191,755,Daaman Thind Bajwa,https://myneta.info/punjab2017/candidate.php?candidate_id=755,SUNAM,INC,0,Post Graduate,"Rs 1,12,90,445 ~ 1 Crore+","Rs 55,55,181 ~ 55 Lacs+"
192,648,Dalbara Singh,https://myneta.info/punjab2017/candidate.php?candidate_id=648,PAYAL (SC),BSP,0,Others,"Rs 23,61,000 ~ 23 Lacs+",Rs 0 ~
193,282,Dalbir Singh,https://myneta.info/punjab2017/candidate.php?candidate_id=282,RAJPURA,IND,0,12th Pass,"Rs 2,20,000 ~ 2 Lacs+",Rs 0 ~
194,387,Dalbir Singh,https://myneta.info/punjab2017/candidate.php?candidate_id=387,JANDIALA (SC),SAD,0,Graduate Professional,"Rs 60,49,350 ~ 60 Lacs+","Rs 1,50,435 ~ 1 Lacs+"
195,435,Dalbir Singh,https://myneta.info/punjab2017/candidate.php?candidate_id=435,BABA BAKALA (SC),AAP,0,12th Pass,"Rs 17,62,077 ~ 17 Lacs+","Rs 2,68,408 ~ 2 Lacs+"
196,479,Dalip Singh,https://myneta.info/punjab2017/candidate.php?candidate_id=479,JANDIALA (SC),Aapna Punjab Party,0,12th Pass,"Rs 5,24,160 ~ 5 Lacs+",Rs 0 ~
197,184,Dalip Singh,https://myneta.info/punjab2017/candidate.php?candidate_id=184,SAHNEWAL,IND,0,8th Pass,"Rs 24,40,992 ~ 24 Lacs+",Rs 0 ~
198,859,Dalip Singh Surajvanshi,https://myneta.info/punjab2017/candidate.php?candidate_id=859,BHOA (SC),IND,0,Not Given,https://myneta.info/image_v2.php?myneta_folder=punjab2017&candidate_id=859&col=ta,https://myneta.info/image_v2.php?myneta_folder=punjab2017&candidate_id=859&col=lia
199,183,Daljeet Singh,https://myneta.info/punjab2017/candidate.php?candidate_id=183,SAHNEWAL,IND,1,5th Pass,"Rs 3,66,000 ~ 3 Lacs+",Rs 0 ~
200,976,Daljit Singh,https://myneta.info/punjab2017/candidate.php?candidate_id=976,KHADOOR SAHIB,Aapna Punjab Party,0,10th Pass,"Rs 7,70,000 ~ 7 Lacs+",Rs 0 ~
201,619,Daljit Singh,https://myneta.info/punjab2017/candidate.php?candidate_id=619,LUDHIANA EAST,AAP,2,10th Pass,"Rs 1,74,46,999 ~ 1 Crore+",Rs 0 ~
202,163,Daljit Singh,https://myneta.info/punjab2017/candidate.php?candidate_id=163,RUPNAGAR,SAD,0,Graduate Professional,"Rs 2,21,82,639 ~ 2 Crore+","Rs 21,95,834 ~ 21 Lacs+"
203,956,Daljit Singh,https://myneta.info/punjab2017/candidate.php?candidate_id=956,RAIKOT (SC),IND,0,10th Pass,"Rs 2,42,404 ~ 2 Lacs+",Rs 0 ~
204,209,Daljit Singh,https://myneta.info/punjab2017/candidate.php?candidate_id=209,DHARAMKOT,AAP,0,10th Pass,"Rs 3,26,45,152 ~ 3 Crore+","Rs 30,76,373 ~ 30 Lacs+"
205,498,Daljit Singh,https://myneta.info/punjab2017/candidate.php?candidate_id=498,KHEMKARAN,Revolutionary Marxist Party of India,0,Graduate Professional,"Rs 36,92,265 ~ 36 Lacs+","Rs 25,000 ~ 25 Thou+"
206,922,Dalvir Kaur,https://myneta.info/punjab2017/candidate.php?candidate_id=922,AMRITSAR SOUTH,IND,0,Illiterate,"Rs 1,90,000 ~ 1 Lacs+",Rs 0 ~
207,613,Dalvir Singh,https://myneta.info/punjab2017/candidate.php?candidate_id=613,SAMRALA,BSP,0,10th Pass,https://myneta.info/image_v2.php?myneta_folder=punjab2017&candidate_id=613&col=ta,https://myneta.info/image_v2.php?myneta_folder=punjab2017&candidate_id=613&col=lia
208,770,Dalvir Singh Goldy,https://myneta.info/punjab2017/candidate.php?candidate_id=770,DHURI,INC,0,Post Graduate,"Rs 51,86,716 ~ 51 Lacs+","Rs 13,25,332 ~ 13 Lacs+"
209,1148,Darbara Singh,https://myneta.info/punjab2017/candidate.php?candidate_id=1148,MEHAL KALAN (SC),IND,0,10th Pass,"Rs 2,85,000 ~ 2 Lacs+","Rs 10,000 ~ 10 Thou+"
210,369,Darbara Singh Guru,https://myneta.info/punjab2017/candidate.php?candidate_id=369,BASSI PATHANA (SC),SAD,0,Post Graduate,"Rs 4,45,22,000 ~ 4 Crore+","Rs 1,67,00,000 ~ 1 Crore+"
211,531,Darshan Lal,https://myneta.info/punjab2017/candidate.php?candidate_id=531,JALANDHAR WEST (SC),AAP,0,10th Pass,"Rs 9,56,416 ~ 9 Lacs+",Rs 0 ~
212,581,Darshan Lal,https://myneta.info/punjab2017/candidate.php?candidate_id=581,BALACHAUR,INC,0,10th Pass,"Rs 8,56,03,910 ~ 8 Crore+",Rs 0 ~
213,811,Darshan Singh,https://myneta.info/punjab2017/candidate.php?candidate_id=811,LUDHIANA SOUTH,Jai Jawan Jai Kisan Party,0,12th Pass,"Rs 47,39,000 ~ 47 Lacs+","Rs 52,135 ~ 52 Thou+"
214,60,Darshan Singh,https://myneta.info/punjab2017/candidate.php?candidate_id=60,MALOUT (SC),SAD,0,Post Graduate,"Rs 33,72,238 ~ 33 Lacs+",Rs 0 ~
215,829,Darshan Singh,https://myneta.info/punjab2017/candidate.php?candidate_id=829,GILL (SC),IND,0,5th Pass,"Rs 1,07,312 ~ 1 Lacs+",Rs 0 ~
216,1177,Darshan Singh,https://myneta.info/punjab2017/candidate.php?candidate_id=1177,TALWANDI SABO,IND,0,10th Pass,https://myneta.info/image_v2.php?myneta_folder=punjab2017&candidate_id=1177&col=ta,https://myneta.info/image_v2.php?myneta_folder=punjab2017&candidate_id=1177&col=lia
217,206,Darshan Singh Brar,https://myneta.info/punjab2017/candidate.php?candidate_id=206,BHAGHA PURANA TEHSIL,INC,0,8th Pass,"Rs 2,62,75,424 ~ 2 Crore+","Rs 11,59,877 ~ 11 Lacs+"
218,48,Darshan Singh Shivalik,https://myneta.info/punjab2017/candidate.php?candidate_id=48,GILL (SC),SAD,0,10th Pass,"Rs 5,24,34,597 ~ 5 Crore+",Rs 0 ~
219,751,Darshan Singh Sidhu,https://myneta.info/punjab2017/candidate.php?candidate_id=751,DIRBA (SC),IND,1,Graduate Professional,"Rs 1,58,84,210 ~ 1 Crore+","Rs 29,79,000 ~ 29 Lacs+"
220,1183,Davinder Kaur,https://myneta.info/punjab2017/candidate.php?candidate_id=1183,AMARGARH,IND,0,Post Graduate,"Rs 1,60,800 ~ 1 Lacs+",Rs 0 ~
221,803,Davinder Singh,https://myneta.info/punjab2017/candidate.php?candidate_id=803,SAMANA,BSP,0,10th Pass,"Rs 29,20,000 ~ 29 Lacs+","Rs 70,000 ~ 70 Thou+"
222,58,Davinder Singh Ghubaya,https://myneta.info/punjab2017/candidate.php?candidate_id=58,FAZILKA,INC,0,Graduate,"Rs 99,52,826 ~ 99 Lacs+","Rs 11,50,000 ~ 11 Lacs+"
223,724,Davinderpal Singh,https://myneta.info/punjab2017/candidate.php?candidate_id=724,BATHINDA RURAL (SC),BSP,0,12th Pass,"Rs 11,50,000 ~ 11 Lacs+",Rs 0 ~
224,187,Deepak,https://myneta.info/punjab2017/candidate.php?candidate_id=187,ATAM NAGAR,NCP,0,12th Pass,"Rs 80,000 ~ 80 Thou+",Rs 0 ~
225,925,Deepak,https://myneta.info/punjab2017/candidate.php?candidate_id=925,AMRITSAR SOUTH,IND,0,8th Pass,https://myneta.info/image_v2.php?myneta_folder=punjab2017&candidate_id=925&col=ta,https://myneta.info/image_v2.php?myneta_folder=punjab2017&candidate_id=925&col=lia
226,718,Deepak Bansal,https://myneta.info/punjab2017/candidate.php?candidate_id=718,BATHINDA URBAN,AAP,0,Post Graduate,"Rs 5,79,613 ~ 5 Lacs+",Rs 0 ~
227,790,Deepinder Singh,https://myneta.info/punjab2017/candidate.php?candidate_id=790,DERA BASSI,INC,0,Graduate Professional,"Rs 12,02,41,022 ~ 12 Crore+","Rs 60,733 ~ 60 Thou+"
228,472,Deepinder Singh,https://myneta.info/punjab2017/candidate.php?candidate_id=472,DERA BABA NANAK,Aapna Punjab Party,0,Graduate Professional,"Rs 74,38,494 ~ 74 Lacs+",Rs 0 ~
229,900,Dhanwant Singh,https://myneta.info/punjab2017/candidate.php?candidate_id=900,AJNALA,IND,0,10th Pass,"Rs 38,45,800 ~ 38 Lacs+","Rs 2,22,044 ~ 2 Lacs+"
230,546,Dharam Pal,https://myneta.info/punjab2017/candidate.php?candidate_id=546,JALANDHAR CANTT.,Bahujan Samaj Party (Ambedkar),0,5th Pass,"Rs 2,57,000 ~ 2 Lacs+",Rs 0 ~
231,1051,Dharam Singh ,https://myneta.info/punjab2017/candidate.php?candidate_id=1051,BASSI PATHANA (SC),Shiromani Akali Dal (A)(Simranjit Singh Mann),0,10th Pass,"Rs 8,48,000 ~ 8 Lacs+",Rs 0 ~
232,494,Dharambir Agnihotri,https://myneta.info/punjab2017/candidate.php?candidate_id=494,TARN TARAN,INC,0,Graduate Professional,"Rs 3,37,07,753 ~ 3 Crore+","Rs 29,20,000 ~ 29 Lacs+"
233,838,Dharamjit Singh,https://myneta.info/punjab2017/candidate.php?candidate_id=838,KHANNA,Sada Punjab Party,0,12th Pass,"Rs 11,01,219 ~ 11 Lacs+","Rs 3,00,000 ~ 3 Lacs+"
234,1022,Dharminder Kumar,https://myneta.info/punjab2017/candidate.php?candidate_id=1022,DERA BASSI,SHS,1,10th Pass,https://myneta.info/image_v2.php?myneta_folder=punjab2017&candidate_id=1022&col=ta,https://myneta.info/image_v2.php?myneta_folder=punjab2017&candidate_id=1022&col=lia
235,297,Dharminder Kumar,https://myneta.info/punjab2017/candidate.php?candidate_id=297,BHOA (SC),IND,0,10th Pass,"Rs 5,96,000 ~ 5 Lacs+",Rs 0 ~
236,134,Dharminder Singh,https://myneta.info/punjab2017/candidate.php?candidate_id=134,MUKERIAN,Revolutionary Marxist Party of India,1,10th Pass,"Rs 6,20,000 ~ 6 Lacs+","Rs 63,166 ~ 63 Thou+"
237,430,Dharminder Singh,https://myneta.info/punjab2017/candidate.php?candidate_id=430,ZIRA,IND,0,12th Pass,"Rs 1,67,800 ~ 1 Lacs+",Rs 0 ~
238,1196,Dharminder Singh,https://myneta.info/punjab2017/candidate.php?candidate_id=1196,MALERKOTLA,IND,0,12th Pass,"Rs 59,63,000 ~ 59 Lacs+","Rs 4,00,000 ~ 4 Lacs+"
239,176,Didar Singh,https://myneta.info/punjab2017/candidate.php?candidate_id=176,FATEHGARH SAHIB,SAD,0,Graduate Professional,"Rs 17,31,30,000 ~ 17 Crore+","Rs 37,00,000 ~ 37 Lacs+"
240,974,Dilbag Singh,https://myneta.info/punjab2017/candidate.php?candidate_id=974,SAMRALA,Samaj Adhikar Kalyan Party,1,10th Pass,"Rs 2,75,000 ~ 2 Lacs+",Rs 0 ~
241,1087,Dilbag Singh,https://myneta.info/punjab2017/candidate.php?candidate_id=1087,ABOHAR,IND,0,5th Pass,"Rs 15,30,000 ~ 15 Lacs+",Rs 0 ~
242,63,Dilraj Singh,https://myneta.info/punjab2017/candidate.php?candidate_id=63,SARDULGARH,SAD,0,Graduate Professional,"Rs 1,39,21,034 ~ 1 Crore+","Rs 14,99,970 ~ 14 Lacs+"
243,774,Dinesh Bansal,https://myneta.info/punjab2017/candidate.php?candidate_id=774,SANGRUR,AAP,0,12th Pass,https://myneta.info/image_v2.php?myneta_folder=punjab2017&candidate_id=774&col=ta,https://myneta.info/image_v2.php?myneta_folder=punjab2017&candidate_id=774&col=lia
244,68,Dinesh Singh,https://myneta.info/punjab2017/candidate.php?candidate_id=68,SUJANPUR,BJP,0,12th Pass,"Rs 6,19,92,943 ~ 6 Crore+","Rs 16,30,462 ~ 16 Lacs+"
245,889,Dominic Mattu,https://myneta.info/punjab2017/candidate.php?candidate_id=889,DERA BABA NANAK,IND,0,Post Graduate,"Rs 4,44,600 ~ 4 Lacs+",Rs 0 ~
246,893,Dorthi,https://myneta.info/punjab2017/candidate.php?candidate_id=893,DERA BABA NANAK,IND,0,10th Pass,"Rs 37,77,000 ~ 37 Lacs+",Rs 0 ~
247,7,Dr. Jiwan Jot Kaur,https://myneta.info/punjab2017/candidate.php?candidate_id=7,FARIDKOT,IND,0,Graduate Professional,"Rs 1,42,19,500 ~ 1 Crore+","Rs 4,10,000 ~ 4 Lacs+"
248,535,Dr. Sanjiv Sharma,https://myneta.info/punjab2017/candidate.php?candidate_id=535,JALANDHAR CENTRAL,AAP,0,Post Graduate,"Rs 5,04,61,881 ~ 5 Crore+","Rs 19,892 ~ 19 Thou+"
249,921,Dr. Suba Singh,https://myneta.info/punjab2017/candidate.php?candidate_id=921,AMRITSAR SOUTH,Democratic Swaraj Party,0,Doctorate,"Rs 22,70,000 ~ 22 Lacs+",Rs 0 ~
250,734,Dusahira Singh,https://myneta.info/punjab2017/candidate.php?candidate_id=734,MAUR,BSP,0,8th Pass,"Rs 62,000 ~ 62 Thou+",Rs 0 ~
251,510,Dyal Singh,https://myneta.info/punjab2017/candidate.php?candidate_id=510,KHADOOR SAHIB,BSP,0,8th Pass,"Rs 5,45,000 ~ 5 Lacs+",Rs 0 ~
252,372,Er. Amit Rattan Kotfatta,https://myneta.info/punjab2017/candidate.php?candidate_id=372,BATHINDA RURAL (SC),SAD,0,Graduate Professional,https://myneta.info/image_v2.php?myneta_folder=punjab2017&candidate_id=372&col=ta,https://myneta.info/image_v2.php?myneta_folder=punjab2017&candidate_id=372&col=lia
253,457,Fatehjang Singh Bajwa,https://myneta.info/punjab2017/candidate.php?candidate_id=457,QADIAN,INC,0,Graduate,"Rs 33,35,46,608 ~ 33 Crore+","Rs 38,83,434 ~ 38 Lacs+"
254,330,Gagandeep Kumar,https://myneta.info/punjab2017/candidate.php?candidate_id=330,MAJITHA,IND,0,Post Graduate,"Rs 2,01,01,718 ~ 2 Crore+",Rs 0 ~
255,1220,Gaurav Luthra,https://myneta.info/punjab2017/candidate.php?candidate_id=1220,JALANDHAR NORTH,IND,1,12th Pass,"Rs 3,35,432 ~ 3 Lacs+",Rs 0 ~
256,914,Gaurav Mehra,https://myneta.info/punjab2017/candidate.php?candidate_id=914,AMRITSAR NORTH,Shiromani Lok Dal Party,0,Graduate,"Rs 62,05,000 ~ 62 Lacs+","Rs 9,00,000 ~ 9 Lacs+"
257,867,Geeta,https://myneta.info/punjab2017/candidate.php?candidate_id=867,BHOA (SC),IND,0,10th Pass,"Rs 1,57,49,000 ~ 1 Crore+","Rs 53,00,000 ~ 53 Lacs+"
258,747,Ghamand Singh,https://myneta.info/punjab2017/candidate.php?candidate_id=747,DIRBA (SC),CPI(ML)(L),0,Illiterate,"Rs 10,000 ~ 10 Thou+",Rs 0 ~
259,1168,Gian Chand Bansal,https://myneta.info/punjab2017/candidate.php?candidate_id=1168,BATHINDA URBAN,Democratic Swaraj Party,0,Post Graduate,"Rs 64,45,550 ~ 64 Lacs+",Rs 0 ~
260,746,Gian Singh,https://myneta.info/punjab2017/candidate.php?candidate_id=746,LEHRA,Shiromani Akali Dal (A)(Simranjit Singh Mann),0,10th Pass,"Rs 74,05,000 ~ 74 Lacs+","Rs 8,00,000 ~ 8 Lacs+"
261,685,Giri Raj Rajora,https://myneta.info/punjab2017/candidate.php?candidate_id=685,BALLUANA (SC),AITC,0,Graduate Professional,https://myneta.info/image_v2.php?myneta_folder=punjab2017&candidate_id=685&col=ta,https://myneta.info/image_v2.php?myneta_folder=punjab2017&candidate_id=685&col=lia
262,1145,Gobind Singh,https://myneta.info/punjab2017/candidate.php?candidate_id=1145,MEHAL KALAN (SC),IND,0,10th Pass,"Rs 50,15,000 ~ 50 Lacs+","Rs 5,00,000 ~ 5 Lacs+"
263,254,Gobind Singh,https://myneta.info/punjab2017/candidate.php?candidate_id=254,SUNAM,SAD,0,Graduate,"Rs 2,86,55,173 ~ 2 Crore+","Rs 18,69,710 ~ 18 Lacs+"
264,1158,Gora Singh,https://myneta.info/punjab2017/candidate.php?candidate_id=1158,BHADAUR (SC),IND,0,Illiterate,"Rs 5,80,000 ~ 5 Lacs+","Rs 5,00,000 ~ 5 Lacs+"
265,540,Gulshan Sharma,https://myneta.info/punjab2017/candidate.php?candidate_id=540,JALANDHAR NORTH,AAP,0,Graduate Professional,"Rs 4,21,62,531 ~ 4 Crore+",Rs 0 ~
266,380,Gulzar Singh,https://myneta.info/punjab2017/candidate.php?candidate_id=380,DIRBA (SC),SAD,0,Graduate Professional,"Rs 1,15,55,846 ~ 1 Crore+","Rs 2,00,000 ~ 2 Lacs+"
267,468,Gulzar Singh,https://myneta.info/punjab2017/candidate.php?candidate_id=468,FATEHGARH CHURIAN,CPI(ML)(L),0,Graduate,"Rs 32,90,500 ~ 32 Lacs+",Rs 0 ~
268,105,Gulzar Singh Ranike,https://myneta.info/punjab2017/candidate.php?candidate_id=105,ATTARI (SC),SAD,0,Literate,"Rs 7,66,11,965 ~ 7 Crore+",Rs 0 ~
269,304,Gurbachan Singh,https://myneta.info/punjab2017/candidate.php?candidate_id=304,QADIAN,Shiromani Akali Dal (A)(Simranjit Singh Mann),0,12th Pass,"Rs 45,45,000 ~ 45 Lacs+","Rs 3,22,380 ~ 3 Lacs+"
270,342,Gurbachan Singh Babehali,https://myneta.info/punjab2017/candidate.php?candidate_id=342,GURDASPUR,SAD,0,10th Pass,https://myneta.info/image_v2.php?myneta_folder=punjab2017&candidate_id=342&col=ta,https://myneta.info/image_v2.php?myneta_folder=punjab2017&candidate_id=342&col=lia
271,1288,Gurbakhash Singh,https://myneta.info/punjab2017/candidate.php?candidate_id=1288,URMAR,BSP,0,Graduate Professional,"Rs 1,10,33,397 ~ 1 Crore+","Rs 16,24,537 ~ 16 Lacs+"
272,1251,Gurbax Kaur,https://myneta.info/punjab2017/candidate.php?candidate_id=1251,SHAHKOT,IND,0,5th Pass,"Rs 7,74,243 ~ 7 Lacs+","Rs 12,000 ~ 12 Thou+"
273,8,Gurbax Singh,https://myneta.info/punjab2017/candidate.php?candidate_id=8,FARIDKOT,BSP,0,12th Pass,"Rs 1,31,52,000 ~ 1 Crore+",Rs 0 ~
274,358,Gurbinder Singh,https://myneta.info/punjab2017/candidate.php?candidate_id=358,BHOLATH,Aapna Punjab Party,0,10th Pass,"Rs 97,46,070 ~ 97 Lacs+",Rs 0 ~
275,1238,Gurbinder Singh Atwal,https://myneta.info/punjab2017/candidate.php?candidate_id=1238,NAKODAR,IND,0,Graduate Professional,"Rs 3,42,90,000 ~ 3 Crore+","Rs 9,80,000 ~ 9 Lacs+"
276,204,Gurbinder Singh Kang,https://myneta.info/punjab2017/candidate.php?candidate_id=204,BHAGHA PURANA TEHSIL,AAP,0,Graduate,"Rs 7,25,32,000 ~ 7 Crore+","Rs 3,02,20,000 ~ 3 Crore+"
277,583,Gurcharan Singh,https://myneta.info/punjab2017/candidate.php?candidate_id=583,ANADPUR SAHIB,BSP,0,8th Pass,"Rs 36,12,000 ~ 36 Lacs+","Rs 1,00,000 ~ 1 Lacs+"
278,1255,Gurcharan Singh,https://myneta.info/punjab2017/candidate.php?candidate_id=1255,SHAHKOT,Indian Krantikari Lehar,0,5th Pass,"Rs 40,000 ~ 40 Thou+",Rs 0 ~
279,1184,Gurdarshan Singh,https://myneta.info/punjab2017/candidate.php?candidate_id=1184,AMARGARH,Democratic Swaraj Party,0,10th Pass,https://myneta.info/image_v2.php?myneta_folder=punjab2017&candidate_id=1184&col=ta,https://myneta.info/image_v2.php?myneta_folder=punjab2017&candidate_id=1184&col=lia
280,1053,Gurdeep Singh ,https://myneta.info/punjab2017/candidate.php?candidate_id=1053,BASSI PATHANA (SC),IND,0,12th Pass,"Rs 2,85,000 ~ 2 Lacs+","Rs 50,000 ~ 50 Thou+"
281,938,Gurdeep Singh,https://myneta.info/punjab2017/candidate.php?candidate_id=938,ATTARI (SC),CPI,0,Others,"Rs 40,98,000 ~ 40 Lacs+",Rs 0 ~
282,707,Gurdeep Singh,https://myneta.info/punjab2017/candidate.php?candidate_id=707,JAITU (SC),Shiromani Akali Dal (A)(Simranjit Singh Mann),0,10th Pass,"Rs 34,81,087 ~ 34 Lacs+",Rs 0 ~
283,354,Gurdeep Singh,https://myneta.info/punjab2017/candidate.php?candidate_id=354,BHOLATH,Democratic Bharatiya Samaj Party,0,Illiterate,"Rs 1,03,000 ~ 1 Lacs+",Rs 0 ~
284,1130,Gurdeep Singh,https://myneta.info/punjab2017/candidate.php?candidate_id=1130,KOTKAPURA,IND,0,10th Pass,"Rs 2,78,047 ~ 2 Lacs+",Rs 0 ~
285,994,Gurdeep Singh,https://myneta.info/punjab2017/candidate.php?candidate_id=994,DHARAMKOT,Bahujan Mukti Party,0,10th Pass,"Rs 59,62,300 ~ 59 Lacs+","Rs 2,92,517 ~ 2 Lacs+"
286,964,Gurdeep Singh Kahlon,https://myneta.info/punjab2017/candidate.php?candidate_id=964,SAHNEWAL,IND,0,Graduate Professional,"Rs 17,20,000 ~ 17 Lacs+",Rs 0 ~
287,633,Gurdev Sharma,https://myneta.info/punjab2017/candidate.php?candidate_id=633,LUDHIANA CENTRAL,BJP,0,8th Pass,"Rs 9,48,82,299 ~ 9 Crore+","Rs 4,52,000 ~ 4 Lacs+"
288,780,Gurdev Singh Mann,https://myneta.info/punjab2017/candidate.php?candidate_id=780,NABHA (SC),AAP,0,12th Pass,https://myneta.info/image_v2.php?myneta_folder=punjab2017&candidate_id=780&col=ta,https://myneta.info/image_v2.php?myneta_folder=punjab2017&candidate_id=780&col=lia
289,551,Gurdial Bains,https://myneta.info/punjab2017/candidate.php?candidate_id=551,ADAMPUR (SC),CPI(M),1,5th Pass,"Rs 38,68,756 ~ 38 Lacs+",Rs 0 ~
290,425,Gurdial Singh,https://myneta.info/punjab2017/candidate.php?candidate_id=425,URMAR,Bharatrashtra Democratic Party,0,Not Given,"Rs 82,000 ~ 82 Thou+",Rs 0 ~
291,227,Gurdit Singh,https://myneta.info/punjab2017/candidate.php?candidate_id=227,FARIDKOT,AAP,0,10th Pass,"Rs 2,73,70,549 ~ 2 Crore+","Rs 17,00,000 ~ 17 Lacs+"
292,1084,Gurjant Singh,https://myneta.info/punjab2017/candidate.php?candidate_id=1084,ABOHAR,IND,0,5th Pass,"Rs 10,55,382 ~ 10 Lacs+",Rs 0 ~
293,1342,Gurjant Singh,https://myneta.info/punjab2017/candidate.php?candidate_id=1342,SHUTRANA (SC),IND,0,12th Pass,"Rs 5,04,000 ~ 5 Lacs+",Rs 0 ~
294,1031,Gurjeet Singh,https://myneta.info/punjab2017/candidate.php?candidate_id=1031,KHARAR,Punjab Democratic Party,0,Post Graduate,"Rs 3,09,700 ~ 3 Lacs+",Rs 0 ~
295,493,Gurjinder Singh,https://myneta.info/punjab2017/candidate.php?candidate_id=493,TARN TARAN,Shiromani Akali Dal (A)(Simranjit Singh Mann),0,12th Pass,"Rs 72,05,000 ~ 72 Lacs+",Rs 0 ~
296,221,Gurjinder Singh,https://myneta.info/punjab2017/candidate.php?candidate_id=221,FAZILKA,Indian Krantikari Lehar,0,10th Pass,"Rs 50,000 ~ 50 Thou+",Rs 0 ~
297,179,Gurjinder Singh,https://myneta.info/punjab2017/candidate.php?candidate_id=179,AMLOH,Jai Jawan Jai Kisan Party,0,12th Pass,https://myneta.info/image_v2.php?myneta_folder=punjab2017&candidate_id=179&col=ta,https://myneta.info/image_v2.php?myneta_folder=punjab2017&candidate_id=179&col=lia
298,1359,Gurjit Kaur,https://myneta.info/punjab2017/candidate.php?candidate_id=1359,AMRITSAR EAST,IND,0,12th Pass,"Rs 4,75,000 ~ 4 Lacs+",Rs 0 ~
299,567,Gurjit Singh,https://myneta.info/punjab2017/candidate.php?candidate_id=567,CHABBEWAL (SC),Aapna Punjab Party,0,10th Pass,"Rs 8,08,000 ~ 8 Lacs+","Rs 15,000 ~ 15 Thou+"
300,983,Gurjot Singh,https://myneta.info/punjab2017/candidate.php?candidate_id=983,SULTANPUR LODHI,IND,0,10th Pass,"Rs 2,10,000 ~ 2 Lacs+",Rs 0 ~
301,260,Gurkimat Singh,https://myneta.info/punjab2017/candidate.php?candidate_id=260,BARNALA,AITC,0,10th Pass,"Rs 65,89,000 ~ 65 Lacs+",Rs 0 ~
302,606,Gurkirat Singh,https://myneta.info/punjab2017/candidate.php?candidate_id=606,KHANNA,INC,0,Graduate,"Rs 2,17,55,485 ~ 2 Crore+",Rs 0 ~
303,170,Gurkirpal Singh Mann,https://myneta.info/punjab2017/candidate.php?candidate_id=170,S.A.S. NAGAR,Punjab Democratic Party,0,Post Graduate,"Rs 10,51,33,767 ~ 10 Crore+",Rs 0 ~
304,566,Gurlal,https://myneta.info/punjab2017/candidate.php?candidate_id=566,CHABBEWAL (SC),BSP,0,12th Pass,"Rs 72,78,299 ~ 72 Lacs+","Rs 23,04,324 ~ 23 Lacs+"
305,1090,Gurmail Singh,https://myneta.info/punjab2017/candidate.php?candidate_id=1090,BALLUANA (SC),National Adhikar Insaf Party,0,5th Pass,"Rs 5,50,000 ~ 5 Lacs+",Rs 0 ~
306,1149,Gurmail Singh,https://myneta.info/punjab2017/candidate.php?candidate_id=1149,MEHAL KALAN (SC),IND,0,12th Pass,https://myneta.info/image_v2.php?myneta_folder=punjab2017&candidate_id=1149&col=ta,https://myneta.info/image_v2.php?myneta_folder=punjab2017&candidate_id=1149&col=lia
307,1325,Gurmail Singh,https://myneta.info/punjab2017/candidate.php?candidate_id=1325,SANOUR,Bahujan Mukti Party,0,10th Pass,"Rs 85,000 ~ 85 Thou+",Rs 0 ~
308,1239,Gurmail Singh Kaler,https://myneta.info/punjab2017/candidate.php?candidate_id=1239,NAKODAR,Aapna Punjab Party,0,10th Pass,"Rs 23,30,500 ~ 23 Lacs+",Rs 0 ~
309,365,Gurmeet Singh,https://myneta.info/punjab2017/candidate.php?candidate_id=365,ATAM NAGAR,SAD,0,Graduate,"Rs 11,28,73,522 ~ 11 Crore+","Rs 4,22,16,357 ~ 4 Crore+"
310,788,Gurmeet Singh,https://myneta.info/punjab2017/candidate.php?candidate_id=788,DERA BASSI,BSP,0,Literate,"Rs 7,45,000 ~ 7 Lacs+","Rs 2,00,000 ~ 2 Lacs+"
311,899,Gurmeet Singh,https://myneta.info/punjab2017/candidate.php?candidate_id=899,SRI HARGOBINDPUR (SC),BSP,0,12th Pass,"Rs 5,44,757 ~ 5 Lacs+",Rs 0 ~
312,261,Gurmeet Singh Haher,https://myneta.info/punjab2017/candidate.php?candidate_id=261,BARNALA,AAP,0,Graduate Professional,"Rs 43,17,013 ~ 43 Lacs+","Rs 6,25,723 ~ 6 Lacs+"
313,693,Gurmeet Singh Ranghreta,https://myneta.info/punjab2017/candidate.php?candidate_id=693,LAMBI,Punjab Labour Party,2,12th Pass,"Rs 30,39,000 ~ 30 Lacs+","Rs 1,00,000 ~ 1 Lacs+"
314,19,Gurmeet Singh Sodhi,https://myneta.info/punjab2017/candidate.php?candidate_id=19,GURU HAR SAHAI,INC,0,10th Pass,"Rs 9,58,17,232 ~ 9 Crore+",Rs 0 ~
315,831,Gurminder Kaur,https://myneta.info/punjab2017/candidate.php?candidate_id=831,JAGRAON (SC),IND,0,Illiterate,https://myneta.info/image_v2.php?myneta_folder=punjab2017&candidate_id=831&col=ta,https://myneta.info/image_v2.php?myneta_folder=punjab2017&candidate_id=831&col=lia
316,1154,Gurmit Singh,https://myneta.info/punjab2017/candidate.php?candidate_id=1154,BHADAUR (SC),Aapna Punjab Party,0,5th Pass,"Rs 41,25,000 ~ 41 Lacs+",Rs 0 ~
317,678,Gurmit Singh,https://myneta.info/punjab2017/candidate.php?candidate_id=678,JALALABAD,Shiromani Akali Dal (A)(Simranjit Singh Mann),0,10th Pass,"Rs 5,51,300 ~ 5 Lacs+",Rs 0 ~
318,1150,Gurmit Singh,https://myneta.info/punjab2017/candidate.php?candidate_id=1150,MEHAL KALAN (SC),Aapna Punjab Party,0,10th Pass,"Rs 1,61,500 ~ 1 Lacs+",Rs 0 ~
319,836,Gurmit Singh,https://myneta.info/punjab2017/candidate.php?candidate_id=836,JAGRAON (SC),IND,0,8th Pass,"Rs 3,03,205 ~ 3 Lacs+",Rs 0 ~
320,133,Gurmukh Singh,https://myneta.info/punjab2017/candidate.php?candidate_id=133,JALANDHAR CANTT.,Shiromani Akali Dal (A)(Simranjit Singh Mann),0,Illiterate,"Rs 5,95,000 ~ 5 Lacs+",Rs 0 ~
321,673,Gurmukh Singh,https://myneta.info/punjab2017/candidate.php?candidate_id=673,GURU HAR SAHAI,BSP,0,8th Pass,"Rs 38,54,000 ~ 38 Lacs+","Rs 3,00,000 ~ 3 Lacs+"
322,127,Gurmukh Singh,https://myneta.info/punjab2017/candidate.php?candidate_id=127,KARTARPUR (SC),Democratic Bharatiya Samaj Party,0,10th Pass,"Rs 1,20,000 ~ 1 Lacs+",Rs 0 ~
323,778,Gurnaib Singh,https://myneta.info/punjab2017/candidate.php?candidate_id=778,SANGRUR,Shiromani Akali Dal (A)(Simranjit Singh Mann),0,12th Pass,"Rs 44,19,440 ~ 44 Lacs+",Rs 0 ~
324,482,Gurnam Kaur,https://myneta.info/punjab2017/candidate.php?candidate_id=482,AMRITSAR WEST (SC),CPI,1,8th Pass,https://myneta.info/image_v2.php?myneta_folder=punjab2017&candidate_id=482&col=ta,https://myneta.info/image_v2.php?myneta_folder=punjab2017&candidate_id=482&col=lia
325,1259,Gurnam Singh,https://myneta.info/punjab2017/candidate.php?candidate_id=1259,CHABBEWAL (SC),Bharatrashtra Democratic Party,0,Post Graduate,"Rs 21,20,000 ~ 21 Lacs+",Rs 0 ~
326,903,Gurnam Singh,https://myneta.info/punjab2017/candidate.php?candidate_id=903,AJNALA,Revolutionary Marxist Party of India,0,8th Pass,"Rs 1,15,96,659 ~ 1 Crore+","Rs 8,98,000 ~ 8 Lacs+"
327,318,Gurpartap Singh,https://myneta.info/punjab2017/candidate.php?candidate_id=318,DERA BABA NANAK,AAP,0,12th Pass,"Rs 4,18,25,198 ~ 4 Crore+","Rs 1,80,27,879 ~ 1 Crore+"
328,364,Gurpartap Singh Tikka,https://myneta.info/punjab2017/candidate.php?candidate_id=364,AMRITSAR SOUTH,SAD,0,12th Pass,"Rs 1,66,39,344 ~ 1 Crore+",Rs 0 ~
329,1315,Gurpinder Singh Chhina,https://myneta.info/punjab2017/candidate.php?candidate_id=1315,SANOUR,BSP,0,8th Pass,"Rs 27,00,000 ~ 27 Lacs+",Rs 0 ~
330,402,Gurpratap Singh,https://myneta.info/punjab2017/candidate.php?candidate_id=402,NAKODAR,SAD,0,Graduate Professional,"Rs 7,86,90,970 ~ 7 Crore+","Rs 80,04,755 ~ 80 Lacs+"
331,40,Gurpreet Singh,https://myneta.info/punjab2017/candidate.php?candidate_id=40,SANOUR,IND,0,10th Pass,"Rs 31,65,000 ~ 31 Lacs+","Rs 12,40,000 ~ 12 Lacs+"
332,196,Gurpreet Singh,https://myneta.info/punjab2017/candidate.php?candidate_id=196,PAYAL (SC),AAP,0,Graduate,"Rs 4,97,522 ~ 4 Lacs+",Rs 0 ~
333,174,Gurpreet Singh,https://myneta.info/punjab2017/candidate.php?candidate_id=174,BASSI PATHANA (SC),INC,0,12th Pass,https://myneta.info/image_v2.php?myneta_folder=punjab2017&candidate_id=174&col=ta,https://myneta.info/image_v2.php?myneta_folder=punjab2017&candidate_id=174&col=lia
334,211,Gurpreet Singh,https://myneta.info/punjab2017/candidate.php?candidate_id=211,ZIRA,AAP,1,12th Pass,"Rs 76,14,750 ~ 76 Lacs+","Rs 50,00,000 ~ 50 Lacs+"
335,620,Gurpreet Singh,https://myneta.info/punjab2017/candidate.php?candidate_id=620,LUDHIANA EAST,BSP,1,12th Pass,"Rs 1,16,75,000 ~ 1 Crore+","Rs 1,50,000 ~ 1 Lacs+"
336,1124,Gurpreet Singh,https://myneta.info/punjab2017/candidate.php?candidate_id=1124,JAITU (SC),IND,0,12th Pass,"Rs 11,901 ~ 11 Thou+","Rs 2,00,000 ~ 2 Lacs+"
337,604,Gurpreet Singh Bhatti,https://myneta.info/punjab2017/candidate.php?candidate_id=604,AMLOH,AAP,0,12th Pass,"Rs 31,51,01,155 ~ 31 Crore+","Rs 1,37,12,961 ~ 1 Crore+"
338,1045,Gurpreet Singh Bhatti Amampura,https://myneta.info/punjab2017/candidate.php?candidate_id=1045,AMLOH,IND,0,Graduate,"Rs 1,81,123 ~ 1 Lacs+","Rs 9,000 ~ 9 Thou+"
339,308,Gurpreet Singh Ghuggi,https://myneta.info/punjab2017/candidate.php?candidate_id=308,BATALA,AAP,0,Graduate,"Rs 14,42,98,049 ~ 14 Crore+","Rs 1,98,49,909 ~ 1 Crore+"
340,884,Gurpreet Singh Ghulli,https://myneta.info/punjab2017/candidate.php?candidate_id=884,BATALA,IND,0,12th Pass,"Rs 39,25,000 ~ 39 Lacs+","Rs 5,00,000 ~ 5 Lacs+"
341,1375,Gurpreet Singh Kangar,https://myneta.info/punjab2017/candidate.php?candidate_id=1375,RAMPURA PHUL,INC,2,Graduate,"Rs 9,36,93,264 ~ 9 Crore+","Rs 10,00,000 ~ 10 Lacs+"
342,709,Gurpreet Singh Mehraj,https://myneta.info/punjab2017/candidate.php?candidate_id=709,RAMPURA PHUL,IND,0,Post Graduate,https://myneta.info/image_v2.php?myneta_folder=punjab2017&candidate_id=709&col=ta,https://myneta.info/image_v2.php?myneta_folder=punjab2017&candidate_id=709&col=lia
343,363,Gurpreet Singh Raju Khanna,https://myneta.info/punjab2017/candidate.php?candidate_id=363,AMLOH,SAD,0,Graduate,"Rs 82,57,125 ~ 82 Lacs+","Rs 29,26,841 ~ 29 Lacs+"
344,713,Gurpreet Singh S/o Gurdeep Singh,https://myneta.info/punjab2017/candidate.php?candidate_id=713,RAMPURA PHUL,IND,0,8th Pass,"Rs 20,14,341 ~ 20 Lacs+","Rs 4,50,000 ~ 4 Lacs+"
345,1363,Gurpreet Singh S/o Makhan Singh,https://myneta.info/punjab2017/candidate.php?candidate_id=1363,ZIRA,IND,0,12th Pass,"Rs 18,02,846 ~ 18 Lacs+","Rs 18,66,000 ~ 18 Lacs+"
346,1364,Gurpreet Singh S/o Mukhtiar Singh,https://myneta.info/punjab2017/candidate.php?candidate_id=1364,ZIRA,IND,0,12th Pass,"Rs 2,38,96,008 ~ 2 Crore+","Rs 49,90,000 ~ 49 Lacs+"
347,431,Gurpreet Singh S/o Nirmal Singh,https://myneta.info/punjab2017/candidate.php?candidate_id=431,ZIRA,IND,0,Graduate,"Rs 76,55,000 ~ 76 Lacs+",Rs 0 ~
348,1374,Gurpreet Singh S/o Saudagar Singh,https://myneta.info/punjab2017/candidate.php?candidate_id=1374,RAMPURA PHUL,IND,0,10th Pass,"Rs 2,18,395 ~ 2 Lacs+","Rs 27,742 ~ 27 Thou+"
349,792,Gursewak Singh,https://myneta.info/punjab2017/candidate.php?candidate_id=792,GHANAUR,Democratic Swaraj Party,0,12th Pass,"Rs 10,80,500 ~ 10 Lacs+","Rs 3,86,000 ~ 3 Lacs+"
350,725,Gursewak Singh,https://myneta.info/punjab2017/candidate.php?candidate_id=725,BATHINDA RURAL (SC),IND,0,Illiterate,"Rs 1,88,400 ~ 1 Lacs+",Rs 0 ~
351,199,Gursharan Singh Jassal,https://myneta.info/punjab2017/candidate.php?candidate_id=199,DAKHA,JKNPP,0,8th Pass,https://myneta.info/image_v2.php?myneta_folder=punjab2017&candidate_id=199&col=ta,https://myneta.info/image_v2.php?myneta_folder=punjab2017&candidate_id=199&col=lia
352,1111,Gurtej Singh,https://myneta.info/punjab2017/candidate.php?candidate_id=1111,MALOUT (SC),CPI,0,Post Graduate,"Rs 5,86,580 ~ 5 Lacs+",Rs 0 ~
353,296,Guru Dutt Sharma,https://myneta.info/punjab2017/candidate.php?candidate_id=296,SUJANPUR,IND,0,12th Pass,"Rs 10,17,772 ~ 10 Lacs+","Rs 1,44,000 ~ 1 Lacs+"
354,139,Gurvatan Singh,https://myneta.info/punjab2017/candidate.php?candidate_id=139,MUKERIAN,Shiromani Akali Dal (A)(Simranjit Singh Mann),0,10th Pass,"Rs 34,35,000 ~ 34 Lacs+",Rs 0 ~
355,466,Gurvinder Singh,https://myneta.info/punjab2017/candidate.php?candidate_id=466,FATEHGARH CHURIAN,AAP,0,8th Pass,"Rs 4,93,60,000 ~ 4 Crore+","Rs 6,00,000 ~ 6 Lacs+"
356,1323,Gurvinder Singh,https://myneta.info/punjab2017/candidate.php?candidate_id=1323,SANOUR,IND,0,10th Pass,"Rs 4,00,62,729 ~ 4 Crore+","Rs 42,50,000 ~ 42 Lacs+"
357,1361,Gurwinder Singh,https://myneta.info/punjab2017/candidate.php?candidate_id=1361,PAYAL (SC),Shiromani Akali Dal (A)(Simranjit Singh Mann),0,12th Pass,"Rs 41,000 ~ 41 Thou+",Rs 0 ~
358,489,Gurwinder Singh,https://myneta.info/punjab2017/candidate.php?candidate_id=489,TARN TARAN,Aapna Punjab Party,1,Post Graduate,"Rs 1,45,30,000 ~ 1 Crore+",Rs 0 ~
359,1182,Haprinder Singh,https://myneta.info/punjab2017/candidate.php?candidate_id=1182,AMARGARH,IND,0,12th Pass,"Rs 3,85,000 ~ 3 Lacs+",Rs 0 ~
360,645,Harbans Singh,https://myneta.info/punjab2017/candidate.php?candidate_id=645,GILL (SC),Bahujan Mukti Party,0,Not Given,https://myneta.info/image_v2.php?myneta_folder=punjab2017&candidate_id=645&col=ta,https://myneta.info/image_v2.php?myneta_folder=punjab2017&candidate_id=645&col=lia
361,476,Harbhajan Singh,https://myneta.info/punjab2017/candidate.php?candidate_id=476,JANDIALA (SC),AAP,0,Graduate,"Rs 77,36,882 ~ 77 Lacs+","Rs 42,23,599 ~ 42 Lacs+"
362,1,Harbhajan Singh,https://myneta.info/punjab2017/candidate.php?candidate_id=1,GARHSHANKAR,CPI(M),0,10th Pass,"Rs 1,63,03,789 ~ 1 Crore+","Rs 15,00,000 ~ 15 Lacs+"
363,17,Harbhajan Singh,https://myneta.info/punjab2017/candidate.php?candidate_id=17,KHARAR,BSP,0,12th Pass,"Rs 2,45,12,686 ~ 2 Crore+","Rs 1,29,60,000 ~ 1 Crore+"
364,955,Harbhajan Singh,https://myneta.info/punjab2017/candidate.php?candidate_id=955,JANDIALA (SC),IND,0,Illiterate,"Rs 70,500 ~ 70 Thou+",Rs 0 ~
365,1379,Harbhajan Singh,https://myneta.info/punjab2017/candidate.php?candidate_id=1379,GURU HAR SAHAI,Indian Krantikari Lehar,0,5th Pass,"Rs 4,91,32,000 ~ 4 Crore+",Rs 0 ~
366,585,Harbhjn Singh,https://myneta.info/punjab2017/candidate.php?candidate_id=585,ANADPUR SAHIB,Shiromani Akali Dal (A)(Simranjit Singh Mann),0,10th Pass,"Rs 1,69,18,000 ~ 1 Crore+",Rs 0 ~
367,762,Harchand Kaur,https://myneta.info/punjab2017/candidate.php?candidate_id=762,MEHAL KALAN (SC),INC,0,10th Pass,"Rs 51,76,094 ~ 51 Lacs+","Rs 6,05,609 ~ 6 Lacs+"
368,1167,Hardeep Kumar,https://myneta.info/punjab2017/candidate.php?candidate_id=1167,BATHINDA URBAN,Jai Jawan Jai Kisan Party,0,Graduate Professional,"Rs 38,00,000 ~ 38 Lacs+","Rs 30,50,000 ~ 30 Lacs+"
369,954,Hardeep Singh,https://myneta.info/punjab2017/candidate.php?candidate_id=954,JANDIALA (SC),Bahujan Samaj Party (Ambedkar),0,Graduate Professional,https://myneta.info/image_v2.php?myneta_folder=punjab2017&candidate_id=954&col=ta,https://myneta.info/image_v2.php?myneta_folder=punjab2017&candidate_id=954&col=lia
370,4,Hardeep Singh,https://myneta.info/punjab2017/candidate.php?candidate_id=4,GIDDERBAHA,SAD,0,Graduate,"Rs 10,38,03,147 ~ 10 Crore+","Rs 2,62,77,890 ~ 2 Crore+"
371,523,Hardev Singh,https://myneta.info/punjab2017/candidate.php?candidate_id=523,SHAHKOT,INC,0,10th Pass,"Rs 18,07,77,984 ~ 18 Crore+","Rs 7,13,00,000 ~ 7 Crore+"
372,942,Hardev Singh,https://myneta.info/punjab2017/candidate.php?candidate_id=942,ATTARI (SC),Aapna Punjab Party,0,8th Pass,"Rs 30,639 ~ 30 Thou+",Rs 0 ~
373,280,Hardial Singh,https://myneta.info/punjab2017/candidate.php?candidate_id=280,RAJPURA,INC,0,Graduate,"Rs 3,10,40,406 ~ 3 Crore+","Rs 34,47,530 ~ 34 Lacs+"
374,1118,Hardip Singh Kingra,https://myneta.info/punjab2017/candidate.php?candidate_id=1118,FARIDKOT,Aapna Punjab Party,0,Post Graduate,"Rs 1,61,52,000 ~ 1 Crore+","Rs 22,00,000 ~ 22 Lacs+"
375,131,Hardwari Lal,https://myneta.info/punjab2017/candidate.php?candidate_id=131,JALANDHAR NORTH,BSP,0,12th Pass,"Rs 70,44,940 ~ 70 Lacs+",Rs 0 ~
376,1067,Hargopal Singh,https://myneta.info/punjab2017/candidate.php?candidate_id=1067,BALACHAUR,IND,0,Graduate Professional,"Rs 1,08,97,376 ~ 1 Crore+","Rs 35,15,000 ~ 35 Lacs+"
377,379,Hari Singh,https://myneta.info/punjab2017/candidate.php?candidate_id=379,DHURI,SAD,0,10th Pass,"Rs 13,39,49,000 ~ 13 Crore+","Rs 91,88,000 ~ 91 Lacs+"
378,1232,Hari Singh,https://myneta.info/punjab2017/candidate.php?candidate_id=1232,KARTARPUR (SC),IND,0,10th Pass,https://myneta.info/image_v2.php?myneta_folder=punjab2017&candidate_id=1232&col=ta,https://myneta.info/image_v2.php?myneta_folder=punjab2017&candidate_id=1232&col=lia
379,426,Hari Singh Zira,https://myneta.info/punjab2017/candidate.php?candidate_id=426,ZIRA,SAD,0,5th Pass,"Rs 5,62,02,326 ~ 5 Crore+",Rs 0 ~
380,286,Harinder Pal Singh Chandumajra,https://myneta.info/punjab2017/candidate.php?candidate_id=286,SANOUR,SAD,0,Graduate Professional,"Rs 9,11,73,927 ~ 9 Crore+","Rs 98,259 ~ 98 Thou+"
381,793,Harinder Pal Singh Mann,https://myneta.info/punjab2017/candidate.php?candidate_id=793,SANOUR,INC,0,Graduate Professional,"Rs 18,74,46,903 ~ 18 Crore+","Rs 1,32,50,739 ~ 1 Crore+"
382,1113,Harjeet Singh,https://myneta.info/punjab2017/candidate.php?candidate_id=1113,MUKTSAR,Revolutionary Marxist Party of India,0,8th Pass,"Rs 1,48,000 ~ 1 Lacs+",Rs 0 ~
383,1093,Harjeet Singh,https://myneta.info/punjab2017/candidate.php?candidate_id=1093,FAZILKA,BSP,0,10th Pass,"Rs 70,000 ~ 70 Thou+",Rs 0 ~
384,1372,Harjinder Singh,https://myneta.info/punjab2017/candidate.php?candidate_id=1372,PATTI,IND,0,12th Pass,"Rs 23,10,000 ~ 23 Lacs+","Rs 20,000 ~ 20 Thou+"
385,1019,Harjinder Singh,https://myneta.info/punjab2017/candidate.php?candidate_id=1019,CHAMKAUR SAHIB (SC),Punjab Democratic Party,0,Graduate Professional,"Rs 8,54,865 ~ 8 Lacs+","Rs 6,05,000 ~ 6 Lacs+"
386,729,Harjinder Singh,https://myneta.info/punjab2017/candidate.php?candidate_id=729,TALWANDI SABO,BSP,0,Others,"Rs 92,00,000 ~ 92 Lacs+","Rs 6,00,000 ~ 6 Lacs+"
387,496,Harjinder Singh,https://myneta.info/punjab2017/candidate.php?candidate_id=496,KHEMKARAN,IND,0,8th Pass,https://myneta.info/image_v2.php?myneta_folder=punjab2017&candidate_id=496&col=ta,https://myneta.info/image_v2.php?myneta_folder=punjab2017&candidate_id=496&col=lia
388,785,Harjit Singh Grewal,https://myneta.info/punjab2017/candidate.php?candidate_id=785,RAJPURA,BJP,0,Graduate,"Rs 3,24,65,548 ~ 3 Crore+","Rs 2,17,982 ~ 2 Lacs+"
389,577,Harjot,https://myneta.info/punjab2017/candidate.php?candidate_id=577,BANGA (SC),AAP,0,Post Graduate,"Rs 1,39,06,142 ~ 1 Crore+","Rs 15,08,980 ~ 15 Lacs+"
390,661,Harjot Kamal Singh,https://myneta.info/punjab2017/candidate.php?candidate_id=661,MOGA,INC,0,Post Graduate,"Rs 3,02,87,000 ~ 3 Crore+","Rs 1,54,24,000 ~ 1 Crore+"
391,615,Harjot Singh Bains,https://myneta.info/punjab2017/candidate.php?candidate_id=615,SAHNEWAL,AAP,0,Graduate Professional,"Rs 16,95,403 ~ 16 Lacs+",Rs 0 ~
392,545,Harkrishan Singh Walia,https://myneta.info/punjab2017/candidate.php?candidate_id=545,JALANDHAR CANTT.,AAP,0,12th Pass,"Rs 4,21,01,943 ~ 4 Crore+","Rs 59,63,300 ~ 59 Lacs+"
393,55,Harmeet Singh,https://myneta.info/punjab2017/candidate.php?candidate_id=55,TARN TARAN,SAD,0,Graduate,"Rs 4,94,23,253 ~ 4 Crore+","Rs 28,84,600 ~ 28 Lacs+"
394,1321,Harmeet Singh Pathan Majra,https://myneta.info/punjab2017/candidate.php?candidate_id=1321,SANOUR,IND,0,10th Pass,"Rs 2,56,53,020 ~ 2 Crore+","Rs 5,50,000 ~ 5 Lacs+"
395,56,Harminder Singh Gill,https://myneta.info/punjab2017/candidate.php?candidate_id=56,PATTI,INC,0,Post Graduate,"Rs 2,76,70,955 ~ 2 Crore+","Rs 19,48,409 ~ 19 Lacs+"
396,733,Harminder Singh Jassi,https://myneta.info/punjab2017/candidate.php?candidate_id=733,MAUR,INC,1,Graduate,https://myneta.info/image_v2.php?myneta_folder=punjab2017&candidate_id=733&col=ta,https://myneta.info/image_v2.php?myneta_folder=punjab2017&candidate_id=733&col=lia
397,1052,Harnek Singh Diwana ,https://myneta.info/punjab2017/candidate.php?candidate_id=1052,BASSI PATHANA (SC),IND,0,Graduate Professional,"Rs 1,16,000 ~ 1 Lacs+",Rs 0 ~
398,1123,Harpal Singh,https://myneta.info/punjab2017/candidate.php?candidate_id=1123,JAITU (SC),Aapna Punjab Party,0,Doctorate,"Rs 1,92,16,053 ~ 1 Crore+","Rs 24,10,558 ~ 24 Lacs+"
399,749,Harpal Singh,https://myneta.info/punjab2017/candidate.php?candidate_id=749,DIRBA (SC),AAP,0,Graduate Professional,"Rs 66,17,000 ~ 66 Lacs+",Rs 0 ~
400,735,Harpal Singh,https://myneta.info/punjab2017/candidate.php?candidate_id=735,MAUR,Aapna Punjab Party,0,12th Pass,"Rs 13,51,000 ~ 13 Lacs+",Rs 0 ~
401,1362,Harpartap Singh ,https://myneta.info/punjab2017/candidate.php?candidate_id=1362,AJNALA,INC,0,Graduate Professional,"Rs 46,21,12,388 ~ 46 Crore+",Rs 0 ~
402,384,Harpreet Kaur,https://myneta.info/punjab2017/candidate.php?candidate_id=384,GHANAUR,SAD,0,12th Pass,"Rs 6,15,27,101 ~ 6 Crore+","Rs 1,05,315 ~ 1 Lacs+"
403,902,Harpreet Singh,https://myneta.info/punjab2017/candidate.php?candidate_id=902,AJNALA,Bahujan Mukti Party,0,5th Pass,"Rs 89,46,000 ~ 89 Lacs+",Rs 0 ~
404,374,Harpreet Singh,https://myneta.info/punjab2017/candidate.php?candidate_id=374,BHUCHO MANDI (SC),SAD,0,Graduate Professional,"Rs 78,67,698 ~ 78 Lacs+",Rs 0 ~
405,1254,Harshdeep Singh Sandhu,https://myneta.info/punjab2017/candidate.php?candidate_id=1254,SHAHKOT,Aapna Punjab Party,0,8th Pass,https://myneta.info/image_v2.php?myneta_folder=punjab2017&candidate_id=1254&col=ta,https://myneta.info/image_v2.php?myneta_folder=punjab2017&candidate_id=1254&col=lia
406,1172,Harvinder Singh,https://myneta.info/punjab2017/candidate.php?candidate_id=1172,MAUR,CPI(ML)(L),0,12th Pass,"Rs 74,500 ~ 74 Thou+",Rs 0 ~
407,719,Harvinder Singh,https://myneta.info/punjab2017/candidate.php?candidate_id=719,BATHINDA URBAN,Shiromani Akali Dal (A)(Simranjit Singh Mann),0,12th Pass,"Rs 13,58,000 ~ 13 Lacs+","Rs 30,000 ~ 30 Thou+"
408,1213,Harvinder Singh,https://myneta.info/punjab2017/candidate.php?candidate_id=1213,JALANDHAR CANTT.,Democratic Party of India,1,10th Pass,"Rs 5,42,000 ~ 5 Lacs+",Rs 0 ~
409,723,Harvinder Singh Laddi,https://myneta.info/punjab2017/candidate.php?candidate_id=723,BATHINDA RURAL (SC),INC,0,Post Graduate,"Rs 85,45,254 ~ 85 Lacs+","Rs 6,46,201 ~ 6 Lacs+"
410,650,Harvinder Singh Phoolka,https://myneta.info/punjab2017/candidate.php?candidate_id=650,DAKHA,AAP,0,Graduate Professional,"Rs 10,46,10,552 ~ 10 Crore+","Rs 89,26,886 ~ 89 Lacs+"
411,748,Harwinder Singh,https://myneta.info/punjab2017/candidate.php?candidate_id=748,DIRBA (SC),BSP,1,10th Pass,"Rs 7,16,350 ~ 7 Lacs+",Rs 0 ~
412,842,Hem Raj Aggarwal,https://myneta.info/punjab2017/candidate.php?candidate_id=842,LUDHIANA NORTH,IND,0,10th Pass,"Rs 9,62,60,175 ~ 9 Crore+","Rs 24,57,663 ~ 24 Lacs+"
413,959,Himmat Singh,https://myneta.info/punjab2017/candidate.php?candidate_id=959,MAJITHA,IND,0,10th Pass,"Rs 30,78,000 ~ 30 Lacs+",Rs 0 ~
414,91,Himmat Singh Shergill,https://myneta.info/punjab2017/candidate.php?candidate_id=91,MAJITHA,AAP,0,Graduate Professional,https://myneta.info/image_v2.php?myneta_folder=punjab2017&candidate_id=91&col=ta,https://myneta.info/image_v2.php?myneta_folder=punjab2017&candidate_id=91&col=lia
415,395,Hira Singh Gabria,https://myneta.info/punjab2017/candidate.php?candidate_id=395,LUDHIANA SOUTH,SAD,0,10th Pass,"Rs 2,48,04,926 ~ 2 Crore+","Rs 48,02,211 ~ 48 Lacs+"
416,1055,Hitesh Kumar Pathak ,https://myneta.info/punjab2017/candidate.php?candidate_id=1055,NAWAN SHAHR,CPI(M),0,Post Graduate,"Rs 2,69,85,006 ~ 2 Crore+","Rs 67,09,000 ~ 67 Lacs+"
417,409,Inder Iqbal Singh,https://myneta.info/punjab2017/candidate.php?candidate_id=409,RAIKOT (SC),SAD,0,10th Pass,"Rs 5,86,37,345 ~ 5 Crore+","Rs 2,09,75,166 ~ 2 Crore+"
418,463,Inder Sekhri,https://myneta.info/punjab2017/candidate.php?candidate_id=463,BATALA,Aapna Punjab Party,0,Post Graduate,"Rs 8,54,67,128 ~ 8 Crore+","Rs 4,77,96,217 ~ 4 Crore+"
419,807,Inderbir Singh Bolaria,https://myneta.info/punjab2017/candidate.php?candidate_id=807,AMRITSAR SOUTH,INC,0,Graduate,"Rs 3,79,55,311 ~ 3 Crore+","Rs 77,74,195 ~ 77 Lacs+"
420,102,Inderbir Singh Nijjar,https://myneta.info/punjab2017/candidate.php?candidate_id=102,AMRITSAR SOUTH,AAP,0,Post Graduate,"Rs 23,85,47,940 ~ 23 Crore+","Rs 1,42,29,118 ~ 1 Crore+"
421,521,Inderjit Kaur,https://myneta.info/punjab2017/candidate.php?candidate_id=521,NAKODAR,Bahujan Samaj Party (Ambedkar),0,Illiterate,"Rs 10,500 ~ 10 Thou+",Rs 0 ~
422,949,Inderjit Singh,https://myneta.info/punjab2017/candidate.php?candidate_id=949,PAYAL (SC),Democratic Swaraj Party,0,Post Graduate,"Rs 20,000 ~ 20 Thou+","Rs 1,000 ~ 1 Thou+"
423,1378,Iqbal Singh,https://myneta.info/punjab2017/candidate.php?candidate_id=1378,GURU HAR SAHAI,Shiromani Akali Dal (A)(Simranjit Singh Mann),0,10th Pass,https://myneta.info/image_v2.php?myneta_folder=punjab2017&candidate_id=1378&col=ta,https://myneta.info/image_v2.php?myneta_folder=punjab2017&candidate_id=1378&col=lia
424,362,Iqbal Singh Jhundan,https://myneta.info/punjab2017/candidate.php?candidate_id=362,AMARGARH,SAD,0,Graduate Professional,"Rs 11,45,10,448 ~ 11 Crore+","Rs 13,22,000 ~ 13 Lacs+"
425,406,Ishar Singh,https://myneta.info/punjab2017/candidate.php?candidate_id=406,PAYAL (SC),SAD,0,Graduate,"Rs 2,36,05,326 ~ 2 Crore+","Rs 45,50,000 ~ 45 Lacs+"
426,522,Jagbir Singh Brar,https://myneta.info/punjab2017/candidate.php?candidate_id=522,NAKODAR,INC,0,Graduate Professional,"Rs 6,70,93,132 ~ 6 Crore+","Rs 1,91,88,548 ~ 1 Crore+"
427,1108,Jagdeep Singh,https://myneta.info/punjab2017/candidate.php?candidate_id=1108,GIDDERBAHA,AAP,0,10th Pass,"Rs 78,20,743 ~ 78 Lacs+","Rs 93,29,031 ~ 93 Lacs+"
428,701,Jagdeep Singh,https://myneta.info/punjab2017/candidate.php?candidate_id=701,MUKTSAR,AAP,0,8th Pass,"Rs 8,70,88,218 ~ 8 Crore+","Rs 70,40,269 ~ 70 Lacs+"
429,1159,Jagdeep Singh,https://myneta.info/punjab2017/candidate.php?candidate_id=1159,BHADAUR (SC),CPI(ML)Red Star,0,5th Pass,"Rs 2,71,000 ~ 2 Lacs+",Rs 0 ~
430,397,Jagdeep Singh Nakai,https://myneta.info/punjab2017/candidate.php?candidate_id=397,MANSA,SAD,0,Post Graduate,"Rs 12,62,75,478 ~ 12 Crore+","Rs 2,33,80,676 ~ 2 Crore+"
431,732,Jagdev Singh,https://myneta.info/punjab2017/candidate.php?candidate_id=732,MAUR,AAP,0,10th Pass,"Rs 4,27,81,630 ~ 4 Crore+","Rs 22,56,673 ~ 22 Lacs+"
432,1309,Jagdish Kumar,https://myneta.info/punjab2017/candidate.php?candidate_id=1309,RAJPURA,IND,0,12th Pass,https://myneta.info/image_v2.php?myneta_folder=punjab2017&candidate_id=1309&col=ta,https://myneta.info/image_v2.php?myneta_folder=punjab2017&candidate_id=1309&col=lia
433,569,Jagdish Singh,https://myneta.info/punjab2017/candidate.php?candidate_id=569,CHABBEWAL (SC),Shiromani Akali Dal (A)(Simranjit Singh Mann),0,8th Pass,"Rs 23,41,000 ~ 23 Lacs+",Rs 0 ~
434,1377,Jagdish Singh,https://myneta.info/punjab2017/candidate.php?candidate_id=1377,CHAMKAUR SAHIB (SC),IND,0,10th Pass,"Rs 12,43,000 ~ 12 Lacs+",Rs 0 ~
435,993,Jagga Singh ,https://myneta.info/punjab2017/candidate.php?candidate_id=993,DHARAMKOT,BSP,0,10th Pass,"Rs 7,01,005 ~ 7 Lacs+",Rs 0 ~
436,1291,Jagjeet Singh,https://myneta.info/punjab2017/candidate.php?candidate_id=1291,GHANAUR,BSP,0,10th Pass,"Rs 41,41,500 ~ 41 Lacs+","Rs 2,50,000 ~ 2 Lacs+"
437,328,Jagjot Singh Dhillon,https://myneta.info/punjab2017/candidate.php?candidate_id=328,RAJA SANSI,AAP,0,12th Pass,"Rs 11,75,880 ~ 11 Lacs+",Rs 0 ~
438,1046,Jagmeet Singh Sahota ,https://myneta.info/punjab2017/candidate.php?candidate_id=1046,AMLOH,IND,0,Graduate Professional,"Rs 4,55,15,369 ~ 4 Crore+","Rs 23,00,000 ~ 23 Lacs+"
439,1263,Jagmohan Singh,https://myneta.info/punjab2017/candidate.php?candidate_id=1263,DASUYA,IND,2,8th Pass,"Rs 1,48,32,779 ~ 1 Crore+","Rs 48,50,656 ~ 48 Lacs+"
440,592,Jagmohan Singh Kang,https://myneta.info/punjab2017/candidate.php?candidate_id=592,KHARAR,INC,0,Post Graduate,"Rs 22,80,69,000 ~ 22 Crore+","Rs 10,99,000 ~ 10 Lacs+"
441,555,Jagpreet Singh Sahi,https://myneta.info/punjab2017/candidate.php?candidate_id=555,DASUYA,BSP,0,12th Pass,https://myneta.info/image_v2.php?myneta_folder=punjab2017&candidate_id=555&col=ta,https://myneta.info/image_v2.php?myneta_folder=punjab2017&candidate_id=555&col=lia
442,1128,Jagroop Singh,https://myneta.info/punjab2017/candidate.php?candidate_id=1128,KOTKAPURA,National Adhikar Insaf Party,0,12th Pass,"Rs 89,75,988 ~ 89 Lacs+",Rs 0 ~
443,846,Jagroop Singh Karara,https://myneta.info/punjab2017/candidate.php?candidate_id=846,LUDHIANA WEST,RPI(A),0,10th Pass,"Rs 1,70,877 ~ 1 Lacs+",Rs 0 ~
444,695,Jagrup Singh,https://myneta.info/punjab2017/candidate.php?candidate_id=695,GIDDERBAHA,CPI,0,Graduate,"Rs 70,52,768 ~ 70 Lacs+",Rs 0 ~
445,240,Jagsir Singh,https://myneta.info/punjab2017/candidate.php?candidate_id=240,BHUCHO MANDI (SC),AAP,0,10th Pass,"Rs 53,34,050 ~ 53 Lacs+","Rs 8,49,815 ~ 8 Lacs+"
446,720,Jagsir Singh,https://myneta.info/punjab2017/candidate.php?candidate_id=720,BATHINDA RURAL (SC),IND,0,10th Pass,"Rs 36,000 ~ 36 Thou+",Rs 0 ~
447,753,Jagtar Singh,https://myneta.info/punjab2017/candidate.php?candidate_id=753,DIRBA (SC),Aapna Punjab Party,0,8th Pass,"Rs 1,06,30,000 ~ 1 Crore+",Rs 0 ~
448,798,Jagtar Singh,https://myneta.info/punjab2017/candidate.php?candidate_id=798,SAMANA,AAP,0,Graduate,"Rs 1,79,88,650 ~ 1 Crore+","Rs 35,67,289 ~ 35 Lacs+"
449,1367,Jagtar Singh,https://myneta.info/punjab2017/candidate.php?candidate_id=1367,NABHA (SC),BSP,0,10th Pass,"Rs 56,30,000 ~ 56 Lacs+",Rs 0 ~
450,998,Jagtar Singh,https://myneta.info/punjab2017/candidate.php?candidate_id=998,MOGA,IND,0,10th Pass,https://myneta.info/image_v2.php?myneta_folder=punjab2017&candidate_id=998&col=ta,https://myneta.info/image_v2.php?myneta_folder=punjab2017&candidate_id=998&col=lia
451,856,Jagtar Singh,https://myneta.info/punjab2017/candidate.php?candidate_id=856,PAYAL (SC),IND,0,10th Pass,"Rs 23,15,535 ~ 23 Lacs+",Rs 0 ~
452,410,Jagtar Singh,https://myneta.info/punjab2017/candidate.php?candidate_id=410,RAIKOT (SC),AAP,0,Others,"Rs 28,89,110 ~ 28 Lacs+","Rs 6,35,000 ~ 6 Lacs+"
453,727,Jagtar Singh,https://myneta.info/punjab2017/candidate.php?candidate_id=727,BATHINDA RURAL (SC),AITC,0,12th Pass,"Rs 17,58,915 ~ 17 Lacs+","Rs 1,00,000 ~ 1 Lacs+"
454,937,Jagtar Singh Gill,https://myneta.info/punjab2017/candidate.php?candidate_id=937,ATTARI (SC),Democratic Swaraj Party,0,12th Pass,"Rs 97,000 ~ 97 Thou+",Rs 0 ~
455,965,Jagvir Singh,https://myneta.info/punjab2017/candidate.php?candidate_id=965,SAHNEWAL,Sada Punjab Party,0,8th Pass,"Rs 5,45,000 ~ 5 Lacs+",Rs 0 ~
456,594,Jagwinder Singh,https://myneta.info/punjab2017/candidate.php?candidate_id=594,KHARAR,Shiromani Akali Dal (A)(Simranjit Singh Mann),0,12th Pass,"Rs 18,04,625 ~ 18 Lacs+",Rs 0 ~
457,1270,Jai Gopal Dhiman,https://myneta.info/punjab2017/candidate.php?candidate_id=1270,GARHSHANKAR,IND,0,Graduate Professional,"Rs 16,79,000 ~ 16 Lacs+","Rs 2,65,000 ~ 2 Lacs+"
458,570,Jai Krishan,https://myneta.info/punjab2017/candidate.php?candidate_id=570,GARHSHANKAR,AAP,0,12th Pass,"Rs 57,02,300 ~ 57 Lacs+","Rs 6,00,000 ~ 6 Lacs+"
459,1283,Jangi Lal Mahajan,https://myneta.info/punjab2017/candidate.php?candidate_id=1283,MUKERIAN,IND,0,10th Pass,https://myneta.info/image_v2.php?myneta_folder=punjab2017&candidate_id=1283&col=ta,https://myneta.info/image_v2.php?myneta_folder=punjab2017&candidate_id=1283&col=lia
460,398,Janmeja Singh,https://myneta.info/punjab2017/candidate.php?candidate_id=398,MAUR,SAD,0,12th Pass,"Rs 12,58,26,000 ~ 12 Crore+","Rs 5,83,37,000 ~ 5 Crore+"
461,1012,Jarmanjit Singh,https://myneta.info/punjab2017/candidate.php?candidate_id=1012,NIHAL SINGH WALA (SC),Democratic Swaraj Party,0,Graduate,"Rs 77,40,343 ~ 77 Lacs+","Rs 17,35,969 ~ 17 Lacs+"
462,158,Jarnail Singh,https://myneta.info/punjab2017/candidate.php?candidate_id=158,BALACHAUR,Aapna Punjab Party,2,Graduate Professional,"Rs 2,86,53,492 ~ 2 Crore+","Rs 71,02,751 ~ 71 Lacs+"
463,1296,Jarnail Singh,https://myneta.info/punjab2017/candidate.php?candidate_id=1296,NABHA (SC),Aapna Punjab Party,0,10th Pass,"Rs 2,17,81,386 ~ 2 Crore+","Rs 4,79,086 ~ 4 Lacs+"
464,253,Jarnail Singh,https://myneta.info/punjab2017/candidate.php?candidate_id=253,SUNAM,CPI(M),0,8th Pass,"Rs 65,83,762 ~ 65 Lacs+","Rs 1,50,000 ~ 1 Lacs+"
465,114,Jarnail Singh,https://myneta.info/punjab2017/candidate.php?candidate_id=114,PHAGWARA (SC),AAP,0,12th Pass,"Rs 35,18,622 ~ 35 Lacs+",Rs 0 ~
466,688,Jarnail Singh,https://myneta.info/punjab2017/candidate.php?candidate_id=688,LAMBI,AAP,1,Post Graduate,"Rs 1,29,45,630 ~ 1 Crore+",Rs 0 ~
467,403,Jarnail Singh Wahid,https://myneta.info/punjab2017/candidate.php?candidate_id=403,NAWAN SHAHR,SAD,0,Graduate Professional,"Rs 12,38,58,000 ~ 12 Crore+","Rs 2,17,89,000 ~ 2 Crore+"
468,892,Jasbir Singh,https://myneta.info/punjab2017/candidate.php?candidate_id=892,DERA BABA NANAK,BSP,0,5th Pass,https://myneta.info/image_v2.php?myneta_folder=punjab2017&candidate_id=892&col=ta,https://myneta.info/image_v2.php?myneta_folder=punjab2017&candidate_id=892&col=lia
469,1300,Jasbir Singh,https://myneta.info/punjab2017/candidate.php?candidate_id=1300,PATIALA RURAL,IND,1,10th Pass,"Rs 5,03,40,000 ~ 5 Crore+",Rs 0 ~
470,247,Jaskaran Singh Kahan Singh Wala,https://myneta.info/punjab2017/candidate.php?candidate_id=247,MANSA,Shiromani Akali Dal (A)(Simranjit Singh Mann),0,Post Graduate,"Rs 33,64,000 ~ 33 Lacs+",Rs 0 ~
471,1162,Jaspal Singh,https://myneta.info/punjab2017/candidate.php?candidate_id=1162,BARNALA,Bahujan Mukti Party,0,8th Pass,"Rs 21,92,800 ~ 21 Lacs+",Rs 0 ~
472,800,Jaspal Singh,https://myneta.info/punjab2017/candidate.php?candidate_id=800,SAMANA,IND,0,Illiterate,"Rs 11,16,285 ~ 11 Lacs+",Rs 0 ~
473,1275,Jaspreet Kaur,https://myneta.info/punjab2017/candidate.php?candidate_id=1275,HOSHIARPUR,Democratic Party of India (Ambedkar),0,12th Pass,"Rs 12,825 ~ 12 Thou+",Rs 0 ~
474,30,Jasveer Singh,https://myneta.info/punjab2017/candidate.php?candidate_id=30,SARDULGARH,BSP,0,5th Pass,"Rs 3,16,880 ~ 3 Lacs+",Rs 0 ~
475,26,Jasvir Kaur,https://myneta.info/punjab2017/candidate.php?candidate_id=26,PATIALA RURAL,IND,0,Graduate Professional,"Rs 25,85,466 ~ 25 Lacs+","Rs 18,040 ~ 18 Thou+"
476,833,Jasvir Singh,https://myneta.info/punjab2017/candidate.php?candidate_id=833,JAGRAON (SC),Aapna Punjab Party,0,10th Pass,"Rs 1,90,000 ~ 1 Lacs+",Rs 0 ~
477,252,Jasvir Singh,https://myneta.info/punjab2017/candidate.php?candidate_id=252,LEHRA,AAP,0,12th Pass,https://myneta.info/image_v2.php?myneta_folder=punjab2017&candidate_id=252&col=ta,https://myneta.info/image_v2.php?myneta_folder=punjab2017&candidate_id=252&col=lia
478,141,Jasvir Singh Gill,https://myneta.info/punjab2017/candidate.php?candidate_id=141,URMAR,AAP,1,12th Pass,"Rs 2,46,44,571 ~ 2 Crore+",Rs 0 ~
479,769,Jasvir Singh Jassi Sekhon,https://myneta.info/punjab2017/candidate.php?candidate_id=769,DHURI,AAP,0,12th Pass,"Rs 1,31,67,709 ~ 1 Crore+","Rs 10,00,000 ~ 10 Lacs+"
480,269,Jaswant Singh,https://myneta.info/punjab2017/candidate.php?candidate_id=269,AMARGARH,Lok Insaaf Party,0,Post Graduate,"Rs 20,41,82,531 ~ 20 Crore+",Rs 0 ~
481,621,Jaswant Singh,https://myneta.info/punjab2017/candidate.php?candidate_id=621,LUDHIANA EAST,Shiromani Akali Dal (A)(Simranjit Singh Mann),1,8th Pass,"Rs 1,52,65,000 ~ 1 Crore+","Rs 50,00,000 ~ 50 Lacs+"
482,333,Jaswant Singh,https://myneta.info/punjab2017/candidate.php?candidate_id=333,AMRITSAR WEST (SC),BSP,1,12th Pass,"Rs 79,00,000 ~ 79 Lacs+","Rs 5,00,000 ~ 5 Lacs+"
483,1142,Jaswant Singh,https://myneta.info/punjab2017/candidate.php?candidate_id=1142,SARDULGARH,Aapna Punjab Party,0,8th Pass,"Rs 6,61,400 ~ 6 Lacs+",Rs 0 ~
484,1175,Jaswant Singh Sidhu,https://myneta.info/punjab2017/candidate.php?candidate_id=1175,RAMPURA PHUL,IND,0,5th Pass,"Rs 1,31,15,000 ~ 1 Crore+","Rs 8,50,000 ~ 8 Lacs+"
485,1039,Jaswinder Singh,https://myneta.info/punjab2017/candidate.php?candidate_id=1039,S.A.S. NAGAR,AITC,0,10th Pass,"Rs 56,52,000 ~ 56 Lacs+",Rs 0 ~
486,651,Jaswinder Singh,https://myneta.info/punjab2017/candidate.php?candidate_id=651,DAKHA,BSP,0,12th Pass,https://myneta.info/image_v2.php?myneta_folder=punjab2017&candidate_id=651&col=ta,https://myneta.info/image_v2.php?myneta_folder=punjab2017&candidate_id=651&col=lia
487,1125,Jaswinder Singh,https://myneta.info/punjab2017/candidate.php?candidate_id=1125,JAITU (SC),IND,0,Literate,"Rs 7,56,250 ~ 7 Lacs+",Rs 0 ~
488,487,Jaswinder Singh,https://myneta.info/punjab2017/candidate.php?candidate_id=487,ATTARI (SC),AAP,0,Graduate,"Rs 12,74,603 ~ 12 Lacs+","Rs 3,00,700 ~ 3 Lacs+"
489,722,Jaswinder Singh Gill,https://myneta.info/punjab2017/candidate.php?candidate_id=722,BATHINDA RURAL (SC),Aapna Punjab Party,0,Graduate,"Rs 58,000 ~ 58 Thou+","Rs 1,50,000 ~ 1 Lacs+"
490,242,Jatinder Roy Khattar,https://myneta.info/punjab2017/candidate.php?candidate_id=242,BATHINDA URBAN,Aapna Punjab Party,0,Post Graduate,"Rs 50,67,961 ~ 50 Lacs+","Rs 84,327 ~ 84 Thou+"
491,503,Jatinder Singh Pannu,https://myneta.info/punjab2017/candidate.php?candidate_id=503,PATTI,Bahujan Samaj Party (Ambedkar),0,10th Pass,"Rs 11,000 ~ 11 Thou+",Rs 0 ~
492,1295,Jeet Ram,https://myneta.info/punjab2017/candidate.php?candidate_id=1295,NABHA (SC),IND,0,8th Pass,"Rs 22,98,303 ~ 22 Lacs+",Rs 0 ~
493,844,Jeet Sharma,https://myneta.info/punjab2017/candidate.php?candidate_id=844,LUDHIANA NORTH,JKNPP,0,5th Pass,"Rs 10,55,000 ~ 10 Lacs+",Rs 0 ~
494,418,Jeetmohinder Singh Sidhu,https://myneta.info/punjab2017/candidate.php?candidate_id=418,TALWANDI SABO,SAD,1,Graduate Professional,"Rs 11,87,53,834 ~ 11 Crore+","Rs 20,56,796 ~ 20 Lacs+"
495,915,Jeewan,https://myneta.info/punjab2017/candidate.php?candidate_id=915,AMRITSAR NORTH,IND,0,Graduate,https://myneta.info/image_v2.php?myneta_folder=punjab2017&candidate_id=915&col=ta,https://myneta.info/image_v2.php?myneta_folder=punjab2017&candidate_id=915&col=lia
496,194,Jiwan Singh,https://myneta.info/punjab2017/candidate.php?candidate_id=194,GILL (SC),AAP,0,10th Pass,"Rs 87,00,223 ~ 87 Lacs+",Rs 0 ~
497,404,Joginder Jaswant Singh,https://myneta.info/punjab2017/candidate.php?candidate_id=404,PATIALA,SAD,0,Post Graduate,"Rs 7,02,92,523 ~ 7 Crore+","Rs 16,42,943 ~ 16 Lacs+"
498,639,Joginder Lal,https://myneta.info/punjab2017/candidate.php?candidate_id=639,LUDHIANA NORTH,Bahujan Mukti Party,0,12th Pass,"Rs 23,13,228 ~ 23 Lacs+",Rs 0 ~
499,299,Joginder Pal,https://myneta.info/punjab2017/candidate.php?candidate_id=299,BHOA (SC),INC,1,10th Pass,"Rs 6,41,64,573 ~ 6 Crore+","Rs 65,60,780 ~ 65 Lacs+"
500,1075,Joginder Singh,https://myneta.info/punjab2017/candidate.php?candidate_id=1075,FEROZEPUR RURAL (SC),IND,0,12th Pass,"Rs 1,30,000 ~ 1 Lacs+",Rs 0 ~
501,1107,Joginder Singh,https://myneta.info/punjab2017/candidate.php?candidate_id=1107,JALALABAD,IND,0,8th Pass,"Rs 42,74,339 ~ 42 Lacs+",Rs 0 ~
502,453,Joginder Singh,https://myneta.info/punjab2017/candidate.php?candidate_id=453,DINA NAGAR (SC),AAP,0,Others,"Rs 1,15,46,360 ~ 1 Crore+","Rs 2,50,000 ~ 2 Lacs+"
503,28,Joginder Singh,https://myneta.info/punjab2017/candidate.php?candidate_id=28,FEROZEPUR RURAL (SC),SAD,0,8th Pass,"Rs 1,09,06,559 ~ 1 Crore+","Rs 17,71,428 ~ 17 Lacs+"
504,825,Joginder Singh,https://myneta.info/punjab2017/candidate.php?candidate_id=825,DAKHA,Shiromani Akali Dal (A)(Simranjit Singh Mann),0,5th Pass,https://myneta.info/image_v2.php?myneta_folder=punjab2017&candidate_id=825&col=ta,https://myneta.info/image_v2.php?myneta_folder=punjab2017&candidate_id=825&col=lia
505,439,Joginder Singh Mann,https://myneta.info/punjab2017/candidate.php?candidate_id=439,PHAGWARA (SC),INC,0,12th Pass,"Rs 94,33,562 ~ 94 Lacs+","Rs 20,79,594 ~ 20 Lacs+"
506,591,Jorawar Singh,https://myneta.info/punjab2017/candidate.php?candidate_id=591,RUPNAGAR,Democratic Swaraj Party,0,10th Pass,"Rs 16,50,000 ~ 16 Lacs+","Rs 8,00,000 ~ 8 Lacs+"
507,128,Jugal Kishore,https://myneta.info/punjab2017/candidate.php?candidate_id=128,JALANDHAR WEST (SC),Aapna Punjab Party,0,Others,"Rs 36,13,000 ~ 36 Lacs+",Rs 0 ~
508,539,K D Bhandari,https://myneta.info/punjab2017/candidate.php?candidate_id=539,JALANDHAR NORTH,BJP,0,Graduate,"Rs 2,86,63,196 ~ 2 Crore+",Rs 0 ~
509,1132,Kala Singh,https://myneta.info/punjab2017/candidate.php?candidate_id=1132,BUDHALADA (SC),IND,0,Illiterate,"Rs 11,77,253 ~ 11 Lacs+",Rs 0 ~
510,635,Kamal Chatly,https://myneta.info/punjab2017/candidate.php?candidate_id=635,LUDHIANA WEST,BJP,0,10th Pass,"Rs 12,09,19,800 ~ 12 Crore+",Rs 0 ~
511,627,Kamal Jit Singh Karwal,https://myneta.info/punjab2017/candidate.php?candidate_id=627,ATAM NAGAR,INC,1,10th Pass,"Rs 1,58,86,867 ~ 1 Crore+",Rs 0 ~
512,948,Kamaljit Singh,https://myneta.info/punjab2017/candidate.php?candidate_id=948,BABA BAKALA (SC),Democratic Swaraj Party,0,Illiterate,"Rs 36,45,000 ~ 36 Lacs+","Rs 3,00,000 ~ 3 Lacs+"
513,1041,Kamaljot Kaur ,https://myneta.info/punjab2017/candidate.php?candidate_id=1041,S.A.S. NAGAR,IND,0,Post Graduate,https://myneta.info/image_v2.php?myneta_folder=punjab2017&candidate_id=1041&col=ta,https://myneta.info/image_v2.php?myneta_folder=punjab2017&candidate_id=1041&col=lia
514,77,Kanwal Preet Singh,https://myneta.info/punjab2017/candidate.php?candidate_id=77,QADIAN,AAP,3,Graduate,"Rs 77,22,196 ~ 77 Lacs+","Rs 63,41,920 ~ 63 Lacs+"
515,582,Kanwar Pal Singh,https://myneta.info/punjab2017/candidate.php?candidate_id=582,ANADPUR SAHIB,INC,0,Graduate Professional,"Rs 5,34,56,127 ~ 5 Crore+","Rs 1,66,00,000 ~ 1 Crore+"
516,593,Kanwar Sandhu,https://myneta.info/punjab2017/candidate.php?candidate_id=593,KHARAR,AAP,1,Post Graduate,"Rs 4,62,34,584 ~ 4 Crore+","Rs 28,03,166 ~ 28 Lacs+"
517,401,Kanwarjit Singh,https://myneta.info/punjab2017/candidate.php?candidate_id=401,MUKTSAR,SAD,0,12th Pass,"Rs 3,54,63,815 ~ 3 Crore+","Rs 88,86,890 ~ 88 Lacs+"
518,1008,Karam Chand,https://myneta.info/punjab2017/candidate.php?candidate_id=1008,NIHAL SINGH WALA (SC),IND,0,Graduate Professional,"Rs 5,96,552 ~ 5 Lacs+",Rs 0 ~
519,511,Karam Singh,https://myneta.info/punjab2017/candidate.php?candidate_id=511,KHADOOR SAHIB,Shiromani Akali Dal (A)(Simranjit Singh Mann),2,10th Pass,"Rs 34,500 ~ 34 Thou+",Rs 0 ~
520,1281,Karamjit Singh,https://myneta.info/punjab2017/candidate.php?candidate_id=1281,MUKERIAN,BSP,0,12th Pass,"Rs 44,19,820 ~ 44 Lacs+","Rs 8,00,000 ~ 8 Lacs+"
521,708,Karamjit Singh,https://myneta.info/punjab2017/candidate.php?candidate_id=708,RAMPURA PHUL,IND,0,10th Pass,"Rs 1,24,33,524 ~ 1 Crore+","Rs 14,00,000 ~ 14 Lacs+"
522,1153,Karamjit Singh,https://myneta.info/punjab2017/candidate.php?candidate_id=1153,BHADAUR (SC),BSP,0,5th Pass,https://myneta.info/image_v2.php?myneta_folder=punjab2017&candidate_id=1153&col=ta,https://myneta.info/image_v2.php?myneta_folder=punjab2017&candidate_id=1153&col=lia
523,1179,Karamjit Singh,https://myneta.info/punjab2017/candidate.php?candidate_id=1179,TALWANDI SABO,IND,0,10th Pass,"Rs 1,42,679 ~ 1 Lacs+",Rs 0 ~
524,198,Karan Kangra,https://myneta.info/punjab2017/candidate.php?candidate_id=198,PAYAL (SC),IND,3,10th Pass,"Rs 56,05,150 ~ 56 Lacs+","Rs 26,00,000 ~ 26 Lacs+"
525,700,Karan Kaur,https://myneta.info/punjab2017/candidate.php?candidate_id=700,MUKTSAR,INC,0,Graduate,"Rs 1,19,41,22,210 ~ 119 Crore+","Rs 3,27,00,000 ~ 3 Crore+"
526,880,Karnail Chand,https://myneta.info/punjab2017/candidate.php?candidate_id=880,SUJANPUR,BSP,0,5th Pass,"Rs 3,85,90,000 ~ 3 Crore+","Rs 14,01,750 ~ 14 Lacs+"
527,1189,Karnail Singh,https://myneta.info/punjab2017/candidate.php?candidate_id=1189,AMARGARH,Shiromani Akali Dal (A)(Simranjit Singh Mann),0,Graduate Professional,"Rs 80,11,503 ~ 80 Lacs+","Rs 7,95,293 ~ 7 Lacs+"
528,1373,Kartar Singh,https://myneta.info/punjab2017/candidate.php?candidate_id=1373,PATTI,IND,0,10th Pass,"Rs 67,19,000 ~ 67 Lacs+",Rs 0 ~
529,492,Kartar Singh,https://myneta.info/punjab2017/candidate.php?candidate_id=492,TARN TARAN,AAP,0,Graduate,"Rs 3,00,22,519 ~ 3 Crore+","Rs 9,62,478 ~ 9 Lacs+"
530,828,Kartinder Pal Singh,https://myneta.info/punjab2017/candidate.php?candidate_id=828,GILL (SC),IND,0,12th Pass,"Rs 8,77,05,585 ~ 8 Crore+",Rs 0 ~
531,452,Kashmir Chand,https://myneta.info/punjab2017/candidate.php?candidate_id=452,DINA NAGAR (SC),IND,0,12th Pass,https://myneta.info/image_v2.php?myneta_folder=punjab2017&candidate_id=452&col=ta,https://myneta.info/image_v2.php?myneta_folder=punjab2017&candidate_id=452&col=lia
532,1078,Kashmir Singh,https://myneta.info/punjab2017/candidate.php?candidate_id=1078,FEROZEPUR CITY,IND,0,10th Pass,Nil,Rs 0 ~
533,782,Kashmir Singh,https://myneta.info/punjab2017/candidate.php?candidate_id=782,NABHA (SC),CPI,0,Graduate,"Rs 6,63,000 ~ 6 Lacs+",Rs 0 ~
534,16,Kashmir Singh,https://myneta.info/punjab2017/candidate.php?candidate_id=16,KARTARPUR (SC),IND,0,Others,"Rs 3,22,451 ~ 3 Lacs+",Rs 0 ~
535,485,Keshav Kohli,https://myneta.info/punjab2017/candidate.php?candidate_id=485,AMRITSAR CENTRAL,Aapna Punjab Party,0,Graduate,"Rs 2,71,000 ~ 2 Lacs+",Rs 0 ~
536,541,Kewal Bhatti,https://myneta.info/punjab2017/candidate.php?candidate_id=541,JALANDHAR NORTH,Bahujan Mukti Party,0,8th Pass,"Rs 53,22,000 ~ 53 Lacs+",Rs 0 ~
537,1287,Kewal Lal Heer,https://myneta.info/punjab2017/candidate.php?candidate_id=1287,SHAM CHAURASI (SC),Bharatrashtra Democratic Party,0,10th Pass,"Rs 28,29,036 ~ 28 Lacs+","Rs 3,00,000 ~ 3 Lacs+"
538,1009,Kewal Singh ,https://myneta.info/punjab2017/candidate.php?candidate_id=1009,NIHAL SINGH WALA (SC),BSP,0,5th Pass,"Rs 5,75,000 ~ 5 Lacs+",Rs 0 ~
539,1222,Kewal Singh Bhasulla,https://myneta.info/punjab2017/candidate.php?candidate_id=1222,JALANDHAR NORTH,Hindustan Shakti Sena,0,12th Pass,"Rs 83,15,000 ~ 83 Lacs+","Rs 1,48,000 ~ 1 Lacs+"
540,256,Kewal Singh Dhillon,https://myneta.info/punjab2017/candidate.php?candidate_id=256,BARNALA,INC,0,12th Pass,https://myneta.info/image_v2.php?myneta_folder=punjab2017&candidate_id=256&col=ta,https://myneta.info/image_v2.php?myneta_folder=punjab2017&candidate_id=256&col=lia
541,728,Khushbaz Singh,https://myneta.info/punjab2017/candidate.php?candidate_id=728,TALWANDI SABO,INC,0,Graduate Professional,"Rs 1,66,93,279 ~ 1 Crore+","Rs 2,13,19,650 ~ 2 Crore+"
542,1147,Khusia Singh,https://myneta.info/punjab2017/candidate.php?candidate_id=1147,MEHAL KALAN (SC),CPI,0,5th Pass,"Rs 36,99,000 ~ 36 Lacs+",Rs 0 ~
543,232,Kikar Singh,https://myneta.info/punjab2017/candidate.php?candidate_id=232,JAITU (SC),BSP,1,5th Pass,"Rs 31,22,000 ~ 31 Lacs+",Rs 0 ~
544,874,Kiran Bala,https://myneta.info/punjab2017/candidate.php?candidate_id=874,PATHANKOT,Hindustan Shakti Sena,0,8th Pass,"Rs 54,000 ~ 54 Thou+",Rs 0 ~
545,716,Kiranjit Singh Gehri,https://myneta.info/punjab2017/candidate.php?candidate_id=716,BHUCHO MANDI (SC),IND,1,10th Pass,"Rs 2,10,500 ~ 2 Lacs+","Rs 1,50,000 ~ 1 Lacs+"
546,1131,Kirpal Singh,https://myneta.info/punjab2017/candidate.php?candidate_id=1131,BUDHALADA (SC),Aapna Punjab Party,0,5th Pass,"Rs 7,91,500 ~ 7 Lacs+","Rs 68,000 ~ 68 Thou+"
547,1097,Kirti Choudhary,https://myneta.info/punjab2017/candidate.php?candidate_id=1097,FAZILKA,Aapna Punjab Party,0,Post Graduate,"Rs 1,86,01,528 ~ 1 Crore+","Rs 40,06,333 ~ 40 Lacs+"
548,1040,Kishor Kumar Pal ,https://myneta.info/punjab2017/candidate.php?candidate_id=1040,S.A.S. NAGAR,Bahujan Mukti Party,0,Graduate Professional,"Rs 1,08,817 ~ 1 Lacs+","Rs 1,59,290 ~ 1 Lacs+"
549,52,Krishan Gopal Sharma,https://myneta.info/punjab2017/candidate.php?candidate_id=52,S.A.S. NAGAR,Bharat (Integrated) Rakshak Party,0,Graduate Professional,https://myneta.info/image_v2.php?myneta_folder=punjab2017&candidate_id=52&col=ta,https://myneta.info/image_v2.php?myneta_folder=punjab2017&candidate_id=52&col=lia
550,850,Krishan Lal Babbar,https://myneta.info/punjab2017/candidate.php?candidate_id=850,LUDHIANA WEST,IND,0,Graduate,"Rs 2,91,91,100 ~ 2 Crore+",Rs 0 ~
551,249,Krishan Singh,https://myneta.info/punjab2017/candidate.php?candidate_id=249,BUDHALADA (SC),CPI,0,8th Pass,"Rs 8,07,999 ~ 8 Lacs+",Rs 0 ~
552,65,Kshama Kant Pandey,https://myneta.info/punjab2017/candidate.php?candidate_id=65,PATIALA,Hindustan Shakti Sena,0,12th Pass,"Rs 12,85,000 ~ 12 Lacs+","Rs 3,00,000 ~ 3 Lacs+"
553,658,Kubdeep Singh,https://myneta.info/punjab2017/candidate.php?candidate_id=658,NIHAL SINGH WALA (SC),Shiromani Akali Dal (A)(Simranjit Singh Mann),0,10th Pass,"Rs 11,66,000 ~ 11 Lacs+",Rs 0 ~
554,294,Kulbhushan Singh,https://myneta.info/punjab2017/candidate.php?candidate_id=294,SUJANPUR,AAP,0,Post Graduate,"Rs 1,15,67,613 ~ 1 Crore+","Rs 2,41,543 ~ 2 Lacs+"
555,27,Kulbir Singh,https://myneta.info/punjab2017/candidate.php?candidate_id=27,ZIRA,INC,0,12th Pass,"Rs 1,72,76,612 ~ 1 Crore+","Rs 93,39,976 ~ 93 Lacs+"
556,432,Kulbir Singh S/o Kundan Singh,https://myneta.info/punjab2017/candidate.php?candidate_id=432,ZIRA,IND,0,Illiterate,"Rs 42,54,427 ~ 42 Lacs+","Rs 8,56,744 ~ 8 Lacs+"
557,429,Kulbir Singh S/o Rajinder Singh,https://myneta.info/punjab2017/candidate.php?candidate_id=429,ZIRA,IND,0,12th Pass,"Rs 2,45,800 ~ 2 Lacs+",Rs 0 ~
558,1386,Kulbir Singh S/o Suba Singh,https://myneta.info/punjab2017/candidate.php?candidate_id=1386,ZIRA,IND,0,10th Pass,https://myneta.info/image_v2.php?myneta_folder=punjab2017&candidate_id=1386&col=ta,https://myneta.info/image_v2.php?myneta_folder=punjab2017&candidate_id=1386&col=lia
559,287,Kuldeep Kaur Tohra,https://myneta.info/punjab2017/candidate.php?candidate_id=287,SANOUR,AAP,0,10th Pass,"Rs 5,60,49,238 ~ 5 Crore+","Rs 1,13,36,000 ~ 1 Crore+"
560,1286,Kuldeep Kumar,https://myneta.info/punjab2017/candidate.php?candidate_id=1286,MUKERIAN,Hindustan Shakti Sena,0,Not Given,"Rs 30,000 ~ 30 Thou+",Rs 0 ~
561,643,Kuldeep Singh Vaid(bulara),https://myneta.info/punjab2017/candidate.php?candidate_id=643,GILL (SC),INC,0,Graduate Professional,"Rs 17,02,81,324 ~ 17 Crore+","Rs 1,64,27,182 ~ 1 Crore+"
562,1320,Kuldip Kaur,https://myneta.info/punjab2017/candidate.php?candidate_id=1320,SANOUR,IND,0,10th Pass,"Rs 32,06,280 ~ 32 Lacs+",Rs 0 ~
563,422,Kuldip Singh,https://myneta.info/punjab2017/candidate.php?candidate_id=422,URMAR,Shiromani Akali Dal (A)(Simranjit Singh Mann),0,10th Pass,"Rs 7,25,32,329 ~ 7 Crore+",Rs 0 ~
564,352,Kuldip Singh,https://myneta.info/punjab2017/candidate.php?candidate_id=352,AMRITSAR SOUTH,Aapna Punjab Party,0,Graduate,"Rs 17,34,373 ~ 17 Lacs+","Rs 35,38,540 ~ 35 Lacs+"
565,601,Kuldip Singh,https://myneta.info/punjab2017/candidate.php?candidate_id=601,FATEHGARH SAHIB,Shiromani Akali Dal (A)(Simranjit Singh Mann),0,5th Pass,"Rs 1,04,50,340 ~ 1 Crore+","Rs 5,50,000 ~ 5 Lacs+"
566,1038,Kuljit Singh ,https://myneta.info/punjab2017/candidate.php?candidate_id=1038,S.A.S. NAGAR,IND,0,12th Pass,"Rs 56,60,207 ~ 56 Lacs+","Rs 24,830 ~ 24 Thou+"
567,599,Kuljit Singh Nagra,https://myneta.info/punjab2017/candidate.php?candidate_id=599,FATEHGARH SAHIB,INC,0,Graduate Professional,https://myneta.info/image_v2.php?myneta_folder=punjab2017&candidate_id=599&col=ta,https://myneta.info/image_v2.php?myneta_folder=punjab2017&candidate_id=599&col=lia
568,230,Kultar Singh,https://myneta.info/punjab2017/candidate.php?candidate_id=230,KOTKAPURA,AAP,0,Graduate Professional,"Rs 74,59,124 ~ 74 Lacs+",Rs 0 ~
569,1327,Kulwant Kaur,https://myneta.info/punjab2017/candidate.php?candidate_id=1327,SANOUR,IND,0,Illiterate,Nil,Rs 0 ~
570,980,Kulwant Singh ,https://myneta.info/punjab2017/candidate.php?candidate_id=980,KAPURTHALA,IND,0,12th Pass,"Rs 2,10,000 ~ 2 Lacs+",Rs 0 ~
571,1388,Kulwant Singh,https://myneta.info/punjab2017/candidate.php?candidate_id=1388,QADIAN,Aapna Punjab Party,0,12th Pass,"Rs 93,00,000 ~ 93 Lacs+","Rs 11,00,000 ~ 11 Lacs+"
572,1186,Kulwant Singh,https://myneta.info/punjab2017/candidate.php?candidate_id=1186,AMARGARH,IND,0,Not Given,"Rs 41,52,000 ~ 41 Lacs+",Rs 0 ~
573,458,Kulwant Singh,https://myneta.info/punjab2017/candidate.php?candidate_id=458,QADIAN,IND,0,10th Pass,"Rs 3,07,000 ~ 3 Lacs+",Rs 0 ~
574,653,Kulwant Singh,https://myneta.info/punjab2017/candidate.php?candidate_id=653,DAKHA,Aapna Punjab Party,0,12th Pass,"Rs 13,34,387 ~ 13 Lacs+",Rs 0 ~
575,1000,Kulwant Singh,https://myneta.info/punjab2017/candidate.php?candidate_id=1000,MOGA,BSP,0,10th Pass,"Rs 57,70,000 ~ 57 Lacs+","Rs 3,00,000 ~ 3 Lacs+"
576,475,Kulwant Singh,https://myneta.info/punjab2017/candidate.php?candidate_id=475,MAJITHA,Shiromani Akali Dal (A)(Simranjit Singh Mann),0,5th Pass,https://myneta.info/image_v2.php?myneta_folder=punjab2017&candidate_id=475&col=ta,https://myneta.info/image_v2.php?myneta_folder=punjab2017&candidate_id=475&col=lia
577,329,Kulwant Singh,https://myneta.info/punjab2017/candidate.php?candidate_id=329,RAJA SANSI,Aapna Punjab Party,0,10th Pass,"Rs 50,67,202 ~ 50 Lacs+",Rs 0 ~
578,1390,Kulwant Singh Cheema,https://myneta.info/punjab2017/candidate.php?candidate_id=1390,PAYAL (SC),NCP,0,12th Pass,"Rs 19,00,881 ~ 19 Lacs+",Rs 0 ~
579,265,Kulwant Singh Pandori,https://myneta.info/punjab2017/candidate.php?candidate_id=265,MEHAL KALAN (SC),AAP,0,12th Pass,"Rs 2,70,448 ~ 2 Lacs+","Rs 26,287 ~ 26 Thou+"
580,931,Kulwant Singh Wadali,https://myneta.info/punjab2017/candidate.php?candidate_id=931,AMRITSAR WEST (SC),Aapna Punjab Party,0,8th Pass,"Rs 10,500 ~ 10 Thou+",Rs 0 ~
581,1338,Kulwinder Singh,https://myneta.info/punjab2017/candidate.php?candidate_id=1338,SHUTRANA (SC),Democratic Swaraj Party,0,5th Pass,"Rs 8,00,000 ~ 8 Lacs+",Rs 0 ~
582,324,Kulwinder Singh,https://myneta.info/punjab2017/candidate.php?candidate_id=324,AJNALA,IND,0,Post Graduate,"Rs 2,86,000 ~ 2 Lacs+","Rs 30,000 ~ 30 Thou+"
583,851,Kunal,https://myneta.info/punjab2017/candidate.php?candidate_id=851,LUDHIANA WEST,BSP,0,Graduate,"Rs 1,11,38,631 ~ 1 Crore+","Rs 9,13,219 ~ 9 Lacs+"
584,812,Kunvar Ranjan Singh,https://myneta.info/punjab2017/candidate.php?candidate_id=812,LUDHIANA SOUTH,Democratic Swaraj Party,0,10th Pass,"Rs 1,00,500 ~ 1 Lacs+",Rs 0 ~
585,704,Kusaldeep Singh,https://myneta.info/punjab2017/candidate.php?candidate_id=704,FARIDKOT,INC,0,Graduate,https://myneta.info/image_v2.php?myneta_folder=punjab2017&candidate_id=704&col=ta,https://myneta.info/image_v2.php?myneta_folder=punjab2017&candidate_id=704&col=lia
586,1237,Kusum Sharma,https://myneta.info/punjab2017/candidate.php?candidate_id=1237,NAKODAR,IND,0,Graduate,"Rs 92,91,000 ~ 92 Lacs+","Rs 6,00,000 ~ 6 Lacs+"
587,1205,Labh Singh,https://myneta.info/punjab2017/candidate.php?candidate_id=1205,SUNAM,IND,0,10th Pass,"Rs 2,77,06,200 ~ 2 Crore+","Rs 7,10,000 ~ 7 Lacs+"
588,1135,Lachman Singh,https://myneta.info/punjab2017/candidate.php?candidate_id=1135,BUDHALADA (SC),AITC,0,Post Graduate,"Rs 73,89,000 ~ 73 Lacs+","Rs 11,85,000 ~ 11 Lacs+"
589,930,Lakhbir Singh,https://myneta.info/punjab2017/candidate.php?candidate_id=930,AMRITSAR WEST (SC),Shiromani Lok Dal Party,0,Illiterate,"Rs 8,06,000 ~ 8 Lacs+",Rs 0 ~
590,967,Lakhbir Singh,https://myneta.info/punjab2017/candidate.php?candidate_id=967,RAJA SANSI,BSP,0,12th Pass,"Rs 2,00,000 ~ 2 Lacs+",Rs 0 ~
591,370,Lakhbir Singh,https://myneta.info/punjab2017/candidate.php?candidate_id=370,BATALA,SAD,0,10th Pass,"Rs 12,57,88,748 ~ 12 Crore+",Rs 0 ~
592,1043,Lakhvir Singh ,https://myneta.info/punjab2017/candidate.php?candidate_id=1043,AMLOH,Shiromani Akali Dal (A)(Simranjit Singh Mann),0,8th Pass,"Rs 88,14,965 ~ 88 Lacs+",Rs 0 ~
593,647,Lakhvir Singh,https://myneta.info/punjab2017/candidate.php?candidate_id=647,PAYAL (SC),INC,0,Post Graduate,"Rs 54,86,992 ~ 54 Lacs+","Rs 2,08,680 ~ 2 Lacs+"
594,598,Lakhvir Singh Rai,https://myneta.info/punjab2017/candidate.php?candidate_id=598,FATEHGARH SAHIB,AAP,0,Graduate Professional,https://myneta.info/image_v2.php?myneta_folder=punjab2017&candidate_id=598&col=ta,https://myneta.info/image_v2.php?myneta_folder=punjab2017&candidate_id=598&col=lia
595,351,Lakhwinder Singh,https://myneta.info/punjab2017/candidate.php?candidate_id=351,AMRITSAR SOUTH,CPI,0,12th Pass,"Rs 6,60,000 ~ 6 Lacs+",Rs 0 ~
596,1318,Lakhwinder Singh,https://myneta.info/punjab2017/candidate.php?candidate_id=1318,SANOUR,IND,0,Graduate,"Rs 3,28,25,000 ~ 3 Crore+","Rs 28,00,000 ~ 28 Lacs+"
597,982,Lakhwinder Singh,https://myneta.info/punjab2017/candidate.php?candidate_id=982,SULTANPUR LODHI,IND,0,12th Pass,"Rs 15,443 ~ 15 Thou+",Rs 0 ~
598,1143,Lal Chand,https://myneta.info/punjab2017/candidate.php?candidate_id=1143,SARDULGARH,Revolutionary Marxist Party of India,0,Others,"Rs 27,44,359 ~ 27 Lacs+",Rs 0 ~
599,69,Lal Chand Kataruchak,https://myneta.info/punjab2017/candidate.php?candidate_id=69,BHOA (SC),Revolutionary Marxist Party of India,0,10th Pass,"Rs 1,06,989 ~ 1 Lacs+",Rs 0 ~
600,671,Lal Singh,https://myneta.info/punjab2017/candidate.php?candidate_id=671,FEROZEPUR RURAL (SC),Shiromani Akali Dal (A)(Simranjit Singh Mann),0,Graduate,"Rs 22,65,100 ~ 22 Lacs+","Rs 1,10,000 ~ 1 Lacs+"
601,557,Lawrence Chaudhary,https://myneta.info/punjab2017/candidate.php?candidate_id=557,DASUYA,Aapna Punjab Party,0,Graduate,"Rs 1,64,433 ~ 1 Lacs+","Rs 1,70,179 ~ 1 Lacs+"
602,572,Lov Kumar Goldy,https://myneta.info/punjab2017/candidate.php?candidate_id=572,GARHSHANKAR,INC,0,Graduate,"Rs 10,31,47,087 ~ 10 Crore+","Rs 1,06,85,321 ~ 1 Crore+"
603,1234,Lubhaya Ram,https://myneta.info/punjab2017/candidate.php?candidate_id=1234,KARTARPUR (SC),IND,0,8th Pass,https://myneta.info/image_v2.php?myneta_folder=punjab2017&candidate_id=1234&col=ta,https://myneta.info/image_v2.php?myneta_folder=punjab2017&candidate_id=1234&col=lia
604,861,Lubhaya Ram,https://myneta.info/punjab2017/candidate.php?candidate_id=861,BHOA (SC),IND,0,10th Pass,"Rs 6,46,000 ~ 6 Lacs+",Rs 0 ~
605,1024,Maan Singh,https://myneta.info/punjab2017/candidate.php?candidate_id=1024,DERA BASSI,IND,0,Graduate Professional,"Rs 1,79,75,000 ~ 1 Crore+","Rs 2,40,000 ~ 2 Lacs+"
606,130,Madan Bhatti,https://myneta.info/punjab2017/candidate.php?candidate_id=130,JALANDHAR CENTRAL,BSP,0,10th Pass,"Rs 37,95,825 ~ 37 Lacs+",Rs 0 ~
607,843,Madan Lal Bagga,https://myneta.info/punjab2017/candidate.php?candidate_id=843,LUDHIANA NORTH,IND,0,8th Pass,"Rs 2,80,10,958 ~ 2 Crore+","Rs 41,90,285 ~ 41 Lacs+"
608,864,Mahasha Vinod Kumar,https://myneta.info/punjab2017/candidate.php?candidate_id=864,BHOA (SC),IND,0,12th Pass,"Rs 3,11,000 ~ 3 Lacs+",Rs 0 ~
609,1312,Mahesh Kumar,https://myneta.info/punjab2017/candidate.php?candidate_id=1312,RAJPURA,IND,0,Graduate,"Rs 1,54,000 ~ 1 Lacs+",Rs 0 ~
610,530,Mahinder Pal,https://myneta.info/punjab2017/candidate.php?candidate_id=530,JALANDHAR WEST (SC),BJP,0,10th Pass,"Rs 4,58,11,331 ~ 4 Crore+",Rs 0 ~
611,1034,Mahinder Pal Singh,https://myneta.info/punjab2017/candidate.php?candidate_id=1034,S.A.S. NAGAR,Aapna Punjab Party,0,10th Pass,"Rs 1,27,32,502 ~ 1 Crore+","Rs 10,000 ~ 10 Thou+"
612,1161,Mahinder Singh,https://myneta.info/punjab2017/candidate.php?candidate_id=1161,BARNALA,IND,0,10th Pass,https://myneta.info/image_v2.php?myneta_folder=punjab2017&candidate_id=1161&col=ta,https://myneta.info/image_v2.php?myneta_folder=punjab2017&candidate_id=1161&col=lia
613,1200,Mahmood Ahmed Thind,https://myneta.info/punjab2017/candidate.php?candidate_id=1200,MALERKOTLA,Indian Union Muslim League,0,Others,"Rs 1,57,45,035 ~ 1 Crore+","Rs 4,00,000 ~ 4 Lacs+"
614,652,Major Singh,https://myneta.info/punjab2017/candidate.php?candidate_id=652,DAKHA,INC,0,12th Pass,"Rs 5,65,65,185 ~ 5 Crore+","Rs 83,30,066 ~ 83 Lacs+"
615,343,Major Som Nath,https://myneta.info/punjab2017/candidate.php?candidate_id=343,GURDASPUR,BSP,0,Graduate Professional,"Rs 38,80,000 ~ 38 Lacs+","Rs 1,00,000 ~ 1 Lacs+"
616,588,Makhan Singh,https://myneta.info/punjab2017/candidate.php?candidate_id=588,RUPNAGAR,BSP,0,Illiterate,"Rs 35,00,000 ~ 35 Lacs+",Rs 0 ~
617,13,Makhan Singh,https://myneta.info/punjab2017/candidate.php?candidate_id=13,MEHAL KALAN (SC),BSP,0,Graduate Professional,"Rs 2,59,05,211 ~ 2 Crore+","Rs 27,201 ~ 27 Thou+"
618,681,Makhan Singh,https://myneta.info/punjab2017/candidate.php?candidate_id=681,FAZILKA,Shiromani Akali Dal (A)(Simranjit Singh Mann),0,8th Pass,"Rs 1,19,75,595 ~ 1 Crore+","Rs 5,30,000 ~ 5 Lacs+"
619,1201,Maksood Ul Hak,https://myneta.info/punjab2017/candidate.php?candidate_id=1201,MALERKOTLA,NCP,0,Illiterate,"Rs 15,000 ~ 15 Thou+",Rs 0 ~
620,108,Malkiat Singh,https://myneta.info/punjab2017/candidate.php?candidate_id=108,BABA BAKALA (SC),SAD,0,Post Graduate,"Rs 1,14,24,107 ~ 1 Crore+",Rs 0 ~
621,672,Malkit Chand,https://myneta.info/punjab2017/candidate.php?candidate_id=672,GURU HAR SAHAI,AAP,0,12th Pass,https://myneta.info/image_v2.php?myneta_folder=punjab2017&candidate_id=672&col=ta,https://myneta.info/image_v2.php?myneta_folder=punjab2017&candidate_id=672&col=lia
622,655,Malkit Singh,https://myneta.info/punjab2017/candidate.php?candidate_id=655,JAGRAON (SC),INC,0,10th Pass,"Rs 1,46,98,470 ~ 1 Crore+",Rs 0 ~
623,1105,Malkit Singh,https://myneta.info/punjab2017/candidate.php?candidate_id=1105,JALALABAD,BSP,0,10th Pass,"Rs 5,54,942 ~ 5 Lacs+",Rs 0 ~
624,617,Manbir Singh Grewal,https://myneta.info/punjab2017/candidate.php?candidate_id=617,SAHNEWAL,Shiromani Akali Dal (A)(Simranjit Singh Mann),0,10th Pass,"Rs 9,44,200 ~ 9 Lacs+","Rs 6,588 ~ 6 Thou+"
625,752,Mandeep Singh,https://myneta.info/punjab2017/candidate.php?candidate_id=752,DIRBA (SC),Shiromani Akali Dal (A)(Simranjit Singh Mann),0,Illiterate,"Rs 61,200 ~ 61 Thou+",Rs 0 ~
626,852,Mandeep Singh Dhaliwal,https://myneta.info/punjab2017/candidate.php?candidate_id=852,LUDHIANA WEST,Swabhiman Party,0,5th Pass,"Rs 98,000 ~ 98 Thou+",Rs 0 ~
627,1351,Mandeep Singh Manna,https://myneta.info/punjab2017/candidate.php?candidate_id=1351,AMRITSAR EAST,IND,0,Graduate,"Rs 1,50,47,547 ~ 1 Crore+","Rs 6,60,355 ~ 6 Lacs+"
628,987,Mander Singh,https://myneta.info/punjab2017/candidate.php?candidate_id=987,BHAGHA PURANA TEHSIL,BSP,0,Illiterate,"Rs 12,08,000 ~ 12 Lacs+",Rs 0 ~
629,944,Mangat Singh,https://myneta.info/punjab2017/candidate.php?candidate_id=944,ATTARI (SC),IND,0,5th Pass,"Rs 58,469 ~ 58 Thou+",Rs 0 ~
630,1136,Mangu Singh,https://myneta.info/punjab2017/candidate.php?candidate_id=1136,MANSA,Aapna Punjab Party,0,Graduate,https://myneta.info/image_v2.php?myneta_folder=punjab2017&candidate_id=1136&col=ta,https://myneta.info/image_v2.php?myneta_folder=punjab2017&candidate_id=1136&col=lia
631,1280,Maninder Pal,https://myneta.info/punjab2017/candidate.php?candidate_id=1280,HOSHIARPUR,Democratic Swaraj Party,0,Others,"Rs 1,54,500 ~ 1 Lacs+","Rs 3,00,000 ~ 3 Lacs+"
632,928,Maninder Pal Singh Palasour,https://myneta.info/punjab2017/candidate.php?candidate_id=928,AMRITSAR SOUTH,IND,0,Others,"Rs 5,71,97,827 ~ 5 Crore+","Rs 54,43,059 ~ 54 Lacs+"
633,625,Maninder Sharma,https://myneta.info/punjab2017/candidate.php?candidate_id=625,LUDHIANA SOUTH,IND,0,12th Pass,"Rs 56,000 ~ 56 Thou+",Rs 0 ~
634,92,Manish Aggarwal,https://myneta.info/punjab2017/candidate.php?candidate_id=92,AMRITSAR NORTH,AAP,0,Graduate,"Rs 4,52,14,411 ~ 4 Crore+","Rs 1,28,49,530 ~ 1 Crore+"
635,1369,Manish Shridhar,https://myneta.info/punjab2017/candidate.php?candidate_id=1369,AMRITSAR NORTH,Aapna Punjab Party,0,Graduate Professional,"Rs 75,000 ~ 75 Thou+",Rs 0 ~
636,779,Manjeet Kaur,https://myneta.info/punjab2017/candidate.php?candidate_id=779,SANGRUR,IND,0,Illiterate,"Rs 24,40,500 ~ 24 Lacs+","Rs 1,00,000 ~ 1 Lacs+"
637,1002,Manjeet Singh Mann,https://myneta.info/punjab2017/candidate.php?candidate_id=1002,MOGA,IND,0,Graduate,"Rs 1,40,44,000 ~ 1 Crore+","Rs 40,000 ~ 40 Thou+"
638,1185,Manjinder Singh,https://myneta.info/punjab2017/candidate.php?candidate_id=1185,AMARGARH,IND,0,12th Pass,"Rs 3,04,68,000 ~ 3 Crore+","Rs 15,00,000 ~ 15 Lacs+"
639,1050,Manjinder Singh,https://myneta.info/punjab2017/candidate.php?candidate_id=1050,BASSI PATHANA (SC),Aapna Punjab Party,0,Graduate,https://myneta.info/image_v2.php?myneta_folder=punjab2017&candidate_id=1050&col=ta,https://myneta.info/image_v2.php?myneta_folder=punjab2017&candidate_id=1050&col=lia
640,996,Manjit Kaur ,https://myneta.info/punjab2017/candidate.php?candidate_id=996,DHARAMKOT,IND,0,5th Pass,"Rs 20,000 ~ 20 Thou+",Rs 0 ~
641,1211,Manjit Kaur,https://myneta.info/punjab2017/candidate.php?candidate_id=1211,ADAMPUR (SC),Jai Jawan Jai Kisan Party,0,Graduate,"Rs 50,57,859 ~ 50 Lacs+","Rs 4,00,000 ~ 4 Lacs+"
642,1007,Manjit Kaur,https://myneta.info/punjab2017/candidate.php?candidate_id=1007,NIHAL SINGH WALA (SC),IND,0,Illiterate,"Rs 19,86,000 ~ 19 Lacs+",Rs 0 ~
643,1267,Manjit Singh,https://myneta.info/punjab2017/candidate.php?candidate_id=1267,DASUYA,Sada Punjab Party,0,12th Pass,"Rs 25,43,500 ~ 25 Lacs+",Rs 0 ~
644,346,Manjit Singh,https://myneta.info/punjab2017/candidate.php?candidate_id=346,AMRITSAR NORTH,BSP,0,10th Pass,"Rs 34,08,000 ~ 34 Lacs+","Rs 50,000 ~ 50 Thou+"
645,711,Manjit Singh,https://myneta.info/punjab2017/candidate.php?candidate_id=711,RAMPURA PHUL,IND,0,8th Pass,"Rs 61,57,450 ~ 61 Lacs+","Rs 2,00,000 ~ 2 Lacs+"
646,574,Manjit Singh,https://myneta.info/punjab2017/candidate.php?candidate_id=574,GARHSHANKAR,AITC,0,Graduate,"Rs 5,94,672 ~ 5 Lacs+",Rs 0 ~
647,656,Manjit Singh,https://myneta.info/punjab2017/candidate.php?candidate_id=656,NIHAL SINGH WALA (SC),AAP,0,Graduate,"Rs 7,59,779 ~ 7 Lacs+","Rs 1,73,000 ~ 1 Lacs+"
648,80,Manjit Singh,https://myneta.info/punjab2017/candidate.php?candidate_id=80,SRI HARGOBINDPUR (SC),SAD,0,12th Pass,https://myneta.info/image_v2.php?myneta_folder=punjab2017&candidate_id=80&col=ta,https://myneta.info/image_v2.php?myneta_folder=punjab2017&candidate_id=80&col=lia
649,940,Manjit Singh,https://myneta.info/punjab2017/candidate.php?candidate_id=940,ATTARI (SC),Shiromani Lok Dal Party,0,10th Pass,"Rs 11,91,000 ~ 11 Lacs+",Rs 0 ~
650,1215,Manjit Singh,https://myneta.info/punjab2017/candidate.php?candidate_id=1215,JALANDHAR CANTT.,Bharatiya Republican Paksha,1,5th Pass,"Rs 25,18,524 ~ 25 Lacs+",Rs 0 ~
651,385,Manjit Singh Alias Suba Singh,https://myneta.info/punjab2017/candidate.php?candidate_id=385,JAITU (SC),SAD,0,Graduate,"Rs 3,27,81,650 ~ 3 Crore+","Rs 21,15,580 ~ 21 Lacs+"
652,236,Manjit Singh Sidhu,https://myneta.info/punjab2017/candidate.php?candidate_id=236,RAMPURA PHUL,AAP,0,Graduate Professional,"Rs 19,12,66,175 ~ 19 Crore+","Rs 1,44,19,880 ~ 1 Crore+"
653,1026,Manju Kaushal,https://myneta.info/punjab2017/candidate.php?candidate_id=1026,DERA BASSI,Samaj Adhikar Kalyan Party,0,10th Pass,"Rs 32,48,000 ~ 32 Lacs+","Rs 1,40,000 ~ 1 Lacs+"
654,692,Manmander Singh,https://myneta.info/punjab2017/candidate.php?candidate_id=692,LAMBI,IND,1,10th Pass,"Rs 7,21,500 ~ 7 Lacs+",Rs 0 ~
655,181,Manohar Lal,https://myneta.info/punjab2017/candidate.php?candidate_id=181,SAMRALA,Democratic Party of India,0,5th Pass,"Rs 14,50,000 ~ 14 Lacs+","Rs 9,00,000 ~ 9 Lacs+"
656,738,Manoj Bala,https://myneta.info/punjab2017/candidate.php?candidate_id=738,MANSA,INC,0,Graduate,"Rs 3,79,05,554 ~ 3 Crore+","Rs 22,63,986 ~ 22 Lacs+"
657,41,Manoj Kumar,https://myneta.info/punjab2017/candidate.php?candidate_id=41,GURU HAR SAHAI,IND,0,10th Pass,https://myneta.info/image_v2.php?myneta_folder=punjab2017&candidate_id=41&col=ta,https://myneta.info/image_v2.php?myneta_folder=punjab2017&candidate_id=41&col=lia
658,1366,Manoj Kumar Nahar,https://myneta.info/punjab2017/candidate.php?candidate_id=1366,KAPURTHALA,Bahujan Samaj Party (Ambedkar),0,12th Pass,"Rs 18,75,000 ~ 18 Lacs+","Rs 1,26,000 ~ 1 Lacs+"
659,532,Manoranjan Kalia,https://myneta.info/punjab2017/candidate.php?candidate_id=532,JALANDHAR CENTRAL,BJP,0,Graduate Professional,"Rs 2,42,69,017 ~ 2 Crore+",Rs 0 ~
660,470,Manpreet Singh,https://myneta.info/punjab2017/candidate.php?candidate_id=470,FATEHGARH CHURIAN,IND,0,Post Graduate,"Rs 4,72,753 ~ 4 Lacs+",Rs 0 ~
661,826,Manpreet Singh Akali,https://myneta.info/punjab2017/candidate.php?candidate_id=826,DAKHA,IND,0,10th Pass,"Rs 19,94,098 ~ 19 Lacs+",Rs 0 ~
662,2,Manpreet Singh Ayali,https://myneta.info/punjab2017/candidate.php?candidate_id=2,DAKHA,SAD,0,12th Pass,"Rs 16,54,31,545 ~ 16 Crore+","Rs 1,55,83,725 ~ 1 Crore+"
663,10,Manpreet Singh Badal,https://myneta.info/punjab2017/candidate.php?candidate_id=10,BATHINDA URBAN,INC,0,Graduate Professional,"Rs 40,37,15,913 ~ 40 Crore+","Rs 7,09,73,208 ~ 7 Crore+"
664,24,Mantar Singh,https://myneta.info/punjab2017/candidate.php?candidate_id=24,KOTKAPURA,SAD,0,Post Graduate,"Rs 7,09,53,780 ~ 7 Crore+","Rs 50,34,310 ~ 50 Lacs+"
665,336,Master Sampuran Singh Saidipur,https://myneta.info/punjab2017/candidate.php?candidate_id=336,BHOA (SC),AITC,0,10th Pass,"Rs 27,03,000 ~ 27 Lacs+","Rs 1,96,000 ~ 1 Lacs+"
666,763,Mohamad Arshad,https://myneta.info/punjab2017/candidate.php?candidate_id=763,MALERKOTLA,AAP,0,12th Pass,https://myneta.info/image_v2.php?myneta_folder=punjab2017&candidate_id=763&col=ta,https://myneta.info/image_v2.php?myneta_folder=punjab2017&candidate_id=763&col=lia
667,396,Mohammad Owais,https://myneta.info/punjab2017/candidate.php?candidate_id=396,MALERKOTLA,SAD,0,12th Pass,"Rs 9,32,38,844 ~ 9 Crore+","Rs 6,11,92,446 ~ 6 Crore+"
668,234,Mohammad Sadique,https://myneta.info/punjab2017/candidate.php?candidate_id=234,JAITU (SC),INC,0,5th Pass,"Rs 1,76,24,873 ~ 1 Crore+","Rs 7,00,000 ~ 7 Lacs+"
669,1314,Mohan Lal,https://myneta.info/punjab2017/candidate.php?candidate_id=1314,SANOUR,IND,0,10th Pass,"Rs 2,35,320 ~ 2 Lacs+",Rs 0 ~
670,216,Mohan Singh,https://myneta.info/punjab2017/candidate.php?candidate_id=216,FEROZEPUR RURAL (SC),AAP,0,Others,"Rs 2,43,99,652 ~ 2 Crore+",Rs 0 ~
671,1198,Mohd Mukarram Saify,https://myneta.info/punjab2017/candidate.php?candidate_id=1198,MALERKOTLA,IND,0,Graduate,"Rs 29,49,861 ~ 29 Lacs+",Rs 0 ~
672,559,Mohinder Kaur,https://myneta.info/punjab2017/candidate.php?candidate_id=559,SHAM CHAURASI (SC),SAD,0,10th Pass,"Rs 2,83,16,124 ~ 2 Crore+","Rs 12,54,844 ~ 12 Lacs+"
673,171,Mohinder Singh,https://myneta.info/punjab2017/candidate.php?candidate_id=171,BASSI PATHANA (SC),BSP,0,10th Pass,"Rs 43,44,000 ~ 43 Lacs+","Rs 5,00,000 ~ 5 Lacs+"
674,659,Mohinder Singh,https://myneta.info/punjab2017/candidate.php?candidate_id=659,NIHAL SINGH WALA (SC),CPI,0,5th Pass,"Rs 4,90,000 ~ 4 Lacs+",Rs 0 ~
675,462,Mohinder Singh,https://myneta.info/punjab2017/candidate.php?candidate_id=462,QADIAN,BSP,0,8th Pass,https://myneta.info/image_v2.php?myneta_folder=punjab2017&candidate_id=462&col=ta,https://myneta.info/image_v2.php?myneta_folder=punjab2017&candidate_id=462&col=lia
676,1278,Mohinder Singh,https://myneta.info/punjab2017/candidate.php?candidate_id=1278,HOSHIARPUR,Aapna Punjab Party,0,10th Pass,"Rs 1,34,87,236 ~ 1 Crore+","Rs 17,50,000 ~ 17 Lacs+"
677,488,Mohinder Singh,https://myneta.info/punjab2017/candidate.php?candidate_id=488,ATTARI (SC),Democratic Party of India (Ambedkar),0,5th Pass,"Rs 10,000 ~ 10 Thou+",Rs 0 ~
678,1014,Mohinder Singh,https://myneta.info/punjab2017/candidate.php?candidate_id=1014,ANADPUR SAHIB,CPI(M),0,10th Pass,"Rs 26,52,611 ~ 26 Lacs+","Rs 1,60,000 ~ 1 Lacs+"
679,549,Mohinder Singh Kaypee,https://myneta.info/punjab2017/candidate.php?candidate_id=549,ADAMPUR (SC),INC,0,Graduate Professional,"Rs 5,48,65,734 ~ 5 Crore+","Rs 53,49,113 ~ 53 Lacs+"
680,414,Mota Singh,https://myneta.info/punjab2017/candidate.php?candidate_id=414,RAIKOT (SC),CPI(M),0,Post Graduate,"Rs 54,39,000 ~ 54 Lacs+","Rs 3,00,000 ~ 3 Lacs+"
681,1077,Mukesh Kumar,https://myneta.info/punjab2017/candidate.php?candidate_id=1077,FEROZEPUR CITY,SHS,0,Graduate Professional,"Rs 25,11,000 ~ 25 Lacs+","Rs 5,91,840 ~ 5 Lacs+"
682,1106,Mukhtiar Singh,https://myneta.info/punjab2017/candidate.php?candidate_id=1106,JALALABAD,IND,0,10th Pass,"Rs 39,75,000 ~ 39 Lacs+","Rs 3,30,000 ~ 3 Lacs+"
683,984,Mukhtiyar Singh,https://myneta.info/punjab2017/candidate.php?candidate_id=984,SULTANPUR LODHI,Shiromani Akali Dal (A)(Simranjit Singh Mann),0,10th Pass,"Rs 74,46,824 ~ 74 Lacs+","Rs 11,50,000 ~ 11 Lacs+"
684,239,Mumtaj,https://myneta.info/punjab2017/candidate.php?candidate_id=239,BHUCHO MANDI (SC),BSP,0,Illiterate,https://myneta.info/image_v2.php?myneta_folder=punjab2017&candidate_id=239&col=ta,https://myneta.info/image_v2.php?myneta_folder=punjab2017&candidate_id=239&col=lia
685,153,Nachhatar Pal,https://myneta.info/punjab2017/candidate.php?candidate_id=153,NAWAN SHAHR,BSP,0,12th Pass,"Rs 1,11,92,745 ~ 1 Crore+",Rs 0 ~
686,962,Nagender Kumar,https://myneta.info/punjab2017/candidate.php?candidate_id=962,SAHNEWAL,Hindustan Shakti Sena,0,5th Pass,"Rs 38,297 ~ 38 Thou+",Rs 0 ~
687,1095,Naginder Singh,https://myneta.info/punjab2017/candidate.php?candidate_id=1095,FAZILKA,IND,0,12th Pass,"Rs 55,02,959 ~ 55 Lacs+","Rs 5,33,017 ~ 5 Lacs+"
688,367,Nand Lal,https://myneta.info/punjab2017/candidate.php?candidate_id=367,BALACHAUR,SAD,0,8th Pass,"Rs 1,91,40,000 ~ 1 Crore+","Rs 6,70,000 ~ 6 Lacs+"
689,1341,Naranjan Singh,https://myneta.info/punjab2017/candidate.php?candidate_id=1341,SHUTRANA (SC),CPI,0,Graduate,"Rs 8,55,000 ~ 8 Lacs+",Rs 0 ~
690,538,Naresh Gupta,https://myneta.info/punjab2017/candidate.php?candidate_id=538,JALANDHAR NORTH,Aapna Punjab Party,0,12th Pass,"Rs 1,65,39,023 ~ 1 Crore+","Rs 28,60,000 ~ 28 Lacs+"
691,877,Naresh Puri,https://myneta.info/punjab2017/candidate.php?candidate_id=877,SUJANPUR,IND,0,Graduate,"Rs 27,89,07,766 ~ 27 Crore+","Rs 9,09,434 ~ 9 Lacs+"
692,1332,Narinder,https://myneta.info/punjab2017/candidate.php?candidate_id=1332,SHUTRANA (SC),IND,0,Not Given,"Rs 15,000 ~ 15 Thou+",Rs 0 ~
693,377,Narinder Kumar Sharma,https://myneta.info/punjab2017/candidate.php?candidate_id=377,DERA BASSI,SAD,1,Graduate,https://myneta.info/image_v2.php?myneta_folder=punjab2017&candidate_id=377&col=ta,https://myneta.info/image_v2.php?myneta_folder=punjab2017&candidate_id=377&col=lia
694,515,Narinder Singh,https://myneta.info/punjab2017/candidate.php?candidate_id=515,KAPURTHALA,Shiromani Akali Dal (A)(Simranjit Singh Mann),0,8th Pass,"Rs 4,39,46,000 ~ 4 Crore+","Rs 1,35,28,403 ~ 1 Crore+"
695,486,Narinder Singh,https://myneta.info/punjab2017/candidate.php?candidate_id=486,AMRITSAR EAST,Aapna Punjab Party,1,10th Pass,"Rs 6,02,52,000 ~ 6 Crore+","Rs 72,00,000 ~ 72 Lacs+"
696,597,Narinder Singh,https://myneta.info/punjab2017/candidate.php?candidate_id=597,S.A.S. NAGAR,AAP,0,Post Graduate,"Rs 25,62,93,416 ~ 25 Crore+","Rs 7,03,32,690 ~ 7 Crore+"
697,547,Narinder Singh,https://myneta.info/punjab2017/candidate.php?candidate_id=547,JALANDHAR CANTT.,Aapna Punjab Party,0,8th Pass,"Rs 8,441 ~ 8 Thou+",Rs 0 ~
698,667,Narinder Singh,https://myneta.info/punjab2017/candidate.php?candidate_id=667,FEROZEPUR CITY,AAP,0,12th Pass,"Rs 16,31,56,485 ~ 16 Crore+","Rs 1,76,73,337 ~ 1 Crore+"
699,876,Natha Singh,https://myneta.info/punjab2017/candidate.php?candidate_id=876,SUJANPUR,Revolutionary Marxist Party of India,0,10th Pass,"Rs 95,04,078 ~ 95 Lacs+","Rs 8,76,400 ~ 8 Lacs+"
700,1085,Nathu Ram,https://myneta.info/punjab2017/candidate.php?candidate_id=1085,ABOHAR,IND,0,5th Pass,"Rs 4,00,740 ~ 4 Lacs+",Rs 0 ~
701,684,Nathu Ram,https://myneta.info/punjab2017/candidate.php?candidate_id=684,BALLUANA (SC),INC,0,10th Pass,"Rs 27,21,909 ~ 27 Lacs+","Rs 1,98,770 ~ 1 Lacs+"
702,180,Navab Ali,https://myneta.info/punjab2017/candidate.php?candidate_id=180,AMLOH,IND,0,8th Pass,https://myneta.info/image_v2.php?myneta_folder=punjab2017&candidate_id=180&col=ta,https://myneta.info/image_v2.php?myneta_folder=punjab2017&candidate_id=180&col=lia
703,1356,Navjot Singh Sidhu,https://myneta.info/punjab2017/candidate.php?candidate_id=1356,AMRITSAR EAST,INC,1,Graduate Professional,"Rs 45,90,98,908 ~ 45 Crore+","Rs 54,24,641 ~ 54 Lacs+"
704,849,Navpreet Singh Bedi,https://myneta.info/punjab2017/candidate.php?candidate_id=849,LUDHIANA WEST,IND,1,Post Graduate,"Rs 1,39,13,000 ~ 1 Crore+",Rs 0 ~
705,517,Navtej Singh,https://myneta.info/punjab2017/candidate.php?candidate_id=517,SULTANPUR LODHI,INC,0,Graduate,"Rs 2,46,97,546 ~ 2 Crore+","Rs 23,97,325 ~ 23 Lacs+"
706,245,Nazar Singh Manshahia,https://myneta.info/punjab2017/candidate.php?candidate_id=245,MANSA,AAP,0,Graduate,"Rs 2,41,90,239 ~ 2 Crore+",Rs 0 ~
707,1272,Nimisha Mehta,https://myneta.info/punjab2017/candidate.php?candidate_id=1272,GARHSHANKAR,IND,0,Post Graduate,"Rs 1,79,19,877 ~ 1 Crore+","Rs 65,14,529 ~ 65 Lacs+"
708,519,Nirmal Singh,https://myneta.info/punjab2017/candidate.php?candidate_id=519,SULTANPUR LODHI,IND,0,5th Pass,"Rs 15,000 ~ 15 Thou+",Rs 0 ~
709,907,Nirmal Singh,https://myneta.info/punjab2017/candidate.php?candidate_id=907,AJNALA,IND,0,10th Pass,"Rs 10,55,000 ~ 10 Lacs+",Rs 0 ~
710,382,Nirmal Singh,https://myneta.info/punjab2017/candidate.php?candidate_id=382,FATEHGARH CHURIAN,SAD,1,Post Graduate,"Rs 8,30,19,022 ~ 8 Crore+",Rs 0 ~
711,1334,Nirmal Singh,https://myneta.info/punjab2017/candidate.php?candidate_id=1334,SHUTRANA (SC),IND,0,Literate,https://myneta.info/image_v2.php?myneta_folder=punjab2017&candidate_id=1334&col=ta,https://myneta.info/image_v2.php?myneta_folder=punjab2017&candidate_id=1334&col=lia
712,166,Nirmal Singh,https://myneta.info/punjab2017/candidate.php?candidate_id=166,CHAMKAUR SAHIB (SC),SAD,0,Graduate Professional,"Rs 4,80,00,000 ~ 4 Crore+","Rs 28,00,000 ~ 28 Lacs+"
713,990,Nirmal Singh,https://myneta.info/punjab2017/candidate.php?candidate_id=990,BHAGHA PURANA TEHSIL,National Adhikar Insaf Party,0,10th Pass,"Rs 18,16,308 ~ 18 Lacs+","Rs 1,20,000 ~ 1 Lacs+"
714,67,Nirmal Singh,https://myneta.info/punjab2017/candidate.php?candidate_id=67,SHUTRANA (SC),INC,0,8th Pass,"Rs 46,13,876 ~ 46 Lacs+","Rs 7,43,234 ~ 7 Lacs+"
715,552,Nirmal Singh Bolina,https://myneta.info/punjab2017/candidate.php?candidate_id=552,ADAMPUR (SC),Shiromani Akali Dal (A)(Simranjit Singh Mann),0,Post Graduate,"Rs 4,08,40,500 ~ 4 Crore+",Rs 0 ~
716,1308,Nirmaljit Singh,https://myneta.info/punjab2017/candidate.php?candidate_id=1308,RAJPURA,IND,0,12th Pass,"Rs 46,98,493 ~ 46 Lacs+","Rs 58,63,553 ~ 58 Lacs+"
717,248,Nishan Singh,https://myneta.info/punjab2017/candidate.php?candidate_id=248,BUDHALADA (SC),SAD,0,Graduate Professional,"Rs 1,06,40,582 ~ 1 Crore+","Rs 75,21,830 ~ 75 Lacs+"
718,161,Nutan Kumar,https://myneta.info/punjab2017/candidate.php?candidate_id=161,ANADPUR SAHIB,IND,0,8th Pass,"Rs 73,67,070 ~ 73 Lacs+",Rs 0 ~
719,908,Om Parkash,https://myneta.info/punjab2017/candidate.php?candidate_id=908,AMRITSAR CENTRAL,IND,0,Others,"Rs 26,19,099 ~ 26 Lacs+",Rs 0 ~
720,696,Om Parkash,https://myneta.info/punjab2017/candidate.php?candidate_id=696,GIDDERBAHA,IND,0,10th Pass,https://myneta.info/image_v2.php?myneta_folder=punjab2017&candidate_id=696&col=ta,https://myneta.info/image_v2.php?myneta_folder=punjab2017&candidate_id=696&col=lia
721,313,Om Parkash,https://myneta.info/punjab2017/candidate.php?candidate_id=313,SRI HARGOBINDPUR (SC),Aapna Punjab Party,0,Post Graduate,"Rs 1,32,50,462 ~ 1 Crore+",Rs 0 ~
722,563,Om Parkash Jakhu,https://myneta.info/punjab2017/candidate.php?candidate_id=563,HOSHIARPUR,IND,0,5th Pass,"Rs 40,000 ~ 40 Thou+",Rs 0 ~
723,348,Om Parkash Soni,https://myneta.info/punjab2017/candidate.php?candidate_id=348,AMRITSAR CENTRAL,INC,0,12th Pass,"Rs 18,28,65,906 ~ 18 Crore+","Rs 1,00,68,157 ~ 1 Crore+"
724,1256,Pal Singh,https://myneta.info/punjab2017/candidate.php?candidate_id=1256,SHAHKOT,AITC,0,10th Pass,"Rs 67,24,455 ~ 67 Lacs+","Rs 10,09,410 ~ 10 Lacs+"
725,1069,Pala Singh,https://myneta.info/punjab2017/candidate.php?candidate_id=1069,BALACHAUR,IND,0,Post Graduate,"Rs 2,00,50,000 ~ 2 Crore+",Rs 0 ~
726,806,Palwinder Kaur,https://myneta.info/punjab2017/candidate.php?candidate_id=806,SHUTRANA (SC),AAP,0,12th Pass,"Rs 37,35,041 ~ 37 Lacs+","Rs 3,84,393 ~ 3 Lacs+"
727,345,Pankaj,https://myneta.info/punjab2017/candidate.php?candidate_id=345,GURDASPUR,Hindustan Utthan Party,0,12th Pass,"Rs 11,70,000 ~ 11 Lacs+",Rs 0 ~
728,381,Parambans Singh,https://myneta.info/punjab2017/candidate.php?candidate_id=381,FARIDKOT,SAD,0,Graduate,"Rs 2,69,60,188 ~ 2 Crore+","Rs 26,82,568 ~ 26 Lacs+"
729,528,Paramjeet,https://myneta.info/punjab2017/candidate.php?candidate_id=528,JALANDHAR WEST (SC),BSP,0,Literate,https://myneta.info/image_v2.php?myneta_folder=punjab2017&candidate_id=528&col=ta,https://myneta.info/image_v2.php?myneta_folder=punjab2017&candidate_id=528&col=lia
730,1209,Paramjeet Kaur,https://myneta.info/punjab2017/candidate.php?candidate_id=1209,SUNAM,IND,0,12th Pass,"Rs 72,30,000 ~ 72 Lacs+",Rs 0 ~
731,208,Paramjit,https://myneta.info/punjab2017/candidate.php?candidate_id=208,MOGA,IND,0,Literate,"Rs 2,57,400 ~ 2 Lacs+",Rs 0 ~
732,1261,Paramjit,https://myneta.info/punjab2017/candidate.php?candidate_id=1261,DASUYA,IND,0,12th Pass,"Rs 3,57,98,300 ~ 3 Crore+","Rs 5,00,000 ~ 5 Lacs+"
733,263,Paramjit Kaur,https://myneta.info/punjab2017/candidate.php?candidate_id=263,BARNALA,BSP,0,10th Pass,"Rs 65,92,825 ~ 65 Lacs+","Rs 13,13,000 ~ 13 Lacs+"
734,761,Paramjit Singh,https://myneta.info/punjab2017/candidate.php?candidate_id=761,BHADAUR (SC),Shiromani Akali Dal (A)(Simranjit Singh Mann),0,10th Pass,"Rs 1,80,000 ~ 1 Lacs+",Rs 0 ~
735,1279,Paramjit Singh,https://myneta.info/punjab2017/candidate.php?candidate_id=1279,HOSHIARPUR,Hindusthan Nirman Dal,0,10th Pass,"Rs 9,05,000 ~ 9 Lacs+",Rs 0 ~
736,146,Paramjit Singh,https://myneta.info/punjab2017/candidate.php?candidate_id=146,HOSHIARPUR,AAP,0,Post Graduate,"Rs 50,08,72,195 ~ 50 Crore+","Rs 86,96,694 ~ 86 Lacs+"
737,109,Paramjit Singh,https://myneta.info/punjab2017/candidate.php?candidate_id=109,KAPURTHALA,SAD,0,Post Graduate,"Rs 1,00,43,698 ~ 1 Crore+","Rs 99,43,517 ~ 99 Lacs+"
738,1036,Paramjit Singh Padda ,https://myneta.info/punjab2017/candidate.php?candidate_id=1036,S.A.S. NAGAR,IND,0,Graduate Professional,https://myneta.info/image_v2.php?myneta_folder=punjab2017&candidate_id=1036&col=ta,https://myneta.info/image_v2.php?myneta_folder=punjab2017&candidate_id=1036&col=lia
739,1030,Paramjit Singh Padda,https://myneta.info/punjab2017/candidate.php?candidate_id=1030,KHARAR,IND,0,Graduate Professional,"Rs 4,09,92,360 ~ 4 Crore+",Rs 0 ~
740,710,Paramjit Singh Sidhu,https://myneta.info/punjab2017/candidate.php?candidate_id=710,RAMPURA PHUL,IND,0,10th Pass,"Rs 1,24,79,552 ~ 1 Crore+","Rs 11,00,000 ~ 11 Lacs+"
741,1229,Paramjot,https://myneta.info/punjab2017/candidate.php?candidate_id=1229,KARTARPUR (SC),Bahujan Samaj Party (Ambedkar),0,10th Pass,"Rs 1,00,000 ~ 1 Lacs+",Rs 0 ~
742,543,Pargat Singh Powar,https://myneta.info/punjab2017/candidate.php?candidate_id=543,JALANDHAR CANTT.,INC,0,Graduate,"Rs 2,38,79,591 ~ 2 Crore+","Rs 49,36,596 ~ 49 Lacs+"
743,777,Parkash Chand Garg,https://myneta.info/punjab2017/candidate.php?candidate_id=777,SANGRUR,SAD,0,8th Pass,"Rs 4,05,68,548 ~ 4 Crore+","Rs 1,48,75,166 ~ 1 Crore+"
744,3,Parkash Singh,https://myneta.info/punjab2017/candidate.php?candidate_id=3,LAMBI,SAD,0,Graduate,"Rs 14,49,82,207 ~ 14 Crore+",Rs 0 ~
745,368,Parkash Singh Bhatti,https://myneta.info/punjab2017/candidate.php?candidate_id=368,BALLUANA (SC),SAD,0,Graduate Professional,"Rs 82,66,700 ~ 82 Lacs+",Rs 0 ~
746,1021,Parminder Kaur ,https://myneta.info/punjab2017/candidate.php?candidate_id=1021,CHAMKAUR SAHIB (SC),Aapna Punjab Party,0,10th Pass,"Rs 26,20,741 ~ 26 Lacs+","Rs 1,19,385 ~ 1 Lacs+"
747,776,Parminder Kaur,https://myneta.info/punjab2017/candidate.php?candidate_id=776,SANGRUR,Aapna Punjab Party,0,Graduate,https://myneta.info/image_v2.php?myneta_folder=punjab2017&candidate_id=776&col=ta,https://myneta.info/image_v2.php?myneta_folder=punjab2017&candidate_id=776&col=lia
748,1353,Parminder Kaur,https://myneta.info/punjab2017/candidate.php?candidate_id=1353,AMRITSAR EAST,IND,0,Illiterate,"Rs 65,05,000 ~ 65 Lacs+","Rs 12,04,970 ~ 12 Lacs+"
749,584,Parminder Sharma,https://myneta.info/punjab2017/candidate.php?candidate_id=584,ANADPUR SAHIB,BJP,0,Graduate Professional,"Rs 1,11,59,584 ~ 1 Crore+","Rs 15,43,044 ~ 15 Lacs+"
750,988,Parminder Singh,https://myneta.info/punjab2017/candidate.php?candidate_id=988,BHAGHA PURANA TEHSIL,IND,0,12th Pass,"Rs 84,32,500 ~ 84 Lacs+",Rs 0 ~
751,1141,Parminder Singh,https://myneta.info/punjab2017/candidate.php?candidate_id=1141,SARDULGARH,AITC,0,10th Pass,"Rs 4,11,000 ~ 4 Lacs+",Rs 0 ~
752,1335,Parminder Singh,https://myneta.info/punjab2017/candidate.php?candidate_id=1335,SHUTRANA (SC),IND,0,10th Pass,"Rs 13,02,000 ~ 13 Lacs+",Rs 0 ~
753,393,Parminder Singh,https://myneta.info/punjab2017/candidate.php?candidate_id=393,LEHRA,SAD,0,Post Graduate,"Rs 9,62,13,974 ~ 9 Crore+",Rs 0 ~
754,1079,Parminder Singh,https://myneta.info/punjab2017/candidate.php?candidate_id=1079,FEROZEPUR CITY,IND,0,Others,"Rs 22,05,547 ~ 22 Lacs+",Rs 0 ~
755,536,Parminder Singh Cheema,https://myneta.info/punjab2017/candidate.php?candidate_id=536,JALANDHAR CENTRAL,Shiromani Akali Dal (A)(Simranjit Singh Mann),0,8th Pass,"Rs 1,13,79,341 ~ 1 Crore+","Rs 5,29,912 ~ 5 Lacs+"
756,623,Parminder Singh Kuki,https://myneta.info/punjab2017/candidate.php?candidate_id=623,LUDHIANA SOUTH,Aapna Punjab Party,0,12th Pass,https://myneta.info/image_v2.php?myneta_folder=punjab2017&candidate_id=623&col=ta,https://myneta.info/image_v2.php?myneta_folder=punjab2017&candidate_id=623&col=lia
757,213,Parminder Singh Pinki,https://myneta.info/punjab2017/candidate.php?candidate_id=213,FEROZEPUR CITY,INC,0,Graduate,"Rs 10,34,81,168 ~ 10 Crore+","Rs 8,10,914 ~ 8 Lacs+"
758,1241,Parmjit Randhawa,https://myneta.info/punjab2017/candidate.php?candidate_id=1241,PHILLAUR (SC),Revolutionary Marxist Party of India,0,8th Pass,"Rs 8,06,950 ~ 8 Lacs+","Rs 23,850 ~ 23 Thou+"
759,1066,Parmjit Singh,https://myneta.info/punjab2017/candidate.php?candidate_id=1066,BALACHAUR,CPI(M),0,12th Pass,"Rs 1,74,219 ~ 1 Lacs+",Rs 0 ~
760,51,Parneet Singh Pandher,https://myneta.info/punjab2017/candidate.php?candidate_id=51,S.A.S. NAGAR,IND,0,Post Graduate,"Rs 2,21,094 ~ 2 Lacs+",Rs 0 ~
761,638,Parveen Bansal,https://myneta.info/punjab2017/candidate.php?candidate_id=638,LUDHIANA NORTH,BJP,0,Graduate,"Rs 1,73,58,935 ~ 1 Crore+","Rs 16,05,000 ~ 16 Lacs+"
762,193,Parveen Dang,https://myneta.info/punjab2017/candidate.php?candidate_id=193,LUDHIANA NORTH,IND,0,Graduate,"Rs 1,45,74,315 ~ 1 Crore+",Rs 0 ~
763,1169,Parveen Hiteshi,https://myneta.info/punjab2017/candidate.php?candidate_id=1169,BATHINDA URBAN,SHS,0,Graduate Professional,"Rs 60,000 ~ 60 Thou+",Rs 0 ~
764,1199,Parveen Nusrat,https://myneta.info/punjab2017/candidate.php?candidate_id=1199,MALERKOTLA,AITC,0,12th Pass,"Rs 1,26,53,100 ~ 1 Crore+",Rs 0 ~
765,571,Pashora Singh,https://myneta.info/punjab2017/candidate.php?candidate_id=571,GARHSHANKAR,Shiromani Akali Dal (A)(Simranjit Singh Mann),0,8th Pass,https://myneta.info/image_v2.php?myneta_folder=punjab2017&candidate_id=571&col=ta,https://myneta.info/image_v2.php?myneta_folder=punjab2017&candidate_id=571&col=lia
766,1062,Paul Ram,https://myneta.info/punjab2017/candidate.php?candidate_id=1062,BANGA (SC),CPI,0,8th Pass,"Rs 5,00,000 ~ 5 Lacs+",Rs 0 ~
767,561,Pawan Kumar Adia,https://myneta.info/punjab2017/candidate.php?candidate_id=561,SHAM CHAURASI (SC),INC,0,10th Pass,"Rs 3,33,45,612 ~ 3 Crore+","Rs 75,23,815 ~ 75 Lacs+"
768,361,Pawan Kumar Tinu,https://myneta.info/punjab2017/candidate.php?candidate_id=361,ADAMPUR (SC),SAD,0,Graduate,"Rs 2,56,07,000 ~ 2 Crore+","Rs 5,87,000 ~ 5 Lacs+"
769,85,Pawan Sareen,https://myneta.info/punjab2017/candidate.php?candidate_id=85,AJNALA,SHS,0,8th Pass,"Rs 43,91,224 ~ 43 Lacs+","Rs 5,06,500 ~ 5 Lacs+"
770,469,Peter Masih,https://myneta.info/punjab2017/candidate.php?candidate_id=469,FATEHGARH CHURIAN,Aapna Punjab Party,0,12th Pass,"Rs 13,60,400 ~ 13 Lacs+",Rs 0 ~
771,759,Pirmal Singh Dhaula,https://myneta.info/punjab2017/candidate.php?candidate_id=759,BHADAUR (SC),AAP,0,12th Pass,"Rs 3,02,457 ~ 3 Lacs+",Rs 0 ~
772,518,Piyara Singh,https://myneta.info/punjab2017/candidate.php?candidate_id=518,SULTANPUR LODHI,BSP,1,10th Pass,"Rs 7,30,198 ~ 7 Lacs+",Rs 0 ~
773,913,Prabodh Chander Bali,https://myneta.info/punjab2017/candidate.php?candidate_id=913,AMRITSAR NORTH,IND,0,Graduate,"Rs 1,65,72,644 ~ 1 Crore+","Rs 27,90,000 ~ 27 Lacs+"
774,642,Prem Bhushan Jain,https://myneta.info/punjab2017/candidate.php?candidate_id=642,LUDHIANA NORTH,SHS,0,Graduate,https://myneta.info/image_v2.php?myneta_folder=punjab2017&candidate_id=642&col=ta,https://myneta.info/image_v2.php?myneta_folder=punjab2017&candidate_id=642&col=lia
775,1119,Prem Singh,https://myneta.info/punjab2017/candidate.php?candidate_id=1119,FARIDKOT,IND,0,8th Pass,"Rs 75,80,167 ~ 75 Lacs+","Rs 70,000 ~ 70 Thou+"
776,950,Prem Singh,https://myneta.info/punjab2017/candidate.php?candidate_id=950,PAYAL (SC),IND,0,5th Pass,"Rs 70,000 ~ 70 Thou+",Rs 0 ~
777,61,Principal Baldev Singh,https://myneta.info/punjab2017/candidate.php?candidate_id=61,MALOUT (SC),AAP,0,Post Graduate,"Rs 87,33,720 ~ 87 Lacs+",Rs 0 ~
778,1017,Pritam Singh,https://myneta.info/punjab2017/candidate.php?candidate_id=1017,ANADPUR SAHIB,IND,0,8th Pass,"Rs 32,55,000 ~ 32 Lacs+",Rs 0 ~
779,1187,Pritam Singh,https://myneta.info/punjab2017/candidate.php?candidate_id=1187,AMARGARH,CPI,0,5th Pass,"Rs 15,26,500 ~ 15 Lacs+",Rs 0 ~
780,714,Pritam Singh,https://myneta.info/punjab2017/candidate.php?candidate_id=714,BHUCHO MANDI (SC),INC,0,10th Pass,"Rs 5,72,38,706 ~ 5 Crore+","Rs 1,25,96,422 ~ 1 Crore+"
781,1086,Prithi Raj,https://myneta.info/punjab2017/candidate.php?candidate_id=1086,ABOHAR,BSP,0,8th Pass,"Rs 1,63,500 ~ 1 Lacs+",Rs 0 ~
782,215,Puran,https://myneta.info/punjab2017/candidate.php?candidate_id=215,FEROZEPUR RURAL (SC),BSP,0,Illiterate,"Rs 10,41,000 ~ 10 Lacs+",Rs 0 ~
783,1316,Puran Chand,https://myneta.info/punjab2017/candidate.php?candidate_id=1316,SANOUR,IND,1,10th Pass,https://myneta.info/image_v2.php?myneta_folder=punjab2017&candidate_id=1316&col=ta,https://myneta.info/image_v2.php?myneta_folder=punjab2017&candidate_id=1316&col=lia
784,1126,Pyara Singh,https://myneta.info/punjab2017/candidate.php?candidate_id=1126,JAITU (SC),RPI(A),0,Illiterate,"Rs 5,00,700 ~ 5 Lacs+",Rs 0 ~
785,901,Rabart Masih,https://myneta.info/punjab2017/candidate.php?candidate_id=901,AJNALA,Aapna Punjab Party,0,12th Pass,"Rs 5,28,000 ~ 5 Lacs+",Rs 0 ~
786,1100,Rachna Kataria,https://myneta.info/punjab2017/candidate.php?candidate_id=1100,FAZILKA,IND,0,12th Pass,"Rs 65,10,009 ~ 65 Lacs+","Rs 5,38,507 ~ 5 Lacs+"
787,481,Rahul Khosla,https://myneta.info/punjab2017/candidate.php?candidate_id=481,AMRITSAR NORTH,Hindustan Shakti Sena,0,8th Pass,"Rs 3,00,000 ~ 3 Lacs+",Rs 0 ~
788,1082,Raj,https://myneta.info/punjab2017/candidate.php?candidate_id=1082,FEROZEPUR CITY,IND,0,10th Pass,"Rs 6,50,000 ~ 6 Lacs+",Rs 0 ~
789,1057,Raj Kumar ,https://myneta.info/punjab2017/candidate.php?candidate_id=1057,NAWAN SHAHR,IND,0,8th Pass,"Rs 84,77,787 ~ 84 Lacs+","Rs 23,15,361 ~ 23 Lacs+"
790,1387,Raj Kumar ,https://myneta.info/punjab2017/candidate.php?candidate_id=1387,DINA NAGAR (SC),BSP,0,8th Pass,"Rs 12,28,000 ~ 12 Lacs+","Rs 2,00,000 ~ 2 Lacs+"
791,1071,Raj Kumar ,https://myneta.info/punjab2017/candidate.php?candidate_id=1071,GURU HAR SAHAI,Aapna Punjab Party,2,8th Pass,"Rs 8,11,100 ~ 8 Lacs+",Rs 0 ~
792,456,Raj Kumar,https://myneta.info/punjab2017/candidate.php?candidate_id=456,DINA NAGAR (SC),IND,0,10th Pass,https://myneta.info/image_v2.php?myneta_folder=punjab2017&candidate_id=456&col=ta,https://myneta.info/image_v2.php?myneta_folder=punjab2017&candidate_id=456&col=lia
793,447,Raj Kumar,https://myneta.info/punjab2017/candidate.php?candidate_id=447,PATHANKOT,AAP,0,10th Pass,"Rs 39,94,539 ~ 39 Lacs+","Rs 14,18,460 ~ 14 Lacs+"
794,159,Raj Kumar,https://myneta.info/punjab2017/candidate.php?candidate_id=159,BALACHAUR,AAP,0,Graduate,"Rs 2,63,95,128 ~ 2 Crore+","Rs 41,25,000 ~ 41 Lacs+"
795,1195,Raj Kumar,https://myneta.info/punjab2017/candidate.php?candidate_id=1195,LEHRA,Democratic Swaraj Party,0,Post Graduate,"Rs 1,27,74,397 ~ 1 Crore+","Rs 29,12,653 ~ 29 Lacs+"
796,1163,Raj Kumar,https://myneta.info/punjab2017/candidate.php?candidate_id=1163,BARNALA,Inqalab Vikas Dal,1,5th Pass,"Rs 1,21,500 ~ 1 Lacs+",Rs 0 ~
797,565,Raj Kumar,https://myneta.info/punjab2017/candidate.php?candidate_id=565,CHABBEWAL (SC),INC,0,Post Graduate,"Rs 17,50,70,150 ~ 17 Crore+","Rs 5,23,26,466 ~ 5 Crore+"
798,95,Raj Kumar Verka,https://myneta.info/punjab2017/candidate.php?candidate_id=95,AMRITSAR WEST (SC),INC,0,12th Pass,"Rs 1,57,09,317 ~ 1 Crore+",Rs 0 ~
799,138,Raj Mal,https://myneta.info/punjab2017/candidate.php?candidate_id=138,MUKERIAN,Aapna Punjab Party,0,Graduate Professional,"Rs 7,71,90,000 ~ 7 Crore+","Rs 9,50,000 ~ 9 Lacs+"
800,1091,Rajdeep Kaur,https://myneta.info/punjab2017/candidate.php?candidate_id=1091,FAZILKA,IND,0,12th Pass,"Rs 58,50,554 ~ 58 Lacs+",Rs 0 ~
801,630,Rajeev Kumar,https://myneta.info/punjab2017/candidate.php?candidate_id=630,LUDHIANA CENTRAL,Democratic Swaraj Party,1,10th Pass,https://myneta.info/image_v2.php?myneta_folder=punjab2017&candidate_id=630&col=ta,https://myneta.info/image_v2.php?myneta_folder=punjab2017&candidate_id=630&col=lia
802,62,Rajesh Garg,https://myneta.info/punjab2017/candidate.php?candidate_id=62,MUKTSAR,Aapna Punjab Party,0,Post Graduate,"Rs 46,32,323 ~ 46 Lacs+",Rs 0 ~
803,820,Rajesh Khokhar,https://myneta.info/punjab2017/candidate.php?candidate_id=820,ATAM NAGAR,IND,0,12th Pass,"Rs 1,31,500 ~ 1 Lacs+",Rs 0 ~
804,99,Rajesh Kumar,https://myneta.info/punjab2017/candidate.php?candidate_id=99,AMRITSAR EAST,BJP,0,Graduate Professional,"Rs 5,85,75,619 ~ 5 Crore+","Rs 6,50,485 ~ 6 Lacs+"
805,910,Rajesh Kumar,https://myneta.info/punjab2017/candidate.php?candidate_id=910,AMRITSAR CENTRAL,BSP,0,5th Pass,"Rs 9,00,000 ~ 9 Lacs+",Rs 0 ~
806,1219,Rajeshwar Kumar,https://myneta.info/punjab2017/candidate.php?candidate_id=1219,JALANDHAR CENTRAL,IND,1,Illiterate,"Rs 84,617 ~ 84 Thou+",Rs 0 ~
807,1081,Rajinder,https://myneta.info/punjab2017/candidate.php?candidate_id=1081,FEROZEPUR CITY,IND,0,8th Pass,"Rs 11,20,000 ~ 11 Lacs+",Rs 0 ~
808,534,Rajinder Beri,https://myneta.info/punjab2017/candidate.php?candidate_id=534,JALANDHAR CENTRAL,INC,0,12th Pass,"Rs 2,16,23,608 ~ 2 Crore+",Rs 0 ~
809,1203,Rajinder Deepa,https://myneta.info/punjab2017/candidate.php?candidate_id=1203,SUNAM,IND,0,Post Graduate,"Rs 16,27,03,000 ~ 16 Crore+","Rs 11,45,000 ~ 11 Lacs+"
810,745,Rajinder Kaur Bhattal,https://myneta.info/punjab2017/candidate.php?candidate_id=745,LEHRA,INC,0,Graduate,https://myneta.info/image_v2.php?myneta_folder=punjab2017&candidate_id=745&col=ta,https://myneta.info/image_v2.php?myneta_folder=punjab2017&candidate_id=745&col=lia
811,1156,Rajinder Kaur Meemsa,https://myneta.info/punjab2017/candidate.php?candidate_id=1156,BHADAUR (SC),IND,0,Graduate,"Rs 34,31,000 ~ 34 Lacs+",Rs 0 ~
812,637,Rajinder Kumar,https://myneta.info/punjab2017/candidate.php?candidate_id=637,LUDHIANA NORTH,BSP,0,10th Pass,"Rs 2,35,000 ~ 2 Lacs+",Rs 0 ~
813,1311,Rajinder Kumar,https://myneta.info/punjab2017/candidate.php?candidate_id=1311,RAJPURA,Aapna Punjab Party,1,12th Pass,"Rs 3,57,421 ~ 3 Lacs+","Rs 5,50,000 ~ 5 Lacs+"
814,894,Rajinder Kumar,https://myneta.info/punjab2017/candidate.php?candidate_id=894,DINA NAGAR (SC),Hindustan Utthan Party,0,12th Pass,"Rs 7,77,500 ~ 7 Lacs+","Rs 40,000 ~ 40 Thou+"
815,1047,Rajinder Singh ,https://myneta.info/punjab2017/candidate.php?candidate_id=1047,AMLOH,IND,0,5th Pass,"Rs 3,85,245 ~ 3 Lacs+",Rs 0 ~
816,1020,Rajinder Singh ,https://myneta.info/punjab2017/candidate.php?candidate_id=1020,CHAMKAUR SAHIB (SC),BSP,0,10th Pass,"Rs 24,29,000 ~ 24 Lacs+",Rs 0 ~
817,1313,Rajinder Singh,https://myneta.info/punjab2017/candidate.php?candidate_id=1313,SAMANA,IND,0,Graduate,"Rs 1,91,46,300 ~ 1 Crore+","Rs 10,00,000 ~ 10 Lacs+"
818,355,Rajinder Singh,https://myneta.info/punjab2017/candidate.php?candidate_id=355,BHOLATH,Shiromani Akali Dal (A)(Simranjit Singh Mann),0,5th Pass,"Rs 10,50,000 ~ 10 Lacs+",Rs 0 ~
819,1391,Rajinder Singh,https://myneta.info/punjab2017/candidate.php?candidate_id=1391,SAMANA,Shiromani Akali Dal (A)(Simranjit Singh Mann),1,12th Pass,https://myneta.info/image_v2.php?myneta_folder=punjab2017&candidate_id=1391&col=ta,https://myneta.info/image_v2.php?myneta_folder=punjab2017&candidate_id=1391&col=lia
820,741,Rajinder Singh,https://myneta.info/punjab2017/candidate.php?candidate_id=741,SARDULGARH,Shiromani Akali Dal (A)(Simranjit Singh Mann),0,10th Pass,"Rs 16,51,000 ~ 16 Lacs+",Rs 0 ~
821,799,Rajinder Singh,https://myneta.info/punjab2017/candidate.php?candidate_id=799,SAMANA,INC,0,Graduate,"Rs 23,21,89,353 ~ 23 Crore+",Rs 0 ~
822,1326,Rajinder Singh,https://myneta.info/punjab2017/candidate.php?candidate_id=1326,SANOUR,SHS,1,12th Pass,"Rs 86,000 ~ 86 Thou+",Rs 0 ~
823,151,Rajinder Singh,https://myneta.info/punjab2017/candidate.php?candidate_id=151,BANGA (SC),BSP,0,12th Pass,"Rs 98,08,990 ~ 98 Lacs+",Rs 0 ~
824,1317,Rajinder Singh Pawar,https://myneta.info/punjab2017/candidate.php?candidate_id=1317,SANOUR,IND,0,10th Pass,"Rs 1,26,94,850 ~ 1 Crore+",Rs 0 ~
825,609,Rajiv Vijan,https://myneta.info/punjab2017/candidate.php?candidate_id=609,KHANNA,Shiromani Akali Dal (A)(Simranjit Singh Mann),0,8th Pass,"Rs 61,30,000 ~ 61 Lacs+","Rs 23,00,000 ~ 23 Lacs+"
826,553,Rajnish Kumar Babbi,https://myneta.info/punjab2017/candidate.php?candidate_id=553,MUKERIAN,INC,0,Graduate,"Rs 4,96,21,737 ~ 4 Crore+","Rs 6,96,584 ~ 6 Lacs+"
827,82,Rajpreet Singh,https://myneta.info/punjab2017/candidate.php?candidate_id=82,AJNALA,AAP,0,Graduate,"Rs 18,39,57,198 ~ 18 Crore+","Rs 34,00,000 ~ 34 Lacs+"
828,34,Rakesh,https://myneta.info/punjab2017/candidate.php?candidate_id=34,FEROZEPUR CITY,BSP,0,12th Pass,https://myneta.info/image_v2.php?myneta_folder=punjab2017&candidate_id=34&col=ta,https://myneta.info/image_v2.php?myneta_folder=punjab2017&candidate_id=34&col=lia
829,96,Rakesh Gill,https://myneta.info/punjab2017/candidate.php?candidate_id=96,AMRITSAR WEST (SC),BJP,0,10th Pass,"Rs 1,25,65,417 ~ 1 Crore+","Rs 7,20,403 ~ 7 Lacs+"
830,845,Rakesh Jain,https://myneta.info/punjab2017/candidate.php?candidate_id=845,LUDHIANA NORTH,IND,0,10th Pass,"Rs 14,45,164 ~ 14 Lacs+","Rs 3,20,000 ~ 3 Lacs+"
831,640,Rakesh Pandey,https://myneta.info/punjab2017/candidate.php?candidate_id=640,LUDHIANA NORTH,INC,0,10th Pass,"Rs 3,26,09,825 ~ 3 Crore+","Rs 34,87,694 ~ 34 Lacs+"
832,42,Ram Dass,https://myneta.info/punjab2017/candidate.php?candidate_id=42,LEHRA,BSP,0,10th Pass,"Rs 4,58,500 ~ 4 Lacs+",Rs 0 ~
833,822,Ram Kishor,https://myneta.info/punjab2017/candidate.php?candidate_id=822,ATAM NAGAR,IND,0,12th Pass,"Rs 1,39,532 ~ 1 Lacs+",Rs 0 ~
834,1083,Ram Kumar,https://myneta.info/punjab2017/candidate.php?candidate_id=1083,ABOHAR,Revolutionary Marxist Party of India,0,5th Pass,"Rs 6,74,500 ~ 6 Lacs+",Rs 0 ~
835,854,Ram Kumar,https://myneta.info/punjab2017/candidate.php?candidate_id=854,LUDHIANA WEST,Lokpriya Samaj Party,0,8th Pass,"Rs 16,954 ~ 16 Thou+",Rs 0 ~
836,758,Ram Singh,https://myneta.info/punjab2017/candidate.php?candidate_id=758,SUNAM,BSP,0,10th Pass,"Rs 1,20,000 ~ 1 Lacs+",Rs 0 ~
837,178,Ram Singh,https://myneta.info/punjab2017/candidate.php?candidate_id=178,AMLOH,BSP,0,5th Pass,https://myneta.info/image_v2.php?myneta_folder=punjab2017&candidate_id=178&col=ta,https://myneta.info/image_v2.php?myneta_folder=punjab2017&candidate_id=178&col=lia
838,897,Raman Kumar,https://myneta.info/punjab2017/candidate.php?candidate_id=897,QADIAN,Hindustan Utthan Party,0,10th Pass,"Rs 4,11,000 ~ 4 Lacs+",Rs 0 ~
839,150,Raman Kumar,https://myneta.info/punjab2017/candidate.php?candidate_id=150,CHABBEWAL (SC),AAP,0,12th Pass,"Rs 12,93,977 ~ 12 Lacs+","Rs 24,00,000 ~ 24 Lacs+"
840,353,Raman Kumar,https://myneta.info/punjab2017/candidate.php?candidate_id=353,BHOLATH,NCP,2,12th Pass,"Rs 1,21,93,427 ~ 1 Crore+","Rs 8,14,811 ~ 8 Lacs+"
841,872,Raman Pal,https://myneta.info/punjab2017/candidate.php?candidate_id=872,PATHANKOT,IND,0,Graduate,"Rs 1,58,500 ~ 1 Lacs+",Rs 0 ~
842,506,Ramanjeet Singh Sahota Sikki,https://myneta.info/punjab2017/candidate.php?candidate_id=506,KHADOOR SAHIB,INC,0,Graduate,"Rs 18,89,29,122 ~ 18 Crore+","Rs 1,12,31,355 ~ 1 Crore+"
843,207,Ramesh Grover,https://myneta.info/punjab2017/candidate.php?candidate_id=207,MOGA,AAP,0,Graduate Professional,"Rs 1,59,79,823 ~ 1 Crore+","Rs 33,75,276 ~ 33 Lacs+"
844,1099,Ramesh Kataria,https://myneta.info/punjab2017/candidate.php?candidate_id=1099,FAZILKA,IND,0,10th Pass,"Rs 65,10,009 ~ 65 Lacs+","Rs 5,38,507 ~ 5 Lacs+"
845,229,Ramesh Kumar,https://myneta.info/punjab2017/candidate.php?candidate_id=229,KOTKAPURA,IND,0,5th Pass,"Rs 18,82,157 ~ 18 Lacs+",Rs 0 ~
846,810,Ramesh Kumar,https://myneta.info/punjab2017/candidate.php?candidate_id=810,LUDHIANA EAST,IND,0,8th Pass,https://myneta.info/image_v2.php?myneta_folder=punjab2017&candidate_id=810&col=ta,https://myneta.info/image_v2.php?myneta_folder=punjab2017&candidate_id=810&col=lia
847,1319,Ramesh Singh,https://myneta.info/punjab2017/candidate.php?candidate_id=1319,SANOUR,CPI(M),0,10th Pass,"Rs 50,80,000 ~ 50 Lacs+","Rs 9,00,000 ~ 9 Lacs+"
848,952,Rampal Singh,https://myneta.info/punjab2017/candidate.php?candidate_id=952,PAYAL (SC),Aapna Punjab Party,0,Graduate,Nil,Rs 0 ~
849,516,Rana Gurjit Singh,https://myneta.info/punjab2017/candidate.php?candidate_id=516,KAPURTHALA,INC,0,10th Pass,"Rs 1,69,89,60,000 ~ 169 Crore+","Rs 81,71,22,000 ~ 81 Crore+"
850,603,Randeep Singh,https://myneta.info/punjab2017/candidate.php?candidate_id=603,AMLOH,INC,0,Graduate,"Rs 13,74,26,600 ~ 13 Crore+",Rs 0 ~
851,756,Randhir Singh,https://myneta.info/punjab2017/candidate.php?candidate_id=756,SUNAM,Aapna Punjab Party,1,10th Pass,"Rs 1,54,28,000 ~ 1 Crore+","Rs 36,46,798 ~ 36 Lacs+"
852,963,Randhir Singh,https://myneta.info/punjab2017/candidate.php?candidate_id=963,SAHNEWAL,Bahujan Sangharshh Dal,0,8th Pass,"Rs 6,87,000 ~ 6 Lacs+",Rs 0 ~
853,641,Randhir Singh Sivia,https://myneta.info/punjab2017/candidate.php?candidate_id=641,LUDHIANA NORTH,Lok Insaaf Party,2,10th Pass,"Rs 18,29,50,712 ~ 18 Crore+","Rs 29,12,852 ~ 29 Lacs+"
854,1011,Ranjeet Singh,https://myneta.info/punjab2017/candidate.php?candidate_id=1011,NIHAL SINGH WALA (SC),IND,0,12th Pass,"Rs 17,30,000 ~ 17 Lacs+",Rs 0 ~
855,1298,Ranjit Kaur,https://myneta.info/punjab2017/candidate.php?candidate_id=1298,PATIALA RURAL,Bharatiya Gaon Taj Dal,0,12th Pass,https://myneta.info/image_v2.php?myneta_folder=punjab2017&candidate_id=1298&col=ta,https://myneta.info/image_v2.php?myneta_folder=punjab2017&candidate_id=1298&col=lia
856,742,Ranjit Kaur Bhatti,https://myneta.info/punjab2017/candidate.php?candidate_id=742,BUDHALADA (SC),INC,0,10th Pass,"Rs 2,48,34,894 ~ 2 Crore+","Rs 6,25,000 ~ 6 Lacs+"
857,1297,Ranjit Kaur Thuhi,https://myneta.info/punjab2017/candidate.php?candidate_id=1297,NABHA (SC),IND,0,5th Pass,"Rs 6,70,000 ~ 6 Lacs+",Rs 0 ~
858,12,Ranjit Singh,https://myneta.info/punjab2017/candidate.php?candidate_id=12,MANSA,CPI(ML)(L),0,10th Pass,"Rs 72,08,600 ~ 72 Lacs+","Rs 9,50,000 ~ 9 Lacs+"
859,743,Ranjit Singh,https://myneta.info/punjab2017/candidate.php?candidate_id=743,BUDHALADA (SC),Shiromani Akali Dal (A)(Simranjit Singh Mann),0,5th Pass,"Rs 5,21,250 ~ 5 Lacs+",Rs 0 ~
860,390,Ranjit Singh,https://myneta.info/punjab2017/candidate.php?candidate_id=390,KHANNA,SAD,0,10th Pass,"Rs 4,12,53,180 ~ 4 Crore+",Rs 0 ~
861,502,Ranjit Singh Cheema,https://myneta.info/punjab2017/candidate.php?candidate_id=502,PATTI,AAP,0,12th Pass,"Rs 23,16,023 ~ 23 Lacs+","Rs 9,60,000 ~ 9 Lacs+"
862,394,Ranjit Singh Dhillon,https://myneta.info/punjab2017/candidate.php?candidate_id=394,LUDHIANA EAST,SAD,0,Others,"Rs 4,75,11,762 ~ 4 Crore+","Rs 11,94,859 ~ 11 Lacs+"
863,391,Ranjit Singh Gill,https://myneta.info/punjab2017/candidate.php?candidate_id=391,KHARAR,SAD,0,Graduate,"Rs 34,44,20,870 ~ 34 Crore+","Rs 1,45,50,450 ~ 1 Crore+"
864,1389,Ranjit Singh Rana,https://myneta.info/punjab2017/candidate.php?candidate_id=1389,BHOLATH,INC,0,12th Pass,https://myneta.info/image_v2.php?myneta_folder=punjab2017&candidate_id=1389&col=ta,https://myneta.info/image_v2.php?myneta_folder=punjab2017&candidate_id=1389&col=lia
865,533,Ranvir Singh,https://myneta.info/punjab2017/candidate.php?candidate_id=533,JALANDHAR CENTRAL,NCP,0,10th Pass,"Rs 3,49,000 ~ 3 Lacs+",Rs 0 ~
866,905,Rattan Singh,https://myneta.info/punjab2017/candidate.php?candidate_id=905,AJNALA,IND,0,Illiterate,"Rs 6,85,000 ~ 6 Lacs+",Rs 0 ~
867,873,Ravi Kumar,https://myneta.info/punjab2017/candidate.php?candidate_id=873,PATHANKOT,Hindustan Utthan Party,0,5th Pass,"Rs 8,73,659 ~ 8 Lacs+",Rs 0 ~
868,821,Ravi Kumar Vaid,https://myneta.info/punjab2017/candidate.php?candidate_id=821,ATAM NAGAR,Swabhiman Party,0,12th Pass,"Rs 11,150 ~ 11 Thou+",Rs 0 ~
869,1307,Ravinder Jain,https://myneta.info/punjab2017/candidate.php?candidate_id=1307,RAJPURA,BSP,1,8th Pass,"Rs 3,68,74,376 ~ 3 Crore+","Rs 50,24,298 ~ 50 Lacs+"
870,45,Ravinder Pal Kaur,https://myneta.info/punjab2017/candidate.php?candidate_id=45,FARIDKOT,Democratic Swaraj Party,0,10th Pass,"Rs 1,83,19,749 ~ 1 Crore+","Rs 6,11,740 ~ 6 Lacs+"
871,389,Ravinder Singh Brahampura,https://myneta.info/punjab2017/candidate.php?candidate_id=389,KHADOOR SAHIB,SAD,0,Graduate,"Rs 12,11,11,005 ~ 12 Crore+","Rs 3,56,60,395 ~ 3 Crore+"
872,144,Ravjot Singh,https://myneta.info/punjab2017/candidate.php?candidate_id=144,SHAM CHAURASI (SC),AAP,0,Post Graduate,"Rs 2,40,96,770 ~ 2 Crore+","Rs 1,23,83,548 ~ 1 Crore+"
873,679,Ravneet Singh Bittu,https://myneta.info/punjab2017/candidate.php?candidate_id=679,JALALABAD,INC,2,12th Pass,https://myneta.info/image_v2.php?myneta_folder=punjab2017&candidate_id=679&col=ta,https://myneta.info/image_v2.php?myneta_folder=punjab2017&candidate_id=679&col=lia
874,267,Razia Sultana,https://myneta.info/punjab2017/candidate.php?candidate_id=267,MALERKOTLA,INC,0,10th Pass,"Rs 10,33,68,282 ~ 10 Crore+","Rs 1,50,00,000 ~ 1 Crore+"
875,1001,Rekha Kapoor,https://myneta.info/punjab2017/candidate.php?candidate_id=1001,MOGA,IND,0,12th Pass,"Rs 4,80,000 ~ 4 Lacs+","Rs 40,000 ~ 40 Thou+"
876,1305,Resham Kahlon,https://myneta.info/punjab2017/candidate.php?candidate_id=1305,PATIALA RURAL,IND,0,Illiterate,"Rs 50,000 ~ 50 Thou+",Rs 0 ~
877,699,Resham Singh,https://myneta.info/punjab2017/candidate.php?candidate_id=699,MALOUT (SC),IND,0,8th Pass,"Rs 23,30,000 ~ 23 Lacs+",Rs 0 ~
878,1115,Ripendeep Kaur,https://myneta.info/punjab2017/candidate.php?candidate_id=1115,MUKTSAR,IND,0,Post Graduate,"Rs 6,01,30,874 ~ 6 Crore+","Rs 14,00,000 ~ 14 Lacs+"
879,303,Rohit Gupta,https://myneta.info/punjab2017/candidate.php?candidate_id=303,QADIAN,Hindustan Shakti Sena,0,12th Pass,"Rs 44,03,000 ~ 44 Lacs+",Rs 0 ~
880,1217,Rohit Joshi,https://myneta.info/punjab2017/candidate.php?candidate_id=1217,JALANDHAR CENTRAL,SHS,0,12th Pass,"Rs 3,96,731 ~ 3 Lacs+","Rs 30,000 ~ 30 Thou+"
881,879,Romesh Singh Jasrotia,https://myneta.info/punjab2017/candidate.php?candidate_id=879,SUJANPUR,Aapna Punjab Party,0,10th Pass,"Rs 54,52,985 ~ 54 Lacs+",Rs 0 ~
882,919,Roop Lal,https://myneta.info/punjab2017/candidate.php?candidate_id=919,AMRITSAR NORTH,IND,0,Not Given,https://myneta.info/image_v2.php?myneta_folder=punjab2017&candidate_id=919&col=ta,https://myneta.info/image_v2.php?myneta_folder=punjab2017&candidate_id=919&col=lia
883,721,Rupinder Kaur Ruby,https://myneta.info/punjab2017/candidate.php?candidate_id=721,BATHINDA RURAL (SC),AAP,0,Post Graduate,"Rs 1,74,831 ~ 1 Lacs+",Rs 0 ~
884,203,S.r. Kaler,https://myneta.info/punjab2017/candidate.php?candidate_id=203,NIHAL SINGH WALA (SC),SAD,0,Graduate,"Rs 2,61,81,564 ~ 2 Crore+","Rs 49,02,200 ~ 49 Lacs+"
885,586,Sachin Kumar,https://myneta.info/punjab2017/candidate.php?candidate_id=586,RUPNAGAR,IND,1,Graduate,"Rs 43,06,584 ~ 43 Lacs+",Rs 0 ~
886,781,Sadhu Singh,https://myneta.info/punjab2017/candidate.php?candidate_id=781,NABHA (SC),INC,0,10th Pass,"Rs 82,87,433 ~ 82 Lacs+",Rs 0 ~
887,1197,Saful Islam,https://myneta.info/punjab2017/candidate.php?candidate_id=1197,MALERKOTLA,IND,0,10th Pass,"Rs 5,49,246 ~ 5 Lacs+","Rs 1,70,000 ~ 1 Lacs+"
888,757,Sahbaj Singh,https://myneta.info/punjab2017/candidate.php?candidate_id=757,SUNAM,Shiromani Akali Dal (A)(Simranjit Singh Mann),0,Graduate Professional,"Rs 2,52,58,953 ~ 2 Crore+","Rs 8,00,000 ~ 8 Lacs+"
889,1073,Sajan,https://myneta.info/punjab2017/candidate.php?candidate_id=1073,FEROZEPUR RURAL (SC),IND,0,12th Pass,"Rs 1,86,000 ~ 1 Lacs+",Rs 0 ~
890,112,Sajjan Singh Cheema,https://myneta.info/punjab2017/candidate.php?candidate_id=112,SULTANPUR LODHI,AAP,0,Graduate,"Rs 1,65,70,440 ~ 1 Crore+","Rs 5,50,000 ~ 5 Lacs+"
891,680,Samarbir Singh Sidhu,https://myneta.info/punjab2017/candidate.php?candidate_id=680,FAZILKA,AAP,0,12th Pass,https://myneta.info/image_v2.php?myneta_folder=punjab2017&candidate_id=680&col=ta,https://myneta.info/image_v2.php?myneta_folder=punjab2017&candidate_id=680&col=lia
892,855,Samser Singh,https://myneta.info/punjab2017/candidate.php?candidate_id=855,PAYAL (SC),IND,0,8th Pass,"Rs 8,05,000 ~ 8 Lacs+",Rs 0 ~
893,1049,Samunder Singh ,https://myneta.info/punjab2017/candidate.php?candidate_id=1049,BASSI PATHANA (SC),Samaj Adhikar Kalyan Party,0,8th Pass,"Rs 86,65,000 ~ 86 Lacs+","Rs 6,16,620 ~ 6 Lacs+"
894,514,Sandeep Bajaj,https://myneta.info/punjab2017/candidate.php?candidate_id=514,KAPURTHALA,IND,0,12th Pass,"Rs 1,22,23,216 ~ 1 Crore+","Rs 28,81,900 ~ 28 Lacs+"
895,449,Sandeep Kumar,https://myneta.info/punjab2017/candidate.php?candidate_id=449,GURDASPUR,Hindustan Shakti Sena,0,10th Pass,"Rs 25,28,000 ~ 25 Lacs+",Rs 0 ~
896,1350,Sandeep Singh,https://myneta.info/punjab2017/candidate.php?candidate_id=1350,AMRITSAR EAST,RPI(A),0,Graduate,"Rs 84,45,000 ~ 84 Lacs+","Rs 52,90,000 ~ 52 Lacs+"
897,951,Sandeep Singh,https://myneta.info/punjab2017/candidate.php?candidate_id=951,PAYAL (SC),AITC,0,10th Pass,Nil,Rs 0 ~
898,1381,Sandeep Singh,https://myneta.info/punjab2017/candidate.php?candidate_id=1381,GURU HAR SAHAI,IND,0,Graduate,"Rs 70,000 ~ 70 Thou+",Rs 0 ~
899,663,Sandhura Singh,https://myneta.info/punjab2017/candidate.php?candidate_id=663,MOGA,AITC,0,10th Pass,"Rs 90,13,802 ~ 90 Lacs+","Rs 4,82,000 ~ 4 Lacs+"
900,420,Sangat Singh,https://myneta.info/punjab2017/candidate.php?candidate_id=420,URMAR,INC,0,8th Pass,https://myneta.info/image_v2.php?myneta_folder=punjab2017&candidate_id=420&col=ta,https://myneta.info/image_v2.php?myneta_folder=punjab2017&candidate_id=420&col=lia
901,1243,Sanjay Kumar Shalu,https://myneta.info/punjab2017/candidate.php?candidate_id=1243,PHILLAUR (SC),Lok Insaaf Party,0,Graduate,"Rs 7,99,121 ~ 7 Lacs+",Rs 0 ~
902,162,Sanjeev Gautam,https://myneta.info/punjab2017/candidate.php?candidate_id=162,ANADPUR SAHIB,AAP,0,Others,"Rs 2,03,92,453 ~ 2 Crore+","Rs 5,27,605 ~ 5 Lacs+"
903,1029,Sanjeev Kumar,https://myneta.info/punjab2017/candidate.php?candidate_id=1029,KHARAR,IND,0,8th Pass,"Rs 30,87,700 ~ 30 Lacs+","Rs 9,60,000 ~ 9 Lacs+"
904,305,Sanjeev Kumar Malhan,https://myneta.info/punjab2017/candidate.php?candidate_id=305,BATALA,IND,0,Post Graduate,"Rs 23,00,000 ~ 23 Lacs+","Rs 1,21,670 ~ 1 Lacs+"
905,622,Sanjeev Talwar,https://myneta.info/punjab2017/candidate.php?candidate_id=622,LUDHIANA EAST,INC,1,Graduate,"Rs 11,50,71,031 ~ 11 Crore+","Rs 1,26,17,000 ~ 1 Crore+"
906,1042,Sanjiv Kumar Pilot ,https://myneta.info/punjab2017/candidate.php?candidate_id=1042,AMLOH,Hindustan Shakti Sena,1,10th Pass,"Rs 3,40,346 ~ 3 Lacs+",Rs 0 ~
907,1358,Sant Baldev Singh Rathor,https://myneta.info/punjab2017/candidate.php?candidate_id=1358,AMRITSAR EAST,Akhil Bharatiya Sangharsh Dal,0,10th Pass,"Rs 37,08,000 ~ 37 Lacs+","Rs 11,96,563 ~ 11 Lacs+"
908,373,Sant Balvir Singh Ghunas,https://myneta.info/punjab2017/candidate.php?candidate_id=373,BHADAUR (SC),SAD,0,5th Pass,"Rs 1,44,71,495 ~ 1 Crore+","Rs 13,10,033 ~ 13 Lacs+"
909,1165,Sant Lal,https://myneta.info/punjab2017/candidate.php?candidate_id=1165,BATHINDA URBAN,Bahujan Mukti Party,0,10th Pass,https://myneta.info/image_v2.php?myneta_folder=punjab2017&candidate_id=1165&col=ta,https://myneta.info/image_v2.php?myneta_folder=punjab2017&candidate_id=1165&col=lia
910,416,Santa Singh,https://myneta.info/punjab2017/candidate.php?candidate_id=416,SAMRALA,SAD,0,Post Graduate,"Rs 1,28,60,428 ~ 1 Crore+","Rs 32,87,782 ~ 32 Lacs+"
911,1236,Santokh Singh,https://myneta.info/punjab2017/candidate.php?candidate_id=1236,NAKODAR,Revolutionary Marxist Party of India,0,12th Pass,"Rs 74,29,000 ~ 74 Lacs+","Rs 3,00,000 ~ 3 Lacs+"
912,172,Santokh Singh,https://myneta.info/punjab2017/candidate.php?candidate_id=172,BASSI PATHANA (SC),AAP,0,12th Pass,"Rs 14,70,197 ~ 14 Lacs+",Rs 0 ~
913,434,Santokh Singh,https://myneta.info/punjab2017/candidate.php?candidate_id=434,BABA BAKALA (SC),INC,1,10th Pass,"Rs 36,87,024 ~ 36 Lacs+",Rs 0 ~
914,1277,Santokh Singh,https://myneta.info/punjab2017/candidate.php?candidate_id=1277,HOSHIARPUR,IND,0,Graduate Professional,"Rs 3,72,29,324 ~ 3 Crore+","Rs 28,61,350 ~ 28 Lacs+"
915,883,Santosh Kumar,https://myneta.info/punjab2017/candidate.php?candidate_id=883,BATALA,IND,0,10th Pass,"Rs 22,00,000 ~ 22 Lacs+",Rs 0 ~
916,787,Sarabjit Kaur,https://myneta.info/punjab2017/candidate.php?candidate_id=787,DERA BASSI,AAP,0,Graduate,"Rs 11,24,14,569 ~ 11 Crore+","Rs 11,57,546 ~ 11 Lacs+"
917,81,Sarabjit Singh,https://myneta.info/punjab2017/candidate.php?candidate_id=81,SRI HARGOBINDPUR (SC),IND,0,10th Pass,Nil,Rs 0 ~
918,917,Sarabjit Singh,https://myneta.info/punjab2017/candidate.php?candidate_id=917,AMRITSAR NORTH,IND,0,12th Pass,https://myneta.info/image_v2.php?myneta_folder=punjab2017&candidate_id=917&col=ta,https://myneta.info/image_v2.php?myneta_folder=punjab2017&candidate_id=917&col=lia
919,1151,Sarabjit Singh,https://myneta.info/punjab2017/candidate.php?candidate_id=1151,MEHAL KALAN (SC),Bahujan Mukti Party,0,10th Pass,"Rs 18,30,000 ~ 18 Lacs+",Rs 0 ~
920,920,Sarabjit Singh,https://myneta.info/punjab2017/candidate.php?candidate_id=920,AMRITSAR SOUTH,IND,0,12th Pass,"Rs 3,42,18,090 ~ 3 Crore+",Rs 0 ~
921,578,Sarabjit Singh,https://myneta.info/punjab2017/candidate.php?candidate_id=578,BANGA (SC),Aapna Punjab Party,0,12th Pass,"Rs 3,12,174 ~ 3 Lacs+","Rs 1,50,000 ~ 1 Lacs+"
922,386,Sarabjit Singh Makkar,https://myneta.info/punjab2017/candidate.php?candidate_id=386,JALANDHAR CANTT.,SAD,0,8th Pass,"Rs 59,99,09,688 ~ 59 Crore+","Rs 2,87,54,496 ~ 2 Crore+"
923,1368,Sarabjot Singh,https://myneta.info/punjab2017/candidate.php?candidate_id=1368,AMRITSAR EAST,AAP,0,Graduate Professional,"Rs 2,01,17,833 ~ 2 Crore+","Rs 40,39,333 ~ 40 Lacs+"
924,654,Saravjit Kaur,https://myneta.info/punjab2017/candidate.php?candidate_id=654,JAGRAON (SC),AAP,0,Post Graduate,"Rs 8,56,287 ~ 8 Lacs+","Rs 2,80,000 ~ 2 Lacs+"
925,612,Sarbans Singh,https://myneta.info/punjab2017/candidate.php?candidate_id=612,SAMRALA,AAP,0,12th Pass,"Rs 55,32,140 ~ 55 Lacs+","Rs 1,34,201 ~ 1 Lacs+"
926,939,Sarbjit Kumar ,https://myneta.info/punjab2017/candidate.php?candidate_id=939,ATTARI (SC),Bahujan Samaj Party (Ambedkar),0,10th Pass,"Rs 11,17,000 ~ 11 Lacs+","Rs 5,00,000 ~ 5 Lacs+"
927,1033,Sarbjit Singh ,https://myneta.info/punjab2017/candidate.php?candidate_id=1033,S.A.S. NAGAR,BSP,0,Post Graduate,https://myneta.info/image_v2.php?myneta_folder=punjab2017&candidate_id=1033&col=ta,https://myneta.info/image_v2.php?myneta_folder=punjab2017&candidate_id=1033&col=lia
928,66,Sarbjit Singh,https://myneta.info/punjab2017/candidate.php?candidate_id=66,PATIALA,IND,0,12th Pass,"Rs 1,65,000 ~ 1 Lacs+","Rs 18,500 ~ 18 Thou+"
929,1269,Sarbjit Singh,https://myneta.info/punjab2017/candidate.php?candidate_id=1269,DASUYA,Hindustan Shakti Sena,0,10th Pass,"Rs 21,90,000 ~ 21 Lacs+",Rs 0 ~
930,1328,Sardeep Singh,https://myneta.info/punjab2017/candidate.php?candidate_id=1328,SHUTRANA (SC),BSP,0,12th Pass,"Rs 7,10,100 ~ 7 Lacs+",Rs 0 ~
931,970,Sardool Singh,https://myneta.info/punjab2017/candidate.php?candidate_id=970,RAJA SANSI,Democratic Party of India (Ambedkar),0,12th Pass,"Rs 15,22,000 ~ 15 Lacs+",Rs 0 ~
932,117,Saroop Singh Kadiana,https://myneta.info/punjab2017/candidate.php?candidate_id=117,PHILLAUR (SC),AAP,0,10th Pass,"Rs 40,23,184 ~ 40 Lacs+","Rs 40,224 ~ 40 Thou+"
933,371,Sarup Chand Singla,https://myneta.info/punjab2017/candidate.php?candidate_id=371,BATHINDA URBAN,SAD,0,8th Pass,"Rs 13,59,00,107 ~ 13 Crore+","Rs 93,16,100 ~ 93 Lacs+"
934,455,Sarwan Singh,https://myneta.info/punjab2017/candidate.php?candidate_id=455,DINA NAGAR (SC),Aapna Punjab Party,0,10th Pass,"Rs 22,30,000 ~ 22 Lacs+",Rs 0 ~
935,520,Sarwan Singh,https://myneta.info/punjab2017/candidate.php?candidate_id=520,NAKODAR,AAP,0,10th Pass,"Rs 1,73,07,196 ~ 1 Crore+","Rs 8,71,390 ~ 8 Lacs+"
936,448,Sat Pal,https://myneta.info/punjab2017/candidate.php?candidate_id=448,PATHANKOT,SHS,0,10th Pass,https://myneta.info/image_v2.php?myneta_folder=punjab2017&candidate_id=448&col=ta,https://myneta.info/image_v2.php?myneta_folder=punjab2017&candidate_id=448&col=lia
937,388,Sat Paul,https://myneta.info/punjab2017/candidate.php?candidate_id=388,KARTARPUR (SC),SAD,0,12th Pass,"Rs 4,38,66,857 ~ 4 Crore+","Rs 2,08,95,220 ~ 2 Crore+"
938,15,Satbir Singh Khatra,https://myneta.info/punjab2017/candidate.php?candidate_id=15,PATIALA RURAL,SAD,0,Post Graduate,"Rs 8,93,16,883 ~ 8 Crore+","Rs 1,34,93,474 ~ 1 Crore+"
939,39,Satish Kumar,https://myneta.info/punjab2017/candidate.php?candidate_id=39,BATHINDA URBAN,IND,0,Graduate Professional,"Rs 3,30,34,000 ~ 3 Crore+","Rs 17,00,000 ~ 17 Lacs+"
940,686,Satish Kumar,https://myneta.info/punjab2017/candidate.php?candidate_id=686,BALLUANA (SC),BSP,0,10th Pass,"Rs 3,14,325 ~ 3 Lacs+",Rs 0 ~
941,979,Satish Kumar Nahar,https://myneta.info/punjab2017/candidate.php?candidate_id=979,KAPURTHALA,Rashtriya Krantikari Samajwadi Party,4,12th Pass,"Rs 2,000 ~ 2 Thou+",Rs 0 ~
942,560,Satish Lamba,https://myneta.info/punjab2017/candidate.php?candidate_id=560,SHAM CHAURASI (SC),Aapna Punjab Party,0,Graduate Professional,"Rs 28,40,000 ~ 28 Lacs+","Rs 6,00,000 ~ 6 Lacs+"
943,670,Satkar Kaur,https://myneta.info/punjab2017/candidate.php?candidate_id=670,FEROZEPUR RURAL (SC),INC,0,12th Pass,"Rs 21,30,000 ~ 21 Lacs+",Rs 0 ~
944,906,Satnam Singh,https://myneta.info/punjab2017/candidate.php?candidate_id=906,AJNALA,Bahujan Samaj Party (Ambedkar),0,5th Pass,"Rs 55,000 ~ 55 Thou+",Rs 0 ~
945,935,Satnam Singh,https://myneta.info/punjab2017/candidate.php?candidate_id=935,AMRITSAR WEST (SC),Akhil Bharatiya Sangharsh Dal,0,10th Pass,https://myneta.info/image_v2.php?myneta_folder=punjab2017&candidate_id=935&col=ta,https://myneta.info/image_v2.php?myneta_folder=punjab2017&candidate_id=935&col=lia
946,576,Satnam Singh Kainth,https://myneta.info/punjab2017/candidate.php?candidate_id=576,BANGA (SC),INC,0,Graduate,"Rs 1,25,03,781 ~ 1 Crore+","Rs 4,07,941 ~ 4 Lacs+"
947,356,Satpal,https://myneta.info/punjab2017/candidate.php?candidate_id=356,BHOLATH,BSP,0,5th Pass,"Rs 9,59,246 ~ 9 Lacs+","Rs 15,000 ~ 15 Thou+"
948,359,Satpal Keemti,https://myneta.info/punjab2017/candidate.php?candidate_id=359,BHOLATH,Democratic Party of India (Ambedkar),0,Illiterate,"Rs 20,000 ~ 20 Thou+",Rs 0 ~
949,478,Satpal Singh Pakhoke,https://myneta.info/punjab2017/candidate.php?candidate_id=478,JANDIALA (SC),BSP,0,12th Pass,"Rs 7,04,000 ~ 7 Lacs+","Rs 1,73,000 ~ 1 Lacs+"
950,1194,Satwant Singh,https://myneta.info/punjab2017/candidate.php?candidate_id=1194,LEHRA,CPI,0,12th Pass,"Rs 2,36,07,326 ~ 2 Crore+","Rs 50,00,000 ~ 50 Lacs+"
951,618,Satwinder Kaur,https://myneta.info/punjab2017/candidate.php?candidate_id=618,SAHNEWAL,INC,0,Graduate,"Rs 8,50,16,353 ~ 8 Crore+","Rs 31,57,520 ~ 31 Lacs+"
952,881,Saurab Dubey,https://myneta.info/punjab2017/candidate.php?candidate_id=881,SUJANPUR,SHS,0,Graduate,"Rs 2,02,000 ~ 2 Lacs+",Rs 0 ~
953,1157,Savaran Singh,https://myneta.info/punjab2017/candidate.php?candidate_id=1157,BHADAUR (SC),CPI(ML)(L),0,Literate,"Rs 5,04,500 ~ 5 Lacs+",Rs 0 ~
954,301,Seema Kumari,https://myneta.info/punjab2017/candidate.php?candidate_id=301,BHOA (SC),BJP,0,5th Pass,https://myneta.info/image_v2.php?myneta_folder=punjab2017&candidate_id=301&col=ta,https://myneta.info/image_v2.php?myneta_folder=punjab2017&candidate_id=301&col=lia
955,408,Sewa Singh,https://myneta.info/punjab2017/candidate.php?candidate_id=408,QADIAN,SAD,0,Graduate,"Rs 3,28,69,255 ~ 3 Crore+",Rs 0 ~
956,550,Sewa Singh,https://myneta.info/punjab2017/candidate.php?candidate_id=550,ADAMPUR (SC),BSP,0,10th Pass,"Rs 14,72,089 ~ 14 Lacs+","Rs 4,31,216 ~ 4 Lacs+"
957,1382,Sham Lal,https://myneta.info/punjab2017/candidate.php?candidate_id=1382,GURU HAR SAHAI,IND,0,Illiterate,"Rs 4,70,500 ~ 4 Lacs+",Rs 0 ~
958,932,Sham Lal Gandhiwadi,https://myneta.info/punjab2017/candidate.php?candidate_id=932,AMRITSAR WEST (SC),Democratic Congress Party,0,Illiterate,"Rs 35,439 ~ 35 Thou+",Rs 0 ~
959,1192,Sham Singh,https://myneta.info/punjab2017/candidate.php?candidate_id=1192,LEHRA,IND,0,8th Pass,"Rs 9,86,80,000 ~ 9 Crore+","Rs 11,00,000 ~ 11 Lacs+"
960,1302,Shaminder Kaur,https://myneta.info/punjab2017/candidate.php?candidate_id=1302,PATIALA RURAL,Aapna Punjab Party,0,Graduate,"Rs 3,67,21,959 ~ 3 Crore+","Rs 30,01,047 ~ 30 Lacs+"
961,764,Shamshad Ali,https://myneta.info/punjab2017/candidate.php?candidate_id=764,MALERKOTLA,BSP,0,10th Pass,"Rs 36,54,348 ~ 36 Lacs+","Rs 4,00,000 ~ 4 Lacs+"
962,818,Shamsher Singh Grewal,https://myneta.info/punjab2017/candidate.php?candidate_id=818,ATAM NAGAR,IND,0,8th Pass,"Rs 3,45,000 ~ 3 Lacs+",Rs 0 ~
963,1304,Shankar Bharadwaj,https://myneta.info/punjab2017/candidate.php?candidate_id=1304,PATIALA RURAL,SHS,1,Not Given,https://myneta.info/image_v2.php?myneta_folder=punjab2017&candidate_id=1304&col=ta,https://myneta.info/image_v2.php?myneta_folder=punjab2017&candidate_id=1304&col=lia
964,185,Sharanjit Singh,https://myneta.info/punjab2017/candidate.php?candidate_id=185,SAHNEWAL,SAD,0,Graduate Professional,"Rs 10,64,77,656 ~ 10 Crore+","Rs 64,89,673 ~ 64 Lacs+"
965,969,Sharanjit Singh,https://myneta.info/punjab2017/candidate.php?candidate_id=969,RAJA SANSI,IND,1,12th Pass,"Rs 1,21,40,922 ~ 1 Crore+","Rs 15,82,954 ~ 15 Lacs+"
966,605,Shashi Vardhan,https://myneta.info/punjab2017/candidate.php?candidate_id=605,KHANNA,BSP,0,8th Pass,"Rs 50,13,642 ~ 50 Lacs+",Rs 0 ~
967,694,Sheela Rani,https://myneta.info/punjab2017/candidate.php?candidate_id=694,GIDDERBAHA,BSP,0,10th Pass,"Rs 25,73,807 ~ 25 Lacs+","Rs 1,80,000 ~ 1 Lacs+"
968,251,Sher Singh,https://myneta.info/punjab2017/candidate.php?candidate_id=251,BUDHALADA (SC),BSP,0,10th Pass,"Rs 3,12,338 ~ 3 Lacs+",Rs 0 ~
969,1306,Sher Singh,https://myneta.info/punjab2017/candidate.php?candidate_id=1306,RAJPURA,Jai Jawan Jai Kisan Party,0,12th Pass,"Rs 16,06,91,040 ~ 16 Crore+","Rs 41,64,408 ~ 41 Lacs+"
970,1018,Shinder Pal Singh,https://myneta.info/punjab2017/candidate.php?candidate_id=1018,CHAMKAUR SAHIB (SC),Jai Jawan Jai Kisan Party,0,Graduate,"Rs 28,08,232 ~ 28 Lacs+","Rs 50,000 ~ 50 Thou+"
971,614,Shingara Singh,https://myneta.info/punjab2017/candidate.php?candidate_id=614,SAMRALA,Shiromani Akali Dal (A)(Simranjit Singh Mann),0,Literate,"Rs 16,00,000 ~ 16 Lacs+",Rs 0 ~
972,36,Shiv Lal Doda,https://myneta.info/punjab2017/candidate.php?candidate_id=36,ABOHAR,IND,3,8th Pass,https://myneta.info/image_v2.php?myneta_folder=punjab2017&candidate_id=36&col=ta,https://myneta.info/image_v2.php?myneta_folder=punjab2017&candidate_id=36&col=lia
973,1005,Shriram Danwal,https://myneta.info/punjab2017/candidate.php?candidate_id=1005,MOGA,Hindustan Shakti Sena,0,5th Pass,"Rs 62,000 ~ 62 Thou+",Rs 0 ~
974,412,Sikandar Singh,https://myneta.info/punjab2017/candidate.php?candidate_id=412,RAIKOT (SC),Bahujan Mukti Party,0,8th Pass,"Rs 5,67,500 ~ 5 Lacs+",Rs 0 ~
975,347,Sikander,https://myneta.info/punjab2017/candidate.php?candidate_id=347,AMRITSAR CENTRAL,IND,0,8th Pass,"Rs 16,000 ~ 16 Thou+",Rs 0 ~
976,1376,Sikander Singh,https://myneta.info/punjab2017/candidate.php?candidate_id=1376,RAMPURA PHUL,IND,0,12th Pass,"Rs 6,18,723 ~ 6 Lacs+",Rs 0 ~
977,464,Sikander Singh,https://myneta.info/punjab2017/candidate.php?candidate_id=464,SRI HARGOBINDPUR (SC),IND,0,12th Pass,"Rs 8,60,000 ~ 8 Lacs+",Rs 0 ~
978,415,Sikander Singh Maluka,https://myneta.info/punjab2017/candidate.php?candidate_id=415,RAMPURA PHUL,SAD,0,10th Pass,"Rs 10,78,71,695 ~ 10 Crore+",Rs 0 ~
979,683,Simarjeet Singh,https://myneta.info/punjab2017/candidate.php?candidate_id=683,BALLUANA (SC),AAP,0,12th Pass,"Rs 30,90,000 ~ 30 Lacs+",Rs 0 ~
980,629,Simarjeet Singh Bains,https://myneta.info/punjab2017/candidate.php?candidate_id=629,ATAM NAGAR,Lok Insaaf Party,6,Graduate,"Rs 12,17,05,747 ~ 12 Crore+","Rs 1,20,00,000 ~ 1 Crore+"
981,1176,Simarjit Singh,https://myneta.info/punjab2017/candidate.php?candidate_id=1176,RAMPURA PHUL,IND,0,12th Pass,https://myneta.info/image_v2.php?myneta_folder=punjab2017&candidate_id=1176&col=ta,https://myneta.info/image_v2.php?myneta_folder=punjab2017&candidate_id=1176&col=lia
982,1160,Simranjit Singh Mann,https://myneta.info/punjab2017/candidate.php?candidate_id=1160,BARNALA,Shiromani Akali Dal (A)(Simranjit Singh Mann),1,Graduate,"Rs 19,03,04,531 ~ 19 Crore+","Rs 15,00,000 ~ 15 Lacs+"
983,786,Sobha Singh,https://myneta.info/punjab2017/candidate.php?candidate_id=786,RAJPURA,Shiromani Akali Dal (A)(Simranjit Singh Mann),0,5th Pass,"Rs 40,000 ~ 40 Thou+",Rs 0 ~
984,1299,Sohan Lal Sharma,https://myneta.info/punjab2017/candidate.php?candidate_id=1299,PATIALA RURAL,Samaj Adhikar Kalyan Party,0,Others,"Rs 89,96,219 ~ 89 Lacs+",Rs 0 ~
985,375,Sohan Singh,https://myneta.info/punjab2017/candidate.php?candidate_id=375,CHABBEWAL (SC),SAD,0,Graduate,"Rs 2,13,93,957 ~ 2 Crore+",Rs 0 ~
986,444,Som Prakash,https://myneta.info/punjab2017/candidate.php?candidate_id=444,PHAGWARA (SC),BJP,0,Post Graduate,"Rs 2,92,52,024 ~ 2 Crore+",Rs 0 ~
987,212,Stephen Bhatti,https://myneta.info/punjab2017/candidate.php?candidate_id=212,ZIRA,SHS,0,12th Pass,"Rs 50,000 ~ 50 Thou+","Rs 15,000 ~ 15 Thou+"
988,74,Subash Chander,https://myneta.info/punjab2017/candidate.php?candidate_id=74,DINA NAGAR (SC),CPI,0,5th Pass,"Rs 7,50,614 ~ 7 Lacs+",Rs 0 ~
989,832,Subedar Sadhu Singh Tappar,https://myneta.info/punjab2017/candidate.php?candidate_id=832,JAGRAON (SC),BSP,0,10th Pass,"Rs 15,40,000 ~ 15 Lacs+","Rs 55,500 ~ 55 Thou+"
990,1015,Subhash Chander ,https://myneta.info/punjab2017/candidate.php?candidate_id=1015,ANADPUR SAHIB,Punjab Democratic Party,0,Graduate Professional,https://myneta.info/image_v2.php?myneta_folder=punjab2017&candidate_id=1015&col=ta,https://myneta.info/image_v2.php?myneta_folder=punjab2017&candidate_id=1015&col=lia
991,1273,Subhash Chander Dhir,https://myneta.info/punjab2017/candidate.php?candidate_id=1273,GARHSHANKAR,IND,0,Post Graduate,"Rs 4,16,74,275 ~ 4 Crore+","Rs 55,91,256 ~ 55 Lacs+"
992,129,Subhash Goria,https://myneta.info/punjab2017/candidate.php?candidate_id=129,JALANDHAR WEST (SC),SHS,0,10th Pass,"Rs 32,67,401 ~ 32 Lacs+","Rs 9,13,838 ~ 9 Lacs+"
993,376,Sucha Singh,https://myneta.info/punjab2017/candidate.php?candidate_id=376,DERA BABA NANAK,SAD,1,10th Pass,"Rs 2,87,58,266 ~ 2 Crore+",Rs 0 ~
994,71,Sucha Singh,https://myneta.info/punjab2017/candidate.php?candidate_id=71,GURDASPUR,Aapna Punjab Party,0,Graduate,"Rs 5,13,00,000 ~ 5 Crore+",Rs 0 ~
995,1032,Sudesh Kumar,https://myneta.info/punjab2017/candidate.php?candidate_id=1032,KHARAR,Aapna Punjab Party,0,10th Pass,"Rs 32,73,084 ~ 32 Lacs+","Rs 1,57,773 ~ 1 Lacs+"
996,419,Sugriv Singh,https://myneta.info/punjab2017/candidate.php?candidate_id=419,URMAR,Democratic Party of India (Ambedkar),0,10th Pass,"Rs 6,53,361 ~ 6 Lacs+",Rs 0 ~
997,1301,Sukh Lal,https://myneta.info/punjab2017/candidate.php?candidate_id=1301,PATIALA RURAL,BSP,0,8th Pass,"Rs 12,05,000 ~ 12 Lacs+",Rs 0 ~
998,1268,Sukha Singh ,https://myneta.info/punjab2017/candidate.php?candidate_id=1268,DASUYA,CPI,0,Illiterate,"Rs 68,71,000 ~ 68 Lacs+",Rs 0 ~
999,89,Sukhbinder Singh Sarkaria,https://myneta.info/punjab2017/candidate.php?candidate_id=89,RAJA SANSI,INC,1,Graduate,https://myneta.info/image_v2.php?myneta_folder=punjab2017&candidate_id=89&col=ta,https://myneta.info/image_v2.php?myneta_folder=punjab2017&candidate_id=89&col=lia
1000,20,Sukhbir Singh Badal,https://myneta.info/punjab2017/candidate.php?candidate_id=20,JALALABAD,SAD,0,Post Graduate,"Rs 1,02,07,61,522 ~ 102 Crore+","Rs 39,86,61,119 ~ 39 Crore+"
1001,1166,Sukhchain Singh,https://myneta.info/punjab2017/candidate.php?candidate_id=1166,BATHINDA URBAN,Hindustan Shakti Sena,0,Illiterate,"Rs 15,20,673 ~ 15 Lacs+",Rs 0 ~
1002,226,Sukhdarshan Singh Marar,https://myneta.info/punjab2017/candidate.php?candidate_id=226,MUKTSAR,IND,0,12th Pass,"Rs 2,30,49,563 ~ 2 Crore+","Rs 21,30,000 ~ 21 Lacs+"
1003,989,Sukhdev Raj,https://myneta.info/punjab2017/candidate.php?candidate_id=989,BHAGHA PURANA TEHSIL,Ojaswi Party,0,10th Pass,"Rs 1,29,000 ~ 1 Lacs+",Rs 0 ~
1004,225,Sukhdev Singh,https://myneta.info/punjab2017/candidate.php?candidate_id=225,MALOUT (SC),BSP,0,5th Pass,"Rs 12,50,083 ~ 12 Lacs+",Rs 0 ~
1005,491,Sukhdev Singh,https://myneta.info/punjab2017/candidate.php?candidate_id=491,TARN TARAN,CPI(M),0,10th Pass,"Rs 99,480 ~ 99 Thou+","Rs 84,651 ~ 84 Thou+"
1006,84,Sukhdev Singh,https://myneta.info/punjab2017/candidate.php?candidate_id=84,AJNALA,IND,0,Illiterate,"Rs 43,054 ~ 43 Thou+",Rs 0 ~
1007,473,Sukhjinder Raj Singh (lalli),https://myneta.info/punjab2017/candidate.php?candidate_id=473,MAJITHA,INC,1,Post Graduate,"Rs 6,09,10,720 ~ 6 Crore+","Rs 78,73,186 ~ 78 Lacs+"
1008,958,Sukhjinder Singh,https://myneta.info/punjab2017/candidate.php?candidate_id=958,MAJITHA,IND,0,10th Pass,https://myneta.info/image_v2.php?myneta_folder=punjab2017&candidate_id=958&col=ta,https://myneta.info/image_v2.php?myneta_folder=punjab2017&candidate_id=958&col=lia
1009,320,Sukhjinder Singh Randhawa,https://myneta.info/punjab2017/candidate.php?candidate_id=320,DERA BABA NANAK,INC,0,Graduate,"Rs 3,58,19,784 ~ 3 Crore+","Rs 65,22,192 ~ 65 Lacs+"
1010,1370,Sukhjinder Singh Tanel,https://myneta.info/punjab2017/candidate.php?candidate_id=1370,MAJITHA,IND,0,10th Pass,"Rs 1,20,322 ~ 1 Lacs+",Rs 0 ~
1011,556,Sukhjit Kaur,https://myneta.info/punjab2017/candidate.php?candidate_id=556,DASUYA,BJP,0,12th Pass,"Rs 61,03,935 ~ 61 Lacs+","Rs 93,57,849 ~ 93 Lacs+"
1012,664,Sukhjit Singh,https://myneta.info/punjab2017/candidate.php?candidate_id=664,DHARAMKOT,INC,0,8th Pass,"Rs 4,13,20,268 ~ 4 Crore+",Rs 0 ~
1013,666,Sukhpal Singh,https://myneta.info/punjab2017/candidate.php?candidate_id=666,DHARAMKOT,Aapna Punjab Party,0,12th Pass,"Rs 69,27,978 ~ 69 Lacs+",Rs 0 ~
1014,669,Sukhpal Singh,https://myneta.info/punjab2017/candidate.php?candidate_id=669,FEROZEPUR CITY,BJP,1,Graduate,"Rs 41,20,21,115 ~ 41 Crore+",Rs 0 ~
1015,43,Sukhpal Singh,https://myneta.info/punjab2017/candidate.php?candidate_id=43,BHOLATH,AAP,1,12th Pass,"Rs 66,82,32,582 ~ 66 Crore+","Rs 2,16,00,000 ~ 2 Crore+"
1016,497,Sukhpal Singh Bhullar,https://myneta.info/punjab2017/candidate.php?candidate_id=497,KHEMKARAN,INC,1,Graduate,"Rs 17,65,93,887 ~ 17 Crore+","Rs 7,04,589 ~ 7 Lacs+"
1017,646,Sukhpreet Singh,https://myneta.info/punjab2017/candidate.php?candidate_id=646,GILL (SC),Aapna Punjab Party,0,Post Graduate,https://myneta.info/image_v2.php?myneta_folder=punjab2017&candidate_id=646&col=ta,https://myneta.info/image_v2.php?myneta_folder=punjab2017&candidate_id=646&col=lia
1018,1171,Sukhraj Singh Natt,https://myneta.info/punjab2017/candidate.php?candidate_id=1171,MAUR,IND,0,10th Pass,"Rs 2,25,05,987 ~ 2 Crore+","Rs 1,28,32,822 ~ 1 Crore+"
1019,106,Sukhwant Jit Kaur,https://myneta.info/punjab2017/candidate.php?candidate_id=106,ATTARI (SC),BSP,0,Graduate Professional,"Rs 7,65,000 ~ 7 Lacs+",Rs 0 ~
1020,1371,Sukhwant Singh Virdi Chuslewar,https://myneta.info/punjab2017/candidate.php?candidate_id=1371,PATTI,IND,0,10th Pass,"Rs 9,70,000 ~ 9 Lacs+","Rs 10,000 ~ 10 Thou+"
1021,57,Sukhwinder Kumar,https://myneta.info/punjab2017/candidate.php?candidate_id=57,BANGA (SC),SAD,0,Post Graduate,"Rs 1,84,96,315 ~ 1 Crore+","Rs 12,24,577 ~ 12 Lacs+"
1022,428,Sukhwinder Singh,https://myneta.info/punjab2017/candidate.php?candidate_id=428,ZIRA,BSP,1,8th Pass,"Rs 5,20,500 ~ 5 Lacs+",Rs 0 ~
1023,739,Sukhwinder Singh,https://myneta.info/punjab2017/candidate.php?candidate_id=739,SARDULGARH,AAP,1,8th Pass,"Rs 1,62,21,000 ~ 1 Crore+","Rs 38,75,000 ~ 38 Lacs+"
1024,477,Sukhwinder Singh,https://myneta.info/punjab2017/candidate.php?candidate_id=477,JANDIALA (SC),INC,0,Post Graduate,"Rs 1,39,97,536 ~ 1 Crore+","Rs 10,90,000 ~ 10 Lacs+"
1025,891,Sukhwinder Singh,https://myneta.info/punjab2017/candidate.php?candidate_id=891,DERA BABA NANAK,IND,0,12th Pass,"Rs 4,00,566 ~ 4 Lacs+",Rs 0 ~
1026,1352,Sukhwinder Singh,https://myneta.info/punjab2017/candidate.php?candidate_id=1352,AMRITSAR EAST,IND,0,8th Pass,https://myneta.info/image_v2.php?myneta_folder=punjab2017&candidate_id=1352&col=ta,https://myneta.info/image_v2.php?myneta_folder=punjab2017&candidate_id=1352&col=lia
1027,513,Sukwant Singh,https://myneta.info/punjab2017/candidate.php?candidate_id=513,KAPURTHALA,AAP,1,10th Pass,"Rs 7,13,19,905 ~ 7 Crore+",Rs 0 ~
1028,524,Sulakhan Singh,https://myneta.info/punjab2017/candidate.php?candidate_id=524,SHAHKOT,Shiromani Akali Dal (A)(Simranjit Singh Mann),0,8th Pass,"Rs 27,84,161 ~ 27 Lacs+",Rs 0 ~
1029,136,Sulakhan Singh,https://myneta.info/punjab2017/candidate.php?candidate_id=136,MUKERIAN,AAP,0,10th Pass,"Rs 50,14,759 ~ 50 Lacs+","Rs 2,30,029 ~ 2 Lacs+"
1030,1285,Sumitri Devi,https://myneta.info/punjab2017/candidate.php?candidate_id=1285,MUKERIAN,SHS,0,Post Graduate,"Rs 42,65,438 ~ 42 Lacs+",Rs 0 ~
1031,813,Sunder Lal,https://myneta.info/punjab2017/candidate.php?candidate_id=813,LUDHIANA SOUTH,IND,0,Literate,"Rs 51,500 ~ 51 Thou+",Rs 0 ~
1032,564,Sunder Sham Arora,https://myneta.info/punjab2017/candidate.php?candidate_id=564,HOSHIARPUR,INC,0,10th Pass,"Rs 44,60,75,000 ~ 44 Crore+","Rs 4,50,60,000 ~ 4 Crore+"
1033,480,Sunil Dutti,https://myneta.info/punjab2017/candidate.php?candidate_id=480,AMRITSAR NORTH,INC,0,12th Pass,"Rs 1,18,93,138 ~ 1 Crore+","Rs 14,70,000 ~ 14 Lacs+"
1034,682,Sunil Jakhar,https://myneta.info/punjab2017/candidate.php?candidate_id=682,ABOHAR,INC,0,Post Graduate,"Rs 24,05,36,788 ~ 24 Crore+","Rs 61,900 ~ 61 Thou+"
1035,827,Sunit,https://myneta.info/punjab2017/candidate.php?candidate_id=827,GILL (SC),IND,0,Not Given,https://myneta.info/image_v2.php?myneta_folder=punjab2017&candidate_id=827&col=ta,https://myneta.info/image_v2.php?myneta_folder=punjab2017&candidate_id=827&col=lia
1036,871,Sunita Devi,https://myneta.info/punjab2017/candidate.php?candidate_id=871,PATHANKOT,Aapna Punjab Party,0,10th Pass,"Rs 30,77,200 ~ 30 Lacs+","Rs 1,30,000 ~ 1 Lacs+"
1037,1074,Sunny Kumar,https://myneta.info/punjab2017/candidate.php?candidate_id=1074,FEROZEPUR RURAL (SC),IND,0,Graduate,"Rs 1,56,000 ~ 1 Lacs+",Rs 0 ~
1038,985,Surat Singh ,https://myneta.info/punjab2017/candidate.php?candidate_id=985,SULTANPUR LODHI,Aapna Punjab Party,0,10th Pass,"Rs 19,35,000 ~ 19 Lacs+","Rs 3,00,000 ~ 3 Lacs+"
1039,992,Surat Singh,https://myneta.info/punjab2017/candidate.php?candidate_id=992,DHARAMKOT,CPI,1,10th Pass,"Rs 97,55,483 ~ 97 Lacs+","Rs 6,50,000 ~ 6 Lacs+"
1040,383,Surender Singh Heer,https://myneta.info/punjab2017/candidate.php?candidate_id=383,GARHSHANKAR,SAD,0,5th Pass,"Rs 15,74,86,142 ~ 15 Crore+","Rs 2,13,23,707 ~ 2 Crore+"
1041,1164,Suresh Kumar,https://myneta.info/punjab2017/candidate.php?candidate_id=1164,BATHINDA URBAN,BSP,0,8th Pass,"Rs 7,38,500 ~ 7 Lacs+","Rs 4,61,367 ~ 4 Lacs+"
1042,440,Surinder Dhanda,https://myneta.info/punjab2017/candidate.php?candidate_id=440,PHAGWARA (SC),BSP,0,10th Pass,"Rs 9,25,391 ~ 9 Lacs+",Rs 0 ~
1043,1292,Surinder Kaur,https://myneta.info/punjab2017/candidate.php?candidate_id=1292,GHANAUR,IND,0,Graduate,"Rs 1,34,20,000 ~ 1 Crore+",Rs 0 ~
1044,616,Surinder Kumar,https://myneta.info/punjab2017/candidate.php?candidate_id=616,SAHNEWAL,BSP,0,12th Pass,https://myneta.info/image_v2.php?myneta_folder=punjab2017&candidate_id=616&col=ta,https://myneta.info/image_v2.php?myneta_folder=punjab2017&candidate_id=616&col=lia
1045,1127,Surinder Kumar,https://myneta.info/punjab2017/candidate.php?candidate_id=1127,KOTKAPURA,Aapna Punjab Party,0,12th Pass,"Rs 99,47,185 ~ 99 Lacs+","Rs 9,99,130 ~ 9 Lacs+"
1046,1274,Surinder Kumar,https://myneta.info/punjab2017/candidate.php?candidate_id=1274,HOSHIARPUR,BSP,0,Others,"Rs 56,99,005 ~ 56 Lacs+",Rs 0 ~
1047,188,Surinder Kumar Dawar,https://myneta.info/punjab2017/candidate.php?candidate_id=188,LUDHIANA CENTRAL,INC,0,10th Pass,"Rs 28,66,64,477 ~ 28 Crore+","Rs 2,10,90,000 ~ 2 Crore+"
1048,866,Surinder Kumar Kalotra,https://myneta.info/punjab2017/candidate.php?candidate_id=866,BHOA (SC),IND,0,10th Pass,"Rs 14,90,000 ~ 14 Lacs+",Rs 0 ~
1049,1227,Surinder Mahey,https://myneta.info/punjab2017/candidate.php?candidate_id=1227,JALANDHAR WEST (SC),IND,0,8th Pass,"Rs 1,13,77,058 ~ 1 Crore+","Rs 2,00,84,480 ~ 2 Crore+"
1050,715,Surinder Pal,https://myneta.info/punjab2017/candidate.php?candidate_id=715,BHUCHO MANDI (SC),AITC,0,10th Pass,"Rs 11,02,903 ~ 11 Lacs+","Rs 27,000 ~ 27 Thou+"
1051,258,Surinder Pal Singh,https://myneta.info/punjab2017/candidate.php?candidate_id=258,BARNALA,SAD,0,Graduate,"Rs 18,98,95,573 ~ 18 Crore+","Rs 5,28,235 ~ 5 Lacs+"
1052,1056,Surinder Singh ,https://myneta.info/punjab2017/candidate.php?candidate_id=1056,NAWAN SHAHR,IND,0,12th Pass,"Rs 89,77,000 ~ 89 Lacs+","Rs 14,00,000 ~ 14 Lacs+"
1053,676,Surinder Singh,https://myneta.info/punjab2017/candidate.php?candidate_id=676,JALALABAD,CPI,0,10th Pass,https://myneta.info/image_v2.php?myneta_folder=punjab2017&candidate_id=676&col=ta,https://myneta.info/image_v2.php?myneta_folder=punjab2017&candidate_id=676&col=lia
1054,1258,Surinder Singh,https://myneta.info/punjab2017/candidate.php?candidate_id=1258,CHABBEWAL (SC),Inqalab Vikas Dal,0,10th Pass,"Rs 54,11,138 ~ 54 Lacs+",Rs 0 ~
1055,413,Surinder Singh,https://myneta.info/punjab2017/candidate.php?candidate_id=413,RAIKOT (SC),BSP,0,5th Pass,"Rs 2,69,607 ~ 2 Lacs+",Rs 0 ~
1056,1223,Surinder Singh Arora,https://myneta.info/punjab2017/candidate.php?candidate_id=1223,JALANDHAR NORTH,NCP,0,8th Pass,"Rs 32,85,000 ~ 32 Lacs+","Rs 9,84,000 ~ 9 Lacs+"
1057,726,Surjeet Singh Sohi,https://myneta.info/punjab2017/candidate.php?candidate_id=726,BATHINDA RURAL (SC),CPI,0,Graduate Professional,"Rs 39,04,000 ~ 39 Lacs+",Rs 0 ~
1058,220,Surjit Kumar Jyani,https://myneta.info/punjab2017/candidate.php?candidate_id=220,FAZILKA,BJP,0,8th Pass,"Rs 5,57,55,286 ~ 5 Crore+","Rs 2,09,61,437 ~ 2 Crore+"
1059,474,Surjit Singh,https://myneta.info/punjab2017/candidate.php?candidate_id=474,MAJITHA,BSP,1,10th Pass,"Rs 3,04,973 ~ 3 Lacs+","Rs 50,000 ~ 50 Thou+"
1060,1028,Surjit Singh,https://myneta.info/punjab2017/candidate.php?candidate_id=1028,KHARAR,Jai Jawan Jai Kisan Party,0,10th Pass,"Rs 1,18,87,885 ~ 1 Crore+",Rs 0 ~
1061,25,Surjit Singh,https://myneta.info/punjab2017/candidate.php?candidate_id=25,SARDULGARH,CPI(ML)(L),1,5th Pass,"Rs 9,67,000 ~ 9 Lacs+",Rs 0 ~
1062,289,Surjit Singh,https://myneta.info/punjab2017/candidate.php?candidate_id=289,SAMANA,SAD,0,Graduate,https://myneta.info/image_v2.php?myneta_folder=punjab2017&candidate_id=289&col=ta,https://myneta.info/image_v2.php?myneta_folder=punjab2017&candidate_id=289&col=lia
1063,1212,Surjit Singh,https://myneta.info/punjab2017/candidate.php?candidate_id=1212,ADAMPUR (SC),Bharatiya Republican Paksha,2,Post Graduate,"Rs 4,52,89,968 ~ 4 Crore+","Rs 38,00,000 ~ 38 Lacs+"
1064,890,Surjit Singh,https://myneta.info/punjab2017/candidate.php?candidate_id=890,DERA BABA NANAK,Hindustan Utthan Party,1,8th Pass,"Rs 5,30,000 ~ 5 Lacs+",Rs 0 ~
1065,768,Surjit Singh Dhiman,https://myneta.info/punjab2017/candidate.php?candidate_id=768,AMARGARH,INC,0,8th Pass,"Rs 10,11,31,375 ~ 10 Crore+","Rs 3,50,57,508 ~ 3 Crore+"
1066,772,Surjit Singh Kalabula,https://myneta.info/punjab2017/candidate.php?candidate_id=772,DHURI,Shiromani Akali Dal (A)(Simranjit Singh Mann),0,10th Pass,"Rs 83,05,000 ~ 83 Lacs+","Rs 17,00,000 ~ 17 Lacs+"
1067,575,Surjit Singh Randhawa,https://myneta.info/punjab2017/candidate.php?candidate_id=575,GARHSHANKAR,Aapna Punjab Party,0,Doctorate,"Rs 18,00,235 ~ 18 Lacs+",Rs 0 ~
1068,1098,Surya Parkash,https://myneta.info/punjab2017/candidate.php?candidate_id=1098,FAZILKA,IND,0,5th Pass,"Rs 2,14,26,088 ~ 2 Crore+","Rs 59,52,246 ~ 59 Lacs+"
1069,529,Sushil Kumar,https://myneta.info/punjab2017/candidate.php?candidate_id=529,JALANDHAR WEST (SC),INC,0,12th Pass,"Rs 59,25,675 ~ 59 Lacs+","Rs 13,74,092 ~ 13 Lacs+"
1070,104,Sushil Kumar,https://myneta.info/punjab2017/candidate.php?candidate_id=104,AMRITSAR SOUTH,BSP,0,12th Pass,"Rs 1,75,000 ~ 1 Lacs+",Rs 0 ~
1071,916,Sushil Kumar,https://myneta.info/punjab2017/candidate.php?candidate_id=916,AMRITSAR NORTH,Akhil Bharatiya Sangharsh Dal,0,8th Pass,https://myneta.info/image_v2.php?myneta_folder=punjab2017&candidate_id=916&col=ta,https://myneta.info/image_v2.php?myneta_folder=punjab2017&candidate_id=916&col=lia
1072,961,Sushil Kumar,https://myneta.info/punjab2017/candidate.php?candidate_id=961,SAHNEWAL,JKNPP,0,Literate,"Rs 55,000 ~ 55 Thou+",Rs 0 ~
1073,632,Sushil Kumar,https://myneta.info/punjab2017/candidate.php?candidate_id=632,LUDHIANA CENTRAL,AITC,0,8th Pass,"Rs 14,40,000 ~ 14 Lacs+",Rs 0 ~
1074,1070,Swaran Singh ,https://myneta.info/punjab2017/candidate.php?candidate_id=1070,GURU HAR SAHAI,IND,0,Graduate,"Rs 1,15,46,000 ~ 1 Crore+","Rs 13,20,000 ~ 13 Lacs+"
1075,1104,Swaran Singh Rocky,https://myneta.info/punjab2017/candidate.php?candidate_id=1104,JALALABAD,IND,1,Graduate,"Rs 1,12,46,000 ~ 1 Crore+","Rs 13,20,000 ~ 13 Lacs+"
1076,896,Swaranjit Singh,https://myneta.info/punjab2017/candidate.php?candidate_id=896,GURDASPUR,IND,0,8th Pass,"Rs 48,68,482 ~ 48 Lacs+",Rs 0 ~
1077,437,Swinder Singh,https://myneta.info/punjab2017/candidate.php?candidate_id=437,BABA BAKALA (SC),BSP,0,10th Pass,"Rs 40,15,000 ~ 40 Lacs+",Rs 0 ~
1078,1202,Tanveer Ahmed,https://myneta.info/punjab2017/candidate.php?candidate_id=1202,MALERKOTLA,IND,0,Graduate Professional,"Rs 65,015 ~ 65 Thou+",Rs 0 ~
1079,525,Tara Singh,https://myneta.info/punjab2017/candidate.php?candidate_id=525,SHAHKOT,Bahujan Samaj Party (Ambedkar),0,5th Pass,"Rs 15,34,000 ~ 15 Lacs+","Rs 2,60,000 ~ 2 Lacs+"
1080,1216,Tarandip Singh,https://myneta.info/punjab2017/candidate.php?candidate_id=1216,JALANDHAR CENTRAL,AITC,0,10th Pass,https://myneta.info/image_v2.php?myneta_folder=punjab2017&candidate_id=1216&col=ta,https://myneta.info/image_v2.php?myneta_folder=punjab2017&candidate_id=1216&col=lia
1081,119,Taranpal Singh,https://myneta.info/punjab2017/candidate.php?candidate_id=119,NAKODAR,BSP,0,8th Pass,"Rs 2,33,97,928 ~ 2 Crore+","Rs 1,13,89,730 ~ 1 Crore+"
1082,737,Taranpal Singh Dhillon,https://myneta.info/punjab2017/candidate.php?candidate_id=737,MAUR,AITC,0,Graduate Professional,"Rs 82,72,112 ~ 82 Lacs+",Rs 0 ~
1083,1060,Tarlochan Singh,https://myneta.info/punjab2017/candidate.php?candidate_id=1060,BANGA (SC),IND,0,Post Graduate,"Rs 10,67,49,418 ~ 10 Crore+",Rs 0 ~
1084,600,Tarlochan Singh,https://myneta.info/punjab2017/candidate.php?candidate_id=600,FATEHGARH SAHIB,Aapna Punjab Party,0,Post Graduate,"Rs 40,46,715 ~ 40 Lacs+",Rs 0 ~
1085,824,Tarsem Jodhan,https://myneta.info/punjab2017/candidate.php?candidate_id=824,DAKHA,Democratic Swaraj Party,0,12th Pass,"Rs 1,63,06,211 ~ 1 Crore+","Rs 6,68,129 ~ 6 Lacs+"
1086,771,Tarsem Kumar,https://myneta.info/punjab2017/candidate.php?candidate_id=771,DHURI,IND,0,8th Pass,"Rs 93,103 ~ 93 Thou+",Rs 0 ~
1087,1357,Tarsem Lal,https://myneta.info/punjab2017/candidate.php?candidate_id=1357,AMRITSAR EAST,Bahujan Mukti Party,0,10th Pass,"Rs 2,53,000 ~ 2 Lacs+",Rs 0 ~
1088,765,Tarsem Singh,https://myneta.info/punjab2017/candidate.php?candidate_id=765,AMARGARH,BSP,0,8th Pass,"Rs 11,12,400 ~ 11 Lacs+",Rs 0 ~
1089,107,Tarsem Singh,https://myneta.info/punjab2017/candidate.php?candidate_id=107,ATTARI (SC),INC,0,Post Graduate,https://myneta.info/image_v2.php?myneta_folder=punjab2017&candidate_id=107&col=ta,https://myneta.info/image_v2.php?myneta_folder=punjab2017&candidate_id=107&col=lia
1090,1324,Tarsem Singh,https://myneta.info/punjab2017/candidate.php?candidate_id=1324,SANOUR,IND,0,Not Given,"Rs 2,400 ~ 2 Thou+",Rs 0 ~
1091,54,Tarsem Singh,https://myneta.info/punjab2017/candidate.php?candidate_id=54,AMRITSAR EAST,BSP,0,Literate,"Rs 25,80,000 ~ 25 Lacs+",Rs 0 ~
1092,97,Tarun Chugh,https://myneta.info/punjab2017/candidate.php?candidate_id=97,AMRITSAR CENTRAL,BJP,0,Post Graduate,"Rs 2,49,13,984 ~ 2 Crore+",Rs 0 ~
1093,49,Tejinder Pal Singh,https://myneta.info/punjab2017/candidate.php?candidate_id=49,S.A.S. NAGAR,SAD,0,Post Graduate,"Rs 3,88,07,487 ~ 3 Crore+","Rs 10,00,000 ~ 10 Lacs+"
1094,668,Tejinder Singh,https://myneta.info/punjab2017/candidate.php?candidate_id=668,FEROZEPUR CITY,Shiromani Akali Dal (A)(Simranjit Singh Mann),0,12th Pass,"Rs 91,94,893 ~ 91 Lacs+",Rs 0 ~
1095,697,Tek Singh,https://myneta.info/punjab2017/candidate.php?candidate_id=697,GIDDERBAHA,National Adhikar Insaf Party,0,10th Pass,"Rs 26,25,000 ~ 26 Lacs+",Rs 0 ~
1096,283,Thekedar Madan Lal Jalalpur,https://myneta.info/punjab2017/candidate.php?candidate_id=283,GHANAUR,INC,0,8th Pass,"Rs 3,97,38,347 ~ 3 Crore+","Rs 13,70,546 ~ 13 Lacs+"
1097,148,Tikshan Sud,https://myneta.info/punjab2017/candidate.php?candidate_id=148,HOSHIARPUR,BJP,0,Post Graduate,"Rs 14,75,98,750 ~ 14 Crore+","Rs 4,30,000 ~ 4 Lacs+"
1098,442,Tirath Ram,https://myneta.info/punjab2017/candidate.php?candidate_id=442,PHAGWARA (SC),Bahujan Mukti Party,1,8th Pass,https://myneta.info/image_v2.php?myneta_folder=punjab2017&candidate_id=442&col=ta,https://myneta.info/image_v2.php?myneta_folder=punjab2017&candidate_id=442&col=lia
1099,366,Tirath Singh Mahla,https://myneta.info/punjab2017/candidate.php?candidate_id=366,BHAGHA PURANA TEHSIL,SAD,1,Literate,"Rs 1,28,91,042 ~ 1 Crore+",Rs 0 ~
1100,465,Tript Rajinder Singh,https://myneta.info/punjab2017/candidate.php?candidate_id=465,FATEHGARH CHURIAN,INC,0,Graduate,"Rs 5,00,86,422 ~ 5 Crore+","Rs 12,68,268 ~ 12 Lacs+"
1101,443,Tulsi Ram Khosla,https://myneta.info/punjab2017/candidate.php?candidate_id=443,PHAGWARA (SC),Bahujan Samaj Party (Ambedkar),0,12th Pass,"Rs 43,48,000 ~ 43 Lacs+","Rs 4,50,000 ~ 4 Lacs+"
1102,816,Udham Singh,https://myneta.info/punjab2017/candidate.php?candidate_id=816,ATAM NAGAR,IND,0,5th Pass,"Rs 1,59,000 ~ 1 Lacs+",Rs 0 ~
1103,417,Upinderjit Kaur,https://myneta.info/punjab2017/candidate.php?candidate_id=417,SULTANPUR LODHI,SAD,0,Doctorate,"Rs 4,34,57,377 ~ 4 Crore+",Rs 0 ~
1104,1231,Usha Mahi,https://myneta.info/punjab2017/candidate.php?candidate_id=1231,KARTARPUR (SC),IND,0,12th Pass,"Rs 9,07,000 ~ 9 Lacs+",Rs 0 ~
1105,1303,Uttam Singh Bagri,https://myneta.info/punjab2017/candidate.php?candidate_id=1303,PATIALA RURAL,CPI,0,12th Pass,"Rs 14,94,242 ~ 14 Lacs+",Rs 0 ~
1106,636,Vaid Ram Singh Deepak,https://myneta.info/punjab2017/candidate.php?candidate_id=636,LUDHIANA WEST,Bahujan Mukti Party,0,10th Pass,"Rs 2,70,000 ~ 2 Lacs+",Rs 0 ~
1107,292,Vaninder Kaur Loomba,https://myneta.info/punjab2017/candidate.php?candidate_id=292,SHUTRANA (SC),SAD,0,Post Graduate,https://myneta.info/image_v2.php?myneta_folder=punjab2017&candidate_id=292&col=ta,https://myneta.info/image_v2.php?myneta_folder=punjab2017&candidate_id=292&col=lia
1108,218,Vardev Singh,https://myneta.info/punjab2017/candidate.php?candidate_id=218,GURU HAR SAHAI,SAD,1,Graduate,"Rs 6,65,86,375 ~ 6 Crore+","Rs 1,56,03,161 ~ 1 Crore+"
1109,731,Varinder Singh Dhillon,https://myneta.info/punjab2017/candidate.php?candidate_id=731,TALWANDI SABO,Aapna Punjab Party,0,Post Graduate,"Rs 49,63,520 ~ 49 Lacs+","Rs 4,00,000 ~ 4 Lacs+"
1110,608,Vijay Diamond,https://myneta.info/punjab2017/candidate.php?candidate_id=608,KHANNA,Aapna Punjab Party,3,Graduate,"Rs 12,43,378 ~ 12 Lacs+","Rs 9,00,000 ~ 9 Lacs+"
1111,271,Vijay Inder Singla,https://myneta.info/punjab2017/candidate.php?candidate_id=271,SANGRUR,INC,1,Graduate Professional,"Rs 17,32,97,023 ~ 17 Crore+","Rs 2,97,94,997 ~ 2 Crore+"
1112,460,Vijay Kumar,https://myneta.info/punjab2017/candidate.php?candidate_id=460,QADIAN,CPI(ML)(L),0,10th Pass,"Rs 6,99,065 ~ 6 Lacs+",Rs 0 ~
1113,997,Vikas,https://myneta.info/punjab2017/candidate.php?candidate_id=997,DHARAMKOT,IND,0,12th Pass,"Rs 1,70,000 ~ 1 Lacs+",Rs 0 ~
1114,424,Vikas Jasra,https://myneta.info/punjab2017/candidate.php?candidate_id=424,URMAR,Hindustan Shakti Sena,0,12th Pass,"Rs 1,52,169 ~ 1 Lacs+",Rs 0 ~
1115,1218,Vikram Kuljit Singh,https://myneta.info/punjab2017/candidate.php?candidate_id=1218,JALANDHAR CENTRAL,Krantikari Yuva Party,1,Graduate Professional,"Rs 1,88,000 ~ 1 Lacs+",Rs 0 ~
1116,953,Vikramjit Singh,https://myneta.info/punjab2017/candidate.php?candidate_id=953,JANDIALA (SC),Democratic Party of India (Ambedkar),0,10th Pass,https://myneta.info/image_v2.php?myneta_folder=punjab2017&candidate_id=953&col=ta,https://myneta.info/image_v2.php?myneta_folder=punjab2017&candidate_id=953&col=lia
1117,445,Vikramjit Singh Chaudhary,https://myneta.info/punjab2017/candidate.php?candidate_id=445,PHILLAUR (SC),INC,0,Graduate,"Rs 1,14,71,329 ~ 1 Crore+","Rs 2,70,000 ~ 2 Lacs+"
1118,1103,Vinod Kumar,https://myneta.info/punjab2017/candidate.php?candidate_id=1103,FAZILKA,IND,0,5th Pass,"Rs 2,35,556 ~ 2 Lacs+","Rs 1,17,000 ~ 1 Lacs+"
1119,1089,Vinod Kumar,https://myneta.info/punjab2017/candidate.php?candidate_id=1089,BALLUANA (SC),IND,0,10th Pass,"Rs 13,74,927 ~ 13 Lacs+",Rs 0 ~
1120,1023,Vinod Kumar Sharma ,https://myneta.info/punjab2017/candidate.php?candidate_id=1023,DERA BASSI,IND,0,Post Graduate,"Rs 62,33,840 ~ 62 Lacs+","Rs 10,16,507 ~ 10 Lacs+"
1121,631,Vipan Sood Kaka,https://myneta.info/punjab2017/candidate.php?candidate_id=631,LUDHIANA CENTRAL,Lok Insaaf Party,0,8th Pass,"Rs 10,12,11,233 ~ 10 Crore+","Rs 2,51,32,000 ~ 2 Crore+"
1122,87,Vir Singh,https://myneta.info/punjab2017/candidate.php?candidate_id=87,RAJA SANSI,SAD,2,Graduate,"Rs 6,29,34,425 ~ 6 Crore+","Rs 83,13,579 ~ 83 Lacs+"
1123,423,Virender Kumar,https://myneta.info/punjab2017/candidate.php?candidate_id=423,URMAR,Aapna Punjab Party,0,Graduate Professional,"Rs 5,46,77,567 ~ 5 Crore+",Rs 0 ~
1124,966,Virsa Singh,https://myneta.info/punjab2017/candidate.php?candidate_id=966,RAJA SANSI,Revolutionary Marxist Party of India,0,10th Pass,"Rs 1,05,51,000 ~ 1 Crore+","Rs 7,00,000 ~ 7 Lacs+"
1125,392,Virsa Singh,https://myneta.info/punjab2017/candidate.php?candidate_id=392,KHEMKARAN,SAD,0,Post Graduate,https://myneta.info/image_v2.php?myneta_folder=punjab2017&candidate_id=392&col=ta,https://myneta.info/image_v2.php?myneta_folder=punjab2017&candidate_id=392&col=lia
1126,957,Waryam Singh,https://myneta.info/punjab2017/candidate.php?candidate_id=957,MAJITHA,IND,0,12th Pass,"Rs 74,000 ~ 74 Thou+",Rs 0 ~
1127,968,Yadwinder Singh,https://myneta.info/punjab2017/candidate.php?candidate_id=968,RAJA SANSI,IND,0,12th Pass,"Rs 7,61,000 ~ 7 Lacs+",Rs 0 ~
1128,1206,Yadwinder Singh,https://myneta.info/punjab2017/candidate.php?candidate_id=1206,SUNAM,IND,0,12th Pass,"Rs 1,16,84,377 ~ 1 Crore+","Rs 5,00,000 ~ 5 Lacs+"
1129,1245,Yadwinder Singh,https://myneta.info/punjab2017/candidate.php?candidate_id=1245,PHILLAUR (SC),IND,1,12th Pass,"Rs 2,68,448 ~ 2 Lacs+","Rs 34,790 ~ 34 Thou+"
1130,1058,Yog Raj Sahota ,https://myneta.info/punjab2017/candidate.php?candidate_id=1058,NAWAN SHAHR,IND,0,12th Pass,"Rs 45,10,000 ~ 45 Lacs+","Rs 12,50,000 ~ 12 Lacs+"
