sno,candidate_id,candidate_name,candidate_link,constituency,party,criminal_cases,education,assets,liabilities
1,897,A.rahim Ahmed,https://www.myneta.info/Assam2016/candidate.php?candidate_id=897,BARPETA,INC,1,Graduate,"Rs 12,62,080 ~ 12 Lacs+",Rs 0 ~
2,21,Abdul Ahad Choudhury,https://www.myneta.info/Assam2016/candidate.php?candidate_id=21,KARIMGANJ NORTH,IND,5,8th Pass,"Rs 4,33,87,624 ~ 4 Crore+","Rs 29,87,626 ~ 29 Lacs+"
3,1036,Abdul Ali,https://www.myneta.info/Assam2016/candidate.php?candidate_id=1036,BARHAMPUR,IND,0,Graduate,https://myneta.info/image_v2.php?myneta_folder=Assam2016&candidate_id=1036&col=ta,https://myneta.info/image_v2.php?myneta_folder=Assam2016&candidate_id=1036&col=lia
4,102,Abdul Aziz,https://www.myneta.info/Assam2016/candidate.php?candidate_id=102,BADARPUR,AIUDF,0,12th Pass,"Rs 2,34,57,881 ~ 2 Crore+","Rs 1,36,65,226 ~ 1 Crore+"
5,627,Abdul Batin Khandakar,https://www.myneta.info/Assam2016/candidate.php?candidate_id=627,ABHAYAPURI NORTH,AIUDF,0,Graduate Professional,"Rs 88,39,135 ~ 88 Lacs+","Rs 18,00,000 ~ 18 Lacs+"
6,844,Abdul Hai Nagori,https://www.myneta.info/Assam2016/candidate.php?candidate_id=844,ABHAYAPURI NORTH,INC,0,Graduate Professional,https://myneta.info/image_v2.php?myneta_folder=Assam2016&candidate_id=844&col=ta,https://myneta.info/image_v2.php?myneta_folder=Assam2016&candidate_id=844&col=lia
7,889,Abdul Hakim Ahmed,https://www.myneta.info/Assam2016/candidate.php?candidate_id=889,SORBHOG,IND,0,10th Pass,"Rs 17,71,000 ~ 17 Lacs+",Rs 0 ~
8,635,Abdul Hamid,https://www.myneta.info/Assam2016/candidate.php?candidate_id=635,GOALPARA EAST,SUCI(C),0,Graduate,"Rs 14,000 ~ 14 Thou+",Rs 0 ~
9,5,Abdul Hamid,https://www.myneta.info/Assam2016/candidate.php?candidate_id=5,KARIMGANJ SOUTH,IND,0,8th Pass,https://myneta.info/image_v2.php?myneta_folder=Assam2016&candidate_id=5&col=ta,https://myneta.info/image_v2.php?myneta_folder=Assam2016&candidate_id=5&col=lia
10,906,Abdul Khaleque,https://www.myneta.info/Assam2016/candidate.php?candidate_id=906,JANIA,INC,0,Post Graduate,"Rs 45,25,056 ~ 45 Lacs+",Rs 0 ~
11,1108,Abdul Sabur,https://www.myneta.info/Assam2016/candidate.php?candidate_id=1108,KALAIGAON,IND,0,Not Given,"Rs 90,000 ~ 90 Thou+",Rs 0 ~
12,777,Abdul Salam Shah,https://www.myneta.info/Assam2016/candidate.php?candidate_id=777,MANKACHAR,BJP,0,12th Pass,https://myneta.info/image_v2.php?myneta_folder=Assam2016&candidate_id=777&col=ta,https://myneta.info/image_v2.php?myneta_folder=Assam2016&candidate_id=777&col=lia
13,984,Abdul Samad Choudhury,https://www.myneta.info/Assam2016/candidate.php?candidate_id=984,RANGIYA,AIUDF,1,10th Pass,"Rs 84,84,735 ~ 84 Lacs+","Rs 12,48,000 ~ 12 Lacs+"
14,882,Abdul Wahab Sheikh,https://www.myneta.info/Assam2016/candidate.php?candidate_id=882,JALESWAR,Bhartiya Rashtrawadi Party,0,12th Pass,"Rs 2,500 ~ 2 Thou+",Rs 0 ~
15,1020,Abdul Wahid,https://www.myneta.info/Assam2016/candidate.php?candidate_id=1020,JAMUNAMUKH,IND,0,Others,https://myneta.info/image_v2.php?myneta_folder=Assam2016&candidate_id=1020&col=ta,https://myneta.info/image_v2.php?myneta_folder=Assam2016&candidate_id=1020&col=lia
16,1018,Abdur Rahim Ajmal,https://www.myneta.info/Assam2016/candidate.php?candidate_id=1018,JAMUNAMUKH,AIUDF,0,Post Graduate,"Rs 13,10,99,386 ~ 13 Crore+","Rs 1,49,56,567 ~ 1 Crore+"
17,899,Abdur Rahim Khan,https://www.myneta.info/Assam2016/candidate.php?candidate_id=899,BARPETA,AIUDF,2,Post Graduate,"Rs 75,46,485 ~ 75 Lacs+","Rs 5,35,722 ~ 5 Lacs+"
18,881,Abdur Rahim Zibran,https://www.myneta.info/Assam2016/candidate.php?candidate_id=881,JALESWAR,BJP,0,10th Pass,https://myneta.info/image_v2.php?myneta_folder=Assam2016&candidate_id=881&col=ta,https://myneta.info/image_v2.php?myneta_folder=Assam2016&candidate_id=881&col=lia
19,876,Abdur Rashid Mandal,https://www.myneta.info/Assam2016/candidate.php?candidate_id=876,GOALPARA WEST,INC,0,Others,"Rs 28,11,000 ~ 28 Lacs+",Rs 0 ~
20,796,Abdur Razzaque Sheikh,https://www.myneta.info/Assam2016/candidate.php?candidate_id=796,GAURIPUR,IND,0,Post Graduate,"Rs 22,42,500 ~ 22 Lacs+",Rs 0 ~
21,681,Abdus Salam,https://www.myneta.info/Assam2016/candidate.php?candidate_id=681,JALESWAR,SUCI(C),0,Graduate,https://myneta.info/image_v2.php?myneta_folder=Assam2016&candidate_id=681&col=ta,https://myneta.info/image_v2.php?myneta_folder=Assam2016&candidate_id=681&col=lia
22,800,Abdus Sobahan Ali Sarkar,https://www.myneta.info/Assam2016/candidate.php?candidate_id=800,GOLAKGANJ,INC,1,Graduate,"Rs 49,12,838 ~ 49 Lacs+",Rs 0 ~
23,267,Abdus Sukkur Beig,https://www.myneta.info/Assam2016/candidate.php?candidate_id=267,BADARPUR,IND,0,8th Pass,"Rs 90,000 ~ 90 Thou+",Rs 0 ~
24,783,Abedur Zaman,https://www.myneta.info/Assam2016/candidate.php?candidate_id=783,DHUBRI,INC,0,Graduate,https://myneta.info/image_v2.php?myneta_folder=Assam2016&candidate_id=783&col=ta,https://myneta.info/image_v2.php?myneta_folder=Assam2016&candidate_id=783&col=lia
25,379,Abhijit Hazarika,https://www.myneta.info/Assam2016/candidate.php?candidate_id=379,RANGAPARA,IND,0,Post Graduate,"Rs 3,39,70,426 ~ 3 Crore+",Rs 0 ~
26,1039,Abida Begum,https://www.myneta.info/Assam2016/candidate.php?candidate_id=1039,BARHAMPUR,Rashtriya Jankranti Party,0,Graduate Professional,"Rs 12,47,000 ~ 12 Lacs+","Rs 6,500 ~ 6 Thou+"
27,97,Abu Barkat Nizam Uddin Ahmed,https://www.myneta.info/Assam2016/candidate.php?candidate_id=97,KARIMGANJ SOUTH,IND,0,5th Pass,https://myneta.info/image_v2.php?myneta_folder=Assam2016&candidate_id=97&col=ta,https://myneta.info/image_v2.php?myneta_folder=Assam2016&candidate_id=97&col=lia
28,1047,Abu Hanifa,https://www.myneta.info/Assam2016/candidate.php?candidate_id=1047,RUPOHIHAT,Jan Congress Party,0,Graduate,"Rs 2,74,000 ~ 2 Lacs+",Rs 0 ~
29,880,Abul Fazal Nasir Uddin Mollah,https://www.myneta.info/Assam2016/candidate.php?candidate_id=880,JALESWAR,INC,0,Post Graduate,"Rs 13,09,439 ~ 13 Lacs+",Rs 0 ~
30,276,Abul Hussain Barbhuiya,https://www.myneta.info/Assam2016/candidate.php?candidate_id=276,HAILAKANDI,IND,0,8th Pass,https://myneta.info/image_v2.php?myneta_folder=Assam2016&candidate_id=276&col=ta,https://myneta.info/image_v2.php?myneta_folder=Assam2016&candidate_id=276&col=lia
31,937,Abul Kalam Azad,https://www.myneta.info/Assam2016/candidate.php?candidate_id=937,BHABANIPUR,AIUDF,0,10th Pass,"Rs 17,32,095 ~ 17 Lacs+","Rs 9,45,360 ~ 9 Lacs+"
32,866,Abul Kalam Rasheed Alam,https://www.myneta.info/Assam2016/candidate.php?candidate_id=866,GOALPARA EAST,INC,1,Graduate,"Rs 2,07,55,128 ~ 2 Crore+",Rs 0 ~
33,348,Abul Quasim,https://www.myneta.info/Assam2016/candidate.php?candidate_id=348,MAJBAT,IND,0,10th Pass,https://myneta.info/image_v2.php?myneta_folder=Assam2016&candidate_id=348&col=ta,https://myneta.info/image_v2.php?myneta_folder=Assam2016&candidate_id=348&col=lia
34,278,Adhir Chanda,https://www.myneta.info/Assam2016/candidate.php?candidate_id=278,HAILAKANDI,IND,0,10th Pass,"Rs 1,86,000 ~ 1 Lacs+",Rs 0 ~
35,885,Aftab Uddin Mollah,https://www.myneta.info/Assam2016/candidate.php?candidate_id=885,JALESWAR,IND,0,Post Graduate,"Rs 50,08,497 ~ 50 Lacs+",Rs 0 ~
36,809,Afzalur Rahman,https://www.myneta.info/Assam2016/candidate.php?candidate_id=809,BILASIPARA WEST,RPI(A),0,Post Graduate,https://myneta.info/image_v2.php?myneta_folder=Assam2016&candidate_id=809&col=ta,https://myneta.info/image_v2.php?myneta_folder=Assam2016&candidate_id=809&col=lia
37,1083,Ahmed Ali,https://www.myneta.info/Assam2016/candidate.php?candidate_id=1083,DALGAON,LJP,0,Graduate Professional,"Rs 29,31,363 ~ 29 Lacs+",Rs 0 ~
38,96,Ahmed Ali,https://www.myneta.info/Assam2016/candidate.php?candidate_id=96,KARIMGANJ SOUTH,IND,0,8th Pass,"Rs 61,000 ~ 61 Thou+",Rs 0 ~
39,291,Ahmed Hussain Laskar,https://www.myneta.info/Assam2016/candidate.php?candidate_id=291,ALGAPUR,IND,0,12th Pass,https://myneta.info/image_v2.php?myneta_folder=Assam2016&candidate_id=291&col=ta,https://myneta.info/image_v2.php?myneta_folder=Assam2016&candidate_id=291&col=lia
40,293,Ahmed Karim Barbhuiya,https://www.myneta.info/Assam2016/candidate.php?candidate_id=293,ALGAPUR,IND,0,12th Pass,"Rs 40,000 ~ 40 Thou+",Rs 0 ~
41,826,Ajay Kumar Narzary,https://www.myneta.info/Assam2016/candidate.php?candidate_id=826,KOKRAJHAR EAST (ST),IND,0,Graduate,"Rs 1,32,83,328 ~ 1 Crore+",Rs 0 ~
42,834,Ajay Kumar Ray,https://www.myneta.info/Assam2016/candidate.php?candidate_id=834,BIJNI,Bharatiya Gana Parishad,0,Graduate,https://myneta.info/image_v2.php?myneta_folder=Assam2016&candidate_id=834&col=ta,https://myneta.info/image_v2.php?myneta_folder=Assam2016&candidate_id=834&col=lia
43,140,Ajit Hazarika,https://www.myneta.info/Assam2016/candidate.php?candidate_id=140,DERGAON (SC),NCP,0,Graduate Professional,"Rs 94,68,959 ~ 94 Lacs+","Rs 6,40,000 ~ 6 Lacs+"
44,284,Ajit Kumar Paul,https://www.myneta.info/Assam2016/candidate.php?candidate_id=284,HAILAKANDI,NCP,0,10th Pass,"Rs 1,33,44,000 ~ 1 Crore+","Rs 2,78,000 ~ 2 Lacs+"
45,228,Ajit Singh,https://www.myneta.info/Assam2016/candidate.php?candidate_id=228,UDHARBOND,INC,0,Graduate,https://myneta.info/image_v2.php?myneta_folder=Assam2016&candidate_id=228&col=ta,https://myneta.info/image_v2.php?myneta_folder=Assam2016&candidate_id=228&col=lia
46,651,Ajmira Aktar,https://www.myneta.info/Assam2016/candidate.php?candidate_id=651,BILASIPARA WEST,Jan Congress Party,0,8th Pass,"Rs 70,700 ~ 70 Thou+","Rs 1,01,122 ~ 1 Lacs+"
47,58,Ajmul Hussain Laskar,https://www.myneta.info/Assam2016/candidate.php?candidate_id=58,LAKHIPUR,IND,0,10th Pass,"Rs 12,48,600 ~ 12 Lacs+",Rs 0 ~
48,199,Ajoy Kumar Roy,https://www.myneta.info/Assam2016/candidate.php?candidate_id=199,HAILAKANDI,IND,0,10th Pass,https://myneta.info/image_v2.php?myneta_folder=Assam2016&candidate_id=199&col=ta,https://myneta.info/image_v2.php?myneta_folder=Assam2016&candidate_id=199&col=lia
49,233,Akhil Ranjan Talukdar,https://www.myneta.info/Assam2016/candidate.php?candidate_id=233,RATABARI (SC),INC,0,10th Pass,"Rs 24,87,690 ~ 24 Lacs+",Rs 0 ~
50,703,Akon Bora,https://www.myneta.info/Assam2016/candidate.php?candidate_id=703,DISPUR,INC,0,Graduate,"Rs 1,82,07,416 ~ 1 Crore+","Rs 17,23,239 ~ 17 Lacs+"
51,320,Ala Uddin Choudhury,https://www.myneta.info/Assam2016/candidate.php?candidate_id=320,KATIGORA,SP,0,12th Pass,https://myneta.info/image_v2.php?myneta_folder=Assam2016&candidate_id=320&col=ta,https://myneta.info/image_v2.php?myneta_folder=Assam2016&candidate_id=320&col=lia
52,871,Ali Akbar,https://www.myneta.info/Assam2016/candidate.php?candidate_id=871,GOALPARA WEST,Jai Maha Bharath Party,0,Graduate,"Rs 61,000 ~ 61 Thou+",Rs 0 ~
53,810,Ali Akbar Miah,https://www.myneta.info/Assam2016/candidate.php?candidate_id=810,BILASIPARA WEST,IND,1,Graduate,"Rs 2,05,16,172 ~ 2 Crore+",Rs 0 ~
54,909,Ali Asgar,https://www.myneta.info/Assam2016/candidate.php?candidate_id=909,BAGHBAR,AITC,0,12th Pass,https://myneta.info/image_v2.php?myneta_folder=Assam2016&candidate_id=909&col=ta,https://myneta.info/image_v2.php?myneta_folder=Assam2016&candidate_id=909&col=lia
55,649,Ali Azom Sheikh,https://www.myneta.info/Assam2016/candidate.php?candidate_id=649,BILASIPARA WEST,Asom Gana Parishad,0,Post Graduate,"Rs 88,32,809 ~ 88 Lacs+",Rs 0 ~
56,925,Ali Hossain,https://www.myneta.info/Assam2016/candidate.php?candidate_id=925,SARUKHETRI,AIUDF,1,Post Graduate,"Rs 1,12,44,459 ~ 1 Crore+","Rs 8,10,354 ~ 8 Lacs+"
57,784,Ali Hussain,https://www.myneta.info/Assam2016/candidate.php?candidate_id=784,DHUBRI,IND,0,Graduate,https://myneta.info/image_v2.php?myneta_folder=Assam2016&candidate_id=784&col=ta,https://myneta.info/image_v2.php?myneta_folder=Assam2016&candidate_id=784&col=lia
58,204,Ali Hussain Mira,https://www.myneta.info/Assam2016/candidate.php?candidate_id=204,HAILAKANDI,IND,1,12th Pass,"Rs 73,171 ~ 73 Thou+",Rs 0 ~
59,419,Alok Kumar Ghosh,https://www.myneta.info/Assam2016/candidate.php?candidate_id=419,MARIANI,NCP,0,10th Pass,"Rs 3,13,22,963 ~ 3 Crore+",Rs 0 ~
60,913,Altaf Hussain,https://www.myneta.info/Assam2016/candidate.php?candidate_id=913,BAGHBAR,Janata Congress Party of Bharat Varsha,0,10th Pass,https://myneta.info/image_v2.php?myneta_folder=Assam2016&candidate_id=913&col=ta,https://myneta.info/image_v2.php?myneta_folder=Assam2016&candidate_id=913&col=lia
61,280,Amar Chand Bhowmik,https://www.myneta.info/Assam2016/candidate.php?candidate_id=280,HAILAKANDI,IND,0,12th Pass,"Rs 6,26,000 ~ 6 Lacs+",Rs 0 ~
62,811,Amarendra Nath,https://www.myneta.info/Assam2016/candidate.php?candidate_id=811,BILASIPARA EAST,IND,0,Graduate,"Rs 7,94,064 ~ 7 Lacs+",Rs 0 ~
63,55,Aminul Haque Laskar,https://www.myneta.info/Assam2016/candidate.php?candidate_id=55,SONAI,BJP,3,Graduate,https://myneta.info/image_v2.php?myneta_folder=Assam2016&candidate_id=55&col=ta,https://myneta.info/image_v2.php?myneta_folder=Assam2016&candidate_id=55&col=lia
64,1060,Aminul Islam,https://www.myneta.info/Assam2016/candidate.php?candidate_id=1060,DHING,AIUDF,0,Post Graduate,"Rs 24,69,532 ~ 24 Lacs+","Rs 5,50,391 ~ 5 Lacs+"
65,774,Aminul Islam,https://www.myneta.info/Assam2016/candidate.php?candidate_id=774,MANKACHAR,IND,0,Post Graduate,"Rs 1,12,87,743 ~ 1 Crore+","Rs 1,53,000 ~ 1 Lacs+"
66,903,Amir Hussain,https://www.myneta.info/Assam2016/candidate.php?candidate_id=903,JANIA,Rashtriya Secular Congress,0,Graduate,https://myneta.info/image_v2.php?myneta_folder=Assam2016&candidate_id=903&col=ta,https://myneta.info/image_v2.php?myneta_folder=Assam2016&candidate_id=903&col=lia
67,994,Amit Basfor,https://www.myneta.info/Assam2016/candidate.php?candidate_id=994,JALUKBARI,Rashtriya Jankranti Party,1,10th Pass,"Rs 1,21,000 ~ 1 Lacs+",Rs 0 ~
68,283,Amit Kumar Deb,https://www.myneta.info/Assam2016/candidate.php?candidate_id=283,HAILAKANDI,IND,0,10th Pass,"Rs 4,87,001 ~ 4 Lacs+",Rs 0 ~
69,509,Amiya Gogoi,https://www.myneta.info/Assam2016/candidate.php?candidate_id=509,DULIAJAN,IND,0,12th Pass,https://myneta.info/image_v2.php?myneta_folder=Assam2016&candidate_id=509&col=ta,https://myneta.info/image_v2.php?myneta_folder=Assam2016&candidate_id=509&col=lia
70,1093,Amiya Kr Deka,https://www.myneta.info/Assam2016/candidate.php?candidate_id=1093,SIPAJHAR,IND,0,12th Pass,"Rs 1,00,500 ~ 1 Lacs+",Rs 0 ~
71,83,Amjad Hussain,https://www.myneta.info/Assam2016/candidate.php?candidate_id=83,KARIMGANJ NORTH,IND,0,Graduate,"Rs 57,692 ~ 57 Thou+",Rs 0 ~
72,812,Amrit Badsha,https://www.myneta.info/Assam2016/candidate.php?candidate_id=812,BILASIPARA EAST,INC,1,10th Pass,https://myneta.info/image_v2.php?myneta_folder=Assam2016&candidate_id=812&col=ta,https://myneta.info/image_v2.php?myneta_folder=Assam2016&candidate_id=812&col=lia
73,241,Amulya Namasudra,https://www.myneta.info/Assam2016/candidate.php?candidate_id=241,RATABARI (SC),IND,0,8th Pass,"Rs 49,000 ~ 49 Thou+",Rs 0 ~
74,817,Amzad Hussein,https://www.myneta.info/Assam2016/candidate.php?candidate_id=817,BILASIPARA EAST,SP,0,Graduate,"Rs 4,62,100 ~ 4 Lacs+",Rs 0 ~
75,269,Anam Uddin,https://www.myneta.info/Assam2016/candidate.php?candidate_id=269,BADARPUR,IND,0,8th Pass,https://myneta.info/image_v2.php?myneta_folder=Assam2016&candidate_id=269&col=ta,https://myneta.info/image_v2.php?myneta_folder=Assam2016&candidate_id=269&col=lia
76,275,Anam Uddin Laskar,https://www.myneta.info/Assam2016/candidate.php?candidate_id=275,HAILAKANDI,INC,2,12th Pass,"Rs 66,63,735 ~ 66 Lacs+","Rs 13,26,479 ~ 13 Lacs+"
77,315,Anam Uddin Mazumder,https://www.myneta.info/Assam2016/candidate.php?candidate_id=315,BARKHOLA,IND,0,10th Pass,"Rs 95,421 ~ 95 Thou+",Rs 0 ~
78,33,Anamul Haque,https://www.myneta.info/Assam2016/candidate.php?candidate_id=33,SONAI,INC,0,Graduate Professional,https://myneta.info/image_v2.php?myneta_folder=Assam2016&candidate_id=33&col=ta,https://myneta.info/image_v2.php?myneta_folder=Assam2016&candidate_id=33&col=lia
79,982,Ananta Deka,https://www.myneta.info/Assam2016/candidate.php?candidate_id=982,RANGIYA,CPI(M),0,Post Graduate,"Rs 37,86,206 ~ 37 Lacs+","Rs 2,26,202 ~ 2 Lacs+"
80,529,Ananta Jyoti Bhattacharjee,https://www.myneta.info/Assam2016/candidate.php?candidate_id=529,TINSUKIA,Jan Congress Party,0,Graduate,"Rs 1,30,000 ~ 1 Lacs+",Rs 0 ~
81,676,Ananta Kumar Malo,https://www.myneta.info/Assam2016/candidate.php?candidate_id=676,ABHAYAPURI SOUTH (SC),AIUDF,1,10th Pass,https://myneta.info/image_v2.php?myneta_folder=Assam2016&candidate_id=676&col=ta,https://myneta.info/image_v2.php?myneta_folder=Assam2016&candidate_id=676&col=lia
82,434,Angkita Dutta,https://www.myneta.info/Assam2016/candidate.php?candidate_id=434,AMGURI,INC,0,Graduate Professional,"Rs 32,41,761 ~ 32 Lacs+",Rs 0 ~
83,752,Angoorlata Deka,https://www.myneta.info/Assam2016/candidate.php?candidate_id=752,BATADROBA,BJP,0,Graduate,"Rs 96,25,988 ~ 96 Lacs+","Rs 4,60,996 ~ 4 Lacs+"
84,209,Anil Nath,https://www.myneta.info/Assam2016/candidate.php?candidate_id=209,KATLICHERA,SP,0,10th Pass,https://myneta.info/image_v2.php?myneta_folder=Assam2016&candidate_id=209&col=ta,https://myneta.info/image_v2.php?myneta_folder=Assam2016&candidate_id=209&col=lia
85,894,Anilananda Pathak,https://www.myneta.info/Assam2016/candidate.php?candidate_id=894,SORBHOG,IND,0,10th Pass,"Rs 44,86,494 ~ 44 Lacs+","Rs 1,06,000 ~ 1 Lacs+"
86,395,Anima Gogoi,https://www.myneta.info/Assam2016/candidate.php?candidate_id=395,BOKAKHAT,IND,0,10th Pass,"Rs 2,06,24,538 ~ 2 Crore+","Rs 27,00,000 ~ 27 Lacs+"
87,948,Anirban Das,https://www.myneta.info/Assam2016/candidate.php?candidate_id=948,BOKO (SC),IND,0,10th Pass,https://myneta.info/image_v2.php?myneta_folder=Assam2016&candidate_id=948&col=ta,https://myneta.info/image_v2.php?myneta_folder=Assam2016&candidate_id=948&col=lia
88,35,Anjali Prabha Daimari,https://www.myneta.info/Assam2016/candidate.php?candidate_id=35,UDALGURI (ST),IND,0,Post Graduate,"Rs 46,59,947 ~ 46 Lacs+","Rs 22,35,628 ~ 22 Lacs+"
89,512,Anjali Senapati,https://www.myneta.info/Assam2016/candidate.php?candidate_id=512,DULIAJAN,Jan Congress Party,0,12th Pass,"Rs 2,550 ~ 2 Thou+",Rs 0 ~
90,873,Anowar Hussain,https://www.myneta.info/Assam2016/candidate.php?candidate_id=873,GOALPARA WEST,Asom Gana Parishad,0,Graduate,https://myneta.info/image_v2.php?myneta_folder=Assam2016&candidate_id=873&col=ta,https://myneta.info/image_v2.php?myneta_folder=Assam2016&candidate_id=873&col=lia
91,1046,Anser Ali Alom,https://www.myneta.info/Assam2016/candidate.php?candidate_id=1046,NOWGONG,IND,0,10th Pass,"Rs 61,34,890 ~ 61 Lacs+",Rs 0 ~
92,445,Anup Bhowmik,https://www.myneta.info/Assam2016/candidate.php?candidate_id=445,SONARI,JD(U),0,12th Pass,"Rs 4,10,000 ~ 4 Lacs+","Rs 50,000 ~ 50 Thou+"
93,518,Anup Phukan,https://www.myneta.info/Assam2016/candidate.php?candidate_id=518,TINGKHONG,IND,0,Post Graduate,https://myneta.info/image_v2.php?myneta_folder=Assam2016&candidate_id=518&col=ta,https://myneta.info/image_v2.php?myneta_folder=Assam2016&candidate_id=518&col=lia
94,554,Anup Pratim Borbaruah,https://www.myneta.info/Assam2016/candidate.php?candidate_id=554,SADIYA,NCP,0,Post Graduate,"Rs 4,51,598 ~ 4 Lacs+",Rs 0 ~
95,13,Anupam Chutia,https://www.myneta.info/Assam2016/candidate.php?candidate_id=13,NAOBOICHA,SUCI(C),0,Graduate,"Rs 6,500 ~ 6 Thou+",Rs 0 ~
96,888,Anurupa Hannan,https://www.myneta.info/Assam2016/candidate.php?candidate_id=888,SORBHOG,INC,0,Graduate,https://myneta.info/image_v2.php?myneta_folder=Assam2016&candidate_id=888&col=ta,https://myneta.info/image_v2.php?myneta_folder=Assam2016&candidate_id=888&col=lia
97,814,Anwar Hussain,https://www.myneta.info/Assam2016/candidate.php?candidate_id=814,BILASIPARA EAST,IND,0,Graduate,"Rs 2,10,15,293 ~ 2 Crore+","Rs 96,400 ~ 96 Thou+"
98,165,Anwar Hussain,https://www.myneta.info/Assam2016/candidate.php?candidate_id=165,SIBSAGAR,IND,1,Post Graduate,"Rs 55,47,496 ~ 55 Lacs+","Rs 1,23,900 ~ 1 Lacs+"
99,1064,Anwar Hussain,https://www.myneta.info/Assam2016/candidate.php?candidate_id=1064,DHING,INC,0,Graduate Professional,https://myneta.info/image_v2.php?myneta_folder=Assam2016&candidate_id=1064&col=ta,https://myneta.info/image_v2.php?myneta_folder=Assam2016&candidate_id=1064&col=lia
100,153,Anwar Hussain,https://www.myneta.info/Assam2016/candidate.php?candidate_id=153,AMGURI,IND,1,Post Graduate,"Rs 55,47,496 ~ 55 Lacs+","Rs 1,23,900 ~ 1 Lacs+"
101,225,Anwar Hussain Laskar,https://www.myneta.info/Assam2016/candidate.php?candidate_id=225,SONAI,IND,1,8th Pass,"Rs 93,46,709 ~ 93 Lacs+",Rs 0 ~
102,27,Anwar Hussain Laskar,https://www.myneta.info/Assam2016/candidate.php?candidate_id=27,HAILAKANDI,AIUDF,0,10th Pass,https://myneta.info/image_v2.php?myneta_folder=Assam2016&candidate_id=27&col=ta,https://myneta.info/image_v2.php?myneta_folder=Assam2016&candidate_id=27&col=lia
103,229,Aparna Tewari,https://www.myneta.info/Assam2016/candidate.php?candidate_id=229,UDHARBOND,SP,0,10th Pass,"Rs 2,89,000 ~ 2 Lacs+",Rs 0 ~
104,381,Archana Paul Choudhury,https://www.myneta.info/Assam2016/candidate.php?candidate_id=381,RANGAPARA,IND,0,10th Pass,"Rs 2,35,500 ~ 2 Lacs+",Rs 0 ~
105,1014,Ardhendu Kumar Dey,https://www.myneta.info/Assam2016/candidate.php?candidate_id=1014,HOJAI,INC,0,Graduate Professional,https://myneta.info/image_v2.php?myneta_folder=Assam2016&candidate_id=1014&col=ta,https://myneta.info/image_v2.php?myneta_folder=Assam2016&candidate_id=1014&col=lia
106,141,Aroti Hazarika Kachari,https://www.myneta.info/Assam2016/candidate.php?candidate_id=141,DERGAON (SC),INC,0,12th Pass,"Rs 74,58,800 ~ 74 Lacs+","Rs 6,62,600 ~ 6 Lacs+"
107,921,Arun Das,https://www.myneta.info/Assam2016/candidate.php?candidate_id=921,SARUKHETRI,NCP,0,12th Pass,"Rs 7,98,766 ~ 7 Lacs+",Rs 0 ~
108,319,Arun Karmakar,https://www.myneta.info/Assam2016/candidate.php?candidate_id=319,KATIGORA,IND,0,Literate,https://myneta.info/image_v2.php?myneta_folder=Assam2016&candidate_id=319&col=ta,https://myneta.info/image_v2.php?myneta_folder=Assam2016&candidate_id=319&col=lia
109,85,Arun Kumar Das,https://www.myneta.info/Assam2016/candidate.php?candidate_id=85,KARIMGANJ NORTH,IND,0,8th Pass,"Rs 2,72,429 ~ 2 Lacs+",Rs 0 ~
110,383,Arun Nath,https://www.myneta.info/Assam2016/candidate.php?candidate_id=383,SOOTEA,IND,0,Graduate Professional,"Rs 38,08,500 ~ 38 Lacs+",Rs 0 ~
111,393,Arun Phukan,https://www.myneta.info/Assam2016/candidate.php?candidate_id=393,BOKAKHAT,INC,0,Others,https://myneta.info/image_v2.php?myneta_folder=Assam2016&candidate_id=393&col=ta,https://myneta.info/image_v2.php?myneta_folder=Assam2016&candidate_id=393&col=lia
112,562,Arun Terang,https://www.myneta.info/Assam2016/candidate.php?candidate_id=562,BAITHALANGSO (ST),BJP,0,12th Pass,"Rs 8,95,184 ~ 8 Lacs+","Rs 3,30,000 ~ 3 Lacs+"
113,824,Aruna Brahma,https://www.myneta.info/Assam2016/candidate.php?candidate_id=824,KOKRAJHAR WEST (ST),IND,0,12th Pass,"Rs 1,24,206 ~ 1 Lacs+",Rs 0 ~
114,252,Arunangshu Bhattacharjee,https://www.myneta.info/Assam2016/candidate.php?candidate_id=252,KARIMGANJ NORTH,SUCI(C),0,Post Graduate,https://myneta.info/image_v2.php?myneta_folder=Assam2016&candidate_id=252&col=ta,https://myneta.info/image_v2.php?myneta_folder=Assam2016&candidate_id=252&col=lia
115,172,Arup Kalita,https://www.myneta.info/Assam2016/candidate.php?candidate_id=172,LAKHIMPUR,CPI,0,Graduate Professional,"Rs 19,72,732 ~ 19 Lacs+",Rs 0 ~
116,243,Asad Uddin Ahmed,https://www.myneta.info/Assam2016/candidate.php?candidate_id=243,PATHARKANDI,IND,0,12th Pass,"Rs 1,26,004 ~ 1 Lacs+",Rs 0 ~
117,32,Ascham Uddin Laskar,https://www.myneta.info/Assam2016/candidate.php?candidate_id=32,SILCHAR,IND,0,8th Pass,https://myneta.info/image_v2.php?myneta_folder=Assam2016&candidate_id=32&col=ta,https://myneta.info/image_v2.php?myneta_folder=Assam2016&candidate_id=32&col=lia
118,51,Ashik Ahmed Laskar,https://www.myneta.info/Assam2016/candidate.php?candidate_id=51,KATLICHERA,IND,0,Graduate,"Rs 6,95,000 ~ 6 Lacs+",Rs 0 ~
119,819,Ashim Hasda,https://www.myneta.info/Assam2016/candidate.php?candidate_id=819,GOSSAIGAON,INC,0,Graduate,"Rs 12,24,378 ~ 12 Lacs+",Rs 0 ~
120,220,Ashim Kumar Das,https://www.myneta.info/Assam2016/candidate.php?candidate_id=220,SILCHAR,IND,0,10th Pass,https://myneta.info/image_v2.php?myneta_folder=Assam2016&candidate_id=220&col=ta,https://myneta.info/image_v2.php?myneta_folder=Assam2016&candidate_id=220&col=lia
121,457,Ashini Kumar Chetia,https://www.myneta.info/Assam2016/candidate.php?candidate_id=457,SIBSAGAR,IND,0,Graduate,"Rs 9,20,000 ~ 9 Lacs+","Rs 4,07,210 ~ 4 Lacs+"
122,36,Ashok Anand Singhal,https://www.myneta.info/Assam2016/candidate.php?candidate_id=36,DHEKIAJULI,BJP,0,Graduate,"Rs 7,23,72,367 ~ 7 Crore+","Rs 1,68,50,000 ~ 1 Crore+"
123,849,Ashok Dutta,https://www.myneta.info/Assam2016/candidate.php?candidate_id=849,ABHAYAPURI SOUTH (SC),RPI(A),0,8th Pass,https://myneta.info/image_v2.php?myneta_folder=Assam2016&candidate_id=849&col=ta,https://myneta.info/image_v2.php?myneta_folder=Assam2016&candidate_id=849&col=lia
124,490,Ashok Kumar Orang,https://www.myneta.info/Assam2016/candidate.php?candidate_id=490,MORAN,IND,0,Graduate,"Rs 30,60,000 ~ 30 Lacs+",Rs 0 ~
125,569,Ashok Kumar Singhi,https://www.myneta.info/Assam2016/candidate.php?candidate_id=569,BILASIPARA EAST,BJP,0,12th Pass,"Rs 10,10,20,269 ~ 10 Crore+","Rs 1,35,86,729 ~ 1 Crore+"
126,722,Ashok Sarma,https://www.myneta.info/Assam2016/candidate.php?candidate_id=722,NALBARI,BJP,0,12th Pass,https://myneta.info/image_v2.php?myneta_folder=Assam2016&candidate_id=722&col=ta,https://myneta.info/image_v2.php?myneta_folder=Assam2016&candidate_id=722&col=lia
127,424,Ashraf Hussain,https://www.myneta.info/Assam2016/candidate.php?candidate_id=424,TEOK,IND,0,12th Pass,"Rs 55,00,000 ~ 55 Lacs+",Rs 0 ~
128,656,Ashwin Kumar Mahanta,https://www.myneta.info/Assam2016/candidate.php?candidate_id=656,BILASIPARA EAST,IND,0,Doctorate,"Rs 6,37,738 ~ 6 Lacs+",Rs 0 ~
129,567,Ashwini Ray Sarkar,https://www.myneta.info/Assam2016/candidate.php?candidate_id=567,GOLAKGANJ,BJP,0,Post Graduate,https://myneta.info/image_v2.php?myneta_folder=Assam2016&candidate_id=567&col=ta,https://myneta.info/image_v2.php?myneta_folder=Assam2016&candidate_id=567&col=lia
130,600,Aswini Pait,https://www.myneta.info/Assam2016/candidate.php?candidate_id=600,JONAI (ST),BJP,0,10th Pass,"Rs 39,00,966 ~ 39 Lacs+",Rs 0 ~
131,215,Ataur Rahman Mazarbhuiya,https://www.myneta.info/Assam2016/candidate.php?candidate_id=215,KATIGORA,INC,0,Post Graduate,"Rs 80,89,503 ~ 80 Lacs+","Rs 6,49,734 ~ 6 Lacs+"
132,898,Atikur Rahman,https://www.myneta.info/Assam2016/candidate.php?candidate_id=898,BARPETA,RPI,0,Graduate,https://myneta.info/image_v2.php?myneta_folder=Assam2016&candidate_id=898&col=ta,https://myneta.info/image_v2.php?myneta_folder=Assam2016&candidate_id=898&col=lia
133,807,Atowar Hussain,https://www.myneta.info/Assam2016/candidate.php?candidate_id=807,BILASIPARA WEST,IND,0,10th Pass,"Rs 57,39,029 ~ 57 Lacs+","Rs 4,00,000 ~ 4 Lacs+"
134,136,Atul Bora,https://www.myneta.info/Assam2016/candidate.php?candidate_id=136,BOKAKHAT,Asom Gana Parishad,0,Post Graduate,"Rs 2,25,07,607 ~ 2 Crore+","Rs 65,40,173 ~ 65 Lacs+"
135,706,Atul Bora,https://www.myneta.info/Assam2016/candidate.php?candidate_id=706,DISPUR,BJP,0,Graduate,https://myneta.info/image_v2.php?myneta_folder=Assam2016&candidate_id=706&col=ta,https://myneta.info/image_v2.php?myneta_folder=Assam2016&candidate_id=706&col=lia
136,185,Atuwa Munda,https://www.myneta.info/Assam2016/candidate.php?candidate_id=185,TINGKHONG,INC,0,Graduate,"Rs 2,99,27,511 ~ 2 Crore+","Rs 25,21,859 ~ 25 Lacs+"
137,1157,Avijit Chakraborty,https://www.myneta.info/Assam2016/candidate.php?candidate_id=1157,GAUHATI EAST,Bharatiya Gana Parishad,0,10th Pass,"Rs 75,44,318 ~ 75 Lacs+",Rs 0 ~
138,498,Avinash Singh,https://www.myneta.info/Assam2016/candidate.php?candidate_id=498,DIBRUGARH,IND,0,10th Pass,https://myneta.info/image_v2.php?myneta_folder=Assam2016&candidate_id=498&col=ta,https://myneta.info/image_v2.php?myneta_folder=Assam2016&candidate_id=498&col=lia
139,642,Azahar Hussain,https://www.myneta.info/Assam2016/candidate.php?candidate_id=642,DHUBRI,SUCI(C),0,12th Pass,"Rs 60,265 ~ 60 Thou+","Rs 45,900 ~ 45 Thou+"
140,88,Azir Uddin,https://www.myneta.info/Assam2016/candidate.php?candidate_id=88,KARIMGANJ SOUTH,IND,0,5th Pass,"Rs 61,000 ~ 61 Thou+",Rs 0 ~
141,93,Aziz Ahmed Khan,https://www.myneta.info/Assam2016/candidate.php?candidate_id=93,KARIMGANJ SOUTH,AIUDF,0,8th Pass,https://myneta.info/image_v2.php?myneta_folder=Assam2016&candidate_id=93&col=ta,https://myneta.info/image_v2.php?myneta_folder=Assam2016&candidate_id=93&col=lia
142,877,Babli Goswami Chakraborty,https://www.myneta.info/Assam2016/candidate.php?candidate_id=877,GOALPARA WEST,IND,0,Graduate,"Rs 9,31,314 ~ 9 Lacs+",Rs 0 ~
143,990,Babul Boro,https://www.myneta.info/Assam2016/candidate.php?candidate_id=990,RANGIYA,IND,0,12th Pass,"Rs 72,000 ~ 72 Thou+",Rs 0 ~
144,50,Bachchu Paul,https://www.myneta.info/Assam2016/candidate.php?candidate_id=50,KATLICHERA,IND,0,Graduate,https://myneta.info/image_v2.php?myneta_folder=Assam2016&candidate_id=50&col=ta,https://myneta.info/image_v2.php?myneta_folder=Assam2016&candidate_id=50&col=lia
145,1026,Badar Uddin,https://www.myneta.info/Assam2016/candidate.php?candidate_id=1026,JAMUNAMUKH,IND,0,10th Pass,"Rs 5,44,776 ~ 5 Lacs+",Rs 0 ~
146,639,Badruddin Ajmal,https://www.myneta.info/Assam2016/candidate.php?candidate_id=639,SALMARA SOUTH,AIUDF,1,Post Graduate,"Rs 54,82,12,335 ~ 54 Crore+","Rs 2,23,12,213 ~ 2 Crore+"
147,314,Badrul Islam Mazumder,https://www.myneta.info/Assam2016/candidate.php?candidate_id=314,BARKHOLA,IND,0,12th Pass,https://myneta.info/image_v2.php?myneta_folder=Assam2016&candidate_id=314&col=ta,https://myneta.info/image_v2.php?myneta_folder=Assam2016&candidate_id=314&col=lia
148,641,Baharul Sk.,https://www.myneta.info/Assam2016/candidate.php?candidate_id=641,DHUBRI,Rashtriya Secular Congress,0,Literate,"Rs 53,000 ~ 53 Thou+",Rs 0 ~
149,946,Baikuntha Sarma,https://www.myneta.info/Assam2016/candidate.php?candidate_id=946,PATACHAR KUCHI,IND,0,12th Pass,"Rs 48,92,624 ~ 48 Lacs+",Rs 0 ~
150,350,Baldev Chouhan,https://www.myneta.info/Assam2016/candidate.php?candidate_id=350,MAJBAT,LJP,0,10th Pass,https://myneta.info/image_v2.php?myneta_folder=Assam2016&candidate_id=350&col=ta,https://myneta.info/image_v2.php?myneta_folder=Assam2016&candidate_id=350&col=lia
151,442,Baldev Teli,https://www.myneta.info/Assam2016/candidate.php?candidate_id=442,MAHMARA,Bharat Vikas Morcha,0,Graduate,"Rs 3,33,576 ~ 3 Lacs+",Rs 0 ~
152,1002,Bandana Barman Baruah,https://www.myneta.info/Assam2016/candidate.php?candidate_id=1002,DISPUR,Rashtriya Jankranti Party,0,Graduate,"Rs 12,81,126 ~ 12 Lacs+","Rs 2,38,000 ~ 2 Lacs+"
153,1155,Bandana Barman Baruah,https://www.myneta.info/Assam2016/candidate.php?candidate_id=1155,GAUHATI EAST,Rashtriya Jankranti Party,0,Graduate,https://myneta.info/image_v2.php?myneta_folder=Assam2016&candidate_id=1155&col=ta,https://myneta.info/image_v2.php?myneta_folder=Assam2016&candidate_id=1155&col=lia
154,566,Banendra Kumar Mushahary,https://www.myneta.info/Assam2016/candidate.php?candidate_id=566,GAURIPUR,Bodoland Peoples Front,0,12th Pass,"Rs 2,75,32,278 ~ 2 Crore+","Rs 16,55,209 ~ 16 Lacs+"
155,998,Bapi Aich,https://www.myneta.info/Assam2016/candidate.php?candidate_id=998,JALUKBARI,Bharatiya Gana Parishad,0,10th Pass,"Rs 19,45,000 ~ 19 Lacs+",Rs 0 ~
156,207,Bappa Purkayastha,https://www.myneta.info/Assam2016/candidate.php?candidate_id=207,KATLICHERA,IND,0,12th Pass,https://myneta.info/image_v2.php?myneta_folder=Assam2016&candidate_id=207&col=ta,https://myneta.info/image_v2.php?myneta_folder=Assam2016&candidate_id=207&col=lia
157,670,Basanta Kumar Medhi,https://www.myneta.info/Assam2016/candidate.php?candidate_id=670,KOKRAJHAR EAST (ST),IND,0,Graduate,"Rs 1,65,167 ~ 1 Lacs+",Rs 0 ~
158,1025,Bashir Uddin Laskar,https://www.myneta.info/Assam2016/candidate.php?candidate_id=1025,JAMUNAMUKH,INC,0,12th Pass,"Rs 44,78,037 ~ 44 Lacs+","Rs 9,46,329 ~ 9 Lacs+"
159,1027,Basir Uddin,https://www.myneta.info/Assam2016/candidate.php?candidate_id=1027,JAMUNAMUKH,IND,0,5th Pass,https://myneta.info/image_v2.php?myneta_folder=Assam2016&candidate_id=1027&col=ta,https://myneta.info/image_v2.php?myneta_folder=Assam2016&candidate_id=1027&col=lia
160,689,Benazir Arfan,https://www.myneta.info/Assam2016/candidate.php?candidate_id=689,JANIA,BJP,0,Others,"Rs 1,06,000 ~ 1 Lacs+",Rs 0 ~
161,127,Benudhar Nath,https://www.myneta.info/Assam2016/candidate.php?candidate_id=127,DHEKIAJULI,IND,0,12th Pass,"Rs 5,57,01,535 ~ 5 Crore+","Rs 1,18,47,615 ~ 1 Crore+"
162,534,Bhaba Kanta Chutia,https://www.myneta.info/Assam2016/candidate.php?candidate_id=534,DIGBOI,IND,0,8th Pass,https://myneta.info/image_v2.php?myneta_folder=Assam2016&candidate_id=534&col=ta,https://myneta.info/image_v2.php?myneta_folder=Assam2016&candidate_id=534&col=lia
163,605,Bhaba Kanta Chutia,https://www.myneta.info/Assam2016/candidate.php?candidate_id=605,DOOM DOOMA,IND,0,8th Pass,"Rs 6,60,500 ~ 6 Lacs+",Rs 0 ~
164,373,Bhabananda Deka,https://www.myneta.info/Assam2016/candidate.php?candidate_id=373,TEZPUR,IND,0,10th Pass,"Rs 10,45,691 ~ 10 Lacs+",Rs 0 ~
165,44,Bhabendra Nath Bharali,https://www.myneta.info/Assam2016/candidate.php?candidate_id=44,DERGAON (SC),Asom Gana Parishad,0,Graduate,https://myneta.info/image_v2.php?myneta_folder=Assam2016&candidate_id=44&col=ta,https://myneta.info/image_v2.php?myneta_folder=Assam2016&candidate_id=44&col=lia
166,983,Bhabesh Kalita,https://www.myneta.info/Assam2016/candidate.php?candidate_id=983,RANGIYA,BJP,0,Graduate Professional,"Rs 33,93,594 ~ 33 Lacs+","Rs 3,39,638 ~ 3 Lacs+"
167,663,Bhadreswar Brahma,https://www.myneta.info/Assam2016/candidate.php?candidate_id=663,KOKRAJHAR WEST (ST),IND,0,10th Pass,"Rs 46,000 ~ 46 Thou+",Rs 0 ~
168,625,Bhadreswar Tanti,https://www.myneta.info/Assam2016/candidate.php?candidate_id=625,SARUPATHAR,IND,0,Graduate Professional,https://myneta.info/image_v2.php?myneta_folder=Assam2016&candidate_id=625&col=ta,https://myneta.info/image_v2.php?myneta_folder=Assam2016&candidate_id=625&col=lia
169,843,Bhagirath Ray,https://www.myneta.info/Assam2016/candidate.php?candidate_id=843,ABHAYAPURI NORTH,RPI(A),0,Graduate,"Rs 26,93,290 ~ 26 Lacs+","Rs 9,692 ~ 9 Thou+"
170,176,Bharat Chandra Narah,https://www.myneta.info/Assam2016/candidate.php?candidate_id=176,DHAKUAKHANA (ST),INC,0,Post Graduate,"Rs 10,86,89,406 ~ 10 Crore+","Rs 2,23,434 ~ 2 Lacs+"
171,205,Bhaskar Deb,https://www.myneta.info/Assam2016/candidate.php?candidate_id=205,KATLICHERA,IND,0,10th Pass,https://myneta.info/image_v2.php?myneta_folder=Assam2016&candidate_id=205&col=ta,https://myneta.info/image_v2.php?myneta_folder=Assam2016&candidate_id=205&col=lia
172,410,Bhaskar Jyoti Mahanta,https://www.myneta.info/Assam2016/candidate.php?candidate_id=410,JORHAT,IND,0,10th Pass,"Rs 10,46,289 ~ 10 Lacs+",Rs 0 ~
173,543,Bhaskar Sharma,https://www.myneta.info/Assam2016/candidate.php?candidate_id=543,MARGHERITA,BJP,0,10th Pass,"Rs 6,91,18,448 ~ 6 Crore+","Rs 2,46,67,710 ~ 2 Crore+"
174,764,Bhaskar Sharma,https://www.myneta.info/Assam2016/candidate.php?candidate_id=764,KALIABOR,IND,0,12th Pass,https://myneta.info/image_v2.php?myneta_folder=Assam2016&candidate_id=764&col=ta,https://myneta.info/image_v2.php?myneta_folder=Assam2016&candidate_id=764&col=lia
175,377,Bhimananda Tanti,https://www.myneta.info/Assam2016/candidate.php?candidate_id=377,RANGAPARA,INC,0,Graduate,"Rs 36,67,895 ~ 36 Lacs+",Rs 0 ~
176,408,Bhuban Chandra Saikia,https://www.myneta.info/Assam2016/candidate.php?candidate_id=408,DERGAON (SC),IND,0,10th Pass,"Rs 70,50,000 ~ 70 Lacs+",Rs 0 ~
177,4,Bhubon Pegu,https://www.myneta.info/Assam2016/candidate.php?candidate_id=4,JONAI (ST),IND,1,10th Pass,https://myneta.info/image_v2.php?myneta_folder=Assam2016&candidate_id=4&col=ta,https://myneta.info/image_v2.php?myneta_folder=Assam2016&candidate_id=4&col=lia
178,1132,Bhumidhar Barman,https://www.myneta.info/Assam2016/candidate.php?candidate_id=1132,BARKHETRY,Liberal Democratic Party,0,Graduate,"Rs 7,79,802 ~ 7 Lacs+",Rs 0 ~
179,481,Bhumiranjan Doley,https://www.myneta.info/Assam2016/candidate.php?candidate_id=481,DHAKUAKHANA (ST),IND,0,Graduate,"Rs 1,29,58,656 ~ 1 Crore+","Rs 18,27,579 ~ 18 Lacs+"
180,615,Bhupen Das,https://www.myneta.info/Assam2016/candidate.php?candidate_id=615,BARAMA (ST),IND,0,Graduate,https://myneta.info/image_v2.php?myneta_folder=Assam2016&candidate_id=615&col=ta,https://myneta.info/image_v2.php?myneta_folder=Assam2016&candidate_id=615&col=lia
181,167,Bhupen Kumar Borah,https://www.myneta.info/Assam2016/candidate.php?candidate_id=167,BIHPURIA,INC,0,Post Graduate,"Rs 3,11,69,711 ~ 3 Crore+","Rs 26,90,000 ~ 26 Lacs+"
182,602,Bhupen Narah,https://www.myneta.info/Assam2016/candidate.php?candidate_id=602,JONAI (ST),IND,0,Post Graduate,"Rs 6,80,000 ~ 6 Lacs+",Rs 0 ~
183,573,Bhupen Roy,https://www.myneta.info/Assam2016/candidate.php?candidate_id=573,ABHAYAPURI NORTH,Asom Gana Parishad,0,Graduate,https://myneta.info/image_v2.php?myneta_folder=Assam2016&candidate_id=573&col=ta,https://myneta.info/image_v2.php?myneta_folder=Assam2016&candidate_id=573&col=lia
184,710,Bhupen Sarma,https://www.myneta.info/Assam2016/candidate.php?candidate_id=710,GAUHATI EAST,IND,0,Graduate,"Rs 76,744 ~ 76 Thou+",Rs 0 ~
185,1136,Bhupen Talukdar,https://www.myneta.info/Assam2016/candidate.php?candidate_id=1136,BARKHETRY,IND,0,12th Pass,"Rs 61,92,000 ~ 61 Lacs+",Rs 0 ~
186,931,Bhupendra Kalita,https://www.myneta.info/Assam2016/candidate.php?candidate_id=931,BHABANIPUR,IND,0,Graduate,https://myneta.info/image_v2.php?myneta_folder=Assam2016&candidate_id=931&col=ta,https://myneta.info/image_v2.php?myneta_folder=Assam2016&candidate_id=931&col=lia
187,854,Bhupendra Rabha,https://www.myneta.info/Assam2016/candidate.php?candidate_id=854,DUDHNAI (ST),CPI,0,10th Pass,"Rs 87,980 ~ 87 Thou+",Rs 0 ~
188,6,Bibek Das,https://www.myneta.info/Assam2016/candidate.php?candidate_id=6,BEHALI,CPI(ML)(L),1,Graduate,"Rs 2,99,000 ~ 2 Lacs+","Rs 1,832 ~ 1 Thou+"
189,337,Bidya Sing Engleng,https://www.myneta.info/Assam2016/candidate.php?candidate_id=337,DIPHU (ST),INC,0,Graduate,https://myneta.info/image_v2.php?myneta_folder=Assam2016&candidate_id=337&col=ta,https://myneta.info/image_v2.php?myneta_folder=Assam2016&candidate_id=337&col=lia
190,1004,Bidyut Bora,https://www.myneta.info/Assam2016/candidate.php?candidate_id=1004,DISPUR,AITC,0,Graduate,"Rs 10,02,122 ~ 10 Lacs+",Rs 0 ~
191,765,Bijay Kumar Chamaria,https://www.myneta.info/Assam2016/candidate.php?candidate_id=765,KALIABOR,IND,0,12th Pass,"Rs 1,55,21,304 ~ 1 Crore+","Rs 14,88,173 ~ 14 Lacs+"
192,376,Bijoy Kumar Tiru,https://www.myneta.info/Assam2016/candidate.php?candidate_id=376,RANGAPARA,AIUDF,0,Graduate,https://myneta.info/image_v2.php?myneta_folder=Assam2016&candidate_id=376&col=ta,https://myneta.info/image_v2.php?myneta_folder=Assam2016&candidate_id=376&col=lia
193,397,Bijoy Kutum,https://www.myneta.info/Assam2016/candidate.php?candidate_id=397,BOKAKHAT,IND,0,Post Graduate,"Rs 6,20,278 ~ 6 Lacs+",Rs 0 ~
194,110,Biju Chanda,https://www.myneta.info/Assam2016/candidate.php?candidate_id=110,SILCHAR,IND,0,8th Pass,"Rs 3,09,200 ~ 3 Lacs+",Rs 0 ~
195,341,Bikan Chandra Deka,https://www.myneta.info/Assam2016/candidate.php?candidate_id=341,PANERY,IND,0,Graduate Professional,https://myneta.info/image_v2.php?myneta_folder=Assam2016&candidate_id=341&col=ta,https://myneta.info/image_v2.php?myneta_folder=Assam2016&candidate_id=341&col=lia
196,257,Bikash Kanti Roy,https://www.myneta.info/Assam2016/candidate.php?candidate_id=257,KARIMGANJ NORTH,Bharatiya Gana Parishad,0,12th Pass,"Rs 1,95,500 ~ 1 Lacs+",Rs 0 ~
197,611,Bikha Tokbi,https://www.myneta.info/Assam2016/candidate.php?candidate_id=611,BOKAJAN (ST),Jan Congress Party,0,10th Pass,"Rs 20,000 ~ 20 Thou+",Rs 0 ~
198,645,Bikromjit Roy,https://www.myneta.info/Assam2016/candidate.php?candidate_id=645,GAURIPUR,IND,2,10th Pass,https://myneta.info/image_v2.php?myneta_folder=Assam2016&candidate_id=645&col=ta,https://myneta.info/image_v2.php?myneta_folder=Assam2016&candidate_id=645&col=lia
199,90,Bilal Uddin,https://www.myneta.info/Assam2016/candidate.php?candidate_id=90,KARIMGANJ SOUTH,IND,0,12th Pass,"Rs 71,000 ~ 71 Thou+",Rs 0 ~
200,186,Bimal Borah,https://www.myneta.info/Assam2016/candidate.php?candidate_id=186,TINGKHONG,BJP,0,Graduate,"Rs 1,17,44,508 ~ 1 Crore+","Rs 8,42,895 ~ 8 Lacs+"
201,361,Bina Daimari,https://www.myneta.info/Assam2016/candidate.php?candidate_id=361,BARCHALLA,AIUDF,0,Graduate,https://myneta.info/image_v2.php?myneta_folder=Assam2016&candidate_id=361&col=ta,https://myneta.info/image_v2.php?myneta_folder=Assam2016&candidate_id=361&col=lia
202,733,Binanda Kumar Saikia,https://www.myneta.info/Assam2016/candidate.php?candidate_id=733,SIPAJHAR,BJP,0,Post Graduate,"Rs 2,30,28,138 ~ 2 Crore+","Rs 1,15,70,146 ~ 1 Crore+"
203,287,Binayak Deb,https://www.myneta.info/Assam2016/candidate.php?candidate_id=287,ALGAPUR,IND,0,12th Pass,"Rs 96,520 ~ 96 Thou+",Rs 0 ~
204,1029,Bindu Ganju,https://www.myneta.info/Assam2016/candidate.php?candidate_id=1029,KALIABOR,INC,0,5th Pass,https://myneta.info/image_v2.php?myneta_folder=Assam2016&candidate_id=1029&col=ta,https://myneta.info/image_v2.php?myneta_folder=Assam2016&candidate_id=1029&col=lia
205,400,Binod Gowalla,https://www.myneta.info/Assam2016/candidate.php?candidate_id=400,SARUPATHAR,Asom Gana Parishad,0,Graduate,"Rs 49,97,735 ~ 49 Lacs+",Rs 0 ~
206,190,Binod Hazarika,https://www.myneta.info/Assam2016/candidate.php?candidate_id=190,CHABUA,BJP,0,10th Pass,"Rs 33,99,211 ~ 33 Lacs+","Rs 8,25,220 ~ 8 Lacs+"
207,273,Binoy Namasudra,https://www.myneta.info/Assam2016/candidate.php?candidate_id=273,BADARPUR,IND,0,Literate,https://myneta.info/image_v2.php?myneta_folder=Assam2016&candidate_id=273&col=ta,https://myneta.info/image_v2.php?myneta_folder=Assam2016&candidate_id=273&col=lia
208,366,Biphai Minj,https://www.myneta.info/Assam2016/candidate.php?candidate_id=366,BARCHALLA,IND,0,10th Pass,"Rs 30,80,000 ~ 30 Lacs+",Rs 0 ~
209,648,Biplab Mukherjee,https://www.myneta.info/Assam2016/candidate.php?candidate_id=648,BILASIPARA WEST,IND,0,12th Pass,"Rs 30,53,514 ~ 30 Lacs+",Rs 0 ~
210,499,Bipul Chandra Das,https://www.myneta.info/Assam2016/candidate.php?candidate_id=499,DIBRUGARH,IND,0,Graduate,https://myneta.info/image_v2.php?myneta_folder=Assam2016&candidate_id=499&col=ta,https://myneta.info/image_v2.php?myneta_folder=Assam2016&candidate_id=499&col=lia
211,1135,Bipul Goswami,https://www.myneta.info/Assam2016/candidate.php?candidate_id=1135,BARKHETRY,IND,0,Graduate,"Rs 19,50,000 ~ 19 Lacs+",Rs 0 ~
212,1153,Bipul Kumar Talukdar,https://www.myneta.info/Assam2016/candidate.php?candidate_id=1153,GAUHATI EAST,IND,0,Post Graduate,"Rs 14,48,873 ~ 14 Lacs+",Rs 0 ~
213,343,Bipul Narzary,https://www.myneta.info/Assam2016/candidate.php?candidate_id=343,UDALGURI (ST),IND,0,12th Pass,https://myneta.info/image_v2.php?myneta_folder=Assam2016&candidate_id=343&col=ta,https://myneta.info/image_v2.php?myneta_folder=Assam2016&candidate_id=343&col=lia
214,66,Bir Bhadra Hagjer,https://www.myneta.info/Assam2016/candidate.php?candidate_id=66,HAFLONG (ST),BJP,0,Graduate,"Rs 1,53,17,716 ~ 1 Crore+",Rs 0 ~
215,1040,Biren Chandra Das,https://www.myneta.info/Assam2016/candidate.php?candidate_id=1040,NOWGONG,Akhil Bharat Hindu Mahasabha,0,8th Pass,"Rs 68,94,500 ~ 68 Lacs+","Rs 4,37,019 ~ 4 Lacs+"
216,596,Biren Gogoi,https://www.myneta.info/Assam2016/candidate.php?candidate_id=596,TITABAR,Bharat Vikas Morcha,0,10th Pass,https://myneta.info/image_v2.php?myneta_folder=Assam2016&candidate_id=596&col=ta,https://myneta.info/image_v2.php?myneta_folder=Assam2016&candidate_id=596&col=lia
217,1030,Biren Mirdha,https://www.myneta.info/Assam2016/candidate.php?candidate_id=1030,KALIABOR,Bharat Vikas Morcha,0,10th Pass,"Rs 5,00,000 ~ 5 Lacs+",Rs 0 ~
218,551,Birinchi Neog,https://www.myneta.info/Assam2016/candidate.php?candidate_id=551,SADIYA,INC,0,Graduate,"Rs 41,93,564 ~ 41 Lacs+",Rs 0 ~
219,14,Birinchi Pegu,https://www.myneta.info/Assam2016/candidate.php?candidate_id=14,LAKHIMPUR,SUCI(C),0,12th Pass,https://myneta.info/image_v2.php?myneta_folder=Assam2016&candidate_id=14&col=ta,https://myneta.info/image_v2.php?myneta_folder=Assam2016&candidate_id=14&col=lia
220,868,Birmal Ray,https://www.myneta.info/Assam2016/candidate.php?candidate_id=868,GOALPARA EAST,IND,0,12th Pass,"Rs 86,183 ~ 86 Thou+",Rs 0 ~
221,448,Bishnu Koya,https://www.myneta.info/Assam2016/candidate.php?candidate_id=448,SONARI,Bharat Vikas Morcha,0,Graduate,"Rs 1,09,000 ~ 1 Lacs+",Rs 0 ~
222,1006,Bishnu Prasad Sarma,https://www.myneta.info/Assam2016/candidate.php?candidate_id=1006,DISPUR,IND,0,5th Pass,https://myneta.info/image_v2.php?myneta_folder=Assam2016&candidate_id=1006&col=ta,https://myneta.info/image_v2.php?myneta_folder=Assam2016&candidate_id=1006&col=lia
223,404,Bismita Gogoi,https://www.myneta.info/Assam2016/candidate.php?candidate_id=404,KHUMTAI,INC,0,Post Graduate,"Rs 80,72,993 ~ 80 Lacs+","Rs 33,12,157 ~ 33 Lacs+"
224,991,Biswajit Brahma,https://www.myneta.info/Assam2016/candidate.php?candidate_id=991,RANGIYA,IND,0,Graduate Professional,"Rs 26,97,000 ~ 26 Lacs+","Rs 2,90,000 ~ 2 Lacs+"
225,624,Biswajit Phukan,https://www.myneta.info/Assam2016/candidate.php?candidate_id=624,SARUPATHAR,IND,0,Post Graduate,https://myneta.info/image_v2.php?myneta_folder=Assam2016&candidate_id=624&col=ta,https://myneta.info/image_v2.php?myneta_folder=Assam2016&candidate_id=624&col=lia
226,833,Biswajit Ray,https://www.myneta.info/Assam2016/candidate.php?candidate_id=833,BIJNI,INC,0,Graduate,"Rs 27,35,487 ~ 27 Lacs+",Rs 0 ~
227,555,Biswanath Baruah,https://www.myneta.info/Assam2016/candidate.php?candidate_id=555,SADIYA,IND,0,Post Graduate,"Rs 18,42,687 ~ 18 Lacs+","Rs 3,25,000 ~ 3 Lacs+"
228,540,Biswanath Sarma Bordoloi,https://www.myneta.info/Assam2016/candidate.php?candidate_id=540,DIGBOI,IND,0,12th Pass,https://myneta.info/image_v2.php?myneta_folder=Assam2016&candidate_id=540&col=ta,https://myneta.info/image_v2.php?myneta_folder=Assam2016&candidate_id=540&col=lia
229,541,Biswanath Singh,https://www.myneta.info/Assam2016/candidate.php?candidate_id=541,MARGHERITA,IND,0,10th Pass,"Rs 48,65,558 ~ 48 Lacs+",Rs 0 ~
230,43,Bitupan Saikia,https://www.myneta.info/Assam2016/candidate.php?candidate_id=43,GOLAGHAT,BJP,0,12th Pass,"Rs 91,46,101 ~ 91 Lacs+","Rs 15,000 ~ 15 Thou+"
231,375,Bizit Saikia,https://www.myneta.info/Assam2016/candidate.php?candidate_id=375,TEZPUR,IND,0,12th Pass,https://myneta.info/image_v2.php?myneta_folder=Assam2016&candidate_id=375&col=ta,https://myneta.info/image_v2.php?myneta_folder=Assam2016&candidate_id=375&col=lia
232,1152,Bobbeeta Sharma,https://www.myneta.info/Assam2016/candidate.php?candidate_id=1152,GAUHATI EAST,INC,0,Post Graduate,"Rs 14,43,41,758 ~ 14 Crore+","Rs 54,97,833 ~ 54 Lacs+"
233,505,Boga Kumar Nag,https://www.myneta.info/Assam2016/candidate.php?candidate_id=505,LAHOWAL,Jan Congress Party,0,10th Pass,"Rs 1,32,285 ~ 1 Lacs+",Rs 0 ~
234,197,Bolin Chetia,https://www.myneta.info/Assam2016/candidate.php?candidate_id=197,SADIYA,BJP,0,12th Pass,https://myneta.info/image_v2.php?myneta_folder=Assam2016&candidate_id=197&col=ta,https://myneta.info/image_v2.php?myneta_folder=Assam2016&candidate_id=197&col=lia
235,766,Boloram Nag,https://www.myneta.info/Assam2016/candidate.php?candidate_id=766,KALIABOR,AIUDF,0,Graduate,"Rs 45,34,000 ~ 45 Lacs+","Rs 2,03,000 ~ 2 Lacs+"
236,1099,Brajen Mahanta,https://www.myneta.info/Assam2016/candidate.php?candidate_id=1099,KALAIGAON,IND,0,10th Pass,"Rs 10,37,409 ~ 10 Lacs+",Rs 0 ~
237,369,Brindaban Goswami,https://www.myneta.info/Assam2016/candidate.php?candidate_id=369,TEZPUR,Asom Gana Parishad,0,Graduate,https://myneta.info/image_v2.php?myneta_folder=Assam2016&candidate_id=369&col=ta,https://myneta.info/image_v2.php?myneta_folder=Assam2016&candidate_id=369&col=lia
238,302,Brojalal Das,https://www.myneta.info/Assam2016/candidate.php?candidate_id=302,SILCHAR,IND,0,12th Pass,"Rs 10,57,607 ~ 10 Lacs+",Rs 0 ~
239,427,Bubul Dutta,https://www.myneta.info/Assam2016/candidate.php?candidate_id=427,TEOK,IND,0,12th Pass,"Rs 58,32,222 ~ 58 Lacs+","Rs 3,65,952 ~ 3 Lacs+"
240,560,Bulbul Gowala,https://www.myneta.info/Assam2016/candidate.php?candidate_id=560,SADIYA,IND,0,12th Pass,https://myneta.info/image_v2.php?myneta_folder=Assam2016&candidate_id=560&col=ta,https://myneta.info/image_v2.php?myneta_folder=Assam2016&candidate_id=560&col=lia
241,281,Burhan Uddin Barbhuiya,https://www.myneta.info/Assam2016/candidate.php?candidate_id=281,HAILAKANDI,IND,0,10th Pass,"Rs 91,000 ~ 91 Thou+",Rs 0 ~
242,491,Chakradhar Gogoi,https://www.myneta.info/Assam2016/candidate.php?candidate_id=491,MORAN,BJP,0,Graduate,"Rs 18,57,959 ~ 18 Lacs+",Rs 0 ~
243,539,Chandan Bagh,https://www.myneta.info/Assam2016/candidate.php?candidate_id=539,DIGBOI,IND,0,Literate,https://myneta.info/image_v2.php?myneta_folder=Assam2016&candidate_id=539&col=ta,https://myneta.info/image_v2.php?myneta_folder=Assam2016&candidate_id=539&col=lia
244,829,Chandan Brahma,https://www.myneta.info/Assam2016/candidate.php?candidate_id=829,SIDLI (ST),Bodoland Peoples Front,0,Graduate,"Rs 9,58,01,494 ~ 9 Crore+","Rs 2,90,01,000 ~ 2 Crore+"
245,848,Chandan Kumar Sarkar,https://www.myneta.info/Assam2016/candidate.php?candidate_id=848,ABHAYAPURI SOUTH (SC),INC,0,10th Pass,"Rs 3,54,70,165 ~ 3 Crore+",Rs 0 ~
246,721,Chandi Basumatary,https://www.myneta.info/Assam2016/candidate.php?candidate_id=721,TAMULPUR,IND,0,Graduate,https://myneta.info/image_v2.php?myneta_folder=Assam2016&candidate_id=721&col=ta,https://myneta.info/image_v2.php?myneta_folder=Assam2016&candidate_id=721&col=lia
247,497,Chandra Kanta Barua,https://www.myneta.info/Assam2016/candidate.php?candidate_id=497,DIBRUGARH,INC,0,Graduate,"Rs 3,14,92,477 ~ 3 Crore+","Rs 47,58,307 ~ 47 Lacs+"
248,728,Chandra Mohan Patowary,https://www.myneta.info/Assam2016/candidate.php?candidate_id=728,DHARMAPUR,BJP,0,Post Graduate,"Rs 1,77,22,804 ~ 1 Crore+","Rs 10,52,859 ~ 10 Lacs+"
249,126,Charan Boro,https://www.myneta.info/Assam2016/candidate.php?candidate_id=126,MAJBAT,Bodoland Peoples Front,0,Post Graduate,https://myneta.info/image_v2.php?myneta_folder=Assam2016&candidate_id=126&col=ta,https://myneta.info/image_v2.php?myneta_folder=Assam2016&candidate_id=126&col=lia
250,428,Chiranjit Borah,https://www.myneta.info/Assam2016/candidate.php?candidate_id=428,TEOK,IND,0,Graduate,"Rs 69,92,704 ~ 69 Lacs+",Rs 0 ~
251,924,Chittaranjan Barman,https://www.myneta.info/Assam2016/candidate.php?candidate_id=924,SARUKHETRI,Asom Gana Parishad,0,Graduate Professional,"Rs 14,37,641 ~ 14 Lacs+","Rs 4,75,438 ~ 4 Lacs+"
252,67,Chomang Kro,https://www.myneta.info/Assam2016/candidate.php?candidate_id=67,HOWRAGHAT (ST),IND,0,Graduate,https://myneta.info/image_v2.php?myneta_folder=Assam2016&candidate_id=67&col=ta,https://myneta.info/image_v2.php?myneta_folder=Assam2016&candidate_id=67&col=lia
253,129,Christopher Dhanwar,https://www.myneta.info/Assam2016/candidate.php?candidate_id=129,RANGAPARA,IND,0,10th Pass,"Rs 3,23,597 ~ 3 Lacs+",Rs 0 ~
254,62,Chunilal Bhattacharjee,https://www.myneta.info/Assam2016/candidate.php?candidate_id=62,BARKHOLA,CPI(M),0,Graduate Professional,"Rs 21,26,000 ~ 21 Lacs+",Rs 0 ~
255,530,Cintu Baruah,https://www.myneta.info/Assam2016/candidate.php?candidate_id=530,TINSUKIA,NCP,0,12th Pass,https://myneta.info/image_v2.php?myneta_folder=Assam2016&candidate_id=530&col=ta,https://myneta.info/image_v2.php?myneta_folder=Assam2016&candidate_id=530&col=lia
256,1001,Dadhiswar Phangcho,https://www.myneta.info/Assam2016/candidate.php?candidate_id=1001,DISPUR,IND,0,Graduate,"Rs 3,40,000 ~ 3 Lacs+",Rs 0 ~
257,667,Dahit Chandra Brahma,https://www.myneta.info/Assam2016/candidate.php?candidate_id=667,KOKRAJHAR WEST (ST),AIUDF,0,12th Pass,"Rs 44,94,740 ~ 44 Lacs+",Rs 0 ~
258,620,Daniel Momin,https://www.myneta.info/Assam2016/candidate.php?candidate_id=620,BOKAJAN (ST),National Peoples Party,0,12th Pass,https://myneta.info/image_v2.php?myneta_folder=Assam2016&candidate_id=620&col=ta,https://myneta.info/image_v2.php?myneta_folder=Assam2016&candidate_id=620&col=lia
259,715,Deba Kumar Barman,https://www.myneta.info/Assam2016/candidate.php?candidate_id=715,GAUHATI WEST,AITC,0,Others,"Rs 1,86,80,683 ~ 1 Crore+","Rs 19,49,672 ~ 19 Lacs+"
260,437,Debabrata Saikia,https://www.myneta.info/Assam2016/candidate.php?candidate_id=437,NAZIRA,INC,1,Graduate,"Rs 4,55,02,509 ~ 4 Crore+","Rs 52,18,042 ~ 52 Lacs+"
261,761,Debabrata Saikia,https://www.myneta.info/Assam2016/candidate.php?candidate_id=761,BARHAMPUR,IND,0,Post Graduate,https://myneta.info/image_v2.php?myneta_folder=Assam2016&candidate_id=761&col=ta,https://myneta.info/image_v2.php?myneta_folder=Assam2016&candidate_id=761&col=lia
262,462,Debananda Hazarika,https://www.myneta.info/Assam2016/candidate.php?candidate_id=462,BIHPURIA,BJP,0,Post Graduate,"Rs 1,79,52,374 ~ 1 Crore+",Rs 0 ~
263,244,Debangshu Nath,https://www.myneta.info/Assam2016/candidate.php?candidate_id=244,PATHARKANDI,SUCI(C),0,Graduate,"Rs 2,362 ~ 2 Thou+",Rs 0 ~
264,853,Deben Daimary,https://www.myneta.info/Assam2016/candidate.php?candidate_id=853,DUDHNAI (ST),IND,0,10th Pass,https://myneta.info/image_v2.php?myneta_folder=Assam2016&candidate_id=853&col=ta,https://myneta.info/image_v2.php?myneta_folder=Assam2016&candidate_id=853&col=lia
265,134,Deben Saikia,https://www.myneta.info/Assam2016/candidate.php?candidate_id=134,GOHPUR,IND,0,Graduate Professional,"Rs 10,51,000 ~ 10 Lacs+","Rs 6,50,000 ~ 6 Lacs+"
266,77,Debendra Kumar Sinha,https://www.myneta.info/Assam2016/candidate.php?candidate_id=77,PATHARKANDI,AIUDF,1,Graduate Professional,"Rs 98,18,419 ~ 98 Lacs+","Rs 14,54,009 ~ 14 Lacs+"
267,191,Debnath Majhi,https://www.myneta.info/Assam2016/candidate.php?candidate_id=191,CHABUA,CPI(ML)(L),0,8th Pass,https://myneta.info/image_v2.php?myneta_folder=Assam2016&candidate_id=191&col=ta,https://myneta.info/image_v2.php?myneta_folder=Assam2016&candidate_id=191&col=lia
268,1137,Deepak Kalita,https://www.myneta.info/Assam2016/candidate.php?candidate_id=1137,BARKHETRY,Jai Maha Bharath Party,0,Post Graduate,"Rs 3,55,000 ~ 3 Lacs+",Rs 0 ~
269,839,Deepak Kumar Das,https://www.myneta.info/Assam2016/candidate.php?candidate_id=839,BONGAIGAON,IND,0,12th Pass,"Rs 70,133 ~ 70 Thou+",Rs 0 ~
270,82,Deepan Nath,https://www.myneta.info/Assam2016/candidate.php?candidate_id=82,KARIMGANJ NORTH,IND,0,10th Pass,https://myneta.info/image_v2.php?myneta_folder=Assam2016&candidate_id=82&col=ta,https://myneta.info/image_v2.php?myneta_folder=Assam2016&candidate_id=82&col=lia
271,698,Derajuddin Ahmed,https://www.myneta.info/Assam2016/candidate.php?candidate_id=698,CHAYGAON,AIUDF,0,10th Pass,"Rs 2,03,81,942 ~ 2 Crore+","Rs 82,09,328 ~ 82 Lacs+"
272,1118,Derhagra Mochahary,https://www.myneta.info/Assam2016/candidate.php?candidate_id=1118,TAMULPUR,Liberal Democratic Party,0,10th Pass,"Rs 5,62,000 ~ 5 Lacs+",Rs 0 ~
273,638,Dewan Joynal Abedin,https://www.myneta.info/Assam2016/candidate.php?candidate_id=638,SALMARA SOUTH,SUCI(C),0,Post Graduate,https://myneta.info/image_v2.php?myneta_folder=Assam2016&candidate_id=638&col=ta,https://myneta.info/image_v2.php?myneta_folder=Assam2016&candidate_id=638&col=lia
274,359,Dhaniram Rajowar,https://www.myneta.info/Assam2016/candidate.php?candidate_id=359,DHEKIAJULI,AIUDF,0,8th Pass,"Rs 9,21,000 ~ 9 Lacs+",Rs 0 ~
275,1013,Dhaniram Thousen,https://www.myneta.info/Assam2016/candidate.php?candidate_id=1013,HOJAI,AIUDF,0,10th Pass,"Rs 47,63,388 ~ 47 Lacs+","Rs 12,50,000 ~ 12 Lacs+"
276,840,Dhirabati Choudhury,https://www.myneta.info/Assam2016/candidate.php?candidate_id=840,BONGAIGAON,IND,0,10th Pass,https://myneta.info/image_v2.php?myneta_folder=Assam2016&candidate_id=840&col=ta,https://myneta.info/image_v2.php?myneta_folder=Assam2016&candidate_id=840&col=lia
277,850,Dhiren Majumdar,https://www.myneta.info/Assam2016/candidate.php?candidate_id=850,ABHAYAPURI SOUTH (SC),Jan Congress Party,0,10th Pass,"Rs 44,256 ~ 44 Thou+",Rs 0 ~
278,564,Dhonsing Hanse,https://www.myneta.info/Assam2016/candidate.php?candidate_id=564,BAITHALANGSO (ST),Jan Congress Party,0,8th Pass,"Rs 20,000 ~ 20 Thou+",Rs 0 ~
279,508,Dhurubajyoti Gogoi,https://www.myneta.info/Assam2016/candidate.php?candidate_id=508,DULIAJAN,INC,0,10th Pass,https://myneta.info/image_v2.php?myneta_folder=Assam2016&candidate_id=508&col=ta,https://myneta.info/image_v2.php?myneta_folder=Assam2016&candidate_id=508&col=lia
280,159,Dibya Buragohain Gogoi,https://www.myneta.info/Assam2016/candidate.php?candidate_id=159,MAHMARA,IND,0,Post Graduate,"Rs 17,82,099 ~ 17 Lacs+",Rs 0 ~
281,1133,Diganta Barman,https://www.myneta.info/Assam2016/candidate.php?candidate_id=1133,BARKHETRY,INC,0,Graduate,"Rs 3,71,27,017 ~ 3 Crore+","Rs 26,50,000 ~ 26 Lacs+"
282,421,Diganta Phukan,https://www.myneta.info/Assam2016/candidate.php?candidate_id=421,MARIANI,IND,0,Not Given,https://myneta.info/image_v2.php?myneta_folder=Assam2016&candidate_id=421&col=ta,https://myneta.info/image_v2.php?myneta_folder=Assam2016&candidate_id=421&col=lia
283,182,Diganta Phukan,https://www.myneta.info/Assam2016/candidate.php?candidate_id=182,DIBRUGARH,CPI,0,Graduate,"Rs 2,76,593 ~ 2 Lacs+",Rs 0 ~
284,517,Dilip Bharali,https://www.myneta.info/Assam2016/candidate.php?candidate_id=517,TINGKHONG,IND,0,10th Pass,"Rs 14,41,037 ~ 14 Lacs+",Rs 0 ~
285,174,Dilip Dutta,https://www.myneta.info/Assam2016/candidate.php?candidate_id=174,LAKHIMPUR,IND,0,Graduate,https://myneta.info/image_v2.php?myneta_folder=Assam2016&candidate_id=174&col=ta,https://myneta.info/image_v2.php?myneta_folder=Assam2016&candidate_id=174&col=lia
286,595,Dilip Gogoi,https://www.myneta.info/Assam2016/candidate.php?candidate_id=595,TITABAR,IND,0,Graduate,"Rs 5,93,000 ~ 5 Lacs+",Rs 0 ~
287,122,Dilip Kumar Baro,https://www.myneta.info/Assam2016/candidate.php?candidate_id=122,UDALGURI (ST),IND,0,Graduate,"Rs 6,38,471 ~ 6 Lacs+",Rs 0 ~
288,480,Dilip Kumar Chowdhury,https://www.myneta.info/Assam2016/candidate.php?candidate_id=480,DHAKUAKHANA (ST),IND,0,Graduate,https://myneta.info/image_v2.php?myneta_folder=Assam2016&candidate_id=480&col=ta,https://myneta.info/image_v2.php?myneta_folder=Assam2016&candidate_id=480&col=lia
289,672,Dilip Kumar Sarania,https://www.myneta.info/Assam2016/candidate.php?candidate_id=672,SIDLI (ST),IND,0,Graduate,"Rs 13,28,352 ~ 13 Lacs+",Rs 0 ~
290,195,Dilip Moran,https://www.myneta.info/Assam2016/candidate.php?candidate_id=195,DOOM DOOMA,BJP,0,12th Pass,"Rs 1,74,64,023 ~ 1 Crore+","Rs 30,15,817 ~ 30 Lacs+"
291,432,Dilram Karmakar,https://www.myneta.info/Assam2016/candidate.php?candidate_id=432,AMGURI,IND,0,10th Pass,https://myneta.info/image_v2.php?myneta_folder=Assam2016&candidate_id=432&col=ta,https://myneta.info/image_v2.php?myneta_folder=Assam2016&candidate_id=432&col=lia
292,1057,Dilwar Ahmed,https://www.myneta.info/Assam2016/candidate.php?candidate_id=1057,BATADROBA,IND,0,12th Pass,"Rs 11,61,065 ~ 11 Lacs+",Rs 0 ~
293,469,Dilwar Hussain,https://www.myneta.info/Assam2016/candidate.php?candidate_id=469,NAOBOICHA,IND,0,10th Pass,"Rs 30,49,000 ~ 30 Lacs+",Rs 0 ~
294,750,Dimbeswar Das,https://www.myneta.info/Assam2016/candidate.php?candidate_id=750,RAHA (SC),BJP,0,12th Pass,https://myneta.info/image_v2.php?myneta_folder=Assam2016&candidate_id=750&col=ta,https://myneta.info/image_v2.php?myneta_folder=Assam2016&candidate_id=750&col=lia
295,119,Dina Nath Das,https://www.myneta.info/Assam2016/candidate.php?candidate_id=119,PANERY,IND,0,Post Graduate,"Rs 10,61,381 ~ 10 Lacs+","Rs 3,98,089 ~ 3 Lacs+"
296,559,Dindayal Verma,https://www.myneta.info/Assam2016/candidate.php?candidate_id=559,SADIYA,IND,0,10th Pass,"Rs 5,48,43,912 ~ 5 Crore+","Rs 1,99,82,802 ~ 1 Crore+"
297,1160,Dipak Barman,https://www.myneta.info/Assam2016/candidate.php?candidate_id=1160,DHARMAPUR,IND,1,10th Pass,https://myneta.info/image_v2.php?myneta_folder=Assam2016&candidate_id=1160&col=ta,https://myneta.info/image_v2.php?myneta_folder=Assam2016&candidate_id=1160&col=lia
298,175,Dipak Chetia,https://www.myneta.info/Assam2016/candidate.php?candidate_id=175,LAKHIMPUR,AIUDF,0,Post Graduate,"Rs 6,00,109 ~ 6 Lacs+",Rs 0 ~
299,859,Dipak Kumar Rabha,https://www.myneta.info/Assam2016/candidate.php?candidate_id=859,DUDHNAI (ST),BJP,1,10th Pass,"Rs 57,12,866 ~ 57 Lacs+",Rs 0 ~
300,322,Dipak Lal Das,https://www.myneta.info/Assam2016/candidate.php?candidate_id=322,KATIGORA,IND,0,10th Pass,https://myneta.info/image_v2.php?myneta_folder=Assam2016&candidate_id=322&col=ta,https://myneta.info/image_v2.php?myneta_folder=Assam2016&candidate_id=322&col=lia
301,402,Dipankar Das,https://www.myneta.info/Assam2016/candidate.php?candidate_id=402,GOLAGHAT,IND,0,Post Graduate,"Rs 1,23,765 ~ 1 Lacs+",Rs 0 ~
302,101,Dipek Deb,https://www.myneta.info/Assam2016/candidate.php?candidate_id=101,BADARPUR,BJP,0,10th Pass,"Rs 21,000 ~ 21 Thou+",Rs 0 ~
303,338,Dipendra Rongpi,https://www.myneta.info/Assam2016/candidate.php?candidate_id=338,DIPHU (ST),LJP,0,10th Pass,https://myneta.info/image_v2.php?myneta_folder=Assam2016&candidate_id=338&col=ta,https://myneta.info/image_v2.php?myneta_folder=Assam2016&candidate_id=338&col=lia
304,623,Dipu Saikia,https://www.myneta.info/Assam2016/candidate.php?candidate_id=623,SARUPATHAR,IND,0,10th Pass,"Rs 29,73,057 ~ 29 Lacs+","Rs 1,94,600 ~ 1 Lacs+"
305,1095,Dr Zoii Nath Sarmah,https://www.myneta.info/Assam2016/candidate.php?candidate_id=1095,SIPAJHAR,INC,0,Doctorate,"Rs 4,54,88,708 ~ 4 Crore+","Rs 65,352 ~ 65 Thou+"
306,593,Dr. Bhupen Chandra Borah,https://www.myneta.info/Assam2016/candidate.php?candidate_id=593,KALIABOR,Liberal Democratic Party,0,Graduate,https://myneta.info/image_v2.php?myneta_folder=Assam2016&candidate_id=593&col=ta,https://myneta.info/image_v2.php?myneta_folder=Assam2016&candidate_id=593&col=lia
307,467,Dr. Debabrat Gogoi,https://www.myneta.info/Assam2016/candidate.php?candidate_id=467,NAOBOICHA,IND,0,Graduate Professional,"Rs 26,07,000 ~ 26 Lacs+",Rs 0 ~
308,565,Dr. Debamoy Sanyal,https://www.myneta.info/Assam2016/candidate.php?candidate_id=565,DHUBRI,BJP,0,Graduate Professional,"Rs 2,12,14,852 ~ 2 Crore+","Rs 5,00,000 ~ 5 Lacs+"
309,746,Dr. Dhiren Chandra Nath,https://www.myneta.info/Assam2016/candidate.php?candidate_id=746,MARIGAON,IND,1,Post Graduate,https://myneta.info/image_v2.php?myneta_folder=Assam2016&candidate_id=746&col=ta,https://myneta.info/image_v2.php?myneta_folder=Assam2016&candidate_id=746&col=lia
310,1044,Dr. Durlav Chamua,https://www.myneta.info/Assam2016/candidate.php?candidate_id=1044,NOWGONG,INC,0,Graduate Professional,"Rs 3,22,09,299 ~ 3 Crore+","Rs 75,10,030 ~ 75 Lacs+"
311,68,Dr. Jayanta Rongpi,https://www.myneta.info/Assam2016/candidate.php?candidate_id=68,DIPHU (ST),IND,0,Post Graduate,"Rs 96,50,537 ~ 96 Lacs+","Rs 8,61,744 ~ 8 Lacs+"
312,417,Dr. Jintu Hazarika,https://www.myneta.info/Assam2016/candidate.php?candidate_id=417,MARIANI,IND,0,Doctorate,https://myneta.info/image_v2.php?myneta_folder=Assam2016&candidate_id=417&col=ta,https://myneta.info/image_v2.php?myneta_folder=Assam2016&candidate_id=417&col=lia
313,474,Dr. Joy Prakash Das,https://www.myneta.info/Assam2016/candidate.php?candidate_id=474,LAKHIMPUR,INC,0,Doctorate,"Rs 37,15,453 ~ 37 Lacs+","Rs 9,03,299 ~ 9 Lacs+"
314,583,Dr. Kamala Kanta Kalita,https://www.myneta.info/Assam2016/candidate.php?candidate_id=583,CHAYGAON,Asom Gana Parishad,0,Graduate Professional,"Rs 2,43,07,708 ~ 2 Crore+","Rs 16,04,000 ~ 16 Lacs+"
315,578,Dr. Kartik Deka,https://www.myneta.info/Assam2016/candidate.php?candidate_id=578,PATACHAR KUCHI,IND,0,Post Graduate,https://myneta.info/image_v2.php?myneta_folder=Assam2016&candidate_id=578&col=ta,https://myneta.info/image_v2.php?myneta_folder=Assam2016&candidate_id=578&col=lia
316,778,Dr. Motiur Rohman Mondal,https://www.myneta.info/Assam2016/candidate.php?candidate_id=778,MANKACHAR,INC,0,Post Graduate,"Rs 79,15,662 ~ 79 Lacs+",Rs 0 ~
317,1070,Dr. Nazrul Islam,https://www.myneta.info/Assam2016/candidate.php?candidate_id=1070,LAHARIGHAT,INC,0,Graduate Professional,"Rs 5,91,90,391 ~ 5 Crore+","Rs 73,13,579 ~ 73 Lacs+"
318,482,Dr. Rajendra Nath Pegu,https://www.myneta.info/Assam2016/candidate.php?candidate_id=482,DHAKUAKHANA (ST),Liberal Democratic Party,0,Graduate Professional,https://myneta.info/image_v2.php?myneta_folder=Assam2016&candidate_id=482&col=ta,https://myneta.info/image_v2.php?myneta_folder=Assam2016&candidate_id=482&col=lia
319,211,Dr. Rumi Nath,https://www.myneta.info/Assam2016/candidate.php?candidate_id=211,BARKHOLA,INC,3,Graduate Professional,"Rs 21,78,495 ~ 21 Lacs+",Rs 0 ~
320,19,Drona Charingia Phukan,https://www.myneta.info/Assam2016/candidate.php?candidate_id=19,SADIYA,CPI(M),0,Graduate,"Rs 74,35,787 ~ 74 Lacs+","Rs 1,00,000 ~ 1 Lacs+"
321,433,Dulal Baruah,https://www.myneta.info/Assam2016/candidate.php?candidate_id=433,AMGURI,IND,0,Graduate,https://myneta.info/image_v2.php?myneta_folder=Assam2016&candidate_id=433&col=ta,https://myneta.info/image_v2.php?myneta_folder=Assam2016&candidate_id=433&col=lia
322,418,Dulen Nayak,https://www.myneta.info/Assam2016/candidate.php?candidate_id=418,MARIANI,BJP,0,12th Pass,"Rs 27,62,000 ~ 27 Lacs+",Rs 0 ~
323,968,Dulu Ahmed,https://www.myneta.info/Assam2016/candidate.php?candidate_id=968,HAJO,INC,0,Graduate,"Rs 15,09,36,784 ~ 15 Crore+","Rs 5,91,38,200 ~ 5 Crore+"
324,547,Durga Bhumij,https://www.myneta.info/Assam2016/candidate.php?candidate_id=547,DOOM DOOMA,INC,0,Graduate,https://myneta.info/image_v2.php?myneta_folder=Assam2016&candidate_id=547&col=ta,https://myneta.info/image_v2.php?myneta_folder=Assam2016&candidate_id=547&col=lia
325,115,Durgadas Boro,https://www.myneta.info/Assam2016/candidate.php?candidate_id=115,PANERY,INC,0,Graduate,"Rs 1,89,38,520 ~ 1 Crore+",Rs 0 ~
326,489,Durgeswar Patir,https://www.myneta.info/Assam2016/candidate.php?candidate_id=489,DHEMAJI (ST),LJP,0,Graduate,"Rs 10,06,000 ~ 10 Lacs+",Rs 0 ~
327,718,Dwipen Pathak,https://www.myneta.info/Assam2016/candidate.php?candidate_id=718,HAJO,AITC,2,Graduate,https://myneta.info/image_v2.php?myneta_folder=Assam2016&candidate_id=718&col=ta,https://myneta.info/image_v2.php?myneta_folder=Assam2016&candidate_id=718&col=lia
328,187,Eliash Sichan,https://www.myneta.info/Assam2016/candidate.php?candidate_id=187,TINGKHONG,Jharkhand Disom Party,0,10th Pass,"Rs 5,00,000 ~ 5 Lacs+",Rs 0 ~
329,614,Emmanuel Mosahary,https://www.myneta.info/Assam2016/candidate.php?candidate_id=614,TAMULPUR,Bodoland Peoples Front,0,Post Graduate,"Rs 1,56,83,718 ~ 1 Crore+",Rs 0 ~
330,258,Faizul Haque,https://www.myneta.info/Assam2016/candidate.php?candidate_id=258,KARIMGANJ SOUTH,IND,0,5th Pass,https://myneta.info/image_v2.php?myneta_folder=Assam2016&candidate_id=258&col=ta,https://myneta.info/image_v2.php?myneta_folder=Assam2016&candidate_id=258&col=lia
331,1050,Faizur Rahman,https://www.myneta.info/Assam2016/candidate.php?candidate_id=1050,RUPOHIHAT,IND,0,8th Pass,"Rs 24,73,808 ~ 24 Lacs+",Rs 0 ~
332,702,Faruk Ahmed Bhuyan,https://www.myneta.info/Assam2016/candidate.php?candidate_id=702,DISPUR,SP,0,Post Graduate,"Rs 30,90,500 ~ 30 Lacs+","Rs 3,00,000 ~ 3 Lacs+"
333,580,Faruk Khan,https://www.myneta.info/Assam2016/candidate.php?candidate_id=580,BARPETA,IND,0,Graduate,https://myneta.info/image_v2.php?myneta_folder=Assam2016&candidate_id=580&col=ta,https://myneta.info/image_v2.php?myneta_folder=Assam2016&candidate_id=580&col=lia
334,198,Fokrul Alom Mazarbhuiya,https://www.myneta.info/Assam2016/candidate.php?candidate_id=198,HAILAKANDI,IND,0,10th Pass,"Rs 65,000 ~ 65 Thou+",Rs 0 ~
335,674,Fulbar Ali Molya,https://www.myneta.info/Assam2016/candidate.php?candidate_id=674,BONGAIGAON,IND,0,5th Pass,"Rs 17,52,999 ~ 17 Lacs+",Rs 0 ~
336,832,Gajendra Barman,https://www.myneta.info/Assam2016/candidate.php?candidate_id=832,BIJNI,CPI(M),0,Post Graduate,https://myneta.info/image_v2.php?myneta_folder=Assam2016&candidate_id=832&col=ta,https://myneta.info/image_v2.php?myneta_folder=Assam2016&candidate_id=832&col=lia
337,485,Gandheswar Borah,https://www.myneta.info/Assam2016/candidate.php?candidate_id=485,DHEMAJI (ST),CPI(M),0,12th Pass,"Rs 27,11,354 ~ 27 Lacs+",Rs 0 ~
338,364,Ganesh Kumar Limbu,https://www.myneta.info/Assam2016/candidate.php?candidate_id=364,BARCHALLA,BJP,0,Post Graduate,"Rs 85,74,684 ~ 85 Lacs+","Rs 5,50,764 ~ 5 Lacs+"
339,465,Gargi Deori,https://www.myneta.info/Assam2016/candidate.php?candidate_id=465,BIHPURIA,IND,0,Graduate Professional,https://myneta.info/image_v2.php?myneta_folder=Assam2016&candidate_id=465&col=ta,https://myneta.info/image_v2.php?myneta_folder=Assam2016&candidate_id=465&col=lia
340,631,Gauranga Prasad Das,https://www.myneta.info/Assam2016/candidate.php?candidate_id=631,GOALPARA EAST,BJP,0,Graduate,"Rs 2,46,03,637 ~ 2 Crore+","Rs 6,11,948 ~ 6 Lacs+"
341,1051,Gautam Bora,https://www.myneta.info/Assam2016/candidate.php?candidate_id=1051,BATADROBA,INC,0,12th Pass,"Rs 1,57,45,980 ~ 1 Crore+","Rs 12,62,132 ~ 12 Lacs+"
342,538,Gautam Dhanowar,https://www.myneta.info/Assam2016/candidate.php?candidate_id=538,DIGBOI,INC,0,Post Graduate,https://myneta.info/image_v2.php?myneta_folder=Assam2016&candidate_id=538&col=ta,https://myneta.info/image_v2.php?myneta_folder=Assam2016&candidate_id=538&col=lia
343,206,Gautam Roy,https://www.myneta.info/Assam2016/candidate.php?candidate_id=206,KATLICHERA,INC,0,12th Pass,"Rs 2,63,84,363 ~ 2 Crore+",Rs 0 ~
344,150,Gayatri Borah Kalita,https://www.myneta.info/Assam2016/candidate.php?candidate_id=150,AMGURI,AIUDF,0,12th Pass,"Rs 11,82,848 ~ 11 Lacs+",Rs 0 ~
345,477,Ghana Buragohain,https://www.myneta.info/Assam2016/candidate.php?candidate_id=477,LAKHIMPUR,IND,0,Graduate,https://myneta.info/image_v2.php?myneta_folder=Assam2016&candidate_id=477&col=ta,https://myneta.info/image_v2.php?myneta_folder=Assam2016&candidate_id=477&col=lia
346,697,Ghanashyam Das,https://www.myneta.info/Assam2016/candidate.php?candidate_id=697,BOKO (SC),IND,0,Graduate Professional,"Rs 3,93,06,938 ~ 3 Crore+","Rs 27,98,467 ~ 27 Lacs+"
347,985,Ghanashyam Kalita,https://www.myneta.info/Assam2016/candidate.php?candidate_id=985,RANGIYA,INC,0,Graduate,"Rs 86,05,455 ~ 86 Lacs+",Rs 0 ~
348,568,Gias Uddin Ahmed,https://www.myneta.info/Assam2016/candidate.php?candidate_id=568,BILASIPARA WEST,CPI,0,Graduate Professional,https://myneta.info/image_v2.php?myneta_folder=Assam2016&candidate_id=568&col=ta,https://myneta.info/image_v2.php?myneta_folder=Assam2016&candidate_id=568&col=lia
349,872,Gias Uddin Ahmed,https://www.myneta.info/Assam2016/candidate.php?candidate_id=872,GOALPARA WEST,New All India Congress Party,0,Post Graduate,"Rs 4,20,000 ~ 4 Lacs+",Rs 0 ~
350,353,Girish Chandra Choudhury,https://www.myneta.info/Assam2016/candidate.php?candidate_id=353,MAJBAT,IND,0,Graduate,"Rs 30,47,505 ~ 30 Lacs+",Rs 0 ~
351,1120,Girish Chandra Mahanta,https://www.myneta.info/Assam2016/candidate.php?candidate_id=1120,TAMULPUR,IND,0,Graduate,https://myneta.info/image_v2.php?myneta_folder=Assam2016&candidate_id=1120&col=ta,https://myneta.info/image_v2.php?myneta_folder=Assam2016&candidate_id=1120&col=lia
352,441,Girish Phukon,https://www.myneta.info/Assam2016/candidate.php?candidate_id=441,MAHMARA,Rashtriya Jankranti Party,0,10th Pass,"Rs 6,45,000 ~ 6 Lacs+",Rs 0 ~
353,588,Gobinda Das,https://www.myneta.info/Assam2016/candidate.php?candidate_id=588,DISPUR,IND,1,8th Pass,"Rs 7,40,913 ~ 7 Lacs+",Rs 0 ~
354,149,Gojanand Munda,https://www.myneta.info/Assam2016/candidate.php?candidate_id=149,TEOK,IND,0,8th Pass,https://myneta.info/image_v2.php?myneta_folder=Assam2016&candidate_id=149&col=ta,https://myneta.info/image_v2.php?myneta_folder=Assam2016&candidate_id=149&col=lia
355,1128,Gopi Baruah,https://www.myneta.info/Assam2016/candidate.php?candidate_id=1128,NALBARI,IND,0,8th Pass,"Rs 55,000 ~ 55 Thou+",Rs 0 ~
356,385,Gopi Chand Shahabadi,https://www.myneta.info/Assam2016/candidate.php?candidate_id=385,BISWANATH,JD(U),0,10th Pass,"Rs 18,22,199 ~ 18 Lacs+","Rs 30,00,000 ~ 30 Lacs+"
357,947,Gopi Nath Das,https://www.myneta.info/Assam2016/candidate.php?candidate_id=947,BOKO (SC),AIUDF,0,Graduate,https://myneta.info/image_v2.php?myneta_folder=Assam2016&candidate_id=947&col=ta,https://myneta.info/image_v2.php?myneta_folder=Assam2016&candidate_id=947&col=lia
358,34,Gour Chandra Das,https://www.myneta.info/Assam2016/candidate.php?candidate_id=34,DHOLAI (SC),SUCI(C),0,Post Graduate,"Rs 17,432 ~ 17 Thou+",Rs 0 ~
359,694,Gunajit Adhikary,https://www.myneta.info/Assam2016/candidate.php?candidate_id=694,CHENGA,BJP,0,Graduate,"Rs 2,41,59,609 ~ 2 Crore+","Rs 49,05,546 ~ 49 Lacs+"
360,749,Guneswar Das,https://www.myneta.info/Assam2016/candidate.php?candidate_id=749,RAHA (SC),AIUDF,0,12th Pass,https://myneta.info/image_v2.php?myneta_folder=Assam2016&candidate_id=749&col=ta,https://myneta.info/image_v2.php?myneta_folder=Assam2016&candidate_id=749&col=lia
361,454,Gunin Basumatari,https://www.myneta.info/Assam2016/candidate.php?candidate_id=454,SIBSAGAR,Liberal Democratic Party,0,Graduate Professional,"Rs 75,99,848 ~ 75 Lacs+",Rs 0 ~
362,688,Gunindra Nath Das,https://www.myneta.info/Assam2016/candidate.php?candidate_id=688,BARPETA,Asom Gana Parishad,0,Graduate,"Rs 2,53,07,494 ~ 2 Crore+","Rs 47,67,217 ~ 47 Lacs+"
363,738,Gurujyoti Das,https://www.myneta.info/Assam2016/candidate.php?candidate_id=738,MANGALDOI (SC),BJP,0,Graduate,https://myneta.info/image_v2.php?myneta_folder=Assam2016&candidate_id=738&col=ta,https://myneta.info/image_v2.php?myneta_folder=Assam2016&candidate_id=738&col=lia
364,741,Habibar Rahman,https://www.myneta.info/Assam2016/candidate.php?candidate_id=741,DALGAON,Asom Gana Parishad,0,Graduate Professional,"Rs 5,36,249 ~ 5 Lacs+",Rs 0 ~
365,354,Habul Chakraborty,https://www.myneta.info/Assam2016/candidate.php?candidate_id=354,DHEKIAJULI,INC,0,10th Pass,"Rs 1,34,58,890 ~ 1 Crore+","Rs 39,77,184 ~ 39 Lacs+"
366,805,Hafiz Bashir Ahmed,https://www.myneta.info/Assam2016/candidate.php?candidate_id=805,BILASIPARA WEST,AIUDF,0,Post Graduate,https://myneta.info/image_v2.php?myneta_folder=Assam2016&candidate_id=805&col=ta,https://myneta.info/image_v2.php?myneta_folder=Assam2016&candidate_id=805&col=lia
367,939,Haidar Ali,https://www.myneta.info/Assam2016/candidate.php?candidate_id=939,BHABANIPUR,IND,0,12th Pass,"Rs 20,62,000 ~ 20 Lacs+",Rs 0 ~
368,325,Hanif Alom Mazarbhuiya,https://www.myneta.info/Assam2016/candidate.php?candidate_id=325,KATIGORA,IND,0,Graduate,"Rs 4,16,000 ~ 4 Lacs+",Rs 0 ~
369,917,Hareswar Deka,https://www.myneta.info/Assam2016/candidate.php?candidate_id=917,SARUKHETRI,IND,0,10th Pass,https://myneta.info/image_v2.php?myneta_folder=Assam2016&candidate_id=917&col=ta,https://myneta.info/image_v2.php?myneta_folder=Assam2016&candidate_id=917&col=lia
370,1003,Hareswar Rahang,https://www.myneta.info/Assam2016/candidate.php?candidate_id=1003,DISPUR,IND,0,10th Pass,"Rs 6,08,092 ~ 6 Lacs+",Rs 0 ~
371,1124,Harinarayan Das,https://www.myneta.info/Assam2016/candidate.php?candidate_id=1124,NALBARI,IND,0,Post Graduate,"Rs 39,97,206 ~ 39 Lacs+","Rs 14,56,454 ~ 14 Lacs+"
372,979,Harmohan Chandra Rajbongshi,https://www.myneta.info/Assam2016/candidate.php?candidate_id=979,KAMALPUR,IND,0,10th Pass,https://myneta.info/image_v2.php?myneta_folder=Assam2016&candidate_id=979&col=ta,https://myneta.info/image_v2.php?myneta_folder=Assam2016&candidate_id=979&col=lia
373,1147,Hasnur Ali,https://www.myneta.info/Assam2016/candidate.php?candidate_id=1147,GAUHATI WEST,Rashtriya Pragati Party,0,Graduate Professional,"Rs 30,75,000 ~ 30 Lacs+","Rs 4,50,000 ~ 4 Lacs+"
374,28,Hazi Salim Uddin Barbhuiya,https://www.myneta.info/Assam2016/candidate.php?candidate_id=28,HAILAKANDI,IND,1,10th Pass,"Rs 63,55,168 ~ 63 Lacs+",Rs 0 ~
375,647,Helim Zaman,https://www.myneta.info/Assam2016/candidate.php?candidate_id=647,GAURIPUR,Rashtriya Secular Congress,0,Others,https://myneta.info/image_v2.php?myneta_folder=Assam2016&candidate_id=647&col=ta,https://myneta.info/image_v2.php?myneta_folder=Assam2016&candidate_id=647&col=lia
376,179,Hem Kanta Miri,https://www.myneta.info/Assam2016/candidate.php?candidate_id=179,DHEMAJI (ST),SUCI(C),0,Graduate Professional,"Rs 27,573 ~ 27 Thou+",Rs 0 ~
377,406,Hemanta Doloi,https://www.myneta.info/Assam2016/candidate.php?candidate_id=406,KHUMTAI,IND,0,10th Pass,"Rs 50,57,700 ~ 50 Lacs+",Rs 0 ~
378,919,Hemanta Kalita,https://www.myneta.info/Assam2016/candidate.php?candidate_id=919,SARUKHETRI,Bharatiya Gana Parishad,0,8th Pass,https://myneta.info/image_v2.php?myneta_folder=Assam2016&candidate_id=919&col=ta,https://myneta.info/image_v2.php?myneta_folder=Assam2016&candidate_id=919&col=lia
379,967,Hemanta Kalita,https://www.myneta.info/Assam2016/candidate.php?candidate_id=967,HAJO,IND,0,Graduate,"Rs 13,88,548 ~ 13 Lacs+","Rs 10,00,000 ~ 10 Lacs+"
380,47,Hemanta Pegu,https://www.myneta.info/Assam2016/candidate.php?candidate_id=47,MAJULI (ST),SUCI(C),0,Post Graduate,"Rs 8,832 ~ 8 Thou+",Rs 0 ~
381,1141,Hemanta Talukdar,https://www.myneta.info/Assam2016/candidate.php?candidate_id=1141,GAUHATI WEST,IND,0,Others,https://myneta.info/image_v2.php?myneta_folder=Assam2016&candidate_id=1141&col=ta,https://myneta.info/image_v2.php?myneta_folder=Assam2016&candidate_id=1141&col=lia
382,157,Hemen Pegu,https://www.myneta.info/Assam2016/candidate.php?candidate_id=157,MAHMARA,IND,0,Graduate,"Rs 2,44,607 ~ 2 Lacs+",Rs 0 ~
383,682,Himangshu Bharali,https://www.myneta.info/Assam2016/candidate.php?candidate_id=682,SORBHOG,IND,0,12th Pass,"Rs 43,56,031 ~ 43 Lacs+","Rs 2,65,975 ~ 2 Lacs+"
384,701,Himanta Biswa Sarma,https://www.myneta.info/Assam2016/candidate.php?candidate_id=701,JALUKBARI,BJP,0,Doctorate,https://myneta.info/image_v2.php?myneta_folder=Assam2016&candidate_id=701&col=ta,https://myneta.info/image_v2.php?myneta_folder=Assam2016&candidate_id=701&col=lia
385,173,Hira Gogoi,https://www.myneta.info/Assam2016/candidate.php?candidate_id=173,LAKHIMPUR,IND,0,Graduate,"Rs 10,00,588 ~ 10 Lacs+",Rs 0 ~
386,370,Hiranya Bhuyan,https://www.myneta.info/Assam2016/candidate.php?candidate_id=370,TEZPUR,INC,0,Graduate,"Rs 37,78,989 ~ 37 Lacs+","Rs 9,71,658 ~ 9 Lacs+"
387,492,Hiranya Boruah,https://www.myneta.info/Assam2016/candidate.php?candidate_id=492,MORAN,CPI,0,10th Pass,https://myneta.info/image_v2.php?myneta_folder=Assam2016&candidate_id=492&col=ta,https://myneta.info/image_v2.php?myneta_folder=Assam2016&candidate_id=492&col=lia
388,1122,Hiranya Choudhury,https://www.myneta.info/Assam2016/candidate.php?candidate_id=1122,TAMULPUR,IND,0,12th Pass,"Rs 5,16,300 ~ 5 Lacs+",Rs 0 ~
389,156,Hiranya Kumar Konwar,https://www.myneta.info/Assam2016/candidate.php?candidate_id=156,MAHMARA,Asom Gana Parishad,0,Post Graduate,"Rs 87,05,957 ~ 87 Lacs+","Rs 3,59,863 ~ 3 Lacs+"
390,514,Hiranya Somowal,https://www.myneta.info/Assam2016/candidate.php?candidate_id=514,DULIAJAN,IND,0,12th Pass,https://myneta.info/image_v2.php?myneta_folder=Assam2016&candidate_id=514&col=ta,https://myneta.info/image_v2.php?myneta_folder=Assam2016&candidate_id=514&col=lia
391,1087,Hiren Kr Das,https://www.myneta.info/Assam2016/candidate.php?candidate_id=1087,MANGALDOI (SC),AIUDF,0,Graduate,"Rs 86,86,754 ~ 86 Lacs+","Rs 1,00,000 ~ 1 Lacs+"
392,142,Hitendra Nath Goswami,https://www.myneta.info/Assam2016/candidate.php?candidate_id=142,JORHAT,BJP,0,Post Graduate,"Rs 70,88,479 ~ 70 Lacs+","Rs 6,25,824 ~ 6 Lacs+"
393,616,Hitesh Basumatary,https://www.myneta.info/Assam2016/candidate.php?candidate_id=616,CHAPAGURI (ST),IND,4,12th Pass,https://myneta.info/image_v2.php?myneta_folder=Assam2016&candidate_id=616&col=ta,https://myneta.info/image_v2.php?myneta_folder=Assam2016&candidate_id=616&col=lia
394,603,Hitesh Deori,https://www.myneta.info/Assam2016/candidate.php?candidate_id=603,JONAI (ST),IND,0,12th Pass,"Rs 10,00,000 ~ 10 Lacs+",Rs 0 ~
395,561,Holiram Terang,https://www.myneta.info/Assam2016/candidate.php?candidate_id=561,BAITHALANGSO (ST),IND,0,Graduate,"Rs 3,21,39,196 ~ 3 Crore+","Rs 1,47,735 ~ 1 Lacs+"
396,196,Hrishikesh Baruah,https://www.myneta.info/Assam2016/candidate.php?candidate_id=196,DOOM DOOMA,IND,0,Post Graduate,https://myneta.info/image_v2.php?myneta_folder=Assam2016&candidate_id=196&col=ta,https://myneta.info/image_v2.php?myneta_folder=Assam2016&candidate_id=196&col=lia
397,306,Ibungobi Singha,https://www.myneta.info/Assam2016/candidate.php?candidate_id=306,SONAI,IND,1,10th Pass,"Rs 26,96,000 ~ 26 Lacs+","Rs 4,00,000 ~ 4 Lacs+"
398,893,Ikbal Hussain,https://www.myneta.info/Assam2016/candidate.php?candidate_id=893,SORBHOG,The National Road Map Party of India,0,Graduate Professional,"Rs 6,49,272 ~ 6 Lacs+",Rs 0 ~
399,294,Imadul Islam Laskar,https://www.myneta.info/Assam2016/candidate.php?candidate_id=294,ALGAPUR,IND,0,8th Pass,https://myneta.info/image_v2.php?myneta_folder=Assam2016&candidate_id=294&col=ta,https://myneta.info/image_v2.php?myneta_folder=Assam2016&candidate_id=294&col=lia
400,301,Imdad Hussain Laskar,https://www.myneta.info/Assam2016/candidate.php?candidate_id=301,SILCHAR,IND,0,12th Pass,"Rs 1,71,000 ~ 1 Lacs+",Rs 0 ~
401,964,Imdadur Rahman,https://www.myneta.info/Assam2016/candidate.php?candidate_id=964,HAJO,National Peoples Party,0,Graduate Professional,"Rs 7,25,557 ~ 7 Lacs+",Rs 0 ~
402,192,Imran Siddique,https://www.myneta.info/Assam2016/candidate.php?candidate_id=192,DIGBOI,IND,0,Others,https://myneta.info/image_v2.php?myneta_folder=Assam2016&candidate_id=192&col=ta,https://myneta.info/image_v2.php?myneta_folder=Assam2016&candidate_id=192&col=lia
403,886,Innas Ali,https://www.myneta.info/Assam2016/candidate.php?candidate_id=886,JALESWAR,IND,0,Graduate,"Rs 3,80,701 ~ 3 Lacs+",Rs 0 ~
404,607,Isab Hussain,https://www.myneta.info/Assam2016/candidate.php?candidate_id=607,DOOM DOOMA,IND,0,8th Pass,"Rs 35,000 ~ 35 Thou+",Rs 0 ~
405,515,Isak Karkoria,https://www.myneta.info/Assam2016/candidate.php?candidate_id=515,DULIAJAN,IND,0,5th Pass,https://myneta.info/image_v2.php?myneta_folder=Assam2016&candidate_id=515&col=ta,https://myneta.info/image_v2.php?myneta_folder=Assam2016&candidate_id=515&col=lia
406,841,Itesh Bordoloi,https://www.myneta.info/Assam2016/candidate.php?candidate_id=841,BONGAIGAON,IND,0,Graduate Professional,"Rs 50,43,57,031 ~ 50 Crore+","Rs 18,51,36,234 ~ 18 Crore+"
407,679,Jabeen Barbhuiyan,https://www.myneta.info/Assam2016/candidate.php?candidate_id=679,GOALPARA WEST,BJP,0,10th Pass,"Rs 1,07,97,115 ~ 1 Crore+",Rs 0 ~
408,920,Jabidur Rahman Khan,https://www.myneta.info/Assam2016/candidate.php?candidate_id=920,SARUKHETRI,RPI,0,12th Pass,https://myneta.info/image_v2.php?myneta_folder=Assam2016&candidate_id=920&col=ta,https://myneta.info/image_v2.php?myneta_folder=Assam2016&candidate_id=920&col=lia
409,608,Jagat Sing Engti,https://www.myneta.info/Assam2016/candidate.php?candidate_id=608,BOKAJAN (ST),IND,0,Graduate,"Rs 43,78,548 ~ 43 Lacs+","Rs 6,61,167 ~ 6 Lacs+"
410,911,Jahidul Islam,https://www.myneta.info/Assam2016/candidate.php?candidate_id=911,BAGHBAR,IND,0,10th Pass,"Rs 1,31,400 ~ 1 Lacs+",Rs 0 ~
411,360,Jahirul Islam,https://www.myneta.info/Assam2016/candidate.php?candidate_id=360,DHEKIAJULI,IND,0,12th Pass,https://myneta.info/image_v2.php?myneta_folder=Assam2016&candidate_id=360&col=ta,https://myneta.info/image_v2.php?myneta_folder=Assam2016&candidate_id=360&col=lia
412,312,Jahurul Islam Barbhuiya,https://www.myneta.info/Assam2016/candidate.php?candidate_id=312,BARKHOLA,AIUDF,1,12th Pass,"Rs 1,15,33,901 ~ 1 Crore+",Rs 0 ~
413,755,Jakaria Haque Choudhury,https://www.myneta.info/Assam2016/candidate.php?candidate_id=755,RUPOHIHAT,BJP,0,10th Pass,"Rs 10,51,098 ~ 10 Lacs+","Rs 1,96,856 ~ 1 Lacs+"
414,915,Jakir Hussain Sikdar,https://www.myneta.info/Assam2016/candidate.php?candidate_id=915,SARUKHETRI,INC,0,Graduate,https://myneta.info/image_v2.php?myneta_folder=Assam2016&candidate_id=915&col=ta,https://myneta.info/image_v2.php?myneta_folder=Assam2016&candidate_id=915&col=lia
415,802,Jalal Uddin Khan,https://www.myneta.info/Assam2016/candidate.php?candidate_id=802,GOLAKGANJ,IND,0,8th Pass,"Rs 11,54,156 ~ 11 Lacs+",Rs 0 ~
416,261,Jamal Ahmed,https://www.myneta.info/Assam2016/candidate.php?candidate_id=261,KARIMGANJ SOUTH,IND,0,8th Pass,"Rs 1,30,542 ~ 1 Lacs+",Rs 0 ~
417,907,Jamal Uddin,https://www.myneta.info/Assam2016/candidate.php?candidate_id=907,BAGHBAR,Bhartiya Rashtrawadi Party,0,Graduate,https://myneta.info/image_v2.php?myneta_folder=Assam2016&candidate_id=907&col=ta,https://myneta.info/image_v2.php?myneta_folder=Assam2016&candidate_id=907&col=lia
418,121,Jaman Singh Brahma,https://www.myneta.info/Assam2016/candidate.php?candidate_id=121,UDALGURI (ST),INC,0,12th Pass,"Rs 4,15,80,357 ~ 4 Crore+",Rs 0 ~
419,1065,Jamanur Rahman,https://www.myneta.info/Assam2016/candidate.php?candidate_id=1065,DHING,Revolutionary Communist Party of India (RB),0,12th Pass,"Rs 12,000 ~ 12 Thou+",Rs 0 ~
420,1121,Jamir Uddin Ahmed,https://www.myneta.info/Assam2016/candidate.php?candidate_id=1121,TAMULPUR,IND,1,Graduate,https://myneta.info/image_v2.php?myneta_folder=Assam2016&candidate_id=1121&col=ta,https://myneta.info/image_v2.php?myneta_folder=Assam2016&candidate_id=1121&col=lia
421,152,Janardan Hazarika,https://www.myneta.info/Assam2016/candidate.php?candidate_id=152,AMGURI,IND,1,12th Pass,"Rs 3,56,27,013 ~ 3 Crore+","Rs 66,84,527 ~ 66 Lacs+"
422,599,Janki Kumar Pegu,https://www.myneta.info/Assam2016/candidate.php?candidate_id=599,JONAI (ST),IND,0,Post Graduate,"Rs 9,80,000 ~ 9 Lacs+",Rs 0 ~
423,511,Jatin Konwar,https://www.myneta.info/Assam2016/candidate.php?candidate_id=511,DULIAJAN,IND,0,8th Pass,https://myneta.info/image_v2.php?myneta_folder=Assam2016&candidate_id=511&col=ta,https://myneta.info/image_v2.php?myneta_folder=Assam2016&candidate_id=511&col=lia
424,958,Jatin Mali,https://www.myneta.info/Assam2016/candidate.php?candidate_id=958,PALASBARI,IND,0,Post Graduate,"Rs 2,63,65,226 ~ 2 Crore+","Rs 74,99,260 ~ 74 Lacs+"
425,1148,Javed Hussain Tanwar,https://www.myneta.info/Assam2016/candidate.php?candidate_id=1148,GAUHATI WEST,The National Road Map Party of India,1,10th Pass,"Rs 15,49,960 ~ 15 Lacs+",Rs 0 ~
426,303,Jawahar Lal Goala,https://www.myneta.info/Assam2016/candidate.php?candidate_id=303,SONAI,IND,0,8th Pass,https://myneta.info/image_v2.php?myneta_folder=Assam2016&candidate_id=303&col=ta,https://myneta.info/image_v2.php?myneta_folder=Assam2016&candidate_id=303&col=lia
427,1149,Jayanta Boro,https://www.myneta.info/Assam2016/candidate.php?candidate_id=1149,GAUHATI WEST,IND,0,10th Pass,"Rs 1,30,33,399 ~ 1 Crore+","Rs 9,88,657 ~ 9 Lacs+"
428,169,Jayanta Khaund,https://www.myneta.info/Assam2016/candidate.php?candidate_id=169,NAOBOICHA,Asom Gana Parishad,0,Graduate,"Rs 21,99,91,000 ~ 21 Crore+","Rs 13,41,85,000 ~ 13 Crore+"
429,768,Jayanta Orang,https://www.myneta.info/Assam2016/candidate.php?candidate_id=768,KALIABOR,IND,0,10th Pass,https://myneta.info/image_v2.php?myneta_folder=Assam2016&candidate_id=768&col=ta,https://myneta.info/image_v2.php?myneta_folder=Assam2016&candidate_id=768&col=lia
430,458,Jayanta Rajkonwar,https://www.myneta.info/Assam2016/candidate.php?candidate_id=458,SIBSAGAR,IND,0,Graduate,"Rs 44,45,000 ~ 44 Lacs+",Rs 0 ~
431,735,Jayanta Saharia,https://www.myneta.info/Assam2016/candidate.php?candidate_id=735,SIPAJHAR,IND,0,Post Graduate,"Rs 11,91,976 ~ 11 Lacs+",Rs 0 ~
432,1058,Jehirul Islam,https://www.myneta.info/Assam2016/candidate.php?candidate_id=1058,DHING,AITC,0,8th Pass,https://myneta.info/image_v2.php?myneta_folder=Assam2016&candidate_id=1058&col=ta,https://myneta.info/image_v2.php?myneta_folder=Assam2016&candidate_id=1058&col=lia
433,1043,Jesmin Ahmed,https://www.myneta.info/Assam2016/candidate.php?candidate_id=1043,NOWGONG,IND,0,8th Pass,"Rs 1,21,333 ~ 1 Lacs+",Rs 0 ~
434,516,Jhuma Debnath,https://www.myneta.info/Assam2016/candidate.php?candidate_id=516,DULIAJAN,SHS,0,10th Pass,"Rs 2,42,000 ~ 2 Lacs+",Rs 0 ~
435,143,Jibon Chandra Sarmah,https://www.myneta.info/Assam2016/candidate.php?candidate_id=143,JORHAT,IND,0,10th Pass,https://myneta.info/image_v2.php?myneta_folder=Assam2016&candidate_id=143&col=ta,https://myneta.info/image_v2.php?myneta_folder=Assam2016&candidate_id=143&col=lia
436,48,Jiten Borpatra Gohain,https://www.myneta.info/Assam2016/candidate.php?candidate_id=48,SIBSAGAR,CPI,0,Post Graduate,"Rs 40,80,113 ~ 40 Lacs+","Rs 1,97,096 ~ 1 Lacs+"
437,1125,Jiten Kalita,https://www.myneta.info/Assam2016/candidate.php?candidate_id=1125,NALBARI,JD(U),0,10th Pass,"Rs 6,51,929 ~ 6 Lacs+",Rs 0 ~
438,147,Jiten Tanti,https://www.myneta.info/Assam2016/candidate.php?candidate_id=147,TEOK,CPI(ML)(L),0,10th Pass,https://myneta.info/image_v2.php?myneta_folder=Assam2016&candidate_id=147&col=ta,https://myneta.info/image_v2.php?myneta_folder=Assam2016&candidate_id=147&col=lia
439,1100,Jitendra Chaliha,https://www.myneta.info/Assam2016/candidate.php?candidate_id=1100,KALAIGAON,SUCI(C),0,12th Pass,"Rs 14,000 ~ 14 Thou+",Rs 0 ~
440,378,Jitendra Kumar Sharma,https://www.myneta.info/Assam2016/candidate.php?candidate_id=378,RANGAPARA,IND,0,10th Pass,"Rs 11,300 ~ 11 Thou+",Rs 0 ~
441,705,Jitendra Kumar Talukdar,https://www.myneta.info/Assam2016/candidate.php?candidate_id=705,DISPUR,Liberal Democratic Party,0,Doctorate,https://myneta.info/image_v2.php?myneta_folder=Assam2016&candidate_id=705&col=ta,https://myneta.info/image_v2.php?myneta_folder=Assam2016&candidate_id=705&col=lia
442,737,Jitendra Sarkar,https://www.myneta.info/Assam2016/candidate.php?candidate_id=737,MANGALDOI (SC),IND,0,10th Pass,"Rs 11,000 ~ 11 Thou+",Rs 0 ~
443,763,Jitu Goswami,https://www.myneta.info/Assam2016/candidate.php?candidate_id=763,SAMAGURI,BJP,2,12th Pass,"Rs 12,77,22,338 ~ 12 Crore+","Rs 3,10,80,000 ~ 3 Crore+"
444,870,Joli Begum,https://www.myneta.info/Assam2016/candidate.php?candidate_id=870,GOALPARA WEST,IND,0,Others,https://myneta.info/image_v2.php?myneta_folder=Assam2016&candidate_id=870&col=ta,https://myneta.info/image_v2.php?myneta_folder=Assam2016&candidate_id=870&col=lia
445,1073,Jonjonali Baruah,https://www.myneta.info/Assam2016/candidate.php?candidate_id=1073,MARIGAON,INC,0,Graduate,"Rs 2,95,57,724 ~ 2 Crore+","Rs 1,19,16,661 ~ 1 Crore+"
446,146,Jotin Saikia,https://www.myneta.info/Assam2016/candidate.php?candidate_id=146,TEOK,IND,0,Graduate,"Rs 27,03,625 ~ 27 Lacs+",Rs 590 ~ 5 Hund+
447,334,Joy Ram Engleng,https://www.myneta.info/Assam2016/candidate.php?candidate_id=334,HOWRAGHAT (ST),BJP,0,10th Pass,https://myneta.info/image_v2.php?myneta_folder=Assam2016&candidate_id=334&col=ta,https://myneta.info/image_v2.php?myneta_folder=Assam2016&candidate_id=334&col=lia
448,59,Joy Singh Chatri,https://www.myneta.info/Assam2016/candidate.php?candidate_id=59,LAKHIPUR,SUCI(C),0,8th Pass,"Rs 66,421 ~ 66 Thou+",Rs 0 ~
449,680,Joynal Abedin,https://www.myneta.info/Assam2016/candidate.php?candidate_id=680,GOALPARA WEST,National Peoples Party,0,12th Pass,"Rs 2,15,910 ~ 2 Lacs+",Rs 0 ~
450,1017,Jugal Bodo (dilu),https://www.myneta.info/Assam2016/candidate.php?candidate_id=1017,JAMUNAMUKH,IND,0,10th Pass,https://myneta.info/image_v2.php?myneta_folder=Assam2016&candidate_id=1017&col=ta,https://myneta.info/image_v2.php?myneta_folder=Assam2016&candidate_id=1017&col=lia
451,183,Jugen Kachari,https://www.myneta.info/Assam2016/candidate.php?candidate_id=183,DIBRUGARH,IND,0,12th Pass,"Rs 68,500 ~ 68 Thou+",Rs 0 ~
452,955,Juri Mali,https://www.myneta.info/Assam2016/candidate.php?candidate_id=955,PALASBARI,Liberal Democratic Party,0,10th Pass,"Rs 6,28,852 ~ 6 Lacs+",Rs 0 ~
453,1145,Jury Sharma Bordoloi,https://www.myneta.info/Assam2016/candidate.php?candidate_id=1145,GAUHATI WEST,INC,0,Doctorate,https://myneta.info/image_v2.php?myneta_folder=Assam2016&candidate_id=1145&col=ta,https://myneta.info/image_v2.php?myneta_folder=Assam2016&candidate_id=1145&col=lia
454,483,Jutika Doley,https://www.myneta.info/Assam2016/candidate.php?candidate_id=483,DHAKUAKHANA (ST),SUCI(C),0,Graduate,"Rs 6,500 ~ 6 Thou+",Rs 0 ~
455,696,Jyoti Prasad Das,https://www.myneta.info/Assam2016/candidate.php?candidate_id=696,BOKO (SC),Asom Gana Parishad,0,Graduate,"Rs 64,15,688 ~ 64 Lacs+",Rs 0 ~
456,382,Jyoti Subba,https://www.myneta.info/Assam2016/candidate.php?candidate_id=382,SOOTEA,IND,0,10th Pass,https://myneta.info/image_v2.php?myneta_folder=Assam2016&candidate_id=382&col=ta,https://myneta.info/image_v2.php?myneta_folder=Assam2016&candidate_id=382&col=lia
457,723,Jyotirmay Goswami,https://www.myneta.info/Assam2016/candidate.php?candidate_id=723,NALBARI,IND,0,Graduate,"Rs 72,000 ~ 72 Thou+",Rs 0 ~
458,247,Kabir Ahmed,https://www.myneta.info/Assam2016/candidate.php?candidate_id=247,PATHARKANDI,IND,0,8th Pass,"Rs 29,344 ~ 29 Thou+",Rs 0 ~
459,92,Kabir Uddin,https://www.myneta.info/Assam2016/candidate.php?candidate_id=92,KARIMGANJ SOUTH,IND,0,8th Pass,https://myneta.info/image_v2.php?myneta_folder=Assam2016&candidate_id=92&col=ta,https://myneta.info/image_v2.php?myneta_folder=Assam2016&candidate_id=92&col=lia
460,633,Kafil Uddin Ahmed,https://www.myneta.info/Assam2016/candidate.php?candidate_id=633,GOALPARA EAST,NCP,0,Graduate,"Rs 2,28,558 ~ 2 Lacs+",Rs 0 ~
461,440,Kali Boruah,https://www.myneta.info/Assam2016/candidate.php?candidate_id=440,MAHMARA,Liberal Democratic Party,0,12th Pass,"Rs 1,74,757 ~ 1 Lacs+","Rs 50,487 ~ 50 Thou+"
462,234,Kalipada Biswas,https://www.myneta.info/Assam2016/candidate.php?candidate_id=234,RATABARI (SC),IND,0,Literate,https://myneta.info/image_v2.php?myneta_folder=Assam2016&candidate_id=234&col=ta,https://myneta.info/image_v2.php?myneta_folder=Assam2016&candidate_id=234&col=lia
463,414,Kamakhya Prasad Tasa,https://www.myneta.info/Assam2016/candidate.php?candidate_id=414,TITABAR,BJP,0,Post Graduate,"Rs 87,11,795 ~ 87 Lacs+",Rs 0 ~
464,1011,Kamal Patar,https://www.myneta.info/Assam2016/candidate.php?candidate_id=1011,LUMDING,IND,0,8th Pass,"Rs 7,69,300 ~ 7 Lacs+",Rs 0 ~
465,1024,Kamal Uddin,https://www.myneta.info/Assam2016/candidate.php?candidate_id=1024,JAMUNAMUKH,IND,0,8th Pass,https://myneta.info/image_v2.php?myneta_folder=Assam2016&candidate_id=1024&col=ta,https://myneta.info/image_v2.php?myneta_folder=Assam2016&candidate_id=1024&col=lia
466,254,Kamalakhya Dey Purkayastha,https://www.myneta.info/Assam2016/candidate.php?candidate_id=254,KARIMGANJ NORTH,INC,1,12th Pass,"Rs 35,33,409 ~ 35 Lacs+","Rs 13,48,467 ~ 13 Lacs+"
467,726,Kamalesh Deka,https://www.myneta.info/Assam2016/candidate.php?candidate_id=726,BARKHETRY,IND,0,Post Graduate,"Rs 3,14,32,932 ~ 3 Crore+","Rs 12,50,000 ~ 12 Lacs+"
468,941,Kamaleswar Medhi,https://www.myneta.info/Assam2016/candidate.php?candidate_id=941,PATACHAR KUCHI,IND,0,8th Pass,https://myneta.info/image_v2.php?myneta_folder=Assam2016&candidate_id=941&col=ta,https://myneta.info/image_v2.php?myneta_folder=Assam2016&candidate_id=941&col=lia
469,831,Kamaleswar Ray,https://www.myneta.info/Assam2016/candidate.php?candidate_id=831,BIJNI,AIUDF,0,8th Pass,"Rs 21,82,008 ~ 21 Lacs+",Rs 0 ~
470,118,Kamali Basumatari,https://www.myneta.info/Assam2016/candidate.php?candidate_id=118,PANERY,Bodoland Peoples Front,0,10th Pass,"Rs 17,93,526 ~ 17 Lacs+",Rs 0 ~
471,572,Kamalshing Narzary,https://www.myneta.info/Assam2016/candidate.php?candidate_id=572,BIJNI,Bodoland Peoples Front,0,12th Pass,https://myneta.info/image_v2.php?myneta_folder=Assam2016&candidate_id=572&col=ta,https://myneta.info/image_v2.php?myneta_folder=Assam2016&candidate_id=572&col=lia
472,270,Kamrul Islam,https://www.myneta.info/Assam2016/candidate.php?candidate_id=270,BADARPUR,SP,0,8th Pass,"Rs 4,05,751 ~ 4 Lacs+",Rs 0 ~
473,1012,Kamrul Islam Barbhuyan,https://www.myneta.info/Assam2016/candidate.php?candidate_id=1012,LUMDING,Jan Congress Party,0,10th Pass,"Rs 48,470 ~ 48 Thou+",Rs 0 ~
474,930,Kanak Chandra Boro,https://www.myneta.info/Assam2016/candidate.php?candidate_id=930,BHABANIPUR,IND,0,10th Pass,https://myneta.info/image_v2.php?myneta_folder=Assam2016&candidate_id=930&col=ta,https://myneta.info/image_v2.php?myneta_folder=Assam2016&candidate_id=930&col=lia
475,154,Kanak Gogoi,https://www.myneta.info/Assam2016/candidate.php?candidate_id=154,NAZIRA,CPI,0,Post Graduate,"Rs 5,936 ~ 5 Thou+",Rs 0 ~
476,856,Kangkan Khakhalary,https://www.myneta.info/Assam2016/candidate.php?candidate_id=856,DUDHNAI (ST),IND,0,Graduate,"Rs 17,66,881 ~ 17 Lacs+",Rs 0 ~
477,226,Karim Uddin Barbhuiya,https://www.myneta.info/Assam2016/candidate.php?candidate_id=226,SONAI,AIUDF,0,12th Pass,https://myneta.info/image_v2.php?myneta_folder=Assam2016&candidate_id=226&col=ta,https://myneta.info/image_v2.php?myneta_folder=Assam2016&candidate_id=226&col=lia
478,1041,Kartick Saha,https://www.myneta.info/Assam2016/candidate.php?candidate_id=1041,NOWGONG,AIUDF,0,10th Pass,"Rs 5,53,70,000 ~ 5 Crore+","Rs 3,50,69,682 ~ 3 Crore+"
479,731,Katiram Baro,https://www.myneta.info/Assam2016/candidate.php?candidate_id=731,BARAMA (ST),IND,0,Graduate,"Rs 11,27,258 ~ 11 Lacs+",Rs 0 ~
480,286,Kaushik Rai,https://www.myneta.info/Assam2016/candidate.php?candidate_id=286,ALGAPUR,BJP,0,Graduate Professional,https://myneta.info/image_v2.php?myneta_folder=Assam2016&candidate_id=286&col=ta,https://myneta.info/image_v2.php?myneta_folder=Assam2016&candidate_id=286&col=lia
481,251,Kaysar Ahmed Choudhury,https://www.myneta.info/Assam2016/candidate.php?candidate_id=251,KARIMGANJ NORTH,IND,0,5th Pass,"Rs 28,000 ~ 28 Thou+",Rs 0 ~
482,290,Kazi Muzakkir Hussain,https://www.myneta.info/Assam2016/candidate.php?candidate_id=290,ALGAPUR,IND,0,12th Pass,"Rs 42,000 ~ 42 Thou+",Rs 0 ~
483,1151,Kazi Nekib Ahmed,https://www.myneta.info/Assam2016/candidate.php?candidate_id=1151,GAUHATI EAST,IND,0,Graduate,https://myneta.info/image_v2.php?myneta_folder=Assam2016&candidate_id=1151&col=ta,https://myneta.info/image_v2.php?myneta_folder=Assam2016&candidate_id=1151&col=lia
484,940,Kazi Shamsul Arfin,https://www.myneta.info/Assam2016/candidate.php?candidate_id=940,BHABANIPUR,Rashtriya Secular Congress,0,Post Graduate,"Rs 3,34,800 ~ 3 Lacs+",Rs 0 ~
485,767,Keshab Mahanta,https://www.myneta.info/Assam2016/candidate.php?candidate_id=767,KALIABOR,Asom Gana Parishad,0,Post Graduate,"Rs 1,69,96,115 ~ 1 Crore+","Rs 15,70,945 ~ 15 Lacs+"
486,300,Khairul Alam Barbhuiya,https://www.myneta.info/Assam2016/candidate.php?candidate_id=300,SILCHAR,IND,0,10th Pass,https://myneta.info/image_v2.php?myneta_folder=Assam2016&candidate_id=300&col=ta,https://myneta.info/image_v2.php?myneta_folder=Assam2016&candidate_id=300&col=lia
487,884,Khairul Islam Mondal,https://www.myneta.info/Assam2016/candidate.php?candidate_id=884,JALESWAR,IND,0,Post Graduate,"Rs 4,13,500 ~ 4 Lacs+",Rs 0 ~
488,1074,Khairun Nessa,https://www.myneta.info/Assam2016/candidate.php?candidate_id=1074,MARIGAON,IND,0,Others,"Rs 50,000 ~ 50 Thou+",Rs 0 ~
489,216,Khalil Uddin Mazumder,https://www.myneta.info/Assam2016/candidate.php?candidate_id=216,KATIGORA,AIUDF,0,8th Pass,https://myneta.info/image_v2.php?myneta_folder=Assam2016&candidate_id=216&col=ta,https://myneta.info/image_v2.php?myneta_folder=Assam2016&candidate_id=216&col=lia
490,836,Khalilur Rahman,https://www.myneta.info/Assam2016/candidate.php?candidate_id=836,BIJNI,IND,0,Graduate,"Rs 56,66,930 ~ 56 Lacs+","Rs 5,63,200 ~ 5 Lacs+"
491,678,Khanindra Chandra Nath,https://www.myneta.info/Assam2016/candidate.php?candidate_id=678,GOALPARA WEST,RPI(A),0,Graduate,"Rs 5,84,000 ~ 5 Lacs+",Rs 0 ~
492,272,Khasruzzaman Talukdar,https://www.myneta.info/Assam2016/candidate.php?candidate_id=272,BADARPUR,IND,0,12th Pass,https://myneta.info/image_v2.php?myneta_folder=Assam2016&candidate_id=272&col=ta,https://myneta.info/image_v2.php?myneta_folder=Assam2016&candidate_id=272&col=lia
493,132,Khemraj Chetry,https://www.myneta.info/Assam2016/candidate.php?candidate_id=132,SOOTEA,CPI(M),0,12th Pass,"Rs 3,77,750 ~ 3 Lacs+",Rs 0 ~
494,335,Khor Sing Engti,https://www.myneta.info/Assam2016/candidate.php?candidate_id=335,HOWRAGHAT (ST),INC,0,Graduate,"Rs 1,51,24,314 ~ 1 Crore+",Rs 0 ~
495,1123,Khurshid Alam,https://www.myneta.info/Assam2016/candidate.php?candidate_id=1123,NALBARI,IND,0,Graduate,https://myneta.info/image_v2.php?myneta_folder=Assam2016&candidate_id=1123&col=ta,https://myneta.info/image_v2.php?myneta_folder=Assam2016&candidate_id=1123&col=lia
496,63,Kishor Nath,https://www.myneta.info/Assam2016/candidate.php?candidate_id=63,BARKHOLA,BJP,0,10th Pass,"Rs 2,41,36,495 ~ 2 Crore+","Rs 44,62,532 ~ 44 Lacs+"
497,610,Klengdoon Engti,https://www.myneta.info/Assam2016/candidate.php?candidate_id=610,BOKAJAN (ST),INC,0,Graduate Professional,"Rs 29,44,199 ~ 29 Lacs+",Rs 0 ~
498,76,Kripanath Mallah,https://www.myneta.info/Assam2016/candidate.php?candidate_id=76,RATABARI (SC),BJP,0,Graduate,https://myneta.info/image_v2.php?myneta_folder=Assam2016&candidate_id=76&col=ta,https://myneta.info/image_v2.php?myneta_folder=Assam2016&candidate_id=76&col=lia
499,1,Kripesh Ranjan Dasgupta,https://www.myneta.info/Assam2016/candidate.php?candidate_id=1,PATHARKANDI,CPI(M),0,12th Pass,"Rs 63,133 ~ 63 Thou+",Rs 0 ~
500,422,Krishnaa Gogoi,https://www.myneta.info/Assam2016/candidate.php?candidate_id=422,TEOK,IND,0,Graduate Professional,"Rs 79,71,413 ~ 79 Lacs+",Rs 0 ~
501,78,Krishnendu Paul,https://www.myneta.info/Assam2016/candidate.php?candidate_id=78,PATHARKANDI,BJP,0,Graduate,https://myneta.info/image_v2.php?myneta_folder=Assam2016&candidate_id=78&col=ta,https://myneta.info/image_v2.php?myneta_folder=Assam2016&candidate_id=78&col=lia
502,164,Kushal Borgohain,https://www.myneta.info/Assam2016/candidate.php?candidate_id=164,THOWRA,CPI,0,12th Pass,"Rs 8,06,500 ~ 8 Lacs+","Rs 1,20,000 ~ 1 Lacs+"
503,700,Kushal Chandra Sarma,https://www.myneta.info/Assam2016/candidate.php?candidate_id=700,PALASBARI,IND,0,10th Pass,"Rs 6,98,337 ~ 6 Lacs+",Rs 0 ~
504,450,Kushal Dowari,https://www.myneta.info/Assam2016/candidate.php?candidate_id=450,THOWRA,BJP,3,10th Pass,https://myneta.info/image_v2.php?myneta_folder=Assam2016&candidate_id=450&col=ta,https://myneta.info/image_v2.php?myneta_folder=Assam2016&candidate_id=450&col=lia
505,618,Lachit Ch Medhi,https://www.myneta.info/Assam2016/candidate.php?candidate_id=618,MARIGAON,IND,0,Graduate,"Rs 56,77,200 ~ 56 Lacs+",Rs 0 ~
506,759,Lakhan Ch.mirdha,https://www.myneta.info/Assam2016/candidate.php?candidate_id=759,BARHAMPUR,CPI,0,12th Pass,"Rs 3,82,500 ~ 3 Lacs+",Rs 0 ~
507,558,Lakhin Chandra Chetia,https://www.myneta.info/Assam2016/candidate.php?candidate_id=558,SADIYA,IND,1,Post Graduate,https://myneta.info/image_v2.php?myneta_folder=Assam2016&candidate_id=558&col=ta,https://myneta.info/image_v2.php?myneta_folder=Assam2016&candidate_id=558&col=lia
508,531,Lakhya Jyoti Boruah,https://www.myneta.info/Assam2016/candidate.php?candidate_id=531,TINSUKIA,IND,0,Graduate,"Rs 12,41,683 ~ 12 Lacs+",Rs 0 ~
509,352,Lal Soren,https://www.myneta.info/Assam2016/candidate.php?candidate_id=352,MAJBAT,IND,0,10th Pass,"Rs 42,400 ~ 42 Thou+",Rs 0 ~
510,407,Lalan Thakur,https://www.myneta.info/Assam2016/candidate.php?candidate_id=407,KHUMTAI,CPI,0,12th Pass,https://myneta.info/image_v2.php?myneta_folder=Assam2016&candidate_id=407&col=ta,https://myneta.info/image_v2.php?myneta_folder=Assam2016&candidate_id=407&col=lia
511,556,Lalit Deori,https://www.myneta.info/Assam2016/candidate.php?candidate_id=556,SADIYA,IND,0,10th Pass,"Rs 2,53,334 ~ 2 Lacs+",Rs 0 ~
512,212,Lalta Prosad Mala,https://www.myneta.info/Assam2016/candidate.php?candidate_id=212,DHOLAI (SC),AIUDF,0,8th Pass,"Rs 19,65,000 ~ 19 Lacs+",Rs 0 ~
513,218,Lalthomlien Hmar,https://www.myneta.info/Assam2016/candidate.php?candidate_id=218,LAKHIPUR,JD(U),0,12th Pass,https://myneta.info/image_v2.php?myneta_folder=Assam2016&candidate_id=218&col=ta,https://myneta.info/image_v2.php?myneta_folder=Assam2016&candidate_id=218&col=lia
514,604,Lenindra Kumar Doley,https://www.myneta.info/Assam2016/candidate.php?candidate_id=604,JONAI (ST),IND,0,Graduate Professional,"Rs 94,48,641 ~ 94 Lacs+","Rs 1,75,000 ~ 1 Lacs+"
515,230,Liakat Ali Laskar,https://www.myneta.info/Assam2016/candidate.php?candidate_id=230,UDHARBOND,AIUDF,0,8th Pass,"Rs 43,03,669 ~ 43 Lacs+",Rs 0 ~
516,282,Lutfur Rahman Laskar,https://www.myneta.info/Assam2016/candidate.php?candidate_id=282,HAILAKANDI,IND,0,12th Pass,https://myneta.info/image_v2.php?myneta_folder=Assam2016&candidate_id=282&col=ta,https://myneta.info/image_v2.php?myneta_folder=Assam2016&candidate_id=282&col=lia
517,981,Madhabi Deka,https://www.myneta.info/Assam2016/candidate.php?candidate_id=981,KAMALPUR,AITC,0,Graduate,"Rs 5,03,267 ~ 5 Lacs+",Rs 0 ~
518,1126,Maharishi Parasar Chakravarty,https://www.myneta.info/Assam2016/candidate.php?candidate_id=1126,NALBARI,IND,0,Post Graduate,"Rs 74,610 ~ 74 Thou+",Rs 0 ~
519,371,Mahendra Bhuyan,https://www.myneta.info/Assam2016/candidate.php?candidate_id=371,TEZPUR,NCP,0,Graduate,https://myneta.info/image_v2.php?myneta_folder=Assam2016&candidate_id=371&col=ta,https://myneta.info/image_v2.php?myneta_folder=Assam2016&candidate_id=371&col=lia
520,520,Mahendra Dhadumia,https://www.myneta.info/Assam2016/candidate.php?candidate_id=520,NAHARKATIA,IND,0,8th Pass,"Rs 1,56,707 ~ 1 Lacs+",Rs 0 ~
521,323,Mahendra Sinha,https://www.myneta.info/Assam2016/candidate.php?candidate_id=323,KATIGORA,IND,0,12th Pass,"Rs 15,08,914 ~ 15 Lacs+",Rs 0 ~
522,133,Mahendra Urang,https://www.myneta.info/Assam2016/candidate.php?candidate_id=133,SOOTEA,IND,0,10th Pass,https://myneta.info/image_v2.php?myneta_folder=Assam2016&candidate_id=133&col=ta,https://myneta.info/image_v2.php?myneta_folder=Assam2016&candidate_id=133&col=lia
523,339,Mahesh Chandra Sarma,https://www.myneta.info/Assam2016/candidate.php?candidate_id=339,PANERY,IND,0,Graduate,"Rs 10,84,166 ~ 10 Lacs+","Rs 2,45,000 ~ 2 Lacs+"
524,589,Maheswar Dutta,https://www.myneta.info/Assam2016/candidate.php?candidate_id=589,NALBARI,CPI(M),0,12th Pass,"Rs 5,15,42,814 ~ 5 Crore+",Rs 0 ~
525,3,Mahim Hazarika,https://www.myneta.info/Assam2016/candidate.php?candidate_id=3,LAKHIMPUR,IND,0,Graduate,https://myneta.info/image_v2.php?myneta_folder=Assam2016&candidate_id=3&col=ta,https://myneta.info/image_v2.php?myneta_folder=Assam2016&candidate_id=3&col=lia
526,472,Mahim Konwar,https://www.myneta.info/Assam2016/candidate.php?candidate_id=472,LAKHIMPUR,IND,0,5th Pass,"Rs 20,86,500 ~ 20 Lacs+",Rs 0 ~
527,1015,Mainul Hoque,https://www.myneta.info/Assam2016/candidate.php?candidate_id=1015,HOJAI,IND,0,8th Pass,"Rs 1,99,500 ~ 1 Lacs+",Rs 0 ~
528,581,Mainul Hoque,https://www.myneta.info/Assam2016/candidate.php?candidate_id=581,JANIA,CPI(M),0,Post Graduate,https://myneta.info/image_v2.php?myneta_folder=Assam2016&candidate_id=581&col=ta,https://myneta.info/image_v2.php?myneta_folder=Assam2016&candidate_id=581&col=lia
529,1059,Mainul Hoque,https://www.myneta.info/Assam2016/candidate.php?candidate_id=1059,DHING,IND,0,5th Pass,"Rs 13,97,000 ~ 13 Lacs+",Rs 0 ~
530,113,Majendra Narzary,https://www.myneta.info/Assam2016/candidate.php?candidate_id=113,GOSSAIGAON,Bodoland Peoples Front,0,Graduate,"Rs 1,14,95,833 ~ 1 Crore+",Rs 0 ~
531,959,Makani Barman,https://www.myneta.info/Assam2016/candidate.php?candidate_id=959,HAJO,Rashtriya Pragati Party,0,Post Graduate,https://myneta.info/image_v2.php?myneta_folder=Assam2016&candidate_id=959&col=ta,https://myneta.info/image_v2.php?myneta_folder=Assam2016&candidate_id=959&col=lia
532,999,Makani Barman,https://www.myneta.info/Assam2016/candidate.php?candidate_id=999,JALUKBARI,Rashtriya Pragati Party,0,Post Graduate,"Rs 39,29,978 ~ 39 Lacs+",Rs 0 ~
533,310,Maksus Ahmed Laskar,https://www.myneta.info/Assam2016/candidate.php?candidate_id=310,SONAI,IND,1,12th Pass,"Rs 69,900 ~ 69 Thou+","Rs 2,01,278 ~ 2 Lacs+"
534,7,Mamun Imdadul Haque Chawdhury,https://www.myneta.info/Assam2016/candidate.php?candidate_id=7,NAOBOICHA,AIUDF,0,Post Graduate,https://myneta.info/image_v2.php?myneta_folder=Assam2016&candidate_id=7&col=ta,https://myneta.info/image_v2.php?myneta_folder=Assam2016&candidate_id=7&col=lia
535,1140,Manas Pratim Das,https://www.myneta.info/Assam2016/candidate.php?candidate_id=1140,GAUHATI WEST,Rashtriya Jankranti Party,0,12th Pass,"Rs 2,52,270 ~ 2 Lacs+",Rs 0 ~
536,720,Mandal Baskey,https://www.myneta.info/Assam2016/candidate.php?candidate_id=720,TAMULPUR,IND,0,8th Pass,"Rs 2,32,000 ~ 2 Lacs+",Rs 0 ~
537,590,Maneswar Brahma,https://www.myneta.info/Assam2016/candidate.php?candidate_id=590,BARAMA (ST),Bodoland Peoples Front,0,Graduate,https://myneta.info/image_v2.php?myneta_folder=Assam2016&candidate_id=590&col=ta,https://myneta.info/image_v2.php?myneta_folder=Assam2016&candidate_id=590&col=lia
538,242,Manilal Rabidas,https://www.myneta.info/Assam2016/candidate.php?candidate_id=242,RATABARI (SC),IND,0,10th Pass,"Rs 20,000 ~ 20 Thou+",Rs 0 ~
539,304,Manindra Chandra Das,https://www.myneta.info/Assam2016/candidate.php?candidate_id=304,SONAI,SP,0,10th Pass,"Rs 31,16,000 ~ 31 Lacs+",Rs 0 ~
540,890,Manju Shabnam,https://www.myneta.info/Assam2016/candidate.php?candidate_id=890,SORBHOG,RPI(A),0,Graduate,https://myneta.info/image_v2.php?myneta_folder=Assam2016&candidate_id=890&col=ta,https://myneta.info/image_v2.php?myneta_folder=Assam2016&candidate_id=890&col=lia
541,929,Manoj Baruah,https://www.myneta.info/Assam2016/candidate.php?candidate_id=929,BHABANIPUR,BJP,0,Post Graduate,"Rs 13,53,884 ~ 13 Lacs+",Rs 0 ~
542,351,Manoj Kumar Tamuli,https://www.myneta.info/Assam2016/candidate.php?candidate_id=351,MAJBAT,IND,0,12th Pass,"Rs 12,85,619 ~ 12 Lacs+","Rs 70,000 ~ 70 Thou+"
543,1139,Manomati Das,https://www.myneta.info/Assam2016/candidate.php?candidate_id=1139,BARKHETRY,IND,0,Graduate,https://myneta.info/image_v2.php?myneta_folder=Assam2016&candidate_id=1139&col=ta,https://myneta.info/image_v2.php?myneta_folder=Assam2016&candidate_id=1139&col=lia
544,942,Manoranjan Das,https://www.myneta.info/Assam2016/candidate.php?candidate_id=942,PATACHAR KUCHI,IND,0,Post Graduate,"Rs 1,25,59,365 ~ 1 Crore+","Rs 1,66,607 ~ 1 Lacs+"
545,576,Manoranjan Talukdar,https://www.myneta.info/Assam2016/candidate.php?candidate_id=576,SORBHOG,CPI(M),0,Graduate,"Rs 82,76,469 ~ 82 Lacs+","Rs 14,00,000 ~ 14 Lacs+"
546,563,Mansing Rongpi,https://www.myneta.info/Assam2016/candidate.php?candidate_id=563,BAITHALANGSO (ST),INC,0,Graduate Professional,https://myneta.info/image_v2.php?myneta_folder=Assam2016&candidate_id=563&col=ta,https://myneta.info/image_v2.php?myneta_folder=Assam2016&candidate_id=563&col=lia
547,1138,Mantu Baruah,https://www.myneta.info/Assam2016/candidate.php?candidate_id=1138,BARKHETRY,IND,0,Graduate,"Rs 1,23,93,736 ~ 1 Crore+","Rs 10,50,000 ~ 10 Lacs+"
548,669,Manu Borgayary,https://www.myneta.info/Assam2016/candidate.php?candidate_id=669,KOKRAJHAR EAST (ST),AIUDF,1,12th Pass,"Rs 14,56,216 ~ 14 Lacs+",Rs 0 ~
549,816,Martial Russel,https://www.myneta.info/Assam2016/candidate.php?candidate_id=816,BILASIPARA EAST,IND,0,10th Pass,https://myneta.info/image_v2.php?myneta_folder=Assam2016&candidate_id=816&col=ta,https://myneta.info/image_v2.php?myneta_folder=Assam2016&candidate_id=816&col=lia
550,69,Mary Kramsapi,https://www.myneta.info/Assam2016/candidate.php?candidate_id=69,DIPHU (ST),Jan Congress Party,0,Graduate,"Rs 1,04,495 ~ 1 Lacs+",Rs 0 ~
551,692,Matiar Rahman,https://www.myneta.info/Assam2016/candidate.php?candidate_id=692,SARUKHETRI,The National Road Map Party of India,0,10th Pass,"Rs 26,200 ~ 26 Thou+",Rs 0 ~
552,976,Matlebuddin Ahmed,https://www.myneta.info/Assam2016/candidate.php?candidate_id=976,KAMALPUR,IND,0,Graduate,https://myneta.info/image_v2.php?myneta_folder=Assam2016&candidate_id=976&col=ta,https://myneta.info/image_v2.php?myneta_folder=Assam2016&candidate_id=976&col=lia
553,328,Mayasing Daulagupu,https://www.myneta.info/Assam2016/candidate.php?candidate_id=328,HAFLONG (ST),IND,0,Graduate,"Rs 63,00,000 ~ 63 Lacs+","Rs 4,00,000 ~ 4 Lacs+"
554,23,Maynul Haque,https://www.myneta.info/Assam2016/candidate.php?candidate_id=23,KARIMGANJ SOUTH,IND,0,Literate,"Rs 1,27,382 ~ 1 Lacs+",Rs 0 ~
555,878,Md Mizanur Rahman,https://www.myneta.info/Assam2016/candidate.php?candidate_id=878,GOALPARA WEST,IND,0,Graduate,https://myneta.info/image_v2.php?myneta_folder=Assam2016&candidate_id=878&col=ta,https://myneta.info/image_v2.php?myneta_folder=Assam2016&candidate_id=878&col=lia
556,1084,Md Mustafa Farook Ahmed,https://www.myneta.info/Assam2016/candidate.php?candidate_id=1084,DALGAON,IND,0,10th Pass,"Rs 12,10,000 ~ 12 Lacs+",Rs 0 ~
557,471,Md Safiqul Islam,https://www.myneta.info/Assam2016/candidate.php?candidate_id=471,NAOBOICHA,IND,0,Graduate,"Rs 2,11,000 ~ 2 Lacs+",Rs 0 ~
558,1016,Md Zakir Hussain,https://www.myneta.info/Assam2016/candidate.php?candidate_id=1016,HOJAI,IND,0,8th Pass,https://myneta.info/image_v2.php?myneta_folder=Assam2016&candidate_id=1016&col=ta,https://myneta.info/image_v2.php?myneta_folder=Assam2016&candidate_id=1016&col=lia
559,38,Md. Abbas Khan,https://www.myneta.info/Assam2016/candidate.php?candidate_id=38,RANGAPARA,IND,0,8th Pass,"Rs 64,43,796 ~ 64 Lacs+","Rs 49,65,493 ~ 49 Lacs+"
560,690,Md. Abdul Barik,https://www.myneta.info/Assam2016/candidate.php?candidate_id=690,BAGHBAR,BJP,0,Post Graduate,"Rs 1,34,715 ~ 1 Lacs+",Rs 0 ~
561,740,Md. Abdur Rahim,https://www.myneta.info/Assam2016/candidate.php?candidate_id=740,DALGAON,IND,0,8th Pass,https://myneta.info/image_v2.php?myneta_folder=Assam2016&candidate_id=740&col=ta,https://myneta.info/image_v2.php?myneta_folder=Assam2016&candidate_id=740&col=lia
562,1131,Md. Akram Hussain Talukdar,https://www.myneta.info/Assam2016/candidate.php?candidate_id=1131,BARKHETRY,AIUDF,0,10th Pass,"Rs 1,56,77,759 ~ 1 Crore+","Rs 15,95,000 ~ 15 Lacs+"
563,637,Md. Aminul Islam,https://www.myneta.info/Assam2016/candidate.php?candidate_id=637,MANKACHAR,AIUDF,0,Post Graduate,"Rs 22,11,729 ~ 22 Lacs+",Rs 0 ~
564,916,Md. Anowar Islam Akand,https://www.myneta.info/Assam2016/candidate.php?candidate_id=916,SARUKHETRI,Rashtriya Jankranti Party,0,Graduate Professional,https://myneta.info/image_v2.php?myneta_folder=Assam2016&candidate_id=916&col=ta,https://myneta.info/image_v2.php?myneta_folder=Assam2016&candidate_id=916&col=lia
565,936,Md. Anowar Islam Akand,https://www.myneta.info/Assam2016/candidate.php?candidate_id=936,BHABANIPUR,Rashtriya Jankranti Party,0,Graduate Professional,"Rs 11,24,777 ~ 11 Lacs+",Rs 0 ~
566,455,Md. Dilshad Hussain Ahmed,https://www.myneta.info/Assam2016/candidate.php?candidate_id=455,SIBSAGAR,AIUDF,0,Post Graduate,"Rs 58,20,703 ~ 58 Lacs+",Rs 0 ~
567,475,Md. Fazlur Rahman,https://www.myneta.info/Assam2016/candidate.php?candidate_id=475,LAKHIMPUR,IND,0,12th Pass,https://myneta.info/image_v2.php?myneta_folder=Assam2016&candidate_id=475&col=ta,https://myneta.info/image_v2.php?myneta_folder=Assam2016&candidate_id=475&col=lia
568,1082,Md. Ilias Ali,https://www.myneta.info/Assam2016/candidate.php?candidate_id=1082,DALGAON,INC,0,10th Pass,"Rs 45,78,811 ~ 45 Lacs+","Rs 14,49,686 ~ 14 Lacs+"
569,793,Md. Mahijur Rahman,https://www.myneta.info/Assam2016/candidate.php?candidate_id=793,GAURIPUR,The National Road Map Party of India,0,10th Pass,"Rs 13,60,000 ~ 13 Lacs+",Rs 0 ~
570,739,Md. Mazibur Rahman,https://www.myneta.info/Assam2016/candidate.php?candidate_id=739,DALGAON,AIUDF,1,Graduate Professional,https://myneta.info/image_v2.php?myneta_folder=Assam2016&candidate_id=739&col=ta,https://myneta.info/image_v2.php?myneta_folder=Assam2016&candidate_id=739&col=lia
571,892,Md. Mohidul Islam,https://www.myneta.info/Assam2016/candidate.php?candidate_id=892,SORBHOG,IND,0,Graduate,"Rs 1,45,545 ~ 1 Lacs+","Rs 1,23,083 ~ 1 Lacs+"
572,969,Md. Rekibuddin Ahmed,https://www.myneta.info/Assam2016/candidate.php?candidate_id=969,HAJO,SP,0,12th Pass,"Rs 93,19,971 ~ 93 Lacs+","Rs 3,00,000 ~ 3 Lacs+"
573,901,Md. Sultan Mahmud,https://www.myneta.info/Assam2016/candidate.php?candidate_id=901,JANIA,Rashtriya Jankranti Party,0,Graduate Professional,https://myneta.info/image_v2.php?myneta_folder=Assam2016&candidate_id=901&col=ta,https://myneta.info/image_v2.php?myneta_folder=Assam2016&candidate_id=901&col=lia
574,857,Meera Basumatary,https://www.myneta.info/Assam2016/candidate.php?candidate_id=857,DUDHNAI (ST),AIUDF,0,Graduate,"Rs 28,89,092 ~ 28 Lacs+","Rs 1,34,000 ~ 1 Lacs+"
575,863,Mehbubar Rahman,https://www.myneta.info/Assam2016/candidate.php?candidate_id=863,GOALPARA EAST,RPI(A),0,10th Pass,"Rs 5,54,784 ~ 5 Lacs+",Rs 0 ~
576,292,Mehnaj Sahid Choudhury,https://www.myneta.info/Assam2016/candidate.php?candidate_id=292,ALGAPUR,Asom Gana Parishad,0,Post Graduate,https://myneta.info/image_v2.php?myneta_folder=Assam2016&candidate_id=292&col=ta,https://myneta.info/image_v2.php?myneta_folder=Assam2016&candidate_id=292&col=lia
577,934,Meser Mollah,https://www.myneta.info/Assam2016/candidate.php?candidate_id=934,BHABANIPUR,IND,0,8th Pass,"Rs 67,022 ~ 67 Thou+",Rs 0 ~
578,1045,Mihir Paul,https://www.myneta.info/Assam2016/candidate.php?candidate_id=1045,NOWGONG,AITC,0,12th Pass,"Rs 2,01,242 ~ 2 Lacs+",Rs 0 ~
579,933,Milan Boro,https://www.myneta.info/Assam2016/candidate.php?candidate_id=933,BHABANIPUR,IND,0,Illiterate,https://myneta.info/image_v2.php?myneta_folder=Assam2016&candidate_id=933&col=ta,https://myneta.info/image_v2.php?myneta_folder=Assam2016&candidate_id=933&col=lia
580,473,Minakhi Gohain Baruah,https://www.myneta.info/Assam2016/candidate.php?candidate_id=473,LAKHIMPUR,IND,0,Graduate Professional,"Rs 2,15,87,799 ~ 2 Crore+","Rs 10,00,000 ~ 10 Lacs+"
581,769,Minaz Uddin,https://www.myneta.info/Assam2016/candidate.php?candidate_id=769,JAMUNAMUKH,IND,2,10th Pass,"Rs 1,10,597 ~ 1 Lacs+",Rs 0 ~
582,107,Minnotulla Choudhury,https://www.myneta.info/Assam2016/candidate.php?candidate_id=107,KATLICHERA,IND,0,8th Pass,https://myneta.info/image_v2.php?myneta_folder=Assam2016&candidate_id=107&col=ta,https://myneta.info/image_v2.php?myneta_folder=Assam2016&candidate_id=107&col=lia
583,791,Mir Hussain Sarkar,https://www.myneta.info/Assam2016/candidate.php?candidate_id=791,GAURIPUR,RPI(A),0,Graduate Professional,"Rs 25,332 ~ 25 Thou+","Rs 3,00,694 ~ 3 Lacs+"
584,17,Mira Tanti,https://www.myneta.info/Assam2016/candidate.php?candidate_id=17,TINGKHONG,CPI(ML)(L),0,Illiterate,"Rs 15,000 ~ 15 Thou+",Rs 0 ~
585,311,Misbahul Islam Laskar,https://www.myneta.info/Assam2016/candidate.php?candidate_id=311,BARKHOLA,IND,0,Graduate Professional,https://myneta.info/image_v2.php?myneta_folder=Assam2016&candidate_id=311&col=ta,https://myneta.info/image_v2.php?myneta_folder=Assam2016&candidate_id=311&col=lia
586,250,Misbaque Uddin,https://www.myneta.info/Assam2016/candidate.php?candidate_id=250,PATHARKANDI,SP,0,10th Pass,"Rs 2,68,481 ~ 2 Lacs+",Rs 0 ~
587,327,Miss Sujata Sinha,https://www.myneta.info/Assam2016/candidate.php?candidate_id=327,KATIGORA,Jan Congress Party,0,Post Graduate,"Rs 11,83,000 ~ 11 Lacs+","Rs 80,000 ~ 80 Thou+"
588,81,Mission Ranjan Das,https://www.myneta.info/Assam2016/candidate.php?candidate_id=81,KARIMGANJ NORTH,BJP,0,Graduate Professional,https://myneta.info/image_v2.php?myneta_folder=Assam2016&candidate_id=81&col=ta,https://myneta.info/image_v2.php?myneta_folder=Assam2016&candidate_id=81&col=lia
589,1143,Mitan Sarkar,https://www.myneta.info/Assam2016/candidate.php?candidate_id=1143,GAUHATI WEST,LJP,0,12th Pass,"Rs 21,97,220 ~ 21 Lacs+","Rs 2,25,000 ~ 2 Lacs+"
590,380,Mithu Malakar,https://www.myneta.info/Assam2016/candidate.php?candidate_id=380,RANGAPARA,IND,0,10th Pass,"Rs 20,61,325 ~ 20 Lacs+",Rs 0 ~
591,822,Mithun Nath,https://www.myneta.info/Assam2016/candidate.php?candidate_id=822,GOSSAIGAON,RPI(A),0,10th Pass,https://myneta.info/image_v2.php?myneta_folder=Assam2016&candidate_id=822&col=ta,https://myneta.info/image_v2.php?myneta_folder=Assam2016&candidate_id=822&col=lia
592,105,Mitu Zaman Laskar,https://www.myneta.info/Assam2016/candidate.php?candidate_id=105,HAILAKANDI,IND,0,10th Pass,"Rs 4,55,000 ~ 4 Lacs+",Rs 0 ~
593,1146,Mohammad Iftazur Rahman,https://www.myneta.info/Assam2016/candidate.php?candidate_id=1146,GAUHATI WEST,IND,0,10th Pass,"Rs 6,68,000 ~ 6 Lacs+",Rs 0 ~
594,966,Mohan Chandra Malakar,https://www.myneta.info/Assam2016/candidate.php?candidate_id=966,HAJO,Liberal Democratic Party,0,Graduate,https://myneta.info/image_v2.php?myneta_folder=Assam2016&candidate_id=966&col=ta,https://myneta.info/image_v2.php?myneta_folder=Assam2016&candidate_id=966&col=lia
595,358,Mohan Chandra Nag,https://www.myneta.info/Assam2016/candidate.php?candidate_id=358,DHEKIAJULI,IND,0,10th Pass,"Rs 65,000 ~ 65 Thou+",Rs 0 ~
596,30,Mohan Deb,https://www.myneta.info/Assam2016/candidate.php?candidate_id=30,KATLICHERA,IND,0,10th Pass,"Rs 5,24,700 ~ 5 Lacs+",Rs 0 ~
597,521,Mohan Nag,https://www.myneta.info/Assam2016/candidate.php?candidate_id=521,NAHARKATIA,IND,0,12th Pass,https://myneta.info/image_v2.php?myneta_folder=Assam2016&candidate_id=521&col=ta,https://myneta.info/image_v2.php?myneta_folder=Assam2016&candidate_id=521&col=lia
598,808,"Mohar Uddin Mondal,",https://www.myneta.info/Assam2016/candidate.php?candidate_id=808,BILASIPARA WEST,SP,0,Post Graduate,"Rs 40,02,934 ~ 40 Lacs+",Rs 0 ~
599,426,Mohendra Kumar Gogoi,https://www.myneta.info/Assam2016/candidate.php?candidate_id=426,TEOK,IND,0,Graduate,"Rs 41,07,839 ~ 41 Lacs+",Rs 0 ~
600,677,Mohibul Islam,https://www.myneta.info/Assam2016/candidate.php?candidate_id=677,GOALPARA WEST,SUCI(C),0,Graduate,https://myneta.info/image_v2.php?myneta_folder=Assam2016&candidate_id=677&col=ta,https://myneta.info/image_v2.php?myneta_folder=Assam2016&candidate_id=677&col=lia
601,84,Moin Uddin,https://www.myneta.info/Assam2016/candidate.php?candidate_id=84,KARIMGANJ NORTH,IND,0,8th Pass,"Rs 1,53,424 ~ 1 Lacs+",Rs 0 ~
602,98,Moin Uddin,https://www.myneta.info/Assam2016/candidate.php?candidate_id=98,KARIMGANJ SOUTH,IND,0,10th Pass,"Rs 1,01,573 ~ 1 Lacs+",Rs 0 ~
603,993,Moinul Hoque,https://www.myneta.info/Assam2016/candidate.php?candidate_id=993,JALUKBARI,Bhartiya Rashtrawadi Party,0,12th Pass,https://myneta.info/image_v2.php?myneta_folder=Assam2016&candidate_id=993&col=ta,https://myneta.info/image_v2.php?myneta_folder=Assam2016&candidate_id=993&col=lia
604,794,Moinul Hoque,https://www.myneta.info/Assam2016/candidate.php?candidate_id=794,GAURIPUR,IND,0,12th Pass,"Rs 16,95,809 ~ 16 Lacs+","Rs 3,42,852 ~ 3 Lacs+"
605,64,Moinul Hoque,https://www.myneta.info/Assam2016/candidate.php?candidate_id=64,KATIGORA,CPI,0,Graduate,"Rs 20,27,204 ~ 20 Lacs+",Rs 0 ~
606,231,Moinul Hoque Laskar,https://www.myneta.info/Assam2016/candidate.php?candidate_id=231,UDHARBOND,IND,0,12th Pass,https://myneta.info/image_v2.php?myneta_folder=Assam2016&candidate_id=231&col=ta,https://myneta.info/image_v2.php?myneta_folder=Assam2016&candidate_id=231&col=lia
607,657,Mominur Ali Sheikh,https://www.myneta.info/Assam2016/candidate.php?candidate_id=657,BILASIPARA EAST,RPI(A),0,12th Pass,"Rs 19,912 ~ 19 Thou+",Rs 0 ~
608,94,Monarul Haque,https://www.myneta.info/Assam2016/candidate.php?candidate_id=94,KARIMGANJ SOUTH,IND,0,5th Pass,"Rs 1,51,000 ~ 1 Lacs+",Rs 0 ~
609,298,Moni Lal Das,https://www.myneta.info/Assam2016/candidate.php?candidate_id=298,SILCHAR,IND,0,Literate,https://myneta.info/image_v2.php?myneta_folder=Assam2016&candidate_id=298&col=ta,https://myneta.info/image_v2.php?myneta_folder=Assam2016&candidate_id=298&col=lia
610,249,Moni Lal Gowala,https://www.myneta.info/Assam2016/candidate.php?candidate_id=249,PATHARKANDI,INC,0,Graduate,"Rs 80,39,742 ~ 80 Lacs+","Rs 1,65,000 ~ 1 Lacs+"
611,389,Monika Bora,https://www.myneta.info/Assam2016/candidate.php?candidate_id=389,GOHPUR,INC,0,12th Pass,"Rs 3,11,87,791 ~ 3 Crore+","Rs 2,52,780 ~ 2 Lacs+"
612,447,Monil Bokalial,https://www.myneta.info/Assam2016/candidate.php?candidate_id=447,SONARI,Liberal Democratic Party,0,10th Pass,https://myneta.info/image_v2.php?myneta_folder=Assam2016&candidate_id=447&col=ta,https://myneta.info/image_v2.php?myneta_folder=Assam2016&candidate_id=447&col=lia
613,545,Monoj Kumar Sawashi,https://www.myneta.info/Assam2016/candidate.php?candidate_id=545,DOOM DOOMA,Jan Congress Party,0,10th Pass,"Rs 1,74,850 ~ 1 Lacs+",Rs 0 ~
614,1158,Monowara Khatun,https://www.myneta.info/Assam2016/candidate.php?candidate_id=1158,CHENGA,AIUDF,0,Graduate,"Rs 66,48,273 ~ 66 Lacs+",Rs 0 ~
615,356,Monuranjan Daimari,https://www.myneta.info/Assam2016/candidate.php?candidate_id=356,DHEKIAJULI,IND,0,10th Pass,https://myneta.info/image_v2.php?myneta_folder=Assam2016&candidate_id=356&col=ta,https://myneta.info/image_v2.php?myneta_folder=Assam2016&candidate_id=356&col=lia
616,813,Moshlem Uddin Choudhury,https://www.myneta.info/Assam2016/candidate.php?candidate_id=813,BILASIPARA EAST,AIUDF,0,Graduate,"Rs 13,31,860 ~ 13 Lacs+","Rs 9,73,499 ~ 9 Lacs+"
617,1033,Moskur Rahman Choudhury,https://www.myneta.info/Assam2016/candidate.php?candidate_id=1033,SAMAGURI,AIUDF,1,Graduate,"Rs 12,02,470 ~ 12 Lacs+","Rs 1,33,700 ~ 1 Lacs+"
618,776,Mostaque Md Moksedur Hassan,https://www.myneta.info/Assam2016/candidate.php?candidate_id=776,MANKACHAR,SP,2,Graduate Professional,https://myneta.info/image_v2.php?myneta_folder=Assam2016&candidate_id=776&col=ta,https://myneta.info/image_v2.php?myneta_folder=Assam2016&candidate_id=776&col=lia
619,24,Mosud Ahmed,https://www.myneta.info/Assam2016/candidate.php?candidate_id=24,KARIMGANJ SOUTH,IND,0,5th Pass,"Rs 1,25,685 ~ 1 Lacs+",Rs 0 ~
620,986,Mrinal Deka,https://www.myneta.info/Assam2016/candidate.php?candidate_id=986,RANGIYA,IND,0,Graduate Professional,"Rs 11,28,604 ~ 11 Lacs+",Rs 0 ~
621,139,Mrinal Saikia,https://www.myneta.info/Assam2016/candidate.php?candidate_id=139,KHUMTAI,BJP,0,Post Graduate,https://myneta.info/image_v2.php?myneta_folder=Assam2016&candidate_id=139&col=ta,https://myneta.info/image_v2.php?myneta_folder=Assam2016&candidate_id=139&col=lia
622,396,Mrityunjoy Pegu,https://www.myneta.info/Assam2016/candidate.php?candidate_id=396,BOKAKHAT,IND,0,Graduate Professional,"Rs 5,70,458 ~ 5 Lacs+","Rs 4,56,000 ~ 4 Lacs+"
623,1063,Mubarak Ali Pathan,https://www.myneta.info/Assam2016/candidate.php?candidate_id=1063,DHING,IND,0,8th Pass,"Rs 54,07,906 ~ 54 Lacs+",Rs 0 ~
624,80,Muhammad Muhsin Alam,https://www.myneta.info/Assam2016/candidate.php?candidate_id=80,KARIMGANJ NORTH,IND,0,Graduate,https://myneta.info/image_v2.php?myneta_folder=Assam2016&candidate_id=80&col=ta,https://myneta.info/image_v2.php?myneta_folder=Assam2016&candidate_id=80&col=lia
625,864,Mujaharul Islam,https://www.myneta.info/Assam2016/candidate.php?candidate_id=864,GOALPARA EAST,IND,0,12th Pass,"Rs 28,000 ~ 28 Thou+",Rs 0 ~
626,965,Mujibur Rahman,https://www.myneta.info/Assam2016/candidate.php?candidate_id=965,HAJO,AIUDF,0,12th Pass,"Rs 70,47,479 ~ 70 Lacs+","Rs 2,85,581 ~ 2 Lacs+"
627,786,Mukta Begum,https://www.myneta.info/Assam2016/candidate.php?candidate_id=786,DHUBRI,RPI(A),0,12th Pass,https://myneta.info/image_v2.php?myneta_folder=Assam2016&candidate_id=786&col=ta,https://myneta.info/image_v2.php?myneta_folder=Assam2016&candidate_id=786&col=lia
628,887,Muktar Hussain,https://www.myneta.info/Assam2016/candidate.php?candidate_id=887,SORBHOG,Jan Congress Party,0,10th Pass,"Rs 5,67,456 ~ 5 Lacs+","Rs 20,000 ~ 20 Thou+"
629,264,Muktar Hussain,https://www.myneta.info/Assam2016/candidate.php?candidate_id=264,KARIMGANJ SOUTH,IND,0,10th Pass,"Rs 6,000 ~ 6 Thou+",Rs 0 ~
630,666,Mukunda Koch,https://www.myneta.info/Assam2016/candidate.php?candidate_id=666,KOKRAJHAR WEST (ST),IND,0,Graduate,https://myneta.info/image_v2.php?myneta_folder=Assam2016&candidate_id=666&col=ta,https://myneta.info/image_v2.php?myneta_folder=Assam2016&candidate_id=666&col=lia
631,1110,"Mukunda Ram Choudhury	",https://www.myneta.info/Assam2016/candidate.php?candidate_id=1110,KALAIGAON,Asom Gana Parishad,0,Others,"Rs 2,75,18,125 ~ 2 Crore+","Rs 38,00,000 ~ 38 Lacs+"
632,751,Mukut Kumar Debnath,https://www.myneta.info/Assam2016/candidate.php?candidate_id=751,DHING,BJP,0,Graduate Professional,"Rs 36,17,347 ~ 36 Lacs+","Rs 1,48,913 ~ 1 Lacs+"
633,210,Mulneilal Hrangkhol,https://www.myneta.info/Assam2016/candidate.php?candidate_id=210,KATLICHERA,NCP,0,10th Pass,https://myneta.info/image_v2.php?myneta_folder=Assam2016&candidate_id=210&col=ta,https://myneta.info/image_v2.php?myneta_folder=Assam2016&candidate_id=210&col=lia
634,724,Munindra Doley,https://www.myneta.info/Assam2016/candidate.php?candidate_id=724,NALBARI,SUCI(C),0,Graduate,"Rs 2,000 ~ 2 Thou+",Rs 0 ~
635,1062,Muzibur Rahman,https://www.myneta.info/Assam2016/candidate.php?candidate_id=1062,DHING,IND,0,Post Graduate,"Rs 1,17,34,400 ~ 1 Crore+","Rs 39,00,000 ~ 39 Lacs+"
636,484,Naba Kumar Doley,https://www.myneta.info/Assam2016/candidate.php?candidate_id=484,DHAKUAKHANA (ST),BJP,1,12th Pass,https://myneta.info/image_v2.php?myneta_folder=Assam2016&candidate_id=484&col=ta,https://myneta.info/image_v2.php?myneta_folder=Assam2016&candidate_id=484&col=lia
637,585,Naba Kumar Nath,https://www.myneta.info/Assam2016/candidate.php?candidate_id=585,JALUKBARI,IND,1,Graduate,Rs 282 ~ 2 Hund+,Rs 0 ~
638,956,Nabajyoti Talukdar,https://www.myneta.info/Assam2016/candidate.php?candidate_id=956,PALASBARI,INC,0,Graduate,"Rs 75,34,363 ~ 75 Lacs+","Rs 19,17,476 ~ 19 Lacs+"
639,1054,Najir Uddin Ahmed,https://www.myneta.info/Assam2016/candidate.php?candidate_id=1054,BATADROBA,AIUDF,0,8th Pass,https://myneta.info/image_v2.php?myneta_folder=Assam2016&candidate_id=1054&col=ta,https://myneta.info/image_v2.php?myneta_folder=Assam2016&candidate_id=1054&col=lia
640,643,Najrul Hoque,https://www.myneta.info/Assam2016/candidate.php?candidate_id=643,DHUBRI,AIUDF,0,Graduate,"Rs 8,91,05,484 ~ 8 Crore+","Rs 26,33,147 ~ 26 Lacs+"
641,476,Nanda Kishore Maheswari,https://www.myneta.info/Assam2016/candidate.php?candidate_id=476,LAKHIMPUR,IND,0,Graduate,"Rs 74,97,000 ~ 74 Lacs+",Rs 0 ~
642,117,Nanda Ram Baro,https://www.myneta.info/Assam2016/candidate.php?candidate_id=117,PANERY,IND,0,12th Pass,https://myneta.info/image_v2.php?myneta_folder=Assam2016&candidate_id=117&col=ta,https://myneta.info/image_v2.php?myneta_folder=Assam2016&candidate_id=117&col=lia
643,949,Nandita Das,https://www.myneta.info/Assam2016/candidate.php?candidate_id=949,BOKO (SC),INC,0,Graduate,"Rs 3,32,92,718 ~ 3 Crore+","Rs 14,92,413 ~ 14 Lacs+"
644,597,Nang Smritirekha Shyam,https://www.myneta.info/Assam2016/candidate.php?candidate_id=597,TITABAR,IND,0,10th Pass,"Rs 34,000 ~ 34 Thou+",Rs 0 ~
645,727,Narayan Deka,https://www.myneta.info/Assam2016/candidate.php?candidate_id=727,BARKHETRY,BJP,1,12th Pass,https://myneta.info/image_v2.php?myneta_folder=Assam2016&candidate_id=727&col=ta,https://myneta.info/image_v2.php?myneta_folder=Assam2016&candidate_id=727&col=lia
646,363,Narayan Sarmah,https://www.myneta.info/Assam2016/candidate.php?candidate_id=363,BARCHALLA,IND,0,Graduate,"Rs 94,83,899 ~ 94 Lacs+",Rs 0 ~
647,867,Naren Sankar Rabha,https://www.myneta.info/Assam2016/candidate.php?candidate_id=867,GOALPARA EAST,IND,0,Graduate,"Rs 20,75,561 ~ 20 Lacs+",Rs 0 ~
648,598,Naren Sonowal,https://www.myneta.info/Assam2016/candidate.php?candidate_id=598,JONAI (ST),IND,0,8th Pass,https://myneta.info/image_v2.php?myneta_folder=Assam2016&candidate_id=598&col=ta,https://myneta.info/image_v2.php?myneta_folder=Assam2016&candidate_id=598&col=lia
649,188,Naren Sonowal,https://www.myneta.info/Assam2016/candidate.php?candidate_id=188,NAHARKATIA,Asom Gana Parishad,0,10th Pass,"Rs 33,94,60,623 ~ 33 Crore+","Rs 2,87,38,538 ~ 2 Crore+"
650,997,Nathuni Das,https://www.myneta.info/Assam2016/candidate.php?candidate_id=997,JALUKBARI,RPI(A),0,8th Pass,"Rs 1,51,950 ~ 1 Lacs+",Rs 0 ~
651,128,Nayan Moni Choudhury,https://www.myneta.info/Assam2016/candidate.php?candidate_id=128,TEZPUR,SUCI(C),0,Post Graduate,https://myneta.info/image_v2.php?myneta_folder=Assam2016&candidate_id=128&col=ta,https://myneta.info/image_v2.php?myneta_folder=Assam2016&candidate_id=128&col=lia
652,1107,Nayanmani Bhagawati,https://www.myneta.info/Assam2016/candidate.php?candidate_id=1107,KALAIGAON,IND,0,Post Graduate,"Rs 20,398 ~ 20 Thou+",Rs 0 ~
653,787,Nazibul Umar,https://www.myneta.info/Assam2016/candidate.php?candidate_id=787,DHUBRI,IND,0,12th Pass,"Rs 54,69,879 ~ 54 Lacs+",Rs 0 ~
654,1049,Nazir Hussain,https://www.myneta.info/Assam2016/candidate.php?candidate_id=1049,RUPOHIHAT,IND,0,10th Pass,https://myneta.info/image_v2.php?myneta_folder=Assam2016&candidate_id=1049&col=ta,https://myneta.info/image_v2.php?myneta_folder=Assam2016&candidate_id=1049&col=lia
655,313,Nazmul Hoque Laskar,https://www.myneta.info/Assam2016/candidate.php?candidate_id=313,BARKHOLA,IND,0,10th Pass,"Rs 10,66,980 ~ 10 Lacs+",Rs 0 ~
656,255,Nazrul Islam Choudhury,https://www.myneta.info/Assam2016/candidate.php?candidate_id=255,KARIMGANJ NORTH,IND,2,10th Pass,"Rs 7,14,956 ~ 7 Lacs+",Rs 0 ~
657,331,Neikhol Haolai Changsan,https://www.myneta.info/Assam2016/candidate.php?candidate_id=331,HAFLONG (ST),AIUDF,0,12th Pass,https://myneta.info/image_v2.php?myneta_folder=Assam2016&candidate_id=331&col=ta,https://myneta.info/image_v2.php?myneta_folder=Assam2016&candidate_id=331&col=lia
658,1010,Netra Ranjan Mahanta,https://www.myneta.info/Assam2016/candidate.php?candidate_id=1010,LUMDING,INC,0,12th Pass,"Rs 1,16,30,272 ~ 1 Crore+","Rs 18,06,404 ~ 18 Lacs+"
659,544,Nidan Purty,https://www.myneta.info/Assam2016/candidate.php?candidate_id=544,MARGHERITA,IND,0,12th Pass,"Rs 1,53,841 ~ 1 Lacs+",Rs 0 ~
660,248,Nihar Ranjan Deb Nath,https://www.myneta.info/Assam2016/candidate.php?candidate_id=248,PATHARKANDI,IND,0,10th Pass,https://myneta.info/image_v2.php?myneta_folder=Assam2016&candidate_id=248&col=ta,https://myneta.info/image_v2.php?myneta_folder=Assam2016&candidate_id=248&col=lia
661,790,Nijanur Rahman,https://www.myneta.info/Assam2016/candidate.php?candidate_id=790,GAURIPUR,AIUDF,0,Graduate,"Rs 31,98,130 ~ 31 Lacs+","Rs 5,83,000 ~ 5 Lacs+"
662,1129,Nilamani Sen Deka,https://www.myneta.info/Assam2016/candidate.php?candidate_id=1129,DHARMAPUR,INC,0,Graduate Professional,"Rs 2,53,45,984 ~ 2 Crore+","Rs 63,99,309 ~ 63 Lacs+"
663,944,Nilima Bhattacharjya,https://www.myneta.info/Assam2016/candidate.php?candidate_id=944,PATACHAR KUCHI,IND,0,Graduate Professional,https://myneta.info/image_v2.php?myneta_folder=Assam2016&candidate_id=944&col=ta,https://myneta.info/image_v2.php?myneta_folder=Assam2016&candidate_id=944&col=lia
664,825,Nilima Brahma,https://www.myneta.info/Assam2016/candidate.php?candidate_id=825,KOKRAJHAR WEST (ST),IND,0,Graduate,"Rs 10,81,851 ~ 10 Lacs+",Rs 0 ~
665,299,Nilom Sanjib Sarmah,https://www.myneta.info/Assam2016/candidate.php?candidate_id=299,SILCHAR,Bharatiya Gana Parishad,0,10th Pass,"Rs 14,81,021 ~ 14 Lacs+","Rs 6,16,247 ~ 6 Lacs+"
666,240,Niranjan Mallah,https://www.myneta.info/Assam2016/candidate.php?candidate_id=240,RATABARI (SC),IND,0,5th Pass,https://myneta.info/image_v2.php?myneta_folder=Assam2016&candidate_id=240&col=ta,https://myneta.info/image_v2.php?myneta_folder=Assam2016&candidate_id=240&col=lia
667,277,Niren Das,https://www.myneta.info/Assam2016/candidate.php?candidate_id=277,HAILAKANDI,IND,0,Not Given,"Rs 55,500 ~ 55 Thou+",Rs 0 ~
668,1000,Niren Deka,https://www.myneta.info/Assam2016/candidate.php?candidate_id=1000,JALUKBARI,INC,0,Graduate,"Rs 42,89,085 ~ 42 Lacs+","Rs 4,30,133 ~ 4 Lacs+"
669,45,Nirmal Chandra Gogoi,https://www.myneta.info/Assam2016/candidate.php?candidate_id=45,JORHAT,CPI(M),0,Graduate Professional,https://myneta.info/image_v2.php?myneta_folder=Assam2016&candidate_id=45&col=ta,https://myneta.info/image_v2.php?myneta_folder=Assam2016&candidate_id=45&col=lia
670,684,Nirmal Kumar Agarwala,https://www.myneta.info/Assam2016/candidate.php?candidate_id=684,SORBHOG,IND,0,Illiterate,"Rs 27,28,878 ~ 27 Lacs+","Rs 5,69,204 ~ 5 Lacs+"
671,330,Nirmal Langthasa,https://www.myneta.info/Assam2016/candidate.php?candidate_id=330,HAFLONG (ST),INC,0,Graduate,"Rs 4,42,43,587 ~ 4 Crore+","Rs 50,41,724 ~ 50 Lacs+"
672,236,Nirmal Mallick,https://www.myneta.info/Assam2016/candidate.php?candidate_id=236,RATABARI (SC),SP,0,8th Pass,https://myneta.info/image_v2.php?myneta_folder=Assam2016&candidate_id=236&col=ta,https://myneta.info/image_v2.php?myneta_folder=Assam2016&candidate_id=236&col=lia
673,675,Nirmalendu Banikya,https://www.myneta.info/Assam2016/candidate.php?candidate_id=675,ABHAYAPURI SOUTH (SC),IND,2,Post Graduate,"Rs 14,39,138 ~ 14 Lacs+","Rs 1,470 ~ 1 Thou+"
674,654,Nishil Kumar Ray,https://www.myneta.info/Assam2016/candidate.php?candidate_id=654,BILASIPARA EAST,IND,0,12th Pass,"Rs 2,48,229 ~ 2 Lacs+",Rs 0 ~
675,246,Nitai Dey,https://www.myneta.info/Assam2016/candidate.php?candidate_id=246,PATHARKANDI,IND,0,8th Pass,https://myneta.info/image_v2.php?myneta_folder=Assam2016&candidate_id=246&col=ta,https://myneta.info/image_v2.php?myneta_folder=Assam2016&candidate_id=246&col=lia
676,950,Nitish Ranjan Das,https://www.myneta.info/Assam2016/candidate.php?candidate_id=950,BOKO (SC),IND,0,12th Pass,"Rs 10,20,000 ~ 10 Lacs+",Rs 0 ~
677,160,Nityananda Gogoi,https://www.myneta.info/Assam2016/candidate.php?candidate_id=160,MAHMARA,Revolutionary Communist Party of India (RB),0,10th Pass,"Rs 66,203 ~ 66 Thou+",Rs 0 ~
678,108,Nizam Uddin Choudhury,https://www.myneta.info/Assam2016/candidate.php?candidate_id=108,ALGAPUR,AIUDF,0,8th Pass,https://myneta.info/image_v2.php?myneta_folder=Assam2016&candidate_id=108&col=ta,https://myneta.info/image_v2.php?myneta_folder=Assam2016&candidate_id=108&col=lia
679,536,Nogen Dhekial Phukan,https://www.myneta.info/Assam2016/candidate.php?candidate_id=536,DIGBOI,NCP,0,12th Pass,"Rs 1,02,000 ~ 1 Lacs+",Rs 0 ~
680,208,Norokanta Das,https://www.myneta.info/Assam2016/candidate.php?candidate_id=208,KATLICHERA,IND,0,8th Pass,"Rs 1,55,000 ~ 1 Lacs+",Rs 0 ~
681,609,Numal Momin,https://www.myneta.info/Assam2016/candidate.php?candidate_id=609,BOKAJAN (ST),BJP,0,Post Graduate,https://myneta.info/image_v2.php?myneta_folder=Assam2016&candidate_id=609&col=ta,https://myneta.info/image_v2.php?myneta_folder=Assam2016&candidate_id=609&col=lia
682,73,Nurjamal Sarkar,https://www.myneta.info/Assam2016/candidate.php?candidate_id=73,BISWANATH,INC,0,Post Graduate,"Rs 79,87,148 ~ 79 Lacs+",Rs 0 ~
683,753,Nurul Amin Chowdhury,https://www.myneta.info/Assam2016/candidate.php?candidate_id=753,RUPOHIHAT,AIUDF,1,Graduate,"Rs 1,90,43,767 ~ 1 Crore+","Rs 31,81,804 ~ 31 Lacs+"
684,1022,Nurul Hoque,https://www.myneta.info/Assam2016/candidate.php?candidate_id=1022,JAMUNAMUKH,Jan Congress Party,0,8th Pass,https://myneta.info/image_v2.php?myneta_folder=Assam2016&candidate_id=1022&col=ta,https://myneta.info/image_v2.php?myneta_folder=Assam2016&candidate_id=1022&col=lia
685,1048,Nurul Huda,https://www.myneta.info/Assam2016/candidate.php?candidate_id=1048,RUPOHIHAT,INC,2,10th Pass,"Rs 1,41,21,057 ~ 1 Crore+","Rs 49,38,024 ~ 49 Lacs+"
686,716,Nurul Hussain,https://www.myneta.info/Assam2016/candidate.php?candidate_id=716,HAJO,Asom Gana Parishad,0,Graduate Professional,"Rs 1,31,83,775 ~ 1 Crore+","Rs 15,29,618 ~ 15 Lacs+"
687,271,Oliour Rahaman Tapadar,https://www.myneta.info/Assam2016/candidate.php?candidate_id=271,BADARPUR,IND,0,10th Pass,https://myneta.info/image_v2.php?myneta_folder=Assam2016&candidate_id=271&col=ta,https://myneta.info/image_v2.php?myneta_folder=Assam2016&candidate_id=271&col=lia
688,974,Omar Rashid,https://www.myneta.info/Assam2016/candidate.php?candidate_id=974,KAMALPUR,IND,0,Graduate,"Rs 3,19,73,832 ~ 3 Crore+","Rs 4,26,460 ~ 4 Lacs+"
689,1056,Paban Pran Rabi Das,https://www.myneta.info/Assam2016/candidate.php?candidate_id=1056,BATADROBA,Bharat Vikas Morcha,0,12th Pass,"Rs 20,67,000 ~ 20 Lacs+",Rs 0 ~
690,493,Paban Singh Ghatowar,https://www.myneta.info/Assam2016/candidate.php?candidate_id=493,MORAN,INC,0,Graduate,https://myneta.info/image_v2.php?myneta_folder=Assam2016&candidate_id=493&col=ta,https://myneta.info/image_v2.php?myneta_folder=Assam2016&candidate_id=493&col=lia
691,992,Pabitra Baro,https://www.myneta.info/Assam2016/candidate.php?candidate_id=992,RANGIYA,IND,0,12th Pass,"Rs 10,55,900 ~ 10 Lacs+",Rs 0 ~
692,39,Padma Hazarika,https://www.myneta.info/Assam2016/candidate.php?candidate_id=39,SOOTEA,BJP,0,12th Pass,"Rs 7,26,37,823 ~ 7 Crore+","Rs 1,24,93,857 ~ 1 Crore+"
693,500,Padmeswar Phukan,https://www.myneta.info/Assam2016/candidate.php?candidate_id=500,DIBRUGARH,IND,0,10th Pass,https://myneta.info/image_v2.php?myneta_folder=Assam2016&candidate_id=500&col=ta,https://myneta.info/image_v2.php?myneta_folder=Assam2016&candidate_id=500&col=lia
694,636,Pahchan Ali,https://www.myneta.info/Assam2016/candidate.php?candidate_id=636,MANKACHAR,SUCI(C),0,12th Pass,"Rs 31,67,000 ~ 31 Lacs+",Rs 0 ~
695,734,Paheswari Barua,https://www.myneta.info/Assam2016/candidate.php?candidate_id=734,SIPAJHAR,SUCI(C),0,10th Pass,"Rs 12,000 ~ 12 Thou+",Rs 0 ~
696,954,Palash Jyoti Das,https://www.myneta.info/Assam2016/candidate.php?candidate_id=954,PALASBARI,Rashtriya Jankranti Party,0,10th Pass,https://myneta.info/image_v2.php?myneta_folder=Assam2016&candidate_id=954&col=ta,https://myneta.info/image_v2.php?myneta_folder=Assam2016&candidate_id=954&col=lia
697,37,Pallab Lochan Das,https://www.myneta.info/Assam2016/candidate.php?candidate_id=37,RANGAPARA,BJP,0,Graduate,"Rs 54,55,359 ~ 54 Lacs+",Rs 0 ~
698,425,Pallabi Saikia Gogoi,https://www.myneta.info/Assam2016/candidate.php?candidate_id=425,TEOK,INC,0,12th Pass,"Rs 1,18,41,231 ~ 1 Crore+","Rs 9,50,000 ~ 9 Lacs+"
699,1115,Pani Ram Rabha,https://www.myneta.info/Assam2016/candidate.php?candidate_id=1115,BARAMA (ST),INC,0,Graduate,https://myneta.info/image_v2.php?myneta_folder=Assam2016&candidate_id=1115&col=ta,https://myneta.info/image_v2.php?myneta_folder=Assam2016&candidate_id=1115&col=lia
700,827,Pankaj Islary,https://www.myneta.info/Assam2016/candidate.php?candidate_id=827,SIDLI (ST),AIUDF,0,Graduate,"Rs 50,59,000 ~ 50 Lacs+",Rs 0 ~
701,1005,Parag Konch,https://www.myneta.info/Assam2016/candidate.php?candidate_id=1005,DISPUR,RPI(A),0,Post Graduate,"Rs 9,38,491 ~ 9 Lacs+","Rs 10,00,000 ~ 10 Lacs+"
702,177,Paramananda Chayengia,https://www.myneta.info/Assam2016/candidate.php?candidate_id=177,DHEMAJI (ST),IND,0,Graduate,https://myneta.info/image_v2.php?myneta_folder=Assam2016&candidate_id=177&col=ta,https://myneta.info/image_v2.php?myneta_folder=Assam2016&candidate_id=177&col=lia
703,103,Parbej Khasru Laskar,https://www.myneta.info/Assam2016/candidate.php?candidate_id=103,HAILAKANDI,IND,0,12th Pass,"Rs 10,26,000 ~ 10 Lacs+",Rs 0 ~
704,470,Pawan Majhi Sautal,https://www.myneta.info/Assam2016/candidate.php?candidate_id=470,NAOBOICHA,IND,0,12th Pass,"Rs 26,622 ~ 26 Thou+",Rs 0 ~
705,1037,Pawan Panika,https://www.myneta.info/Assam2016/candidate.php?candidate_id=1037,BARHAMPUR,Forward Democratic Labour Party,0,10th Pass,https://myneta.info/image_v2.php?myneta_folder=Assam2016&candidate_id=1037&col=ta,https://myneta.info/image_v2.php?myneta_folder=Assam2016&candidate_id=1037&col=lia
706,582,Pearul Islam Ahmed,https://www.myneta.info/Assam2016/candidate.php?candidate_id=582,SARUKHETRI,CPI(M),0,Post Graduate,"Rs 36,596 ~ 36 Thou+","Rs 70,300 ~ 70 Thou+"
707,830,Phalmarston Brahma,https://www.myneta.info/Assam2016/candidate.php?candidate_id=830,SIDLI (ST),IND,0,10th Pass,"Rs 35,000 ~ 35 Thou+",Rs 0 ~
708,673,Phani Bhusan Choudhury,https://www.myneta.info/Assam2016/candidate.php?candidate_id=673,BONGAIGAON,Asom Gana Parishad,0,Graduate,https://myneta.info/image_v2.php?myneta_folder=Assam2016&candidate_id=673&col=ta,https://myneta.info/image_v2.php?myneta_folder=Assam2016&candidate_id=673&col=lia
709,577,Phanihdar Talukdar,https://www.myneta.info/Assam2016/candidate.php?candidate_id=577,BHABANIPUR,IND,1,12th Pass,"Rs 9,65,95,208 ~ 9 Crore+","Rs 4,66,53,712 ~ 4 Crore+"
710,835,Philip Marandi,https://www.myneta.info/Assam2016/candidate.php?candidate_id=835,BIJNI,Jharkhand Disom Party,0,10th Pass,"Rs 35,52,064 ~ 35 Lacs+",Rs 0 ~
711,742,Pijush Hazarika,https://www.myneta.info/Assam2016/candidate.php?candidate_id=742,JAGIROAD (SC),BJP,0,Graduate,https://myneta.info/image_v2.php?myneta_folder=Assam2016&candidate_id=742&col=ta,https://myneta.info/image_v2.php?myneta_folder=Assam2016&candidate_id=742&col=lia
712,70,Prabhat Baisnab,https://www.myneta.info/Assam2016/candidate.php?candidate_id=70,BONGAIGAON,IND,0,Graduate,"Rs 70,81,989 ~ 70 Lacs+","Rs 31,08,415 ~ 31 Lacs+"
713,120,Prabhat Das Panika,https://www.myneta.info/Assam2016/candidate.php?candidate_id=120,PANERY,IND,0,10th Pass,"Rs 48,742 ~ 48 Thou+",Rs 0 ~
714,510,Prabin Kumar Hazarika,https://www.myneta.info/Assam2016/candidate.php?candidate_id=510,DULIAJAN,IND,0,Graduate,https://myneta.info/image_v2.php?myneta_folder=Assam2016&candidate_id=510&col=ta,https://myneta.info/image_v2.php?myneta_folder=Assam2016&candidate_id=510&col=lia
715,238,Prabir Bardhan,https://www.myneta.info/Assam2016/candidate.php?candidate_id=238,RATABARI (SC),IND,0,8th Pass,"Rs 59,000 ~ 59 Thou+",Rs 0 ~
716,486,Pradan Baruah,https://www.myneta.info/Assam2016/candidate.php?candidate_id=486,DHEMAJI (ST),BJP,0,Others,"Rs 20,78,404 ~ 20 Lacs+",Rs 0 ~
717,587,Pradip Baruah,https://www.myneta.info/Assam2016/candidate.php?candidate_id=587,DISPUR,NCP,0,Post Graduate,https://myneta.info/image_v2.php?myneta_folder=Assam2016&candidate_id=587&col=ta,https://myneta.info/image_v2.php?myneta_folder=Assam2016&candidate_id=587&col=lia
718,683,Pradip Deb Nath,https://www.myneta.info/Assam2016/candidate.php?candidate_id=683,SORBHOG,IND,0,Post Graduate,"Rs 32,59,857 ~ 32 Lacs+",Rs 0 ~
719,1034,Pradip Kalita,https://www.myneta.info/Assam2016/candidate.php?candidate_id=1034,SAMAGURI,IND,0,12th Pass,"Rs 21,50,000 ~ 21 Lacs+",Rs 0 ~
720,31,Pradip Kumar Deb,https://www.myneta.info/Assam2016/candidate.php?candidate_id=31,SILCHAR,SUCI(C),0,Graduate Professional,https://myneta.info/image_v2.php?myneta_folder=Assam2016&candidate_id=31&col=ta,https://myneta.info/image_v2.php?myneta_folder=Assam2016&candidate_id=31&col=lia
721,542,Pradyut Bordoloi,https://www.myneta.info/Assam2016/candidate.php?candidate_id=542,MARGHERITA,INC,0,Post Graduate,"Rs 6,16,81,270 ~ 6 Crore+","Rs 63,75,049 ~ 63 Lacs+"
722,1127,Pradyut Kumar Bhuyan,https://www.myneta.info/Assam2016/candidate.php?candidate_id=1127,NALBARI,INC,0,Graduate,"Rs 9,66,48,893 ~ 9 Crore+","Rs 3,63,49,519 ~ 3 Crore+"
723,592,Prafulla Kumar Mahanta,https://www.myneta.info/Assam2016/candidate.php?candidate_id=592,BARHAMPUR,Asom Gana Parishad,0,Graduate Professional,https://myneta.info/image_v2.php?myneta_folder=Assam2016&candidate_id=592&col=ta,https://myneta.info/image_v2.php?myneta_folder=Assam2016&candidate_id=592&col=lia
724,760,Prahlad Chandra Bhuyan,https://www.myneta.info/Assam2016/candidate.php?candidate_id=760,BARHAMPUR,IND,0,Post Graduate,"Rs 2,74,45,000 ~ 2 Crore+",Rs 0 ~
725,650,Prakrita Kumar Nath,https://www.myneta.info/Assam2016/candidate.php?candidate_id=650,BILASIPARA WEST,IND,0,12th Pass,"Rs 8,93,774 ~ 8 Lacs+",Rs 0 ~
726,570,Pramila Rani Brahma,https://www.myneta.info/Assam2016/candidate.php?candidate_id=570,KOKRAJHAR EAST (ST),Bodoland Peoples Front,0,Graduate,https://myneta.info/image_v2.php?myneta_folder=Assam2016&candidate_id=570&col=ta,https://myneta.info/image_v2.php?myneta_folder=Assam2016&candidate_id=570&col=lia
727,537,Pranab Chetia,https://www.myneta.info/Assam2016/candidate.php?candidate_id=537,DIGBOI,IND,0,12th Pass,"Rs 24,90,694 ~ 24 Lacs+",Rs 0 ~
728,1154,Pranab Jyoti Das,https://www.myneta.info/Assam2016/candidate.php?candidate_id=1154,GAUHATI EAST,RPI(A),0,Graduate,"Rs 13,09,000 ~ 13 Lacs+",Rs 0 ~
729,1150,Pranab Sarmah,https://www.myneta.info/Assam2016/candidate.php?candidate_id=1150,GAUHATI WEST,IND,1,Graduate,https://myneta.info/image_v2.php?myneta_folder=Assam2016&candidate_id=1150&col=ta,https://myneta.info/image_v2.php?myneta_folder=Assam2016&candidate_id=1150&col=lia
730,522,Pranati Phukan,https://www.myneta.info/Assam2016/candidate.php?candidate_id=522,NAHARKATIA,INC,0,Graduate,"Rs 1,37,08,636 ~ 1 Crore+","Rs 4,22,456 ~ 4 Lacs+"
731,309,Pranesh Nath,https://www.myneta.info/Assam2016/candidate.php?candidate_id=309,SONAI,LJP,0,10th Pass,"Rs 7,41,968 ~ 7 Lacs+",Rs 0 ~
732,131,Praneswar Basumatary,https://www.myneta.info/Assam2016/candidate.php?candidate_id=131,SOOTEA,INC,1,Graduate,https://myneta.info/image_v2.php?myneta_folder=Assam2016&candidate_id=131&col=ta,https://myneta.info/image_v2.php?myneta_folder=Assam2016&candidate_id=131&col=lia
733,973,Pranjit Choudhury,https://www.myneta.info/Assam2016/candidate.php?candidate_id=973,KAMALPUR,INC,0,Post Graduate,"Rs 86,71,253 ~ 86 Lacs+",Rs 0 ~
734,181,Prasanta Phukan,https://www.myneta.info/Assam2016/candidate.php?candidate_id=181,DIBRUGARH,BJP,0,10th Pass,"Rs 1,82,17,910 ~ 1 Crore+","Rs 7,83,585 ~ 7 Lacs+"
735,162,Prasun Rajkonwar,https://www.myneta.info/Assam2016/candidate.php?candidate_id=162,MAHMARA,IND,0,12th Pass,https://myneta.info/image_v2.php?myneta_folder=Assam2016&candidate_id=162&col=ta,https://myneta.info/image_v2.php?myneta_folder=Assam2016&candidate_id=162&col=lia
736,668,Pratibha Brahma,https://www.myneta.info/Assam2016/candidate.php?candidate_id=668,KOKRAJHAR EAST (ST),IND,0,Post Graduate,"Rs 76,71,028 ~ 76 Lacs+","Rs 60,00,000 ~ 60 Lacs+"
737,463,Premadhar Bora,https://www.myneta.info/Assam2016/candidate.php?candidate_id=463,BIHPURIA,IND,0,Graduate,"Rs 35,94,000 ~ 35 Lacs+",Rs 0 ~
738,202,Premraj Goala,https://www.myneta.info/Assam2016/candidate.php?candidate_id=202,HAILAKANDI,IND,0,Post Graduate,https://myneta.info/image_v2.php?myneta_folder=Assam2016&candidate_id=202&col=ta,https://myneta.info/image_v2.php?myneta_folder=Assam2016&candidate_id=202&col=lia
739,501,Prithibi Majhi,https://www.myneta.info/Assam2016/candidate.php?candidate_id=501,LAHOWAL,INC,0,Graduate Professional,"Rs 7,00,30,943 ~ 7 Crore+","Rs 24,80,688 ~ 24 Lacs+"
740,503,Priya Nath Gogoi,https://www.myneta.info/Assam2016/candidate.php?candidate_id=503,LAHOWAL,IND,0,12th Pass,"Rs 3,30,000 ~ 3 Lacs+",Rs 0 ~
741,151,Prodip Hazarika,https://www.myneta.info/Assam2016/candidate.php?candidate_id=151,AMGURI,Asom Gana Parishad,0,Post Graduate,https://myneta.info/image_v2.php?myneta_folder=Assam2016&candidate_id=151&col=ta,https://myneta.info/image_v2.php?myneta_folder=Assam2016&candidate_id=151&col=lia
742,709,Prodyut Kumar Bora,https://www.myneta.info/Assam2016/candidate.php?candidate_id=709,GAUHATI EAST,Liberal Democratic Party,0,Graduate,"Rs 3,63,51,597 ~ 3 Crore+","Rs 55,24,160 ~ 55 Lacs+"
743,144,Prodyut Kumar Bora,https://www.myneta.info/Assam2016/candidate.php?candidate_id=144,JORHAT,Liberal Democratic Party,0,Graduate,"Rs 3,63,51,597 ~ 3 Crore+","Rs 55,24,160 ~ 55 Lacs+"
744,155,Prohlad Gowala,https://www.myneta.info/Assam2016/candidate.php?candidate_id=155,NAZIRA,BJP,0,12th Pass,https://myneta.info/image_v2.php?myneta_folder=Assam2016&candidate_id=155&col=ta,https://myneta.info/image_v2.php?myneta_folder=Assam2016&candidate_id=155&col=lia
745,72,Promod Borthakur,https://www.myneta.info/Assam2016/candidate.php?candidate_id=72,BISWANATH,BJP,0,Post Graduate,"Rs 35,89,550 ~ 35 Lacs+","Rs 4,85,161 ~ 4 Lacs+"
746,1028,Promode Bhuyan,https://www.myneta.info/Assam2016/candidate.php?candidate_id=1028,KALIABOR,CPI,0,Graduate,"Rs 4,19,000 ~ 4 Lacs+","Rs 1,39,000 ~ 1 Lacs+"
747,1142,Pulak Ranjan Chakrabarty,https://www.myneta.info/Assam2016/candidate.php?candidate_id=1142,GAUHATI WEST,SHS,0,12th Pass,https://myneta.info/image_v2.php?myneta_folder=Assam2016&candidate_id=1142&col=ta,https://myneta.info/image_v2.php?myneta_folder=Assam2016&candidate_id=1142&col=lia
748,630,Punam Chand Sharma,https://www.myneta.info/Assam2016/candidate.php?candidate_id=630,GOALPARA EAST,National Peoples Party,0,8th Pass,"Rs 5,13,79,446 ~ 5 Crore+","Rs 57,10,001 ~ 57 Lacs+"
749,193,Purna Chetri,https://www.myneta.info/Assam2016/candidate.php?candidate_id=193,MARGHERITA,IND,0,8th Pass,"Rs 34,51,000 ~ 34 Lacs+",Rs 0 ~
750,945,Puspak Dutta,https://www.myneta.info/Assam2016/candidate.php?candidate_id=945,PATACHAR KUCHI,IND,0,12th Pass,https://myneta.info/image_v2.php?myneta_folder=Assam2016&candidate_id=945&col=ta,https://myneta.info/image_v2.php?myneta_folder=Assam2016&candidate_id=945&col=lia
751,89,Quamrul Islam,https://www.myneta.info/Assam2016/candidate.php?candidate_id=89,KARIMGANJ SOUTH,IND,0,8th Pass,"Rs 66,000 ~ 66 Thou+",Rs 0 ~
752,1134,Raaju Barman,https://www.myneta.info/Assam2016/candidate.php?candidate_id=1134,BARKHETRY,AITC,0,10th Pass,"Rs 7,52,325 ~ 7 Lacs+",Rs 0 ~
753,575,Rabin Banikya,https://www.myneta.info/Assam2016/candidate.php?candidate_id=575,ABHAYAPURI SOUTH (SC),Asom Gana Parishad,0,Graduate,https://myneta.info/image_v2.php?myneta_folder=Assam2016&candidate_id=575&col=ta,https://myneta.info/image_v2.php?myneta_folder=Assam2016&candidate_id=575&col=lia
754,125,Rabindra Basumatary,https://www.myneta.info/Assam2016/candidate.php?candidate_id=125,MAJBAT,IND,0,12th Pass,"Rs 8,00,000 ~ 8 Lacs+",Rs 0 ~
755,1117,Rabindra Biswas,https://www.myneta.info/Assam2016/candidate.php?candidate_id=1117,TAMULPUR,INC,0,10th Pass,"Rs 1,39,91,866 ~ 1 Crore+","Rs 40,00,000 ~ 40 Lacs+"
756,114,Rabiram Narzary,https://www.myneta.info/Assam2016/candidate.php?candidate_id=114,KOKRAJHAR WEST (ST),Bodoland Peoples Front,0,Graduate,https://myneta.info/image_v2.php?myneta_folder=Assam2016&candidate_id=114&col=ta,https://myneta.info/image_v2.php?myneta_folder=Assam2016&candidate_id=114&col=lia
757,1109,Radhe Shyam Chauhan,https://www.myneta.info/Assam2016/candidate.php?candidate_id=1109,KALAIGAON,IND,0,Graduate Professional,"Rs 2,28,400 ~ 2 Lacs+",Rs 0 ~
758,324,Rafique Uzzaman Laskar,https://www.myneta.info/Assam2016/candidate.php?candidate_id=324,KATIGORA,IND,0,Graduate,"Rs 36,75,341 ~ 36 Lacs+",Rs 0 ~
759,905,Rafiqul Islam,https://www.myneta.info/Assam2016/candidate.php?candidate_id=905,JANIA,AIUDF,1,Post Graduate,https://myneta.info/image_v2.php?myneta_folder=Assam2016&candidate_id=905&col=ta,https://myneta.info/image_v2.php?myneta_folder=Assam2016&candidate_id=905&col=lia
760,245,Rahim Uddin Ahmed,https://www.myneta.info/Assam2016/candidate.php?candidate_id=245,PATHARKANDI,IND,0,Graduate,"Rs 1,12,016 ~ 1 Lacs+",Rs 0 ~
761,109,Rahul Roy,https://www.myneta.info/Assam2016/candidate.php?candidate_id=109,ALGAPUR,INC,0,Post Graduate,"Rs 25,00,99,788 ~ 25 Crore+","Rs 2,98,29,296 ~ 2 Crore+"
762,1067,Rajani Kanta Nath,https://www.myneta.info/Assam2016/candidate.php?candidate_id=1067,DHING,Jai Maha Bharath Party,0,10th Pass,https://myneta.info/image_v2.php?myneta_folder=Assam2016&candidate_id=1067&col=ta,https://myneta.info/image_v2.php?myneta_folder=Assam2016&candidate_id=1067&col=lia
763,1055,Rajasree Bora,https://www.myneta.info/Assam2016/candidate.php?candidate_id=1055,BATADROBA,IND,0,Post Graduate,"Rs 1,65,69,890 ~ 1 Crore+","Rs 35,53,568 ~ 35 Lacs+"
764,161,Rajen Gogoi,https://www.myneta.info/Assam2016/candidate.php?candidate_id=161,MAHMARA,NCP,0,10th Pass,"Rs 55,100 ~ 55 Thou+",Rs 0 ~
765,821,Rajendra Mushahary,https://www.myneta.info/Assam2016/candidate.php?candidate_id=821,GOSSAIGAON,IND,0,12th Pass,https://myneta.info/image_v2.php?myneta_folder=Assam2016&candidate_id=821&col=ta,https://myneta.info/image_v2.php?myneta_folder=Assam2016&candidate_id=821&col=lia
766,527,Rajendra Prasad Singh,https://www.myneta.info/Assam2016/candidate.php?candidate_id=527,TINSUKIA,INC,0,Graduate,"Rs 3,83,32,570 ~ 3 Crore+","Rs 12,00,000 ~ 12 Lacs+"
767,546,Rajesh Karmakar,https://www.myneta.info/Assam2016/candidate.php?candidate_id=546,DOOM DOOMA,IND,0,12th Pass,"Rs 1,70,000 ~ 1 Lacs+",Rs 0 ~
768,571,Rajesh Narzary,https://www.myneta.info/Assam2016/candidate.php?candidate_id=571,KOKRAJHAR EAST (ST),IND,0,12th Pass,https://myneta.info/image_v2.php?myneta_folder=Assam2016&candidate_id=571&col=ta,https://myneta.info/image_v2.php?myneta_folder=Assam2016&candidate_id=571&col=lia
769,16,Rajesh Rajput,https://www.myneta.info/Assam2016/candidate.php?candidate_id=16,LAHOWAL,CPI,0,12th Pass,"Rs 24,27,428 ~ 24 Lacs+",Rs 0 ~
770,860,Rajeswar Rabha,https://www.myneta.info/Assam2016/candidate.php?candidate_id=860,DUDHNAI (ST),RPI(A),0,8th Pass,"Rs 27,600 ~ 27 Thou+",Rs 0 ~
771,912,Rajib Ahmed,https://www.myneta.info/Assam2016/candidate.php?candidate_id=912,BAGHBAR,IND,0,10th Pass,https://myneta.info/image_v2.php?myneta_folder=Assam2016&candidate_id=912&col=ta,https://myneta.info/image_v2.php?myneta_folder=Assam2016&candidate_id=912&col=lia
772,75,Rajib Biswas,https://www.myneta.info/Assam2016/candidate.php?candidate_id=75,RATABARI (SC),AIUDF,0,12th Pass,"Rs 36,54,557 ~ 36 Lacs+","Rs 22,91,786 ~ 22 Lacs+"
773,22,Rajib Das,https://www.myneta.info/Assam2016/candidate.php?candidate_id=22,KARIMGANJ SOUTH,IND,0,10th Pass,"Rs 1,10,238 ~ 1 Lacs+",Rs 0 ~
774,938,Rajib Das,https://www.myneta.info/Assam2016/candidate.php?candidate_id=938,BHABANIPUR,INC,0,10th Pass,https://myneta.info/image_v2.php?myneta_folder=Assam2016&candidate_id=938&col=ta,https://myneta.info/image_v2.php?myneta_folder=Assam2016&candidate_id=938&col=lia
775,987,Rajib Kokoti,https://www.myneta.info/Assam2016/candidate.php?candidate_id=987,RANGIYA,IND,0,Graduate,"Rs 1,06,88,499 ~ 1 Crore+","Rs 42,40,000 ~ 42 Lacs+"
776,413,Rajib Lochan Pegu,https://www.myneta.info/Assam2016/candidate.php?candidate_id=413,MAJULI (ST),INC,0,Post Graduate,"Rs 81,80,249 ~ 81 Lacs+","Rs 19,11,000 ~ 19 Lacs+"
777,52,Rajkumar Das,https://www.myneta.info/Assam2016/candidate.php?candidate_id=52,KATLICHERA,BJP,0,Graduate Professional,https://myneta.info/image_v2.php?myneta_folder=Assam2016&candidate_id=52&col=ta,https://myneta.info/image_v2.php?myneta_folder=Assam2016&candidate_id=52&col=lia
778,487,Rajkumar Doley,https://www.myneta.info/Assam2016/candidate.php?candidate_id=487,DHEMAJI (ST),IND,0,12th Pass,"Rs 2,08,000 ~ 2 Lacs+","Rs 22,000 ~ 22 Thou+"
779,436,Rajkumar Dowarah,https://www.myneta.info/Assam2016/candidate.php?candidate_id=436,AMGURI,AIFB,0,10th Pass,"Rs 5,30,000 ~ 5 Lacs+","Rs 2,50,000 ~ 2 Lacs+"
780,289,Raju Das,https://www.myneta.info/Assam2016/candidate.php?candidate_id=289,ALGAPUR,IND,0,12th Pass,https://myneta.info/image_v2.php?myneta_folder=Assam2016&candidate_id=289&col=ta,https://myneta.info/image_v2.php?myneta_folder=Assam2016&candidate_id=289&col=lia
781,725,Raju Deka,https://www.myneta.info/Assam2016/candidate.php?candidate_id=725,BARKHETRY,IND,0,Post Graduate,"Rs 2,93,210 ~ 2 Lacs+",Rs 0 ~
782,189,Raju Sahu,https://www.myneta.info/Assam2016/candidate.php?candidate_id=189,CHABUA,INC,0,12th Pass,"Rs 2,38,00,119 ~ 2 Crore+","Rs 48,17,247 ~ 48 Lacs+"
783,1031,Rakibul Hussain,https://www.myneta.info/Assam2016/candidate.php?candidate_id=1031,SAMAGURI,INC,0,Graduate,https://myneta.info/image_v2.php?myneta_folder=Assam2016&candidate_id=1031&col=ta,https://myneta.info/image_v2.php?myneta_folder=Assam2016&candidate_id=1031&col=lia
784,1156,Raktimava Swami,https://www.myneta.info/Assam2016/candidate.php?candidate_id=1156,GAUHATI EAST,IND,0,Graduate,"Rs 29,15,778 ~ 29 Lacs+","Rs 8,19,000 ~ 8 Lacs+"
785,533,Ram Darshan Singh,https://www.myneta.info/Assam2016/candidate.php?candidate_id=533,TINSUKIA,IND,0,10th Pass,"Rs 57,05,770 ~ 57 Lacs+","Rs 56,977 ~ 56 Thou+"
786,532,Ram Narayan Singh,https://www.myneta.info/Assam2016/candidate.php?candidate_id=532,TINSUKIA,SHS,0,Others,https://myneta.info/image_v2.php?myneta_folder=Assam2016&candidate_id=532&col=ta,https://myneta.info/image_v2.php?myneta_folder=Assam2016&candidate_id=532&col=lia
787,743,Rama Kanta Dewri,https://www.myneta.info/Assam2016/candidate.php?candidate_id=743,MARIGAON,BJP,1,10th Pass,"Rs 2,46,73,151 ~ 2 Crore+","Rs 20,18,175 ~ 20 Lacs+"
788,961,Ramani Malakar,https://www.myneta.info/Assam2016/candidate.php?candidate_id=961,HAJO,IND,0,Graduate,"Rs 3,87,20,000 ~ 3 Crore+","Rs 29,00,000 ~ 29 Lacs+"
789,553,Ramen Borgohain,https://www.myneta.info/Assam2016/candidate.php?candidate_id=553,SADIYA,IND,0,12th Pass,https://myneta.info/image_v2.php?myneta_folder=Assam2016&candidate_id=553&col=ta,https://myneta.info/image_v2.php?myneta_folder=Assam2016&candidate_id=553&col=lia
790,719,Ramen Chandra Lahkar,https://www.myneta.info/Assam2016/candidate.php?candidate_id=719,HAJO,IND,0,12th Pass,"Rs 15,51,599 ~ 15 Lacs+",Rs 0 ~
791,995,Ramen Chandra Lahkar,https://www.myneta.info/Assam2016/candidate.php?candidate_id=995,JALUKBARI,IND,0,12th Pass,"Rs 11,19,363 ~ 11 Lacs+","Rs 1,60,000 ~ 1 Lacs+"
792,977,Ramen Chandra Mahanta,https://www.myneta.info/Assam2016/candidate.php?candidate_id=977,KAMALPUR,Jai Maha Bharath Party,0,12th Pass,https://myneta.info/image_v2.php?myneta_folder=Assam2016&candidate_id=977&col=ta,https://myneta.info/image_v2.php?myneta_folder=Assam2016&candidate_id=977&col=lia
793,713,Ramendra Narayan Kalita,https://www.myneta.info/Assam2016/candidate.php?candidate_id=713,GAUHATI WEST,Asom Gana Parishad,0,Graduate Professional,"Rs 1,75,87,208 ~ 1 Crore+","Rs 3,50,000 ~ 3 Lacs+"
794,513,Ramesh Chandra Phukan,https://www.myneta.info/Assam2016/candidate.php?candidate_id=513,DULIAJAN,IND,0,12th Pass,"Rs 2,08,47,500 ~ 2 Crore+",Rs 0 ~
795,145,Rana Goswami,https://www.myneta.info/Assam2016/candidate.php?candidate_id=145,JORHAT,INC,0,Graduate,https://myneta.info/image_v2.php?myneta_folder=Assam2016&candidate_id=145&col=ta,https://myneta.info/image_v2.php?myneta_folder=Assam2016&candidate_id=145&col=lia
796,148,Ranjan Jyoti Phukon,https://www.myneta.info/Assam2016/candidate.php?candidate_id=148,TEOK,IND,0,12th Pass,"Rs 49,79,644 ~ 49 Lacs+","Rs 35,01,600 ~ 35 Lacs+"
797,357,Ranjay Basumatary,https://www.myneta.info/Assam2016/candidate.php?candidate_id=357,DHEKIAJULI,IND,0,10th Pass,"Rs 12,51,105 ~ 12 Lacs+",Rs 0 ~
798,685,Ranjeet Kumar Dass,https://www.myneta.info/Assam2016/candidate.php?candidate_id=685,SORBHOG,BJP,0,Post Graduate,https://myneta.info/image_v2.php?myneta_folder=Assam2016&candidate_id=685&col=ta,https://myneta.info/image_v2.php?myneta_folder=Assam2016&candidate_id=685&col=lia
799,412,Ranjit Doley,https://www.myneta.info/Assam2016/candidate.php?candidate_id=412,MAJULI (ST),IND,0,Graduate,"Rs 22,04,959 ~ 22 Lacs+",Rs 0 ~
800,41,Ranjit Dutta,https://www.myneta.info/Assam2016/candidate.php?candidate_id=41,BEHALI,BJP,0,12th Pass,"Rs 2,31,95,333 ~ 2 Crore+","Rs 7,30,000 ~ 7 Lacs+"
801,504,Ranjit Konwar,https://www.myneta.info/Assam2016/candidate.php?candidate_id=504,LAHOWAL,IND,0,8th Pass,https://myneta.info/image_v2.php?myneta_folder=Assam2016&candidate_id=504&col=ta,https://myneta.info/image_v2.php?myneta_folder=Assam2016&candidate_id=504&col=lia
802,1119,Ranjit Kr Biswas,https://www.myneta.info/Assam2016/candidate.php?candidate_id=1119,TAMULPUR,RPI(A),0,12th Pass,"Rs 15,10,450 ~ 15 Lacs+",Rs 0 ~
803,606,Ranjit Singh Gorh,https://www.myneta.info/Assam2016/candidate.php?candidate_id=606,DOOM DOOMA,IND,0,Graduate,"Rs 47,67,000 ~ 47 Lacs+",Rs 0 ~
804,661,Ranjoy Kumar Brahma,https://www.myneta.info/Assam2016/candidate.php?candidate_id=661,KOKRAJHAR WEST (ST),IND,0,Graduate,https://myneta.info/image_v2.php?myneta_folder=Assam2016&candidate_id=661&col=ta,https://myneta.info/image_v2.php?myneta_folder=Assam2016&candidate_id=661&col=lia
805,235,Ranju Roy,https://www.myneta.info/Assam2016/candidate.php?candidate_id=235,RATABARI (SC),IND,0,8th Pass,"Rs 2,58,866 ~ 2 Lacs+",Rs 0 ~
806,171,Rao Gajendra Singh,https://www.myneta.info/Assam2016/candidate.php?candidate_id=171,NAOBOICHA,BJP,0,Graduate,"Rs 2,33,66,570 ~ 2 Crore+","Rs 14,05,465 ~ 14 Lacs+"
807,346,Raphael Kujur,https://www.myneta.info/Assam2016/candidate.php?candidate_id=346,MAJBAT,INC,0,Graduate,https://myneta.info/image_v2.php?myneta_folder=Assam2016&candidate_id=346&col=ta,https://myneta.info/image_v2.php?myneta_folder=Assam2016&candidate_id=346&col=lia
808,644,Rasul Hoque,https://www.myneta.info/Assam2016/candidate.php?candidate_id=644,DHUBRI,IND,1,10th Pass,"Rs 43,21,642 ~ 43 Lacs+","Rs 14,97,080 ~ 14 Lacs+"
809,163,Ratan Hemrom,https://www.myneta.info/Assam2016/candidate.php?candidate_id=163,SONARI,IND,0,12th Pass,"Rs 1,41,749 ~ 1 Lacs+",Rs 0 ~
810,659,Ravi Sankar Kasireddy,https://www.myneta.info/Assam2016/candidate.php?candidate_id=659,GOSSAIGAON,AIUDF,0,Graduate,https://myneta.info/image_v2.php?myneta_folder=Assam2016&candidate_id=659&col=ta,https://myneta.info/image_v2.php?myneta_folder=Assam2016&candidate_id=659&col=lia
811,444,Raymond Kujur,https://www.myneta.info/Assam2016/candidate.php?candidate_id=444,SONARI,Jan Congress Party,0,10th Pass,"Rs 1,40,000 ~ 1 Lacs+",Rs 0 ~
812,137,Reba Kanta Gogoi,https://www.myneta.info/Assam2016/candidate.php?candidate_id=137,BOKAKHAT,IND,0,Graduate,"Rs 85,09,965 ~ 85 Lacs+",Rs 0 ~
813,732,Rejaul Hoque,https://www.myneta.info/Assam2016/candidate.php?candidate_id=732,SIPAJHAR,IND,0,10th Pass,https://myneta.info/image_v2.php?myneta_folder=Assam2016&candidate_id=732&col=ta,https://myneta.info/image_v2.php?myneta_folder=Assam2016&candidate_id=732&col=lia
814,305,Rejaul Islam Barbhuiya,https://www.myneta.info/Assam2016/candidate.php?candidate_id=305,SONAI,IND,0,12th Pass,"Rs 1,29,000 ~ 1 Lacs+",Rs 0 ~
815,910,Rejaul Karim,https://www.myneta.info/Assam2016/candidate.php?candidate_id=910,BAGHBAR,RPI,0,10th Pass,"Rs 9,47,022 ~ 9 Lacs+","Rs 3,39,250 ~ 3 Lacs+"
816,771,Rejaul Karim Chowdhury,https://www.myneta.info/Assam2016/candidate.php?candidate_id=771,JAMUNAMUKH,IND,0,10th Pass,https://myneta.info/image_v2.php?myneta_folder=Assam2016&candidate_id=771&col=ta,https://myneta.info/image_v2.php?myneta_folder=Assam2016&candidate_id=771&col=lia
817,1159,Rekha Rani Das Boro,https://www.myneta.info/Assam2016/candidate.php?candidate_id=1159,BARAMA (ST),IND,0,Post Graduate,"Rs 5,47,56,000 ~ 5 Crore+",Rs 0 ~
818,978,Rekibar Rahman,https://www.myneta.info/Assam2016/candidate.php?candidate_id=978,KAMALPUR,IND,0,12th Pass,"Rs 51,852 ~ 51 Thou+",Rs 0 ~
819,953,Rekibuddin Ahmed,https://www.myneta.info/Assam2016/candidate.php?candidate_id=953,CHAYGAON,INC,0,12th Pass,https://myneta.info/image_v2.php?myneta_folder=Assam2016&candidate_id=953&col=ta,https://myneta.info/image_v2.php?myneta_folder=Assam2016&candidate_id=953&col=lia
820,423,Renupoma Rajkhowa,https://www.myneta.info/Assam2016/candidate.php?candidate_id=423,TEOK,Asom Gana Parishad,0,12th Pass,"Rs 56,81,954 ~ 56 Lacs+","Rs 26,16,934 ~ 26 Lacs+"
821,855,Rexstar B. Sangma,https://www.myneta.info/Assam2016/candidate.php?candidate_id=855,DUDHNAI (ST),IND,0,12th Pass,"Rs 27,93,822 ~ 27 Lacs+",Rs 0 ~
822,438,Ribulaya Gogoi,https://www.myneta.info/Assam2016/candidate.php?candidate_id=438,NAZIRA,IND,0,12th Pass,https://myneta.info/image_v2.php?myneta_folder=Assam2016&candidate_id=438&col=ta,https://myneta.info/image_v2.php?myneta_folder=Assam2016&candidate_id=438&col=lia
823,123,Rihon Daimari,https://www.myneta.info/Assam2016/candidate.php?candidate_id=123,UDALGURI (ST),Bodoland Peoples Front,0,Graduate,"Rs 3,02,29,496 ~ 3 Crore+","Rs 46,47,358 ~ 46 Lacs+"
824,704,Rijumoni Gogoi,https://www.myneta.info/Assam2016/candidate.php?candidate_id=704,DISPUR,Bhartiya Rashtrawadi Party,0,Graduate,"Rs 83,64,000 ~ 83 Lacs+","Rs 12,00,000 ~ 12 Lacs+"
825,409,Rita Das,https://www.myneta.info/Assam2016/candidate.php?candidate_id=409,DERGAON (SC),IND,0,12th Pass,https://myneta.info/image_v2.php?myneta_folder=Assam2016&candidate_id=409&col=ta,https://myneta.info/image_v2.php?myneta_folder=Assam2016&candidate_id=409&col=lia
826,297,Rita Mazumder,https://www.myneta.info/Assam2016/candidate.php?candidate_id=297,SILCHAR,IND,0,10th Pass,"Rs 15,20,926 ~ 15 Lacs+",Rs 0 ~
827,502,Rituparna Baruah,https://www.myneta.info/Assam2016/candidate.php?candidate_id=502,LAHOWAL,BJP,0,Graduate Professional,"Rs 23,92,049 ~ 23 Lacs+","Rs 1,90,000 ~ 1 Lacs+"
828,526,Robin Chandra Kachari,https://www.myneta.info/Assam2016/candidate.php?candidate_id=526,CHABUA,IND,0,12th Pass,https://myneta.info/image_v2.php?myneta_folder=Assam2016&candidate_id=526&col=ta,https://myneta.info/image_v2.php?myneta_folder=Assam2016&candidate_id=526&col=lia
829,399,Roselina Tirkey,https://www.myneta.info/Assam2016/candidate.php?candidate_id=399,SARUPATHAR,INC,0,Post Graduate,"Rs 25,46,913 ~ 25 Lacs+","Rs 4,83,849 ~ 4 Lacs+"
830,130,Royal Soreng,https://www.myneta.info/Assam2016/candidate.php?candidate_id=130,RANGAPARA,CPI(M),1,8th Pass,"Rs 4,10,000 ~ 4 Lacs+",Rs 0 ~
831,496,Rubul Buragohain,https://www.myneta.info/Assam2016/candidate.php?candidate_id=496,MORAN,IND,0,10th Pass,https://myneta.info/image_v2.php?myneta_folder=Assam2016&candidate_id=496&col=ta,https://myneta.info/image_v2.php?myneta_folder=Assam2016&candidate_id=496&col=lia
832,626,Ruhit Basumatary,https://www.myneta.info/Assam2016/candidate.php?candidate_id=626,SARUPATHAR,IND,0,Graduate,"Rs 2,70,000 ~ 2 Lacs+",Rs 0 ~
833,775,Rukunur Zaman,https://www.myneta.info/Assam2016/candidate.php?candidate_id=775,MANKACHAR,IND,0,8th Pass,"Rs 27,27,555 ~ 27 Lacs+","Rs 6,49,250 ~ 6 Lacs+"
834,387,Rupak Sarma,https://www.myneta.info/Assam2016/candidate.php?candidate_id=387,BEHALI,INC,0,Graduate,https://myneta.info/image_v2.php?myneta_folder=Assam2016&candidate_id=387&col=ta,https://myneta.info/image_v2.php?myneta_folder=Assam2016&candidate_id=387&col=lia
835,756,Rupak Sarmah,https://www.myneta.info/Assam2016/candidate.php?candidate_id=756,NOWGONG,BJP,0,Graduate,"Rs 4,97,06,122 ~ 4 Crore+","Rs 64,41,852 ~ 64 Lacs+"
836,420,Rupjyoti Kurmi,https://www.myneta.info/Assam2016/candidate.php?candidate_id=420,MARIANI,INC,0,12th Pass,"Rs 87,86,977 ~ 87 Lacs+","Rs 4,37,494 ~ 4 Lacs+"
837,288,Rupu Deb,https://www.myneta.info/Assam2016/candidate.php?candidate_id=288,ALGAPUR,IND,0,8th Pass,https://myneta.info/image_v2.php?myneta_folder=Assam2016&candidate_id=288&col=ta,https://myneta.info/image_v2.php?myneta_folder=Assam2016&candidate_id=288&col=lia
838,671,Rwngwra Narzary,https://www.myneta.info/Assam2016/candidate.php?candidate_id=671,SIDLI (ST),IND,0,Graduate,"Rs 58,17,219 ~ 58 Lacs+","Rs 2,80,000 ~ 2 Lacs+"
839,806,Sabana Aktar,https://www.myneta.info/Assam2016/candidate.php?candidate_id=806,BILASIPARA WEST,INC,0,Graduate,"Rs 42,53,905 ~ 42 Lacs+",Rs 0 ~
840,263,Sabir Ahmed,https://www.myneta.info/Assam2016/candidate.php?candidate_id=263,KARIMGANJ SOUTH,IND,0,8th Pass,https://myneta.info/image_v2.php?myneta_folder=Assam2016&candidate_id=263&col=ta,https://myneta.info/image_v2.php?myneta_folder=Assam2016&candidate_id=263&col=lia
841,260,Sad Uddin,https://www.myneta.info/Assam2016/candidate.php?candidate_id=260,KARIMGANJ SOUTH,IND,0,5th Pass,"Rs 45,500 ~ 45 Thou+",Rs 0 ~
842,523,Sadananda Das,https://www.myneta.info/Assam2016/candidate.php?candidate_id=523,NAHARKATIA,Jan Congress Party,0,10th Pass,"Rs 1,10,700 ~ 1 Lacs+",Rs 0 ~
843,996,Sadek Ali,https://www.myneta.info/Assam2016/candidate.php?candidate_id=996,JALUKBARI,AITC,0,10th Pass,https://myneta.info/image_v2.php?myneta_folder=Assam2016&candidate_id=996&col=ta,https://myneta.info/image_v2.php?myneta_folder=Assam2016&candidate_id=996&col=lia
844,227,Sadik Hussain Barlaskar,https://www.myneta.info/Assam2016/candidate.php?candidate_id=227,UDHARBOND,IND,0,10th Pass,"Rs 2,64,338 ~ 2 Lacs+",Rs 0 ~
845,799,Safer Ali Ahmed,https://www.myneta.info/Assam2016/candidate.php?candidate_id=799,GOLAKGANJ,AIUDF,0,Graduate,"Rs 4,12,11,150 ~ 4 Crore+",Rs 0 ~
846,883,Sahab Uddin Ahmed,https://www.myneta.info/Assam2016/candidate.php?candidate_id=883,JALESWAR,AIUDF,0,Graduate,https://myneta.info/image_v2.php?myneta_folder=Assam2016&candidate_id=883&col=ta,https://myneta.info/image_v2.php?myneta_folder=Assam2016&candidate_id=883&col=lia
847,253,Sahabul Islam Choudhury,https://www.myneta.info/Assam2016/candidate.php?candidate_id=253,KARIMGANJ NORTH,AIUDF,1,Post Graduate,"Rs 2,82,93,503 ~ 2 Crore+","Rs 1,07,06,625 ~ 1 Crore+"
848,265,Sahajan Ahmed,https://www.myneta.info/Assam2016/candidate.php?candidate_id=265,KARIMGANJ SOUTH,IND,0,Literate,"Rs 17,000 ~ 17 Thou+",Rs 0 ~
849,200,Saharujjaman Laskar,https://www.myneta.info/Assam2016/candidate.php?candidate_id=200,HAILAKANDI,IND,0,12th Pass,https://myneta.info/image_v2.php?myneta_folder=Assam2016&candidate_id=200&col=ta,https://myneta.info/image_v2.php?myneta_folder=Assam2016&candidate_id=200&col=lia
850,468,Saheba Ahmed,https://www.myneta.info/Assam2016/candidate.php?candidate_id=468,NAOBOICHA,IND,0,Graduate Professional,"Rs 87,68,035 ~ 87 Lacs+",Rs 0 ~
851,285,Sahidul Islam Laskar,https://www.myneta.info/Assam2016/candidate.php?candidate_id=285,ALGAPUR,SP,0,Graduate Professional,"Rs 22,86,603 ~ 22 Lacs+",Rs 0 ~
852,222,Sahin Ahmed Choudhury,https://www.myneta.info/Assam2016/candidate.php?candidate_id=222,SILCHAR,SP,0,10th Pass,https://myneta.info/image_v2.php?myneta_folder=Assam2016&candidate_id=222&col=ta,https://myneta.info/image_v2.php?myneta_folder=Assam2016&candidate_id=222&col=lia
853,405,Sahjahan Ali,https://www.myneta.info/Assam2016/candidate.php?candidate_id=405,KHUMTAI,AIUDF,0,12th Pass,"Rs 36,17,346 ~ 36 Lacs+","Rs 2,11,000 ~ 2 Lacs+"
854,980,Saidur Rahman,https://www.myneta.info/Assam2016/candidate.php?candidate_id=980,KAMALPUR,IND,0,10th Pass,"Rs 40,00,000 ~ 40 Lacs+",Rs 0 ~
855,652,Saiful Islam,https://www.myneta.info/Assam2016/candidate.php?candidate_id=652,BILASIPARA WEST,IND,0,Post Graduate,https://myneta.info/image_v2.php?myneta_folder=Assam2016&candidate_id=652&col=ta,https://myneta.info/image_v2.php?myneta_folder=Assam2016&candidate_id=652&col=lia
856,943,Sailen Kalita,https://www.myneta.info/Assam2016/candidate.php?candidate_id=943,PATACHAR KUCHI,INC,0,Graduate,"Rs 18,12,444 ~ 18 Lacs+",Rs 0 ~
857,178,Sailen Sonowal,https://www.myneta.info/Assam2016/candidate.php?candidate_id=178,DHEMAJI (ST),IND,1,Graduate,"Rs 2,39,65,245 ~ 2 Crore+","Rs 2,44,800 ~ 2 Lacs+"
858,296,Saleh Ahmed Mazumder,https://www.myneta.info/Assam2016/candidate.php?candidate_id=296,ALGAPUR,IND,0,8th Pass,https://myneta.info/image_v2.php?myneta_folder=Assam2016&candidate_id=296&col=ta,https://myneta.info/image_v2.php?myneta_folder=Assam2016&candidate_id=296&col=lia
859,65,Saleh Ahmed Talukdar,https://www.myneta.info/Assam2016/candidate.php?candidate_id=65,KATIGORA,IND,0,Others,"Rs 2,14,178 ~ 2 Lacs+",Rs 0 ~
860,259,Salim Uddin,https://www.myneta.info/Assam2016/candidate.php?candidate_id=259,KARIMGANJ SOUTH,IND,0,10th Pass,"Rs 82,240 ~ 82 Thou+",Rs 0 ~
861,295,Samim Ahmed Choudhury,https://www.myneta.info/Assam2016/candidate.php?candidate_id=295,ALGAPUR,IND,0,10th Pass,https://myneta.info/image_v2.php?myneta_folder=Assam2016&candidate_id=295&col=ta,https://myneta.info/image_v2.php?myneta_folder=Assam2016&candidate_id=295&col=lia
862,104,Samir Uddin Laskar,https://www.myneta.info/Assam2016/candidate.php?candidate_id=104,HAILAKANDI,SP,0,Post Graduate,"Rs 72,80,000 ~ 72 Lacs+",Rs 0 ~
863,989,Samsul Haque,https://www.myneta.info/Assam2016/candidate.php?candidate_id=989,RANGIYA,IND,0,12th Pass,"Rs 2,88,02,519 ~ 2 Crore+","Rs 44,23,662 ~ 44 Lacs+"
864,846,Samsul Hoque,https://www.myneta.info/Assam2016/candidate.php?candidate_id=846,ABHAYAPURI NORTH,IND,0,8th Pass,https://myneta.info/image_v2.php?myneta_folder=Assam2016&candidate_id=846&col=ta,https://myneta.info/image_v2.php?myneta_folder=Assam2016&candidate_id=846&col=lia
865,686,Samsul Hoque,https://www.myneta.info/Assam2016/candidate.php?candidate_id=686,SORBHOG,AIUDF,0,10th Pass,"Rs 40,63,972 ~ 40 Lacs+",Rs 0 ~
866,318,Samujjal Das,https://www.myneta.info/Assam2016/candidate.php?candidate_id=318,KATIGORA,IND,0,8th Pass,"Rs 7,86,000 ~ 7 Lacs+",Rs 0 ~
867,586,Sangita Das,https://www.myneta.info/Assam2016/candidate.php?candidate_id=586,DISPUR,CPI(M),0,Post Graduate,https://myneta.info/image_v2.php?myneta_folder=Assam2016&candidate_id=586&col=ta,https://myneta.info/image_v2.php?myneta_folder=Assam2016&candidate_id=586&col=lia
868,621,Sanjay Kemprai,https://www.myneta.info/Assam2016/candidate.php?candidate_id=621,BOKAJAN (ST),IND,0,10th Pass,"Rs 1,24,000 ~ 1 Lacs+",Rs 0 ~
869,687,Sanjay Kumar Das,https://www.myneta.info/Assam2016/candidate.php?candidate_id=687,BARPETA,IND,0,Post Graduate,"Rs 77,072 ~ 77 Thou+",Rs 0 ~
870,219,Sanjay Kumar Thakur,https://www.myneta.info/Assam2016/candidate.php?candidate_id=219,LAKHIPUR,IND,0,Graduate Professional,https://myneta.info/image_v2.php?myneta_folder=Assam2016&candidate_id=219&col=ta,https://myneta.info/image_v2.php?myneta_folder=Assam2016&candidate_id=219&col=lia
871,170,Sanjay Raj Subba,https://www.myneta.info/Assam2016/candidate.php?candidate_id=170,NAOBOICHA,INC,0,8th Pass,"Rs 13,86,24,704 ~ 13 Crore+","Rs 1,78,62,678 ~ 1 Crore+"
872,411,Sanjeeb Rajkhowa,https://www.myneta.info/Assam2016/candidate.php?candidate_id=411,JORHAT,AIUDF,0,Graduate Professional,"Rs 9,52,551 ~ 9 Lacs+","Rs 16,512 ~ 16 Thou+"
873,308,Sanjib Kumar Das,https://www.myneta.info/Assam2016/candidate.php?candidate_id=308,SONAI,IND,0,8th Pass,https://myneta.info/image_v2.php?myneta_folder=Assam2016&candidate_id=308&col=ta,https://myneta.info/image_v2.php?myneta_folder=Assam2016&candidate_id=308&col=lia
874,528,Sanjoy Kishan,https://www.myneta.info/Assam2016/candidate.php?candidate_id=528,TINSUKIA,BJP,0,10th Pass,"Rs 20,14,820 ~ 20 Lacs+",Rs 0 ~
875,237,Sanjoy Kumar Mallah,https://www.myneta.info/Assam2016/candidate.php?candidate_id=237,RATABARI (SC),IND,0,8th Pass,"Rs 71,600 ~ 71 Thou+",Rs 0 ~
876,203,Sankar Chakraborty,https://www.myneta.info/Assam2016/candidate.php?candidate_id=203,HAILAKANDI,IND,0,10th Pass,https://myneta.info/image_v2.php?myneta_folder=Assam2016&candidate_id=203&col=ta,https://myneta.info/image_v2.php?myneta_folder=Assam2016&candidate_id=203&col=lia
877,1130,Sankar Talukdar,https://www.myneta.info/Assam2016/candidate.php?candidate_id=1130,DHARMAPUR,Rashtriya Jankranti Party,0,Graduate,"Rs 5,90,538 ~ 5 Lacs+","Rs 3,28,000 ~ 3 Lacs+"
878,307,Santosh Das,https://www.myneta.info/Assam2016/candidate.php?candidate_id=307,SONAI,IND,0,8th Pass,"Rs 9,22,500 ~ 9 Lacs+",Rs 0 ~
879,837,Santosh Khakhlary,https://www.myneta.info/Assam2016/candidate.php?candidate_id=837,BIJNI,IND,0,Post Graduate,https://myneta.info/image_v2.php?myneta_folder=Assam2016&candidate_id=837&col=ta,https://myneta.info/image_v2.php?myneta_folder=Assam2016&candidate_id=837&col=lia
880,344,Santosh Modahi,https://www.myneta.info/Assam2016/candidate.php?candidate_id=344,UDALGURI (ST),IND,0,10th Pass,"Rs 60,000 ~ 60 Thou+",Rs 0 ~
881,349,Sapna Daimari,https://www.myneta.info/Assam2016/candidate.php?candidate_id=349,MAJBAT,IND,0,12th Pass,"Rs 32,98,294 ~ 32 Lacs+",Rs 0 ~
882,446,Sarat Barkataky,https://www.myneta.info/Assam2016/candidate.php?candidate_id=446,SONARI,INC,0,Graduate Professional,https://myneta.info/image_v2.php?myneta_folder=Assam2016&candidate_id=446&col=ta,https://myneta.info/image_v2.php?myneta_folder=Assam2016&candidate_id=446&col=lia
883,736,Sarat Chandra Sarma,https://www.myneta.info/Assam2016/candidate.php?candidate_id=736,SIPAJHAR,IND,0,12th Pass,"Rs 26,41,200 ~ 26 Lacs+",Rs 0 ~
884,46,Sarbananda Sonowal,https://www.myneta.info/Assam2016/candidate.php?candidate_id=46,MAJULI (ST),BJP,0,Graduate Professional,"Rs 1,85,44,919 ~ 1 Crore+","Rs 2,92,000 ~ 2 Lacs+"
885,550,Sarfaraz Alam,https://www.myneta.info/Assam2016/candidate.php?candidate_id=550,DOOM DOOMA,IND,0,8th Pass,https://myneta.info/image_v2.php?myneta_folder=Assam2016&candidate_id=550&col=ta,https://myneta.info/image_v2.php?myneta_folder=Assam2016&candidate_id=550&col=lia
886,262,Sarif Uddin,https://www.myneta.info/Assam2016/candidate.php?candidate_id=262,KARIMGANJ SOUTH,IND,0,5th Pass,"Rs 68,000 ~ 68 Thou+",Rs 0 ~
887,1085,Sarifuddin Ahmed,https://www.myneta.info/Assam2016/candidate.php?candidate_id=1085,DALGAON,IND,0,Graduate,"Rs 2,50,000 ~ 2 Lacs+",Rs 0 ~
888,1069,Sashi Kanta Das,https://www.myneta.info/Assam2016/candidate.php?candidate_id=1069,RAHA (SC),INC,0,12th Pass,https://myneta.info/image_v2.php?myneta_folder=Assam2016&candidate_id=1069&col=ta,https://myneta.info/image_v2.php?myneta_folder=Assam2016&candidate_id=1069&col=lia
889,180,Satho Basumatary,https://www.myneta.info/Assam2016/candidate.php?candidate_id=180,JONAI (ST),IND,0,8th Pass,"Rs 12,33,33,335 ~ 12 Crore+","Rs 5,29,42,456 ~ 5 Crore+"
890,355,Satrughna Sasoni,https://www.myneta.info/Assam2016/candidate.php?candidate_id=355,DHEKIAJULI,IND,0,10th Pass,"Rs 9,44,803 ~ 9 Lacs+","Rs 2,00,000 ~ 2 Lacs+"
891,622,Satya Dev Sahu,https://www.myneta.info/Assam2016/candidate.php?candidate_id=622,SARUPATHAR,AIUDF,0,12th Pass,https://myneta.info/image_v2.php?myneta_folder=Assam2016&candidate_id=622&col=ta,https://myneta.info/image_v2.php?myneta_folder=Assam2016&candidate_id=622&col=lia
892,971,Satyabrat Kalita,https://www.myneta.info/Assam2016/candidate.php?candidate_id=971,KAMALPUR,Asom Gana Parishad,0,Post Graduate,"Rs 38,33,736 ~ 38 Lacs+",Rs 0 ~
893,932,Satyacharan Arjya,https://www.myneta.info/Assam2016/candidate.php?candidate_id=932,BHABANIPUR,RPI(A),0,10th Pass,"Rs 12,79,400 ~ 12 Lacs+",Rs 0 ~
894,232,Satyendra Namasudra,https://www.myneta.info/Assam2016/candidate.php?candidate_id=232,RATABARI (SC),SUCI(C),0,Graduate,https://myneta.info/image_v2.php?myneta_folder=Assam2016&candidate_id=232&col=ta,https://myneta.info/image_v2.php?myneta_folder=Assam2016&candidate_id=232&col=lia
895,99,Sazidul Hoque,https://www.myneta.info/Assam2016/candidate.php?candidate_id=99,BADARPUR,IND,0,12th Pass,"Rs 61,500 ~ 61 Thou+",Rs 0 ~
896,20,Setul Chandra Namasudra,https://www.myneta.info/Assam2016/candidate.php?candidate_id=20,RATABARI (SC),IND,0,10th Pass,"Rs 2,39,571 ~ 2 Lacs+",Rs 0 ~
897,634,Shadeed Mazumder,https://www.myneta.info/Assam2016/candidate.php?candidate_id=634,GOALPARA EAST,AIUDF,0,12th Pass,https://myneta.info/image_v2.php?myneta_folder=Assam2016&candidate_id=634&col=ta,https://myneta.info/image_v2.php?myneta_folder=Assam2016&candidate_id=634&col=lia
898,927,Shafikul Hoque,https://www.myneta.info/Assam2016/candidate.php?candidate_id=927,CHENGA,AITC,0,10th Pass,"Rs 2,69,661 ~ 2 Lacs+",Rs 0 ~
899,1021,Shamal Das,https://www.myneta.info/Assam2016/candidate.php?candidate_id=1021,JAMUNAMUKH,IND,0,10th Pass,"Rs 10,804 ~ 10 Thou+",Rs 0 ~
900,842,Shankar Prasad Ray,https://www.myneta.info/Assam2016/candidate.php?candidate_id=842,BONGAIGAON,INC,0,Post Graduate,https://myneta.info/image_v2.php?myneta_folder=Assam2016&candidate_id=842&col=ta,https://myneta.info/image_v2.php?myneta_folder=Assam2016&candidate_id=842&col=lia
901,1042,Shantana Mahato,https://www.myneta.info/Assam2016/candidate.php?candidate_id=1042,NOWGONG,IND,0,12th Pass,"Rs 44,375 ~ 44 Thou+",Rs 0 ~
902,762,Shariful Islam Siddique,https://www.myneta.info/Assam2016/candidate.php?candidate_id=762,BARHAMPUR,AIUDF,0,Graduate,"Rs 45,77,000 ~ 45 Lacs+","Rs 10,29,669 ~ 10 Lacs+"
903,691,Sheikh Abdul Hamid,https://www.myneta.info/Assam2016/candidate.php?candidate_id=691,BAGHBAR,AIUDF,0,Post Graduate,https://myneta.info/image_v2.php?myneta_folder=Assam2016&candidate_id=691&col=ta,https://myneta.info/image_v2.php?myneta_folder=Assam2016&candidate_id=691&col=lia
904,804,Sheikh Monshur Rahman,https://www.myneta.info/Assam2016/candidate.php?candidate_id=804,BILASIPARA WEST,IND,0,Graduate,"Rs 15,45,500 ~ 15 Lacs+",Rs 0 ~
905,875,Sheikh Shah Alam,https://www.myneta.info/Assam2016/candidate.php?candidate_id=875,GOALPARA WEST,AIUDF,0,Graduate,"Rs 55,38,672 ~ 55 Lacs+",Rs 0 ~
906,908,Sherman Ali Ahmed,https://www.myneta.info/Assam2016/candidate.php?candidate_id=908,BAGHBAR,INC,0,Graduate,https://myneta.info/image_v2.php?myneta_folder=Assam2016&candidate_id=908&col=ta,https://myneta.info/image_v2.php?myneta_folder=Assam2016&candidate_id=908&col=lia
907,772,Shiladitya Dev,https://www.myneta.info/Assam2016/candidate.php?candidate_id=772,HOJAI,BJP,2,Graduate,"Rs 1,59,84,920 ~ 1 Crore+","Rs 1,00,000 ~ 1 Lacs+"
908,779,Shiraj Hussain,https://www.myneta.info/Assam2016/candidate.php?candidate_id=779,SALMARA SOUTH,BJP,0,12th Pass,"Rs 17,49,000 ~ 17 Lacs+",Rs 0 ~
909,112,Shri Amar Chand Jain,https://www.myneta.info/Assam2016/candidate.php?candidate_id=112,KATIGORA,BJP,0,10th Pass,https://myneta.info/image_v2.php?myneta_folder=Assam2016&candidate_id=112&col=ta,https://myneta.info/image_v2.php?myneta_folder=Assam2016&candidate_id=112&col=lia
910,1088,Shri Arjun Ch. Das,https://www.myneta.info/Assam2016/candidate.php?candidate_id=1088,MANGALDOI (SC),IND,0,Graduate,"Rs 27,69,703 ~ 27 Lacs+","Rs 1,48,651 ~ 1 Lacs+"
911,1076,Shri Bibekananda Dalai,https://www.myneta.info/Assam2016/candidate.php?candidate_id=1076,JAGIROAD (SC),INC,0,12th Pass,"Rs 1,32,42,560 ~ 1 Crore+","Rs 17,65,580 ~ 17 Lacs+"
912,1077,Shri Dilip Das,https://www.myneta.info/Assam2016/candidate.php?candidate_id=1077,JAGIROAD (SC),AITC,0,5th Pass,https://myneta.info/image_v2.php?myneta_folder=Assam2016&candidate_id=1077&col=ta,https://myneta.info/image_v2.php?myneta_folder=Assam2016&candidate_id=1077&col=lia
913,747,Shri Jadumoni Patar,https://www.myneta.info/Assam2016/candidate.php?candidate_id=747,LAHARIGHAT,Asom Gana Parishad,0,12th Pass,"Rs 13,36,159 ~ 13 Lacs+",Rs 0 ~
914,745,Shri Munin Mahanta,https://www.myneta.info/Assam2016/candidate.php?candidate_id=745,MARIGAON,CPI,0,Graduate,"Rs 34,91,000 ~ 34 Lacs+","Rs 25,75,000 ~ 25 Lacs+"
915,1075,"Shri Putul Das	",https://www.myneta.info/Assam2016/candidate.php?candidate_id=1075,JAGIROAD (SC),AIUDF,1,Graduate,https://myneta.info/image_v2.php?myneta_folder=Assam2016&candidate_id=1075&col=ta,https://myneta.info/image_v2.php?myneta_folder=Assam2016&candidate_id=1075&col=lia
916,1072,Shri Rabindra Nath Biswas,https://www.myneta.info/Assam2016/candidate.php?candidate_id=1072,LAHARIGHAT,IND,0,12th Pass,"Rs 4,09,236 ~ 4 Lacs+",Rs 0 ~
917,744,Shri Ramen Nath,https://www.myneta.info/Assam2016/candidate.php?candidate_id=744,MARIGAON,IND,1,10th Pass,"Rs 1,16,00,000 ~ 1 Crore+","Rs 12,00,000 ~ 12 Lacs+"
918,1071,Shri Ranjit Kumar Deka,https://www.myneta.info/Assam2016/candidate.php?candidate_id=1071,LAHARIGHAT,IND,0,12th Pass,https://myneta.info/image_v2.php?myneta_folder=Assam2016&candidate_id=1071&col=ta,https://myneta.info/image_v2.php?myneta_folder=Assam2016&candidate_id=1071&col=lia
919,1078,Shri Sukanta Mazumdar,https://www.myneta.info/Assam2016/candidate.php?candidate_id=1078,JAGIROAD (SC),Bharatiya Gana Parishad,0,12th Pass,"Rs 4,00,305 ~ 4 Lacs+","Rs 68,142 ~ 68 Thou+"
920,1079,Shri Surjya Kumar Das,https://www.myneta.info/Assam2016/candidate.php?candidate_id=1079,JAGIROAD (SC),Liberal Democratic Party,0,Graduate,"Rs 20,000 ~ 20 Thou+",Rs 0 ~
921,223,Shri. Shuvadip Dutta,https://www.myneta.info/Assam2016/candidate.php?candidate_id=223,SILCHAR,IND,0,12th Pass,https://myneta.info/image_v2.php?myneta_folder=Assam2016&candidate_id=223&col=ta,https://myneta.info/image_v2.php?myneta_folder=Assam2016&candidate_id=223&col=lia
922,557,Shrikumar Dohutia,https://www.myneta.info/Assam2016/candidate.php?candidate_id=557,SADIYA,IND,0,Post Graduate,"Rs 10,49,640 ~ 10 Lacs+",Rs 0 ~
923,71,Shristi Sarma,https://www.myneta.info/Assam2016/candidate.php?candidate_id=71,NALBARI,IND,0,12th Pass,"Rs 15,96,50,786 ~ 15 Crore+","Rs 1,77,85,363 ~ 1 Crore+"
924,858,Sibcharan Basumatary,https://www.myneta.info/Assam2016/candidate.php?candidate_id=858,DUDHNAI (ST),INC,0,10th Pass,https://myneta.info/image_v2.php?myneta_folder=Assam2016&candidate_id=858&col=ta,https://myneta.info/image_v2.php?myneta_folder=Assam2016&candidate_id=858&col=lia
925,79,Sibir Ahmed,https://www.myneta.info/Assam2016/candidate.php?candidate_id=79,KARIMGANJ NORTH,IND,0,8th Pass,"Rs 1,55,500 ~ 1 Lacs+",Rs 0 ~
926,773,Sibu Misra,https://www.myneta.info/Assam2016/candidate.php?candidate_id=773,LUMDING,BJP,0,10th Pass,"Rs 11,75,609 ~ 11 Lacs+",Rs 0 ~
927,26,Siddeque Ahmed,https://www.myneta.info/Assam2016/candidate.php?candidate_id=26,KARIMGANJ SOUTH,INC,2,10th Pass,https://myneta.info/image_v2.php?myneta_folder=Assam2016&candidate_id=26&col=ta,https://myneta.info/image_v2.php?myneta_folder=Assam2016&candidate_id=26&col=lia
928,708,Siddhartha Bhattacharya,https://www.myneta.info/Assam2016/candidate.php?candidate_id=708,GAUHATI EAST,BJP,0,Post Graduate,"Rs 3,31,65,587 ~ 3 Crore+","Rs 30,03,269 ~ 30 Lacs+"
929,748,Siddique Ahmed,https://www.myneta.info/Assam2016/candidate.php?candidate_id=748,LAHARIGHAT,AIUDF,0,10th Pass,"Rs 30,50,057 ~ 30 Lacs+",Rs 0 ~
930,815,Siddique Hussein,https://www.myneta.info/Assam2016/candidate.php?candidate_id=815,BILASIPARA EAST,IND,0,5th Pass,https://myneta.info/image_v2.php?myneta_folder=Assam2016&candidate_id=815&col=ta,https://myneta.info/image_v2.php?myneta_folder=Assam2016&candidate_id=815&col=lia
931,168,Simanta Baruah,https://www.myneta.info/Assam2016/candidate.php?candidate_id=168,NAOBOICHA,IND,0,12th Pass,"Rs 31,48,100 ~ 31 Lacs+",Rs 0 ~
932,95,Sipra Goon,https://www.myneta.info/Assam2016/candidate.php?candidate_id=95,KARIMGANJ SOUTH,BJP,0,Graduate,"Rs 9,99,276 ~ 9 Lacs+",Rs 0 ~
933,972,Sisir Kumar Kakati,https://www.myneta.info/Assam2016/candidate.php?candidate_id=972,KAMALPUR,SUCI(C),0,Graduate,https://myneta.info/image_v2.php?myneta_folder=Assam2016&candidate_id=972&col=ta,https://myneta.info/image_v2.php?myneta_folder=Assam2016&candidate_id=972&col=lia
934,221,Smt. Bithika Dev,https://www.myneta.info/Assam2016/candidate.php?candidate_id=221,SILCHAR,INC,1,12th Pass,"Rs 9,59,01,855 ~ 9 Crore+","Rs 4,00,000 ~ 4 Lacs+"
935,1080,Smt. Mamani Das,https://www.myneta.info/Assam2016/candidate.php?candidate_id=1080,JAGIROAD (SC),IND,0,Graduate,"Rs 3,30,925 ~ 3 Lacs+",Rs 0 ~
936,900,Sohrab Hussain,https://www.myneta.info/Assam2016/candidate.php?candidate_id=900,BARPETA,IND,0,12th Pass,https://myneta.info/image_v2.php?myneta_folder=Assam2016&candidate_id=900&col=ta,https://myneta.info/image_v2.php?myneta_folder=Assam2016&candidate_id=900&col=lia
937,862,Soleman Ali,https://www.myneta.info/Assam2016/candidate.php?candidate_id=862,GOALPARA EAST,Bhartiya Rashtrawadi Party,0,12th Pass,"Rs 21,248 ~ 21 Thou+",Rs 0 ~
938,266,Solmon Shaikh,https://www.myneta.info/Assam2016/candidate.php?candidate_id=266,BADARPUR,IND,0,Graduate,"Rs 63,110 ~ 63 Thou+",Rs 0 ~
939,507,Sombhulal Sabor,https://www.myneta.info/Assam2016/candidate.php?candidate_id=507,LAHOWAL,IND,0,10th Pass,https://myneta.info/image_v2.php?myneta_folder=Assam2016&candidate_id=507&col=ta,https://myneta.info/image_v2.php?myneta_folder=Assam2016&candidate_id=507&col=lia
940,658,Somnath Narzary,https://www.myneta.info/Assam2016/candidate.php?candidate_id=658,GOSSAIGAON,IND,0,Post Graduate,"Rs 3,42,506 ~ 3 Lacs+",Rs 0 ~
941,758,Sona Ram Bora,https://www.myneta.info/Assam2016/candidate.php?candidate_id=758,BARHAMPUR,SUCI(C),0,8th Pass,"Rs 18,75,500 ~ 18 Lacs+",Rs 0 ~
942,640,Sopiar Rahman,https://www.myneta.info/Assam2016/candidate.php?candidate_id=640,DHUBRI,CPI(M),0,Post Graduate,https://myneta.info/image_v2.php?myneta_folder=Assam2016&candidate_id=640&col=ta,https://myneta.info/image_v2.php?myneta_folder=Assam2016&candidate_id=640&col=lia
943,279,Soumyajit Dutta Choudhury,https://www.myneta.info/Assam2016/candidate.php?candidate_id=279,HAILAKANDI,BJP,0,12th Pass,"Rs 1,71,256 ~ 1 Lacs+",Rs 0 ~
944,1112,Sri Aroon Barooa,https://www.myneta.info/Assam2016/candidate.php?candidate_id=1112,KALAIGAON,New All India Congress Party,0,Post Graduate,"Rs 7,32,083 ~ 7 Lacs+",Rs 0 ~
945,74,Sri Arup Kumar Mahanta,https://www.myneta.info/Assam2016/candidate.php?candidate_id=74,BATADROBA,CPI(ML)(L),0,Graduate,https://myneta.info/image_v2.php?myneta_folder=Assam2016&candidate_id=74&col=ta,https://myneta.info/image_v2.php?myneta_folder=Assam2016&candidate_id=74&col=lia
946,1101,Sri Babul Basumatary,https://www.myneta.info/Assam2016/candidate.php?candidate_id=1101,KALAIGAON,IND,0,Post Graduate,"Rs 17,74,583 ~ 17 Lacs+",Rs 0 ~
947,1086,Sri Basanta Das,https://www.myneta.info/Assam2016/candidate.php?candidate_id=1086,MANGALDOI (SC),INC,0,Graduate,"Rs 2,51,81,711 ~ 2 Crore+","Rs 55,46,641 ~ 55 Lacs+"
948,1089,Sri Bhupen Chandra Das,https://www.myneta.info/Assam2016/candidate.php?candidate_id=1089,MANGALDOI (SC),LJP,0,Graduate,https://myneta.info/image_v2.php?myneta_folder=Assam2016&candidate_id=1089&col=ta,https://myneta.info/image_v2.php?myneta_folder=Assam2016&candidate_id=1089&col=lia
949,1111,Sri Bijoy Das,https://www.myneta.info/Assam2016/candidate.php?candidate_id=1111,KALAIGAON,IND,0,10th Pass,"Rs 5,000 ~ 5 Thou+",Rs 0 ~
950,754,Sri Biju Boro,https://www.myneta.info/Assam2016/candidate.php?candidate_id=754,RUPOHIHAT,IND,0,10th Pass,"Rs 19,20,000 ~ 19 Lacs+",Rs 0 ~
951,1032,Sri Chitta Ranjan Paul,https://www.myneta.info/Assam2016/candidate.php?candidate_id=1032,SAMAGURI,IND,0,10th Pass,https://myneta.info/image_v2.php?myneta_folder=Assam2016&candidate_id=1032&col=ta,https://myneta.info/image_v2.php?myneta_folder=Assam2016&candidate_id=1032&col=lia
952,54,Sri Dilip Kumar Paul,https://www.myneta.info/Assam2016/candidate.php?candidate_id=54,SILCHAR,BJP,0,Graduate,"Rs 1,04,96,380 ~ 1 Crore+","Rs 7,31,189 ~ 7 Lacs+"
953,869,Sri Elbarth Marak,https://www.myneta.info/Assam2016/candidate.php?candidate_id=869,GOALPARA EAST,AITC,0,8th Pass,"Rs 11,45,267 ~ 11 Lacs+",Rs 0 ~
954,214,Sri Girindra Mallik,https://www.myneta.info/Assam2016/candidate.php?candidate_id=214,DHOLAI (SC),INC,0,Graduate Professional,https://myneta.info/image_v2.php?myneta_folder=Assam2016&candidate_id=214&col=ta,https://myneta.info/image_v2.php?myneta_folder=Assam2016&candidate_id=214&col=lia
955,1106,Sri Gopal Sarkar,https://www.myneta.info/Assam2016/candidate.php?candidate_id=1106,KALAIGAON,IND,0,10th Pass,"Rs 10,34,007 ~ 10 Lacs+",Rs 0 ~
956,1104,Sri Indrajit Kumar Saikia,https://www.myneta.info/Assam2016/candidate.php?candidate_id=1104,KALAIGAON,INC,0,Graduate Professional,"Rs 67,59,484 ~ 67 Lacs+","Rs 1,84,558 ~ 1 Lacs+"
957,1092,Sri Jagadish Chandra Sarkar,https://www.myneta.info/Assam2016/candidate.php?candidate_id=1092,MANGALDOI (SC),IND,0,8th Pass,https://myneta.info/image_v2.php?myneta_folder=Assam2016&candidate_id=1092&col=ta,https://myneta.info/image_v2.php?myneta_folder=Assam2016&candidate_id=1092&col=lia
958,11,Sri Jogen Mohan,https://www.myneta.info/Assam2016/candidate.php?candidate_id=11,MAHMARA,BJP,0,12th Pass,"Rs 55,26,103 ~ 55 Lacs+","Rs 4,82,420 ~ 4 Lacs+"
959,49,Sri Kiranban Deori,https://www.myneta.info/Assam2016/candidate.php?candidate_id=49,DHEMAJI (ST),Liberal Democratic Party,0,Graduate,"Rs 13,38,259 ~ 13 Lacs+","Rs 1,30,000 ~ 1 Lacs+"
960,415,Sri Kula Das,https://www.myneta.info/Assam2016/candidate.php?candidate_id=415,TITABAR,CPI,0,Graduate,https://myneta.info/image_v2.php?myneta_folder=Assam2016&candidate_id=415&col=ta,https://myneta.info/image_v2.php?myneta_folder=Assam2016&candidate_id=415&col=lia
961,15,Sri Lakhinath Sonowal,https://www.myneta.info/Assam2016/candidate.php?candidate_id=15,DHAKUAKHANA (ST),CPI(M),0,Graduate,"Rs 18,75,702 ~ 18 Lacs+",Rs 0 ~
962,1098,Sri Maheswar Baro,https://www.myneta.info/Assam2016/candidate.php?candidate_id=1098,KALAIGAON,Bodoland Peoples Front,0,12th Pass,"Rs 19,22,920 ~ 19 Lacs+","Rs 4,50,000 ~ 4 Lacs+"
963,57,Sri Mihir Kanti Shome,https://www.myneta.info/Assam2016/candidate.php?candidate_id=57,UDHARBOND,BJP,0,10th Pass,https://myneta.info/image_v2.php?myneta_folder=Assam2016&candidate_id=57&col=ta,https://myneta.info/image_v2.php?myneta_folder=Assam2016&candidate_id=57&col=lia
964,1053,Sri Mukul Borah,https://www.myneta.info/Assam2016/candidate.php?candidate_id=1053,BATADROBA,IND,0,Graduate,"Rs 1,55,331 ~ 1 Lacs+",Rs 0 ~
965,1105,Sri Nathu Ram Boro,https://www.myneta.info/Assam2016/candidate.php?candidate_id=1105,KALAIGAON,AIUDF,0,Post Graduate,"Rs 63,05,684 ~ 63 Lacs+","Rs 10,00,000 ~ 10 Lacs+"
966,213,Sri Nihar Ranjan Das,https://www.myneta.info/Assam2016/candidate.php?candidate_id=213,DHOLAI (SC),IND,0,Graduate,https://myneta.info/image_v2.php?myneta_folder=Assam2016&candidate_id=213&col=ta,https://myneta.info/image_v2.php?myneta_folder=Assam2016&candidate_id=213&col=lia
967,111,Sri Parimal Suklabadya,https://www.myneta.info/Assam2016/candidate.php?candidate_id=111,DHOLAI (SC),BJP,0,Graduate,"Rs 37,92,224 ~ 37 Lacs+","Rs 5,51,217 ~ 5 Lacs+"
968,584,Sri Pranab Kalita,https://www.myneta.info/Assam2016/candidate.php?candidate_id=584,PALASBARI,BJP,0,Post Graduate,"Rs 63,28,958 ~ 63 Lacs+","Rs 6,10,939 ~ 6 Lacs+"
969,852,Sri Tharman Momin,https://www.myneta.info/Assam2016/candidate.php?candidate_id=852,DUDHNAI (ST),IND,0,12th Pass,https://myneta.info/image_v2.php?myneta_folder=Assam2016&candidate_id=852&col=ta,https://myneta.info/image_v2.php?myneta_folder=Assam2016&candidate_id=852&col=lia
970,12,Sri Topon Kumar Gogoi,https://www.myneta.info/Assam2016/candidate.php?candidate_id=12,SONARI,BJP,0,Post Graduate,"Rs 1,07,06,491 ~ 1 Crore+","Rs 6,61,695 ~ 6 Lacs+"
971,952,Sri. Beckniur K. Marak,https://www.myneta.info/Assam2016/candidate.php?candidate_id=952,CHAYGAON,IND,0,10th Pass,"Rs 7,65,957 ~ 7 Lacs+","Rs 4,00,000 ~ 4 Lacs+"
972,707,Sri. Pradip Kumar Das,https://www.myneta.info/Assam2016/candidate.php?candidate_id=707,GAUHATI EAST,Rashtriya Secular Congress,0,10th Pass,https://myneta.info/image_v2.php?myneta_folder=Assam2016&candidate_id=707&col=ta,https://myneta.info/image_v2.php?myneta_folder=Assam2016&candidate_id=707&col=lia
973,861,Stindro Marak,https://www.myneta.info/Assam2016/candidate.php?candidate_id=861,DUDHNAI (ST),IND,0,12th Pass,"Rs 3,16,000 ~ 3 Lacs+",Rs 0 ~
974,891,Subal Ch. Das,https://www.myneta.info/Assam2016/candidate.php?candidate_id=891,SORBHOG,Bharatiya Gana Parishad,0,10th Pass,"Rs 57,000 ~ 57 Thou+",Rs 0 ~
975,664,Subhadra Narzary,https://www.myneta.info/Assam2016/candidate.php?candidate_id=664,KOKRAJHAR WEST (ST),IND,0,10th Pass,https://myneta.info/image_v2.php?myneta_folder=Assam2016&candidate_id=664&col=ta,https://myneta.info/image_v2.php?myneta_folder=Assam2016&candidate_id=664&col=lia
976,711,Subhash Chandra Gupta,https://www.myneta.info/Assam2016/candidate.php?candidate_id=711,GAUHATI EAST,The National Road Map Party of India,0,Graduate Professional,"Rs 3,54,14,762 ~ 3 Crore+","Rs 96,25,904 ~ 96 Lacs+"
977,1144,Subimal Biswas,https://www.myneta.info/Assam2016/candidate.php?candidate_id=1144,GAUHATI WEST,Bharatiya Gana Parishad,0,Graduate,"Rs 8,20,900 ~ 8 Lacs+",Rs 0 ~
978,268,Subodh Suklabaidya,https://www.myneta.info/Assam2016/candidate.php?candidate_id=268,BADARPUR,IND,0,8th Pass,https://myneta.info/image_v2.php?myneta_folder=Assam2016&candidate_id=268&col=ta,https://myneta.info/image_v2.php?myneta_folder=Assam2016&candidate_id=268&col=lia
979,340,Sudhendu Mohan Talukdar,https://www.myneta.info/Assam2016/candidate.php?candidate_id=340,PANERY,IND,0,Graduate,"Rs 51,25,000 ~ 51 Lacs+","Rs 19,00,000 ~ 19 Lacs+"
980,1102,Sudhendu Mohan Talukdar,https://www.myneta.info/Assam2016/candidate.php?candidate_id=1102,KALAIGAON,Bharatiya Gana Parishad,0,Graduate,"Rs 46,25,000 ~ 46 Lacs+","Rs 19,00,000 ~ 19 Lacs+"
981,87,Sufian Ahmed,https://www.myneta.info/Assam2016/candidate.php?candidate_id=87,KARIMGANJ SOUTH,IND,0,8th Pass,https://myneta.info/image_v2.php?myneta_folder=Assam2016&candidate_id=87&col=ta,https://myneta.info/image_v2.php?myneta_folder=Assam2016&candidate_id=87&col=lia
982,1114,Sujan Das,https://www.myneta.info/Assam2016/candidate.php?candidate_id=1114,CHAPAGURI (ST),IND,0,Post Graduate,"Rs 9,95,000 ~ 9 Lacs+",Rs 0 ~
983,665,Sujila Basumatary,https://www.myneta.info/Assam2016/candidate.php?candidate_id=665,KOKRAJHAR WEST (ST),IND,0,12th Pass,"Rs 47,67,341 ~ 47 Lacs+",Rs 0 ~
984,374,Sujit Sarma,https://www.myneta.info/Assam2016/candidate.php?candidate_id=374,TEZPUR,Jai Maha Bharath Party,0,12th Pass,https://myneta.info/image_v2.php?myneta_folder=Assam2016&candidate_id=374&col=ta,https://myneta.info/image_v2.php?myneta_folder=Assam2016&candidate_id=374&col=lia
985,367,Sukendra Nath,https://www.myneta.info/Assam2016/candidate.php?candidate_id=367,TEZPUR,AIUDF,0,12th Pass,"Rs 1,54,79,392 ~ 1 Crore+","Rs 39,37,818 ~ 39 Lacs+"
986,646,Sukumar Roy,https://www.myneta.info/Assam2016/candidate.php?candidate_id=646,GAURIPUR,IND,0,Graduate,"Rs 1,16,72,713 ~ 1 Crore+","Rs 25,86,673 ~ 25 Lacs+"
987,928,Sukur Ali Ahmed,https://www.myneta.info/Assam2016/candidate.php?candidate_id=928,CHENGA,INC,0,12th Pass,https://myneta.info/image_v2.php?myneta_folder=Assam2016&candidate_id=928&col=ta,https://myneta.info/image_v2.php?myneta_folder=Assam2016&candidate_id=928&col=lia
988,336,Sum Ronghang,https://www.myneta.info/Assam2016/candidate.php?candidate_id=336,DIPHU (ST),BJP,0,Graduate,"Rs 2,74,36,289 ~ 2 Crore+",Rs 0 ~
989,717,Suman Haripriya,https://www.myneta.info/Assam2016/candidate.php?candidate_id=717,HAJO,BJP,0,Post Graduate,"Rs 1,61,65,000 ~ 1 Crore+","Rs 8,00,000 ~ 8 Lacs+"
990,1019,Sumitra Borah,https://www.myneta.info/Assam2016/candidate.php?candidate_id=1019,JAMUNAMUKH,IND,0,10th Pass,https://myneta.info/image_v2.php?myneta_folder=Assam2016&candidate_id=1019&col=ta,https://myneta.info/image_v2.php?myneta_folder=Assam2016&candidate_id=1019&col=lia
991,464,Sundar Deori,https://www.myneta.info/Assam2016/candidate.php?candidate_id=464,BIHPURIA,Rashtriya Secular Congress,0,Graduate,"Rs 50,000 ~ 50 Thou+",Rs 300 ~ 3 Hund+
992,789,Sunil Das,https://www.myneta.info/Assam2016/candidate.php?candidate_id=789,GAURIPUR,IND,0,Graduate,"Rs 5,17,817 ~ 5 Lacs+","Rs 2,50,000 ~ 2 Lacs+"
993,495,Sunil Rajkonwar,https://www.myneta.info/Assam2016/candidate.php?candidate_id=495,MORAN,IND,0,12th Pass,https://myneta.info/image_v2.php?myneta_folder=Assam2016&candidate_id=495&col=ta,https://myneta.info/image_v2.php?myneta_folder=Assam2016&candidate_id=495&col=lia
994,124,Sunil Sarkar,https://www.myneta.info/Assam2016/candidate.php?candidate_id=124,MAJBAT,IND,0,Literate,"Rs 8,25,944 ~ 8 Lacs+",Rs 0 ~
995,2,Sunil Tanti,https://www.myneta.info/Assam2016/candidate.php?candidate_id=2,DULIAJAN,CPI(ML)(L),0,12th Pass,"Rs 1,06,828 ~ 1 Lacs+",Rs 0 ~
996,158,Sunit Kumar Mahanta,https://www.myneta.info/Assam2016/candidate.php?candidate_id=158,MAHMARA,Jan Congress Party,1,12th Pass,https://myneta.info/image_v2.php?myneta_folder=Assam2016&candidate_id=158&col=ta,https://myneta.info/image_v2.php?myneta_folder=Assam2016&candidate_id=158&col=lia
997,1023,Sunti Bora,https://www.myneta.info/Assam2016/candidate.php?candidate_id=1023,JAMUNAMUKH,Jai Maha Bharath Party,0,8th Pass,"Rs 7,00,364 ~ 7 Lacs+",Rs 0 ~
998,10,Supriya Bhattacharjee,https://www.myneta.info/Assam2016/candidate.php?candidate_id=10,SILCHAR,CPI(M),0,Graduate,"Rs 49,47,953 ~ 49 Lacs+","Rs 10,00,000 ~ 10 Lacs+"
999,166,Surabhi Rajkonwar,https://www.myneta.info/Assam2016/candidate.php?candidate_id=166,SIBSAGAR,BJP,0,Graduate,https://myneta.info/image_v2.php?myneta_folder=Assam2016&candidate_id=166&col=ta,https://myneta.info/image_v2.php?myneta_folder=Assam2016&candidate_id=166&col=lia
1000,9,Suren Phukan,https://www.myneta.info/Assam2016/candidate.php?candidate_id=9,DIGBOI,BJP,0,10th Pass,"Rs 58,29,136 ~ 58 Lacs+","Rs 78,286 ~ 78 Thou+"
1001,1038,Suresh Bora,https://www.myneta.info/Assam2016/candidate.php?candidate_id=1038,BARHAMPUR,INC,0,12th Pass,"Rs 13,56,69,384 ~ 13 Crore+","Rs 8,61,21,363 ~ 8 Crore+"
1002,18,Suresh Chandra Deka,https://www.myneta.info/Assam2016/candidate.php?candidate_id=18,NAHARKATIA,CPI(M),0,Graduate,https://myneta.info/image_v2.php?myneta_folder=Assam2016&candidate_id=18&col=ta,https://myneta.info/image_v2.php?myneta_folder=Assam2016&candidate_id=18&col=lia
1003,695,Surjya Mallique,https://www.myneta.info/Assam2016/candidate.php?candidate_id=695,CHENGA,IND,0,10th Pass,"Rs 4,88,000 ~ 4 Lacs+",Rs 0 ~
1004,439,Suruj Dehingia,https://www.myneta.info/Assam2016/candidate.php?candidate_id=439,MAHMARA,INC,0,Graduate,"Rs 1,98,35,624 ~ 1 Crore+","Rs 17,96,545 ~ 17 Lacs+"
1005,451,Sushanta Borgohain,https://www.myneta.info/Assam2016/candidate.php?candidate_id=451,THOWRA,INC,0,Graduate,https://myneta.info/image_v2.php?myneta_folder=Assam2016&candidate_id=451&col=ta,https://myneta.info/image_v2.php?myneta_folder=Assam2016&candidate_id=451&col=lia
1006,792,Sushil Kumar Roy,https://www.myneta.info/Assam2016/candidate.php?candidate_id=792,GAURIPUR,INC,0,Graduate,"Rs 34,23,417 ~ 34 Lacs+",Rs 0 ~
1007,1103,Sushil Kumar Sarma,https://www.myneta.info/Assam2016/candidate.php?candidate_id=1103,KALAIGAON,LJP,0,12th Pass,"Rs 55,28,303 ~ 55 Lacs+","Rs 3,50,000 ~ 3 Lacs+"
1008,201,Sushil Paul,https://www.myneta.info/Assam2016/candidate.php?candidate_id=201,HAILAKANDI,SUCI(C),0,10th Pass,https://myneta.info/image_v2.php?myneta_folder=Assam2016&candidate_id=201&col=ta,https://myneta.info/image_v2.php?myneta_folder=Assam2016&candidate_id=201&col=lia
1009,601,Sushil Pegu,https://www.myneta.info/Assam2016/candidate.php?candidate_id=601,JONAI (ST),INC,0,Graduate,"Rs 32,91,947 ~ 32 Lacs+",Rs 0 ~
1010,53,Suzam Uddin Laskar,https://www.myneta.info/Assam2016/candidate.php?candidate_id=53,KATLICHERA,AIUDF,0,12th Pass,"Rs 33,72,819 ~ 33 Lacs+",Rs 0 ~
1011,29,Suzam Uddin Laskar,https://www.myneta.info/Assam2016/candidate.php?candidate_id=29,KATLICHERA,IND,0,Literate,https://myneta.info/image_v2.php?myneta_folder=Assam2016&candidate_id=29&col=ta,https://myneta.info/image_v2.php?myneta_folder=Assam2016&candidate_id=29&col=lia
1012,1008,Swapan Kar,https://www.myneta.info/Assam2016/candidate.php?candidate_id=1008,LUMDING,AIUDF,0,Graduate,"Rs 36,01,432 ~ 36 Lacs+","Rs 11,90,079 ~ 11 Lacs+"
1013,629,Swapan Kumar Mukherjee,https://www.myneta.info/Assam2016/candidate.php?candidate_id=629,ABHAYAPURI NORTH,IND,0,12th Pass,"Rs 58,80,709 ~ 58 Lacs+","Rs 12,22,876 ~ 12 Lacs+"
1014,116,Swarnalata Chaliha,https://www.myneta.info/Assam2016/candidate.php?candidate_id=116,PANERY,SUCI(C),0,Post Graduate,https://myneta.info/image_v2.php?myneta_folder=Assam2016&candidate_id=116&col=ta,https://myneta.info/image_v2.php?myneta_folder=Assam2016&candidate_id=116&col=lia
1015,1096,Syed Abdullah,https://www.myneta.info/Assam2016/candidate.php?candidate_id=1096,SIPAJHAR,AIUDF,0,12th Pass,"Rs 28,90,286 ~ 28 Lacs+","Rs 6,67,486 ~ 6 Lacs+"
1016,401,Syed Jahid Abdullah,https://www.myneta.info/Assam2016/candidate.php?candidate_id=401,GOLAGHAT,AIUDF,0,Graduate Professional,"Rs 1,40,000 ~ 1 Lacs+",Rs 0 ~
1017,613,Tabibar Rahman,https://www.myneta.info/Assam2016/candidate.php?candidate_id=613,HAJO,Rashtriya Secular Congress,0,12th Pass,https://myneta.info/image_v2.php?myneta_folder=Assam2016&candidate_id=613&col=ta,https://myneta.info/image_v2.php?myneta_folder=Assam2016&candidate_id=613&col=lia
1018,963,Taher Ali Talukdar,https://www.myneta.info/Assam2016/candidate.php?candidate_id=963,HAJO,IND,0,10th Pass,"Rs 3,25,500 ~ 3 Lacs+",Rs 0 ~
1019,960,Taizuddin Ahmed,https://www.myneta.info/Assam2016/candidate.php?candidate_id=960,HAJO,IND,0,12th Pass,"Rs 16,000 ~ 16 Thou+","Rs 1,50,000 ~ 1 Lacs+"
1020,91,Taj Md Kamal Uddin Khan,https://www.myneta.info/Assam2016/candidate.php?candidate_id=91,KARIMGANJ SOUTH,IND,0,12th Pass,https://myneta.info/image_v2.php?myneta_folder=Assam2016&candidate_id=91&col=ta,https://myneta.info/image_v2.php?myneta_folder=Assam2016&candidate_id=91&col=lia
1021,256,Taj Uddin Choudhury,https://www.myneta.info/Assam2016/candidate.php?candidate_id=256,KARIMGANJ NORTH,IND,0,Graduate Professional,"Rs 5,84,000 ~ 5 Lacs+",Rs 0 ~
1022,362,Tanka Bahadur Rai,https://www.myneta.info/Assam2016/candidate.php?candidate_id=362,BARCHALLA,INC,0,Post Graduate,"Rs 1,12,45,733 ~ 1 Crore+","Rs 4,67,607 ~ 4 Lacs+"
1023,923,Tara Prasad Das,https://www.myneta.info/Assam2016/candidate.php?candidate_id=923,SARUKHETRI,IND,2,Graduate Professional,https://myneta.info/image_v2.php?myneta_folder=Assam2016&candidate_id=923&col=ta,https://myneta.info/image_v2.php?myneta_folder=Assam2016&candidate_id=923&col=lia
1024,574,Taren Chandra Ray,https://www.myneta.info/Assam2016/candidate.php?candidate_id=574,ABHAYAPURI NORTH,CPI(M),1,Graduate Professional,"Rs 41,11,354 ~ 41 Lacs+",Rs 0 ~
1025,345,Teharu Gour,https://www.myneta.info/Assam2016/candidate.php?candidate_id=345,MAJBAT,AIUDF,0,8th Pass,"Rs 13,36,500 ~ 13 Lacs+","Rs 5,00,000 ~ 5 Lacs+"
1026,184,Terash Gowalla,https://www.myneta.info/Assam2016/candidate.php?candidate_id=184,DULIAJAN,BJP,0,Graduate,https://myneta.info/image_v2.php?myneta_folder=Assam2016&candidate_id=184&col=ta,https://myneta.info/image_v2.php?myneta_folder=Assam2016&candidate_id=184&col=lia
1027,591,Thaneswar Basumatary,https://www.myneta.info/Assam2016/candidate.php?candidate_id=591,CHAPAGURI (ST),Bodoland Peoples Front,0,12th Pass,"Rs 44,93,506 ~ 44 Lacs+",Rs 0 ~
1028,988,Thaneswar Boro,https://www.myneta.info/Assam2016/candidate.php?candidate_id=988,RANGIYA,IND,0,Post Graduate,"Rs 38,76,000 ~ 38 Lacs+",Rs 0 ~
1029,1097,Thaneswar Das,https://www.myneta.info/Assam2016/candidate.php?candidate_id=1097,SIPAJHAR,LJP,0,Graduate,https://myneta.info/image_v2.php?myneta_folder=Assam2016&candidate_id=1097&col=ta,https://myneta.info/image_v2.php?myneta_folder=Assam2016&candidate_id=1097&col=lia
1030,61,Thoiba Singha,https://www.myneta.info/Assam2016/candidate.php?candidate_id=61,LAKHIPUR,BJP,0,Graduate,"Rs 51,37,666 ~ 51 Lacs+",Rs 0 ~
1031,552,Tikendra Thapa,https://www.myneta.info/Assam2016/candidate.php?candidate_id=552,SADIYA,IND,0,Graduate,"Rs 98,86,709 ~ 98 Lacs+",Rs 0 ~
1032,321,Trayabashi Das,https://www.myneta.info/Assam2016/candidate.php?candidate_id=321,KATIGORA,IND,0,Graduate,https://myneta.info/image_v2.php?myneta_folder=Assam2016&candidate_id=321&col=ta,https://myneta.info/image_v2.php?myneta_folder=Assam2016&candidate_id=321&col=lia
1033,1094,Tridib Sarma,https://www.myneta.info/Assam2016/candidate.php?candidate_id=1094,SIPAJHAR,RPI(A),0,Graduate,"Rs 1,00,000 ~ 1 Lacs+",Rs 0 ~
1034,653,Tridip Pati Singha,https://www.myneta.info/Assam2016/candidate.php?candidate_id=653,BILASIPARA EAST,IND,0,12th Pass,"Rs 70,000 ~ 70 Thou+",Rs 0 ~
1035,970,Tripti Kana Mazumdar Choudhury,https://www.myneta.info/Assam2016/candidate.php?candidate_id=970,HAJO,IND,0,Graduate,https://myneta.info/image_v2.php?myneta_folder=Assam2016&candidate_id=970&col=ta,https://myneta.info/image_v2.php?myneta_folder=Assam2016&candidate_id=970&col=lia
1036,479,Uday Shankar Hazarika,https://www.myneta.info/Assam2016/candidate.php?candidate_id=479,LAKHIMPUR,IND,0,Graduate,"Rs 3,77,27,178 ~ 3 Crore+","Rs 15,00,000 ~ 15 Lacs+"
1037,594,Ujjal Deb,https://www.myneta.info/Assam2016/candidate.php?candidate_id=594,LUMDING,IND,1,10th Pass,"Rs 5,41,168 ~ 5 Lacs+",Rs 0 ~
1038,217,Ujjal Dhubi,https://www.myneta.info/Assam2016/candidate.php?candidate_id=217,LAKHIPUR,IND,0,8th Pass,https://myneta.info/image_v2.php?myneta_folder=Assam2016&candidate_id=217&col=ta,https://myneta.info/image_v2.php?myneta_folder=Assam2016&candidate_id=217&col=lia
1039,617,Umesh Bania,https://www.myneta.info/Assam2016/candidate.php?candidate_id=617,SIPAJHAR,IND,0,10th Pass,"Rs 19,88,510 ~ 19 Lacs+",Rs 0 ~
1040,194,Umesh Bora,https://www.myneta.info/Assam2016/candidate.php?candidate_id=194,MARGHERITA,IND,0,Graduate,"Rs 8,94,682 ~ 8 Lacs+",Rs 0 ~
1041,239,Umesh Malah,https://www.myneta.info/Assam2016/candidate.php?candidate_id=239,RATABARI (SC),IND,0,8th Pass,https://myneta.info/image_v2.php?myneta_folder=Assam2016&candidate_id=239&col=ta,https://myneta.info/image_v2.php?myneta_folder=Assam2016&candidate_id=239&col=lia
1042,662,Urkhao Gwra Brahma,https://www.myneta.info/Assam2016/candidate.php?candidate_id=662,KOKRAJHAR WEST (ST),IND,0,Graduate,"Rs 50,43,527 ~ 50 Lacs+",Rs 0 ~
1043,42,Utpal Borah,https://www.myneta.info/Assam2016/candidate.php?candidate_id=42,GOHPUR,BJP,0,Graduate Professional,"Rs 1,40,52,785 ~ 1 Crore+","Rs 10,33,459 ~ 10 Lacs+"
1044,8,Utpal Dutta,https://www.myneta.info/Assam2016/candidate.php?candidate_id=8,LAKHIMPUR,Asom Gana Parishad,0,Graduate,https://myneta.info/image_v2.php?myneta_folder=Assam2016&candidate_id=8&col=ta,https://myneta.info/image_v2.php?myneta_folder=Assam2016&candidate_id=8&col=lia
1045,525,Utpal Kakoti,https://www.myneta.info/Assam2016/candidate.php?candidate_id=525,CHABUA,IND,0,Post Graduate,"Rs 2,63,87,609 ~ 2 Crore+","Rs 56,85,260 ~ 56 Lacs+"
1046,780,Wazed Ali Choudhury,https://www.myneta.info/Assam2016/candidate.php?candidate_id=780,SALMARA SOUTH,INC,0,Graduate,"Rs 11,44,88,258 ~ 11 Crore+","Rs 6,47,77,201 ~ 6 Crore+"
1047,660,Wilson Hasda,https://www.myneta.info/Assam2016/candidate.php?candidate_id=660,GOSSAIGAON,IND,0,Post Graduate,https://myneta.info/image_v2.php?myneta_folder=Assam2016&candidate_id=660&col=ta,https://myneta.info/image_v2.php?myneta_folder=Assam2016&candidate_id=660&col=lia
1048,803,Yousub Ali Ahmed,https://www.myneta.info/Assam2016/candidate.php?candidate_id=803,BILASIPARA WEST,Indian Union Muslim League,0,12th Pass,"Rs 36,11,547 ~ 36 Lacs+","Rs 4,00,000 ~ 4 Lacs+"
1049,612,Zabed Islam,https://www.myneta.info/Assam2016/candidate.php?candidate_id=612,MANKACHAR,IND,0,Graduate,"Rs 1,06,66,552 ~ 1 Crore+","Rs 16,15,220 ~ 16 Lacs+"
1050,106,Zakir Hussain Laskar,https://www.myneta.info/Assam2016/candidate.php?candidate_id=106,HAILAKANDI,IND,0,10th Pass,https://myneta.info/image_v2.php?myneta_folder=Assam2016&candidate_id=106&col=ta,https://myneta.info/image_v2.php?myneta_folder=Assam2016&candidate_id=106&col=lia
1051,874,Zesmina Khatun,https://www.myneta.info/Assam2016/candidate.php?candidate_id=874,GOALPARA WEST,AITC,0,12th Pass,"Rs 75,289 ~ 75 Thou+",Rs 0 ~
1052,770,Zia Uddin Ahmed,https://www.myneta.info/Assam2016/candidate.php?candidate_id=770,JAMUNAMUKH,Asom Gana Parishad,0,Graduate,"Rs 16,44,120 ~ 16 Lacs+",Rs 0 ~
1053,388,Zulfikar Hussain,https://www.myneta.info/Assam2016/candidate.php?candidate_id=388,BEHALI,IND,0,12th Pass,https://myneta.info/image_v2.php?myneta_folder=Assam2016&candidate_id=388&col=ta,https://myneta.info/image_v2.php?myneta_folder=Assam2016&candidate_id=388&col=lia
