sno,candidate_id,candidate_name,candidate_link,constituency,party,criminal_cases,education,assets,liabilities
1,4953,Arvindbhai Singabhai Gamit,https://myneta.info/Gujarat2022/candidate.php?candidate_id=4953,NIZAR (ST),AAP,1,10th Pass,"Rs 56,11,000 ~ 56 Lacs+","Rs 7,97,000 ~ 7 Lacs+"
2,4921,Makvana Maheshbhai Merabhai,https://myneta.info/Gujarat2022/candidate.php?candidate_id=4921,LIMBDI,IND,1,10th Pass,"Rs 76,500 ~ 76 Thou+",Rs 0 ~
3,4973,Aarjubi Rauf Shah,https://myneta.info/Gujarat2022/candidate.php?candidate_id=4973,SURAT NORTH,IND,0,10th Pass,"Rs 15,000 ~ 15 Thou+",Rs 0 ~
4,6544,Aayshabanu Aabidhusen Malek,https://myneta.info/Gujarat2022/candidate.php?candidate_id=6544,MATAR,IND,0,Post Graduate,"Rs 1,80,000 ~ 1 Lacs+",Rs 0 ~
5,6390,Abbasbhai Mohammadsharif Nodsola,https://myneta.info/Gujarat2022/candidate.php?candidate_id=6390,SIDHPUR,All India Majlis-E-Ittehadul Muslimeen,0,8th Pass,"Rs 49,36,400 ~ 49 Lacs+",Rs 0 ~
6,5874,Abdul Bashir Shaikh,https://myneta.info/Gujarat2022/candidate.php?candidate_id=5874,LIMBAYAT,All India Majlis-E-Ittehadul Muslimeen,2,5th Pass,"Rs 1,80,510 ~ 1 Lacs+",Rs 0 ~
7,5688,Abdulbhai Ismailbhai Majgul,https://myneta.info/Gujarat2022/candidate.php?candidate_id=5688,TALALA,IND,1,5th Pass,"Rs 63,35,000 ~ 63 Lacs+","Rs 60,000 ~ 60 Thou+"
8,5461,Abdulsamad Abdulmajid Munshi,https://myneta.info/Gujarat2022/candidate.php?candidate_id=5461,SURAT EAST,BSP,0,12th Pass,"Rs 6,28,100 ~ 6 Lacs+",Rs 0 ~
9,5975,Abhesinh Motibhai Tadvi,https://myneta.info/Gujarat2022/candidate.php?candidate_id=5975,SANKHEDA (ST),BJP,0,10th Pass,https://myneta.info/image_v2.php?myneta_folder=Gujarat2022&candidate_id=5975&col=ta,https://myneta.info/image_v2.php?myneta_folder=Gujarat2022&candidate_id=5975&col=lia
10,5754,Abjal Mamadbhai Bhaya,https://myneta.info/Gujarat2022/candidate.php?candidate_id=5754,JAMNAGAR SOUTH,IND,4,8th Pass,"Rs 2,61,098 ~ 2 Lacs+","Rs 1,12,000 ~ 1 Lacs+"
11,5764,Abu Umar Shida,https://myneta.info/Gujarat2022/candidate.php?candidate_id=5764,JAMJODHPUR,IND,0,10th Pass,"Rs 15,47,535 ~ 15 Lacs+",Rs 0 ~
12,6446,Acharya Keyur Chimanbhai,https://myneta.info/Gujarat2022/candidate.php?candidate_id=6446,GANDHINAGAR SOUTH,IND,0,8th Pass,"Rs 52,44,000 ~ 52 Lacs+","Rs 16,20,000 ~ 16 Lacs+"
13,5453,Achchha Saeedbhai Yusufbhai,https://myneta.info/Gujarat2022/candidate.php?candidate_id=5453,SURAT NORTH,BSP,0,5th Pass,"Rs 6,07,000 ~ 6 Lacs+","Rs 9,75,000 ~ 9 Lacs+"
14,5885,Advocate Jagdish Manshibhai Gadhavi,https://myneta.info/Gujarat2022/candidate.php?candidate_id=5885,JAMNAGAR NORTH,BSP,0,Graduate Professional,"Rs 38,20,000 ~ 38 Lacs+","Rs 27,00,000 ~ 27 Lacs+"
15,5268,Advocate Mahamadiqbal Manjaliya,https://myneta.info/Gujarat2022/candidate.php?candidate_id=5268,MANDVI,All India Majlis-E-Ittehadul Muslimeen,0,Graduate Professional,"Rs 57,05,000 ~ 57 Lacs+","Rs 15,31,000 ~ 15 Lacs+"
16,5395,Aestarben Kesharbhai Pawar,https://myneta.info/Gujarat2022/candidate.php?candidate_id=5395,DANGS (ST),IND,0,10th Pass,"Rs 2,10,000 ~ 2 Lacs+",Rs 0 ~
17,6178,Ahir Ankurbhai Kanubhai,https://myneta.info/Gujarat2022/candidate.php?candidate_id=6178,BORSAD,BSP,1,10th Pass,"Rs 20,000 ~ 20 Thou+",Rs 0 ~
18,4917,Ahir Hemantbhai Hardasbhai,https://myneta.info/Gujarat2022/candidate.php?candidate_id=4917,JAMJODHPUR,AAP,0,10th Pass,https://myneta.info/image_v2.php?myneta_folder=Gujarat2022&candidate_id=4917&col=ta,https://myneta.info/image_v2.php?myneta_folder=Gujarat2022&candidate_id=4917&col=lia
19,5717,Ahir Jivanbhai K. Kumbharvadiya,https://myneta.info/Gujarat2022/candidate.php?candidate_id=5717,JAMNAGAR RURAL,INC,1,Graduate,"Rs 6,89,69,240 ~ 6 Crore+","Rs 1,31,55,322 ~ 1 Crore+"
20,5132,Ahir Mulubhai Ranmalbhai Kandoriya,https://myneta.info/Gujarat2022/candidate.php?candidate_id=5132,DWARKA,INC,0,Graduate,"Rs 88,60,50,489 ~ 88 Crore+","Rs 11,32,52,947 ~ 11 Crore+"
21,5649,Ahir Vikrambhai Arjanbhai Maadam,https://myneta.info/Gujarat2022/candidate.php?candidate_id=5649,KHAMBHALIA,INC,0,Graduate,"Rs 7,20,76,653 ~ 7 Crore+","Rs 41,54,125 ~ 41 Lacs+"
22,6127,Ahir(Bharvad) Jethabhai,https://myneta.info/Gujarat2022/candidate.php?candidate_id=6127,SHEHRA,BJP,1,Graduate,"Rs 18,59,42,503 ~ 18 Crore+","Rs 5,16,91,028 ~ 5 Crore+"
23,5824,Ajadia Prakash Naranbhai,https://myneta.info/Gujarat2022/candidate.php?candidate_id=5824,WANKANER,Rashtriya Jankranti Party,0,Graduate Professional,"Rs 65,000 ~ 65 Thou+",Rs 0 ~
24,5668,Ajay Karabhai Odedara,https://myneta.info/Gujarat2022/candidate.php?candidate_id=5668,KUTIYANA,IND,0,12th Pass,"Rs 1,00,000 ~ 1 Lacs+",Rs 0 ~
25,5204,Ajay Rameshbhai Koshti,https://myneta.info/Gujarat2022/candidate.php?candidate_id=5204,MANINAGAR,Jan Sangharsh Virat Party,0,8th Pass,"Rs 4,30,140 ~ 4 Lacs+","Rs 1,78,035 ~ 1 Lacs+"
26,6145,Ajaykumar Pravinsinh Solanki,https://myneta.info/Gujarat2022/candidate.php?candidate_id=6145,KAPADVANJ,Garvi Gujarat Party,0,8th Pass,"Rs 45,15,000 ~ 45 Lacs+","Rs 1,50,000 ~ 1 Lacs+"
27,6059,Ajitsinh Parsottamdas Thakor,https://myneta.info/Gujarat2022/candidate.php?candidate_id=6059,DABHOI,AAP,0,10th Pass,https://myneta.info/image_v2.php?myneta_folder=Gujarat2022&candidate_id=6059&col=ta,https://myneta.info/image_v2.php?myneta_folder=Gujarat2022&candidate_id=6059&col=lia
28,6138,Ajitsinh Parvatsinh Chauhan,https://myneta.info/Gujarat2022/candidate.php?candidate_id=6138,BALASINOR,INC,0,Graduate Professional,"Rs 1,11,58,671 ~ 1 Crore+","Rs 5,18,044 ~ 5 Lacs+"
29,5419,Akbar Liyakat Shahfakir,https://myneta.info/Gujarat2022/candidate.php?candidate_id=5419,KATARGAM,IND,0,Illiterate,"Rs 1,15,000 ~ 1 Lacs+",Rs 0 ~
30,5753,Akbari Divyeshbhai Ranchhodbhai,https://myneta.info/Gujarat2022/candidate.php?candidate_id=5753,JAMNAGAR SOUTH,BJP,0,12th Pass,"Rs 2,98,46,873 ~ 2 Crore+","Rs 1,48,17,413 ~ 1 Crore+"
31,5908,Akram Vahidulla Ansari,https://myneta.info/Gujarat2022/candidate.php?candidate_id=5908,LIMBAYAT,IND,12,Literate,"Rs 1,41,51,000 ~ 1 Crore+",Rs 0 ~
32,6007,Akshaykumar Ishvarbhai Patel,https://myneta.info/Gujarat2022/candidate.php?candidate_id=6007,KARJAN,BJP,0,12th Pass,"Rs 3,46,61,172 ~ 3 Crore+","Rs 12,50,000 ~ 12 Lacs+"
33,5544,Alimahamad Hanifbhai Halari,https://myneta.info/Gujarat2022/candidate.php?candidate_id=5544,MAHUVA,IND,0,8th Pass,"Rs 44,81,800 ~ 44 Lacs+","Rs 11,15,000 ~ 11 Lacs+"
34,5745,Alimamad Ishak Palani,https://myneta.info/Gujarat2022/candidate.php?candidate_id=5745,JAMNAGAR SOUTH,IND,0,5th Pass,"Rs 1,08,500 ~ 1 Lacs+",Rs 0 ~
35,6451,Alkeshbhai Baldevbhai Parmar,https://myneta.info/Gujarat2022/candidate.php?candidate_id=6451,GANDHINAGAR NORTH,IND,0,10th Pass,"Rs 2,29,033 ~ 2 Lacs+","Rs 1,00,000 ~ 1 Lacs+"
36,6098,Alkeshbhai Fulsingbhai Katara,https://myneta.info/Gujarat2022/candidate.php?candidate_id=6098,FATEPURA (ST),Bhartiya Tribal Party,0,Graduate Professional,https://myneta.info/image_v2.php?myneta_folder=Gujarat2022&candidate_id=6098&col=ta,https://myneta.info/image_v2.php?myneta_folder=Gujarat2022&candidate_id=6098&col=lia
37,6303,Alok,https://myneta.info/Gujarat2022/candidate.php?candidate_id=6303,KHERALU,IND,0,Graduate,"Rs 10,94,31,696 ~ 10 Crore+",Rs 0 ~
38,4899,Alpabala Dilipkumar Sabva,https://myneta.info/Gujarat2022/candidate.php?candidate_id=4899,BOTAD,IND,0,Post Graduate,"Rs 41,52,619 ~ 41 Lacs+","Rs 16,72,101 ~ 16 Lacs+"
39,5452,Alpesh Kathiriya,https://myneta.info/Gujarat2022/candidate.php?candidate_id=5452,VARACHHA ROAD,AAP,13,Graduate,"Rs 11,14,216 ~ 11 Lacs+",Rs 0 ~
40,6211,Alpesh Khodaji Thakor,https://myneta.info/Gujarat2022/candidate.php?candidate_id=6211,GANDHINAGAR SOUTH,BJP,6,12th Pass,"Rs 3,00,79,485 ~ 3 Crore+","Rs 14,81,514 ~ 14 Lacs+"
41,4868,Alpeshkumar Chandulal Trambadiya,https://myneta.info/Gujarat2022/candidate.php?candidate_id=4868,KESHOD,IND,0,Graduate Professional,"Rs 14,43,196 ~ 14 Lacs+","Rs 76,546 ~ 76 Thou+"
42,5379,Alpeshkumar Chhotubhai Patel,https://myneta.info/Gujarat2022/candidate.php?candidate_id=5379,BANSDA (ST),Bahujan Republican Socialist Party,0,10th Pass,"Rs 25,000 ~ 25 Thou+",Rs 0 ~
43,6522,Alpeshkumar Jayantibhai Makwana (Appu),https://myneta.info/Gujarat2022/candidate.php?candidate_id=6522,ANAND,BSP,0,12th Pass,"Rs 15,562 ~ 15 Thou+",Rs 0 ~
44,6192,Alpeshkumar Nareshbhai Patel,https://myneta.info/Gujarat2022/candidate.php?candidate_id=6192,PRANTIJ,AAP,1,Post Graduate,"Rs 54,81,647 ~ 54 Lacs+","Rs 44,90,954 ~ 44 Lacs+"
45,5833,Alpeshkumar V. Vadoliya,https://myneta.info/Gujarat2022/candidate.php?candidate_id=5833,JETPUR,Right to Recall Party,0,Graduate,https://myneta.info/image_v2.php?myneta_folder=Gujarat2022&candidate_id=5833&col=ta,https://myneta.info/image_v2.php?myneta_folder=Gujarat2022&candidate_id=5833&col=lia
46,6731,Altafkhan Jabbarkhan Pathan,https://myneta.info/Gujarat2022/candidate.php?candidate_id=6731,BAPUNAGAR,SP,8,5th Pass,"Rs 7,50,860 ~ 7 Lacs+",Rs 0 ~
47,4860,Amardas Desani,https://myneta.info/Gujarat2022/candidate.php?candidate_id=4860,RAJKOT SOUTH,IND,1,Post Graduate,"Rs 57,77,081 ~ 57 Lacs+",Rs 0 ~
48,5418,Amarkumar Sureshbhai Lavne,https://myneta.info/Gujarat2022/candidate.php?candidate_id=5418,KATARGAM,Sarvodaya Bharat Party,0,12th Pass,"Rs 39,70,406 ~ 39 Lacs+","Rs 19,65,425 ~ 19 Lacs+"
49,6221,Amarsinh Anadaji Thakor,https://myneta.info/Gujarat2022/candidate.php?candidate_id=6221,VIRAMGAM,AAP,0,10th Pass,"Rs 2,56,90,544 ~ 2 Crore+","Rs 26,00,000 ~ 26 Lacs+"
50,6504,Amarsinh Ramsinh Zala,https://myneta.info/Gujarat2022/candidate.php?candidate_id=6504,KHAMBHAT,IND,2,Graduate Professional,"Rs 93,51,000 ~ 93 Lacs+","Rs 17,00,000 ~ 17 Lacs+"
51,5304,Amba Paravant Patel,https://myneta.info/Gujarat2022/candidate.php?candidate_id=5304,RAPAR,AAP,0,8th Pass,"Rs 16,26,500 ~ 16 Lacs+",Rs 0 ~
52,5762,Ambalal Manjibhai Vavecha,https://myneta.info/Gujarat2022/candidate.php?candidate_id=5762,JAMJODHPUR,IND,0,12th Pass,"Rs 55,150 ~ 55 Thou+",Rs 0 ~
53,6505,Ambaliya Ranjitbhai Kehubhai,https://myneta.info/Gujarat2022/candidate.php?candidate_id=6505,KHAMBHAT,IND,0,12th Pass,"Rs 56,41,000 ~ 56 Lacs+",Rs 0 ~
54,5535,Ambarishkumar Jivabhai Der,https://myneta.info/Gujarat2022/candidate.php?candidate_id=5535,RAJULA,INC,1,Graduate,https://myneta.info/image_v2.php?myneta_folder=Gujarat2022&candidate_id=5535&col=ta,https://myneta.info/image_v2.php?myneta_folder=Gujarat2022&candidate_id=5535&col=lia
55,4976,Ambechada Hamirbhai Karasanbhai,https://myneta.info/Gujarat2022/candidate.php?candidate_id=4976,SOMNATH,BSP,0,10th Pass,"Rs 12,59,000 ~ 12 Lacs+","Rs 1,95,000 ~ 1 Lacs+"
56,6047,Ami Ravat,https://myneta.info/Gujarat2022/candidate.php?candidate_id=6047,SAYAJIGUNJ,INC,0,Graduate Professional,"Rs 6,23,10,000 ~ 6 Crore+","Rs 3,53,70,000 ~ 3 Crore+"
57,6627,Amiraj,https://myneta.info/Gujarat2022/candidate.php?candidate_id=6627,ELLISBRIDGE,IND,1,12th Pass,"Rs 36,000 ~ 36 Thou+","Rs 1,40,458 ~ 1 Lacs+"
58,6332,Amirambhai Shankarlal Ashal,https://myneta.info/Gujarat2022/candidate.php?candidate_id=6332,VAV,IND,0,10th Pass,"Rs 1,60,43,220 ~ 1 Crore+",Rs 0 ~
59,5416,Amish Narayanbhai Chunawala,https://myneta.info/Gujarat2022/candidate.php?candidate_id=5416,SURAT WEST,IND,0,Graduate,"Rs 84,35,000 ~ 84 Lacs+","Rs 2,06,000 ~ 2 Lacs+"
60,6176,Amit Chavda,https://myneta.info/Gujarat2022/candidate.php?candidate_id=6176,ANKLAV,INC,0,Others,"Rs 2,42,23,978 ~ 2 Crore+","Rs 15,43,928 ~ 15 Lacs+"
61,6240,Amit Shah,https://myneta.info/Gujarat2022/candidate.php?candidate_id=6240,ELLISBRIDGE,BJP,1,Graduate Professional,"Rs 3,15,21,981 ~ 3 Crore+",Rs 0 ~
62,6235,Amit Thaker,https://myneta.info/Gujarat2022/candidate.php?candidate_id=6235,VEJALPUR,BJP,1,Post Graduate,"Rs 19,04,67,908 ~ 19 Crore+","Rs 11,41,10,275 ~ 11 Crore+"
63,5094,Amitkumar Bikaram Singh,https://myneta.info/Gujarat2022/candidate.php?candidate_id=5094,KATARGAM,BSP,0,10th Pass,https://myneta.info/image_v2.php?myneta_folder=Gujarat2022&candidate_id=5094&col=ta,https://myneta.info/image_v2.php?myneta_folder=Gujarat2022&candidate_id=5094&col=lia
64,6325,Amitkumar Pushkarray Patel(Netaji),https://myneta.info/Gujarat2022/candidate.php?candidate_id=6325,BECHARAJI,Rashtrawadi Janlok Dal,0,Post Graduate,"Rs 36,23,000 ~ 36 Lacs+","Rs 17,00,000 ~ 17 Lacs+"
65,6636,Amjadhussain Shaikh,https://myneta.info/Gujarat2022/candidate.php?candidate_id=6636,NIKOL,IND,0,Post Graduate,"Rs 4,40,595 ~ 4 Lacs+",Rs 0 ~
66,6171,Amrishbhai Hemendrabhai Patel(Thamna),https://myneta.info/Gujarat2022/candidate.php?candidate_id=6171,UMRETH,AAP,1,10th Pass,"Rs 57,99,000 ~ 57 Lacs+",Rs 0 ~
67,6442,Amrutbhai Purshottambhai Patel,https://myneta.info/Gujarat2022/candidate.php?candidate_id=6442,DAHEGAM,IND,0,Graduate,"Rs 53,85,320 ~ 53 Lacs+","Rs 3,28,638 ~ 3 Lacs+"
68,4993,Amrutiya Kantilal Shivlal,https://myneta.info/Gujarat2022/candidate.php?candidate_id=4993,MORBI,BJP,0,12th Pass,"Rs 9,23,58,032 ~ 9 Crore+","Rs 3,32,86,579 ~ 3 Crore+"
69,5942,Amrutji Motiji Thakor,https://myneta.info/Gujarat2022/candidate.php?candidate_id=5942,KANKREJ,INC,0,12th Pass,"Rs 3,85,30,623 ~ 3 Crore+","Rs 18,50,000 ~ 18 Lacs+"
70,6274,Amul Bhatt,https://myneta.info/Gujarat2022/candidate.php?candidate_id=6274,MANINAGAR,BJP,0,Post Graduate,"Rs 6,91,07,735 ~ 6 Crore+","Rs 77,43,626 ~ 77 Lacs+"
71,5038,Anand Krashnakant Buch,https://myneta.info/Gujarat2022/candidate.php?candidate_id=5038,KUTIYANA,IND,1,8th Pass,"Rs 20,000 ~ 20 Thou+",Rs 0 ~
72,5313,Anand P Rathod,https://myneta.info/Gujarat2022/candidate.php?candidate_id=5313,DASADA (SC),IND,0,Graduate,https://myneta.info/image_v2.php?myneta_folder=Gujarat2022&candidate_id=5313&col=ta,https://myneta.info/image_v2.php?myneta_folder=Gujarat2022&candidate_id=5313&col=lia
73,4918,Anandbhai Mohanbhai Chaudhari,https://myneta.info/Gujarat2022/candidate.php?candidate_id=4918,MANDVI (ST),INC,0,Others,"Rs 61,16,335 ~ 61 Lacs+",Rs 0 ~
74,4946,Anantkumar Hasmukhbhai Patel,https://myneta.info/Gujarat2022/candidate.php?candidate_id=4946,BANSDA (ST),INC,5,Post Graduate,"Rs 1,98,21,514 ~ 1 Crore+","Rs 12,75,000 ~ 12 Lacs+"
75,5935,Aniket Girishbhai Thaker,https://myneta.info/Gujarat2022/candidate.php?candidate_id=5935,PALANPUR,BJP,0,Graduate,"Rs 49,01,972 ~ 49 Lacs+","Rs 2,65,421 ~ 2 Lacs+"
76,6064,Anilbhai Lallubhai Parmar,https://myneta.info/Gujarat2022/candidate.php?candidate_id=6064,SAVLI,BSP,0,12th Pass,"Rs 15,56,000 ~ 15 Lacs+","Rs 70,000 ~ 70 Thou+"
77,6096,Anilbhai Somabhai Garasiya,https://myneta.info/Gujarat2022/candidate.php?candidate_id=6096,JHALOD (ST),AAP,0,Post Graduate,"Rs 51,32,917 ~ 51 Lacs+","Rs 32,94,767 ~ 32 Lacs+"
78,5487,Anilbhai Sumanbhai Chaudhari,https://myneta.info/Gujarat2022/candidate.php?candidate_id=5487,MANGROL (ST),INC,0,Graduate,"Rs 82,86,886 ~ 82 Lacs+","Rs 18,02,585 ~ 18 Lacs+"
79,5270,Aniruddha Bhailal Dave,https://myneta.info/Gujarat2022/candidate.php?candidate_id=5270,MANDVI,BJP,0,Post Graduate,"Rs 9,06,96,946 ~ 9 Crore+","Rs 59,89,452 ~ 59 Lacs+"
80,5458,Anish Ahmad Moriswala,https://myneta.info/Gujarat2022/candidate.php?candidate_id=5458,SURAT NORTH,Log Party,0,8th Pass,"Rs 1,48,600 ~ 1 Lacs+",Rs 0 ~
81,4967,Anishaben Kureshi,https://myneta.info/Gujarat2022/candidate.php?candidate_id=4967,LIMBAYAT,IND,0,Literate,https://myneta.info/image_v2.php?myneta_folder=Gujarat2022&candidate_id=4967&col=ta,https://myneta.info/image_v2.php?myneta_folder=Gujarat2022&candidate_id=4967&col=lia
82,6106,Anishbhai Gordhanbhai Baria,https://myneta.info/Gujarat2022/candidate.php?candidate_id=6106,HALOL,INC,0,Graduate,"Rs 82,50,000 ~ 82 Lacs+",Rs 0 ~
83,5080,Ankurkumar Laxmanbhai Patel,https://myneta.info/Gujarat2022/candidate.php?candidate_id=5080,ANKLESHWAR,AAP,0,Others,"Rs 1,74,14,200 ~ 1 Crore+","Rs 20,00,000 ~ 20 Lacs+"
84,5553,Anopsinh Gohil,https://myneta.info/Gujarat2022/candidate.php?candidate_id=5553,TALAJA,IND,0,Literate,"Rs 9,40,000 ~ 9 Lacs+","Rs 90,000 ~ 90 Thou+"
85,6732,Ansari Almasjaha Nisharahmed,https://myneta.info/Gujarat2022/candidate.php?candidate_id=6732,BAPUNAGAR,IND,0,Literate,"Rs 85,000 ~ 85 Thou+",Rs 0 ~
86,6755,Ansoyaben Patel,https://myneta.info/Gujarat2022/candidate.php?candidate_id=6755,SANAND,Aadi Bharat Party,0,8th Pass,"Rs 13,80,000 ~ 13 Lacs+",Rs 0 ~
87,5785,Antroliya Dhanabhai Munabhai,https://myneta.info/Gujarat2022/candidate.php?candidate_id=5785,KESHOD,Vyavastha Parivartan Party,0,8th Pass,"Rs 30,000 ~ 30 Thou+",Rs 0 ~
88,4872,Anvar Daud Kakal,https://myneta.info/Gujarat2022/candidate.php?candidate_id=4872,JAMNAGAR NORTH,IND,0,Literate,"Rs 5,00,000 ~ 5 Lacs+",Rs 0 ~
89,6549,Anvarbhai Gulamrasul Kasai,https://myneta.info/Gujarat2022/candidate.php?candidate_id=6549,NADIAD,IND,0,Literate,"Rs 65,000 ~ 65 Thou+",Rs 0 ~
90,5445,Anwar Hamid Shaikh,https://myneta.info/Gujarat2022/candidate.php?candidate_id=5445,KARANJ,IND,0,5th Pass,https://myneta.info/image_v2.php?myneta_folder=Gujarat2022&candidate_id=5445&col=ta,https://myneta.info/image_v2.php?myneta_folder=Gujarat2022&candidate_id=5445&col=lia
91,6308,Arifbhai Gulamnabi Vahora,https://myneta.info/Gujarat2022/candidate.php?candidate_id=6308,MAHUDHA,IND,0,12th Pass,"Rs 7,20,000 ~ 7 Lacs+","Rs 12,000 ~ 12 Thou+"
92,5805,Arifkhan Mahmadhusen Khoram,https://myneta.info/Gujarat2022/candidate.php?candidate_id=5805,MORBI,IND,0,8th Pass,"Rs 5,41,100 ~ 5 Lacs+",Rs 0 ~
93,5283,Arjan Bhudiya,https://myneta.info/Gujarat2022/candidate.php?candidate_id=5283,BHUJ,INC,1,8th Pass,"Rs 2,42,60,519 ~ 2 Crore+","Rs 12,40,000 ~ 12 Lacs+"
94,4989,Arjanbhai Chanabhai Rabari,https://myneta.info/Gujarat2022/candidate.php?candidate_id=4989,ANJAR,AAP,0,Literate,"Rs 36,96,500 ~ 36 Lacs+","Rs 11,85,000 ~ 11 Lacs+"
95,5665,Arjunbhai Devabhai Modhwadia,https://myneta.info/Gujarat2022/candidate.php?candidate_id=5665,PORBANDAR,INC,1,Graduate Professional,"Rs 3,96,91,720 ~ 3 Crore+","Rs 7,33,064 ~ 7 Lacs+"
96,6534,Arjunbhai Sidhabhai Bharwad,https://myneta.info/Gujarat2022/candidate.php?candidate_id=6534,PETLAD,AAP,0,5th Pass,"Rs 41,31,471 ~ 41 Lacs+","Rs 45,93,841 ~ 45 Lacs+"
97,6154,Arjunsinh Udesinh Chauhan,https://myneta.info/Gujarat2022/candidate.php?candidate_id=6154,MEHMEDABAD,BJP,0,Graduate,"Rs 84,58,062 ~ 84 Lacs+",Rs 0 ~
98,5869,Arun Mehta,https://myneta.info/Gujarat2022/candidate.php?candidate_id=5869,BHAVNAGAR EAST,CPI(M),0,Graduate,"Rs 43,10,000 ~ 43 Lacs+",Rs 0 ~
99,4957,Arun Pathak (Gabbar),https://myneta.info/Gujarat2022/candidate.php?candidate_id=4957,CHORYASI,IND,4,Others,https://myneta.info/image_v2.php?myneta_folder=Gujarat2022&candidate_id=4957&col=ta,https://myneta.info/image_v2.php?myneta_folder=Gujarat2022&candidate_id=4957&col=lia
100,4970,Arun Pathak (Gabbar),https://myneta.info/Gujarat2022/candidate.php?candidate_id=4970,LIMBAYAT,IND,4,Others,"Rs 19,17,542 ~ 19 Lacs+",Rs 0 ~
101,5482,Arunbhai Dhanjibhai Sakariya,https://myneta.info/Gujarat2022/candidate.php?candidate_id=5482,KAMREJ,BSP,0,Graduate,"Rs 1,45,890 ~ 1 Lacs+","Rs 1,30,537 ~ 1 Lacs+"
102,5444,Arunbhai Mansukhlal Parmar,https://myneta.info/Gujarat2022/candidate.php?candidate_id=5444,KARANJ,IND,1,8th Pass,"Rs 3,00,000 ~ 3 Lacs+",Rs 0 ~
103,6180,Arunkumar Kabhaibhai Gohil,https://myneta.info/Gujarat2022/candidate.php?candidate_id=6180,KHAMBHAT,AAP,0,Others,"Rs 24,01,000 ~ 24 Lacs+","Rs 28,567 ~ 28 Thou+"
104,5074,Arunsinh Ajitsinh Rana,https://myneta.info/Gujarat2022/candidate.php?candidate_id=5074,VAGRA,BJP,0,10th Pass,"Rs 16,34,50,840 ~ 16 Crore+","Rs 61,26,066 ~ 61 Lacs+"
105,5294,Arvind Ashok Sanghela,https://myneta.info/Gujarat2022/candidate.php?candidate_id=5294,GANDHIDHAM (SC),Gujarat Sarva Samaj Party,0,Others,"Rs 22,000 ~ 22 Thou+",Rs 0 ~
106,5372,Arvind Chhotubhai Patel,https://myneta.info/Gujarat2022/candidate.php?candidate_id=5372,DHARAMPUR (ST),BJP,0,Graduate,"Rs 2,66,65,354 ~ 2 Crore+",Rs 0 ~
107,5089,Arvind Shantilal Rana,https://myneta.info/Gujarat2022/candidate.php?candidate_id=5089,SURAT EAST,BJP,0,12th Pass,"Rs 5,63,33,105 ~ 5 Crore+",Rs 0 ~
108,5024,Arvindbhai Jinabhai Ladani,https://myneta.info/Gujarat2022/candidate.php?candidate_id=5024,MANAVADAR,INC,0,12th Pass,https://myneta.info/image_v2.php?myneta_folder=Gujarat2022&candidate_id=5024&col=ta,https://myneta.info/image_v2.php?myneta_folder=Gujarat2022&candidate_id=5024&col=lia
109,5310,Arvindbhai Kalubhai Solanki,https://myneta.info/Gujarat2022/candidate.php?candidate_id=5310,DASADA (SC),AAP,0,8th Pass,"Rs 2,91,93,919 ~ 2 Crore+","Rs 1,06,83,167 ~ 1 Crore+"
110,5788,Arvindbhai Keshavbhai Ladani,https://myneta.info/Gujarat2022/candidate.php?candidate_id=5788,KESHOD,IND,0,10th Pass,"Rs 2,37,33,196 ~ 2 Crore+","Rs 1,95,10,910 ~ 1 Crore+"
111,6398,Arvindji Alkhaji Thakor,https://myneta.info/Gujarat2022/candidate.php?candidate_id=6398,UNJHA,IND,0,Graduate,"Rs 5,41,000 ~ 5 Lacs+","Rs 10,10,000 ~ 10 Lacs+"
112,6458,Arvindji Jivanji Thakor,https://myneta.info/Gujarat2022/candidate.php?candidate_id=6458,MANSA,IND,0,5th Pass,"Rs 10,00,000 ~ 10 Lacs+",Rs 0 ~
113,6523,Arvindkumar Amarshibhai Gol,https://myneta.info/Gujarat2022/candidate.php?candidate_id=6523,ANAND,Rashtriya Hind Ekta Dal,3,10th Pass,"Rs 34,35,000 ~ 34 Lacs+",Rs 0 ~
114,6306,Asari Amrutbhai Dharmabhai,https://myneta.info/Gujarat2022/candidate.php?candidate_id=6306,BHILODA (ST),Gujarat Nav Nirman Sena,0,12th Pass,"Rs 40,30,000 ~ 40 Lacs+","Rs 22,00,000 ~ 22 Lacs+"
115,5674,Asatarbhai Aganibhai Panja,https://myneta.info/Gujarat2022/candidate.php?candidate_id=5674,SOMNATH,IND,0,5th Pass,"Rs 1,70,000 ~ 1 Lacs+",Rs 0 ~
116,5440,Ashaben Vinodbhai Mangale,https://myneta.info/Gujarat2022/candidate.php?candidate_id=5440,UDHNA,IND,0,5th Pass,"Rs 2,45,000 ~ 2 Lacs+",Rs 0 ~
117,5658,Asharafmiya Sidikmiya Kadri,https://myneta.info/Gujarat2022/candidate.php?candidate_id=5658,DWARKA,IND,0,Graduate Professional,https://myneta.info/image_v2.php?myneta_folder=Gujarat2022&candidate_id=5658&col=ta,https://myneta.info/image_v2.php?myneta_folder=Gujarat2022&candidate_id=5658&col=lia
118,6589,Ashok Mahendraprasad Nimbark,https://myneta.info/Gujarat2022/candidate.php?candidate_id=6589,VIRAMGAM,Gujarat Nav Nirman Sena,0,5th Pass,"Rs 27,000 ~ 27 Thou+",Rs 0 ~
119,5457,Ashok Patel (Adhevada),https://myneta.info/Gujarat2022/candidate.php?candidate_id=5457,SURAT NORTH,INC,1,8th Pass,"Rs 2,88,32,716 ~ 2 Crore+","Rs 36,00,629 ~ 36 Lacs+"
120,4983,Ashokbhai Chhotubhai Chaudhary,https://myneta.info/Gujarat2022/candidate.php?candidate_id=4983,MANDVI (ST),BSP,0,Graduate,"Rs 1,62,68,661 ~ 1 Crore+","Rs 30,00,000 ~ 30 Lacs+"
121,6248,Ashokbhai Gajera,https://myneta.info/Gujarat2022/candidate.php?candidate_id=6248,NIKOL,AAP,0,10th Pass,"Rs 83,56,043 ~ 83 Lacs+","Rs 61,04,544 ~ 61 Lacs+"
122,4947,Ashokbhai Lallubhai Patel (Karate),https://myneta.info/Gujarat2022/candidate.php?candidate_id=4947,GANDEVI (ST),INC,0,10th Pass,"Rs 44,17,662 ~ 44 Lacs+","Rs 11,25,000 ~ 11 Lacs+"
123,5172,Ashokbhai Mangalbhai Joliya,https://myneta.info/Gujarat2022/candidate.php?candidate_id=5172,MAHUVA,AAP,0,5th Pass,"Rs 27,35,280 ~ 27 Lacs+",Rs 0 ~
124,5349,Ashokbhai Mohanbhai Patel,https://myneta.info/Gujarat2022/candidate.php?candidate_id=5349,UMBERGAON (ST),AAP,0,12th Pass,"Rs 68,40,411 ~ 68 Lacs+",Rs 0 ~
125,6441,Ashokbhai Natubhai Rathod,https://myneta.info/Gujarat2022/candidate.php?candidate_id=6441,DAHEGAM,Right to Recall Party,0,12th Pass,"Rs 57,15,000 ~ 57 Lacs+","Rs 13,50,000 ~ 13 Lacs+"
126,6352,Ashokbhai Popatbhai Parmar,https://myneta.info/Gujarat2022/candidate.php?candidate_id=6352,DEESA,Garvi Gujarat Party,0,Graduate,https://myneta.info/image_v2.php?myneta_folder=Gujarat2022&candidate_id=6352&col=ta,https://myneta.info/image_v2.php?myneta_folder=Gujarat2022&candidate_id=6352&col=lia
127,6716,Ashokbhai V. Patel,https://myneta.info/Gujarat2022/candidate.php?candidate_id=6716,DHANDHUKA,Jan Sewa Driver Party,0,8th Pass,"Rs 51,91,370 ~ 51 Lacs+","Rs 25,60,000 ~ 25 Lacs+"
128,5193,Ashvin Kotval,https://myneta.info/Gujarat2022/candidate.php?candidate_id=5193,KHEDBRAHMA (ST),BJP,0,12th Pass,"Rs 1,67,11,821 ~ 1 Crore+","Rs 18,28,501 ~ 18 Lacs+"
129,6289,Ashvinbhai Kamshubhai Rathod,https://myneta.info/Gujarat2022/candidate.php?candidate_id=6289,DHOLKA,INC,0,10th Pass,"Rs 2,41,03,212 ~ 2 Crore+","Rs 20,57,730 ~ 20 Lacs+"
130,6070,Ashvinbhai Natvarbhai Patel (Kaka),https://myneta.info/Gujarat2022/candidate.php?candidate_id=6070,VAGHODIA,BJP,0,Graduate,"Rs 18,51,16,000 ~ 18 Crore+","Rs 65,96,618 ~ 65 Lacs+"
131,5819,Ashvinkumar Haribhai Tundiya,https://myneta.info/Gujarat2022/candidate.php?candidate_id=5819,MORBI,IND,0,10th Pass,"Rs 1,67,000 ~ 1 Lacs+",Rs 0 ~
132,5473,Aslam Firozbhai Cyclewala,https://myneta.info/Gujarat2022/candidate.php?candidate_id=5473,SURAT EAST,INC,4,10th Pass,"Rs 23,55,000 ~ 23 Lacs+",Rs 0 ~
133,5654,Ayar Mulubhai Hardasbhai Bera,https://myneta.info/Gujarat2022/candidate.php?candidate_id=5654,KHAMBHALIA,BJP,0,10th Pass,"Rs 5,93,58,379 ~ 5 Crore+","Rs 2,82,478 ~ 2 Lacs+"
134,5983,Ayaz Kazi,https://myneta.info/Gujarat2022/candidate.php?candidate_id=5983,LIMBAYAT,BSP,0,Illiterate,"Rs 1,40,000 ~ 1 Lacs+","Rs 37,980 ~ 37 Thou+"
135,5987,Azim Saiyad,https://myneta.info/Gujarat2022/candidate.php?candidate_id=5987,LIMBAYAT,IND,0,5th Pass,https://myneta.info/image_v2.php?myneta_folder=Gujarat2022&candidate_id=5987&col=ta,https://myneta.info/image_v2.php?myneta_folder=Gujarat2022&candidate_id=5987&col=lia
136,5843,Babubhai Bhalabhai Babariya,https://myneta.info/Gujarat2022/candidate.php?candidate_id=5843,RAJKOT RURAL (SC),IND,0,12th Pass,"Rs 10,15,000 ~ 10 Lacs+",Rs 0 ~
137,5662,Babubhai Bhimabhai Bokhiriya,https://myneta.info/Gujarat2022/candidate.php?candidate_id=5662,PORBANDAR,BJP,0,Graduate,"Rs 26,82,41,185 ~ 26 Crore+","Rs 3,48,30,290 ~ 3 Crore+"
138,6570,Babubhai Hirabhai Damor,https://myneta.info/Gujarat2022/candidate.php?candidate_id=6570,SANTRAMPUR (ST),IND,0,Graduate,"Rs 78,32,835 ~ 78 Lacs+","Rs 20,23,094 ~ 20 Lacs+"
139,6288,Babubhai Jamnadas Patel,https://myneta.info/Gujarat2022/candidate.php?candidate_id=6288,DASKROI,BJP,1,10th Pass,"Rs 61,47,89,929 ~ 61 Crore+","Rs 81,67,734 ~ 81 Lacs+"
140,5796,Babubhai Kalabhai Vaja,https://myneta.info/Gujarat2022/candidate.php?candidate_id=5796,MANGROL,INC,0,10th Pass,"Rs 82,85,924 ~ 82 Lacs+","Rs 4,28,200 ~ 4 Lacs+"
141,5839,Babubhai Virabhai Parmar,https://myneta.info/Gujarat2022/candidate.php?candidate_id=5839,RAJKOT RURAL (SC),IND,0,8th Pass,"Rs 99,06,473 ~ 99 Lacs+",Rs 0 ~
142,6236,Babusinh Sarabhai Jadav,https://myneta.info/Gujarat2022/candidate.php?candidate_id=6236,VATVA,BJP,0,10th Pass,"Rs 1,44,78,101 ~ 1 Crore+","Rs 31,20,721 ~ 31 Lacs+"
143,6220,Babusinhji Mohansinhji Thakor,https://myneta.info/Gujarat2022/candidate.php?candidate_id=6220,MANSA,INC,0,12th Pass,"Rs 1,12,74,961 ~ 1 Crore+",Rs 0 ~
144,5262,Bachubhai Gumanbhai Chaudhari,https://myneta.info/Gujarat2022/candidate.php?candidate_id=5262,MANDVI (ST),Bhartiya Tribal Party,0,5th Pass,https://myneta.info/image_v2.php?myneta_folder=Gujarat2022&candidate_id=5262&col=ta,https://myneta.info/image_v2.php?myneta_folder=Gujarat2022&candidate_id=5262&col=lia
145,6575,Badam Mo.Said Yusuf,https://myneta.info/Gujarat2022/candidate.php?candidate_id=6575,GODHRA,IND,1,5th Pass,"Rs 5,04,35,000 ~ 5 Crore+",Rs 0 ~
146,6663,Baghel Rajesh Vishvanathsingh,https://myneta.info/Gujarat2022/candidate.php?candidate_id=6663,AMRAIWADI,Vikas India Party,1,Graduate Professional,"Rs 4,77,064 ~ 4 Lacs+","Rs 13,858 ~ 13 Thou+"
147,5613,Bahadursing Devjibhai Vasava,https://myneta.info/Gujarat2022/candidate.php?candidate_id=5613,DEDIAPADA (ST),Bhartiya Tribal Party,2,12th Pass,"Rs 44,10,470 ~ 44 Lacs+","Rs 17,000 ~ 17 Thou+"
148,6191,Bahecharsinh Harisinh Rathod,https://myneta.info/Gujarat2022/candidate.php?candidate_id=6191,PRANTIJ,INC,0,12th Pass,"Rs 8,11,70,903 ~ 8 Crore+","Rs 5,34,130 ~ 5 Lacs+"
149,6429,Bakroliya Mohamadadnan Abdulmajidbhai,https://myneta.info/Gujarat2022/candidate.php?candidate_id=6429,MODASA,IND,0,12th Pass,"Rs 31,166 ~ 31 Thou+",Rs 0 ~
150,5870,Baldev Mavjibhai Solanki,https://myneta.info/Gujarat2022/candidate.php?candidate_id=5870,BHAVNAGAR EAST,INC,0,Graduate,"Rs 7,32,539 ~ 7 Lacs+",Rs 0 ~
151,6117,Baldevji Chanduji Thakor,https://myneta.info/Gujarat2022/candidate.php?candidate_id=6117,KALOL-GANDHINAGAR,INC,0,Graduate,"Rs 13,32,87,356 ~ 13 Crore+","Rs 21,35,275 ~ 21 Lacs+"
152,6518,Baldevsinh Udesinh Parmar,https://myneta.info/Gujarat2022/candidate.php?candidate_id=6518,UMRETH,IND,0,Post Graduate,"Rs 1,10,03,312 ~ 1 Crore+","Rs 18,79,595 ~ 18 Lacs+"
153,6057,Balkrishnabhai Naranbhai Patel (Dholar),https://myneta.info/Gujarat2022/candidate.php?candidate_id=6057,DABHOI,INC,0,10th Pass,https://myneta.info/image_v2.php?myneta_folder=Gujarat2022&candidate_id=6057&col=ta,https://myneta.info/image_v2.php?myneta_folder=Gujarat2022&candidate_id=6057&col=lia
154,6032,Balkrushna Khanderao Shukla (Balu Shukla),https://myneta.info/Gujarat2022/candidate.php?candidate_id=6032,RAOPURA,BJP,0,Post Graduate,"Rs 3,89,18,575 ~ 3 Crore+","Rs 29,87,818 ~ 29 Lacs+"
155,6394,Baloch Hasankhan Dayamkhan,https://myneta.info/Gujarat2022/candidate.php?candidate_id=6394,SIDHPUR,IND,2,Illiterate,"Rs 8,40,000 ~ 8 Lacs+",Rs 0 ~
156,6376,Baloch Jalamkhan Kayamkhan,https://myneta.info/Gujarat2022/candidate.php?candidate_id=6376,CHANASMA,IND,0,Illiterate,"Rs 16,50,000 ~ 16 Lacs+",Rs 0 ~
157,5810,Balvantbhai Nathubhai Shekhva,https://myneta.info/Gujarat2022/candidate.php?candidate_id=5810,MORBI,IND,0,Literate,"Rs 17,02,000 ~ 17 Lacs+",Rs 0 ~
158,5126,Balvantsinh Chandansinh Rajput,https://myneta.info/Gujarat2022/candidate.php?candidate_id=5126,SIDHPUR,BJP,0,Graduate,"Rs 3,72,65,34,801 ~ 372 Crore+","Rs 12,59,49,471 ~ 12 Crore+"
159,6237,Balvantsinh Hemantsang Gadhavi,https://myneta.info/Gujarat2022/candidate.php?candidate_id=6237,VATVA,INC,0,12th Pass,"Rs 28,82,68,646 ~ 28 Crore+","Rs 8,88,69,221 ~ 8 Crore+"
160,5424,Balwant Shantilal Jain,https://myneta.info/Gujarat2022/candidate.php?candidate_id=5424,MAJURA,INC,0,12th Pass,"Rs 2,19,31,426 ~ 2 Crore+","Rs 1,27,35,000 ~ 1 Crore+"
161,6543,Bamba Togabhai Punambhai,https://myneta.info/Gujarat2022/candidate.php?candidate_id=6543,MATAR,Gujarat Nav Nirman Sena,0,Graduate,"Rs 72,88,000 ~ 72 Lacs+",Rs 0 ~
162,5128,Bambhaniya Vallabhbhai Ratnabhai,https://myneta.info/Gujarat2022/candidate.php?candidate_id=5128,GARIADHAR,IND,0,5th Pass,https://myneta.info/image_v2.php?myneta_folder=Gujarat2022&candidate_id=5128&col=ta,https://myneta.info/image_v2.php?myneta_folder=Gujarat2022&candidate_id=5128&col=lia
163,5417,Bapubhai Nanabhai Khalane,https://myneta.info/Gujarat2022/candidate.php?candidate_id=5417,KATARGAM,IND,1,10th Pass,"Rs 72,000 ~ 72 Thou+","Rs 3,18,637 ~ 3 Lacs+"
164,5062,Baraiya Gobarbhai Kanjibhai,https://myneta.info/Gujarat2022/candidate.php?candidate_id=5062,BHAVNAGAR WEST,Vyavastha Parivartan Party,1,Literate,"Rs 45,33,000 ~ 45 Lacs+","Rs 65,000 ~ 65 Thou+"
165,5376,Barat Anandbhai Dubiyabhai,https://myneta.info/Gujarat2022/candidate.php?candidate_id=5376,DHARAMPUR (ST),CPI(ML)(L),0,Literate,"Rs 15,55,186 ~ 15 Lacs+","Rs 10,000 ~ 10 Thou+"
166,6092,Baria Nareshbhai Punabhai,https://myneta.info/Gujarat2022/candidate.php?candidate_id=6092,LIMKHEDA (ST),AAP,2,Graduate,"Rs 22,72,350 ~ 22 Lacs+","Rs 28,709 ~ 28 Thou+"
167,5760,Basirbhai Sidikbhai Sama,https://myneta.info/Gujarat2022/candidate.php?candidate_id=5760,JAMJODHPUR,IND,0,5th Pass,"Rs 12,05,700 ~ 12 Lacs+","Rs 6,73,100 ~ 6 Lacs+"
168,5017,Bathwar Sureshkumar Karshanbhai,https://myneta.info/Gujarat2022/candidate.php?candidate_id=5017,RAJKOT RURAL (SC),INC,0,Graduate Professional,"Rs 3,07,22,894 ~ 3 Crore+","Rs 83,35,015 ~ 83 Lacs+"
169,5606,Bavaliya Jayeshbhai Bhagvanbhai,https://myneta.info/Gujarat2022/candidate.php?candidate_id=5606,BOTAD,IND,0,5th Pass,"Rs 8,10,000 ~ 8 Lacs+",Rs 0 ~
170,5849,Belim Sikandar Husenbhai,https://myneta.info/Gujarat2022/candidate.php?candidate_id=5849,RAJKOT WEST,IND,0,8th Pass,"Rs 11,46,820 ~ 11 Lacs+","Rs 2,15,000 ~ 2 Lacs+"
171,6093,Bhabhor Shaileshbhai Sumanbhai,https://myneta.info/Gujarat2022/candidate.php?candidate_id=6093,LIMKHEDA (ST),BJP,0,Post Graduate,https://myneta.info/image_v2.php?myneta_folder=Gujarat2022&candidate_id=6093&col=ta,https://myneta.info/image_v2.php?myneta_folder=Gujarat2022&candidate_id=6093&col=lia
172,5302,Bhachubhai Dharamshi Aarethiya,https://myneta.info/Gujarat2022/candidate.php?candidate_id=5302,RAPAR,INC,2,10th Pass,"Rs 97,48,74,784 ~ 97 Crore+","Rs 30,75,01,712 ~ 30 Crore+"
173,5689,Bhagabhai Dhanabhai Barad,https://myneta.info/Gujarat2022/candidate.php?candidate_id=5689,TALALA,BJP,0,Graduate,"Rs 12,47,39,689 ~ 12 Crore+","Rs 89,84,847 ~ 89 Lacs+"
174,5925,Bhagvanbhai Hajabhai Patel,https://myneta.info/Gujarat2022/candidate.php?candidate_id=5925,DHANERA,BJP,1,Graduate,"Rs 1,47,20,693 ~ 1 Crore+","Rs 27,65,276 ~ 27 Lacs+"
175,5030,Bhagvanji H. Thobhani,https://myneta.info/Gujarat2022/candidate.php?candidate_id=5030,DWARKA,IND,1,8th Pass,"Rs 4,97,500 ~ 4 Lacs+","Rs 1,31,000 ~ 1 Lacs+"
176,6501,Bhailalbhai Kalubhai Pandav,https://myneta.info/Gujarat2022/candidate.php?candidate_id=6501,KHAMBHAT,BSP,0,10th Pass,"Rs 18,30,000 ~ 18 Lacs+",Rs 0 ~
177,5496,Bhaliya Khimjibhai Hakabhai,https://myneta.info/Gujarat2022/candidate.php?candidate_id=5496,OLPAD,BSP,0,5th Pass,"Rs 1,18,195 ~ 1 Lacs+",Rs 0 ~
178,6128,Bhanabhai Mansukhbhai Damor,https://myneta.info/Gujarat2022/candidate.php?candidate_id=6128,MORVA HADAF (ST),AAP,0,Graduate Professional,"Rs 25,31,300 ~ 25 Lacs+",Rs 0 ~
179,5016,Bhanuben Manoharbhai Babariya,https://myneta.info/Gujarat2022/candidate.php?candidate_id=5016,RAJKOT RURAL (SC),BJP,0,Graduate,"Rs 2,79,89,092 ~ 2 Crore+","Rs 16,02,000 ~ 16 Lacs+"
180,5252,Bhanushali Suresh Manji Mange,https://myneta.info/Gujarat2022/candidate.php?candidate_id=5252,ABDASA,IND,0,8th Pass,https://myneta.info/image_v2.php?myneta_folder=Gujarat2022&candidate_id=5252&col=ta,https://myneta.info/image_v2.php?myneta_folder=Gujarat2022&candidate_id=5252&col=lia
181,6665,Bharat Jain,https://myneta.info/Gujarat2022/candidate.php?candidate_id=6665,AMRAIWADI,Jan Sewa Driver Party,0,5th Pass,"Rs 6,02,449 ~ 6 Lacs+","Rs 1,85,399 ~ 1 Lacs+"
182,5050,Bharat Nakarani,https://myneta.info/Gujarat2022/candidate.php?candidate_id=5050,SAVARKUNDLA,AAP,0,5th Pass,"Rs 1,60,750 ~ 1 Lacs+","Rs 19,38,467 ~ 19 Lacs+"
183,6024,Bharat Rohit (Baba),https://myneta.info/Gujarat2022/candidate.php?candidate_id=6024,MANJALPUR,BSP,0,12th Pass,"Rs 25,22,948 ~ 25 Lacs+","Rs 11,79,481 ~ 11 Lacs+"
184,5907,Bharatbhai B. Patel,https://myneta.info/Gujarat2022/candidate.php?candidate_id=5907,LIMBAYAT,CPI(M),0,5th Pass,"Rs 4,15,000 ~ 4 Lacs+",Rs 0 ~
185,4944,Bharatbhai Kikubhai Patel,https://myneta.info/Gujarat2022/candidate.php?candidate_id=4944,VALSAD,BJP,0,Post Graduate,"Rs 3,14,04,528 ~ 3 Crore+","Rs 5,38,758 ~ 5 Lacs+"
186,5845,Bharatbhai Mavjibhai Chavda,https://myneta.info/Gujarat2022/candidate.php?candidate_id=5845,RAJKOT RURAL (SC),IND,0,5th Pass,"Rs 3,41,308 ~ 3 Lacs+",Rs 0 ~
187,4875,Bharatbhai Veljibhai Solanki,https://myneta.info/Gujarat2022/candidate.php?candidate_id=4875,GANDHIDHAM (SC),INC,0,8th Pass,"Rs 1,52,13,397 ~ 1 Crore+","Rs 95,65,148 ~ 95 Lacs+"
188,6460,Bharatkumar Amaraji Thakor,https://myneta.info/Gujarat2022/candidate.php?candidate_id=6460,MANSA,IND,0,10th Pass,"Rs 22,80,000 ~ 22 Lacs+",Rs 0 ~
189,5105,Bharatkumar Baldaniya,https://myneta.info/Gujarat2022/candidate.php?candidate_id=5105,RAJULA,AAP,0,12th Pass,https://myneta.info/image_v2.php?myneta_folder=Gujarat2022&candidate_id=5105&col=ta,https://myneta.info/image_v2.php?myneta_folder=Gujarat2022&candidate_id=5105&col=lia
190,6336,Bharatkumar Khemabhai Charamta,https://myneta.info/Gujarat2022/candidate.php?candidate_id=6336,THARAD,Praja Vijay Paksh,1,Post Graduate,"Rs 14,10,000 ~ 14 Lacs+",Rs 0 ~
191,6108,Bharatkumar Rathava,https://myneta.info/Gujarat2022/candidate.php?candidate_id=6108,HALOL,AAP,1,12th Pass,"Rs 59,66,623 ~ 59 Lacs+","Rs 4,30,994 ~ 4 Lacs+"
192,5218,Bharti Parmar,https://myneta.info/Gujarat2022/candidate.php?candidate_id=5218,AKOTA,SUCI(C),0,Graduate,"Rs 2,32,574 ~ 2 Lacs+",Rs 0 ~
193,5446,Bharti Prakashbhai Patel,https://myneta.info/Gujarat2022/candidate.php?candidate_id=5446,KARANJ,INC,3,Graduate,"Rs 16,84,03,315 ~ 16 Crore+",Rs 0 ~
194,6380,Bhartji Kantiji Thakor,https://myneta.info/Gujarat2022/candidate.php?candidate_id=6380,PATAN,National Maha Sabha Party,0,8th Pass,"Rs 2,80,000 ~ 2 Lacs+","Rs 55,536 ~ 55 Thou+"
195,6666,Bharwad Anilkumar Jitubhai (Anil Amdavadi),https://myneta.info/Gujarat2022/candidate.php?candidate_id=6666,AMRAIWADI,Bahujan Republican Socialist Party,0,12th Pass,"Rs 27,27,000 ~ 27 Lacs+",Rs 0 ~
196,6222,Bharwad Lakhabhai Bhikhabhai,https://myneta.info/Gujarat2022/candidate.php?candidate_id=6222,VIRAMGAM,INC,0,Graduate,"Rs 9,63,22,624 ~ 9 Crore+","Rs 35,96,772 ~ 35 Lacs+"
197,6219,Bhaskarbhai Babubhai Patel,https://myneta.info/Gujarat2022/candidate.php?candidate_id=6219,MANSA,AAP,0,12th Pass,"Rs 1,24,89,050 ~ 1 Crore+",Rs 0 ~
198,6322,Bhatiya Piyushbhai Bhikhabhai,https://myneta.info/Gujarat2022/candidate.php?candidate_id=6322,VADGAM (SC),IND,2,12th Pass,https://myneta.info/image_v2.php?myneta_folder=Gujarat2022&candidate_id=6322&col=ta,https://myneta.info/image_v2.php?myneta_folder=Gujarat2022&candidate_id=6322&col=lia
199,6679,Bhatt Sunilkumar Narendrabhai,https://myneta.info/Gujarat2022/candidate.php?candidate_id=6679,MANINAGAR,Right to Recall Party,0,Post Graduate,"Rs 17,35,949 ~ 17 Lacs+",Rs 0 ~
200,6664,Bhatt Sunilkumar Narendrabhai,https://myneta.info/Gujarat2022/candidate.php?candidate_id=6664,AMRAIWADI,Right to Recall Party,0,Post Graduate,"Rs 17,35,949 ~ 17 Lacs+",Rs 0 ~
201,5330,Bhavanbhai Devjibhai Vora,https://myneta.info/Gujarat2022/candidate.php?candidate_id=5330,WADHWAN,IND,0,Graduate,"Rs 21,22,000 ~ 21 Lacs+",Rs 0 ~
202,6330,Bhaveshkumar Narottambhai Patel,https://myneta.info/Gujarat2022/candidate.php?candidate_id=6330,BECHARAJI,IND,0,10th Pass,"Rs 95,71,379 ~ 95 Lacs+","Rs 83,07,200 ~ 83 Lacs+"
203,5186,Bhemabhai Ragnathbhai Chaudhary,https://myneta.info/Gujarat2022/candidate.php?candidate_id=5186,DEODAR,AAP,1,Post Graduate,"Rs 48,84,586 ~ 48 Lacs+","Rs 11,80,800 ~ 11 Lacs+"
204,5920,Bhemajibhai Patel,https://myneta.info/Gujarat2022/candidate.php?candidate_id=5920,VAV,AAP,0,Graduate Professional,"Rs 78,64,279 ~ 78 Lacs+","Rs 63,34,922 ~ 63 Lacs+"
205,5566,Bhikhabhai Ravajibhai Baraiya,https://myneta.info/Gujarat2022/candidate.php?candidate_id=5566,PALITANA,BJP,0,12th Pass,"Rs 89,72,311 ~ 89 Lacs+",Rs 0 ~
206,6204,Bhikhiben Girvatsinh Parmar,https://myneta.info/Gujarat2022/candidate.php?candidate_id=6204,BAYAD,BJP,0,12th Pass,"Rs 1,57,55,411 ~ 1 Crore+","Rs 10,44,484 ~ 10 Lacs+"
207,6239,Bhikhubhai Hargovindbhai Dave,https://myneta.info/Gujarat2022/candidate.php?candidate_id=6239,ELLISBRIDGE,INC,0,Graduate,https://myneta.info/image_v2.php?myneta_folder=Gujarat2022&candidate_id=6239&col=ta,https://myneta.info/image_v2.php?myneta_folder=Gujarat2022&candidate_id=6239&col=lia
208,6201,Bhikhusinhji Chatursinhji Parmar,https://myneta.info/Gujarat2022/candidate.php?candidate_id=6201,MODASA,BJP,0,10th Pass,"Rs 4,43,74,986 ~ 4 Crore+","Rs 2,39,41,403 ~ 2 Crore+"
209,5042,Bhimabhai Danabhai Makvana,https://myneta.info/Gujarat2022/candidate.php?candidate_id=5042,KUTIYANA,AAP,0,Literate,"Rs 1,03,25,931 ~ 1 Crore+","Rs 5,31,526 ~ 5 Lacs+"
210,5137,Bhimabhai Popatbhai Dabhi,https://myneta.info/Gujarat2022/candidate.php?candidate_id=5137,CHOTILA,BSP,0,Illiterate,"Rs 78,43,000 ~ 78 Lacs+",Rs 0 ~
211,6512,Bhoi Ashishkumar Thakorbhai,https://myneta.info/Gujarat2022/candidate.php?candidate_id=6512,BORSAD,IND,1,Graduate,"Rs 50,000 ~ 50 Thou+",Rs 0 ~
212,4915,Bholabhai Bhikhabhai Gohel,https://myneta.info/Gujarat2022/candidate.php?candidate_id=4915,JASDAN,INC,0,Others,"Rs 3,01,60,000 ~ 3 Crore+","Rs 5,00,000 ~ 5 Lacs+"
213,5848,Bhumika Pareshbhai Patel,https://myneta.info/Gujarat2022/candidate.php?candidate_id=5848,RAJKOT SOUTH,IND,1,Graduate Professional,"Rs 17,55,000 ~ 17 Lacs+",Rs 0 ~
214,5563,Bhupatabhai Mohanbhai Vala,https://myneta.info/Gujarat2022/candidate.php?candidate_id=5563,GARIADHAR,Right to Recall Party,0,Literate,"Rs 5,35,000 ~ 5 Lacs+",Rs 0 ~
215,4906,Bhupatbhai Chhaganbhai Unava,https://myneta.info/Gujarat2022/candidate.php?candidate_id=4906,DHARI,Vyavastha Parivartan Party,1,Illiterate,"Rs 8,68,000 ~ 8 Lacs+","Rs 3,92,000 ~ 3 Lacs+"
216,5282,Bhupendra Babulal Joshi,https://myneta.info/Gujarat2022/candidate.php?candidate_id=5282,BHUJ,IND,0,5th Pass,https://myneta.info/image_v2.php?myneta_folder=Gujarat2022&candidate_id=5282&col=ta,https://myneta.info/image_v2.php?myneta_folder=Gujarat2022&candidate_id=5282&col=lia
217,5855,Bhupendra Bhavanbhai Patoliya,https://myneta.info/Gujarat2022/candidate.php?candidate_id=5855,RAJKOT WEST,IND,0,Graduate,Nil,Rs 0 ~
218,4914,Bhupendra Kanubhai Sagthiya,https://myneta.info/Gujarat2022/candidate.php?candidate_id=4914,WANKANER,BSP,0,8th Pass,"Rs 6,80,000 ~ 6 Lacs+",Rs 0 ~
219,5781,Bhupendrabhai Gandubhai Bhayani,https://myneta.info/Gujarat2022/candidate.php?candidate_id=5781,VISAVADAR,AAP,1,10th Pass,"Rs 64,97,524 ~ 64 Lacs+","Rs 13,65,762 ~ 13 Lacs+"
220,6229,Bhupendrabhai Rajnikant Patel,https://myneta.info/Gujarat2022/candidate.php?candidate_id=6229,GHATLODIA,BJP,0,Others,"Rs 8,22,80,688 ~ 8 Crore+","Rs 1,53,10,680 ~ 1 Crore+"
221,6406,Bhupendrakumar Bhikhabhai Ravat,https://myneta.info/Gujarat2022/candidate.php?candidate_id=6406,KADI (SC),Rashtriya Hind Ekta Dal,0,12th Pass,"Rs 11,00,000 ~ 11 Lacs+",Rs 0 ~
222,4930,Bhuralal Meghajibhai Parmar,https://myneta.info/Gujarat2022/candidate.php?candidate_id=4930,JAMNAGAR RURAL,IND,0,10th Pass,"Rs 2,65,000 ~ 2 Lacs+",Rs 0 ~
223,6271,Bhushan Ashok Bhatt,https://myneta.info/Gujarat2022/candidate.php?candidate_id=6271,JAMALPUR-KHADIA,BJP,1,12th Pass,"Rs 2,80,01,898 ~ 2 Crore+","Rs 43,00,071 ~ 43 Lacs+"
224,5023,Bipendrasinh Chatursinh Jadeja,https://myneta.info/Gujarat2022/candidate.php?candidate_id=5023,JAMNAGAR NORTH,INC,0,Graduate Professional,"Rs 1,71,94,887 ~ 1 Crore+",Rs 0 ~
225,6238,Bipin Patel,https://myneta.info/Gujarat2022/candidate.php?candidate_id=6238,VATVA,AAP,1,10th Pass,https://myneta.info/image_v2.php?myneta_folder=Gujarat2022&candidate_id=6238&col=ta,https://myneta.info/image_v2.php?myneta_folder=Gujarat2022&candidate_id=6238&col=lia
226,6312,Bipinbhai Manilal Bhetasiya,https://myneta.info/Gujarat2022/candidate.php?candidate_id=6312,ANKLAV,BSP,0,12th Pass,"Rs 7,11,150 ~ 7 Lacs+",Rs 0 ~
227,5404,Bipinchandra Khushalbhai Chaudhari,https://myneta.info/Gujarat2022/candidate.php?candidate_id=5404,VYARA (ST),AAP,0,Post Graduate,"Rs 49,72,861 ~ 49 Lacs+","Rs 61,00,000 ~ 61 Lacs+"
228,5341,Bobda Nazirhusen Gulabbhai,https://myneta.info/Gujarat2022/candidate.php?candidate_id=5341,DHRANGADHRA,IND,0,12th Pass,"Rs 7,74,000 ~ 7 Lacs+",Rs 0 ~
229,5353,Bochal Hasmukhbhai Ramanbhai,https://myneta.info/Gujarat2022/candidate.php?candidate_id=5353,UMBERGAON (ST),CPI(M),0,10th Pass,"Rs 6,87,063 ~ 6 Lacs+",Rs 0 ~
230,6341,Bochiya Mohanbhai Ishvarbhai,https://myneta.info/Gujarat2022/candidate.php?candidate_id=6341,THARAD,IND,0,Graduate,"Rs 3,10,819 ~ 3 Lacs+","Rs 18,94,600 ~ 18 Lacs+"
231,5836,Boricha Devshibhai Kumbhabhai,https://myneta.info/Gujarat2022/candidate.php?candidate_id=5836,JETPUR,BSP,0,8th Pass,"Rs 31,23,357 ~ 31 Lacs+","Rs 3,00,000 ~ 3 Lacs+"
232,6342,Brahmkshatriya Bhagavtiben Khetsinhbhai,https://myneta.info/Gujarat2022/candidate.php?candidate_id=6342,THARAD,IND,0,5th Pass,"Rs 24,65,000 ~ 24 Lacs+",Rs 0 ~
233,4910,Budhabhai Thavar Maheshwari,https://myneta.info/Gujarat2022/candidate.php?candidate_id=4910,GANDHIDHAM (SC),AAP,0,Graduate Professional,"Rs 94,08,642 ~ 94 Lacs+",Rs 0 ~
234,6674,Bukeliya Hiteshbhai Sanjaybhai,https://myneta.info/Gujarat2022/candidate.php?candidate_id=6674,JAMALPUR-KHADIA,Rashtriya Power Party,0,8th Pass,https://myneta.info/image_v2.php?myneta_folder=Gujarat2022&candidate_id=6674&col=ta,https://myneta.info/image_v2.php?myneta_folder=Gujarat2022&candidate_id=6674&col=lia
235,5648,Bukhari Yakub Mohammad Hushen,https://myneta.info/Gujarat2022/candidate.php?candidate_id=5648,KHAMBHALIA,All India Majlis-E-Ittehadul Muslimeen,0,8th Pass,"Rs 1,52,198 ~ 1 Lacs+",Rs 0 ~
236,5928,Bumbadiya Mahendrabhai Kesharabhai,https://myneta.info/Gujarat2022/candidate.php?candidate_id=5928,DANTA (ST),AAP,0,10th Pass,"Rs 2,65,500 ~ 2 Lacs+","Rs 6,00,000 ~ 6 Lacs+"
237,5155,Butani Rajeshbhai Maganbhai,https://myneta.info/Gujarat2022/candidate.php?candidate_id=5155,KUTIYANA,Rashtriya Hind Ekta Dal,0,10th Pass,"Rs 63,84,000 ~ 63 Lacs+","Rs 18,00,000 ~ 18 Lacs+"
238,6122,C.K.Raulji,https://myneta.info/Gujarat2022/candidate.php?candidate_id=6122,GODHRA,BJP,0,12th Pass,"Rs 13,43,47,638 ~ 13 Crore+",Rs 0 ~
239,6273,C.M. Rajput,https://myneta.info/Gujarat2022/candidate.php?candidate_id=6273,MANINAGAR,INC,1,Graduate,"Rs 5,30,41,777 ~ 5 Crore+","Rs 1,50,640 ~ 1 Lacs+"
240,6034,Chaitanya Makarandbhai Desai,https://myneta.info/Gujarat2022/candidate.php?candidate_id=6034,AKOTA,BJP,0,10th Pass,"Rs 8,56,28,880 ~ 8 Crore+",Rs 0 ~
241,6014,Chaitanyasinh Pratapsinh Zala,https://myneta.info/Gujarat2022/candidate.php?candidate_id=6014,PADRA,BJP,1,Graduate Professional,"Rs 70,22,038 ~ 70 Lacs+","Rs 27,000 ~ 27 Thou+"
242,5183,Chaitarbhai Damjibhai Vasava,https://myneta.info/Gujarat2022/candidate.php?candidate_id=5183,DEDIAPADA (ST),AAP,8,Graduate,"Rs 60,87,000 ~ 60 Lacs+",Rs 0 ~
243,5007,Chamanbhai Savsani,https://myneta.info/Gujarat2022/candidate.php?candidate_id=5007,RAJKOT WEST,BSP,0,8th Pass,https://myneta.info/image_v2.php?myneta_folder=Gujarat2022&candidate_id=5007&col=ta,https://myneta.info/image_v2.php?myneta_folder=Gujarat2022&candidate_id=5007&col=lia
244,5157,Champaben Narshibhai Rathod,https://myneta.info/Gujarat2022/candidate.php?candidate_id=5157,RAJULA,IND,0,Illiterate,"Rs 4,46,195 ~ 4 Lacs+",Rs 0 ~
245,5534,Champubhai Dhakhada,https://myneta.info/Gujarat2022/candidate.php?candidate_id=5534,RAJULA,Gujarat Nav Nirman Sena,1,10th Pass,"Rs 13,90,000 ~ 13 Lacs+",Rs 0 ~
246,5880,Chanani Mushabhai Abharambhai,https://myneta.info/Gujarat2022/candidate.php?candidate_id=5880,TANKARA,BSP,0,Illiterate,"Rs 7,40,000 ~ 7 Lacs+",Rs 0 ~
247,5955,Chandanji Talaji Thakor,https://myneta.info/Gujarat2022/candidate.php?candidate_id=5955,SIDHPUR,INC,0,10th Pass,"Rs 18,52,46,381 ~ 18 Crore+","Rs 11,27,39,420 ~ 11 Crore+"
248,5691,Chandpa Karshanbhai Govindbhai,https://myneta.info/Gujarat2022/candidate.php?candidate_id=5691,TALALA,IND,0,5th Pass,"Rs 50,40,000 ~ 50 Lacs+","Rs 4,35,000 ~ 4 Lacs+"
249,5714,Chandra Dharmendra Dhirajlal,https://myneta.info/Gujarat2022/candidate.php?candidate_id=5714,JAMNAGAR RURAL,IND,0,8th Pass,"Rs 11,53,000 ~ 11 Lacs+","Rs 1,60,000 ~ 1 Lacs+"
250,5214,Chandrikaben Bariya,https://myneta.info/Gujarat2022/candidate.php?candidate_id=5214,GARBADA (ST),INC,0,10th Pass,"Rs 1,02,13,637 ~ 1 Crore+","Rs 21,16,000 ~ 21 Lacs+"
251,6295,Chandubhai Mansangbhai Bamroliya,https://myneta.info/Gujarat2022/candidate.php?candidate_id=6295,DHANDHUKA,AAP,0,Graduate,"Rs 97,67,618 ~ 97 Lacs+","Rs 9,00,000 ~ 9 Lacs+"
252,4870,Chandulal Mohanbhai Rathod,https://myneta.info/Gujarat2022/candidate.php?candidate_id=4870,KUTIYANA,IND,0,5th Pass,https://myneta.info/image_v2.php?myneta_folder=Gujarat2022&candidate_id=4870&col=ta,https://myneta.info/image_v2.php?myneta_folder=Gujarat2022&candidate_id=4870&col=lia
253,5503,Chaturbhai Parshotambhai Rudani,https://myneta.info/Gujarat2022/candidate.php?candidate_id=5503,DHARI,IND,0,5th Pass,"Rs 60,63,000 ~ 60 Lacs+",Rs 0 ~
254,6362,Chaudhari Babubhai Mahdevbhai,https://myneta.info/Gujarat2022/candidate.php?candidate_id=6362,KANKREJ,IND,0,Graduate,"Rs 1,75,000 ~ 1 Lacs+",Rs 0 ~
255,6621,Chaudhari Jagbirsingh,https://myneta.info/Gujarat2022/candidate.php?candidate_id=6621,VATVA,Jan Sewa Driver Party,0,10th Pass,"Rs 6,20,46,216 ~ 6 Crore+","Rs 3,22,06,974 ~ 3 Crore+"
256,6444,Chaudhari Kishorsinh Shrichand,https://myneta.info/Gujarat2022/candidate.php?candidate_id=6444,GANDHINAGAR SOUTH,Jan Sewa Driver Party,0,5th Pass,"Rs 82,49,646 ~ 82 Lacs+","Rs 5,69,373 ~ 5 Lacs+"
257,5260,Chaudhari Pradipbhai Thagabhai,https://myneta.info/Gujarat2022/candidate.php?candidate_id=5260,MANDVI (ST),IND,0,10th Pass,"Rs 10,18,289 ~ 10 Lacs+",Rs 0 ~
258,6423,Chaudhari Shankarbhai Devjibhai,https://myneta.info/Gujarat2022/candidate.php?candidate_id=6423,VIJAPUR,IND,0,12th Pass,"Rs 11,91,549 ~ 11 Lacs+",Rs 0 ~
259,6208,Chauhan Balrajsinh Kalyansinh,https://myneta.info/Gujarat2022/candidate.php?candidate_id=6208,DAHEGAM,BJP,0,Graduate Professional,"Rs 1,20,00,979 ~ 1 Crore+","Rs 6,66,000 ~ 6 Lacs+"
260,5752,Chauhan Bharatbhai Mohanbhai,https://myneta.info/Gujarat2022/candidate.php?candidate_id=5752,JAMNAGAR SOUTH,IND,0,Graduate Professional,"Rs 55,000 ~ 55 Thou+",Rs 0 ~
261,5601,Chauhan Champaben Zaverbhai,https://myneta.info/Gujarat2022/candidate.php?candidate_id=5601,BOTAD,IND,0,Post Graduate,https://myneta.info/image_v2.php?myneta_folder=Gujarat2022&candidate_id=5601&col=ta,https://myneta.info/image_v2.php?myneta_folder=Gujarat2022&candidate_id=5601&col=lia
262,5246,Chauhan Jerambhai Govindbhai,https://myneta.info/Gujarat2022/candidate.php?candidate_id=5246,DHRANGADHRA,IND,0,12th Pass,"Rs 1,93,000 ~ 1 Lacs+",Rs 0 ~
263,5887,Chauhan Juned Abdul Rajak,https://myneta.info/Gujarat2022/candidate.php?candidate_id=5887,JAMNAGAR SOUTH,IND,9,8th Pass,"Rs 22,73,500 ~ 22 Lacs+","Rs 18,31,593 ~ 18 Lacs+"
264,6225,Chauhan Kalubhai Mapabhai,https://myneta.info/Gujarat2022/candidate.php?candidate_id=6225,SANAND,BSP,0,5th Pass,"Rs 10,90,000 ~ 10 Lacs+",Rs 0 ~
265,5064,Chauhan Kamleshbhai Arjanbhai,https://myneta.info/Gujarat2022/candidate.php?candidate_id=5064,BOTAD,Vyavastha Parivartan Party,1,5th Pass,"Rs 1,46,000 ~ 1 Lacs+","Rs 9,50,000 ~ 9 Lacs+"
266,6506,Chauhan Mahipatsinh Kesarisinh,https://myneta.info/Gujarat2022/candidate.php?candidate_id=6506,KHAMBHAT,IND,3,Graduate,"Rs 40,52,100 ~ 40 Lacs+","Rs 15,000 ~ 15 Thou+"
267,6545,Chauhan Mahipatsinh Kesarisinh,https://myneta.info/Gujarat2022/candidate.php?candidate_id=6545,MATAR,IND,3,Graduate,"Rs 40,52,100 ~ 40 Lacs+","Rs 15,000 ~ 15 Thou+"
268,6301,Chauhan Mukeshsinh,https://myneta.info/Gujarat2022/candidate.php?candidate_id=6301,KHERALU,Garvi Gujarat Party,0,5th Pass,"Rs 82,500 ~ 82 Thou+",Rs 0 ~
269,4900,Chauhan Mulshankarbhai Raghurambhai,https://myneta.info/Gujarat2022/candidate.php?candidate_id=4900,BOTAD,BSP,0,10th Pass,"Rs 10,09,101 ~ 10 Lacs+","Rs 40,000 ~ 40 Thou+"
270,5018,Chauhan Pravinbhai Danabhai,https://myneta.info/Gujarat2022/candidate.php?candidate_id=5018,KALAVAD (SC),IND,0,5th Pass,https://myneta.info/image_v2.php?myneta_folder=Gujarat2022&candidate_id=5018&col=ta,https://myneta.info/image_v2.php?myneta_folder=Gujarat2022&candidate_id=5018&col=lia
271,6072,Chauhan Samatsinh Mansukhbhai,https://myneta.info/Gujarat2022/candidate.php?candidate_id=6072,DEVGADHBARIA,Praja Vijay Paksh,0,10th Pass,"Rs 37,72,833 ~ 37 Lacs+","Rs 45,20,000 ~ 45 Lacs+"
272,5123,Chauhan Shamajibhai Bhimajibhai,https://myneta.info/Gujarat2022/candidate.php?candidate_id=5123,CHOTILA,BJP,0,10th Pass,"Rs 3,07,11,771 ~ 3 Crore+","Rs 30,00,000 ~ 30 Lacs+"
273,5557,Chauhan Sunilbhai,https://myneta.info/Gujarat2022/candidate.php?candidate_id=5557,TALAJA,IND,3,10th Pass,"Rs 13,73,400 ~ 13 Lacs+",Rs 0 ~
274,6205,Chauhan Vakhatsinh Amarasinh,https://myneta.info/Gujarat2022/candidate.php?candidate_id=6205,DAHEGAM,INC,0,10th Pass,"Rs 79,25,858 ~ 79 Lacs+","Rs 5,95,889 ~ 5 Lacs+"
275,6480,Chauhan Vijaysinh Karansinh,https://myneta.info/Gujarat2022/candidate.php?candidate_id=6480,PRANTIJ,IND,0,12th Pass,"Rs 20,10,703 ~ 20 Lacs+","Rs 2,35,000 ~ 2 Lacs+"
276,6578,Chauhan Vijaysinh Magansinh,https://myneta.info/Gujarat2022/candidate.php?candidate_id=6578,KALOL-PANCHMAHALS,Garvi Gujarat Party,0,Post Graduate,"Rs 12,86,088 ~ 12 Lacs+","Rs 2,00,000 ~ 2 Lacs+"
277,6023,Chauhan Vinay Subhash (Fouji),https://myneta.info/Gujarat2022/candidate.php?candidate_id=6023,MANJALPUR,AAP,0,Graduate Professional,"Rs 2,74,07,080 ~ 2 Crore+","Rs 12,49,039 ~ 12 Lacs+"
278,5139,Chavada Divyeshbhai Manubhai,https://myneta.info/Gujarat2022/candidate.php?candidate_id=5139,GARIADHAR,INC,1,Graduate Professional,"Rs 1,43,87,131 ~ 1 Crore+","Rs 27,96,704 ~ 27 Lacs+"
279,5561,Chavada Ghanshyambhai Ashokbhai,https://myneta.info/Gujarat2022/candidate.php?candidate_id=5561,GARIADHAR,Rashtriya Hind Ekta Dal,0,10th Pass,https://myneta.info/image_v2.php?myneta_folder=Gujarat2022&candidate_id=5561&col=ta,https://myneta.info/image_v2.php?myneta_folder=Gujarat2022&candidate_id=5561&col=lia
280,5110,Chavada Hiteshbhai,https://myneta.info/Gujarat2022/candidate.php?candidate_id=5110,CHORYASI,Sarvodaya Bharat Party,0,Graduate,"Rs 48,40,838 ~ 48 Lacs+","Rs 13,00,000 ~ 13 Lacs+"
281,6730,Chavada Jyotsanaben Somabhai,https://myneta.info/Gujarat2022/candidate.php?candidate_id=6730,BAPUNAGAR,Sardar Vallabhbhai Patel Party,0,8th Pass,"Rs 15,000 ~ 15 Thou+",Rs 0 ~
282,5719,Chavda Ashok Nathabhai,https://myneta.info/Gujarat2022/candidate.php?candidate_id=5719,JAMNAGAR NORTH,IND,0,8th Pass,"Rs 61,000 ~ 61 Thou+",Rs 0 ~
283,5835,Chavda Bharatkumar Nanjibhai,https://myneta.info/Gujarat2022/candidate.php?candidate_id=5835,JETPUR,IND,0,8th Pass,"Rs 4,60,000 ~ 4 Lacs+",Rs 0 ~
284,5321,Chavda Mahendrakumar Maganbhai,https://myneta.info/Gujarat2022/candidate.php?candidate_id=5321,LIMBDI,IND,1,Graduate Professional,"Rs 60,000 ~ 60 Thou+",Rs 0 ~
285,5345,Chavda Meghjibhai Amarabhai,https://myneta.info/Gujarat2022/candidate.php?candidate_id=5345,KALAVAD (SC),BJP,0,Graduate,"Rs 1,56,29,762 ~ 1 Crore+","Rs 33,79,200 ~ 33 Lacs+"
286,6565,Chavda Natvarsinh Fulsinh,https://myneta.info/Gujarat2022/candidate.php?candidate_id=6565,BALASINOR,IND,0,10th Pass,"Rs 57,22,617 ~ 57 Lacs+",Rs 0 ~
287,5228,Chavda Nileshbhai Mansukhbhai,https://myneta.info/Gujarat2022/candidate.php?candidate_id=5228,WADHWAN,Rashtra Nirman Party,0,10th Pass,"Rs 1,67,000 ~ 1 Lacs+",Rs 0 ~
288,6456,Chavda Rajendrakumar Gandaji,https://myneta.info/Gujarat2022/candidate.php?candidate_id=6456,MANSA,Rashtriya Hind Ekta Dal,0,12th Pass,https://myneta.info/image_v2.php?myneta_folder=Gujarat2022&candidate_id=6456&col=ta,https://myneta.info/image_v2.php?myneta_folder=Gujarat2022&candidate_id=6456&col=lia
289,4990,Chavda Sudha Bakul,https://myneta.info/Gujarat2022/candidate.php?candidate_id=4990,ANJAR,BSP,0,Graduate Professional,"Rs 4,85,000 ~ 4 Lacs+",Rs 0 ~
290,6021,Chetan Arunbhai Pandit,https://myneta.info/Gujarat2022/candidate.php?candidate_id=6021,MANJALPUR,Akhil Bharat Hindu Mahasabha,0,Graduate Professional,"Rs 33,39,040 ~ 33 Lacs+","Rs 35,00,000 ~ 35 Lacs+"
291,6590,Chetanji Meruji Thakor,https://myneta.info/Gujarat2022/candidate.php?candidate_id=6590,VIRAMGAM,Garvi Gujarat Party,0,12th Pass,"Rs 2,12,000 ~ 2 Lacs+",Rs 0 ~
292,5026,Chetankumar Harsukhbhai Gajera,https://myneta.info/Gujarat2022/candidate.php?candidate_id=5026,JUNAGADH,AAP,0,12th Pass,"Rs 8,68,918 ~ 8 Lacs+","Rs 1,47,882 ~ 1 Lacs+"
293,5651,Chetariya Lakhubhai Lagdhirbhai,https://myneta.info/Gujarat2022/candidate.php?candidate_id=5651,KHAMBHALIA,Gujarat Nav Nirman Sena,0,12th Pass,"Rs 83,32,800 ~ 83 Lacs+","Rs 10,30,000 ~ 10 Lacs+"
294,6684,Chhanabhai Pashabhai Parmar,https://myneta.info/Gujarat2022/candidate.php?candidate_id=6684,DANILIMDA (SC),Garvi Gujarat Party,0,5th Pass,"Rs 35,48,335 ~ 35 Lacs+",Rs 0 ~
295,5290,Chhanga Trikam Bijal,https://myneta.info/Gujarat2022/candidate.php?candidate_id=5290,ANJAR,BJP,0,Graduate Professional,"Rs 99,31,399 ~ 99 Lacs+","Rs 4,99,406 ~ 4 Lacs+"
296,5768,Chimanbhai Sapariya,https://myneta.info/Gujarat2022/candidate.php?candidate_id=5768,JAMJODHPUR,BJP,0,Graduate,"Rs 7,91,22,651 ~ 7 Crore+","Rs 9,75,51,503 ~ 9 Crore+"
297,5974,Chiragbhai Patel(K.K.Group),https://myneta.info/Gujarat2022/candidate.php?candidate_id=5974,VIJAPUR,AAP,0,12th Pass,https://myneta.info/image_v2.php?myneta_folder=Gujarat2022&candidate_id=5974&col=ta,https://myneta.info/image_v2.php?myneta_folder=Gujarat2022&candidate_id=5974&col=lia
298,6181,Chiragkumar Arvindbhai Patel,https://myneta.info/Gujarat2022/candidate.php?candidate_id=6181,KHAMBHAT,INC,0,10th Pass,"Rs 7,74,89,356 ~ 7 Crore+","Rs 8,96,196 ~ 8 Lacs+"
299,5348,Chouhan Mahendra Dineshbhai,https://myneta.info/Gujarat2022/candidate.php?candidate_id=5348,KALAVAD (SC),BSP,0,8th Pass,"Rs 5,08,700 ~ 5 Lacs+","Rs 2,51,000 ~ 2 Lacs+"
300,4935,Chudasama Ramajibhai Babubhai,https://myneta.info/Gujarat2022/candidate.php?candidate_id=4935,KESHOD,AAP,1,12th Pass,"Rs 6,76,000 ~ 6 Lacs+",Rs 0 ~
301,5679,Chudasama Vimalbhai Kanabhai,https://myneta.info/Gujarat2022/candidate.php?candidate_id=5679,SOMNATH,INC,1,Graduate,"Rs 2,21,31,827 ~ 2 Crore+","Rs 12,63,359 ~ 12 Lacs+"
302,6347,Chunara Gulshanben Ahemadbhai,https://myneta.info/Gujarat2022/candidate.php?candidate_id=6347,PALANPUR,IND,0,5th Pass,"Rs 90,000 ~ 90 Thou+",Rs 0 ~
303,6749,Chunara Prakashbhai Bhailalbhai,https://myneta.info/Gujarat2022/candidate.php?candidate_id=6749,SANAND,IND,0,10th Pass,"Rs 19,60,000 ~ 19 Lacs+","Rs 14,00,000 ~ 14 Lacs+"
304,6203,Chunibhai Bababhai Patel,https://myneta.info/Gujarat2022/candidate.php?candidate_id=6203,BAYAD,AAP,0,10th Pass,"Rs 70,39,209 ~ 70 Lacs+",Rs 0 ~
305,6474,Dabhi Savjibhai Lakhmabhai,https://myneta.info/Gujarat2022/candidate.php?candidate_id=6474,KHEDBRAHMA (ST),Bhartiya Jan Parishad,0,10th Pass,"Rs 6,00,000 ~ 6 Lacs+",Rs 0 ~
306,6318,Dabhi Sharmishtaben Laljibhai,https://myneta.info/Gujarat2022/candidate.php?candidate_id=6318,VADGAM (SC),JD(S),0,12th Pass,https://myneta.info/image_v2.php?myneta_folder=Gujarat2022&candidate_id=6318&col=ta,https://myneta.info/image_v2.php?myneta_folder=Gujarat2022&candidate_id=6318&col=lia
307,6199,Dahyabhai Ramabhai Jadav,https://myneta.info/Gujarat2022/candidate.php?candidate_id=6199,MODASA,CPI(M),0,Graduate Professional,"Rs 21,55,000 ~ 21 Lacs+",Rs 0 ~
308,5693,Daki Jaysukhlal Jadavbhai,https://myneta.info/Gujarat2022/candidate.php?candidate_id=5693,TALALA,IND,0,10th Pass,"Rs 9,18,000 ~ 9 Lacs+",Rs 0 ~
309,5932,Dalpatbhai Dahyabhai Bhatiya,https://myneta.info/Gujarat2022/candidate.php?candidate_id=5932,VADGAM (SC),AAP,0,10th Pass,"Rs 9,95,125 ~ 9 Lacs+",Rs 0 ~
310,6298,Dalpatji Kesarji Chauhan,https://myneta.info/Gujarat2022/candidate.php?candidate_id=6298,DHANERA,IND,0,8th Pass,"Rs 25,50,000 ~ 25 Lacs+","Rs 10,246 ~ 10 Thou+"
311,5289,Dangar Rameshbhai Shamjibhai,https://myneta.info/Gujarat2022/candidate.php?candidate_id=5289,ANJAR,INC,1,5th Pass,"Rs 2,85,03,885 ~ 2 Crore+","Rs 86,03,096 ~ 86 Lacs+"
312,6516,Darji Ghanshyambhai Natvarbhai,https://myneta.info/Gujarat2022/candidate.php?candidate_id=6516,UMRETH,IND,0,Literate,"Rs 6,00,000 ~ 6 Lacs+",Rs 0 ~
313,5082,Darshankumar Amrutlal Nayak,https://myneta.info/Gujarat2022/candidate.php?candidate_id=5082,OLPAD,INC,0,Graduate Professional,"Rs 3,90,45,530 ~ 3 Crore+",Rs 0 ~
314,6285,Darshna M. Vaghela,https://myneta.info/Gujarat2022/candidate.php?candidate_id=6285,ASARWA (SC),BJP,0,Graduate,"Rs 2,75,90,844 ~ 2 Crore+","Rs 63,00,000 ~ 63 Lacs+"
315,6320,Dattulbhai Somalal Joshi,https://myneta.info/Gujarat2022/candidate.php?candidate_id=6320,VADGAM (SC),IND,0,12th Pass,https://myneta.info/image_v2.php?myneta_folder=Gujarat2022&candidate_id=6320&col=ta,https://myneta.info/image_v2.php?myneta_folder=Gujarat2022&candidate_id=6320&col=lia
316,6529,Dave Jatinkumar Dineshchandra,https://myneta.info/Gujarat2022/candidate.php?candidate_id=6529,ANAND,IND,1,Others,"Rs 20,30,000 ~ 20 Lacs+","Rs 5,59,345 ~ 5 Lacs+"
317,5786,Dedaniya Lalitkumar Laljibhai,https://myneta.info/Gujarat2022/candidate.php?candidate_id=5786,KESHOD,IND,1,10th Pass,"Rs 2,94,81,000 ~ 2 Crore+","Rs 21,61,000 ~ 21 Lacs+"
318,6497,Deepak Harishchandra Palkar,https://myneta.info/Gujarat2022/candidate.php?candidate_id=6497,AKOTA,IND,0,10th Pass,"Rs 23,12,226 ~ 23 Lacs+",Rs 0 ~
319,5096,Deepakbhai Keshavlal Vekariya (D.K. Vekariya),https://myneta.info/Gujarat2022/candidate.php?candidate_id=5096,JETPUR,INC,0,12th Pass,"Rs 79,92,224 ~ 79 Lacs+",Rs 0 ~
320,4863,Dengada Pravinbhai Meghjibhai,https://myneta.info/Gujarat2022/candidate.php?candidate_id=4863,RAJKOT WEST,IND,4,Illiterate,"Rs 60,000 ~ 60 Thou+",Rs 0 ~
321,5841,Dengada Sanjay Pravinbhai,https://myneta.info/Gujarat2022/candidate.php?candidate_id=5841,RAJKOT RURAL (SC),IND,0,10th Pass,"Rs 57,000 ~ 57 Thou+",Rs 0 ~
322,5959,Desai Mukeshkumar,https://myneta.info/Gujarat2022/candidate.php?candidate_id=5959,KHERALU,INC,1,5th Pass,"Rs 2,85,75,048 ~ 2 Crore+","Rs 6,50,982 ~ 6 Lacs+"
323,6155,Desai Pankajbhai Vinubhai,https://myneta.info/Gujarat2022/candidate.php?candidate_id=6155,NADIAD,BJP,0,Graduate,"Rs 11,08,00,206 ~ 11 Crore+","Rs 89,55,454 ~ 89 Lacs+"
324,6655,Desai Parth Raghunath,https://myneta.info/Gujarat2022/candidate.php?candidate_id=6655,THAKKARBAPA NAGAR,IND,0,Graduate,https://myneta.info/image_v2.php?myneta_folder=Gujarat2022&candidate_id=6655&col=ta,https://myneta.info/image_v2.php?myneta_folder=Gujarat2022&candidate_id=6655&col=lia
325,4949,Desai Rakesh Gunvantbhai,https://myneta.info/Gujarat2022/candidate.php?candidate_id=4949,NAVSARI,BJP,0,Others,"Rs 1,89,46,056 ~ 1 Crore+","Rs 17,90,784 ~ 17 Lacs+"
326,5107,Desai Yatish Govindlal,https://myneta.info/Gujarat2022/candidate.php?candidate_id=5107,GONDAL,INC,0,Graduate Professional,"Rs 3,30,39,609 ~ 3 Crore+","Rs 65,00,000 ~ 65 Lacs+"
327,4937,Devabhai Punjabhai Malam,https://myneta.info/Gujarat2022/candidate.php?candidate_id=4937,KESHOD,BJP,0,Literate,"Rs 4,55,69,640 ~ 4 Crore+",Rs 0 ~
328,6541,Devangkumar Narharilal Shelat,https://myneta.info/Gujarat2022/candidate.php?candidate_id=6541,SOJITRA,IND,0,12th Pass,"Rs 28,35,519 ~ 28 Lacs+",Rs 0 ~
329,5106,Devendra Fogabha Manek,https://myneta.info/Gujarat2022/candidate.php?candidate_id=5106,DWARKA,IND,0,8th Pass,"Rs 2,90,578 ~ 2 Lacs+","Rs 31,227 ~ 31 Thou+"
330,6213,Devendrabhai(Dolatbhai) Pravinchandra Patel,https://myneta.info/Gujarat2022/candidate.php?candidate_id=6213,GANDHINAGAR SOUTH,AAP,0,12th Pass,"Rs 8,27,95,732 ~ 8 Crore+","Rs 1,26,237 ~ 1 Lacs+"
331,6594,Devipujak Rajeshbhai Laghrabhai,https://myneta.info/Gujarat2022/candidate.php?candidate_id=6594,VIRAMGAM,IND,0,5th Pass,"Rs 15,000 ~ 15 Thou+",Rs 0 ~
332,5071,Devkishordasji Bhaktisvarupdasji Swami,https://myneta.info/Gujarat2022/candidate.php?candidate_id=5071,JAMBUSAR,BJP,0,Post Graduate,"Rs 99,99,593 ~ 99 Lacs+","Rs 71,70,000 ~ 71 Lacs+"
333,4926,Devrajbhai Mashrubhai Makvana,https://myneta.info/Gujarat2022/candidate.php?candidate_id=4926,JASDAN,IND,1,12th Pass,https://myneta.info/image_v2.php?myneta_folder=Gujarat2022&candidate_id=4926&col=ta,https://myneta.info/image_v2.php?myneta_folder=Gujarat2022&candidate_id=4926&col=lia
334,5595,Dhadhal Amirajsinh Jagubhai,https://myneta.info/Gujarat2022/candidate.php?candidate_id=5595,BOTAD,Praja Vijay Paksh,1,10th Pass,"Rs 1,50,000 ~ 1 Lacs+",Rs 0 ~
335,5500,Dhameliya Dineshbhai Chhaganbhai,https://myneta.info/Gujarat2022/candidate.php?candidate_id=5500,OLPAD,Real Democracy Party,0,Graduate Professional,"Rs 1,56,45,622 ~ 1 Crore+","Rs 36,15,514 ~ 36 Lacs+"
336,5515,Dhanani Pareshkumar Dhirajlal,https://myneta.info/Gujarat2022/candidate.php?candidate_id=5515,AMRELI,INC,0,Graduate,"Rs 1,94,53,081 ~ 1 Crore+","Rs 1,00,000 ~ 1 Lacs+"
337,5436,Dhansukhbhai Bhagvatiprasad Rajput,https://myneta.info/Gujarat2022/candidate.php?candidate_id=5436,UDHNA,INC,0,12th Pass,"Rs 16,33,89,912 ~ 16 Crore+","Rs 3,30,000 ~ 3 Lacs+"
338,5872,Dharamshibhai Ramjibhai Dhapa,https://myneta.info/Gujarat2022/candidate.php?candidate_id=5872,BHAVNAGAR EAST,Vyavastha Parivartan Party,4,10th Pass,"Rs 30,40,000 ~ 30 Lacs+","Rs 1,10,000 ~ 1 Lacs+"
339,5202,Dharmendra Kumar Pandey,https://myneta.info/Gujarat2022/candidate.php?candidate_id=5202,NIKOL,Jan Sangharsh Virat Party,0,Others,"Rs 21,87,000 ~ 21 Lacs+","Rs 11,68,826 ~ 11 Lacs+"
340,6261,Dharmendrabhai Shantilal Patel,https://myneta.info/Gujarat2022/candidate.php?candidate_id=6261,AMRAIWADI,INC,0,12th Pass,"Rs 9,57,93,227 ~ 9 Crore+","Rs 3,62,56,625 ~ 3 Crore+"
341,6492,Dharmendrasinh Ranubha Vaghela (Bapu),https://myneta.info/Gujarat2022/candidate.php?candidate_id=6492,VAGHODIA,IND,0,10th Pass,"Rs 1,11,98,39,741 ~ 111 Crore+","Rs 27,09,23,310 ~ 27 Crore+"
342,5493,Dharmikbhai Nanubhai Malaviya,https://myneta.info/Gujarat2022/candidate.php?candidate_id=5493,OLPAD,AAP,7,12th Pass,https://myneta.info/image_v2.php?myneta_folder=Gujarat2022&candidate_id=5493&col=ta,https://myneta.info/image_v2.php?myneta_folder=Gujarat2022&candidate_id=5493&col=lia
343,6045,Dhaval Anil Chavan,https://myneta.info/Gujarat2022/candidate.php?candidate_id=6045,SAYAJIGUNJ,IND,0,Post Graduate,"Rs 2,30,78,294 ~ 2 Crore+",Rs 0 ~
344,6439,Dhavalsinh Narendrasinh Zala,https://myneta.info/Gujarat2022/candidate.php?candidate_id=6439,BAYAD,IND,1,Post Graduate,"Rs 16,40,02,899 ~ 16 Crore+","Rs 2,98,69,651 ~ 2 Crore+"
345,5156,Dheliben Maldebhai Odedara,https://myneta.info/Gujarat2022/candidate.php?candidate_id=5156,KUTIYANA,BJP,0,10th Pass,"Rs 3,63,00,000 ~ 3 Crore+",Rs 0 ~
346,5220,Dhirubhai Chunilal Bhil,https://myneta.info/Gujarat2022/candidate.php?candidate_id=5220,SANKHEDA (ST),INC,0,8th Pass,"Rs 2,99,01,347 ~ 2 Crore+","Rs 10,80,000 ~ 10 Lacs+"
347,5499,Dholariya Viral Govindbhai,https://myneta.info/Gujarat2022/candidate.php?candidate_id=5499,OLPAD,IND,0,Graduate,"Rs 43,40,005 ~ 43 Lacs+",Rs 0 ~
348,4922,Dhoriya Rameshbhai Bhavabhai,https://myneta.info/Gujarat2022/candidate.php?candidate_id=4922,LIMBDI,IND,0,8th Pass,"Rs 40,000 ~ 40 Thou+",Rs 0 ~
349,6345,Dhrangi Kalabhai Mavabhai,https://myneta.info/Gujarat2022/candidate.php?candidate_id=6345,DANTA (ST),IND,1,12th Pass,"Rs 3,32,500 ~ 3 Lacs+",Rs 0 ~
350,5207,Dhruval Patel,https://myneta.info/Gujarat2022/candidate.php?candidate_id=5207,NADIAD,INC,0,10th Pass,"Rs 3,88,37,925 ~ 3 Crore+",Rs 0 ~
351,6080,Dhulabhai Bhabhor,https://myneta.info/Gujarat2022/candidate.php?candidate_id=6080,GARBADA (ST),BSP,0,10th Pass,https://myneta.info/image_v2.php?myneta_folder=Gujarat2022&candidate_id=6080&col=ta,https://myneta.info/image_v2.php?myneta_folder=Gujarat2022&candidate_id=6080&col=lia
352,5517,Dilabhai Koreja,https://myneta.info/Gujarat2022/candidate.php?candidate_id=5517,LATHI,IND,1,5th Pass,"Rs 9,48,535 ~ 9 Lacs+","Rs 50,000 ~ 50 Thou+"
353,5950,Dilipkumar Virajibhai Thakor,https://myneta.info/Gujarat2022/candidate.php?candidate_id=5950,CHANASMA,BJP,0,10th Pass,"Rs 6,08,48,514 ~ 6 Crore+",Rs 0 ~
354,6051,Dilipsinh Valjibhai Kataria,https://myneta.info/Gujarat2022/candidate.php?candidate_id=6051,VADODARA CITY (SC),BSP,0,10th Pass,"Rs 20,57,500 ~ 20 Lacs+",Rs 0 ~
355,6013,Dineshbhai Balubhai Patel (Dinumama),https://myneta.info/Gujarat2022/candidate.php?candidate_id=6013,PADRA,IND,0,Graduate,"Rs 65,76,09,433 ~ 65 Crore+","Rs 4,83,10,291 ~ 4 Crore+"
356,6111,Dineshbhai Kanubhai Baria,https://myneta.info/Gujarat2022/candidate.php?candidate_id=6111,KALOL-PANCHMAHALS,AAP,0,Graduate Professional,"Rs 26,47,930 ~ 26 Lacs+","Rs 1,50,000 ~ 1 Lacs+"
357,4862,Dineshbhai Lakhabhai Rathod,https://myneta.info/Gujarat2022/candidate.php?candidate_id=4862,BHAVNAGAR WEST,BSP,0,Literate,"Rs 5,60,000 ~ 5 Lacs+",Rs 0 ~
358,6299,Dineshbhai Pataji Chauhan,https://myneta.info/Gujarat2022/candidate.php?candidate_id=6299,DHANERA,IND,1,12th Pass,"Rs 1,80,000 ~ 1 Lacs+","Rs 50,000 ~ 50 Thou+"
359,6356,Dineshbhai Sagthabhai Patel,https://myneta.info/Gujarat2022/candidate.php?candidate_id=6356,DEESA,IND,0,12th Pass,"Rs 1,75,000 ~ 1 Lacs+",Rs 0 ~
360,6496,Dineshbhai Vyas,https://myneta.info/Gujarat2022/candidate.php?candidate_id=6496,AKOTA,IND,0,12th Pass,https://myneta.info/image_v2.php?myneta_folder=Gujarat2022&candidate_id=6496&col=ta,https://myneta.info/image_v2.php?myneta_folder=Gujarat2022&candidate_id=6496&col=lia
361,5958,Dineshji,https://myneta.info/Gujarat2022/candidate.php?candidate_id=5958,KHERALU,AAP,1,10th Pass,"Rs 38,54,000 ~ 38 Lacs+","Rs 12,00,000 ~ 12 Lacs+"
362,6321,Dineshkumar Aljibhai Solanki,https://myneta.info/Gujarat2022/candidate.php?candidate_id=6321,VADGAM (SC),IND,0,12th Pass,"Rs 18,00,000 ~ 18 Lacs+","Rs 6,51,000 ~ 6 Lacs+"
363,5006,Dineshkumar Mohanbhai Joshi,https://myneta.info/Gujarat2022/candidate.php?candidate_id=5006,RAJKOT WEST,AAP,0,8th Pass,"Rs 4,70,67,811 ~ 4 Crore+","Rs 2,11,46,262 ~ 2 Crore+"
364,6324,Dineshkumar Revabhai Rathod,https://myneta.info/Gujarat2022/candidate.php?candidate_id=6324,BECHARAJI,BSP,0,10th Pass,"Rs 58,27,000 ~ 58 Lacs+","Rs 2,62,000 ~ 2 Lacs+"
365,6282,Dineshsinh Ganpatsinh Mahida,https://myneta.info/Gujarat2022/candidate.php?candidate_id=6282,SABARMATI,INC,1,12th Pass,"Rs 74,95,442 ~ 74 Lacs+","Rs 72,70,000 ~ 72 Lacs+"
366,6257,Dineshsinh Rajendrasinh Kushwaha,https://myneta.info/Gujarat2022/candidate.php?candidate_id=6257,BAPUNAGAR,BJP,0,12th Pass,"Rs 6,50,50,412 ~ 6 Crore+","Rs 1,06,22,295 ~ 1 Crore+"
367,6649,Dipaben Nileshbhai Santwani,https://myneta.info/Gujarat2022/candidate.php?candidate_id=6649,NARODA,IND,0,10th Pass,"Rs 84,401 ~ 84 Thou+",Rs 0 ~
368,5387,Dipak Barot,https://myneta.info/Gujarat2022/candidate.php?candidate_id=5387,NAVSARI,INC,1,10th Pass,"Rs 8,58,73,743 ~ 8 Crore+","Rs 42,63,008 ~ 42 Lacs+"
369,6559,Dipak I Sevak (Ram),https://myneta.info/Gujarat2022/candidate.php?candidate_id=6559,THASRA,IND,0,8th Pass,https://myneta.info/image_v2.php?myneta_folder=Gujarat2022&candidate_id=6559&col=ta,https://myneta.info/image_v2.php?myneta_folder=Gujarat2022&candidate_id=6559&col=lia
370,5490,Dipakbhai Pravinbhai Rathod,https://myneta.info/Gujarat2022/candidate.php?candidate_id=5490,OLPAD,CPI(M),1,10th Pass,"Rs 85,000 ~ 85 Thou+",Rs 0 ~
371,5687,Dodiya Mansingbhai Jesingbhai,https://myneta.info/Gujarat2022/candidate.php?candidate_id=5687,TALALA,INC,0,Graduate,"Rs 7,43,25,533 ~ 7 Crore+","Rs 2,54,43,049 ~ 2 Crore+"
372,6366,Dolsangji D Thakor,https://myneta.info/Gujarat2022/candidate.php?candidate_id=6366,RADHANPUR,Jan Sewa Driver Party,0,8th Pass,"Rs 7,79,530 ~ 7 Lacs+","Rs 1,03,300 ~ 1 Lacs+"
373,5190,Dr. C. J. Chavda,https://myneta.info/Gujarat2022/candidate.php?candidate_id=5190,VIJAPUR,INC,1,Graduate Professional,"Rs 15,39,24,584 ~ 15 Crore+","Rs 4,44,16,897 ~ 4 Crore+"
374,5008,Dr. Darshita Shah,https://myneta.info/Gujarat2022/candidate.php?candidate_id=5008,RAJKOT WEST,BJP,0,Post Graduate,"Rs 10,05,09,572 ~ 10 Crore+","Rs 90,04,530 ~ 90 Lacs+"
375,5068,Dr. Darshna Chandubhai Deshmukh(Vasava),https://myneta.info/Gujarat2022/candidate.php?candidate_id=5068,NANDOD (ST),BJP,0,Post Graduate,"Rs 3,69,53,667 ~ 3 Crore+","Rs 41,80,000 ~ 41 Lacs+"
376,6085,Dr. Dineshbhai Bhurabhai Muniya,https://myneta.info/Gujarat2022/candidate.php?candidate_id=6085,DAHOD (ST),AAP,0,Doctorate,"Rs 1,78,30,767 ~ 1 Crore+","Rs 20,000 ~ 20 Thou+"
377,5478,Dr. Dineshbhai Chhaganbhai Dhameliya,https://myneta.info/Gujarat2022/candidate.php?candidate_id=5478,KAMREJ,Real Democracy Party,0,Graduate Professional,"Rs 1,56,45,622 ~ 1 Crore+","Rs 36,15,514 ~ 36 Lacs+"
378,6264,Dr. Hasmukh Patel,https://myneta.info/Gujarat2022/candidate.php?candidate_id=6264,AMRAIWADI,BJP,0,Post Graduate,https://myneta.info/image_v2.php?myneta_folder=Gujarat2022&candidate_id=6264&col=ta,https://myneta.info/image_v2.php?myneta_folder=Gujarat2022&candidate_id=6264&col=lia
379,6210,Dr. Himanshu Patel (Adalaj),https://myneta.info/Gujarat2022/candidate.php?candidate_id=6210,GANDHINAGAR SOUTH,INC,0,Doctorate,"Rs 7,90,99,007 ~ 7 Crore+","Rs 2,98,000 ~ 2 Lacs+"
380,6397,Dr. Hiteshkumar Mahendrabhai Parmar,https://myneta.info/Gujarat2022/candidate.php?candidate_id=6397,UNJHA,Nirbhay Bharteey Party,0,Graduate Professional,"Rs 93,62,000 ~ 93 Lacs+","Rs 14,79,174 ~ 14 Lacs+"
381,5019,Dr. Jignesh Solanki,https://myneta.info/Gujarat2022/candidate.php?candidate_id=5019,KALAVAD (SC),AAP,0,Graduate Professional,"Rs 78,34,599 ~ 78 Lacs+","Rs 13,97,840 ~ 13 Lacs+"
382,4905,Dr. Kanubhai V. Kalsaria,https://myneta.info/Gujarat2022/candidate.php?candidate_id=4905,MAHUVA,INC,2,Post Graduate,"Rs 14,89,046 ~ 14 Lacs+",Rs 0 ~
383,5211,Dr. Kuberbhai Mansukhbhai Dindor,https://myneta.info/Gujarat2022/candidate.php?candidate_id=5211,SANTRAMPUR (ST),BJP,0,Doctorate,"Rs 2,26,90,045 ~ 2 Crore+","Rs 53,78,000 ~ 53 Lacs+"
384,5141,Dr. Mahendrabhai Padalia,https://myneta.info/Gujarat2022/candidate.php?candidate_id=5141,DHORAJI,BJP,0,Doctorate,"Rs 8,42,16,405 ~ 8 Crore+","Rs 60,36,778 ~ 60 Lacs+"
385,6327,Dr. P. C. Patel,https://myneta.info/Gujarat2022/candidate.php?candidate_id=6327,BECHARAJI,Bharatiya Rashtravadi Paksha,0,Post Graduate,"Rs 2,81,65,807 ~ 2 Crore+",Rs 0 ~
386,5066,Dr. Prafulbhai Devjibhai Vasava,https://myneta.info/Gujarat2022/candidate.php?candidate_id=5066,NANDOD (ST),AAP,4,Doctorate,"Rs 42,04,144 ~ 42 Lacs+","Rs 25,15,000 ~ 25 Lacs+"
387,6165,Dr. Prakash Budhabhai Parmar,https://myneta.info/Gujarat2022/candidate.php?candidate_id=6165,PETLAD,INC,0,Graduate Professional,https://myneta.info/image_v2.php?myneta_folder=Gujarat2022&candidate_id=6165&col=ta,https://myneta.info/image_v2.php?myneta_folder=Gujarat2022&candidate_id=6165&col=lia
388,6040,Dr. Rahul Vasudevbhai Vyas,https://myneta.info/Gujarat2022/candidate.php?candidate_id=6040,AKOTA,IND,0,Doctorate,"Rs 2,89,52,564 ~ 2 Crore+","Rs 51,50,208 ~ 51 Lacs+"
389,5947,Dr. Rajulben Desai,https://myneta.info/Gujarat2022/candidate.php?candidate_id=5947,PATAN,BJP,0,Doctorate,"Rs 2,01,19,237 ~ 2 Crore+","Rs 30,70,640 ~ 30 Lacs+"
390,5966,Dr. Thakor Sukhaji Somaji,https://myneta.info/Gujarat2022/candidate.php?candidate_id=5966,BECHARAJI,BJP,0,Graduate,"Rs 33,84,190 ~ 33 Lacs+","Rs 3,81,000 ~ 3 Lacs+"
391,6228,Dr.Amee Yajnik,https://myneta.info/Gujarat2022/candidate.php?candidate_id=6228,GHATLODIA,INC,0,Doctorate,"Rs 8,55,94,585 ~ 8 Crore+","Rs 6,58,422 ~ 6 Lacs+"
392,5161,Dr.Jayrambhai Chemabhai Gamit,https://myneta.info/Gujarat2022/candidate.php?candidate_id=5161,NIZAR (ST),BJP,0,Doctorate,"Rs 46,96,210 ~ 46 Lacs+","Rs 1,43,261 ~ 1 Lacs+"
393,6194,Dr.Mark Katara,https://myneta.info/Gujarat2022/candidate.php?candidate_id=6194,BHILODA (ST),Bhartiya Tribal Party,0,Graduate Professional,"Rs 21,71,084 ~ 21 Lacs+",Rs 0 ~
394,5937,Dr.Rameshbhai Patel,https://myneta.info/Gujarat2022/candidate.php?candidate_id=5937,DEESA,AAP,0,Others,"Rs 2,05,60,142 ~ 2 Crore+","Rs 1,76,70,360 ~ 1 Crore+"
395,6027,Dr.Tashveen Singh,https://myneta.info/Gujarat2022/candidate.php?candidate_id=6027,MANJALPUR,INC,0,Post Graduate,"Rs 8,45,42,652 ~ 8 Crore+","Rs 31,98,262 ~ 31 Lacs+"
396,6190,Dr.Tushar Amarsinh Chaudhary,https://myneta.info/Gujarat2022/candidate.php?candidate_id=6190,KHEDBRAHMA (ST),INC,0,Graduate Professional,https://myneta.info/image_v2.php?myneta_folder=Gujarat2022&candidate_id=6190&col=ta,https://myneta.info/image_v2.php?myneta_folder=Gujarat2022&candidate_id=6190&col=lia
397,5113,Durlabhjibhai Harakhjibhai Dethariya,https://myneta.info/Gujarat2022/candidate.php?candidate_id=5113,TANKARA,BJP,0,10th Pass,"Rs 5,31,38,832 ~ 5 Crore+","Rs 1,51,27,538 ~ 1 Crore+"
398,5430,Ejaz Aslambhai Mistry,https://myneta.info/Gujarat2022/candidate.php?candidate_id=5430,UDHNA,IND,0,8th Pass,"Rs 77,000 ~ 77 Thou+",Rs 0 ~
399,5801,Ekbalbhai Hushenbhai Katiya,https://myneta.info/Gujarat2022/candidate.php?candidate_id=5801,MORBI,IND,0,Literate,"Rs 11,58,400 ~ 11 Lacs+","Rs 1,67,086 ~ 1 Lacs+"
400,5686,Faijal Ibrahimbhai Dhamlot,https://myneta.info/Gujarat2022/candidate.php?candidate_id=5686,TALALA,IND,0,12th Pass,"Rs 12,20,500 ~ 12 Lacs+",Rs 0 ~
401,5432,Faimida Yunus Shaikh,https://myneta.info/Gujarat2022/candidate.php?candidate_id=5432,UDHNA,IND,0,Illiterate,"Rs 54,000 ~ 54 Thou+","Rs 1,772 ~ 1 Thou+"
402,6695,Falguni R. Hadiyel,https://myneta.info/Gujarat2022/candidate.php?candidate_id=6695,ASARWA (SC),New India United Party,1,8th Pass,"Rs 1,30,000 ~ 1 Lacs+",Rs 0 ~
403,5991,Faruk Khan,https://myneta.info/Gujarat2022/candidate.php?candidate_id=5991,LIMBAYAT,IND,0,8th Pass,"Rs 75,000 ~ 75 Thou+",Rs 0 ~
404,4969,Farukhasha Shabbirsha,https://myneta.info/Gujarat2022/candidate.php?candidate_id=4969,LIMBAYAT,IND,0,5th Pass,"Rs 7,01,028 ~ 7 Lacs+","Rs 1,23,819 ~ 1 Lacs+"
405,5414,Farzan Allarakha Meman,https://myneta.info/Gujarat2022/candidate.php?candidate_id=5414,SURAT WEST,IND,0,5th Pass,https://myneta.info/image_v2.php?myneta_folder=Gujarat2022&candidate_id=5414&col=ta,https://myneta.info/image_v2.php?myneta_folder=Gujarat2022&candidate_id=5414&col=lia
406,5628,Fatesingbhai Chimanbhai Vasava,https://myneta.info/Gujarat2022/candidate.php?candidate_id=5628,JHAGADIA (ST),INC,12,5th Pass,"Rs 1,47,34,253 ~ 1 Crore+","Rs 35,00,000 ~ 35 Lacs+"
407,6114,Fatesinh Vakhatsinh Chauhan,https://myneta.info/Gujarat2022/candidate.php?candidate_id=6114,KALOL-PANCHMAHALS,BJP,0,10th Pass,"Rs 66,50,000 ~ 66 Lacs+","Rs 6,95,000 ~ 6 Lacs+"
408,5226,Gabu Nagjibhai Mohanbhai,https://myneta.info/Gujarat2022/candidate.php?candidate_id=5226,LIMBDI,Rashtra Nirman Party,0,5th Pass,"Rs 7,38,569 ~ 7 Lacs+","Rs 3,00,000 ~ 3 Lacs+"
409,5331,Gadhvi Tarunbhai Biharidan,https://myneta.info/Gujarat2022/candidate.php?candidate_id=5331,WADHWAN,INC,0,12th Pass,"Rs 1,54,93,465 ~ 1 Crore+",Rs 0 ~
410,6723,Gafurkhan Pathan,https://myneta.info/Gujarat2022/candidate.php?candidate_id=6723,BAPUNAGAR,IND,3,8th Pass,"Rs 91,200 ~ 91 Thou+",Rs 0 ~
411,5532,Gaha Majidbhai,https://myneta.info/Gujarat2022/candidate.php?candidate_id=5532,RAJULA,SDPI,0,10th Pass,"Rs 43,73,005 ~ 43 Lacs+","Rs 2,00,000 ~ 2 Lacs+"
412,6175,Gajendrasinh Harisinh Raj,https://myneta.info/Gujarat2022/candidate.php?candidate_id=6175,ANKLAV,AAP,0,12th Pass,"Rs 40,44,620 ~ 40 Lacs+","Rs 27,77,336 ~ 27 Lacs+"
413,6193,Gajendrasinh Udesinh Parmar,https://myneta.info/Gujarat2022/candidate.php?candidate_id=6193,PRANTIJ,BJP,0,Graduate,"Rs 1,21,87,141 ~ 1 Crore+",Rs 0 ~
414,6628,Gajjar Miteshkumar Narendrabhai,https://myneta.info/Gujarat2022/candidate.php?candidate_id=6628,ELLISBRIDGE,IND,1,10th Pass,https://myneta.info/image_v2.php?myneta_folder=Gujarat2022&candidate_id=6628&col=ta,https://myneta.info/image_v2.php?myneta_folder=Gujarat2022&candidate_id=6628&col=lia
415,6189,Gameti Bipinchandra Rupasibhai,https://myneta.info/Gujarat2022/candidate.php?candidate_id=6189,KHEDBRAHMA (ST),AAP,0,12th Pass,"Rs 55,85,842 ~ 55 Lacs+","Rs 3,66,367 ~ 3 Lacs+"
416,4902,Gamit Punabhai Dhedabhai,https://myneta.info/Gujarat2022/candidate.php?candidate_id=4902,VYARA (ST),INC,0,5th Pass,"Rs 96,60,309 ~ 96 Lacs+","Rs 20,45,827 ~ 20 Lacs+"
417,5399,Gamit Sunilbhai Chandubhai,https://myneta.info/Gujarat2022/candidate.php?candidate_id=5399,DANGS (ST),AAP,0,Post Graduate,"Rs 14,78,127 ~ 14 Lacs+","Rs 3,65,220 ~ 3 Lacs+"
418,6690,Ganpatbhai Zinabhai Shah,https://myneta.info/Gujarat2022/candidate.php?candidate_id=6690,SABARMATI,JD(S),0,12th Pass,"Rs 37,77,500 ~ 37 Lacs+","Rs 50,000 ~ 50 Thou+"
419,5028,Ganpatsinh Vestabhai Vasava,https://myneta.info/Gujarat2022/candidate.php?candidate_id=5028,MANGROL (ST),BJP,0,Graduate,"Rs 8,45,06,704 ~ 8 Crore+","Rs 4,17,67,352 ~ 4 Crore+"
420,5373,Ganvit Kalpeshbhai Maganbhai,https://myneta.info/Gujarat2022/candidate.php?candidate_id=5373,DHARAMPUR (ST),IND,0,10th Pass,"Rs 2,57,000 ~ 2 Lacs+",Rs 0 ~
421,5054,Garasiya Hemangini Dipakkumar,https://myneta.info/Gujarat2022/candidate.php?candidate_id=5054,MAHUVA (ST),INC,0,Graduate Professional,"Rs 8,34,58,440 ~ 8 Crore+","Rs 2,86,38,966 ~ 2 Crore+"
422,5092,Gaurangkumar Rameshbhai Patel,https://myneta.info/Gujarat2022/candidate.php?candidate_id=5092,KAPRADA (ST),IND,0,12th Pass,"Rs 2,50,000 ~ 2 Lacs+",Rs 0 ~
423,5060,Gauswami Piyushgiri Hasmukhgiri,https://myneta.info/Gujarat2022/candidate.php?candidate_id=5060,GARIADHAR,IND,0,12th Pass,https://myneta.info/image_v2.php?myneta_folder=Gujarat2022&candidate_id=5060&col=ta,https://myneta.info/image_v2.php?myneta_folder=Gujarat2022&candidate_id=5060&col=lia
424,6638,Gautambhai B Trivedi,https://myneta.info/Gujarat2022/candidate.php?candidate_id=6638,NARODA,Bhartiya Nagrik Suraksha Party,0,8th Pass,"Rs 51,50,000 ~ 51 Lacs+",Rs 0 ~
425,5558,Gautambhai Chauhan,https://myneta.info/Gujarat2022/candidate.php?candidate_id=5558,TALAJA,BJP,0,10th Pass,"Rs 40,80,522 ~ 40 Lacs+",Rs 0 ~
426,6659,Gautambhai Sadabhai Parmar,https://myneta.info/Gujarat2022/candidate.php?candidate_id=6659,AMRAIWADI,Garvi Gujarat Party,0,Graduate,"Rs 4,73,787 ~ 4 Lacs+","Rs 1,02,691 ~ 1 Lacs+"
427,6066,Gautamkumar Sampatbhai Solanki (Rajput),https://myneta.info/Gujarat2022/candidate.php?candidate_id=6066,VAGHODIA,AAP,0,8th Pass,"Rs 3,04,809 ~ 3 Lacs+",Rs 0 ~
428,5104,Geetaba Jayrajsinh Jadeja,https://myneta.info/Gujarat2022/candidate.php?candidate_id=5104,GONDAL,BJP,0,10th Pass,"Rs 4,14,84,633 ~ 4 Crore+","Rs 7,50,000 ~ 7 Lacs+"
429,5893,Geetaben Najabhai Maru,https://myneta.info/Gujarat2022/candidate.php?candidate_id=5893,SAVARKUNDLA,BSP,0,12th Pass,"Rs 14,34,000 ~ 14 Lacs+","Rs 2,36,700 ~ 2 Lacs+"
430,6637,Geetaben Patel,https://myneta.info/Gujarat2022/candidate.php?candidate_id=6637,NIKOL,IND,1,Graduate Professional,"Rs 1,64,13,341 ~ 1 Crore+","Rs 16,00,000 ~ 16 Lacs+"
431,6131,Gendalbhai Motibhai Damor,https://myneta.info/Gujarat2022/candidate.php?candidate_id=6131,SANTRAMPUR (ST),INC,0,Graduate,"Rs 4,55,24,416 ~ 4 Crore+",Rs 0 ~
432,6006,Ghanshyam Melsangbhai Vasava,https://myneta.info/Gujarat2022/candidate.php?candidate_id=6006,KARJAN,Bhartiya Tribal Party,1,Graduate,https://myneta.info/image_v2.php?myneta_folder=Gujarat2022&candidate_id=6006&col=ta,https://myneta.info/image_v2.php?myneta_folder=Gujarat2022&candidate_id=6006&col=lia
433,5603,Ghanshyambhai Pragjibhai Virani,https://myneta.info/Gujarat2022/candidate.php?candidate_id=5603,BOTAD,BJP,0,10th Pass,"Rs 4,58,86,128 ~ 4 Crore+","Rs 12,16,539 ~ 12 Lacs+"
434,5779,Ghanshyamkumar Himantbhai Mashru,https://myneta.info/Gujarat2022/candidate.php?candidate_id=5779,JUNAGADH,IND,0,8th Pass,"Rs 32,30,861 ~ 32 Lacs+",Rs 0 ~
435,5656,Ghediya Amit Jagdishbhai,https://myneta.info/Gujarat2022/candidate.php?candidate_id=5656,DWARKA,IND,0,Graduate Professional,"Rs 6,28,000 ~ 6 Lacs+",Rs 0 ~
436,6720,Ghoghari Gullammayudin Latifbhai,https://myneta.info/Gujarat2022/candidate.php?candidate_id=6720,DHANDHUKA,IND,0,5th Pass,"Rs 21,50,000 ~ 21 Lacs+",Rs 0 ~
437,6691,Gita Dahyaji Thakor,https://myneta.info/Gujarat2022/candidate.php?candidate_id=6691,SABARMATI,Garvi Gujarat Party,0,5th Pass,"Rs 25,40,500 ~ 25 Lacs+","Rs 17,77,000 ~ 17 Lacs+"
438,5537,Gitaben Bharatkumar Parmar,https://myneta.info/Gujarat2022/candidate.php?candidate_id=5537,RAJULA,IND,0,8th Pass,"Rs 2,64,000 ~ 2 Lacs+",Rs 0 ~
439,6719,Gohel Hareshkumar Arvindbhai,https://myneta.info/Gujarat2022/candidate.php?candidate_id=6719,DHANDHUKA,Bhartiya Tribal Party,0,8th Pass,"Rs 4,20,000 ~ 4 Lacs+",Rs 0 ~
440,5746,Gohel Mukesh Vajubhai,https://myneta.info/Gujarat2022/candidate.php?candidate_id=5746,JAMNAGAR SOUTH,Gujarat Nav Nirman Sena,0,Graduate,"Rs 78,15,000 ~ 78 Lacs+",Rs 0 ~
441,5075,Gohil Chetanbhai Chhaganbhai,https://myneta.info/Gujarat2022/candidate.php?candidate_id=5075,VAGRA,IND,0,12th Pass,https://myneta.info/image_v2.php?myneta_folder=Gujarat2022&candidate_id=5075&col=ta,https://myneta.info/image_v2.php?myneta_folder=Gujarat2022&candidate_id=5075&col=lia
442,5125,Gohil Khumansinh Natubha,https://myneta.info/Gujarat2022/candidate.php?candidate_id=5125,BHAVNAGAR RURAL,AAP,0,8th Pass,"Rs 33,94,500 ~ 33 Lacs+","Rs 20,000 ~ 20 Thou+"
443,6648,Gohil Mahendrasinh Laxmansinh,https://myneta.info/Gujarat2022/candidate.php?candidate_id=6648,NARODA,IND,0,10th Pass,"Rs 1,62,50,331 ~ 1 Crore+","Rs 2,70,623 ~ 2 Lacs+"
444,5695,Gohil Mansinh,https://myneta.info/Gujarat2022/candidate.php?candidate_id=5695,UNA,IND,0,12th Pass,"Rs 33,92,743 ~ 33 Lacs+","Rs 4,96,000 ~ 4 Lacs+"
445,5510,Gohil Mukeshbhai Khimajibhai,https://myneta.info/Gujarat2022/candidate.php?candidate_id=5510,AMRELI,Vyavastha Parivartan Party,0,12th Pass,"Rs 71,31,888 ~ 71 Lacs+",Rs 0 ~
446,5175,Gohil Revatsinh Batukbha(Hoidad),https://myneta.info/Gujarat2022/candidate.php?candidate_id=5175,BHAVNAGAR RURAL,INC,0,12th Pass,"Rs 2,72,01,225 ~ 2 Crore+","Rs 1,38,49,115 ~ 1 Crore+"
447,4897,Gohil Sanjaybhai Valajibhai,https://myneta.info/Gujarat2022/candidate.php?candidate_id=4897,PALITANA,Vyavastha Parivartan Party,0,5th Pass,"Rs 3,65,000 ~ 3 Lacs+","Rs 3,72,370 ~ 3 Lacs+"
448,5171,Gohil Shivabhai Jerambhai,https://myneta.info/Gujarat2022/candidate.php?candidate_id=5171,MAHUVA,BJP,0,8th Pass,"Rs 2,47,93,723 ~ 2 Crore+","Rs 20,00,000 ~ 20 Lacs+"
449,6539,Gohil Yuvrajsinh Mahipatsinh,https://myneta.info/Gujarat2022/candidate.php?candidate_id=6539,SOJITRA,IND,0,12th Pass,"Rs 24,60,000 ~ 24 Lacs+",Rs 0 ~
450,6091,Gondiya Rameshkumar Badiyabhai,https://myneta.info/Gujarat2022/candidate.php?candidate_id=6091,LIMKHEDA (ST),INC,0,10th Pass,https://myneta.info/image_v2.php?myneta_folder=Gujarat2022&candidate_id=6091&col=ta,https://myneta.info/image_v2.php?myneta_folder=Gujarat2022&candidate_id=6091&col=lia
451,5875,Gopal D. Patil,https://myneta.info/Gujarat2022/candidate.php?candidate_id=5875,LIMBAYAT,INC,0,8th Pass,"Rs 4,50,000 ~ 4 Lacs+",Rs 0 ~
452,5573,Gopal Najabhai Boliya,https://myneta.info/Gujarat2022/candidate.php?candidate_id=5573,BHAVNAGAR WEST,IND,1,10th Pass,"Rs 70,000 ~ 70 Thou+","Rs 3,526 ~ 3 Thou+"
453,5811,Gopal Vinubhai Sitapara,https://myneta.info/Gujarat2022/candidate.php?candidate_id=5811,MORBI,IND,0,10th Pass,"Rs 13,59,500 ~ 13 Lacs+","Rs 3,48,000 ~ 3 Lacs+"
454,5543,Gopalbhai Gabhabhai Joliya,https://myneta.info/Gujarat2022/candidate.php?candidate_id=5543,MAHUVA,IND,0,Graduate Professional,"Rs 20,000 ~ 20 Thou+",Rs 0 ~
455,5095,Gopalbhai Gordhanbhai Italia,https://myneta.info/Gujarat2022/candidate.php?candidate_id=5095,KATARGAM,AAP,19,Graduate,"Rs 10,15,079 ~ 10 Lacs+",Rs 0 ~
456,6293,Gorahawa Roshaniben Prithviraj,https://myneta.info/Gujarat2022/candidate.php?candidate_id=6293,DHANDHUKA,CPI(M),0,5th Pass,"Rs 1,13,000 ~ 1 Lacs+",Rs 0 ~
457,5778,Gorfad Dilipkumar Ranchhodbhai,https://myneta.info/Gujarat2022/candidate.php?candidate_id=5778,JUNAGADH,Bhartiya Jan Parishad,0,12th Pass,"Rs 43,45,595 ~ 43 Lacs+","Rs 4,00,000 ~ 4 Lacs+"
458,5301,Goshwami Sanjaygiri Rameshgiri,https://myneta.info/Gujarat2022/candidate.php?candidate_id=5301,RAPAR,IND,1,5th Pass,"Rs 28,40,400 ~ 28 Lacs+","Rs 17,63,000 ~ 17 Lacs+"
459,6699,Goswami Vishnugiri Somgiri,https://myneta.info/Gujarat2022/candidate.php?candidate_id=6699,DASKROI,Praja Vijay Paksh,0,Post Graduate,https://myneta.info/image_v2.php?myneta_folder=Gujarat2022&candidate_id=6699&col=ta,https://myneta.info/image_v2.php?myneta_folder=Gujarat2022&candidate_id=6699&col=lia
460,6104,Govindbhai Dalabhai Parmar,https://myneta.info/Gujarat2022/candidate.php?candidate_id=6104,FATEPURA (ST),AAP,1,Graduate,"Rs 64,59,301 ~ 64 Lacs+","Rs 64,44,000 ~ 64 Lacs+"
461,5388,Govindbhai Laxmanbhai Rathod,https://myneta.info/Gujarat2022/candidate.php?candidate_id=5388,NAVSARI,IND,0,5th Pass,"Rs 27,95,000 ~ 27 Lacs+","Rs 1,95,000 ~ 1 Lacs+"
462,6172,Govindbhai Raijibhai Parmar,https://myneta.info/Gujarat2022/candidate.php?candidate_id=6172,UMRETH,BJP,3,5th Pass,"Rs 2,29,68,947 ~ 2 Crore+","Rs 31,55,554 ~ 31 Lacs+"
463,5954,Govindbhai Rathod,https://myneta.info/Gujarat2022/candidate.php?candidate_id=5954,SIDHPUR,BSP,0,8th Pass,"Rs 8,12,000 ~ 8 Lacs+",Rs 0 ~
464,5922,Gulabsinh Pirabhai Rajput,https://myneta.info/Gujarat2022/candidate.php?candidate_id=5922,THARAD,INC,2,Graduate,"Rs 1,62,23,390 ~ 1 Crore+","Rs 16,88,558 ~ 16 Lacs+"
465,6174,Gulabsinh Ratansinh Padhiyar,https://myneta.info/Gujarat2022/candidate.php?candidate_id=6174,ANKLAV,BJP,0,Graduate,"Rs 27,39,156 ~ 27 Lacs+",Rs 0 ~
466,6136,Gulabsinh Somsinh Chauhan,https://myneta.info/Gujarat2022/candidate.php?candidate_id=6136,LUNAWADA,INC,0,Graduate,"Rs 1,40,25,357 ~ 1 Crore+","Rs 4,97,432 ~ 4 Lacs+"
467,5802,Gulam Hanifbhai Movar,https://myneta.info/Gujarat2022/candidate.php?candidate_id=5802,MORBI,IND,0,Literate,"Rs 5,45,230 ~ 5 Lacs+",Rs 0 ~
468,6672,Gulamrashul Gulamnabi Bagban,https://myneta.info/Gujarat2022/candidate.php?candidate_id=6672,DARIAPUR,IND,0,10th Pass,https://myneta.info/image_v2.php?myneta_folder=Gujarat2022&candidate_id=6672&col=ta,https://myneta.info/image_v2.php?myneta_folder=Gujarat2022&candidate_id=6672&col=lia
469,6647,Gulwani Ramkumar Baliramji,https://myneta.info/Gujarat2022/candidate.php?candidate_id=6647,NARODA,IND,0,Graduate,"Rs 1,46,65,000 ~ 1 Crore+",Rs 0 ~
470,5247,Gunjariya Chhatrasinh Shankarbhai,https://myneta.info/Gujarat2022/candidate.php?candidate_id=5247,DHRANGADHRA,INC,6,8th Pass,"Rs 47,78,488 ~ 47 Lacs+","Rs 46,65,598 ~ 46 Lacs+"
471,6048,Gunvantray Parmar,https://myneta.info/Gujarat2022/candidate.php?candidate_id=6048,VADODARA CITY (SC),INC,0,8th Pass,"Rs 2,67,78,578 ~ 2 Crore+",Rs 0 ~
472,5358,Gurav Kamleshbhai Shravanbhai,https://myneta.info/Gujarat2022/candidate.php?candidate_id=5358,KAPRADA (ST),CPI(ML)(L),0,8th Pass,"Rs 1,99,256 ~ 1 Lacs+",Rs 0 ~
473,6668,Gyanendra Dayanand Vishwakarma,https://myneta.info/Gujarat2022/candidate.php?candidate_id=6668,AMRAIWADI,SP,0,10th Pass,"Rs 1,00,000 ~ 1 Lacs+",Rs 0 ~
474,6268,Gyasuddin Habibuddeen Shaikh,https://myneta.info/Gujarat2022/candidate.php?candidate_id=6268,DARIAPUR,INC,3,10th Pass,"Rs 1,74,49,245 ~ 1 Crore+",Rs 0 ~
475,6334,Hadiyal Maheshkumar Ranchhodbhai,https://myneta.info/Gujarat2022/candidate.php?candidate_id=6334,THARAD,BSP,0,Post Graduate,"Rs 69,303 ~ 69 Thou+",Rs 0 ~
476,6630,Hafiz Ansari,https://myneta.info/Gujarat2022/candidate.php?candidate_id=6630,NIKOL,IND,0,10th Pass,"Rs 3,08,000 ~ 3 Lacs+",Rs 0 ~
477,5051,Haku Vala,https://myneta.info/Gujarat2022/candidate.php?candidate_id=5051,SAVARKUNDLA,IND,1,8th Pass,https://myneta.info/image_v2.php?myneta_folder=Gujarat2022&candidate_id=5051&col=ta,https://myneta.info/image_v2.php?myneta_folder=Gujarat2022&candidate_id=5051&col=lia
478,5253,Hakumatsinh Juvansinh Jadeja,https://myneta.info/Gujarat2022/candidate.php?candidate_id=5253,ABDASA,IND,0,Graduate,"Rs 2,86,38,807 ~ 2 Crore+","Rs 20,19,422 ~ 20 Lacs+"
479,5910,Hameed Madhavsang Rana,https://myneta.info/Gujarat2022/candidate.php?candidate_id=5910,LIMBAYAT,IND,0,8th Pass,"Rs 16,912 ~ 16 Thou+",Rs 0 ~
480,6003,Hamid Shaikh,https://myneta.info/Gujarat2022/candidate.php?candidate_id=6003,LIMBAYAT,IND,1,Illiterate,"Rs 43,000 ~ 43 Thou+",Rs 0 ~
481,5101,Hamir Dadu Der,https://myneta.info/Gujarat2022/candidate.php?candidate_id=5101,DWARKA,SP,0,5th Pass,"Rs 5,45,000 ~ 5 Lacs+","Rs 20,000 ~ 20 Thou+"
482,5867,Hamir Rathod (Master),https://myneta.info/Gujarat2022/candidate.php?candidate_id=5867,BHAVNAGAR EAST,AAP,4,Graduate,"Rs 1,10,36,312 ~ 1 Crore+","Rs 55,57,562 ~ 55 Lacs+"
483,5795,Hamirbhai Lakhmanbhai Dhama,https://myneta.info/Gujarat2022/candidate.php?candidate_id=5795,MANGROL,IND,0,8th Pass,"Rs 5,55,000 ~ 5 Lacs+",Rs 0 ~
484,5792,Hanshaben Vijaykumar Makadiya,https://myneta.info/Gujarat2022/candidate.php?candidate_id=5792,MANGROL,BSP,0,Graduate,"Rs 3,45,000 ~ 3 Lacs+",Rs 0 ~
485,6223,Hardik Bharatbhai Patel,https://myneta.info/Gujarat2022/candidate.php?candidate_id=6223,VIRAMGAM,BJP,22,Graduate,"Rs 61,48,480 ~ 61 Lacs+","Rs 2,00,000 ~ 2 Lacs+"
486,6031,Hardik Bipinbhai Doshi,https://myneta.info/Gujarat2022/candidate.php?candidate_id=6031,RAOPURA,IND,0,Post Graduate,https://myneta.info/image_v2.php?myneta_folder=Gujarat2022&candidate_id=6031&col=ta,https://myneta.info/image_v2.php?myneta_folder=Gujarat2022&candidate_id=6031&col=lia
487,6599,Hardikkumar Jagdishchandra Patel,https://myneta.info/Gujarat2022/candidate.php?candidate_id=6599,VIRAMGAM,IND,0,10th Pass,"Rs 42,60,000 ~ 42 Lacs+","Rs 11,00,000 ~ 11 Lacs+"
488,5777,Haresh Manubhai Sardhara,https://myneta.info/Gujarat2022/candidate.php?candidate_id=5777,JUNAGADH,IND,0,Graduate,"Rs 19,76,516 ~ 19 Lacs+",Rs 0 ~
489,5612,Hareshbhai Jayantibhai Vasava,https://myneta.info/Gujarat2022/candidate.php?candidate_id=5612,NANDOD (ST),INC,1,Post Graduate,"Rs 98,60,000 ~ 98 Lacs+",Rs 0 ~
490,5968,Hargovan Karsandas Dabhi,https://myneta.info/Gujarat2022/candidate.php?candidate_id=5968,KADI (SC),AAP,0,Graduate,"Rs 3,99,48,561 ~ 3 Crore+","Rs 56,22,651 ~ 56 Lacs+"
491,5551,Haribhai Rathod,https://myneta.info/Gujarat2022/candidate.php?candidate_id=5551,TALAJA,IND,0,10th Pass,"Rs 62,182 ~ 62 Thou+",Rs 0 ~
492,6499,Harichandra Shashikantbhai Mahida,https://myneta.info/Gujarat2022/candidate.php?candidate_id=6499,JHALOD (ST),IND,0,10th Pass,"Rs 7,90,000 ~ 7 Lacs+",Rs 0 ~
493,6294,Harpalsinh Jagdevsinh Chudasama,https://myneta.info/Gujarat2022/candidate.php?candidate_id=6294,DHANDHUKA,INC,2,Graduate,"Rs 1,48,42,007 ~ 1 Crore+","Rs 2,99,000 ~ 2 Lacs+"
494,4898,Harsh Jagdishbhai Goklani,https://myneta.info/Gujarat2022/candidate.php?candidate_id=4898,BHAVNAGAR EAST,IND,0,12th Pass,"Rs 2,04,677 ~ 2 Lacs+",Rs 0 ~
495,5423,Harsh Ramesh Sanghvi,https://myneta.info/Gujarat2022/candidate.php?candidate_id=5423,MAJURA,BJP,1,8th Pass,https://myneta.info/image_v2.php?myneta_folder=Gujarat2022&candidate_id=5423&col=ta,https://myneta.info/image_v2.php?myneta_folder=Gujarat2022&candidate_id=5423&col=lia
496,5067,Harshadbhai Chunilal Vasava,https://myneta.info/Gujarat2022/candidate.php?candidate_id=5067,NANDOD (ST),IND,0,Graduate,"Rs 3,39,33,000 ~ 3 Crore+","Rs 86,84,503 ~ 86 Lacs+"
497,6167,Harshadbhai Ishvarbhai Gohel,https://myneta.info/Gujarat2022/candidate.php?candidate_id=6167,PETLAD,BSP,0,12th Pass,"Rs 11,000 ~ 11 Thou+",Rs 0 ~
498,6082,Harshadbhai Valchandbhai Ninama,https://myneta.info/Gujarat2022/candidate.php?candidate_id=6082,DAHOD (ST),INC,0,Graduate Professional,"Rs 31,54,232 ~ 31 Lacs+","Rs 6,99,190 ~ 6 Lacs+"
499,4934,Harshadkumar Madhavjibhai Ribadiya,https://myneta.info/Gujarat2022/candidate.php?candidate_id=4934,VISAVADAR,BJP,0,10th Pass,"Rs 1,99,57,034 ~ 1 Crore+","Rs 23,97,376 ~ 23 Lacs+"
500,6156,Harshadkumar Sureshbhai Vaghela,https://myneta.info/Gujarat2022/candidate.php?candidate_id=6156,NADIAD,AAP,0,Post Graduate,"Rs 2,09,023 ~ 2 Lacs+","Rs 3,04,563 ~ 3 Lacs+"
501,6520,Harshitkumar Ghanshyambhai Patel (Bhurabhai),https://myneta.info/Gujarat2022/candidate.php?candidate_id=6520,UMRETH,IND,0,Graduate,"Rs 17,50,552 ~ 17 Lacs+","Rs 2,00,000 ~ 2 Lacs+"
502,5203,Harunbhai. F. Nagori,https://myneta.info/Gujarat2022/candidate.php?candidate_id=5203,JAMALPUR-KHADIA,AAP,1,8th Pass,"Rs 80,05,957 ~ 80 Lacs+","Rs 15,02,000 ~ 15 Lacs+"
503,5808,Hasan Alubhai Movar,https://myneta.info/Gujarat2022/candidate.php?candidate_id=5808,MORBI,IND,0,Literate,"Rs 13,80,000 ~ 13 Lacs+",Rs 0 ~
504,6119,Hasan Shabbir Kachaba,https://myneta.info/Gujarat2022/candidate.php?candidate_id=6119,GODHRA,All India Majlis-E-Ittehadul Muslimeen,0,8th Pass,https://myneta.info/image_v2.php?myneta_folder=Gujarat2022&candidate_id=6119&col=ta,https://myneta.info/image_v2.php?myneta_folder=Gujarat2022&candidate_id=6119&col=lia
505,6266,Hasankhan Samsherkhan Pathan,https://myneta.info/Gujarat2022/candidate.php?candidate_id=6266,DARIAPUR,All India Majlis-E-Ittehadul Muslimeen,0,Graduate Professional,"Rs 4,98,36,961 ~ 4 Crore+",Rs 0 ~
506,6433,Hasmukh M Saxena (Jannayak),https://myneta.info/Gujarat2022/candidate.php?candidate_id=6433,BAYAD,IND,5,Others,"Rs 26,52,703 ~ 26 Lacs+","Rs 24,69,052 ~ 24 Lacs+"
507,5102,Hathal Chandrasinh Sadurbha,https://myneta.info/Gujarat2022/candidate.php?candidate_id=5102,DWARKA,BSP,0,5th Pass,"Rs 5,75,000 ~ 5 Lacs+",Rs 0 ~
508,6495,Hemantkumar Arvindbhai Parmar,https://myneta.info/Gujarat2022/candidate.php?candidate_id=6495,DABHOI,IND,0,12th Pass,"Rs 65,000 ~ 65 Thou+","Rs 7,000 ~ 7 Thou+"
509,5365,Hemantkumar Gopalbhai Tandel,https://myneta.info/Gujarat2022/candidate.php?candidate_id=5365,VALSAD,Rashtriya Samaj Paksha,0,Others,"Rs 77,68,838 ~ 77 Lacs+",Rs 0 ~
510,5177,Hemantsinh Karansinh Gohil(Hembha),https://myneta.info/Gujarat2022/candidate.php?candidate_id=5177,BHAVNAGAR RURAL,IND,0,Literate,"Rs 30,57,969 ~ 30 Lacs+",Rs 0 ~
511,5474,Hemendrasinh Rathod,https://myneta.info/Gujarat2022/candidate.php?candidate_id=5474,KAMREJ,Bhartiya Tribal Party,0,10th Pass,"Rs 60,000 ~ 60 Thou+",Rs 0 ~
512,6521,Hidayatullakhan Fakirmahamadkhan Pathan,https://myneta.info/Gujarat2022/candidate.php?candidate_id=6521,UMRETH,IND,0,10th Pass,"Rs 95,000 ~ 95 Thou+","Rs 45,000 ~ 45 Thou+"
513,6259,Himmatsinh Patel,https://myneta.info/Gujarat2022/candidate.php?candidate_id=6259,BAPUNAGAR,INC,2,8th Pass,https://myneta.info/image_v2.php?myneta_folder=Gujarat2022&candidate_id=6259&col=ta,https://myneta.info/image_v2.php?myneta_folder=Gujarat2022&candidate_id=6259&col=lia
514,5724,Hinaben Depabhai Makwana,https://myneta.info/Gujarat2022/candidate.php?candidate_id=5724,JAMNAGAR NORTH,IND,0,5th Pass,"Rs 1,26,000 ~ 1 Lacs+","Rs 14,120 ~ 14 Thou+"
515,5827,Hinaben Pravinbhai Raiyani,https://myneta.info/Gujarat2022/candidate.php?candidate_id=5827,WANKANER,IND,0,5th Pass,"Rs 17,39,000 ~ 17 Lacs+","Rs 13,00,000 ~ 13 Lacs+"
516,5790,Hirabhai Arjanbhai Jotva,https://myneta.info/Gujarat2022/candidate.php?candidate_id=5790,KESHOD,INC,2,Graduate,"Rs 7,82,29,777 ~ 7 Crore+","Rs 1,04,67,412 ~ 1 Crore+"
517,5133,Hirabhai Odhavjibhai Solanki,https://myneta.info/Gujarat2022/candidate.php?candidate_id=5133,RAJULA,BJP,1,10th Pass,"Rs 53,05,73,482 ~ 53 Crore+","Rs 5,35,57,367 ~ 5 Crore+"
518,6029,Hiren Rameshraoraje Shirke,https://myneta.info/Gujarat2022/candidate.php?candidate_id=6029,RAOPURA,AAP,2,Graduate,"Rs 2,67,714 ~ 2 Lacs+",Rs 0 ~
519,6604,Hitendra Patel,https://myneta.info/Gujarat2022/candidate.php?candidate_id=6604,GHATLODIA,Aadi Bharat Party,0,12th Pass,"Rs 13,75,000 ~ 13 Lacs+",Rs 0 ~
520,6463,Hitendrabhai Parejiya (Patel),https://myneta.info/Gujarat2022/candidate.php?candidate_id=6463,KALOL-GANDHINAGAR,Aadi Bharat Party,0,12th Pass,"Rs 14,42,000 ~ 14 Lacs+",Rs 0 ~
521,5234,Hitendrakumar Bhagvanajibhai Patel,https://myneta.info/Gujarat2022/candidate.php?candidate_id=5234,WADHWAN,AAP,1,Others,"Rs 2,39,40,000 ~ 2 Crore+","Rs 70,00,000 ~ 70 Lacs+"
522,6653,Hitendrakumar Madhabhai Patel,https://myneta.info/Gujarat2022/candidate.php?candidate_id=6653,THAKKARBAPA NAGAR,Swatantrata Abhivyakti Party,0,Graduate,https://myneta.info/image_v2.php?myneta_folder=Gujarat2022&candidate_id=6653&col=ta,https://myneta.info/image_v2.php?myneta_folder=Gujarat2022&candidate_id=6653&col=lia
523,5012,Hitesh Maganbhai Vora,https://myneta.info/Gujarat2022/candidate.php?candidate_id=5012,RAJKOT SOUTH,INC,0,10th Pass,"Rs 13,48,72,435 ~ 13 Crore+","Rs 11,90,70,530 ~ 11 Crore+"
524,5614,Hiteshkumar Devjibhai Vasava,https://myneta.info/Gujarat2022/candidate.php?candidate_id=5614,DEDIAPADA (ST),BJP,2,12th Pass,"Rs 98,06,825 ~ 98 Lacs+","Rs 22,00,000 ~ 22 Lacs+"
525,5542,Hojefa Ikbalbhai Hingora,https://myneta.info/Gujarat2022/candidate.php?candidate_id=5542,MAHUVA,IND,0,5th Pass,"Rs 2,91,000 ~ 2 Lacs+","Rs 50,000 ~ 50 Thou+"
526,6028,Husenbhai Aehmadbhai Multani,https://myneta.info/Gujarat2022/candidate.php?candidate_id=6028,RAOPURA,Rashtriya Samaj Paksha,1,10th Pass,"Rs 50,87,772 ~ 50 Lacs+",Rs 0 ~
527,6577,Husnain Jakkiuddin Presswala,https://myneta.info/Gujarat2022/candidate.php?candidate_id=6577,GODHRA,IND,0,Post Graduate,"Rs 30,15,000 ~ 30 Lacs+","Rs 1,41,000 ~ 1 Lacs+"
528,5090,Ibrahim Yakub Nagori,https://myneta.info/Gujarat2022/candidate.php?candidate_id=5090,SURAT EAST,IND,0,8th Pass,"Rs 2,00,000 ~ 2 Lacs+",Rs 0 ~
529,5640,Ibrahimbhai Amadbhai Ghavda,https://myneta.info/Gujarat2022/candidate.php?candidate_id=5640,KHAMBHALIA,IND,0,Illiterate,"Rs 1,25,000 ~ 1 Lacs+",Rs 0 ~
530,5565,Ibrahimbhai Hasanali Saiyad,https://myneta.info/Gujarat2022/candidate.php?candidate_id=5565,PALITANA,IND,0,10th Pass,"Rs 1,80,400 ~ 1 Lacs+",Rs 0 ~
531,5626,Ikbal Mohmedbhai Bhomli,https://myneta.info/Gujarat2022/candidate.php?candidate_id=5626,VAGRA,IND,0,5th Pass,https://myneta.info/image_v2.php?myneta_folder=Gujarat2022&candidate_id=5626&col=ta,https://myneta.info/image_v2.php?myneta_folder=Gujarat2022&candidate_id=5626&col=lia
532,5780,Ikbalbhai Habibbhai Sama,https://myneta.info/Gujarat2022/candidate.php?candidate_id=5780,VISAVADAR,IND,0,10th Pass,"Rs 2,08,961 ~ 2 Lacs+",Rs 0 ~
533,5621,Ilyas Yusuf Mansuri,https://myneta.info/Gujarat2022/candidate.php?candidate_id=5621,VAGRA,Bhartiya Tribal Party,1,5th Pass,"Rs 61,000 ~ 61 Thou+",Rs 0 ~
534,6030,Imran Gulammaiyudeen Mansuri,https://myneta.info/Gujarat2022/candidate.php?candidate_id=6030,RAOPURA,IND,0,8th Pass,"Rs 13,62,555 ~ 13 Lacs+",Rs 0 ~
535,6269,Imran Khedawala,https://myneta.info/Gujarat2022/candidate.php?candidate_id=6269,JAMALPUR-KHADIA,INC,2,10th Pass,"Rs 1,51,74,149 ~ 1 Crore+",Rs 0 ~
536,5914,Imrankhan Shokat Khan,https://myneta.info/Gujarat2022/candidate.php?candidate_id=5914,LIMBAYAT,IND,0,Illiterate,"Rs 21,000 ~ 21 Thou+",Rs 0 ~
537,5216,Inamdar Ketanbhai Mahendrabhai,https://myneta.info/Gujarat2022/candidate.php?candidate_id=5216,SAVLI,BJP,0,12th Pass,"Rs 3,79,20,977 ~ 3 Crore+","Rs 30,43,470 ~ 30 Lacs+"
538,6149,Indrajitsinh Natvarsinh Parmar,https://myneta.info/Gujarat2022/candidate.php?candidate_id=6149,MAHUDHA,INC,0,Graduate Professional,"Rs 86,93,226 ~ 86 Lacs+","Rs 10,47,446 ~ 10 Lacs+"
539,5861,Indranil Rajguru,https://myneta.info/Gujarat2022/candidate.php?candidate_id=5861,RAJKOT EAST,INC,1,12th Pass,"Rs 1,62,92,89,224 ~ 162 Crore+","Rs 76,02,44,890 ~ 76 Crore+"
540,5673,Irfanbhai Arahemanbhai Mugal,https://myneta.info/Gujarat2022/candidate.php?candidate_id=5673,SOMNATH,IND,0,8th Pass,https://myneta.info/image_v2.php?myneta_folder=Gujarat2022&candidate_id=5673&col=ta,https://myneta.info/image_v2.php?myneta_folder=Gujarat2022&candidate_id=5673&col=lia
541,4968,Irfankhan Pathan,https://myneta.info/Gujarat2022/candidate.php?candidate_id=4968,LIMBAYAT,IND,0,5th Pass,"Rs 20,000 ~ 20 Thou+",Rs 0 ~
542,5408,Ishvarbhai Alias Anilbhai Ramanbhai Parmar,https://myneta.info/Gujarat2022/candidate.php?candidate_id=5408,BARDOLI (SC),BJP,0,10th Pass,"Rs 2,16,55,555 ~ 2 Crore+","Rs 25,77,012 ~ 25 Lacs+"
543,4883,Ishwar Solanki,https://myneta.info/Gujarat2022/candidate.php?candidate_id=4883,UNA,Right to Recall Party,0,12th Pass,"Rs 45,09,277 ~ 45 Lacs+","Rs 8,35,000 ~ 8 Lacs+"
544,5684,Ishwarlal Kanjibhai Soneri,https://myneta.info/Gujarat2022/candidate.php?candidate_id=5684,SOMNATH,IND,0,Graduate Professional,"Rs 2,85,45,100 ~ 2 Crore+","Rs 1,80,18,000 ~ 1 Crore+"
545,5081,Ishwarsinh Thakorbhai Patel,https://myneta.info/Gujarat2022/candidate.php?candidate_id=5081,ANKLESHWAR,BJP,0,Graduate,"Rs 4,78,87,600 ~ 4 Crore+","Rs 74,20,975 ~ 74 Lacs+"
546,5618,Ismail Ahmad Patel,https://myneta.info/Gujarat2022/candidate.php?candidate_id=5618,JAMBUSAR,IND,5,10th Pass,"Rs 1,21,84,062 ~ 1 Crore+",Rs 0 ~
547,6742,Istiyakahmed Siddiqui,https://myneta.info/Gujarat2022/candidate.php?candidate_id=6742,BAPUNAGAR,Jan Sewa Driver Party,0,Literate,"Rs 5,34,622 ~ 5 Lacs+","Rs 3,30,000 ~ 3 Lacs+"
548,5652,Isudan Gadhvi,https://myneta.info/Gujarat2022/candidate.php?candidate_id=5652,KHAMBHALIA,AAP,2,Post Graduate,"Rs 1,10,86,459 ~ 1 Crore+","Rs 50,45,481 ~ 50 Lacs+"
549,5518,J.R.Parmar,https://myneta.info/Gujarat2022/candidate.php?candidate_id=5518,LATHI,Right to Recall Party,3,5th Pass,https://myneta.info/image_v2.php?myneta_folder=Gujarat2022&candidate_id=5518&col=ta,https://myneta.info/image_v2.php?myneta_folder=Gujarat2022&candidate_id=5518&col=lia
550,6582,Jadav Devendrasinh Vaghsinh,https://myneta.info/Gujarat2022/candidate.php?candidate_id=6582,KALOL-PANCHMAHALS,IND,0,10th Pass,"Rs 7,81,280 ~ 7 Lacs+",Rs 0 ~
551,6580,Jadav Mahendrasinh Ramsinh,https://myneta.info/Gujarat2022/candidate.php?candidate_id=6580,KALOL-PANCHMAHALS,Lok Janshakti Party(Ram Vilas),1,Post Graduate,"Rs 8,02,100 ~ 8 Lacs+","Rs 2,50,000 ~ 2 Lacs+"
552,5814,Jadav Maheshbhai Dhanjibhai,https://myneta.info/Gujarat2022/candidate.php?candidate_id=5814,MORBI,IND,0,5th Pass,"Rs 2,93,000 ~ 2 Lacs+",Rs 0 ~
553,6585,Jadav Muktiben Rajendrasinh,https://myneta.info/Gujarat2022/candidate.php?candidate_id=6585,HALOL,IND,1,Post Graduate,"Rs 5,35,000 ~ 5 Lacs+",Rs 0 ~
554,6703,Jadav Vijaykumar Govindbhai,https://myneta.info/Gujarat2022/candidate.php?candidate_id=6703,DHOLKA,Log Party,0,8th Pass,"Rs 1,22,00,000 ~ 1 Crore+",Rs 0 ~
555,5255,Jadeja Pradhyumansinh Mahipatsinh,https://myneta.info/Gujarat2022/candidate.php?candidate_id=5255,ABDASA,BJP,0,Literate,"Rs 1,30,23,913 ~ 1 Crore+","Rs 15,80,000 ~ 15 Lacs+"
556,5830,Jafar Gani Pinjara,https://myneta.info/Gujarat2022/candidate.php?candidate_id=5830,DHORAJI,IND,0,5th Pass,"Rs 41,000 ~ 41 Thou+",Rs 0 ~
557,6698,Jagdish Shankarlal Koitiya,https://myneta.info/Gujarat2022/candidate.php?candidate_id=6698,ASARWA (SC),IND,0,Graduate Professional,"Rs 6,98,000 ~ 6 Lacs+",Rs 0 ~
558,6250,Jagdish Vishwakarma,https://myneta.info/Gujarat2022/candidate.php?candidate_id=6250,NIKOL,BJP,0,12th Pass,https://myneta.info/image_v2.php?myneta_folder=Gujarat2022&candidate_id=6250&col=ta,https://myneta.info/image_v2.php?myneta_folder=Gujarat2022&candidate_id=6250&col=lia
559,6077,Jagdishbhai Meda,https://myneta.info/Gujarat2022/candidate.php?candidate_id=6077,GARBADA (ST),Bharatiya National Janta Dal,0,8th Pass,"Rs 1,51,000 ~ 1 Lacs+",Rs 0 ~
560,5231,Jagdishbhai Prabhubhai Makwana,https://myneta.info/Gujarat2022/candidate.php?candidate_id=5231,WADHWAN,BJP,0,Graduate,"Rs 1,52,22,987 ~ 1 Crore+","Rs 14,50,000 ~ 14 Lacs+"
561,6514,Jagdishbhai Ravjibhai Thakor,https://myneta.info/Gujarat2022/candidate.php?candidate_id=6514,UMRETH,IND,1,Literate,"Rs 26,00,000 ~ 26 Lacs+","Rs 14,00,000 ~ 14 Lacs+"
562,5048,Jagdishchandra Mayani,https://myneta.info/Gujarat2022/candidate.php?candidate_id=5048,LATHI,Vyavastha Parivartan Party,0,8th Pass,"Rs 64,55,000 ~ 64 Lacs+","Rs 6,82,000 ~ 6 Lacs+"
563,5178,Jagdishkumar Motilal Chavda,https://myneta.info/Gujarat2022/candidate.php?candidate_id=5178,GADHADA (SC),INC,3,12th Pass,"Rs 30,50,008 ~ 30 Lacs+","Rs 6,00,000 ~ 6 Lacs+"
564,5677,Jagmalbhai Jadavbhai Vala,https://myneta.info/Gujarat2022/candidate.php?candidate_id=5677,SOMNATH,AAP,5,8th Pass,"Rs 25,90,64,900 ~ 25 Crore+","Rs 22,19,38,858 ~ 22 Crore+"
565,5721,Jahid Aavadbhai Jami,https://myneta.info/Gujarat2022/candidate.php?candidate_id=5721,JAMNAGAR NORTH,IND,1,Graduate,"Rs 54,000 ~ 54 Thou+",Rs 0 ~
566,5616,Jambu Pramodbhai Bhagubhai,https://myneta.info/Gujarat2022/candidate.php?candidate_id=5616,JAMBUSAR,Bahujan Republican Socialist Party,0,8th Pass,"Rs 3,10,600 ~ 3 Lacs+",Rs 0 ~
567,6682,Jamnaben Sureshbhai Vegda,https://myneta.info/Gujarat2022/candidate.php?candidate_id=6682,DANILIMDA (SC),IND,2,12th Pass,https://myneta.info/image_v2.php?myneta_folder=Gujarat2022&candidate_id=6682&col=ta,https://myneta.info/image_v2.php?myneta_folder=Gujarat2022&candidate_id=6682&col=lia
568,5519,Janakbhai Talaviya,https://myneta.info/Gujarat2022/candidate.php?candidate_id=5519,LATHI,BJP,1,12th Pass,"Rs 58,13,85,657 ~ 58 Crore+","Rs 4,16,01,070 ~ 4 Crore+"
569,6526,Jankiben Dineshbhai Patel,https://myneta.info/Gujarat2022/candidate.php?candidate_id=6526,ANAND,IND,0,Graduate,"Rs 92,72,500 ~ 92 Lacs+",Rs 0 ~
570,5370,Janubhai Dhakalbhai Kakad,https://myneta.info/Gujarat2022/candidate.php?candidate_id=5370,DHARAMPUR (ST),IND,0,10th Pass,"Rs 41,86,000 ~ 41 Lacs+","Rs 12,50,000 ~ 12 Lacs+"
571,6016,Jashpalsinh Mahendrasinh Padhiyar,https://myneta.info/Gujarat2022/candidate.php?candidate_id=6016,PADRA,INC,0,12th Pass,"Rs 4,87,02,530 ~ 4 Crore+","Rs 1,26,21,211 ~ 1 Crore+"
572,6353,Jashvantkumar Padhiyar,https://myneta.info/Gujarat2022/candidate.php?candidate_id=6353,DEESA,National Maha Sabha Party,0,Graduate,"Rs 13,70,000 ~ 13 Lacs+",Rs 0 ~
573,6281,Jashwantsinh Visaji Thakor,https://myneta.info/Gujarat2022/candidate.php?candidate_id=6281,SABARMATI,AAP,0,12th Pass,"Rs 11,39,208 ~ 11 Lacs+",Rs 0 ~
574,5117,Jat Mamad Jung,https://myneta.info/Gujarat2022/candidate.php?candidate_id=5117,ABDASA,INC,0,Literate,"Rs 33,97,899 ~ 33 Lacs+","Rs 3,00,000 ~ 3 Lacs+"
575,6042,Jatin Shah,https://myneta.info/Gujarat2022/candidate.php?candidate_id=6042,AKOTA,IND,4,8th Pass,"Rs 2,34,82,250 ~ 2 Crore+","Rs 29,00,000 ~ 29 Lacs+"
576,6291,Jatubha Bhurubha Gol,https://myneta.info/Gujarat2022/candidate.php?candidate_id=6291,DHOLKA,AAP,1,12th Pass,https://myneta.info/image_v2.php?myneta_folder=Gujarat2022&candidate_id=6291&col=ta,https://myneta.info/image_v2.php?myneta_folder=Gujarat2022&candidate_id=6291&col=lia
577,6540,Javedbhai Rajakbhai Vahora,https://myneta.info/Gujarat2022/candidate.php?candidate_id=6540,SOJITRA,IND,0,8th Pass,"Rs 7,93,011 ~ 7 Lacs+","Rs 3,00,000 ~ 3 Lacs+"
578,5988,Javid Shaikh,https://myneta.info/Gujarat2022/candidate.php?candidate_id=5988,LIMBAYAT,IND,0,Illiterate,"Rs 25,000 ~ 25 Thou+",Rs 0 ~
579,6348,Javidkhan Jafarkhan Parmar,https://myneta.info/Gujarat2022/candidate.php?candidate_id=6348,PALANPUR,IND,0,12th Pass,"Rs 3,76,000 ~ 3 Lacs+","Rs 4,60,000 ~ 4 Lacs+"
580,5772,Jawaharbhai Pethaljibhai Chavda,https://myneta.info/Gujarat2022/candidate.php?candidate_id=5772,MANAVADAR,BJP,2,10th Pass,"Rs 1,30,15,80,411 ~ 130 Crore+","Rs 9,14,49,728 ~ 9 Crore+"
581,5577,Jayaben Mehulbhai Boricha,https://myneta.info/Gujarat2022/candidate.php?candidate_id=5577,BHAVNAGAR WEST,IND,0,8th Pass,"Rs 3,000 ~ 3 Thou+",Rs 0 ~
582,6173,Jayant Patel(Boskey),https://myneta.info/Gujarat2022/candidate.php?candidate_id=6173,UMRETH,NCP,0,12th Pass,"Rs 2,08,52,393 ~ 2 Crore+",Rs 0 ~
583,5556,Jayantibhai Makvana,https://myneta.info/Gujarat2022/candidate.php?candidate_id=5556,TALAJA,IND,0,8th Pass,"Rs 12,24,500 ~ 12 Lacs+","Rs 2,31,660 ~ 2 Lacs+"
584,6355,Jayantibhai Navabhai Chaudhary,https://myneta.info/Gujarat2022/candidate.php?candidate_id=6355,DEESA,IND,0,10th Pass,"Rs 1,75,000 ~ 1 Lacs+",Rs 0 ~
585,6186,Jayantibhai Pranami,https://myneta.info/Gujarat2022/candidate.php?candidate_id=6186,IDAR (SC),AAP,0,10th Pass,https://myneta.info/image_v2.php?myneta_folder=Gujarat2022&candidate_id=6186&col=ta,https://myneta.info/image_v2.php?myneta_folder=Gujarat2022&candidate_id=6186&col=lia
586,6218,Jayantibhai Somabhai Patel (J.S. Patel),https://myneta.info/Gujarat2022/candidate.php?candidate_id=6218,MANSA,BJP,0,10th Pass,"Rs 6,61,28,81,500 ~ 661 Crore+","Rs 2,33,85,56,900 ~ 233 Crore+"
587,5962,Jayantilal Mohanlal Patel (Advocate),https://myneta.info/Gujarat2022/candidate.php?candidate_id=5962,VISNAGAR,AAP,0,Graduate Professional,"Rs 3,98,20,182 ~ 3 Crore+","Rs 79,53,157 ~ 79 Lacs+"
588,6109,Jaydrathsinhji Parmar,https://myneta.info/Gujarat2022/candidate.php?candidate_id=6109,HALOL,BJP,0,Graduate Professional,"Rs 6,24,77,641 ~ 6 Crore+",Rs 0 ~
589,6600,Jayendra K. Rathod,https://myneta.info/Gujarat2022/candidate.php?candidate_id=6600,GHATLODIA,Vyavastha Parivartan Party,0,Post Graduate,"Rs 9,77,614 ~ 9 Lacs+",Rs 0 ~
590,6207,Jayendra K. Rathod,https://myneta.info/Gujarat2022/candidate.php?candidate_id=6207,DAHEGAM,Vyavastha Parivartan Party,0,Post Graduate,"Rs 9,77,614 ~ 9 Lacs+",Rs 0 ~
591,5357,Jayendrabhai Laxmanbhai Ganvit,https://myneta.info/Gujarat2022/candidate.php?candidate_id=5357,KAPRADA (ST),AAP,0,Graduate,"Rs 51,000 ~ 51 Thou+",Rs 0 ~
592,5834,Jayendrasinh Govubha Chauhan,https://myneta.info/Gujarat2022/candidate.php?candidate_id=5834,JETPUR,IND,1,12th Pass,"Rs 54,17,000 ~ 54 Lacs+",Rs 0 ~
593,5624,Jayendrasinh Laxmansinh Raj,https://myneta.info/Gujarat2022/candidate.php?candidate_id=5624,VAGRA,AAP,1,12th Pass,"Rs 30,10,816 ~ 30 Lacs+",Rs 0 ~
594,6745,Jayesh Ganpatbhai Makwana,https://myneta.info/Gujarat2022/candidate.php?candidate_id=6745,BAPUNAGAR,IND,0,10th Pass,https://myneta.info/image_v2.php?myneta_folder=Gujarat2022&candidate_id=6745&col=ta,https://myneta.info/image_v2.php?myneta_folder=Gujarat2022&candidate_id=6745&col=lia
595,4920,Jayesh Hansrajbhai Thakor (Tamboliya),https://myneta.info/Gujarat2022/candidate.php?candidate_id=4920,LIMBDI,IND,2,10th Pass,"Rs 13,85,000 ~ 13 Lacs+","Rs 20,00,000 ~ 20 Lacs+"
596,5338,Jayesh Hansrajbhai Thakor(Tamboliya),https://myneta.info/Gujarat2022/candidate.php?candidate_id=5338,CHOTILA,IND,2,10th Pass,"Rs 13,85,000 ~ 13 Lacs+","Rs 20,00,000 ~ 20 Lacs+"
597,5692,Jayeshbhai Bhagvanbhai Kamaliya,https://myneta.info/Gujarat2022/candidate.php?candidate_id=5692,TALALA,IND,0,8th Pass,"Rs 2,85,000 ~ 2 Lacs+","Rs 1,61,000 ~ 1 Lacs+"
598,5343,Jayeshbhai Vitthalbhai Radadiya,https://myneta.info/Gujarat2022/candidate.php?candidate_id=5343,JETPUR,BJP,0,12th Pass,"Rs 33,19,44,084 ~ 33 Crore+","Rs 18,32,43,263 ~ 18 Crore+"
599,6579,Jayeshkumar Shantubhai Rathod,https://myneta.info/Gujarat2022/candidate.php?candidate_id=6579,KALOL-PANCHMAHALS,Pachchasi Parivartan Samaj Party,0,8th Pass,"Rs 25,75,000 ~ 25 Lacs+",Rs 0 ~
600,5635,Jaykantbhai Bahecharbhai Patel,https://myneta.info/Gujarat2022/candidate.php?candidate_id=5635,BHARUCH,INC,0,5th Pass,"Rs 3,89,54,297 ~ 3 Crore+","Rs 8,00,000 ~ 8 Lacs+"
601,6568,Jayprakash Purushottambhai Patel,https://myneta.info/Gujarat2022/candidate.php?candidate_id=6568,LUNAWADA,IND,0,Graduate Professional,"Rs 11,26,98,583 ~ 11 Crore+","Rs 2,36,13,109 ~ 2 Crore+"
602,5120,Jayshreeben Patel,https://myneta.info/Gujarat2022/candidate.php?candidate_id=5120,PARDI,INC,0,12th Pass,"Rs 48,27,838 ~ 48 Lacs+","Rs 9,80,000 ~ 9 Lacs+"
603,6317,Jayshriben Dahyabhai Parmar,https://myneta.info/Gujarat2022/candidate.php?candidate_id=6317,VADGAM (SC),Pachchasi Parivartan Samaj Party,0,Others,https://myneta.info/image_v2.php?myneta_folder=Gujarat2022&candidate_id=6317&col=ta,https://myneta.info/image_v2.php?myneta_folder=Gujarat2022&candidate_id=6317&col=lia
604,5047,Jayshukhbhai Ravajibhai Detroja (Doli),https://myneta.info/Gujarat2022/candidate.php?candidate_id=5047,LATHI,AAP,0,5th Pass,"Rs 7,02,71,055 ~ 7 Crore+","Rs 13,71,73,152 ~ 13 Crore+"
605,5806,Jeda Akbar Husen,https://myneta.info/Gujarat2022/candidate.php?candidate_id=5806,MORBI,IND,0,8th Pass,"Rs 12,23,082 ~ 12 Lacs+",Rs 0 ~
606,4996,Jeeteshbhai Rupabhai Santola,https://myneta.info/Gujarat2022/candidate.php?candidate_id=4996,WANKANER,IND,0,Graduate,"Rs 4,87,180 ~ 4 Lacs+","Rs 2,08,250 ~ 2 Lacs+"
607,5182,Jermaben Suklal Vasava,https://myneta.info/Gujarat2022/candidate.php?candidate_id=5182,DEDIAPADA (ST),INC,0,Post Graduate,"Rs 1,38,06,353 ~ 1 Crore+","Rs 18,50,000 ~ 18 Lacs+"
608,5659,Jethabhai Bhanabhai Chavda,https://myneta.info/Gujarat2022/candidate.php?candidate_id=5659,PORBANDAR,Bahujan Republican Socialist Party,2,8th Pass,"Rs 3,40,000 ~ 3 Lacs+","Rs 72,000 ~ 72 Thou+"
609,6678,Jigar Laxmanbhai Patel,https://myneta.info/Gujarat2022/candidate.php?candidate_id=6678,MANINAGAR,Gunj Satya Ni Janata Party,0,Graduate,"Rs 49,13,000 ~ 49 Lacs+","Rs 4,50,000 ~ 4 Lacs+"
610,6622,Jignaba Omkarsinh Zala,https://myneta.info/Gujarat2022/candidate.php?candidate_id=6622,VATVA,Pachchasi Parivartan Samaj Party,0,10th Pass,"Rs 44,02,852 ~ 44 Lacs+","Rs 18,50,000 ~ 18 Lacs+"
611,5931,Jignesh Mevani,https://myneta.info/Gujarat2022/candidate.php?candidate_id=5931,VADGAM (SC),INC,10,Graduate Professional,"Rs 35,48,064 ~ 35 Lacs+",Rs 0 ~
612,4911,Jigneshkumar Malakiya,https://myneta.info/Gujarat2022/candidate.php?candidate_id=4911,CHOTILA,IND,0,Post Graduate,https://myneta.info/image_v2.php?myneta_folder=Gujarat2022&candidate_id=4911&col=ta,https://myneta.info/image_v2.php?myneta_folder=Gujarat2022&candidate_id=4911&col=lia
613,5492,Jigneshkumar Manjibhai Dhameliya,https://myneta.info/Gujarat2022/candidate.php?candidate_id=5492,OLPAD,IND,0,10th Pass,"Rs 17,74,658 ~ 17 Lacs+","Rs 12,480 ~ 12 Thou+"
614,5559,Jilubhai Bhammar,https://myneta.info/Gujarat2022/candidate.php?candidate_id=5559,TALAJA,IND,1,Graduate,"Rs 1,12,15,096 ~ 1 Crore+","Rs 36,25,000 ~ 36 Lacs+"
615,5401,Jimikumar Rajenbhai Patel,https://myneta.info/Gujarat2022/candidate.php?candidate_id=5401,VYARA (ST),IND,0,Graduate Professional,"Rs 56,000 ~ 56 Thou+",Rs 0 ~
616,6715,Jiniya Pravinbhai Mohanbhai,https://myneta.info/Gujarat2022/candidate.php?candidate_id=6715,DHANDHUKA,BSP,0,Post Graduate,"Rs 7,39,200 ~ 7 Lacs+","Rs 4,30,000 ~ 4 Lacs+"
617,5342,Jitendra Kantilal Somani,https://myneta.info/Gujarat2022/candidate.php?candidate_id=5342,WANKANER,BJP,1,5th Pass,"Rs 3,72,85,320 ~ 3 Crore+",Rs 0 ~
618,5063,Jitendrabhai Savajibhai Vaghani,https://myneta.info/Gujarat2022/candidate.php?candidate_id=5063,BHAVNAGAR WEST,BJP,4,Graduate Professional,"Rs 8,52,81,993 ~ 8 Crore+","Rs 2,16,64,960 ~ 2 Crore+"
619,6247,Jitendrakumar Ramanlal Patel (Jitu Bhagat),https://myneta.info/Gujarat2022/candidate.php?candidate_id=6247,NARANPURA,BJP,0,12th Pass,"Rs 5,84,97,729 ~ 5 Crore+","Rs 23,15,297 ~ 23 Lacs+"
620,5636,Jitendrasingh Rajawat,https://myneta.info/Gujarat2022/candidate.php?candidate_id=5636,ANKLESHWAR,Praja Vijay Paksh,0,10th Pass,"Rs 57,42,378 ~ 57 Lacs+","Rs 12,00,000 ~ 12 Lacs+"
621,5748,Jitesh Babubhai Rathod,https://myneta.info/Gujarat2022/candidate.php?candidate_id=5748,JAMNAGAR SOUTH,IND,0,10th Pass,https://myneta.info/image_v2.php?myneta_folder=Gujarat2022&candidate_id=5748&col=ta,https://myneta.info/image_v2.php?myneta_folder=Gujarat2022&candidate_id=5748&col=lia
622,6558,Jiteshkumar Ghanshyambhai Sevak,https://myneta.info/Gujarat2022/candidate.php?candidate_id=6558,THASRA,Garvi Gujarat Party,0,12th Pass,"Rs 2,07,000 ~ 2 Lacs+",Rs 0 ~
623,4941,Jitubhai Harjibhai Chaudhari,https://myneta.info/Gujarat2022/candidate.php?candidate_id=4941,KAPRADA (ST),BJP,1,8th Pass,"Rs 1,93,35,482 ~ 1 Crore+","Rs 4,57,000 ~ 4 Lacs+"
624,5032,Jivan Jungi,https://myneta.info/Gujarat2022/candidate.php?candidate_id=5032,PORBANDAR,AAP,0,10th Pass,"Rs 1,40,000 ~ 1 Lacs+",Rs 0 ~
625,6692,Jiwanbhai Ramabhai Parmar,https://myneta.info/Gujarat2022/candidate.php?candidate_id=6692,SABARMATI,Democratic Bharatiya Samaj Party,0,8th Pass,Nil,Rs 0 ~
626,6704,Jogadia Vinodbhai Mavdas,https://myneta.info/Gujarat2022/candidate.php?candidate_id=6704,DHOLKA,Praja Vijay Paksh,0,10th Pass,"Rs 26,19,343 ~ 26 Lacs+",Rs 0 ~
627,5763,Joshi Amit Babubhai,https://myneta.info/Gujarat2022/candidate.php?candidate_id=5763,JAMJODHPUR,IND,0,10th Pass,"Rs 3,67,000 ~ 3 Lacs+",Rs 0 ~
628,5344,Joshi Bhikhabhai Galabhai,https://myneta.info/Gujarat2022/candidate.php?candidate_id=5344,JUNAGADH,INC,2,10th Pass,"Rs 1,52,18,868 ~ 1 Crore+","Rs 3,65,400 ~ 3 Lacs+"
629,5250,Joshi Jagdishchandra Kakulal,https://myneta.info/Gujarat2022/candidate.php?candidate_id=5250,ABDASA,SP,0,10th Pass,"Rs 1,25,92,758 ~ 1 Crore+",Rs 0 ~
630,5109,Juber Kashim Ansari,https://myneta.info/Gujarat2022/candidate.php?candidate_id=5109,CHORYASI,SP,0,Illiterate,https://myneta.info/image_v2.php?myneta_folder=Gujarat2022&candidate_id=5109&col=ta,https://myneta.info/image_v2.php?myneta_folder=Gujarat2022&candidate_id=5109&col=lia
631,5761,Juneja Sabbirbhai Ibrahimbhai,https://myneta.info/Gujarat2022/candidate.php?candidate_id=5761,JAMJODHPUR,SP,0,Literate,"Rs 62,000 ~ 62 Thou+",Rs 0 ~
632,6152,Juvansinh Gandabhai Chauhan,https://myneta.info/Gujarat2022/candidate.php?candidate_id=6152,MEHMEDABAD,INC,1,Others,"Rs 1,15,41,433 ~ 1 Crore+",Rs 0 ~
633,6479,Jyotiben Ashokbhai Rathod,https://myneta.info/Gujarat2022/candidate.php?candidate_id=6479,PRANTIJ,Right to Recall Party,0,12th Pass,"Rs 57,15,000 ~ 57 Lacs+","Rs 13,50,000 ~ 13 Lacs+"
634,5249,K. D. Jadeja,https://myneta.info/Gujarat2022/candidate.php?candidate_id=5249,ABDASA,Praja Vijay Paksh,0,Graduate,"Rs 14,30,000 ~ 14 Lacs+",Rs 0 ~
635,5548,Kachaliya Nazirbhai,https://myneta.info/Gujarat2022/candidate.php?candidate_id=5548,TALAJA,IND,0,5th Pass,"Rs 9,15,368 ~ 9 Lacs+",Rs 0 ~
636,5751,Kadari Mahmad Hushen Aarifmiya,https://myneta.info/Gujarat2022/candidate.php?candidate_id=5751,JAMNAGAR SOUTH,IND,0,12th Pass,"Rs 81,854 ~ 81 Thou+","Rs 1,00,000 ~ 1 Lacs+"
637,5146,Kagathara Lalitbhai,https://myneta.info/Gujarat2022/candidate.php?candidate_id=5146,TANKARA,INC,0,Graduate,"Rs 10,13,11,764 ~ 10 Crore+","Rs 7,46,39,088 ~ 7 Crore+"
638,4903,Kailasdan K. Gadhvi,https://myneta.info/Gujarat2022/candidate.php?candidate_id=4903,MANDVI,AAP,0,Graduate,"Rs 10,12,47,148 ~ 10 Crore+","Rs 4,61,38,654 ~ 4 Crore+"
639,6392,Kaji Sohil Hanifbhai,https://myneta.info/Gujarat2022/candidate.php?candidate_id=6392,SIDHPUR,IND,0,10th Pass,https://myneta.info/image_v2.php?myneta_folder=Gujarat2022&candidate_id=6392&col=ta,https://myneta.info/image_v2.php?myneta_folder=Gujarat2022&candidate_id=6392&col=lia
640,5506,Kakadiya Jaysukhbhai Vallabhbhai (Kakadiya J.V.),https://myneta.info/Gujarat2022/candidate.php?candidate_id=5506,DHARI,BJP,0,Graduate,"Rs 3,75,24,314 ~ 3 Crore+","Rs 1,16,39,519 ~ 1 Crore+"
641,4885,Kakal Ganibhai Adambhai,https://myneta.info/Gujarat2022/candidate.php?candidate_id=4885,ANJAR,Gujarat Sarva Samaj Party,2,8th Pass,"Rs 56,00,000 ~ 56 Lacs+","Rs 22,43,357 ~ 22 Lacs+"
642,6144,Kalabhai Raijibhai Dabhi,https://myneta.info/Gujarat2022/candidate.php?candidate_id=6144,KAPADVANJ,INC,0,8th Pass,"Rs 1,89,77,157 ~ 1 Crore+","Rs 12,10,344 ~ 12 Lacs+"
643,6573,Kalandar Mohammedhanif Ahmedsaeed,https://myneta.info/Gujarat2022/candidate.php?candidate_id=6573,GODHRA,IND,1,10th Pass,"Rs 34,10,889 ~ 34 Lacs+",Rs 0 ~
644,5767,Kalaria Chiragbhai Rameshbhai,https://myneta.info/Gujarat2022/candidate.php?candidate_id=5767,JAMJODHPUR,INC,0,Graduate,"Rs 6,04,13,284 ~ 6 Crore+","Rs 58,82,071 ~ 58 Lacs+"
645,5856,Kalariya Mansukhbhai Jadavbhai,https://myneta.info/Gujarat2022/candidate.php?candidate_id=5856,RAJKOT WEST,INC,0,Graduate,"Rs 1,25,04,637 ~ 1 Crore+","Rs 17,66,707 ~ 17 Lacs+"
646,5324,Kalpanaben Bijalbhai Dhoriya,https://myneta.info/Gujarat2022/candidate.php?candidate_id=5324,LIMBDI,INC,0,Graduate Professional,"Rs 1,15,98,307 ~ 1 Crore+","Rs 74,48,813 ~ 74 Lacs+"
647,4882,Kalpanaben Percy Munshi,https://myneta.info/Gujarat2022/candidate.php?candidate_id=4882,NAVSARI,IND,0,Others,"Rs 1,48,41,019 ~ 1 Crore+","Rs 1,90,706 ~ 1 Lacs+"
648,5093,Kalpesh Harjivanbhai Variya,https://myneta.info/Gujarat2022/candidate.php?candidate_id=5093,KATARGAM,INC,0,12th Pass,https://myneta.info/image_v2.php?myneta_folder=Gujarat2022&candidate_id=5093&col=ta,https://myneta.info/image_v2.php?myneta_folder=Gujarat2022&candidate_id=5093&col=lia
649,6632,Kalpesh N. Shete,https://myneta.info/Gujarat2022/candidate.php?candidate_id=6632,NIKOL,Gunj Satya Ni Janata Party,0,Graduate Professional,"Rs 2,37,72,400 ~ 2 Crore+","Rs 51,29,000 ~ 51 Lacs+"
650,5375,Kalpesh Patel,https://myneta.info/Gujarat2022/candidate.php?candidate_id=5375,DHARAMPUR (ST),IND,4,Graduate Professional,"Rs 11,01,235 ~ 11 Lacs+",Rs 0 ~
651,6234,Kalpesh Patel (Bholabhai),https://myneta.info/Gujarat2022/candidate.php?candidate_id=6234,VEJALPUR,AAP,0,Graduate,"Rs 4,43,05,458 ~ 4 Crore+",Rs 0 ~
652,6159,Kalpeshbhai Ashabhai Parmar,https://myneta.info/Gujarat2022/candidate.php?candidate_id=6159,MATAR,BJP,0,Literate,"Rs 1,16,37,704 ~ 1 Crore+",Rs 0 ~
653,6633,Kalpeshbhai Khamar,https://myneta.info/Gujarat2022/candidate.php?candidate_id=6633,NIKOL,Rashtra Mangal Mission Party,0,8th Pass,"Rs 4,63,000 ~ 4 Lacs+",Rs 0 ~
654,6619,Kalpeshbhai Narayanbhai Shete,https://myneta.info/Gujarat2022/candidate.php?candidate_id=6619,VATVA,Gunj Satya Ni Janata Party,0,Graduate Professional,"Rs 2,37,72,400 ~ 2 Crore+","Rs 51,29,000 ~ 51 Lacs+"
655,5700,Kalubhai Rathod,https://myneta.info/Gujarat2022/candidate.php?candidate_id=5700,UNA,BJP,1,12th Pass,"Rs 6,67,39,093 ~ 6 Crore+","Rs 1,64,52,595 ~ 1 Crore+"
656,6292,Kalubhai Rupabhai Dabhi,https://myneta.info/Gujarat2022/candidate.php?candidate_id=6292,DHANDHUKA,BJP,0,8th Pass,"Rs 1,83,90,581 ~ 1 Crore+","Rs 21,31,564 ~ 21 Lacs+"
657,5366,Kamalbhai Shantilal Patel,https://myneta.info/Gujarat2022/candidate.php?candidate_id=5366,VALSAD,INC,1,8th Pass,https://myneta.info/image_v2.php?myneta_folder=Gujarat2022&candidate_id=5366&col=ta,https://myneta.info/image_v2.php?myneta_folder=Gujarat2022&candidate_id=5366&col=lia
658,5410,Kamalshah Fakir,https://myneta.info/Gujarat2022/candidate.php?candidate_id=5410,SURAT WEST,IND,0,5th Pass,"Rs 4,40,000 ~ 4 Lacs+",Rs 0 ~
659,5368,Kamleshbhai Bharatbhai Yogi,https://myneta.info/Gujarat2022/candidate.php?candidate_id=5368,VALSAD,SP,0,10th Pass,"Rs 27,200 ~ 27 Thou+",Rs 0 ~
660,5371,Kamleshbhai Ghelabhai Patel,https://myneta.info/Gujarat2022/candidate.php?candidate_id=5371,DHARAMPUR (ST),AAP,1,12th Pass,"Rs 23,50,302 ~ 23 Lacs+",Rs 0 ~
661,6338,Kamleshbhai Kalubhai Desai,https://myneta.info/Gujarat2022/candidate.php?candidate_id=6338,THARAD,IND,1,Illiterate,"Rs 1,39,99,000 ~ 1 Crore+","Rs 1,77,000 ~ 1 Lacs+"
662,6164,Kamleshbhai Rameshbhai Patel,https://myneta.info/Gujarat2022/candidate.php?candidate_id=6164,PETLAD,BJP,0,Post Graduate,"Rs 1,87,22,728 ~ 1 Crore+",Rs 0 ~
663,5073,Kamleshbhai S. Madhiwala,https://myneta.info/Gujarat2022/candidate.php?candidate_id=5073,VAGRA,IND,0,Graduate Professional,"Rs 44,09,949 ~ 44 Lacs+",Rs 0 ~
664,5191,Kamleshkumar Jayantibhai Patel,https://myneta.info/Gujarat2022/candidate.php?candidate_id=5191,HIMATNAGAR,INC,0,12th Pass,"Rs 4,55,60,437 ~ 4 Crore+","Rs 25,47,786 ~ 25 Lacs+"
665,5759,Kamleshkumar Jentilal Hirpara,https://myneta.info/Gujarat2022/candidate.php?candidate_id=5759,JAMNAGAR SOUTH,Bharatiya National Janta Dal,0,10th Pass,"Rs 3,84,700 ~ 3 Lacs+","Rs 2,97,000 ~ 2 Lacs+"
666,6086,Kanaiyalal Bachubhai Kishori,https://myneta.info/Gujarat2022/candidate.php?candidate_id=6086,DAHOD (ST),BJP,0,Graduate Professional,https://myneta.info/image_v2.php?myneta_folder=Gujarat2022&candidate_id=6086&col=ta,https://myneta.info/image_v2.php?myneta_folder=Gujarat2022&candidate_id=6086&col=lia
667,6701,Kanani Dhruvinbhai Narsinhbhai,https://myneta.info/Gujarat2022/candidate.php?candidate_id=6701,DASKROI,IND,0,Post Graduate,"Rs 49,13,066 ~ 49 Lacs+","Rs 8,18,000 ~ 8 Lacs+"
668,6256,Kanchanben Vinubhai Radadiya,https://myneta.info/Gujarat2022/candidate.php?candidate_id=6256,THAKKARBAPA NAGAR,BJP,0,10th Pass,"Rs 3,74,34,000 ~ 3 Crore+","Rs 4,55,900 ~ 4 Lacs+"
669,5041,Kandhalbhai Sarmanbhai Jadeja,https://myneta.info/Gujarat2022/candidate.php?candidate_id=5041,KUTIYANA,SP,2,8th Pass,"Rs 20,94,03,859 ~ 20 Crore+","Rs 38,08,441 ~ 38 Lacs+"
670,4894,Kantariya Kishorbhai Paljibhai,https://myneta.info/Gujarat2022/candidate.php?candidate_id=4894,GARIADHAR,BSP,0,Graduate,"Rs 58,000 ~ 58 Thou+","Rs 3,400 ~ 3 Thou+"
671,5455,Kantibhai Himmatbhai Balar,https://myneta.info/Gujarat2022/candidate.php?candidate_id=5455,SURAT NORTH,BJP,0,Literate,"Rs 54,07,15,015 ~ 54 Crore+","Rs 3,49,42,639 ~ 3 Crore+"
672,5930,Kantibhai Kalabhai Kharadi,https://myneta.info/Gujarat2022/candidate.php?candidate_id=5930,DANTA (ST),INC,0,8th Pass,"Rs 1,12,88,630 ~ 1 Crore+","Rs 15,00,000 ~ 15 Lacs+"
673,6434,Kantibhai Nathabhai Khant,https://myneta.info/Gujarat2022/candidate.php?candidate_id=6434,BAYAD,Rashtriya Hind Ekta Dal,0,Post Graduate,"Rs 23,92,000 ~ 23 Lacs+",Rs 0 ~
674,6169,Kantibhai Sodha Parmar (Bhagat),https://myneta.info/Gujarat2022/candidate.php?candidate_id=6169,ANAND,INC,0,12th Pass,"Rs 3,98,44,484 ~ 3 Crore+","Rs 12,56,322 ~ 12 Lacs+"
675,6116,Kantiji Atmaram Thakor (Jagirdar),https://myneta.info/Gujarat2022/candidate.php?candidate_id=6116,KALOL-GANDHINAGAR,AAP,1,Graduate,https://myneta.info/image_v2.php?myneta_folder=Gujarat2022&candidate_id=6116&col=ta,https://myneta.info/image_v2.php?myneta_folder=Gujarat2022&candidate_id=6116&col=lia
676,5115,Kantilal Nanubhai Patel,https://myneta.info/Gujarat2022/candidate.php?candidate_id=5115,CHORYASI,INC,0,12th Pass,"Rs 3,41,23,950 ~ 3 Crore+","Rs 25,86,055 ~ 25 Lacs+"
677,5552,Kanubhai Baraiya,https://myneta.info/Gujarat2022/candidate.php?candidate_id=5552,TALAJA,INC,0,Graduate Professional,"Rs 1,10,84,416 ~ 1 Crore+","Rs 4,30,181 ~ 4 Lacs+"
678,6227,Kanubhai Karamshibhai Patel,https://myneta.info/Gujarat2022/candidate.php?candidate_id=6227,SANAND,BJP,1,12th Pass,"Rs 21,99,77,022 ~ 21 Crore+","Rs 36,81,401 ~ 36 Lacs+"
679,6100,Kanubhai Kuberbhai Katara,https://myneta.info/Gujarat2022/candidate.php?candidate_id=6100,FATEPURA (ST),CPI(M),0,8th Pass,"Rs 5,30,000 ~ 5 Lacs+",Rs 0 ~
680,4877,Kanubhai Mohanlal Desai,https://myneta.info/Gujarat2022/candidate.php?candidate_id=4877,PARDI,BJP,0,Graduate Professional,"Rs 10,93,51,751 ~ 10 Crore+",Rs 0 ~
681,6278,Kapadiya Dineshbhai Somabhai,https://myneta.info/Gujarat2022/candidate.php?candidate_id=6278,DANILIMDA (SC),AAP,0,Graduate Professional,"Rs 1,65,59,330 ~ 1 Crore+","Rs 79,000 ~ 79 Thou+"
682,5555,Karamashi Jabucha,https://myneta.info/Gujarat2022/candidate.php?candidate_id=5555,TALAJA,IND,1,8th Pass,"Rs 2,66,350 ~ 2 Lacs+",Rs 0 ~
683,5134,Karanbhai Baraiya,https://myneta.info/Gujarat2022/candidate.php?candidate_id=5134,RAJULA,IND,1,Literate,"Rs 2,41,10,643 ~ 2 Crore+","Rs 29,96,990 ~ 29 Lacs+"
684,5771,Karangiya Parbatbhai Bhayabhai,https://myneta.info/Gujarat2022/candidate.php?candidate_id=5771,MANAVADAR,IND,0,10th Pass,https://myneta.info/image_v2.php?myneta_folder=Gujarat2022&candidate_id=5771&col=ta,https://myneta.info/image_v2.php?myneta_folder=Gujarat2022&candidate_id=5771&col=lia
685,5782,Karashanbhai Naranbhai Vadadoriya,https://myneta.info/Gujarat2022/candidate.php?candidate_id=5782,VISAVADAR,INC,0,Graduate,"Rs 2,17,84,929 ~ 2 Crore+","Rs 10,00,000 ~ 10 Lacs+"
686,5794,Kargatiya Bhagvanjibhai Lakhabhai,https://myneta.info/Gujarat2022/candidate.php?candidate_id=5794,MANGROL,BJP,0,10th Pass,"Rs 1,25,50,000 ~ 1 Crore+",Rs 0 ~
687,5472,Karimkhan Rahimkhan Pathan,https://myneta.info/Gujarat2022/candidate.php?candidate_id=5472,SURAT EAST,Bharatiya Bahujan Congress,0,Literate,"Rs 1,54,500 ~ 1 Lacs+",Rs 0 ~
688,4923,Karpada Rajubhai Merambhai,https://myneta.info/Gujarat2022/candidate.php?candidate_id=4923,CHOTILA,AAP,3,Graduate Professional,"Rs 61,04,712 ~ 61 Lacs+","Rs 24,97,123 ~ 24 Lacs+"
689,5969,Karsanbhai Punjabhai Solanki,https://myneta.info/Gujarat2022/candidate.php?candidate_id=5969,KADI (SC),BJP,0,Literate,"Rs 77,76,038 ~ 77 Lacs+","Rs 33,25,027 ~ 33 Lacs+"
690,5150,Karshan Parbat Bhadarka (Bapu),https://myneta.info/Gujarat2022/candidate.php?candidate_id=5150,MANAVADAR,AAP,0,Post Graduate,"Rs 5,93,64,567 ~ 5 Crore+","Rs 2,36,82,089 ~ 2 Crore+"
691,5021,Karshanbhai Karmur (Ahir Karshanbhai Parbatbhai Karmur),https://myneta.info/Gujarat2022/candidate.php?candidate_id=5021,JAMNAGAR NORTH,AAP,0,5th Pass,"Rs 2,12,62,362 ~ 2 Crore+","Rs 53,68,625 ~ 53 Lacs+"
692,6620,Kartik Pandey,https://myneta.info/Gujarat2022/candidate.php?candidate_id=6620,VATVA,Praja Vijay Paksh,0,12th Pass,"Rs 63,62,000 ~ 63 Lacs+",Rs 0 ~
693,5713,Kasam Nurmamad Khafi,https://myneta.info/Gujarat2022/candidate.php?candidate_id=5713,JAMNAGAR RURAL,BSP,0,10th Pass,https://myneta.info/image_v2.php?myneta_folder=Gujarat2022&candidate_id=5713&col=ta,https://myneta.info/image_v2.php?myneta_folder=Gujarat2022&candidate_id=5713&col=lia
694,4887,Kasambhai Hajibhai Sumara,https://myneta.info/Gujarat2022/candidate.php?candidate_id=4887,MORBI,BSP,0,12th Pass,"Rs 14,40,000 ~ 14 Lacs+",Rs 0 ~
695,5527,Kaswala Mahesh,https://myneta.info/Gujarat2022/candidate.php?candidate_id=5527,SAVARKUNDLA,BJP,0,Post Graduate,"Rs 9,45,00,686 ~ 9 Crore+","Rs 2,79,82,598 ~ 2 Crore+"
696,6101,Katara Rameshbhai Bhurabhai,https://myneta.info/Gujarat2022/candidate.php?candidate_id=6101,FATEPURA (ST),BJP,0,Others,"Rs 1,27,58,096 ~ 1 Crore+",Rs 0 ~
697,5149,Kathiriya Manojbhai Gordhanbhai,https://myneta.info/Gujarat2022/candidate.php?candidate_id=5149,JAMNAGAR SOUTH,INC,0,8th Pass,"Rs 19,07,36,467 ~ 19 Crore+","Rs 1,70,56,686 ~ 1 Crore+"
698,5227,Katiya Salimbhai Harunbhai,https://myneta.info/Gujarat2022/candidate.php?candidate_id=5227,WADHWAN,IND,0,Literate,"Rs 1,48,100 ~ 1 Lacs+",Rs 0 ~
699,5512,Kaushik Kantibhai Vekariya,https://myneta.info/Gujarat2022/candidate.php?candidate_id=5512,AMRELI,BJP,0,Graduate,"Rs 3,56,90,630 ~ 3 Crore+",Rs 0 ~
700,6277,Kaushikabahen Dilipbhai Parmar,https://myneta.info/Gujarat2022/candidate.php?candidate_id=6277,DANILIMDA (SC),All India Majlis-E-Ittehadul Muslimeen,0,8th Pass,"Rs 1,06,705 ~ 1 Lacs+",Rs 0 ~
701,6267,Kaushikbhai Sukhlal Jain,https://myneta.info/Gujarat2022/candidate.php?candidate_id=6267,DARIAPUR,BJP,0,Graduate,"Rs 7,73,99,439 ~ 7 Crore+",Rs 0 ~
702,6634,Kazi Mohmmed Salim,https://myneta.info/Gujarat2022/candidate.php?candidate_id=6634,NIKOL,SP,0,12th Pass,https://myneta.info/image_v2.php?myneta_folder=Gujarat2022&candidate_id=6634&col=ta,https://myneta.info/image_v2.php?myneta_folder=Gujarat2022&candidate_id=6634&col=lia
703,5732,Ker Rahim Osmanbhai,https://myneta.info/Gujarat2022/candidate.php?candidate_id=5732,JAMNAGAR NORTH,IND,0,Illiterate,"Rs 42,000 ~ 42 Thou+",Rs 0 ~
704,5944,Keshaji Shivaji Chauhan,https://myneta.info/Gujarat2022/candidate.php?candidate_id=5944,DEODAR,BJP,0,12th Pass,"Rs 37,81,239 ~ 37 Lacs+","Rs 10,05,953 ~ 10 Lacs+"
705,4988,Keshubhai Shivdas Patel,https://myneta.info/Gujarat2022/candidate.php?candidate_id=4988,BHUJ,BJP,0,5th Pass,"Rs 6,33,92,215 ~ 6 Crore+","Rs 10,24,000 ~ 10 Lacs+"
706,4942,Ketanbhai Kishorbhai Patel,https://myneta.info/Gujarat2022/candidate.php?candidate_id=4942,PARDI,AAP,1,10th Pass,"Rs 22,82,810 ~ 22 Lacs+","Rs 13,01,396 ~ 13 Lacs+"
707,6500,Ketankumar Bamanya,https://myneta.info/Gujarat2022/candidate.php?candidate_id=6500,GARBADA (ST),IND,0,12th Pass,"Rs 9,47,750 ~ 9 Lacs+",Rs 0 ~
708,6044,Keyur Narayandas Rokadia,https://myneta.info/Gujarat2022/candidate.php?candidate_id=6044,SAYAJIGUNJ,BJP,0,Post Graduate,"Rs 10,77,02,383 ~ 10 Crore+",Rs 0 ~
709,6314,Keyur Pravinbhai Patel,https://myneta.info/Gujarat2022/candidate.php?candidate_id=6314,ANKLAV,IND,0,12th Pass,"Rs 25,79,103 ~ 25 Lacs+","Rs 15,43,928 ~ 15 Lacs+"
710,5215,Khabad Bachubhai Maganbhai,https://myneta.info/Gujarat2022/candidate.php?candidate_id=5215,DEVGADHBARIA,BJP,0,10th Pass,"Rs 92,85,295 ~ 92 Lacs+",Rs 0 ~
711,5497,Khalifa Abdulrazak Ajij,https://myneta.info/Gujarat2022/candidate.php?candidate_id=5497,OLPAD,IND,0,5th Pass,https://myneta.info/image_v2.php?myneta_folder=Gujarat2022&candidate_id=5497&col=ta,https://myneta.info/image_v2.php?myneta_folder=Gujarat2022&candidate_id=5497&col=lia
712,5912,Khalik Yusuf Shaikh,https://myneta.info/Gujarat2022/candidate.php?candidate_id=5912,LIMBAYAT,IND,0,Illiterate,"Rs 20,000 ~ 20 Thou+",Rs 0 ~
713,5608,Khambhaliya Kishorbhai Ramnikbhai,https://myneta.info/Gujarat2022/candidate.php?candidate_id=5608,BOTAD,IND,0,Literate,"Rs 55,000 ~ 55 Thou+",Rs 0 ~
714,6142,Khant Ashvinbhai Ramanbhai,https://myneta.info/Gujarat2022/candidate.php?candidate_id=6142,BALASINOR,Garvi Gujarat Party,0,Graduate,"Rs 15,44,158 ~ 15 Lacs+","Rs 5,46,850 ~ 5 Lacs+"
715,6435,Khant Bhupatbhai Danlabhai,https://myneta.info/Gujarat2022/candidate.php?candidate_id=6435,BAYAD,Gujarat Nav Nirman Sena,0,12th Pass,"Rs 34,10,662 ~ 34 Lacs+","Rs 13,50,000 ~ 13 Lacs+"
716,6567,Khant Shakanbhai Motibhai,https://myneta.info/Gujarat2022/candidate.php?candidate_id=6567,LUNAWADA,IND,1,Others,"Rs 20,58,80,982 ~ 20 Crore+","Rs 2,65,38,667 ~ 2 Crore+"
717,6130,Khant Snehlattaben Govindkumar,https://myneta.info/Gujarat2022/candidate.php?candidate_id=6130,MORVA HADAF (ST),INC,0,Graduate Professional,"Rs 1,75,62,794 ~ 1 Crore+","Rs 82,40,475 ~ 82 Lacs+"
718,6125,Khatubhai,https://myneta.info/Gujarat2022/candidate.php?candidate_id=6125,SHEHRA,INC,0,10th Pass,"Rs 1,97,49,207 ~ 1 Crore+","Rs 8,50,000 ~ 8 Lacs+"
719,5174,Kheni Jinabhai Parshottambhai (Dr.Z.P. Kheni),https://myneta.info/Gujarat2022/candidate.php?candidate_id=5174,PALITANA,AAP,0,Graduate Professional,"Rs 8,90,28,010 ~ 8 Crore+","Rs 19,11,372 ~ 19 Lacs+"
720,5464,Kher Paresh Anandbhai,https://myneta.info/Gujarat2022/candidate.php?candidate_id=5464,SURAT EAST,IND,0,8th Pass,https://myneta.info/image_v2.php?myneta_folder=Gujarat2022&candidate_id=5464&col=ta,https://myneta.info/image_v2.php?myneta_folder=Gujarat2022&candidate_id=5464&col=lia
721,6402,Khokhar Abdulrashid Shermohmad,https://myneta.info/Gujarat2022/candidate.php?candidate_id=6402,VISNAGAR,IND,0,8th Pass,"Rs 8,30,628 ~ 8 Lacs+",Rs 0 ~
722,5484,Khushwah Sumanben Raveebhai,https://myneta.info/Gujarat2022/candidate.php?candidate_id=5484,KAMREJ,Sardar Vallabhbhai Patel Party,1,8th Pass,"Rs 5,29,000 ~ 5 Lacs+",Rs 0 ~
723,6287,Kirankumar Sureshchandra Patel,https://myneta.info/Gujarat2022/candidate.php?candidate_id=6287,DASKROI,AAP,1,Graduate,"Rs 23,25,07,587 ~ 23 Crore+","Rs 7,93,02,000 ~ 7 Crore+"
724,6593,Kirit Rathod,https://myneta.info/Gujarat2022/candidate.php?candidate_id=6593,VIRAMGAM,IND,0,12th Pass,"Rs 22,37,188 ~ 22 Lacs+","Rs 28,72,000 ~ 28 Lacs+"
725,6743,Kiritbhai Govindbhai Chauhan,https://myneta.info/Gujarat2022/candidate.php?candidate_id=6743,BAPUNAGAR,Right to Recall Party,0,8th Pass,"Rs 2,72,066 ~ 2 Lacs+",Rs 0 ~
726,5964,Kiritbhai Ishvarbhai Patel,https://myneta.info/Gujarat2022/candidate.php?candidate_id=5964,VISNAGAR,INC,0,Others,"Rs 5,53,99,200 ~ 5 Crore+","Rs 1,53,43,714 ~ 1 Crore+"
727,5945,Kiritkumar Chimanlal Patel,https://myneta.info/Gujarat2022/candidate.php?candidate_id=5945,PATAN,INC,9,Doctorate,"Rs 4,60,40,087 ~ 4 Crore+","Rs 30,83,190 ~ 30 Lacs+"
728,4919,Kiritsinh Jitubha Rana,https://myneta.info/Gujarat2022/candidate.php?candidate_id=4919,LIMBDI,BJP,0,10th Pass,"Rs 2,13,47,937 ~ 2 Crore+",Rs 0 ~
729,6290,Kiritsinh Sardarsang Dabhi,https://myneta.info/Gujarat2022/candidate.php?candidate_id=6290,DHOLKA,BJP,0,Graduate,https://myneta.info/image_v2.php?myneta_folder=Gujarat2022&candidate_id=6290&col=ta,https://myneta.info/image_v2.php?myneta_folder=Gujarat2022&candidate_id=6290&col=lia
730,5857,Kirtikumar Bavanjibhai Marvaniya,https://myneta.info/Gujarat2022/candidate.php?candidate_id=5857,RAJKOT WEST,IND,1,12th Pass,"Rs 30,000 ~ 30 Thou+",Rs 0 ~
731,5504,Kirtikumar Kanubhai Borisagar,https://myneta.info/Gujarat2022/candidate.php?candidate_id=5504,DHARI,INC,0,Graduate Professional,"Rs 5,06,72,922 ~ 5 Crore+","Rs 2,00,41,389 ~ 2 Crore+"
732,6368,Kishan Kalubhai Thakor,https://myneta.info/Gujarat2022/candidate.php?candidate_id=6368,RADHANPUR,IND,1,Literate,"Rs 41,151 ~ 41 Thou+",Rs 0 ~
733,6081,Kishanbhai Meghjibhai Palas,https://myneta.info/Gujarat2022/candidate.php?candidate_id=6081,DAHOD (ST),IND,1,5th Pass,"Rs 49,81,575 ~ 49 Lacs+",Rs 0 ~
734,4945,Kishanbhai V. Patel,https://myneta.info/Gujarat2022/candidate.php?candidate_id=4945,DHARAMPUR (ST),INC,2,Graduate,"Rs 86,61,771 ~ 86 Lacs+","Rs 52,00,000 ~ 52 Lacs+"
735,4859,Kishor Bagada,https://myneta.info/Gujarat2022/candidate.php?candidate_id=4859,SAVARKUNDLA,IND,0,12th Pass,"Rs 1,80,000 ~ 1 Lacs+",Rs 0 ~
736,5449,Kishor Kanani (Kumar),https://myneta.info/Gujarat2022/candidate.php?candidate_id=5449,VARACHHA ROAD,BJP,0,8th Pass,"Rs 1,34,89,258 ~ 1 Crore+","Rs 10,25,000 ~ 10 Lacs+"
737,5657,Kishor Khimabhai Chavada,https://myneta.info/Gujarat2022/candidate.php?candidate_id=5657,DWARKA,IND,2,5th Pass,"Rs 2,31,000 ~ 2 Lacs+","Rs 33,000 ~ 33 Thou+"
738,4984,Kishorbhai Dheda,https://myneta.info/Gujarat2022/candidate.php?candidate_id=4984,MANDVI,BSP,0,10th Pass,https://myneta.info/image_v2.php?myneta_folder=Gujarat2022&candidate_id=4984&col=ta,https://myneta.info/image_v2.php?myneta_folder=Gujarat2022&candidate_id=4984&col=lia
739,6099,Kishori Rakeshbhai Ambalal,https://myneta.info/Gujarat2022/candidate.php?candidate_id=6099,FATEPURA (ST),Gujarat Nav Nirman Sena,0,12th Pass,"Rs 5,50,000 ~ 5 Lacs+",Rs 0 ~
740,6447,Kishorpuri Chandanpuri Gauswami,https://myneta.info/Gujarat2022/candidate.php?candidate_id=6447,GANDHINAGAR SOUTH,IND,0,8th Pass,"Rs 2,21,22,527 ~ 2 Crore+",Rs 0 ~
741,5061,Kishorsinh Bhartsinh Gohil,https://myneta.info/Gujarat2022/candidate.php?candidate_id=5061,BHAVNAGAR EAST,BSP,2,12th Pass,"Rs 39,10,000 ~ 39 Lacs+","Rs 22,40,000 ~ 22 Lacs+"
742,5584,Kishorsinh Kumbhajibhai Gohil,https://myneta.info/Gujarat2022/candidate.php?candidate_id=5584,BHAVNAGAR WEST,INC,2,10th Pass,"Rs 9,72,41,006 ~ 9 Crore+","Rs 98,33,207 ~ 98 Lacs+"
743,6598,Ko.Pa.Sukhabhai Karmanbhai,https://myneta.info/Gujarat2022/candidate.php?candidate_id=6598,VIRAMGAM,IND,0,8th Pass,"Rs 31,15,000 ~ 31 Lacs+",Rs 0 ~
744,5403,Kokani Mohanbhai Dhedabhai,https://myneta.info/Gujarat2022/candidate.php?candidate_id=5403,VYARA (ST),BJP,0,Post Graduate,"Rs 18,56,590 ~ 18 Lacs+",Rs 0 ~
745,6654,Kshatriya Ranjitsinh Ramanandsinh,https://myneta.info/Gujarat2022/candidate.php?candidate_id=6654,THAKKARBAPA NAGAR,Garvi Gujarat Party,1,12th Pass,"Rs 28,70,000 ~ 28 Lacs+",Rs 0 ~
746,6253,Kukrani Payal Manojkumar,https://myneta.info/Gujarat2022/candidate.php?candidate_id=6253,NARODA,BJP,0,Graduate Professional,"Rs 1,04,45,884 ~ 1 Crore+","Rs 46,24,247 ~ 46 Lacs+"
747,6226,Kuldipsinh Dilipsinh Vaghela,https://myneta.info/Gujarat2022/candidate.php?candidate_id=6226,SANAND,AAP,2,Others,https://myneta.info/image_v2.php?myneta_folder=Gujarat2022&candidate_id=6226&col=ta,https://myneta.info/image_v2.php?myneta_folder=Gujarat2022&candidate_id=6226&col=lia
748,6063,Kuldipsinh Udesinh Raulji(Vakil),https://myneta.info/Gujarat2022/candidate.php?candidate_id=6063,SAVLI,INC,0,Graduate Professional,"Rs 2,82,06,025 ~ 2 Crore+","Rs 26,00,000 ~ 26 Lacs+"
749,5055,Kunjankumar Rameshchandra Patel,https://myneta.info/Gujarat2022/candidate.php?candidate_id=5055,MAHUVA (ST),AAP,0,Post Graduate,"Rs 33,78,370 ~ 33 Lacs+","Rs 11,90,315 ~ 11 Lacs+"
750,5138,Kunvarjibhai Mohanbhai Bavaliya,https://myneta.info/Gujarat2022/candidate.php?candidate_id=5138,JASDAN,BJP,0,Graduate Professional,"Rs 2,44,13,639 ~ 2 Crore+",Rs 0 ~
751,5258,Kunvarjibhai Narsinhbhai Halpati,https://myneta.info/Gujarat2022/candidate.php?candidate_id=5258,MANDVI (ST),BJP,0,Graduate Professional,"Rs 1,07,80,874 ~ 1 Crore+","Rs 27,49,374 ~ 27 Lacs+"
752,6407,Kusumben Sureshkumar Rathod,https://myneta.info/Gujarat2022/candidate.php?candidate_id=6407,KADI (SC),IND,0,Post Graduate,"Rs 20,54,323 ~ 20 Lacs+",Rs 0 ~
753,5441,Ladumor Maheshbhai Kababhai (Ahir),https://myneta.info/Gujarat2022/candidate.php?candidate_id=5441,KARANJ,Right to Recall Party,0,Graduate,"Rs 83,100 ~ 83 Thou+",Rs 0 ~
754,5152,Lakhmanbhai Boghabhai Nakum,https://myneta.info/Gujarat2022/candidate.php?candidate_id=5152,DWARKA,AAP,0,10th Pass,"Rs 12,15,010 ~ 12 Lacs+",Rs 0 ~
755,5320,Lakhmanbhai Chaturbhai Velani,https://myneta.info/Gujarat2022/candidate.php?candidate_id=5320,LIMBDI,IND,1,Illiterate,"Rs 70,721 ~ 70 Thou+",Rs 0 ~
756,5946,Laleshbhai Thakkar,https://myneta.info/Gujarat2022/candidate.php?candidate_id=5946,PATAN,AAP,0,12th Pass,https://myneta.info/image_v2.php?myneta_folder=Gujarat2022&candidate_id=5946&col=ta,https://myneta.info/image_v2.php?myneta_folder=Gujarat2022&candidate_id=5946&col=lia
757,5148,Lalit Vasoya,https://myneta.info/Gujarat2022/candidate.php?candidate_id=5148,DHORAJI,INC,0,12th Pass,"Rs 2,52,61,906 ~ 2 Crore+","Rs 4,74,800 ~ 4 Lacs+"
758,5112,Laljibhai Karabhai Baliya,https://myneta.info/Gujarat2022/candidate.php?candidate_id=5112,GANDHIDHAM (SC),SP,1,Literate,"Rs 2,58,276 ~ 2 Lacs+","Rs 70,000 ~ 70 Thou+"
759,6157,Laljibhai Melabhai Parmar,https://myneta.info/Gujarat2022/candidate.php?candidate_id=6157,MATAR,AAP,0,5th Pass,"Rs 1,53,84,000 ~ 1 Crore+","Rs 17,31,000 ~ 17 Lacs+"
760,5059,Laluben Chauhan,https://myneta.info/Gujarat2022/candidate.php?candidate_id=5059,TALAJA,AAP,0,12th Pass,"Rs 2,87,39,230 ~ 2 Crore+","Rs 21,67,253 ~ 21 Lacs+"
761,6297,Lashabhai Lavajibhai Bajag,https://myneta.info/Gujarat2022/candidate.php?candidate_id=6297,DHANERA,JD(S),0,5th Pass,"Rs 2,55,000 ~ 2 Lacs+",Rs 0 ~
762,5952,Lavingji Muljiji Solanki,https://myneta.info/Gujarat2022/candidate.php?candidate_id=5952,RADHANPUR,BJP,0,Literate,"Rs 66,60,000 ~ 66 Lacs+","Rs 9,60,000 ~ 9 Lacs+"
763,6018,Laxmanbhai Shanabhai Solanki,https://myneta.info/Gujarat2022/candidate.php?candidate_id=6018,PADRA,IND,0,Graduate,"Rs 13,74,500 ~ 13 Lacs+",Rs 0 ~
764,6090,Laxmansinh Lalsingbhai Vadkiya,https://myneta.info/Gujarat2022/candidate.php?candidate_id=6090,LIMKHEDA (ST),IND,0,Graduate,"Rs 18,000 ~ 18 Thou+",Rs 0 ~
765,6740,Laxmiben Kanubhai Vaghela,https://myneta.info/Gujarat2022/candidate.php?candidate_id=6740,BAPUNAGAR,IND,0,8th Pass,https://myneta.info/image_v2.php?myneta_folder=Gujarat2022&candidate_id=6740&col=ta,https://myneta.info/image_v2.php?myneta_folder=Gujarat2022&candidate_id=6740&col=lia
766,6409,Laxmichand Pujabhai Chavda,https://myneta.info/Gujarat2022/candidate.php?candidate_id=6409,KADI (SC),IND,0,Graduate Professional,"Rs 33,205 ~ 33 Thou+",Rs 0 ~
767,6358,Lebjibhai Thakor,https://myneta.info/Gujarat2022/candidate.php?candidate_id=6358,DEESA,IND,0,10th Pass,"Rs 1,95,13,875 ~ 1 Crore+","Rs 5,40,00,000 ~ 5 Crore+"
768,5863,Lunagariya Babulal Parshotambhai,https://myneta.info/Gujarat2022/candidate.php?candidate_id=5863,RAJKOT EAST,IND,0,8th Pass,"Rs 1,18,03,783 ~ 1 Crore+",Rs 0 ~
769,6571,Machhar Chandrakantbhai Hirabhai,https://myneta.info/Gujarat2022/candidate.php?candidate_id=6571,MORVA HADAF (ST),Praja Vijay Paksh,1,12th Pass,"Rs 2,45,000 ~ 2 Lacs+",Rs 0 ~
770,6105,Machhar Raghubhai Ditabhai,https://myneta.info/Gujarat2022/candidate.php?candidate_id=6105,FATEPURA (ST),INC,1,8th Pass,"Rs 25,95,000 ~ 25 Lacs+","Rs 6,20,530 ~ 6 Lacs+"
771,6102,Machhar Virabhai Makanbhai,https://myneta.info/Gujarat2022/candidate.php?candidate_id=6102,FATEPURA (ST),Bhartiya Jan Parishad,0,10th Pass,"Rs 8,90,000 ~ 8 Lacs+",Rs 0 ~
772,5127,Madam Nathabhai Fogabhai,https://myneta.info/Gujarat2022/candidate.php?candidate_id=5127,DWARKA,Gujarat Nav Nirman Sena,0,10th Pass,"Rs 69,91,490 ~ 69 Lacs+","Rs 5,00,000 ~ 5 Lacs+"
773,5336,Madhar Vinubhai Ramjibhai,https://myneta.info/Gujarat2022/candidate.php?candidate_id=5336,CHOTILA,IND,0,5th Pass,"Rs 75,000 ~ 75 Thou+",Rs 0 ~
774,5815,Madhu Nirupaben Natavarlal,https://myneta.info/Gujarat2022/candidate.php?candidate_id=5815,MORBI,IND,0,Graduate Professional,https://myneta.info/image_v2.php?myneta_folder=Gujarat2022&candidate_id=5815&col=ta,https://myneta.info/image_v2.php?myneta_folder=Gujarat2022&candidate_id=5815&col=lia
775,6493,Madhubhai Babubhai Shrivastav,https://myneta.info/Gujarat2022/candidate.php?candidate_id=6493,VAGHODIA,IND,0,10th Pass,"Rs 33,91,74,986 ~ 33 Crore+","Rs 10,98,813 ~ 10 Lacs+"
776,6139,Magansinh Bhemsinh Parmar,https://myneta.info/Gujarat2022/candidate.php?candidate_id=6139,BALASINOR,Jan Sangh Party,0,Others,"Rs 9,14,000 ~ 9 Lacs+",Rs 0 ~
777,5852,Mahajan Narendrabhai,https://myneta.info/Gujarat2022/candidate.php?candidate_id=5852,RAJKOT WEST,IND,0,8th Pass,"Rs 19,000 ~ 19 Thou+",Rs 0 ~
778,5451,Mahajan Pratibhaben Pankajbhai,https://myneta.info/Gujarat2022/candidate.php?candidate_id=5451,VARACHHA ROAD,Sardar Vallabhbhai Patel Party,0,12th Pass,"Rs 1,30,000 ~ 1 Lacs+",Rs 0 ~
779,6430,Mahamad Hanifbhai Ahemadbhai Patel,https://myneta.info/Gujarat2022/candidate.php?candidate_id=6430,MODASA,IND,0,12th Pass,"Rs 1,30,674 ~ 1 Lacs+",Rs 0 ~
780,6454,Mahamdfarukh Bismillakhan Pathan,https://myneta.info/Gujarat2022/candidate.php?candidate_id=6454,GANDHINAGAR NORTH,IND,0,8th Pass,"Rs 30,05,000 ~ 30 Lacs+",Rs 0 ~
781,6746,Mahant Devendra Mohandas,https://myneta.info/Gujarat2022/candidate.php?candidate_id=6746,SANAND,Gunj Satya Ni Janata Party,0,Post Graduate,"Rs 14,02,933 ~ 14 Lacs+",Rs 0 ~
782,5179,Mahant Shambhunath Tundiya,https://myneta.info/Gujarat2022/candidate.php?candidate_id=5179,GADHADA (SC),BJP,0,Graduate,"Rs 4,80,86,662 ~ 4 Crore+","Rs 1,19,600 ~ 1 Lacs+"
783,5541,Mahebubbhai Alarakhbhai Shekh,https://myneta.info/Gujarat2022/candidate.php?candidate_id=5541,MAHUVA,IND,0,5th Pass,https://myneta.info/image_v2.php?myneta_folder=Gujarat2022&candidate_id=5541&col=ta,https://myneta.info/image_v2.php?myneta_folder=Gujarat2022&candidate_id=5541&col=lia
784,4995,Mahebubbhai Jamalbhai Piparavaiya,https://myneta.info/Gujarat2022/candidate.php?candidate_id=4995,WANKANER,IND,0,8th Pass,"Rs 56,77,000 ~ 56 Lacs+","Rs 2,68,000 ~ 2 Lacs+"
785,6595,Mahendra K Chauhan,https://myneta.info/Gujarat2022/candidate.php?candidate_id=6595,VIRAMGAM,IND,0,10th Pass,"Rs 21,500 ~ 21 Thou+",Rs 0 ~
786,6624,Mahendra Kunjadvala,https://myneta.info/Gujarat2022/candidate.php?candidate_id=6624,VATVA,Jan Man Party,0,10th Pass,"Rs 3,45,404 ~ 3 Lacs+",Rs 0 ~
787,4974,Mahendra Navadiya,https://myneta.info/Gujarat2022/candidate.php?candidate_id=4974,SURAT NORTH,AAP,2,8th Pass,"Rs 2,73,22,878 ~ 2 Crore+",Rs 0 ~
788,6079,Mahendrabhai Bhabhor,https://myneta.info/Gujarat2022/candidate.php?candidate_id=6079,GARBADA (ST),BJP,0,8th Pass,"Rs 21,52,826 ~ 21 Lacs+",Rs 0 ~
789,6729,Mahendrabhai Chavda,https://myneta.info/Gujarat2022/candidate.php?candidate_id=6729,BAPUNAGAR,IND,0,8th Pass,"Rs 3,00,000 ~ 3 Lacs+",Rs 0 ~
790,5428,Mahendrabhai Ravanbhai Patil,https://myneta.info/Gujarat2022/candidate.php?candidate_id=5428,UDHNA,AAP,1,Graduate,"Rs 1,68,14,826 ~ 1 Crore+","Rs 13,28,054 ~ 13 Lacs+"
791,6118,Mahendrabhai Valjibhai Solanki,https://myneta.info/Gujarat2022/candidate.php?candidate_id=6118,KALOL-GANDHINAGAR,BSP,0,Graduate,"Rs 1,20,83,000 ~ 1 Crore+",Rs 0 ~
792,5382,Mahendrakumar Solanki (Rakeshkumar),https://myneta.info/Gujarat2022/candidate.php?candidate_id=5382,NAVSARI,BSP,0,8th Pass,https://myneta.info/image_v2.php?myneta_folder=Gujarat2022&candidate_id=5382&col=ta,https://myneta.info/image_v2.php?myneta_folder=Gujarat2022&candidate_id=5382&col=lia
793,6202,Mahendrasinh Shankersinh Vaghela,https://myneta.info/Gujarat2022/candidate.php?candidate_id=6202,BAYAD,INC,0,Graduate,"Rs 13,24,24,239 ~ 13 Crore+","Rs 82,46,326 ~ 82 Lacs+"
794,6631,Maheriya Alpeshbhai (Lalabhai),https://myneta.info/Gujarat2022/candidate.php?candidate_id=6631,NIKOL,IND,0,5th Pass,"Rs 3,67,277 ~ 3 Lacs+",Rs 0 ~
795,4892,Mahesh Parmar,https://myneta.info/Gujarat2022/candidate.php?candidate_id=4892,MANAVADAR,IND,0,10th Pass,"Rs 4,01,457 ~ 4 Lacs+",Rs 0 ~
796,5364,Mahesh Vinayakray Acharya,https://myneta.info/Gujarat2022/candidate.php?candidate_id=5364,VALSAD,Praja Vijay Paksh,0,Graduate Professional,"Rs 2,96,83,260 ~ 2 Crore+","Rs 3,00,000 ~ 3 Lacs+"
797,5069,Maheshbhai Saradbhai Vasava (Manabhai),https://myneta.info/Gujarat2022/candidate.php?candidate_id=5069,NANDOD (ST),Bhartiya Tribal Party,0,12th Pass,"Rs 90,00,000 ~ 90 Lacs+",Rs 0 ~
798,6094,Maheshbhai Somjibhai Bhuriya,https://myneta.info/Gujarat2022/candidate.php?candidate_id=6094,JHALOD (ST),BJP,3,12th Pass,"Rs 2,61,50,903 ~ 2 Crore+","Rs 27,21,519 ~ 27 Lacs+"
799,6360,Maheshbhai Vershibhai Makavana,https://myneta.info/Gujarat2022/candidate.php?candidate_id=6360,KANKREJ,BSP,0,5th Pass,"Rs 74,500 ~ 74 Thou+","Rs 1,00,000 ~ 1 Lacs+"
800,5305,Maheshbhai Virjibhai Rathod,https://myneta.info/Gujarat2022/candidate.php?candidate_id=5305,DASADA (SC),Aadi Bharat Party,0,12th Pass,"Rs 32,90,000 ~ 32 Lacs+","Rs 6,00,000 ~ 6 Lacs+"
801,5936,Maheshkumar Amrutlal Patel,https://myneta.info/Gujarat2022/candidate.php?candidate_id=5936,PALANPUR,INC,0,10th Pass,https://myneta.info/image_v2.php?myneta_folder=Gujarat2022&candidate_id=5936&col=ta,https://myneta.info/image_v2.php?myneta_folder=Gujarat2022&candidate_id=5936&col=lia
802,6182,Maheshkumar Kanaiyalal Raval (Mayur Raval),https://myneta.info/Gujarat2022/candidate.php?candidate_id=6182,KHAMBHAT,BJP,0,10th Pass,"Rs 2,59,23,483 ~ 2 Crore+","Rs 17,14,866 ~ 17 Lacs+"
803,6561,Maheshkumar Ramsinh Parmar,https://myneta.info/Gujarat2022/candidate.php?candidate_id=6561,THASRA,IND,0,Graduate,"Rs 20,00,000 ~ 20 Lacs+",Rs 0 ~
804,5293,Maheshwari Vanita Dahyalal,https://myneta.info/Gujarat2022/candidate.php?candidate_id=5293,GANDHIDHAM (SC),Sanyukt Vikas Party,0,Graduate Professional,"Rs 23,500 ~ 23 Thou+",Rs 0 ~
805,6323,Maheswari Manjulaben Vanrajbhai,https://myneta.info/Gujarat2022/candidate.php?candidate_id=6323,VADGAM (SC),IND,0,Literate,"Rs 20,000 ~ 20 Thou+",Rs 0 ~
806,6461,Mahipalsinh Rajendrasinh Vaghela,https://myneta.info/Gujarat2022/candidate.php?candidate_id=6461,MANSA,IND,0,10th Pass,"Rs 2,50,000 ~ 2 Lacs+",Rs 0 ~
807,4994,Mahmadjavid Abdulmutlib Pirzada,https://myneta.info/Gujarat2022/candidate.php?candidate_id=4994,WANKANER,INC,0,Graduate Professional,"Rs 85,08,513 ~ 85 Lacs+","Rs 16,000 ~ 16 Thou+"
808,6560,Majarali Amirali Kazi,https://myneta.info/Gujarat2022/candidate.php?candidate_id=6560,THASRA,IND,2,10th Pass,"Rs 51,00,227 ~ 51 Lacs+",Rs 0 ~
809,5918,Makuben Kishorbhai Rathod (Meenaben),https://myneta.info/Gujarat2022/candidate.php?candidate_id=5918,JAMNAGAR SOUTH,BSP,0,8th Pass,"Rs 28,97,500 ~ 28 Lacs+","Rs 1,50,000 ~ 1 Lacs+"
810,5524,Makvana Bharatbhai Kalubhai,https://myneta.info/Gujarat2022/candidate.php?candidate_id=5524,SAVARKUNDLA,Vyavastha Parivartan Party,0,Literate,https://myneta.info/image_v2.php?myneta_folder=Gujarat2022&candidate_id=5524&col=ta,https://myneta.info/image_v2.php?myneta_folder=Gujarat2022&candidate_id=5524&col=lia
811,5222,Makvana Maheshbhai Jethabhai,https://myneta.info/Gujarat2022/candidate.php?candidate_id=5222,KODINAR (SC),INC,6,8th Pass,"Rs 79,95,960 ~ 79 Lacs+",Rs 0 ~
812,4873,Makwana Ashokbhai Gobarbhai,https://myneta.info/Gujarat2022/candidate.php?candidate_id=4873,BHAVNAGAR RURAL,BSP,0,8th Pass,"Rs 7,85,000 ~ 7 Lacs+",Rs 0 ~
813,5244,Makwana Govindbhai Lalabhai,https://myneta.info/Gujarat2022/candidate.php?candidate_id=5244,DHRANGADHRA,IND,0,Graduate,"Rs 6,04,000 ~ 6 Lacs+","Rs 50,000 ~ 50 Thou+"
814,5142,Makwana Prakashbhai Pitambarbhai,https://myneta.info/Gujarat2022/candidate.php?candidate_id=5142,LIMBDI,IND,1,8th Pass,"Rs 60,000 ~ 60 Thou+",Rs 0 ~
815,6137,Makwana Rameshbhai Sundarbhai,https://myneta.info/Gujarat2022/candidate.php?candidate_id=6137,LUNAWADA,BSP,0,12th Pass,"Rs 12,72,262 ~ 12 Lacs+","Rs 1,00,000 ~ 1 Lacs+"
816,5844,Makwana Ranjitbhai Girdharbhai,https://myneta.info/Gujarat2022/candidate.php?candidate_id=5844,RAJKOT RURAL (SC),Vyavastha Parivartan Party,0,10th Pass,"Rs 31,00,000 ~ 31 Lacs+","Rs 5,83,810 ~ 5 Lacs+"
817,5119,Makwana Rutvikbhai Lavjibhai,https://myneta.info/Gujarat2022/candidate.php?candidate_id=5119,CHOTILA,INC,0,Graduate Professional,"Rs 1,31,77,302 ~ 1 Crore+","Rs 63,00,000 ~ 63 Lacs+"
818,6012,Makwana Savitaben Satishkumar,https://myneta.info/Gujarat2022/candidate.php?candidate_id=6012,PADRA,BSP,0,5th Pass,"Rs 16,43,013 ~ 16 Lacs+",Rs 0 ~
819,5237,Makwana Shantilal Pamabhai,https://myneta.info/Gujarat2022/candidate.php?candidate_id=5237,DHRANGADHRA,IND,0,8th Pass,https://myneta.info/image_v2.php?myneta_folder=Gujarat2022&candidate_id=5237&col=ta,https://myneta.info/image_v2.php?myneta_folder=Gujarat2022&candidate_id=5237&col=lia
820,5306,Makwana Ukabhai Amarabhai,https://myneta.info/Gujarat2022/candidate.php?candidate_id=5306,DASADA (SC),IND,0,Post Graduate,"Rs 6,98,701 ~ 6 Lacs+",Rs 0 ~
821,5878,Makwana Ukabhai Amrabhai,https://myneta.info/Gujarat2022/candidate.php?candidate_id=5878,DHRANGADHRA,IND,0,Post Graduate,"Rs 6,98,701 ~ 6 Lacs+",Rs 0 ~
822,5604,Makwana Umeshbhai Naranbhai,https://myneta.info/Gujarat2022/candidate.php?candidate_id=5604,BOTAD,AAP,0,Graduate Professional,"Rs 85,17,847 ~ 85 Lacs+","Rs 28,03,689 ~ 28 Lacs+"
823,5731,Malek Aadil Rasidbhai,https://myneta.info/Gujarat2022/candidate.php?candidate_id=5731,JAMNAGAR NORTH,IND,0,10th Pass,"Rs 31,000 ~ 31 Thou+",Rs 0 ~
824,5494,Malek Asifbhai Yusufbhai,https://myneta.info/Gujarat2022/candidate.php?candidate_id=5494,OLPAD,IND,0,Literate,"Rs 7,11,600 ~ 7 Lacs+",Rs 0 ~
825,6550,Malhotra Dipakkumar Jonbhai,https://myneta.info/Gujarat2022/candidate.php?candidate_id=6550,NADIAD,IND,0,Post Graduate,"Rs 2,44,540 ~ 2 Lacs+","Rs 1,64,996 ~ 1 Lacs+"
826,5130,Malkhan Ramkishor Varma,https://myneta.info/Gujarat2022/candidate.php?candidate_id=5130,CHORYASI,BSP,0,8th Pass,"Rs 1,27,000 ~ 1 Lacs+","Rs 35,000 ~ 35 Thou+"
827,5124,Malti Kishor Maheshwari,https://myneta.info/Gujarat2022/candidate.php?candidate_id=5124,GANDHIDHAM (SC),BJP,0,Graduate,"Rs 50,21,150 ~ 50 Lacs+","Rs 5,30,090 ~ 5 Lacs+"
828,5776,Mamtaben Jayantilal Botvadiya,https://myneta.info/Gujarat2022/candidate.php?candidate_id=5776,JUNAGADH,IND,0,Graduate,https://myneta.info/image_v2.php?myneta_folder=Gujarat2022&candidate_id=5776&col=ta,https://myneta.info/image_v2.php?myneta_folder=Gujarat2022&candidate_id=5776&col=lia
829,5248,Mamubhai Mandabhai Rabari,https://myneta.info/Gujarat2022/candidate.php?candidate_id=5248,ABDASA,IND,0,8th Pass,"Rs 11,92,000 ~ 11 Lacs+","Rs 6,00,000 ~ 6 Lacs+"
830,5380,Manakbhai Jatrubhai Sanakar,https://myneta.info/Gujarat2022/candidate.php?candidate_id=5380,BANSDA (ST),BSP,0,10th Pass,"Rs 30,000 ~ 30 Thou+",Rs 0 ~
831,5213,Mandod Vinodkumar Pratapsinh (Khannasir),https://myneta.info/Gujarat2022/candidate.php?candidate_id=5213,DAHOD (ST),BSP,0,Graduate,"Rs 51,000 ~ 51 Thou+",Rs 0 ~
832,6408,Mangalbhai Kacharabhai Makwana,https://myneta.info/Gujarat2022/candidate.php?candidate_id=6408,KADI (SC),IND,0,10th Pass,"Rs 87,31,500 ~ 87 Lacs+","Rs 1,00,000 ~ 1 Lacs+"
833,6438,Mangalsinh Ramanbhai Khant,https://myneta.info/Gujarat2022/candidate.php?candidate_id=6438,BAYAD,Garvi Gujarat Party,0,8th Pass,"Rs 65,20,000 ~ 65 Lacs+",Rs 0 ~
834,5580,Manharbhai Kanjibhai Rathod,https://myneta.info/Gujarat2022/candidate.php?candidate_id=5580,BHAVNAGAR WEST,CPI(M),5,10th Pass,"Rs 1,20,000 ~ 1 Lacs+","Rs 53,264 ~ 53 Thou+"
835,5077,Manharbhai Maganbhai Parmar,https://myneta.info/Gujarat2022/candidate.php?candidate_id=5077,BHARUCH,AAP,0,12th Pass,"Rs 1,39,00,000 ~ 1 Crore+","Rs 5,25,000 ~ 5 Lacs+"
836,5605,Manharbhai Nagajibhai Patel,https://myneta.info/Gujarat2022/candidate.php?candidate_id=5605,BOTAD,INC,0,10th Pass,"Rs 7,67,07,085 ~ 7 Crore+","Rs 50,69,265 ~ 50 Lacs+"
837,5933,Manibhai Jethabhai Vaghela,https://myneta.info/Gujarat2022/candidate.php?candidate_id=5933,VADGAM (SC),BJP,0,10th Pass,https://myneta.info/image_v2.php?myneta_folder=Gujarat2022&candidate_id=5933&col=ta,https://myneta.info/image_v2.php?myneta_folder=Gujarat2022&candidate_id=5933&col=lia
838,5070,Manilal Bhogilal Pandya,https://myneta.info/Gujarat2022/candidate.php?candidate_id=5070,JAMBUSAR,Bhartiya Tribal Party,0,Graduate,"Rs 66,92,099 ~ 66 Lacs+","Rs 2,60,000 ~ 2 Lacs+"
839,6350,Manish Brahmbhatt (Krantikari),https://myneta.info/Gujarat2022/candidate.php?candidate_id=6350,PALANPUR,IND,4,Graduate,"Rs 44,42,000 ~ 44 Lacs+",Rs 0 ~
840,5217,Manisha Vakil,https://myneta.info/Gujarat2022/candidate.php?candidate_id=5217,VADODARA CITY (SC),BJP,0,Doctorate,"Rs 2,00,37,590 ~ 2 Crore+","Rs 18,36,034 ~ 18 Lacs+"
841,5108,Manishbhai Prakashbhai Vasava,https://myneta.info/Gujarat2022/candidate.php?candidate_id=5108,NIZAR (ST),IND,0,Post Graduate,"Rs 5,61,898 ~ 5 Lacs+",Rs 0 ~
842,5029,Manjuben Karabhai Pingal,https://myneta.info/Gujarat2022/candidate.php?candidate_id=5029,KHAMBHALIA,IND,0,Illiterate,"Rs 65,392 ~ 65 Thou+",Rs 0 ~
843,6741,Manjulaben Ranchhodbhai Parmar,https://myneta.info/Gujarat2022/candidate.php?candidate_id=6741,BAPUNAGAR,IND,0,12th Pass,"Rs 7,533 ~ 7 Thou+","Rs 31,800 ~ 31 Thou+"
844,5664,Manoj Babu Buddhecha,https://myneta.info/Gujarat2022/candidate.php?candidate_id=5664,PORBANDAR,IND,0,5th Pass,"Rs 9,90,000 ~ 9 Lacs+",Rs 0 ~
845,4972,Manoj Sorathiya,https://myneta.info/Gujarat2022/candidate.php?candidate_id=4972,KARANJ,AAP,1,Others,"Rs 2,34,74,811 ~ 2 Crore+","Rs 60,31,749 ~ 60 Lacs+"
846,5676,Mansinghbhai Meramanbhai Parmar,https://myneta.info/Gujarat2022/candidate.php?candidate_id=5676,SOMNATH,BJP,0,Graduate Professional,https://myneta.info/image_v2.php?myneta_folder=Gujarat2022&candidate_id=5676&col=ta,https://myneta.info/image_v2.php?myneta_folder=Gujarat2022&candidate_id=5676&col=lia
847,6141,Mansinh Kohyabhai Chauhan,https://myneta.info/Gujarat2022/candidate.php?candidate_id=6141,BALASINOR,BJP,1,Graduate Professional,"Rs 3,17,47,621 ~ 3 Crore+","Rs 6,90,470 ~ 6 Lacs+"
848,5303,Mansukh Vajeram Makvana,https://myneta.info/Gujarat2022/candidate.php?candidate_id=5303,RAPAR,Gujarat Sarva Samaj Party,1,Graduate,"Rs 19,25,000 ~ 19 Lacs+","Rs 6,00,000 ~ 6 Lacs+"
849,6068,Mansukhbhai Harjibhai Chauhan,https://myneta.info/Gujarat2022/candidate.php?candidate_id=6068,VAGHODIA,BSP,0,8th Pass,"Rs 10,03,100 ~ 10 Lacs+",Rs 0 ~
850,5585,Mansukhbhai Malubhai Solanki,https://myneta.info/Gujarat2022/candidate.php?candidate_id=5585,BHAVNAGAR WEST,IND,0,Literate,"Rs 6,05,379 ~ 6 Lacs+","Rs 2,93,615 ~ 2 Lacs+"
851,6095,Mansukhbhai Ratanbhai Katara,https://myneta.info/Gujarat2022/candidate.php?candidate_id=6095,JHALOD (ST),Bhartiya Tribal Party,0,Graduate Professional,"Rs 4,20,596 ~ 4 Lacs+","Rs 60,396 ~ 60 Thou+"
852,5185,Mansungbhai Mashrubhai Parmar,https://myneta.info/Gujarat2022/candidate.php?candidate_id=5185,DEODAR,BSP,0,8th Pass,"Rs 1,08,000 ~ 1 Lacs+",Rs 0 ~
853,5087,Mansur Ahmad Chashmawala,https://myneta.info/Gujarat2022/candidate.php?candidate_id=5087,SURAT EAST,SP,0,8th Pass,"Rs 1,00,400 ~ 1 Lacs+",Rs 0 ~
854,5168,Mansuri Aaisha,https://myneta.info/Gujarat2022/candidate.php?candidate_id=5168,CHORYASI,Log Party,0,Literate,"Rs 4,18,000 ~ 4 Lacs+","Rs 17,48,710 ~ 17 Lacs+"
855,5079,Mansuri Sahilhushen Ismailbhai,https://myneta.info/Gujarat2022/candidate.php?candidate_id=5079,BHARUCH,IND,0,8th Pass,https://myneta.info/image_v2.php?myneta_folder=Gujarat2022&candidate_id=5079&col=ta,https://myneta.info/image_v2.php?myneta_folder=Gujarat2022&candidate_id=5079&col=lia
856,6610,Mansuri Suhana,https://myneta.info/Gujarat2022/candidate.php?candidate_id=6610,VEJALPUR,IND,0,10th Pass,"Rs 19,01,143 ~ 19 Lacs+",Rs 0 ~
857,6387,Mansuri Tofikbhai Umarbhai,https://myneta.info/Gujarat2022/candidate.php?candidate_id=6387,PATAN,IND,7,5th Pass,"Rs 11,10,000 ~ 11 Lacs+",Rs 0 ~
858,6542,Manubhai Jethabhai Vankar,https://myneta.info/Gujarat2022/candidate.php?candidate_id=6542,SOJITRA,IND,0,12th Pass,"Rs 8,97,869 ~ 8 Lacs+","Rs 13,720 ~ 13 Thou+"
859,4964,Manubhai M. Patel (Fogwa),https://myneta.info/Gujarat2022/candidate.php?candidate_id=4964,UDHNA,BJP,0,8th Pass,"Rs 6,91,79,013 ~ 6 Crore+","Rs 2,51,550 ~ 2 Lacs+"
860,5209,Manubhai Ramabhai Patel,https://myneta.info/Gujarat2022/candidate.php?candidate_id=5209,KAPADVANJ,AAP,0,8th Pass,"Rs 1,49,20,000 ~ 1 Crore+",Rs 0 ~
861,6160,Manubhai Ranchhodbhai Thakor,https://myneta.info/Gujarat2022/candidate.php?candidate_id=6160,SOJITRA,AAP,0,Others,"Rs 10,65,000 ~ 10 Lacs+",Rs 0 ~
862,6524,Maulik Vinubhai Shah,https://myneta.info/Gujarat2022/candidate.php?candidate_id=6524,ANAND,Bharatiya National Janta Dal,0,10th Pass,"Rs 2,34,000 ~ 2 Lacs+",Rs 0 ~
863,4909,Maurya K. D.,https://myneta.info/Gujarat2022/candidate.php?candidate_id=4909,GANDHIDHAM (SC),BSP,0,10th Pass,"Rs 4,25,000 ~ 4 Lacs+",Rs 0 ~
864,5309,Maurya Mitvardhan Naranbhai,https://myneta.info/Gujarat2022/candidate.php?candidate_id=5309,DASADA (SC),IND,0,Graduate Professional,https://myneta.info/image_v2.php?myneta_folder=Gujarat2022&candidate_id=5309&col=ta,https://myneta.info/image_v2.php?myneta_folder=Gujarat2022&candidate_id=5309&col=lia
865,6300,Mavjibhai Maganbhai Desai,https://myneta.info/Gujarat2022/candidate.php?candidate_id=6300,DHANERA,IND,2,10th Pass,"Rs 63,46,52,537 ~ 63 Crore+","Rs 18,46,67,946 ~ 18 Crore+"
866,5319,Mavjibhai Viththalbhai Panchala,https://myneta.info/Gujarat2022/candidate.php?candidate_id=5319,LIMBDI,IND,0,Illiterate,"Rs 1,51,000 ~ 1 Lacs+",Rs 0 ~
867,5775,Mayurbhai Harilal Ranva,https://myneta.info/Gujarat2022/candidate.php?candidate_id=5775,JUNAGADH,BSP,0,8th Pass,"Rs 6,10,000 ~ 6 Lacs+","Rs 25,000 ~ 25 Thou+"
868,5318,Mayurbhai Merabhai Sakariya,https://myneta.info/Gujarat2022/candidate.php?candidate_id=5318,LIMBDI,AAP,1,12th Pass,"Rs 9,69,000 ~ 9 Lacs+",Rs 0 ~
869,6083,Meda Devendrakumar Laxmanbhai (Devabhai),https://myneta.info/Gujarat2022/candidate.php?candidate_id=6083,DAHOD (ST),Bhartiya Tribal Party,1,12th Pass,"Rs 8,67,500 ~ 8 Lacs+",Rs 0 ~
870,6243,Meenakshi Joshi,https://myneta.info/Gujarat2022/candidate.php?candidate_id=6243,ELLISBRIDGE,SUCI(C),0,Post Graduate,"Rs 1,68,46,426 ~ 1 Crore+",Rs 0 ~
871,5065,Meghjibhai Vithalbhai Talsaniya,https://myneta.info/Gujarat2022/candidate.php?candidate_id=5065,BOTAD,IND,0,5th Pass,"Rs 1,00,000 ~ 1 Lacs+",Rs 0 ~
872,6251,Meghraj Dodwani,https://myneta.info/Gujarat2022/candidate.php?candidate_id=6251,NARODA,NCP,0,10th Pass,"Rs 4,96,19,512 ~ 4 Crore+",Rs 0 ~
873,5251,Meghwal Nagshi Khamubhai,https://myneta.info/Gujarat2022/candidate.php?candidate_id=5251,ABDASA,BSP,0,5th Pass,https://myneta.info/image_v2.php?myneta_folder=Gujarat2022&candidate_id=5251&col=ta,https://myneta.info/image_v2.php?myneta_folder=Gujarat2022&candidate_id=5251&col=lia
874,6676,Mehbub Mohamadbhai Rangrej,https://myneta.info/Gujarat2022/candidate.php?candidate_id=6676,JAMALPUR-KHADIA,IND,0,8th Pass,"Rs 3,01,016 ~ 3 Lacs+",Rs 0 ~
875,5201,Mehta Ushabh Kaushikkumar,https://myneta.info/Gujarat2022/candidate.php?candidate_id=5201,ELLISBRIDGE,Bharatiya National Janta Dal,0,Graduate Professional,"Rs 1,13,40,841 ~ 1 Crore+","Rs 39,77,734 ~ 39 Lacs+"
876,5854,Mehul Nathwani,https://myneta.info/Gujarat2022/candidate.php?candidate_id=5854,RAJKOT WEST,IND,0,10th Pass,"Rs 1,34,02,378 ~ 1 Crore+","Rs 45,00,000 ~ 45 Lacs+"
877,5277,Mehulraj Bharatsinh Rathod,https://myneta.info/Gujarat2022/candidate.php?candidate_id=5277,BHUJ,Praja Vijay Paksh,0,8th Pass,"Rs 54,000 ~ 54 Thou+","Rs 1,06,000 ~ 1 Lacs+"
878,6232,Meman Muhammadhusen Abdullahbhai,https://myneta.info/Gujarat2022/candidate.php?candidate_id=6232,VEJALPUR,SDPI,0,5th Pass,"Rs 2,27,156 ~ 2 Lacs+",Rs 0 ~
879,5826,Merambhai Karmanbhai Varu,https://myneta.info/Gujarat2022/candidate.php?candidate_id=5826,WANKANER,IND,0,8th Pass,"Rs 47,000 ~ 47 Thou+",Rs 0 ~
880,6680,Mevada Dhaval Maheshbhai,https://myneta.info/Gujarat2022/candidate.php?candidate_id=6680,MANINAGAR,All India Hindustan Congress Party,0,10th Pass,"Rs 25,57,000 ~ 25 Lacs+","Rs 14,00,000 ~ 14 Lacs+"
881,6283,Mevada Jayantibhai Jethalal,https://myneta.info/Gujarat2022/candidate.php?candidate_id=6283,ASARWA (SC),AAP,1,Graduate Professional,"Rs 16,87,97,653 ~ 16 Crore+","Rs 5,78,85,643 ~ 5 Crore+"
882,5669,Milankumar Madhavji Chauhan,https://myneta.info/Gujarat2022/candidate.php?candidate_id=5669,KUTIYANA,IND,0,12th Pass,https://myneta.info/image_v2.php?myneta_folder=Gujarat2022&candidate_id=5669&col=ta,https://myneta.info/image_v2.php?myneta_folder=Gujarat2022&candidate_id=5669&col=lia
883,6753,Milind Bauddh,https://myneta.info/Gujarat2022/candidate.php?candidate_id=6753,SANAND,IND,0,Post Graduate,"Rs 31,21,464 ~ 31 Lacs+","Rs 4,20,000 ~ 4 Lacs+"
884,6596,Mirza Abid Alibhai,https://myneta.info/Gujarat2022/candidate.php?candidate_id=6596,VIRAMGAM,IND,0,12th Pass,"Rs 16,49,000 ~ 16 Lacs+",Rs 0 ~
885,5634,Mirza Abidbeg Yasinbeg,https://myneta.info/Gujarat2022/candidate.php?candidate_id=5634,BHARUCH,IND,0,Literate,"Rs 58,500 ~ 58 Thou+","Rs 8,100 ~ 8 Thou+"
886,6097,Miteshbhai Kalabhai Garasiya,https://myneta.info/Gujarat2022/candidate.php?candidate_id=6097,JHALOD (ST),INC,1,Post Graduate,"Rs 1,53,87,977 ~ 1 Crore+","Rs 1,60,21,015 ~ 1 Crore+"
887,5607,Mithapara Mukeshkumar Babubhai,https://myneta.info/Gujarat2022/candidate.php?candidate_id=5607,BOTAD,IND,0,Post Graduate,"Rs 20,84,679 ~ 20 Lacs+",Rs 0 ~
888,5890,Miya Aamin Rahimbhai,https://myneta.info/Gujarat2022/candidate.php?candidate_id=5890,JAMNAGAR NORTH,IND,0,5th Pass,"Rs 21,000 ~ 21 Thou+",Rs 0 ~
889,6671,Mo. Tahir Alimiya,https://myneta.info/Gujarat2022/candidate.php?candidate_id=6671,DARIAPUR,Dhanwan Bharat Party,0,10th Pass,"Rs 61,000 ~ 61 Thou+",Rs 0 ~
890,5413,Mohamad Asfaq Iqbal Shekh,https://myneta.info/Gujarat2022/candidate.php?candidate_id=5413,SURAT WEST,IND,0,8th Pass,"Rs 1,01,832 ~ 1 Lacs+",Rs 0 ~
891,5122,Mohamad Faiz Mohamad Faruq Mulla,https://myneta.info/Gujarat2022/candidate.php?candidate_id=5122,SURAT EAST,IND,1,8th Pass,https://myneta.info/image_v2.php?myneta_folder=Gujarat2022&candidate_id=5122&col=ta,https://myneta.info/image_v2.php?myneta_folder=Gujarat2022&candidate_id=5122&col=lia
892,6611,Mohamad Faruk Shaikh,https://myneta.info/Gujarat2022/candidate.php?candidate_id=6611,VEJALPUR,IND,0,5th Pass,"Rs 3,10,628 ~ 3 Lacs+","Rs 47,660 ~ 47 Thou+"
893,4962,Mohammad Baldar Shah,https://myneta.info/Gujarat2022/candidate.php?candidate_id=4962,UDHNA,IND,1,5th Pass,"Rs 8,00,000 ~ 8 Lacs+",Rs 0 ~
894,4975,Mohammad Imtiyaz Yusuf Bhai Shaikh,https://myneta.info/Gujarat2022/candidate.php?candidate_id=4975,SURAT NORTH,IND,0,5th Pass,"Rs 1,30,000 ~ 1 Lacs+","Rs 48,000 ~ 48 Thou+"
895,5459,Mohammad Juned Memon,https://myneta.info/Gujarat2022/candidate.php?candidate_id=5459,SURAT NORTH,IND,0,Illiterate,"Rs 24,000 ~ 24 Thou+",Rs 0 ~
896,5992,Mohammad Nafis Islam Khan,https://myneta.info/Gujarat2022/candidate.php?candidate_id=5992,LIMBAYAT,IND,0,Illiterate,"Rs 45,217 ~ 45 Thou+",Rs 0 ~
897,5412,Mohammad Umarji Khadakiwala,https://myneta.info/Gujarat2022/candidate.php?candidate_id=5412,SURAT WEST,IND,0,8th Pass,"Rs 2,95,000 ~ 2 Lacs+",Rs 0 ~
898,6733,Mohammadhusain Liyakatahusain Ansari,https://myneta.info/Gujarat2022/candidate.php?candidate_id=6733,BAPUNAGAR,Loktantrik Rashrtavadi Party,0,5th Pass,"Rs 21,000 ~ 21 Thou+",Rs 0 ~
899,5411,Mohammed Zakir Nizamuddin Shaikh,https://myneta.info/Gujarat2022/candidate.php?candidate_id=5411,SURAT WEST,SP,0,5th Pass,"Rs 10,85,000 ~ 10 Lacs+","Rs 75,000 ~ 75 Thou+"
900,5056,Mohanbhai Dhanjibhai Dhodiya,https://myneta.info/Gujarat2022/candidate.php?candidate_id=5056,MAHUVA (ST),BJP,0,8th Pass,https://myneta.info/image_v2.php?myneta_folder=Gujarat2022&candidate_id=5056&col=ta,https://myneta.info/image_v2.php?myneta_folder=Gujarat2022&candidate_id=5056&col=lia
901,6498,Mohanbhai Parsingbhai Sangada,https://myneta.info/Gujarat2022/candidate.php?candidate_id=6498,JHALOD (ST),IND,0,Post Graduate,"Rs 6,92,000 ~ 6 Lacs+",Rs 0 ~
902,5352,Mohanbhai Raviyabhai Kohkeriya,https://myneta.info/Gujarat2022/candidate.php?candidate_id=5352,UMBERGAON (ST),CPI(ML)(L),0,10th Pass,"Rs 46,11,480 ~ 46 Lacs+","Rs 30,000 ~ 30 Thou+"
903,5993,Mohshin Shah,https://myneta.info/Gujarat2022/candidate.php?candidate_id=5993,LIMBAYAT,IND,0,Illiterate,"Rs 29,000 ~ 29 Thou+",Rs 0 ~
904,5609,Moradiya Niteshbhai Purushotambhai,https://myneta.info/Gujarat2022/candidate.php?candidate_id=5609,BOTAD,Right to Recall Party,0,12th Pass,"Rs 3,64,63,570 ~ 3 Crore+","Rs 31,83,500 ~ 31 Lacs+"
905,6242,Moradiya Pravinbhai Mavjibhai,https://myneta.info/Gujarat2022/candidate.php?candidate_id=6242,ELLISBRIDGE,BSP,0,8th Pass,"Rs 38,56,379 ~ 38 Lacs+","Rs 63,684 ~ 63 Thou+"
906,5683,Motivarash Devendrabhai Dhanjibhai,https://myneta.info/Gujarat2022/candidate.php?candidate_id=5683,SOMNATH,IND,0,Graduate,"Rs 2,07,14,000 ~ 2 Crore+","Rs 1,05,80,000 ~ 1 Crore+"
907,5409,Moxesh Rameshchandra Sanghavi,https://myneta.info/Gujarat2022/candidate.php?candidate_id=5409,SURAT WEST,AAP,0,12th Pass,"Rs 1,28,88,247 ~ 1 Crore+","Rs 99,09,259 ~ 99 Lacs+"
908,5871,Mrudangrajsinh Mulrajsinh Chudasama,https://myneta.info/Gujarat2022/candidate.php?candidate_id=5871,BHAVNAGAR EAST,Right to Recall Party,0,Graduate Professional,"Rs 2,92,45,000 ~ 2 Crore+","Rs 26,00,000 ~ 26 Lacs+"
909,5625,Mubarak Ismail Dashu,https://myneta.info/Gujarat2022/candidate.php?candidate_id=5625,VAGRA,IND,2,8th Pass,https://myneta.info/image_v2.php?myneta_folder=Gujarat2022&candidate_id=5625&col=ta,https://myneta.info/image_v2.php?myneta_folder=Gujarat2022&candidate_id=5625&col=lia
910,5770,Muchhadiya Devdanbhai Kanabhai,https://myneta.info/Gujarat2022/candidate.php?candidate_id=5770,MANAVADAR,BSP,0,Graduate Professional,"Rs 11,50,000 ~ 11 Lacs+",Rs 0 ~
911,5837,Mukesh Dholumal Vardhani,https://myneta.info/Gujarat2022/candidate.php?candidate_id=5837,GONDAL,IND,0,Graduate Professional,"Rs 16,25,400 ~ 16 Lacs+",Rs 0 ~
912,5666,Mukesh Ramji Panjari,https://myneta.info/Gujarat2022/candidate.php?candidate_id=5666,PORBANDAR,IND,0,10th Pass,"Rs 60,000 ~ 60 Thou+",Rs 0 ~
913,6036,Mukesh Shivprasad Nayak,https://myneta.info/Gujarat2022/candidate.php?candidate_id=6036,AKOTA,Rashtriya Samaj Paksha,0,Others,"Rs 1,54,90,622 ~ 1 Crore+","Rs 1,02,54,782 ~ 1 Crore+"
914,5154,Mukeshbhai Lakhaman Vaghasiya,https://myneta.info/Gujarat2022/candidate.php?candidate_id=5154,KUTIYANA,IND,0,8th Pass,"Rs 50,000 ~ 50 Thou+",Rs 0 ~
915,6162,Mukeshbhai Ranchhodbhai Jadava,https://myneta.info/Gujarat2022/candidate.php?candidate_id=6162,SOJITRA,BSP,0,12th Pass,"Rs 93,000 ~ 93 Thou+","Rs 40,000 ~ 40 Thou+"
916,5083,Mukeshbhai Zinabhai Patel,https://myneta.info/Gujarat2022/candidate.php?candidate_id=5083,OLPAD,BJP,0,12th Pass,"Rs 4,91,45,155 ~ 4 Crore+","Rs 1,89,09,886 ~ 1 Crore+"
917,5940,Mukeshkumar Somalal Thakkar,https://myneta.info/Gujarat2022/candidate.php?candidate_id=5940,KANKREJ,AAP,0,10th Pass,"Rs 1,79,63,549 ~ 1 Crore+","Rs 12,68,582 ~ 12 Lacs+"
918,5135,Muktaben Narendrabhai Parmar,https://myneta.info/Gujarat2022/candidate.php?candidate_id=5135,RAJULA,IND,0,8th Pass,https://myneta.info/image_v2.php?myneta_folder=Gujarat2022&candidate_id=5135&col=ta,https://myneta.info/image_v2.php?myneta_folder=Gujarat2022&candidate_id=5135&col=lia
919,5516,Munabhai Nakubhai Bavaliya,https://myneta.info/Gujarat2022/candidate.php?candidate_id=5516,LATHI,IND,0,5th Pass,"Rs 54,48,463 ~ 54 Lacs+","Rs 27,71,000 ~ 27 Lacs+"
920,6625,Mundra Anilkumar Niranjankumar,https://myneta.info/Gujarat2022/candidate.php?candidate_id=6625,VATVA,Log Party,0,Graduate Professional,"Rs 43,39,634 ~ 43 Lacs+","Rs 26,65,000 ~ 26 Lacs+"
921,6547,Muzffarbeg Harunbeg Mirza,https://myneta.info/Gujarat2022/candidate.php?candidate_id=6547,NADIAD,Log Party,0,8th Pass,"Rs 20,000 ~ 20 Thou+",Rs 0 ~
922,6481,Nadiya Chandubhai Motibhai,https://myneta.info/Gujarat2022/candidate.php?candidate_id=6481,PRANTIJ,IND,0,10th Pass,"Rs 5,30,282 ~ 5 Lacs+",Rs 0 ~
923,5031,Nagash Karashanbhai Jeshabhai,https://myneta.info/Gujarat2022/candidate.php?candidate_id=5031,DWARKA,IND,0,10th Pass,"Rs 24,52,600 ~ 24 Lacs+","Rs 13,00,000 ~ 13 Lacs+"
924,6258,Naginkumar Chimanlal Solanki,https://myneta.info/Gujarat2022/candidate.php?candidate_id=6258,BAPUNAGAR,BSP,0,8th Pass,"Rs 6,36,394 ~ 6 Lacs+","Rs 4,50,000 ~ 4 Lacs+"
925,6517,Najimkhan Fakirmahmnad Pathan,https://myneta.info/Gujarat2022/candidate.php?candidate_id=6517,UMRETH,IND,0,10th Pass,"Rs 26,120 ~ 26 Thou+","Rs 1,00,000 ~ 1 Lacs+"
926,5173,Nakrani Keshubhai Hirjibhai,https://myneta.info/Gujarat2022/candidate.php?candidate_id=5173,GARIADHAR,BJP,0,10th Pass,"Rs 1,88,25,469 ~ 1 Crore+","Rs 10,00,000 ~ 10 Lacs+"
927,5530,Nanalal Kalidas Maheta,https://myneta.info/Gujarat2022/candidate.php?candidate_id=5530,SAVARKUNDLA,Rashtriya Samaj Dal (R),0,8th Pass,https://myneta.info/image_v2.php?myneta_folder=Gujarat2022&candidate_id=5530&col=ta,https://myneta.info/image_v2.php?myneta_folder=Gujarat2022&candidate_id=5530&col=lia
928,6737,Nandoliya Harshad Babubhai,https://myneta.info/Gujarat2022/candidate.php?candidate_id=6737,BAPUNAGAR,IND,0,12th Pass,"Rs 3,77,135 ~ 3 Lacs+",Rs 0 ~
929,5650,Nangesh Karsan Jeshabhai,https://myneta.info/Gujarat2022/candidate.php?candidate_id=5650,KHAMBHALIA,IND,0,10th Pass,"Rs 24,52,100 ~ 24 Lacs+","Rs 13,00,000 ~ 13 Lacs+"
930,5057,Nanjibhai Harasurbhai Baraiya (Nanjibhai Baraiya),https://myneta.info/Gujarat2022/candidate.php?candidate_id=5057,MAHUVA,IND,2,5th Pass,"Rs 25,000 ~ 25 Thou+",Rs 0 ~
931,4889,Narendra Virabhai Dengada,https://myneta.info/Gujarat2022/candidate.php?candidate_id=4889,WANKANER,IND,0,8th Pass,"Rs 1,50,000 ~ 1 Lacs+",Rs 0 ~
932,6035,Narendrabhai Lalubhai Parmar,https://myneta.info/Gujarat2022/candidate.php?candidate_id=6035,AKOTA,Akhil Bharat Hindu Mahasabha,0,8th Pass,"Rs 1,25,000 ~ 1 Lacs+",Rs 0 ~
933,6605,Naresh Narayanbhai Priydarshi,https://myneta.info/Gujarat2022/candidate.php?candidate_id=6605,GHATLODIA,IND,0,Post Graduate,"Rs 7,45,000 ~ 7 Lacs+",Rs 0 ~
934,4948,Nareshbhai Maganbhai Patel,https://myneta.info/Gujarat2022/candidate.php?candidate_id=4948,GANDEVI (ST),BJP,0,10th Pass,"Rs 3,81,17,827 ~ 3 Crore+","Rs 37,31,260 ~ 37 Lacs+"
935,6217,Nareshbhai Muljibhai Parmar,https://myneta.info/Gujarat2022/candidate.php?candidate_id=6217,MANSA,BSP,0,5th Pass,"Rs 2,20,000 ~ 2 Lacs+",Rs 0 ~
936,6592,Nareshbhai Rajabhai Bhamani,https://myneta.info/Gujarat2022/candidate.php?candidate_id=6592,VIRAMGAM,Vyavastha Parivartan Party,0,8th Pass,https://myneta.info/image_v2.php?myneta_folder=Gujarat2022&candidate_id=6592&col=ta,https://myneta.info/image_v2.php?myneta_folder=Gujarat2022&candidate_id=6592&col=lia
937,5205,Nareshbhai Shankarbhai Vyas,https://myneta.info/Gujarat2022/candidate.php?candidate_id=5205,DANILIMDA (SC),BJP,1,Others,"Rs 32,90,566 ~ 32 Lacs+",Rs 0 ~
938,4939,Nareshbhai Vajirbhai Vadvi,https://myneta.info/Gujarat2022/candidate.php?candidate_id=4939,UMBERGAON (ST),INC,0,10th Pass,"Rs 1,53,00,000 ~ 1 Crore+","Rs 53,00,000 ~ 53 Lacs+"
939,5569,Narshibhai Ukabhai Chauhan,https://myneta.info/Gujarat2022/candidate.php?candidate_id=5569,PALITANA,IND,0,Literate,"Rs 5,54,500 ~ 5 Lacs+",Rs 0 ~
940,5913,Nasirshaha Naththushaha,https://myneta.info/Gujarat2022/candidate.php?candidate_id=5913,LIMBAYAT,IND,0,5th Pass,"Rs 17,000 ~ 17 Thou+",Rs 0 ~
941,5989,Nasrinbano Shaikh,https://myneta.info/Gujarat2022/candidate.php?candidate_id=5989,LIMBAYAT,IND,0,Illiterate,"Rs 25,000 ~ 25 Thou+",Rs 0 ~
942,6566,Nat Parvatiben Prabhatbhai,https://myneta.info/Gujarat2022/candidate.php?candidate_id=6566,LUNAWADA,Praja Vijay Paksh,0,10th Pass,"Rs 5,17,000 ~ 5 Lacs+",Rs 0 ~
943,4869,Nathabhai Bhurabhai Odedara,https://myneta.info/Gujarat2022/candidate.php?candidate_id=4869,KUTIYANA,INC,1,8th Pass,"Rs 7,11,92,800 ~ 7 Crore+","Rs 10,30,199 ~ 10 Lacs+"
944,5927,Nathabhai Hegolabhai Patel,https://myneta.info/Gujarat2022/candidate.php?candidate_id=5927,DHANERA,INC,1,10th Pass,"Rs 8,59,39,158 ~ 8 Crore+","Rs 2,36,066 ~ 2 Lacs+"
945,5495,Natvarbhai Dahyabhai Mahyavanshi,https://myneta.info/Gujarat2022/candidate.php?candidate_id=5495,OLPAD,IND,0,Graduate Professional,https://myneta.info/image_v2.php?myneta_folder=Gujarat2022&candidate_id=5495&col=ta,https://myneta.info/image_v2.php?myneta_folder=Gujarat2022&candidate_id=5495&col=lia
946,6427,Natvarbhai Maganbhai Parmar,https://myneta.info/Gujarat2022/candidate.php?candidate_id=6427,MODASA,IND,0,12th Pass,"Rs 34,75,101 ~ 34 Lacs+","Rs 13,00,000 ~ 13 Lacs+"
947,6135,Natvarsinh Motisinh Solanki,https://myneta.info/Gujarat2022/candidate.php?candidate_id=6135,LUNAWADA,AAP,0,8th Pass,"Rs 10,50,523 ~ 10 Lacs+",Rs 0 ~
948,5307,Naushad Solanki,https://myneta.info/Gujarat2022/candidate.php?candidate_id=5307,DASADA (SC),INC,1,Others,"Rs 11,00,35,604 ~ 11 Crore+","Rs 77,87,009 ~ 77 Lacs+"
949,5394,Nausrka Mahammad Shaukatali,https://myneta.info/Gujarat2022/candidate.php?candidate_id=5394,JALALPORE,SDPI,2,5th Pass,"Rs 2,58,007 ~ 2 Lacs+",Rs 0 ~
950,5829,Navinbhai Amrutbhai Vora,https://myneta.info/Gujarat2022/candidate.php?candidate_id=5829,WANKANER,IND,0,8th Pass,"Rs 11,48,000 ~ 11 Lacs+",Rs 0 ~
951,5877,Navinchandra Manji Josarfal,https://myneta.info/Gujarat2022/candidate.php?candidate_id=5877,RAPAR,IND,0,10th Pass,"Rs 2,44,000 ~ 2 Lacs+",Rs 0 ~
952,6107,Nayak Somabhai Meghabhai,https://myneta.info/Gujarat2022/candidate.php?candidate_id=6107,HALOL,BSP,0,Literate,"Rs 1,50,000 ~ 1 Lacs+",Rs 0 ~
953,6364,Nayansinh Narsinhbhai Padhar,https://myneta.info/Gujarat2022/candidate.php?candidate_id=6364,DEODAR,Praja Vijay Paksh,0,Graduate Professional,"Rs 5,00,000 ~ 5 Lacs+","Rs 21,76,000 ~ 21 Lacs+"
954,6052,Nayna Kanjibhai Parmar,https://myneta.info/Gujarat2022/candidate.php?candidate_id=6052,VADODARA CITY (SC),Rashtriya Samaj Paksha,0,Post Graduate,https://myneta.info/image_v2.php?myneta_folder=Gujarat2022&candidate_id=6052&col=ta,https://myneta.info/image_v2.php?myneta_folder=Gujarat2022&candidate_id=6052&col=lia
955,6660,Neeraj Shivsagar Shukla,https://myneta.info/Gujarat2022/candidate.php?candidate_id=6660,AMRAIWADI,Jan Sangharsh Virat Party,0,12th Pass,"Rs 5,76,230 ~ 5 Lacs+","Rs 46,022 ~ 46 Thou+"
956,6043,Neha Parmar,https://myneta.info/Gujarat2022/candidate.php?candidate_id=6043,SAYAJIGUNJ,BSP,0,10th Pass,"Rs 20,57,000 ~ 20 Lacs+",Rs 0 ~
957,6693,Nikhilkumar Thakkar,https://myneta.info/Gujarat2022/candidate.php?candidate_id=6693,SABARMATI,Sainik Samaj Party,0,Post Graduate,"Rs 1,91,04,703 ~ 1 Crore+",Rs 0 ~
958,5043,Nilesh Khorashi,https://myneta.info/Gujarat2022/candidate.php?candidate_id=5043,UNA,IND,4,Graduate,"Rs 50,000 ~ 50 Thou+","Rs 2,55,000 ~ 2 Lacs+"
959,5086,Nilesh Kumbhani,https://myneta.info/Gujarat2022/candidate.php?candidate_id=5086,KAMREJ,INC,4,12th Pass,"Rs 4,07,78,834 ~ 4 Crore+","Rs 2,48,04,260 ~ 2 Crore+"
960,5397,Nileshbhai Shivajibhai Zambare,https://myneta.info/Gujarat2022/candidate.php?candidate_id=5397,DANGS (ST),Bhartiya Tribal Party,1,5th Pass,"Rs 6,84,800 ~ 6 Lacs+",Rs 0 ~
961,6685,Nileshkumar Keshavbhai Parmar,https://myneta.info/Gujarat2022/candidate.php?candidate_id=6685,DANILIMDA (SC),Jan Sewa Driver Party,0,8th Pass,"Rs 24,09,500 ~ 24 Lacs+","Rs 5,00,000 ~ 5 Lacs+"
962,6415,Nimesh Atmaram Patel,https://myneta.info/Gujarat2022/candidate.php?candidate_id=6415,MAHESANA,Gunj Satya Ni Janata Party,0,Others,"Rs 7,88,33,615 ~ 7 Crore+","Rs 15,50,000 ~ 15 Lacs+"
963,6601,Nimesh Atmaram Patel,https://myneta.info/Gujarat2022/candidate.php?candidate_id=6601,GHATLODIA,Gunj Satya Ni Janata Party,0,Others,https://myneta.info/image_v2.php?myneta_folder=Gujarat2022&candidate_id=6601&col=ta,https://myneta.info/image_v2.php?myneta_folder=Gujarat2022&candidate_id=6601&col=lia
964,6067,Nimeshbhai Arunkumar Bendre,https://myneta.info/Gujarat2022/candidate.php?candidate_id=6067,VAGHODIA,Log Party,0,8th Pass,"Rs 1,16,250 ~ 1 Lacs+","Rs 46,638 ~ 46 Thou+"
965,5667,Nimeshbhai Mansukhbhai Bhundiya,https://myneta.info/Gujarat2022/candidate.php?candidate_id=5667,KUTIYANA,IND,1,8th Pass,"Rs 2,50,000 ~ 2 Lacs+","Rs 40,000 ~ 40 Thou+"
966,4879,Nimishaben Khunt,https://myneta.info/Gujarat2022/candidate.php?candidate_id=4879,GONDAL,AAP,0,Graduate Professional,"Rs 17,03,166 ~ 17 Lacs+",Rs 0 ~
967,6428,Ninama Hardikkumar Virjibhai,https://myneta.info/Gujarat2022/candidate.php?candidate_id=6428,MODASA,IND,0,12th Pass,"Rs 10,22,000 ~ 10 Lacs+",Rs 0 ~
968,6183,Nirmalsinh Ajabsinh Parmar,https://myneta.info/Gujarat2022/candidate.php?candidate_id=6183,HIMATNAGAR,AAP,0,Post Graduate,"Rs 1,97,44,710 ~ 1 Crore+","Rs 8,76,941 ~ 8 Lacs+"
969,6088,Nisarata Nileshbhai Lalsingbhai,https://myneta.info/Gujarat2022/candidate.php?candidate_id=6088,LIMKHEDA (ST),CPI(M),0,Graduate Professional,"Rs 47,430 ~ 47 Thou+",Rs 0 ~
970,4987,Node Kasam Mohammad,https://myneta.info/Gujarat2022/candidate.php?candidate_id=4987,BHUJ,Right to Recall Party,0,5th Pass,"Rs 4,57,952 ~ 4 Lacs+",Rs 0 ~
971,5642,Nurmamad Jusab Pariyani,https://myneta.info/Gujarat2022/candidate.php?candidate_id=5642,KHAMBHALIA,IND,0,Literate,"Rs 33,77,542 ~ 33 Lacs+",Rs 0 ~
972,5471,Nurubhai Shakurbhai Shaikh,https://myneta.info/Gujarat2022/candidate.php?candidate_id=5471,SURAT EAST,IND,0,Illiterate,https://myneta.info/image_v2.php?myneta_folder=Gujarat2022&candidate_id=5471&col=ta,https://myneta.info/image_v2.php?myneta_folder=Gujarat2022&candidate_id=5471&col=lia
973,5663,Odedara Lakhanshi Deva,https://myneta.info/Gujarat2022/candidate.php?candidate_id=5663,PORBANDAR,IND,1,Graduate,"Rs 2,50,000 ~ 2 Lacs+",Rs 0 ~
974,5035,Odedara Ranmalbhai Rambhai,https://myneta.info/Gujarat2022/candidate.php?candidate_id=5035,PORBANDAR,IND,0,10th Pass,"Rs 50,000 ~ 50 Thou+",Rs 0 ~
975,6252,Omprakash Darogaprasad Tiwari,https://myneta.info/Gujarat2022/candidate.php?candidate_id=6252,NARODA,AAP,0,Graduate,"Rs 4,32,40,000 ~ 4 Crore+",Rs 0 ~
976,5279,Osman Ishabhai Kumbhar,https://myneta.info/Gujarat2022/candidate.php?candidate_id=5279,BHUJ,IND,0,Illiterate,"Rs 5,65,000 ~ 5 Lacs+",Rs 0 ~
977,5425,P V S Sarma,https://myneta.info/Gujarat2022/candidate.php?candidate_id=5425,MAJURA,AAP,2,Post Graduate,"Rs 16,94,91,888 ~ 16 Crore+","Rs 6,60,38,313 ~ 6 Crore+"
978,6197,P.C.Baranda,https://myneta.info/Gujarat2022/candidate.php?candidate_id=6197,BHILODA (ST),BJP,0,Graduate,"Rs 2,35,44,236 ~ 2 Crore+",Rs 0 ~
979,5970,P.K. Patel,https://myneta.info/Gujarat2022/candidate.php?candidate_id=5970,MAHESANA,INC,1,12th Pass,"Rs 4,01,08,083 ~ 4 Crore+","Rs 27,02,185 ~ 27 Lacs+"
980,5308,P.K.Parmar,https://myneta.info/Gujarat2022/candidate.php?candidate_id=5308,DASADA (SC),BJP,0,Others,"Rs 91,35,468 ~ 91 Lacs+","Rs 12,90,574 ~ 12 Lacs+"
981,5111,Pabubha Virambha Manek,https://myneta.info/Gujarat2022/candidate.php?candidate_id=5111,DWARKA,BJP,0,Literate,https://myneta.info/image_v2.php?myneta_folder=Gujarat2022&candidate_id=5111&col=ta,https://myneta.info/image_v2.php?myneta_folder=Gujarat2022&candidate_id=5111&col=lia
982,5198,Pagi Ganapatbhai Mavjibhai,https://myneta.info/Gujarat2022/candidate.php?candidate_id=5198,SANAND,Praja Vijay Paksh,0,12th Pass,"Rs 52,000 ~ 52 Thou+",Rs 0 ~
983,6437,Pagi Laxmanbhai Revabhai,https://myneta.info/Gujarat2022/candidate.php?candidate_id=6437,BAYAD,Insaniyat Party,0,8th Pass,"Rs 42,76,000 ~ 42 Lacs+",Rs 0 ~
984,5698,Panchabhai Damaniya,https://myneta.info/Gujarat2022/candidate.php?candidate_id=5698,UNA,IND,0,5th Pass,"Rs 25,000 ~ 25 Thou+",Rs 0 ~
985,6642,Pandey Jyotiben Manojbhai,https://myneta.info/Gujarat2022/candidate.php?candidate_id=6642,NARODA,Swatantrata Abhivyakti Party,0,12th Pass,"Rs 65,000 ~ 65 Thou+",Rs 0 ~
986,5194,Pandor Kaushikkumar Shankarbhai,https://myneta.info/Gujarat2022/candidate.php?candidate_id=5194,BHILODA (ST),IND,0,Graduate Professional,"Rs 41,08,940 ~ 41 Lacs+",Rs 0 ~
987,6188,Pandor Ravajibhai Veljibhai,https://myneta.info/Gujarat2022/candidate.php?candidate_id=6188,KHEDBRAHMA (ST),Bhartiya Tribal Party,1,10th Pass,"Rs 34,20,000 ~ 34 Lacs+",Rs 0 ~
988,4992,Pankaj Kantilal Ransariya,https://myneta.info/Gujarat2022/candidate.php?candidate_id=4992,MORBI,AAP,1,12th Pass,"Rs 3,52,67,065 ~ 3 Crore+","Rs 1,37,33,537 ~ 1 Crore+"
989,5378,Pankajbhai Chandubhai Patel,https://myneta.info/Gujarat2022/candidate.php?candidate_id=5378,BANSDA (ST),AAP,0,12th Pass,"Rs 44,35,000 ~ 44 Lacs+","Rs 13,51,003 ~ 13 Lacs+"
990,6246,Pankajbhai Jayantilal Patel (Bhemabhai),https://myneta.info/Gujarat2022/candidate.php?candidate_id=6246,NARANPURA,AAP,0,12th Pass,https://myneta.info/image_v2.php?myneta_folder=Gujarat2022&candidate_id=6246&col=ta,https://myneta.info/image_v2.php?myneta_folder=Gujarat2022&candidate_id=6246&col=lia
991,5381,Pankajbhai Lallubhai Patel,https://myneta.info/Gujarat2022/candidate.php?candidate_id=5381,GANDEVI (ST),AAP,0,10th Pass,"Rs 18,74,040 ~ 18 Lacs+","Rs 4,55,000 ~ 4 Lacs+"
992,5873,Pankajbhai Tayade,https://myneta.info/Gujarat2022/candidate.php?candidate_id=5873,LIMBAYAT,AAP,1,8th Pass,"Rs 20,21,227 ~ 20 Lacs+",Rs 0 ~
993,4955,Pannaben Anilbhai Patel,https://myneta.info/Gujarat2022/candidate.php?candidate_id=4955,BARDOLI (SC),INC,0,10th Pass,"Rs 2,26,52,891 ~ 2 Crore+",Rs 0 ~
994,6241,Paras Rupeshkumar Shah,https://myneta.info/Gujarat2022/candidate.php?candidate_id=6241,ELLISBRIDGE,AAP,1,12th Pass,"Rs 2,84,000 ~ 2 Lacs+","Rs 1,50,000 ~ 1 Lacs+"
995,5009,Parekh Punitaben Hasmukhbhai,https://myneta.info/Gujarat2022/candidate.php?candidate_id=5009,RAJKOT SOUTH,IND,1,5th Pass,"Rs 2,86,58,680 ~ 2 Crore+",Rs 0 ~
996,6008,Paresh Patel(Vakil),https://myneta.info/Gujarat2022/candidate.php?candidate_id=6008,KARJAN,AAP,0,Graduate Professional,"Rs 1,29,25,000 ~ 1 Crore+",Rs 0 ~
997,5929,Parghi Latubhai Chandabhai,https://myneta.info/Gujarat2022/candidate.php?candidate_id=5929,DANTA (ST),BJP,1,8th Pass,"Rs 5,60,58,488 ~ 5 Crore+",Rs 0 ~
998,6196,Parghi Rajendrakumar Kantibhai,https://myneta.info/Gujarat2022/candidate.php?candidate_id=6196,BHILODA (ST),INC,1,12th Pass,"Rs 1,14,30,402 ~ 1 Crore+","Rs 48,05,008 ~ 48 Lacs+"
999,5859,Parghi Surajbhai Nanjibhai,https://myneta.info/Gujarat2022/candidate.php?candidate_id=5859,RAJKOT EAST,IND,0,Others,https://myneta.info/image_v2.php?myneta_folder=Gujarat2022&candidate_id=5859&col=ta,https://myneta.info/image_v2.php?myneta_folder=Gujarat2022&candidate_id=5859&col=lia
1000,6700,Parihar Rajeshsing Jesingbhai,https://myneta.info/Gujarat2022/candidate.php?candidate_id=6700,DASKROI,Garvi Gujarat Party,0,12th Pass,"Rs 22,00,000 ~ 22 Lacs+","Rs 8,00,000 ~ 8 Lacs+"
1001,5655,Parmani Kishankumar Himantlal,https://myneta.info/Gujarat2022/candidate.php?candidate_id=5655,DWARKA,Garvi Gujarat Party,3,8th Pass,"Rs 3,48,500 ~ 3 Lacs+","Rs 67,000 ~ 67 Thou+"
1002,6424,Parmar Ajitkumar Hamirji,https://myneta.info/Gujarat2022/candidate.php?candidate_id=6424,VIJAPUR,IND,0,12th Pass,"Rs 11,85,000 ~ 11 Lacs+",Rs 0 ~
1003,6185,Parmar Anilkumar Ramanlal,https://myneta.info/Gujarat2022/candidate.php?candidate_id=6185,HIMATNAGAR,BSP,0,12th Pass,"Rs 61,07,496 ~ 61 Lacs+",Rs 0 ~
1004,5756,Parmar Arjunbhai Karshanbhai,https://myneta.info/Gujarat2022/candidate.php?candidate_id=5756,JAMNAGAR SOUTH,IND,0,5th Pass,"Rs 24,75,875 ~ 24 Lacs+",Rs 0 ~
1005,6656,Parmar Arvindkumar Babubhai,https://myneta.info/Gujarat2022/candidate.php?candidate_id=6656,THAKKARBAPA NAGAR,IND,1,10th Pass,"Rs 1,38,074 ~ 1 Lacs+",Rs 0 ~
1006,6662,Parmar Bakulaben Ukabhai,https://myneta.info/Gujarat2022/candidate.php?candidate_id=6662,AMRAIWADI,Rashtra Nirman Party,0,5th Pass,"Rs 17,11,800 ~ 17 Lacs+",Rs 0 ~
1007,5329,Parmar Balvantray Lagharbhai,https://myneta.info/Gujarat2022/candidate.php?candidate_id=5329,WADHWAN,IND,0,Graduate,"Rs 26,95,894 ~ 26 Lacs+","Rs 66,000 ~ 66 Thou+"
1008,6349,Parmar Chhaganchandaraj Dhanabhai,https://myneta.info/Gujarat2022/candidate.php?candidate_id=6349,PALANPUR,IND,0,10th Pass,https://myneta.info/image_v2.php?myneta_folder=Gujarat2022&candidate_id=6349&col=ta,https://myneta.info/image_v2.php?myneta_folder=Gujarat2022&candidate_id=6349&col=lia
1009,6420,Parmar Devangkumar Prabhudas,https://myneta.info/Gujarat2022/candidate.php?candidate_id=6420,MAHESANA,IND,0,10th Pass,"Rs 3,97,000 ~ 3 Lacs+",Rs 0 ~
1010,5118,Parmar Dilipbhai Mohanbhai,https://myneta.info/Gujarat2022/candidate.php?candidate_id=5118,LIMBDI,IND,0,10th Pass,"Rs 26,000 ~ 26 Thou+",Rs 0 ~
1011,4978,Parmar Faridaben Muradbhai,https://myneta.info/Gujarat2022/candidate.php?candidate_id=4978,TALALA,BSP,0,8th Pass,"Rs 16,45,000 ~ 16 Lacs+",Rs 0 ~
1012,6395,Parmar Hasmukhbhai Virabhai,https://myneta.info/Gujarat2022/candidate.php?candidate_id=6395,UNJHA,Bhartiya Jan Parishad,0,10th Pass,"Rs 49,35,000 ~ 49 Lacs+","Rs 11,20,000 ~ 11 Lacs+"
1013,6383,Parmar Hitendrakumar Ganeshbhai,https://myneta.info/Gujarat2022/candidate.php?candidate_id=6383,PATAN,IND,0,12th Pass,"Rs 43,000 ~ 43 Thou+",Rs 0 ~
1014,4864,Parmar Imranbhai Valibhai,https://myneta.info/Gujarat2022/candidate.php?candidate_id=4864,DHARI,IND,0,10th Pass,"Rs 1,20,000 ~ 1 Lacs+",Rs 0 ~
1015,5241,Parmar Kanjibhai Govindbhai,https://myneta.info/Gujarat2022/candidate.php?candidate_id=5241,DHRANGADHRA,IND,0,10th Pass,"Rs 11,63,000 ~ 11 Lacs+",Rs 0 ~
1016,6147,Parmar Kantibhai Shabhaibhai,https://myneta.info/Gujarat2022/candidate.php?candidate_id=6147,THASRA,INC,0,8th Pass,"Rs 7,47,50,618 ~ 7 Crore+","Rs 1,27,20,643 ~ 1 Crore+"
1017,6686,Parmar Kasturbhai Ranchhodbhai,https://myneta.info/Gujarat2022/candidate.php?candidate_id=6686,DANILIMDA (SC),Praja Vijay Paksh,0,8th Pass,https://myneta.info/image_v2.php?myneta_folder=Gujarat2022&candidate_id=6686&col=ta,https://myneta.info/image_v2.php?myneta_folder=Gujarat2022&candidate_id=6686&col=lia
1018,6511,Parmar Kesharisinh Bharatsinh,https://myneta.info/Gujarat2022/candidate.php?candidate_id=6511,BORSAD,IND,0,12th Pass,"Rs 6,05,000 ~ 6 Lacs+","Rs 6,50,000 ~ 6 Lacs+"
1019,4896,Parmar Nareshbhai Ravjibhai,https://myneta.info/Gujarat2022/candidate.php?candidate_id=4896,PALITANA,BSP,0,8th Pass,"Rs 3,80,000 ~ 3 Lacs+",Rs 0 ~
1020,6331,Parmar Nayanaben Ranabhai,https://myneta.info/Gujarat2022/candidate.php?candidate_id=6331,VAV,BSP,0,Post Graduate,"Rs 2,20,000 ~ 2 Lacs+",Rs 0 ~
1021,6530,Parmar Pratimaben Shaileshbhai,https://myneta.info/Gujarat2022/candidate.php?candidate_id=6530,ANAND,IND,0,10th Pass,"Rs 1,30,000 ~ 1 Lacs+",Rs 0 ~
1022,6143,Parmar Rahulkumar Hasmukhbhai,https://myneta.info/Gujarat2022/candidate.php?candidate_id=6143,KAPADVANJ,Praja Vijay Paksh,0,10th Pass,"Rs 7,87,000 ~ 7 Lacs+",Rs 0 ~
1023,6179,Parmar Rajendrasinh Dhirsinh,https://myneta.info/Gujarat2022/candidate.php?candidate_id=6179,BORSAD,INC,0,10th Pass,"Rs 5,19,70,421 ~ 5 Crore+","Rs 79,00,951 ~ 79 Lacs+"
1024,6490,Parmar Rajeshkumar Bachubhai,https://myneta.info/Gujarat2022/candidate.php?candidate_id=6490,SAVLI,IND,0,10th Pass,"Rs 30,72,000 ~ 30 Lacs+","Rs 38,30,000 ~ 38 Lacs+"
1025,5570,Parmar Rajeshkumar P.,https://myneta.info/Gujarat2022/candidate.php?candidate_id=5570,BHAVNAGAR RURAL,Rashtriya Hind Ekta Dal,0,12th Pass,"Rs 57,500 ~ 57 Thou+",Rs 0 ~
1026,5240,Parmar Rajuben Ravindrabhai,https://myneta.info/Gujarat2022/candidate.php?candidate_id=5240,DHRANGADHRA,IND,0,8th Pass,https://myneta.info/image_v2.php?myneta_folder=Gujarat2022&candidate_id=5240&col=ta,https://myneta.info/image_v2.php?myneta_folder=Gujarat2022&candidate_id=5240&col=lia
1027,6476,Parmar Rakeshkumar Babubhai,https://myneta.info/Gujarat2022/candidate.php?candidate_id=6476,KHEDBRAHMA (ST),IND,0,Graduate,"Rs 11,77,000 ~ 11 Lacs+","Rs 2,28,000 ~ 2 Lacs+"
1028,6262,Parmar Rameshbhai Kishorbhai,https://myneta.info/Gujarat2022/candidate.php?candidate_id=6262,AMRAIWADI,CPI,0,Graduate,"Rs 11,84,900 ~ 11 Lacs+",Rs 0 ~
1029,5180,Parmar Rameshbhai Parbhubhai,https://myneta.info/Gujarat2022/candidate.php?candidate_id=5180,GADHADA (SC),AAP,0,Graduate,"Rs 2,45,72,410 ~ 2 Crore+",Rs 0 ~
1030,6586,Parmar Rekhaben Rajendrasinh,https://myneta.info/Gujarat2022/candidate.php?candidate_id=6586,HALOL,IND,0,12th Pass,"Rs 36,37,400 ~ 36 Lacs+",Rs 0 ~
1031,5831,Parmar Sahid (Hedli),https://myneta.info/Gujarat2022/candidate.php?candidate_id=5831,DHORAJI,IND,0,8th Pass,"Rs 41,000 ~ 41 Thou+",Rs 0 ~
1032,6721,Parmar Saurabh Bharatbhai,https://myneta.info/Gujarat2022/candidate.php?candidate_id=6721,BAPUNAGAR,IND,0,10th Pass,"Rs 30,000 ~ 30 Thou+",Rs 0 ~
1033,6340,Parmar Sedhabhai Vaghabhai,https://myneta.info/Gujarat2022/candidate.php?candidate_id=6340,THARAD,IND,0,12th Pass,"Rs 9,95,380 ~ 9 Lacs+",Rs 0 ~
1034,5821,Parmar Shailesh Manubhai,https://myneta.info/Gujarat2022/candidate.php?candidate_id=5821,TANKARA,Vyavastha Parivartan Party,0,12th Pass,"Rs 1,75,500 ~ 1 Lacs+",Rs 0 ~
1035,6405,Parmar Vijaykumar Kodarbhai,https://myneta.info/Gujarat2022/candidate.php?candidate_id=6405,VISNAGAR,IND,0,5th Pass,https://myneta.info/image_v2.php?myneta_folder=Gujarat2022&candidate_id=6405&col=ta,https://myneta.info/image_v2.php?myneta_folder=Gujarat2022&candidate_id=6405&col=lia
1036,6707,Parmar Vijaykumar Vajubhai,https://myneta.info/Gujarat2022/candidate.php?candidate_id=6707,DHOLKA,IND,0,Post Graduate,"Rs 2,78,000 ~ 2 Lacs+","Rs 6,98,000 ~ 6 Lacs+"
1037,6724,Parmar Vipulbhai Mansukhbhai,https://myneta.info/Gujarat2022/candidate.php?candidate_id=6724,BAPUNAGAR,IND,0,10th Pass,"Rs 10,000 ~ 10 Thou+",Rs 0 ~
1038,5176,Parshottambhai O. Solanki,https://myneta.info/Gujarat2022/candidate.php?candidate_id=5176,BHAVNAGAR RURAL,BJP,3,Others,"Rs 53,52,08,999 ~ 53 Crore+","Rs 8,93,17,000 ~ 8 Crore+"
1039,6606,Parthiv Vijaykumar Dave,https://myneta.info/Gujarat2022/candidate.php?candidate_id=6606,VEJALPUR,Right to Recall Party,0,Post Graduate,"Rs 73,95,000 ~ 73 Lacs+","Rs 55,00,000 ~ 55 Lacs+"
1040,6133,Parvatbhai Akhamabhai Vagadiya,https://myneta.info/Gujarat2022/candidate.php?candidate_id=6133,SANTRAMPUR (ST),AAP,0,12th Pass,"Rs 5,50,000 ~ 5 Lacs+",Rs 0 ~
1041,6425,Patala Ashokbhai Sukhabhai,https://myneta.info/Gujarat2022/candidate.php?candidate_id=6425,MODASA,Insaniyat Party,0,8th Pass,"Rs 11,25,000 ~ 11 Lacs+","Rs 1,50,000 ~ 1 Lacs+"
1042,5915,Patel Aamin Abdul Ghafar,https://myneta.info/Gujarat2022/candidate.php?candidate_id=5915,LIMBAYAT,IND,0,8th Pass,"Rs 24,000 ~ 24 Thou+",Rs 0 ~
1043,5961,Patel Arvind Amrutlal (Bhuro),https://myneta.info/Gujarat2022/candidate.php?candidate_id=5961,UNJHA,INC,1,12th Pass,"Rs 12,01,952 ~ 12 Lacs+",Rs 0 ~
1044,6555,Patel Bhavikkumar Vajendrakumar,https://myneta.info/Gujarat2022/candidate.php?candidate_id=6555,MEHMEDABAD,IND,0,10th Pass,https://myneta.info/image_v2.php?myneta_folder=Gujarat2022&candidate_id=6555&col=ta,https://myneta.info/image_v2.php?myneta_folder=Gujarat2022&candidate_id=6555&col=lia
1045,6075,Patel Bhimsing Maganbhai,https://myneta.info/Gujarat2022/candidate.php?candidate_id=6075,DEVGADHBARIA,IND,1,Others,"Rs 1,31,34,831 ~ 1 Crore+","Rs 19,90,000 ~ 19 Lacs+"
1046,6393,Patel Dilipkumar,https://myneta.info/Gujarat2022/candidate.php?candidate_id=6393,SIDHPUR,IND,3,10th Pass,"Rs 7,60,000 ~ 7 Lacs+","Rs 1,00,000 ~ 1 Lacs+"
1047,6510,Patel Dipenkumar Niranjanbhai,https://myneta.info/Gujarat2022/candidate.php?candidate_id=6510,BORSAD,IND,0,Graduate,"Rs 7,00,000 ~ 7 Lacs+","Rs 5,00,000 ~ 5 Lacs+"
1048,6756,Patel Dishantbhai Dhanjibhai(Bhagat),https://myneta.info/Gujarat2022/candidate.php?candidate_id=6756,MAHESANA,AAP,1,Others,"Rs 2,88,67,255 ~ 2 Crore+",Rs 0 ~
1049,6279,Patel Harshadbhai Ranchhodbhai,https://myneta.info/Gujarat2022/candidate.php?candidate_id=6279,SABARMATI,BJP,0,Doctorate,"Rs 8,61,57,636 ~ 8 Crore+",Rs 0 ~
1050,6357,Patel Jayantibhai Sagthabhai,https://myneta.info/Gujarat2022/candidate.php?candidate_id=6357,DEESA,IND,0,10th Pass,"Rs 1,75,000 ~ 1 Lacs+",Rs 0 ~
1051,5817,Patel Jayantilal Jerajbhai,https://myneta.info/Gujarat2022/candidate.php?candidate_id=5817,MORBI,INC,0,Graduate,"Rs 23,19,76,432 ~ 23 Crore+","Rs 2,34,50,716 ~ 2 Crore+"
1052,6058,Patel Jayeshbhai Chimanbhai,https://myneta.info/Gujarat2022/candidate.php?candidate_id=6058,DABHOI,Bhartiya Tribal Party,0,12th Pass,"Rs 15,000 ~ 15 Thou+",Rs 0 ~
1053,6382,Patel Jayeshkumar Gordhanbhai,https://myneta.info/Gujarat2022/candidate.php?candidate_id=6382,PATAN,IND,2,10th Pass,https://myneta.info/image_v2.php?myneta_folder=Gujarat2022&candidate_id=6382&col=ta,https://myneta.info/image_v2.php?myneta_folder=Gujarat2022&candidate_id=6382&col=lia
1054,5188,Patel Kiritkumar Keshavlal (K K Patel),https://myneta.info/Gujarat2022/candidate.php?candidate_id=5188,UNJHA,BJP,0,Graduate Professional,"Rs 44,70,20,795 ~ 44 Crore+","Rs 14,60,00,592 ~ 14 Crore+"
1055,6502,Patel Krunalkumar Jasvantbhai,https://myneta.info/Gujarat2022/candidate.php?candidate_id=6502,KHAMBHAT,Rashtriya Hind Ekta Dal,0,10th Pass,"Rs 40,000 ~ 40 Thou+",Rs 0 ~
1056,6661,Patel Maheshkumar Somabhai,https://myneta.info/Gujarat2022/candidate.php?candidate_id=6661,AMRAIWADI,Pachchasi Parivartan Samaj Party,0,10th Pass,"Rs 48,00,000 ~ 48 Lacs+",Rs 0 ~
1057,6177,Patel Manishbhai Ramanbhai,https://myneta.info/Gujarat2022/candidate.php?candidate_id=6177,BORSAD,AAP,1,12th Pass,"Rs 40,55,000 ~ 40 Lacs+","Rs 10,89,000 ~ 10 Lacs+"
1058,6574,Patel Mayurkumar Jashavantlal,https://myneta.info/Gujarat2022/candidate.php?candidate_id=6574,GODHRA,IND,0,10th Pass,"Rs 1,60,000 ~ 1 Lacs+",Rs 0 ~
1059,5091,Patel Minhaj Yunusbhai,https://myneta.info/Gujarat2022/candidate.php?candidate_id=5091,SURAT EAST,IND,0,12th Pass,"Rs 59,220 ~ 59 Thou+",Rs 0 ~
1060,6640,Patel Mittal Kanubhai,https://myneta.info/Gujarat2022/candidate.php?candidate_id=6640,NARODA,Bhartiya Jan Parishad,0,Post Graduate,"Rs 5,70,000 ~ 5 Lacs+",Rs 0 ~
1061,4951,Patel Mukeshbhai Chandarbhai,https://myneta.info/Gujarat2022/candidate.php?candidate_id=4951,DANGS (ST),INC,0,Others,"Rs 97,17,340 ~ 97 Lacs+","Rs 7,05,891 ~ 7 Lacs+"
1062,6216,Patel Mukeshbhai Karshanbhai,https://myneta.info/Gujarat2022/candidate.php?candidate_id=6216,GANDHINAGAR NORTH,AAP,0,10th Pass,https://myneta.info/image_v2.php?myneta_folder=Gujarat2022&candidate_id=6216&col=ta,https://myneta.info/image_v2.php?myneta_folder=Gujarat2022&candidate_id=6216&col=lia
1063,5971,Patel Mukeshkumar D.,https://myneta.info/Gujarat2022/candidate.php?candidate_id=5971,MAHESANA,BJP,0,Graduate Professional,"Rs 11,64,34,230 ~ 11 Crore+","Rs 2,95,47,098 ~ 2 Crore+"
1064,6748,Patel Navghanbhai Mangabhai,https://myneta.info/Gujarat2022/candidate.php?candidate_id=6748,SANAND,IND,7,5th Pass,"Rs 2,07,50,000 ~ 2 Crore+",Rs 0 ~
1065,4943,Patel Navinkumar Shankarbhai,https://myneta.info/Gujarat2022/candidate.php?candidate_id=4943,PARDI,IND,0,Graduate Professional,"Rs 7,45,000 ~ 7 Lacs+",Rs 0 ~
1066,6623,Patel Nikhil Bhikhabhai,https://myneta.info/Gujarat2022/candidate.php?candidate_id=6623,VATVA,Bharatiya National Janta Dal,0,Others,"Rs 14,42,480 ~ 14 Lacs+",Rs 0 ~
1067,6371,Patel Pankajkumar Atmaram,https://myneta.info/Gujarat2022/candidate.php?candidate_id=6371,RADHANPUR,IND,0,10th Pass,"Rs 1,10,517 ~ 1 Lacs+",Rs 0 ~
1068,6426,Patel Pravinbhai Karsanbhai,https://myneta.info/Gujarat2022/candidate.php?candidate_id=6426,MODASA,Rashtriya Jankranti Party,0,8th Pass,"Rs 20,500 ~ 20 Thou+",Rs 0 ~
1069,5716,Patel Raghavjibhai Hansrajbhai,https://myneta.info/Gujarat2022/candidate.php?candidate_id=5716,JAMNAGAR RURAL,BJP,1,Graduate Professional,"Rs 3,99,80,419 ~ 3 Crore+","Rs 25,28,068 ~ 25 Lacs+"
1070,6467,Patel Rajnikant Ambalal (Bachukaka),https://myneta.info/Gujarat2022/candidate.php?candidate_id=6467,KALOL-GANDHINAGAR,IND,0,8th Pass,"Rs 7,36,43,500 ~ 7 Crore+","Rs 3,00,000 ~ 3 Lacs+"
1071,6224,Patel Rameshbhai Balabhai,https://myneta.info/Gujarat2022/candidate.php?candidate_id=6224,SANAND,INC,0,12th Pass,https://myneta.info/image_v2.php?myneta_folder=Gujarat2022&candidate_id=6224&col=ta,https://myneta.info/image_v2.php?myneta_folder=Gujarat2022&candidate_id=6224&col=lia
1072,6503,Patel Ronitkumar Ashokbhai,https://myneta.info/Gujarat2022/candidate.php?candidate_id=6503,KHAMBHAT,Pachchasi Parivartan Samaj Party,0,12th Pass,"Rs 2,17,000 ~ 2 Lacs+",Rs 0 ~
1073,6033,Patel Sanjaybhai Ishwarbhai Sp(Sanjay Patel),https://myneta.info/Gujarat2022/candidate.php?candidate_id=6033,RAOPURA,INC,0,Graduate,"Rs 12,47,83,520 ~ 12 Crore+",Rs 0 ~
1074,5599,Patel Sanjaybhai Jadavbhai,https://myneta.info/Gujarat2022/candidate.php?candidate_id=5599,BOTAD,IND,0,12th Pass,"Rs 1,55,36,500 ~ 1 Crore+","Rs 2,80,000 ~ 2 Lacs+"
1075,5498,Patel Sarfaraj Abdulla,https://myneta.info/Gujarat2022/candidate.php?candidate_id=5498,OLPAD,IND,0,Others,"Rs 10,87,332 ~ 10 Lacs+","Rs 3,40,000 ~ 3 Lacs+"
1076,6641,Patel Satyamkumar K,https://myneta.info/Gujarat2022/candidate.php?candidate_id=6641,NARODA,Sardar Vallabhbhai Patel Party,0,12th Pass,Nil,Rs 0 ~
1077,6404,Patel Upendrakumar Shankarlal,https://myneta.info/Gujarat2022/candidate.php?candidate_id=6404,VISNAGAR,IND,0,10th Pass,"Rs 4,17,000 ~ 4 Lacs+",Rs 0 ~
1078,6163,Patel Vipulkumar Vinubhai,https://myneta.info/Gujarat2022/candidate.php?candidate_id=6163,SOJITRA,BJP,0,12th Pass,"Rs 2,30,44,667 ~ 2 Crore+",Rs 0 ~
1079,6706,Patel Yogeshkumar Nabhubhai,https://myneta.info/Gujarat2022/candidate.php?candidate_id=6706,DHOLKA,IND,0,8th Pass,"Rs 1,84,64,600 ~ 1 Crore+",Rs 0 ~
1080,4963,Pathan Badshahkhan Altafkhan,https://myneta.info/Gujarat2022/candidate.php?candidate_id=4963,UDHNA,Bharatiya Bahujan Congress,0,12th Pass,https://myneta.info/image_v2.php?myneta_folder=Gujarat2022&candidate_id=4963&col=ta,https://myneta.info/image_v2.php?myneta_folder=Gujarat2022&candidate_id=4963&col=lia
1081,5990,Pathan Bashirkhan,https://myneta.info/Gujarat2022/candidate.php?candidate_id=5990,LIMBAYAT,IND,0,5th Pass,"Rs 29,000 ~ 29 Thou+",Rs 0 ~
1082,6722,Pathan Emtiazkhan Sidkhan,https://myneta.info/Gujarat2022/candidate.php?candidate_id=6722,BAPUNAGAR,JD(U),0,8th Pass,"Rs 96,000 ~ 96 Thou+",Rs 0 ~
1083,6453,Pathan Mohammad Izharkhan Aldadkhan,https://myneta.info/Gujarat2022/candidate.php?candidate_id=6453,GANDHINAGAR NORTH,IND,0,10th Pass,"Rs 50,000 ~ 50 Thou+",Rs 0 ~
1084,6538,Pathan Riyajkhan Akbarkhan,https://myneta.info/Gujarat2022/candidate.php?candidate_id=6538,PETLAD,IND,3,Literate,"Rs 1,17,000 ~ 1 Lacs+",Rs 0 ~
1085,5467,Pathan Riyazkhan Abdulkhan,https://myneta.info/Gujarat2022/candidate.php?candidate_id=5467,SURAT EAST,IND,0,8th Pass,"Rs 1,28,500 ~ 1 Lacs+",Rs 0 ~
1086,6470,Pathan Usmangani Mahmdkhan,https://myneta.info/Gujarat2022/candidate.php?candidate_id=6470,HIMATNAGAR,IND,0,5th Pass,"Rs 6,42,500 ~ 6 Lacs+",Rs 0 ~
1087,4940,Patkar Ramanlal Nanubhai,https://myneta.info/Gujarat2022/candidate.php?candidate_id=4940,UMBERGAON (ST),BJP,0,8th Pass,"Rs 3,28,66,468 ~ 3 Crore+","Rs 15,00,000 ~ 15 Lacs+"
1088,6452,Patni Mahendrabhai Somabhai,https://myneta.info/Gujarat2022/candidate.php?candidate_id=6452,GANDHINAGAR NORTH,IND,0,5th Pass,Nil,Rs 0 ~
1089,5757,Pattani Chandrakant Mohanlal,https://myneta.info/Gujarat2022/candidate.php?candidate_id=5757,JAMNAGAR SOUTH,IND,1,10th Pass,https://myneta.info/image_v2.php?myneta_folder=Gujarat2022&candidate_id=5757&col=ta,https://myneta.info/image_v2.php?myneta_folder=Gujarat2022&candidate_id=5757&col=lia
1090,5509,Payal Bhavin Patel,https://myneta.info/Gujarat2022/candidate.php?candidate_id=5509,DHARI,JD(S),0,Others,"Rs 95,48,500 ~ 95 Lacs+",Rs 0 ~
1091,4904,Piyush Parmar,https://myneta.info/Gujarat2022/candidate.php?candidate_id=4904,MANGROL,AAP,3,Graduate,"Rs 85,22,178 ~ 85 Lacs+","Rs 31,15,341 ~ 31 Lacs+"
1092,6020,Piyush Patel,https://myneta.info/Gujarat2022/candidate.php?candidate_id=6020,MANJALPUR,IND,1,8th Pass,"Rs 9,57,212 ~ 9 Lacs+",Rs 0 ~
1093,5377,Piyushkumar Kantilal Patel,https://myneta.info/Gujarat2022/candidate.php?candidate_id=5377,BANSDA (ST),BJP,0,Post Graduate,"Rs 1,64,46,679 ~ 1 Crore+","Rs 44,86,205 ~ 44 Lacs+"
1094,6161,Poonambhai Madhabhai Parmar,https://myneta.info/Gujarat2022/candidate.php?candidate_id=6161,SOJITRA,INC,1,10th Pass,"Rs 2,04,56,650 ~ 2 Crore+","Rs 19,12,531 ~ 19 Lacs+"
1095,4927,Prabhat Govind Solanki,https://myneta.info/Gujarat2022/candidate.php?candidate_id=4927,DHORAJI,BSP,0,8th Pass,"Rs 2,10,000 ~ 2 Lacs+","Rs 40,000 ~ 40 Thou+"
1096,6113,Prabhatsinh Pratapsinh Chauhan,https://myneta.info/Gujarat2022/candidate.php?candidate_id=6113,KALOL-PANCHMAHALS,INC,0,10th Pass,"Rs 69,10,000 ~ 69 Lacs+","Rs 10,00,000 ~ 10 Lacs+"
1097,6132,Prabhubhai Jagjivan Ganasva,https://myneta.info/Gujarat2022/candidate.php?candidate_id=6132,SANTRAMPUR (ST),Gujarat Nav Nirman Sena,0,8th Pass,"Rs 2,50,000 ~ 2 Lacs+",Rs 0 ~
1098,5392,Pradipkumar,https://myneta.info/Gujarat2022/candidate.php?candidate_id=5392,JALALPORE,AAP,1,Post Graduate,https://myneta.info/image_v2.php?myneta_folder=Gujarat2022&candidate_id=5392&col=ta,https://myneta.info/image_v2.php?myneta_folder=Gujarat2022&candidate_id=5392&col=lia
1099,5221,Pradyuman Ganubhai Vaja,https://myneta.info/Gujarat2022/candidate.php?candidate_id=5221,KODINAR (SC),BJP,0,Post Graduate,"Rs 5,63,35,891 ~ 5 Crore+",Rs 0 ~
1100,5483,Praful Pansheriya,https://myneta.info/Gujarat2022/candidate.php?candidate_id=5483,KAMREJ,BJP,0,Graduate,"Rs 19,69,75,964 ~ 19 Crore+","Rs 2,10,66,008 ~ 2 Crore+"
1101,5851,Prafulaben R. Shiyaliya,https://myneta.info/Gujarat2022/candidate.php?candidate_id=5851,RAJKOT WEST,Log Party,0,5th Pass,"Rs 2,80,000 ~ 2 Lacs+",Rs 0 ~
1102,5163,Prafulbhai Togadiya (Papanbhai),https://myneta.info/Gujarat2022/candidate.php?candidate_id=5163,VARACHHA ROAD,INC,0,5th Pass,"Rs 1,20,95,170 ~ 1 Crore+","Rs 13,37,520 ~ 13 Lacs+"
1103,6726,Prahladbhai Shakrabhai Parmar,https://myneta.info/Gujarat2022/candidate.php?candidate_id=6726,BAPUNAGAR,IND,0,5th Pass,"Rs 15,31,000 ~ 15 Lacs+",Rs 0 ~
1104,6400,Prajapati Jagdish Kumar Bhikhabhai,https://myneta.info/Gujarat2022/candidate.php?candidate_id=6400,VISNAGAR,Bhartiya Jan Parishad,0,12th Pass,"Rs 33,40,000 ~ 33 Lacs+",Rs 0 ~
1105,6468,Prajapati Kanaiyalal Keshavlal (Kanubhai),https://myneta.info/Gujarat2022/candidate.php?candidate_id=6468,KALOL-GANDHINAGAR,IND,0,Graduate,"Rs 2,48,000 ~ 2 Lacs+",Rs 0 ~
1106,6644,Prajapati Nitaben Mukeshkumar,https://myneta.info/Gujarat2022/candidate.php?candidate_id=6644,NARODA,Garvi Gujarat Party,0,8th Pass,"Rs 2,77,000 ~ 2 Lacs+",Rs 0 ~
1107,5166,Prajapati Roshanlal Pyarelal,https://myneta.info/Gujarat2022/candidate.php?candidate_id=5166,CHORYASI,National Maha Sabha Party,0,5th Pass,https://myneta.info/image_v2.php?myneta_folder=Gujarat2022&candidate_id=5166&col=ta,https://myneta.info/image_v2.php?myneta_folder=Gujarat2022&candidate_id=5166&col=lia
1108,6747,Prajapati Vijaykumar Amrutbhai,https://myneta.info/Gujarat2022/candidate.php?candidate_id=6747,SANAND,Garvi Gujarat Party,0,8th Pass,"Rs 1,30,000 ~ 1 Lacs+",Rs 0 ~
1109,5718,Prakash Dhirubhai Donga,https://myneta.info/Gujarat2022/candidate.php?candidate_id=5718,JAMNAGAR RURAL,AAP,0,Graduate Professional,"Rs 4,46,76,186 ~ 4 Crore+","Rs 1,86,82,596 ~ 1 Crore+"
1110,5039,Prakashbhai Madhavjibhai Jungi,https://myneta.info/Gujarat2022/candidate.php?candidate_id=5039,KUTIYANA,IND,0,8th Pass,"Rs 16,70,000 ~ 16 Lacs+",Rs 0 ~
1111,6335,Prakashbhai Manjibhai Daraji,https://myneta.info/Gujarat2022/candidate.php?candidate_id=6335,THARAD,Sardar Vallabhbhai Patel Party,0,Literate,"Rs 6,67,000 ~ 6 Lacs+","Rs 1,48,500 ~ 1 Lacs+"
1112,5238,Prakashbhai Parsotambhai Varmora,https://myneta.info/Gujarat2022/candidate.php?candidate_id=5238,DHRANGADHRA,BJP,0,10th Pass,"Rs 31,35,58,116 ~ 31 Crore+","Rs 7,90,85,542 ~ 7 Crore+"
1113,6296,Prakashbhai Revabhai Solanki,https://myneta.info/Gujarat2022/candidate.php?candidate_id=6296,DHANERA,BSP,0,Graduate Professional,"Rs 1,13,220 ~ 1 Lacs+","Rs 3,60,000 ~ 3 Lacs+"
1114,6026,Prakashbhai Somabhai Patel,https://myneta.info/Gujarat2022/candidate.php?candidate_id=6026,MANJALPUR,Rashtriya Samaj Paksha,0,10th Pass,"Rs 3,54,91,819 ~ 3 Crore+","Rs 1,62,76,811 ~ 1 Crore+"
1115,5034,Prakashbhai Vallabhdas Unadkat,https://myneta.info/Gujarat2022/candidate.php?candidate_id=5034,PORBANDAR,IND,0,10th Pass,"Rs 3,53,000 ~ 3 Lacs+",Rs 0 ~
1116,4958,Prakashbhai Vinodbhai Contractor,https://myneta.info/Gujarat2022/candidate.php?candidate_id=4958,CHORYASI,AAP,1,Graduate,https://myneta.info/image_v2.php?myneta_folder=Gujarat2022&candidate_id=4958&col=ta,https://myneta.info/image_v2.php?myneta_folder=Gujarat2022&candidate_id=4958&col=lia
1117,6643,Prakashsingh Sundersingh Rajput,https://myneta.info/Gujarat2022/candidate.php?candidate_id=6643,NARODA,Jan Man Party,1,Post Graduate,"Rs 16,45,000 ~ 16 Lacs+",Rs 0 ~
1118,6153,Pramodbhai Somabhai Chauhan,https://myneta.info/Gujarat2022/candidate.php?candidate_id=6153,MEHMEDABAD,AAP,0,Graduate,"Rs 95,86,000 ~ 95 Lacs+","Rs 4,20,000 ~ 4 Lacs+"
1119,5850,Prashant Chimanbhai Maru,https://myneta.info/Gujarat2022/candidate.php?candidate_id=5850,RAJKOT WEST,IND,1,8th Pass,"Rs 2,03,600 ~ 2 Lacs+","Rs 40,000 ~ 40 Thou+"
1120,5052,Pratap Dudhat,https://myneta.info/Gujarat2022/candidate.php?candidate_id=5052,SAVARKUNDLA,INC,0,10th Pass,"Rs 18,93,20,699 ~ 18 Crore+","Rs 7,53,69,504 ~ 7 Crore+"
1121,6384,Pratapji Punjaji Thakor,https://myneta.info/Gujarat2022/candidate.php?candidate_id=6384,PATAN,IND,0,8th Pass,"Rs 3,07,000 ~ 3 Lacs+","Rs 1,00,000 ~ 1 Lacs+"
1122,5346,Pravin Narashibhai Musadiya,https://myneta.info/Gujarat2022/candidate.php?candidate_id=5346,KALAVAD (SC),INC,0,Graduate Professional,"Rs 49,23,000 ~ 49 Lacs+","Rs 2,27,902 ~ 2 Lacs+"
1123,6385,Pravinbhai Dahyalal Jadav,https://myneta.info/Gujarat2022/candidate.php?candidate_id=6385,PATAN,IND,0,12th Pass,"Rs 10,000 ~ 10 Thou+",Rs 0 ~
1124,5189,Pravinbhai Ganpatbhai Parmar,https://myneta.info/Gujarat2022/candidate.php?candidate_id=5189,KADI (SC),INC,1,Graduate Professional,"Rs 7,97,49,580 ~ 7 Crore+","Rs 33,86,627 ~ 33 Lacs+"
1125,5447,Pravinbhai Manjibhai Ghoghari,https://myneta.info/Gujarat2022/candidate.php?candidate_id=5447,KARANJ,BJP,1,12th Pass,https://myneta.info/image_v2.php?myneta_folder=Gujarat2022&candidate_id=5447&col=ta,https://myneta.info/image_v2.php?myneta_folder=Gujarat2022&candidate_id=5447&col=lia
1126,5010,Pravinbhai Meghajibhai Dengada,https://myneta.info/Gujarat2022/candidate.php?candidate_id=5010,RAJKOT SOUTH,IND,4,Illiterate,"Rs 62,000 ~ 62 Thou+",Rs 0 ~
1127,4932,Pravinbhai Vallabhbhai Patel,https://myneta.info/Gujarat2022/candidate.php?candidate_id=4932,JAMJODHPUR,IND,0,5th Pass,"Rs 11,20,000 ~ 11 Lacs+",Rs 0 ~
1128,5362,Pravinkumar Bholaprasad Singh,https://myneta.info/Gujarat2022/candidate.php?candidate_id=5362,PARDI,IND,0,10th Pass,"Rs 68,85,000 ~ 68 Lacs+","Rs 3,00,000 ~ 3 Lacs+"
1129,5938,Pravinkumar Gordhanji Mali,https://myneta.info/Gujarat2022/candidate.php?candidate_id=5938,DEESA,BJP,0,Graduate,"Rs 5,61,39,365 ~ 5 Crore+","Rs 11,56,899 ~ 11 Lacs+"
1130,6557,Pravinsinh Ratansinh Chauhan,https://myneta.info/Gujarat2022/candidate.php?candidate_id=6557,MEHMEDABAD,IND,0,8th Pass,"Rs 2,50,45,120 ~ 2 Crore+","Rs 21,75,000 ~ 21 Lacs+"
1131,6386,Prhladji Pradhanji Thakor,https://myneta.info/Gujarat2022/candidate.php?candidate_id=6386,PATAN,IND,1,12th Pass,"Rs 17,50,000 ~ 17 Lacs+",Rs 0 ~
1132,6005,Priteshkumar Janakbhai Patel (Pintu Patel Vemardi),https://myneta.info/Gujarat2022/candidate.php?candidate_id=6005,KARJAN,INC,0,Others,"Rs 3,47,39,638 ~ 3 Crore+","Rs 2,00,000 ~ 2 Lacs+"
1133,5981,Prof. Arjun Rathva,https://myneta.info/Gujarat2022/candidate.php?candidate_id=5981,CHHOTA UDAIPUR (ST),AAP,1,Post Graduate,"Rs 60,10,100 ~ 60 Lacs+","Rs 13,80,651 ~ 13 Lacs+"
1134,6198,Professor Rajendrasinh Himmatsinh Parmar,https://myneta.info/Gujarat2022/candidate.php?candidate_id=6198,MODASA,AAP,0,Doctorate,https://myneta.info/image_v2.php?myneta_folder=Gujarat2022&candidate_id=6198&col=ta,https://myneta.info/image_v2.php?myneta_folder=Gujarat2022&candidate_id=6198&col=lia
1135,6060,Pruthvisinh Ranvirsinh Gohil (Bapu),https://myneta.info/Gujarat2022/candidate.php?candidate_id=6060,DABHOI,Rashtriya Samaj Paksha,0,12th Pass,"Rs 1,65,87,694 ~ 1 Crore+","Rs 45,00,000 ~ 45 Lacs+"
1136,6629,Pujabhai Virabhai Salat,https://myneta.info/Gujarat2022/candidate.php?candidate_id=6629,NARANPURA,Bhartiya Jan Parishad,0,Graduate,"Rs 30,000 ~ 30 Thou+",Rs 0 ~
1137,6309,Pujamiya Fakirmiya Malek,https://myneta.info/Gujarat2022/candidate.php?candidate_id=6309,MAHUDHA,IND,0,Graduate,"Rs 34,00,000 ~ 34 Lacs+","Rs 4,72,000 ~ 4 Lacs+"
1138,6556,Punambhai Mohanbhai Chauhan,https://myneta.info/Gujarat2022/candidate.php?candidate_id=6556,MEHMEDABAD,IND,0,Post Graduate,"Rs 60,000 ~ 60 Thou+","Rs 3,00,000 ~ 3 Lacs+"
1139,6583,Punamchand Madabhai Harijan,https://myneta.info/Gujarat2022/candidate.php?candidate_id=6583,KALOL-PANCHMAHALS,IND,0,Graduate,"Rs 11,000 ~ 11 Thou+",Rs 0 ~
1140,4960,Purnesh Modi,https://myneta.info/Gujarat2022/candidate.php?candidate_id=4960,SURAT WEST,BJP,0,Graduate Professional,"Rs 1,98,38,118 ~ 1 Crore+","Rs 34,01,428 ~ 34 Lacs+"
1141,6569,Pushpa Vikramsinh Malivad,https://myneta.info/Gujarat2022/candidate.php?candidate_id=6569,LUNAWADA,IND,0,Graduate,"Rs 79,15,343 ~ 79 Lacs+","Rs 5,29,818 ~ 5 Lacs+"
1142,5158,Puspaben Kamleshbhai Parmar,https://myneta.info/Gujarat2022/candidate.php?candidate_id=5158,RAJULA,IND,0,5th Pass,"Rs 2,04,280 ~ 2 Lacs+",Rs 0 ~
1143,5121,Pyarelal Bharti,https://myneta.info/Gujarat2022/candidate.php?candidate_id=5121,VARACHHA ROAD,BSP,0,10th Pass,https://myneta.info/image_v2.php?myneta_folder=Gujarat2022&candidate_id=5121&col=ta,https://myneta.info/image_v2.php?myneta_folder=Gujarat2022&candidate_id=5121&col=lia
1144,5312,R.B.Vaghela,https://myneta.info/Gujarat2022/candidate.php?candidate_id=5312,DASADA (SC),IND,0,Others,"Rs 15,36,000 ~ 15 Lacs+","Rs 6,25,000 ~ 6 Lacs+"
1145,5390,R.C.Patel,https://myneta.info/Gujarat2022/candidate.php?candidate_id=5390,JALALPORE,BJP,0,10th Pass,"Rs 3,44,88,225 ~ 3 Crore+","Rs 78,56,310 ~ 78 Lacs+"
1146,5129,Rabari Motibhai Varshibhai,https://myneta.info/Gujarat2022/candidate.php?candidate_id=5129,CHORYASI,Rashtriya Samaj Paksha,0,5th Pass,"Rs 14,94,856 ~ 14 Lacs+","Rs 5,58,176 ~ 5 Lacs+"
1147,6396,Rabari Rameshbhai Sukhabhai,https://myneta.info/Gujarat2022/candidate.php?candidate_id=6396,UNJHA,Garvi Gujarat Party,0,12th Pass,"Rs 3,39,491 ~ 3 Lacs+","Rs 2,32,269 ~ 2 Lacs+"
1148,6652,Radhna Vinaysinh,https://myneta.info/Gujarat2022/candidate.php?candidate_id=6652,THAKKARBAPA NAGAR,Sardar Vallabhbhai Patel Party,0,12th Pass,"Rs 10,000 ~ 10 Thou+",Rs 0 ~
1149,5690,Rafai Mahmadsha Ikbalsha,https://myneta.info/Gujarat2022/candidate.php?candidate_id=5690,TALALA,IND,0,8th Pass,"Rs 2,50,000 ~ 2 Lacs+",Rs 0 ~
1150,6551,Rafikbhai Faridbhai Chhipa,https://myneta.info/Gujarat2022/candidate.php?candidate_id=6551,NADIAD,IND,0,5th Pass,"Rs 1,19,500 ~ 1 Lacs+",Rs 0 ~
1151,6562,Rafiq Ahmedkhan,https://myneta.info/Gujarat2022/candidate.php?candidate_id=6562,THASRA,IND,0,10th Pass,"Rs 76,21,800 ~ 76 Lacs+","Rs 3,00,000 ~ 3 Lacs+"
1152,5953,Raghubhai Merajbhai Desai,https://myneta.info/Gujarat2022/candidate.php?candidate_id=5953,RADHANPUR,INC,0,Graduate,https://myneta.info/image_v2.php?myneta_folder=Gujarat2022&candidate_id=5953&col=ta,https://myneta.info/image_v2.php?myneta_folder=Gujarat2022&candidate_id=5953&col=lia
1153,5005,Rahul Bhuva,https://myneta.info/Gujarat2022/candidate.php?candidate_id=5005,RAJKOT EAST,AAP,1,Post Graduate,"Rs 24,18,086 ~ 24 Lacs+",Rs 0 ~
1154,5846,Rahul Chavda,https://myneta.info/Gujarat2022/candidate.php?candidate_id=5846,RAJKOT RURAL (SC),BSP,0,8th Pass,"Rs 25,000 ~ 25 Thou+","Rs 62,000 ~ 62 Thou+"
1155,6602,Rahul Chimanbhai Mehta,https://myneta.info/Gujarat2022/candidate.php?candidate_id=6602,GHATLODIA,Right to Recall Party,0,Post Graduate,"Rs 5,16,00,000 ~ 5 Crore+",Rs 0 ~
1156,6457,Rahul Ramaaniwas Mishra,https://myneta.info/Gujarat2022/candidate.php?candidate_id=6457,MANSA,National Youth Party,0,Graduate Professional,"Rs 32,44,428 ~ 32 Lacs+","Rs 23,10,000 ~ 23 Lacs+"
1157,5316,Rahulbhai Madhabhai Zarmariya,https://myneta.info/Gujarat2022/candidate.php?candidate_id=5316,LIMBDI,IND,0,10th Pass,"Rs 1,06,000 ~ 1 Lacs+",Rs 0 ~
1158,4895,Rahulbhai Viththalbhai Raval,https://myneta.info/Gujarat2022/candidate.php?candidate_id=4895,GARIADHAR,IND,0,10th Pass,"Rs 26,959 ~ 26 Thou+",Rs 0 ~
1159,6431,Rahulkumar Kacharabhai Solanki,https://myneta.info/Gujarat2022/candidate.php?candidate_id=6431,MODASA,IND,0,Graduate,"Rs 31,10,169 ~ 31 Lacs+","Rs 4,43,513 ~ 4 Lacs+"
1160,6315,Raj Ajitsinh Chandrasinh,https://myneta.info/Gujarat2022/candidate.php?candidate_id=6315,ANKLAV,IND,0,Graduate,"Rs 87,500 ~ 87 Thou+",Rs 0 ~
1161,5196,Raj Prajapati,https://myneta.info/Gujarat2022/candidate.php?candidate_id=5196,GANDHINAGAR NORTH,IND,0,12th Pass,https://myneta.info/image_v2.php?myneta_folder=Gujarat2022&candidate_id=5196&col=ta,https://myneta.info/image_v2.php?myneta_folder=Gujarat2022&candidate_id=5196&col=lia
1162,6313,Raj Yusufbhai Abhesang (Garasiya),https://myneta.info/Gujarat2022/candidate.php?candidate_id=6313,ANKLAV,Rashtriya Hind Ekta Dal,0,8th Pass,"Rs 23,73,000 ~ 23 Lacs+",Rs 0 ~
1163,5588,Rajenbhai Shankarbhai Solanki,https://myneta.info/Gujarat2022/candidate.php?candidate_id=5588,BHAVNAGAR WEST,AAP,0,12th Pass,"Rs 20,40,191 ~ 20 Lacs+","Rs 1,00,000 ~ 1 Lacs+"
1164,6231,Rajendra Patel (Rajubhai Makaraba),https://myneta.info/Gujarat2022/candidate.php?candidate_id=6231,VEJALPUR,INC,2,Others,"Rs 46,75,03,284 ~ 46 Crore+",Rs 0 ~
1165,6445,Rajendra Sureshbhai Parmar,https://myneta.info/Gujarat2022/candidate.php?candidate_id=6445,GANDHINAGAR SOUTH,Bhartiya Jan Parishad,0,8th Pass,"Rs 25,40,000 ~ 25 Lacs+",Rs 0 ~
1166,6681,Rajendrakumar Patel,https://myneta.info/Gujarat2022/candidate.php?candidate_id=6681,MANINAGAR,Jan Sewa Driver Party,0,Graduate,"Rs 2,06,11,313 ~ 2 Crore+","Rs 7,40,012 ~ 7 Lacs+"
1167,4954,Rajendraprasad Solanki Alias Raju Morthana,https://myneta.info/Gujarat2022/candidate.php?candidate_id=4954,BARDOLI (SC),AAP,0,Others,"Rs 1,73,69,741 ~ 1 Crore+","Rs 11,74,098 ~ 11 Lacs+"
1168,5267,Rajendrasinh A. Jadeja,https://myneta.info/Gujarat2022/candidate.php?candidate_id=5267,MANDVI,INC,0,12th Pass,"Rs 3,83,46,602 ~ 3 Crore+","Rs 1,19,11,533 ~ 1 Crore+"
1169,5980,Rajendrasinh Mohansinh Rathva,https://myneta.info/Gujarat2022/candidate.php?candidate_id=5980,CHHOTA UDAIPUR (ST),BJP,0,12th Pass,"Rs 4,88,53,609 ~ 4 Crore+","Rs 18,70,887 ~ 18 Lacs+"
1170,5225,Rajesh Dalal,https://myneta.info/Gujarat2022/candidate.php?candidate_id=5225,LIMBDI,Garvi Gujarat Party,1,10th Pass,https://myneta.info/image_v2.php?myneta_folder=Gujarat2022&candidate_id=5225&col=ta,https://myneta.info/image_v2.php?myneta_folder=Gujarat2022&candidate_id=5225&col=lia
1171,5661,Rajesh Gaurishankar Pandya,https://myneta.info/Gujarat2022/candidate.php?candidate_id=5661,PORBANDAR,Right to Recall Party,0,10th Pass,"Rs 9,37,448 ~ 9 Lacs+","Rs 4,30,000 ~ 4 Lacs+"
1172,4985,Rajesh Kesara Pindoria,https://myneta.info/Gujarat2022/candidate.php?candidate_id=4985,BHUJ,AAP,0,12th Pass,"Rs 53,84,870 ~ 53 Lacs+","Rs 9,64,669 ~ 9 Lacs+"
1173,4891,Rajesh Samsuddin Gilani,https://myneta.info/Gujarat2022/candidate.php?candidate_id=4891,RAJKOT EAST,IND,0,5th Pass,"Rs 9,37,28,592 ~ 9 Crore+","Rs 4,80,00,000 ~ 4 Crore+"
1174,5297,Rajeshbhai Babubhai Dudasna,https://myneta.info/Gujarat2022/candidate.php?candidate_id=5297,RAPAR,IND,0,12th Pass,"Rs 2,60,000 ~ 2 Lacs+",Rs 0 ~
1175,6039,Rajeshbhai Bhikhabhai Mali,https://myneta.info/Gujarat2022/candidate.php?candidate_id=6039,AKOTA,Gujarat Nav Nirman Sena,0,12th Pass,"Rs 7,99,000 ~ 7 Lacs+",Rs 0 ~
1176,6546,Rajeshbhai Dashrathbhai Raval,https://myneta.info/Gujarat2022/candidate.php?candidate_id=6546,MATAR,IND,0,8th Pass,"Rs 15,000 ~ 15 Thou+",Rs 0 ~
1177,6260,Rajeshbhai Dixit,https://myneta.info/Gujarat2022/candidate.php?candidate_id=6260,BAPUNAGAR,AAP,0,10th Pass,"Rs 1,40,25,219 ~ 1 Crore+","Rs 15,03,000 ~ 15 Lacs+"
1178,5037,Rajeshbhai Laxmidas Madlani,https://myneta.info/Gujarat2022/candidate.php?candidate_id=5037,KUTIYANA,IND,0,8th Pass,"Rs 2,20,000 ~ 2 Lacs+",Rs 0 ~
1179,5367,Rajeshbhai Mangubhai Patel,https://myneta.info/Gujarat2022/candidate.php?candidate_id=5367,VALSAD,AAP,3,5th Pass,https://myneta.info/image_v2.php?myneta_folder=Gujarat2022&candidate_id=5367&col=ta,https://myneta.info/image_v2.php?myneta_folder=Gujarat2022&candidate_id=5367&col=lia
1180,5531,Rajeshbhai Natubhai Joshi,https://myneta.info/Gujarat2022/candidate.php?candidate_id=5531,RAJULA,IND,0,10th Pass,"Rs 10,44,000 ~ 10 Lacs+",Rs 0 ~
1181,5904,Rajeshbhai Polabhai Parmar,https://myneta.info/Gujarat2022/candidate.php?candidate_id=5904,GADHADA (SC),Bhartiya Tribal Party,0,Literate,"Rs 70,80,000 ~ 70 Lacs+","Rs 1,40,000 ~ 1 Lacs+"
1182,6121,Rajeshbhai Somabhai Patel,https://myneta.info/Gujarat2022/candidate.php?candidate_id=6121,GODHRA,AAP,0,Graduate,"Rs 14,77,944 ~ 14 Lacs+","Rs 3,59,000 ~ 3 Lacs+"
1183,5363,Rajeshbhai Thakorbhai Gohil,https://myneta.info/Gujarat2022/candidate.php?candidate_id=5363,VALSAD,Bharatiya Republican Paksha,0,8th Pass,"Rs 5,06,000 ~ 5 Lacs+",Rs 0 ~
1184,6212,Rajeshkumar Mangabhai Parmar,https://myneta.info/Gujarat2022/candidate.php?candidate_id=6212,GANDHINAGAR SOUTH,BSP,0,8th Pass,"Rs 35,09,710 ~ 35 Lacs+","Rs 2,00,000 ~ 2 Lacs+"
1185,5956,Rajput Mahendrasinh Dalpatsinh,https://myneta.info/Gujarat2022/candidate.php?candidate_id=5956,SIDHPUR,AAP,0,Graduate,"Rs 67,572 ~ 67 Thou+","Rs 4,35,517 ~ 4 Lacs+"
1186,5098,Rajubhai Arjanbhai Sarvaiya,https://myneta.info/Gujarat2022/candidate.php?candidate_id=5098,JETPUR,SP,1,10th Pass,"Rs 88,79,272 ~ 88 Lacs+","Rs 20,15,963 ~ 20 Lacs+"
1187,5420,Rajubhai Lakhabhai Sarakar,https://myneta.info/Gujarat2022/candidate.php?candidate_id=5420,KATARGAM,IND,0,Literate,"Rs 19,68,200 ~ 19 Lacs+","Rs 7,00,000 ~ 7 Lacs+"
1188,6448,Rajveer,https://myneta.info/Gujarat2022/candidate.php?candidate_id=6448,GANDHINAGAR SOUTH,IND,1,12th Pass,https://myneta.info/image_v2.php?myneta_folder=Gujarat2022&candidate_id=6448&col=ta,https://myneta.info/image_v2.php?myneta_folder=Gujarat2022&candidate_id=6448&col=lia
1189,6053,Rajwadi Ankitbhai,https://myneta.info/Gujarat2022/candidate.php?candidate_id=6053,VADODARA CITY (SC),IND,0,Graduate,"Rs 4,51,000 ~ 4 Lacs+","Rs 1,39,000 ~ 1 Lacs+"
1190,6734,Rakesh Kanubhai Mahida,https://myneta.info/Gujarat2022/candidate.php?candidate_id=6734,BAPUNAGAR,IND,0,10th Pass,"Rs 16,000 ~ 16 Thou+",Rs 0 ~
1191,5013,Rakesh Patel,https://myneta.info/Gujarat2022/candidate.php?candidate_id=5013,RAJKOT SOUTH,IND,0,10th Pass,"Rs 13,16,139 ~ 13 Lacs+",Rs 0 ~
1192,6618,Rakesh Ramdev Yadav,https://myneta.info/Gujarat2022/candidate.php?candidate_id=6618,VATVA,SP,0,8th Pass,"Rs 10,76,570 ~ 10 Lacs+","Rs 68,086 ~ 68 Thou+"
1193,5402,Rakeshbhai Sureshbhai Gamit,https://myneta.info/Gujarat2022/candidate.php?candidate_id=5402,VYARA (ST),BSP,0,8th Pass,"Rs 1,000 ~ 1 Thou+",Rs 0 ~
1194,5085,Ram Dhaduk,https://myneta.info/Gujarat2022/candidate.php?candidate_id=5085,KAMREJ,AAP,4,Graduate Professional,"Rs 1,64,38,277 ~ 1 Crore+","Rs 45,14,601 ~ 45 Lacs+"
1195,4901,Ram Murat Maurya (Comrade),https://myneta.info/Gujarat2022/candidate.php?candidate_id=4901,LIMBAYAT,SUCI(C),0,10th Pass,"Rs 6,69,233 ~ 6 Lacs+",Rs 0 ~
1196,5838,Ramaben Prakashbhai Gorasva,https://myneta.info/Gujarat2022/candidate.php?candidate_id=5838,JASDAN,IND,0,Literate,"Rs 1,42,000 ~ 1 Lacs+",Rs 0 ~
1197,6187,Ramabhai Virchandbhai Solanki,https://myneta.info/Gujarat2022/candidate.php?candidate_id=6187,IDAR (SC),INC,0,12th Pass,https://myneta.info/image_v2.php?myneta_folder=Gujarat2022&candidate_id=6187&col=ta,https://myneta.info/image_v2.php?myneta_folder=Gujarat2022&candidate_id=6187&col=lia
1198,6010,Ramanbhai Chimanbhai Vasava,https://myneta.info/Gujarat2022/candidate.php?candidate_id=6010,KARJAN,IND,0,12th Pass,"Rs 27,96,992 ~ 27 Lacs+","Rs 1,10,204 ~ 1 Lacs+"
1199,5973,Ramanbhai D. Patel(Starline),https://myneta.info/Gujarat2022/candidate.php?candidate_id=5973,VIJAPUR,BJP,0,Graduate,"Rs 95,68,13,466 ~ 95 Crore+","Rs 20,41,22,820 ~ 20 Crore+"
1200,6134,Ramanbhai Punjabhai Khant,https://myneta.info/Gujarat2022/candidate.php?candidate_id=6134,SANTRAMPUR (ST),Bhartiya Jan Parishad,0,10th Pass,"Rs 4,25,000 ~ 4 Lacs+",Rs 0 ~
1201,5192,Ramanlal Ishwarlal Vora,https://myneta.info/Gujarat2022/candidate.php?candidate_id=5192,IDAR (SC),BJP,0,Graduate,"Rs 2,29,50,295 ~ 2 Crore+","Rs 15,00,000 ~ 15 Lacs+"
1202,6587,Ramchandra Baria,https://myneta.info/Gujarat2022/candidate.php?candidate_id=6587,HALOL,IND,1,8th Pass,"Rs 49,46,169 ~ 49 Lacs+","Rs 24,58,154 ~ 24 Lacs+"
1203,5288,Ramesh Jakharabhai Kodecha,https://myneta.info/Gujarat2022/candidate.php?candidate_id=5288,ANJAR,IND,0,5th Pass,"Rs 70,387 ~ 70 Thou+",Rs 0 ~
1204,5823,Rameshbhai Lavajibhai Dabhi,https://myneta.info/Gujarat2022/candidate.php?candidate_id=5823,WANKANER,IND,1,Illiterate,"Rs 7,46,000 ~ 7 Lacs+",Rs 0 ~
1205,5184,Rameshbhai Narandas Mistry,https://myneta.info/Gujarat2022/candidate.php?candidate_id=5184,BHARUCH,BJP,2,10th Pass,"Rs 1,86,00,244 ~ 1 Crore+",Rs 0 ~
1206,5448,Rameshbhai Parshotambhai Baraiya,https://myneta.info/Gujarat2022/candidate.php?candidate_id=5448,KARANJ,IND,0,5th Pass,https://myneta.info/image_v2.php?myneta_folder=Gujarat2022&candidate_id=5448&col=ta,https://myneta.info/image_v2.php?myneta_folder=Gujarat2022&candidate_id=5448&col=lia
1207,5295,Rameshbhai Punjabhai Patni,https://myneta.info/Gujarat2022/candidate.php?candidate_id=5295,RAPAR,IND,0,Literate,"Rs 3,51,380 ~ 3 Lacs+",Rs 0 ~
1208,5660,Rameshbhai Rajabhai Daki,https://myneta.info/Gujarat2022/candidate.php?candidate_id=5660,PORBANDAR,SP,0,Others,"Rs 17,39,000 ~ 17 Lacs+","Rs 1,31,400 ~ 1 Lacs+"
1209,5011,Rameshbhai Virjibhai Tilala,https://myneta.info/Gujarat2022/candidate.php?candidate_id=5011,RAJKOT SOUTH,BJP,0,5th Pass,"Rs 1,75,78,99,705 ~ 175 Crore+","Rs 8,65,87,916 ~ 8 Crore+"
1210,6337,Rameshji Vanaji Makvana,https://myneta.info/Gujarat2022/candidate.php?candidate_id=6337,THARAD,Garvi Gujarat Party,0,8th Pass,"Rs 2,45,000 ~ 2 Lacs+",Rs 0 ~
1211,5934,Rameshkumar Khemrajbhai Nabhani,https://myneta.info/Gujarat2022/candidate.php?candidate_id=5934,PALANPUR,AAP,1,Graduate Professional,"Rs 2,15,55,540 ~ 2 Crore+","Rs 54,99,978 ~ 54 Lacs+"
1212,6477,Rameshkumar Ramjibhai Modiya,https://myneta.info/Gujarat2022/candidate.php?candidate_id=6477,KHEDBRAHMA (ST),IND,0,Graduate,"Rs 2,92,000 ~ 2 Lacs+","Rs 98,45,670 ~ 98 Lacs+"
1213,5422,Rameshprasad Kashiram Chamar,https://myneta.info/Gujarat2022/candidate.php?candidate_id=5422,MAJURA,BSP,0,10th Pass,"Rs 23,51,700 ~ 23 Lacs+","Rs 16,00,000 ~ 16 Lacs+"
1214,5994,Ramjubhai Shaikh,https://myneta.info/Gujarat2022/candidate.php?candidate_id=5994,LIMBAYAT,IND,0,Illiterate,"Rs 23,000 ~ 23 Thou+",Rs 0 ~
1215,6440,Ramsibhai Lakhabhai Bharvad,https://myneta.info/Gujarat2022/candidate.php?candidate_id=6440,BAYAD,IND,0,10th Pass,https://myneta.info/image_v2.php?myneta_folder=Gujarat2022&candidate_id=6440&col=ta,https://myneta.info/image_v2.php?myneta_folder=Gujarat2022&candidate_id=6440&col=lia
1216,6078,Ramsubhai Bhabhor,https://myneta.info/Gujarat2022/candidate.php?candidate_id=6078,GARBADA (ST),Bhartiya Tribal Party,0,Illiterate,"Rs 94,48,056 ~ 94 Lacs+","Rs 4,93,537 ~ 4 Lacs+"
1217,5984,Ramzan Mansuri (Varisht Partrakar),https://myneta.info/Gujarat2022/candidate.php?candidate_id=5984,LIMBAYAT,Log Party,0,10th Pass,"Rs 1,23,000 ~ 1 Lacs+",Rs 0 ~
1218,5862,Ranchhodbhai Maganbhai Ughreja,https://myneta.info/Gujarat2022/candidate.php?candidate_id=5862,RAJKOT EAST,IND,0,Literate,"Rs 9,81,452 ~ 9 Lacs+",Rs 0 ~
1219,5985,Rani Aziz Shaikh,https://myneta.info/Gujarat2022/candidate.php?candidate_id=5985,LIMBAYAT,Rashtriya Samaj Paksha,0,10th Pass,"Rs 5,59,500 ~ 5 Lacs+",Rs 0 ~
1220,4950,Ranjit Panchal (Munnabhai),https://myneta.info/Gujarat2022/candidate.php?candidate_id=4950,JALALPORE,INC,0,10th Pass,"Rs 53,21,11,096 ~ 53 Crore+","Rs 1,05,61,131 ~ 1 Crore+"
1221,6249,Ranjitsinh Barad,https://myneta.info/Gujarat2022/candidate.php?candidate_id=6249,NIKOL,INC,0,Graduate,"Rs 2,11,79,469 ~ 2 Crore+",Rs 0 ~
1222,5911,Rashid Dadamiya Shaikh,https://myneta.info/Gujarat2022/candidate.php?candidate_id=5911,LIMBAYAT,IND,0,8th Pass,"Rs 8,000 ~ 8 Thou+",Rs 0 ~
1223,6120,Rashmitaben Dushyantsinh Chauhan,https://myneta.info/Gujarat2022/candidate.php?candidate_id=6120,GODHRA,INC,0,10th Pass,"Rs 9,37,64,859 ~ 9 Crore+","Rs 31,00,000 ~ 31 Lacs+"
1224,6735,Rasulbhai Dolubhai Rathod,https://myneta.info/Gujarat2022/candidate.php?candidate_id=6735,BAPUNAGAR,IND,0,Literate,https://myneta.info/image_v2.php?myneta_folder=Gujarat2022&candidate_id=6735&col=ta,https://myneta.info/image_v2.php?myneta_folder=Gujarat2022&candidate_id=6735&col=lia
1225,6110,Rathava Sevajibhai Bhilabhai,https://myneta.info/Gujarat2022/candidate.php?candidate_id=6110,HALOL,Praja Vijay Paksh,0,Literate,"Rs 5,94,200 ~ 5 Lacs+","Rs 80,000 ~ 80 Thou+"
1226,4981,Rathod Ambabhai Mayajar,https://myneta.info/Gujarat2022/candidate.php?candidate_id=4981,RAPAR,IND,1,Literate,"Rs 12,10,000 ~ 12 Lacs+",Rs 0 ~
1227,5582,Rathod Ashokbhai Gambhirbhai,https://myneta.info/Gujarat2022/candidate.php?candidate_id=5582,BHAVNAGAR WEST,IND,0,5th Pass,"Rs 1,63,609 ~ 1 Lacs+","Rs 1,22,700 ~ 1 Lacs+"
1228,6708,Rathod Bharatbhai Ravjibhai,https://myneta.info/Gujarat2022/candidate.php?candidate_id=6708,DHOLKA,IND,0,8th Pass,"Rs 5,35,000 ~ 5 Lacs+","Rs 60,000 ~ 60 Thou+"
1229,5769,Rathod Bhavinkumar Shantilal,https://myneta.info/Gujarat2022/candidate.php?candidate_id=5769,MANAVADAR,IND,3,Graduate Professional,"Rs 2,15,015 ~ 2 Lacs+","Rs 3,12,000 ~ 3 Lacs+"
1230,5407,Rathod Dineshkumar Lallubhai,https://myneta.info/Gujarat2022/candidate.php?candidate_id=5407,BARDOLI (SC),IND,0,8th Pass,"Rs 7,19,877 ~ 7 Lacs+",Rs 0 ~
1231,6710,Rathod Hasmukhbhai Kanubhai,https://myneta.info/Gujarat2022/candidate.php?candidate_id=6710,DHOLKA,IND,0,12th Pass,"Rs 14,00,000 ~ 14 Lacs+",Rs 0 ~
1232,6687,Rathod Kankuben Muljibhai,https://myneta.info/Gujarat2022/candidate.php?candidate_id=6687,DANILIMDA (SC),SDPI,1,8th Pass,"Rs 12,72,709 ~ 12 Lacs+",Rs 0 ~
1233,6709,Rathod Manubhai Kanjibhai,https://myneta.info/Gujarat2022/candidate.php?candidate_id=6709,DHOLKA,IND,0,10th Pass,https://myneta.info/image_v2.php?myneta_folder=Gujarat2022&candidate_id=6709&col=ta,https://myneta.info/image_v2.php?myneta_folder=Gujarat2022&candidate_id=6709&col=lia
1234,6361,Rathod Mavji Bhemaji,https://myneta.info/Gujarat2022/candidate.php?candidate_id=6361,KANKREJ,Jan Sewa Driver Party,0,5th Pass,"Rs 7,72,223 ~ 7 Lacs+","Rs 4,50,000 ~ 4 Lacs+"
1235,6572,Rathod Narvarsinh Hathisinh,https://myneta.info/Gujarat2022/candidate.php?candidate_id=6572,GODHRA,Praja Vijay Paksh,0,10th Pass,"Rs 32,95,500 ~ 32 Lacs+",Rs 0 ~
1236,6148,Rathod Natvarsinh Punjabhai,https://myneta.info/Gujarat2022/candidate.php?candidate_id=6148,THASRA,AAP,0,10th Pass,"Rs 20,49,518 ~ 20 Lacs+","Rs 13,48,416 ~ 13 Lacs+"
1237,5567,Rathod Pravinbhai Jinabhai,https://myneta.info/Gujarat2022/candidate.php?candidate_id=5567,PALITANA,INC,0,10th Pass,"Rs 1,29,69,109 ~ 1 Crore+","Rs 4,58,469 ~ 4 Lacs+"
1238,5842,Rathod Sukhdevbhai Mohanbhai,https://myneta.info/Gujarat2022/candidate.php?candidate_id=5842,RAJKOT RURAL (SC),IND,0,10th Pass,"Rs 7,00,000 ~ 7 Lacs+",Rs 0 ~
1239,5340,Rathod Valjibhai Becharbhai,https://myneta.info/Gujarat2022/candidate.php?candidate_id=5340,CHOTILA,IND,0,Literate,"Rs 6,80,000 ~ 6 Lacs+",Rs 0 ~
1240,6658,Rathod Yalpeshkumar Pravinbhai,https://myneta.info/Gujarat2022/candidate.php?candidate_id=6658,AMRAIWADI,BSP,0,Post Graduate,"Rs 1,39,500 ~ 1 Lacs+","Rs 1,84,500 ~ 1 Lacs+"
1241,5315,Rathod Yogeshbhai Jethabhai,https://myneta.info/Gujarat2022/candidate.php?candidate_id=5315,LIMBDI,IND,0,5th Pass,"Rs 52,000 ~ 52 Thou+",Rs 0 ~
1242,6483,Rathva Devlabhai Bhulabhai,https://myneta.info/Gujarat2022/candidate.php?candidate_id=6483,CHHOTA UDAIPUR (ST),Praja Vijay Paksh,0,5th Pass,https://myneta.info/image_v2.php?myneta_folder=Gujarat2022&candidate_id=6483&col=ta,https://myneta.info/image_v2.php?myneta_folder=Gujarat2022&candidate_id=6483&col=lia
1243,6487,Rathva Furkanbhai Baljibhai,https://myneta.info/Gujarat2022/candidate.php?candidate_id=6487,SANKHEDA (ST),Bhartiya Tribal Party,0,Literate,"Rs 8,20,000 ~ 8 Lacs+","Rs 4,75,000 ~ 4 Lacs+"
1244,6482,Rathva Girmaabhai Mathurbhai,https://myneta.info/Gujarat2022/candidate.php?candidate_id=6482,CHHOTA UDAIPUR (ST),Bhartiya Tribal Party,0,10th Pass,"Rs 5,73,000 ~ 5 Lacs+",Rs 0 ~
1245,6488,Rathva Hirubhai Darjibhai,https://myneta.info/Gujarat2022/candidate.php?candidate_id=6488,SANKHEDA (ST),Pachchasi Parivartan Samaj Party,0,Literate,"Rs 26,08,000 ~ 26 Lacs+","Rs 2,92,000 ~ 2 Lacs+"
1246,5979,Rathwa Jayantibhai Savjibhai,https://myneta.info/Gujarat2022/candidate.php?candidate_id=5979,JETPUR (ST),BJP,0,Graduate,"Rs 27,44,881 ~ 27 Lacs+",Rs 0 ~
1247,6484,Rathwa Namalabhai (Narendrabhai) Gurjibhai,https://myneta.info/Gujarat2022/candidate.php?candidate_id=6484,JETPUR (ST),Bhartiya Tribal Party,2,8th Pass,"Rs 21,97,000 ~ 21 Lacs+",Rs 0 ~
1248,6485,Rathwa Nevsingbhai Chhaganbhai,https://myneta.info/Gujarat2022/candidate.php?candidate_id=6485,JETPUR (ST),Pachchasi Parivartan Samaj Party,1,Literate,"Rs 20,89,000 ~ 20 Lacs+","Rs 3,00,000 ~ 3 Lacs+"
1249,5977,Rathwa Radhikaben Amarsinghbhai,https://myneta.info/Gujarat2022/candidate.php?candidate_id=5977,JETPUR (ST),AAP,2,Graduate Professional,"Rs 26,94,130 ~ 26 Lacs+","Rs 1,18,455 ~ 1 Lacs+"
1250,5982,Rathwa Sangramsinh Naranbhai,https://myneta.info/Gujarat2022/candidate.php?candidate_id=5982,CHHOTA UDAIPUR (ST),INC,2,Post Graduate,"Rs 1,84,70,537 ~ 1 Crore+","Rs 1,08,17,004 ~ 1 Crore+"
1251,5374,Ratilal Vajirbhai Thakrya,https://myneta.info/Gujarat2022/candidate.php?candidate_id=5374,DHARAMPUR (ST),BSP,0,8th Pass,https://myneta.info/image_v2.php?myneta_folder=Gujarat2022&candidate_id=5374&col=ta,https://myneta.info/image_v2.php?myneta_folder=Gujarat2022&candidate_id=5374&col=lia
1252,6413,Raval Anandkumar Manilal,https://myneta.info/Gujarat2022/candidate.php?candidate_id=6413,MAHESANA,IND,0,8th Pass,"Rs 27,74,000 ~ 27 Lacs+","Rs 7,00,000 ~ 7 Lacs+"
1253,6367,Raval Bhurabhai Motibhai,https://myneta.info/Gujarat2022/candidate.php?candidate_id=6367,RADHANPUR,SP,9,Illiterate,"Rs 77,000 ~ 77 Thou+",Rs 0 ~
1254,6696,Ravat Harishbhai Shakrabhai,https://myneta.info/Gujarat2022/candidate.php?candidate_id=6696,ASARWA (SC),Garvi Gujarat Party,0,8th Pass,"Rs 9,31,000 ~ 9 Lacs+",Rs 0 ~
1255,5046,Ravi Dhanani,https://myneta.info/Gujarat2022/candidate.php?candidate_id=5046,AMRELI,AAP,0,Graduate,"Rs 10,28,500 ~ 10 Lacs+","Rs 2,00,000 ~ 2 Lacs+"
1256,6151,Ravjibhai Somabhai Vaghela,https://myneta.info/Gujarat2022/candidate.php?candidate_id=6151,MAHUDHA,AAP,0,10th Pass,"Rs 45,29,151 ~ 45 Lacs+","Rs 9,33,000 ~ 9 Lacs+"
1257,6717,Ravjibhai Vallabhbhai Kaliya,https://myneta.info/Gujarat2022/candidate.php?candidate_id=6717,DHANDHUKA,Vyavastha Parivartan Party,0,8th Pass,"Rs 27,35,000 ~ 27 Lacs+",Rs 0 ~
1258,5995,Raybole Panjab,https://myneta.info/Gujarat2022/candidate.php?candidate_id=5995,LIMBAYAT,IND,0,10th Pass,"Rs 5,06,000 ~ 5 Lacs+",Rs 0 ~
1259,5337,Raydhanbhai Gandabhai Kumarkhaniya,https://myneta.info/Gujarat2022/candidate.php?candidate_id=5337,CHOTILA,IND,0,5th Pass,"Rs 32,07,287 ~ 32 Lacs+",Rs 0 ~
1260,5906,Rekhaben Satishbhai Patel,https://myneta.info/Gujarat2022/candidate.php?candidate_id=5906,LIMBAYAT,IND,0,Illiterate,https://myneta.info/image_v2.php?myneta_folder=Gujarat2022&candidate_id=5906&col=ta,https://myneta.info/image_v2.php?myneta_folder=Gujarat2022&candidate_id=5906&col=lia
1261,6215,Ritaben Ketankumar Patel,https://myneta.info/Gujarat2022/candidate.php?candidate_id=6215,GANDHINAGAR NORTH,BJP,0,Post Graduate,"Rs 20,74,82,027 ~ 20 Crore+","Rs 1,55,50,070 ~ 1 Crore+"
1262,5627,Riteshkumar Ramanbhai Vasava,https://myneta.info/Gujarat2022/candidate.php?candidate_id=5627,JHAGADIA (ST),BJP,0,8th Pass,"Rs 2,04,17,879 ~ 2 Crore+","Rs 30,00,000 ~ 30 Lacs+"
1263,5734,Rivasinh Hardevsinh Solanki (Rivaba Ravindrasinh Jadeja),https://myneta.info/Gujarat2022/candidate.php?candidate_id=5734,JAMNAGAR NORTH,BJP,0,Graduate Professional,"Rs 97,35,59,222 ~ 97 Crore+",Rs 0 ~
1264,6475,Robinsonbhai Simonbhai Chauhan,https://myneta.info/Gujarat2022/candidate.php?candidate_id=6475,KHEDBRAHMA (ST),Loktantrik Rashrtavadi Party,0,Graduate Professional,"Rs 91,587 ~ 91 Thou+",Rs 0 ~
1265,5219,Rohit Maheshkumar Govindbhai,https://myneta.info/Gujarat2022/candidate.php?candidate_id=5219,RAOPURA,BSP,0,12th Pass,"Rs 7,00,000 ~ 7 Lacs+",Rs 0 ~
1266,6494,Rohit Navinbhai Krushnkant,https://myneta.info/Gujarat2022/candidate.php?candidate_id=6494,DABHOI,IND,0,8th Pass,"Rs 2,00,000 ~ 2 Lacs+",Rs 0 ~
1267,6388,Rohit Senma Alias Nagji,https://myneta.info/Gujarat2022/candidate.php?candidate_id=6388,PATAN,IND,0,10th Pass,"Rs 20,55,000 ~ 20 Lacs+",Rs 0 ~
1268,5097,Rohitbhai Vinubhai Bhuva,https://myneta.info/Gujarat2022/candidate.php?candidate_id=5097,JETPUR,AAP,0,8th Pass,"Rs 8,01,334 ~ 8 Lacs+","Rs 16,35,000 ~ 16 Lacs+"
1269,5285,Roshanali Ibrahim Sandhani,https://myneta.info/Gujarat2022/candidate.php?candidate_id=5285,ANJAR,SDPI,0,5th Pass,https://myneta.info/image_v2.php?myneta_folder=Gujarat2022&candidate_id=5285&col=ta,https://myneta.info/image_v2.php?myneta_folder=Gujarat2022&candidate_id=5285&col=lia
1270,6206,Rupalba Mohabatsinh Chauhan,https://myneta.info/Gujarat2022/candidate.php?candidate_id=6206,DAHEGAM,Garvi Gujarat Party,0,8th Pass,"Rs 3,10,500 ~ 3 Lacs+",Rs 0 ~
1271,6195,Rupsibhai Babubhai Bhagora,https://myneta.info/Gujarat2022/candidate.php?candidate_id=6195,BHILODA (ST),AAP,0,Graduate,"Rs 40,93,051 ~ 40 Lacs+",Rs 0 ~
1272,5963,Rushikesh Ganeshbhai Patel,https://myneta.info/Gujarat2022/candidate.php?candidate_id=5963,VISNAGAR,BJP,1,Others,"Rs 15,73,84,495 ~ 15 Crore+","Rs 2,50,21,457 ~ 2 Crore+"
1273,6038,Rutvij Dilipbhai Joshi,https://myneta.info/Gujarat2022/candidate.php?candidate_id=6038,AKOTA,INC,2,12th Pass,"Rs 1,00,61,639 ~ 1 Crore+","Rs 11,970 ~ 11 Thou+"
1274,5916,Sabirabibi Mohammad Yusuf Shaikh,https://myneta.info/Gujarat2022/candidate.php?candidate_id=5916,LIMBAYAT,IND,0,Literate,"Rs 15,000 ~ 15 Thou+",Rs 0 ~
1275,6613,Sabiralikhan Pathan,https://myneta.info/Gujarat2022/candidate.php?candidate_id=6613,VEJALPUR,IND,0,12th Pass,"Rs 16,58,000 ~ 16 Lacs+",Rs 0 ~
1276,6270,Sabirbhai Kabliwala,https://myneta.info/Gujarat2022/candidate.php?candidate_id=6270,JAMALPUR-KHADIA,All India Majlis-E-Ittehadul Muslimeen,1,8th Pass,"Rs 5,51,10,857 ~ 5 Crore+","Rs 86,80,824 ~ 86 Lacs+"
1277,6365,Sadhu Devendarkumar Sitaramdas,https://myneta.info/Gujarat2022/candidate.php?candidate_id=6365,RADHANPUR,Gujarat Nav Nirman Sena,0,8th Pass,"Rs 75,000 ~ 75 Thou+",Rs 0 ~
1278,6372,Sadhu Mayaram Karsandas,https://myneta.info/Gujarat2022/candidate.php?candidate_id=6372,RADHANPUR,IND,0,5th Pass,https://myneta.info/image_v2.php?myneta_folder=Gujarat2022&candidate_id=6372&col=ta,https://myneta.info/image_v2.php?myneta_folder=Gujarat2022&candidate_id=6372&col=lia
1279,6519,Sadru U. Belim,https://myneta.info/Gujarat2022/candidate.php?candidate_id=6519,UMRETH,IND,0,10th Pass,"Rs 37,40,000 ~ 37 Lacs+",Rs 0 ~
1280,5967,Sagarbhai Harajibhai Rabari,https://myneta.info/Gujarat2022/candidate.php?candidate_id=5967,BECHARAJI,AAP,0,Graduate,"Rs 89,90,014 ~ 89 Lacs+",Rs 0 ~
1281,4861,Sagthiya Sureshkumar Govindbhai,https://myneta.info/Gujarat2022/candidate.php?candidate_id=4861,RAJKOT EAST,CPI,0,10th Pass,"Rs 3,19,000 ~ 3 Lacs+",Rs 0 ~
1282,5488,Sahdev Vasava (Advocate),https://myneta.info/Gujarat2022/candidate.php?candidate_id=5488,MANGROL (ST),BSP,0,Graduate Professional,"Rs 55,700 ~ 55 Thou+","Rs 80,000 ~ 80 Thou+"
1283,5299,Saiyad Hasamsha Umarsha,https://myneta.info/Gujarat2022/candidate.php?candidate_id=5299,RAPAR,IND,0,10th Pass,"Rs 2,70,562 ~ 2 Lacs+",Rs 0 ~
1284,5284,Saiyad Jusabsha Mamadsha,https://myneta.info/Gujarat2022/candidate.php?candidate_id=5284,BHUJ,BSP,0,5th Pass,"Rs 3,09,000 ~ 3 Lacs+",Rs 0 ~
1285,6001,Saiyad Mehmud,https://myneta.info/Gujarat2022/candidate.php?candidate_id=6001,LIMBAYAT,IND,0,8th Pass,"Rs 1,20,000 ~ 1 Lacs+",Rs 0 ~
1286,5528,Saiyad Naushad Rahimmiya Kadri,https://myneta.info/Gujarat2022/candidate.php?candidate_id=5528,SAVARKUNDLA,IND,0,Graduate Professional,"Rs 1,16,500 ~ 1 Lacs+",Rs 0 ~
1287,6614,Saiyad Pirhusen,https://myneta.info/Gujarat2022/candidate.php?candidate_id=6614,VEJALPUR,IND,0,8th Pass,https://myneta.info/image_v2.php?myneta_folder=Gujarat2022&candidate_id=6614&col=ta,https://myneta.info/image_v2.php?myneta_folder=Gujarat2022&candidate_id=6614&col=lia
1288,6002,Saiyad Suraiya Latif,https://myneta.info/Gujarat2022/candidate.php?candidate_id=6002,LIMBAYAT,IND,0,Literate,"Rs 51,000 ~ 51 Thou+",Rs 0 ~
1289,6576,Saiyed Safikali Rashidali,https://myneta.info/Gujarat2022/candidate.php?candidate_id=6576,GODHRA,IND,0,Others,"Rs 10,33,850 ~ 10 Lacs+",Rs 0 ~
1290,5489,Sajid Mehmud Kola,https://myneta.info/Gujarat2022/candidate.php?candidate_id=5489,OLPAD,IND,0,Illiterate,"Rs 10,63,000 ~ 10 Lacs+",Rs 0 ~
1291,6553,Sajidhusen Sabbirmiya Malek,https://myneta.info/Gujarat2022/candidate.php?candidate_id=6553,NADIAD,IND,0,12th Pass,"Rs 1,70,500 ~ 1 Lacs+",Rs 0 ~
1292,5072,Sajidkhan Husenmahammadkhan Rehan,https://myneta.info/Gujarat2022/candidate.php?candidate_id=5072,JAMBUSAR,AAP,1,Post Graduate,"Rs 35,33,180 ~ 35 Lacs+",Rs 0 ~
1293,5281,Sakil Mahamad Sama,https://myneta.info/Gujarat2022/candidate.php?candidate_id=5281,BHUJ,All India Majlis-E-Ittehadul Muslimeen,1,12th Pass,"Rs 11,46,000 ~ 11 Lacs+","Rs 5,00,000 ~ 5 Lacs+"
1294,6725,Salmankhan Samikhan Pathan,https://myneta.info/Gujarat2022/candidate.php?candidate_id=6725,BAPUNAGAR,IND,0,Literate,"Rs 72,000 ~ 72 Thou+","Rs 41,000 ~ 41 Thou+"
1295,5265,Sameja Abdulkarim Amad,https://myneta.info/Gujarat2022/candidate.php?candidate_id=5265,MANDVI,IND,4,8th Pass,"Rs 16,33,600 ~ 16 Lacs+",Rs 0 ~
1296,4965,Sami Akhtar Isaf Mohammad Shaikh,https://myneta.info/Gujarat2022/candidate.php?candidate_id=4965,LIMBAYAT,IND,0,5th Pass,https://myneta.info/image_v2.php?myneta_folder=Gujarat2022&candidate_id=4965&col=ta,https://myneta.info/image_v2.php?myneta_folder=Gujarat2022&candidate_id=4965&col=lia
1297,5463,Samir Fakruddin Shaikh,https://myneta.info/Gujarat2022/candidate.php?candidate_id=5463,SURAT EAST,IND,0,8th Pass,"Rs 6,500 ~ 6 Thou+",Rs 0 ~
1298,6635,Samir Rajeshkumar Upadhyay,https://myneta.info/Gujarat2022/candidate.php?candidate_id=6635,NIKOL,Saurashtra Janta Paksha,2,8th Pass,"Rs 51,200 ~ 51 Thou+",Rs 0 ~
1299,4871,Samirbhai Janakbhai Naik,https://myneta.info/Gujarat2022/candidate.php?candidate_id=4871,NIZAR (ST),Bhartiya Tribal Party,0,10th Pass,"Rs 13,77,840 ~ 13 Lacs+",Rs 0 ~
1300,5291,Samirbhai Jumabhai Maheshwari,https://myneta.info/Gujarat2022/candidate.php?candidate_id=5291,GANDHIDHAM (SC),IND,0,5th Pass,"Rs 2,44,327 ~ 2 Lacs+",Rs 0 ~
1301,5242,Samrat Jayraj Prabhubhai,https://myneta.info/Gujarat2022/candidate.php?candidate_id=5242,DHRANGADHRA,BSP,0,8th Pass,"Rs 8,14,144 ~ 8 Lacs+",Rs 0 ~
1302,5114,Sandip Desai,https://myneta.info/Gujarat2022/candidate.php?candidate_id=5114,CHORYASI,BJP,0,12th Pass,"Rs 9,51,86,681 ~ 9 Crore+","Rs 17,09,732 ~ 17 Lacs+"
1303,6011,Sandipsinh Vikramsinh Raj,https://myneta.info/Gujarat2022/candidate.php?candidate_id=6011,PADRA,AAP,0,Graduate,"Rs 16,25,000 ~ 16 Lacs+","Rs 5,56,000 ~ 5 Lacs+"
1304,5266,Sangar Shivji Budhiya,https://myneta.info/Gujarat2022/candidate.php?candidate_id=5266,MANDVI,IND,0,5th Pass,"Rs 1,27,37,915 ~ 1 Crore+","Rs 7,00,000 ~ 7 Lacs+"
1305,6471,Sanghani Salmankhan Mustakbhai,https://myneta.info/Gujarat2022/candidate.php?candidate_id=6471,HIMATNAGAR,IND,0,5th Pass,https://myneta.info/image_v2.php?myneta_folder=Gujarat2022&candidate_id=6471&col=ta,https://myneta.info/image_v2.php?myneta_folder=Gujarat2022&candidate_id=6471&col=lia
1306,6472,Sanghani Sikandarbhai Mustakbhai,https://myneta.info/Gujarat2022/candidate.php?candidate_id=6472,HIMATNAGAR,IND,2,5th Pass,"Rs 5,08,800 ~ 5 Lacs+",Rs 0 ~
1307,5398,Sangitaben Maheshbhai Ahire,https://myneta.info/Gujarat2022/candidate.php?candidate_id=5398,DANGS (ST),BSP,0,5th Pass,"Rs 1,35,66,747 ~ 1 Crore+","Rs 7,16,000 ~ 7 Lacs+"
1308,4966,Sangitaben Rajendra Patil,https://myneta.info/Gujarat2022/candidate.php?candidate_id=4966,LIMBAYAT,BJP,0,Graduate,"Rs 2,10,66,861 ~ 2 Crore+","Rs 43,32,129 ~ 43 Lacs+"
1309,4912,Sanjay Bhatasana (Patel),https://myneta.info/Gujarat2022/candidate.php?candidate_id=4912,TANKARA,AAP,0,8th Pass,"Rs 2,38,95,239 ~ 2 Crore+","Rs 2,21,84,611 ~ 2 Crore+"
1310,6254,Sanjay Mori,https://myneta.info/Gujarat2022/candidate.php?candidate_id=6254,THAKKARBAPA NAGAR,AAP,1,10th Pass,"Rs 2,14,39,734 ~ 2 Crore+","Rs 52,23,070 ~ 52 Lacs+"
1311,4959,Sanjay R. Shah (Patva),https://myneta.info/Gujarat2022/candidate.php?candidate_id=4959,SURAT WEST,INC,0,8th Pass,"Rs 33,69,292 ~ 33 Lacs+",Rs 0 ~
1312,5025,Sanjay Sukhabhai Koradia,https://myneta.info/Gujarat2022/candidate.php?candidate_id=5025,JUNAGADH,BJP,0,12th Pass,"Rs 18,40,72,178 ~ 18 Crore+","Rs 2,35,94,927 ~ 2 Crore+"
1313,6670,Sanjaybhai Dahyabhai Patel,https://myneta.info/Gujarat2022/candidate.php?candidate_id=6670,AMRAIWADI,IND,10,8th Pass,"Rs 60,75,871 ~ 60 Lacs+",Rs 0 ~
1314,6158,Sanjaybhai Haribhai Patel,https://myneta.info/Gujarat2022/candidate.php?candidate_id=6158,MATAR,INC,0,Others,https://myneta.info/image_v2.php?myneta_folder=Gujarat2022&candidate_id=6158&col=ta,https://myneta.info/image_v2.php?myneta_folder=Gujarat2022&candidate_id=6158&col=lia
1315,5620,Sanjaybhai Jesangbhai Solanki,https://myneta.info/Gujarat2022/candidate.php?candidate_id=5620,JAMBUSAR,INC,0,Graduate,"Rs 2,30,99,731 ~ 2 Crore+","Rs 4,50,000 ~ 4 Lacs+"
1316,5360,Sanjaybhai Parsottambhai Parmar,https://myneta.info/Gujarat2022/candidate.php?candidate_id=5360,PARDI,Rashtriya Samaj Paksha,0,12th Pass,"Rs 1,10,000 ~ 1 Lacs+",Rs 0 ~
1317,5939,Sanjaykumar Govabhai Rabari,https://myneta.info/Gujarat2022/candidate.php?candidate_id=5939,DEESA,INC,0,Graduate,"Rs 6,71,34,988 ~ 6 Crore+","Rs 3,48,79,365 ~ 3 Crore+"
1318,6150,Sanjaysinh Vijaysinh Mahida,https://myneta.info/Gujarat2022/candidate.php?candidate_id=6150,MAHUDHA,BJP,0,10th Pass,"Rs 4,82,52,085 ~ 4 Crore+","Rs 74,03,877 ~ 74 Lacs+"
1319,6675,Sanjuben Sohanlal Regar,https://myneta.info/Gujarat2022/candidate.php?candidate_id=6675,JAMALPUR-KHADIA,Jan Sewa Driver Party,1,Graduate,"Rs 21,21,533 ~ 21 Lacs+","Rs 5,93,196 ~ 5 Lacs+"
1320,6603,Sanjuben Sohanlal Regar,https://myneta.info/Gujarat2022/candidate.php?candidate_id=6603,GHATLODIA,Jan Sewa Driver Party,1,Graduate,"Rs 21,20,375 ~ 21 Lacs+","Rs 5,93,196 ~ 5 Lacs+"
1321,5058,Sankhat Savjibhai Bhagvanbhai (Koli Savaram Sankhat),https://myneta.info/Gujarat2022/candidate.php?candidate_id=5058,MAHUVA,Vyavastha Parivartan Party,0,Literate,"Rs 2,65,000 ~ 2 Lacs+",Rs 0 ~
1322,5957,Sardarbhai,https://myneta.info/Gujarat2022/candidate.php?candidate_id=5957,KHERALU,BJP,0,Graduate Professional,"Rs 39,62,14,872 ~ 39 Crore+","Rs 2,49,99,083 ~ 2 Crore+"
1323,6533,Sarfaraj Husenkhan Pathan,https://myneta.info/Gujarat2022/candidate.php?candidate_id=6533,ANAND,IND,0,8th Pass,https://myneta.info/image_v2.php?myneta_folder=Gujarat2022&candidate_id=6533&col=ta,https://myneta.info/image_v2.php?myneta_folder=Gujarat2022&candidate_id=6533&col=lia
1324,5590,Sarfraj Rustambhai Kureshi,https://myneta.info/Gujarat2022/candidate.php?candidate_id=5590,BHAVNAGAR WEST,IND,0,10th Pass,"Rs 4,06,000 ~ 4 Lacs+","Rs 64,091 ~ 64 Thou+"
1325,6677,Sarfrajhusen Sabirhusen Ansari,https://myneta.info/Gujarat2022/candidate.php?candidate_id=6677,JAMALPUR-KHADIA,IND,1,5th Pass,"Rs 11,51,045 ~ 11 Lacs+","Rs 11,50,333 ~ 11 Lacs+"
1326,6344,Sartanbhai Vakhatabhai Hadiyal,https://myneta.info/Gujarat2022/candidate.php?candidate_id=6344,THARAD,IND,0,10th Pass,"Rs 17,00,492 ~ 17 Lacs+",Rs 0 ~
1327,6377,Sarvakar Hasumatiben Parashottambhai,https://myneta.info/Gujarat2022/candidate.php?candidate_id=6377,PATAN,BSP,0,Post Graduate,"Rs 23,88,000 ~ 23 Lacs+",Rs 0 ~
1328,5045,Satasiya Kantibhai Shambhubhai,https://myneta.info/Gujarat2022/candidate.php?candidate_id=5045,DHARI,AAP,0,8th Pass,"Rs 1,39,84,607 ~ 1 Crore+","Rs 52,10,548 ~ 52 Lacs+"
1329,6667,Satish Hiralal Soni,https://myneta.info/Gujarat2022/candidate.php?candidate_id=6667,AMRAIWADI,Apni Janta Party,0,12th Pass,Nil,Rs 0 ~
1330,6489,Satishkumar Chandubhai Tadvi,https://myneta.info/Gujarat2022/candidate.php?candidate_id=6489,SANKHEDA (ST),IND,0,Graduate,"Rs 1,35,36,742 ~ 1 Crore+",Rs 0 ~
1331,5332,Satrotiya Vinodbhai Babubhai,https://myneta.info/Gujarat2022/candidate.php?candidate_id=5332,WADHWAN,IND,0,8th Pass,"Rs 50,000 ~ 50 Thou+",Rs 0 ~
1332,5170,Sattar Pinjari,https://myneta.info/Gujarat2022/candidate.php?candidate_id=5170,CHORYASI,IND,0,12th Pass,https://myneta.info/image_v2.php?myneta_folder=Gujarat2022&candidate_id=5170&col=ta,https://myneta.info/image_v2.php?myneta_folder=Gujarat2022&candidate_id=5170&col=lia
1333,5333,Satvara Chohan Jayesh Laljibhai Patrakar,https://myneta.info/Gujarat2022/candidate.php?candidate_id=5333,WADHWAN,Vyavastha Parivartan Party,0,5th Pass,"Rs 74,500 ~ 74 Thou+",Rs 0 ~
1334,6069,Satyajitsinh Duleepsinh Gaekwad,https://myneta.info/Gujarat2022/candidate.php?candidate_id=6069,VAGHODIA,INC,3,Post Graduate,"Rs 24,54,10,306 ~ 24 Crore+","Rs 3,76,05,062 ~ 3 Crore+"
1335,5909,Sayarabanu Hamid Rana,https://myneta.info/Gujarat2022/candidate.php?candidate_id=5909,LIMBAYAT,IND,0,8th Pass,"Rs 16,912 ~ 16 Thou+",Rs 0 ~
1336,4982,Saynaben Rustambhai Gamit,https://myneta.info/Gujarat2022/candidate.php?candidate_id=4982,MANDVI (ST),AAP,0,12th Pass,"Rs 3,43,333 ~ 3 Lacs+",Rs 0 ~
1337,6168,Sedaliya Girishkumar Himmatlal,https://myneta.info/Gujarat2022/candidate.php?candidate_id=6168,ANAND,AAP,0,10th Pass,"Rs 18,56,060 ~ 18 Lacs+","Rs 2,19,693 ~ 2 Lacs+"
1338,5702,Sejalben Khunt,https://myneta.info/Gujarat2022/candidate.php?candidate_id=5702,UNA,AAP,0,Post Graduate,"Rs 1,50,32,665 ~ 1 Crore+","Rs 17,45,111 ~ 17 Lacs+"
1339,5868,Sejalben Rajivkumar Pandya,https://myneta.info/Gujarat2022/candidate.php?candidate_id=5868,BHAVNAGAR EAST,BJP,0,Graduate,"Rs 43,05,247 ~ 43 Lacs+",Rs 0 ~
1340,6646,Selukar Rakesh Sureshbhai,https://myneta.info/Gujarat2022/candidate.php?candidate_id=6646,NARODA,Jan Sangharsh Virat Party,0,Graduate,"Rs 1,23,428 ~ 1 Lacs+","Rs 1,77,374 ~ 1 Lacs+"
1341,6410,Senama Mahendrabhai Somabhai,https://myneta.info/Gujarat2022/candidate.php?candidate_id=6410,KADI (SC),IND,0,8th Pass,https://myneta.info/image_v2.php?myneta_folder=Gujarat2022&candidate_id=6410&col=ta,https://myneta.info/image_v2.php?myneta_folder=Gujarat2022&candidate_id=6410&col=lia
1342,6244,Senma Shaileshkumar Bhikhalal (Girish Ravat),https://myneta.info/Gujarat2022/candidate.php?candidate_id=6244,NARANPURA,BSP,0,12th Pass,"Rs 3,33,463 ~ 3 Lacs+",Rs 0 ~
1343,6412,Seta Mahomadjubed Ayubbhai (Jakhami),https://myneta.info/Gujarat2022/candidate.php?candidate_id=6412,MAHESANA,IND,0,12th Pass,"Rs 1,53,729 ~ 1 Lacs+",Rs 0 ~
1344,5210,Sevak Jigneshkumar Ambalal,https://myneta.info/Gujarat2022/candidate.php?candidate_id=5210,LUNAWADA,BJP,0,Graduate Professional,"Rs 2,56,72,451 ~ 2 Crore+","Rs 84,87,375 ~ 84 Lacs+"
1345,5526,Shabbirbhai Alarakhbhai Malek (Pintubhai Malek),https://myneta.info/Gujarat2022/candidate.php?candidate_id=5526,SAVARKUNDLA,IND,1,8th Pass,"Rs 12,30,128 ~ 12 Lacs+",Rs 0 ~
1346,6389,Shabbirhusen Aajambhai Malek,https://myneta.info/Gujarat2022/candidate.php?candidate_id=6389,PATAN,IND,1,12th Pass,"Rs 1,06,123 ~ 1 Lacs+",Rs 0 ~
1347,5997,Shah Aiyub,https://myneta.info/Gujarat2022/candidate.php?candidate_id=5997,LIMBAYAT,IND,0,Illiterate,"Rs 24,000 ~ 24 Thou+",Rs 0 ~
1348,6607,Shah Ankit,https://myneta.info/Gujarat2022/candidate.php?candidate_id=6607,VEJALPUR,Bharatiya Yuva Jan Ekta Party,0,Graduate,"Rs 14,53,525 ~ 14 Lacs+",Rs 0 ~
1349,5998,Shah Firoj Supadubhai,https://myneta.info/Gujarat2022/candidate.php?candidate_id=5998,LIMBAYAT,IND,0,5th Pass,"Rs 1,51,000 ~ 1 Lacs+",Rs 0 ~
1350,4971,Shah Samir Shaikhlal,https://myneta.info/Gujarat2022/candidate.php?candidate_id=4971,LIMBAYAT,IND,0,5th Pass,https://myneta.info/image_v2.php?myneta_folder=Gujarat2022&candidate_id=4971&col=ta,https://myneta.info/image_v2.php?myneta_folder=Gujarat2022&candidate_id=4971&col=lia
1351,4977,Shah Uday Navinbhai,https://myneta.info/Gujarat2022/candidate.php?candidate_id=4977,SOMNATH,IND,0,Graduate,"Rs 3,50,21,001 ~ 3 Crore+","Rs 47,00,000 ~ 47 Lacs+"
1352,6536,Shah Yatrikbhai Harishbhai,https://myneta.info/Gujarat2022/candidate.php?candidate_id=6536,PETLAD,Rashtriya Hind Ekta Dal,2,12th Pass,"Rs 21,61,422 ~ 21 Lacs+","Rs 20,18,000 ~ 20 Lacs+"
1353,5088,Shahabudin Jainudin Malbari,https://myneta.info/Gujarat2022/candidate.php?candidate_id=5088,SURAT EAST,IND,2,Literate,"Rs 2,38,000 ~ 2 Lacs+",Rs 0 ~
1354,5804,Shahmadar Daudsha Rahemansha,https://myneta.info/Gujarat2022/candidate.php?candidate_id=5804,MORBI,IND,0,8th Pass,"Rs 5,15,841 ~ 5 Lacs+",Rs 0 ~
1355,6612,Shaikh Arif,https://myneta.info/Gujarat2022/candidate.php?candidate_id=6612,VEJALPUR,IND,1,Graduate Professional,"Rs 5,10,000 ~ 5 Lacs+",Rs 0 ~
1356,5437,Shaikh Iqbal Hamid,https://myneta.info/Gujarat2022/candidate.php?candidate_id=5437,UDHNA,IND,1,Illiterate,"Rs 2,98,000 ~ 2 Lacs+",Rs 0 ~
1357,6736,Shaikh Mohammedjaved Ilyas,https://myneta.info/Gujarat2022/candidate.php?candidate_id=6736,BAPUNAGAR,Loktantrik Samajwadi Party,0,10th Pass,"Rs 33,19,000 ~ 33 Lacs+","Rs 17,00,000 ~ 17 Lacs+"
1358,6000,Shaikh Salman,https://myneta.info/Gujarat2022/candidate.php?candidate_id=6000,LIMBAYAT,IND,0,5th Pass,"Rs 30,000 ~ 30 Thou+",Rs 0 ~
1359,6608,Shaikh Shaukatali,https://myneta.info/Gujarat2022/candidate.php?candidate_id=6608,VEJALPUR,Jan Sewa Driver Party,0,8th Pass,https://myneta.info/image_v2.php?myneta_folder=Gujarat2022&candidate_id=6608&col=ta,https://myneta.info/image_v2.php?myneta_folder=Gujarat2022&candidate_id=6608&col=lia
1360,5986,Shaikh Subhan Abudulla,https://myneta.info/Gujarat2022/candidate.php?candidate_id=5986,LIMBAYAT,SP,0,Literate,"Rs 80,000 ~ 80 Thou+",Rs 0 ~
1361,6657,Shaikh Usmanbhai Ibrahimbhai,https://myneta.info/Gujarat2022/candidate.php?candidate_id=6657,THAKKARBAPA NAGAR,IND,1,5th Pass,"Rs 13,31,000 ~ 13 Lacs+",Rs 0 ~
1362,5999,Shaikh Yusuf,https://myneta.info/Gujarat2022/candidate.php?candidate_id=5999,LIMBAYAT,IND,0,8th Pass,"Rs 22,000 ~ 22 Thou+",Rs 0 ~
1363,6276,Shailesh Manubhai Parmar,https://myneta.info/Gujarat2022/candidate.php?candidate_id=6276,DANILIMDA (SC),INC,2,Graduate Professional,"Rs 32,64,21,734 ~ 32 Crore+",Rs 0 ~
1364,6076,Shaileshbhai Bhabhor,https://myneta.info/Gujarat2022/candidate.php?candidate_id=6076,GARBADA (ST),AAP,0,Literate,"Rs 88,11,894 ~ 88 Lacs+","Rs 43,90,262 ~ 43 Lacs+"
1365,6061,Shaileshbhai Kanaiyalal Mehta (Shailesh Sotta),https://myneta.info/Gujarat2022/candidate.php?candidate_id=6061,DABHOI,BJP,1,Others,"Rs 32,07,14,941 ~ 32 Crore+","Rs 13,79,87,187 ~ 13 Crore+"
1366,6346,Shaileshbhai Karshanbhai Parmar,https://myneta.info/Gujarat2022/candidate.php?candidate_id=6346,PALANPUR,BSP,0,8th Pass,"Rs 45,03,750 ~ 45 Lacs+","Rs 92,980 ~ 92 Thou+"
1367,6728,Shakilabanu Moyusuf Ansari,https://myneta.info/Gujarat2022/candidate.php?candidate_id=6728,BAPUNAGAR,IND,0,5th Pass,"Rs 2,17,300 ~ 2 Lacs+","Rs 31,800 ~ 31 Thou+"
1368,5131,Shamjibhai Ambabhai Dangar (Koli),https://myneta.info/Gujarat2022/candidate.php?candidate_id=5131,JASDAN,Rashtriya Hind Ekta Dal,0,10th Pass,https://myneta.info/image_v2.php?myneta_folder=Gujarat2022&candidate_id=5131&col=ta,https://myneta.info/image_v2.php?myneta_folder=Gujarat2022&candidate_id=5131&col=lia
1369,5924,Shankarbhai Lagdhirbhai Chaudhary,https://myneta.info/Gujarat2022/candidate.php?candidate_id=5924,THARAD,BJP,0,Post Graduate,"Rs 13,06,04,700 ~ 13 Crore+","Rs 15,92,233 ~ 15 Lacs+"
1370,6375,Shankarbhai Sagarambhai Rabari,https://myneta.info/Gujarat2022/candidate.php?candidate_id=6375,CHANASMA,Jan Sewa Driver Party,0,8th Pass,"Rs 23,16,000 ~ 23 Lacs+",Rs 0 ~
1371,6333,Shantibhai Hajabhai Rathod,https://myneta.info/Gujarat2022/candidate.php?candidate_id=6333,VAV,IND,0,12th Pass,"Rs 30,34,456 ~ 30 Lacs+","Rs 3,00,000 ~ 3 Lacs+"
1372,6478,Shantilal Asari,https://myneta.info/Gujarat2022/candidate.php?candidate_id=6478,KHEDBRAHMA (ST),IND,0,12th Pass,"Rs 11,92,000 ~ 11 Lacs+",Rs 0 ~
1373,5696,Shantilal Kidecha,https://myneta.info/Gujarat2022/candidate.php?candidate_id=5696,UNA,Rashtriya Samaj Dal (R),0,8th Pass,"Rs 10,30,000 ~ 10 Lacs+","Rs 50,000 ~ 50 Thou+"
1374,6650,Sharma Brijeshkumar Ujagarlal,https://myneta.info/Gujarat2022/candidate.php?candidate_id=6650,NARODA,IND,0,Graduate,"Rs 1,21,200 ~ 1 Lacs+",Rs 0 ~
1375,6617,Sharma Deepakkumar Vasudev,https://myneta.info/Gujarat2022/candidate.php?candidate_id=6617,VATVA,National Maha Sabha Party,0,10th Pass,"Rs 15,42,890 ~ 15 Lacs+","Rs 6,58,261 ~ 6 Lacs+"
1376,6037,Shashank Rajesh Khare,https://myneta.info/Gujarat2022/candidate.php?candidate_id=6037,AKOTA,AAP,3,12th Pass,"Rs 34,60,185 ~ 34 Lacs+","Rs 16,61,000 ~ 16 Lacs+"
1377,5774,Shashikant Karshanbhai Ravat,https://myneta.info/Gujarat2022/candidate.php?candidate_id=5774,JUNAGADH,IND,0,8th Pass,https://myneta.info/image_v2.php?myneta_folder=Gujarat2022&candidate_id=5774&col=ta,https://myneta.info/image_v2.php?myneta_folder=Gujarat2022&candidate_id=5774&col=lia
1378,6062,Shaukatali Abdal,https://myneta.info/Gujarat2022/candidate.php?candidate_id=6062,DABHOI,BSP,0,Literate,"Rs 3,70,000 ~ 3 Lacs+","Rs 4,00,000 ~ 4 Lacs+"
1379,5491,Shehanazbibi Khalidbhai Shekh,https://myneta.info/Gujarat2022/candidate.php?candidate_id=5491,OLPAD,IND,0,8th Pass,"Rs 4,36,000 ~ 4 Lacs+",Rs 0 ~
1380,6311,Shekh Irshadmahammad Najirmohammad,https://myneta.info/Gujarat2022/candidate.php?candidate_id=6311,MAHUDHA,IND,0,Graduate Professional,"Rs 50,000 ~ 50 Thou+",Rs 0 ~
1381,5169,Shekh Sheru,https://myneta.info/Gujarat2022/candidate.php?candidate_id=5169,CHORYASI,IND,1,Illiterate,"Rs 1,44,500 ~ 1 Lacs+","Rs 76,000 ~ 76 Thou+"
1382,5586,Shekh Yunusbhai Mohamedzakariya,https://myneta.info/Gujarat2022/candidate.php?candidate_id=5586,BHAVNAGAR WEST,CPI,0,12th Pass,"Rs 31,000 ~ 31 Thou+",Rs 0 ~
1383,5943,Shivabhai Amarabhai Bhuriya,https://myneta.info/Gujarat2022/candidate.php?candidate_id=5943,DEODAR,INC,0,Literate,"Rs 91,78,524 ~ 91 Lacs+","Rs 36,00,000 ~ 36 Lacs+"
1384,6694,Shivabhai Bababhai Vaghela,https://myneta.info/Gujarat2022/candidate.php?candidate_id=6694,SABARMATI,IND,0,10th Pass,"Rs 26,15,709 ~ 26 Lacs+","Rs 8,00,000 ~ 8 Lacs+"
1385,6374,Shivanandji Sarswati Gurushree Madhvanandji,https://myneta.info/Gujarat2022/candidate.php?candidate_id=6374,CHANASMA,Gujarat Nav Nirman Sena,9,12th Pass,"Rs 31,000 ~ 31 Thou+",Rs 0 ~
1386,4880,Shivlal Barasia,https://myneta.info/Gujarat2022/candidate.php?candidate_id=4880,RAJKOT SOUTH,AAP,0,12th Pass,https://myneta.info/image_v2.php?myneta_folder=Gujarat2022&candidate_id=4880&col=ta,https://myneta.info/image_v2.php?myneta_folder=Gujarat2022&candidate_id=4880&col=lia
1387,6351,Shrimali Ashokbhai Balchandbhai,https://myneta.info/Gujarat2022/candidate.php?candidate_id=6351,PALANPUR,IND,0,10th Pass,"Rs 8,70,560 ~ 8 Lacs+",Rs 0 ~
1388,6455,Shrimali Mrugeshkumar Amrutbhai,https://myneta.info/Gujarat2022/candidate.php?candidate_id=6455,GANDHINAGAR NORTH,IND,0,Graduate,"Rs 1,36,826 ~ 1 Lacs+",Rs 0 ~
1389,5539,Shwetaben Budhabhai Vaghela,https://myneta.info/Gujarat2022/candidate.php?candidate_id=5539,RAJULA,IND,0,Literate,"Rs 2,25,313 ~ 2 Lacs+",Rs 0 ~
1390,6328,Siddharajsinh Vajubha Zala,https://myneta.info/Gujarat2022/candidate.php?candidate_id=6328,BECHARAJI,Jan Sewa Driver Party,0,12th Pass,"Rs 3,74,108 ~ 3 Lacs+",Rs 0 ~
1391,6554,Siddharth Joseph Macwan,https://myneta.info/Gujarat2022/candidate.php?candidate_id=6554,NADIAD,IND,0,Post Graduate,"Rs 74,20,000 ~ 74 Lacs+","Rs 10,09,423 ~ 10 Lacs+"
1392,6508,Sindha Rajendrasinh Mahobatsinh (Bapu),https://myneta.info/Gujarat2022/candidate.php?candidate_id=6508,KHAMBHAT,IND,0,10th Pass,"Rs 34,25,500 ~ 34 Lacs+","Rs 10,00,000 ~ 10 Lacs+"
1393,6683,Sindhav Parsotambhai Gorabhai,https://myneta.info/Gujarat2022/candidate.php?candidate_id=6683,DANILIMDA (SC),IND,0,5th Pass,"Rs 26,00,000 ~ 26 Lacs+",Rs 0 ~
1394,5807,Siraj Amirali Popatiya,https://myneta.info/Gujarat2022/candidate.php?candidate_id=5807,MORBI,IND,0,10th Pass,"Rs 46,56,800 ~ 46 Lacs+","Rs 11,00,000 ~ 11 Lacs+"
1395,4876,Sirajbhai Ababhai Khebhar,https://myneta.info/Gujarat2022/candidate.php?candidate_id=4876,DHORAJI,IND,0,12th Pass,https://myneta.info/image_v2.php?myneta_folder=Gujarat2022&candidate_id=4876&col=ta,https://myneta.info/image_v2.php?myneta_folder=Gujarat2022&candidate_id=4876&col=lia
1396,5456,Sirajkhan Pathan,https://myneta.info/Gujarat2022/candidate.php?candidate_id=5456,SURAT NORTH,IND,0,Illiterate,"Rs 19,000 ~ 19 Thou+",Rs 0 ~
1397,6411,Snehal Ganpatbhai Vaghela,https://myneta.info/Gujarat2022/candidate.php?candidate_id=6411,MAHESANA,IND,0,Post Graduate,"Rs 26,40,000 ~ 26 Lacs+",Rs 0 ~
1398,5486,Snehalkumar Ramsing Vasava,https://myneta.info/Gujarat2022/candidate.php?candidate_id=5486,MANGROL (ST),AAP,0,12th Pass,"Rs 19,61,808 ~ 19 Lacs+","Rs 8,30,000 ~ 8 Lacs+"
1399,5508,Sojitra Hiteshbhai Gobarbhai,https://myneta.info/Gujarat2022/candidate.php?candidate_id=5508,DHARI,Rashtriya Hind Ekta Dal,0,10th Pass,"Rs 82,54,500 ~ 82 Lacs+","Rs 29,20,000 ~ 29 Lacs+"
1400,5546,Solanki Arvindbhai Nathabhai,https://myneta.info/Gujarat2022/candidate.php?candidate_id=5546,MAHUVA,Rashtriya Hind Ekta Dal,0,Graduate,"Rs 25,92,500 ~ 25 Lacs+","Rs 13,00,000 ~ 13 Lacs+"
1401,5181,Solanki Babubhai Khimjibhai,https://myneta.info/Gujarat2022/candidate.php?candidate_id=5181,GADHADA (SC),BSP,0,5th Pass,"Rs 9,68,100 ~ 9 Lacs+",Rs 0 ~
1402,5685,Solanki Devendrabhai Kanjibhai,https://myneta.info/Gujarat2022/candidate.php?candidate_id=5685,TALALA,AAP,0,Graduate Professional,"Rs 58,45,748 ~ 58 Lacs+","Rs 17,60,931 ~ 17 Lacs+"
1403,6449,Solanki Dharmendrakumar Chimanbhai,https://myneta.info/Gujarat2022/candidate.php?candidate_id=6449,GANDHINAGAR SOUTH,IND,0,Post Graduate,"Rs 43,16,000 ~ 43 Lacs+","Rs 3,50,000 ~ 3 Lacs+"
1404,6280,Solanki Dipakbhai Mulajibhai,https://myneta.info/Gujarat2022/candidate.php?candidate_id=6280,SABARMATI,BSP,0,10th Pass,https://myneta.info/image_v2.php?myneta_folder=Gujarat2022&candidate_id=6280&col=ta,https://myneta.info/image_v2.php?myneta_folder=Gujarat2022&candidate_id=6280&col=lia
1405,6673,Solanki Dipeshbhai Parmanandbhai,https://myneta.info/Gujarat2022/candidate.php?candidate_id=6673,DARIAPUR,IND,0,Graduate,"Rs 7,15,301 ~ 7 Lacs+","Rs 36,757 ~ 36 Thou+"
1406,5644,Solanki Govind Hamirbhai,https://myneta.info/Gujarat2022/candidate.php?candidate_id=5644,KHAMBHALIA,BSP,0,8th Pass,"Rs 1,77,000 ~ 1 Lacs+",Rs 0 ~
1407,6272,Solanki Hareshkumar Hiralal,https://myneta.info/Gujarat2022/candidate.php?candidate_id=6272,MANINAGAR,BSP,0,10th Pass,"Rs 12,93,000 ~ 12 Lacs+",Rs 0 ~
1408,6588,Solanki Ishvarbhai,https://myneta.info/Gujarat2022/candidate.php?candidate_id=6588,HALOL,IND,0,5th Pass,"Rs 2,50,000 ~ 2 Lacs+",Rs 0 ~
1409,6050,Solanki Jigarbhai Bhanuprasad,https://myneta.info/Gujarat2022/candidate.php?candidate_id=6050,VADODARA CITY (SC),AAP,1,Post Graduate,"Rs 58,000 ~ 58 Thou+","Rs 83,417 ~ 83 Thou+"
1410,5311,Solanki Kisanbhai Vajubhai,https://myneta.info/Gujarat2022/candidate.php?candidate_id=5311,DASADA (SC),BSP,0,10th Pass,"Rs 2,00,000 ~ 2 Lacs+",Rs 0 ~
1411,6473,Solanki Maganbhai Lakhabhai,https://myneta.info/Gujarat2022/candidate.php?candidate_id=6473,HIMATNAGAR,IND,0,8th Pass,"Rs 1,18,04,000 ~ 1 Crore+",Rs 0 ~
1412,6750,Solanki Maheshbhai Ramanbhai,https://myneta.info/Gujarat2022/candidate.php?candidate_id=6750,SANAND,IND,0,12th Pass,"Rs 3,61,700 ~ 3 Lacs+",Rs 0 ~
1413,5334,Solanki Pravinbhai Motibhai,https://myneta.info/Gujarat2022/candidate.php?candidate_id=5334,WADHWAN,BSP,0,5th Pass,https://myneta.info/image_v2.php?myneta_folder=Gujarat2022&candidate_id=5334&col=ta,https://myneta.info/image_v2.php?myneta_folder=Gujarat2022&candidate_id=5334&col=lia
1414,6316,Solanki Rajanikant Hirabhai,https://myneta.info/Gujarat2022/candidate.php?candidate_id=6316,VADGAM (SC),BSP,0,8th Pass,"Rs 2,25,000 ~ 2 Lacs+",Rs 0 ~
1415,5578,Solanki Rajeshbhai Shantilal,https://myneta.info/Gujarat2022/candidate.php?candidate_id=5578,BHAVNAGAR WEST,IND,0,Literate,"Rs 51,808 ~ 51 Thou+",Rs 0 ~
1416,5206,Solanki Ramanbhai Bhikhabhai,https://myneta.info/Gujarat2022/candidate.php?candidate_id=5206,BORSAD,BJP,0,10th Pass,"Rs 67,92,021 ~ 67 Lacs+","Rs 12,50,000 ~ 12 Lacs+"
1417,5840,Solanki Ramjibhai Khimabhai,https://myneta.info/Gujarat2022/candidate.php?candidate_id=5840,RAJKOT RURAL (SC),IND,0,Graduate,"Rs 30,000 ~ 30 Thou+",Rs 0 ~
1418,5905,Solanki Savitaben Rameshbhai,https://myneta.info/Gujarat2022/candidate.php?candidate_id=5905,BHAVNAGAR WEST,IND,0,Illiterate,"Rs 12,000 ~ 12 Thou+",Rs 0 ~
1419,6615,Solanki Vinodbhai,https://myneta.info/Gujarat2022/candidate.php?candidate_id=6615,VEJALPUR,IND,0,12th Pass,"Rs 6,83,119 ~ 6 Lacs+",Rs 0 ~
1420,6669,Solanki Vinodbhai Bodhabhai,https://myneta.info/Gujarat2022/candidate.php?candidate_id=6669,AMRAIWADI,IND,0,12th Pass,"Rs 6,83,119 ~ 6 Lacs+",Rs 0 ~
1421,6443,Solanki Vinodkumar Kacharabhai,https://myneta.info/Gujarat2022/candidate.php?candidate_id=6443,GANDHINAGAR SOUTH,IND,0,Graduate,"Rs 1,03,56,567 ~ 1 Crore+","Rs 19,53,089 ~ 19 Lacs+"
1422,6245,Sonal Ramanbhai Patel,https://myneta.info/Gujarat2022/candidate.php?candidate_id=6245,NARANPURA,INC,0,Post Graduate,https://myneta.info/image_v2.php?myneta_folder=Gujarat2022&candidate_id=6245&col=ta,https://myneta.info/image_v2.php?myneta_folder=Gujarat2022&candidate_id=6245&col=lia
1423,5292,Sondarva Jignasha Maheshbhai,https://myneta.info/Gujarat2022/candidate.php?candidate_id=5292,GANDHIDHAM (SC),IND,0,8th Pass,"Rs 7,000 ~ 7 Thou+",Rs 0 ~
1424,6354,Soni Nitinkumar,https://myneta.info/Gujarat2022/candidate.php?candidate_id=6354,DEESA,Praja Vijay Paksh,0,10th Pass,"Rs 34,79,011 ~ 34 Lacs+",Rs 0 ~
1425,5562,Sonrat Lakhubhai Jethsurbhai,https://myneta.info/Gujarat2022/candidate.php?candidate_id=5562,GARIADHAR,Rashtriya Power Party,0,Post Graduate,"Rs 18,321 ~ 18 Thou+",Rs 0 ~
1426,5223,Sosa Balubhai Pithabhai,https://myneta.info/Gujarat2022/candidate.php?candidate_id=5223,KODINAR (SC),BSP,0,8th Pass,"Rs 2,92,000 ~ 2 Lacs+",Rs 0 ~
1427,5356,Subhashbhai Radkabhai Patel,https://myneta.info/Gujarat2022/candidate.php?candidate_id=5356,KAPRADA (ST),Rashtriya Samaj Paksha,0,10th Pass,"Rs 33,78,000 ~ 33 Lacs+","Rs 7,00,000 ~ 7 Lacs+"
1428,4881,Sudhirbhai Vaghani,https://myneta.info/Gujarat2022/candidate.php?candidate_id=4881,GARIADHAR,AAP,0,8th Pass,"Rs 19,03,940 ~ 19 Lacs+",Rs 0 ~
1429,6209,Suhag Panchal,https://myneta.info/Gujarat2022/candidate.php?candidate_id=6209,DAHEGAM,AAP,0,Graduate,"Rs 2,31,87,091 ~ 2 Crore+","Rs 23,63,826 ~ 23 Lacs+"
1430,6616,Sujith Diwakar Pandey,https://myneta.info/Gujarat2022/candidate.php?candidate_id=6616,VATVA,IND,1,12th Pass,"Rs 3,10,044 ~ 3 Lacs+","Rs 1,55,000 ~ 1 Lacs+"
1431,5978,Sukhrambhai Hariyabhai Rathwa,https://myneta.info/Gujarat2022/candidate.php?candidate_id=5978,JETPUR (ST),INC,1,10th Pass,https://myneta.info/image_v2.php?myneta_folder=Gujarat2022&candidate_id=5978&col=ta,https://myneta.info/image_v2.php?myneta_folder=Gujarat2022&candidate_id=5978&col=lia
1432,5623,Suleman Patel,https://myneta.info/Gujarat2022/candidate.php?candidate_id=5623,VAGRA,INC,0,10th Pass,"Rs 5,12,43,592 ~ 5 Crore+","Rs 52,50,000 ~ 52 Lacs+"
1433,5793,Sulemanbhai Mohmadbhai Patel,https://myneta.info/Gujarat2022/candidate.php?candidate_id=5793,MANGROL,All India Majlis-E-Ittehadul Muslimeen,1,Graduate,"Rs 5,61,85,000 ~ 5 Crore+","Rs 1,27,00,000 ~ 1 Crore+"
1434,6319,Sundhiya Kalpeshkumar Rameshbhai,https://myneta.info/Gujarat2022/candidate.php?candidate_id=6319,VADGAM (SC),All India Majlis-E-Ittehadul Muslimeen,0,12th Pass,"Rs 3,54,600 ~ 3 Lacs+",Rs 0 ~
1435,5405,Sunilbhai Nagajibhai Gamit,https://myneta.info/Gujarat2022/candidate.php?candidate_id=5405,VYARA (ST),Bhartiya Tribal Party,0,Graduate Professional,"Rs 10,00,000 ~ 10 Lacs+",Rs 0 ~
1436,4952,Sunilbhai Ratanjibhai Gamit,https://myneta.info/Gujarat2022/candidate.php?candidate_id=4952,NIZAR (ST),INC,0,Graduate,"Rs 66,29,086 ~ 66 Lacs+","Rs 25,86,585 ~ 25 Lacs+"
1437,5239,Surela Laljibhai Khodabhai,https://myneta.info/Gujarat2022/candidate.php?candidate_id=5239,DHRANGADHRA,IND,1,Literate,"Rs 85,49,500 ~ 85 Lacs+","Rs 13,82,678 ~ 13 Lacs+"
1438,6626,Surendrabhai Keshavlal Shah,https://myneta.info/Gujarat2022/candidate.php?candidate_id=6626,ELLISBRIDGE,Right to Recall Party,0,12th Pass,"Rs 35,16,000 ~ 35 Lacs+",Rs 0 ~
1439,5434,Suresh Mohan Sonvane,https://myneta.info/Gujarat2022/candidate.php?candidate_id=5434,UDHNA,BSP,0,10th Pass,"Rs 1,74,09,000 ~ 1 Crore+","Rs 8,00,000 ~ 8 Lacs+"
1440,5212,Sureshbhai,https://myneta.info/Gujarat2022/candidate.php?candidate_id=5212,SHEHRA,Bhartiya Jan Parishad,0,12th Pass,https://myneta.info/image_v2.php?myneta_folder=Gujarat2022&candidate_id=5212&col=ta,https://myneta.info/image_v2.php?myneta_folder=Gujarat2022&candidate_id=5212&col=lia
1441,5369,Sureshbhai Ballubhai Patel,https://myneta.info/Gujarat2022/candidate.php?candidate_id=5369,DHARAMPUR (ST),Bhartiya Tribal Party,3,10th Pass,"Rs 8,70,000 ~ 8 Lacs+",Rs 0 ~
1442,5615,Sureshbhai Dahyabhai Parmar,https://myneta.info/Gujarat2022/candidate.php?candidate_id=5615,JAMBUSAR,IND,0,8th Pass,"Rs 10,000 ~ 10 Thou+",Rs 0 ~
1443,5505,Sureshbhai Dilubhai Parmar,https://myneta.info/Gujarat2022/candidate.php?candidate_id=5505,DHARI,Rashtriya Power Party,1,5th Pass,"Rs 2,01,000 ~ 2 Lacs+",Rs 0 ~
1444,6509,Sureshbhai Ravjibhai Thakor,https://myneta.info/Gujarat2022/candidate.php?candidate_id=6509,BORSAD,Log Party,0,8th Pass,"Rs 2,67,000 ~ 2 Lacs+",Rs 0 ~
1445,5259,Sureshkumar Jivanbhai Gamit,https://myneta.info/Gujarat2022/candidate.php?candidate_id=5259,MANDVI (ST),IND,0,8th Pass,"Rs 11,05,397 ~ 11 Lacs+",Rs 0 ~
1446,5926,Sureshkumar Trikamaji Devda,https://myneta.info/Gujarat2022/candidate.php?candidate_id=5926,DHANERA,AAP,0,Graduate,"Rs 34,28,927 ~ 34 Lacs+","Rs 34,86,403 ~ 34 Lacs+"
1447,4956,Sushilaben Rameshbhai Wagh,https://myneta.info/Gujarat2022/candidate.php?candidate_id=4956,BARDOLI (SC),BSP,0,Graduate Professional,"Rs 1,50,75,000 ~ 1 Crore+","Rs 5,66,000 ~ 5 Lacs+"
1448,6651,Suthar Amit,https://myneta.info/Gujarat2022/candidate.php?candidate_id=6651,NARODA,IND,0,10th Pass,"Rs 56,000 ~ 56 Thou+",Rs 0 ~
1449,6129,Suthar Nimishaben Manharsinh,https://myneta.info/Gujarat2022/candidate.php?candidate_id=6129,MORVA HADAF (ST),BJP,0,12th Pass,https://myneta.info/image_v2.php?myneta_folder=Gujarat2022&candidate_id=6129&col=ta,https://myneta.info/image_v2.php?myneta_folder=Gujarat2022&candidate_id=6129&col=lia
1450,6046,Swejal Bharatbhai Vyas,https://myneta.info/Gujarat2022/candidate.php?candidate_id=6046,SAYAJIGUNJ,AAP,0,12th Pass,"Rs 60,35,753 ~ 60 Lacs+",Rs 0 ~
1451,5976,Tadvi Ranjanbhai Kanchanbhai,https://myneta.info/Gujarat2022/candidate.php?candidate_id=5976,SANKHEDA (ST),AAP,0,Graduate Professional,"Rs 22,29,209 ~ 22 Lacs+","Rs 84,249 ~ 84 Thou+"
1452,6265,Tajmohammed Habibbhai Kureshi,https://myneta.info/Gujarat2022/candidate.php?candidate_id=6265,DARIAPUR,AAP,1,12th Pass,"Rs 12,67,000 ~ 12 Lacs+","Rs 4,62,000 ~ 4 Lacs+"
1453,6126,Takhatsinh,https://myneta.info/Gujarat2022/candidate.php?candidate_id=6126,SHEHRA,AAP,2,10th Pass,"Rs 1,10,24,416 ~ 1 Crore+",Rs 0 ~
1454,5622,Talati Mustak Ismail,https://myneta.info/Gujarat2022/candidate.php?candidate_id=5622,VAGRA,IND,2,8th Pass,"Rs 74,29,202 ~ 74 Lacs+","Rs 5,15,000 ~ 5 Lacs+"
1455,6535,Talpada Somabhai Zenabhai,https://myneta.info/Gujarat2022/candidate.php?candidate_id=6535,PETLAD,Right to Recall Party,0,5th Pass,"Rs 10,28,100 ~ 10 Lacs+",Rs 0 ~
1456,6370,Tanna Girdharibhai Chunilal,https://myneta.info/Gujarat2022/candidate.php?candidate_id=6370,RADHANPUR,IND,0,10th Pass,"Rs 74,89,100 ~ 74 Lacs+","Rs 29,29,000 ~ 29 Lacs+"
1457,6609,Tanveeruddin Ilmuddin Shaikh,https://myneta.info/Gujarat2022/candidate.php?candidate_id=6609,VEJALPUR,IND,0,Graduate,"Rs 1,03,04,516 ~ 1 Crore+","Rs 32,68,000 ~ 32 Lacs+"
1458,6419,Taraben Rameshbhai Makwana,https://myneta.info/Gujarat2022/candidate.php?candidate_id=6419,MAHESANA,IND,0,Literate,https://myneta.info/image_v2.php?myneta_folder=Gujarat2022&candidate_id=6419&col=ta,https://myneta.info/image_v2.php?myneta_folder=Gujarat2022&candidate_id=6419&col=lia
1459,6639,Tatad Archanaben Gautambhai,https://myneta.info/Gujarat2022/candidate.php?candidate_id=6639,NARODA,Jan Sewa Driver Party,3,8th Pass,"Rs 27,53,506 ~ 27 Lacs+","Rs 1,18,236 ~ 1 Lacs+"
1460,4924,Tejasbhai Bhikhabhai Gajipara,https://myneta.info/Gujarat2022/candidate.php?candidate_id=4924,JASDAN,AAP,0,12th Pass,"Rs 3,57,49,471 ~ 3 Crore+","Rs 58,61,749 ~ 58 Lacs+"
1461,5965,Thakor Amrutji(Bhopaji) Babuji,https://myneta.info/Gujarat2022/candidate.php?candidate_id=5965,BECHARAJI,INC,4,5th Pass,"Rs 1,38,54,547 ~ 1 Crore+","Rs 26,91,569 ~ 26 Lacs+"
1462,6416,Thakor Arjanji Mohanji,https://myneta.info/Gujarat2022/candidate.php?candidate_id=6416,MAHESANA,IND,1,10th Pass,"Rs 1,10,33,387 ~ 1 Crore+","Rs 2,70,000 ~ 2 Lacs+"
1463,6705,Thakor Arvindkumar Ranchhodbhai,https://myneta.info/Gujarat2022/candidate.php?candidate_id=6705,DHOLKA,Garvi Gujarat Party,0,8th Pass,"Rs 24,20,000 ~ 24 Lacs+","Rs 6,52,000 ~ 6 Lacs+"
1464,6459,Thakor Aswinbhai Talaji,https://myneta.info/Gujarat2022/candidate.php?candidate_id=6459,MANSA,IND,0,10th Pass,"Rs 12,000 ~ 12 Thou+",Rs 0 ~
1465,6462,Thakor Bhupatsinh Khodaji,https://myneta.info/Gujarat2022/candidate.php?candidate_id=6462,KALOL-GANDHINAGAR,Garvi Gujarat Party,0,Graduate Professional,"Rs 83,05,500 ~ 83 Lacs+","Rs 1,37,13,000 ~ 1 Crore+"
1466,6450,Thakor Dharmesh (Dhambha Thakor),https://myneta.info/Gujarat2022/candidate.php?candidate_id=6450,GANDHINAGAR NORTH,Garvi Gujarat Party,0,Graduate Professional,"Rs 83,80,989 ~ 83 Lacs+","Rs 40,000 ~ 40 Thou+"
1467,5949,Thakor Dineshbhai Ataji,https://myneta.info/Gujarat2022/candidate.php?candidate_id=5949,CHANASMA,INC,0,12th Pass,https://myneta.info/image_v2.php?myneta_folder=Gujarat2022&candidate_id=5949&col=ta,https://myneta.info/image_v2.php?myneta_folder=Gujarat2022&candidate_id=5949&col=lia
1468,6373,Thakor Diwanji Hemaji,https://myneta.info/Gujarat2022/candidate.php?candidate_id=6373,CHANASMA,Garvi Gujarat Party,0,5th Pass,"Rs 5,05,000 ~ 5 Lacs+",Rs 0 ~
1469,6363,Thakor Gandaji Manaji,https://myneta.info/Gujarat2022/candidate.php?candidate_id=6363,KANKREJ,IND,1,12th Pass,"Rs 8,35,000 ~ 8 Lacs+",Rs 0 ~
1470,5921,Thakor Geniben Nagaji,https://myneta.info/Gujarat2022/candidate.php?candidate_id=5921,VAV,INC,1,Graduate,"Rs 65,50,147 ~ 65 Lacs+","Rs 9,27,886 ~ 9 Lacs+"
1471,6378,Thakor Jayntiji Hiraji,https://myneta.info/Gujarat2022/candidate.php?candidate_id=6378,PATAN,Garvi Gujarat Party,0,Literate,"Rs 7,11,000 ~ 7 Lacs+","Rs 5,40,906 ~ 5 Lacs+"
1472,6417,Thakor Kamleshbhai Nenaji,https://myneta.info/Gujarat2022/candidate.php?candidate_id=6417,MAHESANA,IND,0,10th Pass,"Rs 11,40,748 ~ 11 Lacs+","Rs 5,00,000 ~ 5 Lacs+"
1473,5951,Thakor Lalabhai Raghubhai,https://myneta.info/Gujarat2022/candidate.php?candidate_id=5951,RADHANPUR,AAP,0,Post Graduate,"Rs 8,28,740 ~ 8 Lacs+","Rs 14,022 ~ 14 Thou+"
1474,6115,Thakor Laxmanji Punjaji (Bakaji),https://myneta.info/Gujarat2022/candidate.php?candidate_id=6115,KALOL-GANDHINAGAR,BJP,0,8th Pass,"Rs 12,32,44,200 ~ 12 Crore+","Rs 29,85,980 ~ 29 Lacs+"
1475,6339,Thakor Laxmiben Shureshbhai,https://myneta.info/Gujarat2022/candidate.php?candidate_id=6339,THARAD,IND,0,10th Pass,"Rs 1,81,000 ~ 1 Lacs+",Rs 0 ~
1476,6436,Thakor Pokarsinh Pratapsinh,https://myneta.info/Gujarat2022/candidate.php?candidate_id=6436,BAYAD,Log Party,0,Graduate Professional,https://myneta.info/image_v2.php?myneta_folder=Gujarat2022&candidate_id=6436&col=ta,https://myneta.info/image_v2.php?myneta_folder=Gujarat2022&candidate_id=6436&col=lia
1477,6465,Thakor Popatji Amaji,https://myneta.info/Gujarat2022/candidate.php?candidate_id=6465,KALOL-GANDHINAGAR,IND,3,5th Pass,"Rs 99,40,000 ~ 99 Lacs+","Rs 3,00,000 ~ 3 Lacs+"
1478,6379,Thakor Prahladsang Dhudaji,https://myneta.info/Gujarat2022/candidate.php?candidate_id=6379,PATAN,Jan Sewa Driver Party,3,8th Pass,"Rs 18,07,882 ~ 18 Lacs+","Rs 70,000 ~ 70 Thou+"
1479,6418,Thakor Pratapji Kadavaji,https://myneta.info/Gujarat2022/candidate.php?candidate_id=6418,MAHESANA,IND,0,8th Pass,"Rs 6,60,604 ~ 6 Lacs+","Rs 2,70,000 ~ 2 Lacs+"
1480,6200,Thakor Rajendrasinh Shivsinh,https://myneta.info/Gujarat2022/candidate.php?candidate_id=6200,MODASA,INC,0,Graduate,"Rs 3,06,09,199 ~ 3 Crore+","Rs 5,07,322 ~ 5 Lacs+"
1481,6581,Thakor Ramendrasinh Jashvantsinh,https://myneta.info/Gujarat2022/candidate.php?candidate_id=6581,KALOL-PANCHMAHALS,Praja Vijay Paksh,0,Post Graduate,"Rs 11,86,312 ~ 11 Lacs+","Rs 5,00,000 ~ 5 Lacs+"
1482,6304,Thakor Rameshji,https://myneta.info/Gujarat2022/candidate.php?candidate_id=6304,KHERALU,IND,0,Graduate,"Rs 36,67,000 ~ 36 Lacs+","Rs 7,00,000 ~ 7 Lacs+"
1483,6466,Thakor Ramsangji Kantiji,https://myneta.info/Gujarat2022/candidate.php?candidate_id=6466,KALOL-GANDHINAGAR,IND,0,Literate,"Rs 8,33,000 ~ 8 Lacs+",Rs 0 ~
1484,6305,Thakor Ramsinhji,https://myneta.info/Gujarat2022/candidate.php?candidate_id=6305,KHERALU,IND,0,Graduate,"Rs 2,28,17,104 ~ 2 Crore+",Rs 0 ~
1485,6391,Thakor Sanjayji,https://myneta.info/Gujarat2022/candidate.php?candidate_id=6391,SIDHPUR,Pachchasi Parivartan Samaj Party,0,8th Pass,https://myneta.info/image_v2.php?myneta_folder=Gujarat2022&candidate_id=6391&col=ta,https://myneta.info/image_v2.php?myneta_folder=Gujarat2022&candidate_id=6391&col=lia
1486,6401,Thakor Sanjayji Amaratji,https://myneta.info/Gujarat2022/candidate.php?candidate_id=6401,VISNAGAR,Rashtriya Hind Ekta Dal,0,5th Pass,"Rs 2,37,000 ~ 2 Lacs+","Rs 1,50,000 ~ 1 Lacs+"
1487,6537,Thakor Sanjaykumar Viththalbhai,https://myneta.info/Gujarat2022/candidate.php?candidate_id=6537,PETLAD,IND,0,12th Pass,"Rs 17,42,852 ~ 17 Lacs+",Rs 0 ~
1488,6381,Thakor Sarjiji Kanjiji,https://myneta.info/Gujarat2022/candidate.php?candidate_id=6381,PATAN,IND,0,8th Pass,"Rs 36,62,447 ~ 36 Lacs+","Rs 20,00,000 ~ 20 Lacs+"
1489,6329,Thakor Shaileshsinh Kirtisinh,https://myneta.info/Gujarat2022/candidate.php?candidate_id=6329,BECHARAJI,IND,0,5th Pass,"Rs 62,262 ~ 62 Thou+","Rs 20,89,546 ~ 20 Lacs+"
1490,6403,Thakor Shankarji Mafaji,https://myneta.info/Gujarat2022/candidate.php?candidate_id=6403,VISNAGAR,IND,1,Literate,"Rs 3,30,000 ~ 3 Lacs+",Rs 0 ~
1491,5919,Thakor Swarupji Sardarji,https://myneta.info/Gujarat2022/candidate.php?candidate_id=5919,VAV,BJP,0,10th Pass,"Rs 61,21,794 ~ 61 Lacs+","Rs 47,23,876 ~ 47 Lacs+"
1492,6369,Thakor Versiji Dhamaji,https://myneta.info/Gujarat2022/candidate.php?candidate_id=6369,RADHANPUR,IND,0,Literate,"Rs 34,90,000 ~ 34 Lacs+",Rs 0 ~
1493,6399,Thakor Vishnuji Nenaji (Master),https://myneta.info/Gujarat2022/candidate.php?candidate_id=6399,VISNAGAR,Right to Recall Party,0,Others,"Rs 20,000 ~ 20 Thou+",Rs 0 ~
1494,4986,Theba Husen Mamad,https://myneta.info/Gujarat2022/candidate.php?candidate_id=4986,BHUJ,IND,0,Literate,https://myneta.info/image_v2.php?myneta_folder=Gujarat2022&candidate_id=4986&col=ta,https://myneta.info/image_v2.php?myneta_folder=Gujarat2022&candidate_id=4986&col=lia
1495,6738,Tiwari Akash Rammilan,https://myneta.info/Gujarat2022/candidate.php?candidate_id=6738,BAPUNAGAR,Jan Sangharsh Virat Party,2,Graduate Professional,"Rs 18,080 ~ 18 Thou+",Rs 0 ~
1496,6527,Tofikmiya Fakrumiya Malek,https://myneta.info/Gujarat2022/candidate.php?candidate_id=6527,ANAND,IND,2,5th Pass,"Rs 25,84,938 ~ 25 Lacs+","Rs 21,61,282 ~ 21 Lacs+"
1497,6528,Tosifbhai Mustufabhai Vhora (Hafeji),https://myneta.info/Gujarat2022/candidate.php?candidate_id=6528,ANAND,IND,0,5th Pass,"Rs 18,15,544 ~ 18 Lacs+","Rs 72,502 ~ 72 Thou+"
1498,6591,Trentiya Rakeshkumar Arvindbhai,https://myneta.info/Gujarat2022/candidate.php?candidate_id=6591,VIRAMGAM,Pachchasi Parivartan Samaj Party,0,Graduate Professional,"Rs 1,03,32,286 ~ 1 Crore+","Rs 7,38,924 ~ 7 Lacs+"
1499,6022,Tribhuvan Bhila Patil,https://myneta.info/Gujarat2022/candidate.php?candidate_id=6022,MANJALPUR,Bhartiya Jan Parishad,0,Post Graduate,"Rs 1,06,96,000 ~ 1 Crore+","Rs 31,22,085 ~ 31 Lacs+"
1500,6718,Tulashibhai Puranbhai Solanki,https://myneta.info/Gujarat2022/candidate.php?candidate_id=6718,DHANDHUKA,Right to Recall Party,0,5th Pass,"Rs 28,064 ~ 28 Thou+",Rs 0 ~
1501,5003,Uday Kangad,https://myneta.info/Gujarat2022/candidate.php?candidate_id=5003,RAJKOT EAST,BJP,1,8th Pass,"Rs 9,79,41,686 ~ 9 Crore+","Rs 1,59,89,530 ~ 1 Crore+"
1502,6140,Udesinh Rayjibhai Chauhan,https://myneta.info/Gujarat2022/candidate.php?candidate_id=6140,BALASINOR,AAP,0,Graduate Professional,"Rs 74,93,561 ~ 74 Lacs+","Rs 7,84,000 ~ 7 Lacs+"
1503,6422,Ujaskumar Rameshbhai Patel,https://myneta.info/Gujarat2022/candidate.php?candidate_id=6422,VIJAPUR,IND,0,12th Pass,https://myneta.info/image_v2.php?myneta_folder=Gujarat2022&candidate_id=6422&col=ta,https://myneta.info/image_v2.php?myneta_folder=Gujarat2022&candidate_id=6422&col=lia
1504,5406,Umedbhai Bhimsingbhai Gamit,https://myneta.info/Gujarat2022/candidate.php?candidate_id=5406,VYARA (ST),IND,0,8th Pass,"Rs 2,40,000 ~ 2 Lacs+",Rs 0 ~
1505,6286,Umedji Budhaji Zala,https://myneta.info/Gujarat2022/candidate.php?candidate_id=6286,DASKROI,INC,0,8th Pass,"Rs 1,79,78,354 ~ 1 Crore+","Rs 9,00,000 ~ 9 Lacs+"
1506,6464,Upasak Mahendrasheel Somabhai (B.R.P.),https://myneta.info/Gujarat2022/candidate.php?candidate_id=6464,KALOL-GANDHINAGAR,IND,0,8th Pass,"Rs 54,34,000 ~ 54 Lacs+","Rs 15,00,000 ~ 15 Lacs+"
1507,5385,Upeshkumar Mohanbhai Patel,https://myneta.info/Gujarat2022/candidate.php?candidate_id=5385,NAVSARI,AAP,0,12th Pass,"Rs 37,06,431 ~ 37 Lacs+","Rs 25,55,501 ~ 25 Lacs+"
1508,5630,Urmilaben Mukeshbhai Bhagat,https://myneta.info/Gujarat2022/candidate.php?candidate_id=5630,JHAGADIA (ST),AAP,0,Graduate Professional,"Rs 80,75,356 ~ 80 Lacs+","Rs 10,86,000 ~ 10 Lacs+"
1509,6421,Urvashiben Dipakbhai Patel,https://myneta.info/Gujarat2022/candidate.php?candidate_id=6421,VIJAPUR,Rashtriya Hind Ekta Dal,0,10th Pass,"Rs 3,50,000 ~ 3 Lacs+",Rs 0 ~
1510,5960,Urvishkumar Babubhai Patel,https://myneta.info/Gujarat2022/candidate.php?candidate_id=5960,UNJHA,AAP,0,Graduate,"Rs 56,37,842 ~ 56 Lacs+",Rs 0 ~
1511,5116,Uthar Razak Alimamad,https://myneta.info/Gujarat2022/candidate.php?candidate_id=5116,ABDASA,IND,1,Graduate,"Rs 15,61,000 ~ 15 Lacs+","Rs 3,00,000 ~ 3 Lacs+"
1512,5263,Vachhiya Lakhmir Rabari,https://myneta.info/Gujarat2022/candidate.php?candidate_id=5263,MANDVI,Praja Vijay Paksh,0,5th Pass,https://myneta.info/image_v2.php?myneta_folder=Gujarat2022&candidate_id=5263&col=ta,https://myneta.info/image_v2.php?myneta_folder=Gujarat2022&candidate_id=5263&col=lia
1513,5694,Vadhel Dipsinh Govindbhai,https://myneta.info/Gujarat2022/candidate.php?candidate_id=5694,KODINAR (SC),IND,0,12th Pass,"Rs 3,10,500 ~ 3 Lacs+",Rs 0 ~
1514,5136,Vagh Harsurbhai Valerabhai,https://myneta.info/Gujarat2022/candidate.php?candidate_id=5136,RAJULA,IND,0,5th Pass,"Rs 4,05,000 ~ 4 Lacs+",Rs 0 ~
1515,5099,Vagh Shivabhai Bhanabhai,https://myneta.info/Gujarat2022/candidate.php?candidate_id=5099,RAJULA,IND,0,5th Pass,"Rs 6,55,000 ~ 6 Lacs+",Rs 0 ~
1516,6525,Vaghari Ganpatbhai Jesangbhai,https://myneta.info/Gujarat2022/candidate.php?candidate_id=6525,ANAND,Log Party,0,Literate,"Rs 50,000 ~ 50 Thou+",Rs 0 ~
1517,6754,Vaghari Kanubhai Govindbhai,https://myneta.info/Gujarat2022/candidate.php?candidate_id=6754,SANAND,IND,1,5th Pass,"Rs 26,16,000 ~ 26 Lacs+","Rs 1,40,000 ~ 1 Lacs+"
1518,5351,Vaghat Ravindrabhai Somabhai,https://myneta.info/Gujarat2022/candidate.php?candidate_id=5351,UMBERGAON (ST),Bhartiya Tribal Party,0,10th Pass,"Rs 30,000 ~ 30 Thou+",Rs 0 ~
1519,6751,Vaghela Alpeshsinh Surubha,https://myneta.info/Gujarat2022/candidate.php?candidate_id=6751,SANAND,IND,1,Graduate,"Rs 31,25,000 ~ 31 Lacs+",Rs 0 ~
1520,6752,Vaghela Bhailalbhai Chhelabhai,https://myneta.info/Gujarat2022/candidate.php?candidate_id=6752,SANAND,IND,1,8th Pass,"Rs 2,60,350 ~ 2 Lacs+","Rs 1,00,000 ~ 1 Lacs+"
1521,6432,Vaghela Dhanjibhai Hirabhai,https://myneta.info/Gujarat2022/candidate.php?candidate_id=6432,MODASA,IND,0,Graduate,https://myneta.info/image_v2.php?myneta_folder=Gujarat2022&candidate_id=6432&col=ta,https://myneta.info/image_v2.php?myneta_folder=Gujarat2022&candidate_id=6432&col=lia
1522,5443,Vaghela Dinesh,https://myneta.info/Gujarat2022/candidate.php?candidate_id=5443,KARANJ,National Maha Sabha Party,0,Literate,"Rs 5,85,000 ~ 5 Lacs+","Rs 7,75,000 ~ 7 Lacs+"
1523,6359,Vaghela Gajubha Mohansing,https://myneta.info/Gujarat2022/candidate.php?candidate_id=6359,DEESA,IND,1,12th Pass,"Rs 25,13,014 ~ 25 Lacs+","Rs 5,85,000 ~ 5 Lacs+"
1524,5941,Vaghela Kirtisinh Prabhatsinh,https://myneta.info/Gujarat2022/candidate.php?candidate_id=5941,KANKREJ,BJP,0,Graduate,"Rs 1,28,93,271 ~ 1 Crore+","Rs 23,00,000 ~ 23 Lacs+"
1525,4878,Vaghela Mansukhbhai Nathabhai,https://myneta.info/Gujarat2022/candidate.php?candidate_id=4878,VISAVADAR,BSP,0,8th Pass,"Rs 6,39,000 ~ 6 Lacs+",Rs 0 ~
1526,6711,Vaghela Ramanbhai Kaljibhai,https://myneta.info/Gujarat2022/candidate.php?candidate_id=6711,DHOLKA,IND,0,10th Pass,"Rs 33,818 ~ 33 Thou+",Rs 0 ~
1527,6469,Vaghela Rameshbhai Devjibhai,https://myneta.info/Gujarat2022/candidate.php?candidate_id=6469,KALOL-GANDHINAGAR,IND,1,5th Pass,"Rs 47,000 ~ 47 Thou+",Rs 0 ~
1528,6714,Vaghela Rameshbhai Virsangbhai,https://myneta.info/Gujarat2022/candidate.php?candidate_id=6714,DHANDHUKA,IND,0,Literate,"Rs 12,00,000 ~ 12 Lacs+","Rs 4,80,000 ~ 4 Lacs+"
1529,6112,Vaghela Satishkumar Rameshbhai,https://myneta.info/Gujarat2022/candidate.php?candidate_id=6112,KALOL-PANCHMAHALS,BSP,0,10th Pass,"Rs 9,75,000 ~ 9 Lacs+","Rs 3,50,000 ~ 3 Lacs+"
1530,5325,Vaghela Tulshibhai Shivabhai,https://myneta.info/Gujarat2022/candidate.php?candidate_id=5325,WADHWAN,IND,0,10th Pass,https://myneta.info/image_v2.php?myneta_folder=Gujarat2022&candidate_id=5325&col=ta,https://myneta.info/image_v2.php?myneta_folder=Gujarat2022&candidate_id=5325&col=lia
1531,6688,Vaghela Vasantbhai Khodidas,https://myneta.info/Gujarat2022/candidate.php?candidate_id=6688,DANILIMDA (SC),Swatantrata Abhivyakti Party,0,8th Pass,"Rs 25,000 ~ 25 Thou+",Rs 0 ~
1532,6689,Vaghela Vikrambhai Mangalbhai,https://myneta.info/Gujarat2022/candidate.php?candidate_id=6689,DANILIMDA (SC),Rashtriya Power Party,0,8th Pass,"Rs 12,77,500 ~ 12 Lacs+",Rs 0 ~
1533,4991,Vaghjibhai Karshanbhai Kaila,https://myneta.info/Gujarat2022/candidate.php?candidate_id=4991,DHRANGADHRA,AAP,0,8th Pass,"Rs 56,25,000 ~ 56 Lacs+","Rs 18,43,071 ~ 18 Lacs+"
1534,6552,Vahora Aiyubbhai Hajibhai,https://myneta.info/Gujarat2022/candidate.php?candidate_id=6552,NADIAD,IND,0,10th Pass,"Rs 12,80,000 ~ 12 Lacs+",Rs 0 ~
1535,5359,Vaichandbhai Lallubhai Patel,https://myneta.info/Gujarat2022/candidate.php?candidate_id=5359,KAPRADA (ST),BSP,0,Post Graduate,"Rs 4,62,383 ~ 4 Lacs+",Rs 0 ~
1536,6310,Vajidhusen Abbasmiya Malek,https://myneta.info/Gujarat2022/candidate.php?candidate_id=6310,MAHUDHA,IND,0,10th Pass,"Rs 7,80,000 ~ 7 Lacs+",Rs 0 ~
1537,6071,Vakhala Bharatsinh Pratapbhai,https://myneta.info/Gujarat2022/candidate.php?candidate_id=6071,DEVGADHBARIA,AAP,3,12th Pass,"Rs 39,57,596 ~ 39 Lacs+","Rs 42,38,599 ~ 42 Lacs+"
1538,5699,Vala Bhanjibhai,https://myneta.info/Gujarat2022/candidate.php?candidate_id=5699,UNA,IND,0,8th Pass,"Rs 15,91,000 ~ 15 Lacs+",Rs 0 ~
1539,5639,Vala Hamir Makvana,https://myneta.info/Gujarat2022/candidate.php?candidate_id=5639,KHAMBHALIA,IND,0,8th Pass,https://myneta.info/image_v2.php?myneta_folder=Gujarat2022&candidate_id=5639&col=ta,https://myneta.info/image_v2.php?myneta_folder=Gujarat2022&candidate_id=5639&col=lia
1540,5507,Vala Upendrabhai Valkubhai,https://myneta.info/Gujarat2022/candidate.php?candidate_id=5507,DHARI,IND,1,10th Pass,"Rs 39,57,133 ~ 39 Lacs+",Rs 0 ~
1541,6302,Valjibhai,https://myneta.info/Gujarat2022/candidate.php?candidate_id=6302,KHERALU,Log Party,0,Graduate,"Rs 17,00,500 ~ 17 Lacs+",Rs 0 ~
1542,5100,Valjibhai Karshanbhai Makvana,https://myneta.info/Gujarat2022/candidate.php?candidate_id=5100,KODINAR (SC),AAP,0,10th Pass,"Rs 14,22,557 ~ 14 Lacs+",Rs 0 ~
1543,5825,Vallabhbhai Karsanbhai Vaghela,https://myneta.info/Gujarat2022/candidate.php?candidate_id=5825,WANKANER,IND,0,Illiterate,"Rs 1,31,000 ~ 1 Lacs+",Rs 0 ~
1544,5300,Vaniya Tejabhai Gelabhai,https://myneta.info/Gujarat2022/candidate.php?candidate_id=5300,RAPAR,IND,0,Literate,"Rs 2,92,000 ~ 2 Lacs+",Rs 0 ~
1545,6584,Vankar Dahyabhai Jesingbhai,https://myneta.info/Gujarat2022/candidate.php?candidate_id=6584,KALOL-PANCHMAHALS,IND,0,8th Pass,"Rs 5,15,100 ~ 5 Lacs+","Rs 1,87,883 ~ 1 Lacs+"
1546,6697,Vankar Vasantkumar Nagjibhai (Upesh),https://myneta.info/Gujarat2022/candidate.php?candidate_id=6697,ASARWA (SC),Bhartiya Jan Parishad,0,10th Pass,"Rs 19,47,865 ~ 19 Lacs+","Rs 2,00,000 ~ 2 Lacs+"
1547,6548,Vankawala Imranbhai Bilalbhai,https://myneta.info/Gujarat2022/candidate.php?candidate_id=6548,NADIAD,Right to Recall Party,0,12th Pass,"Rs 20,000 ~ 20 Thou+",Rs 0 ~
1548,5703,Vansh Balubhai,https://myneta.info/Gujarat2022/candidate.php?candidate_id=5703,UNA,IND,0,5th Pass,https://myneta.info/image_v2.php?myneta_folder=Gujarat2022&candidate_id=5703&col=ta,https://myneta.info/image_v2.php?myneta_folder=Gujarat2022&candidate_id=5703&col=lia
1549,4884,Vansh Punjabhai,https://myneta.info/Gujarat2022/candidate.php?candidate_id=4884,UNA,INC,0,12th Pass,"Rs 3,74,02,796 ~ 3 Crore+","Rs 1,23,96,957 ~ 1 Crore+"
1550,6343,Varan Manubhai Valabhai,https://myneta.info/Gujarat2022/candidate.php?candidate_id=6343,THARAD,IND,0,Graduate Professional,"Rs 28,000 ~ 28 Thou+",Rs 0 ~
1551,6486,Varsanbhai Fuljibhai Rathwa,https://myneta.info/Gujarat2022/candidate.php?candidate_id=6486,JETPUR (ST),IND,0,Post Graduate,"Rs 1,08,68,000 ~ 1 Crore+","Rs 30,00,000 ~ 30 Lacs+"
1552,6307,Varunkumar Kalyansinh Katara,https://myneta.info/Gujarat2022/candidate.php?candidate_id=6307,BHILODA (ST),Gunj Satya Ni Janata Party,0,12th Pass,"Rs 50,000 ~ 50 Thou+",Rs 0 ~
1553,6049,Vasaikar Nilesh Jagannathbhai,https://myneta.info/Gujarat2022/candidate.php?candidate_id=6049,VADODARA CITY (SC),Satyawadi Rakshak Party,0,Graduate,"Rs 6,200 ~ 6 Thou+",Rs 0 ~
1554,5355,Vasantbhai Barjulbhai Patel,https://myneta.info/Gujarat2022/candidate.php?candidate_id=5355,KAPRADA (ST),INC,2,Graduate Professional,"Rs 1,39,13,960 ~ 1 Crore+","Rs 28,03,100 ~ 28 Lacs+"
1555,5256,Vasantbhai Valji Khetani,https://myneta.info/Gujarat2022/candidate.php?candidate_id=5256,ABDASA,AAP,1,8th Pass,"Rs 31,67,778 ~ 31 Lacs+",Rs 0 ~
1556,5078,Vasava Bhagatsinh Jesingbhai,https://myneta.info/Gujarat2022/candidate.php?candidate_id=5078,BHARUCH,IND,0,Graduate Professional,"Rs 36,20,120 ~ 36 Lacs+","Rs 4,78,000 ~ 4 Lacs+"
1557,5631,Vasava Chhotubhai Amarsinh,https://myneta.info/Gujarat2022/candidate.php?candidate_id=5631,JHAGADIA (ST),IND,0,10th Pass,https://myneta.info/image_v2.php?myneta_folder=Gujarat2022&candidate_id=5631&col=ta,https://myneta.info/image_v2.php?myneta_folder=Gujarat2022&candidate_id=5631&col=lia
1558,5629,Vasava Ranjitsinh Ganpatsinh,https://myneta.info/Gujarat2022/candidate.php?candidate_id=5629,JHAGADIA (ST),IND,0,12th Pass,"Rs 2,50,000 ~ 2 Lacs+",Rs 0 ~
1559,5900,Vasava Subhashbhai Kanjibhai,https://myneta.info/Gujarat2022/candidate.php?candidate_id=5900,MANGROL (ST),Bhartiya Tribal Party,0,8th Pass,"Rs 1,50,000 ~ 1 Lacs+",Rs 0 ~
1560,4865,Vasava Sureshbhai Gordhandas,https://myneta.info/Gujarat2022/candidate.php?candidate_id=4865,BHARUCH,IND,0,5th Pass,"Rs 20,27,000 ~ 20 Lacs+",Rs 0 ~
1561,5167,Vasava Vinodkumar,https://myneta.info/Gujarat2022/candidate.php?candidate_id=5167,CHORYASI,Gana Suraksha Party,0,Post Graduate,"Rs 39,18,800 ~ 39 Lacs+","Rs 62,000 ~ 62 Thou+"
1562,5014,Vashrambhai Sagathiya,https://myneta.info/Gujarat2022/candidate.php?candidate_id=5014,RAJKOT RURAL (SC),AAP,2,Graduate,"Rs 5,73,76,886 ~ 5 Crore+","Rs 10,69,232 ~ 10 Lacs+"
1563,5996,Vasim Shaikh,https://myneta.info/Gujarat2022/candidate.php?candidate_id=5996,LIMBAYAT,IND,0,Illiterate,"Rs 95,000 ~ 95 Thou+",Rs 0 ~
1564,6414,Vasudev Tribhovandas Parmar,https://myneta.info/Gujarat2022/candidate.php?candidate_id=6414,MAHESANA,BSP,0,12th Pass,"Rs 8,60,000 ~ 8 Lacs+",Rs 0 ~
1565,5853,Vegada Ramjibhai Govindbhai,https://myneta.info/Gujarat2022/candidate.php?candidate_id=5853,RAJKOT WEST,IND,0,12th Pass,"Rs 30,45,000 ~ 30 Lacs+",Rs 0 ~
1566,6712,Vhora Ikramudinbhai Bachubhai,https://myneta.info/Gujarat2022/candidate.php?candidate_id=6712,DHOLKA,IND,0,10th Pass,https://myneta.info/image_v2.php?myneta_folder=Gujarat2022&candidate_id=6712&col=ta,https://myneta.info/image_v2.php?myneta_folder=Gujarat2022&candidate_id=6712&col=lia
1567,6713,Vhora Salimbhai Ismailbhai,https://myneta.info/Gujarat2022/candidate.php?candidate_id=6713,DHOLKA,IND,0,10th Pass,"Rs 8,85,000 ~ 8 Lacs+","Rs 3,60,000 ~ 3 Lacs+"
1568,6702,Vidhyaben Bhailalbhai Pandav,https://myneta.info/Gujarat2022/candidate.php?candidate_id=6702,DHOLKA,BSP,0,12th Pass,"Rs 18,30,000 ~ 18 Lacs+",Rs 0 ~
1569,6744,Vijay Naranbhai Sengal,https://myneta.info/Gujarat2022/candidate.php?candidate_id=6744,BAPUNAGAR,Bahujan Suraksha Dal,0,12th Pass,"Rs 35,85,000 ~ 35 Lacs+","Rs 15,00,000 ~ 15 Lacs+"
1570,6230,Vijay Patel,https://myneta.info/Gujarat2022/candidate.php?candidate_id=6230,GHATLODIA,AAP,1,Post Graduate,"Rs 5,68,77,911 ~ 5 Crore+","Rs 61,39,866 ~ 61 Lacs+"
1571,5502,Vijaybhai Amrutbhai Chavda,https://myneta.info/Gujarat2022/candidate.php?candidate_id=5502,DHARI,Log Party,1,5th Pass,"Rs 5,60,000 ~ 5 Lacs+","Rs 60,000 ~ 60 Thou+"
1572,5159,Vijaybhai Rameshbhai Patel,https://myneta.info/Gujarat2022/candidate.php?candidate_id=5159,DANGS (ST),BJP,0,10th Pass,"Rs 1,99,13,199 ~ 1 Crore+","Rs 44,12,692 ~ 44 Lacs+"
1573,5901,Vijaybhai Rameshbhai Vasava,https://myneta.info/Gujarat2022/candidate.php?candidate_id=5901,OLPAD,Bhartiya Tribal Party,0,5th Pass,"Rs 11,71,367 ~ 11 Lacs+",Rs 0 ~
1574,6531,Vijaybhai Shantilal Jadav,https://myneta.info/Gujarat2022/candidate.php?candidate_id=6531,ANAND,IND,0,12th Pass,"Rs 5,00,000 ~ 5 Lacs+",Rs 0 ~
1575,6255,Vijaykumar C. Brahmabhatt (Vijay Barot),https://myneta.info/Gujarat2022/candidate.php?candidate_id=6255,THAKKARBAPA NAGAR,INC,0,12th Pass,https://myneta.info/image_v2.php?myneta_folder=Gujarat2022&candidate_id=6255&col=ta,https://myneta.info/image_v2.php?myneta_folder=Gujarat2022&candidate_id=6255&col=lia
1576,5245,Vijaykumar Dilipbhai Chavda,https://myneta.info/Gujarat2022/candidate.php?candidate_id=5245,DHRANGADHRA,IND,0,8th Pass,"Rs 8,50,000 ~ 8 Lacs+",Rs 0 ~
1577,6065,Vijaykumar Narvatsinh Chavda,https://myneta.info/Gujarat2022/candidate.php?candidate_id=6065,SAVLI,AAP,0,Graduate,"Rs 51,33,955 ~ 51 Lacs+","Rs 18,82,000 ~ 18 Lacs+"
1578,6491,Vijaysinh Dalpatsinh Mahida,https://myneta.info/Gujarat2022/candidate.php?candidate_id=6491,SAVLI,IND,0,5th Pass,"Rs 54,30,000 ~ 54 Lacs+","Rs 1,00,000 ~ 1 Lacs+"
1579,5637,Vijaysinh Thakorbhai Patel (Vallabhdas),https://myneta.info/Gujarat2022/candidate.php?candidate_id=5637,ANKLESHWAR,INC,2,Graduate,"Rs 2,63,57,525 ~ 2 Crore+","Rs 5,14,286 ~ 5 Lacs+"
1580,5538,Vijyaben Girishbhai Parmar,https://myneta.info/Gujarat2022/candidate.php?candidate_id=5538,RAJULA,IND,0,Illiterate,"Rs 2,42,202 ~ 2 Lacs+",Rs 0 ~
1581,4997,Vikram Sorani,https://myneta.info/Gujarat2022/candidate.php?candidate_id=4997,WANKANER,AAP,0,8th Pass,"Rs 4,50,000 ~ 4 Lacs+","Rs 20,831 ~ 20 Thou+"
1582,5415,Vimal Raju Uttpure,https://myneta.info/Gujarat2022/candidate.php?candidate_id=5415,SURAT WEST,BSP,0,5th Pass,"Rs 41,000 ~ 41 Thou+",Rs 0 ~
1583,5160,Vinabhai Bablabhai Gamit,https://myneta.info/Gujarat2022/candidate.php?candidate_id=5160,NIZAR (ST),IND,0,Literate,"Rs 2,17,200 ~ 2 Lacs+",Rs 0 ~
1584,6263,Vinay Nandlal Gupta,https://myneta.info/Gujarat2022/candidate.php?candidate_id=6263,AMRAIWADI,AAP,0,12th Pass,https://myneta.info/image_v2.php?myneta_folder=Gujarat2022&candidate_id=6263&col=ta,https://myneta.info/image_v2.php?myneta_folder=Gujarat2022&candidate_id=6263&col=lia
1585,6184,Vinendrasinh Dilipsinh Zala,https://myneta.info/Gujarat2022/candidate.php?candidate_id=6184,HIMATNAGAR,BJP,0,Graduate Professional,"Rs 8,52,27,967 ~ 8 Crore+","Rs 2,02,491 ~ 2 Lacs+"
1586,4961,Vinodbhai Amarshibhai Moradiya,https://myneta.info/Gujarat2022/candidate.php?candidate_id=4961,KATARGAM,BJP,0,10th Pass,"Rs 5,06,79,368 ~ 5 Crore+","Rs 60,41,990 ~ 60 Lacs+"
1587,6727,Vinodbhai Muljibhai Parmar,https://myneta.info/Gujarat2022/candidate.php?candidate_id=6727,BAPUNAGAR,IND,0,Post Graduate,"Rs 21,000 ~ 21 Thou+",Rs 0 ~
1588,5513,Vinubhai Chavada,https://myneta.info/Gujarat2022/candidate.php?candidate_id=5513,AMRELI,IND,0,5th Pass,"Rs 20,52,000 ~ 20 Lacs+","Rs 1,00,000 ~ 1 Lacs+"
1589,6284,Vipul Parmar,https://myneta.info/Gujarat2022/candidate.php?candidate_id=6284,ASARWA (SC),INC,1,Graduate,"Rs 49,53,986 ~ 49 Lacs+","Rs 1,17,248 ~ 1 Lacs+"
1590,4928,Vipul Sakhiya,https://myneta.info/Gujarat2022/candidate.php?candidate_id=4928,DHORAJI,AAP,0,10th Pass,"Rs 56,27,801 ~ 56 Lacs+",Rs 0 ~
1591,6275,Vipulbhai Patel,https://myneta.info/Gujarat2022/candidate.php?candidate_id=6275,MANINAGAR,AAP,0,5th Pass,"Rs 5,31,87,426 ~ 5 Crore+","Rs 3,50,000 ~ 3 Lacs+"
1592,6513,Vipulkumar A. Zala,https://myneta.info/Gujarat2022/candidate.php?candidate_id=6513,UMRETH,Log Party,1,10th Pass,"Rs 6,75,000 ~ 6 Lacs+",Rs 0 ~
1593,6532,Vipulkumar Bipinbhai Macwan,https://myneta.info/Gujarat2022/candidate.php?candidate_id=6532,ANAND,IND,1,Graduate,https://myneta.info/image_v2.php?myneta_folder=Gujarat2022&candidate_id=6532&col=ta,https://myneta.info/image_v2.php?myneta_folder=Gujarat2022&candidate_id=6532&col=lia
1594,5485,Viradiya Piyush Hasmukhbhai,https://myneta.info/Gujarat2022/candidate.php?candidate_id=5485,KAMREJ,IND,0,Graduate Professional,"Rs 7,37,709 ~ 7 Lacs+",Rs 0 ~
1595,6597,Virambhai Talpadakoli,https://myneta.info/Gujarat2022/candidate.php?candidate_id=6597,VIRAMGAM,IND,0,5th Pass,"Rs 3,31,000 ~ 3 Lacs+",Rs 0 ~
1596,5923,Virchandbhai Chelabhai Chavda,https://myneta.info/Gujarat2022/candidate.php?candidate_id=5923,THARAD,AAP,2,Literate,"Rs 71,58,805 ~ 71 Lacs+","Rs 3,00,000 ~ 3 Lacs+"
1597,4980,Virendrasinh Bahadursinh Jadeja,https://myneta.info/Gujarat2022/candidate.php?candidate_id=4980,RAPAR,BJP,0,8th Pass,"Rs 4,52,56,151 ~ 4 Crore+","Rs 50,78,665 ~ 50 Lacs+"
1598,6214,Virendrasinh Mafaji Vaghela (Ajitsinh-Vasan),https://myneta.info/Gujarat2022/candidate.php?candidate_id=6214,GANDHINAGAR NORTH,INC,0,12th Pass,"Rs 9,10,11,027 ~ 9 Crore+","Rs 22,48,750 ~ 22 Lacs+"
1599,5049,Virjibhai Thummar,https://myneta.info/Gujarat2022/candidate.php?candidate_id=5049,LATHI,INC,1,Graduate,"Rs 10,70,58,017 ~ 10 Crore+","Rs 9,41,74,092 ~ 9 Crore+"
1600,6739,Vishal Dineshbhai Makwana,https://myneta.info/Gujarat2022/candidate.php?candidate_id=6739,BAPUNAGAR,IND,0,Graduate,"Rs 44,924 ~ 44 Thou+",Rs 0 ~
1601,5200,Vishal Motilal Saroj,https://myneta.info/Gujarat2022/candidate.php?candidate_id=5200,VATVA,Jan Sangharsh Virat Party,0,12th Pass,"Rs 1,19,300 ~ 1 Lacs+",Rs 0 ~
1602,5742,Vishal Rajbal Tyagi,https://myneta.info/Gujarat2022/candidate.php?candidate_id=5742,JAMNAGAR SOUTH,AAP,0,12th Pass,https://myneta.info/image_v2.php?myneta_folder=Gujarat2022&candidate_id=5742&col=ta,https://myneta.info/image_v2.php?myneta_folder=Gujarat2022&candidate_id=5742&col=lia
1603,5948,Vishnubhai Jorabhai Patel,https://myneta.info/Gujarat2022/candidate.php?candidate_id=5948,CHANASMA,AAP,0,10th Pass,"Rs 80,86,746 ~ 80 Lacs+","Rs 43,08,167 ~ 43 Lacs+"
1604,6507,Vishnubhai Ratilal Chunara,https://myneta.info/Gujarat2022/candidate.php?candidate_id=6507,KHAMBHAT,IND,0,5th Pass,"Rs 8,83,000 ~ 8 Lacs+","Rs 2,30,000 ~ 2 Lacs+"
1605,6645,Vishram Dhruvsinh Sikarvar,https://myneta.info/Gujarat2022/candidate.php?candidate_id=6645,NARODA,Pachchasi Parivartan Samaj Party,0,12th Pass,"Rs 29,80,000 ~ 29 Lacs+","Rs 7,55,000 ~ 7 Lacs+"
1606,5803,Vivek Jayantilal Mirani Alias(Bablubhai),https://myneta.info/Gujarat2022/candidate.php?candidate_id=5803,MORBI,IND,1,12th Pass,"Rs 42,20,000 ~ 42 Lacs+",Rs 0 ~
1607,5466,Wasim Ikbalbhai Khokar (Kureshi),https://myneta.info/Gujarat2022/candidate.php?candidate_id=5466,SURAT EAST,All India Majlis-E-Ittehadul Muslimeen,0,8th Pass,"Rs 1,92,52,662 ~ 1 Crore+","Rs 17,61,046 ~ 17 Lacs+"
1608,5917,Wasim Kareem Shaikh,https://myneta.info/Gujarat2022/candidate.php?candidate_id=5917,LIMBAYAT,IND,4,Literate,"Rs 6,42,000 ~ 6 Lacs+","Rs 32,216 ~ 32 Thou+"
1609,5576,Yasminben Dilavrbhai Malek,https://myneta.info/Gujarat2022/candidate.php?candidate_id=5576,BHAVNAGAR WEST,IND,0,5th Pass,"Rs 3,50,200 ~ 3 Lacs+",Rs 0 ~
1610,5208,Yogendrasinh Parmar (Bakabhai),https://myneta.info/Gujarat2022/candidate.php?candidate_id=5208,THASRA,BJP,1,Graduate,"Rs 11,58,70,787 ~ 11 Crore+","Rs 91,41,203 ~ 91 Lacs+"
1611,6170,Yogesh R. Patel (Bapji),https://myneta.info/Gujarat2022/candidate.php?candidate_id=6170,ANAND,BJP,0,10th Pass,https://myneta.info/image_v2.php?myneta_folder=Gujarat2022&candidate_id=6170&col=ta,https://myneta.info/image_v2.php?myneta_folder=Gujarat2022&candidate_id=6170&col=lia
1612,6019,Yogeshbhai Narandas Patel,https://myneta.info/Gujarat2022/candidate.php?candidate_id=6019,MANJALPUR,BJP,0,10th Pass,"Rs 33,86,32,127 ~ 33 Crore+",Rs 0 ~
1613,5529,Yunusbhai Dolabhai Jadav,https://myneta.info/Gujarat2022/candidate.php?candidate_id=5529,SAVARKUNDLA,IND,0,5th Pass,"Rs 1,60,927 ~ 1 Lacs+",Rs 0 ~
1614,6004,Yusuf Vali Hasanali,https://myneta.info/Gujarat2022/candidate.php?candidate_id=6004,KARJAN,BSP,0,8th Pass,"Rs 10,92,000 ~ 10 Lacs+","Rs 5,00,000 ~ 5 Lacs+"
1615,6056,Yusufbhai Gulamhusen Fatiya (Patrkar),https://myneta.info/Gujarat2022/candidate.php?candidate_id=6056,DABHOI,IND,0,Literate,"Rs 25,47,270 ~ 25 Lacs+",Rs 0 ~
1616,6233,Zainab Shaikh,https://myneta.info/Gujarat2022/candidate.php?candidate_id=6233,VEJALPUR,All India Majlis-E-Ittehadul Muslimeen,0,12th Pass,"Rs 2,30,891 ~ 2 Lacs+",Rs 0 ~
1617,6564,Zala Chandrasinh Fatesinh,https://myneta.info/Gujarat2022/candidate.php?candidate_id=6564,BALASINOR,IND,0,10th Pass,"Rs 6,09,500 ~ 6 Lacs+",Rs 0 ~
1618,6563,Zala Kiritsinh Prabhatsinh,https://myneta.info/Gujarat2022/candidate.php?candidate_id=6563,BALASINOR,IND,0,Literate,"Rs 1,07,28,957 ~ 1 Crore+",Rs 0 ~
1619,6326,Zala Narendrasinh Vajesinh,https://myneta.info/Gujarat2022/candidate.php?candidate_id=6326,BECHARAJI,Garvi Gujarat Party,2,8th Pass,"Rs 81,52,500 ~ 81 Lacs+","Rs 30,78,702 ~ 30 Lacs+"
1620,6146,Zala Rajeshkumar Maganbhai,https://myneta.info/Gujarat2022/candidate.php?candidate_id=6146,KAPADVANJ,BJP,0,12th Pass,https://myneta.info/image_v2.php?myneta_folder=Gujarat2022&candidate_id=6146&col=ta,https://myneta.info/image_v2.php?myneta_folder=Gujarat2022&candidate_id=6146&col=lia
1621,6515,Zala Rameshbhai Ramabhai (Lalabhai),https://myneta.info/Gujarat2022/candidate.php?candidate_id=6515,UMRETH,IND,1,10th Pass,"Rs 10,30,000 ~ 10 Lacs+","Rs 6,22,015 ~ 6 Lacs+"
