candidate_id,candidate_name,candidate_link,constituency,party,criminal_cases,education,assets,liabilities
86,Abdul Aziz,https://www.myneta.info/Assam2026/candidate.php?candidate_id=86,SAMAGURI,All India United Democratic Front,0,Graduate,"Rs 32,47,534 ~ 32 Lacs+","Rs 5,00,000 ~ 5 Lacs+"
623,Abdul Goffur,https://www.myneta.info/Assam2026/candidate.php?candidate_id=623,RONGONADI,IND,1,10th Pass,"Rs 42,20,000 ~ 42 Lacs+",Rs 0 ~
227,Abdul Hai Nagari,https://www.myneta.info/Assam2026/candidate.php?candidate_id=227,BIJNI,IND,1,12th Pass,https://myneta.info/image_v2.php?myneta_folder=Assam2026&candidate_id=227&col=ta,https://myneta.info/image_v2.php?myneta_folder=Assam2026&candidate_id=227&col=lia
646,Abdul Hannan,https://www.myneta.info/Assam2026/candidate.php?candidate_id=646,BINNAKANDI,IND,0,8th Pass,"Rs 18,20,000 ~ 18 Lacs+",Rs 0 ~
451,Abdul Khaleque,https://www.myneta.info/Assam2026/candidate.php?candidate_id=451,MANDIA,INC,0,Post Graduate,"Rs 1,45,37,542 ~ 1 Crore+","Rs 43,91,501 ~ 43 Lacs+"
602,Abdul Matlib Laskar,https://www.myneta.info/Assam2026/candidate.php?candidate_id=602,SONAI,Vikas India Party,0,8th Pass,https://myneta.info/image_v2.php?myneta_folder=Assam2026&candidate_id=602&col=ta,https://myneta.info/image_v2.php?myneta_folder=Assam2026&candidate_id=602&col=lia
561,Abdul Muktadir,https://www.myneta.info/Assam2026/candidate.php?candidate_id=561,KARIMGANJ NORTH,IND,0,Graduate,"Rs 5,17,901 ~ 5 Lacs+","Rs 2,71,000 ~ 2 Lacs+"
586,Abdul Odud Choudhury,https://www.myneta.info/Assam2026/candidate.php?candidate_id=586,KATIGORAH,IND,0,10th Pass,"Rs 9,28,000 ~ 9 Lacs+",Rs 0 ~
703,Abdul Rahman,https://www.myneta.info/Assam2026/candidate.php?candidate_id=703,CHENGA,IND,0,10th Pass,https://myneta.info/image_v2.php?myneta_folder=Assam2026&candidate_id=703&col=ta,https://myneta.info/image_v2.php?myneta_folder=Assam2026&candidate_id=703&col=lia
440,Abdul Salam Shah,https://www.myneta.info/Assam2026/candidate.php?candidate_id=440,MANKACHAR,All India United Democratic Front,3,Graduate,"Rs 3,95,25,000 ~ 3 Crore+",Rs 0 ~
701,Abdur Rahim Ahmed,https://www.myneta.info/Assam2026/candidate.php?candidate_id=701,CHENGA,INC,0,Graduate,"Rs 88,55,535 ~ 88 Lacs+",Rs 0 ~
573,Abdur Rahim Choudhury,https://www.myneta.info/Assam2026/candidate.php?candidate_id=573,KARIMGANJ SOUTH,IND,0,Graduate,https://myneta.info/image_v2.php?myneta_folder=Assam2026&candidate_id=573&col=ta,https://myneta.info/image_v2.php?myneta_folder=Assam2026&candidate_id=573&col=lia
529,Abdur Rahim Zibran,https://www.myneta.info/Assam2026/candidate.php?candidate_id=529,GOALPARA EAST,Asom Gana Parishad,0,12th Pass,"Rs 4,21,72,308 ~ 4 Crore+",Rs 0 ~
142,Abdur Rashid Mandal,https://www.myneta.info/Assam2026/candidate.php?candidate_id=142,GOALPARA EAST,Raijor Dal,0,Others,"Rs 1,50,86,055 ~ 1 Crore+",Rs 0 ~
35,Abdus Sobahan Ali Sarkar,https://www.myneta.info/Assam2026/candidate.php?candidate_id=35,GAURIPUR,INC,0,Graduate,https://myneta.info/image_v2.php?myneta_folder=Assam2026&candidate_id=35&col=ta,https://myneta.info/image_v2.php?myneta_folder=Assam2026&candidate_id=35&col=lia
14,Abdus Sobur Miah,https://www.myneta.info/Assam2026/candidate.php?candidate_id=14,BIRSING-JARUA,SUCI(C),0,Post Graduate,"Rs 71,60,000 ~ 71 Lacs+",Rs 0 ~
347,Abhijit Paul,https://www.myneta.info/Assam2026/candidate.php?candidate_id=347,SILCHAR,INC,1,Graduate,"Rs 55,37,673 ~ 55 Lacs+","Rs 4,89,364 ~ 4 Lacs+"
361,Abraham Tirkey,https://www.myneta.info/Assam2026/candidate.php?candidate_id=361,SADIYA,IND,0,Graduate,https://myneta.info/image_v2.php?myneta_folder=Assam2026&candidate_id=361&col=ta,https://myneta.info/image_v2.php?myneta_folder=Assam2026&candidate_id=361&col=lia
583,Abu Nosor Md Ilias,https://www.myneta.info/Assam2026/candidate.php?candidate_id=583,KARIMGANJ SOUTH,IND,0,8th Pass,"Rs 6,04,572 ~ 6 Lacs+",Rs 0 ~
664,Abu Sha Shadi Hossain,https://www.myneta.info/Assam2026/candidate.php?candidate_id=664,JALESWAR,Asom Gana Parishad,0,Graduate,"Rs 18,94,902 ~ 18 Lacs+",Rs 0 ~
74,Abu Taher Bepari,https://www.myneta.info/Assam2026/candidate.php?candidate_id=74,PARBATJHORA,All India United Democratic Front,0,Post Graduate,https://myneta.info/image_v2.php?myneta_folder=Assam2026&candidate_id=74&col=ta,https://myneta.info/image_v2.php?myneta_folder=Assam2026&candidate_id=74&col=lia
526,Abul Kalam Hussain,https://www.myneta.info/Assam2026/candidate.php?candidate_id=526,GOALPARA EAST,IND,0,12th Pass,"Rs 1,58,59,882 ~ 1 Crore+","Rs 48,45,981 ~ 48 Lacs+"
524,Abul Kalam Rasheed Alam,https://www.myneta.info/Assam2026/candidate.php?candidate_id=524,GOALPARA EAST,INC,0,Graduate,"Rs 5,85,01,458 ~ 5 Crore+","Rs 1,22,66,765 ~ 1 Crore+"
556,Abul Khair Zakaria,https://www.myneta.info/Assam2026/candidate.php?candidate_id=556,KARIMGANJ NORTH,IND,0,12th Pass,https://myneta.info/image_v2.php?myneta_folder=Assam2026&candidate_id=556&col=ta,https://myneta.info/image_v2.php?myneta_folder=Assam2026&candidate_id=556&col=lia
177,Abul Majan,https://www.myneta.info/Assam2026/candidate.php?candidate_id=177,BARCHALLA,Jharkhand Mukti Morcha,0,5th Pass,"Rs 1,81,58,147 ~ 1 Crore+",Rs 0 ~
140,Abul Miah,https://www.myneta.info/Assam2026/candidate.php?candidate_id=140,GAURIPUR,Raijor Dal,0,Graduate,"Rs 2,34,17,790 ~ 2 Crore+","Rs 60,99,679 ~ 60 Lacs+"
754,Achyut Das,https://www.myneta.info/Assam2026/candidate.php?candidate_id=754,NOWBOICHA (SC),AAP,0,12th Pass,https://myneta.info/image_v2.php?myneta_folder=Assam2026&candidate_id=754&col=ta,https://myneta.info/image_v2.php?myneta_folder=Assam2026&candidate_id=754&col=lia
548,Achyut Kalita,https://www.myneta.info/Assam2026/candidate.php?candidate_id=548,GUWAHATI CENTRAL,IND,0,Graduate,"Rs 16,52,316 ~ 16 Lacs+","Rs 47,31,549 ~ 47 Lacs+"
415,Aditya Gogoi,https://www.myneta.info/Assam2026/candidate.php?candidate_id=415,NEW GUWAHATI,AAP,0,12th Pass,"Rs 76,00,000 ~ 76 Lacs+",Rs 0 ~
665,Aftab Uddin Mollah,https://www.myneta.info/Assam2026/candidate.php?candidate_id=665,JALESWAR,INC,1,Post Graduate,https://myneta.info/image_v2.php?myneta_folder=Assam2026&candidate_id=665&col=ta,https://myneta.info/image_v2.php?myneta_folder=Assam2026&candidate_id=665&col=lia
699,Aftadur Ali Khan,https://www.myneta.info/Assam2026/candidate.php?candidate_id=699,CHENGA,IND,0,12th Pass,"Rs 1,87,94,586 ~ 1 Crore+",Rs 0 ~
119,Afzal Hossain,https://www.myneta.info/Assam2026/candidate.php?candidate_id=119,GAURIPUR,IND,0,12th Pass,"Rs 71,49,942 ~ 71 Lacs+","Rs 1,92,000 ~ 1 Lacs+"
560,Ahad Uddin,https://www.myneta.info/Assam2026/candidate.php?candidate_id=560,KARIMGANJ NORTH,Apni Janta Party,0,8th Pass,https://myneta.info/image_v2.php?myneta_folder=Assam2026&candidate_id=560&col=ta,https://myneta.info/image_v2.php?myneta_folder=Assam2026&candidate_id=560&col=lia
37,Ajanta Neog,https://www.myneta.info/Assam2026/candidate.php?candidate_id=37,GOLAGHAT,BJP,0,Post Graduate,"Rs 3,55,40,189 ~ 3 Crore+",Rs 0 ~
392,Ajgar Ali Mondal,https://www.myneta.info/Assam2026/candidate.php?candidate_id=392,PARBATJHORA,The National Road Map Party of India,0,8th Pass,"Rs 1,26,29,503 ~ 1 Crore+",Rs 0 ~
60,Ajit Acharjya,https://www.myneta.info/Assam2026/candidate.php?candidate_id=60,MANGALDAI,SUCI(C),0,Post Graduate,https://myneta.info/image_v2.php?myneta_folder=Assam2026&candidate_id=60&col=ta,https://myneta.info/image_v2.php?myneta_folder=Assam2026&candidate_id=60&col=lia
502,Ajit Nunia,https://www.myneta.info/Assam2026/candidate.php?candidate_id=502,HAILAKANDI,IND,0,Graduate,"Rs 2,000 ~ 2 Thou+",Rs 0 ~
205,Ajit Singh,https://www.myneta.info/Assam2026/candidate.php?candidate_id=205,UDHARBOND,INC,0,Graduate,"Rs 6,47,43,156 ~ 6 Crore+","Rs 64,39,130 ~ 64 Lacs+"
705,Ajoy Bora,https://www.myneta.info/Assam2026/candidate.php?candidate_id=705,DEMOW,CPI,0,12th Pass,https://myneta.info/image_v2.php?myneta_folder=Assam2026&candidate_id=705&col=ta,https://myneta.info/image_v2.php?myneta_folder=Assam2026&candidate_id=705&col=lia
706,Ajoy Kumar Gogoi,https://www.myneta.info/Assam2026/candidate.php?candidate_id=706,DEMOW,INC,0,Post Graduate,"Rs 7,57,94,883 ~ 7 Crore+","Rs 1,44,66,444 ~ 1 Crore+"
187,Ajoy Kumar Singha,https://www.myneta.info/Assam2026/candidate.php?candidate_id=187,BEHALI (SC),IND,0,Graduate,"Rs 3,22,44,899 ~ 3 Crore+","Rs 6,04,704 ~ 6 Lacs+"
237,Akbar Ali Mondal,https://www.myneta.info/Assam2026/candidate.php?candidate_id=237,BIRSING-JARUA,The National Road Map Party of India,1,12th Pass,https://myneta.info/image_v2.php?myneta_folder=Assam2026&candidate_id=237&col=ta,https://myneta.info/image_v2.php?myneta_folder=Assam2026&candidate_id=237&col=lia
89,Akhil Gogoi,https://www.myneta.info/Assam2026/candidate.php?candidate_id=89,SIBSAGAR,Raijor Dal,21,Graduate,"Rs 1,12,74,654 ~ 1 Crore+","Rs 5,54,896 ~ 5 Lacs+"
364,Akibur Rahman,https://www.myneta.info/Assam2026/candidate.php?candidate_id=364,RUPAHIHAT,IND,0,Graduate,"Rs 1,12,565 ~ 1 Lacs+","Rs 86,480 ~ 86 Thou+"
597,Alam Hussain Laskar,https://www.myneta.info/Assam2026/candidate.php?candidate_id=597,SONAI,IND,0,Post Graduate,https://myneta.info/image_v2.php?myneta_folder=Assam2026&candidate_id=597&col=ta,https://myneta.info/image_v2.php?myneta_folder=Assam2026&candidate_id=597&col=lia
136,Ali Akbar Miah,https://www.myneta.info/Assam2026/candidate.php?candidate_id=136,BIRSING-JARUA,All India United Democratic Front,0,Graduate,"Rs 4,59,59,633 ~ 4 Crore+","Rs 42,00,000 ~ 42 Lacs+"
208,Alok Nath,https://www.myneta.info/Assam2026/candidate.php?candidate_id=208,TEZPUR,Raijor Dal,0,Graduate,"Rs 1,76,54,663 ~ 1 Crore+",Rs 0 ~
257,Amalendu Das,https://www.myneta.info/Assam2026/candidate.php?candidate_id=257,BORKHOLA,IND,0,Others,https://myneta.info/image_v2.php?myneta_folder=Assam2026&candidate_id=257&col=ta,https://myneta.info/image_v2.php?myneta_folder=Assam2026&candidate_id=257&col=lia
590,Amar Chand Jain,https://www.myneta.info/Assam2026/candidate.php?candidate_id=590,KATIGORAH,INC,0,10th Pass,"Rs 1,76,97,629 ~ 1 Crore+","Rs 89,84,066 ~ 89 Lacs+"
604,Aminul Haque Laskar,https://www.myneta.info/Assam2026/candidate.php?candidate_id=604,SONAI,INC,2,Graduate,"Rs 30,75,66,971 ~ 30 Crore+","Rs 6,45,91,885 ~ 6 Crore+"
368,Aminul Islam,https://www.myneta.info/Assam2026/candidate.php?candidate_id=368,RUPAHIHAT,All India United Democratic Front,5,Post Graduate,https://myneta.info/image_v2.php?myneta_folder=Assam2026&candidate_id=368&col=ta,https://myneta.info/image_v2.php?myneta_folder=Assam2026&candidate_id=368&col=lia
139,Aminur Rashid Choudhury,https://www.myneta.info/Assam2026/candidate.php?candidate_id=139,KARIMGANJ SOUTH,INC,1,10th Pass,"Rs 10,13,04,012 ~ 10 Crore+","Rs 3,00,50,000 ~ 3 Crore+"
682,Amirul Islam,https://www.myneta.info/Assam2026/candidate.php?candidate_id=682,BARKHETRI,AITC,0,Graduate Professional,"Rs 41,47,000 ~ 41 Lacs+","Rs 3,50,000 ~ 3 Lacs+"
261,Amit Kumar Kalwar,https://www.myneta.info/Assam2026/candidate.php?candidate_id=261,BORKHOLA,INC,0,Post Graduate,https://myneta.info/image_v2.php?myneta_folder=Assam2026&candidate_id=261&col=ta,https://myneta.info/image_v2.php?myneta_folder=Assam2026&candidate_id=261&col=lia
740,Amit Nag,https://www.myneta.info/Assam2026/candidate.php?candidate_id=740,KHUMTAI,Jharkhand Mukti Morcha,2,Graduate,"Rs 6,10,337 ~ 6 Lacs+",Rs 0 ~
292,Amiya Kanti Das,https://www.myneta.info/Assam2026/candidate.php?candidate_id=292,DHOLAI (SC),BJP,0,Post Graduate,"Rs 69,16,580 ~ 69 Lacs+","Rs 1,58,442 ~ 1 Lacs+"
424,Amlesh Medhi,https://www.myneta.info/Assam2026/candidate.php?candidate_id=424,MORIGAON,IND,1,Graduate Professional,https://myneta.info/image_v2.php?myneta_folder=Assam2026&candidate_id=424&col=ta,https://myneta.info/image_v2.php?myneta_folder=Assam2026&candidate_id=424&col=lia
231,Amrit Badsha,https://www.myneta.info/Assam2026/candidate.php?candidate_id=231,BILASIPARA,INC,0,10th Pass,"Rs 1,44,61,952 ~ 1 Crore+",Rs 0 ~
268,Ananda Narah,https://www.myneta.info/Assam2026/candidate.php?candidate_id=268,DHAKUAKHANA (ST),INC,0,Graduate,"Rs 26,27,276 ~ 26 Lacs+","Rs 4,92,660 ~ 4 Lacs+"
242,Ananta Gogoi,https://www.myneta.info/Assam2026/candidate.php?candidate_id=242,BISWANATH,AAP,0,Graduate,https://myneta.info/image_v2.php?myneta_folder=Assam2026&candidate_id=242&col=ta,https://myneta.info/image_v2.php?myneta_folder=Assam2026&candidate_id=242&col=lia
369,Anarul Hoque,https://www.myneta.info/Assam2026/candidate.php?candidate_id=369,RUPAHIHAT,IND,0,5th Pass,"Rs 1,99,05,957 ~ 1 Crore+","Rs 1,27,26,824 ~ 1 Crore+"
194,Anchula Gwra Daimary,https://www.myneta.info/Assam2026/candidate.php?candidate_id=194,BHERGAON,INC,0,Others,"Rs 43,97,302 ~ 43 Lacs+",Rs 0 ~
118,Anil Saikia,https://www.myneta.info/Assam2026/candidate.php?candidate_id=118,SAMAGURI,BJP,0,12th Pass,https://myneta.info/image_v2.php?myneta_folder=Assam2026&candidate_id=118&col=ta,https://myneta.info/image_v2.php?myneta_folder=Assam2026&candidate_id=118&col=lia
533,Animul Hoque Choudhury,https://www.myneta.info/Assam2026/candidate.php?candidate_id=533,GOALPARA EAST,IND,0,12th Pass,"Rs 71,80,703 ~ 71 Lacs+","Rs 2,30,563 ~ 2 Lacs+"
40,Aninda Basumatary,https://www.myneta.info/Assam2026/candidate.php?candidate_id=40,GOSSAIGAON,United Peoples Party Liberal,0,Graduate,"Rs 2,67,32,213 ~ 2 Crore+","Rs 39,22,258 ~ 39 Lacs+"
150,Anjan Kumar Chanda,https://www.myneta.info/Assam2026/candidate.php?candidate_id=150,SONAI,SUCI(C),1,10th Pass,https://myneta.info/image_v2.php?myneta_folder=Assam2026&candidate_id=150&col=ta,https://myneta.info/image_v2.php?myneta_folder=Assam2026&candidate_id=150&col=lia
128,Anjan Talukdar,https://www.myneta.info/Assam2026/candidate.php?candidate_id=128,MANAS,Raijor Dal,0,10th Pass,"Rs 13,20,000 ~ 13 Lacs+",Rs 0 ~
48,Ankur Das,https://www.myneta.info/Assam2026/candidate.php?candidate_id=48,KAMALPUR,IND,0,Graduate,"Rs 52,24,912 ~ 52 Lacs+","Rs 27,43,918 ~ 27 Lacs+"
275,Ansuma Basumatary,https://www.myneta.info/Assam2026/candidate.php?candidate_id=275,DHEKIAJULI,IND,0,12th Pass,https://myneta.info/image_v2.php?myneta_folder=Assam2026&candidate_id=275&col=ta,https://myneta.info/image_v2.php?myneta_folder=Assam2026&candidate_id=275&col=lia
387,Anup Kumar Das Talukdar,https://www.myneta.info/Assam2026/candidate.php?candidate_id=387,RAM KRISHNA NAGAR (SC),All India United Democratic Front,0,Doctorate,"Rs 2,76,71,667 ~ 2 Crore+",Rs 0 ~
551,Anurupa Dekaraja,https://www.myneta.info/Assam2026/candidate.php?candidate_id=551,GUWAHATI CENTRAL,AAP,1,Graduate,"Rs 1,00,44,213 ~ 1 Crore+","Rs 95,33,291 ~ 95 Lacs+"
663,Arif Akhtar Ahmed,https://www.myneta.info/Assam2026/candidate.php?candidate_id=663,JALESWAR,AITC,0,Graduate,https://myneta.info/image_v2.php?myneta_folder=Assam2026&candidate_id=663&col=ta,https://myneta.info/image_v2.php?myneta_folder=Assam2026&candidate_id=663&col=lia
543,Arun Baishya,https://www.myneta.info/Assam2026/candidate.php?candidate_id=543,GORESWAR,IND,0,Graduate,"Rs 35,47,000 ~ 35 Lacs+","Rs 8,76,546 ~ 8 Lacs+"
50,Arunangshu Bhattacharjee,https://www.myneta.info/Assam2026/candidate.php?candidate_id=50,KARIMGANJ NORTH,SUCI(C),0,Post Graduate,"Rs 22,54,903 ~ 22 Lacs+","Rs 5,00,000 ~ 5 Lacs+"
228,Arup Kumar Dey,https://www.myneta.info/Assam2026/candidate.php?candidate_id=228,BIJNI,BJP,4,Graduate,https://myneta.info/image_v2.php?myneta_folder=Assam2026&candidate_id=228&col=ta,https://myneta.info/image_v2.php?myneta_folder=Assam2026&candidate_id=228&col=lia
572,Asad Uddin Ahmed,https://www.myneta.info/Assam2026/candidate.php?candidate_id=572,KARIMGANJ SOUTH,IND,0,12th Pass,"Rs 82,173 ~ 82 Thou+",Rs 0 ~
736,Ashis Hazarika,https://www.myneta.info/Assam2026/candidate.php?candidate_id=736,KHUMTAI,AAP,0,Graduate,"Rs 34,17,500 ~ 34 Lacs+","Rs 1,60,000 ~ 1 Lacs+"
428,Ashok Gayari,https://www.myneta.info/Assam2026/candidate.php?candidate_id=428,MAZBAT,Voters Party International,0,8th Pass,https://myneta.info/image_v2.php?myneta_folder=Assam2026&candidate_id=428&col=ta,https://myneta.info/image_v2.php?myneta_folder=Assam2026&candidate_id=428&col=lia
668,Ashok Kumar Sarma,https://www.myneta.info/Assam2026/candidate.php?candidate_id=668,NALBARI,INC,0,12th Pass,"Rs 1,36,05,183 ~ 1 Crore+","Rs 27,57,231 ~ 27 Lacs+"
20,Ashok Singhal,https://www.myneta.info/Assam2026/candidate.php?candidate_id=20,DHEKIAJULI,BJP,0,Graduate,"Rs 34,67,64,045 ~ 34 Crore+","Rs 1,02,73,511 ~ 1 Crore+"
700,Ashraful Hussain,https://www.myneta.info/Assam2026/candidate.php?candidate_id=700,CHENGA,All India United Democratic Front,4,Post Graduate,https://myneta.info/image_v2.php?myneta_folder=Assam2026&candidate_id=700&col=ta,https://myneta.info/image_v2.php?myneta_folder=Assam2026&candidate_id=700&col=lia
132,Ashwini Ray Sarkar,https://www.myneta.info/Assam2026/candidate.php?candidate_id=132,GOLAKGANJ,BJP,0,Post Graduate,"Rs 10,65,41,699 ~ 10 Crore+","Rs 4,70,00,939 ~ 4 Crore+"
245,Atul Bora,https://www.myneta.info/Assam2026/candidate.php?candidate_id=245,BOKAKHAT,Asom Gana Parishad,1,Post Graduate,"Rs 6,87,99,900 ~ 6 Crore+","Rs 19,88,330 ~ 19 Lacs+"
374,Augustine Enghee,https://www.myneta.info/Assam2026/candidate.php?candidate_id=374,RONGKHANG (ST),INC,1,12th Pass,https://myneta.info/image_v2.php?myneta_folder=Assam2026&candidate_id=374&col=ta,https://myneta.info/image_v2.php?myneta_folder=Assam2026&candidate_id=374&col=lia
549,Avijit Mazumdar,https://www.myneta.info/Assam2026/candidate.php?candidate_id=549,GUWAHATI CENTRAL,AITC,0,Graduate,"Rs 3,39,62,404 ~ 3 Crore+","Rs 24,00,000 ~ 24 Lacs+"
531,Ayub Ali Mollah,https://www.myneta.info/Assam2026/candidate.php?candidate_id=531,GOALPARA EAST,IND,0,10th Pass,"Rs 1,55,30,000 ~ 1 Crore+",Rs 0 ~
75,Ayub Hussain Mondal,https://www.myneta.info/Assam2026/candidate.php?candidate_id=75,PARBATJHORA,United Peoples Party Liberal,0,Graduate Professional,https://myneta.info/image_v2.php?myneta_folder=Assam2026&candidate_id=75&col=ta,https://myneta.info/image_v2.php?myneta_folder=Assam2026&candidate_id=75&col=lia
84,Ayub Khan,https://www.myneta.info/Assam2026/candidate.php?candidate_id=84,SAMAGURI,IND,0,Graduate,"Rs 23,36,000 ~ 23 Lacs+","Rs 28,00,000 ~ 28 Lacs+"
30,Ayush Kumar Singh,https://www.myneta.info/Assam2026/candidate.php?candidate_id=30,DISPUR,IND,0,Graduate Professional,"Rs 5,40,032 ~ 5 Lacs+",Rs 0 ~
580,Aziz Ahmed Khan,https://www.myneta.info/Assam2026/candidate.php?candidate_id=580,KARIMGANJ SOUTH,AITC,0,8th Pass,https://myneta.info/image_v2.php?myneta_folder=Assam2026&candidate_id=580&col=ta,https://myneta.info/image_v2.php?myneta_folder=Assam2026&candidate_id=580&col=lia
619,Azizur Rahman,https://www.myneta.info/Assam2026/candidate.php?candidate_id=619,DALGAON,Raijor Dal,0,Post Graduate,"Rs 1,21,68,497 ~ 1 Crore+","Rs 70,28,960 ~ 70 Lacs+"
444,Azizur Rahman,https://www.myneta.info/Assam2026/candidate.php?candidate_id=444,MANGALDAI,All India United Democratic Front,0,Graduate,"Rs 2,64,34,251 ~ 2 Crore+","Rs 40,78,000 ~ 40 Lacs+"
271,Babul Sonowal,https://www.myneta.info/Assam2026/candidate.php?candidate_id=271,DHEMAJI (ST),IND,0,Graduate,https://myneta.info/image_v2.php?myneta_folder=Assam2026&candidate_id=271&col=ta,https://myneta.info/image_v2.php?myneta_folder=Assam2026&candidate_id=271&col=lia
175,Baburam Basumatary,https://www.myneta.info/Assam2026/candidate.php?candidate_id=175,BARCHALLA,United Peoples Party Liberal,0,10th Pass,"Rs 2,50,057 ~ 2 Lacs+",Rs 0 ~
296,Baby Begum,https://www.myneta.info/Assam2026/candidate.php?candidate_id=296,DHUBRI,INC,0,12th Pass,"Rs 1,26,33,001 ~ 1 Crore+","Rs 15,99,579 ~ 15 Lacs+"
450,Badal Chandra Arjya,https://www.myneta.info/Assam2026/candidate.php?candidate_id=450,MANDIA,BJP,0,12th Pass,https://myneta.info/image_v2.php?myneta_folder=Assam2026&candidate_id=450&col=ta,https://myneta.info/image_v2.php?myneta_folder=Assam2026&candidate_id=450&col=lia
212,Badan Chandra Swargiary,https://www.myneta.info/Assam2026/candidate.php?candidate_id=212,TAMULPUR (ST),IND,0,Graduate,"Rs 69,45,000 ~ 69 Lacs+",Rs 0 ~
569,Baharul Islam,https://www.myneta.info/Assam2026/candidate.php?candidate_id=569,KARIMGANJ SOUTH,IND,0,Graduate,"Rs 12,15,000 ~ 12 Lacs+",Rs 0 ~
765,Baldev Teli,https://www.myneta.info/Assam2026/candidate.php?candidate_id=765,SONARI,Jharkhand Mukti Morcha,3,Graduate,https://myneta.info/image_v2.php?myneta_folder=Assam2026&candidate_id=765&col=ta,https://myneta.info/image_v2.php?myneta_folder=Assam2026&candidate_id=765&col=lia
309,Ballav Patra,https://www.myneta.info/Assam2026/candidate.php?candidate_id=309,DISPUR,AAP,0,12th Pass,"Rs 1,26,50,000 ~ 1 Crore+",Rs 0 ~
425,Bani Kanta Das,https://www.myneta.info/Assam2026/candidate.php?candidate_id=425,MORIGAON,Assam Jatiya Parishad,0,Post Graduate,"Rs 4,02,84,057 ~ 4 Crore+","Rs 18,58,145 ~ 18 Lacs+"
349,Banima Brahma,https://www.myneta.info/Assam2026/candidate.php?candidate_id=349,SIDLI CHIRANG (ST),Voters Party International,0,10th Pass,https://myneta.info/image_v2.php?myneta_folder=Assam2026&candidate_id=349&col=ta,https://myneta.info/image_v2.php?myneta_folder=Assam2026&candidate_id=349&col=lia
39,Bapuram Boro,https://www.myneta.info/Assam2026/candidate.php?candidate_id=39,GORESWAR,CPI(M),0,Post Graduate,"Rs 1,54,28,312 ~ 1 Crore+",Rs 0 ~
68,Barnali Sarma,https://www.myneta.info/Assam2026/candidate.php?candidate_id=68,NAGAON-BATADRABA,SUCI(C),0,Post Graduate,"Rs 71,60,000 ~ 71 Lacs+",Rs 0 ~
388,Barun Bikash Das,https://www.myneta.info/Assam2026/candidate.php?candidate_id=388,RAHA (SC),AAP,0,Others,https://myneta.info/image_v2.php?myneta_folder=Assam2026&candidate_id=388&col=ta,https://myneta.info/image_v2.php?myneta_folder=Assam2026&candidate_id=388&col=lia
753,Basanta Das,https://www.myneta.info/Assam2026/candidate.php?candidate_id=753,NOWBOICHA (SC),Asom Gana Parishad,0,Others,"Rs 46,27,303 ~ 46 Lacs+",Rs 0 ~
276,Batash Orang,https://www.myneta.info/Assam2026/candidate.php?candidate_id=276,DHEKIAJULI,INC,0,12th Pass,"Rs 47,46,305 ~ 47 Lacs+","Rs 2,33,809 ~ 2 Lacs+"
355,Bhabendra Nath Mohan,https://www.myneta.info/Assam2026/candidate.php?candidate_id=355,SIBSAGAR,IND,0,Post Graduate,https://myneta.info/image_v2.php?myneta_folder=Assam2026&candidate_id=355&col=ta,https://myneta.info/image_v2.php?myneta_folder=Assam2026&candidate_id=355&col=lia
81,Bhabesh Kalita,https://www.myneta.info/Assam2026/candidate.php?candidate_id=81,RANGIA,BJP,0,Graduate Professional,"Rs 2,29,77,131 ~ 2 Crore+","Rs 36,95,330 ~ 36 Lacs+"
93,Bhabotosh Chakraborty,https://www.myneta.info/Assam2026/candidate.php?candidate_id=93,SILCHAR,SUCI(C),0,10th Pass,"Rs 20,018 ~ 20 Thou+",Rs 0 ~
772,Bhadreswar Barman,https://www.myneta.info/Assam2026/candidate.php?candidate_id=772,SRIJANGRAM,IND,0,12th Pass,https://myneta.info/image_v2.php?myneta_folder=Assam2026&candidate_id=772&col=ta,https://myneta.info/image_v2.php?myneta_folder=Assam2026&candidate_id=772&col=lia
789,Bhairaw Bhagat,https://www.myneta.info/Assam2026/candidate.php?candidate_id=789,TINSUKIA,IND,0,8th Pass,"Rs 51,52,000 ~ 51 Lacs+",Rs 0 ~
111,Bhaity Richong,https://www.myneta.info/Assam2026/candidate.php?candidate_id=111,MAJULI (ST),SUCI(C),0,Others,"Rs 1,08,562 ~ 1 Lacs+",Rs 0 ~
711,Bharat Nayak,https://www.myneta.info/Assam2026/candidate.php?candidate_id=711,DIGBOI,Jharkhand Mukti Morcha,0,Post Graduate,https://myneta.info/image_v2.php?myneta_folder=Assam2026&candidate_id=711&col=ta,https://myneta.info/image_v2.php?myneta_folder=Assam2026&candidate_id=711&col=lia
798,Bhaskar Jyoti Baruah,https://www.myneta.info/Assam2026/candidate.php?candidate_id=798,TITABOR,IND,0,Graduate,"Rs 17,55,30,687 ~ 17 Crore+","Rs 3,60,14,193 ~ 3 Crore+"
300,Bhaskar Jyoti Pathak,https://www.myneta.info/Assam2026/candidate.php?candidate_id=300,DIMORIA (SC),IND,0,Post Graduate,"Rs 2,04,36,968 ~ 2 Crore+","Rs 31,55,110 ~ 31 Lacs+"
62,Bhaskar Sharma,https://www.myneta.info/Assam2026/candidate.php?candidate_id=62,MARGHERITA,BJP,0,10th Pass,https://myneta.info/image_v2.php?myneta_folder=Assam2026&candidate_id=62&col=ta,https://myneta.info/image_v2.php?myneta_folder=Assam2026&candidate_id=62&col=lia
737,Bhobeswar Dusad,https://www.myneta.info/Assam2026/candidate.php?candidate_id=737,KHUMTAI,IND,0,12th Pass,"Rs 2,12,643 ~ 2 Lacs+",Rs 0 ~
677,Bhoglal Rabha,https://www.myneta.info/Assam2026/candidate.php?candidate_id=677,BOKO-CHAYGAON (ST),AITC,0,12th Pass,"Rs 27,81,147 ~ 27 Lacs+",Rs 0 ~
58,Bhuban Gam,https://www.myneta.info/Assam2026/candidate.php?candidate_id=58,MAJULI (ST),BJP,0,12th Pass,https://myneta.info/image_v2.php?myneta_folder=Assam2026&candidate_id=58&col=ta,https://myneta.info/image_v2.php?myneta_folder=Assam2026&candidate_id=58&col=lia
730,Bhubon Pegu,https://www.myneta.info/Assam2026/candidate.php?candidate_id=730,JONAI (ST),BJP,0,Post Graduate,"Rs 5,72,75,772 ~ 5 Crore+","Rs 2,14,71,563 ~ 2 Crore+"
201,Bhupen Kumar Borah,https://www.myneta.info/Assam2026/candidate.php?candidate_id=201,BIHPURIA,BJP,0,Post Graduate,"Rs 11,26,36,872 ~ 11 Crore+","Rs 6,47,859 ~ 6 Lacs+"
6,Bhupen Roy,https://www.myneta.info/Assam2026/candidate.php?candidate_id=6,ABHAYAPURI,BJP,0,Graduate,https://myneta.info/image_v2.php?myneta_folder=Assam2026&candidate_id=6&col=ta,https://myneta.info/image_v2.php?myneta_folder=Assam2026&candidate_id=6&col=lia
263,Bhupen Singh Murari,https://www.myneta.info/Assam2026/candidate.php?candidate_id=263,CHABUA-LAHOWAL,Jharkhand Mukti Morcha,0,Graduate,"Rs 51,17,000 ~ 51 Lacs+","Rs 2,68,608 ~ 2 Lacs+"
246,Bibekananda Rajowar,https://www.myneta.info/Assam2026/candidate.php?candidate_id=246,BOKAKHAT,Gondvana Gantantra Party,0,10th Pass,"Rs 6,03,090 ~ 6 Lacs+",Rs 0 ~
485,Bidisha Neog,https://www.myneta.info/Assam2026/candidate.php?candidate_id=485,JALUKBARI,INC,0,Graduate,https://myneta.info/image_v2.php?myneta_folder=Assam2026&candidate_id=485&col=ta,https://myneta.info/image_v2.php?myneta_folder=Assam2026&candidate_id=485&col=lia
430,Bijay Manjani,https://www.myneta.info/Assam2026/candidate.php?candidate_id=430,MARIANI,IND,0,12th Pass,"Rs 5,46,000 ~ 5 Lacs+",Rs 0 ~
763,Bijit Kumar Sinha,https://www.myneta.info/Assam2026/candidate.php?candidate_id=763,PATHARKANDI,SUCI(C),0,Post Graduate,"Rs 40,162 ~ 40 Thou+",Rs 0 ~
385,Bijoy Malakar,https://www.myneta.info/Assam2026/candidate.php?candidate_id=385,RAM KRISHNA NAGAR (SC),BJP,0,10th Pass,https://myneta.info/image_v2.php?myneta_folder=Assam2026&candidate_id=385&col=ta,https://myneta.info/image_v2.php?myneta_folder=Assam2026&candidate_id=385&col=lia
477,Biju Dowarah,https://www.myneta.info/Assam2026/candidate.php?candidate_id=477,KHOWANG,IND,1,12th Pass,"Rs 6,72,80,651 ~ 6 Crore+","Rs 10,69,104 ~ 10 Lacs+"
758,Biju Paul,https://www.myneta.info/Assam2026/candidate.php?candidate_id=758,PATHARKANDI,All India Forward Bloc,0,12th Pass,"Rs 1,83,110 ~ 1 Lacs+",Rs 0 ~
780,Bikan Chandra Deka,https://www.myneta.info/Assam2026/candidate.php?candidate_id=780,TANGLA,BJP,0,Graduate Professional,https://myneta.info/image_v2.php?myneta_folder=Assam2026&candidate_id=780&col=ta,https://myneta.info/image_v2.php?myneta_folder=Assam2026&candidate_id=780&col=lia
382,Bikash Lal Dhubi,https://www.myneta.info/Assam2026/candidate.php?candidate_id=382,RAM KRISHNA NAGAR (SC),IND,0,12th Pass,"Rs 1,97,400 ~ 1 Lacs+",Rs 0 ~
404,Bikash Nath,https://www.myneta.info/Assam2026/candidate.php?candidate_id=404,PALASBARI,AITC,0,Graduate,"Rs 15,50,000 ~ 15 Lacs+",Rs 0 ~
782,Bikash Saikia,https://www.myneta.info/Assam2026/candidate.php?candidate_id=782,TEOK,Asom Gana Parishad,0,Post Graduate,https://myneta.info/image_v2.php?myneta_folder=Assam2026&candidate_id=782&col=ta,https://myneta.info/image_v2.php?myneta_folder=Assam2026&candidate_id=782&col=lia
102,Bikram Hanse,https://www.myneta.info/Assam2026/candidate.php?candidate_id=102,AMRI (ST),IND,2,10th Pass,"Rs 32,55,703 ~ 32 Lacs+","Rs 22,47,615 ~ 22 Lacs+"
752,Bikrom Das,https://www.myneta.info/Assam2026/candidate.php?candidate_id=752,NOWBOICHA (SC),Voters Party International,0,12th Pass,"Rs 1,31,20,307 ~ 1 Crore+","Rs 15,67,894 ~ 15 Lacs+"
126,Bimal Borah,https://www.myneta.info/Assam2026/candidate.php?candidate_id=126,TINGKHONG,BJP,0,Graduate,https://myneta.info/image_v2.php?myneta_folder=Assam2026&candidate_id=126&col=ta,https://myneta.info/image_v2.php?myneta_folder=Assam2026&candidate_id=126&col=lia
340,Binanda Kumar Saikia,https://www.myneta.info/Assam2026/candidate.php?candidate_id=340,SIPAJHAR,INC,0,Post Graduate,"Rs 4,45,10,927 ~ 4 Crore+","Rs 37,94,580 ~ 37 Lacs+"
51,Binay Krishna Roy,https://www.myneta.info/Assam2026/candidate.php?candidate_id=51,KARIMGANJ NORTH,IND,0,Graduate Professional,"Rs 87,61,353 ~ 87 Lacs+",Rs 0 ~
264,Binod Hazarika,https://www.myneta.info/Assam2026/candidate.php?candidate_id=264,CHABUA-LAHOWAL,BJP,0,10th Pass,https://myneta.info/image_v2.php?myneta_folder=Assam2026&candidate_id=264&col=ta,https://myneta.info/image_v2.php?myneta_folder=Assam2026&candidate_id=264&col=lia
498,Binod Ree,https://www.myneta.info/Assam2026/candidate.php?candidate_id=498,HAILAKANDI,IND,0,10th Pass,"Rs 1,50,000 ~ 1 Lacs+",Rs 0 ~
189,Binoy Kumar Basumatary,https://www.myneta.info/Assam2026/candidate.php?candidate_id=189,BHERGAON,Voters Party International,0,10th Pass,"Rs 2,28,000 ~ 2 Lacs+",Rs 0 ~
138,Biplab Das,https://www.myneta.info/Assam2026/candidate.php?candidate_id=138,KARIMGANJ SOUTH,IND,1,10th Pass,https://myneta.info/image_v2.php?myneta_folder=Assam2026&candidate_id=138&col=ta,https://myneta.info/image_v2.php?myneta_folder=Assam2026&candidate_id=138&col=lia
42,Bipul Debnath,https://www.myneta.info/Assam2026/candidate.php?candidate_id=42,GUWAHATI CENTRAL,All India Forward Bloc,0,Graduate Professional,"Rs 19,14,512 ~ 19 Lacs+",Rs 0 ~
98,Bipul Gogoi,https://www.myneta.info/Assam2026/candidate.php?candidate_id=98,TINGKHONG,INC,0,Post Graduate,"Rs 1,48,77,044 ~ 1 Crore+",Rs 0 ~
305,Biresh Difoesa,https://www.myneta.info/Assam2026/candidate.php?candidate_id=305,DIPHU (ST),AAP,0,10th Pass,https://myneta.info/image_v2.php?myneta_folder=Assam2026&candidate_id=305&col=ta,https://myneta.info/image_v2.php?myneta_folder=Assam2026&candidate_id=305&col=lia
464,Birinchi Pegu,https://www.myneta.info/Assam2026/candidate.php?candidate_id=464,LAKHIMPUR,SUCI(C),0,10th Pass,"Rs 62,683 ~ 62 Thou+",Rs 0 ~
315,Birkhang Boro,https://www.myneta.info/Assam2026/candidate.php?candidate_id=315,DOTMA (ST),INC,1,Graduate,"Rs 9,35,69,080 ~ 9 Crore+",Rs 0 ~
494,Bishal Singha Malakar,https://www.myneta.info/Assam2026/candidate.php?candidate_id=494,HAILAKANDI,IND,0,12th Pass,https://myneta.info/image_v2.php?myneta_folder=Assam2026&candidate_id=494&col=ta,https://myneta.info/image_v2.php?myneta_folder=Assam2026&candidate_id=494&col=lia
775,Bishwadutta Tati,https://www.myneta.info/Assam2026/candidate.php?candidate_id=775,TANGLA,Gondvana Gantantra Party,0,10th Pass,"Rs 60,000 ~ 60 Thou+",Rs 0 ~
96,Biswajit Daimary,https://www.myneta.info/Assam2026/candidate.php?candidate_id=96,TAMULPUR (ST),BJP,0,Post Graduate,"Rs 7,31,50,936 ~ 7 Crore+","Rs 1,00,70,316 ~ 1 Crore+"
88,Biswajit Phukan,https://www.myneta.info/Assam2026/candidate.php?candidate_id=88,SARUPATHAR,BJP,1,Post Graduate,https://myneta.info/image_v2.php?myneta_folder=Assam2026&candidate_id=88&col=ta,https://myneta.info/image_v2.php?myneta_folder=Assam2026&candidate_id=88&col=lia
328,Bitupan Saikia,https://www.myneta.info/Assam2026/candidate.php?candidate_id=328,GOLAGHAT,INC,0,12th Pass,"Rs 2,18,42,226 ~ 2 Crore+","Rs 26,27,144 ~ 26 Lacs+"
83,Bolin Chetia,https://www.myneta.info/Assam2026/candidate.php?candidate_id=83,SADIYA,BJP,0,12th Pass,"Rs 8,03,22,466 ~ 8 Crore+","Rs 3,28,56,990 ~ 3 Crore+"
254,Chakradhar Das,https://www.myneta.info/Assam2026/candidate.php?candidate_id=254,BONGAIGAON,IND,0,10th Pass,https://myneta.info/image_v2.php?myneta_folder=Assam2026&candidate_id=254&col=ta,https://myneta.info/image_v2.php?myneta_folder=Assam2026&candidate_id=254&col=lia
476,Chakradhar Gogoi,https://www.myneta.info/Assam2026/candidate.php?candidate_id=476,KHOWANG,BJP,0,Graduate,"Rs 4,06,11,541 ~ 4 Crore+","Rs 25,18,277 ~ 25 Lacs+"
106,Champa Kurmi,https://www.myneta.info/Assam2026/candidate.php?candidate_id=106,BARCHALLA,SUCI(C),0,12th Pass,"Rs 79,700 ~ 79 Thou+",Rs 0 ~
755,Chandan Gowala,https://www.myneta.info/Assam2026/candidate.php?candidate_id=755,PATHARKANDI,IND,0,8th Pass,https://myneta.info/image_v2.php?myneta_folder=Assam2026&candidate_id=755&col=ta,https://myneta.info/image_v2.php?myneta_folder=Assam2026&candidate_id=755&col=lia
787,Chandramohan Patowary,https://www.myneta.info/Assam2026/candidate.php?candidate_id=787,TIHU,BJP,0,Post Graduate,"Rs 8,45,57,470 ~ 8 Crore+","Rs 2,30,87,984 ~ 2 Crore+"
64,Charan Boro,https://www.myneta.info/Assam2026/candidate.php?candidate_id=64,MAZBAT,Bodoland Peoples Front,0,Post Graduate,"Rs 6,18,30,543 ~ 6 Crore+","Rs 4,37,02,921 ~ 4 Crore+"
423,Cheniram Konwar,https://www.myneta.info/Assam2026/candidate.php?candidate_id=423,MORIGAON,Republican Party of India (Athawale),0,12th Pass,https://myneta.info/image_v2.php?myneta_folder=Assam2026&candidate_id=423&col=ta,https://myneta.info/image_v2.php?myneta_folder=Assam2026&candidate_id=423&col=lia
414,Chinmoyee Bhuyan Bardoloi,https://www.myneta.info/Assam2026/candidate.php?candidate_id=414,NEW GUWAHATI,Gana Suraksha Party,0,Graduate Professional,"Rs 79,23,800 ~ 79 Lacs+",Rs 0 ~
790,Chintu Baruah,https://www.myneta.info/Assam2026/candidate.php?candidate_id=790,TINSUKIA,IND,0,10th Pass,"Rs 4,84,500 ~ 4 Lacs+",Rs 0 ~
22,Chita Ranjan Nath,https://www.myneta.info/Assam2026/candidate.php?candidate_id=22,DHING,IND,0,Graduate,https://myneta.info/image_v2.php?myneta_folder=Assam2026&candidate_id=22&col=ta,https://myneta.info/image_v2.php?myneta_folder=Assam2026&candidate_id=22&col=lia
562,Choudhury Hibbur Rasul Usama Mabrur,https://www.myneta.info/Assam2026/candidate.php?candidate_id=562,KARIMGANJ NORTH,All India United Democratic Front,0,Others,"Rs 1,10,35,455 ~ 1 Crore+",Rs 0 ~
43,Daniel Langthasa,https://www.myneta.info/Assam2026/candidate.php?candidate_id=43,HAFLONG (ST),National Peoples Party,0,10th Pass,"Rs 4,37,011 ~ 4 Lacs+",Rs 0 ~
114,Debabrata Saikia,https://www.myneta.info/Assam2026/candidate.php?candidate_id=114,NAZIRA,INC,2,Graduate,https://myneta.info/image_v2.php?myneta_folder=Assam2026&candidate_id=114&col=ta,https://myneta.info/image_v2.php?myneta_folder=Assam2026&candidate_id=114&col=lia
662,Delowar Hussain,https://www.myneta.info/Assam2026/candidate.php?candidate_id=662,JALESWAR,IND,0,Graduate Professional,"Rs 1,77,000 ~ 1 Lacs+",Rs 0 ~
698,Delowara Hussain,https://www.myneta.info/Assam2026/candidate.php?candidate_id=698,CHAMARIA,SUCI(C),0,Graduate,"Rs 14,35,016 ~ 14 Lacs+","Rs 8,45,000 ~ 8 Lacs+"
795,Devid Phukan,https://www.myneta.info/Assam2026/candidate.php?candidate_id=795,TINSUKIA,INC,1,Graduate Professional,https://myneta.info/image_v2.php?myneta_folder=Assam2026&candidate_id=795&col=ta,https://myneta.info/image_v2.php?myneta_folder=Assam2026&candidate_id=795&col=lia
716,Dhanjeep Prasad Rabha,https://www.myneta.info/Assam2026/candidate.php?candidate_id=716,GOALPARA WEST (ST),IND,0,Graduate,"Rs 52,75,408 ~ 52 Lacs+","Rs 4,40,884 ~ 4 Lacs+"
534,Dhanjeep Prasad Rabha,https://www.myneta.info/Assam2026/candidate.php?candidate_id=534,GOALPARA EAST,IND,0,Graduate,"Rs 52,75,408 ~ 52 Lacs+","Rs 4,40,884 ~ 4 Lacs+"
164,Dharmeswar Roy,https://www.myneta.info/Assam2026/candidate.php?candidate_id=164,BAJALI,Asom Gana Parishad,0,Graduate,https://myneta.info/image_v2.php?myneta_folder=Assam2026&candidate_id=164&col=ta,https://myneta.info/image_v2.php?myneta_folder=Assam2026&candidate_id=164&col=lia
799,Dhiraj Gowala,https://www.myneta.info/Assam2026/candidate.php?candidate_id=799,TITABOR,BJP,0,12th Pass,"Rs 85,23,562 ~ 85 Lacs+","Rs 31,50,000 ~ 31 Lacs+"
767,Dhormeswar Konwar,https://www.myneta.info/Assam2026/candidate.php?candidate_id=767,SONARI,BJP,0,12th Pass,"Rs 2,20,61,879 ~ 2 Crore+","Rs 15,82,628 ~ 15 Lacs+"
33,Dhruba Gogoi,https://www.myneta.info/Assam2026/candidate.php?candidate_id=33,DULIAJAN,INC,1,10th Pass,https://myneta.info/image_v2.php?myneta_folder=Assam2026&candidate_id=33&col=ta,https://myneta.info/image_v2.php?myneta_folder=Assam2026&candidate_id=33&col=lia
291,Dhrubajyoti Purkayastha,https://www.myneta.info/Assam2026/candidate.php?candidate_id=291,DHOLAI (SC),INC,0,Graduate,"Rs 69,98,903 ~ 69 Lacs+",Rs 0 ~
499,Dhrubo Chakraborty,https://www.myneta.info/Assam2026/candidate.php?candidate_id=499,HAILAKANDI,IND,0,8th Pass,Nil,Rs 0 ~
679,Diganta Barman,https://www.myneta.info/Assam2026/candidate.php?candidate_id=679,BARKHETRI,INC,0,Graduate,https://myneta.info/image_v2.php?myneta_folder=Assam2026&candidate_id=679&col=ta,https://myneta.info/image_v2.php?myneta_folder=Assam2026&candidate_id=679&col=lia
478,Diganta Kalita,https://www.myneta.info/Assam2026/candidate.php?candidate_id=478,KAMALPUR,BJP,0,Graduate,"Rs 8,46,73,343 ~ 8 Crore+","Rs 3,28,16,412 ~ 3 Crore+"
165,Dilip Baruah,https://www.myneta.info/Assam2026/candidate.php?candidate_id=165,BAJALI,Assam Jatiya Parishad,0,Post Graduate,"Rs 17,52,000 ~ 17 Lacs+",Rs 0 ~
362,Dilip Bura Gohain,https://www.myneta.info/Assam2026/candidate.php?candidate_id=362,SADIYA,IND,0,10th Pass,https://myneta.info/image_v2.php?myneta_folder=Assam2026&candidate_id=362&col=ta,https://myneta.info/image_v2.php?myneta_folder=Assam2026&candidate_id=362&col=lia
391,Dilip Kumar Barman,https://www.myneta.info/Assam2026/candidate.php?candidate_id=391,PARBATJHORA,IND,0,Graduate,"Rs 36,15,280 ~ 36 Lacs+",Rs 0 ~
101,Dilip Kumar Ree,https://www.myneta.info/Assam2026/candidate.php?candidate_id=101,UDHARBOND,SUCI(C),0,8th Pass,"Rs 5,807 ~ 5 Thou+",Rs 0 ~
124,Dilip Moran,https://www.myneta.info/Assam2026/candidate.php?candidate_id=124,MAKUM,AITC,0,12th Pass,https://myneta.info/image_v2.php?myneta_folder=Assam2026&candidate_id=124&col=ta,https://myneta.info/image_v2.php?myneta_folder=Assam2026&candidate_id=124&col=lia
419,Dilip Sahu,https://www.myneta.info/Assam2026/candidate.php?candidate_id=419,NAZIRA,IND,0,8th Pass,"Rs 17,00,000 ~ 17 Lacs+","Rs 63,280 ~ 63 Thou+"
418,Dilwar Hussain,https://www.myneta.info/Assam2026/candidate.php?candidate_id=418,NAZIRA,IND,0,12th Pass,"Rs 16,58,869 ~ 16 Lacs+",Rs 0 ~
224,Dimbeswar Boro,https://www.myneta.info/Assam2026/candidate.php?candidate_id=224,BIJNI,IND,0,Graduate,https://myneta.info/image_v2.php?myneta_folder=Assam2026&candidate_id=224&col=ta,https://myneta.info/image_v2.php?myneta_folder=Assam2026&candidate_id=224&col=lia
685,Dipak Kumar Das,https://www.myneta.info/Assam2026/candidate.php?candidate_id=685,BARPETA (SC),Asom Gana Parishad,0,Graduate Professional,"Rs 6,05,56,573 ~ 6 Crore+","Rs 20,94,690 ~ 20 Lacs+"
191,Dipak Rajbongshi,https://www.myneta.info/Assam2026/candidate.php?candidate_id=191,BHERGAON,Gana Suraksha Party,0,12th Pass,"Rs 33,35,809 ~ 33 Lacs+","Rs 2,50,000 ~ 2 Lacs+"
100,Dipen Boro,https://www.myneta.info/Assam2026/candidate.php?candidate_id=100,UDALGURI (ST),United Peoples Party Liberal,0,Post Graduate,https://myneta.info/image_v2.php?myneta_folder=Assam2026&candidate_id=100&col=ta,https://myneta.info/image_v2.php?myneta_folder=Assam2026&candidate_id=100&col=lia
484,Dipika Das,https://www.myneta.info/Assam2026/candidate.php?candidate_id=484,JALUKBARI,IND,0,Post Graduate,"Rs 5,22,630 ~ 5 Lacs+",Rs 0 ~
416,Diplu Ranjan Sarmah,https://www.myneta.info/Assam2026/candidate.php?candidate_id=416,NEW GUWAHATI,BJP,0,Graduate,"Rs 2,97,55,627 ~ 2 Crore+","Rs 75,02,375 ~ 75 Lacs+"
253,Diptimayee Choudhury,https://www.myneta.info/Assam2026/candidate.php?candidate_id=253,BONGAIGAON,Asom Gana Parishad,0,12th Pass,https://myneta.info/image_v2.php?myneta_folder=Assam2026&candidate_id=253&col=ta,https://myneta.info/image_v2.php?myneta_folder=Assam2026&candidate_id=253&col=lia
469,Dr Asif Mohammad Nazar,https://www.myneta.info/Assam2026/candidate.php?candidate_id=469,LAHARIGHAT,INC,2,Post Graduate,"Rs 17,04,39,885 ~ 17 Crore+","Rs 1,69,82,855 ~ 1 Crore+"
202,Dr. Diganta Gogoi,https://www.myneta.info/Assam2026/candidate.php?candidate_id=202,BIHPURIA,Voters Party International,0,Doctorate,"Rs 74,44,978 ~ 74 Lacs+",Rs 0 ~
461,Dr. Indraneel Pegu,https://www.myneta.info/Assam2026/candidate.php?candidate_id=461,MAJULI (ST),INC,0,Doctorate,https://myneta.info/image_v2.php?myneta_folder=Assam2026&candidate_id=461&col=ta,https://myneta.info/image_v2.php?myneta_folder=Assam2026&candidate_id=461&col=lia
751,Dr. Joy Prakash Das,https://www.myneta.info/Assam2026/candidate.php?candidate_id=751,NOWBOICHA (SC),INC,2,Doctorate,"Rs 3,28,91,466 ~ 3 Crore+","Rs 98,69,476 ~ 98 Lacs+"
475,Dr. Prabhakar Das,https://www.myneta.info/Assam2026/candidate.php?candidate_id=475,KHOWANG,IND,0,Graduate Professional,"Rs 27,95,948 ~ 27 Lacs+","Rs 18,54,780 ~ 18 Lacs+"
346,Dr. Rajdeep Roy,https://www.myneta.info/Assam2026/candidate.php?candidate_id=346,SILCHAR,BJP,0,Post Graduate,https://myneta.info/image_v2.php?myneta_folder=Assam2026&candidate_id=346&col=ta,https://myneta.info/image_v2.php?myneta_folder=Assam2026&candidate_id=346&col=lia
272,Dr. Ranoj Pegu,https://www.myneta.info/Assam2026/candidate.php?candidate_id=272,DHEMAJI (ST),BJP,0,Graduate Professional,"Rs 3,21,31,787 ~ 3 Crore+","Rs 30,721 ~ 30 Thou+"
302,Dr. Tapan Das,https://www.myneta.info/Assam2026/candidate.php?candidate_id=302,DIMORIA (SC),Asom Gana Parishad,0,Doctorate,"Rs 95,14,288 ~ 95 Lacs+",Rs 0 ~
409,Dr. Tara Prasad Das,https://www.myneta.info/Assam2026/candidate.php?candidate_id=409,PAKABETBARI,Asom Gana Parishad,0,Graduate Professional,https://myneta.info/image_v2.php?myneta_folder=Assam2026&candidate_id=409&col=ta,https://myneta.info/image_v2.php?myneta_folder=Assam2026&candidate_id=409&col=lia
613,Dulal Chandra Boruah,https://www.myneta.info/Assam2026/candidate.php?candidate_id=613,SISSIBORGAON,Raijor Dal,0,Graduate,"Rs 92,45,370 ~ 92 Lacs+","Rs 3,65,184 ~ 3 Lacs+"
709,Dulal Moran,https://www.myneta.info/Assam2026/candidate.php?candidate_id=709,DIGBOI,Raijor Dal,0,12th Pass,"Rs 63,00,000 ~ 63 Lacs+","Rs 15,00,000 ~ 15 Lacs+"
714,Durga Bhumij,https://www.myneta.info/Assam2026/candidate.php?candidate_id=714,DOOM DOOMA,INC,0,Graduate,https://myneta.info/image_v2.php?myneta_folder=Assam2026&candidate_id=714&col=ta,https://myneta.info/image_v2.php?myneta_folder=Assam2026&candidate_id=714&col=lia
133,Durlav Chamua,https://www.myneta.info/Assam2026/candidate.php?candidate_id=133,NAGAON-BATADRABA,INC,0,Graduate Professional,"Rs 13,05,47,716 ~ 13 Crore+","Rs 3,18,00,590 ~ 3 Crore+"
575,Ekbal Hussain,https://www.myneta.info/Assam2026/candidate.php?candidate_id=575,KARIMGANJ SOUTH,Asom Gana Parishad,0,12th Pass,"Rs 5,04,62,246 ~ 5 Crore+","Rs 19,077 ~ 19 Thou+"
406,Elvin Baruah,https://www.myneta.info/Assam2026/candidate.php?candidate_id=406,PALASBARI,AAP,0,12th Pass,https://myneta.info/image_v2.php?myneta_folder=Assam2026&candidate_id=406&col=ta,https://myneta.info/image_v2.php?myneta_folder=Assam2026&candidate_id=406&col=lia
647,Fajlul Karim Chowdhury,https://www.myneta.info/Assam2026/candidate.php?candidate_id=647,BINNAKANDI,IND,0,Graduate,"Rs 1,75,67,000 ~ 1 Crore+",Rs 0 ~
559,Fakrul Islam,https://www.myneta.info/Assam2026/candidate.php?candidate_id=559,KARIMGANJ NORTH,IND,0,5th Pass,"Rs 10,073 ~ 10 Thou+",Rs 0 ~
199,Farhad Ali,https://www.myneta.info/Assam2026/candidate.php?candidate_id=199,BHAWANIPUR-SORBHOG,All India United Democratic Front,5,Graduate,https://myneta.info/image_v2.php?myneta_folder=Assam2026&candidate_id=199&col=ta,https://myneta.info/image_v2.php?myneta_folder=Assam2026&candidate_id=199&col=lia
59,Faruk Khan,https://www.myneta.info/Assam2026/candidate.php?candidate_id=59,MANDIA,IND,3,Graduate,"Rs 23,06,000 ~ 23 Lacs+","Rs 85,000 ~ 85 Thou+"
197,Faruque Abdullah Ahmed,https://www.myneta.info/Assam2026/candidate.php?candidate_id=197,BHAWANIPUR-SORBHOG,IND,0,12th Pass,"Rs 10,20,300 ~ 10 Lacs+",Rs 0 ~
141,Firuzul Islam,https://www.myneta.info/Assam2026/candidate.php?candidate_id=141,GAURIPUR,Rashtriya Ulama Council,0,12th Pass,https://myneta.info/image_v2.php?myneta_folder=Assam2026&candidate_id=141&col=ta,https://myneta.info/image_v2.php?myneta_folder=Assam2026&candidate_id=141&col=lia
656,Forij Uddin,https://www.myneta.info/Assam2026/candidate.php?candidate_id=656,BINNAKANDI,IND,0,12th Pass,"Rs 2,35,000 ~ 2 Lacs+",Rs 0 ~
517,Foriz Zaman Mazumder,https://www.myneta.info/Assam2026/candidate.php?candidate_id=517,ALGAPUR-KATLICHERRA,IND,0,12th Pass,Rs 500 ~ 5 Hund+,Rs 0 ~
567,Foyaz Ahmed,https://www.myneta.info/Assam2026/candidate.php?candidate_id=567,KARIMGANJ SOUTH,IND,0,12th Pass,https://myneta.info/image_v2.php?myneta_folder=Assam2026&candidate_id=567&col=ta,https://myneta.info/image_v2.php?myneta_folder=Assam2026&candidate_id=567&col=lia
317,Fungkha Brahma,https://www.myneta.info/Assam2026/candidate.php?candidate_id=317,DOTMA (ST),IND,0,12th Pass,"Rs 13,77,970 ~ 13 Lacs+","Rs 3,34,794 ~ 3 Lacs+"
684,Gagan Chandra Haloi,https://www.myneta.info/Assam2026/candidate.php?candidate_id=684,BARPETA (SC),IND,0,Post Graduate,"Rs 1,60,79,455 ~ 1 Crore+","Rs 24,96,463 ~ 24 Lacs+"
678,Ganseng B. Sangma,https://www.myneta.info/Assam2026/candidate.php?candidate_id=678,BOKO-CHAYGAON (ST),National Peoples Party,0,Graduate Professional,https://myneta.info/image_v2.php?myneta_folder=Assam2026&candidate_id=678&col=ta,https://myneta.info/image_v2.php?myneta_folder=Assam2026&candidate_id=678&col=lia
433,Garnel Minze,https://www.myneta.info/Assam2026/candidate.php?candidate_id=433,MARGHERITA,Jharkhand Mukti Morcha,0,Graduate,"Rs 2,36,307 ~ 2 Lacs+","Rs 42,800 ~ 42 Thou+"
482,Gaurav Gogoi,https://www.myneta.info/Assam2026/candidate.php?candidate_id=482,JORHAT,INC,1,Post Graduate,"Rs 7,83,60,639 ~ 7 Crore+","Rs 5,96,573 ~ 5 Lacs+"
343,Gautam Das,https://www.myneta.info/Assam2026/candidate.php?candidate_id=343,SILCHAR,IND,0,10th Pass,https://myneta.info/image_v2.php?myneta_folder=Assam2026&candidate_id=343&col=ta,https://myneta.info/image_v2.php?myneta_folder=Assam2026&candidate_id=343&col=lia
495,Gautam Kanti Das,https://www.myneta.info/Assam2026/candidate.php?candidate_id=495,HAILAKANDI,IND,0,10th Pass,"Rs 25,000 ~ 25 Thou+",Rs 0 ~
501,Gautam Nath,https://www.myneta.info/Assam2026/candidate.php?candidate_id=501,HAILAKANDI,IND,0,10th Pass,Rs 400 ~ 4 Hund+,Rs 0 ~
465,Ghana Buragohain,https://www.myneta.info/Assam2026/candidate.php?candidate_id=465,LAKHIMPUR,INC,0,Graduate,https://myneta.info/image_v2.php?myneta_folder=Assam2026&candidate_id=465&col=ta,https://myneta.info/image_v2.php?myneta_folder=Assam2026&candidate_id=465&col=lia
379,Girindra Kumar Bhuyan,https://www.myneta.info/Assam2026/candidate.php?candidate_id=379,RANGAPARA,IND,0,12th Pass,"Rs 8,72,97,755 ~ 8 Crore+","Rs 97,17,327 ~ 97 Lacs+"
252,Girish Baruah,https://www.myneta.info/Assam2026/candidate.php?candidate_id=252,BONGAIGAON,INC,1,10th Pass,"Rs 13,22,097 ~ 13 Lacs+",Rs 0 ~
792,Gobinda Joishy,https://www.myneta.info/Assam2026/candidate.php?candidate_id=792,TINSUKIA,IND,0,Graduate,https://myneta.info/image_v2.php?myneta_folder=Assam2026&candidate_id=792&col=ta,https://myneta.info/image_v2.php?myneta_folder=Assam2026&candidate_id=792&col=lia
23,Gour Chandra Das,https://www.myneta.info/Assam2026/candidate.php?candidate_id=23,DHOLAI (SC),SUCI(C),0,Post Graduate,"Rs 61,142 ~ 61 Thou+",Rs 0 ~
420,Gufranur Rohman,https://www.myneta.info/Assam2026/candidate.php?candidate_id=420,NAZIRA,IND,0,10th Pass,"Rs 4,49,839 ~ 4 Lacs+",Rs 0 ~
63,Gyanashree Bora,https://www.myneta.info/Assam2026/candidate.php?candidate_id=63,MARIANI,Raijor Dal,0,Doctorate,https://myneta.info/image_v2.php?myneta_folder=Assam2026&candidate_id=63&col=ta,https://myneta.info/image_v2.php?myneta_folder=Assam2026&candidate_id=63&col=lia
186,Gyanendra Sarkar,https://www.myneta.info/Assam2026/candidate.php?candidate_id=186,BEHALI (SC),CPI(ML)(L),0,Graduate Professional,"Rs 1,44,39,800 ~ 1 Crore+","Rs 30,30,348 ~ 30 Lacs+"
103,Habbey Teron,https://www.myneta.info/Assam2026/candidate.php?candidate_id=103,AMRI (ST),BJP,0,Graduate Professional,"Rs 2,42,87,218 ~ 2 Crore+","Rs 34,29,336 ~ 34 Lacs+"
366,Habibur Rahman,https://www.myneta.info/Assam2026/candidate.php?candidate_id=366,RUPAHIHAT,IND,1,12th Pass,https://myneta.info/image_v2.php?myneta_folder=Assam2026&candidate_id=366&col=ta,https://myneta.info/image_v2.php?myneta_folder=Assam2026&candidate_id=366&col=lia
535,Hafiz Bashir Ahmed,https://www.myneta.info/Assam2026/candidate.php?candidate_id=535,GOALPARA EAST,All India United Democratic Front,0,Post Graduate,"Rs 1,20,48,760 ~ 1 Crore+",Rs 0 ~
230,Hakimul Islam,https://www.myneta.info/Assam2026/candidate.php?candidate_id=230,BILASIPARA,Rashtriya Ulama Council,0,12th Pass,"Rs 2,56,021 ~ 2 Lacs+",Rs 0 ~
73,Halima Khatun,https://www.myneta.info/Assam2026/candidate.php?candidate_id=73,PAKABETBARI,SUCI(C),0,Graduate,https://myneta.info/image_v2.php?myneta_folder=Assam2026&candidate_id=73&col=ta,https://myneta.info/image_v2.php?myneta_folder=Assam2026&candidate_id=73&col=lia
769,Hanif Ali Sk.,https://www.myneta.info/Assam2026/candidate.php?candidate_id=769,SRIJANGRAM,SUCI(C),0,Graduate,"Rs 83,683 ~ 83 Thou+",Rs 0 ~
445,Harekrishna Deka,https://www.myneta.info/Assam2026/candidate.php?candidate_id=445,MANGALDAI,AITC,0,12th Pass,"Rs 24,71,000 ~ 24 Lacs+",Rs 0 ~
610,Haren Changmai,https://www.myneta.info/Assam2026/candidate.php?candidate_id=610,SISSIBORGAON,IND,0,12th Pass,https://myneta.info/image_v2.php?myneta_folder=Assam2026&candidate_id=610&col=ta,https://myneta.info/image_v2.php?myneta_folder=Assam2026&candidate_id=610&col=lia
467,Haresha Khanam,https://www.myneta.info/Assam2026/candidate.php?candidate_id=467,LAHARIGHAT,IND,0,12th Pass,"Rs 13,40,000 ~ 13 Lacs+",Rs 0 ~
148,Hareswar Swargiary,https://www.myneta.info/Assam2026/candidate.php?candidate_id=148,TAMULPUR (ST),IND,0,12th Pass,"Rs 2,10,14,734 ~ 2 Crore+","Rs 15,00,000 ~ 15 Lacs+"
247,Hari Prasad Saikia,https://www.myneta.info/Assam2026/candidate.php?candidate_id=247,BOKAKHAT,Raijor Dal,0,Graduate,https://myneta.info/image_v2.php?myneta_folder=Assam2026&candidate_id=247&col=ta,https://myneta.info/image_v2.php?myneta_folder=Assam2026&candidate_id=247&col=lia
342,Harjyoti Buddha,https://www.myneta.info/Assam2026/candidate.php?candidate_id=342,SIPAJHAR,IND,0,Graduate,"Rs 5,41,000 ~ 5 Lacs+",Rs 0 ~
599,Hassan Ahmed Barbhuiya,https://www.myneta.info/Assam2026/candidate.php?candidate_id=599,SONAI,IND,0,12th Pass,"Rs 29,66,022 ~ 29 Lacs+",Rs 0 ~
509,Haydar Hussain Laskar,https://www.myneta.info/Assam2026/candidate.php?candidate_id=509,ALGAPUR-KATLICHERRA,IND,0,12th Pass,https://myneta.info/image_v2.php?myneta_folder=Assam2026&candidate_id=509&col=ta,https://myneta.info/image_v2.php?myneta_folder=Assam2026&candidate_id=509&col=lia
331,Helen Murmu,https://www.myneta.info/Assam2026/candidate.php?candidate_id=331,GOSSAIGAON,IND,0,Graduate,"Rs 20,95,900 ~ 20 Lacs+","Rs 7,70,000 ~ 7 Lacs+"
724,Hemanta Bijoy Mahanta,https://www.myneta.info/Assam2026/candidate.php?candidate_id=724,GOHPUR,IND,0,Post Graduate,"Rs 2,51,08,949 ~ 2 Crore+",Rs 0 ~
57,Hemanta Boruah,https://www.myneta.info/Assam2026/candidate.php?candidate_id=57,LAKHIMPUR,IND,0,Graduate,https://myneta.info/image_v2.php?myneta_folder=Assam2026&candidate_id=57&col=ta,https://myneta.info/image_v2.php?myneta_folder=Assam2026&candidate_id=57&col=lia
352,Hemanta Boruah,https://www.myneta.info/Assam2026/candidate.php?candidate_id=352,SIBSAGAR,IND,0,10th Pass,"Rs 1,12,47,398 ~ 1 Crore+",Rs 0 ~
248,Hemanta Doloi,https://www.myneta.info/Assam2026/candidate.php?candidate_id=248,BOKAKHAT,IND,0,12th Pass,"Rs 11,70,000 ~ 11 Lacs+",Rs 0 ~
47,Hemanta Kumar Pegu,https://www.myneta.info/Assam2026/candidate.php?candidate_id=47,JORHAT,SUCI(C),0,Post Graduate,https://myneta.info/image_v2.php?myneta_folder=Assam2026&candidate_id=47&col=ta,https://myneta.info/image_v2.php?myneta_folder=Assam2026&candidate_id=47&col=lia
12,Hemen Gogoi,https://www.myneta.info/Assam2026/candidate.php?candidate_id=12,BIHPURIA,IND,0,Graduate,"Rs 22,70,000 ~ 22 Lacs+",Rs 0 ~
631,Hemkanta Miri,https://www.myneta.info/Assam2026/candidate.php?candidate_id=631,RONGONADI,SUCI(C),0,Graduate Professional,"Rs 12,15,715 ~ 12 Lacs+",Rs 0 ~
256,Hifzur Rahman Laskar,https://www.myneta.info/Assam2026/candidate.php?candidate_id=256,BORKHOLA,IND,0,12th Pass,https://myneta.info/image_v2.php?myneta_folder=Assam2026&candidate_id=256&col=ta,https://myneta.info/image_v2.php?myneta_folder=Assam2026&candidate_id=256&col=lia
53,Hillol Bhattacharjee,https://www.myneta.info/Assam2026/candidate.php?candidate_id=53,KATIGORAH,SUCI(C),0,Post Graduate,"Rs 7,771 ~ 7 Thou+",Rs 0 ~
403,Himangshu Shekhar Baishya,https://www.myneta.info/Assam2026/candidate.php?candidate_id=403,PALASBARI,BJP,0,Graduate,"Rs 12,60,54,514 ~ 12 Crore+","Rs 7,61,06,345 ~ 7 Crore+"
46,Himanta Biswa Sarma,https://www.myneta.info/Assam2026/candidate.php?candidate_id=46,JALUKBARI,BJP,0,Doctorate,https://myneta.info/image_v2.php?myneta_folder=Assam2026&candidate_id=46&col=ta,https://myneta.info/image_v2.php?myneta_folder=Assam2026&candidate_id=46&col=lia
284,Hirak Jyoti Bora,https://www.myneta.info/Assam2026/candidate.php?candidate_id=284,DHING,Republican Party of India (Athawale),0,Post Graduate,"Rs 1,02,500 ~ 1 Lacs+","Rs 88,360 ~ 88 Thou+"
481,Hitendra Nath Goswami,https://www.myneta.info/Assam2026/candidate.php?candidate_id=481,JORHAT,BJP,0,Post Graduate,"Rs 2,19,01,431 ~ 2 Crore+",Rs 0 ~
171,Hitesh Basumatary,https://www.myneta.info/Assam2026/candidate.php?candidate_id=171,BAKSA (ST),IND,1,12th Pass,https://myneta.info/image_v2.php?myneta_folder=Assam2026&candidate_id=171&col=ta,https://myneta.info/image_v2.php?myneta_folder=Assam2026&candidate_id=171&col=lia
589,Ibajul Hoque Laskar,https://www.myneta.info/Assam2026/candidate.php?candidate_id=589,KATIGORAH,IND,0,10th Pass,"Rs 16,57,700 ~ 16 Lacs+",Rs 0 ~
512,Ikbal Bahar Mozumder,https://www.myneta.info/Assam2026/candidate.php?candidate_id=512,ALGAPUR-KATLICHERRA,IND,0,12th Pass,"Rs 3,85,000 ~ 3 Lacs+",Rs 0 ~
697,Imdad Hussain,https://www.myneta.info/Assam2026/candidate.php?candidate_id=697,CHAMARIA,All India United Democratic Front,0,Graduate,https://myneta.info/image_v2.php?myneta_folder=Assam2026&candidate_id=697&col=ta,https://myneta.info/image_v2.php?myneta_folder=Assam2026&candidate_id=697&col=lia
655,Imdadur Rahman,https://www.myneta.info/Assam2026/candidate.php?candidate_id=655,BINNAKANDI,IND,0,8th Pass,"Rs 40,150 ~ 40 Thou+",Rs 0 ~
143,Indira Medhi,https://www.myneta.info/Assam2026/candidate.php?candidate_id=143,GOALPARA EAST,IND,0,Graduate,"Rs 28,06,549 ~ 28 Lacs+",Rs 0 ~
262,Inus Kumar Kandapan,https://www.myneta.info/Assam2026/candidate.php?candidate_id=262,CHABUA-LAHOWAL,AITC,0,12th Pass,https://myneta.info/image_v2.php?myneta_folder=Assam2026&candidate_id=262&col=ta,https://myneta.info/image_v2.php?myneta_folder=Assam2026&candidate_id=262&col=lia
793,Israil Nanda,https://www.myneta.info/Assam2026/candidate.php?candidate_id=793,TINSUKIA,Republican Party of India (A),0,10th Pass,"Rs 56,68,102 ~ 56 Lacs+","Rs 3,77,660 ~ 3 Lacs+"
29,J. I Kathar,https://www.myneta.info/Assam2026/candidate.php?candidate_id=29,DIPHU (ST),IND,2,Post Graduate,"Rs 5,68,48,192 ~ 5 Crore+",Rs 0 ~
521,Jabbar Ali,https://www.myneta.info/Assam2026/candidate.php?candidate_id=521,GAURIPUR,IND,0,Post Graduate,https://myneta.info/image_v2.php?myneta_folder=Assam2026&candidate_id=521&col=ta,https://myneta.info/image_v2.php?myneta_folder=Assam2026&candidate_id=521&col=lia
153,Jagadish Bhuyan,https://www.myneta.info/Assam2026/candidate.php?candidate_id=153,SADIYA,Assam Jatiya Parishad,0,Post Graduate,"Rs 2,33,88,186 ~ 2 Crore+","Rs 16,28,287 ~ 16 Lacs+"
167,Jagadish Madahi,https://www.myneta.info/Assam2026/candidate.php?candidate_id=167,BAKSA (ST),INC,0,8th Pass,"Rs 5,00,000 ~ 5 Lacs+",Rs 0 ~
78,Jahidul Islam,https://www.myneta.info/Assam2026/candidate.php?candidate_id=78,ABHAYAPURI,Vikas India Party,1,Graduate Professional,https://myneta.info/image_v2.php?myneta_folder=Assam2026&candidate_id=78&col=ta,https://myneta.info/image_v2.php?myneta_folder=Assam2026&candidate_id=78&col=lia
258,Jahurul Islam Barbhuiya,https://www.myneta.info/Assam2026/candidate.php?candidate_id=258,BORKHOLA,IND,0,12th Pass,"Rs 2,52,07,457 ~ 2 Crore+",Rs 0 ~
598,Jainul Hoque Mazumder,https://www.myneta.info/Assam2026/candidate.php?candidate_id=598,SONAI,IND,0,10th Pass,"Rs 15,43,000 ~ 15 Lacs+",Rs 0 ~
122,Jakaria Ahmed,https://www.myneta.info/Assam2026/candidate.php?candidate_id=122,KARIMGANJ NORTH,INC,2,12th Pass,https://myneta.info/image_v2.php?myneta_folder=Assam2026&candidate_id=122&col=ta,https://myneta.info/image_v2.php?myneta_folder=Assam2026&candidate_id=122&col=lia
626,Jakir Hussain,https://www.myneta.info/Assam2026/candidate.php?candidate_id=626,RONGONADI,Rashtriya Ulama Council,8,8th Pass,"Rs 1,68,80,000 ~ 1 Crore+","Rs 31,50,000 ~ 31 Lacs+"
411,Jakir Hussain,https://www.myneta.info/Assam2026/candidate.php?candidate_id=411,GOLAKGANJ,Rashtriya Ulama Council,0,Graduate,"Rs 4,73,000 ~ 4 Lacs+",Rs 0 ~
365,Jakir Hussain Faraji,https://www.myneta.info/Assam2026/candidate.php?candidate_id=365,RUPAHIHAT,Asom Gana Parishad,0,Graduate Professional,https://myneta.info/image_v2.php?myneta_folder=Assam2026&candidate_id=365&col=ta,https://myneta.info/image_v2.php?myneta_folder=Assam2026&candidate_id=365&col=lia
330,Jakir Hussain Sikdar,https://www.myneta.info/Assam2026/candidate.php?candidate_id=330,PAKABETBARI,INC,1,Graduate,"Rs 1,36,80,289 ~ 1 Crore+","Rs 22,00,000 ~ 22 Lacs+"
508,Jamil Ahmed Choudhury,https://www.myneta.info/Assam2026/candidate.php?candidate_id=508,ALGAPUR-KATLICHERRA,IND,0,10th Pass,"Rs 1,55,000 ~ 1 Lacs+",Rs 0 ~
527,Jamil Hussain,https://www.myneta.info/Assam2026/candidate.php?candidate_id=527,GOALPARA EAST,IND,1,10th Pass,https://myneta.info/image_v2.php?myneta_folder=Assam2026&candidate_id=527&col=ta,https://myneta.info/image_v2.php?myneta_folder=Assam2026&candidate_id=527&col=lia
38,Jamsher Talukdar,https://www.myneta.info/Assam2026/candidate.php?candidate_id=38,GOLAKGANJ,All India United Democratic Front,1,Post Graduate,"Rs 82,28,394 ~ 82 Lacs+","Rs 10,16,950 ~ 10 Lacs+"
672,Jamuna Rabha,https://www.myneta.info/Assam2026/candidate.php?candidate_id=672,BOKO-CHAYGAON (ST),IND,0,8th Pass,"Rs 67,470 ~ 67 Thou+",Rs 0 ~
747,Jashada Dulal Rakshit,https://www.myneta.info/Assam2026/candidate.php?candidate_id=747,LUMDING,IND,1,8th Pass,https://myneta.info/image_v2.php?myneta_folder=Assam2026&candidate_id=747&col=ta,https://myneta.info/image_v2.php?myneta_folder=Assam2026&candidate_id=747&col=lia
174,Jasua Barjo,https://www.myneta.info/Assam2026/candidate.php?candidate_id=174,BARCHALLA,Gana Suraksha Party,1,10th Pass,"Rs 31,44,699 ~ 31 Lacs+","Rs 7,06,471 ~ 7 Lacs+"
402,Jatin Mali,https://www.myneta.info/Assam2026/candidate.php?candidate_id=402,PALASBARI,IND,1,Post Graduate,"Rs 3,46,33,850 ~ 3 Crore+","Rs 49,85,022 ~ 49 Lacs+"
243,Jayanta Borah,https://www.myneta.info/Assam2026/candidate.php?candidate_id=243,BISWANATH,INC,0,12th Pass,https://myneta.info/image_v2.php?myneta_folder=Assam2026&candidate_id=243&col=ta,https://myneta.info/image_v2.php?myneta_folder=Assam2026&candidate_id=243&col=lia
630,Jayanta Khaund,https://www.myneta.info/Assam2026/candidate.php?candidate_id=630,RONGONADI,INC,0,Post Graduate,"Rs 67,74,62,921 ~ 67 Crore+","Rs 39,80,16,423 ~ 39 Crore+"
312,Jayanta Kumar Das,https://www.myneta.info/Assam2026/candidate.php?candidate_id=312,DISPUR,IND,0,Graduate,"Rs 1,54,97,178 ~ 1 Crore+","Rs 25,00,000 ~ 25 Lacs+"
777,Jayanta Kumar Rabha,https://www.myneta.info/Assam2026/candidate.php?candidate_id=777,TANGLA,United Peoples Party Liberal,0,Graduate,https://myneta.info/image_v2.php?myneta_folder=Assam2026&candidate_id=777&col=ta,https://myneta.info/image_v2.php?myneta_folder=Assam2026&candidate_id=777&col=lia
115,Jayanta Mahanta,https://www.myneta.info/Assam2026/candidate.php?candidate_id=115,PALASBARI,IND,0,Post Graduate,"Rs 96,00,000 ~ 96 Lacs+","Rs 10,00,000 ~ 10 Lacs+"
669,Jayanta Malla Baruah,https://www.myneta.info/Assam2026/candidate.php?candidate_id=669,NALBARI,BJP,0,Graduate,"Rs 20,02,25,218 ~ 20 Crore+","Rs 10,14,02,486 ~ 10 Crore+"
137,Jhilli Chowdhury,https://www.myneta.info/Assam2026/candidate.php?candidate_id=137,HOJAI,INC,0,12th Pass,https://myneta.info/image_v2.php?myneta_folder=Assam2026&candidate_id=137&col=ta,https://myneta.info/image_v2.php?myneta_folder=Assam2026&candidate_id=137&col=lia
791,Jhony Kiron Nayak,https://www.myneta.info/Assam2026/candidate.php?candidate_id=791,TINSUKIA,IND,0,12th Pass,"Rs 1,94,692 ~ 1 Lacs+",Rs 0 ~
359,Jiban Chutia,https://www.myneta.info/Assam2026/candidate.php?candidate_id=359,SARUPATHAR,Assam Jatiya Parishad,0,Graduate Professional,"Rs 9,15,63,605 ~ 9 Crore+","Rs 2,49,60,209 ~ 2 Crore+"
615,Jiban Gogoi,https://www.myneta.info/Assam2026/candidate.php?candidate_id=615,SISSIBORGAON,BJP,0,12th Pass,https://myneta.info/image_v2.php?myneta_folder=Assam2026&candidate_id=615&col=ta,https://myneta.info/image_v2.php?myneta_folder=Assam2026&candidate_id=615&col=lia
233,Jibesh Roy,https://www.myneta.info/Assam2026/candidate.php?candidate_id=233,BILASIPARA,Asom Gana Parishad,0,Graduate,"Rs 90,56,644 ~ 90 Lacs+","Rs 8,60,380 ~ 8 Lacs+"
500,Jibon Roy,https://www.myneta.info/Assam2026/candidate.php?candidate_id=500,HAILAKANDI,IND,0,8th Pass,Nil,Rs 0 ~
530,Jinna Amir Hussain,https://www.myneta.info/Assam2026/candidate.php?candidate_id=530,GOALPARA EAST,AAP,0,Graduate Professional,https://myneta.info/image_v2.php?myneta_folder=Assam2026&candidate_id=530&col=ta,https://myneta.info/image_v2.php?myneta_folder=Assam2026&candidate_id=530&col=lia
15,Jiten Gogoi,https://www.myneta.info/Assam2026/candidate.php?candidate_id=15,BOKAKHAT,IND,1,8th Pass,"Rs 9,67,11,100 ~ 9 Crore+","Rs 50,00,000 ~ 50 Lacs+"
732,Jiten Gour,https://www.myneta.info/Assam2026/candidate.php?candidate_id=732,KALIABOR,IND,0,12th Pass,"Rs 23,72,735 ~ 23 Lacs+",Rs 0 ~
710,Jiten Nag,https://www.myneta.info/Assam2026/candidate.php?candidate_id=710,DIGBOI,AITC,0,5th Pass,https://myneta.info/image_v2.php?myneta_folder=Assam2026&candidate_id=710&col=ta,https://myneta.info/image_v2.php?myneta_folder=Assam2026&candidate_id=710&col=lia
781,Jitendra Chaliha,https://www.myneta.info/Assam2026/candidate.php?candidate_id=781,TANGLA,SUCI(C),0,10th Pass,"Rs 68,541 ~ 68 Thou+",Rs 0 ~
2,Jitu Goswami,https://www.myneta.info/Assam2026/candidate.php?candidate_id=2,BARHAMPUR,BJP,3,12th Pass,"Rs 22,20,11,111 ~ 22 Crore+","Rs 5,84,67,370 ~ 5 Crore+"
749,Jnyandip Mohan,https://www.myneta.info/Assam2026/candidate.php?candidate_id=749,MAHMORA,INC,0,Graduate,https://myneta.info/image_v2.php?myneta_folder=Assam2026&candidate_id=749&col=ta,https://myneta.info/image_v2.php?myneta_folder=Assam2026&candidate_id=749&col=lia
704,Johirul Islam,https://www.myneta.info/Assam2026/candidate.php?candidate_id=704,CHENGA,SUCI(C),0,Graduate,"Rs 4,35,534 ~ 4 Lacs+",Rs 0 ~
334,Joseph Hasda,https://www.myneta.info/Assam2026/candidate.php?candidate_id=334,GOSSAIGAON,INC,1,Graduate,"Rs 23,29,963 ~ 23 Lacs+",Rs 0 ~
421,Joyram Charaimuria,https://www.myneta.info/Assam2026/candidate.php?candidate_id=421,NAZIRA,IND,0,10th Pass,https://myneta.info/image_v2.php?myneta_folder=Assam2026&candidate_id=421&col=ta,https://myneta.info/image_v2.php?myneta_folder=Assam2026&candidate_id=421&col=lia
19,Jutika Doley,https://www.myneta.info/Assam2026/candidate.php?candidate_id=19,DHAKUAKHANA (ST),SUCI(C),0,Graduate,"Rs 62,683 ~ 62 Thou+",Rs 0 ~
117,Jwngsrang Brahma,https://www.myneta.info/Assam2026/candidate.php?candidate_id=117,MANAS,United Peoples Party Liberal,0,10th Pass,"Rs 83,03,638 ~ 83 Lacs+","Rs 7,25,900 ~ 7 Lacs+"
734,Jyotiska Ranjan Goswami,https://www.myneta.info/Assam2026/candidate.php?candidate_id=734,KALIABOR,IND,0,Graduate Professional,https://myneta.info/image_v2.php?myneta_folder=Assam2026&candidate_id=734&col=ta,https://myneta.info/image_v2.php?myneta_folder=Assam2026&candidate_id=734&col=lia
298,Kaberi Das Teran,https://www.myneta.info/Assam2026/candidate.php?candidate_id=298,DIMORIA (SC),IND,0,Others,"Rs 1,36,36,453 ~ 1 Crore+","Rs 6,65,000 ~ 6 Lacs+"
108,Kabin Baro,https://www.myneta.info/Assam2026/candidate.php?candidate_id=108,GORESWAR,SUCI(C),0,10th Pass,"Rs 59,488 ~ 59 Thou+",Rs 0 ~
163,Kalyani Kalita,https://www.myneta.info/Assam2026/candidate.php?candidate_id=163,BAJALI,AITC,0,12th Pass,https://myneta.info/image_v2.php?myneta_folder=Assam2026&candidate_id=163&col=ta,https://myneta.info/image_v2.php?myneta_folder=Assam2026&candidate_id=163&col=lia
625,Kamal Barla,https://www.myneta.info/Assam2026/candidate.php?candidate_id=625,RONGONADI,IND,0,Post Graduate,"Rs 29,11,430 ~ 29 Lacs+","Rs 7,50,000 ~ 7 Lacs+"
297,Kamal Hazarika,https://www.myneta.info/Assam2026/candidate.php?candidate_id=297,DIBRUGARH,Vikas India Party,0,8th Pass,"Rs 40,10,629 ~ 40 Lacs+",Rs 500 ~ 5 Hund+
5,Kamal Sing Narzary,https://www.myneta.info/Assam2026/candidate.php?candidate_id=5,BIJNI,United Peoples Party Liberal,0,12th Pass,https://myneta.info/image_v2.php?myneta_folder=Assam2026&candidate_id=5&col=ta,https://myneta.info/image_v2.php?myneta_folder=Assam2026&candidate_id=5&col=lia
591,Kamalakhya Dey Purkayastha,https://www.myneta.info/Assam2026/candidate.php?candidate_id=591,KATIGORAH,BJP,0,Graduate,"Rs 1,44,63,782 ~ 1 Crore+","Rs 1,04,91,054 ~ 1 Crore+"
417,Kanak Gogoi,https://www.myneta.info/Assam2026/candidate.php?candidate_id=417,NAZIRA,CPI,0,Post Graduate,"Rs 42,475 ~ 42 Thou+",Rs 0 ~
215,Kandarpa Ray,https://www.myneta.info/Assam2026/candidate.php?candidate_id=215,BIJNI,IND,0,10th Pass,https://myneta.info/image_v2.php?myneta_folder=Assam2026&candidate_id=215&col=ta,https://myneta.info/image_v2.php?myneta_folder=Assam2026&candidate_id=215&col=lia
605,Karim Uddin Barbhuiya,https://www.myneta.info/Assam2026/candidate.php?candidate_id=605,SONAI,Asom Gana Parishad,1,Post Graduate,"Rs 26,21,46,305 ~ 26 Crore+","Rs 15,00,000 ~ 15 Lacs+"
380,Kartik Chandra Kurmi,https://www.myneta.info/Assam2026/candidate.php?candidate_id=380,RANGAPARA,INC,0,12th Pass,"Rs 2,62,50,015 ~ 2 Crore+",Rs 0 ~
131,Kartik Chandra Ray,https://www.myneta.info/Assam2026/candidate.php?candidate_id=131,GOLAKGANJ,INC,2,12th Pass,https://myneta.info/image_v2.php?myneta_folder=Assam2026&candidate_id=131&col=ta,https://myneta.info/image_v2.php?myneta_folder=Assam2026&candidate_id=131&col=lia
760,Kartik Sena Sinha,https://www.myneta.info/Assam2026/candidate.php?candidate_id=760,PATHARKANDI,INC,1,12th Pass,"Rs 3,87,54,803 ~ 3 Crore+","Rs 1,00,80,000 ~ 1 Crore+"
595,Kaushik Das,https://www.myneta.info/Assam2026/candidate.php?candidate_id=595,KATIGORAH,IND,0,10th Pass,"Rs 18,96,236 ~ 18 Lacs+",Rs 0 ~
743,Kaushik Rai,https://www.myneta.info/Assam2026/candidate.php?candidate_id=743,LAKHIPUR,BJP,0,Graduate Professional,https://myneta.info/image_v2.php?myneta_folder=Assam2026&candidate_id=743&col=ta,https://myneta.info/image_v2.php?myneta_folder=Assam2026&candidate_id=743&col=lia
160,Kaushik Ranjan Das,https://www.myneta.info/Assam2026/candidate.php?candidate_id=160,ABHAYAPURI,AITC,3,Graduate,"Rs 28,33,010 ~ 28 Lacs+","Rs 34,53,000 ~ 34 Lacs+"
666,Kenedi Pegu,https://www.myneta.info/Assam2026/candidate.php?candidate_id=666,NALBARI,SUCI(C),0,12th Pass,"Rs 28,030 ~ 28 Thou+",Rs 0 ~
733,Keshab Mahanta,https://www.myneta.info/Assam2026/candidate.php?candidate_id=733,KALIABOR,Asom Gana Parishad,0,Post Graduate,https://myneta.info/image_v2.php?myneta_folder=Assam2026&candidate_id=733&col=ta,https://myneta.info/image_v2.php?myneta_folder=Assam2026&candidate_id=733&col=lia
219,Khalilur Rahman,https://www.myneta.info/Assam2026/candidate.php?candidate_id=219,BIJNI,IND,0,Graduate,"Rs 87,38,208 ~ 87 Lacs+","Rs 10,00,000 ~ 10 Lacs+"
454,Khandakar Abdul Kaddus,https://www.myneta.info/Assam2026/candidate.php?candidate_id=454,MANAS,IND,0,10th Pass,"Rs 1,39,31,000 ~ 1 Crore+",Rs 0 ~
259,Kishor Nath,https://www.myneta.info/Assam2026/candidate.php?candidate_id=259,BORKHOLA,BJP,0,10th Pass,https://myneta.info/image_v2.php?myneta_folder=Assam2026&candidate_id=259&col=ta,https://myneta.info/image_v2.php?myneta_folder=Assam2026&candidate_id=259&col=lia
32,Kishore Kumar Brahma,https://www.myneta.info/Assam2026/candidate.php?candidate_id=32,DUDHNOI (ST),INC,0,12th Pass,"Rs 7,44,85,987 ~ 7 Crore+","Rs 9,00,000 ~ 9 Lacs+"
80,Krishna Kamal Tanti,https://www.myneta.info/Assam2026/candidate.php?candidate_id=80,RANGAPARA,BJP,0,Graduate Professional,"Rs 1,13,67,900 ~ 1 Crore+",Rs 0 ~
620,Krishna Saha,https://www.myneta.info/Assam2026/candidate.php?candidate_id=620,DALGAON,BJP,0,Post Graduate,https://myneta.info/image_v2.php?myneta_folder=Assam2026&candidate_id=620&col=ta,https://myneta.info/image_v2.php?myneta_folder=Assam2026&candidate_id=620&col=lia
762,Krishnendu Paul,https://www.myneta.info/Assam2026/candidate.php?candidate_id=762,PATHARKANDI,BJP,0,Graduate,"Rs 10,24,04,789 ~ 10 Crore+","Rs 3,12,50,070 ~ 3 Crore+"
553,Kunki Chowdhury,https://www.myneta.info/Assam2026/candidate.php?candidate_id=553,GUWAHATI CENTRAL,Assam Jatiya Parishad,0,Post Graduate,"Rs 9,11,612 ~ 9 Lacs+","Rs 23,95,947 ~ 23 Lacs+"
353,Kushal Dowari,https://www.myneta.info/Assam2026/candidate.php?candidate_id=353,SIBSAGAR,BJP,2,10th Pass,https://myneta.info/image_v2.php?myneta_folder=Assam2026&candidate_id=353&col=ta,https://myneta.info/image_v2.php?myneta_folder=Assam2026&candidate_id=353&col=lia
71,Kushal Kumar Sarmah,https://www.myneta.info/Assam2026/candidate.php?candidate_id=71,NEW GUWAHATI,IND,0,Graduate,"Rs 1,55,56,993 ~ 1 Crore+","Rs 16,51,336 ~ 16 Lacs+"
676,Labanya Boro,https://www.myneta.info/Assam2026/candidate.php?candidate_id=676,BOKO-CHAYGAON (ST),IND,0,12th Pass,"Rs 1,15,000 ~ 1 Lacs+",Rs 0 ~
278,Ladilas Indwar,https://www.myneta.info/Assam2026/candidate.php?candidate_id=278,DHEKIAJULI,IND,0,10th Pass,https://myneta.info/image_v2.php?myneta_folder=Assam2026&candidate_id=278&col=ta,https://myneta.info/image_v2.php?myneta_folder=Assam2026&candidate_id=278&col=lia
458,Lakhay Joti Rajkhowa,https://www.myneta.info/Assam2026/candidate.php?candidate_id=458,MAKUM,IND,0,Graduate,"Rs 52,381 ~ 52 Thou+","Rs 8,05,000 ~ 8 Lacs+"
708,Lakheswar Moran,https://www.myneta.info/Assam2026/candidate.php?candidate_id=708,DIGBOI,IND,0,5th Pass,"Rs 55,70,661 ~ 55 Lacs+",Rs 0 ~
159,Lakshan Goyari,https://www.myneta.info/Assam2026/candidate.php?candidate_id=159,MANAS,IND,0,10th Pass,https://myneta.info/image_v2.php?myneta_folder=Assam2026&candidate_id=159&col=ta,https://myneta.info/image_v2.php?myneta_folder=Assam2026&candidate_id=159&col=lia
794,Lalan Sahani,https://www.myneta.info/Assam2026/candidate.php?candidate_id=794,TINSUKIA,IND,1,10th Pass,"Rs 6,26,001 ~ 6 Lacs+","Rs 3,00,000 ~ 3 Lacs+"
363,Lalit Deori,https://www.myneta.info/Assam2026/candidate.php?candidate_id=363,SADIYA,IND,0,10th Pass,"Rs 31,35,000 ~ 31 Lacs+",Rs 0 ~
273,Lalit Pegu,https://www.myneta.info/Assam2026/candidate.php?candidate_id=273,DHEMAJI (ST),Voters Party International,0,Post Graduate,https://myneta.info/image_v2.php?myneta_folder=Assam2026&candidate_id=273&col=ta,https://myneta.info/image_v2.php?myneta_folder=Assam2026&candidate_id=273&col=lia
612,Lankeswar Das,https://www.myneta.info/Assam2026/candidate.php?candidate_id=612,SISSIBORGAON,IND,0,12th Pass,"Rs 1,23,53,387 ~ 1 Crore+","Rs 26,80,219 ~ 26 Lacs+"
55,Lawrence Islary,https://www.myneta.info/Assam2026/candidate.php?candidate_id=55,KOKRAJHAR (ST),United Peoples Party Liberal,0,Graduate,"Rs 2,51,28,677 ~ 2 Crore+",Rs 0 ~
471,Lobo Narzary,https://www.myneta.info/Assam2026/candidate.php?candidate_id=471,KOKRAJHAR (ST),IND,0,12th Pass,https://myneta.info/image_v2.php?myneta_folder=Assam2026&candidate_id=471&col=ta,https://myneta.info/image_v2.php?myneta_folder=Assam2026&candidate_id=471&col=lia
489,Lunsing Teron,https://www.myneta.info/Assam2026/candidate.php?candidate_id=489,HOWRAGHAT (ST),BJP,0,12th Pass,"Rs 2,48,63,049 ~ 2 Crore+",Rs 0 ~
54,Lurinjyoti Gogoi,https://www.myneta.info/Assam2026/candidate.php?candidate_id=54,KHOWANG,Assam Jatiya Parishad,0,Post Graduate,"Rs 59,21,504 ~ 59 Lacs+",Rs 0 ~
606,M M Muzahidul Islam Mazumder,https://www.myneta.info/Assam2026/candidate.php?candidate_id=606,SONAI,IND,2,12th Pass,https://myneta.info/image_v2.php?myneta_folder=Assam2026&candidate_id=606&col=ta,https://myneta.info/image_v2.php?myneta_folder=Assam2026&candidate_id=606&col=lia
742,M. Santi Kumar Singha,https://www.myneta.info/Assam2026/candidate.php?candidate_id=742,LAKHIPUR,INC,1,Post Graduate,"Rs 3,07,10,979 ~ 3 Crore+","Rs 12,75,322 ~ 12 Lacs+"
135,Madhabi Das,https://www.myneta.info/Assam2026/candidate.php?candidate_id=135,BIRSING-JARUA,BJP,0,Graduate,"Rs 4,45,000 ~ 4 Lacs+",Rs 0 ~
207,Mahabir Baske,https://www.myneta.info/Assam2026/candidate.php?candidate_id=207,TINGKHONG,Jharkhand Mukti Morcha,4,12th Pass,https://myneta.info/image_v2.php?myneta_folder=Assam2026&candidate_id=207&col=ta,https://myneta.info/image_v2.php?myneta_folder=Assam2026&candidate_id=207&col=lia
378,Mahendra Orang,https://www.myneta.info/Assam2026/candidate.php?candidate_id=378,RANGAPARA,Voters Party International,0,10th Pass,"Rs 5,05,000 ~ 5 Lacs+",Rs 0 ~
178,Mahendra Orang,https://www.myneta.info/Assam2026/candidate.php?candidate_id=178,BARCHALLA,Voters Party International,0,10th Pass,"Rs 5,05,000 ~ 5 Lacs+",Rs 0 ~
195,Maheswar Baro,https://www.myneta.info/Assam2026/candidate.php?candidate_id=195,BHERGAON,Bodoland Peoples Front,0,12th Pass,https://myneta.info/image_v2.php?myneta_folder=Assam2026&candidate_id=195&col=ta,https://myneta.info/image_v2.php?myneta_folder=Assam2026&candidate_id=195&col=lia
210,Maheswar Rabha,https://www.myneta.info/Assam2026/candidate.php?candidate_id=210,TAMULPUR (ST),Voters Party International,0,10th Pass,"Rs 51,28,140 ~ 51 Lacs+","Rs 9,00,000 ~ 9 Lacs+"
25,Mainak Patra,https://www.myneta.info/Assam2026/candidate.php?candidate_id=25,DIBRUGARH,Assam Jatiya Parishad,0,Graduate Professional,"Rs 1,68,59,289 ~ 1 Crore+","Rs 3,00,000 ~ 3 Lacs+"
370,Mainul Islam,https://www.myneta.info/Assam2026/candidate.php?candidate_id=370,RUPAHIHAT,IND,0,Graduate,https://myneta.info/image_v2.php?myneta_folder=Assam2026&candidate_id=370&col=ta,https://myneta.info/image_v2.php?myneta_folder=Assam2026&candidate_id=370&col=lia
463,Manab Deka,https://www.myneta.info/Assam2026/candidate.php?candidate_id=463,LAKHIMPUR,BJP,0,Graduate,"Rs 13,67,09,685 ~ 13 Crore+","Rs 10,86,51,828 ~ 10 Crore+"
222,Manaranjan Barman,https://www.myneta.info/Assam2026/candidate.php?candidate_id=222,BIJNI,IND,0,10th Pass,"Rs 11,09,432 ~ 11 Lacs+",Rs 0 ~
168,Maneswar Brahma,https://www.myneta.info/Assam2026/candidate.php?candidate_id=168,BAKSA (ST),Bodoland Peoples Front,0,Graduate,https://myneta.info/image_v2.php?myneta_folder=Assam2026&candidate_id=168&col=ta,https://myneta.info/image_v2.php?myneta_folder=Assam2026&candidate_id=168&col=lia
473,Manik Chandra Brahma,https://www.myneta.info/Assam2026/candidate.php?candidate_id=473,KOKRAJHAR (ST),INC,0,10th Pass,"Rs 3,75,600 ~ 3 Lacs+",Rs 0 ~
675,Manoj Basumatary,https://www.myneta.info/Assam2026/candidate.php?candidate_id=675,BOKO-CHAYGAON (ST),United Peoples Party Liberal,0,12th Pass,"Rs 16,83,154 ~ 16 Lacs+","Rs 19,37,972 ~ 19 Lacs+"
176,Manoj Borah,https://www.myneta.info/Assam2026/candidate.php?candidate_id=176,BARCHALLA,IND,0,Graduate,https://myneta.info/image_v2.php?myneta_folder=Assam2026&candidate_id=176&col=ta,https://myneta.info/image_v2.php?myneta_folder=Assam2026&candidate_id=176&col=lia
321,Manoranjan Basumatari,https://www.myneta.info/Assam2026/candidate.php?candidate_id=321,DUDHNOI (ST),Voters Party International,0,8th Pass,"Rs 7,87,500 ~ 7 Lacs+",Rs 0 ~
11,Manoranjan Talukdar,https://www.myneta.info/Assam2026/candidate.php?candidate_id=11,BHAWANIPUR-SORBHOG,CPI(M),0,Graduate,"Rs 1,80,99,401 ~ 1 Crore+",Rs 0 ~
719,Markline Marak,https://www.myneta.info/Assam2026/candidate.php?candidate_id=719,GOALPARA WEST (ST),INC,0,Graduate Professional,https://myneta.info/image_v2.php?myneta_folder=Assam2026&candidate_id=719&col=ta,https://myneta.info/image_v2.php?myneta_folder=Assam2026&candidate_id=719&col=lia
377,Mathew Topno,https://www.myneta.info/Assam2026/candidate.php?candidate_id=377,RANGAPARA,Jharkhand Mukti Morcha,0,12th Pass,"Rs 6,000 ~ 6 Thou+",Rs 0 ~
151,Matilal Narzary,https://www.myneta.info/Assam2026/candidate.php?candidate_id=151,SIDLI CHIRANG (ST),INC,0,Post Graduate,"Rs 25,81,514 ~ 25 Lacs+",Rs 0 ~
288,Matiur Rahman,https://www.myneta.info/Assam2026/candidate.php?candidate_id=288,DHING,All India United Democratic Front,0,Graduate,https://myneta.info/image_v2.php?myneta_folder=Assam2026&candidate_id=288&col=ta,https://myneta.info/image_v2.php?myneta_folder=Assam2026&candidate_id=288&col=lia
44,Mayukh Bhattacharjee,https://www.myneta.info/Assam2026/candidate.php?candidate_id=44,HAILAKANDI,SUCI(C),0,Post Graduate,"Rs 4,27,564 ~ 4 Lacs+",Rs 0 ~
112,Mayur Borgohain,https://www.myneta.info/Assam2026/candidate.php?candidate_id=112,NAZIRA,BJP,0,Graduate,"Rs 2,91,81,189 ~ 2 Crore+","Rs 1,23,55,440 ~ 1 Crore+"
179,Mazibur Rahman,https://www.myneta.info/Assam2026/candidate.php?candidate_id=179,BARHAMPUR,All India United Democratic Front,0,Post Graduate,https://myneta.info/image_v2.php?myneta_folder=Assam2026&candidate_id=179&col=ta,https://myneta.info/image_v2.php?myneta_folder=Assam2026&candidate_id=179&col=lia
621,Mazibur Rahman,https://www.myneta.info/Assam2026/candidate.php?candidate_id=621,DALGAON,All India United Democratic Front,2,Graduate Professional,"Rs 9,24,39,453 ~ 9 Crore+","Rs 1,40,78,072 ~ 1 Crore+"
633,Md Abed Ali Mondal,https://www.myneta.info/Assam2026/candidate.php?candidate_id=633,BAOKHUNGRI,IND,1,Graduate,"Rs 3,76,983 ~ 3 Lacs+",Rs 0 ~
394,Md Ashraful Islam Sheikh,https://www.myneta.info/Assam2026/candidate.php?candidate_id=394,PARBATJHORA,INC,1,Post Graduate,https://myneta.info/image_v2.php?myneta_folder=Assam2026&candidate_id=394&col=ta,https://myneta.info/image_v2.php?myneta_folder=Assam2026&candidate_id=394&col=lia
618,Md Aynul Hoque,https://www.myneta.info/Assam2026/candidate.php?candidate_id=618,DALGAON,IND,1,12th Pass,"Rs 11,45,90,919 ~ 11 Crore+","Rs 8,21,72,587 ~ 8 Crore+"
468,Md Khalilur Rahman,https://www.myneta.info/Assam2026/candidate.php?candidate_id=468,LAHARIGHAT,Asom Gana Parishad,0,Post Graduate,"Rs 1,62,29,735 ~ 1 Crore+",Rs 0 ~
581,Md Rizwan Ahmed,https://www.myneta.info/Assam2026/candidate.php?candidate_id=581,KARIMGANJ SOUTH,IND,0,Graduate,https://myneta.info/image_v2.php?myneta_folder=Assam2026&candidate_id=581&col=ta,https://myneta.info/image_v2.php?myneta_folder=Assam2026&candidate_id=581&col=lia
130,Md. Bilal Ahmed,https://www.myneta.info/Assam2026/candidate.php?candidate_id=130,MANAS,All India United Democratic Front,0,8th Pass,"Rs 11,40,450 ~ 11 Lacs+",Rs 0 ~
761,Md. Fazal Ahmed,https://www.myneta.info/Assam2026/candidate.php?candidate_id=761,PATHARKANDI,IND,0,10th Pass,"Rs 11,04,052 ~ 11 Lacs+",Rs 0 ~
596,Md. Fazlur Rahman Laskar,https://www.myneta.info/Assam2026/candidate.php?candidate_id=596,KATIGORAH,AITC,0,Post Graduate,https://myneta.info/image_v2.php?myneta_folder=Assam2026&candidate_id=596&col=ta,https://myneta.info/image_v2.php?myneta_folder=Assam2026&candidate_id=596&col=lia
537,Md. Jamiruddin Ahmed,https://www.myneta.info/Assam2026/candidate.php?candidate_id=537,GORESWAR,IND,0,Graduate,"Rs 46,06,147 ~ 46 Lacs+",Rs 0 ~
435,Md. Murad Hussain,https://www.myneta.info/Assam2026/candidate.php?candidate_id=435,MANKACHAR,IND,0,Graduate,"Rs 11,02,239 ~ 11 Lacs+",Rs 0 ~
774,Md. Nurul Islam,https://www.myneta.info/Assam2026/candidate.php?candidate_id=774,SRIJANGRAM,INC,0,Graduate,https://myneta.info/image_v2.php?myneta_folder=Assam2026&candidate_id=774&col=ta,https://myneta.info/image_v2.php?myneta_folder=Assam2026&candidate_id=774&col=lia
694,Md. Nurul Islam,https://www.myneta.info/Assam2026/candidate.php?candidate_id=694,CHAMARIA,Asom Gana Parishad,3,Post Graduate,"Rs 3,71,45,171 ~ 3 Crore+","Rs 14,13,000 ~ 14 Lacs+"
121,Mehboob Muktar,https://www.myneta.info/Assam2026/candidate.php?candidate_id=121,DHING,Raijor Dal,0,Graduate,"Rs 2,44,34,897 ~ 2 Crore+","Rs 8,46,000 ~ 8 Lacs+"
522,Mehetabul Haque,https://www.myneta.info/Assam2026/candidate.php?candidate_id=522,GAURIPUR,Asom Gana Parishad,0,Graduate,https://myneta.info/image_v2.php?myneta_folder=Assam2026&candidate_id=522&col=ta,https://myneta.info/image_v2.php?myneta_folder=Assam2026&candidate_id=522&col=lia
120,Michael Kujur,https://www.myneta.info/Assam2026/candidate.php?candidate_id=120,NAHARKATIA,IND,0,10th Pass,"Rs 3,78,168 ~ 3 Lacs+",Rs 0 ~
493,Milon Das,https://www.myneta.info/Assam2026/candidate.php?candidate_id=493,HAILAKANDI,BJP,1,Doctorate,"Rs 20,406 ~ 20 Thou+",Rs 0 ~
410,Minakshi Rahman,https://www.myneta.info/Assam2026/candidate.php?candidate_id=410,PAKABETBARI,All India United Democratic Front,2,Post Graduate,https://myneta.info/image_v2.php?myneta_folder=Assam2026&candidate_id=410&col=ta,https://myneta.info/image_v2.php?myneta_folder=Assam2026&candidate_id=410&col=lia
601,Minar Hussain Mazarbhuiya,https://www.myneta.info/Assam2026/candidate.php?candidate_id=601,SONAI,All India United Democratic Front,0,10th Pass,"Rs 30,88,500 ~ 30 Lacs+",Rs 0 ~
400,Mir Hussain Sarkar,https://www.myneta.info/Assam2026/candidate.php?candidate_id=400,PARBATJHORA,IND,0,Graduate Professional,"Rs 1,10,052 ~ 1 Lacs+",Rs 0 ~
311,Mira Borthakur Goswami,https://www.myneta.info/Assam2026/candidate.php?candidate_id=311,DISPUR,INC,1,Graduate,https://myneta.info/image_v2.php?myneta_folder=Assam2026&candidate_id=311&col=ta,https://myneta.info/image_v2.php?myneta_folder=Assam2026&candidate_id=311&col=lia
693,Mohammad Sumair Laskar,https://www.myneta.info/Assam2026/candidate.php?candidate_id=693,CHAMARIA,IND,0,12th Pass,"Rs 20,38,000 ~ 20 Lacs+",Rs 0 ~
582,Mohammed Altaf Hussain,https://www.myneta.info/Assam2026/candidate.php?candidate_id=582,KARIMGANJ SOUTH,IND,0,8th Pass,"Rs 1,66,757 ~ 1 Lacs+",Rs 0 ~
654,Mohammed Badruddin Ajmal,https://www.myneta.info/Assam2026/candidate.php?candidate_id=654,BINNAKANDI,All India United Democratic Front,2,12th Pass,https://myneta.info/image_v2.php?myneta_folder=Assam2026&candidate_id=654&col=ta,https://myneta.info/image_v2.php?myneta_folder=Assam2026&candidate_id=654&col=lia
653,Mohammed Kabir Ahmed,https://www.myneta.info/Assam2026/candidate.php?candidate_id=653,BINNAKANDI,IND,0,5th Pass,"Rs 6,69,000 ~ 6 Lacs+",Rs 0 ~
236,Mohar Uddin Mondal,https://www.myneta.info/Assam2026/candidate.php?candidate_id=236,BIRSING-JARUA,Vikas India Party,0,Post Graduate,"Rs 2,78,40,000 ~ 2 Crore+","Rs 29,35,531 ~ 29 Lacs+"
69,Mohendra Dhadumia,https://www.myneta.info/Assam2026/candidate.php?candidate_id=69,NAHARKATIA,SUCI(C),0,8th Pass,https://myneta.info/image_v2.php?myneta_folder=Assam2026&candidate_id=69&col=ta,https://myneta.info/image_v2.php?myneta_folder=Assam2026&candidate_id=69&col=lia
36,Mohibul Islam,https://www.myneta.info/Assam2026/candidate.php?candidate_id=36,GOALPARA EAST,SUCI(C),0,Graduate,"Rs 6,78,379 ~ 6 Lacs+",Rs 0 ~
439,Mohibur Rohman (Bappy),https://www.myneta.info/Assam2026/candidate.php?candidate_id=439,MANKACHAR,INC,0,Graduate Professional,"Rs 63,31,002 ~ 63 Lacs+",Rs 0 ~
563,Mokbul Ali,https://www.myneta.info/Assam2026/candidate.php?candidate_id=563,KARIMGANJ NORTH,IND,0,Literate,https://myneta.info/image_v2.php?myneta_folder=Assam2026&candidate_id=563&col=ta,https://myneta.info/image_v2.php?myneta_folder=Assam2026&candidate_id=563&col=lia
232,Mominur Islam,https://www.myneta.info/Assam2026/candidate.php?candidate_id=232,BILASIPARA,AITC,0,Post Graduate,"Rs 32,59,397 ~ 32 Lacs+","Rs 40,000 ~ 40 Thou+"
144,Mridul Kumar Dutta,https://www.myneta.info/Assam2026/candidate.php?candidate_id=144,DERGAON,BJP,0,Doctorate,"Rs 1,38,39,211 ~ 1 Crore+","Rs 11,00,000 ~ 11 Lacs+"
541,Mrinal Biswas,https://www.myneta.info/Assam2026/candidate.php?candidate_id=541,GORESWAR,IND,0,Graduate Professional,https://myneta.info/image_v2.php?myneta_folder=Assam2026&candidate_id=541&col=ta,https://myneta.info/image_v2.php?myneta_folder=Assam2026&candidate_id=541&col=lia
739,Mrinal Saikia,https://www.myneta.info/Assam2026/candidate.php?candidate_id=739,KHUMTAI,BJP,0,Post Graduate,"Rs 3,59,74,733 ~ 3 Crore+","Rs 29,80,874 ~ 29 Lacs+"
718,Mritunjay Rabha,https://www.myneta.info/Assam2026/candidate.php?candidate_id=718,GOALPARA WEST (ST),SUCI(C),0,12th Pass,"Rs 65,057 ~ 65 Thou+","Rs 1,74,430 ~ 1 Lacs+"
801,Muktar Hussain,https://www.myneta.info/Assam2026/candidate.php?candidate_id=801,NALBARI,IND,0,Graduate,https://myneta.info/image_v2.php?myneta_folder=Assam2026&candidate_id=801&col=ta,https://myneta.info/image_v2.php?myneta_folder=Assam2026&candidate_id=801&col=lia
389,Mukut Das,https://www.myneta.info/Assam2026/candidate.php?candidate_id=389,RAHA (SC),All India United Democratic Front,0,Graduate,"Rs 58,29,000 ~ 58 Lacs+","Rs 31,97,491 ~ 31 Lacs+"
287,Mukut Kumar Debnath,https://www.myneta.info/Assam2026/candidate.php?candidate_id=287,DHING,BJP,0,Graduate Professional,"Rs 1,93,59,927 ~ 1 Crore+","Rs 14,37,531 ~ 14 Lacs+"
94,Mun Kumar Deka,https://www.myneta.info/Assam2026/candidate.php?candidate_id=94,SIPAJHAR,SUCI(C),0,12th Pass,https://myneta.info/image_v2.php?myneta_folder=Assam2026&candidate_id=94&col=ta,https://myneta.info/image_v2.php?myneta_folder=Assam2026&candidate_id=94&col=lia
8,Munindra Das,https://www.myneta.info/Assam2026/candidate.php?candidate_id=8,BEHALI (SC),BJP,0,10th Pass,"Rs 10,10,481 ~ 10 Lacs+",Rs 0 ~
681,Munindra Doley,https://www.myneta.info/Assam2026/candidate.php?candidate_id=681,BARKHETRI,SUCI(C),0,Graduate,"Rs 36,261 ~ 36 Thou+",Rs 0 ~
515,Mustak Hussain Barbhuiya,https://www.myneta.info/Assam2026/candidate.php?candidate_id=515,ALGAPUR-KATLICHERRA,IND,0,12th Pass,https://myneta.info/image_v2.php?myneta_folder=Assam2026&candidate_id=515&col=ta,https://myneta.info/image_v2.php?myneta_folder=Assam2026&candidate_id=515&col=lia
4,Musukha Basumatary,https://www.myneta.info/Assam2026/candidate.php?candidate_id=4,BIJNI,All India United Democratic Front,0,12th Pass,"Rs 64,09,147 ~ 64 Lacs+",Rs 0 ~
510,Muzakkir Hasan Laskar,https://www.myneta.info/Assam2026/candidate.php?candidate_id=510,ALGAPUR-KATLICHERRA,IND,2,Graduate,"Rs 30,500 ~ 30 Thou+",Rs 0 ~
49,Naba Kumar Nath,https://www.myneta.info/Assam2026/candidate.php?candidate_id=49,KAMALPUR,IND,0,Graduate,https://myneta.info/image_v2.php?myneta_folder=Assam2026&candidate_id=49&col=ta,https://myneta.info/image_v2.php?myneta_folder=Assam2026&candidate_id=49&col=lia
158,Naba Kumar Sarania,https://www.myneta.info/Assam2026/candidate.php?candidate_id=158,MANAS,Gana Suraksha Party,2,Graduate,"Rs 3,58,52,099 ~ 3 Crore+","Rs 4,19,640 ~ 4 Lacs+"
226,Naba Kumar Sarania,https://www.myneta.info/Assam2026/candidate.php?candidate_id=226,BIJNI,Gana Suraksha Party,2,Graduate,"Rs 3,58,52,099 ~ 3 Crore+","Rs 4,19,640 ~ 4 Lacs+"
213,Nabajit Sarania,https://www.myneta.info/Assam2026/candidate.php?candidate_id=213,TAMULPUR (ST),Gana Suraksha Party,0,Graduate,https://myneta.info/image_v2.php?myneta_folder=Assam2026&candidate_id=213&col=ta,https://myneta.info/image_v2.php?myneta_folder=Assam2026&candidate_id=213&col=lia
778,Nagen Chandra Deka,https://www.myneta.info/Assam2026/candidate.php?candidate_id=778,TANGLA,Gana Suraksha Party,0,10th Pass,"Rs 1,01,01,271 ~ 1 Crore+",Rs 0 ~
609,Nandigiri Bhuyan,https://www.myneta.info/Assam2026/candidate.php?candidate_id=609,SISSIBORGAON,IND,0,Graduate,"Rs 47,45,66,992 ~ 47 Crore+","Rs 27,72,47,701 ~ 27 Crore+"
725,Nandita Das,https://www.myneta.info/Assam2026/candidate.php?candidate_id=725,HAJO-SUALKUCHI (SC),INC,0,Graduate,https://myneta.info/image_v2.php?myneta_folder=Assam2026&candidate_id=725&col=ta,https://myneta.info/image_v2.php?myneta_folder=Assam2026&candidate_id=725&col=lia
336,Nandita Gorlosa,https://www.myneta.info/Assam2026/candidate.php?candidate_id=336,HAFLONG (ST),INC,0,Post Graduate,"Rs 12,00,000 ~ 12 Lacs+",Rs 0 ~
429,Narayan Adhikari,https://www.myneta.info/Assam2026/candidate.php?candidate_id=429,MAZBAT,INC,0,12th Pass,"Rs 71,57,676 ~ 71 Lacs+","Rs 4,25,000 ~ 4 Lacs+"
200,Narayan Bhuyan,https://www.myneta.info/Assam2026/candidate.php?candidate_id=200,BIHPURIA,INC,1,Graduate,https://myneta.info/image_v2.php?myneta_folder=Assam2026&candidate_id=200&col=ta,https://myneta.info/image_v2.php?myneta_folder=Assam2026&candidate_id=200&col=lia
680,Narayan Deka,https://www.myneta.info/Assam2026/candidate.php?candidate_id=680,BARKHETRI,BJP,1,12th Pass,"Rs 22,75,90,612 ~ 22 Crore+","Rs 7,68,79,291 ~ 7 Crore+"
785,Narayan Dutta Bhuyan,https://www.myneta.info/Assam2026/candidate.php?candidate_id=785,TIHU,IND,0,Post Graduate,"Rs 2,24,25,211 ~ 2 Crore+",Rs 0 ~
274,Narendra Kumar Paw,https://www.myneta.info/Assam2026/candidate.php?candidate_id=274,DHEMAJI (ST),AITC,0,Graduate,https://myneta.info/image_v2.php?myneta_folder=Assam2026&candidate_id=274&col=ta,https://myneta.info/image_v2.php?myneta_folder=Assam2026&candidate_id=274&col=lia
217,Nashir Uddin Khan,https://www.myneta.info/Assam2026/candidate.php?candidate_id=217,BIJNI,IND,0,12th Pass,"Rs 20,54,000 ~ 20 Lacs+",Rs 0 ~
588,Nasir Uddin Barbhuiya,https://www.myneta.info/Assam2026/candidate.php?candidate_id=588,KATIGORAH,IND,0,8th Pass,"Rs 68,000 ~ 68 Thou+",Rs 0 ~
97,Nayan Moni Choudhury,https://www.myneta.info/Assam2026/candidate.php?candidate_id=97,TEZPUR,SUCI(C),0,Post Graduate,https://myneta.info/image_v2.php?myneta_folder=Assam2026&candidate_id=97&col=ta,https://myneta.info/image_v2.php?myneta_folder=Assam2026&candidate_id=97&col=lia
648,Nazmul Alam Laskar,https://www.myneta.info/Assam2026/candidate.php?candidate_id=648,BINNAKANDI,IND,0,Literate,"Rs 3,47,782 ~ 3 Lacs+",Rs 0 ~
294,Nazrul Hoque,https://www.myneta.info/Assam2026/candidate.php?candidate_id=294,DHUBRI,All India United Democratic Front,0,Graduate,"Rs 16,04,47,285 ~ 16 Crore+","Rs 96,51,564 ~ 96 Lacs+"
180,Nazrul Islam,https://www.myneta.info/Assam2026/candidate.php?candidate_id=180,BARHAMPUR,IND,0,Graduate,https://myneta.info/image_v2.php?myneta_folder=Assam2026&candidate_id=180&col=ta,https://myneta.info/image_v2.php?myneta_folder=Assam2026&candidate_id=180&col=lia
600,Nazrul Islam Laskar,https://www.myneta.info/Assam2026/candidate.php?candidate_id=600,SONAI,IND,0,12th Pass,"Rs 29,200 ~ 29 Thou+",Rs 0 ~
192,Nerswn Boro,https://www.myneta.info/Assam2026/candidate.php?candidate_id=192,BHERGAON,United Peoples Party Liberal,0,Graduate,"Rs 1,14,57,000 ~ 1 Crore+","Rs 2,50,000 ~ 2 Lacs+"
503,Nijam Uddin Choudhury,https://www.myneta.info/Assam2026/candidate.php?candidate_id=503,ALGAPUR-KATLICHERRA,IND,1,8th Pass,https://myneta.info/image_v2.php?myneta_folder=Assam2026&candidate_id=503&col=ta,https://myneta.info/image_v2.php?myneta_folder=Assam2026&candidate_id=503&col=lia
422,Nikhil Dekaraja,https://www.myneta.info/Assam2026/candidate.php?candidate_id=422,MORIGAON,IND,0,Graduate,"Rs 13,01,200 ~ 13 Lacs+",Rs 0 ~
455,Nikunja Das,https://www.myneta.info/Assam2026/candidate.php?candidate_id=455,MANAS,IND,0,12th Pass,"Rs 83,11,132 ~ 83 Lacs+","Rs 3,24,731 ~ 3 Lacs+"
218,Nilanjana Chakraborty,https://www.myneta.info/Assam2026/candidate.php?candidate_id=218,BIJNI,Bharatiya Gana Parishad,0,12th Pass,https://myneta.info/image_v2.php?myneta_folder=Assam2026&candidate_id=218&col=ta,https://myneta.info/image_v2.php?myneta_folder=Assam2026&candidate_id=218&col=lia
447,Nilima Devi,https://www.myneta.info/Assam2026/candidate.php?candidate_id=447,MANGALDAI,BJP,0,Graduate,"Rs 2,25,92,509 ~ 2 Crore+",Rs 0 ~
306,Niso Terangpi,https://www.myneta.info/Assam2026/candidate.php?candidate_id=306,DIPHU (ST),BJP,0,Graduate,"Rs 1,08,99,314 ~ 1 Crore+",Rs 0 ~
301,Nitul Das,https://www.myneta.info/Assam2026/candidate.php?candidate_id=301,DIMORIA (SC),IND,1,12th Pass,https://myneta.info/image_v2.php?myneta_folder=Assam2026&candidate_id=301&col=ta,https://myneta.info/image_v2.php?myneta_folder=Assam2026&candidate_id=301&col=lia
721,Nityananda Basumatary,https://www.myneta.info/Assam2026/candidate.php?candidate_id=721,GOHPUR,United Peoples Party Liberal,0,Graduate,"Rs 25,85,000 ~ 25 Lacs+",Rs 0 ~
34,Nizanur Rahman,https://www.myneta.info/Assam2026/candidate.php?candidate_id=34,GAURIPUR,All India United Democratic Front,1,Graduate,"Rs 1,37,67,108 ~ 1 Crore+",Rs 0 ~
462,Nurul Ali,https://www.myneta.info/Assam2026/candidate.php?candidate_id=462,LAKHIMPUR,Rashtriya Ulama Council,0,Others,https://myneta.info/image_v2.php?myneta_folder=Assam2026&candidate_id=462&col=ta,https://myneta.info/image_v2.php?myneta_folder=Assam2026&candidate_id=462&col=lia
594,Nurul Alom Barbhuiya,https://www.myneta.info/Assam2026/candidate.php?candidate_id=594,KATIGORAH,IND,0,Graduate,"Rs 37,77,700 ~ 37 Lacs+","Rs 84,000 ~ 84 Thou+"
773,Nurul Amin Khan,https://www.myneta.info/Assam2026/candidate.php?candidate_id=773,SRIJANGRAM,Vikas India Party,0,Graduate,"Rs 5,75,000 ~ 5 Lacs+","Rs 1,55,220 ~ 1 Lacs+"
759,Nurul Hassan Talukdar,https://www.myneta.info/Assam2026/candidate.php?candidate_id=759,PATHARKANDI,IND,0,Graduate,https://myneta.info/image_v2.php?myneta_folder=Assam2026&candidate_id=759&col=ta,https://myneta.info/image_v2.php?myneta_folder=Assam2026&candidate_id=759&col=lia
82,Nurul Huda,https://www.myneta.info/Assam2026/candidate.php?candidate_id=82,RUPAHIHAT,INC,0,10th Pass,"Rs 4,03,75,643 ~ 4 Crore+","Rs 96,41,615 ~ 96 Lacs+"
696,Nurul Islam,https://www.myneta.info/Assam2026/candidate.php?candidate_id=696,CHAMARIA,IND,0,10th Pass,"Rs 26,93,521 ~ 26 Lacs+",Rs 0 ~
293,Omar Ali Sk.,https://www.myneta.info/Assam2026/candidate.php?candidate_id=293,DHUBRI,Rashtriya Ulama Council,0,12th Pass,https://myneta.info/image_v2.php?myneta_folder=Assam2026&candidate_id=293&col=ta,https://myneta.info/image_v2.php?myneta_folder=Assam2026&candidate_id=293&col=lia
466,Omar Faruque,https://www.myneta.info/Assam2026/candidate.php?candidate_id=466,LAHARIGHAT,Rashtriya Ulama Council,0,10th Pass,"Rs 6,05,000 ~ 6 Lacs+",Rs 0 ~
185,Paban Pran Rabidas,https://www.myneta.info/Assam2026/candidate.php?candidate_id=185,BEHALI (SC),Gana Suraksha Party,0,12th Pass,"Rs 24,90,000 ~ 24 Lacs+",Rs 0 ~
547,Pabitra Kumar Baro,https://www.myneta.info/Assam2026/candidate.php?candidate_id=547,GORESWAR,United Peoples Party Liberal,0,10th Pass,https://myneta.info/image_v2.php?myneta_folder=Assam2026&candidate_id=547&col=ta,https://myneta.info/image_v2.php?myneta_folder=Assam2026&candidate_id=547&col=lia
720,Pabitra Rabha,https://www.myneta.info/Assam2026/candidate.php?candidate_id=720,GOALPARA WEST (ST),BJP,0,Graduate,"Rs 37,38,935 ~ 37 Lacs+","Rs 7,64,391 ~ 7 Lacs+"
66,Padma Hazarika,https://www.myneta.info/Assam2026/candidate.php?candidate_id=66,NADUAR,BJP,0,12th Pass,"Rs 19,88,56,644 ~ 19 Crore+","Rs 2,73,15,943 ~ 2 Crore+"
459,Padma Kanta Chutia,https://www.myneta.info/Assam2026/candidate.php?candidate_id=459,MAKUM,IND,0,Graduate,https://myneta.info/image_v2.php?myneta_folder=Assam2026&candidate_id=459&col=ta,https://myneta.info/image_v2.php?myneta_folder=Assam2026&candidate_id=459&col=lia
244,Pallab Lochan Das,https://www.myneta.info/Assam2026/candidate.php?candidate_id=244,BISWANATH,BJP,0,Graduate,"Rs 8,25,89,453 ~ 8 Crore+","Rs 4,76,50,852 ~ 4 Crore+"
147,Pallabi Saikia,https://www.myneta.info/Assam2026/candidate.php?candidate_id=147,TEZPUR,IND,0,Post Graduate,"Rs 3,55,46,977 ~ 3 Crore+","Rs 76,29,330 ~ 76 Lacs+"
783,Pallabi Saikia Gogoi,https://www.myneta.info/Assam2026/candidate.php?candidate_id=783,TEOK,INC,0,Graduate,https://myneta.info/image_v2.php?myneta_folder=Assam2026&candidate_id=783&col=ta,https://myneta.info/image_v2.php?myneta_folder=Assam2026&candidate_id=783&col=lia
800,Pallav Saikia,https://www.myneta.info/Assam2026/candidate.php?candidate_id=800,TITABOR,AAP,0,12th Pass,"Rs 87,02,500 ~ 87 Lacs+","Rs 15,00,000 ~ 15 Lacs+"
91,Paniram Brahma,https://www.myneta.info/Assam2026/candidate.php?candidate_id=91,SIDLI CHIRANG (ST),Bodoland Peoples Front,0,Graduate,"Rs 5,25,35,048 ~ 5 Crore+","Rs 79,63,668 ~ 79 Lacs+"
405,Pankaj Lochan Goswami,https://www.myneta.info/Assam2026/candidate.php?candidate_id=405,PALASBARI,Assam Jatiya Parishad,0,12th Pass,https://myneta.info/image_v2.php?myneta_folder=Assam2026&candidate_id=405&col=ta,https://myneta.info/image_v2.php?myneta_folder=Assam2026&candidate_id=405&col=lia
113,Pankaj Mahanta,https://www.myneta.info/Assam2026/candidate.php?candidate_id=113,NAZIRA,IND,0,Graduate Professional,"Rs 7,88,000 ~ 7 Lacs+",Rs 0 ~
348,Paplu Nath,https://www.myneta.info/Assam2026/candidate.php?candidate_id=348,SILCHAR,IND,0,8th Pass,"Rs 1,03,000 ~ 1 Lacs+",Rs 0 ~
341,Paramananda Rajbongshi,https://www.myneta.info/Assam2026/candidate.php?candidate_id=341,SIPAJHAR,BJP,0,Doctorate,https://myneta.info/image_v2.php?myneta_folder=Assam2026&candidate_id=341&col=ta,https://myneta.info/image_v2.php?myneta_folder=Assam2026&candidate_id=341&col=lia
290,Parimal Das,https://www.myneta.info/Assam2026/candidate.php?candidate_id=290,DHOLAI (SC),IND,0,10th Pass,"Rs 48,500 ~ 48 Thou+",Rs 0 ~
564,Parimal Ranjan Roy,https://www.myneta.info/Assam2026/candidate.php?candidate_id=564,KARIMGANJ NORTH,AITC,0,10th Pass,"Rs 1,08,38,468 ~ 1 Crore+","Rs 9,70,000 ~ 9 Lacs+"
627,Pawan Sautal,https://www.myneta.info/Assam2026/candidate.php?candidate_id=627,RONGONADI,Jharkhand Mukti Morcha,0,12th Pass,https://myneta.info/image_v2.php?myneta_folder=Assam2026&candidate_id=627&col=ta,https://myneta.info/image_v2.php?myneta_folder=Assam2026&candidate_id=627&col=lia
325,Peter Minj,https://www.myneta.info/Assam2026/candidate.php?candidate_id=325,DULIAJAN,Jharkhand Mukti Morcha,0,10th Pass,"Rs 4,75,000 ~ 4 Lacs+",Rs 0 ~
333,Phedricson Hansdak,https://www.myneta.info/Assam2026/candidate.php?candidate_id=333,GOSSAIGAON,Jharkhand Mukti Morcha,0,Graduate,"Rs 32,80,139 ~ 32 Lacs+","Rs 1,09,692 ~ 1 Lacs+"
776,Phulan Kachari,https://www.myneta.info/Assam2026/candidate.php?candidate_id=776,TANGLA,Voters Party International,0,10th Pass,https://myneta.info/image_v2.php?myneta_folder=Assam2026&candidate_id=776&col=ta,https://myneta.info/image_v2.php?myneta_folder=Assam2026&candidate_id=776&col=lia
45,Pijush Hazarika,https://www.myneta.info/Assam2026/candidate.php?candidate_id=45,JAGIROAD (SC),BJP,0,Graduate,"Rs 17,41,07,474 ~ 17 Crore+","Rs 3,98,12,302 ~ 3 Crore+"
456,Pintu Ghosh,https://www.myneta.info/Assam2026/candidate.php?candidate_id=456,MANAS,Bharatiya Gana Parishad,0,8th Pass,"Rs 22,40,000 ~ 22 Lacs+","Rs 10,50,000 ~ 10 Lacs+"
603,Poton Lal Rabidas,https://www.myneta.info/Assam2026/candidate.php?candidate_id=603,SONAI,IND,0,12th Pass,https://myneta.info/image_v2.php?myneta_folder=Assam2026&candidate_id=603&col=ta,https://myneta.info/image_v2.php?myneta_folder=Assam2026&candidate_id=603&col=lia
225,Prabhat Basumatary,https://www.myneta.info/Assam2026/candidate.php?candidate_id=225,BIJNI,IND,0,Graduate,"Rs 2,78,61,164 ~ 2 Crore+","Rs 15,46,333 ~ 15 Lacs+"
87,Prabhat Chandra Ray,https://www.myneta.info/Assam2026/candidate.php?candidate_id=87,SAMAGURI,IND,0,8th Pass,"Rs 15,52,513 ~ 15 Lacs+",Rs 0 ~
190,Prabhat Das Panika,https://www.myneta.info/Assam2026/candidate.php?candidate_id=190,BHERGAON,Jharkhand Mukti Morcha,0,12th Pass,https://myneta.info/image_v2.php?myneta_folder=Assam2026&candidate_id=190&col=ta,https://myneta.info/image_v2.php?myneta_folder=Assam2026&candidate_id=190&col=lia
550,Prabin Jyoti Kalita,https://www.myneta.info/Assam2026/candidate.php?candidate_id=550,GUWAHATI CENTRAL,IND,0,Graduate,"Rs 14,17,000 ~ 14 Lacs+",Rs 0 ~
441,Prabin Kr. Deka,https://www.myneta.info/Assam2026/candidate.php?candidate_id=441,MANGALDAI,IND,0,Graduate Professional,"Rs 71,25,182 ~ 71 Lacs+",Rs 0 ~
157,Pradip Baruah,https://www.myneta.info/Assam2026/candidate.php?candidate_id=157,MORIGAON,IND,0,Post Graduate,https://myneta.info/image_v2.php?myneta_folder=Assam2026&candidate_id=157&col=ta,https://myneta.info/image_v2.php?myneta_folder=Assam2026&candidate_id=157&col=lia
735,Pradip Kumar Baruah,https://www.myneta.info/Assam2026/candidate.php?candidate_id=735,KALIABOR,Raijor Dal,0,Graduate,"Rs 28,98,744 ~ 28 Lacs+",Rs 0 ~
161,Pradip Sarkar,https://www.myneta.info/Assam2026/candidate.php?candidate_id=161,ABHAYAPURI,INC,0,Graduate,"Rs 11,54,45,301 ~ 11 Crore+",Rs 0 ~
310,Pradyut Bordoloi,https://www.myneta.info/Assam2026/candidate.php?candidate_id=310,DISPUR,BJP,0,Post Graduate,https://myneta.info/image_v2.php?myneta_folder=Assam2026&candidate_id=310&col=ta,https://myneta.info/image_v2.php?myneta_folder=Assam2026&candidate_id=310&col=lia
645,Prafulla Baglari,https://www.myneta.info/Assam2026/candidate.php?candidate_id=645,BINNAKANDI,IND,0,Graduate,"Rs 36,35,000 ~ 36 Lacs+",Rs 0 ~
727,Prakash Chandra Das,https://www.myneta.info/Assam2026/candidate.php?candidate_id=727,HAJO-SUALKUCHI (SC),Asom Gana Parishad,0,Graduate,"Rs 48,16,181 ~ 48 Lacs+",Rs 0 ~
95,Pramod Boro,https://www.myneta.info/Assam2026/candidate.php?candidate_id=95,TAMULPUR (ST),United Peoples Party Liberal,0,12th Pass,https://myneta.info/image_v2.php?myneta_folder=Assam2026&candidate_id=95&col=ta,https://myneta.info/image_v2.php?myneta_folder=Assam2026&candidate_id=95&col=lia
797,Pran Kurmi,https://www.myneta.info/Assam2026/candidate.php?candidate_id=797,TITABOR,INC,0,8th Pass,"Rs 4,40,46,871 ~ 4 Crore+","Rs 1,95,57,288 ~ 1 Crore+"
637,Pranab Baroi,https://www.myneta.info/Assam2026/candidate.php?candidate_id=637,BAOKHUNGRI,IND,0,12th Pass,"Rs 50,000 ~ 50 Thou+",Rs 0 ~
249,Pranab Doley,https://www.myneta.info/Assam2026/candidate.php?candidate_id=249,BOKAKHAT,IND,2,Post Graduate,https://myneta.info/image_v2.php?myneta_folder=Assam2026&candidate_id=249&col=ta,https://myneta.info/image_v2.php?myneta_folder=Assam2026&candidate_id=249&col=lia
568,Pranab Kumar Nath,https://www.myneta.info/Assam2026/candidate.php?candidate_id=568,KARIMGANJ SOUTH,IND,0,Graduate,"Rs 67,98,766 ~ 67 Lacs+",Rs 0 ~
483,Pranab Priyankush Dutta,https://www.myneta.info/Assam2026/candidate.php?candidate_id=483,JORHAT,AAP,0,12th Pass,"Rs 29,55,500 ~ 29 Lacs+",Rs 0 ~
70,Pranatee Phukan,https://www.myneta.info/Assam2026/candidate.php?candidate_id=70,NAHARKATIA,INC,0,Graduate,https://myneta.info/image_v2.php?myneta_folder=Assam2026&candidate_id=70&col=ta,https://myneta.info/image_v2.php?myneta_folder=Assam2026&candidate_id=70&col=lia
250,Pranita Barman,https://www.myneta.info/Assam2026/candidate.php?candidate_id=250,BONGAIGAON,SUCI(C),0,12th Pass,"Rs 1,22,082 ~ 1 Lacs+",Rs 0 ~
611,Pranjal Borah,https://www.myneta.info/Assam2026/candidate.php?candidate_id=611,SISSIBORGAON,IND,0,Post Graduate,"Rs 3,81,17,085 ~ 3 Crore+",Rs 0 ~
18,Pranjal Ghatowar,https://www.myneta.info/Assam2026/candidate.php?candidate_id=18,CHABUA-LAHOWAL,INC,0,Post Graduate,https://myneta.info/image_v2.php?myneta_folder=Assam2026&candidate_id=18&col=ta,https://myneta.info/image_v2.php?myneta_folder=Assam2026&candidate_id=18&col=lia
376,Pranjit Choudhury,https://www.myneta.info/Assam2026/candidate.php?candidate_id=376,RANGIA,INC,0,Post Graduate,"Rs 7,15,81,671 ~ 7 Crore+","Rs 68,000 ~ 68 Thou+"
536,Pranjit Kumar Biswas,https://www.myneta.info/Assam2026/candidate.php?candidate_id=536,GORESWAR,IND,0,12th Pass,"Rs 6,51,200 ~ 6 Lacs+",Rs 0 ~
26,Prasanta Phukan,https://www.myneta.info/Assam2026/candidate.php?candidate_id=26,DIBRUGARH,BJP,0,10th Pass,https://myneta.info/image_v2.php?myneta_folder=Assam2026&candidate_id=26&col=ta,https://myneta.info/image_v2.php?myneta_folder=Assam2026&candidate_id=26&col=lia
644,Pratibha Brahma,https://www.myneta.info/Assam2026/candidate.php?candidate_id=644,BAOKHUNGRI,United Peoples Party Liberal,0,Graduate Professional,"Rs 3,38,30,749 ~ 3 Crore+","Rs 35,00,000 ~ 35 Lacs+"
371,Pratima Engheepi,https://www.myneta.info/Assam2026/candidate.php?candidate_id=371,RONGKHANG (ST),CPI(ML)(L),0,Graduate,"Rs 28,50,000 ~ 28 Lacs+",Rs 0 ~
209,Prithiraj Rava,https://www.myneta.info/Assam2026/candidate.php?candidate_id=209,TEZPUR,Asom Gana Parishad,0,12th Pass,https://myneta.info/image_v2.php?myneta_folder=Assam2026&candidate_id=209&col=ta,https://myneta.info/image_v2.php?myneta_folder=Assam2026&candidate_id=209&col=lia
638,Prithviraj Narayan Dev Mech,https://www.myneta.info/Assam2026/candidate.php?candidate_id=638,BAOKHUNGRI,IND,0,Graduate,"Rs 45,30,700 ~ 45 Lacs+",Rs 0 ~
426,Priti Rekha Barla,https://www.myneta.info/Assam2026/candidate.php?candidate_id=426,MAZBAT,Jharkhand Mukti Morcha,0,Graduate,"Rs 17,75,000 ~ 17 Lacs+",Rs 0 ~
90,Prodip Hazarika,https://www.myneta.info/Assam2026/candidate.php?candidate_id=90,SIBSAGAR,Asom Gana Parishad,0,Post Graduate,https://myneta.info/image_v2.php?myneta_folder=Assam2026&candidate_id=90&col=ta,https://myneta.info/image_v2.php?myneta_folder=Assam2026&candidate_id=90&col=lia
266,Pulin Gogoi,https://www.myneta.info/Assam2026/candidate.php?candidate_id=266,DERGAON,AAP,0,12th Pass,"Rs 56,70,685 ~ 56 Lacs+","Rs 9,09,156 ~ 9 Lacs+"
796,Pulok Gohain,https://www.myneta.info/Assam2026/candidate.php?candidate_id=796,TINSUKIA,BJP,0,12th Pass,"Rs 4,03,00,595 ~ 4 Crore+","Rs 47,27,376 ~ 47 Lacs+"
634,Raajkar Beck,https://www.myneta.info/Assam2026/candidate.php?candidate_id=634,BAOKHUNGRI,Gondvana Gantantra Party,0,10th Pass,https://myneta.info/image_v2.php?myneta_folder=Assam2026&candidate_id=634&col=ta,https://myneta.info/image_v2.php?myneta_folder=Assam2026&candidate_id=634&col=lia
109,Rabi Kumar Phangcho,https://www.myneta.info/Assam2026/candidate.php?candidate_id=109,HOWRAGHAT (ST),CPI(ML)(L),1,10th Pass,"Rs 27,38,367 ~ 27 Lacs+","Rs 2,60,000 ~ 2 Lacs+"
427,Rabindra Basumatary,https://www.myneta.info/Assam2026/candidate.php?candidate_id=427,MAZBAT,United Peoples Party Liberal,0,12th Pass,"Rs 33,95,200 ~ 33 Lacs+",Rs 0 ~
545,Rabindra Biswas,https://www.myneta.info/Assam2026/candidate.php?candidate_id=545,GORESWAR,IND,2,12th Pass,https://myneta.info/image_v2.php?myneta_folder=Assam2026&candidate_id=545&col=ta,https://myneta.info/image_v2.php?myneta_folder=Assam2026&candidate_id=545&col=lia
307,Rabindra Rongpi,https://www.myneta.info/Assam2026/candidate.php?candidate_id=307,DIPHU (ST),IND,0,Graduate,"Rs 52,55,000 ~ 52 Lacs+",Rs 0 ~
488,Rabindra Rongpi,https://www.myneta.info/Assam2026/candidate.php?candidate_id=488,HOWRAGHAT (ST),IND,0,Graduate,"Rs 52,55,000 ~ 52 Lacs+",Rs 0 ~
316,Rabiram Narzary,https://www.myneta.info/Assam2026/candidate.php?candidate_id=316,DOTMA (ST),Bodoland Peoples Front,0,Graduate,https://myneta.info/image_v2.php?myneta_folder=Assam2026&candidate_id=316&col=ta,https://myneta.info/image_v2.php?myneta_folder=Assam2026&candidate_id=316&col=lia
211,Rafel Daimary,https://www.myneta.info/Assam2026/candidate.php?candidate_id=211,TAMULPUR (ST),INC,0,Graduate,"Rs 66,22,749 ~ 66 Lacs+","Rs 8,76,546 ~ 8 Lacs+"
239,Rafiqul Islam,https://www.myneta.info/Assam2026/candidate.php?candidate_id=239,BIRSING-JARUA,IND,0,12th Pass,"Rs 16,58,000 ~ 16 Lacs+",Rs 0 ~
449,Rafiqul Islam,https://www.myneta.info/Assam2026/candidate.php?candidate_id=449,MANDIA,All India United Democratic Front,0,Doctorate,https://myneta.info/image_v2.php?myneta_folder=Assam2026&candidate_id=449&col=ta,https://myneta.info/image_v2.php?myneta_folder=Assam2026&candidate_id=449&col=lia
434,Rahul Chetry,https://www.myneta.info/Assam2026/candidate.php?candidate_id=434,MARGHERITA,Raijor Dal,2,Post Graduate,"Rs 10,81,671 ~ 10 Lacs+","Rs 3,31,200 ~ 3 Lacs+"
496,Rahul Roy,https://www.myneta.info/Assam2026/candidate.php?candidate_id=496,HAILAKANDI,INC,0,Post Graduate,"Rs 2,61,25,31,875 ~ 261 Crore+","Rs 10,38,87,216 ~ 10 Crore+"
546,Rajan Chauhan,https://www.myneta.info/Assam2026/candidate.php?candidate_id=546,GORESWAR,AITC,0,Graduate Professional,https://myneta.info/image_v2.php?myneta_folder=Assam2026&candidate_id=546&col=ta,https://myneta.info/image_v2.php?myneta_folder=Assam2026&candidate_id=546&col=lia
16,Rajan Gupta,https://www.myneta.info/Assam2026/candidate.php?candidate_id=16,BONGAIGAON,IND,0,Graduate,"Rs 1,22,02,908 ~ 1 Crore+","Rs 36,51,125 ~ 36 Lacs+"
540,Rajat Ch. Swargiary,https://www.myneta.info/Assam2026/candidate.php?candidate_id=540,GORESWAR,Voters Party International,0,12th Pass,"Rs 3,85,000 ~ 3 Lacs+",Rs 0 ~
216,Rajat Kanti Saha,https://www.myneta.info/Assam2026/candidate.php?candidate_id=216,BIJNI,INC,0,12th Pass,https://myneta.info/image_v2.php?myneta_folder=Assam2026&candidate_id=216&col=ta,https://myneta.info/image_v2.php?myneta_folder=Assam2026&candidate_id=216&col=lia
204,Rajdeep Goala,https://www.myneta.info/Assam2026/candidate.php?candidate_id=204,UDHARBOND,BJP,0,Graduate,"Rs 7,94,85,325 ~ 7 Crore+","Rs 1,62,28,980 ~ 1 Crore+"
182,Rajen Gohain,https://www.myneta.info/Assam2026/candidate.php?candidate_id=182,BARHAMPUR,Assam Jatiya Parishad,2,Graduate Professional,"Rs 4,96,27,927 ~ 4 Crore+","Rs 40,25,427 ~ 40 Lacs+"
490,Rajen Timung,https://www.myneta.info/Assam2026/candidate.php?candidate_id=490,HOWRAGHAT (ST),IND,0,10th Pass,https://myneta.info/image_v2.php?myneta_folder=Assam2026&candidate_id=490&col=ta,https://myneta.info/image_v2.php?myneta_folder=Assam2026&candidate_id=490&col=lia
308,Rajen Timung S/O Lt. Kangbura Timung,https://www.myneta.info/Assam2026/candidate.php?candidate_id=308,DIPHU (ST),IND,0,10th Pass,"Rs 22,90,000 ~ 22 Lacs+",Rs 0 ~
28,Rajen Timung S/O Lt. Sarthe Timung,https://www.myneta.info/Assam2026/candidate.php?candidate_id=28,DIPHU (ST),IND,0,10th Pass,"Rs 2,12,23,000 ~ 2 Crore+",Rs 0 ~
396,Rajesh Kumar Brahma,https://www.myneta.info/Assam2026/candidate.php?candidate_id=396,PARBATJHORA,Rashtriya Ulama Council,0,12th Pass,https://myneta.info/image_v2.php?myneta_folder=Assam2026&candidate_id=396&col=ta,https://myneta.info/image_v2.php?myneta_folder=Assam2026&candidate_id=396&col=lia
639,Rajib Brahma,https://www.myneta.info/Assam2026/candidate.php?candidate_id=639,BAOKHUNGRI,IND,0,Graduate,"Rs 11,33,58,000 ~ 11 Crore+","Rs 2,73,60,000 ~ 2 Crore+"
170,Rajkumar Baro,https://www.myneta.info/Assam2026/candidate.php?candidate_id=170,BAKSA (ST),Voters Party International,0,10th Pass,"Rs 4,76,000 ~ 4 Lacs+",Rs 0 ~
351,Rajkumar Duwara,https://www.myneta.info/Assam2026/candidate.php?candidate_id=351,SIBSAGAR,IND,0,10th Pass,https://myneta.info/image_v2.php?myneta_folder=Assam2026&candidate_id=351&col=ta,https://myneta.info/image_v2.php?myneta_folder=Assam2026&candidate_id=351&col=lia
593,Raju Das,https://www.myneta.info/Assam2026/candidate.php?candidate_id=593,KATIGORAH,IND,0,Graduate,"Rs 15,809 ~ 15 Thou+","Rs 7,00,000 ~ 7 Lacs+"
768,Raju Karuwa,https://www.myneta.info/Assam2026/candidate.php?candidate_id=768,SONARI,IND,0,10th Pass,"Rs 1,40,000 ~ 1 Lacs+",Rs 107 ~ 1 Hund+
731,Raju Kumar Medok,https://www.myneta.info/Assam2026/candidate.php?candidate_id=731,JONAI (ST),INC,2,Graduate,https://myneta.info/image_v2.php?myneta_folder=Assam2026&candidate_id=731&col=ta,https://myneta.info/image_v2.php?myneta_folder=Assam2026&candidate_id=731&col=lia
31,Raju Kumar Narzary,https://www.myneta.info/Assam2026/candidate.php?candidate_id=31,DOTMA (ST),United Peoples Party Liberal,0,Post Graduate,"Rs 2,19,98,286 ~ 2 Crore+",Rs 0 ~
673,Raju Mesh,https://www.myneta.info/Assam2026/candidate.php?candidate_id=673,BOKO-CHAYGAON (ST),BJP,0,Graduate,"Rs 29,44,03,140 ~ 29 Crore+","Rs 52,67,030 ~ 52 Lacs+"
729,Raju Patowary,https://www.myneta.info/Assam2026/candidate.php?candidate_id=729,HAJO-SUALKUCHI (SC),IND,0,Post Graduate,https://myneta.info/image_v2.php?myneta_folder=Assam2026&candidate_id=729&col=ta,https://myneta.info/image_v2.php?myneta_folder=Assam2026&candidate_id=729&col=lia
692,Raju Rongpi,https://www.myneta.info/Assam2026/candidate.php?candidate_id=692,BOKAJAN (ST),IND,0,Graduate,"Rs 17,01,500 ~ 17 Lacs+",Rs 0 ~
1,Rakesh Brahma,https://www.myneta.info/Assam2026/candidate.php?candidate_id=1,BAKSA (ST),United Peoples Party Liberal,0,10th Pass,"Rs 1,03,31,051 ~ 1 Crore+",Rs 0 ~
65,Rama Kanta Dewri,https://www.myneta.info/Assam2026/candidate.php?candidate_id=65,MORIGAON,BJP,1,10th Pass,https://myneta.info/image_v2.php?myneta_folder=Assam2026&candidate_id=65&col=ta,https://myneta.info/image_v2.php?myneta_folder=Assam2026&candidate_id=65&col=lia
169,Ramchandra Das,https://www.myneta.info/Assam2026/candidate.php?candidate_id=169,BAKSA (ST),IND,0,Post Graduate,"Rs 78,84,077 ~ 78 Lacs+",Rs 0 ~
674,Ramen Singh Rabha,https://www.myneta.info/Assam2026/candidate.php?candidate_id=674,BOKO-CHAYGAON (ST),INC,0,Post Graduate,"Rs 54,45,000 ~ 54 Lacs+","Rs 39,74,708 ~ 39 Lacs+"
166,Ramesh Chandra Das,https://www.myneta.info/Assam2026/candidate.php?candidate_id=166,BAKSA (ST),Gana Suraksha Party,0,Post Graduate,https://myneta.info/image_v2.php?myneta_folder=Assam2026&candidate_id=166&col=ta,https://myneta.info/image_v2.php?myneta_folder=Assam2026&candidate_id=166&col=lia
323,Rameswar Teli,https://www.myneta.info/Assam2026/candidate.php?candidate_id=323,DULIAJAN,BJP,0,10th Pass,"Rs 3,17,56,294 ~ 3 Crore+",Rs 0 ~
314,Rananjay Narzary,https://www.myneta.info/Assam2026/candidate.php?candidate_id=314,DOTMA (ST),IND,0,12th Pass,"Rs 23,94,376 ~ 23 Lacs+",Rs 0 ~
319,Randeepsing Marak,https://www.myneta.info/Assam2026/candidate.php?candidate_id=319,DUDHNOI (ST),IND,0,12th Pass,https://myneta.info/image_v2.php?myneta_folder=Assam2026&candidate_id=319&col=ta,https://myneta.info/image_v2.php?myneta_folder=Assam2026&candidate_id=319&col=lia
532,Ranjan Sarkar,https://www.myneta.info/Assam2026/candidate.php?candidate_id=532,GOALPARA EAST,IND,0,8th Pass,"Rs 94,05,244 ~ 94 Lacs+",Rs 0 ~
10,Ranjeet Kumar Dass,https://www.myneta.info/Assam2026/candidate.php?candidate_id=10,BHAWANIPUR-SORBHOG,BJP,0,Post Graduate,"Rs 9,51,73,435 ~ 9 Crore+","Rs 74,82,093 ~ 74 Lacs+"
92,Ranjit Basumatary,https://www.myneta.info/Assam2026/candidate.php?candidate_id=92,SIDLI CHIRANG (ST),United Peoples Party Liberal,0,Post Graduate,https://myneta.info/image_v2.php?myneta_folder=Assam2026&candidate_id=92&col=ta,https://myneta.info/image_v2.php?myneta_folder=Assam2026&candidate_id=92&col=lia
614,Ranjit Kumar Roy,https://www.myneta.info/Assam2026/candidate.php?candidate_id=614,SISSIBORGAON,IND,0,Graduate,"Rs 75,44,000 ~ 75 Lacs+","Rs 1,78,200 ~ 1 Lacs+"
632,Ranjit Sarkar,https://www.myneta.info/Assam2026/candidate.php?candidate_id=632,BAOKHUNGRI,IND,0,12th Pass,"Rs 11,89,300 ~ 11 Lacs+",Rs 0 ~
282,Ranjoy Basumatary,https://www.myneta.info/Assam2026/candidate.php?candidate_id=282,DHEKIAJULI,Voters Party International,0,5th Pass,https://myneta.info/image_v2.php?myneta_folder=Assam2026&candidate_id=282&col=ta,https://myneta.info/image_v2.php?myneta_folder=Assam2026&candidate_id=282&col=lia
474,Ranjoy Kr. Brahma,https://www.myneta.info/Assam2026/candidate.php?candidate_id=474,KOKRAJHAR (ST),IND,0,Post Graduate,"Rs 12,000 ~ 12 Thou+",Rs 0 ~
344,Ranu Das,https://www.myneta.info/Assam2026/candidate.php?candidate_id=344,SILCHAR,IND,0,12th Pass,"Rs 72,300 ~ 72 Thou+",Rs 0 ~
181,Ranumai Teronpi,https://www.myneta.info/Assam2026/candidate.php?candidate_id=181,BARHAMPUR,AAP,8,10th Pass,https://myneta.info/image_v2.php?myneta_folder=Assam2026&candidate_id=181&col=ta,https://myneta.info/image_v2.php?myneta_folder=Assam2026&candidate_id=181&col=lia
688,Raton Engti,https://www.myneta.info/Assam2026/candidate.php?candidate_id=688,BOKAJAN (ST),INC,0,12th Pass,"Rs 3,22,12,976 ~ 3 Crore+","Rs 23,99,449 ~ 23 Lacs+"
786,Ratul Patowary,https://www.myneta.info/Assam2026/candidate.php?candidate_id=786,TIHU,INC,0,Graduate Professional,"Rs 99,37,682 ~ 99 Lacs+","Rs 17,50,000 ~ 17 Lacs+"
650,Rejaul Karim Chowdhury,https://www.myneta.info/Assam2026/candidate.php?candidate_id=650,BINNAKANDI,Assam Jatiya Parishad,2,10th Pass,https://myneta.info/image_v2.php?myneta_folder=Assam2026&candidate_id=650&col=ta,https://myneta.info/image_v2.php?myneta_folder=Assam2026&candidate_id=650&col=lia
770,Rejaul Karim Sarkar,https://www.myneta.info/Assam2026/candidate.php?candidate_id=770,SRIJANGRAM,All India United Democratic Front,0,Graduate,"Rs 1,10,93,714 ~ 1 Crore+","Rs 8,97,758 ~ 8 Lacs+"
695,Rekibuddin Ahmed,https://www.myneta.info/Assam2026/candidate.php?candidate_id=695,CHAMARIA,INC,0,Graduate,"Rs 5,72,64,431 ~ 5 Crore+","Rs 34,07,212 ~ 34 Lacs+"
690,Renuka Timungpi,https://www.myneta.info/Assam2026/candidate.php?candidate_id=690,BOKAJAN (ST),AAP,0,10th Pass,https://myneta.info/image_v2.php?myneta_folder=Assam2026&candidate_id=690&col=ta,https://myneta.info/image_v2.php?myneta_folder=Assam2026&candidate_id=690&col=lia
235,Reza Amin,https://www.myneta.info/Assam2026/candidate.php?candidate_id=235,BIRSING-JARUA,IND,0,Post Graduate,"Rs 2,81,92,518 ~ 2 Crore+","Rs 2,13,90,000 ~ 2 Crore+"
397,Rezaul Karim,https://www.myneta.info/Assam2026/candidate.php?candidate_id=397,PARBATJHORA,Bodoland Peoples Front,0,Doctorate,"Rs 3,45,40,624 ~ 3 Crore+","Rs 21,32,367 ~ 21 Lacs+"
99,Rihon Daimari,https://www.myneta.info/Assam2026/candidate.php?candidate_id=99,UDALGURI (ST),Bodoland Peoples Front,0,Graduate,https://myneta.info/image_v2.php?myneta_folder=Assam2026&candidate_id=99&col=ta,https://myneta.info/image_v2.php?myneta_folder=Assam2026&candidate_id=99&col=lia
446,Rijumoni Talukdar,https://www.myneta.info/Assam2026/candidate.php?candidate_id=446,MANGALDAI,INC,1,12th Pass,"Rs 1,91,85,360 ~ 1 Crore+","Rs 1,25,49,403 ~ 1 Crore+"
104,Ripun Bora,https://www.myneta.info/Assam2026/candidate.php?candidate_id=104,BARCHALLA,INC,1,Post Graduate,"Rs 2,76,63,050 ~ 2 Crore+","Rs 80,783 ~ 80 Thou+"
628,Rishiraj Hazarika,https://www.myneta.info/Assam2026/candidate.php?candidate_id=628,RONGONADI,BJP,0,12th Pass,https://myneta.info/image_v2.php?myneta_folder=Assam2026&candidate_id=628&col=ta,https://myneta.info/image_v2.php?myneta_folder=Assam2026&candidate_id=628&col=lia
105,Ritu Baran Sarmah,https://www.myneta.info/Assam2026/candidate.php?candidate_id=105,BARCHALLA,BJP,0,Others,"Rs 4,51,67,830 ~ 4 Crore+","Rs 25,48,535 ~ 25 Lacs+"
318,Rohit Kachari,https://www.myneta.info/Assam2026/candidate.php?candidate_id=318,DUDHNOI (ST),IND,0,Graduate,"Rs 1,60,981 ~ 1 Lacs+",Rs 0 ~
779,Rohit Pariga,https://www.myneta.info/Assam2026/candidate.php?candidate_id=779,TANGLA,INC,0,10th Pass,https://myneta.info/image_v2.php?myneta_folder=Assam2026&candidate_id=779&col=ta,https://myneta.info/image_v2.php?myneta_folder=Assam2026&candidate_id=779&col=lia
726,Rojy Ahmed,https://www.myneta.info/Assam2026/candidate.php?candidate_id=726,HAJO-SUALKUCHI (SC),AITC,4,8th Pass,"Rs 54,26,95,480 ~ 54 Crore+","Rs 11,32,94,999 ~ 11 Crore+"
738,Roselina Tirkey,https://www.myneta.info/Assam2026/candidate.php?candidate_id=738,KHUMTAI,INC,0,Post Graduate,"Rs 98,12,150 ~ 98 Lacs+","Rs 42,36,902 ~ 42 Lacs+"
329,Rubul Borah,https://www.myneta.info/Assam2026/candidate.php?candidate_id=329,GOLAGHAT,IND,0,Graduate,https://myneta.info/image_v2.php?myneta_folder=Assam2026&candidate_id=329&col=ta,https://myneta.info/image_v2.php?myneta_folder=Assam2026&candidate_id=329&col=lia
576,Ruhan Dutta,https://www.myneta.info/Assam2026/candidate.php?candidate_id=576,KARIMGANJ SOUTH,IND,0,12th Pass,"Rs 8,15,000 ~ 8 Lacs+",Rs 0 ~
356,Rupak Bhuyan,https://www.myneta.info/Assam2026/candidate.php?candidate_id=356,SIBSAGAR,IND,0,10th Pass,"Rs 6,36,990 ~ 6 Lacs+","Rs 3,50,000 ~ 3 Lacs+"
67,Rupak Sarmah,https://www.myneta.info/Assam2026/candidate.php?candidate_id=67,NAGAON-BATADRABA,BJP,0,Graduate,https://myneta.info/image_v2.php?myneta_folder=Assam2026&candidate_id=67&col=ta,https://myneta.info/image_v2.php?myneta_folder=Assam2026&candidate_id=67&col=lia
335,Rupali Langthasa,https://www.myneta.info/Assam2026/candidate.php?candidate_id=335,HAFLONG (ST),BJP,0,Graduate,"Rs 10,49,563 ~ 10 Lacs+",Rs 0 ~
635,Rupam Chandra Roy,https://www.myneta.info/Assam2026/candidate.php?candidate_id=635,BAOKHUNGRI,Bodoland Peoples Front,0,Graduate,"Rs 59,39,907 ~ 59 Lacs+","Rs 13,59,361 ~ 13 Lacs+"
713,Rupesh Gowala,https://www.myneta.info/Assam2026/candidate.php?candidate_id=713,DOOM DOOMA,BJP,0,Graduate,https://myneta.info/image_v2.php?myneta_folder=Assam2026&candidate_id=713&col=ta,https://myneta.info/image_v2.php?myneta_folder=Assam2026&candidate_id=713&col=lia
431,Rupjyoti Kurmi,https://www.myneta.info/Assam2026/candidate.php?candidate_id=431,MARIANI,BJP,0,12th Pass,"Rs 4,24,52,317 ~ 4 Crore+","Rs 1,54,051 ~ 1 Lacs+"
577,Ruposri Goswami,https://www.myneta.info/Assam2026/candidate.php?candidate_id=577,KARIMGANJ SOUTH,SUCI(C),0,Graduate,"Rs 54,343 ~ 54 Thou+",Rs 0 ~
24,Sabana Aktar,https://www.myneta.info/Assam2026/candidate.php?candidate_id=24,BILASIPARA,All India United Democratic Front,0,Graduate,https://myneta.info/image_v2.php?myneta_folder=Assam2026&candidate_id=24&col=ta,https://myneta.info/image_v2.php?myneta_folder=Assam2026&candidate_id=24&col=lia
516,Sabbir Ahmed Choudhury,https://www.myneta.info/Assam2026/candidate.php?candidate_id=516,ALGAPUR-KATLICHERRA,IND,0,Graduate,"Rs 8,25,000 ~ 8 Lacs+",Rs 0 ~
72,Sabbir Hussain Poramanik,https://www.myneta.info/Assam2026/candidate.php?candidate_id=72,PAKABETBARI,IND,0,12th Pass,"Rs 2,05,690 ~ 2 Lacs+",Rs 0 ~
332,Sabharam Basumatary,https://www.myneta.info/Assam2026/candidate.php?candidate_id=332,GOSSAIGAON,Bodoland Peoples Front,0,Graduate,https://myneta.info/image_v2.php?myneta_folder=Assam2026&candidate_id=332&col=ta,https://myneta.info/image_v2.php?myneta_folder=Assam2026&candidate_id=332&col=lia
85,Sabina Eachamin,https://www.myneta.info/Assam2026/candidate.php?candidate_id=85,SAMAGURI,IND,0,8th Pass,"Rs 3,12,081 ~ 3 Lacs+",Rs 0 ~
702,Saddam Hussain,https://www.myneta.info/Assam2026/candidate.php?candidate_id=702,CHENGA,Asom Gana Parishad,1,12th Pass,"Rs 2,39,29,688 ~ 2 Crore+","Rs 52,12,119 ~ 52 Lacs+"
670,Safar Ali,https://www.myneta.info/Assam2026/candidate.php?candidate_id=670,NALBARI,IND,0,5th Pass,https://myneta.info/image_v2.php?myneta_folder=Assam2026&candidate_id=670&col=ta,https://myneta.info/image_v2.php?myneta_folder=Assam2026&candidate_id=670&col=lia
265,Sagorika Bora,https://www.myneta.info/Assam2026/candidate.php?candidate_id=265,DERGAON,INC,0,Post Graduate,"Rs 55,22,472 ~ 55 Lacs+","Rs 6,09,905 ~ 6 Lacs+"
802,Sahab Uddin Ahmed,https://www.myneta.info/Assam2026/candidate.php?candidate_id=802,JALESWAR,IND,0,Graduate,"Rs 17,80,350 ~ 17 Lacs+",Rs 0 ~
107,Sahidul Alam,https://www.myneta.info/Assam2026/candidate.php?candidate_id=107,BISWANATH,Gana Suraksha Party,0,12th Pass,https://myneta.info/image_v2.php?myneta_folder=Assam2026&candidate_id=107&col=ta,https://myneta.info/image_v2.php?myneta_folder=Assam2026&candidate_id=107&col=lia
358,Sahil Munda,https://www.myneta.info/Assam2026/candidate.php?candidate_id=358,SARUPATHAR,Jharkhand Mukti Morcha,1,12th Pass,"Rs 3,06,500 ~ 3 Lacs+",Rs 0 ~
519,Saidur Rahman Sarkar,https://www.myneta.info/Assam2026/candidate.php?candidate_id=519,GAURIPUR,Republican Party of India (Athawale),0,Post Graduate,"Rs 44,78,920 ~ 44 Lacs+",Rs 0 ~
660,Saiful Islam,https://www.myneta.info/Assam2026/candidate.php?candidate_id=660,JALESWAR,SUCI(C),0,Post Graduate,https://myneta.info/image_v2.php?myneta_folder=Assam2026&candidate_id=660&col=ta,https://myneta.info/image_v2.php?myneta_folder=Assam2026&candidate_id=660&col=lia
21,Sailen Sonowal,https://www.myneta.info/Assam2026/candidate.php?candidate_id=21,DHEMAJI (ST),INC,0,Graduate,"Rs 18,61,14,126 ~ 18 Crore+","Rs 3,45,50,000 ~ 3 Crore+"
587,Saleh Ahmed Mazumder,https://www.myneta.info/Assam2026/candidate.php?candidate_id=587,KATIGORAH,IND,0,8th Pass,"Rs 35,12,000 ~ 35 Lacs+",Rs 0 ~
152,Salim Ahmed,https://www.myneta.info/Assam2026/candidate.php?candidate_id=152,SAMAGURI,IND,0,8th Pass,https://myneta.info/image_v2.php?myneta_folder=Assam2026&candidate_id=152&col=ta,https://myneta.info/image_v2.php?myneta_folder=Assam2026&candidate_id=152&col=lia
453,Salim Khan,https://www.myneta.info/Assam2026/candidate.php?candidate_id=453,MANDIA,IND,0,Graduate,"Rs 2,97,00,000 ~ 2 Crore+",Rs 0 ~
558,Samadul Hoque Choudhury,https://www.myneta.info/Assam2026/candidate.php?candidate_id=558,KARIMGANJ NORTH,IND,0,10th Pass,"Rs 1,01,132 ~ 1 Lacs+",Rs 0 ~
513,Samin Ahmed Choudhury,https://www.myneta.info/Assam2026/candidate.php?candidate_id=513,ALGAPUR-KATLICHERRA,IND,1,10th Pass,https://myneta.info/image_v2.php?myneta_folder=Assam2026&candidate_id=513&col=ta,https://myneta.info/image_v2.php?myneta_folder=Assam2026&candidate_id=513&col=lia
565,Samraj Banik,https://www.myneta.info/Assam2026/candidate.php?candidate_id=565,KARIMGANJ NORTH,IND,0,8th Pass,"Rs 6,96,190 ~ 6 Lacs+",Rs 0 ~
280,Samsul Haque,https://www.myneta.info/Assam2026/candidate.php?candidate_id=280,DHEKIAJULI,IND,0,Graduate,"Rs 14,30,424 ~ 14 Lacs+","Rs 8,78,728 ~ 8 Lacs+"
671,Samsul Haque,https://www.myneta.info/Assam2026/candidate.php?candidate_id=671,NALBARI,IND,0,12th Pass,https://myneta.info/image_v2.php?myneta_folder=Assam2026&candidate_id=671&col=ta,https://myneta.info/image_v2.php?myneta_folder=Assam2026&candidate_id=671&col=lia
691,Samuel Rongpi Ejang,https://www.myneta.info/Assam2026/candidate.php?candidate_id=691,BOKAJAN (ST),IND,0,10th Pass,"Rs 56,95,000 ~ 56 Lacs+",Rs 0 ~
77,Sanchita Sukla,https://www.myneta.info/Assam2026/candidate.php?candidate_id=77,RAM KRISHNA NAGAR (SC),SUCI(C),0,12th Pass,"Rs 4,27,064 ~ 4 Lacs+",Rs 0 ~
592,Sandip Das,https://www.myneta.info/Assam2026/candidate.php?candidate_id=592,KATIGORAH,IND,0,10th Pass,https://myneta.info/image_v2.php?myneta_folder=Assam2026&candidate_id=592&col=ta,https://myneta.info/image_v2.php?myneta_folder=Assam2026&candidate_id=592&col=lia
491,Sanjeeb Teron,https://www.myneta.info/Assam2026/candidate.php?candidate_id=491,HOWRAGHAT (ST),INC,0,Graduate,"Rs 93,13,082 ~ 93 Lacs+",Rs 0 ~
154,Sanjoy Bagh,https://www.myneta.info/Assam2026/candidate.php?candidate_id=154,NAHARKATIA,Jharkhand Mukti Morcha,0,Graduate,"Rs 4,55,241 ~ 4 Lacs+","Rs 1,92,000 ~ 1 Lacs+"
123,Sanjoy Kishan,https://www.myneta.info/Assam2026/candidate.php?candidate_id=123,MAKUM,BJP,0,10th Pass,https://myneta.info/image_v2.php?myneta_folder=Assam2026&candidate_id=123&col=ta,https://myneta.info/image_v2.php?myneta_folder=Assam2026&candidate_id=123&col=lia
584,Sanju Munda,https://www.myneta.info/Assam2026/candidate.php?candidate_id=584,KATIGORAH,IND,0,10th Pass,"Rs 1,59,000 ~ 1 Lacs+",Rs 0 ~
723,Sankar Jyoti Kutum,https://www.myneta.info/Assam2026/candidate.php?candidate_id=723,GOHPUR,INC,0,Graduate Professional,"Rs 1,95,68,160 ~ 1 Crore+","Rs 20,00,000 ~ 20 Lacs+"
413,Santanu Bora,https://www.myneta.info/Assam2026/candidate.php?candidate_id=413,NEW GUWAHATI,INC,0,Graduate Professional,https://myneta.info/image_v2.php?myneta_folder=Assam2026&candidate_id=413&col=ta,https://myneta.info/image_v2.php?myneta_folder=Assam2026&candidate_id=413&col=lia
448,Santanu Mukherjee,https://www.myneta.info/Assam2026/candidate.php?candidate_id=448,MANDIA,IND,0,Graduate,"Rs 57,32,456 ~ 57 Lacs+",Rs 0 ~
643,Sapali Marak,https://www.myneta.info/Assam2026/candidate.php?candidate_id=643,BAOKHUNGRI,INC,0,Graduate,"Rs 50,90,400 ~ 50 Lacs+",Rs 0 ~
110,Sarkiri Rongphar,https://www.myneta.info/Assam2026/candidate.php?candidate_id=110,HOWRAGHAT (ST),IND,0,Post Graduate,https://myneta.info/image_v2.php?myneta_folder=Assam2026&candidate_id=110&col=ta,https://myneta.info/image_v2.php?myneta_folder=Assam2026&candidate_id=110&col=lia
384,Sashanka Sekhar Das,https://www.myneta.info/Assam2026/candidate.php?candidate_id=384,RAM KRISHNA NAGAR (SC),IND,0,12th Pass,"Rs 6,42,000 ~ 6 Lacs+",Rs 0 ~
76,Sashi Kanta Das,https://www.myneta.info/Assam2026/candidate.php?candidate_id=76,RAHA (SC),BJP,0,12th Pass,"Rs 2,86,52,151 ~ 2 Crore+","Rs 51,88,137 ~ 51 Lacs+"
480,Satyabrat Kalita,https://www.myneta.info/Assam2026/candidate.php?candidate_id=480,KAMALPUR,INC,0,Post Graduate,https://myneta.info/image_v2.php?myneta_folder=Assam2026&candidate_id=480&col=ta,https://myneta.info/image_v2.php?myneta_folder=Assam2026&candidate_id=480&col=lia
557,Sayed Sahab Uddin,https://www.myneta.info/Assam2026/candidate.php?candidate_id=557,KARIMGANJ NORTH,IND,0,10th Pass,"Rs 10,115 ~ 10 Thou+",Rs 0 ~
764,Saynul Haque,https://www.myneta.info/Assam2026/candidate.php?candidate_id=764,PATHARKANDI,AAP,1,Graduate,"Rs 13,05,087 ~ 13 Lacs+","Rs 17,99,000 ~ 17 Lacs+"
472,Sewli Mohilary,https://www.myneta.info/Assam2026/candidate.php?candidate_id=472,KOKRAJHAR (ST),Bodoland Peoples Front,0,Post Graduate,https://myneta.info/image_v2.php?myneta_folder=Assam2026&candidate_id=472&col=ta,https://myneta.info/image_v2.php?myneta_folder=Assam2026&candidate_id=472&col=lia
651,Shahab Uddin Majumdar,https://www.myneta.info/Assam2026/candidate.php?candidate_id=651,BINNAKANDI,Asom Gana Parishad,2,8th Pass,"Rs 3,05,59,000 ~ 3 Crore+","Rs 1,58,00,000 ~ 1 Crore+"
607,Shahajahan Laskar,https://www.myneta.info/Assam2026/candidate.php?candidate_id=607,SONAI,AITC,0,Post Graduate,"Rs 18,12,423 ~ 18 Lacs+",Rs 0 ~
13,Shahana Aktar,https://www.myneta.info/Assam2026/candidate.php?candidate_id=13,DHUBRI,SUCI(C),0,Graduate,https://myneta.info/image_v2.php?myneta_folder=Assam2026&candidate_id=13&col=ta,https://myneta.info/image_v2.php?myneta_folder=Assam2026&candidate_id=13&col=lia
771,Shahidul Hoque,https://www.myneta.info/Assam2026/candidate.php?candidate_id=771,SRIJANGRAM,Asom Gana Parishad,1,8th Pass,"Rs 1,77,28,745 ~ 1 Crore+","Rs 91,55,067 ~ 91 Lacs+"
61,Shahidur Alam,https://www.myneta.info/Assam2026/candidate.php?candidate_id=61,MANKACHAR,SUCI(C),0,Graduate,"Rs 3,81,000 ~ 3 Lacs+",Rs 0 ~
238,Shahinoor Islam,https://www.myneta.info/Assam2026/candidate.php?candidate_id=238,BIRSING-JARUA,Apni Jantantrik Party,0,10th Pass,https://myneta.info/image_v2.php?myneta_folder=Assam2026&candidate_id=238&col=ta,https://myneta.info/image_v2.php?myneta_folder=Assam2026&candidate_id=238&col=lia
652,Shamsul Haque Laskar,https://www.myneta.info/Assam2026/candidate.php?candidate_id=652,BINNAKANDI,IND,0,12th Pass,"Rs 8,48,500 ~ 8 Lacs+",Rs 0 ~
234,Sheikh Hedayetullah,https://www.myneta.info/Assam2026/candidate.php?candidate_id=234,BILASIPARA,IND,0,Post Graduate,"Rs 91,81,600 ~ 91 Lacs+","Rs 12,00,000 ~ 12 Lacs+"
525,Sheikh Md Jiaul Haque,https://www.myneta.info/Assam2026/candidate.php?candidate_id=525,GOALPARA EAST,Rashtriya Ulama Council,0,Graduate Professional,https://myneta.info/image_v2.php?myneta_folder=Assam2026&candidate_id=525&col=ta,https://myneta.info/image_v2.php?myneta_folder=Assam2026&candidate_id=525&col=lia
520,Sheikh Monshur Rahman,https://www.myneta.info/Assam2026/candidate.php?candidate_id=520,GAURIPUR,CPI,0,Graduate,"Rs 1,31,54,124 ~ 1 Crore+",Rs 0 ~
661,Sheikh Shah Alam,https://www.myneta.info/Assam2026/candidate.php?candidate_id=661,JALESWAR,All India United Democratic Front,2,Graduate,"Rs 48,37,041 ~ 48 Lacs+","Rs 9,35,000 ~ 9 Lacs+"
452,Sherman Ali Ahmed,https://www.myneta.info/Assam2026/candidate.php?candidate_id=452,MANDIA,AITC,4,Graduate,https://myneta.info/image_v2.php?myneta_folder=Assam2026&candidate_id=452&col=ta,https://myneta.info/image_v2.php?myneta_folder=Assam2026&candidate_id=452&col=lia
585,Shib Narayan Singh,https://www.myneta.info/Assam2026/candidate.php?candidate_id=585,KATIGORAH,IND,0,10th Pass,"Rs 1,48,000 ~ 1 Lacs+",Rs 0 ~
642,Shibam Chakroborty,https://www.myneta.info/Assam2026/candidate.php?candidate_id=642,BAOKHUNGRI,Bharatiya Gana Parishad,0,Graduate,"Rs 6,27,000 ~ 6 Lacs+",Rs 0 ~
578,Shihab Uddin,https://www.myneta.info/Assam2026/candidate.php?candidate_id=578,KARIMGANJ SOUTH,All India United Democratic Front,1,Graduate Professional,https://myneta.info/image_v2.php?myneta_folder=Assam2026&candidate_id=578&col=ta,https://myneta.info/image_v2.php?myneta_folder=Assam2026&candidate_id=578&col=lia
125,Shiladitya Dev,https://www.myneta.info/Assam2026/candidate.php?candidate_id=125,HOJAI,BJP,13,Graduate,"Rs 4,38,92,463 ~ 4 Crore+",Rs 0 ~
27,Shri Kishor Kumar Baruah,https://www.myneta.info/Assam2026/candidate.php?candidate_id=27,DIMORIA (SC),INC,0,Graduate,"Rs 2,95,33,703 ~ 2 Crore+","Rs 1,10,90,367 ~ 1 Crore+"
269,Shri Naba Kumar Doley,https://www.myneta.info/Assam2026/candidate.php?candidate_id=269,DHAKUAKHANA (ST),BJP,0,12th Pass,https://myneta.info/image_v2.php?myneta_folder=Assam2026&candidate_id=269&col=ta,https://myneta.info/image_v2.php?myneta_folder=Assam2026&candidate_id=269&col=lia
9,Shukur Ali,https://www.myneta.info/Assam2026/candidate.php?candidate_id=9,BHAWANIPUR-SORBHOG,IND,2,Graduate,"Rs 1,56,890 ~ 1 Lacs+",Rs 0 ~
460,Sibanath Chetia,https://www.myneta.info/Assam2026/candidate.php?candidate_id=460,MAKUM,INC,1,12th Pass,"Rs 21,50,028 ~ 21 Lacs+",Rs 0 ~
746,Sibu Misra,https://www.myneta.info/Assam2026/candidate.php?candidate_id=746,LUMDING,BJP,0,10th Pass,https://myneta.info/image_v2.php?myneta_folder=Assam2026&candidate_id=746&col=ta,https://myneta.info/image_v2.php?myneta_folder=Assam2026&candidate_id=746&col=lia
432,Siddhartha Bora,https://www.myneta.info/Assam2026/candidate.php?candidate_id=432,MARIANI,IND,0,Post Graduate,"Rs 9,00,000 ~ 9 Lacs+",Rs 0 ~
728,Siddhartha Das,https://www.myneta.info/Assam2026/candidate.php?candidate_id=728,HAJO-SUALKUCHI (SC),IND,0,Graduate Professional,"Rs 12,44,177 ~ 12 Lacs+",Rs 0 ~
56,Siddique Ahmed,https://www.myneta.info/Assam2026/candidate.php?candidate_id=56,LAHARIGHAT,All India United Democratic Front,0,10th Pass,https://myneta.info/image_v2.php?myneta_folder=Assam2026&candidate_id=56&col=ta,https://myneta.info/image_v2.php?myneta_folder=Assam2026&candidate_id=56&col=lia
506,Sirajul Islam Barbhuiya,https://www.myneta.info/Assam2026/candidate.php?candidate_id=506,ALGAPUR-KATLICHERRA,IND,0,12th Pass,"Rs 6,70,000 ~ 6 Lacs+",Rs 0 ~
511,Sirajul Islam Laskar,https://www.myneta.info/Assam2026/candidate.php?candidate_id=511,ALGAPUR-KATLICHERRA,IND,0,12th Pass,"Rs 22,000 ~ 22 Thou+",Rs 0 ~
479,Sisir Kumar Kakati,https://www.myneta.info/Assam2026/candidate.php?candidate_id=479,KAMALPUR,SUCI(C),0,Graduate,https://myneta.info/image_v2.php?myneta_folder=Assam2026&candidate_id=479&col=ta,https://myneta.info/image_v2.php?myneta_folder=Assam2026&candidate_id=479&col=lia
270,Smti. Lilimai Doley,https://www.myneta.info/Assam2026/candidate.php?candidate_id=270,DHEMAJI (ST),SUCI(C),0,12th Pass,"Rs 13,51,938 ~ 13 Lacs+",Rs 0 ~
17,Sompa Dey,https://www.myneta.info/Assam2026/candidate.php?candidate_id=17,BORKHOLA,SUCI(C),0,Post Graduate,"Rs 14,311 ~ 14 Thou+",Rs 0 ~
381,Sourav Roy,https://www.myneta.info/Assam2026/candidate.php?candidate_id=381,RAM KRISHNA NAGAR (SC),IND,0,12th Pass,https://myneta.info/image_v2.php?myneta_folder=Assam2026&candidate_id=381&col=ta,https://myneta.info/image_v2.php?myneta_folder=Assam2026&candidate_id=381&col=lia
486,Sri Bubul Das,https://www.myneta.info/Assam2026/candidate.php?candidate_id=486,JAGIROAD (SC),INC,0,Graduate,"Rs 2,79,20,467 ~ 2 Crore+","Rs 9,44,956 ~ 9 Lacs+"
788,Sri Pramod Chandra Bhagabati,https://www.myneta.info/Assam2026/candidate.php?candidate_id=788,TIHU,SUCI(C),0,12th Pass,"Rs 27,08,651 ~ 27 Lacs+",Rs 0 ~
497,Subash Goon,https://www.myneta.info/Assam2026/candidate.php?candidate_id=497,HAILAKANDI,IND,0,10th Pass,https://myneta.info/image_v2.php?myneta_folder=Assam2026&candidate_id=497&col=ta,https://myneta.info/image_v2.php?myneta_folder=Assam2026&candidate_id=497&col=lia
566,Subrata Bhattacharjee,https://www.myneta.info/Assam2026/candidate.php?candidate_id=566,KARIMGANJ NORTH,BJP,0,Graduate,"Rs 1,46,43,349 ~ 1 Crore+","Rs 7,23,420 ~ 7 Lacs+"
345,Subrata Kr. Chanda,https://www.myneta.info/Assam2026/candidate.php?candidate_id=345,SILCHAR,IND,0,10th Pass,"Rs 37,59,878 ~ 37 Lacs+","Rs 8,00,000 ~ 8 Lacs+"
255,Subrata Sarkar,https://www.myneta.info/Assam2026/candidate.php?candidate_id=255,BONGAIGAON,IND,0,Graduate,https://myneta.info/image_v2.php?myneta_folder=Assam2026&candidate_id=255&col=ta,https://myneta.info/image_v2.php?myneta_folder=Assam2026&candidate_id=255&col=lia
193,Subrata Shill,https://www.myneta.info/Assam2026/candidate.php?candidate_id=193,BHERGAON,IND,0,10th Pass,"Rs 7,65,000 ~ 7 Lacs+",Rs 0 ~
514,Sujam Uddin Laskar S/O Manir Uddin Laskar,https://www.myneta.info/Assam2026/candidate.php?candidate_id=514,ALGAPUR-KATLICHERRA,IND,0,5th Pass,"Rs 6,70,000 ~ 6 Lacs+",Rs 0 ~
539,Sujan Paul,https://www.myneta.info/Assam2026/candidate.php?candidate_id=539,GORESWAR,IND,0,10th Pass,https://myneta.info/image_v2.php?myneta_folder=Assam2026&candidate_id=539&col=ta,https://myneta.info/image_v2.php?myneta_folder=Assam2026&candidate_id=539&col=lia
640,Sujit Das,https://www.myneta.info/Assam2026/candidate.php?candidate_id=640,BAOKHUNGRI,IND,0,12th Pass,"Rs 24,32,658 ~ 24 Lacs+",Rs 0 ~
156,Sunil Kumar Chhetri,https://www.myneta.info/Assam2026/candidate.php?candidate_id=156,NADUAR,INC,0,Post Graduate,"Rs 73,11,620 ~ 73 Lacs+","Rs 4,65,151 ~ 4 Lacs+"
146,Suren Daimari,https://www.myneta.info/Assam2026/candidate.php?candidate_id=146,UDALGURI (ST),INC,0,Graduate,https://myneta.info/image_v2.php?myneta_folder=Assam2026&candidate_id=146&col=ta,https://myneta.info/image_v2.php?myneta_folder=Assam2026&candidate_id=146&col=lia
712,Suren Phukan,https://www.myneta.info/Assam2026/candidate.php?candidate_id=712,DIGBOI,BJP,0,10th Pass,"Rs 3,54,11,546 ~ 3 Crore+","Rs 1,02,55,941 ~ 1 Crore+"
717,Suresh Chandra Rabha,https://www.myneta.info/Assam2026/candidate.php?candidate_id=717,GOALPARA WEST (ST),Voters Party International,0,8th Pass,"Rs 7,85,000 ~ 7 Lacs+",Rs 0 ~
689,Surjya Rongphar,https://www.myneta.info/Assam2026/candidate.php?candidate_id=689,BOKAJAN (ST),BJP,0,Graduate,https://myneta.info/image_v2.php?myneta_folder=Assam2026&candidate_id=689&col=ta,https://myneta.info/image_v2.php?myneta_folder=Assam2026&candidate_id=689&col=lia
79,Suruchi Roy,https://www.myneta.info/Assam2026/candidate.php?candidate_id=79,RAM KRISHNA NAGAR (SC),INC,0,Graduate Professional,"Rs 68,07,485 ~ 68 Lacs+",Rs 0 ~
542,Suruj Ali,https://www.myneta.info/Assam2026/candidate.php?candidate_id=542,GORESWAR,Rashtriya Ulama Council,1,5th Pass,"Rs 12,000 ~ 12 Thou+",Rs 0 ~
750,Suruj Dehingia,https://www.myneta.info/Assam2026/candidate.php?candidate_id=750,MAHMORA,BJP,0,Graduate,https://myneta.info/image_v2.php?myneta_folder=Assam2026&candidate_id=750&col=ta,https://myneta.info/image_v2.php?myneta_folder=Assam2026&candidate_id=750&col=lia
707,Susanta Borgohain,https://www.myneta.info/Assam2026/candidate.php?candidate_id=707,DEMOW,BJP,0,Graduate,"Rs 6,19,25,116 ~ 6 Crore+","Rs 25,87,954 ~ 25 Lacs+"
504,Suzam Uddin Laskar S/O Lt. Tazamul Ali Laskar,https://www.myneta.info/Assam2026/candidate.php?candidate_id=504,ALGAPUR-KATLICHERRA,IND,0,12th Pass,"Rs 4,20,61,183 ~ 4 Crore+","Rs 45,00,000 ~ 45 Lacs+"
748,Swapan Kar,https://www.myneta.info/Assam2026/candidate.php?candidate_id=748,LUMDING,INC,0,Graduate,https://myneta.info/image_v2.php?myneta_folder=Assam2026&candidate_id=748&col=ta,https://myneta.info/image_v2.php?myneta_folder=Assam2026&candidate_id=748&col=lia
624,Swapan Puddar,https://www.myneta.info/Assam2026/candidate.php?candidate_id=624,RONGONADI,IND,0,10th Pass,"Rs 74,80,000 ~ 74 Lacs+",Rs 0 ~
3,Swarnalata Chaliha,https://www.myneta.info/Assam2026/candidate.php?candidate_id=3,BHERGAON,SUCI(C),0,Post Graduate,"Rs 32,300 ~ 32 Thou+",Rs 0 ~
322,Tankeswar Rabha,https://www.myneta.info/Assam2026/candidate.php?candidate_id=322,DUDHNOI (ST),BJP,0,Graduate Professional,https://myneta.info/image_v2.php?myneta_folder=Assam2026&candidate_id=322&col=ta,https://myneta.info/image_v2.php?myneta_folder=Assam2026&candidate_id=322&col=lia
360,Tanzil Hussain,https://www.myneta.info/Assam2026/candidate.php?candidate_id=360,SAMAGURI,INC,0,12th Pass,"Rs 4,53,78,961 ~ 4 Crore+","Rs 1,36,72,726 ~ 1 Crore+"
354,Tapan Gogoi,https://www.myneta.info/Assam2026/candidate.php?candidate_id=354,SIBSAGAR,AAP,0,Others,"Rs 26,92,351 ~ 26 Lacs+",Rs 0 ~
206,Tapas Das,https://www.myneta.info/Assam2026/candidate.php?candidate_id=206,UDHARBOND,AITC,0,Post Graduate,https://myneta.info/image_v2.php?myneta_folder=Assam2026&candidate_id=206&col=ta,https://myneta.info/image_v2.php?myneta_folder=Assam2026&candidate_id=206&col=lia
155,Taranga Gogoi,https://www.myneta.info/Assam2026/candidate.php?candidate_id=155,NAHARKATIA,BJP,0,10th Pass,"Rs 2,26,33,028 ~ 2 Crore+",Rs 0 ~
281,Tarcius Topno,https://www.myneta.info/Assam2026/candidate.php?candidate_id=281,DHEKIAJULI,IND,0,12th Pass,"Rs 2,27,279 ~ 2 Lacs+",Rs 0 ~
240,Teharu Gour,https://www.myneta.info/Assam2026/candidate.php?candidate_id=240,BISWANATH,Jharkhand Mukti Morcha,0,12th Pass,https://myneta.info/image_v2.php?myneta_folder=Assam2026&candidate_id=240&col=ta,https://myneta.info/image_v2.php?myneta_folder=Assam2026&candidate_id=240&col=lia
127,Thaneswar Basumatary,https://www.myneta.info/Assam2026/candidate.php?candidate_id=127,MANAS,Bodoland Peoples Front,0,12th Pass,"Rs 3,15,94,417 ~ 3 Crore+","Rs 25,39,497 ~ 25 Lacs+"
629,Tikendra Thapa,https://www.myneta.info/Assam2026/candidate.php?candidate_id=629,RONGONADI,AAP,0,Graduate,"Rs 1,79,18,039 ~ 1 Crore+","Rs 8,00,000 ~ 8 Lacs+"
492,Tinku Bhushan Nath,https://www.myneta.info/Assam2026/candidate.php?candidate_id=492,HAILAKANDI,IND,0,10th Pass,https://myneta.info/image_v2.php?myneta_folder=Assam2026&candidate_id=492&col=ta,https://myneta.info/image_v2.php?myneta_folder=Assam2026&candidate_id=492&col=lia
470,Tonon Daimary,https://www.myneta.info/Assam2026/candidate.php?candidate_id=470,KOKRAJHAR (ST),Voters Party International,0,12th Pass,"Rs 5,80,000 ~ 5 Lacs+",Rs 0 ~
116,Tuliram Ronghang,https://www.myneta.info/Assam2026/candidate.php?candidate_id=116,RONGKHANG (ST),BJP,0,Graduate,"Rs 13,62,95,809 ~ 13 Crore+",Rs 0 ~
756,Tutiur Rahman,https://www.myneta.info/Assam2026/candidate.php?candidate_id=756,PATHARKANDI,IND,0,Literate,https://myneta.info/image_v2.php?myneta_folder=Assam2026&candidate_id=756&col=ta,https://myneta.info/image_v2.php?myneta_folder=Assam2026&candidate_id=756&col=lia
636,Udangsri Narzary,https://www.myneta.info/Assam2026/candidate.php?candidate_id=636,BAOKHUNGRI,AITC,0,8th Pass,"Rs 51,71,200 ~ 51 Lacs+","Rs 6,31,500 ~ 6 Lacs+"
686,Uddhab Chandra Das,https://www.myneta.info/Assam2026/candidate.php?candidate_id=686,BARPETA (SC),IND,0,Post Graduate,"Rs 74,09,690 ~ 74 Lacs+",Rs 0 ~
744,Ujjal Deb,https://www.myneta.info/Assam2026/candidate.php?candidate_id=744,LUMDING,Bharatiya Gana Parishad,0,10th Pass,https://myneta.info/image_v2.php?myneta_folder=Assam2026&candidate_id=744&col=ta,https://myneta.info/image_v2.php?myneta_folder=Assam2026&candidate_id=744&col=lia
145,Unike Basumatary,https://www.myneta.info/Assam2026/candidate.php?candidate_id=145,UDALGURI (ST),Voters Party International,0,8th Pass,"Rs 8,000 ~ 8 Thou+",Rs 0 ~
390,Utpal Bania,https://www.myneta.info/Assam2026/candidate.php?candidate_id=390,RAHA (SC),INC,0,12th Pass,"Rs 88,06,620 ~ 88 Lacs+","Rs 39,42,816 ~ 39 Lacs+"
722,Utpal Borah,https://www.myneta.info/Assam2026/candidate.php?candidate_id=722,GOHPUR,BJP,0,Graduate Professional,https://myneta.info/image_v2.php?myneta_folder=Assam2026&candidate_id=722&col=ta,https://myneta.info/image_v2.php?myneta_folder=Assam2026&candidate_id=722&col=lia
766,Utpal Gogoi,https://www.myneta.info/Assam2026/candidate.php?candidate_id=766,SONARI,INC,1,12th Pass,"Rs 3,49,61,694 ~ 3 Crore+","Rs 61,89,550 ~ 61 Lacs+"
386,Uttam Das,https://www.myneta.info/Assam2026/candidate.php?candidate_id=386,RAM KRISHNA NAGAR (SC),IND,0,Others,"Rs 9,98,325 ~ 9 Lacs+",Rs 0 ~
295,Uttam Prasad,https://www.myneta.info/Assam2026/candidate.php?candidate_id=295,DHUBRI,BJP,0,10th Pass,https://myneta.info/image_v2.php?myneta_folder=Assam2026&candidate_id=295&col=ta,https://myneta.info/image_v2.php?myneta_folder=Assam2026&candidate_id=295&col=lia
538,Victor Kumar Das,https://www.myneta.info/Assam2026/candidate.php?candidate_id=538,GORESWAR,BJP,0,Graduate,"Rs 34,63,301 ~ 34 Lacs+","Rs 9,86,519 ~ 9 Lacs+"
552,Vijay Kumar Gupta,https://www.myneta.info/Assam2026/candidate.php?candidate_id=552,GUWAHATI CENTRAL,BJP,0,Graduate,"Rs 8,10,93,573 ~ 8 Crore+","Rs 53,78,178 ~ 53 Lacs+"
367,Wakibur Islam,https://www.myneta.info/Assam2026/candidate.php?candidate_id=367,RUPAHIHAT,IND,0,Graduate,https://myneta.info/image_v2.php?myneta_folder=Assam2026&candidate_id=367&col=ta,https://myneta.info/image_v2.php?myneta_folder=Assam2026&candidate_id=367&col=lia
134,Wazed Ali Choudhury,https://www.myneta.info/Assam2026/candidate.php?candidate_id=134,BIRSING-JARUA,INC,0,Graduate,"Rs 14,14,55,644 ~ 14 Crore+","Rs 3,94,20,126 ~ 3 Crore+"
173,Wilson Terang,https://www.myneta.info/Assam2026/candidate.php?candidate_id=173,AMRI (ST),IND,0,8th Pass,"Rs 87,000 ~ 87 Thou+",Rs 0 ~
373,Wilson Terang,https://www.myneta.info/Assam2026/candidate.php?candidate_id=373,RONGKHANG (ST),IND,0,8th Pass,https://myneta.info/image_v2.php?myneta_folder=Assam2026&candidate_id=373&col=ta,https://myneta.info/image_v2.php?myneta_folder=Assam2026&candidate_id=373&col=lia
544,Yaswanta Chauhan,https://www.myneta.info/Assam2026/candidate.php?candidate_id=544,GORESWAR,IND,1,12th Pass,"Rs 33,89,542 ~ 33 Lacs+",Rs 0 ~
383,Yogesh Das,https://www.myneta.info/Assam2026/candidate.php?candidate_id=383,RAM KRISHNA NAGAR (SC),IND,0,8th Pass,"Rs 60,000 ~ 60 Thou+",Rs 0 ~
437,Zabed Islam,https://www.myneta.info/Assam2026/candidate.php?candidate_id=437,MANKACHAR,Asom Gana Parishad,0,Graduate,https://myneta.info/image_v2.php?myneta_folder=Assam2026&candidate_id=437&col=ta,https://myneta.info/image_v2.php?myneta_folder=Assam2026&candidate_id=437&col=lia
649,Zakaria Hussain,https://www.myneta.info/Assam2026/candidate.php?candidate_id=649,BINNAKANDI,IND,0,8th Pass,"Rs 88,000 ~ 88 Thou+",Rs 0 ~
505,Zakir Hussain Laskar,https://www.myneta.info/Assam2026/candidate.php?candidate_id=505,ALGAPUR-KATLICHERRA,Asom Gana Parishad,0,10th Pass,"Rs 47,52,381 ~ 47 Lacs+",Rs 0 ~
285,Zakir Islam,https://www.myneta.info/Assam2026/candidate.php?candidate_id=285,DHING,Revolutionary Communist Party of India (Rasik Bhatt),0,Graduate Professional,https://myneta.info/image_v2.php?myneta_folder=Assam2026&candidate_id=285&col=ta,https://myneta.info/image_v2.php?myneta_folder=Assam2026&candidate_id=285&col=lia
436,Zamer Ali,https://www.myneta.info/Assam2026/candidate.php?candidate_id=436,MANKACHAR,IND,0,Graduate,"Rs 5,31,137 ~ 5 Lacs+",Rs 0 ~
518,Zubair Anam Mazumder,https://www.myneta.info/Assam2026/candidate.php?candidate_id=518,ALGAPUR-KATLICHERRA,INC,3,Graduate,"Rs 11,15,073 ~ 11 Lacs+",Rs 0 ~
