sno,candidate_id,candidate_name,candidate_link,constituency,party,criminal_cases,education,assets,liabilities
1,3368,A.Amalan Savarimuthu,https://www.myneta.info/TamilNadu2021/candidate.php?candidate_id=3368,TIRUPPATHUR,Indiya Jananayaka Katchi,1,Graduate,"Rs 67,59,267 ~ 67 Lacs+","Rs 6,06,600 ~ 6 Lacs+"
2,3852,A.Joshva,https://www.myneta.info/TamilNadu2021/candidate.php?candidate_id=3852,THIRUPORUR,IND,0,Illiterate,"Rs 1,70,000 ~ 1 Lacs+",Rs 0 ~
3,2452,Arul Murugan A,https://www.myneta.info/TamilNadu2021/candidate.php?candidate_id=2452,COIMBATORE NORTH,IND,0,5th Pass,https://myneta.info/image_v2.php?myneta_folder=TamilNadu2021&candidate_id=2452&col=ta,https://myneta.info/image_v2.php?myneta_folder=TamilNadu2021&candidate_id=2452&col=lia
4,3131,Arumugam K,https://www.myneta.info/TamilNadu2021/candidate.php?candidate_id=3131,USILAMPATTI,IND,0,Literate,"Rs 1,11,65,308 ~ 1 Crore+","Rs 20,00,000 ~ 20 Lacs+"
5,2468,Arunkumar.T,https://www.myneta.info/TamilNadu2021/candidate.php?candidate_id=2468,KAVUNDAMPALAYAM,IND,0,Graduate Professional,"Rs 11,44,500 ~ 11 Lacs+",Rs 0 ~
6,2160,Devappa Alias Devagowda.Y,https://www.myneta.info/TamilNadu2021/candidate.php?candidate_id=2160,THALLY,IND,0,10th Pass,https://myneta.info/image_v2.php?myneta_folder=TamilNadu2021&candidate_id=2160&col=ta,https://myneta.info/image_v2.php?myneta_folder=TamilNadu2021&candidate_id=2160&col=lia
7,1954,Ganesan.R,https://www.myneta.info/TamilNadu2021/candidate.php?candidate_id=1954,SIVAKASI,IND,0,10th Pass,"Rs 7,13,000 ~ 7 Lacs+","Rs 3,62,000 ~ 3 Lacs+"
8,3702,P.Parthiban,https://www.myneta.info/TamilNadu2021/candidate.php?candidate_id=3702,SHOLINGHUR,IND,0,10th Pass,"Rs 8,61,570 ~ 8 Lacs+",Rs 0 ~
9,3276,S. Gandipan,https://www.myneta.info/TamilNadu2021/candidate.php?candidate_id=3276,THIRUMAYAM,My India Party,0,5th Pass,https://myneta.info/image_v2.php?myneta_folder=TamilNadu2021&candidate_id=3276&col=ta,https://myneta.info/image_v2.php?myneta_folder=TamilNadu2021&candidate_id=3276&col=lia
10,24,A . Ajith Kumar,https://www.myneta.info/TamilNadu2021/candidate.php?candidate_id=24,VILLIVAKKAM,IND,0,Post Graduate,"Rs 26,18,977 ~ 26 Lacs+","Rs 6,99,910 ~ 6 Lacs+"
11,1783,A . Vetriazhagan,https://www.myneta.info/TamilNadu2021/candidate.php?candidate_id=1783,VILLIVAKKAM,DMK,0,Post Graduate,"Rs 23,27,62,681 ~ 23 Crore+","Rs 5,00,34,617 ~ 5 Crore+"
12,734,A G Panchatcharam,https://www.myneta.info/TamilNadu2021/candidate.php?candidate_id=734,TIRUVANNAMALAI,Amma Makkal Munnettra Kazagam,0,12th Pass,https://myneta.info/image_v2.php?myneta_folder=TamilNadu2021&candidate_id=734&col=ta,https://myneta.info/image_v2.php?myneta_folder=TamilNadu2021&candidate_id=734&col=lia
13,2177,A George Benny,https://www.myneta.info/TamilNadu2021/candidate.php?candidate_id=2177,THOUSAND LIGHTS,IND,0,Others,"Rs 20,80,000 ~ 20 Lacs+","Rs 30,000 ~ 30 Thou+"
14,624,A Kathirvel,https://www.myneta.info/TamilNadu2021/candidate.php?candidate_id=624,SALEM WEST,My India Party,0,10th Pass,"Rs 63,50,000 ~ 63 Lacs+","Rs 3,00,000 ~ 3 Lacs+"
15,28,A Nakkeeran,https://www.myneta.info/TamilNadu2021/candidate.php?candidate_id=28,TIRUVANNAMALAI,IND,0,5th Pass,https://myneta.info/image_v2.php?myneta_folder=TamilNadu2021&candidate_id=28&col=ta,https://myneta.info/image_v2.php?myneta_folder=TamilNadu2021&candidate_id=28&col=lia
16,67,A P Jayasankaran,https://www.myneta.info/TamilNadu2021/candidate.php?candidate_id=67,ATTUR (SC),AIADMK,0,Others,"Rs 5,61,14,528 ~ 5 Crore+","Rs 7,25,959 ~ 7 Lacs+"
17,1864,A Palanisamy,https://www.myneta.info/TamilNadu2021/candidate.php?candidate_id=1864,MAYILADUTHURAI,Pattali Makkal Katchi,3,Graduate,"Rs 58,50,000 ~ 58 Lacs+","Rs 21,00,000 ~ 21 Lacs+"
18,2007,A Rajendran,https://www.myneta.info/TamilNadu2021/candidate.php?candidate_id=2007,SALEM WEST,DMK,1,8th Pass,https://myneta.info/image_v2.php?myneta_folder=TamilNadu2021&candidate_id=2007&col=ta,https://myneta.info/image_v2.php?myneta_folder=TamilNadu2021&candidate_id=2007&col=lia
19,2765,A Rameshkumar,https://www.myneta.info/TamilNadu2021/candidate.php?candidate_id=2765,SALEM NORTH,IND,0,Others,"Rs 17,22,000 ~ 17 Lacs+",Rs 0 ~
20,2513,A. Abdul Gafoor,https://www.myneta.info/TamilNadu2021/candidate.php?candidate_id=2513,THONDAMUTHUR,IND,0,Graduate,"Rs 8,000 ~ 8 Thou+",Rs 0 ~
21,1249,A. Anandan,https://www.myneta.info/TamilNadu2021/candidate.php?candidate_id=1249,KATTUMANNARKOIL (SC),IND,0,10th Pass,https://myneta.info/image_v2.php?myneta_folder=TamilNadu2021&candidate_id=1249&col=ta,https://myneta.info/image_v2.php?myneta_folder=TamilNadu2021&candidate_id=1249&col=lia
22,2114,A. Ayyasamy,https://www.myneta.info/TamilNadu2021/candidate.php?candidate_id=2114,VRIDHACHALAM,BSP,0,12th Pass,"Rs 4,34,000 ~ 4 Lacs+",Rs 0 ~
23,2201,A. Gnanasekar,https://www.myneta.info/TamilNadu2021/candidate.php?candidate_id=2201,TIRUPATTUR,Amma Makkal Munnettra Kazagam,0,12th Pass,"Rs 53,09,01,660 ~ 53 Crore+","Rs 27,37,05,382 ~ 27 Crore+"
24,2151,A. Jayaprakash,https://www.myneta.info/TamilNadu2021/candidate.php?candidate_id=2151,ANNA NAGAR,IND,0,10th Pass,https://myneta.info/image_v2.php?myneta_folder=TamilNadu2021&candidate_id=2151&col=ta,https://myneta.info/image_v2.php?myneta_folder=TamilNadu2021&candidate_id=2151&col=lia
25,2203,A. Jeyamma,https://www.myneta.info/TamilNadu2021/candidate.php?candidate_id=2203,TIRUPATTUR,Anaithu Makkal Puratchi Katchi,0,5th Pass,"Rs 5,83,210 ~ 5 Lacs+",Rs 0 ~
26,2561,A. Kalaivanan,https://www.myneta.info/TamilNadu2021/candidate.php?candidate_id=2561,POOMPUHAR,IND,0,10th Pass,"Rs 2,10,107 ~ 2 Lacs+","Rs 1,00,000 ~ 1 Lacs+"
27,2360,A. Manikandan,https://www.myneta.info/TamilNadu2021/candidate.php?candidate_id=2360,VRIDHACHALAM,IND,0,5th Pass,https://myneta.info/image_v2.php?myneta_folder=TamilNadu2021&candidate_id=2360&col=ta,https://myneta.info/image_v2.php?myneta_folder=TamilNadu2021&candidate_id=2360&col=lia
28,2070,A. Nallathambi,https://www.myneta.info/TamilNadu2021/candidate.php?candidate_id=2070,TIRUPATTUR,DMK,5,10th Pass,"Rs 1,95,36,484 ~ 1 Crore+","Rs 46,76,085 ~ 46 Lacs+"
29,3572,A. Raja Mohamed,https://www.myneta.info/TamilNadu2021/candidate.php?candidate_id=3572,THIRUVERUMBUR,IND,0,5th Pass,"Rs 10,88,443 ~ 10 Lacs+","Rs 3,04,000 ~ 3 Lacs+"
30,3452,A. Sardar Babu,https://www.myneta.info/TamilNadu2021/candidate.php?candidate_id=3452,UDHAGAMANDALAM,IND,0,Graduate,https://myneta.info/image_v2.php?myneta_folder=TamilNadu2021&candidate_id=3452&col=ta,https://myneta.info/image_v2.php?myneta_folder=TamilNadu2021&candidate_id=3452&col=lia
31,4261,A.Abrahamlincon,https://www.myneta.info/TamilNadu2021/candidate.php?candidate_id=4261,ALANDUR,IND,0,Graduate,"Rs 31,632 ~ 31 Thou+",Rs 0 ~
32,3478,A.Abthahir,https://www.myneta.info/TamilNadu2021/candidate.php?candidate_id=3478,BODINAYAKKANUR,IND,0,Illiterate,"Rs 40,000 ~ 40 Thou+",Rs 0 ~
33,2678,A.Alappan,https://www.myneta.info/TamilNadu2021/candidate.php?candidate_id=2678,NILAKKOTTAI (SC),IND,0,Post Graduate,https://myneta.info/image_v2.php?myneta_folder=TamilNadu2021&candidate_id=2678&col=ta,https://myneta.info/image_v2.php?myneta_folder=TamilNadu2021&candidate_id=2678&col=lia
34,359,A.Arunkumar,https://www.myneta.info/TamilNadu2021/candidate.php?candidate_id=359,ARANI,IND,0,10th Pass,"Rs 31,12,544 ~ 31 Lacs+","Rs 13,27,896 ~ 13 Lacs+"
35,2057,A.Ashok Kumar,https://www.myneta.info/TamilNadu2021/candidate.php?candidate_id=2057,THOOTHUKUDI,BSP,0,Post Graduate,"Rs 15,73,000 ~ 15 Lacs+","Rs 1,00,000 ~ 1 Lacs+"
36,2704,A.Balasubramani,https://www.myneta.info/TamilNadu2021/candidate.php?candidate_id=2704,NATHAM,IND,0,Graduate,https://myneta.info/image_v2.php?myneta_folder=TamilNadu2021&candidate_id=2704&col=ta,https://myneta.info/image_v2.php?myneta_folder=TamilNadu2021&candidate_id=2704&col=lia
37,876,A.Bannari,https://www.myneta.info/TamilNadu2021/candidate.php?candidate_id=876,BHAVANISAGAR (SC),AIADMK,0,Graduate,"Rs 25,48,917 ~ 25 Lacs+","Rs 11,50,000 ~ 11 Lacs+"
38,3717,A.C.Kesavan,https://www.myneta.info/TamilNadu2021/candidate.php?candidate_id=3717,ARCOT,BSP,0,10th Pass,"Rs 2,48,000 ~ 2 Lacs+",Rs 0 ~
39,3591,A.C.Manoharan,https://www.myneta.info/TamilNadu2021/candidate.php?candidate_id=3591,MANACHANALLUR,IND,0,12th Pass,https://myneta.info/image_v2.php?myneta_folder=TamilNadu2021&candidate_id=3591&col=ta,https://myneta.info/image_v2.php?myneta_folder=TamilNadu2021&candidate_id=3591&col=lia
40,582,"A.C.Mohan Raj B.P.T.,",https://www.myneta.info/TamilNadu2021/candidate.php?candidate_id=582,PERIYAKULAM (SC),IND,0,Graduate Professional,"Rs 17,23,469 ~ 17 Lacs+","Rs 4,50,000 ~ 4 Lacs+"
41,1736,A.Chandran,https://www.myneta.info/TamilNadu2021/candidate.php?candidate_id=1736,VELACHERY,MGR Makkal Katchi,0,10th Pass,Nil,Rs 0 ~
42,3600,A.Chandran,https://www.myneta.info/TamilNadu2021/candidate.php?candidate_id=3600,MUSIRI,IND,0,Post Graduate,https://myneta.info/image_v2.php?myneta_folder=TamilNadu2021&candidate_id=3600&col=ta,https://myneta.info/image_v2.php?myneta_folder=TamilNadu2021&candidate_id=3600&col=lia
43,3803,A.Dhanasekar,https://www.myneta.info/TamilNadu2021/candidate.php?candidate_id=3803,SHOLINGANALLUR,IND,0,5th Pass,"Rs 9,80,000 ~ 9 Lacs+",Rs 0 ~
44,3723,A.Ganesan,https://www.myneta.info/TamilNadu2021/candidate.php?candidate_id=3723,KADAYANALLUR,IND,0,8th Pass,"Rs 12,65,725 ~ 12 Lacs+","Rs 30,000 ~ 30 Thou+"
45,1203,A.Ganesan,https://www.myneta.info/TamilNadu2021/candidate.php?candidate_id=1203,KARAIKUDI,IND,0,Graduate Professional,https://myneta.info/image_v2.php?myneta_folder=TamilNadu2021&candidate_id=1203&col=ta,https://myneta.info/image_v2.php?myneta_folder=TamilNadu2021&candidate_id=1203&col=lia
46,1834,A.Gauthaman,https://www.myneta.info/TamilNadu2021/candidate.php?candidate_id=1834,ARAKKONAM (SC),IND,0,10th Pass,"Rs 26,500 ~ 26 Thou+",Rs 0 ~
47,2378,A.Gnanapandithan,https://www.myneta.info/TamilNadu2021/candidate.php?candidate_id=2378,CUDDALORE,DMDK,0,Graduate Professional,"Rs 1,49,16,738 ~ 1 Crore+","Rs 30,39,500 ~ 30 Lacs+"
48,3793,A.I.Ahamed Shah,https://www.myneta.info/TamilNadu2021/candidate.php?candidate_id=3793,SHOLINGANALLUR,IND,0,Graduate Professional,https://myneta.info/image_v2.php?myneta_folder=TamilNadu2021&candidate_id=3793&col=ta,https://myneta.info/image_v2.php?myneta_folder=TamilNadu2021&candidate_id=3793&col=lia
49,340,A.J.Devendhiran,https://www.myneta.info/TamilNadu2021/candidate.php?candidate_id=340,VANIYAMBADI,Naam Tamilar Katchi,0,Graduate Professional,"Rs 21,48,092 ~ 21 Lacs+","Rs 13,30,000 ~ 13 Lacs+"
50,729,A.J.Suresh,https://www.myneta.info/TamilNadu2021/candidate.php?candidate_id=729,TIRUTTANI,IND,1,Graduate Professional,"Rs 26,55,000 ~ 26 Lacs+","Rs 35,00,000 ~ 35 Lacs+"
51,1316,A.Jagadish Kumar,https://www.myneta.info/TamilNadu2021/candidate.php?candidate_id=1316,KOLATHUR,Makkal Needhi Maiam,1,12th Pass,https://myneta.info/image_v2.php?myneta_folder=TamilNadu2021&candidate_id=1316&col=ta,https://myneta.info/image_v2.php?myneta_folder=TamilNadu2021&candidate_id=1316&col=lia
52,4153,A.Jeyalalitha,https://www.myneta.info/TamilNadu2021/candidate.php?candidate_id=4153,THOOTHUKUDI,IND,0,8th Pass,"Rs 45,11,000 ~ 45 Lacs+","Rs 7,00,000 ~ 7 Lacs+"
53,1325,A.Kaliraj,https://www.myneta.info/TamilNadu2021/candidate.php?candidate_id=1325,KOVILPATTI,IND,0,Post Graduate,"Rs 3,26,378 ~ 3 Lacs+",Rs 0 ~
54,2700,A.Karnan,https://www.myneta.info/TamilNadu2021/candidate.php?candidate_id=2700,NATHAM,IND,0,10th Pass,https://myneta.info/image_v2.php?myneta_folder=TamilNadu2021&candidate_id=2700&col=ta,https://myneta.info/image_v2.php?myneta_folder=TamilNadu2021&candidate_id=2700&col=lia
55,710,A.Karthika,https://www.myneta.info/TamilNadu2021/candidate.php?candidate_id=710,TIRUPPATHUR,IND,0,8th Pass,"Rs 47,000 ~ 47 Thou+",Rs 0 ~
56,3643,A.Kumar,https://www.myneta.info/TamilNadu2021/candidate.php?candidate_id=3643,RADHAPURAM,IND,5,8th Pass,"Rs 30,20,000 ~ 30 Lacs+","Rs 2,51,000 ~ 2 Lacs+"
57,249,A.Logirajan,https://www.myneta.info/TamilNadu2021/candidate.php?candidate_id=249,ANDIPATTI,AIADMK,2,5th Pass,https://myneta.info/image_v2.php?myneta_folder=TamilNadu2021&candidate_id=249&col=ta,https://myneta.info/image_v2.php?myneta_folder=TamilNadu2021&candidate_id=249&col=lia
58,632,A.M.Krishnan,https://www.myneta.info/TamilNadu2021/candidate.php?candidate_id=632,SHOLINGHUR,Pattali Makkal Katchi,0,8th Pass,"Rs 4,63,52,254 ~ 4 Crore+","Rs 2,50,63,162 ~ 2 Crore+"
59,3695,A.M.Munirathinam,https://www.myneta.info/TamilNadu2021/candidate.php?candidate_id=3695,SHOLINGHUR,INC,2,10th Pass,"Rs 70,32,68,591 ~ 70 Crore+","Rs 50,95,81,789 ~ 50 Crore+"
60,787,A.Maharajan,https://www.myneta.info/TamilNadu2021/candidate.php?candidate_id=787,ANDIPATTI,DMK,4,8th Pass,https://myneta.info/image_v2.php?myneta_folder=TamilNadu2021&candidate_id=787&col=ta,https://myneta.info/image_v2.php?myneta_folder=TamilNadu2021&candidate_id=787&col=lia
61,712,A.Mallika,https://www.myneta.info/TamilNadu2021/candidate.php?candidate_id=712,TIRUPPATHUR,IND,0,Illiterate,"Rs 32,500 ~ 32 Thou+",Rs 0 ~
62,607,A.Manikandan,https://www.myneta.info/TamilNadu2021/candidate.php?candidate_id=607,RANIPET,IND,0,Post Graduate,"Rs 1,70,846 ~ 1 Lacs+",Rs 0 ~
63,3714,A.Mansur Basha,https://www.myneta.info/TamilNadu2021/candidate.php?candidate_id=3714,RANIPET,IND,5,8th Pass,https://myneta.info/image_v2.php?myneta_folder=TamilNadu2021&candidate_id=3714&col=ta,https://myneta.info/image_v2.php?myneta_folder=TamilNadu2021&candidate_id=3714&col=lia
64,4150,A.Mohamed Imran Arabi,https://www.myneta.info/TamilNadu2021/candidate.php?candidate_id=4150,THOOTHUKUDI,IND,0,Others,"Rs 2,92,000 ~ 2 Lacs+",Rs 0 ~
65,972,A.Mohamed Usman,https://www.myneta.info/TamilNadu2021/candidate.php?candidate_id=972,CUDDALORE,Anna Puratchi Thalaivar Amma Dravida Munnetra Kazhagam,0,10th Pass,"Rs 2,55,000 ~ 2 Lacs+",Rs 0 ~
66,3806,A.Mohammed Gani,https://www.myneta.info/TamilNadu2021/candidate.php?candidate_id=3806,SHOLINGANALLUR,IND,0,10th Pass,https://myneta.info/image_v2.php?myneta_folder=TamilNadu2021&candidate_id=3806&col=ta,https://myneta.info/image_v2.php?myneta_folder=TamilNadu2021&candidate_id=3806&col=lia
67,3470,A.Murugesan,https://www.myneta.info/TamilNadu2021/candidate.php?candidate_id=3470,PERIYAKULAM (SC),SUCI(C),0,5th Pass,"Rs 5,56,000 ~ 5 Lacs+",Rs 0 ~
68,409,A.Nallathambi,https://www.myneta.info/TamilNadu2021/candidate.php?candidate_id=409,GANGAVALLI (SC),AIADMK,0,5th Pass,"Rs 56,31,971 ~ 56 Lacs+","Rs 17,53,948 ~ 17 Lacs+"
69,246,A.P.Nandakumar,https://www.myneta.info/TamilNadu2021/candidate.php?candidate_id=246,ANAIKATTU,DMK,10,12th Pass,https://myneta.info/image_v2.php?myneta_folder=TamilNadu2021&candidate_id=246&col=ta,https://myneta.info/image_v2.php?myneta_folder=TamilNadu2021&candidate_id=246&col=lia
70,833,A.P.S.Johnson,https://www.myneta.info/TamilNadu2021/candidate.php?candidate_id=833,ARUPPUKOTTAI,My India Party,0,Graduate Professional,"Rs 1,49,218 ~ 1 Lacs+","Rs 1,69,000 ~ 1 Lacs+"
71,3701,A.Palani,https://www.myneta.info/TamilNadu2021/candidate.php?candidate_id=3701,SHOLINGHUR,IND,0,10th Pass,"Rs 5,95,000 ~ 5 Lacs+",Rs 0 ~
72,321,A.Palanivel,https://www.myneta.info/TamilNadu2021/candidate.php?candidate_id=321,VILLIVAKKAM,BSP,0,5th Pass,https://myneta.info/image_v2.php?myneta_folder=TamilNadu2021&candidate_id=321&col=ta,https://myneta.info/image_v2.php?myneta_folder=TamilNadu2021&candidate_id=321&col=lia
73,408,A.Pandian,https://www.myneta.info/TamilNadu2021/candidate.php?candidate_id=408,GANGAVALLI (SC),Amma Makkal Munnettra Kazagam,1,10th Pass,"Rs 12,03,077 ~ 12 Lacs+",Rs 0 ~
74,1204,A.Paramasivam,https://www.myneta.info/TamilNadu2021/candidate.php?candidate_id=1204,KARAIKUDI,IND,0,10th Pass,"Rs 32,000 ~ 32 Thou+",Rs 0 ~
75,1808,A.Paranthaman,https://www.myneta.info/TamilNadu2021/candidate.php?candidate_id=1808,EGMORE (SC),IND,0,Post Graduate,https://myneta.info/image_v2.php?myneta_folder=TamilNadu2021&candidate_id=1808&col=ta,https://myneta.info/image_v2.php?myneta_folder=TamilNadu2021&candidate_id=1808&col=lia
76,3376,A.Parthasarathy,https://www.myneta.info/TamilNadu2021/candidate.php?candidate_id=3376,TIRUPPATHUR,IND,0,8th Pass,"Rs 25,000 ~ 25 Thou+",Rs 0 ~
77,4190,A.Patturani,https://www.myneta.info/TamilNadu2021/candidate.php?candidate_id=4190,KOVILPATTI,IND,0,Post Graduate,"Rs 40,439 ~ 40 Thou+","Rs 10,62,234 ~ 10 Lacs+"
78,495,A.R.Elumalai,https://www.myneta.info/TamilNadu2021/candidate.php?candidate_id=495,KILPENNATHUR,Veerath Thiyagi Viswanathadoss Thozhilalarkal Katchi,0,8th Pass,https://myneta.info/image_v2.php?myneta_folder=TamilNadu2021&candidate_id=495&col=ta,https://myneta.info/image_v2.php?myneta_folder=TamilNadu2021&candidate_id=495&col=lia
79,1841,A.R.Mohamed Raffi,https://www.myneta.info/TamilNadu2021/candidate.php?candidate_id=1841,ARCOT,Makkal Needhi Maiam,1,Others,"Rs 4,32,000 ~ 4 Lacs+","Rs 36,00,000 ~ 36 Lacs+"
80,2650,A.Raja,https://www.myneta.info/TamilNadu2021/candidate.php?candidate_id=2650,OMALUR,Naam Tamilar Katchi,3,12th Pass,"Rs 1,51,69,000 ~ 1 Crore+",Rs 0 ~
81,3273,A.Rajasekar,https://www.myneta.info/TamilNadu2021/candidate.php?candidate_id=3273,PUDUKKOTTAI,IND,0,12th Pass,https://myneta.info/image_v2.php?myneta_folder=TamilNadu2021&candidate_id=3273&col=ta,https://myneta.info/image_v2.php?myneta_folder=TamilNadu2021&candidate_id=3273&col=lia
82,684,A.Rajavel,https://www.myneta.info/TamilNadu2021/candidate.php?candidate_id=684,THOOTHUKUDI,IND,0,10th Pass,"Rs 5,13,74,500 ~ 5 Crore+",Rs 0 ~
83,1784,A.S.Kumar,https://www.myneta.info/TamilNadu2021/candidate.php?candidate_id=1784,VILLIVAKKAM,IND,0,8th Pass,"Rs 2,38,555 ~ 2 Lacs+",Rs 0 ~
84,2004,A.S.Saravanan,https://www.myneta.info/TamilNadu2021/candidate.php?candidate_id=2004,SALEM SOUTH,DMK,2,5th Pass,https://myneta.info/image_v2.php?myneta_folder=TamilNadu2021&candidate_id=2004&col=ta,https://myneta.info/image_v2.php?myneta_folder=TamilNadu2021&candidate_id=2004&col=lia
85,3349,A.Saravanakumar,https://www.myneta.info/TamilNadu2021/candidate.php?candidate_id=3349,MUDUKULATHUR,Naam Indiar Party,0,8th Pass,"Rs 2,95,000 ~ 2 Lacs+",Rs 0 ~
86,3615,A.Seerangan,https://www.myneta.info/TamilNadu2021/candidate.php?candidate_id=3615,THURAIYUR (SC),IND,0,12th Pass,"Rs 12,00,000 ~ 12 Lacs+",Rs 0 ~
87,1296,A.Seetha,https://www.myneta.info/TamilNadu2021/candidate.php?candidate_id=1296,KOLATHUR,Bahujan Dravida Party,0,12th Pass,https://myneta.info/image_v2.php?myneta_folder=TamilNadu2021&candidate_id=1296&col=ta,https://myneta.info/image_v2.php?myneta_folder=TamilNadu2021&candidate_id=1296&col=lia
88,1406,A.Soundarapandian,https://www.myneta.info/TamilNadu2021/candidate.php?candidate_id=1406,LALGUDI,DMK,12,12th Pass,"Rs 1,72,90,507 ~ 1 Crore+","Rs 29,35,250 ~ 29 Lacs+"
89,1347,A.Subethar,https://www.myneta.info/TamilNadu2021/candidate.php?candidate_id=1347,KULITHALAI,Tipu Sultan Party,0,8th Pass,"Rs 20,60,000 ~ 20 Lacs+",Rs 0 ~
90,3971,A.Sumithra,https://www.myneta.info/TamilNadu2021/candidate.php?candidate_id=3971,ANAIKATTU,Naam Tamilar Katchi,0,8th Pass,https://myneta.info/image_v2.php?myneta_folder=TamilNadu2021&candidate_id=3971&col=ta,https://myneta.info/image_v2.php?myneta_folder=TamilNadu2021&candidate_id=3971&col=lia
91,1727,A.Tamil Azhagan,https://www.myneta.info/TamilNadu2021/candidate.php?candidate_id=1727,VELACHERY,IND,0,10th Pass,"Rs 16,000 ~ 16 Thou+",Rs 0 ~
92,2123,A.Udhayakumar,https://www.myneta.info/TamilNadu2021/candidate.php?candidate_id=2123,ALANGULAM,Puthiya Tamilagam,1,Graduate,"Rs 2,57,661 ~ 2 Lacs+",Rs 0 ~
93,2386,A.Vasanthakumar,https://www.myneta.info/TamilNadu2021/candidate.php?candidate_id=2386,KURINJIPADI,Amma Makkal Munnettra Kazagam,1,Others,https://myneta.info/image_v2.php?myneta_folder=TamilNadu2021&candidate_id=2386&col=ta,https://myneta.info/image_v2.php?myneta_folder=TamilNadu2021&candidate_id=2386&col=lia
94,3463,A.Veluchamy,https://www.myneta.info/TamilNadu2021/candidate.php?candidate_id=3463,ANDIPATTI,Anna Puratchi Thalaivar Amma Dravida Munnetra Kazhagam,0,Illiterate,"Rs 6,61,000 ~ 6 Lacs+",Rs 0 ~
95,3232,A.Venkatachalam,https://www.myneta.info/TamilNadu2021/candidate.php?candidate_id=3232,KUMARAPALAYAM,IND,0,8th Pass,"Rs 1,98,000 ~ 1 Lacs+",Rs 0 ~
96,1274,A.Venkatesan,https://www.myneta.info/TamilNadu2021/candidate.php?candidate_id=1274,KILPENNATHUR,RPI(A),0,Illiterate,https://myneta.info/image_v2.php?myneta_folder=TamilNadu2021&candidate_id=1274&col=ta,https://myneta.info/image_v2.php?myneta_folder=TamilNadu2021&candidate_id=1274&col=lia
97,1221,Aadhikrishnan.P,https://www.myneta.info/TamilNadu2021/candidate.php?candidate_id=1221,KARUR,BSP,0,Literate,"Rs 1,67,555 ~ 1 Lacs+",Rs 0 ~
98,1313,Aadirajaram,https://www.myneta.info/TamilNadu2021/candidate.php?candidate_id=1313,KOLATHUR,AIADMK,0,Graduate Professional,"Rs 3,33,97,498 ~ 3 Crore+","Rs 8,00,000 ~ 8 Lacs+"
99,863,Aandi A,https://www.myneta.info/TamilNadu2021/candidate.php?candidate_id=863,BARGUR,Veerath Thiyagi Viswanathadoss Thozhilalarkal Katchi,0,5th Pass,https://myneta.info/image_v2.php?myneta_folder=TamilNadu2021&candidate_id=863&col=ta,https://myneta.info/image_v2.php?myneta_folder=TamilNadu2021&candidate_id=863&col=lia
100,1670,Aarthi A,https://www.myneta.info/TamilNadu2021/candidate.php?candidate_id=1670,THIRUTHURAIPOONDI (SC),Naam Tamilar Katchi,0,Graduate Professional,"Rs 3,30,000 ~ 3 Lacs+",Rs 0 ~
101,1494,Abarajithan.R,https://www.myneta.info/TamilNadu2021/candidate.php?candidate_id=1494,MADHURAVOYAL,IND,0,Post Graduate,"Rs 80,90,000 ~ 80 Lacs+","Rs 5,10,000 ~ 5 Lacs+"
102,529,Abbas.M,https://www.myneta.info/TamilNadu2021/candidate.php?candidate_id=529,MADURAI SOUTH,Naam Tamilar Katchi,0,5th Pass,https://myneta.info/image_v2.php?myneta_folder=TamilNadu2021&candidate_id=529&col=ta,https://myneta.info/image_v2.php?myneta_folder=TamilNadu2021&candidate_id=529&col=lia
103,332,Abdul Azeez Amanullah,https://www.myneta.info/TamilNadu2021/candidate.php?candidate_id=332,VEPPANAHALLI,IND,0,12th Pass,"Rs 19,00,19,848 ~ 19 Crore+","Rs 2,13,22,310 ~ 2 Crore+"
104,2627,Abdul Hadi A,https://www.myneta.info/TamilNadu2021/candidate.php?candidate_id=2627,ODDANCHATRAM,Makkal Needhi Maiam,0,10th Pass,"Rs 53,06,000 ~ 53 Lacs+",Rs 0 ~
105,372,Abdul Kadher.A,https://www.myneta.info/TamilNadu2021/candidate.php?candidate_id=372,BHAVANI,IND,0,12th Pass,https://myneta.info/image_v2.php?myneta_folder=TamilNadu2021&candidate_id=372&col=ta,https://myneta.info/image_v2.php?myneta_folder=TamilNadu2021&candidate_id=372&col=lia
106,2129,Abdul Majeeth,https://www.myneta.info/TamilNadu2021/candidate.php?candidate_id=2129,AMBASAMUDRAM,IND,0,5th Pass,"Rs 10,935 ~ 10 Thou+","Rs 49,700 ~ 49 Thou+"
107,3248,Abdul Nazar K,https://www.myneta.info/TamilNadu2021/candidate.php?candidate_id=3248,VIRALIMALAI,IND,0,10th Pass,"Rs 36,95,000 ~ 36 Lacs+","Rs 19,00,000 ~ 19 Lacs+"
108,1861,Abdul Samad P,https://www.myneta.info/TamilNadu2021/candidate.php?candidate_id=1861,MANAPPARAI,DMK,1,10th Pass,https://myneta.info/image_v2.php?myneta_folder=TamilNadu2021&candidate_id=1861&col=ta,https://myneta.info/image_v2.php?myneta_folder=TamilNadu2021&candidate_id=1861&col=lia
109,281,Abdul Wahab,https://www.myneta.info/TamilNadu2021/candidate.php?candidate_id=281,COIMBATORE SOUTH,Naam Tamilar Katchi,0,10th Pass,"Rs 7,02,198 ~ 7 Lacs+","Rs 1,30,000 ~ 1 Lacs+"
110,1935,Abdul Wahab .M,https://www.myneta.info/TamilNadu2021/candidate.php?candidate_id=1935,PALAYAMKOTTAI,DMK,26,Graduate,"Rs 2,27,18,035 ~ 2 Crore+","Rs 20,27,802 ~ 20 Lacs+"
111,3555,"Abdullah Hassan Faizy, R.",https://www.myneta.info/TamilNadu2021/candidate.php?candidate_id=3555,TIRUCHIRAPPALLI WEST,SDPI,7,Post Graduate,https://myneta.info/image_v2.php?myneta_folder=TamilNadu2021&candidate_id=3555&col=ta,https://myneta.info/image_v2.php?myneta_folder=TamilNadu2021&candidate_id=3555&col=lia
112,3826,Abdulnazar P A,https://www.myneta.info/TamilNadu2021/candidate.php?candidate_id=3826,TAMBARAM,Tamil Nadu Ilangyar Katchi,0,Graduate Professional,"Rs 6,40,30,977 ~ 6 Crore+","Rs 21,08,393 ~ 21 Lacs+"
113,1217,Abilazan.N,https://www.myneta.info/TamilNadu2021/candidate.php?candidate_id=1217,KARUR,IND,0,Graduate Professional,"Rs 5,19,000 ~ 5 Lacs+","Rs 2,14,000 ~ 2 Lacs+"
114,55,"Abinaya, B.",https://www.myneta.info/TamilNadu2021/candidate.php?candidate_id=55,SRIVILLIPUTHUR (SC),Naam Tamilar Katchi,0,Post Graduate,https://myneta.info/image_v2.php?myneta_folder=TamilNadu2021&candidate_id=55&col=ta,https://myneta.info/image_v2.php?myneta_folder=TamilNadu2021&candidate_id=55&col=lia
115,3554,"Abubacker Siddiq, M.",https://www.myneta.info/TamilNadu2021/candidate.php?candidate_id=3554,TIRUCHIRAPPALLI WEST,Makkal Needhi Maiam,1,5th Pass,"Rs 4,90,000 ~ 4 Lacs+",Rs 0 ~
116,3066,Abubakkar Sithick J,https://www.myneta.info/TamilNadu2021/candidate.php?candidate_id=3066,MADURAI NORTH,IND,0,12th Pass,"Rs 65,87,868 ~ 65 Lacs+",Rs 0 ~
117,3938,Adaikalam R,https://www.myneta.info/TamilNadu2021/candidate.php?candidate_id=3938,TIRUCHULI,IND,0,8th Pass,https://myneta.info/image_v2.php?myneta_folder=TamilNadu2021&candidate_id=3938&col=ta,https://myneta.info/image_v2.php?myneta_folder=TamilNadu2021&candidate_id=3938&col=lia
118,3158,Adham Farook S,https://www.myneta.info/TamilNadu2021/candidate.php?candidate_id=3158,NAMAKKAL,Makkal Needhi Maiam,0,Graduate,"Rs 1,87,72,400 ~ 1 Crore+","Rs 33,50,000 ~ 33 Lacs+"
119,3943,Advocate. Thangapandian M,https://www.myneta.info/TamilNadu2021/candidate.php?candidate_id=3943,TIRUCHULI,IND,0,Graduate Professional,"Rs 22,08,843 ~ 22 Lacs+","Rs 15,75,000 ~ 15 Lacs+"
120,501,Agni Sri Ramachandran,https://www.myneta.info/TamilNadu2021/candidate.php?candidate_id=501,KOLATHUR,IND,0,10th Pass,https://myneta.info/image_v2.php?myneta_folder=TamilNadu2021&candidate_id=501&col=ta,https://myneta.info/image_v2.php?myneta_folder=TamilNadu2021&candidate_id=501&col=lia
121,15,Agni Sriramachandran. N,https://www.myneta.info/TamilNadu2021/candidate.php?candidate_id=15,EDAPPADI,IND,0,10th Pass,"Rs 6,00,000 ~ 6 Lacs+",Rs 0 ~
122,592,Agri Krishnamurthy. S S,https://www.myneta.info/TamilNadu2021/candidate.php?candidate_id=592,POLUR,AIADMK,1,Graduate Professional,"Rs 7,53,97,719 ~ 7 Crore+","Rs 1,11,87,013 ~ 1 Crore+"
123,1824,Ahamed Fazil. M,https://www.myneta.info/TamilNadu2021/candidate.php?candidate_id=1824,HARBOUR,Naam Tamilar Katchi,0,Graduate Professional,https://myneta.info/image_v2.php?myneta_folder=TamilNadu2021&candidate_id=1824&col=ta,https://myneta.info/image_v2.php?myneta_folder=TamilNadu2021&candidate_id=1824&col=lia
124,3810,Ajithkumar,https://www.myneta.info/TamilNadu2021/candidate.php?candidate_id=3810,PALLAVARAM,Puthiya Tamilagam,0,8th Pass,"Rs 25,80,000 ~ 25 Lacs+",Rs 0 ~
125,2486,"Akbar Ali, A",https://www.myneta.info/TamilNadu2021/candidate.php?candidate_id=2486,SINGANALLUR,IND,0,8th Pass,"Rs 15,000 ~ 15 Thou+",Rs 0 ~
126,848,Akilan T.M.,https://www.myneta.info/TamilNadu2021/candidate.php?candidate_id=848,AVADI,IND,0,Graduate Professional,https://myneta.info/image_v2.php?myneta_folder=TamilNadu2021&candidate_id=848&col=ta,https://myneta.info/image_v2.php?myneta_folder=TamilNadu2021&candidate_id=848&col=lia
127,2738,Akkammal.S,https://www.myneta.info/TamilNadu2021/candidate.php?candidate_id=2738,DINDIGUL,My India Party,0,5th Pass,"Rs 12,00,525 ~ 12 Lacs+",Rs 0 ~
128,503,Al. Naresh Kumar,https://www.myneta.info/TamilNadu2021/candidate.php?candidate_id=503,KOLATHUR,IND,0,10th Pass,"Rs 2,20,000 ~ 2 Lacs+","Rs 1,65,000 ~ 1 Lacs+"
129,3293,Al.Mathialagan,https://www.myneta.info/TamilNadu2021/candidate.php?candidate_id=3293,THIRUMAYAM,IND,0,Post Graduate,https://myneta.info/image_v2.php?myneta_folder=TamilNadu2021&candidate_id=3293&col=ta,https://myneta.info/image_v2.php?myneta_folder=TamilNadu2021&candidate_id=3293&col=lia
130,2262,Alaganathan. B,https://www.myneta.info/TamilNadu2021/candidate.php?candidate_id=2262,SAIDAPET,IND,0,Others,"Rs 70,000 ~ 70 Thou+",Rs 0 ~
131,2008,Alagapuram R Mohanraj,https://www.myneta.info/TamilNadu2021/candidate.php?candidate_id=2008,SALEM WEST,DMDK,6,12th Pass,"Rs 3,33,43,121 ~ 3 Crore+","Rs 38,29,335 ~ 38 Lacs+"
132,1450,Alagar M,https://www.myneta.info/TamilNadu2021/candidate.php?candidate_id=1450,MADURAI NORTH,Makkal Needhi Maiam,0,Graduate Professional,https://myneta.info/image_v2.php?myneta_folder=TamilNadu2021&candidate_id=1450&col=ta,https://myneta.info/image_v2.php?myneta_folder=TamilNadu2021&candidate_id=1450&col=lia
133,3109,Alagarsamy M,https://www.myneta.info/TamilNadu2021/candidate.php?candidate_id=3109,THIRUMANGALAM,IND,0,10th Pass,"Rs 60,000 ~ 60 Thou+",Rs 0 ~
134,4092,Alaghusundaram.P,https://www.myneta.info/TamilNadu2021/candidate.php?candidate_id=4092,TIRUPPUR NORTH,Anna Dravidar Kazhagam,0,Graduate Professional,"Rs 53,00,000 ~ 53 Lacs+","Rs 27,00,000 ~ 27 Lacs+"
135,2739,Alagu Pandian.R,https://www.myneta.info/TamilNadu2021/candidate.php?candidate_id=2739,DINDIGUL,Anaithu Makkal Munnetra Kazhagam,0,Post Graduate,https://myneta.info/image_v2.php?myneta_folder=TamilNadu2021&candidate_id=2739&col=ta,https://myneta.info/image_v2.php?myneta_folder=TamilNadu2021&candidate_id=2739&col=lia
136,3130,Alagumurugesan K,https://www.myneta.info/TamilNadu2021/candidate.php?candidate_id=3130,USILAMPATTI,IND,0,12th Pass,"Rs 77,000 ~ 77 Thou+",Rs 0 ~
137,2110,Alaguraja.V,https://www.myneta.info/TamilNadu2021/candidate.php?candidate_id=2110,VIRALIMALAI,BSP,0,Others,"Rs 7,82,236 ~ 7 Lacs+","Rs 45,378 ~ 45 Thou+"
138,758,Ali Mohamed,https://www.myneta.info/TamilNadu2021/candidate.php?candidate_id=758,ALANDUR,IND,0,Graduate,https://myneta.info/image_v2.php?myneta_folder=TamilNadu2021&candidate_id=758&col=ta,https://myneta.info/image_v2.php?myneta_folder=TamilNadu2021&candidate_id=758&col=lia
139,1995,Allapichai,https://www.myneta.info/TamilNadu2021/candidate.php?candidate_id=1995,RAMANATHAPURAM,BSP,0,Graduate,"Rs 1,97,77,300 ~ 1 Crore+",Rs 0 ~
140,4161,Allwin Duraisingh P,https://www.myneta.info/TamilNadu2021/candidate.php?candidate_id=4161,SRIVAIKUNTAM,IND,0,Graduate Professional,"Rs 11,58,054 ~ 11 Lacs+",Rs 0 ~
141,949,Alphonseraj,https://www.myneta.info/TamilNadu2021/candidate.php?candidate_id=949,COIMBATORE SOUTH,IND,0,5th Pass,https://myneta.info/image_v2.php?myneta_folder=TamilNadu2021&candidate_id=949&col=ta,https://myneta.info/image_v2.php?myneta_folder=TamilNadu2021&candidate_id=949&col=lia
142,3297,Amaladoss Sandhiyagu,https://www.myneta.info/TamilNadu2021/candidate.php?candidate_id=3297,ARANTHANGI,Puthiya Tamilagam,0,Post Graduate,"Rs 31,37,732 ~ 31 Lacs+","Rs 3,64,000 ~ 3 Lacs+"
143,1495,Amalraj.S,https://www.myneta.info/TamilNadu2021/candidate.php?candidate_id=1495,MADHURAVOYAL,IND,0,8th Pass,"Rs 8,28,527 ~ 8 Lacs+",Rs 0 ~
144,1852,Amalu.V,https://www.myneta.info/TamilNadu2021/candidate.php?candidate_id=1852,GUDIYATTAM (SC),DMK,0,8th Pass,https://myneta.info/image_v2.php?myneta_folder=TamilNadu2021&candidate_id=1852&col=ta,https://myneta.info/image_v2.php?myneta_folder=TamilNadu2021&candidate_id=1852&col=lia
145,53,Amanullah R.S.A.,https://www.myneta.info/TamilNadu2021/candidate.php?candidate_id=53,THIRUVAUR,IND,0,8th Pass,"Rs 61,95,000 ~ 61 Lacs+",Rs 0 ~
146,3853,Amarnath B,https://www.myneta.info/TamilNadu2021/candidate.php?candidate_id=3853,CHEYYUR (SC),IND,0,10th Pass,"Rs 24,000 ~ 24 Thou+",Rs 0 ~
147,1235,Amarnath.K,https://www.myneta.info/TamilNadu2021/candidate.php?candidate_id=1235,KARUR,IND,0,Graduate Professional,https://myneta.info/image_v2.php?myneta_folder=TamilNadu2021&candidate_id=1235&col=ta,https://myneta.info/image_v2.php?myneta_folder=TamilNadu2021&candidate_id=1235&col=lia
148,466,Amarsri.M,https://www.myneta.info/TamilNadu2021/candidate.php?candidate_id=466,KARUR,IND,0,Post Graduate,"Rs 1,49,065 ~ 1 Lacs+",Rs 0 ~
149,2710,Ambika.A,https://www.myneta.info/TamilNadu2021/candidate.php?candidate_id=2710,METTUR,IND,0,10th Pass,"Rs 25,500 ~ 25 Thou+",Rs 0 ~
150,1328,Ameenulla,https://www.myneta.info/TamilNadu2021/candidate.php?candidate_id=1328,KRISHNAGIRI,All India Majlis-E-Ittehadul Muslimeen,0,10th Pass,https://myneta.info/image_v2.php?myneta_folder=TamilNadu2021&candidate_id=1328&col=ta,https://myneta.info/image_v2.php?myneta_folder=TamilNadu2021&candidate_id=1328&col=lia
151,2030,Amirtharaj .S,https://www.myneta.info/TamilNadu2021/candidate.php?candidate_id=2030,SRIVAIKUNTAM,INC,0,Post Graduate,"Rs 69,25,72,391 ~ 69 Crore+","Rs 3,97,52,000 ~ 3 Crore+"
152,280,Amman K.Arjunan,https://www.myneta.info/TamilNadu2021/candidate.php?candidate_id=280,COIMBATORE NORTH,AIADMK,0,10th Pass,"Rs 12,78,57,798 ~ 12 Crore+","Rs 1,33,63,587 ~ 1 Crore+"
153,2854,Ammasai.K,https://www.myneta.info/TamilNadu2021/candidate.php?candidate_id=2854,BHAVANI,Kongu Desa Marumalarchi Makkal Katchi,0,12th Pass,https://myneta.info/image_v2.php?myneta_folder=TamilNadu2021&candidate_id=2854&col=ta,https://myneta.info/image_v2.php?myneta_folder=TamilNadu2021&candidate_id=2854&col=lia
154,1900,Ammu Anto I,https://www.myneta.info/TamilNadu2021/candidate.php?candidate_id=1900,NAGERCOIL,Amma Makkal Munnettra Kazagam,0,Others,"Rs 2,75,58,000 ~ 2 Crore+","Rs 73,25,096 ~ 73 Lacs+"
155,2902,Amose S,https://www.myneta.info/TamilNadu2021/candidate.php?candidate_id=2902,VILAVANCODE,IND,0,10th Pass,"Rs 33,17,975 ~ 33 Lacs+",Rs 0 ~
156,1566,Amulkandasami T K,https://www.myneta.info/TamilNadu2021/candidate.php?candidate_id=1566,VALPARAI (SC),AIADMK,0,10th Pass,https://myneta.info/image_v2.php?myneta_folder=TamilNadu2021&candidate_id=1566&col=ta,https://myneta.info/image_v2.php?myneta_folder=TamilNadu2021&candidate_id=1566&col=lia
157,2803,"Amutha, R.",https://www.myneta.info/TamilNadu2021/candidate.php?candidate_id=2803,VEERAPANDI,Indiya Jananayaka Katchi,0,10th Pass,"Rs 1,37,99,420 ~ 1 Crore+","Rs 51,89,900 ~ 51 Lacs+"
158,444,Amutha.G,https://www.myneta.info/TamilNadu2021/candidate.php?candidate_id=444,KALASAPAKKAM,IND,0,Graduate,"Rs 24,46,580 ~ 24 Lacs+",Rs 0 ~
159,3333,Amuthan,https://www.myneta.info/TamilNadu2021/candidate.php?candidate_id=3333,RAMANATHAPURAM,Namadhu Makkal Katchi,0,12th Pass,https://myneta.info/image_v2.php?myneta_folder=TamilNadu2021&candidate_id=3333&col=ta,https://myneta.info/image_v2.php?myneta_folder=TamilNadu2021&candidate_id=3333&col=lia
160,2112,Amv.Prabhakara Raja,https://www.myneta.info/TamilNadu2021/candidate.php?candidate_id=2112,VIRUGAMPAKKAM,DMK,6,Post Graduate,"Rs 2,22,76,366 ~ 2 Crore+","Rs 24,62,100 ~ 24 Lacs+"
161,570,Anand Kumar.K,https://www.myneta.info/TamilNadu2021/candidate.php?candidate_id=570,PAPPIREDDIPATTI,IND,0,Literate,"Rs 35,25,000 ~ 35 Lacs+","Rs 4,83,500 ~ 4 Lacs+"
162,3831,Anand Prabhu B.,https://www.myneta.info/TamilNadu2021/candidate.php?candidate_id=3831,TAMBARAM,IND,0,12th Pass,https://myneta.info/image_v2.php?myneta_folder=TamilNadu2021&candidate_id=3831&col=ta,https://myneta.info/image_v2.php?myneta_folder=TamilNadu2021&candidate_id=3831&col=lia
163,567,Anandan M S M,https://www.myneta.info/TamilNadu2021/candidate.php?candidate_id=567,PALLADAM,AIADMK,0,10th Pass,"Rs 7,97,05,395 ~ 7 Crore+","Rs 1,21,03,792 ~ 1 Crore+"
164,374,Anandan. S (A) Kavignar Sella Aananthamaalai,https://www.myneta.info/TamilNadu2021/candidate.php?candidate_id=374,BHUVANAGIRI,IND,0,12th Pass,"Rs 1,143 ~ 1 Thou+",Rs 0 ~
165,917,Anandasekaran. C,https://www.myneta.info/TamilNadu2021/candidate.php?candidate_id=917,CHEYYAR,IND,0,10th Pass,https://myneta.info/image_v2.php?myneta_folder=TamilNadu2021&candidate_id=917&col=ta,https://myneta.info/image_v2.php?myneta_folder=TamilNadu2021&candidate_id=917&col=lia
166,732,Anandh N,https://www.myneta.info/TamilNadu2021/candidate.php?candidate_id=732,TIRUVADANAI,Amma Makkal Munnettra Kazagam,4,Graduate Professional,"Rs 4,62,32,668 ~ 4 Crore+","Rs 54,60,957 ~ 54 Lacs+"
167,1384,"Anandh, M.",https://www.myneta.info/TamilNadu2021/candidate.php?candidate_id=1384,KUMBAKONAM,Naam Tamilar Katchi,0,Graduate Professional,"Rs 33,03,652 ~ 33 Lacs+","Rs 31,36,000 ~ 31 Lacs+"
168,3933,Anandhajothi A,https://www.myneta.info/TamilNadu2021/candidate.php?candidate_id=3933,TIRUCHULI,Naam Tamilar Katchi,0,Graduate,https://myneta.info/image_v2.php?myneta_folder=TamilNadu2021&candidate_id=3933&col=ta,https://myneta.info/image_v2.php?myneta_folder=TamilNadu2021&candidate_id=3933&col=lia
169,713,Anandhan K,https://www.myneta.info/TamilNadu2021/candidate.php?candidate_id=713,TIRUPPATHUR,IND,0,5th Pass,"Rs 25,000 ~ 25 Thou+",Rs 0 ~
170,1823,Anandraj. T.K,https://www.myneta.info/TamilNadu2021/candidate.php?candidate_id=1823,HARBOUR,IND,0,Graduate Professional,"Rs 3,75,000 ~ 3 Lacs+",Rs 0 ~
171,2676,Ananth,https://www.myneta.info/TamilNadu2021/candidate.php?candidate_id=2676,NILAKKOTTAI (SC),Makkal Needhi Maiam,0,Graduate Professional,https://myneta.info/image_v2.php?myneta_folder=TamilNadu2021&candidate_id=2676&col=ta,https://myneta.info/image_v2.php?myneta_folder=TamilNadu2021&candidate_id=2676&col=lia
172,3132,Anantha Kumar N,https://www.myneta.info/TamilNadu2021/candidate.php?candidate_id=3132,USILAMPATTI,IND,0,12th Pass,"Rs 2,73,000 ~ 2 Lacs+",Rs 0 ~
173,1942,Ananthalakshmi,https://www.myneta.info/TamilNadu2021/candidate.php?candidate_id=1942,SIVAKASI,BSP,0,12th Pass,"Rs 10,33,500 ~ 10 Lacs+","Rs 6,80,000 ~ 6 Lacs+"
174,2598,Ananthan S. P,https://www.myneta.info/TamilNadu2021/candidate.php?candidate_id=2598,PALANI,IND,0,Graduate,https://myneta.info/image_v2.php?myneta_folder=TamilNadu2021&candidate_id=2598&col=ta,https://myneta.info/image_v2.php?myneta_folder=TamilNadu2021&candidate_id=2598&col=lia
175,3324,Anantharaj S,https://www.myneta.info/TamilNadu2021/candidate.php?candidate_id=3324,TIRUVADANAI,My India Party,0,Graduate Professional,"Rs 1,43,000 ~ 1 Lacs+",Rs 0 ~
176,85,Ananthi S,https://www.myneta.info/TamilNadu2021/candidate.php?candidate_id=85,DHARAPURAM (SC),IND,0,Post Graduate,"Rs 4,50,000 ~ 4 Lacs+",Rs 0 ~
177,3137,Anbalagan S,https://www.myneta.info/TamilNadu2021/candidate.php?candidate_id=3137,RASIPURAM(SC),Amma Makkal Munnettra Kazagam,0,Post Graduate,https://myneta.info/image_v2.php?myneta_folder=TamilNadu2021&candidate_id=3137&col=ta,https://myneta.info/image_v2.php?myneta_folder=TamilNadu2021&candidate_id=3137&col=lia
178,106,"Anbalagan, G.",https://www.myneta.info/TamilNadu2021/candidate.php?candidate_id=106,KUMBAKONAM,DMK,6,10th Pass,"Rs 41,73,02,510 ~ 41 Crore+","Rs 10,29,95,783 ~ 10 Crore+"
179,2861,Anbalagan.K,https://www.myneta.info/TamilNadu2021/candidate.php?candidate_id=2861,ANTHIYUR,IND,1,10th Pass,"Rs 27,859 ~ 27 Thou+",Rs 0 ~
180,214,Anbalagan.K.P.,https://www.myneta.info/TamilNadu2021/candidate.php?candidate_id=214,PALACODE,AIADMK,0,12th Pass,https://myneta.info/image_v2.php?myneta_folder=TamilNadu2021&candidate_id=214&col=ta,https://myneta.info/image_v2.php?myneta_folder=TamilNadu2021&candidate_id=214&col=lia
181,1953,Anbalagan.P,https://www.myneta.info/TamilNadu2021/candidate.php?candidate_id=1953,SIVAKASI,IND,0,Literate,"Rs 1,06,420 ~ 1 Lacs+","Rs 26,000 ~ 26 Thou+"
182,2210,Anbanandam S,https://www.myneta.info/TamilNadu2021/candidate.php?candidate_id=2210,MANNARGUDI,Makkal Needhi Maiam,0,Others,"Rs 49,80,000 ~ 49 Lacs+",Rs 0 ~
183,2541,Anbarasan Komal R K,https://www.myneta.info/TamilNadu2021/candidate.php?candidate_id=2541,MAYILADUTHURAI,Amma Makkal Munnettra Kazagam,0,Post Graduate,https://myneta.info/image_v2.php?myneta_folder=TamilNadu2021&candidate_id=2541&col=ta,https://myneta.info/image_v2.php?myneta_folder=TamilNadu2021&candidate_id=2541&col=lia
184,1456,Anbarasi S,https://www.myneta.info/TamilNadu2021/candidate.php?candidate_id=1456,MADURAI NORTH,Naam Tamilar Katchi,0,Post Graduate,"Rs 1,69,06,724 ~ 1 Crore+",Rs 0 ~
185,2518,Anbarasu.D.,https://www.myneta.info/TamilNadu2021/candidate.php?candidate_id=2518,PALACODE,IND,0,Graduate Professional,"Rs 10,20,000 ~ 10 Lacs+",Rs 0 ~
186,1237,Anbazhagan,https://www.myneta.info/TamilNadu2021/candidate.php?candidate_id=1237,KARUR,IND,0,Graduate Professional,https://myneta.info/image_v2.php?myneta_folder=TamilNadu2021&candidate_id=1237&col=ta,https://myneta.info/image_v2.php?myneta_folder=TamilNadu2021&candidate_id=1237&col=lia
187,2221,Anbazhagan T.,https://www.myneta.info/TamilNadu2021/candidate.php?candidate_id=2221,THIRUVAUR,IND,0,Others,"Rs 80,000 ~ 80 Thou+",Rs 0 ~
188,1285,Anbazhagan.G,https://www.myneta.info/TamilNadu2021/candidate.php?candidate_id=1285,KINATHUKADAVU,Veerath Thiyagi Viswanathadoss Thozhilalarkal Katchi,0,8th Pass,"Rs 36,000 ~ 36 Thou+","Rs 45,000 ~ 45 Thou+"
189,900,Anbazhagan.P.G,https://www.myneta.info/TamilNadu2021/candidate.php?candidate_id=900,CHENGAM (SC),IND,0,Post Graduate,https://myneta.info/image_v2.php?myneta_folder=TamilNadu2021&candidate_id=900&col=ta,https://myneta.info/image_v2.php?myneta_folder=TamilNadu2021&candidate_id=900&col=lia
190,1407,Anbil K.Thangamani,https://www.myneta.info/TamilNadu2021/candidate.php?candidate_id=1407,LALGUDI,IND,0,Post Graduate,"Rs 60,10,000 ~ 60 Lacs+","Rs 19,00,000 ~ 19 Lacs+"
191,2047,Anbil Mahesh Poyyamozhi,https://www.myneta.info/TamilNadu2021/candidate.php?candidate_id=2047,THIRUVERUMBUR,DMK,9,Post Graduate,"Rs 9,01,50,300 ~ 9 Crore+","Rs 5,33,716 ~ 5 Lacs+"
192,838,Anbu As,https://www.myneta.info/TamilNadu2021/candidate.php?candidate_id=838,ATHOOR,IND,1,Post Graduate,https://myneta.info/image_v2.php?myneta_folder=TamilNadu2021&candidate_id=838&col=ta,https://myneta.info/image_v2.php?myneta_folder=TamilNadu2021&candidate_id=838&col=lia
193,1850,Anbu Tamilsekaran P,https://www.myneta.info/TamilNadu2021/candidate.php?candidate_id=1850,CHEYYUR (SC),Makkal Needhi Maiam,0,10th Pass,"Rs 17,87,618 ~ 17 Lacs+",Rs 0 ~
194,4197,Anbu.S,https://www.myneta.info/TamilNadu2021/candidate.php?candidate_id=4197,CHENGAM (SC),DMDK,0,10th Pass,"Rs 1,93,990 ~ 1 Lacs+",Rs 0 ~
195,30,Anbubagurudeen N,https://www.myneta.info/TamilNadu2021/candidate.php?candidate_id=30,TIRUVADANAI,NCP,0,5th Pass,https://myneta.info/image_v2.php?myneta_folder=TamilNadu2021&candidate_id=30&col=ta,https://myneta.info/image_v2.php?myneta_folder=TamilNadu2021&candidate_id=30&col=lia
196,3166,Anbumani,https://www.myneta.info/TamilNadu2021/candidate.php?candidate_id=3166,NAMAKKAL,IND,0,12th Pass,"Rs 14,32,000 ~ 14 Lacs+","Rs 6,45,000 ~ 6 Lacs+"
197,1481,Anbumanikandantamilsooriyan.K,https://www.myneta.info/TamilNadu2021/candidate.php?candidate_id=1481,MADURAI WEST,IND,0,Graduate Professional,"Rs 63,19,124 ~ 63 Lacs+","Rs 1,70,000 ~ 1 Lacs+"
198,59,Anburose.D,https://www.myneta.info/TamilNadu2021/candidate.php?candidate_id=59,DINDIGUL,IND,0,12th Pass,https://myneta.info/image_v2.php?myneta_folder=TamilNadu2021&candidate_id=59&col=ta,https://myneta.info/image_v2.php?myneta_folder=TamilNadu2021&candidate_id=59&col=lia
199,1268,Anchalose R,https://www.myneta.info/TamilNadu2021/candidate.php?candidate_id=1268,KILLIYOOR,IND,0,Graduate,"Rs 50,10,000 ~ 50 Lacs+","Rs 1,25,000 ~ 1 Lacs+"
200,2893,"Anchalose, Y.",https://www.myneta.info/TamilNadu2021/candidate.php?candidate_id=2893,PADMANABHAPURAM,IND,0,12th Pass,"Rs 14,80,251 ~ 14 Lacs+",Rs 0 ~
201,3880,"Angusamy, S.",https://www.myneta.info/TamilNadu2021/candidate.php?candidate_id=3880,SATTUR,Anaithu Makkal Puratchi Katchi,0,Illiterate,https://myneta.info/image_v2.php?myneta_folder=TamilNadu2021&candidate_id=3880&col=ta,https://myneta.info/image_v2.php?myneta_folder=TamilNadu2021&candidate_id=3880&col=lia
202,57,Anish Fathima. A,https://www.myneta.info/TamilNadu2021/candidate.php?candidate_id=57,CUMBUM,Naam Tamilar Katchi,0,12th Pass,"Rs 69,69,910 ~ 69 Lacs+","Rs 9,00,000 ~ 9 Lacs+"
203,2886,Anish K.M,https://www.myneta.info/TamilNadu2021/candidate.php?candidate_id=2886,COLACHAL,BSP,0,Graduate,"Rs 2,09,000 ~ 2 Lacs+",Rs 0 ~
204,360,Anitha Parveen. M,https://www.myneta.info/TamilNadu2021/candidate.php?candidate_id=360,ARAVAKURICHI,Naam Tamilar Katchi,0,12th Pass,https://myneta.info/image_v2.php?myneta_folder=TamilNadu2021&candidate_id=360&col=ta,https://myneta.info/image_v2.php?myneta_folder=TamilNadu2021&candidate_id=360&col=lia
205,1588,Anitha R. Radhakrishnan,https://www.myneta.info/TamilNadu2021/candidate.php?candidate_id=1588,TIRUCHENDUR,DMK,16,10th Pass,"Rs 5,28,70,844 ~ 5 Crore+","Rs 67,71,954 ~ 67 Lacs+"
206,568,Annadurai R,https://www.myneta.info/TamilNadu2021/candidate.php?candidate_id=568,PALLADAM,BSP,0,Illiterate,"Rs 2,95,000 ~ 2 Lacs+",Rs 0 ~
207,1624,Annadurai R,https://www.myneta.info/TamilNadu2021/candidate.php?candidate_id=1624,SANKARANKOVIL (SC),Amma Makkal Munnettra Kazagam,0,Graduate Professional,https://myneta.info/image_v2.php?myneta_folder=TamilNadu2021&candidate_id=1624&col=ta,https://myneta.info/image_v2.php?myneta_folder=TamilNadu2021&candidate_id=1624&col=lia
208,1973,"Annadurai, K.",https://www.myneta.info/TamilNadu2021/candidate.php?candidate_id=1973,PATTUKKOTTAI,DMK,6,Graduate Professional,"Rs 1,82,32,530 ~ 1 Crore+","Rs 11,56,283 ~ 11 Lacs+"
209,2524,Annadurai. C,https://www.myneta.info/TamilNadu2021/candidate.php?candidate_id=2524,PENNAGARAM,Desiya Makkal Sakthi Katchi,0,8th Pass,"Rs 30,000 ~ 30 Thou+",Rs 0 ~
210,2527,Annadurai. V,https://www.myneta.info/TamilNadu2021/candidate.php?candidate_id=2527,PENNAGARAM,IND,0,12th Pass,https://myneta.info/image_v2.php?myneta_folder=TamilNadu2021&candidate_id=2527&col=ta,https://myneta.info/image_v2.php?myneta_folder=TamilNadu2021&candidate_id=2527&col=lia
211,1655,Annalakshmi,https://www.myneta.info/TamilNadu2021/candidate.php?candidate_id=1655,SRIRANGAM,Desiya Makkal Sakthi Katchi,0,12th Pass,"Rs 61,92,690 ~ 61 Lacs+","Rs 1,67,500 ~ 1 Lacs+"
212,4050,Annamalai,https://www.myneta.info/TamilNadu2021/candidate.php?candidate_id=4050,AVANASHI (SC),IND,0,Literate,"Rs 8,78,000 ~ 8 Lacs+","Rs 6,40,000 ~ 6 Lacs+"
213,2915,Annamalai. K,https://www.myneta.info/TamilNadu2021/candidate.php?candidate_id=2915,ARAVAKURICHI,BJP,10,Post Graduate,https://myneta.info/image_v2.php?myneta_folder=TamilNadu2021&candidate_id=2915&col=ta,https://myneta.info/image_v2.php?myneta_folder=TamilNadu2021&candidate_id=2915&col=lia
214,2136,Ansar Ahamed,https://www.myneta.info/TamilNadu2021/candidate.php?candidate_id=2136,ANNA NAGAR,Anaithu Makkal Arasiyal Katchi,0,10th Pass,"Rs 50,65,000 ~ 50 Lacs+","Rs 75,40,000 ~ 75 Lacs+"
215,964,Anthony Muthu S M,https://www.myneta.info/TamilNadu2021/candidate.php?candidate_id=964,COLACHAL,CPI(ML)(L),4,Post Graduate,"Rs 18,65,000 ~ 18 Lacs+",Rs 0 ~
216,3888,"Anthonyraj, A.",https://www.myneta.info/TamilNadu2021/candidate.php?candidate_id=3888,SATTUR,IND,0,Graduate,https://myneta.info/image_v2.php?myneta_folder=TamilNadu2021&candidate_id=3888&col=ta,https://myneta.info/image_v2.php?myneta_folder=TamilNadu2021&candidate_id=3888&col=lia
217,1266,Antony A,https://www.myneta.info/TamilNadu2021/candidate.php?candidate_id=1266,KILLIYOOR,All India Samathuva Makhal Katchi,0,8th Pass,"Rs 10,60,000 ~ 10 Lacs+",Rs 0 ~
218,381,Antony Aslin J,https://www.myneta.info/TamilNadu2021/candidate.php?candidate_id=381,COLACHAL,Naam Tamilar Katchi,0,Graduate,"Rs 10,33,109 ~ 10 Lacs+","Rs 75,000 ~ 75 Thou+"
219,4075,Antony Mariaraj A,https://www.myneta.info/TamilNadu2021/candidate.php?candidate_id=4075,PALLADAM,Tamil Nadu Ilangyar Katchi,0,5th Pass,https://myneta.info/image_v2.php?myneta_folder=TamilNadu2021&candidate_id=4075&col=ta,https://myneta.info/image_v2.php?myneta_folder=TamilNadu2021&candidate_id=4075&col=lia
220,1030,"Antony Peter,L.",https://www.myneta.info/TamilNadu2021/candidate.php?candidate_id=1030,ERODE EAST,IND,0,10th Pass,"Rs 72,22,500 ~ 72 Lacs+",Rs 0 ~
221,4099,Anusha Ravi.,https://www.myneta.info/TamilNadu2021/candidate.php?candidate_id=4099,TIRUPPUR SOUTH,Makkal Needhi Maiam,1,Doctorate,"Rs 9,13,10,854 ~ 9 Crore+",Rs 0 ~
222,2230,Anusha T,https://www.myneta.info/TamilNadu2021/candidate.php?candidate_id=2230,NANNILAM,IND,0,Post Graduate,https://myneta.info/image_v2.php?myneta_folder=TamilNadu2021&candidate_id=2230&col=ta,https://myneta.info/image_v2.php?myneta_folder=TamilNadu2021&candidate_id=2230&col=lia
223,2539,Anusuya,https://www.myneta.info/TamilNadu2021/candidate.php?candidate_id=2539,SIRKAZHI (SC),IND,0,12th Pass,"Rs 8,02,000 ~ 8 Lacs+",Rs 0 ~
224,2707,Anusuya.P,https://www.myneta.info/TamilNadu2021/candidate.php?candidate_id=2707,METTUR,Makkal Needhi Maiam,0,Others,"Rs 1,70,611 ~ 1 Lacs+",Rs 0 ~
225,4065,Appasamy.R,https://www.myneta.info/TamilNadu2021/candidate.php?candidate_id=4065,KANGAYAM,IND,0,5th Pass,https://myneta.info/image_v2.php?myneta_folder=TamilNadu2021&candidate_id=4065&col=ta,https://myneta.info/image_v2.php?myneta_folder=TamilNadu2021&candidate_id=4065&col=lia
226,2857,Appichi.T.K,https://www.myneta.info/TamilNadu2021/candidate.php?candidate_id=2857,BHAVANI,IND,0,8th Pass,"Rs 1,40,000 ~ 1 Lacs+",Rs 0 ~
227,131,Appu S.R.K,https://www.myneta.info/TamilNadu2021/candidate.php?candidate_id=131,VELLORE,AIADMK,0,Graduate,"Rs 3,83,41,148 ~ 3 Crore+","Rs 64,18,309 ~ 64 Lacs+"
228,1466,Arasu Thiruvalavan. K. K,https://www.myneta.info/TamilNadu2021/candidate.php?candidate_id=1466,MADURAI WEST,IND,0,Post Graduate,https://myneta.info/image_v2.php?myneta_folder=TamilNadu2021&candidate_id=1466&col=ta,https://myneta.info/image_v2.php?myneta_folder=TamilNadu2021&candidate_id=1466&col=lia
229,2737,Arasur Manoharan.S,https://www.myneta.info/TamilNadu2021/candidate.php?candidate_id=2737,DINDIGUL,BSP,0,12th Pass,"Rs 18,80,500 ~ 18 Lacs+","Rs 13,00,000 ~ 13 Lacs+"
230,3675,Aravind Kumar. P,https://www.myneta.info/TamilNadu2021/candidate.php?candidate_id=3675,MADHAVARAM,Desiya Makkal Sakthi Katchi,0,Graduate Professional,"Rs 30,000 ~ 30 Thou+",Rs 0 ~
231,2209,Aravindan Rama,https://www.myneta.info/TamilNadu2021/candidate.php?candidate_id=2209,MANNARGUDI,Naam Tamilar Katchi,8,Post Graduate,https://myneta.info/image_v2.php?myneta_folder=TamilNadu2021&candidate_id=2209&col=ta,https://myneta.info/image_v2.php?myneta_folder=TamilNadu2021&candidate_id=2209&col=lia
232,3543,"Aravindan,P.",https://www.myneta.info/TamilNadu2021/candidate.php?candidate_id=3543,TIRUCHIRAPPALLI EAST,IND,0,8th Pass,"Rs 15,500 ~ 15 Thou+",Rs 0 ~
233,816,Arivalagan. T,https://www.myneta.info/TamilNadu2021/candidate.php?candidate_id=816,ARAVAKURICHI,IND,0,10th Pass,"Rs 2,66,075 ~ 2 Lacs+","Rs 92,400 ~ 92 Thou+"
234,2711,Arivazhagan.P,https://www.myneta.info/TamilNadu2021/candidate.php?candidate_id=2711,METTUR,IND,0,Graduate Professional,https://myneta.info/image_v2.php?myneta_folder=TamilNadu2021&candidate_id=2711&col=ta,https://myneta.info/image_v2.php?myneta_folder=TamilNadu2021&candidate_id=2711&col=lia
235,163,"Arivudainambi, V.",https://www.myneta.info/TamilNadu2021/candidate.php?candidate_id=163,THANJAVUR,AIADMK,0,8th Pass,"Rs 3,66,26,360 ~ 3 Crore+","Rs 6,48,000 ~ 6 Lacs+"
236,1426,Arivunithi. S,https://www.myneta.info/TamilNadu2021/candidate.php?candidate_id=1426,MADHAVARAM,IND,0,Graduate Professional,"Rs 8,900 ~ 8 Thou+",Rs 0 ~
237,1661,Arjunan M,https://www.myneta.info/TamilNadu2021/candidate.php?candidate_id=1661,VANDAVASI (SC),BSP,0,8th Pass,https://myneta.info/image_v2.php?myneta_folder=TamilNadu2021&candidate_id=1661&col=ta,https://myneta.info/image_v2.php?myneta_folder=TamilNadu2021&candidate_id=1661&col=lia
238,692,Arjunan P,https://www.myneta.info/TamilNadu2021/candidate.php?candidate_id=692,TINDIVANAM (SC),AIADMK,0,10th Pass,"Rs 1,51,97,130 ~ 1 Crore+","Rs 31,34,000 ~ 31 Lacs+"
239,3302,Arjunan R,https://www.myneta.info/TamilNadu2021/candidate.php?candidate_id=3302,ARANTHANGI,IND,0,12th Pass,"Rs 14,13,000 ~ 14 Lacs+",Rs 0 ~
240,3544,"Arockia Satheesh,A.",https://www.myneta.info/TamilNadu2021/candidate.php?candidate_id=3544,TIRUCHIRAPPALLI EAST,IND,0,Graduate Professional,https://myneta.info/image_v2.php?myneta_folder=TamilNadu2021&candidate_id=3544&col=ta,https://myneta.info/image_v2.php?myneta_folder=TamilNadu2021&candidate_id=3544&col=lia
241,628,"Arokiasami, A.",https://www.myneta.info/TamilNadu2021/candidate.php?candidate_id=628,SANKARI,IND,0,Graduate,"Rs 25,15,000 ~ 25 Lacs+","Rs 75,000 ~ 75 Thou+"
242,2428,Arokiasamy.J,https://www.myneta.info/TamilNadu2021/candidate.php?candidate_id=2428,UTHIRAMERUR,IND,0,10th Pass,"Rs 79,95,000 ~ 79 Lacs+","Rs 2,95,000 ~ 2 Lacs+"
243,142,"Arokiyanathan, B.",https://www.myneta.info/TamilNadu2021/candidate.php?candidate_id=142,UDHAGAMANDALAM,IND,0,5th Pass,https://myneta.info/image_v2.php?myneta_folder=TamilNadu2021&candidate_id=142&col=ta,https://myneta.info/image_v2.php?myneta_folder=TamilNadu2021&candidate_id=142&col=lia
244,3740,Arokkiya Prabhu.J,https://www.myneta.info/TamilNadu2021/candidate.php?candidate_id=3740,TENKASI,IND,0,Graduate Professional,"Rs 5,16,055 ~ 5 Lacs+","Rs 1,07,000 ~ 1 Lacs+"
245,1550,Arputhasamy V,https://www.myneta.info/TamilNadu2021/candidate.php?candidate_id=1550,MANAPPARAI,IND,0,Others,"Rs 34,45,000 ~ 34 Lacs+",Rs 0 ~
246,1981,"Aruchamy, C.M.",https://www.myneta.info/TamilNadu2021/candidate.php?candidate_id=1981,POLLACHI,BSP,0,5th Pass,https://myneta.info/image_v2.php?myneta_folder=TamilNadu2021&candidate_id=1981&col=ta,https://myneta.info/image_v2.php?myneta_folder=TamilNadu2021&candidate_id=1981&col=lia
247,3773,Arul P,https://www.myneta.info/TamilNadu2021/candidate.php?candidate_id=3773,SANKARAPURAM,IND,0,Graduate Professional,"Rs 9,03,000 ~ 9 Lacs+",Rs 0 ~
248,4207,Arul R,https://www.myneta.info/TamilNadu2021/candidate.php?candidate_id=4207,TIRUVANNAMALAI,Makkal Needhi Maiam,0,Others,"Rs 22,11,822 ~ 22 Lacs+","Rs 4,46,686 ~ 4 Lacs+"
249,3165,Arul Selvan,https://www.myneta.info/TamilNadu2021/candidate.php?candidate_id=3165,NAMAKKAL,IND,1,Others,https://myneta.info/image_v2.php?myneta_folder=TamilNadu2021&candidate_id=3165&col=ta,https://myneta.info/image_v2.php?myneta_folder=TamilNadu2021&candidate_id=3165&col=lia
250,1397,"Arul, G.",https://www.myneta.info/TamilNadu2021/candidate.php?candidate_id=1397,KUNNAM,IND,0,8th Pass,"Rs 13,81,000 ~ 13 Lacs+",Rs 0 ~
251,739,"Aruldoss, E.",https://www.myneta.info/TamilNadu2021/candidate.php?candidate_id=739,TITTAKUDI (SC),Desiya Makkal Sakthi Katchi,0,Graduate,"Rs 10,12,000 ~ 10 Lacs+",Rs 0 ~
252,1575,Arulkumar.R,https://www.myneta.info/TamilNadu2021/candidate.php?candidate_id=1575,PANRUTI,IND,0,10th Pass,https://myneta.info/image_v2.php?myneta_folder=TamilNadu2021&candidate_id=1575&col=ta,https://myneta.info/image_v2.php?myneta_folder=TamilNadu2021&candidate_id=1575&col=lia
253,4006,Arulmaran J,https://www.myneta.info/TamilNadu2021/candidate.php?candidate_id=4006,TINDIVANAM (SC),IND,0,Post Graduate,"Rs 26,40,758 ~ 26 Lacs+","Rs 1,30,815 ~ 1 Lacs+"
254,4155,Arulmathi Yesuvadiyal,https://www.myneta.info/TamilNadu2021/candidate.php?candidate_id=4155,SRIVAIKUNTAM,Aanaithinthiya Jananayaka Pathukappu Kazhagam,1,Post Graduate,"Rs 16,77,78,597 ~ 16 Crore+","Rs 16,00,000 ~ 16 Lacs+"
255,3136,Arulmozhidevan P,https://www.myneta.info/TamilNadu2021/candidate.php?candidate_id=3136,RASIPURAM(SC),Tamilaga Makkal Thannurimai Katchi,0,Others,https://myneta.info/image_v2.php?myneta_folder=TamilNadu2021&candidate_id=3136&col=ta,https://myneta.info/image_v2.php?myneta_folder=TamilNadu2021&candidate_id=3136&col=lia
256,401,Arumuga Ac Kannan,https://www.myneta.info/TamilNadu2021/candidate.php?candidate_id=401,ERODE EAST,Ambedkarite Party of India,0,5th Pass,"Rs 16,26,500 ~ 16 Lacs+",Rs 0 ~
257,326,Arumugam C,https://www.myneta.info/TamilNadu2021/candidate.php?candidate_id=326,VIKRAVANDI,BSP,0,Literate,"Rs 3,15,100 ~ 3 Lacs+",Rs 0 ~
258,3105,Arumugam K,https://www.myneta.info/TamilNadu2021/candidate.php?candidate_id=3105,THIRUMANGALAM,LJP,0,5th Pass,https://myneta.info/image_v2.php?myneta_folder=TamilNadu2021&candidate_id=3105&col=ta,https://myneta.info/image_v2.php?myneta_folder=TamilNadu2021&candidate_id=3105&col=lia
259,1245,Arumugam K P,https://www.myneta.info/TamilNadu2021/candidate.php?candidate_id=1245,KATPADI,RPI(A),0,Others,"Rs 7,95,000 ~ 7 Lacs+","Rs 4,30,000 ~ 4 Lacs+"
260,750,Arumugam M,https://www.myneta.info/TamilNadu2021/candidate.php?candidate_id=750,VALPARAI (SC),CPI,0,10th Pass,"Rs 41,55,288 ~ 41 Lacs+","Rs 7,00,000 ~ 7 Lacs+"
261,3243,Arumugam P,https://www.myneta.info/TamilNadu2021/candidate.php?candidate_id=3243,VIRALIMALAI,Puthiya Tamilagam,0,10th Pass,https://myneta.info/image_v2.php?myneta_folder=TamilNadu2021&candidate_id=3243&col=ta,https://myneta.info/image_v2.php?myneta_folder=TamilNadu2021&candidate_id=3243&col=lia
262,1593,Arumugam S,https://www.myneta.info/TamilNadu2021/candidate.php?candidate_id=1593,TIRUCHENDUR,IND,0,8th Pass,"Rs 16,000 ~ 16 Thou+",Rs 0 ~
263,2673,"Arumugam, D.",https://www.myneta.info/TamilNadu2021/candidate.php?candidate_id=2673,ATTUR (SC),IND,0,5th Pass,"Rs 2,01,000 ~ 2 Lacs+",Rs 0 ~
264,855,"Arumugam, P",https://www.myneta.info/TamilNadu2021/candidate.php?candidate_id=855,AVANASHI (SC),IND,4,Illiterate,https://myneta.info/image_v2.php?myneta_folder=TamilNadu2021&candidate_id=855&col=ta,https://myneta.info/image_v2.php?myneta_folder=TamilNadu2021&candidate_id=855&col=lia
265,3457,"Arumugam, R.",https://www.myneta.info/TamilNadu2021/candidate.php?candidate_id=3457,COONOOR,Anaithu Makkal Puratchi Katchi,0,8th Pass,"Rs 5,40,000 ~ 5 Lacs+",Rs 0 ~
266,3090,"Arumugam, V.",https://www.myneta.info/TamilNadu2021/candidate.php?candidate_id=3090,THIRUPARANKUNDRAM,IND,0,5th Pass,"Rs 12,85,000 ~ 12 Lacs+",Rs 0 ~
267,4120,"Arumugam,P.",https://www.myneta.info/TamilNadu2021/candidate.php?candidate_id=4120,UDUMALAIPETTAI,IND,0,5th Pass,https://myneta.info/image_v2.php?myneta_folder=TamilNadu2021&candidate_id=4120&col=ta,https://myneta.info/image_v2.php?myneta_folder=TamilNadu2021&candidate_id=4120&col=lia
268,2919,Arumugam. R,https://www.myneta.info/TamilNadu2021/candidate.php?candidate_id=2919,ARAVAKURICHI,IND,0,Post Graduate,"Rs 6,05,150 ~ 6 Lacs+","Rs 4,50,000 ~ 4 Lacs+"
269,3844,Arumugam.K,https://www.myneta.info/TamilNadu2021/candidate.php?candidate_id=3844,THIRUPORUR,Pattali Makkal Katchi,3,Graduate,"Rs 10,12,18,060 ~ 10 Crore+","Rs 61,85,000 ~ 61 Lacs+"
270,1927,Arumuganainar S,https://www.myneta.info/TamilNadu2021/candidate.php?candidate_id=1927,OTTAPIDARAM (SC),DMDK,0,10th Pass,https://myneta.info/image_v2.php?myneta_folder=TamilNadu2021&candidate_id=1927&col=ta,https://myneta.info/image_v2.php?myneta_folder=TamilNadu2021&candidate_id=1927&col=lia
271,4130,Arumugaperumal K,https://www.myneta.info/TamilNadu2021/candidate.php?candidate_id=4130,VILATHIKULAM,IND,1,Graduate Professional,"Rs 77,857 ~ 77 Thou+",Rs 0 ~
272,4154,Arun B,https://www.myneta.info/TamilNadu2021/candidate.php?candidate_id=4154,SRIVAIKUNTAM,Puthiya Tamilagam,0,Post Graduate,"Rs 35,00,000 ~ 35 Lacs+","Rs 14,40,000 ~ 14 Lacs+"
273,862,Arun Gowtham R,https://www.myneta.info/TamilNadu2021/candidate.php?candidate_id=862,BARGUR,Indiya Jananayaka Katchi,0,Post Graduate,https://myneta.info/image_v2.php?myneta_folder=TamilNadu2021&candidate_id=862&col=ta,https://myneta.info/image_v2.php?myneta_folder=TamilNadu2021&candidate_id=862&col=lia
274,886,Arun Kumar,https://www.myneta.info/TamilNadu2021/candidate.php?candidate_id=886,BODINAYAKKANUR,IND,0,5th Pass,"Rs 3,84,000 ~ 3 Lacs+",Rs 0 ~
275,2261,Arun Kumar. M,https://www.myneta.info/TamilNadu2021/candidate.php?candidate_id=2261,SAIDAPET,IND,0,Graduate Professional,"Rs 1,79,000 ~ 1 Lacs+",Rs 0 ~
276,1261,Aruna.M,https://www.myneta.info/TamilNadu2021/candidate.php?candidate_id=1261,KAVUNDAMPALAYAM,Amma Makkal Munnettra Kazagam,0,Post Graduate,https://myneta.info/image_v2.php?myneta_folder=TamilNadu2021&candidate_id=1261&col=ta,https://myneta.info/image_v2.php?myneta_folder=TamilNadu2021&candidate_id=1261&col=lia
277,2130,Arunachalam,https://www.myneta.info/TamilNadu2021/candidate.php?candidate_id=2130,AMBASAMUDRAM,IND,0,10th Pass,"Rs 35,089 ~ 35 Thou+",Rs 0 ~
278,4172,Arunadevi R,https://www.myneta.info/TamilNadu2021/candidate.php?candidate_id=4172,OTTAPIDARAM (SC),Indiya Jananayaka Katchi,0,Graduate Professional,"Rs 20,71,945 ~ 20 Lacs+","Rs 2,97,000 ~ 2 Lacs+"
279,3768,Arunkennadi A P,https://www.myneta.info/TamilNadu2021/candidate.php?candidate_id=3768,SANKARAPURAM,All India Pattali Munnetra Katchi,0,10th Pass,https://myneta.info/image_v2.php?myneta_folder=TamilNadu2021&candidate_id=3768&col=ta,https://myneta.info/image_v2.php?myneta_folder=TamilNadu2021&candidate_id=3768&col=lia
280,3129,Arunkumar M,https://www.myneta.info/TamilNadu2021/candidate.php?candidate_id=3129,USILAMPATTI,IND,0,Post Graduate,"Rs 1,20,000 ~ 1 Lacs+",Rs 0 ~
281,3939,Arunkumar V,https://www.myneta.info/TamilNadu2021/candidate.php?candidate_id=3939,TIRUCHULI,IND,0,5th Pass,"Rs 11,28,000 ~ 11 Lacs+","Rs 72,000 ~ 72 Thou+"
282,3438,"Arunkumar, K.",https://www.myneta.info/TamilNadu2021/candidate.php?candidate_id=3438,ORATHANADU,IND,0,10th Pass,https://myneta.info/image_v2.php?myneta_folder=TamilNadu2021&candidate_id=3438&col=ta,https://myneta.info/image_v2.php?myneta_folder=TamilNadu2021&candidate_id=3438&col=lia
283,4098,Arunkumar. G.,https://www.myneta.info/TamilNadu2021/candidate.php?candidate_id=4098,TIRUPPUR SOUTH,Tamil Nadu Ilangyar Katchi,0,10th Pass,"Rs 1,93,506 ~ 1 Lacs+","Rs 73,805 ~ 73 Thou+"
284,1493,Arunkumar.A,https://www.myneta.info/TamilNadu2021/candidate.php?candidate_id=1493,MADHURAVOYAL,IND,0,Graduate Professional,"Rs 49,40,487 ~ 49 Lacs+","Rs 2,15,000 ~ 2 Lacs+"
285,2124,Arunkumar.K,https://www.myneta.info/TamilNadu2021/candidate.php?candidate_id=2124,ALANGULAM,IND,0,Graduate,https://myneta.info/image_v2.php?myneta_folder=TamilNadu2021&candidate_id=2124&col=ta,https://myneta.info/image_v2.php?myneta_folder=TamilNadu2021&candidate_id=2124&col=lia
286,4200,Arunkumar.M,https://www.myneta.info/TamilNadu2021/candidate.php?candidate_id=4200,CHENGAM (SC),IND,0,12th Pass,"Rs 21,95,500 ~ 21 Lacs+",Rs 0 ~
287,271,Arunmozhithevan. A,https://www.myneta.info/TamilNadu2021/candidate.php?candidate_id=271,BHUVANAGIRI,AIADMK,0,Graduate Professional,"Rs 3,94,66,325 ~ 3 Crore+","Rs 1,20,22,834 ~ 1 Crore+"
288,2292,Arunraj Balan,https://www.myneta.info/TamilNadu2021/candidate.php?candidate_id=2292,MYLAPORE,IND,0,12th Pass,https://myneta.info/image_v2.php?myneta_folder=TamilNadu2021&candidate_id=2292&col=ta,https://myneta.info/image_v2.php?myneta_folder=TamilNadu2021&candidate_id=2292&col=lia
289,3338,Asanali,https://www.myneta.info/TamilNadu2021/candidate.php?candidate_id=3338,RAMANATHAPURAM,IND,0,12th Pass,"Rs 4,71,300 ~ 4 Lacs+",Rs 0 ~
290,2260,Ashok Kumar. V,https://www.myneta.info/TamilNadu2021/candidate.php?candidate_id=2260,SAIDAPET,IND,0,Graduate,"Rs 87,000 ~ 87 Thou+",Rs 0 ~
291,2187,Ashok Kumar.C,https://www.myneta.info/TamilNadu2021/candidate.php?candidate_id=2187,AMBUR,Anaithu Makkal Puratchi Katchi,0,Graduate,https://myneta.info/image_v2.php?myneta_folder=TamilNadu2021&candidate_id=2187&col=ta,https://myneta.info/image_v2.php?myneta_folder=TamilNadu2021&candidate_id=2187&col=lia
292,502,Ashok Kumar.S,https://www.myneta.info/TamilNadu2021/candidate.php?candidate_id=502,KOLATHUR,New Generation Peoples Party,0,Post Graduate,"Rs 1,56,941 ~ 1 Lacs+","Rs 55,000 ~ 55 Thou+"
293,2153,Ashok Kumar.V,https://www.myneta.info/TamilNadu2021/candidate.php?candidate_id=2153,THALLY,Indiya Jananayaka Katchi,0,Others,"Rs 1,24,17,250 ~ 1 Crore+","Rs 15,00,000 ~ 15 Lacs+"
294,594,Ashok Priyadarshan.S,https://www.myneta.info/TamilNadu2021/candidate.php?candidate_id=594,PONNERI (SC),IND,0,Post Graduate,https://myneta.info/image_v2.php?myneta_folder=TamilNadu2021&candidate_id=594&col=ta,https://myneta.info/image_v2.php?myneta_folder=TamilNadu2021&candidate_id=594&col=lia
295,1941,Ashokan.G,https://www.myneta.info/TamilNadu2021/candidate.php?candidate_id=1941,SIVAKASI,INC,3,Graduate,"Rs 49,46,69,749 ~ 49 Crore+","Rs 31,76,00,439 ~ 31 Crore+"
296,2974,Ashokan.P,https://www.myneta.info/TamilNadu2021/candidate.php?candidate_id=2974,KRISHNARAYAPURAM (SC),Puthiya Tamilagam,0,8th Pass,"Rs 4,25,000 ~ 4 Lacs+",Rs 0 ~
297,1684,"Ashokkumar, N.",https://www.myneta.info/TamilNadu2021/candidate.php?candidate_id=1684,PERAVURANI,DMK,0,10th Pass,https://myneta.info/image_v2.php?myneta_folder=TamilNadu2021&candidate_id=1684&col=ta,https://myneta.info/image_v2.php?myneta_folder=TamilNadu2021&candidate_id=1684&col=lia
298,4119,"Ashokkumar,S.",https://www.myneta.info/TamilNadu2021/candidate.php?candidate_id=4119,UDUMALAIPETTAI,IND,0,10th Pass,"Rs 8,63,251 ~ 8 Lacs+","Rs 31,538 ~ 31 Thou+"
299,1952,Ashokkumar.C,https://www.myneta.info/TamilNadu2021/candidate.php?candidate_id=1952,SIVAKASI,IND,0,10th Pass,"Rs 3,05,000 ~ 3 Lacs+",Rs 0 ~
300,102,Ashokkumar.K,https://www.myneta.info/TamilNadu2021/candidate.php?candidate_id=102,KRISHNAGIRI,AIADMK,0,10th Pass,https://myneta.info/image_v2.php?myneta_folder=TamilNadu2021&candidate_id=102&col=ta,https://myneta.info/image_v2.php?myneta_folder=TamilNadu2021&candidate_id=102&col=lia
301,4102,Aslam. J.,https://www.myneta.info/TamilNadu2021/candidate.php?candidate_id=4102,TIRUPPUR SOUTH,IND,0,Graduate,"Rs 63,51,378 ~ 63 Lacs+",Rs 0 ~
302,2044,Aswin,https://www.myneta.info/TamilNadu2021/candidate.php?candidate_id=2044,THIRUVAIYARU,BSP,0,Others,"Rs 21,000 ~ 21 Thou+",Rs 0 ~
303,2474,Atheeswaran.S,https://www.myneta.info/TamilNadu2021/candidate.php?candidate_id=2474,KINATHUKADAVU,IND,0,12th Pass,https://myneta.info/image_v2.php?myneta_folder=TamilNadu2021&candidate_id=2474&col=ta,https://myneta.info/image_v2.php?myneta_folder=TamilNadu2021&candidate_id=2474&col=lia
304,4185,Athikaran Alias Athikumar,https://www.myneta.info/TamilNadu2021/candidate.php?candidate_id=4185,KOVILPATTI,IND,0,10th Pass,"Rs 9,43,600 ~ 9 Lacs+",Rs 0 ~
305,1843,Athiyamaan Raju,https://www.myneta.info/TamilNadu2021/candidate.php?candidate_id=1843,AVANASHI (SC),DMK,2,10th Pass,"Rs 4,97,48,741 ~ 4 Crore+",Rs 0 ~
306,1195,Augustin A.,https://www.myneta.info/TamilNadu2021/candidate.php?candidate_id=1195,KANNIYAKUMARI,IND,0,Others,https://myneta.info/image_v2.php?myneta_folder=TamilNadu2021&candidate_id=1195&col=ta,https://myneta.info/image_v2.php?myneta_folder=TamilNadu2021&candidate_id=1195&col=lia
307,1194,Austin S.,https://www.myneta.info/TamilNadu2021/candidate.php?candidate_id=1194,KANNIYAKUMARI,DMK,10,Post Graduate,"Rs 1,02,42,398 ~ 1 Crore+","Rs 17,00,150 ~ 17 Lacs+"
308,1131,Avani Raja.T,https://www.myneta.info/TamilNadu2021/candidate.php?candidate_id=1131,KADAYANALLUR,IND,0,Graduate Professional,"Rs 30,43,700 ~ 30 Lacs+","Rs 3,78,330 ~ 3 Lacs+"
309,3722,Ayyadurai R,https://www.myneta.info/TamilNadu2021/candidate.php?candidate_id=3722,KADAYANALLUR,IND,0,8th Pass,https://myneta.info/image_v2.php?myneta_folder=TamilNadu2021&candidate_id=3722&col=ta,https://myneta.info/image_v2.php?myneta_folder=TamilNadu2021&candidate_id=3722&col=lia
310,1053,Ayyadurai.J,https://www.myneta.info/TamilNadu2021/candidate.php?candidate_id=1053,GANGAVALLI (SC),IND,0,12th Pass,"Rs 14,97,551 ~ 14 Lacs+",Rs 0 ~
311,4034,Ayyanar A,https://www.myneta.info/TamilNadu2021/candidate.php?candidate_id=4034,VIKRAVANDI,IND,0,10th Pass,"Rs 6,79,000 ~ 6 Lacs+",Rs 0 ~
312,746,Ayyappan P,https://www.myneta.info/TamilNadu2021/candidate.php?candidate_id=746,USILAMPATTI,AIADMK,1,Graduate,https://myneta.info/image_v2.php?myneta_folder=TamilNadu2021&candidate_id=746&col=ta,https://myneta.info/image_v2.php?myneta_folder=TamilNadu2021&candidate_id=746&col=lia
313,1376,"Ayyappan, M.",https://www.myneta.info/TamilNadu2021/candidate.php?candidate_id=1376,KUMBAKONAM,IND,0,Graduate Professional,"Rs 2,21,000 ~ 2 Lacs+",Rs 0 ~
314,2337,"Ayyasamy, S.",https://www.myneta.info/TamilNadu2021/candidate.php?candidate_id=2337,TITTAKUDI (SC),IND,0,5th Pass,"Rs 22,90,000 ~ 22 Lacs+","Rs 5,65,000 ~ 5 Lacs+"
315,1143,Ayyasamy.M,https://www.myneta.info/TamilNadu2021/candidate.php?candidate_id=1143,KALLAKURICHI (SC),Indiya Jananayaka Katchi,0,8th Pass,https://myneta.info/image_v2.php?myneta_folder=TamilNadu2021&candidate_id=1143&col=ta,https://myneta.info/image_v2.php?myneta_folder=TamilNadu2021&candidate_id=1143&col=lia
316,4063,Ayyavu.N,https://www.myneta.info/TamilNadu2021/candidate.php?candidate_id=4063,KANGAYAM,BSP,0,Illiterate,"Rs 10,500 ~ 10 Thou+",Rs 0 ~
317,3242,Azhagu Meena P,https://www.myneta.info/TamilNadu2021/candidate.php?candidate_id=3242,VIRALIMALAI,Naam Tamilar Katchi,0,Post Graduate,"Rs 2,76,000 ~ 2 Lacs+","Rs 1,17,000 ~ 1 Lacs+"
318,2597,Azhagumalai A,https://www.myneta.info/TamilNadu2021/candidate.php?candidate_id=2597,PALANI,IND,0,10th Pass,https://myneta.info/image_v2.php?myneta_folder=TamilNadu2021&candidate_id=2597&col=ta,https://myneta.info/image_v2.php?myneta_folder=TamilNadu2021&candidate_id=2597&col=lia
319,760,B Raji,https://www.myneta.info/TamilNadu2021/candidate.php?candidate_id=760,ALANDUR,IND,0,Post Graduate,"Rs 57,500 ~ 57 Thou+",Rs 0 ~
320,3347,B Vijayaprakash,https://www.myneta.info/TamilNadu2021/candidate.php?candidate_id=3347,RAMANATHAPURAM,IND,0,12th Pass,"Rs 1,45,000 ~ 1 Lacs+",Rs 0 ~
321,2345,B. Arasi,https://www.myneta.info/TamilNadu2021/candidate.php?candidate_id=2345,VRIDHACHALAM,RJD,0,10th Pass,https://myneta.info/image_v2.php?myneta_folder=TamilNadu2021&candidate_id=2345&col=ta,https://myneta.info/image_v2.php?myneta_folder=TamilNadu2021&candidate_id=2345&col=lia
322,1149,B. Gopinath,https://www.myneta.info/TamilNadu2021/candidate.php?candidate_id=1149,KANCHEEPURAM,Makkal Needhi Maiam,0,Post Graduate,"Rs 3,11,77,943 ~ 3 Crore+","Rs 29,38,722 ~ 29 Lacs+"
323,932,B. Narayanamoorthy,https://www.myneta.info/TamilNadu2021/candidate.php?candidate_id=932,CHIDAMBARAM,IND,0,8th Pass,"Rs 70,62,140 ~ 70 Lacs+","Rs 1,70,000 ~ 1 Lacs+"
324,2208,B. Vijayakumar,https://www.myneta.info/TamilNadu2021/candidate.php?candidate_id=2208,TIRUPATTUR,IND,0,5th Pass,https://myneta.info/image_v2.php?myneta_folder=TamilNadu2021&candidate_id=2208&col=ta,https://myneta.info/image_v2.php?myneta_folder=TamilNadu2021&candidate_id=2208&col=lia
325,3225,B.Balakrishnan,https://www.myneta.info/TamilNadu2021/candidate.php?candidate_id=3225,KUMARAPALAYAM,IND,0,Others,"Rs 4,68,380 ~ 4 Lacs+",Rs 0 ~
326,2789,B.Devi,https://www.myneta.info/TamilNadu2021/candidate.php?candidate_id=2789,SALEM SOUTH,IND,0,Literate,"Rs 5,66,413 ~ 5 Lacs+",Rs 0 ~
327,680,B.Dhanasekaran,https://www.myneta.info/TamilNadu2021/candidate.php?candidate_id=680,THIRUVOTTIYUR,IND,0,5th Pass,https://myneta.info/image_v2.php?myneta_folder=TamilNadu2021&candidate_id=680&col=ta,https://myneta.info/image_v2.php?myneta_folder=TamilNadu2021&candidate_id=680&col=lia
328,2182,B.Jagan,https://www.myneta.info/TamilNadu2021/candidate.php?candidate_id=2182,VANIYAMBADI,Akhil Bharat Hindu Mahasabha,2,Graduate,"Rs 20,05,000 ~ 20 Lacs+","Rs 16,17,000 ~ 16 Lacs+"
329,398,B.John Pandian,https://www.myneta.info/TamilNadu2021/candidate.php?candidate_id=398,EGMORE (SC),AIADMK,2,Post Graduate,"Rs 11,73,86,865 ~ 11 Crore+","Rs 10,18,469 ~ 10 Lacs+"
330,2113,B.Parthasarathy,https://www.myneta.info/TamilNadu2021/candidate.php?candidate_id=2113,VIRUGAMPAKKAM,DMDK,3,10th Pass,https://myneta.info/image_v2.php?myneta_folder=TamilNadu2021&candidate_id=2113&col=ta,https://myneta.info/image_v2.php?myneta_folder=TamilNadu2021&candidate_id=2113&col=lia
331,2997,B.Selvaraj,https://www.myneta.info/TamilNadu2021/candidate.php?candidate_id=2997,KULITHALAI,IND,0,Illiterate,"Rs 2,51,000 ~ 2 Lacs+",Rs 0 ~
332,345,B.Valarmathi,https://www.myneta.info/TamilNadu2021/candidate.php?candidate_id=345,ALANDUR,AIADMK,0,10th Pass,"Rs 6,96,13,315 ~ 6 Crore+",Rs 0 ~
333,1207,B.Vanitha,https://www.myneta.info/TamilNadu2021/candidate.php?candidate_id=1207,KARAIKUDI,Puthiya Tamilagam,0,8th Pass,https://myneta.info/image_v2.php?myneta_folder=TamilNadu2021&candidate_id=1207&col=ta,https://myneta.info/image_v2.php?myneta_folder=TamilNadu2021&candidate_id=1207&col=lia
334,1763,B.Vijaya Kumar,https://www.myneta.info/TamilNadu2021/candidate.php?candidate_id=1763,KOLATHUR,IND,0,Graduate Professional,"Rs 2,39,500 ~ 2 Lacs+",Rs 0 ~
335,54,B.Zakir Hussain,https://www.myneta.info/TamilNadu2021/candidate.php?candidate_id=54,THIRUVOTTIYUR,IND,0,Graduate Professional,"Rs 47,51,774 ~ 47 Lacs+","Rs 5,60,000 ~ 5 Lacs+"
336,2172,Babu A,https://www.myneta.info/TamilNadu2021/candidate.php?candidate_id=2172,THOUSAND LIGHTS,IND,0,Graduate Professional,https://myneta.info/image_v2.php?myneta_folder=TamilNadu2021&candidate_id=2172&col=ta,https://myneta.info/image_v2.php?myneta_folder=TamilNadu2021&candidate_id=2172&col=lia
337,3854,Babu E,https://www.myneta.info/TamilNadu2021/candidate.php?candidate_id=3854,CHEYYUR (SC),IND,0,5th Pass,"Rs 13,70,401 ~ 13 Lacs+",Rs 0 ~
338,928,Babu M,https://www.myneta.info/TamilNadu2021/candidate.php?candidate_id=928,CHEYYUR (SC),Viduthalai Chiruthaigal Katchi,0,Graduate,"Rs 15,89,17,070 ~ 15 Crore+","Rs 7,79,09,953 ~ 7 Crore+"
339,1009,Babu Mailan . A,https://www.myneta.info/TamilNadu2021/candidate.php?candidate_id=1009,DR.RADHAKRISHNAN NAGAR,RPI(A),0,Others,https://myneta.info/image_v2.php?myneta_folder=TamilNadu2021&candidate_id=1009&col=ta,https://myneta.info/image_v2.php?myneta_folder=TamilNadu2021&candidate_id=1009&col=lia
340,4117,"Babu Ranjendra Prasad,A.",https://www.myneta.info/TamilNadu2021/candidate.php?candidate_id=4117,UDUMALAIPETTAI,Naam Tamilar Katchi,1,Post Graduate,"Rs 16,32,800 ~ 16 Lacs+",Rs 0 ~
341,1076,"Babu, J.",https://www.myneta.info/TamilNadu2021/candidate.php?candidate_id=1076,GUDALUR (SC),Makkal Needhi Maiam,2,Literate,"Rs 39,83,000 ~ 39 Lacs+",Rs 0 ~
342,1432,Babu. M.G,https://www.myneta.info/TamilNadu2021/candidate.php?candidate_id=1432,MADHAVARAM,IND,0,Post Graduate,https://myneta.info/image_v2.php?myneta_folder=TamilNadu2021&candidate_id=1432&col=ta,https://myneta.info/image_v2.php?myneta_folder=TamilNadu2021&candidate_id=1432&col=lia
343,3778,Babuganesh S,https://www.myneta.info/TamilNadu2021/candidate.php?candidate_id=3778,SANKARAPURAM,IND,0,Graduate Professional,"Rs 14,000 ~ 14 Thou+",Rs 0 ~
344,2548,Babusankar.R,https://www.myneta.info/TamilNadu2021/candidate.php?candidate_id=2548,MAYILADUTHURAI,IND,0,8th Pass,"Rs 1,40,000 ~ 1 Lacs+","Rs 1,06,400 ~ 1 Lacs+"
345,3421,"Backiyaraj, V.",https://www.myneta.info/TamilNadu2021/candidate.php?candidate_id=3421,THIRUVAIYARU,Anaithu Makkal Arasiyal Katchi,0,8th Pass,https://myneta.info/image_v2.php?myneta_folder=TamilNadu2021&candidate_id=3421&col=ta,https://myneta.info/image_v2.php?myneta_folder=TamilNadu2021&candidate_id=3421&col=lia
346,1561,Bagavath Singh.M,https://www.myneta.info/TamilNadu2021/candidate.php?candidate_id=1561,THIRU-VI-KA-NAGAR (SC),BSP,0,8th Pass,"Rs 1,97,000 ~ 1 Lacs+",Rs 0 ~
347,800,Bakkiyam.M,https://www.myneta.info/TamilNadu2021/candidate.php?candidate_id=800,ANTHIYUR,India Dravida Makkal Munnetra Katchi,0,Post Graduate,"Rs 1,10,000 ~ 1 Lacs+",Rs 0 ~
348,2639,"Bakkiyamani, M.",https://www.myneta.info/TamilNadu2021/candidate.php?candidate_id=2639,SANKARI,IND,0,Post Graduate,https://myneta.info/image_v2.php?myneta_folder=TamilNadu2021&candidate_id=2639&col=ta,https://myneta.info/image_v2.php?myneta_folder=TamilNadu2021&candidate_id=2639&col=lia
349,2370,Baktharatchagan.R,https://www.myneta.info/TamilNadu2021/candidate.php?candidate_id=2370,NEYVELI,Amma Makkal Munnettra Kazagam,0,Doctorate,"Rs 2,73,82,911 ~ 2 Crore+","Rs 50,89,676 ~ 50 Lacs+"
350,3511,"Bala Krishnan, N.",https://www.myneta.info/TamilNadu2021/candidate.php?candidate_id=3511,THIRUVALLUR,IND,0,8th Pass,"Rs 28,95,060 ~ 28 Lacs+","Rs 5,23,884 ~ 5 Lacs+"
351,3896,"Bala Subramanian, R.",https://www.myneta.info/TamilNadu2021/candidate.php?candidate_id=3896,SATTUR,IND,0,Illiterate,https://myneta.info/image_v2.php?myneta_folder=TamilNadu2021&candidate_id=3896&col=ta,https://myneta.info/image_v2.php?myneta_folder=TamilNadu2021&candidate_id=3896&col=lia
352,1474,Balachandran. P,https://www.myneta.info/TamilNadu2021/candidate.php?candidate_id=1474,MADURAI WEST,DMDK,4,5th Pass,"Rs 21,08,414 ~ 21 Lacs+","Rs 2,50,000 ~ 2 Lacs+"
353,237,Balaji,https://www.myneta.info/TamilNadu2021/candidate.php?candidate_id=237,MYLAPORE,BSP,0,12th Pass,"Rs 7,85,000 ~ 7 Lacs+",Rs 0 ~
354,3821,Balaji,https://www.myneta.info/TamilNadu2021/candidate.php?candidate_id=3821,PALLAVARAM,IND,0,Others,https://myneta.info/image_v2.php?myneta_folder=TamilNadu2021&candidate_id=3821&col=ta,https://myneta.info/image_v2.php?myneta_folder=TamilNadu2021&candidate_id=3821&col=lia
355,910,Balaji C,https://www.myneta.info/TamilNadu2021/candidate.php?candidate_id=910,CHEPAUK-THIRUVALLIKENI,IND,0,Graduate Professional,"Rs 87,950 ~ 87 Thou+",Rs 0 ~
356,2331,Balaji K,https://www.myneta.info/TamilNadu2021/candidate.php?candidate_id=2331,CHEPAUK-THIRUVALLIKENI,IND,0,8th Pass,"Rs 4,06,728 ~ 4 Lacs+","Rs 2,35,974 ~ 2 Lacs+"
357,128,Balaji R,https://www.myneta.info/TamilNadu2021/candidate.php?candidate_id=128,VILATHIKULAM,Naam Tamilar Katchi,0,Post Graduate,https://myneta.info/image_v2.php?myneta_folder=TamilNadu2021&candidate_id=128&col=ta,https://myneta.info/image_v2.php?myneta_folder=TamilNadu2021&candidate_id=128&col=lia
358,2458,Balaji V,https://www.myneta.info/TamilNadu2021/candidate.php?candidate_id=2458,COIMBATORE NORTH,IND,0,Others,"Rs 3,47,500 ~ 3 Lacs+",Rs 0 ~
359,2750,Balaji. D,https://www.myneta.info/TamilNadu2021/candidate.php?candidate_id=2750,SALEM WEST,IND,0,10th Pass,"Rs 10,95,100 ~ 10 Lacs+",Rs 0 ~
360,2269,Balaji. V,https://www.myneta.info/TamilNadu2021/candidate.php?candidate_id=2269,SAIDAPET,IND,0,10th Pass,https://myneta.info/image_v2.php?myneta_folder=TamilNadu2021&candidate_id=2269&col=ta,https://myneta.info/image_v2.php?myneta_folder=TamilNadu2021&candidate_id=2269&col=lia
361,448,Balaji.E,https://www.myneta.info/TamilNadu2021/candidate.php?candidate_id=448,KALASAPAKKAM,Naam Tamilar Katchi,1,Graduate Professional,"Rs 18,64,000 ~ 18 Lacs+",Rs 0 ~
362,2746,Balaji.R,https://www.myneta.info/TamilNadu2021/candidate.php?candidate_id=2746,DINDIGUL,IND,0,12th Pass,"Rs 15,000 ~ 15 Thou+",Rs 0 ~
363,3219,Balajichezhian P,https://www.myneta.info/TamilNadu2021/candidate.php?candidate_id=3219,TIRUCHENGODU,IND,0,Graduate Professional,https://myneta.info/image_v2.php?myneta_folder=TamilNadu2021&candidate_id=3219&col=ta,https://myneta.info/image_v2.php?myneta_folder=TamilNadu2021&candidate_id=3219&col=lia
364,3838,Balakrishnan G.,https://www.myneta.info/TamilNadu2021/candidate.php?candidate_id=3838,TAMBARAM,IND,0,Post Graduate,"Rs 1,695 ~ 1 Thou+",Rs 0 ~
365,3446,"Balakrishnan, V.",https://www.myneta.info/TamilNadu2021/candidate.php?candidate_id=3446,PATTUKKOTTAI,IND,0,10th Pass,"Rs 69,86,000 ~ 69 Lacs+","Rs 23,02,150 ~ 23 Lacs+"
366,1960,Balakrishnan.N,https://www.myneta.info/TamilNadu2021/candidate.php?candidate_id=1960,SIVAKASI,IND,0,Others,https://myneta.info/image_v2.php?myneta_folder=TamilNadu2021&candidate_id=1960&col=ta,https://myneta.info/image_v2.php?myneta_folder=TamilNadu2021&candidate_id=1960&col=lia
367,2965,Balamanikandan.K,https://www.myneta.info/TamilNadu2021/candidate.php?candidate_id=2965,KARUR,IND,1,5th Pass,"Rs 3,85,000 ~ 3 Lacs+","Rs 2,90,000 ~ 2 Lacs+"
368,784,Balamurugan,https://www.myneta.info/TamilNadu2021/candidate.php?candidate_id=784,ANDIPATTI,National Democratic Party of South India,0,Graduate,"Rs 4,90,000 ~ 4 Lacs+",Rs 0 ~
369,3043,Balamurugan A,https://www.myneta.info/TamilNadu2021/candidate.php?candidate_id=3043,MADURAI EAST,Puthiya Tamilagam,0,10th Pass,https://myneta.info/image_v2.php?myneta_folder=TamilNadu2021&candidate_id=3043&col=ta,https://myneta.info/image_v2.php?myneta_folder=TamilNadu2021&candidate_id=3043&col=lia
370,3217,Balamurugan C,https://www.myneta.info/TamilNadu2021/candidate.php?candidate_id=3217,TIRUCHENGODU,IND,0,Graduate,"Rs 65,30,000 ~ 65 Lacs+","Rs 27,43,700 ~ 27 Lacs+"
371,2457,Balamurugan M,https://www.myneta.info/TamilNadu2021/candidate.php?candidate_id=2457,COIMBATORE NORTH,IND,0,Post Graduate,"Rs 9,60,580 ~ 9 Lacs+",Rs 0 ~
372,3114,Balamurugan N R,https://www.myneta.info/TamilNadu2021/candidate.php?candidate_id=3114,THIRUMANGALAM,IND,1,10th Pass,https://myneta.info/image_v2.php?myneta_folder=TamilNadu2021&candidate_id=3114&col=ta,https://myneta.info/image_v2.php?myneta_folder=TamilNadu2021&candidate_id=3114&col=lia
373,3218,Balamurugan S,https://www.myneta.info/TamilNadu2021/candidate.php?candidate_id=3218,TIRUCHENGODU,IND,0,8th Pass,"Rs 26,42,000 ~ 26 Lacs+","Rs 10,00,000 ~ 10 Lacs+"
374,3897,"Balamurugan, K.",https://www.myneta.info/TamilNadu2021/candidate.php?candidate_id=3897,SATTUR,IND,0,Illiterate,"Rs 20,000 ~ 20 Thou+",Rs 0 ~
375,2847,"Balamurugan, M.",https://www.myneta.info/TamilNadu2021/candidate.php?candidate_id=2847,PERUNDURAI,IND,0,Others,https://myneta.info/image_v2.php?myneta_folder=TamilNadu2021&candidate_id=2847&col=ta,https://myneta.info/image_v2.php?myneta_folder=TamilNadu2021&candidate_id=2847&col=lia
376,3097,"Balamurugan, R.",https://www.myneta.info/TamilNadu2021/candidate.php?candidate_id=3097,THIRUPARANKUNDRAM,IND,0,Graduate Professional,"Rs 49,738 ~ 49 Thou+",Rs 0 ~
377,1382,"Balamurugan, S.",https://www.myneta.info/TamilNadu2021/candidate.php?candidate_id=1382,KUMBAKONAM,Amma Makkal Munnettra Kazagam,0,10th Pass,"Rs 1,61,58,237 ~ 1 Crore+","Rs 77,48,223 ~ 77 Lacs+"
378,2448,"Balamurugan, S.",https://www.myneta.info/TamilNadu2021/candidate.php?candidate_id=2448,KUNNAM,IND,0,Graduate,https://myneta.info/image_v2.php?myneta_folder=TamilNadu2021&candidate_id=2448&col=ta,https://myneta.info/image_v2.php?myneta_folder=TamilNadu2021&candidate_id=2448&col=lia
379,3549,"Balamurugan,A.",https://www.myneta.info/TamilNadu2021/candidate.php?candidate_id=3549,TIRUCHIRAPPALLI EAST,IND,0,10th Pass,"Rs 5,06,000 ~ 5 Lacs+","Rs 2,60,000 ~ 2 Lacs+"
380,2397,Balamurugan. G.C,https://www.myneta.info/TamilNadu2021/candidate.php?candidate_id=2397,BHUVANAGIRI,IND,0,10th Pass,"Rs 3,30,000 ~ 3 Lacs+",Rs 0 ~
381,375,Balamurugan. K.S.K,https://www.myneta.info/TamilNadu2021/candidate.php?candidate_id=375,BHUVANAGIRI,Amma Makkal Munnettra Kazagam,2,Others,https://myneta.info/image_v2.php?myneta_folder=TamilNadu2021&candidate_id=375&col=ta,https://myneta.info/image_v2.php?myneta_folder=TamilNadu2021&candidate_id=375&col=lia
382,2724,Balamurugan. M,https://www.myneta.info/TamilNadu2021/candidate.php?candidate_id=2724,EDAPPADI,IND,0,Graduate,"Rs 20,000 ~ 20 Thou+",Rs 0 ~
383,1626,Balamurugesan M,https://www.myneta.info/TamilNadu2021/candidate.php?candidate_id=1626,SANKARANKOVIL (SC),Bahujan Dravida Party,0,10th Pass,"Rs 3,76,000 ~ 3 Lacs+",Rs 0 ~
384,3029,Balaraju N,https://www.myneta.info/TamilNadu2021/candidate.php?candidate_id=3029,HOSUR,IND,0,10th Pass,https://myneta.info/image_v2.php?myneta_folder=TamilNadu2021&candidate_id=3029&col=ta,https://myneta.info/image_v2.php?myneta_folder=TamilNadu2021&candidate_id=3029&col=lia
385,596,Balaraman.P,https://www.myneta.info/TamilNadu2021/candidate.php?candidate_id=596,PONNERI (SC),AIADMK,0,Post Graduate,"Rs 2,46,26,250 ~ 2 Crore+","Rs 10,47,181 ~ 10 Lacs+"
386,2882,Balasivanesan J,https://www.myneta.info/TamilNadu2021/candidate.php?candidate_id=2882,NAGERCOIL,IND,1,Post Graduate,"Rs 52,00,000 ~ 52 Lacs+","Rs 7,00,000 ~ 7 Lacs+"
387,2635,Balasubramani S,https://www.myneta.info/TamilNadu2021/candidate.php?candidate_id=2635,ODDANCHATRAM,IND,0,Graduate Professional,https://myneta.info/image_v2.php?myneta_folder=TamilNadu2021&candidate_id=2635&col=ta,https://myneta.info/image_v2.php?myneta_folder=TamilNadu2021&candidate_id=2635&col=lia
388,2846,"Balasubramani, V. M.",https://www.myneta.info/TamilNadu2021/candidate.php?candidate_id=2846,PERUNDURAI,IND,0,5th Pass,"Rs 1,72,000 ~ 1 Lacs+",Rs 0 ~
389,2745,Balasubramani.K,https://www.myneta.info/TamilNadu2021/candidate.php?candidate_id=2745,DINDIGUL,IND,1,10th Pass,"Rs 11,38,000 ~ 11 Lacs+","Rs 4,00,000 ~ 4 Lacs+"
390,396,Balasubramaniam J,https://www.myneta.info/TamilNadu2021/candidate.php?candidate_id=396,EDAPPADI,IND,0,10th Pass,https://myneta.info/image_v2.php?myneta_folder=TamilNadu2021&candidate_id=396&col=ta,https://myneta.info/image_v2.php?myneta_folder=TamilNadu2021&candidate_id=396&col=lia
391,2822,Balasubramaniam K,https://www.myneta.info/TamilNadu2021/candidate.php?candidate_id=2822,ERODE WEST,India Dravida Makkal Munnetra Katchi,0,5th Pass,"Rs 2,37,200 ~ 2 Lacs+","Rs 8,45,213 ~ 8 Lacs+"
392,3192,Balasubramanian A,https://www.myneta.info/TamilNadu2021/candidate.php?candidate_id=3192,PARAMATHIVELUR,IND,0,10th Pass,"Rs 30,000 ~ 30 Thou+",Rs 0 ~
393,3526,Balasubramanian M,https://www.myneta.info/TamilNadu2021/candidate.php?candidate_id=3526,AVADI,Tamil Nadu Ilangyar Katchi,0,Others,https://myneta.info/image_v2.php?myneta_folder=TamilNadu2021&candidate_id=3526&col=ta,https://myneta.info/image_v2.php?myneta_folder=TamilNadu2021&candidate_id=3526&col=lia
394,3254,Balasubramanian M,https://www.myneta.info/TamilNadu2021/candidate.php?candidate_id=3254,VIRALIMALAI,IND,0,Graduate,"Rs 3,91,000 ~ 3 Lacs+",Rs 0 ~
395,4014,Balasundaram R,https://www.myneta.info/TamilNadu2021/candidate.php?candidate_id=4014,VILLUPURAM,Amma Makkal Munnettra Kazagam,0,Graduate,"Rs 71,90,879 ~ 71 Lacs+","Rs 40,11,183 ~ 40 Lacs+"
396,279,Balendran C.B,https://www.myneta.info/TamilNadu2021/candidate.php?candidate_id=279,COIMBATORE NORTH,Naam Tamilar Katchi,0,Graduate,https://myneta.info/image_v2.php?myneta_folder=TamilNadu2021&candidate_id=279&col=ta,https://myneta.info/image_v2.php?myneta_folder=TamilNadu2021&candidate_id=279&col=lia
397,2538,Balu,https://www.myneta.info/TamilNadu2021/candidate.php?candidate_id=2538,SIRKAZHI (SC),Amma Makkal Munnettra Kazagam,0,Post Graduate,"Rs 62,94,367 ~ 62 Lacs+","Rs 9,80,000 ~ 9 Lacs+"
398,755,Balu K,https://www.myneta.info/TamilNadu2021/candidate.php?candidate_id=755,VILLUPURAM,IND,0,5th Pass,"Rs 11,500 ~ 11 Thou+",Rs 0 ~
399,437,Balu K,https://www.myneta.info/TamilNadu2021/candidate.php?candidate_id=437,JAYANKONDAM,Pattali Makkal Katchi,0,Graduate Professional,https://myneta.info/image_v2.php?myneta_folder=TamilNadu2021&candidate_id=437&col=ta,https://myneta.info/image_v2.php?myneta_folder=TamilNadu2021&candidate_id=437&col=lia
400,3527,Banumathi,https://www.myneta.info/TamilNadu2021/candidate.php?candidate_id=3527,AVADI,My India Party,0,12th Pass,"Rs 2,78,000 ~ 2 Lacs+",Rs 0 ~
401,2966,Banumathy,https://www.myneta.info/TamilNadu2021/candidate.php?candidate_id=2966,KARUR,IND,0,Graduate Professional,"Rs 9,96,500 ~ 9 Lacs+","Rs 2,50,000 ~ 2 Lacs+"
402,39,Banupriya.P,https://www.myneta.info/TamilNadu2021/candidate.php?candidate_id=39,METTUR,Ganasangam Party of India,0,Graduate,https://myneta.info/image_v2.php?myneta_folder=TamilNadu2021&candidate_id=39&col=ta,https://myneta.info/image_v2.php?myneta_folder=TamilNadu2021&candidate_id=39&col=lia
403,2213,Baradhidasan T,https://www.myneta.info/TamilNadu2021/candidate.php?candidate_id=2213,MANNARGUDI,IND,0,Not Given,"Rs 1,55,000 ~ 1 Lacs+",Rs 0 ~
404,2536,Barathi,https://www.myneta.info/TamilNadu2021/candidate.php?candidate_id=2536,SIRKAZHI (SC),IND,0,Post Graduate,"Rs 51,000 ~ 51 Thou+",Rs 0 ~
405,969,"Basha, A.",https://www.myneta.info/TamilNadu2021/candidate.php?candidate_id=969,COONOOR,IND,0,10th Pass,https://myneta.info/image_v2.php?myneta_folder=TamilNadu2021&candidate_id=969&col=ta,https://myneta.info/image_v2.php?myneta_folder=TamilNadu2021&candidate_id=969&col=lia
406,558,Baskar B,https://www.myneta.info/TamilNadu2021/candidate.php?candidate_id=558,NAMAKKAL,Naam Tamilar Katchi,0,Doctorate,"Rs 5,38,82,254 ~ 5 Crore+","Rs 3,96,52,102 ~ 3 Crore+"
407,1592,Baskar C,https://www.myneta.info/TamilNadu2021/candidate.php?candidate_id=1592,TIRUCHENDUR,IND,0,Graduate,"Rs 9,38,000 ~ 9 Lacs+","Rs 2,10,000 ~ 2 Lacs+"
408,232,Baskar K.P.P.,https://www.myneta.info/TamilNadu2021/candidate.php?candidate_id=232,NAMAKKAL,AIADMK,0,12th Pass,https://myneta.info/image_v2.php?myneta_folder=TamilNadu2021&candidate_id=232&col=ta,https://myneta.info/image_v2.php?myneta_folder=TamilNadu2021&candidate_id=232&col=lia
409,4199,Baskar.S,https://www.myneta.info/TamilNadu2021/candidate.php?candidate_id=4199,CHENGAM (SC),New Generation Peoples Party,0,Others,"Rs 8,40,000 ~ 8 Lacs+","Rs 5,00,000 ~ 5 Lacs+"
410,385,Baskaran Chellappa.J,https://www.myneta.info/TamilNadu2021/candidate.php?candidate_id=385,DINDIGUL,IND,0,8th Pass,"Rs 2,15,500 ~ 2 Lacs+","Rs 1,50,000 ~ 1 Lacs+"
411,2932,Baskaran. N,https://www.myneta.info/TamilNadu2021/candidate.php?candidate_id=2932,ARAVAKURICHI,IND,0,Graduate Professional,https://myneta.info/image_v2.php?myneta_folder=TamilNadu2021&candidate_id=2932&col=ta,https://myneta.info/image_v2.php?myneta_folder=TamilNadu2021&candidate_id=2932&col=lia
412,1501,Benjamin Moses.S,https://www.myneta.info/TamilNadu2021/candidate.php?candidate_id=1501,MADHURAVOYAL,IND,0,Post Graduate,"Rs 7,60,000 ~ 7 Lacs+",Rs 0 ~
413,534,Benjamin.P,https://www.myneta.info/TamilNadu2021/candidate.php?candidate_id=534,MADHURAVOYAL,AIADMK,0,Graduate,"Rs 25,57,58,070 ~ 25 Crore+","Rs 35,67,485 ~ 35 Lacs+"
414,3668,Bharadan,https://www.myneta.info/TamilNadu2021/candidate.php?candidate_id=3668,AMBATTUR,IND,0,Graduate Professional,https://myneta.info/image_v2.php?myneta_folder=TamilNadu2021&candidate_id=3668&col=ta,https://myneta.info/image_v2.php?myneta_folder=TamilNadu2021&candidate_id=3668&col=lia
415,2286,Bharaneeswaran R,https://www.myneta.info/TamilNadu2021/candidate.php?candidate_id=2286,THIYAGARAYANAGAR,Amma Makkal Munnettra Kazagam,0,Graduate,"Rs 1,13,49,220 ~ 1 Crore+","Rs 21,24,000 ~ 21 Lacs+"
416,3086,"Bharanirajan, M.",https://www.myneta.info/TamilNadu2021/candidate.php?candidate_id=3086,THIRUPARANKUNDRAM,Makkal Needhi Maiam,0,12th Pass,"Rs 49,14,864 ~ 49 Lacs+","Rs 18,00,000 ~ 18 Lacs+"
417,3127,Bharath V,https://www.myneta.info/TamilNadu2021/candidate.php?candidate_id=3127,USILAMPATTI,My India Party,0,Graduate,https://myneta.info/image_v2.php?myneta_folder=TamilNadu2021&candidate_id=3127&col=ta,https://myneta.info/image_v2.php?myneta_folder=TamilNadu2021&candidate_id=3127&col=lia
418,3432,"Bharath, B.",https://www.myneta.info/TamilNadu2021/candidate.php?candidate_id=3432,THANJAVUR,IND,0,8th Pass,"Rs 2,13,818 ~ 2 Lacs+",Rs 0 ~
419,1463,Bharathi Kannamma. S,https://www.myneta.info/TamilNadu2021/candidate.php?candidate_id=1463,MADURAI SOUTH,New Generation Peoples Party,0,Graduate,"Rs 64,418 ~ 64 Thou+",Rs 0 ~
420,3884,"Bharathi, M.",https://www.myneta.info/TamilNadu2021/candidate.php?candidate_id=3884,SATTUR,Indiya Jananayaka Katchi,0,Post Graduate,https://myneta.info/image_v2.php?myneta_folder=TamilNadu2021&candidate_id=3884&col=ta,https://myneta.info/image_v2.php?myneta_folder=TamilNadu2021&candidate_id=3884&col=lia
421,2834,Bharathi.L,https://www.myneta.info/TamilNadu2021/candidate.php?candidate_id=2834,MODAKKURICHI,IND,0,5th Pass,"Rs 4,67,000 ~ 4 Lacs+",Rs 0 ~
422,3822,Bhaskaran,https://www.myneta.info/TamilNadu2021/candidate.php?candidate_id=3822,PALLAVARAM,IND,0,8th Pass,"Rs 3,18,000 ~ 3 Lacs+",Rs 0 ~
423,595,Bhavani Ilavenil.J,https://www.myneta.info/TamilNadu2021/candidate.php?candidate_id=595,PONNERI (SC),BSP,0,Graduate,https://myneta.info/image_v2.php?myneta_folder=TamilNadu2021&candidate_id=595&col=ta,https://myneta.info/image_v2.php?myneta_folder=TamilNadu2021&candidate_id=595&col=lia
424,4249,Bheeman. G,https://www.myneta.info/TamilNadu2021/candidate.php?candidate_id=4249,CHEYYAR,Naam Tamilar Katchi,0,Graduate Professional,"Rs 40,80,000 ~ 40 Lacs+","Rs 3,80,000 ~ 3 Lacs+"
425,2085,"Bhojarajan, M.",https://www.myneta.info/TamilNadu2021/candidate.php?candidate_id=2085,UDHAGAMANDALAM,BJP,0,Graduate Professional,"Rs 12,62,05,332 ~ 12 Crore+","Rs 3,61,000 ~ 3 Lacs+"
426,1796,Birlabose.M,https://www.myneta.info/TamilNadu2021/candidate.php?candidate_id=1796,THIRU-VI-KA-NAGAR (SC),IND,0,8th Pass,https://myneta.info/image_v2.php?myneta_folder=TamilNadu2021&candidate_id=1796&col=ta,https://myneta.info/image_v2.php?myneta_folder=TamilNadu2021&candidate_id=1796&col=lia
427,2374,Boobalan.E,https://www.myneta.info/TamilNadu2021/candidate.php?candidate_id=2374,NEYVELI,IND,0,12th Pass,"Rs 10,67,161 ~ 10 Lacs+",Rs 0 ~
428,1459,Boominathan.M,https://www.myneta.info/TamilNadu2021/candidate.php?candidate_id=1459,MADURAI SOUTH,DMK,2,5th Pass,"Rs 7,00,07,388 ~ 7 Crore+","Rs 85,23,000 ~ 85 Lacs+"
429,1214,Boopathi.P,https://www.myneta.info/TamilNadu2021/candidate.php?candidate_id=1214,KARUR,IND,0,Graduate Professional,https://myneta.info/image_v2.php?myneta_folder=TamilNadu2021&candidate_id=1214&col=ta,https://myneta.info/image_v2.php?myneta_folder=TamilNadu2021&candidate_id=1214&col=lia
430,553,Boopathi.R,https://www.myneta.info/TamilNadu2021/candidate.php?candidate_id=553,MODAKKURICHI,BSP,0,Graduate Professional,"Rs 1,57,500 ~ 1 Lacs+",Rs 0 ~
431,1064,Boopathiraja A.N,https://www.myneta.info/TamilNadu2021/candidate.php?candidate_id=1064,GOBICHETTIPALAYAM,IND,1,8th Pass,"Rs 2,50,50,000 ~ 2 Crore+",Rs 0 ~
432,814,Boopathy. S,https://www.myneta.info/TamilNadu2021/candidate.php?candidate_id=814,ARAVAKURICHI,IND,0,Graduate Professional,https://myneta.info/image_v2.php?myneta_folder=TamilNadu2021&candidate_id=814&col=ta,https://myneta.info/image_v2.php?myneta_folder=TamilNadu2021&candidate_id=814&col=lia
433,289,Boothirajan.G,https://www.myneta.info/TamilNadu2021/candidate.php?candidate_id=289,DR.RADHAKRISHNAN NAGAR,IND,0,10th Pass,"Rs 95,46,625 ~ 95 Lacs+",Rs 0 ~
434,598,Boshya Gayathri M,https://www.myneta.info/TamilNadu2021/candidate.php?candidate_id=598,POONAMALLEE (SC),My India Party,0,Post Graduate,"Rs 1,38,000 ~ 1 Lacs+",Rs 0 ~
435,2388,Brijita Roslene,https://www.myneta.info/TamilNadu2021/candidate.php?candidate_id=2388,KURINJIPADI,IND,0,5th Pass,https://myneta.info/image_v2.php?myneta_folder=TamilNadu2021&candidate_id=2388&col=ta,https://myneta.info/image_v2.php?myneta_folder=TamilNadu2021&candidate_id=2388&col=lia
436,75,C Mahendran,https://www.myneta.info/TamilNadu2021/candidate.php?candidate_id=75,MADATHUKULAM,AIADMK,0,Post Graduate,"Rs 46,40,61,686 ~ 46 Crore+","Rs 6,05,07,817 ~ 6 Crore+"
437,183,C Natarajan,https://www.myneta.info/TamilNadu2021/candidate.php?candidate_id=183,SALEM NORTH,Amma Makkal Munnettra Kazagam,1,Graduate Professional,"Rs 3,20,77,184 ~ 3 Crore+","Rs 8,63,43,393 ~ 8 Crore+"
438,3673,C Raghul,https://www.myneta.info/TamilNadu2021/candidate.php?candidate_id=3673,AMBATTUR,IND,0,10th Pass,https://myneta.info/image_v2.php?myneta_folder=TamilNadu2021&candidate_id=3673&col=ta,https://myneta.info/image_v2.php?myneta_folder=TamilNadu2021&candidate_id=3673&col=lia
439,4264,C Saravanan,https://www.myneta.info/TamilNadu2021/candidate.php?candidate_id=4264,ALANDUR,IND,0,Graduate,"Rs 33,33,000 ~ 33 Lacs+",Rs 0 ~
440,3281,C. Alagu Subbiah,https://www.myneta.info/TamilNadu2021/candidate.php?candidate_id=3281,THIRUMAYAM,IND,1,5th Pass,"Rs 28,85,000 ~ 28 Lacs+",Rs 0 ~
441,3581,C. Arulmani,https://www.myneta.info/TamilNadu2021/candidate.php?candidate_id=3581,MANACHANALLUR,Akila India Vallalar Peravai,0,8th Pass,https://myneta.info/image_v2.php?myneta_folder=TamilNadu2021&candidate_id=3581&col=ta,https://myneta.info/image_v2.php?myneta_folder=TamilNadu2021&candidate_id=3581&col=lia
442,2356,C. Dhanasekar,https://www.myneta.info/TamilNadu2021/candidate.php?candidate_id=2356,VRIDHACHALAM,IND,0,10th Pass,"Rs 1,05,500 ~ 1 Lacs+","Rs 50,000 ~ 50 Thou+"
443,2117,C. Kumar,https://www.myneta.info/TamilNadu2021/candidate.php?candidate_id=2117,YERCAUD (ST),DMDK,0,8th Pass,"Rs 6,85,000 ~ 6 Lacs+","Rs 80,000 ~ 80 Thou+"
444,2118,C. Tamilselvan,https://www.myneta.info/TamilNadu2021/candidate.php?candidate_id=2118,YERCAUD (ST),DMK,0,5th Pass,https://myneta.info/image_v2.php?myneta_folder=TamilNadu2021&candidate_id=2118&col=ta,https://myneta.info/image_v2.php?myneta_folder=TamilNadu2021&candidate_id=2118&col=lia
445,2402,C. Vinoba,https://www.myneta.info/TamilNadu2021/candidate.php?candidate_id=2402,CHIDAMBARAM,IND,0,10th Pass,"Rs 1,01,000 ~ 1 Lacs+",Rs 0 ~
446,1775,C.A.Ashok Kumar,https://www.myneta.info/TamilNadu2021/candidate.php?candidate_id=1775,VILLIVAKKAM,IND,0,Post Graduate,"Rs 3,35,86,597 ~ 3 Crore+","Rs 98,90,000 ~ 98 Lacs+"
447,880,C.Anbazhakan,https://www.myneta.info/TamilNadu2021/candidate.php?candidate_id=880,BODINAYAKKANUR,IND,0,Literate,https://myneta.info/image_v2.php?myneta_folder=TamilNadu2021&candidate_id=880&col=ta,https://myneta.info/image_v2.php?myneta_folder=TamilNadu2021&candidate_id=880&col=lia
448,3022,C.Chakkarlappa,https://www.myneta.info/TamilNadu2021/candidate.php?candidate_id=3022,VEPPANAHALLI,IND,0,Not Given,"Rs 3,14,35,000 ~ 3 Crore+","Rs 25,00,000 ~ 25 Lacs+"
449,3687,C.Dhanraj,https://www.myneta.info/TamilNadu2021/candidate.php?candidate_id=3687,THIRUVOTTIYUR,IND,0,Graduate Professional,"Rs 45,91,962 ~ 45 Lacs+","Rs 6,00,000 ~ 6 Lacs+"
450,2127,C.Ganesan,https://www.myneta.info/TamilNadu2021/candidate.php?candidate_id=2127,AMBASAMUDRAM,Makkal Needhi Maiam,0,Post Graduate,https://myneta.info/image_v2.php?myneta_folder=TamilNadu2021&candidate_id=2127&col=ta,https://myneta.info/image_v2.php?myneta_folder=TamilNadu2021&candidate_id=2127&col=lia
451,4144,C.Ganesh Ayyadurai,https://www.myneta.info/TamilNadu2021/candidate.php?candidate_id=4144,THOOTHUKUDI,IND,0,Graduate,"Rs 14,21,500 ~ 14 Lacs+","Rs 6,06,000 ~ 6 Lacs+"
452,2701,C.Gurusamy,https://www.myneta.info/TamilNadu2021/candidate.php?candidate_id=2701,NATHAM,IND,0,Illiterate,"Rs 51,000 ~ 51 Thou+",Rs 0 ~
453,765,C.Jaya,https://www.myneta.info/TamilNadu2021/candidate.php?candidate_id=765,ALANGUDI,Anaithu Makkal Puratchi Katchi,0,Graduate Professional,https://myneta.info/image_v2.php?myneta_folder=TamilNadu2021&candidate_id=765&col=ta,https://myneta.info/image_v2.php?myneta_folder=TamilNadu2021&candidate_id=765&col=lia
454,3007,C.Jayaraman,https://www.myneta.info/TamilNadu2021/candidate.php?candidate_id=3007,UTHANGARAI (SC),IND,0,Illiterate,"Rs 18,52,000 ~ 18 Lacs+","Rs 7,40,000 ~ 7 Lacs+"
455,1760,C.Jeevakumar,https://www.myneta.info/TamilNadu2021/candidate.php?candidate_id=1760,KOLATHUR,IND,0,Graduate Professional,"Rs 71,500 ~ 71 Thou+",Rs 0 ~
456,4224,C.Jothi,https://www.myneta.info/TamilNadu2021/candidate.php?candidate_id=4224,KILPENNATHUR,IND,0,8th Pass,https://myneta.info/image_v2.php?myneta_folder=TamilNadu2021&candidate_id=4224&col=ta,https://myneta.info/image_v2.php?myneta_folder=TamilNadu2021&candidate_id=4224&col=lia
457,3387,C.Kaningprabhu,https://www.myneta.info/TamilNadu2021/candidate.php?candidate_id=3387,SIVAGANGA,IND,0,8th Pass,"Rs 3,00,000 ~ 3 Lacs+",Rs 0 ~
458,3461,C.Kanivel,https://www.myneta.info/TamilNadu2021/candidate.php?candidate_id=3461,ANDIPATTI,Anaithu Makkal Puratchi Katchi,0,12th Pass,"Rs 14,18,210 ~ 14 Lacs+",Rs 0 ~
459,715,C.Kannan,https://www.myneta.info/TamilNadu2021/candidate.php?candidate_id=715,TIRUPPATHUR,IND,0,8th Pass,https://myneta.info/image_v2.php?myneta_folder=TamilNadu2021&candidate_id=715&col=ta,https://myneta.info/image_v2.php?myneta_folder=TamilNadu2021&candidate_id=715&col=lia
460,442,C.Krishnamurali,https://www.myneta.info/TamilNadu2021/candidate.php?candidate_id=442,KADAYANALLUR,AIADMK,1,Graduate,"Rs 3,14,80,837 ~ 3 Crore+","Rs 2,50,000 ~ 2 Lacs+"
461,1833,C.M.Gowthaman,https://www.myneta.info/TamilNadu2021/candidate.php?candidate_id=1833,ARAKKONAM (SC),IND,0,Graduate,"Rs 20,600 ~ 20 Thou+",Rs 0 ~
462,2186,C.M.Mohammed Hussain,https://www.myneta.info/TamilNadu2021/candidate.php?candidate_id=2186,VANIYAMBADI,IND,0,8th Pass,https://myneta.info/image_v2.php?myneta_folder=TamilNadu2021&candidate_id=2186&col=ta,https://myneta.info/image_v2.php?myneta_folder=TamilNadu2021&candidate_id=2186&col=lia
463,3352,C.Malaiselvam,https://www.myneta.info/TamilNadu2021/candidate.php?candidate_id=3352,MUDUKULATHUR,Puthiya Tamilagam,0,10th Pass,"Rs 6,50,000 ~ 6 Lacs+",Rs 0 ~
464,550,C.Manikandan,https://www.myneta.info/TamilNadu2021/candidate.php?candidate_id=550,METTUR,Naam Tamilar Katchi,0,10th Pass,"Rs 19,46,521 ~ 19 Lacs+","Rs 75,000 ~ 75 Thou+"
465,1895,C.Manjula,https://www.myneta.info/TamilNadu2021/candidate.php?candidate_id=1895,NAGAPATTINAM,Amma Makkal Munnettra Kazagam,0,10th Pass,https://myneta.info/image_v2.php?myneta_folder=TamilNadu2021&candidate_id=1895&col=ta,https://myneta.info/image_v2.php?myneta_folder=TamilNadu2021&candidate_id=1895&col=lia
466,3472,C.Mayazhaku,https://www.myneta.info/TamilNadu2021/candidate.php?candidate_id=3472,PERIYAKULAM (SC),IND,0,8th Pass,"Rs 7,52,000 ~ 7 Lacs+",Rs 0 ~
467,1781,C.Mohan,https://www.myneta.info/TamilNadu2021/candidate.php?candidate_id=1781,VILLIVAKKAM,IND,0,8th Pass,"Rs 12,564 ~ 12 Thou+",Rs 0 ~
468,1835,C.Mohan,https://www.myneta.info/TamilNadu2021/candidate.php?candidate_id=1835,ARAKKONAM (SC),IND,0,8th Pass,https://myneta.info/image_v2.php?myneta_folder=TamilNadu2021&candidate_id=1835&col=ta,https://myneta.info/image_v2.php?myneta_folder=TamilNadu2021&candidate_id=1835&col=lia
469,3706,C.Munirathinam,https://www.myneta.info/TamilNadu2021/candidate.php?candidate_id=3706,SHOLINGHUR,IND,0,10th Pass,"Rs 22,77,000 ~ 22 Lacs+",Rs 0 ~
470,3350,C.Navapanneerselvam,https://www.myneta.info/TamilNadu2021/candidate.php?candidate_id=3350,MUDUKULATHUR,Makkal Needhi Maiam,0,Graduate,"Rs 18,46,603 ~ 18 Lacs+","Rs 3,10,000 ~ 3 Lacs+"
471,3375,C.Paramasivam,https://www.myneta.info/TamilNadu2021/candidate.php?candidate_id=3375,TIRUPPATHUR,IND,0,Graduate,https://myneta.info/image_v2.php?myneta_folder=TamilNadu2021&candidate_id=3375&col=ta,https://myneta.info/image_v2.php?myneta_folder=TamilNadu2021&candidate_id=3375&col=lia
472,344,C.Raghul,https://www.myneta.info/TamilNadu2021/candidate.php?candidate_id=344,VILLIVAKKAM,IND,0,10th Pass,"Rs 2,33,000 ~ 2 Lacs+",Rs 0 ~
473,774,C.Rani Ranjitham,https://www.myneta.info/TamilNadu2021/candidate.php?candidate_id=774,AMBASAMUDRAM,Amma Makkal Munnettra Kazagam,0,Post Graduate,"Rs 1,24,15,000 ~ 1 Crore+","Rs 3,31,000 ~ 3 Lacs+"
474,767,C.Thiruchelvam,https://www.myneta.info/TamilNadu2021/candidate.php?candidate_id=767,ALANGUDI,Naam Tamilar Katchi,0,Graduate,https://myneta.info/image_v2.php?myneta_folder=TamilNadu2021&candidate_id=767&col=ta,https://myneta.info/image_v2.php?myneta_folder=TamilNadu2021&candidate_id=767&col=lia
475,453,C.V.M.P. Ezhailzrasan,https://www.myneta.info/TamilNadu2021/candidate.php?candidate_id=453,KANCHEEPURAM,DMK,5,Graduate Professional,"Rs 7,14,55,672 ~ 7 Crore+","Rs 24,45,200 ~ 24 Lacs+"
476,337,C.Velu,https://www.myneta.info/TamilNadu2021/candidate.php?candidate_id=337,VELACHERY,BSP,0,12th Pass,"Rs 1,90,000 ~ 1 Lacs+",Rs 0 ~
477,2514,Cc Selvamohan,https://www.myneta.info/TamilNadu2021/candidate.php?candidate_id=2514,THONDAMUTHUR,IND,0,Graduate,https://myneta.info/image_v2.php?myneta_folder=TamilNadu2021&candidate_id=2514&col=ta,https://myneta.info/image_v2.php?myneta_folder=TamilNadu2021&candidate_id=2514&col=lia
478,137,Chakrapani M,https://www.myneta.info/TamilNadu2021/candidate.php?candidate_id=137,VANUR (SC),AIADMK,0,Graduate,"Rs 1,61,46,050 ~ 1 Crore+","Rs 39,04,024 ~ 39 Lacs+"
479,2821,Chandra Kumar P,https://www.myneta.info/TamilNadu2021/candidate.php?candidate_id=2821,ERODE WEST,Naam Tamilar Katchi,0,Post Graduate,"Rs 87,40,849 ~ 87 Lacs+","Rs 33,02,000 ~ 33 Lacs+"
480,1511,Chandra Prakash R,https://www.myneta.info/TamilNadu2021/candidate.php?candidate_id=1511,MAILAM,IND,0,12th Pass,https://myneta.info/image_v2.php?myneta_folder=TamilNadu2021&candidate_id=1511&col=ta,https://myneta.info/image_v2.php?myneta_folder=TamilNadu2021&candidate_id=1511&col=lia
481,3211,Chandra R,https://www.myneta.info/TamilNadu2021/candidate.php?candidate_id=3211,TIRUCHENGODU,IND,0,Graduate,"Rs 41,92,000 ~ 41 Lacs+","Rs 11,20,000 ~ 11 Lacs+"
482,2975,Chandra.P,https://www.myneta.info/TamilNadu2021/candidate.php?candidate_id=2975,KRISHNARAYAPURAM (SC),My India Party,0,10th Pass,"Rs 36,20,600 ~ 36 Lacs+",Rs 0 ~
483,4000,Chandralekha K,https://www.myneta.info/TamilNadu2021/candidate.php?candidate_id=4000,TINDIVANAM (SC),DMDK,0,Post Graduate,https://myneta.info/image_v2.php?myneta_folder=TamilNadu2021&candidate_id=4000&col=ta,https://myneta.info/image_v2.php?myneta_folder=TamilNadu2021&candidate_id=4000&col=lia
484,1336,Chandramohan.K.M,https://www.myneta.info/TamilNadu2021/candidate.php?candidate_id=1336,KRISHNAGIRI,NCP,1,8th Pass,"Rs 4,25,315 ~ 4 Lacs+",Rs 0 ~
485,405,Chandran M,https://www.myneta.info/TamilNadu2021/candidate.php?candidate_id=405,ERODE WEST,Ambedkarite Party of India,0,8th Pass,"Rs 2,00,000 ~ 2 Lacs+",Rs 0 ~
486,3145,Chandran P,https://www.myneta.info/TamilNadu2021/candidate.php?candidate_id=3145,SENTHAMANGALAM(ST),Amma Makkal Munnettra Kazagam,0,8th Pass,https://myneta.info/image_v2.php?myneta_folder=TamilNadu2021&candidate_id=3145&col=ta,https://myneta.info/image_v2.php?myneta_folder=TamilNadu2021&candidate_id=3145&col=lia
487,629,Chandran S,https://www.myneta.info/TamilNadu2021/candidate.php?candidate_id=629,SENTHAMANGALAM(ST),AIADMK,0,8th Pass,"Rs 98,05,607 ~ 98 Lacs+","Rs 85,00,000 ~ 85 Lacs+"
488,3502,Chandran S/O Ethirajilu,https://www.myneta.info/TamilNadu2021/candidate.php?candidate_id=3502,TIRUTTANI,IND,0,5th Pass,"Rs 89,960 ~ 89 Thou+",Rs 0 ~
489,3503,Chandran S/O Thandukan,https://www.myneta.info/TamilNadu2021/candidate.php?candidate_id=3503,TIRUTTANI,IND,0,Illiterate,https://myneta.info/image_v2.php?myneta_folder=TamilNadu2021&candidate_id=3503&col=ta,https://myneta.info/image_v2.php?myneta_folder=TamilNadu2021&candidate_id=3503&col=lia
490,965,"Chandran, K.",https://www.myneta.info/TamilNadu2021/candidate.php?candidate_id=965,COONOOR,IND,0,10th Pass,"Rs 12,000 ~ 12 Thou+",Rs 0 ~
491,2311,Chandran. R,https://www.myneta.info/TamilNadu2021/candidate.php?candidate_id=2311,HARBOUR,IND,0,Graduate Professional,"Rs 1,45,000 ~ 1 Lacs+",Rs 0 ~
492,3733,Chandrasegar.S,https://www.myneta.info/TamilNadu2021/candidate.php?candidate_id=3733,TENKASI,Puthiya Tamilagam,0,8th Pass,https://myneta.info/image_v2.php?myneta_folder=TamilNadu2021&candidate_id=3733&col=ta,https://myneta.info/image_v2.php?myneta_folder=TamilNadu2021&candidate_id=3733&col=lia
493,1541,Chandrasekar M.,https://www.myneta.info/TamilNadu2021/candidate.php?candidate_id=1541,MANAMADURAI (SC),Anaithu Makkal Puratchi Katchi,0,Post Graduate,"Rs 13,59,000 ~ 13 Lacs+","Rs 1,00,000 ~ 1 Lacs+"
494,3536,Chandrasekar V,https://www.myneta.info/TamilNadu2021/candidate.php?candidate_id=3536,MANAPPARAI,IND,0,10th Pass,"Rs 21,52,000 ~ 21 Lacs+",Rs 0 ~
495,5,Chandrasekar.A,https://www.myneta.info/TamilNadu2021/candidate.php?candidate_id=5,AVADI,IND,0,12th Pass,https://myneta.info/image_v2.php?myneta_folder=TamilNadu2021&candidate_id=5&col=ta,https://myneta.info/image_v2.php?myneta_folder=TamilNadu2021&candidate_id=5&col=lia
496,113,Chandrasekar.R,https://www.myneta.info/TamilNadu2021/candidate.php?candidate_id=113,MANAPPARAI,AIADMK,0,10th Pass,"Rs 3,61,59,383 ~ 3 Crore+","Rs 45,13,893 ~ 45 Lacs+"
497,3149,Chandrasekaran C,https://www.myneta.info/TamilNadu2021/candidate.php?candidate_id=3149,SENTHAMANGALAM(ST),IND,0,10th Pass,"Rs 6,29,78,250 ~ 6 Crore+","Rs 43,56,261 ~ 43 Lacs+"
498,3111,Chandrasekaran R,https://www.myneta.info/TamilNadu2021/candidate.php?candidate_id=3111,THIRUMANGALAM,IND,0,Graduate,https://myneta.info/image_v2.php?myneta_folder=TamilNadu2021&candidate_id=3111&col=ta,https://myneta.info/image_v2.php?myneta_folder=TamilNadu2021&candidate_id=3111&col=lia
499,3047,Chandrasekaran V,https://www.myneta.info/TamilNadu2021/candidate.php?candidate_id=3047,MADURAI EAST,IND,0,Literate,"Rs 70,000 ~ 70 Thou+",Rs 0 ~
500,2734,Chandrasekaran. G,https://www.myneta.info/TamilNadu2021/candidate.php?candidate_id=2734,SALEM WEST,IND,0,10th Pass,"Rs 3,30,000 ~ 3 Lacs+","Rs 1,60,000 ~ 1 Lacs+"
501,1052,Chandrasekaran.K,https://www.myneta.info/TamilNadu2021/candidate.php?candidate_id=1052,GANGAVALLI (SC),IND,0,10th Pass,https://myneta.info/image_v2.php?myneta_folder=TamilNadu2021&candidate_id=1052&col=ta,https://myneta.info/image_v2.php?myneta_folder=TamilNadu2021&candidate_id=1052&col=lia
502,2073,Chandrasekaran.R,https://www.myneta.info/TamilNadu2021/candidate.php?candidate_id=2073,TIRUPPUR NORTH,BSP,0,10th Pass,"Rs 21,30,000 ~ 21 Lacs+","Rs 1,10,000 ~ 1 Lacs+"
503,2492,"Chanthirika, R",https://www.myneta.info/TamilNadu2021/candidate.php?candidate_id=2492,SINGANALLUR,IND,0,10th Pass,"Rs 8,40,000 ~ 8 Lacs+","Rs 2,76,000 ~ 2 Lacs+"
504,269,Charles S,https://www.myneta.info/TamilNadu2021/candidate.php?candidate_id=269,AVADI,BSP,0,12th Pass,https://myneta.info/image_v2.php?myneta_folder=TamilNadu2021&candidate_id=269&col=ta,https://myneta.info/image_v2.php?myneta_folder=TamilNadu2021&candidate_id=269&col=lia
505,3547,"Charles Sagayaraj,P.",https://www.myneta.info/TamilNadu2021/candidate.php?candidate_id=3547,TIRUCHIRAPPALLI EAST,IND,0,Post Graduate,"Rs 11,66,000 ~ 11 Lacs+",Rs 0 ~
506,4056,Charli A,https://www.myneta.info/TamilNadu2021/candidate.php?candidate_id=4056,DHARAPURAM (SC),Makkal Needhi Maiam,0,Literate,"Rs 4,11,000 ~ 4 Lacs+","Rs 1,80,000 ~ 1 Lacs+"
507,4132,Chelladurai S,https://www.myneta.info/TamilNadu2021/candidate.php?candidate_id=4132,VILATHIKULAM,IND,0,5th Pass,https://myneta.info/image_v2.php?myneta_folder=TamilNadu2021&candidate_id=4132&col=ta,https://myneta.info/image_v2.php?myneta_folder=TamilNadu2021&candidate_id=4132&col=lia
508,2463,Chelladurai. S,https://www.myneta.info/TamilNadu2021/candidate.php?candidate_id=2463,COIMBATORE SOUTH,IND,0,12th Pass,"Rs 20,000 ~ 20 Thou+",Rs 0 ~
509,2634,Chellamuthu K,https://www.myneta.info/TamilNadu2021/candidate.php?candidate_id=2634,ODDANCHATRAM,IND,0,Graduate,"Rs 28,47,026 ~ 28 Lacs+",Rs 0 ~
510,2618,"Chellamuthu, A.",https://www.myneta.info/TamilNadu2021/candidate.php?candidate_id=2618,SANKARI,Amma Makkal Munnettra Kazagam,3,8th Pass,https://myneta.info/image_v2.php?myneta_folder=TamilNadu2021&candidate_id=2618&col=ta,https://myneta.info/image_v2.php?myneta_folder=TamilNadu2021&candidate_id=2618&col=lia
511,3894,"Chellapandian, P.",https://www.myneta.info/TamilNadu2021/candidate.php?candidate_id=3894,SATTUR,IND,0,Graduate,"Rs 4,16,545 ~ 4 Lacs+",Rs 0 ~
512,2077,Chellapandy. P.,https://www.myneta.info/TamilNadu2021/candidate.php?candidate_id=2077,TIRUPPUR SOUTH,BSP,0,Illiterate,"Rs 40,000 ~ 40 Thou+",Rs 0 ~
513,1705,Chellapppan.T,https://www.myneta.info/TamilNadu2021/candidate.php?candidate_id=1705,ROYAPURAM,IND,0,10th Pass,https://myneta.info/image_v2.php?myneta_folder=TamilNadu2021&candidate_id=1705&col=ta,https://myneta.info/image_v2.php?myneta_folder=TamilNadu2021&candidate_id=1705&col=lia
514,2874,Chelliah Pillai I.,https://www.myneta.info/TamilNadu2021/candidate.php?candidate_id=2874,KANNIYAKUMARI,IND,0,10th Pass,"Rs 13,01,027 ~ 13 Lacs+","Rs 8,73,000 ~ 8 Lacs+"
515,3941,Chennakesavan P,https://www.myneta.info/TamilNadu2021/candidate.php?candidate_id=3941,TIRUCHULI,IND,0,5th Pass,Nil,Rs 0 ~
516,4237,Chidambaram. V,https://www.myneta.info/TamilNadu2021/candidate.php?candidate_id=4237,POLUR,IND,0,10th Pass,https://myneta.info/image_v2.php?myneta_folder=TamilNadu2021&candidate_id=4237&col=ta,https://myneta.info/image_v2.php?myneta_folder=TamilNadu2021&candidate_id=4237&col=lia
517,86,Chidambharam V,https://www.myneta.info/TamilNadu2021/candidate.php?candidate_id=86,DHARAPURAM (SC),India Dravida Makkal Munnetra Katchi,0,Post Graduate,"Rs 13,32,000 ~ 13 Lacs+","Rs 8,45,213 ~ 8 Lacs+"
518,655,Chinnaiyah.T.K.M,https://www.myneta.info/TamilNadu2021/candidate.php?candidate_id=655,TAMBARAM,AIADMK,0,Graduate,"Rs 1,47,12,500 ~ 1 Crore+",Rs 0 ~
519,3749,Chinnaiyan S,https://www.myneta.info/TamilNadu2021/candidate.php?candidate_id=3749,ULUNDURPETTAI,Makkal Needhi Maiam,0,5th Pass,https://myneta.info/image_v2.php?myneta_folder=TamilNadu2021&candidate_id=3749&col=ta,https://myneta.info/image_v2.php?myneta_folder=TamilNadu2021&candidate_id=3749&col=lia
520,1467,Chinnammal. C,https://www.myneta.info/TamilNadu2021/candidate.php?candidate_id=1467,MADURAI WEST,DMK,2,8th Pass,"Rs 12,14,86,956 ~ 12 Crore+","Rs 22,33,290 ~ 22 Lacs+"
521,1545,Chinnan P,https://www.myneta.info/TamilNadu2021/candidate.php?candidate_id=1545,MANAPPARAI,IND,0,5th Pass,"Rs 28,90,200 ~ 28 Lacs+",Rs 0 ~
522,2102,Chinnanann M,https://www.myneta.info/TamilNadu2021/candidate.php?candidate_id=2102,VEERAPANDI,BSP,0,Graduate,https://myneta.info/image_v2.php?myneta_folder=TamilNadu2021&candidate_id=2102&col=ta,https://myneta.info/image_v2.php?myneta_folder=TamilNadu2021&candidate_id=2102&col=lia
523,824,Chinnappa K,https://www.myneta.info/TamilNadu2021/candidate.php?candidate_id=824,ARIYALUR,DMK,4,Graduate Professional,"Rs 1,46,71,830 ~ 1 Crore+","Rs 29,95,179 ~ 29 Lacs+"
524,58,Chinnappan P,https://www.myneta.info/TamilNadu2021/candidate.php?candidate_id=58,VILATHIKULAM,AIADMK,1,10th Pass,"Rs 2,84,58,000 ~ 2 Crore+","Rs 19,20,000 ~ 19 Lacs+"
525,1608,Chinnasamy M,https://www.myneta.info/TamilNadu2021/candidate.php?candidate_id=1608,VASUDEVANALLUR (SC),Makkal Needhi Maiam,0,5th Pass,https://myneta.info/image_v2.php?myneta_folder=TamilNadu2021&candidate_id=1608&col=ta,https://myneta.info/image_v2.php?myneta_folder=TamilNadu2021&candidate_id=1608&col=lia
526,2979,Chinnasamy.V,https://www.myneta.info/TamilNadu2021/candidate.php?candidate_id=2979,KRISHNARAYAPURAM (SC),IND,0,Graduate Professional,"Rs 15,000 ~ 15 Thou+",Rs 0 ~
527,2432,Chinnaswamy.T,https://www.myneta.info/TamilNadu2021/candidate.php?candidate_id=2432,UTHIRAMERUR,IND,0,8th Pass,"Rs 2,09,98,930 ~ 2 Crore+","Rs 14,47,358 ~ 14 Lacs+"
528,3200,Chinnathambi K,https://www.myneta.info/TamilNadu2021/candidate.php?candidate_id=3200,TIRUCHENGODU,RPI(A),0,5th Pass,https://myneta.info/image_v2.php?myneta_folder=TamilNadu2021&candidate_id=3200&col=ta,https://myneta.info/image_v2.php?myneta_folder=TamilNadu2021&candidate_id=3200&col=lia
529,3140,Chinnusamy P,https://www.myneta.info/TamilNadu2021/candidate.php?candidate_id=3140,RASIPURAM(SC),Ganasangam Party of India,0,10th Pass,"Rs 11,975 ~ 11 Thou+",Rs 0 ~
530,3537,Chithaiyan T,https://www.myneta.info/TamilNadu2021/candidate.php?candidate_id=3537,MANAPPARAI,IND,0,12th Pass,"Rs 2,36,000 ~ 2 Lacs+",Rs 0 ~
531,813,Chithambaram. A,https://www.myneta.info/TamilNadu2021/candidate.php?candidate_id=813,ARAVAKURICHI,IND,0,8th Pass,https://myneta.info/image_v2.php?myneta_folder=TamilNadu2021&candidate_id=813&col=ta,https://myneta.info/image_v2.php?myneta_folder=TamilNadu2021&candidate_id=813&col=lia
532,3170,Cho V,https://www.myneta.info/TamilNadu2021/candidate.php?candidate_id=3170,NAMAKKAL,IND,0,Graduate,"Rs 65,500 ~ 65 Thou+",Rs 0 ~
533,4211,D Manimaran,https://www.myneta.info/TamilNadu2021/candidate.php?candidate_id=4211,TIRUVANNAMALAI,IND,0,Graduate Professional,"Rs 5,42,504 ~ 5 Lacs+","Rs 11,28,000 ~ 11 Lacs+"
534,3956,D Ramu,https://www.myneta.info/TamilNadu2021/candidate.php?candidate_id=3956,KATPADI,IND,0,5th Pass,https://myneta.info/image_v2.php?myneta_folder=TamilNadu2021&candidate_id=3956&col=ta,https://myneta.info/image_v2.php?myneta_folder=TamilNadu2021&candidate_id=3956&col=lia
535,931,D. Chandra Prabu,https://www.myneta.info/TamilNadu2021/candidate.php?candidate_id=931,CHIDAMBARAM,BSP,0,12th Pass,"Rs 2,03,000 ~ 2 Lacs+","Rs 1,40,000 ~ 1 Lacs+"
536,3595,D. Dharmalingam,https://www.myneta.info/TamilNadu2021/candidate.php?candidate_id=3595,MUSIRI,Samaniya Makkal Nala Katchi,0,10th Pass,"Rs 9,11,600 ~ 9 Lacs+","Rs 23,000 ~ 23 Thou+"
537,2135,D. Jeevithkumar,https://www.myneta.info/TamilNadu2021/candidate.php?candidate_id=2135,ANNA NAGAR,BSP,0,Graduate,https://myneta.info/image_v2.php?myneta_folder=TamilNadu2021&candidate_id=2135&col=ta,https://myneta.info/image_v2.php?myneta_folder=TamilNadu2021&candidate_id=2135&col=lia
538,2695,D. Madesh,https://www.myneta.info/TamilNadu2021/candidate.php?candidate_id=2695,YERCAUD (ST),IND,0,Others,"Rs 81,401 ~ 81 Thou+",Rs 0 ~
539,3640,D.Arunraj,https://www.myneta.info/TamilNadu2021/candidate.php?candidate_id=3640,RADHAPURAM,IND,0,Graduate Professional,"Rs 14,061 ~ 14 Thou+",Rs 0 ~
540,1147,D.Gnanamoorthy,https://www.myneta.info/TamilNadu2021/candidate.php?candidate_id=1147,KANCHEEPURAM,IND,0,5th Pass,https://myneta.info/image_v2.php?myneta_folder=TamilNadu2021&candidate_id=1147&col=ta,https://myneta.info/image_v2.php?myneta_folder=TamilNadu2021&candidate_id=1147&col=lia
541,3797,D.Kalanithi,https://www.myneta.info/TamilNadu2021/candidate.php?candidate_id=3797,SHOLINGANALLUR,IND,0,Graduate,"Rs 22,000 ~ 22 Thou+",Rs 0 ~
542,2079,D.Krishnamoorthi,https://www.myneta.info/TamilNadu2021/candidate.php?candidate_id=2079,TIRUTTANI,DMDK,0,10th Pass,"Rs 1,83,61,348 ~ 1 Crore+",Rs 0 ~
543,1996,D.Kuppuramu,https://www.myneta.info/TamilNadu2021/candidate.php?candidate_id=1996,RAMANATHAPURAM,BJP,1,Graduate Professional,https://myneta.info/image_v2.php?myneta_folder=TamilNadu2021&candidate_id=1996&col=ta,https://myneta.info/image_v2.php?myneta_folder=TamilNadu2021&candidate_id=1996&col=lia
544,2793,D.M.Mohammad Nazeerudeen,https://www.myneta.info/TamilNadu2021/candidate.php?candidate_id=2793,SALEM SOUTH,IND,0,Post Graduate,"Rs 12,65,884 ~ 12 Lacs+","Rs 5,00,000 ~ 5 Lacs+"
545,678,D.Mohan,https://www.myneta.info/TamilNadu2021/candidate.php?candidate_id=678,THIRUVOTTIYUR,Makkal Needhi Maiam,0,10th Pass,"Rs 1,62,10,999 ~ 1 Crore+",Rs 0 ~
546,2759,D.Murali,https://www.myneta.info/TamilNadu2021/candidate.php?candidate_id=2759,SALEM NORTH,Dhesiya Makkal Kazhagam,0,Graduate,https://myneta.info/image_v2.php?myneta_folder=TamilNadu2021&candidate_id=2759&col=ta,https://myneta.info/image_v2.php?myneta_folder=TamilNadu2021&candidate_id=2759&col=lia
547,1307,D.Nilamani,https://www.myneta.info/TamilNadu2021/candidate.php?candidate_id=1307,KOLATHUR,IND,0,Illiterate,"Rs 1,88,580 ~ 1 Lacs+",Rs 0 ~
548,3504,D.Paulraj,https://www.myneta.info/TamilNadu2021/candidate.php?candidate_id=3504,TIRUTTANI,IND,0,Graduate Professional,"Rs 70,000 ~ 70 Thou+",Rs 0 ~
549,2253,D.Prabakaran,https://www.myneta.info/TamilNadu2021/candidate.php?candidate_id=2253,VIRUGAMPAKKAM,IND,0,5th Pass,https://myneta.info/image_v2.php?myneta_folder=TamilNadu2021&candidate_id=2253&col=ta,https://myneta.info/image_v2.php?myneta_folder=TamilNadu2021&candidate_id=2253&col=lia
550,301,D.Prakalatha,https://www.myneta.info/TamilNadu2021/candidate.php?candidate_id=301,ARANI,Naam Tamilar Katchi,1,Post Graduate,"Rs 22,30,000 ~ 22 Lacs+","Rs 5,62,000 ~ 5 Lacs+"
551,1411,D.R.Dharmaraj,https://www.myneta.info/TamilNadu2021/candidate.php?candidate_id=1411,LALGUDI,AIADMK,0,Post Graduate,"Rs 3,47,17,034 ~ 3 Crore+","Rs 22,37,117 ~ 22 Lacs+"
552,2094,D.Ramu,https://www.myneta.info/TamilNadu2021/candidate.php?candidate_id=2094,VANIYAMBADI,BSP,0,8th Pass,https://myneta.info/image_v2.php?myneta_folder=TamilNadu2021&candidate_id=2094&col=ta,https://myneta.info/image_v2.php?myneta_folder=TamilNadu2021&candidate_id=2094&col=lia
553,3851,D.Ravi,https://www.myneta.info/TamilNadu2021/candidate.php?candidate_id=3851,THIRUPORUR,IND,0,Literate,"Rs 14,000 ~ 14 Thou+",Rs 0 ~
554,3681,D.Sasiraj,https://www.myneta.info/TamilNadu2021/candidate.php?candidate_id=3681,THIRUVOTTIYUR,Samata Party,0,Graduate Professional,"Rs 3,04,45,000 ~ 3 Crore+",Rs 0 ~
555,3647,D.Sheik Syed Ali,https://www.myneta.info/TamilNadu2021/candidate.php?candidate_id=3647,RADHAPURAM,IND,0,8th Pass,https://myneta.info/image_v2.php?myneta_folder=TamilNadu2021&candidate_id=3647&col=ta,https://myneta.info/image_v2.php?myneta_folder=TamilNadu2021&candidate_id=3647&col=lia
556,3798,D.Srinivasan,https://www.myneta.info/TamilNadu2021/candidate.php?candidate_id=3798,SHOLINGANALLUR,IND,0,12th Pass,"Rs 14,000 ~ 14 Thou+",Rs 0 ~
557,1773,D.Subamangalam,https://www.myneta.info/TamilNadu2021/candidate.php?candidate_id=1773,VILLIVAKKAM,DMDK,0,10th Pass,"Rs 16,73,000 ~ 16 Lacs+",Rs 0 ~
558,2250,D.Sundar Singh,https://www.myneta.info/TamilNadu2021/candidate.php?candidate_id=2250,VIRUGAMPAKKAM,IND,0,12th Pass,https://myneta.info/image_v2.php?myneta_folder=TamilNadu2021&candidate_id=2250&col=ta,https://myneta.info/image_v2.php?myneta_folder=TamilNadu2021&candidate_id=2250&col=lia
559,1762,D.Sureshbabu,https://www.myneta.info/TamilNadu2021/candidate.php?candidate_id=1762,KOLATHUR,Desiya Makkal Sakthi Katchi,0,Post Graduate,"Rs 2,85,10,742 ~ 2 Crore+","Rs 99,67,075 ~ 99 Lacs+"
560,3686,D.Thamizhizhan,https://www.myneta.info/TamilNadu2021/candidate.php?candidate_id=3686,THIRUVOTTIYUR,IND,0,Graduate,"Rs 5,000 ~ 5 Thou+",Rs 0 ~
561,245,D.Velazhagan,https://www.myneta.info/TamilNadu2021/candidate.php?candidate_id=245,ANAIKATTU,AIADMK,0,10th Pass,https://myneta.info/image_v2.php?myneta_folder=TamilNadu2021&candidate_id=245&col=ta,https://myneta.info/image_v2.php?myneta_folder=TamilNadu2021&candidate_id=245&col=lia
562,3808,D.Venugopal,https://www.myneta.info/TamilNadu2021/candidate.php?candidate_id=3808,SHOLINGANALLUR,IND,0,Illiterate,"Rs 5,60,000 ~ 5 Lacs+",Rs 0 ~
563,240,D.Vidangar,https://www.myneta.info/TamilNadu2021/candidate.php?candidate_id=240,ALANGUDI,Amma Makkal Munnettra Kazagam,0,Graduate,"Rs 1,69,59,788 ~ 1 Crore+",Rs 0 ~
564,4025,Dakshinamoorthy Su Va,https://www.myneta.info/TamilNadu2021/candidate.php?candidate_id=4025,VILLUPURAM,IND,0,12th Pass,https://myneta.info/image_v2.php?myneta_folder=TamilNadu2021&candidate_id=4025&col=ta,https://myneta.info/image_v2.php?myneta_folder=TamilNadu2021&candidate_id=4025&col=lia
565,4239,Daksnamoorthy. R,https://www.myneta.info/TamilNadu2021/candidate.php?candidate_id=4239,POLUR,IND,0,5th Pass,"Rs 3,41,210 ~ 3 Lacs+",Rs 0 ~
566,2455,Dalit. Su. Jeyaraj,https://www.myneta.info/TamilNadu2021/candidate.php?candidate_id=2455,COIMBATORE NORTH,IND,0,Post Graduate,"Rs 26,28,100 ~ 26 Lacs+","Rs 3,53,000 ~ 3 Lacs+"
567,1290,Damodaran.S,https://www.myneta.info/TamilNadu2021/candidate.php?candidate_id=1290,KINATHUKADAVU,AIADMK,0,10th Pass,https://myneta.info/image_v2.php?myneta_folder=TamilNadu2021&candidate_id=1290&col=ta,https://myneta.info/image_v2.php?myneta_folder=TamilNadu2021&candidate_id=1290&col=lia
568,2315,Damodharan. A.G,https://www.myneta.info/TamilNadu2021/candidate.php?candidate_id=2315,HARBOUR,IND,0,Graduate Professional,"Rs 3,11,000 ~ 3 Lacs+",Rs 0 ~
569,1649,Daniel Jude Martin,https://www.myneta.info/TamilNadu2021/candidate.php?candidate_id=1649,SRIRANGAM,Makkal Munnetra Peravai,0,Post Graduate,"Rs 20,27,500 ~ 20 Lacs+","Rs 5,00,000 ~ 5 Lacs+"
570,394,Daniel Sachin Mani.E,https://www.myneta.info/TamilNadu2021/candidate.php?candidate_id=394,DR.RADHAKRISHNAN NAGAR,IND,0,Graduate,https://myneta.info/image_v2.php?myneta_folder=TamilNadu2021&candidate_id=394&col=ta,https://myneta.info/image_v2.php?myneta_folder=TamilNadu2021&candidate_id=394&col=lia
571,1236,Daniya,https://www.myneta.info/TamilNadu2021/candidate.php?candidate_id=1236,KARUR,IND,0,Graduate Professional,"Rs 7,24,890 ~ 7 Lacs+","Rs 6,40,000 ~ 6 Lacs+"
572,4011,Dass K,https://www.myneta.info/TamilNadu2021/candidate.php?candidate_id=4011,VILLUPURAM,Makkal Needhi Maiam,0,12th Pass,"Rs 18,75,000 ~ 18 Lacs+",Rs 0 ~
573,3085,"David Annadurai, K.",https://www.myneta.info/TamilNadu2021/candidate.php?candidate_id=3085,THIRUPARANKUNDRAM,Amma Makkal Munnettra Kazagam,4,Graduate Professional,https://myneta.info/image_v2.php?myneta_folder=TamilNadu2021&candidate_id=3085&col=ta,https://myneta.info/image_v2.php?myneta_folder=TamilNadu2021&candidate_id=3085&col=lia
574,3538,David P,https://www.myneta.info/TamilNadu2021/candidate.php?candidate_id=3538,MANAPPARAI,IND,0,5th Pass,"Rs 1,84,000 ~ 1 Lacs+",Rs 0 ~
575,2169,Deeban M,https://www.myneta.info/TamilNadu2021/candidate.php?candidate_id=2169,THOUSAND LIGHTS,IND,0,12th Pass,"Rs 1,85,000 ~ 1 Lacs+",Rs 0 ~
576,3754,Deepa,https://www.myneta.info/TamilNadu2021/candidate.php?candidate_id=3754,ULUNDURPETTAI,IND,0,8th Pass,https://myneta.info/image_v2.php?myneta_folder=TamilNadu2021&candidate_id=3754&col=ta,https://myneta.info/image_v2.php?myneta_folder=TamilNadu2021&candidate_id=3754&col=lia
577,521,Deepak. S,https://www.myneta.info/TamilNadu2021/candidate.php?candidate_id=521,MADHAVARAM,BSP,0,Graduate Professional,"Rs 4,32,000 ~ 4 Lacs+","Rs 1,50,000 ~ 1 Lacs+"
578,3171,Deepan Chakkravarthi S,https://www.myneta.info/TamilNadu2021/candidate.php?candidate_id=3171,NAMAKKAL,IND,0,12th Pass,"Rs 21,274 ~ 21 Thou+",Rs 0 ~
579,2963,Deepanandh.N,https://www.myneta.info/TamilNadu2021/candidate.php?candidate_id=2963,KARUR,IND,0,Graduate Professional,https://myneta.info/image_v2.php?myneta_folder=TamilNadu2021&candidate_id=2963&col=ta,https://myneta.info/image_v2.php?myneta_folder=TamilNadu2021&candidate_id=2963&col=lia
580,722,Deivasigamani.K,https://www.myneta.info/TamilNadu2021/candidate.php?candidate_id=722,TIRUPPUR NORTH,Ezhuchi Tamilargal Munnetra Kazhagam,0,Literate,"Rs 5,96,000 ~ 5 Lacs+","Rs 45,000 ~ 45 Thou+"
581,4100,Deiveegan. K.,https://www.myneta.info/TamilNadu2021/candidate.php?candidate_id=4100,TIRUPPUR SOUTH,Anna Puratchi Thalaivar Amma Dravida Munnetra Kazhagam,0,10th Pass,"Rs 65,41,000 ~ 65 Lacs+",Rs 0 ~
582,2185,Delhi Raji.S,https://www.myneta.info/TamilNadu2021/candidate.php?candidate_id=2185,VANIYAMBADI,IND,0,12th Pass,https://myneta.info/image_v2.php?myneta_folder=TamilNadu2021&candidate_id=2185&col=ta,https://myneta.info/image_v2.php?myneta_folder=TamilNadu2021&candidate_id=2185&col=lia
583,3447,"Delipan, K.",https://www.myneta.info/TamilNadu2021/candidate.php?candidate_id=3447,PERAVURANI,Naam Tamilar Katchi,0,10th Pass,"Rs 1,69,120 ~ 1 Lacs+",Rs 0 ~
584,3495,Desingurajan.D,https://www.myneta.info/TamilNadu2021/candidate.php?candidate_id=3495,PONNERI (SC),Makkal Needhi Maiam,0,12th Pass,"Rs 10,15,500 ~ 10 Lacs+",Rs 0 ~
585,823,Deva P,https://www.myneta.info/TamilNadu2021/candidate.php?candidate_id=823,ARIYALUR,IND,0,12th Pass,https://myneta.info/image_v2.php?myneta_folder=TamilNadu2021&candidate_id=823&col=ta,https://myneta.info/image_v2.php?myneta_folder=TamilNadu2021&candidate_id=823&col=lia
586,3548,"Devakumar,T.",https://www.myneta.info/TamilNadu2021/candidate.php?candidate_id=3548,TIRUCHIRAPPALLI EAST,IND,0,8th Pass,"Rs 31,60,000 ~ 31 Lacs+","Rs 2,00,000 ~ 2 Lacs+"
587,389,Devakumar.R,https://www.myneta.info/TamilNadu2021/candidate.php?candidate_id=389,DR.RADHAKRISHNAN NAGAR,IND,0,Graduate Professional,"Rs 10,41,000 ~ 10 Lacs+",Rs 0 ~
588,4013,Devanathan N,https://www.myneta.info/TamilNadu2021/candidate.php?candidate_id=4013,VILLUPURAM,Veerath Thiyagi Viswanathadoss Thozhilalarkal Katchi,0,Graduate,https://myneta.info/image_v2.php?myneta_folder=TamilNadu2021&candidate_id=4013&col=ta,https://myneta.info/image_v2.php?myneta_folder=TamilNadu2021&candidate_id=4013&col=lia
589,420,Devanathan R,https://www.myneta.info/TamilNadu2021/candidate.php?candidate_id=420,GUMMIDIPOONDI,IND,0,Graduate Professional,"Rs 10,000 ~ 10 Thou+",Rs 0 ~
590,3188,Devandran G,https://www.myneta.info/TamilNadu2021/candidate.php?candidate_id=3188,PARAMATHIVELUR,IND,0,Others,"Rs 25,000 ~ 25 Thou+",Rs 0 ~
591,3598,Devanur Karthick,https://www.myneta.info/TamilNadu2021/candidate.php?candidate_id=3598,MUSIRI,IND,0,Post Graduate,https://myneta.info/image_v2.php?myneta_folder=TamilNadu2021&candidate_id=3598&col=ta,https://myneta.info/image_v2.php?myneta_folder=TamilNadu2021&candidate_id=3598&col=lia
592,429,Devappa Y,https://www.myneta.info/TamilNadu2021/candidate.php?candidate_id=429,HOSUR,IND,0,10th Pass,"Rs 33,75,000 ~ 33 Lacs+",Rs 0 ~
593,1066,Devaraj N,https://www.myneta.info/TamilNadu2021/candidate.php?candidate_id=1066,GOBICHETTIPALAYAM,IND,0,12th Pass,"Rs 34,79,700 ~ 34 Lacs+","Rs 6,48,000 ~ 6 Lacs+"
594,1812,Devaraj.M,https://www.myneta.info/TamilNadu2021/candidate.php?candidate_id=1812,DR.RADHAKRISHNAN NAGAR,IND,0,8th Pass,https://myneta.info/image_v2.php?myneta_folder=TamilNadu2021&candidate_id=1812&col=ta,https://myneta.info/image_v2.php?myneta_folder=TamilNadu2021&candidate_id=1812&col=lia
595,1124,Devaraj.V.K.,https://www.myneta.info/TamilNadu2021/candidate.php?candidate_id=1124,JOLARPET,IND,0,10th Pass,"Rs 10,92,000 ~ 10 Lacs+",Rs 0 ~
596,2417,Devarajan,https://www.myneta.info/TamilNadu2021/candidate.php?candidate_id=2417,SRIPERUMBUDUR (SC),IND,0,Graduate Professional,"Rs 4,74,000 ~ 4 Lacs+",Rs 0 ~
597,1855,Devaraji.K.,https://www.myneta.info/TamilNadu2021/candidate.php?candidate_id=1855,JOLARPET,DMK,3,8th Pass,https://myneta.info/image_v2.php?myneta_folder=TamilNadu2021&candidate_id=1855&col=ta,https://myneta.info/image_v2.php?myneta_folder=TamilNadu2021&candidate_id=1855&col=lia
598,1126,Devaraji.R.,https://www.myneta.info/TamilNadu2021/candidate.php?candidate_id=1126,JOLARPET,IND,0,10th Pass,"Rs 9,92,000 ~ 9 Lacs+",Rs 0 ~
599,2844,"Devendaramanickam, S. R.",https://www.myneta.info/TamilNadu2021/candidate.php?candidate_id=2844,PERUNDURAI,IND,0,Post Graduate,"Rs 75,42,100 ~ 75 Lacs+","Rs 10,00,000 ~ 10 Lacs+"
600,1306,Devikarani,https://www.myneta.info/TamilNadu2021/candidate.php?candidate_id=1306,KOLATHUR,IND,0,Post Graduate,https://myneta.info/image_v2.php?myneta_folder=TamilNadu2021&candidate_id=1306&col=ta,https://myneta.info/image_v2.php?myneta_folder=TamilNadu2021&candidate_id=1306&col=lia
601,1144,Devimangayarkarasi.K,https://www.myneta.info/TamilNadu2021/candidate.php?candidate_id=1144,KALLAKURICHI (SC),IND,0,Doctorate,"Rs 2,58,500 ~ 2 Lacs+",Rs 0 ~
602,588,"Dhakshinamurthi, K. S.",https://www.myneta.info/TamilNadu2021/candidate.php?candidate_id=588,PERUNDURAI,Desiya Makkal Sakthi Katchi,0,Graduate Professional,"Rs 39,13,369 ~ 39 Lacs+","Rs 2,00,000 ~ 2 Lacs+"
603,520,Dhakshnamoorthy. D,https://www.myneta.info/TamilNadu2021/candidate.php?candidate_id=520,MADHAVARAM,Amma Makkal Munnettra Kazagam,0,Graduate,https://myneta.info/image_v2.php?myneta_folder=TamilNadu2021&candidate_id=520&col=ta,https://myneta.info/image_v2.php?myneta_folder=TamilNadu2021&candidate_id=520&col=lia
604,3895,"Dhamodharan, S.",https://www.myneta.info/TamilNadu2021/candidate.php?candidate_id=3895,SATTUR,IND,0,10th Pass,"Rs 3,74,197 ~ 3 Lacs+",Rs 0 ~
605,3914,Dhamotharan R,https://www.myneta.info/TamilNadu2021/candidate.php?candidate_id=3914,VIRUDHUNAGAR,IND,0,5th Pass,"Rs 69,77,364 ~ 69 Lacs+","Rs 3,22,000 ~ 3 Lacs+"
606,1215,Dhanabal,https://www.myneta.info/TamilNadu2021/candidate.php?candidate_id=1215,KARUR,IND,0,Graduate Professional,https://myneta.info/image_v2.php?myneta_folder=TamilNadu2021&candidate_id=1215&col=ta,https://myneta.info/image_v2.php?myneta_folder=TamilNadu2021&candidate_id=1215&col=lia
607,1070,Dhanabal K,https://www.myneta.info/TamilNadu2021/candidate.php?candidate_id=1070,GOBICHETTIPALAYAM,IND,0,5th Pass,"Rs 4,00,000 ~ 4 Lacs+",Rs 0 ~
608,3059,Dhanagopal S,https://www.myneta.info/TamilNadu2021/candidate.php?candidate_id=3059,SHOLAVANDAN (SC),IND,0,Post Graduate,"Rs 1,00,000 ~ 1 Lacs+",Rs 0 ~
609,404,Dhanalakshmi A,https://www.myneta.info/TamilNadu2021/candidate.php?candidate_id=404,ERODE WEST,BSP,0,Illiterate,https://myneta.info/image_v2.php?myneta_folder=TamilNadu2021&candidate_id=404&col=ta,https://myneta.info/image_v2.php?myneta_folder=TamilNadu2021&candidate_id=404&col=lia
610,1232,Dhanalakshmi.M,https://www.myneta.info/TamilNadu2021/candidate.php?candidate_id=1232,KARUR,Ganasangam Party of India,0,Others,"Rs 16,200 ~ 16 Thou+",Rs 0 ~
611,3251,Dhanalakshmi.M,https://www.myneta.info/TamilNadu2021/candidate.php?candidate_id=3251,VIRALIMALAI,IND,0,10th Pass,"Rs 1,24,72,735 ~ 1 Crore+","Rs 67,36,859 ~ 67 Lacs+"
612,3777,Dhanam K,https://www.myneta.info/TamilNadu2021/candidate.php?candidate_id=3777,SANKARAPURAM,IND,0,Illiterate,https://myneta.info/image_v2.php?myneta_folder=TamilNadu2021&candidate_id=3777&col=ta,https://myneta.info/image_v2.php?myneta_folder=TamilNadu2021&candidate_id=3777&col=lia
613,3750,Dhanapal P,https://www.myneta.info/TamilNadu2021/candidate.php?candidate_id=3750,ULUNDURPETTAI,LJP,0,8th Pass,"Rs 2,52,838 ~ 2 Lacs+",Rs 0 ~
614,68,"Dhanapal, P",https://www.myneta.info/TamilNadu2021/candidate.php?candidate_id=68,AVANASHI (SC),AIADMK,0,Post Graduate,"Rs 4,94,43,148 ~ 4 Crore+","Rs 1,81,16,143 ~ 1 Crore+"
615,1754,Dhanapalan N.R,https://www.myneta.info/TamilNadu2021/candidate.php?candidate_id=1754,PERAMBUR,AIADMK,4,Post Graduate,https://myneta.info/image_v2.php?myneta_folder=TamilNadu2021&candidate_id=1754&col=ta,https://myneta.info/image_v2.php?myneta_folder=TamilNadu2021&candidate_id=1754&col=lia
616,3978,Dhanaseelan,https://www.myneta.info/TamilNadu2021/candidate.php?candidate_id=3978,KILVAITHINANKUPPAM (SC),DMDK,0,Graduate Professional,"Rs 18,90,000 ~ 18 Lacs+",Rs 0 ~
617,3401,"Dhanasekar, V.",https://www.myneta.info/TamilNadu2021/candidate.php?candidate_id=3401,THIRUVIDAIMARUDUR (SC),IND,0,Graduate Professional,"Rs 2,60,368 ~ 2 Lacs+",Rs 0 ~
618,682,Dhanasekaran R,https://www.myneta.info/TamilNadu2021/candidate.php?candidate_id=682,THIYAGARAYANAGAR,Desiya Makkal Sakthi Katchi,2,10th Pass,https://myneta.info/image_v2.php?myneta_folder=TamilNadu2021&candidate_id=682&col=ta,https://myneta.info/image_v2.php?myneta_folder=TamilNadu2021&candidate_id=682&col=lia
619,3134,Dhanasekaran T,https://www.myneta.info/TamilNadu2021/candidate.php?candidate_id=3134,USILAMPATTI,IND,0,12th Pass,"Rs 14,35,000 ~ 14 Lacs+",Rs 0 ~
620,1706,Dhanasekaran.G,https://www.myneta.info/TamilNadu2021/candidate.php?candidate_id=1706,ROYAPURAM,IND,0,Graduate Professional,"Rs 71,14,780 ~ 71 Lacs+",Rs 0 ~
621,2371,Dhanasekaran.S,https://www.myneta.info/TamilNadu2021/candidate.php?candidate_id=2371,NEYVELI,IND,0,10th Pass,https://myneta.info/image_v2.php?myneta_folder=TamilNadu2021&candidate_id=2371&col=ta,https://myneta.info/image_v2.php?myneta_folder=TamilNadu2021&candidate_id=2371&col=lia
622,3924,Dhanasekarapandian,https://www.myneta.info/TamilNadu2021/candidate.php?candidate_id=3924,ARUPPUKOTTAI,IND,0,10th Pass,Nil,Rs 0 ~
623,952,Dhandabani,https://www.myneta.info/TamilNadu2021/candidate.php?candidate_id=952,COIMBATORE SOUTH,IND,0,5th Pass,"Rs 61,00,043 ~ 61 Lacs+","Rs 5,25,000 ~ 5 Lacs+"
624,2285,Dhanush M,https://www.myneta.info/TamilNadu2021/candidate.php?candidate_id=2285,THIYAGARAYANAGAR,United States of India Party,0,Post Graduate,https://myneta.info/image_v2.php?myneta_folder=TamilNadu2021&candidate_id=2285&col=ta,https://myneta.info/image_v2.php?myneta_folder=TamilNadu2021&candidate_id=2285&col=lia
625,854,Dharani K,https://www.myneta.info/TamilNadu2021/candidate.php?candidate_id=854,AVADI,IND,0,8th Pass,"Rs 10,57,551 ~ 10 Lacs+",Rs 0 ~
626,766,Dharma Thangavel,https://www.myneta.info/TamilNadu2021/candidate.php?candidate_id=766,ALANGUDI,AIADMK,0,Post Graduate,"Rs 1,08,06,307 ~ 1 Crore+","Rs 12,74,000 ~ 12 Lacs+"
627,3959,Dharmalingam .V.D,https://www.myneta.info/TamilNadu2021/candidate.php?candidate_id=3959,VELLORE,Amma Makkal Munnettra Kazagam,0,Illiterate,https://myneta.info/image_v2.php?myneta_folder=TamilNadu2021&candidate_id=3959&col=ta,https://myneta.info/image_v2.php?myneta_folder=TamilNadu2021&candidate_id=3959&col=lia
628,2788,Dharmalingam Dr Marur N,https://www.myneta.info/TamilNadu2021/candidate.php?candidate_id=2788,VEDASANDUR,IND,0,10th Pass,"Rs 8,856 ~ 8 Thou+",Rs 0 ~
629,1636,Dharmalingam K.,https://www.myneta.info/TamilNadu2021/candidate.php?candidate_id=1636,RAJAPALAYAM,RPI(A),0,Graduate Professional,"Rs 1,20,307 ~ 1 Lacs+",Rs 0 ~
630,2475,Dharmalingam.K,https://www.myneta.info/TamilNadu2021/candidate.php?candidate_id=2475,KINATHUKADAVU,IND,0,10th Pass,https://myneta.info/image_v2.php?myneta_folder=TamilNadu2021&candidate_id=2475&col=ta,https://myneta.info/image_v2.php?myneta_folder=TamilNadu2021&candidate_id=2475&col=lia
631,1958,Dharmalingam.M,https://www.myneta.info/TamilNadu2021/candidate.php?candidate_id=1958,SIVAKASI,IND,0,Others,"Rs 36,554 ~ 36 Thou+",Rs 0 ~
632,2529,Dharuman. K,https://www.myneta.info/TamilNadu2021/candidate.php?candidate_id=2529,PENNAGARAM,IND,0,Graduate,"Rs 15,00,000 ~ 15 Lacs+",Rs 0 ~
633,3519,Dhasarathan R,https://www.myneta.info/TamilNadu2021/candidate.php?candidate_id=3519,POONAMALLEE (SC),IND,0,5th Pass,https://myneta.info/image_v2.php?myneta_folder=TamilNadu2021&candidate_id=3519&col=ta,https://myneta.info/image_v2.php?myneta_folder=TamilNadu2021&candidate_id=3519&col=lia
634,3561,"Dheepan, M.",https://www.myneta.info/TamilNadu2021/candidate.php?candidate_id=3561,TIRUCHIRAPPALLI WEST,IND,0,Others,"Rs 96,000 ~ 96 Thou+",Rs 0 ~
635,460,Dherpoki V Pandi,https://www.myneta.info/TamilNadu2021/candidate.php?candidate_id=460,KARAIKUDI,Amma Makkal Munnettra Kazagam,5,10th Pass,"Rs 23,31,00,582 ~ 23 Crore+","Rs 13,20,03,498 ~ 13 Crore+"
636,3306,"Dhetchena Moorthy, Dr. S",https://www.myneta.info/TamilNadu2021/candidate.php?candidate_id=3306,ARANTHANGI,IND,0,Graduate Professional,https://myneta.info/image_v2.php?myneta_folder=TamilNadu2021&candidate_id=3306&col=ta,https://myneta.info/image_v2.php?myneta_folder=TamilNadu2021&candidate_id=3306&col=lia
637,2372,Dhiliban.U,https://www.myneta.info/TamilNadu2021/candidate.php?candidate_id=2372,NEYVELI,IND,0,12th Pass,"Rs 3,62,207 ~ 3 Lacs+",Rs 0 ~
638,4204,Dhinakaran.H,https://www.myneta.info/TamilNadu2021/candidate.php?candidate_id=4204,CHENGAM (SC),IND,0,12th Pass,"Rs 91,000 ~ 91 Thou+",Rs 0 ~
639,4123,"Dhivya,D.",https://www.myneta.info/TamilNadu2021/candidate.php?candidate_id=4123,UDUMALAIPETTAI,IND,0,Post Graduate,https://myneta.info/image_v2.php?myneta_folder=TamilNadu2021&candidate_id=4123&col=ta,https://myneta.info/image_v2.php?myneta_folder=TamilNadu2021&candidate_id=4123&col=lia
640,2373,Dhurga.K,https://www.myneta.info/TamilNadu2021/candidate.php?candidate_id=2373,NEYVELI,IND,0,10th Pass,"Rs 80,500 ~ 80 Thou+","Rs 2,30,000 ~ 2 Lacs+"
641,894,Dillibabu.S,https://www.myneta.info/TamilNadu2021/candidate.php?candidate_id=894,CHENGALPATTU,Tipu Sultan Party,0,Graduate,"Rs 2,45,000 ~ 2 Lacs+",Rs 0 ~
642,1091,Dilliy K.M,https://www.myneta.info/TamilNadu2021/candidate.php?candidate_id=1091,GUMMIDIPOONDI,DMDK,0,8th Pass,https://myneta.info/image_v2.php?myneta_folder=TamilNadu2021&candidate_id=1091&col=ta,https://myneta.info/image_v2.php?myneta_folder=TamilNadu2021&candidate_id=1091&col=lia
643,1702,Dinakaran.S,https://www.myneta.info/TamilNadu2021/candidate.php?candidate_id=1702,ROYAPURAM,IND,0,Graduate Professional,"Rs 36,85,587 ~ 36 Lacs+",Rs 0 ~
644,3431,"Dinesh Babu, D.",https://www.myneta.info/TamilNadu2021/candidate.php?candidate_id=3431,THANJAVUR,IND,0,12th Pass,"Rs 37,209 ~ 37 Thou+",Rs 0 ~
645,3151,Dinesh C,https://www.myneta.info/TamilNadu2021/candidate.php?candidate_id=3151,SENTHAMANGALAM(ST),IND,0,Post Graduate,https://myneta.info/image_v2.php?myneta_folder=TamilNadu2021&candidate_id=3151&col=ta,https://myneta.info/image_v2.php?myneta_folder=TamilNadu2021&candidate_id=3151&col=lia
646,3048,Dinesh G,https://www.myneta.info/TamilNadu2021/candidate.php?candidate_id=3048,MADURAI EAST,IND,0,10th Pass,"Rs 90,000 ~ 90 Thou+",Rs 0 ~
647,3856,Dinesh. K,https://www.myneta.info/TamilNadu2021/candidate.php?candidate_id=3856,MADURANTAKAM (SC),Makkal Needhi Maiam,0,Post Graduate,"Rs 24,54,500 ~ 24 Lacs+","Rs 14,04,000 ~ 14 Lacs+"
648,1142,Dinesh.M,https://www.myneta.info/TamilNadu2021/candidate.php?candidate_id=1142,KALLAKURICHI (SC),My India Party,0,Others,https://myneta.info/image_v2.php?myneta_folder=TamilNadu2021&candidate_id=1142&col=ta,https://myneta.info/image_v2.php?myneta_folder=TamilNadu2021&candidate_id=1142&col=lia
649,1300,Divya,https://www.myneta.info/TamilNadu2021/candidate.php?candidate_id=1300,KOLATHUR,IND,0,Graduate Professional,"Rs 18,25,000 ~ 18 Lacs+","Rs 8,00,000 ~ 8 Lacs+"
650,674,"Divya Bharathi, M.",https://www.myneta.info/TamilNadu2021/candidate.php?candidate_id=674,THIRUVIDAIMARUDUR (SC),Naam Tamilar Katchi,0,Graduate Professional,"Rs 2,61,000 ~ 2 Lacs+",Rs 0 ~
651,3741,Doctor. Karuppasamy.S,https://www.myneta.info/TamilNadu2021/candidate.php?candidate_id=3741,TENKASI,IND,0,Doctorate,https://myneta.info/image_v2.php?myneta_folder=TamilNadu2021&candidate_id=3741&col=ta,https://myneta.info/image_v2.php?myneta_folder=TamilNadu2021&candidate_id=3741&col=lia
652,227,Doctor.V.Sivasankaran,https://www.myneta.info/TamilNadu2021/candidate.php?candidate_id=227,NATHAM,Naam Tamilar Katchi,6,Doctorate,"Rs 57,98,500 ~ 57 Lacs+","Rs 8,03,000 ~ 8 Lacs+"
653,2164,Domnic A,https://www.myneta.info/TamilNadu2021/candidate.php?candidate_id=2164,THOUSAND LIGHTS,Nam India Naam Indiyar Katchi,0,Others,"Rs 36,100 ~ 36 Thou+",Rs 0 ~
654,670,"Doss, D.",https://www.myneta.info/TamilNadu2021/candidate.php?candidate_id=670,THIRUVALLUR,BSP,0,10th Pass,https://myneta.info/image_v2.php?myneta_folder=TamilNadu2021&candidate_id=670&col=ta,https://myneta.info/image_v2.php?myneta_folder=TamilNadu2021&candidate_id=670&col=lia
655,1004,Dr. Kalidas . P,https://www.myneta.info/TamilNadu2021/candidate.php?candidate_id=1004,DR.RADHAKRISHNAN NAGAR,Amma Makkal Munnettra Kazagam,0,Post Graduate,"Rs 13,73,33,735 ~ 13 Crore+","Rs 3,91,84,255 ~ 3 Crore+"
656,1512,Dr. Masilamani R,https://www.myneta.info/TamilNadu2021/candidate.php?candidate_id=1512,MAILAM,DMK,8,Graduate Professional,"Rs 2,02,71,081 ~ 2 Crore+","Rs 32,57,694 ~ 32 Lacs+"
657,1730,Dr. Santhosh Babu Ias (Retd),https://www.myneta.info/TamilNadu2021/candidate.php?candidate_id=1730,VELACHERY,Makkal Needhi Maiam,0,Post Graduate,https://myneta.info/image_v2.php?myneta_folder=TamilNadu2021&candidate_id=1730&col=ta,https://myneta.info/image_v2.php?myneta_folder=TamilNadu2021&candidate_id=1730&col=lia
658,635,Dr. V.Kandan,https://www.myneta.info/TamilNadu2021/candidate.php?candidate_id=635,SHOLINGANALLUR,IND,0,10th Pass,"Rs 55,21,000 ~ 55 Lacs+","Rs 3,87,618 ~ 3 Lacs+"
659,1982,"Dr. Varadharajan, K.",https://www.myneta.info/TamilNadu2021/candidate.php?candidate_id=1982,POLLACHI,DMK,14,Post Graduate,"Rs 18,03,11,266 ~ 18 Crore+","Rs 87,19,457 ~ 87 Lacs+"
660,3390,Dr.A.Parthasarathy,https://www.myneta.info/TamilNadu2021/candidate.php?candidate_id=3390,SIVAGANGA,IND,0,Doctorate,https://myneta.info/image_v2.php?myneta_folder=TamilNadu2021&candidate_id=3390&col=ta,https://myneta.info/image_v2.php?myneta_folder=TamilNadu2021&candidate_id=3390&col=lia
661,1940,"Dr.Jawahirullah, M.H.",https://www.myneta.info/TamilNadu2021/candidate.php?candidate_id=1940,PAPANASAM,DMK,1,Doctorate,"Rs 2,75,69,226 ~ 2 Crore+",Rs 0 ~
662,3467,Dr.K.Kathirkamu,https://www.myneta.info/TamilNadu2021/candidate.php?candidate_id=3467,PERIYAKULAM (SC),Amma Makkal Munnettra Kazagam,1,Post Graduate,"Rs 2,47,07,275 ~ 2 Crore+","Rs 31,90,511 ~ 31 Lacs+"
663,14,Dr.K.Padmarajan,https://www.myneta.info/TamilNadu2021/candidate.php?candidate_id=14,EDAPPADI,IND,0,Post Graduate,https://myneta.info/image_v2.php?myneta_folder=TamilNadu2021&candidate_id=14&col=ta,https://myneta.info/image_v2.php?myneta_folder=TamilNadu2021&candidate_id=14&col=lia
664,3709,Dr.K.Sathiyaraj,https://www.myneta.info/TamilNadu2021/candidate.php?candidate_id=3709,RANIPET,Tamil Nadu Ilangyar Katchi,0,Doctorate,"Rs 5,12,906 ~ 5 Lacs+",Rs 0 ~
665,539,Dr.Krishnasamy. V,https://www.myneta.info/TamilNadu2021/candidate.php?candidate_id=539,MANACHANALLUR,Naam Tamilar Katchi,0,Post Graduate,"Rs 69,70,357 ~ 69 Lacs+","Rs 1,72,52,854 ~ 1 Crore+"
666,1023,Dr.N. Gunasekar,https://www.myneta.info/TamilNadu2021/candidate.php?candidate_id=1023,EGMORE (SC),IND,1,Graduate Professional,https://myneta.info/image_v2.php?myneta_folder=TamilNadu2021&candidate_id=1023&col=ta,https://myneta.info/image_v2.php?myneta_folder=TamilNadu2021&candidate_id=1023&col=lia
667,2035,Dr.Nagesh Kumar.C,https://www.myneta.info/TamilNadu2021/candidate.php?candidate_id=2035,THALLY,BJP,0,Post Graduate,"Rs 1,00,99,000 ~ 1 Crore+","Rs 22,41,672 ~ 22 Lacs+"
668,38,Dr.Padmarajan.K,https://www.myneta.info/TamilNadu2021/candidate.php?candidate_id=38,METTUR,IND,0,Post Graduate,"Rs 15,11,000 ~ 15 Lacs+",Rs 0 ~
669,772,Dr.Poongothai Aladi Aruna,https://www.myneta.info/TamilNadu2021/candidate.php?candidate_id=772,ALANGULAM,DMK,10,Graduate Professional,https://myneta.info/image_v2.php?myneta_folder=TamilNadu2021&candidate_id=772&col=ta,https://myneta.info/image_v2.php?myneta_folder=TamilNadu2021&candidate_id=772&col=lia
670,1558,Dr.R.Illavanji,https://www.myneta.info/TamilNadu2021/candidate.php?candidate_id=1558,THIRU-VI-KA-NAGAR (SC),Naam Tamilar Katchi,0,Graduate Professional,"Rs 27,83,946 ~ 27 Lacs+",Rs 0 ~
671,239,Dr.R.Karthikeyan,https://www.myneta.info/TamilNadu2021/candidate.php?candidate_id=239,ALANDUR,Naam Tamilar Katchi,0,Post Graduate,"Rs 1,87,31,192 ~ 1 Crore+","Rs 95,19,283 ~ 95 Lacs+"
672,97,Dr.R.Rameshbabu,https://www.myneta.info/TamilNadu2021/candidate.php?candidate_id=97,KILPENNATHUR,Naam Tamilar Katchi,0,Post Graduate,https://myneta.info/image_v2.php?myneta_folder=TamilNadu2021&candidate_id=97&col=ta,https://myneta.info/image_v2.php?myneta_folder=TamilNadu2021&candidate_id=97&col=lia
673,2010,Dr.Raja G,https://www.myneta.info/TamilNadu2021/candidate.php?candidate_id=2010,SANKARAPURAM,Pattali Makkal Katchi,0,Post Graduate,"Rs 1,33,81,037 ~ 1 Crore+","Rs 91,00,000 ~ 91 Lacs+"
674,2039,"Dr.Ramanathan, P.",https://www.myneta.info/TamilNadu2021/candidate.php?candidate_id=2039,THANJAVUR,DMDK,0,Graduate Professional,"Rs 20,02,000 ~ 20 Lacs+","Rs 4,00,000 ~ 4 Lacs+"
675,740,"Dr.Suresh Babu, S.",https://www.myneta.info/TamilNadu2021/candidate.php?candidate_id=740,UDHAGAMANDALAM,Makkal Needhi Maiam,0,Post Graduate,https://myneta.info/image_v2.php?myneta_folder=TamilNadu2021&candidate_id=740&col=ta,https://myneta.info/image_v2.php?myneta_folder=TamilNadu2021&candidate_id=740&col=lia
676,449,Dravidamuthamilselvi.D,https://www.myneta.info/TamilNadu2021/candidate.php?candidate_id=449,KALLAKURICHI (SC),Naam Tamilar Katchi,0,Post Graduate,"Rs 19,28,726 ~ 19 Lacs+",Rs 0 ~
677,1663,Durai B,https://www.myneta.info/TamilNadu2021/candidate.php?candidate_id=1663,VANDAVASI (SC),Ganasangam Party of India,4,10th Pass,"Rs 3,66,500 ~ 3 Lacs+",Rs 0 ~
678,3270,Durai Guna,https://www.myneta.info/TamilNadu2021/candidate.php?candidate_id=3270,PUDUKKOTTAI,IND,4,8th Pass,https://myneta.info/image_v2.php?myneta_folder=TamilNadu2021&candidate_id=3270&col=ta,https://myneta.info/image_v2.php?myneta_folder=TamilNadu2021&candidate_id=3270&col=lia
679,1518,Durai M,https://www.myneta.info/TamilNadu2021/candidate.php?candidate_id=1518,MAILAM,BSP,0,Others,"Rs 2,35,500 ~ 2 Lacs+",Rs 0 ~
680,1039,Durai Sevugan,https://www.myneta.info/TamilNadu2021/candidate.php?candidate_id=1039,ERODE WEST,Makkal Needhi Maiam,0,12th Pass,"Rs 32,42,301 ~ 32 Lacs+","Rs 8,32,739 ~ 8 Lacs+"
681,4168,Durai Singh J,https://www.myneta.info/TamilNadu2021/candidate.php?candidate_id=4168,SRIVAIKUNTAM,IND,1,5th Pass,https://myneta.info/image_v2.php?myneta_folder=TamilNadu2021&candidate_id=4168&col=ta,https://myneta.info/image_v2.php?myneta_folder=TamilNadu2021&candidate_id=4168&col=lia
682,1985,Durai. Chandrasekar,https://www.myneta.info/TamilNadu2021/candidate.php?candidate_id=1985,PONNERI (SC),INC,1,Graduate Professional,"Rs 66,71,323 ~ 66 Lacs+",Rs 0 ~
683,158,Durai.Chandrasekaran,https://www.myneta.info/TamilNadu2021/candidate.php?candidate_id=158,THIRUVAIYARU,DMK,10,Graduate Professional,"Rs 3,26,95,819 ~ 3 Crore+","Rs 13,02,990 ~ 13 Lacs+"
684,304,Durai.Manivel,https://www.myneta.info/TamilNadu2021/candidate.php?candidate_id=304,ARIYALUR,Amma Makkal Munnettra Kazagam,1,8th Pass,https://myneta.info/image_v2.php?myneta_folder=TamilNadu2021&candidate_id=304&col=ta,https://myneta.info/image_v2.php?myneta_folder=TamilNadu2021&candidate_id=304&col=lia
685,486,Duraimurugan,https://www.myneta.info/TamilNadu2021/candidate.php?candidate_id=486,KATPADI,DMK,8,Post Graduate,"Rs 30,80,92,291 ~ 30 Crore+",Rs 0 ~
686,3113,Duraipandi B,https://www.myneta.info/TamilNadu2021/candidate.php?candidate_id=3113,THIRUMANGALAM,IND,0,Graduate Professional,"Rs 13,29,000 ~ 13 Lacs+",Rs 0 ~
687,3394,Duraipandi M.,https://www.myneta.info/TamilNadu2021/candidate.php?candidate_id=3394,MANAMADURAI (SC),IND,0,Graduate Professional,https://myneta.info/image_v2.php?myneta_folder=TamilNadu2021&candidate_id=3394&col=ta,https://myneta.info/image_v2.php?myneta_folder=TamilNadu2021&candidate_id=3394&col=lia
688,945,Durairaj K,https://www.myneta.info/TamilNadu2021/candidate.php?candidate_id=945,COIMBATORE NORTH,Tamil Nadu Ilangyar Katchi,0,12th Pass,"Rs 71,03,411 ~ 71 Lacs+","Rs 2,67,000 ~ 2 Lacs+"
689,3152,Durairaj S,https://www.myneta.info/TamilNadu2021/candidate.php?candidate_id=3152,SENTHAMANGALAM(ST),IND,0,12th Pass,"Rs 1,00,000 ~ 1 Lacs+",Rs 0 ~
690,2637,"Durairaj, C.",https://www.myneta.info/TamilNadu2021/candidate.php?candidate_id=2637,SANKARI,IND,0,10th Pass,https://myneta.info/image_v2.php?myneta_folder=TamilNadu2021&candidate_id=2637&col=ta,https://myneta.info/image_v2.php?myneta_folder=TamilNadu2021&candidate_id=2637&col=lia
691,1681,"Durairaj, G.",https://www.myneta.info/TamilNadu2021/candidate.php?candidate_id=1681,PERAVURANI,BSP,0,Graduate,"Rs 40,500 ~ 40 Thou+",Rs 0 ~
692,369,Durairaj.K.P,https://www.myneta.info/TamilNadu2021/candidate.php?candidate_id=369,BHAVANI,DMK,2,12th Pass,"Rs 9,68,53,302 ~ 9 Crore+","Rs 98,95,660 ~ 98 Lacs+"
693,948,Duraisamy Alias Challenger Durai,https://www.myneta.info/TamilNadu2021/candidate.php?candidate_id=948,COIMBATORE SOUTH,Amma Makkal Munnettra Kazagam,3,Post Graduate,https://myneta.info/image_v2.php?myneta_folder=TamilNadu2021&candidate_id=948&col=ta,https://myneta.info/image_v2.php?myneta_folder=TamilNadu2021&candidate_id=948&col=lia
694,4012,Duraisamy D,https://www.myneta.info/TamilNadu2021/candidate.php?candidate_id=4012,VILLUPURAM,Makkal Munnetra Peravai,0,Post Graduate,"Rs 3,30,54,000 ~ 3 Crore+","Rs 8,00,000 ~ 8 Lacs+"
695,856,"Duraisamy, P",https://www.myneta.info/TamilNadu2021/candidate.php?candidate_id=856,AVANASHI (SC),BSP,0,8th Pass,"Rs 80,000 ~ 80 Thou+",Rs 0 ~
696,470,Duraisamy.J,https://www.myneta.info/TamilNadu2021/candidate.php?candidate_id=470,KARUR,IND,0,Graduate Professional,https://myneta.info/image_v2.php?myneta_folder=TamilNadu2021&candidate_id=470&col=ta,https://myneta.info/image_v2.php?myneta_folder=TamilNadu2021&candidate_id=470&col=lia
697,850,Durgaprasad G,https://www.myneta.info/TamilNadu2021/candidate.php?candidate_id=850,AVADI,IND,0,10th Pass,"Rs 2,64,22,809 ~ 2 Crore+",Rs 0 ~
698,276,Dusi. K. Mohan,https://www.myneta.info/TamilNadu2021/candidate.php?candidate_id=276,CHEYYAR,AIADMK,0,Graduate,"Rs 3,91,11,143 ~ 3 Crore+","Rs 45,89,508 ~ 45 Lacs+"
699,737,E V Velu,https://www.myneta.info/TamilNadu2021/candidate.php?candidate_id=737,TIRUVANNAMALAI,DMK,7,Post Graduate,https://myneta.info/image_v2.php?myneta_folder=TamilNadu2021&candidate_id=737&col=ta,https://myneta.info/image_v2.php?myneta_folder=TamilNadu2021&candidate_id=737&col=lia
700,3346,E Vinoth,https://www.myneta.info/TamilNadu2021/candidate.php?candidate_id=3346,RAMANATHAPURAM,IND,0,10th Pass,"Rs 2,32,000 ~ 2 Lacs+",Rs 0 ~
701,268,E.Abirami,https://www.myneta.info/TamilNadu2021/candidate.php?candidate_id=268,ARAKKONAM (SC),Naam Tamilar Katchi,0,Graduate,"Rs 2,41,520 ~ 2 Lacs+",Rs 0 ~
702,4259,E.Anbarasu,https://www.myneta.info/TamilNadu2021/candidate.php?candidate_id=4259,ALANDUR,IND,0,10th Pass,https://myneta.info/image_v2.php?myneta_folder=TamilNadu2021&candidate_id=4259&col=ta,https://myneta.info/image_v2.php?myneta_folder=TamilNadu2021&candidate_id=4259&col=lia
703,179,E.Balasubramaniyan,https://www.myneta.info/TamilNadu2021/candidate.php?candidate_id=179,SALEM SOUTH,AIADMK,0,Graduate,"Rs 3,56,09,566 ~ 3 Crore+","Rs 39,75,579 ~ 39 Lacs+"
704,1993,E.Esakkiammal,https://www.myneta.info/TamilNadu2021/candidate.php?candidate_id=1993,RADHAPURAM,BSP,0,Post Graduate,"Rs 33,52,976 ~ 33 Lacs+",Rs 0 ~
705,2653,E.Mani,https://www.myneta.info/TamilNadu2021/candidate.php?candidate_id=2653,OMALUR,IND,0,10th Pass,https://myneta.info/image_v2.php?myneta_folder=TamilNadu2021&candidate_id=2653&col=ta,https://myneta.info/image_v2.php?myneta_folder=TamilNadu2021&candidate_id=2653&col=lia
706,3364,E.Mohan,https://www.myneta.info/TamilNadu2021/candidate.php?candidate_id=3364,MUDUKULATHUR,IND,0,5th Pass,"Rs 57,000 ~ 57 Thou+",Rs 0 ~
707,3981,E.P.Elanchezhiyan,https://www.myneta.info/TamilNadu2021/candidate.php?candidate_id=3981,KILVAITHINANKUPPAM (SC),IND,0,12th Pass,"Rs 5,25,500 ~ 5 Lacs+","Rs 1,05,000 ~ 1 Lacs+"
708,1303,E.Rajendran,https://www.myneta.info/TamilNadu2021/candidate.php?candidate_id=1303,KOLATHUR,Anna MGR Dravida Makkal Kalgam,0,Illiterate,https://myneta.info/image_v2.php?myneta_folder=TamilNadu2021&candidate_id=1303&col=ta,https://myneta.info/image_v2.php?myneta_folder=TamilNadu2021&candidate_id=1303&col=lia
709,3807,E.Rajesh,https://www.myneta.info/TamilNadu2021/candidate.php?candidate_id=3807,SHOLINGANALLUR,IND,0,12th Pass,"Rs 11,000 ~ 11 Thou+",Rs 0 ~
710,831,E.Ramachandran,https://www.myneta.info/TamilNadu2021/candidate.php?candidate_id=831,ARUPPUKOTTAI,IND,0,8th Pass,"Rs 74,300 ~ 74 Thou+",Rs 0 ~
711,2246,E.Sankar,https://www.myneta.info/TamilNadu2021/candidate.php?candidate_id=2246,VIRUGAMPAKKAM,IND,0,8th Pass,https://myneta.info/image_v2.php?myneta_folder=TamilNadu2021&candidate_id=2246&col=ta,https://myneta.info/image_v2.php?myneta_folder=TamilNadu2021&candidate_id=2246&col=lia
712,349,E.Subaya,https://www.myneta.info/TamilNadu2021/candidate.php?candidate_id=349,AMBASAMUDRAM,AIADMK,0,Doctorate,"Rs 2,46,76,20,574 ~ 246 Crore+","Rs 5,16,65,497 ~ 5 Crore+"
713,721,Easwaran.S,https://www.myneta.info/TamilNadu2021/candidate.php?candidate_id=721,TIRUPPUR NORTH,Naam Tamilar Katchi,0,12th Pass,"Rs 50,02,401 ~ 50 Lacs+","Rs 55,000 ~ 55 Thou+"
714,1013,Ebenezer. J.J. Alias John Ebenezer.J,https://www.myneta.info/TamilNadu2021/candidate.php?candidate_id=1013,DR.RADHAKRISHNAN NAGAR,DMK,0,Post Graduate,https://myneta.info/image_v2.php?myneta_folder=TamilNadu2021&candidate_id=1013&col=ta,https://myneta.info/image_v2.php?myneta_folder=TamilNadu2021&candidate_id=1013&col=lia
715,1141,Elaiyaperumal.K,https://www.myneta.info/TamilNadu2021/candidate.php?candidate_id=1141,KALLAKURICHI (SC),IND,0,10th Pass,"Rs 29,67,700 ~ 29 Lacs+","Rs 13,00,000 ~ 13 Lacs+"
716,4175,Elambirai Manimaran P,https://www.myneta.info/TamilNadu2021/candidate.php?candidate_id=4175,OTTAPIDARAM (SC),IND,0,10th Pass,"Rs 1,15,760 ~ 1 Lacs+",Rs 0 ~
717,2263,Elango. K,https://www.myneta.info/TamilNadu2021/candidate.php?candidate_id=2263,SAIDAPET,IND,0,8th Pass,https://myneta.info/image_v2.php?myneta_folder=TamilNadu2021&candidate_id=2263&col=ta,https://myneta.info/image_v2.php?myneta_folder=TamilNadu2021&candidate_id=2263&col=lia
718,817,Elango. R,https://www.myneta.info/TamilNadu2021/candidate.php?candidate_id=817,ARAVAKURICHI,DMK,3,Graduate Professional,"Rs 3,83,29,734 ~ 3 Crore+","Rs 29,30,981 ~ 29 Lacs+"
719,2575,Elango.S,https://www.myneta.info/TamilNadu2021/candidate.php?candidate_id=2575,PAPPIREDDIPATTI,IND,0,Graduate Professional,"Rs 83,09,572 ~ 83 Lacs+",Rs 0 ~
720,653,Elango.Siva,https://www.myneta.info/TamilNadu2021/candidate.php?candidate_id=653,TAMBARAM,Makkal Needhi Maiam,1,Post Graduate,https://myneta.info/image_v2.php?myneta_folder=TamilNadu2021&candidate_id=653&col=ta,https://myneta.info/image_v2.php?myneta_folder=TamilNadu2021&candidate_id=653&col=lia
721,3000,Elangovan,https://www.myneta.info/TamilNadu2021/candidate.php?candidate_id=3000,UTHANGARAI (SC),Naam Tamilar Katchi,0,Graduate Professional,"Rs 45,26,273 ~ 45 Lacs+",Rs 0 ~
722,1437,Elangovan R,https://www.myneta.info/TamilNadu2021/candidate.php?candidate_id=1437,MADURAI CENTRAL,IND,0,Others,"Rs 55,55,000 ~ 55 Lacs+",Rs 0 ~
723,4029,Elangovan S,https://www.myneta.info/TamilNadu2021/candidate.php?candidate_id=4029,VIKRAVANDI,Akhil Bharat Hindu Mahasabha,0,8th Pass,https://myneta.info/image_v2.php?myneta_folder=TamilNadu2021&candidate_id=4029&col=ta,https://myneta.info/image_v2.php?myneta_folder=TamilNadu2021&candidate_id=4029&col=lia
724,1678,"Elangovan, G.",https://www.myneta.info/TamilNadu2021/candidate.php?candidate_id=1678,PERAVURANI,IND,0,10th Pass,"Rs 2,14,000 ~ 2 Lacs+",Rs 0 ~
725,2498,Elangovan. G,https://www.myneta.info/TamilNadu2021/candidate.php?candidate_id=2498,SULUR,Naam Tamilar Katchi,0,5th Pass,"Rs 67,84,345 ~ 67 Lacs+","Rs 32,61,237 ~ 32 Lacs+"
726,302,Elavazagan.K.L,https://www.myneta.info/TamilNadu2021/candidate.php?candidate_id=302,ARCOT,Pattali Makkal Katchi,0,10th Pass,https://myneta.info/image_v2.php?myneta_folder=TamilNadu2021&candidate_id=302&col=ta,https://myneta.info/image_v2.php?myneta_folder=TamilNadu2021&candidate_id=302&col=lia
727,1544,Elayaraja C,https://www.myneta.info/TamilNadu2021/candidate.php?candidate_id=1544,MANAPPARAI,IND,4,Graduate Professional,"Rs 1,04,53,991 ~ 1 Crore+",Rs 0 ~
728,3249,Elayaraja R,https://www.myneta.info/TamilNadu2021/candidate.php?candidate_id=3249,VIRALIMALAI,IND,1,Graduate,"Rs 2,80,000 ~ 2 Lacs+",Rs 0 ~
729,2282,Ellappan A.K.D,https://www.myneta.info/TamilNadu2021/candidate.php?candidate_id=2282,THIYAGARAYANAGAR,Mahathma Makkal Munnetra Kazhakam,0,Others,https://myneta.info/image_v2.php?myneta_folder=TamilNadu2021&candidate_id=2282&col=ta,https://myneta.info/image_v2.php?myneta_folder=TamilNadu2021&candidate_id=2282&col=lia
730,4121,"Elsy,C.",https://www.myneta.info/TamilNadu2021/candidate.php?candidate_id=4121,UDUMALAIPETTAI,IND,0,Others,"Rs 2,33,936 ~ 2 Lacs+",Rs 0 ~
731,3515,Elumalai T.A.,https://www.myneta.info/TamilNadu2021/candidate.php?candidate_id=3515,POONAMALLEE (SC),Amma Makkal Munnettra Kazagam,0,Graduate Professional,"Rs 2,53,52,126 ~ 2 Crore+","Rs 48,55,664 ~ 48 Lacs+"
732,1434,Elumalai. R,https://www.myneta.info/TamilNadu2021/candidate.php?candidate_id=1434,MADHAVARAM,Naam Tamilar Katchi,0,Graduate Professional,https://myneta.info/image_v2.php?myneta_folder=TamilNadu2021&candidate_id=1434&col=ta,https://myneta.info/image_v2.php?myneta_folder=TamilNadu2021&candidate_id=1434&col=lia
733,1315,Elumalai.K,https://www.myneta.info/TamilNadu2021/candidate.php?candidate_id=1315,KOLATHUR,Veerath Thiyagi Viswanathadoss Thozhilalarkal Katchi,0,Not Given,"Rs 16,05,500 ~ 16 Lacs+",Rs 0 ~
734,3984,Elumalai.M,https://www.myneta.info/TamilNadu2021/candidate.php?candidate_id=3984,GUDIYATTAM (SC),IND,0,Graduate,"Rs 5,21,000 ~ 5 Lacs+","Rs 1,80,000 ~ 1 Lacs+"
735,4156,Eral S. Ramesh,https://www.myneta.info/TamilNadu2021/candidate.php?candidate_id=4156,SRIVAIKUNTAM,Amma Makkal Munnettra Kazagam,1,Graduate,https://myneta.info/image_v2.php?myneta_folder=TamilNadu2021&candidate_id=4156&col=ta,https://myneta.info/image_v2.php?myneta_folder=TamilNadu2021&candidate_id=4156&col=lia
736,273,Eraniappan.S,https://www.myneta.info/TamilNadu2021/candidate.php?candidate_id=273,CHENGALPATTU,CPI(ML)(L),0,12th Pass,"Rs 86,79,314 ~ 86 Lacs+",Rs 0 ~
737,4162,Esakki Raja K,https://www.myneta.info/TamilNadu2021/candidate.php?candidate_id=4162,SRIVAIKUNTAM,IND,5,8th Pass,"Rs 2,33,517 ~ 2 Lacs+",Rs 0 ~
738,3656,"Esakkimuthu,P.",https://www.myneta.info/TamilNadu2021/candidate.php?candidate_id=3656,TIRUNELVELI,IND,0,Literate,https://myneta.info/image_v2.php?myneta_folder=TamilNadu2021&candidate_id=3656&col=ta,https://myneta.info/image_v2.php?myneta_folder=TamilNadu2021&candidate_id=3656&col=lia
739,1589,Essakki Muthu,https://www.myneta.info/TamilNadu2021/candidate.php?candidate_id=1589,TIRUCHENDUR,IND,1,8th Pass,"Rs 48,467 ~ 48 Thou+","Rs 7,00,000 ~ 7 Lacs+"
740,2719,Eswaramoorthy P,https://www.myneta.info/TamilNadu2021/candidate.php?candidate_id=2719,EDAPPADI,IND,0,12th Pass,"Rs 4,12,500 ~ 4 Lacs+",Rs 0 ~
741,1019,Eswaramurthy N,https://www.myneta.info/TamilNadu2021/candidate.php?candidate_id=1019,EDAPPADI,IND,0,12th Pass,https://myneta.info/image_v2.php?myneta_folder=TamilNadu2021&candidate_id=1019&col=ta,https://myneta.info/image_v2.php?myneta_folder=TamilNadu2021&candidate_id=1019&col=lia
742,3204,Eswaran A,https://www.myneta.info/TamilNadu2021/candidate.php?candidate_id=3204,TIRUCHENGODU,IND,0,Literate,Nil,Rs 0 ~
743,149,Eswaran E R,https://www.myneta.info/TamilNadu2021/candidate.php?candidate_id=149,TIRUCHENGODU,DMK,5,Graduate Professional,"Rs 40,94,77,265 ~ 40 Crore+","Rs 17,08,34,980 ~ 17 Crore+"
744,3206,Eswaran G,https://www.myneta.info/TamilNadu2021/candidate.php?candidate_id=3206,TIRUCHENGODU,IND,0,5th Pass,https://myneta.info/image_v2.php?myneta_folder=TamilNadu2021&candidate_id=3206&col=ta,https://myneta.info/image_v2.php?myneta_folder=TamilNadu2021&candidate_id=3206&col=lia
745,3205,Eswaran K,https://www.myneta.info/TamilNadu2021/candidate.php?candidate_id=3205,TIRUCHENGODU,IND,0,10th Pass,"Rs 11,41,100 ~ 11 Lacs+",Rs 0 ~
746,3207,Eswaran M,https://www.myneta.info/TamilNadu2021/candidate.php?candidate_id=3207,TIRUCHENGODU,IND,0,8th Pass,"Rs 4,80,000 ~ 4 Lacs+",Rs 0 ~
747,1611,Eswaran M,https://www.myneta.info/TamilNadu2021/candidate.php?candidate_id=1611,VASUDEVANALLUR (SC),New Generation Peoples Party,0,Illiterate,https://myneta.info/image_v2.php?myneta_folder=TamilNadu2021&candidate_id=1611&col=ta,https://myneta.info/image_v2.php?myneta_folder=TamilNadu2021&candidate_id=1611&col=lia
748,1461,Eswaran.G,https://www.myneta.info/TamilNadu2021/candidate.php?candidate_id=1461,MADURAI SOUTH,Makkal Needhi Maiam,0,Post Graduate,"Rs 5,76,24,807 ~ 5 Crore+","Rs 5,15,67,112 ~ 5 Crore+"
749,1441,Eswari M,https://www.myneta.info/TamilNadu2021/candidate.php?candidate_id=1441,MADURAI CENTRAL,My India Party,0,12th Pass,"Rs 2,50,000 ~ 2 Lacs+","Rs 1,75,000 ~ 1 Lacs+"
750,1017,Eswari P,https://www.myneta.info/TamilNadu2021/candidate.php?candidate_id=1017,EDAPPADI,Ambedkarite Party of India,0,8th Pass,https://myneta.info/image_v2.php?myneta_folder=TamilNadu2021&candidate_id=1017&col=ta,https://myneta.info/image_v2.php?myneta_folder=TamilNadu2021&candidate_id=1017&col=lia
751,2016,Eswari T,https://www.myneta.info/TamilNadu2021/candidate.php?candidate_id=2016,SHOLAVANDAN (SC),CPI(ML)(L),0,Illiterate,"Rs 1,50,800 ~ 1 Lacs+","Rs 1,18,000 ~ 1 Lacs+"
752,2306,Ethiraj.R,https://www.myneta.info/TamilNadu2021/candidate.php?candidate_id=2306,DR.RADHAKRISHNAN NAGAR,IND,0,12th Pass,"Rs 7,66,738 ~ 7 Lacs+",Rs 0 ~
753,1563,Ezhilan N,https://www.myneta.info/TamilNadu2021/candidate.php?candidate_id=1563,THOUSAND LIGHTS,DMK,0,Graduate Professional,https://myneta.info/image_v2.php?myneta_folder=TamilNadu2021&candidate_id=1563&col=ta,https://myneta.info/image_v2.php?myneta_folder=TamilNadu2021&candidate_id=1563&col=lia
754,1110,Ezhilan S,https://www.myneta.info/TamilNadu2021/candidate.php?candidate_id=1110,HOSUR,Veerath Thiyagi Viswanathadoss Thozhilalarkal Katchi,0,12th Pass,"Rs 3,88,000 ~ 3 Lacs+",Rs 0 ~
755,1984,Ezhilarasu. M,https://www.myneta.info/TamilNadu2021/candidate.php?candidate_id=1984,POLUR,BSP,0,Post Graduate,"Rs 11,34,500 ~ 11 Lacs+",Rs 0 ~
756,2393,Ezhilvendan. P.,https://www.myneta.info/TamilNadu2021/candidate.php?candidate_id=2393,BHUVANAGIRI,IND,0,12th Pass,https://myneta.info/image_v2.php?myneta_folder=TamilNadu2021&candidate_id=2393&col=ta,https://myneta.info/image_v2.php?myneta_folder=TamilNadu2021&candidate_id=2393&col=lia
757,376,Ezhilvendhan. R,https://www.myneta.info/TamilNadu2021/candidate.php?candidate_id=376,BHUVANAGIRI,BSP,0,Post Graduate,"Rs 4,75,000 ~ 4 Lacs+",Rs 0 ~
758,1767,F.Camilus Selva,https://www.myneta.info/TamilNadu2021/candidate.php?candidate_id=1767,KOLATHUR,Naam Tamilar Katchi,0,Graduate Professional,"Rs 18,63,735 ~ 18 Lacs+","Rs 3,62,373 ~ 3 Lacs+"
759,4216,Farmer Jayaraman,https://www.myneta.info/TamilNadu2021/candidate.php?candidate_id=4216,KILPENNATHUR,Anaithu Makkal Arasiyal Katchi,0,12th Pass,https://myneta.info/image_v2.php?myneta_folder=TamilNadu2021&candidate_id=4216&col=ta,https://myneta.info/image_v2.php?myneta_folder=TamilNadu2021&candidate_id=4216&col=lia
760,565,Fathima .A,https://www.myneta.info/TamilNadu2021/candidate.php?candidate_id=565,PALAYAMKOTTAI,Naam Tamilar Katchi,0,5th Pass,"Rs 87,803 ~ 87 Thou+","Rs 47,850 ~ 47 Thou+"
761,1913,Fathima Farhana S,https://www.myneta.info/TamilNadu2021/candidate.php?candidate_id=1913,NANNILAM,Naam Tamilar Katchi,0,Post Graduate,"Rs 71,18,307 ~ 71 Lacs+",Rs 0 ~
762,1005,Fazil . A,https://www.myneta.info/TamilNadu2021/candidate.php?candidate_id=1005,DR.RADHAKRISHNAN NAGAR,Makkal Needhi Maiam,0,Post Graduate,https://myneta.info/image_v2.php?myneta_folder=TamilNadu2021&candidate_id=1005&col=ta,https://myneta.info/image_v2.php?myneta_folder=TamilNadu2021&candidate_id=1005&col=lia
763,395,Franklin.D,https://www.myneta.info/TamilNadu2021/candidate.php?candidate_id=395,DR.RADHAKRISHNAN NAGAR,IND,0,Post Graduate,"Rs 6,73,193 ~ 6 Lacs+",Rs 0 ~
764,4254,G Kamalakannan,https://www.myneta.info/TamilNadu2021/candidate.php?candidate_id=4254,ALANDUR,Tamil Nadu Ilangyar Katchi,0,Post Graduate,"Rs 30,21,363 ~ 30 Lacs+",Rs 0 ~
765,1364,G Ragavenderan,https://www.myneta.info/TamilNadu2021/candidate.php?candidate_id=1364,KUMARAPALAYAM,IND,0,8th Pass,https://myneta.info/image_v2.php?myneta_folder=TamilNadu2021&candidate_id=1364&col=ta,https://myneta.info/image_v2.php?myneta_folder=TamilNadu2021&candidate_id=1364&col=lia
766,1415,G Ramakrishnan,https://www.myneta.info/TamilNadu2021/candidate.php?candidate_id=1415,MADATHUKULAM,IND,0,8th Pass,"Rs 2,92,294 ~ 2 Lacs+",Rs 0 ~
767,3667,G Soma Sundaram,https://www.myneta.info/TamilNadu2021/candidate.php?candidate_id=3667,AMBATTUR,IND,0,Post Graduate,"Rs 59,62,000 ~ 59 Lacs+","Rs 33,20,000 ~ 33 Lacs+"
768,3666,G Srinivasan,https://www.myneta.info/TamilNadu2021/candidate.php?candidate_id=3666,AMBATTUR,IND,0,Post Graduate,https://myneta.info/image_v2.php?myneta_folder=TamilNadu2021&candidate_id=3666&col=ta,https://myneta.info/image_v2.php?myneta_folder=TamilNadu2021&candidate_id=3666&col=lia
769,1,G Vijayakumar,https://www.myneta.info/TamilNadu2021/candidate.php?candidate_id=1,AMBATTUR,IND,0,8th Pass,"Rs 15,41,287 ~ 15 Lacs+",Rs 0 ~
770,310,G. Chitra,https://www.myneta.info/TamilNadu2021/candidate.php?candidate_id=310,YERCAUD (ST),AIADMK,0,5th Pass,"Rs 1,69,04,643 ~ 1 Crore+","Rs 5,50,785 ~ 5 Lacs+"
771,1769,G. Devapriyan,https://www.myneta.info/TamilNadu2021/candidate.php?candidate_id=1769,VILLIVAKKAM,IND,0,Graduate Professional,https://myneta.info/image_v2.php?myneta_folder=TamilNadu2021&candidate_id=1769&col=ta,https://myneta.info/image_v2.php?myneta_folder=TamilNadu2021&candidate_id=1769&col=lia
772,2400,G. Devasagayam,https://www.myneta.info/TamilNadu2021/candidate.php?candidate_id=2400,CHIDAMBARAM,Makkal Needhi Maiam,0,Literate,"Rs 38,86,700 ~ 38 Lacs+","Rs 4,54,000 ~ 4 Lacs+"
773,2350,G. Pichamuthu,https://www.myneta.info/TamilNadu2021/candidate.php?candidate_id=2350,VRIDHACHALAM,Desiya Sirupanmayinar Makkal Iyakkam,0,5th Pass,"Rs 59,50,000 ~ 59 Lacs+","Rs 10,25,000 ~ 10 Lacs+"
774,2207,G. Raja,https://www.myneta.info/TamilNadu2021/candidate.php?candidate_id=2207,TIRUPATTUR,IND,0,5th Pass,https://myneta.info/image_v2.php?myneta_folder=TamilNadu2021&candidate_id=2207&col=ta,https://myneta.info/image_v2.php?myneta_folder=TamilNadu2021&candidate_id=2207&col=lia
775,3373,G.Abdul Kishore Babu,https://www.myneta.info/TamilNadu2021/candidate.php?candidate_id=3373,TIRUPPATHUR,IND,0,Graduate Professional,"Rs 12,86,400 ~ 12 Lacs+",Rs 0 ~
776,491,G.Arunkumar,https://www.myneta.info/TamilNadu2021/candidate.php?candidate_id=491,KAVUNDAMPALAYAM,AIADMK,0,10th Pass,"Rs 3,65,89,365 ~ 3 Crore+","Rs 95,95,073 ~ 95 Lacs+"
777,4241,G.Baskaran,https://www.myneta.info/TamilNadu2021/candidate.php?candidate_id=4241,ARANI,DMDK,0,8th Pass,https://myneta.info/image_v2.php?myneta_folder=TamilNadu2021&candidate_id=4241&col=ta,https://myneta.info/image_v2.php?myneta_folder=TamilNadu2021&candidate_id=4241&col=lia
778,3649,G.Deva Peran,https://www.myneta.info/TamilNadu2021/candidate.php?candidate_id=3649,RADHAPURAM,IND,0,Graduate,"Rs 20,98,000 ~ 20 Lacs+","Rs 5,50,000 ~ 5 Lacs+"
779,727,G.Hari,https://www.myneta.info/TamilNadu2021/candidate.php?candidate_id=727,TIRUTTANI,AIADMK,0,Post Graduate,"Rs 6,33,67,698 ~ 6 Crore+","Rs 40,18,788 ~ 40 Lacs+"
780,1772,G.Iyanar,https://www.myneta.info/TamilNadu2021/candidate.php?candidate_id=1772,VILLIVAKKAM,IND,0,Graduate Professional,https://myneta.info/image_v2.php?myneta_folder=TamilNadu2021&candidate_id=1772&col=ta,https://myneta.info/image_v2.php?myneta_folder=TamilNadu2021&candidate_id=1772&col=lia
781,82,G.Iyappan,https://www.myneta.info/TamilNadu2021/candidate.php?candidate_id=82,CUDDALORE,DMK,0,Post Graduate,"Rs 2,34,70,563 ~ 2 Crore+","Rs 75,45,921 ~ 75 Lacs+"
782,496,G.Krishnamurthy,https://www.myneta.info/TamilNadu2021/candidate.php?candidate_id=496,KILPENNATHUR,IND,2,Graduate,"Rs 2,10,500 ~ 2 Lacs+","Rs 5,00,000 ~ 5 Lacs+"
783,2381,G.Krishnan,https://www.myneta.info/TamilNadu2021/candidate.php?candidate_id=2381,CUDDALORE,IND,0,Graduate,https://myneta.info/image_v2.php?myneta_folder=TamilNadu2021&candidate_id=2381&col=ta,https://myneta.info/image_v2.php?myneta_folder=TamilNadu2021&candidate_id=2381&col=lia
784,763,G.Manimegalai,https://www.myneta.info/TamilNadu2021/candidate.php?candidate_id=763,ALANGUDI,CPI(ML)(L),0,10th Pass,"Rs 56,000 ~ 56 Thou+",Rs 0 ~
785,3335,G.Muniyasamy,https://www.myneta.info/TamilNadu2021/candidate.php?candidate_id=3335,RAMANATHAPURAM,Amma Makkal Munnettra Kazagam,2,8th Pass,"Rs 1,38,73,481 ~ 1 Crore+","Rs 22,38,000 ~ 22 Lacs+"
786,2021,G.Prakash Robert,https://www.myneta.info/TamilNadu2021/candidate.php?candidate_id=2021,SHOLINGANALLUR,BSP,0,Graduate,https://myneta.info/image_v2.php?myneta_folder=TamilNadu2021&candidate_id=2021&col=ta,https://myneta.info/image_v2.php?myneta_folder=TamilNadu2021&candidate_id=2021&col=lia
787,1803,G.R.Rajendran,https://www.myneta.info/TamilNadu2021/candidate.php?candidate_id=1803,EGMORE (SC),IND,0,10th Pass,"Rs 65,200 ~ 65 Thou+",Rs 0 ~
788,3230,G.Rajuganesan,https://www.myneta.info/TamilNadu2021/candidate.php?candidate_id=3230,KUMARAPALAYAM,IND,0,5th Pass,"Rs 5,63,400 ~ 5 Lacs+","Rs 80,000 ~ 80 Thou+"
789,827,G.Ramachandran,https://www.myneta.info/TamilNadu2021/candidate.php?candidate_id=827,ARUPPUKOTTAI,IND,0,5th Pass,https://myneta.info/image_v2.php?myneta_folder=TamilNadu2021&candidate_id=827&col=ta,https://myneta.info/image_v2.php?myneta_folder=TamilNadu2021&candidate_id=827&col=lia
790,3921,G.Ranjith,https://www.myneta.info/TamilNadu2021/candidate.php?candidate_id=3921,ARUPPUKOTTAI,IND,0,8th Pass,"Rs 80,000 ~ 80 Thou+",Rs 0 ~
791,875,G.Sakthivel,https://www.myneta.info/TamilNadu2021/candidate.php?candidate_id=875,BHAVANISAGAR (SC),BSP,0,8th Pass,"Rs 2,47,000 ~ 2 Lacs+",Rs 0 ~
792,1650,G.Selvakumar,https://www.myneta.info/TamilNadu2021/candidate.php?candidate_id=1650,SRIRANGAM,BSP,0,5th Pass,https://myneta.info/image_v2.php?myneta_folder=TamilNadu2021&candidate_id=1650&col=ta,https://myneta.info/image_v2.php?myneta_folder=TamilNadu2021&candidate_id=1650&col=lia
793,4147,G.Selvam,https://www.myneta.info/TamilNadu2021/candidate.php?candidate_id=4147,THOOTHUKUDI,IND,0,12th Pass,"Rs 16,78,000 ~ 16 Lacs+",Rs 0 ~
794,4138,G.Selvavinayagam,https://www.myneta.info/TamilNadu2021/candidate.php?candidate_id=4138,THOOTHUKUDI,Veerath Thiyagi Viswanathadoss Thozhilalarkal Katchi,0,8th Pass,"Rs 3,98,000 ~ 3 Lacs+",Rs 0 ~
795,139,G.Sendhil Kumar,https://www.myneta.info/TamilNadu2021/candidate.php?candidate_id=139,VANIYAMBADI,AIADMK,1,Graduate Professional,https://myneta.info/image_v2.php?myneta_folder=TamilNadu2021&candidate_id=139&col=ta,https://myneta.info/image_v2.php?myneta_folder=TamilNadu2021&candidate_id=139&col=lia
796,397,G.Sheeja,https://www.myneta.info/TamilNadu2021/candidate.php?candidate_id=397,EGMORE (SC),Nam India Naam Indiyar Katchi,0,Graduate Professional,"Rs 54,35,500 ~ 54 Lacs+","Rs 53,00,000 ~ 53 Lacs+"
797,3918,G.Subburaj,https://www.myneta.info/TamilNadu2021/candidate.php?candidate_id=3918,ARUPPUKOTTAI,BSP,0,Graduate Professional,"Rs 8,30,500 ~ 8 Lacs+",Rs 0 ~
798,2237,G.Thanigachalam,https://www.myneta.info/TamilNadu2021/candidate.php?candidate_id=2237,VIRUGAMPAKKAM,Veerath Thiyagi Viswanathadoss Thozhilalarkal Katchi,0,8th Pass,https://myneta.info/image_v2.php?myneta_folder=TamilNadu2021&candidate_id=2237&col=ta,https://myneta.info/image_v2.php?myneta_folder=TamilNadu2021&candidate_id=2237&col=lia
799,223,G.Vasanthadevi,https://www.myneta.info/TamilNadu2021/candidate.php?candidate_id=223,NILAKKOTTAI (SC),Naam Tamilar Katchi,0,Graduate Professional,"Rs 41,74,300 ~ 41 Lacs+","Rs 15,54,455 ~ 15 Lacs+"
800,3710,G.Veeramani,https://www.myneta.info/TamilNadu2021/candidate.php?candidate_id=3710,RANIPET,Amma Makkal Munnettra Kazagam,0,10th Pass,"Rs 41,13,030 ~ 41 Lacs+",Rs 0 ~
801,3809,G.Velavan,https://www.myneta.info/TamilNadu2021/candidate.php?candidate_id=3809,SHOLINGANALLUR,IND,0,8th Pass,https://myneta.info/image_v2.php?myneta_folder=TamilNadu2021&candidate_id=3809&col=ta,https://myneta.info/image_v2.php?myneta_folder=TamilNadu2021&candidate_id=3809&col=lia
802,1756,G.Velmurugan,https://www.myneta.info/TamilNadu2021/candidate.php?candidate_id=1756,KOLATHUR,SHS,0,5th Pass,"Rs 2,66,200 ~ 2 Lacs+","Rs 8,718 ~ 8 Thou+"
803,182,G.Venkatachalam,https://www.myneta.info/TamilNadu2021/candidate.php?candidate_id=182,SALEM NORTH,AIADMK,0,8th Pass,"Rs 2,63,01,483 ~ 2 Crore+","Rs 37,98,115 ~ 37 Lacs+"
804,3696,G.Vijayakumar,https://www.myneta.info/TamilNadu2021/candidate.php?candidate_id=3696,SHOLINGHUR,Desiya Sirupanmayinar Makkal Iyakkam,0,Graduate Professional,https://myneta.info/image_v2.php?myneta_folder=TamilNadu2021&candidate_id=3696&col=ta,https://myneta.info/image_v2.php?myneta_folder=TamilNadu2021&candidate_id=3696&col=lia
805,1734,G.Yesudasan,https://www.myneta.info/TamilNadu2021/candidate.php?candidate_id=1734,VELACHERY,IND,0,Post Graduate,"Rs 31,66,750 ~ 31 Lacs+",Rs 0 ~
806,272,Gajendran.M,https://www.myneta.info/TamilNadu2021/candidate.php?candidate_id=272,CHENGALPATTU,AIADMK,0,Graduate,"Rs 7,96,41,720 ~ 7 Crore+","Rs 5,65,31,908 ~ 5 Crore+"
807,1642,Ganapathi P M,https://www.myneta.info/TamilNadu2021/candidate.php?candidate_id=1642,VANUR (SC),DMDK,1,5th Pass,https://myneta.info/image_v2.php?myneta_folder=TamilNadu2021&candidate_id=1642&col=ta,https://myneta.info/image_v2.php?myneta_folder=TamilNadu2021&candidate_id=1642&col=lia
808,533,Ganapathy.K,https://www.myneta.info/TamilNadu2021/candidate.php?candidate_id=533,MADHURAVOYAL,DMK,0,8th Pass,"Rs 85,30,700 ~ 85 Lacs+",Rs 0 ~
809,1503,Ganapathy.R,https://www.myneta.info/TamilNadu2021/candidate.php?candidate_id=1503,MADHURAVOYAL,IND,0,5th Pass,"Rs 5,06,825 ~ 5 Lacs+",Rs 0 ~
810,3046,Gandhi K,https://www.myneta.info/TamilNadu2021/candidate.php?candidate_id=3046,MADURAI EAST,IND,0,5th Pass,https://myneta.info/image_v2.php?myneta_folder=TamilNadu2021&candidate_id=3046&col=ta,https://myneta.info/image_v2.php?myneta_folder=TamilNadu2021&candidate_id=3046&col=lia
811,2880,Gandhi L,https://www.myneta.info/TamilNadu2021/candidate.php?candidate_id=2880,NAGERCOIL,IND,0,10th Pass,"Rs 4,60,061 ~ 4 Lacs+",Rs 0 ~
812,4125,Gandhi M,https://www.myneta.info/TamilNadu2021/candidate.php?candidate_id=4125,VILATHIKULAM,Bahujan Dravida Party,0,10th Pass,"Rs 11,02,500 ~ 11 Lacs+",Rs 0 ~
813,1901,Gandhi M R,https://www.myneta.info/TamilNadu2021/candidate.php?candidate_id=1901,NAGERCOIL,BJP,0,Graduate,https://myneta.info/image_v2.php?myneta_folder=TamilNadu2021&candidate_id=1901&col=ta,https://myneta.info/image_v2.php?myneta_folder=TamilNadu2021&candidate_id=1901&col=lia
814,2881,Gandhiraj C,https://www.myneta.info/TamilNadu2021/candidate.php?candidate_id=2881,NAGERCOIL,IND,0,12th Pass,"Rs 49,39,000 ~ 49 Lacs+","Rs 35,00,000 ~ 35 Lacs+"
815,2099,Gandhirajan S,https://www.myneta.info/TamilNadu2021/candidate.php?candidate_id=2099,VEDASANDUR,DMK,2,Graduate Professional,"Rs 9,93,25,525 ~ 9 Crore+","Rs 1,27,98,179 ~ 1 Crore+"
816,861,Ganesa Kumar S,https://www.myneta.info/TamilNadu2021/candidate.php?candidate_id=861,BARGUR,Amma Makkal Munnettra Kazagam,1,10th Pass,https://myneta.info/image_v2.php?myneta_folder=TamilNadu2021&candidate_id=861&col=ta,https://myneta.info/image_v2.php?myneta_folder=TamilNadu2021&candidate_id=861&col=lia
817,1619,Ganesan A,https://www.myneta.info/TamilNadu2021/candidate.php?candidate_id=1619,SANKARANKOVIL (SC),IND,0,Graduate,"Rs 23,81,000 ~ 23 Lacs+",Rs 0 ~
818,2226,Ganesan D,https://www.myneta.info/TamilNadu2021/candidate.php?candidate_id=2226,NANNILAM,Indiya Jananayaka Katchi,0,Post Graduate,"Rs 16,75,000 ~ 16 Lacs+",Rs 0 ~
819,906,Ganesan P,https://www.myneta.info/TamilNadu2021/candidate.php?candidate_id=906,CHEPAUK-THIRUVALLIKENI,IND,0,Graduate Professional,https://myneta.info/image_v2.php?myneta_folder=TamilNadu2021&candidate_id=906&col=ta,https://myneta.info/image_v2.php?myneta_folder=TamilNadu2021&candidate_id=906&col=lia
820,738,"Ganesan, C.V.",https://www.myneta.info/TamilNadu2021/candidate.php?candidate_id=738,TITTAKUDI (SC),DMK,0,Post Graduate,"Rs 9,49,32,500 ~ 9 Crore+","Rs 4,52,81,186 ~ 4 Crore+"
821,4232,Ganesan. C,https://www.myneta.info/TamilNadu2021/candidate.php?candidate_id=4232,POLUR,IND,0,10th Pass,"Rs 2,71,500 ~ 2 Lacs+",Rs 0 ~
822,2544,Ganesan.S,https://www.myneta.info/TamilNadu2021/candidate.php?candidate_id=2544,MAYILADUTHURAI,IND,0,10th Pass,https://myneta.info/image_v2.php?myneta_folder=TamilNadu2021&candidate_id=2544&col=ta,https://myneta.info/image_v2.php?myneta_folder=TamilNadu2021&candidate_id=2544&col=lia
823,229,Ganesaraja,https://www.myneta.info/TamilNadu2021/candidate.php?candidate_id=229,NANGUNERI,AIADMK,30,10th Pass,"Rs 9,94,90,861 ~ 9 Crore+","Rs 1,90,17,058 ~ 1 Crore+"
824,2086,"Ganesh, R.",https://www.myneta.info/TamilNadu2021/candidate.php?candidate_id=2086,UDHAGAMANDALAM,INC,1,Post Graduate,"Rs 2,15,67,308 ~ 2 Crore+","Rs 15,25,168 ~ 15 Lacs+"
825,4103,Ganesh. E.,https://www.myneta.info/TamilNadu2021/candidate.php?candidate_id=4103,TIRUPPUR SOUTH,IND,0,Post Graduate,https://myneta.info/image_v2.php?myneta_folder=TamilNadu2021&candidate_id=4103&col=ta,https://myneta.info/image_v2.php?myneta_folder=TamilNadu2021&candidate_id=4103&col=lia
826,2310,Ganesh. S,https://www.myneta.info/TamilNadu2021/candidate.php?candidate_id=2310,HARBOUR,IND,0,Graduate Professional,"Rs 11,500 ~ 11 Thou+",Rs 0 ~
827,4176,Ganeshkumar M,https://www.myneta.info/TamilNadu2021/candidate.php?candidate_id=4176,OTTAPIDARAM (SC),IND,0,Others,"Rs 3,45,200 ~ 3 Lacs+",Rs 0 ~
828,532,Ganeshkumar.G,https://www.myneta.info/TamilNadu2021/candidate.php?candidate_id=532,MADHURAVOYAL,Naam Tamilar Katchi,0,Post Graduate,https://myneta.info/image_v2.php?myneta_folder=TamilNadu2021&candidate_id=532&col=ta,https://myneta.info/image_v2.php?myneta_folder=TamilNadu2021&candidate_id=532&col=lia
829,3546,"Gaspar Regan,S.",https://www.myneta.info/TamilNadu2021/candidate.php?candidate_id=3546,TIRUCHIRAPPALLI EAST,IND,0,5th Pass,"Rs 25,000 ~ 25 Thou+",Rs 0 ~
830,554,Gautham. S,https://www.myneta.info/TamilNadu2021/candidate.php?candidate_id=554,MUSIRI,Rashtriya Samaj Paksha,0,Post Graduate,"Rs 3,95,37,429 ~ 3 Crore+","Rs 3,79,391 ~ 3 Lacs+"
831,330,Gayathri J,https://www.myneta.info/TamilNadu2021/candidate.php?candidate_id=330,VIKRAVANDI,IND,0,Post Graduate,https://myneta.info/image_v2.php?myneta_folder=TamilNadu2021&candidate_id=330&col=ta,https://myneta.info/image_v2.php?myneta_folder=TamilNadu2021&candidate_id=330&col=lia
832,1738,Geetha,https://www.myneta.info/TamilNadu2021/candidate.php?candidate_id=1738,VELACHERY,New Generation Peoples Party,1,8th Pass,"Rs 31,19,710 ~ 31 Lacs+",Rs 0 ~
833,430,Geetha Lakshmi S,https://www.myneta.info/TamilNadu2021/candidate.php?candidate_id=430,HOSUR,Naam Tamilar Katchi,0,Graduate,"Rs 12,22,000 ~ 12 Lacs+",Rs 0 ~
834,3028,Geetha V,https://www.myneta.info/TamilNadu2021/candidate.php?candidate_id=3028,HOSUR,IND,0,12th Pass,https://myneta.info/image_v2.php?myneta_folder=TamilNadu2021&candidate_id=3028&col=ta,https://myneta.info/image_v2.php?myneta_folder=TamilNadu2021&candidate_id=3028&col=lia
835,357,Geetha.M,https://www.myneta.info/TamilNadu2021/candidate.php?candidate_id=357,ANTHIYUR,IND,0,Graduate Professional,"Rs 28,20,496 ~ 28 Lacs+",Rs 0 ~
836,780,George.V.A.,https://www.myneta.info/TamilNadu2021/candidate.php?candidate_id=780,AMBUR,IND,0,5th Pass,"Rs 2,50,000 ~ 2 Lacs+",Rs 0 ~
837,211,Gerald .G,https://www.myneta.info/TamilNadu2021/candidate.php?candidate_id=211,PALAYAMKOTTAI,AIADMK,5,Graduate Professional,https://myneta.info/image_v2.php?myneta_folder=TamilNadu2021&candidate_id=211&col=ta,https://myneta.info/image_v2.php?myneta_folder=TamilNadu2021&candidate_id=211&col=lia
838,253,Giri.M.P,https://www.myneta.info/TamilNadu2021/candidate.php?candidate_id=253,CHENGAM (SC),DMK,0,12th Pass,"Rs 1,81,05,914 ~ 1 Crore+","Rs 29,16,928 ~ 29 Lacs+"
839,1599,Gloriyan S,https://www.myneta.info/TamilNadu2021/candidate.php?candidate_id=1599,TIRUCHENDUR,Naam Tamilar Katchi,2,8th Pass,"Rs 47,83,229 ~ 47 Lacs+","Rs 6,30,500 ~ 6 Lacs+"
840,2894,"Glory Selvi, T.",https://www.myneta.info/TamilNadu2021/candidate.php?candidate_id=2894,PADMANABHAPURAM,IND,0,10th Pass,https://myneta.info/image_v2.php?myneta_folder=TamilNadu2021&candidate_id=2894&col=ta,https://myneta.info/image_v2.php?myneta_folder=TamilNadu2021&candidate_id=2894&col=lia
841,230,Gnana Balaji,https://www.myneta.info/TamilNadu2021/candidate.php?candidate_id=230,NANGUNERI,IND,9,Others,"Rs 50,000 ~ 50 Thou+",Rs 0 ~
842,2471,Gnanaraj.M,https://www.myneta.info/TamilNadu2021/candidate.php?candidate_id=2471,KAVUNDAMPALAYAM,IND,0,Graduate,"Rs 25,233 ~ 25 Thou+",Rs 0 ~
843,37,Gobalakrishnan M.,https://www.myneta.info/TamilNadu2021/candidate.php?candidate_id=37,MELUR,IND,1,10th Pass,https://myneta.info/image_v2.php?myneta_folder=TamilNadu2021&candidate_id=37&col=ta,https://myneta.info/image_v2.php?myneta_folder=TamilNadu2021&candidate_id=37&col=lia
844,1707,Gokul.G,https://www.myneta.info/TamilNadu2021/candidate.php?candidate_id=1707,ROYAPURAM,IND,0,Post Graduate,"Rs 30,71,876 ~ 30 Lacs+","Rs 15,00,000 ~ 15 Lacs+"
845,4008,Gokulakrishnan M,https://www.myneta.info/TamilNadu2021/candidate.php?candidate_id=4008,TINDIVANAM (SC),IND,0,10th Pass,"Rs 6,17,100 ~ 6 Lacs+",Rs 0 ~
846,3812,Gokulkrishnan,https://www.myneta.info/TamilNadu2021/candidate.php?candidate_id=3812,PALLAVARAM,Tamil Nadu Ilangyar Katchi,0,Others,https://myneta.info/image_v2.php?myneta_folder=TamilNadu2021&candidate_id=3812&col=ta,https://myneta.info/image_v2.php?myneta_folder=TamilNadu2021&candidate_id=3812&col=lia
847,2046,Gomathi A.,https://www.myneta.info/TamilNadu2021/candidate.php?candidate_id=2046,THIRUVAUR,BSP,0,10th Pass,"Rs 1,05,500 ~ 1 Lacs+",Rs 0 ~
848,402,"Gomathi,S.",https://www.myneta.info/TamilNadu2021/candidate.php?candidate_id=402,ERODE EAST,Naam Tamilar Katchi,0,10th Pass,"Rs 2,57,900 ~ 2 Lacs+","Rs 50,000 ~ 50 Thou+"
849,2853,Gopal.M,https://www.myneta.info/TamilNadu2021/candidate.php?candidate_id=2853,BHAVANI,BSP,0,8th Pass,https://myneta.info/image_v2.php?myneta_folder=TamilNadu2021&candidate_id=2853&col=ta,https://myneta.info/image_v2.php?myneta_folder=TamilNadu2021&candidate_id=2853&col=lia
850,951,Gopalakrishnan,https://www.myneta.info/TamilNadu2021/candidate.php?candidate_id=951,COIMBATORE SOUTH,New Generation Peoples Party,0,8th Pass,"Rs 1,19,10,658 ~ 1 Crore+","Rs 1,90,000 ~ 1 Lacs+"
851,1358,Gopalakrishnan,https://www.myneta.info/TamilNadu2021/candidate.php?candidate_id=1358,KUMARAPALAYAM,IND,0,Graduate Professional,"Rs 8,36,000 ~ 8 Lacs+",Rs 0 ~
852,1445,Gopalakrishnan R,https://www.myneta.info/TamilNadu2021/candidate.php?candidate_id=1445,MADURAI EAST,AIADMK,0,Graduate,https://myneta.info/image_v2.php?myneta_folder=TamilNadu2021&candidate_id=1445&col=ta,https://myneta.info/image_v2.php?myneta_folder=TamilNadu2021&candidate_id=1445&col=lia
853,1379,"Gopalakrishnan, G.",https://www.myneta.info/TamilNadu2021/candidate.php?candidate_id=1379,KUMBAKONAM,Makkal Needhi Maiam,0,Post Graduate,"Rs 1,10,60,676 ~ 1 Crore+","Rs 11,19,000 ~ 11 Lacs+"
854,2841,"Gopalakrishnan, J.",https://www.myneta.info/TamilNadu2021/candidate.php?candidate_id=2841,PERUNDURAI,IND,0,Others,"Rs 6,22,739 ~ 6 Lacs+","Rs 30,000 ~ 30 Thou+"
855,2623,"Gopalakrishnan, S.",https://www.myneta.info/TamilNadu2021/candidate.php?candidate_id=2623,SANKARI,IND,0,8th Pass,https://myneta.info/image_v2.php?myneta_folder=TamilNadu2021&candidate_id=2623&col=ta,https://myneta.info/image_v2.php?myneta_folder=TamilNadu2021&candidate_id=2623&col=lia
856,1239,Gopalakrishnan.A,https://www.myneta.info/TamilNadu2021/candidate.php?candidate_id=1239,KARUR,IND,0,Graduate Professional,"Rs 2,80,000 ~ 2 Lacs+",Rs 0 ~
857,891,Gopalakrishnan.N,https://www.myneta.info/TamilNadu2021/candidate.php?candidate_id=891,CHENGALPATTU,IND,0,Graduate,"Rs 10,000 ~ 10 Thou+",Rs 0 ~
858,2976,Gopi Krishnan.P,https://www.myneta.info/TamilNadu2021/candidate.php?candidate_id=2976,KRISHNARAYAPURAM (SC),IND,0,Post Graduate,https://myneta.info/image_v2.php?myneta_folder=TamilNadu2021&candidate_id=2976&col=ta,https://myneta.info/image_v2.php?myneta_folder=TamilNadu2021&candidate_id=2976&col=lia
859,3993,Gopi S,https://www.myneta.info/TamilNadu2021/candidate.php?candidate_id=3993,GINGEE,IND,0,12th Pass,"Rs 1,02,656 ~ 1 Lacs+",Rs 0 ~
860,3412,"Gopi, N.",https://www.myneta.info/TamilNadu2021/candidate.php?candidate_id=3412,PAPANASAM,IND,0,5th Pass,"Rs 7,510 ~ 7 Thou+",Rs 0 ~
861,1966,Gopi.K,https://www.myneta.info/TamilNadu2021/candidate.php?candidate_id=1966,PAPPIREDDIPATTI,BSP,0,8th Pass,https://myneta.info/image_v2.php?myneta_folder=TamilNadu2021&candidate_id=1966&col=ta,https://myneta.info/image_v2.php?myneta_folder=TamilNadu2021&candidate_id=1966&col=lia
862,3776,Gopinath E,https://www.myneta.info/TamilNadu2021/candidate.php?candidate_id=3776,SANKARAPURAM,IND,0,8th Pass,"Rs 1,91,000 ~ 1 Lacs+","Rs 20,000 ~ 20 Thou+"
863,2733,Gopinath. R,https://www.myneta.info/TamilNadu2021/candidate.php?candidate_id=2733,SALEM WEST,IND,0,Graduate Professional,"Rs 1,000 ~ 1 Thou+",Rs 0 ~
864,3014,Gopinath.M,https://www.myneta.info/TamilNadu2021/candidate.php?candidate_id=3014,KRISHNAGIRI,IND,0,10th Pass,https://myneta.info/image_v2.php?myneta_folder=TamilNadu2021&candidate_id=3014&col=ta,https://myneta.info/image_v2.php?myneta_folder=TamilNadu2021&candidate_id=3014&col=lia
865,1161,Gopinath.P,https://www.myneta.info/TamilNadu2021/candidate.php?candidate_id=1161,KANGAYAM,IND,0,Post Graduate,"Rs 2,02,000 ~ 2 Lacs+","Rs 76,000 ~ 76 Thou+"
866,1939,"Gopinathan, K.",https://www.myneta.info/TamilNadu2021/candidate.php?candidate_id=1939,PAPANASAM,AIADMK,1,12th Pass,"Rs 38,02,500 ~ 38 Lacs+","Rs 5,00,000 ~ 5 Lacs+"
867,3413,"Gopinathan, R.",https://www.myneta.info/TamilNadu2021/candidate.php?candidate_id=3413,PAPANASAM,IND,0,Graduate Professional,https://myneta.info/image_v2.php?myneta_folder=TamilNadu2021&candidate_id=3413&col=ta,https://myneta.info/image_v2.php?myneta_folder=TamilNadu2021&candidate_id=3413&col=lia
868,40,Govanam Thangavel.K.S,https://www.myneta.info/TamilNadu2021/candidate.php?candidate_id=40,MODAKKURICHI,IND,0,8th Pass,"Rs 12,53,500 ~ 12 Lacs+","Rs 3,03,000 ~ 3 Lacs+"
869,1969,Govindan V,https://www.myneta.info/TamilNadu2021/candidate.php?candidate_id=1969,PARAMAKUDI (SC),BSP,0,Post Graduate,"Rs 31,04,000 ~ 31 Lacs+",Rs 0 ~
870,2818,"Govindaraj,S.",https://www.myneta.info/TamilNadu2021/candidate.php?candidate_id=2818,ERODE EAST,BSP,0,Graduate,https://myneta.info/image_v2.php?myneta_folder=TamilNadu2021&candidate_id=2818&col=ta,https://myneta.info/image_v2.php?myneta_folder=TamilNadu2021&candidate_id=2818&col=lia
871,1798,Govindaraj.G,https://www.myneta.info/TamilNadu2021/candidate.php?candidate_id=1798,THIRU-VI-KA-NAGAR (SC),IND,0,5th Pass,"Rs 81,80,201 ~ 81 Lacs+","Rs 35,000 ~ 35 Thou+"
872,1089,Govindarajan T.J,https://www.myneta.info/TamilNadu2021/candidate.php?candidate_id=1089,GUMMIDIPOONDI,DMK,0,10th Pass,"Rs 7,48,80,993 ~ 7 Crore+","Rs 2,18,01,172 ~ 2 Crore+"
873,2061,Govindasamy A,https://www.myneta.info/TamilNadu2021/candidate.php?candidate_id=2061,TINDIVANAM (SC),BSP,0,Graduate,https://myneta.info/image_v2.php?myneta_folder=TamilNadu2021&candidate_id=2061&col=ta,https://myneta.info/image_v2.php?myneta_folder=TamilNadu2021&candidate_id=2061&col=lia
874,205,Govindasamy.A,https://www.myneta.info/TamilNadu2021/candidate.php?candidate_id=205,PAPPIREDDIPATTI,AIADMK,0,12th Pass,"Rs 2,84,79,202 ~ 2 Crore+","Rs 22,84,821 ~ 22 Lacs+"
875,2576,Govindasamy.R,https://www.myneta.info/TamilNadu2021/candidate.php?candidate_id=2576,PAPPIREDDIPATTI,IND,0,5th Pass,"Rs 36,47,000 ~ 36 Lacs+","Rs 4,79,800 ~ 4 Lacs+"
876,1573,Govindasamy.S,https://www.myneta.info/TamilNadu2021/candidate.php?candidate_id=1573,PANRUTI,IND,0,10th Pass,https://myneta.info/image_v2.php?myneta_folder=TamilNadu2021&candidate_id=1573&col=ta,https://myneta.info/image_v2.php?myneta_folder=TamilNadu2021&candidate_id=1573&col=lia
877,3223,Gowrisankaran,https://www.myneta.info/TamilNadu2021/candidate.php?candidate_id=3223,KUMARAPALAYAM,IND,0,Graduate,"Rs 6,53,000 ~ 6 Lacs+",Rs 0 ~
878,1006,Gowrishankar . K,https://www.myneta.info/TamilNadu2021/candidate.php?candidate_id=1006,DR.RADHAKRISHNAN NAGAR,Naam Tamilar Katchi,0,10th Pass,"Rs 66,25,617 ~ 66 Lacs+",Rs 0 ~
879,1086,Gowtham J,https://www.myneta.info/TamilNadu2021/candidate.php?candidate_id=1086,GUMMIDIPOONDI,Anaithu Makkal Arasiyal Katchi,0,Graduate Professional,https://myneta.info/image_v2.php?myneta_folder=TamilNadu2021&candidate_id=1086&col=ta,https://myneta.info/image_v2.php?myneta_folder=TamilNadu2021&candidate_id=1086&col=lia
880,1056,Gowtham Sagar A,https://www.myneta.info/TamilNadu2021/candidate.php?candidate_id=1056,GINGEE,Amma Makkal Munnettra Kazagam,4,Post Graduate,"Rs 7,34,37,597 ~ 7 Crore+","Rs 26,26,797 ~ 26 Lacs+"
881,2491,"Gowtham, P",https://www.myneta.info/TamilNadu2021/candidate.php?candidate_id=2491,SINGANALLUR,IND,0,Post Graduate,"Rs 7,85,000 ~ 7 Lacs+",Rs 0 ~
882,3692,Gowthama Sannah.J,https://www.myneta.info/TamilNadu2021/candidate.php?candidate_id=3692,ARAKKONAM (SC),Viduthalai Chiruthaigal Katchi,0,Post Graduate,https://myneta.info/image_v2.php?myneta_folder=TamilNadu2021&candidate_id=3692&col=ta,https://myneta.info/image_v2.php?myneta_folder=TamilNadu2021&candidate_id=3692&col=lia
883,2445,"Gowthaman, V.",https://www.myneta.info/TamilNadu2021/candidate.php?candidate_id=2445,KUNNAM,IND,12,12th Pass,"Rs 32,98,508 ~ 32 Lacs+",Rs 0 ~
884,1016,Guheshkumar M,https://www.myneta.info/TamilNadu2021/candidate.php?candidate_id=1016,EDAPPADI,IND,0,Others,"Rs 6,31,638 ~ 6 Lacs+","Rs 2,05,022 ~ 2 Lacs+"
885,3985,Gunaseelan.P,https://www.myneta.info/TamilNadu2021/candidate.php?candidate_id=3985,GUDIYATTAM (SC),Samuga Samatuva Padai,0,10th Pass,https://myneta.info/image_v2.php?myneta_folder=TamilNadu2021&candidate_id=3985&col=ta,https://myneta.info/image_v2.php?myneta_folder=TamilNadu2021&candidate_id=3985&col=lia
886,2429,Gunasekar.V,https://www.myneta.info/TamilNadu2021/candidate.php?candidate_id=2429,UTHIRAMERUR,IND,0,10th Pass,"Rs 2,01,650 ~ 2 Lacs+",Rs 0 ~
887,4178,Gunasekaran,https://www.myneta.info/TamilNadu2021/candidate.php?candidate_id=4178,OTTAPIDARAM (SC),IND,0,Illiterate,"Rs 64,420 ~ 64 Thou+",Rs 0 ~
888,3909,Gunasekaran G,https://www.myneta.info/TamilNadu2021/candidate.php?candidate_id=3909,VIRUDHUNAGAR,IND,1,8th Pass,https://myneta.info/image_v2.php?myneta_folder=TamilNadu2021&candidate_id=3909&col=ta,https://myneta.info/image_v2.php?myneta_folder=TamilNadu2021&candidate_id=3909&col=lia
889,1976,"Gunasekaran, A.",https://www.myneta.info/TamilNadu2021/candidate.php?candidate_id=1976,PERAMBALUR (SC),NCP,0,Post Graduate,"Rs 21,94,664 ~ 21 Lacs+",Rs 0 ~
890,2622,"Gunasekaran, M.",https://www.myneta.info/TamilNadu2021/candidate.php?candidate_id=2622,SANKARI,IND,0,10th Pass,"Rs 18,49,500 ~ 18 Lacs+","Rs 95,000 ~ 95 Thou+"
891,4105,Gunasekaran. I.,https://www.myneta.info/TamilNadu2021/candidate.php?candidate_id=4105,TIRUPPUR SOUTH,IND,0,10th Pass,https://myneta.info/image_v2.php?myneta_folder=TamilNadu2021&candidate_id=4105&col=ta,https://myneta.info/image_v2.php?myneta_folder=TamilNadu2021&candidate_id=4105&col=lia
892,2715,Gunasekaran. K.N,https://www.myneta.info/TamilNadu2021/candidate.php?candidate_id=2715,EDAPPADI,My India Party,0,Others,"Rs 51,50,000 ~ 51 Lacs+",Rs 0 ~
893,4106,Gunasekaran. M.,https://www.myneta.info/TamilNadu2021/candidate.php?candidate_id=4106,TIRUPPUR SOUTH,IND,0,5th Pass,"Rs 5,45,000 ~ 5 Lacs+","Rs 60,000 ~ 60 Thou+"
894,2076,Gunasekaran. S.,https://www.myneta.info/TamilNadu2021/candidate.php?candidate_id=2076,TIRUPPUR SOUTH,AIADMK,0,12th Pass,https://myneta.info/image_v2.php?myneta_folder=TamilNadu2021&candidate_id=2076&col=ta,https://myneta.info/image_v2.php?myneta_folder=TamilNadu2021&candidate_id=2076&col=lia
895,388,Gunasekaran.G,https://www.myneta.info/TamilNadu2021/candidate.php?candidate_id=388,DR.RADHAKRISHNAN NAGAR,IND,0,Post Graduate,"Rs 12,21,100 ~ 12 Lacs+",Rs 0 ~
896,1712,Gunasekaran.S,https://www.myneta.info/TamilNadu2021/candidate.php?candidate_id=1712,ROYAPURAM,Makkal Needhi Maiam,0,10th Pass,"Rs 50,94,662 ~ 50 Lacs+",Rs 0 ~
897,3764,Guru K,https://www.myneta.info/TamilNadu2021/candidate.php?candidate_id=3764,RISHIVANDIYAM,IND,0,5th Pass,https://myneta.info/image_v2.php?myneta_folder=TamilNadu2021&candidate_id=3764&col=ta,https://myneta.info/image_v2.php?myneta_folder=TamilNadu2021&candidate_id=3764&col=lia
898,3507,"Guru, N.",https://www.myneta.info/TamilNadu2021/candidate.php?candidate_id=3507,THIRUVALLUR,Amma Makkal Munnettra Kazagam,0,Post Graduate,"Rs 21,14,327 ~ 21 Lacs+",Rs 0 ~
899,3406,"Gurumoorthi, D.",https://www.myneta.info/TamilNadu2021/candidate.php?candidate_id=3406,KUMBAKONAM,IND,8,10th Pass,"Rs 34,500 ~ 34 Thou+",Rs 0 ~
900,3910,Gurunathan G,https://www.myneta.info/TamilNadu2021/candidate.php?candidate_id=3910,VIRUDHUNAGAR,IND,0,10th Pass,https://myneta.info/image_v2.php?myneta_folder=TamilNadu2021&candidate_id=3910&col=ta,https://myneta.info/image_v2.php?myneta_folder=TamilNadu2021&candidate_id=3910&col=lia
901,802,Gurunathan.M,https://www.myneta.info/TamilNadu2021/candidate.php?candidate_id=802,ANTHIYUR,Makkal Needhi Maiam,0,5th Pass,"Rs 13,89,500 ~ 13 Lacs+","Rs 40,000 ~ 40 Thou+"
902,1615,Gururaj P,https://www.myneta.info/TamilNadu2021/candidate.php?candidate_id=1615,SANKARANKOVIL (SC),IND,1,Literate,"Rs 13,27,000 ~ 13 Lacs+",Rs 0 ~
903,3890,"Gurusamy, P.",https://www.myneta.info/TamilNadu2021/candidate.php?candidate_id=3890,SATTUR,IND,0,5th Pass,https://myneta.info/image_v2.php?myneta_folder=TamilNadu2021&candidate_id=3890&col=ta,https://myneta.info/image_v2.php?myneta_folder=TamilNadu2021&candidate_id=3890&col=lia
904,3783,Gurusamy.M,https://www.myneta.info/TamilNadu2021/candidate.php?candidate_id=3783,KALLAKURICHI (SC),IND,0,10th Pass,"Rs 1,86,000 ~ 1 Lacs+",Rs 0 ~
905,3875,"Guruvaiya, G.",https://www.myneta.info/TamilNadu2021/candidate.php?candidate_id=3875,SRIVILLIPUTHUR (SC),IND,0,Illiterate,"Rs 1,85,576 ~ 1 Lacs+",Rs 0 ~
906,3869,"Guruvaiya, K.",https://www.myneta.info/TamilNadu2021/candidate.php?candidate_id=3869,SRIVILLIPUTHUR (SC),Makkal Needhi Maiam,0,Graduate Professional,https://myneta.info/image_v2.php?myneta_folder=TamilNadu2021&candidate_id=3869&col=ta,https://myneta.info/image_v2.php?myneta_folder=TamilNadu2021&candidate_id=3869&col=lia
907,3794,H.Aravindhkumar,https://www.myneta.info/TamilNadu2021/candidate.php?candidate_id=3794,SHOLINGANALLUR,IND,0,Post Graduate,"Rs 1,53,000 ~ 1 Lacs+",Rs 0 ~
908,3718,H.Mohamed Ghouse,https://www.myneta.info/TamilNadu2021/candidate.php?candidate_id=3718,ARCOT,Tipu Sultan Party,0,Graduate Professional,"Rs 21,98,770 ~ 21 Lacs+","Rs 3,18,688 ~ 3 Lacs+"
909,461,H.Raja,https://www.myneta.info/TamilNadu2021/candidate.php?candidate_id=461,KARAIKUDI,BJP,4,Graduate Professional,https://myneta.info/image_v2.php?myneta_folder=TamilNadu2021&candidate_id=461&col=ta,https://myneta.info/image_v2.php?myneta_folder=TamilNadu2021&candidate_id=461&col=lia
910,295,Hari Nadar.A,https://www.myneta.info/TamilNadu2021/candidate.php?candidate_id=295,ALANGULAM,IND,15,12th Pass,"Rs 12,72,69,403 ~ 12 Crore+","Rs 1,50,000 ~ 1 Lacs+"
911,384,Hari Prakash.M,https://www.myneta.info/TamilNadu2021/candidate.php?candidate_id=384,DINDIGUL,IND,0,Others,"Rs 97,680 ~ 97 Thou+",Rs 0 ~
912,2152,Hari Shankar,https://www.myneta.info/TamilNadu2021/candidate.php?candidate_id=2152,ANNA NAGAR,IND,0,Others,https://myneta.info/image_v2.php?myneta_folder=TamilNadu2021&candidate_id=2152&col=ta,https://myneta.info/image_v2.php?myneta_folder=TamilNadu2021&candidate_id=2152&col=lia
913,1931,Hari.R.,https://www.myneta.info/TamilNadu2021/candidate.php?candidate_id=1931,PALACODE,BSP,0,10th Pass,"Rs 5,500 ~ 5 Thou+",Rs 0 ~
914,3949,Harikrishnan K,https://www.myneta.info/TamilNadu2021/candidate.php?candidate_id=3949,TIRUCHULI,IND,0,Graduate,"Rs 1,52,138 ~ 1 Lacs+",Rs 0 ~
915,2034,Harikrishnan.R,https://www.myneta.info/TamilNadu2021/candidate.php?candidate_id=2034,TAMBARAM,BSP,0,Post Graduate,https://myneta.info/image_v2.php?myneta_folder=TamilNadu2021&candidate_id=2034&col=ta,https://myneta.info/image_v2.php?myneta_folder=TamilNadu2021&candidate_id=2034&col=lia
916,695,Hemalatha R,https://www.myneta.info/TamilNadu2021/candidate.php?candidate_id=695,TIRUCHENGODU,Amma Makkal Munnettra Kazagam,0,Graduate,"Rs 45,50,000 ~ 45 Lacs+","Rs 5,00,000 ~ 5 Lacs+"
917,808,Humayun Kabir M I,https://www.myneta.info/TamilNadu2021/candidate.php?candidate_id=808,ARANTHANGI,Naam Tamilar Katchi,1,Graduate,"Rs 80,50,000 ~ 80 Lacs+",Rs 0 ~
918,2205,I. Govindaraji,https://www.myneta.info/TamilNadu2021/candidate.php?candidate_id=2205,TIRUPATTUR,IND,0,8th Pass,https://myneta.info/image_v2.php?myneta_folder=TamilNadu2021&candidate_id=2205&col=ta,https://myneta.info/image_v2.php?myneta_folder=TamilNadu2021&candidate_id=2205&col=lia
919,2202,I. Roselin Jeeva,https://www.myneta.info/TamilNadu2021/candidate.php?candidate_id=2202,TIRUPATTUR,Samaniya Makkal Nala Katchi,0,Post Graduate,"Rs 1,02,41,000 ~ 1 Crore+","Rs 1,00,000 ~ 1 Lacs+"
920,3263,I.Abdullah,https://www.myneta.info/TamilNadu2021/candidate.php?candidate_id=3263,PUDUKKOTTAI,IND,0,10th Pass,"Rs 2,15,500 ~ 2 Lacs+","Rs 40,000 ~ 40 Thou+"
921,517,I.Malar Tamil Prabha,https://www.myneta.info/TamilNadu2021/candidate.php?candidate_id=517,LALGUDI,Naam Tamilar Katchi,0,Post Graduate,https://myneta.info/image_v2.php?myneta_folder=TamilNadu2021&candidate_id=517&col=ta,https://myneta.info/image_v2.php?myneta_folder=TamilNadu2021&candidate_id=517&col=lia
922,1025,I.Paranthamen,https://www.myneta.info/TamilNadu2021/candidate.php?candidate_id=1025,EGMORE (SC),DMK,0,Graduate Professional,"Rs 1,12,46,806 ~ 1 Crore+",Rs 0 ~
923,192,I.S.Inbadurai,https://www.myneta.info/TamilNadu2021/candidate.php?candidate_id=192,RADHAPURAM,AIADMK,0,Graduate Professional,"Rs 3,98,84,283 ~ 3 Crore+","Rs 1,54,69,027 ~ 1 Crore+"
924,2105,Iden Soni L,https://www.myneta.info/TamilNadu2021/candidate.php?candidate_id=2105,VILAVANCODE,DMDK,2,Graduate Professional,https://myneta.info/image_v2.php?myneta_folder=TamilNadu2021&candidate_id=2105&col=ta,https://myneta.info/image_v2.php?myneta_folder=TamilNadu2021&candidate_id=2105&col=lia
925,1859,Ilakiya.R,https://www.myneta.info/TamilNadu2021/candidate.php?candidate_id=1859,KRISHNARAYAPURAM (SC),Naam Tamilar Katchi,0,Graduate Professional,"Rs 3,82,776 ~ 3 Lacs+",Rs 0 ~
926,3534,Ilangovan S,https://www.myneta.info/TamilNadu2021/candidate.php?candidate_id=3534,MANAPPARAI,IND,0,8th Pass,"Rs 48,000 ~ 48 Thou+",Rs 0 ~
927,3091,"Ilangovan, P.",https://www.myneta.info/TamilNadu2021/candidate.php?candidate_id=3091,THIRUPARANKUNDRAM,IND,0,Graduate,https://myneta.info/image_v2.php?myneta_folder=TamilNadu2021&candidate_id=3091&col=ta,https://myneta.info/image_v2.php?myneta_folder=TamilNadu2021&candidate_id=3091&col=lia
928,2369,Ilangovan.R,https://www.myneta.info/TamilNadu2021/candidate.php?candidate_id=2369,NEYVELI,Indiya Jananayaka Katchi,0,10th Pass,"Rs 8,56,000 ~ 8 Lacs+",Rs 0 ~
929,4001,Ilavarasan K,https://www.myneta.info/TamilNadu2021/candidate.php?candidate_id=4001,TINDIVANAM (SC),Anna Dravidar Kazhagam,0,8th Pass,"Rs 2,56,000 ~ 2 Lacs+","Rs 60,000 ~ 60 Thou+"
930,257,Ilayaraja S,https://www.myneta.info/TamilNadu2021/candidate.php?candidate_id=257,CHEYYUR (SC),BSP,0,Doctorate,https://myneta.info/image_v2.php?myneta_folder=TamilNadu2021&candidate_id=257&col=ta,https://myneta.info/image_v2.php?myneta_folder=TamilNadu2021&candidate_id=257&col=lia
931,2756,Imayaeswaran N,https://www.myneta.info/TamilNadu2021/candidate.php?candidate_id=2756,SALEM NORTH,Naam Tamilar Katchi,0,Others,"Rs 4,05,000 ~ 4 Lacs+",Rs 0 ~
932,17,Immanuvel.R,https://www.myneta.info/TamilNadu2021/candidate.php?candidate_id=17,KANGAYAM,IND,0,12th Pass,"Rs 59,100 ~ 59 Thou+",Rs 0 ~
933,617,Imran Khan. M,https://www.myneta.info/TamilNadu2021/candidate.php?candidate_id=617,SAIDAPET,IND,0,8th Pass,https://myneta.info/image_v2.php?myneta_folder=TamilNadu2021&candidate_id=617&col=ta,https://myneta.info/image_v2.php?myneta_folder=TamilNadu2021&candidate_id=617&col=lia
934,2731,Inbaraj. A,https://www.myneta.info/TamilNadu2021/candidate.php?candidate_id=2731,SALEM WEST,IND,0,Illiterate,"Rs 3,80,973 ~ 3 Lacs+",Rs 0 ~
935,577,Inbasekaran. P.N.P,https://www.myneta.info/TamilNadu2021/candidate.php?candidate_id=577,PENNAGARAM,DMK,19,Post Graduate,"Rs 7,19,00,710 ~ 7 Crore+","Rs 1,21,25,326 ~ 1 Crore+"
936,3940,Indira B,https://www.myneta.info/TamilNadu2021/candidate.php?candidate_id=3940,TIRUCHULI,Akhila India Jananayaka Makkal Katchi (Dr. Isaac),0,12th Pass,https://myneta.info/image_v2.php?myneta_folder=TamilNadu2021&candidate_id=3940&col=ta,https://myneta.info/image_v2.php?myneta_folder=TamilNadu2021&candidate_id=3940&col=lia
937,2808,Indrajith Guptha,https://www.myneta.info/TamilNadu2021/candidate.php?candidate_id=2808,VEERAPANDI,IND,0,Others,"Rs 70,700 ~ 70 Thou+",Rs 0 ~
938,3051,Indurani S,https://www.myneta.info/TamilNadu2021/candidate.php?candidate_id=3051,SHOLAVANDAN (SC),Puthiya Tamilagam,0,Post Graduate,"Rs 6,25,000 ~ 6 Lacs+","Rs 96,000 ~ 96 Thou+"
939,2062,"Inigo Irudayaraj,S.",https://www.myneta.info/TamilNadu2021/candidate.php?candidate_id=2062,TIRUCHIRAPPALLI EAST,DMK,2,Doctorate,https://myneta.info/image_v2.php?myneta_folder=TamilNadu2021&candidate_id=2062&col=ta,https://myneta.info/image_v2.php?myneta_folder=TamilNadu2021&candidate_id=2062&col=lia
940,3545,"Irudayaraj,S.",https://www.myneta.info/TamilNadu2021/candidate.php?candidate_id=3545,TIRUCHIRAPPALLI EAST,IND,0,Literate,"Rs 1,50,000 ~ 1 Lacs+",Rs 0 ~
941,3868,"Irulandi, Dr. V.",https://www.myneta.info/TamilNadu2021/candidate.php?candidate_id=3868,SRIVILLIPUTHUR (SC),Tamil Nadu Ilangyar Katchi,0,Doctorate,"Rs 3,22,58,263 ~ 3 Crore+",Rs 0 ~
942,3068,Ismail D,https://www.myneta.info/TamilNadu2021/candidate.php?candidate_id=3068,MADURAI NORTH,IND,0,5th Pass,https://myneta.info/image_v2.php?myneta_folder=TamilNadu2021&candidate_id=3068&col=ta,https://myneta.info/image_v2.php?myneta_folder=TamilNadu2021&candidate_id=3068&col=lia
943,141,Iyndhukovilan G,https://www.myneta.info/TamilNadu2021/candidate.php?candidate_id=141,USILAMPATTI,Naam Tamilar Katchi,0,Post Graduate,"Rs 1,25,000 ~ 1 Lacs+",Rs 0 ~
944,4017,Iyyanar G,https://www.myneta.info/TamilNadu2021/candidate.php?candidate_id=4017,VILLUPURAM,IND,0,5th Pass,"Rs 2,87,000 ~ 2 Lacs+","Rs 1,70,500 ~ 1 Lacs+"
945,4030,Iyyanar R,https://www.myneta.info/TamilNadu2021/candidate.php?candidate_id=4030,VIKRAVANDI,Amma Makkal Munnettra Kazagam,2,10th Pass,https://myneta.info/image_v2.php?myneta_folder=TamilNadu2021&candidate_id=4030&col=ta,https://myneta.info/image_v2.php?myneta_folder=TamilNadu2021&candidate_id=4030&col=lia
946,4033,Iyyappan K,https://www.myneta.info/TamilNadu2021/candidate.php?candidate_id=4033,VIKRAVANDI,IND,0,8th Pass,"Rs 7,77,000 ~ 7 Lacs+",Rs 0 ~
947,1018,Iyyappan P,https://www.myneta.info/TamilNadu2021/candidate.php?candidate_id=1018,EDAPPADI,IND,0,Graduate Professional,"Rs 9,60,519 ~ 9 Lacs+","Rs 1,00,000 ~ 1 Lacs+"
948,2823,Iyyavu R,https://www.myneta.info/TamilNadu2021/candidate.php?candidate_id=2823,ERODE WEST,IND,0,Illiterate,https://myneta.info/image_v2.php?myneta_folder=TamilNadu2021&candidate_id=2823&col=ta,https://myneta.info/image_v2.php?myneta_folder=TamilNadu2021&candidate_id=2823&col=lia
949,4206,J Agni Selvarasu,https://www.myneta.info/TamilNadu2021/candidate.php?candidate_id=4206,TIRUVANNAMALAI,Naadaalum Makkal Katchi,0,Post Graduate,"Rs 26,00,000 ~ 26 Lacs+",Rs 0 ~
950,3952,J Anandhi,https://www.myneta.info/TamilNadu2021/candidate.php?candidate_id=3952,KATPADI,IND,0,12th Pass,"Rs 7,00,000 ~ 7 Lacs+",Rs 0 ~
951,4214,J Jameel Basha,https://www.myneta.info/TamilNadu2021/candidate.php?candidate_id=4214,TIRUVANNAMALAI,IND,0,Graduate Professional,https://myneta.info/image_v2.php?myneta_folder=TamilNadu2021&candidate_id=4214&col=ta,https://myneta.info/image_v2.php?myneta_folder=TamilNadu2021&candidate_id=4214&col=lia
952,4208,J Kamalakkannan,https://www.myneta.info/TamilNadu2021/candidate.php?candidate_id=4208,TIRUVANNAMALAI,Naam Tamilar Katchi,0,Graduate,"Rs 57,66,541 ~ 57 Lacs+","Rs 23,80,000 ~ 23 Lacs+"
953,841,J Silambarasan,https://www.myneta.info/TamilNadu2021/candidate.php?candidate_id=841,ATTUR (SC),IND,0,Illiterate,"Rs 2,00,500 ~ 2 Lacs+",Rs 0 ~
954,1150,J. Jayaraj,https://www.myneta.info/TamilNadu2021/candidate.php?candidate_id=1150,KANCHEEPURAM,IND,0,12th Pass,https://myneta.info/image_v2.php?myneta_folder=TamilNadu2021&candidate_id=1150&col=ta,https://myneta.info/image_v2.php?myneta_folder=TamilNadu2021&candidate_id=1150&col=lia
955,1894,J. Mohamed Shanavas,https://www.myneta.info/TamilNadu2021/candidate.php?candidate_id=1894,NAGAPATTINAM,Viduthalai Chiruthaigal Katchi,1,12th Pass,"Rs 27,85,391 ~ 27 Lacs+",Rs 0 ~
956,2138,J. Nagaraj,https://www.myneta.info/TamilNadu2021/candidate.php?candidate_id=2138,ANNA NAGAR,New Generation Peoples Party,0,Others,"Rs 32,91,264 ~ 32 Lacs+","Rs 15,00,000 ~ 15 Lacs+"
957,4143,J.Alldrin Airmarshal Thayaram,https://www.myneta.info/TamilNadu2021/candidate.php?candidate_id=4143,THOOTHUKUDI,IND,1,Post Graduate,https://myneta.info/image_v2.php?myneta_folder=TamilNadu2021&candidate_id=4143&col=ta,https://myneta.info/image_v2.php?myneta_folder=TamilNadu2021&candidate_id=4143&col=lia
958,1768,J.Arumugam,https://www.myneta.info/TamilNadu2021/candidate.php?candidate_id=1768,KOLATHUR,Amma Makkal Munnettra Kazagam,0,Graduate,"Rs 2,77,25,769 ~ 2 Crore+","Rs 1,15,92,533 ~ 1 Crore+"
959,4142,J.Arun Nehruraj,https://www.myneta.info/TamilNadu2021/candidate.php?candidate_id=4142,THOOTHUKUDI,IND,0,12th Pass,"Rs 8,000 ~ 8 Thou+",Rs 0 ~
960,3703,J.Balaji,https://www.myneta.info/TamilNadu2021/candidate.php?candidate_id=3703,SHOLINGHUR,IND,0,8th Pass,https://myneta.info/image_v2.php?myneta_folder=TamilNadu2021&candidate_id=3703&col=ta,https://myneta.info/image_v2.php?myneta_folder=TamilNadu2021&candidate_id=3703&col=lia
961,4070,J.Benjamin Kirubakaran,https://www.myneta.info/TamilNadu2021/candidate.php?candidate_id=4070,MADATHUKULAM,BSP,0,10th Pass,"Rs 31,000 ~ 31 Thou+",Rs 0 ~
962,322,J.C.D.Prabhakar,https://www.myneta.info/TamilNadu2021/candidate.php?candidate_id=322,VILLIVAKKAM,AIADMK,0,Graduate Professional,"Rs 14,13,33,339 ~ 14 Crore+","Rs 1,45,000 ~ 1 Lacs+"
963,1802,J.Chandrakala,https://www.myneta.info/TamilNadu2021/candidate.php?candidate_id=1802,EGMORE (SC),LJP,0,12th Pass,https://myneta.info/image_v2.php?myneta_folder=TamilNadu2021&candidate_id=1802&col=ta,https://myneta.info/image_v2.php?myneta_folder=TamilNadu2021&candidate_id=1802&col=lia
964,497,J.Divya Rani,https://www.myneta.info/TamilNadu2021/candidate.php?candidate_id=497,KILVAITHINANKUPPAM (SC),Naam Tamilar Katchi,0,8th Pass,"Rs 7,55,000 ~ 7 Lacs+","Rs 5,85,000 ~ 5 Lacs+"
965,2384,J.Jacob,https://www.myneta.info/TamilNadu2021/candidate.php?candidate_id=2384,CUDDALORE,IND,0,Graduate Professional,"Rs 72,51,000 ~ 72 Lacs+","Rs 10,00,000 ~ 10 Lacs+"
966,3638,J.Jesu Rajendran,https://www.myneta.info/TamilNadu2021/candidate.php?candidate_id=3638,RADHAPURAM,Naam Indiar Party,0,5th Pass,https://myneta.info/image_v2.php?myneta_folder=TamilNadu2021&candidate_id=3638&col=ta,https://myneta.info/image_v2.php?myneta_folder=TamilNadu2021&candidate_id=3638&col=lia
967,683,J.John Edward Visuvasam,https://www.myneta.info/TamilNadu2021/candidate.php?candidate_id=683,THONDAMUTHUR,IND,0,10th Pass,"Rs 35,65,000 ~ 35 Lacs+","Rs 25,00,000 ~ 25 Lacs+"
968,819,J.L.Eswarappan,https://www.myneta.info/TamilNadu2021/candidate.php?candidate_id=819,ARCOT,DMK,0,Graduate Professional,"Rs 13,17,71,131 ~ 13 Crore+","Rs 7,11,98,073 ~ 7 Crore+"
969,2132,J.Rajesh Dharmasingh Pandian,https://www.myneta.info/TamilNadu2021/candidate.php?candidate_id=2132,AMBASAMUDRAM,IND,0,Graduate,https://myneta.info/image_v2.php?myneta_folder=TamilNadu2021&candidate_id=2132&col=ta,https://myneta.info/image_v2.php?myneta_folder=TamilNadu2021&candidate_id=2132&col=lia
970,1317,J.Ravisankar Jayachanthiran,https://www.myneta.info/TamilNadu2021/candidate.php?candidate_id=1317,KOVILPATTI,IND,0,12th Pass,"Rs 11,99,952 ~ 11 Lacs+",Rs 0 ~
971,4146,J.Samuvel,https://www.myneta.info/TamilNadu2021/candidate.php?candidate_id=4146,THOOTHUKUDI,IND,0,10th Pass,"Rs 11,47,000 ~ 11 Lacs+",Rs 0 ~
972,686,J.Sivaneswaran,https://www.myneta.info/TamilNadu2021/candidate.php?candidate_id=686,THOOTHUKUDI,IND,0,Post Graduate,https://myneta.info/image_v2.php?myneta_folder=TamilNadu2021&candidate_id=686&col=ta,https://myneta.info/image_v2.php?myneta_folder=TamilNadu2021&candidate_id=686&col=lia
973,1301,J.Suriyamuthu,https://www.myneta.info/TamilNadu2021/candidate.php?candidate_id=1301,KOLATHUR,IND,0,10th Pass,"Rs 10,189 ~ 10 Thou+",Rs 0 ~
974,1898,J.V. Durai,https://www.myneta.info/TamilNadu2021/candidate.php?candidate_id=1898,NAGAPATTINAM,Makkalatchi Katchi,0,Others,"Rs 4,77,000 ~ 4 Lacs+",Rs 0 ~
975,714,J.Veerayi,https://www.myneta.info/TamilNadu2021/candidate.php?candidate_id=714,TIRUPPATHUR,IND,0,Illiterate,https://myneta.info/image_v2.php?myneta_folder=TamilNadu2021&candidate_id=714&col=ta,https://myneta.info/image_v2.php?myneta_folder=TamilNadu2021&candidate_id=714&col=lia
976,1723,J.Victor Paul,https://www.myneta.info/TamilNadu2021/candidate.php?candidate_id=1723,VELACHERY,RPI(A),0,10th Pass,"Rs 1,50,000 ~ 1 Lacs+","Rs 40,000 ~ 40 Thou+"
977,4258,J.Vincent,https://www.myneta.info/TamilNadu2021/candidate.php?candidate_id=4258,ALANDUR,RPI(A),0,Others,"Rs 4,33,000 ~ 4 Lacs+",Rs 0 ~
978,1778,Jagadesh Jayakumar,https://www.myneta.info/TamilNadu2021/candidate.php?candidate_id=1778,VILLIVAKKAM,Valamaana Tamizhagam Katchi,0,12th Pass,https://myneta.info/image_v2.php?myneta_folder=TamilNadu2021&candidate_id=1778&col=ta,https://myneta.info/image_v2.php?myneta_folder=TamilNadu2021&candidate_id=1778&col=lia
979,2502,Jagadheesh. S,https://www.myneta.info/TamilNadu2021/candidate.php?candidate_id=2502,SULUR,My India Party,0,Graduate Professional,"Rs 3,63,500 ~ 3 Lacs+","Rs 3,50,000 ~ 3 Lacs+"
980,1060,Jagajanandam R,https://www.myneta.info/TamilNadu2021/candidate.php?candidate_id=1060,GINGEE,BSP,0,Others,"Rs 2,00,500 ~ 2 Lacs+",Rs 0 ~
981,563,Jagan.K,https://www.myneta.info/TamilNadu2021/candidate.php?candidate_id=563,NEYVELI,Pattali Makkal Katchi,1,12th Pass,https://myneta.info/image_v2.php?myneta_folder=TamilNadu2021&candidate_id=563&col=ta,https://myneta.info/image_v2.php?myneta_folder=TamilNadu2021&candidate_id=563&col=lia
982,2645,"Jaganathan, I.",https://www.myneta.info/TamilNadu2021/candidate.php?candidate_id=2645,SANKARI,IND,0,Graduate Professional,"Rs 13,63,600 ~ 13 Lacs+","Rs 10,20,000 ~ 10 Lacs+"
983,2646,"Jagannathan, M.",https://www.myneta.info/TamilNadu2021/candidate.php?candidate_id=2646,SANKARI,IND,0,8th Pass,"Rs 23,86,120 ~ 23 Lacs+","Rs 26,68,125 ~ 26 Lacs+"
984,4229,Jagannathan.R,https://www.myneta.info/TamilNadu2021/candidate.php?candidate_id=4229,KALASAPAKKAM,IND,0,Post Graduate,https://myneta.info/image_v2.php?myneta_folder=TamilNadu2021&candidate_id=4229&col=ta,https://myneta.info/image_v2.php?myneta_folder=TamilNadu2021&candidate_id=4229&col=lia
985,3553,"Jahir Hussain,M.",https://www.myneta.info/TamilNadu2021/candidate.php?candidate_id=3553,TIRUCHIRAPPALLI EAST,IND,0,10th Pass,"Rs 2,60,000 ~ 2 Lacs+",Rs 0 ~
986,4028,Jaiaadhe R,https://www.myneta.info/TamilNadu2021/candidate.php?candidate_id=4028,VILLUPURAM,IND,0,12th Pass,"Rs 70,01,000 ~ 70 Lacs+",Rs 0 ~
987,3990,Jaikarthikeyan.K,https://www.myneta.info/TamilNadu2021/candidate.php?candidate_id=3990,GUDIYATTAM (SC),Makkal Desiya Katchi,0,10th Pass,https://myneta.info/image_v2.php?myneta_folder=TamilNadu2021&candidate_id=3990&col=ta,https://myneta.info/image_v2.php?myneta_folder=TamilNadu2021&candidate_id=3990&col=lia
988,2427,Jaisudha.V,https://www.myneta.info/TamilNadu2021/candidate.php?candidate_id=2427,UTHIRAMERUR,RPI(A),0,Graduate Professional,"Rs 18,500 ~ 18 Thou+",Rs 0 ~
989,970,Jaladeepan.V,https://www.myneta.info/TamilNadu2021/candidate.php?candidate_id=970,CUDDALORE,Naam Tamilar Katchi,3,Graduate Professional,"Rs 71,72,275 ~ 71 Lacs+","Rs 4,93,000 ~ 4 Lacs+"
990,1713,James Martin.M,https://www.myneta.info/TamilNadu2021/candidate.php?candidate_id=1713,ROYAPURAM,Tamil Nadu Ilangyar Katchi,0,Post Graduate,https://myneta.info/image_v2.php?myneta_folder=TamilNadu2021&candidate_id=1713&col=ta,https://myneta.info/image_v2.php?myneta_folder=TamilNadu2021&candidate_id=1713&col=lia
991,2473,James.S,https://www.myneta.info/TamilNadu2021/candidate.php?candidate_id=2473,KINATHUKADAVU,All India Jananayaka Makkal Kazhagam,0,8th Pass,"Rs 1,54,03,976 ~ 1 Crore+","Rs 1,03,40,520 ~ 1 Crore+"
992,89,Jamuna A,https://www.myneta.info/TamilNadu2021/candidate.php?candidate_id=89,EDAPPADI,BSP,0,Graduate,"Rs 5,500 ~ 5 Thou+",Rs 0 ~
993,3203,Janagaraj R,https://www.myneta.info/TamilNadu2021/candidate.php?candidate_id=3203,TIRUCHENGODU,Makkal Needhi Maiam,0,5th Pass,https://myneta.info/image_v2.php?myneta_folder=TamilNadu2021&candidate_id=3203&col=ta,https://myneta.info/image_v2.php?myneta_folder=TamilNadu2021&candidate_id=3203&col=lia
994,2158,Janaki.G,https://www.myneta.info/TamilNadu2021/candidate.php?candidate_id=2158,THALLY,Veerath Thiyagi Viswanathadoss Thozhilalarkal Katchi,0,5th Pass,"Rs 3,73,000 ~ 3 Lacs+",Rs 0 ~
995,2672,"Janarthanam, A.",https://www.myneta.info/TamilNadu2021/candidate.php?candidate_id=2672,ATTUR (SC),Dhesiya Makkal Kazhagam,0,12th Pass,"Rs 60,000 ~ 60 Thou+",Rs 0 ~
996,731,Jawahar,https://www.myneta.info/TamilNadu2021/candidate.php?candidate_id=731,TIRUVADANAI,Naam Tamilar Katchi,0,Graduate Professional,https://myneta.info/image_v2.php?myneta_folder=TamilNadu2021&candidate_id=731&col=ta,https://myneta.info/image_v2.php?myneta_folder=TamilNadu2021&candidate_id=731&col=lia
997,3174,Jawahar,https://www.myneta.info/TamilNadu2021/candidate.php?candidate_id=3174,NAMAKKAL,IND,0,10th Pass,"Rs 60,18,000 ~ 60 Lacs+","Rs 38,00,000 ~ 38 Lacs+"
998,1690,Jawahar P,https://www.myneta.info/TamilNadu2021/candidate.php?candidate_id=1690,ARIYALUR,Indiya Jananayaka Katchi,0,Doctorate,"Rs 43,84,239 ~ 43 Lacs+","Rs 31,00,000 ~ 31 Lacs+"
999,2438,Jayabalan.E,https://www.myneta.info/TamilNadu2021/candidate.php?candidate_id=2438,UTHIRAMERUR,IND,0,10th Pass,https://myneta.info/image_v2.php?myneta_folder=TamilNadu2021&candidate_id=2438&col=ta,https://myneta.info/image_v2.php?myneta_folder=TamilNadu2021&candidate_id=2438&col=lia
1000,2465,Jayachandran,https://www.myneta.info/TamilNadu2021/candidate.php?candidate_id=2465,COIMBATORE SOUTH,IND,0,Post Graduate,"Rs 80,18,200 ~ 80 Lacs+","Rs 58,36,000 ~ 58 Lacs+"
1001,3197,Jayakumar K,https://www.myneta.info/TamilNadu2021/candidate.php?candidate_id=3197,PARAMATHIVELUR,IND,0,Graduate,"Rs 25,000 ~ 25 Thou+",Rs 0 ~
1002,852,Jayakumar P,https://www.myneta.info/TamilNadu2021/candidate.php?candidate_id=852,AVADI,IND,0,Graduate,https://myneta.info/image_v2.php?myneta_folder=TamilNadu2021&candidate_id=852&col=ta,https://myneta.info/image_v2.php?myneta_folder=TamilNadu2021&candidate_id=852&col=lia
1003,1609,Jayakumar P L A,https://www.myneta.info/TamilNadu2021/candidate.php?candidate_id=1609,VASUDEVANALLUR (SC),Tamil Nadu Ilangyar Katchi,0,10th Pass,"Rs 1,33,000 ~ 1 Lacs+",Rs 0 ~
1004,3450,"Jayakumar, A.",https://www.myneta.info/TamilNadu2021/candidate.php?candidate_id=3450,UDHAGAMANDALAM,Naam Tamilar Katchi,0,12th Pass,"Rs 32,46,396 ~ 32 Lacs+","Rs 13,00,000 ~ 13 Lacs+"
1005,586,"Jayakumar, S.",https://www.myneta.info/TamilNadu2021/candidate.php?candidate_id=586,PERUNDURAI,AIADMK,0,Others,https://myneta.info/image_v2.php?myneta_folder=TamilNadu2021&candidate_id=586&col=ta,https://myneta.info/image_v2.php?myneta_folder=TamilNadu2021&candidate_id=586&col=lia
1006,185,Jayakumar.D,https://www.myneta.info/TamilNadu2021/candidate.php?candidate_id=185,ROYAPURAM,AIADMK,0,Graduate Professional,"Rs 1,79,02,919 ~ 1 Crore+","Rs 1,00,000 ~ 1 Lacs+"
1007,471,Jayakumar.G,https://www.myneta.info/TamilNadu2021/candidate.php?candidate_id=471,KARUR,IND,0,Graduate Professional,"Rs 1,20,000 ~ 1 Lacs+",Rs 0 ~
1008,608,Jayanthi M,https://www.myneta.info/TamilNadu2021/candidate.php?candidate_id=608,RASIPURAM(SC),Ambedkarite Party of India,0,Graduate,https://myneta.info/image_v2.php?myneta_folder=TamilNadu2021&candidate_id=608&col=ta,https://myneta.info/image_v2.php?myneta_folder=TamilNadu2021&candidate_id=608&col=lia
1009,1587,Jayanthi M,https://www.myneta.info/TamilNadu2021/candidate.php?candidate_id=1587,TIRUCHENDUR,Makkal Needhi Maiam,0,Graduate,"Rs 45,43,812 ~ 45 Lacs+","Rs 21,45,500 ~ 21 Lacs+"
1010,3983,Jayanthi Padmanaban.C,https://www.myneta.info/TamilNadu2021/candidate.php?candidate_id=3983,GUDIYATTAM (SC),Amma Makkal Munnettra Kazagam,0,Graduate Professional,"Rs 6,71,59,208 ~ 6 Crore+","Rs 2,80,11,161 ~ 2 Crore+"
1011,3781,Jayaprakash K,https://www.myneta.info/TamilNadu2021/candidate.php?candidate_id=3781,SANKARAPURAM,IND,2,Graduate,https://myneta.info/image_v2.php?myneta_folder=TamilNadu2021&candidate_id=3781&col=ta,https://myneta.info/image_v2.php?myneta_folder=TamilNadu2021&candidate_id=3781&col=lia
1012,3459,"Jayaprakash, D",https://www.myneta.info/TamilNadu2021/candidate.php?candidate_id=3459,COONOOR,IND,0,Graduate Professional,"Rs 3,79,500 ~ 3 Lacs+",Rs 0 ~
1013,1078,"Jayaprakash, P.",https://www.myneta.info/TamilNadu2021/candidate.php?candidate_id=1078,GUDALUR (SC),Tamilaga Makkal Thannurimai Katchi,1,10th Pass,"Rs 2,70,500 ~ 2 Lacs+",Rs 0 ~
1014,2911,Jayaraj E,https://www.myneta.info/TamilNadu2021/candidate.php?candidate_id=2911,KILLIYOOR,Tamil Nadu Ilangyar Katchi,0,Graduate,https://myneta.info/image_v2.php?myneta_folder=TamilNadu2021&candidate_id=2911&col=ta,https://myneta.info/image_v2.php?myneta_folder=TamilNadu2021&candidate_id=2911&col=lia
1015,638,"Jayaram, K.R",https://www.myneta.info/TamilNadu2021/candidate.php?candidate_id=638,SINGANALLUR,AIADMK,0,8th Pass,"Rs 90,32,17,625 ~ 90 Crore+","Rs 23,01,59,014 ~ 23 Crore+"
1016,3175,Jayaramachandran P,https://www.myneta.info/TamilNadu2021/candidate.php?candidate_id=3175,NAMAKKAL,IND,0,12th Pass,"Rs 2,05,000 ~ 2 Lacs+",Rs 0 ~
1017,1860,Jayaramakrishnan,https://www.myneta.info/TamilNadu2021/candidate.php?candidate_id=1860,MADATHUKULAM,DMK,0,Graduate Professional,https://myneta.info/image_v2.php?myneta_folder=TamilNadu2021&candidate_id=1860&col=ta,https://myneta.info/image_v2.php?myneta_folder=TamilNadu2021&candidate_id=1860&col=lia
1018,2439,Jayaraman.C.A,https://www.myneta.info/TamilNadu2021/candidate.php?candidate_id=2439,UTHIRAMERUR,IND,0,Post Graduate,"Rs 2,50,000 ~ 2 Lacs+",Rs 0 ~
1019,3026,Jayaseelan G,https://www.myneta.info/TamilNadu2021/candidate.php?candidate_id=3026,HOSUR,Anna Puratchi Thalaivar Amma Dravida Munnetra Kazhagam,0,Illiterate,"Rs 21,05,000 ~ 21 Lacs+","Rs 40,000 ~ 40 Thou+"
1020,2107,Jayaseelan R,https://www.myneta.info/TamilNadu2021/candidate.php?candidate_id=2107,VILAVANCODE,BJP,2,Post Graduate,https://myneta.info/image_v2.php?myneta_folder=TamilNadu2021&candidate_id=2107&col=ta,https://myneta.info/image_v2.php?myneta_folder=TamilNadu2021&candidate_id=2107&col=lia
1021,1421,Jayaseelan. S,https://www.myneta.info/TamilNadu2021/candidate.php?candidate_id=1421,MADHAVARAM,IND,0,12th Pass,"Rs 38,062 ~ 38 Thou+",Rs 0 ~
1022,912,Jayasimmaraja S M,https://www.myneta.info/TamilNadu2021/candidate.php?candidate_id=912,CHEPAUK-THIRUVALLIKENI,Naam Tamilar Katchi,0,Graduate Professional,"Rs 4,99,000 ~ 4 Lacs+",Rs 0 ~
1023,3441,"Jayasooriyan, T.",https://www.myneta.info/TamilNadu2021/candidate.php?candidate_id=3441,ORATHANADU,IND,0,Others,https://myneta.info/image_v2.php?myneta_folder=TamilNadu2021&candidate_id=3441&col=ta,https://myneta.info/image_v2.php?myneta_folder=TamilNadu2021&candidate_id=3441&col=lia
1024,87,Jayasundar.R,https://www.myneta.info/TamilNadu2021/candidate.php?candidate_id=87,DINDIGUL,Naam Tamilar Katchi,2,Graduate,"Rs 30,85,000 ~ 30 Lacs+","Rs 21,79,000 ~ 21 Lacs+"
1025,993,Jayavenkatesan.S.K.,https://www.myneta.info/TamilNadu2021/candidate.php?candidate_id=993,DHARMAPURI,Makkal Needhi Maiam,0,Graduate,"Rs 43,50,419 ~ 43 Lacs+","Rs 10,80,066 ~ 10 Lacs+"
1026,4047,Jayavindan G,https://www.myneta.info/TamilNadu2021/candidate.php?candidate_id=4047,TIRUKKOYILUR,IND,0,Graduate Professional,https://myneta.info/image_v2.php?myneta_folder=TamilNadu2021&candidate_id=4047&col=ta,https://myneta.info/image_v2.php?myneta_folder=TamilNadu2021&candidate_id=4047&col=lia
1027,1578,Jaylani,https://www.myneta.info/TamilNadu2021/candidate.php?candidate_id=1578,PANRUTI,Makkal Needhi Maiam,2,10th Pass,"Rs 3,48,68,503 ~ 3 Crore+","Rs 2,12,71,782 ~ 2 Crore+"
1028,3296,Jeeva A,https://www.myneta.info/TamilNadu2021/candidate.php?candidate_id=3296,ARANTHANGI,BSP,0,Not Given,"Rs 1,22,500 ~ 1 Lacs+",Rs 0 ~
1029,2851,"Jeeva, N.",https://www.myneta.info/TamilNadu2021/candidate.php?candidate_id=2851,PERUNDURAI,IND,0,10th Pass,https://myneta.info/image_v2.php?myneta_folder=TamilNadu2021&candidate_id=2851&col=ta,https://myneta.info/image_v2.php?myneta_folder=TamilNadu2021&candidate_id=2851&col=lia
1030,2437,Jeevanantham.D,https://www.myneta.info/TamilNadu2021/candidate.php?candidate_id=2437,UTHIRAMERUR,IND,0,10th Pass,"Rs 5,00,500 ~ 5 Lacs+",Rs 0 ~
1031,1951,Jeevanantham.G,https://www.myneta.info/TamilNadu2021/candidate.php?candidate_id=1951,SIVAKASI,RPI(A),0,10th Pass,"Rs 51,500 ~ 51 Thou+",Rs 0 ~
1032,3312,Jegadeesan R,https://www.myneta.info/TamilNadu2021/candidate.php?candidate_id=3312,ARANTHANGI,IND,0,10th Pass,https://myneta.info/image_v2.php?myneta_folder=TamilNadu2021&candidate_id=3312&col=ta,https://myneta.info/image_v2.php?myneta_folder=TamilNadu2021&candidate_id=3312&col=lia
1033,3124,Jegadeesh Kumar R,https://www.myneta.info/TamilNadu2021/candidate.php?candidate_id=3124,THIRUMANGALAM,IND,0,Graduate Professional,"Rs 3,91,000 ~ 3 Lacs+",Rs 0 ~
1034,4160,Jegan,https://www.myneta.info/TamilNadu2021/candidate.php?candidate_id=4160,SRIVAIKUNTAM,Anna Dravidar Kazhagam,0,Graduate,"Rs 10,87,000 ~ 10 Lacs+","Rs 1,05,000 ~ 1 Lacs+"
1035,3739,Jeganathan.M,https://www.myneta.info/TamilNadu2021/candidate.php?candidate_id=3739,TENKASI,Anaithu Makkal Puratchi Katchi,0,12th Pass,https://myneta.info/image_v2.php?myneta_folder=TamilNadu2021&candidate_id=3739&col=ta,https://myneta.info/image_v2.php?myneta_folder=TamilNadu2021&candidate_id=3739&col=lia
1036,2891,"Jenkins, D.",https://www.myneta.info/TamilNadu2021/candidate.php?candidate_id=2891,PADMANABHAPURAM,Amma Makkal Munnettra Kazagam,0,Others,"Rs 1,06,63,746 ~ 1 Crore+","Rs 4,00,000 ~ 4 Lacs+"
1037,3574,Jestin Raja,https://www.myneta.info/TamilNadu2021/candidate.php?candidate_id=3574,THIRUVERUMBUR,IND,0,Graduate,"Rs 1,78,000 ~ 1 Lacs+","Rs 1,26,000 ~ 1 Lacs+"
1038,3076,Jeya.K,https://www.myneta.info/TamilNadu2021/candidate.php?candidate_id=3076,MADURAI SOUTH,IND,0,8th Pass,https://myneta.info/image_v2.php?myneta_folder=TamilNadu2021&candidate_id=3076&col=ta,https://myneta.info/image_v2.php?myneta_folder=TamilNadu2021&candidate_id=3076&col=lia
1039,248,Jeyakumar,https://www.myneta.info/TamilNadu2021/candidate.php?candidate_id=248,ANDIPATTI,Naam Tamilar Katchi,0,10th Pass,"Rs 10,35,800 ~ 10 Lacs+","Rs 60,000 ~ 60 Thou+"
1040,3050,Jeyakumar P,https://www.myneta.info/TamilNadu2021/candidate.php?candidate_id=3050,MADURAI EAST,IND,0,Graduate Professional,"Rs 14,63,000 ~ 14 Lacs+","Rs 8,00,000 ~ 8 Lacs+"
1041,2399,Jeyakumar. K,https://www.myneta.info/TamilNadu2021/candidate.php?candidate_id=2399,BHUVANAGIRI,IND,0,12th Pass,https://myneta.info/image_v2.php?myneta_folder=TamilNadu2021&candidate_id=2399&col=ta,https://myneta.info/image_v2.php?myneta_folder=TamilNadu2021&candidate_id=2399&col=lia
1042,2015,Jeyalakshmi M,https://www.myneta.info/TamilNadu2021/candidate.php?candidate_id=2015,SHOLAVANDAN (SC),DMDK,0,10th Pass,"Rs 10,16,000 ~ 10 Lacs+","Rs 1,50,000 ~ 1 Lacs+"
1043,1452,Jeyapal M,https://www.myneta.info/TamilNadu2021/candidate.php?candidate_id=1452,MADURAI NORTH,Amma Makkal Munnettra Kazagam,3,Post Graduate,"Rs 2,15,34,128 ~ 2 Crore+","Rs 23,42,530 ~ 23 Lacs+"
1044,3540,Jeyapandia,https://www.myneta.info/TamilNadu2021/candidate.php?candidate_id=3540,MANAPPARAI,IND,0,8th Pass,https://myneta.info/image_v2.php?myneta_folder=TamilNadu2021&candidate_id=3540&col=ta,https://myneta.info/image_v2.php?myneta_folder=TamilNadu2021&candidate_id=3540&col=lia
1045,226,Jeyapaul R,https://www.myneta.info/TamilNadu2021/candidate.php?candidate_id=226,NATHAM,IND,1,Literate,"Rs 1,91,000 ~ 1 Lacs+",Rs 0 ~
1046,2892,"Jeyaraj, M.",https://www.myneta.info/TamilNadu2021/candidate.php?candidate_id=2892,PADMANABHAPURAM,Makkal Needhi Maiam,0,12th Pass,"Rs 44,89,106 ~ 44 Lacs+","Rs 17,00,000 ~ 17 Lacs+"
1047,2662,Jeyasekaran R,https://www.myneta.info/TamilNadu2021/candidate.php?candidate_id=2662,ATHOOR,My India Party,0,8th Pass,https://myneta.info/image_v2.php?myneta_folder=TamilNadu2021&candidate_id=2662&col=ta,https://myneta.info/image_v2.php?myneta_folder=TamilNadu2021&candidate_id=2662&col=lia
1048,1726,Jmh.Aassan Maulaana,https://www.myneta.info/TamilNadu2021/candidate.php?candidate_id=1726,VELACHERY,INC,5,Post Graduate,"Rs 11,78,41,833 ~ 11 Crore+",Rs 0 ~
1049,2913,John Benadict G,https://www.myneta.info/TamilNadu2021/candidate.php?candidate_id=2913,KILLIYOOR,IND,0,Graduate Professional,"Rs 40,16,000 ~ 40 Lacs+",Rs 0 ~
1050,3635,John Samuvel Jesupatham .D,https://www.myneta.info/TamilNadu2021/candidate.php?candidate_id=3635,PALAYAMKOTTAI,IND,0,12th Pass,https://myneta.info/image_v2.php?myneta_folder=TamilNadu2021&candidate_id=3635&col=ta,https://myneta.info/image_v2.php?myneta_folder=TamilNadu2021&candidate_id=3635&col=lia
1051,2889,"John Thankam, D.",https://www.myneta.info/TamilNadu2021/candidate.php?candidate_id=2889,PADMANABHAPURAM,AIADMK,3,Graduate,"Rs 8,03,71,894 ~ 8 Crore+","Rs 85,47,817 ~ 85 Lacs+"
1052,2281,Johnson R,https://www.myneta.info/TamilNadu2021/candidate.php?candidate_id=2281,THIYAGARAYANAGAR,BSP,2,10th Pass,"Rs 34,95,169 ~ 34 Lacs+","Rs 1,89,353 ~ 1 Lacs+"
1053,651,Joseph Leon,https://www.myneta.info/TamilNadu2021/candidate.php?candidate_id=651,SRIVAIKUNTAM,IND,0,12th Pass,https://myneta.info/image_v2.php?myneta_folder=TamilNadu2021&candidate_id=651&col=ta,https://myneta.info/image_v2.php?myneta_folder=TamilNadu2021&candidate_id=651&col=lia
1054,1828,Joseph Samuel,https://www.myneta.info/TamilNadu2021/candidate.php?candidate_id=1828,AMBATTUR,DMK,1,Graduate,"Rs 1,38,01,888 ~ 1 Crore+","Rs 2,96,300 ~ 2 Lacs+"
1055,3385,Joseph. C,https://www.myneta.info/TamilNadu2021/candidate.php?candidate_id=3385,SIVAGANGA,Makkal Needhi Maiam,1,Post Graduate,"Rs 17,10,020 ~ 17 Lacs+","Rs 5,63,000 ~ 5 Lacs+"
1056,2948,Joseph.M.A,https://www.myneta.info/TamilNadu2021/candidate.php?candidate_id=2948,KARUR,Desiya Makkal Sakthi Katchi,0,10th Pass,https://myneta.info/image_v2.php?myneta_folder=TamilNadu2021&candidate_id=2948&col=ta,https://myneta.info/image_v2.php?myneta_folder=TamilNadu2021&candidate_id=2948&col=lia
1057,341,Jothi,https://www.myneta.info/TamilNadu2021/candidate.php?candidate_id=341,YERCAUD (ST),Naam Tamilar Katchi,0,Post Graduate,"Rs 2,18,966 ~ 2 Lacs+","Rs 4,41,010 ~ 4 Lacs+"
1058,1168,Jothi Kalimuthu.G,https://www.myneta.info/TamilNadu2021/candidate.php?candidate_id=1168,KANGAYAM,IND,1,10th Pass,"Rs 39,07,209 ~ 39 Lacs+","Rs 15,83,178 ~ 15 Lacs+"
1059,1439,Jothi Muthuramalingam N,https://www.myneta.info/TamilNadu2021/candidate.php?candidate_id=1439,MADURAI CENTRAL,AIADMK,0,Graduate,https://myneta.info/image_v2.php?myneta_folder=TamilNadu2021&candidate_id=1439&col=ta,https://myneta.info/image_v2.php?myneta_folder=TamilNadu2021&candidate_id=1439&col=lia
1060,2280,Jothi Sairam. S,https://www.myneta.info/TamilNadu2021/candidate.php?candidate_id=2280,SAIDAPET,IND,0,12th Pass,"Rs 67,000 ~ 67 Thou+",Rs 0 ~
1061,2973,Jothi Sutharsan,https://www.myneta.info/TamilNadu2021/candidate.php?candidate_id=2973,KARUR,IND,0,Graduate Professional,"Rs 9,78,442 ~ 9 Lacs+","Rs 2,10,000 ~ 2 Lacs+"
1062,277,Jothi. O,https://www.myneta.info/TamilNadu2021/candidate.php?candidate_id=277,CHEYYAR,DMK,3,Graduate,https://myneta.info/image_v2.php?myneta_folder=TamilNadu2021&candidate_id=277&col=ta,https://myneta.info/image_v2.php?myneta_folder=TamilNadu2021&candidate_id=277&col=lia
1063,4081,Jothimani R,https://www.myneta.info/TamilNadu2021/candidate.php?candidate_id=4081,PALLADAM,IND,0,Others,"Rs 7,26,38,796 ~ 7 Crore+","Rs 1,18,95,955 ~ 1 Crore+"
1064,2852,"Jothimurugan, P.",https://www.myneta.info/TamilNadu2021/candidate.php?candidate_id=2852,PERUNDURAI,IND,0,8th Pass,"Rs 50,500 ~ 50 Thou+",Rs 0 ~
1065,1912,Jothiraman S,https://www.myneta.info/TamilNadu2021/candidate.php?candidate_id=1912,NANNILAM,DMK,12,Graduate,https://myneta.info/image_v2.php?myneta_folder=TamilNadu2021&candidate_id=1912&col=ta,https://myneta.info/image_v2.php?myneta_folder=TamilNadu2021&candidate_id=1912&col=lia
1066,3260,Jothivel A,https://www.myneta.info/TamilNadu2021/candidate.php?candidate_id=3260,VIRALIMALAI,IND,0,12th Pass,"Rs 7,18,500 ~ 7 Lacs+","Rs 4,10,000 ~ 4 Lacs+"
1067,1965,Joysmary.T,https://www.myneta.info/TamilNadu2021/candidate.php?candidate_id=1965,SIVAKASI,IND,0,Post Graduate,"Rs 14,16,997 ~ 14 Lacs+","Rs 19,55,100 ~ 19 Lacs+"
1068,1264,Jude Dev K.V,https://www.myneta.info/TamilNadu2021/candidate.php?candidate_id=1264,KILLIYOOR,AIADMK,5,Graduate,https://myneta.info/image_v2.php?myneta_folder=TamilNadu2021&candidate_id=1264&col=ta,https://myneta.info/image_v2.php?myneta_folder=TamilNadu2021&candidate_id=1264&col=lia
1069,2870,Junayath M,https://www.myneta.info/TamilNadu2021/candidate.php?candidate_id=2870,GOBICHETTIPALAYAM,IND,0,8th Pass,"Rs 31,000 ~ 31 Thou+",Rs 0 ~
1070,3830,Justin Charles.P,https://www.myneta.info/TamilNadu2021/candidate.php?candidate_id=3830,TAMBARAM,RPI(A),1,10th Pass,"Rs 10,000 ~ 10 Thou+",Rs 0 ~
1071,435,Jyothi S,https://www.myneta.info/TamilNadu2021/candidate.php?candidate_id=435,HOSUR,AIADMK,0,Graduate Professional,https://myneta.info/image_v2.php?myneta_folder=TamilNadu2021&candidate_id=435&col=ta,https://myneta.info/image_v2.php?myneta_folder=TamilNadu2021&candidate_id=435&col=lia
1072,350,K Bharathi,https://www.myneta.info/TamilNadu2021/candidate.php?candidate_id=350,AMBATTUR,IND,3,Post Graduate,"Rs 31,85,819 ~ 31 Lacs+",Rs 0 ~
1073,730,K C Animuthu,https://www.myneta.info/TamilNadu2021/candidate.php?candidate_id=730,TIRUVADANAI,AIADMK,0,Graduate Professional,"Rs 93,00,622 ~ 93 Lacs+","Rs 43,89,899 ~ 43 Lacs+"
1074,1842,K Chinnadurai,https://www.myneta.info/TamilNadu2021/candidate.php?candidate_id=1842,ATTUR (SC),DMK,1,Graduate Professional,https://myneta.info/image_v2.php?myneta_folder=TamilNadu2021&candidate_id=1842&col=ta,https://myneta.info/image_v2.php?myneta_folder=TamilNadu2021&candidate_id=1842&col=lia
1075,1277,K Elavarasan,https://www.myneta.info/TamilNadu2021/candidate.php?candidate_id=1277,KILVAITHINANKUPPAM (SC),RPI(A),0,10th Pass,"Rs 4,75,500 ~ 4 Lacs+","Rs 25,000 ~ 25 Thou+"
1076,844,K K Matheswari,https://www.myneta.info/TamilNadu2021/candidate.php?candidate_id=844,ATTUR (SC),Anna Dravidar Kazhagam,0,Post Graduate,"Rs 7,47,500 ~ 7 Lacs+",Rs 0 ~
1077,117,K Kasiraman,https://www.myneta.info/TamilNadu2021/candidate.php?candidate_id=117,MAYILADUTHURAI,Naam Tamilar Katchi,0,12th Pass,https://myneta.info/image_v2.php?myneta_folder=TamilNadu2021&candidate_id=117&col=ta,https://myneta.info/image_v2.php?myneta_folder=TamilNadu2021&candidate_id=117&col=lia
1078,1416,K Kumaresan,https://www.myneta.info/TamilNadu2021/candidate.php?candidate_id=1416,MADATHUKULAM,Makkal Needhi Maiam,0,Graduate,"Rs 23,48,500 ~ 23 Lacs+","Rs 7,50,000 ~ 7 Lacs+"
1079,2163,K M Shariff,https://www.myneta.info/TamilNadu2021/candidate.php?candidate_id=2163,THOUSAND LIGHTS,Makkal Needhi Maiam,2,10th Pass,"Rs 69,65,240 ~ 69 Lacs+","Rs 7,30,000 ~ 7 Lacs+"
1080,4073,K Mahendrakumar,https://www.myneta.info/TamilNadu2021/candidate.php?candidate_id=4073,MADATHUKULAM,IND,0,Graduate,https://myneta.info/image_v2.php?myneta_folder=TamilNadu2021&candidate_id=4073&col=ta,https://myneta.info/image_v2.php?myneta_folder=TamilNadu2021&candidate_id=4073&col=lia
1081,1414,K Manickasamy,https://www.myneta.info/TamilNadu2021/candidate.php?candidate_id=1414,MADATHUKULAM,IND,0,Others,"Rs 2,22,000 ~ 2 Lacs+",Rs 0 ~
1082,1243,K Raja,https://www.myneta.info/TamilNadu2021/candidate.php?candidate_id=1243,KATPADI,BSP,0,10th Pass,"Rs 52,500 ~ 52 Thou+",Rs 0 ~
1083,3955,K Ramu,https://www.myneta.info/TamilNadu2021/candidate.php?candidate_id=3955,KATPADI,IND,0,Others,https://myneta.info/image_v2.php?myneta_folder=TamilNadu2021&candidate_id=3955&col=ta,https://myneta.info/image_v2.php?myneta_folder=TamilNadu2021&candidate_id=3955&col=lia
1084,4071,K Sakthivel,https://www.myneta.info/TamilNadu2021/candidate.php?candidate_id=4071,MADATHUKULAM,Anna Puratchi Thalaivar Amma Dravida Munnetra Kazhagam,0,10th Pass,"Rs 50,010 ~ 50 Thou+",Rs 0 ~
1085,4263,K Saravanan,https://www.myneta.info/TamilNadu2021/candidate.php?candidate_id=4263,ALANDUR,IND,0,10th Pass,"Rs 46,000 ~ 46 Thou+",Rs 0 ~
1086,3979,K Sathu,https://www.myneta.info/TamilNadu2021/candidate.php?candidate_id=3979,KILVAITHINANKUPPAM (SC),National Democratic Party of South India,0,10th Pass,https://myneta.info/image_v2.php?myneta_folder=TamilNadu2021&candidate_id=3979&col=ta,https://myneta.info/image_v2.php?myneta_folder=TamilNadu2021&candidate_id=3979&col=lia
1087,99,K Seetharaman,https://www.myneta.info/TamilNadu2021/candidate.php?candidate_id=99,KILVAITHINANKUPPAM (SC),DMK,0,10th Pass,"Rs 11,04,000 ~ 11 Lacs+",Rs 0 ~
1088,3980,K Venkatasamy,https://www.myneta.info/TamilNadu2021/candidate.php?candidate_id=3980,KILVAITHINANKUPPAM (SC),Indiya Jananayaka Katchi,0,Graduate,"Rs 30,80,000 ~ 30 Lacs+","Rs 4,80,000 ~ 4 Lacs+"
1089,4213,K Vinayagam,https://www.myneta.info/TamilNadu2021/candidate.php?candidate_id=4213,TIRUVANNAMALAI,IND,0,8th Pass,https://myneta.info/image_v2.php?myneta_folder=TamilNadu2021&candidate_id=4213&col=ta,https://myneta.info/image_v2.php?myneta_folder=TamilNadu2021&candidate_id=4213&col=lia
1090,3926,K. Boominathan,https://www.myneta.info/TamilNadu2021/candidate.php?candidate_id=3926,ARUPPUKOTTAI,IND,0,Others,"Rs 12,49,500 ~ 12 Lacs+",Rs 0 ~
1091,2694,K. Manikandan,https://www.myneta.info/TamilNadu2021/candidate.php?candidate_id=2694,YERCAUD (ST),IND,0,Graduate Professional,"Rs 14,605 ~ 14 Thou+",Rs 0 ~
1092,3240,K. Manimuthu,https://www.myneta.info/TamilNadu2021/candidate.php?candidate_id=3240,GANDARVAKOTTAI (SC),IND,0,Graduate,https://myneta.info/image_v2.php?myneta_folder=TamilNadu2021&candidate_id=3240&col=ta,https://myneta.info/image_v2.php?myneta_folder=TamilNadu2021&candidate_id=3240&col=lia
1093,3567,K. Palanisamy,https://www.myneta.info/TamilNadu2021/candidate.php?candidate_id=3567,THIRUVERUMBUR,Veerath Thiyagi Viswanathadoss Thozhilalarkal Katchi,0,5th Pass,"Rs 4,73,000 ~ 4 Lacs+",Rs 0 ~
1094,1311,K. Pannerselvam,https://www.myneta.info/TamilNadu2021/candidate.php?candidate_id=1311,KOLATHUR,IND,0,10th Pass,"Rs 1,87,000 ~ 1 Lacs+",Rs 0 ~
1095,95,K. Prabakaran,https://www.myneta.info/TamilNadu2021/candidate.php?candidate_id=95,KANCHEEPURAM,BSP,0,Graduate Professional,https://myneta.info/image_v2.php?myneta_folder=TamilNadu2021&candidate_id=95&col=ta,https://myneta.info/image_v2.php?myneta_folder=TamilNadu2021&candidate_id=95&col=lia
1096,2365,K. Ravichandiran,https://www.myneta.info/TamilNadu2021/candidate.php?candidate_id=2365,VRIDHACHALAM,IND,0,10th Pass,"Rs 4,42,000 ~ 4 Lacs+",Rs 0 ~
1097,2146,K. Sathish Kumar,https://www.myneta.info/TamilNadu2021/candidate.php?candidate_id=2146,ANNA NAGAR,IND,0,Graduate Professional,"Rs 10,32,050 ~ 10 Lacs+",Rs 0 ~
1098,936,K. Udaya Selvan,https://www.myneta.info/TamilNadu2021/candidate.php?candidate_id=936,CHIDAMBARAM,Anaithu Makkal Puratchi Katchi,0,Graduate Professional,https://myneta.info/image_v2.php?myneta_folder=TamilNadu2021&candidate_id=936&col=ta,https://myneta.info/image_v2.php?myneta_folder=TamilNadu2021&candidate_id=936&col=lia
1099,2690,K. Unnamalai,https://www.myneta.info/TamilNadu2021/candidate.php?candidate_id=2690,YERCAUD (ST),IND,0,Illiterate,"Rs 3,25,800 ~ 3 Lacs+",Rs 0 ~
1100,80,K.A. Pandian,https://www.myneta.info/TamilNadu2021/candidate.php?candidate_id=80,CHIDAMBARAM,AIADMK,0,Post Graduate,"Rs 6,20,79,604 ~ 6 Crore+","Rs 1,04,32,505 ~ 1 Crore+"
1101,441,K.A.M.Muhammed Abubacker,https://www.myneta.info/TamilNadu2021/candidate.php?candidate_id=441,KADAYANALLUR,IUML,8,12th Pass,https://myneta.info/image_v2.php?myneta_folder=TamilNadu2021&candidate_id=441&col=ta,https://myneta.info/image_v2.php?myneta_folder=TamilNadu2021&candidate_id=441&col=lia
1102,3231,K.A.Vijayan,https://www.myneta.info/TamilNadu2021/candidate.php?candidate_id=3231,KUMARAPALAYAM,IND,0,Literate,"Rs 6,12,000 ~ 6 Lacs+","Rs 5,00,000 ~ 5 Lacs+"
1103,2379,K.Anandraj,https://www.myneta.info/TamilNadu2021/candidate.php?candidate_id=2379,CUDDALORE,Makkal Needhi Maiam,0,10th Pass,"Rs 8,35,700 ~ 8 Lacs+","Rs 3,30,000 ~ 3 Lacs+"
1104,1404,K.Ananthababu,https://www.myneta.info/TamilNadu2021/candidate.php?candidate_id=1404,LALGUDI,IND,0,8th Pass,https://myneta.info/image_v2.php?myneta_folder=TamilNadu2021&candidate_id=1404&col=ta,https://myneta.info/image_v2.php?myneta_folder=TamilNadu2021&candidate_id=1404&col=lia
1105,4243,K.Anbalagan,https://www.myneta.info/TamilNadu2021/candidate.php?candidate_id=4243,ARANI,IND,0,10th Pass,"Rs 14,00,000 ~ 14 Lacs+",Rs 0 ~
1106,644,K.Anbarasan,https://www.myneta.info/TamilNadu2021/candidate.php?candidate_id=644,SIVAGANGA,Amma Makkal Munnettra Kazagam,0,Graduate Professional,"Rs 33,38,395 ~ 33 Lacs+","Rs 2,10,000 ~ 2 Lacs+"
1107,806,K.Anbu,https://www.myneta.info/TamilNadu2021/candidate.php?candidate_id=806,ARANI,BSP,0,Graduate,https://myneta.info/image_v2.php?myneta_folder=TamilNadu2021&candidate_id=806&col=ta,https://myneta.info/image_v2.php?myneta_folder=TamilNadu2021&candidate_id=806&col=lia
1108,1882,K.Boomirajan Yadav,https://www.myneta.info/TamilNadu2021/candidate.php?candidate_id=1882,MUDUKULATHUR,Tamilaga Makkal Thannurimai Katchi,2,5th Pass,"Rs 13,62,250 ~ 13 Lacs+",Rs 0 ~
1109,2254,K.Boopathy,https://www.myneta.info/TamilNadu2021/candidate.php?candidate_id=2254,VIRUGAMPAKKAM,IND,0,Graduate Professional,"Rs 16,18,840 ~ 16 Lacs+","Rs 60,121 ~ 60 Thou+"
1110,1830,K.C.Manivannan,https://www.myneta.info/TamilNadu2021/candidate.php?candidate_id=1830,ARAKKONAM (SC),Amma Makkal Munnettra Kazagam,1,12th Pass,https://myneta.info/image_v2.php?myneta_folder=TamilNadu2021&candidate_id=1830&col=ta,https://myneta.info/image_v2.php?myneta_folder=TamilNadu2021&candidate_id=1830&col=lia
1111,2385,K.Chandramouli,https://www.myneta.info/TamilNadu2021/candidate.php?candidate_id=2385,KURINJIPADI,JD(U),4,12th Pass,"Rs 4,75,000 ~ 4 Lacs+",Rs 0 ~
1112,3269,K.Dhanagopal,https://www.myneta.info/TamilNadu2021/candidate.php?candidate_id=3269,PUDUKKOTTAI,IND,0,10th Pass,"Rs 2,75,000 ~ 2 Lacs+",Rs 0 ~
1113,2703,K.Dhandapani,https://www.myneta.info/TamilNadu2021/candidate.php?candidate_id=2703,NATHAM,IND,0,10th Pass,https://myneta.info/image_v2.php?myneta_folder=TamilNadu2021&candidate_id=2703&col=ta,https://myneta.info/image_v2.php?myneta_folder=TamilNadu2021&candidate_id=2703&col=lia
1114,1403,K.Dharmaraj,https://www.myneta.info/TamilNadu2021/candidate.php?candidate_id=1403,LALGUDI,IND,0,5th Pass,"Rs 15,92,000 ~ 15 Lacs+",Rs 0 ~
1115,3747,K.G.P.Rajamani,https://www.myneta.info/TamilNadu2021/candidate.php?candidate_id=3747,ULUNDURPETTAI,Amma Makkal Munnettra Kazagam,0,Graduate,"Rs 1,37,14,275 ~ 1 Crore+","Rs 10,72,522 ~ 10 Lacs+"
1116,3683,K.Gopinath,https://www.myneta.info/TamilNadu2021/candidate.php?candidate_id=3683,THIRUVOTTIYUR,IND,0,8th Pass,https://myneta.info/image_v2.php?myneta_folder=TamilNadu2021&candidate_id=3683&col=ta,https://myneta.info/image_v2.php?myneta_folder=TamilNadu2021&candidate_id=3683&col=lia
1117,2651,K.Govindaraju,https://www.myneta.info/TamilNadu2021/candidate.php?candidate_id=2651,OMALUR,IND,0,10th Pass,"Rs 24,11,634 ~ 24 Lacs+",Rs 0 ~
1118,3608,K.Gunasekaran,https://www.myneta.info/TamilNadu2021/candidate.php?candidate_id=3608,THURAIYUR (SC),Puthiya Tamilagam,0,Post Graduate,"Rs 64,65,000 ~ 64 Lacs+",Rs 0 ~
1119,1525,K.Gurunathan,https://www.myneta.info/TamilNadu2021/candidate.php?candidate_id=1525,MANACHANALLUR,Samaniya Makkal Nala Katchi,0,Others,https://myneta.info/image_v2.php?myneta_folder=TamilNadu2021&candidate_id=1525&col=ta,https://myneta.info/image_v2.php?myneta_folder=TamilNadu2021&candidate_id=1525&col=lia
1120,884,K.I.M Hakkeem,https://www.myneta.info/TamilNadu2021/candidate.php?candidate_id=884,BODINAYAKKANUR,AITC,0,5th Pass,"Rs 10,25,585 ~ 10 Lacs+","Rs 60,000 ~ 60 Thou+"
1121,3613,K.Jayakkannan,https://www.myneta.info/TamilNadu2021/candidate.php?candidate_id=3613,THURAIYUR (SC),Tamizhaga Murpokku Makkal Katchi,0,Post Graduate,"Rs 28,10,000 ~ 28 Lacs+","Rs 59,000 ~ 59 Thou+"
1122,1992,K.Jeyabalan,https://www.myneta.info/TamilNadu2021/candidate.php?candidate_id=1992,RADHAPURAM,DMDK,0,Graduate Professional,https://myneta.info/image_v2.php?myneta_folder=TamilNadu2021&candidate_id=1992&col=ta,https://myneta.info/image_v2.php?myneta_folder=TamilNadu2021&candidate_id=1992&col=lia
1123,220,K.K.Madheswaran,https://www.myneta.info/TamilNadu2021/candidate.php?candidate_id=220,OMALUR,Amma Makkal Munnettra Kazagam,2,Post Graduate,"Rs 1,28,20,015 ~ 1 Crore+","Rs 24,38,865 ~ 24 Lacs+"
1124,306,K.K.S.S.R.Ramachandran,https://www.myneta.info/TamilNadu2021/candidate.php?candidate_id=306,ARUPPUKOTTAI,DMK,9,8th Pass,"Rs 4,27,08,308 ~ 4 Crore+","Rs 1,36,02,557 ~ 1 Crore+"
1125,3386,K.Kalaiselvam,https://www.myneta.info/TamilNadu2021/candidate.php?candidate_id=3386,SIVAGANGA,IND,0,8th Pass,https://myneta.info/image_v2.php?myneta_folder=TamilNadu2021&candidate_id=3386&col=ta,https://myneta.info/image_v2.php?myneta_folder=TamilNadu2021&candidate_id=3386&col=lia
1126,3575,K.Kamaraj,https://www.myneta.info/TamilNadu2021/candidate.php?candidate_id=3575,LALGUDI,Samaniya Makkal Nala Katchi,0,10th Pass,"Rs 1,00,000 ~ 1 Lacs+",Rs 0 ~
1127,1367,K.Kamaraj,https://www.myneta.info/TamilNadu2021/candidate.php?candidate_id=1367,KUMARAPALAYAM,Makkal Needhi Maiam,0,10th Pass,"Rs 1,01,88,653 ~ 1 Crore+","Rs 46,62,434 ~ 46 Lacs+"
1128,1725,K.Kannan,https://www.myneta.info/TamilNadu2021/candidate.php?candidate_id=1725,VELACHERY,IND,0,Graduate,https://myneta.info/image_v2.php?myneta_folder=TamilNadu2021&candidate_id=1725&col=ta,https://myneta.info/image_v2.php?myneta_folder=TamilNadu2021&candidate_id=1725&col=lia
1129,354,K.Kasendran Alias Gajendran,https://www.myneta.info/TamilNadu2021/candidate.php?candidate_id=354,ANDIPATTI,IND,0,10th Pass,"Rs 3,67,500 ~ 3 Lacs+",Rs 0 ~
1130,1326,K.Kathiravan,https://www.myneta.info/TamilNadu2021/candidate.php?candidate_id=1326,KOVILPATTI,Makkal Needhi Maiam,0,Post Graduate,"Rs 1,35,94,679 ~ 1 Crore+","Rs 11,72,352 ~ 11 Lacs+"
1131,677,K.Kuppan,https://www.myneta.info/TamilNadu2021/candidate.php?candidate_id=677,THIRUVOTTIYUR,AIADMK,0,Graduate,https://myneta.info/image_v2.php?myneta_folder=TamilNadu2021&candidate_id=677&col=ta,https://myneta.info/image_v2.php?myneta_folder=TamilNadu2021&candidate_id=677&col=lia
1132,3339,K.Kurunthappan,https://www.myneta.info/TamilNadu2021/candidate.php?candidate_id=3339,RAMANATHAPURAM,IND,0,8th Pass,"Rs 7,40,000 ~ 7 Lacs+",Rs 0 ~
1133,3565,K.M. Karthik,https://www.myneta.info/TamilNadu2021/candidate.php?candidate_id=3565,THIRUVERUMBUR,Tamil Nadu Ilangyar Katchi,0,Post Graduate,"Rs 6,18,569 ~ 6 Lacs+","Rs 3,86,054 ~ 3 Lacs+"
1134,3704,K.Mani,https://www.myneta.info/TamilNadu2021/candidate.php?candidate_id=3704,SHOLINGHUR,IND,0,5th Pass,https://myneta.info/image_v2.php?myneta_folder=TamilNadu2021&candidate_id=3704&col=ta,https://myneta.info/image_v2.php?myneta_folder=TamilNadu2021&candidate_id=3704&col=lia
1135,1838,K.Manigandan,https://www.myneta.info/TamilNadu2021/candidate.php?candidate_id=1838,ARCOT,IND,0,10th Pass,"Rs 6,48,049 ~ 6 Lacs+",Rs 0 ~
1136,1535,K.Manimaraboopathi,https://www.myneta.info/TamilNadu2021/candidate.php?candidate_id=1535,MANACHANALLUR,IND,0,Illiterate,"Rs 16,000 ~ 16 Thou+",Rs 0 ~
1137,2792,K.Mariappan,https://www.myneta.info/TamilNadu2021/candidate.php?candidate_id=2792,SALEM SOUTH,IND,0,10th Pass,https://myneta.info/image_v2.php?myneta_folder=TamilNadu2021&candidate_id=2792&col=ta,https://myneta.info/image_v2.php?myneta_folder=TamilNadu2021&candidate_id=2792&col=lia
1138,3362,K.Murugan,https://www.myneta.info/TamilNadu2021/candidate.php?candidate_id=3362,MUDUKULATHUR,IND,0,10th Pass,"Rs 15,53,440 ~ 15 Lacs+","Rs 8,50,000 ~ 8 Lacs+"
1139,1916,K.Murugavelrajan,https://www.myneta.info/TamilNadu2021/candidate.php?candidate_id=1916,NILAKKOTTAI (SC),DMK,16,Graduate Professional,"Rs 76,52,390 ~ 76 Lacs+","Rs 9,61,784 ~ 9 Lacs+"
1140,2705,K.Murugesan,https://www.myneta.info/TamilNadu2021/candidate.php?candidate_id=2705,NATHAM,IND,0,Post Graduate,https://myneta.info/image_v2.php?myneta_folder=TamilNadu2021&candidate_id=2705&col=ta,https://myneta.info/image_v2.php?myneta_folder=TamilNadu2021&candidate_id=2705&col=lia
1141,3002,K.Murugesan,https://www.myneta.info/TamilNadu2021/candidate.php?candidate_id=3002,UTHANGARAI (SC),Makkal Needhi Maiam,0,Literate,"Rs 1,62,59,000 ~ 1 Crore+","Rs 34,90,000 ~ 34 Lacs+"
1142,795,K.N. Gunasekaran,https://www.myneta.info/TamilNadu2021/candidate.php?candidate_id=795,ANNA NAGAR,Amma Makkal Munnettra Kazagam,0,5th Pass,"Rs 4,14,45,000 ~ 4 Crore+",Rs 0 ~
1143,2795,K.N.Veerasenan,https://www.myneta.info/TamilNadu2021/candidate.php?candidate_id=2795,SALEM SOUTH,IND,0,Post Graduate,https://myneta.info/image_v2.php?myneta_folder=TamilNadu2021&candidate_id=2795&col=ta,https://myneta.info/image_v2.php?myneta_folder=TamilNadu2021&candidate_id=2795&col=lia
1144,3804,K.Narasimman,https://www.myneta.info/TamilNadu2021/candidate.php?candidate_id=3804,SHOLINGANALLUR,IND,0,10th Pass,"Rs 56,000 ~ 56 Thou+",Rs 0 ~
1145,3975,K.Naveenkumar,https://www.myneta.info/TamilNadu2021/candidate.php?candidate_id=3975,ANAIKATTU,IND,0,10th Pass,"Rs 60,14,480 ~ 60 Lacs+","Rs 23,00,000 ~ 23 Lacs+"
1146,3334,K.P Saravanan,https://www.myneta.info/TamilNadu2021/candidate.php?candidate_id=3334,RAMANATHAPURAM,Makkal Needhi Maiam,0,10th Pass,https://myneta.info/image_v2.php?myneta_folder=TamilNadu2021&candidate_id=3334&col=ta,https://myneta.info/image_v2.php?myneta_folder=TamilNadu2021&candidate_id=3334&col=lia
1147,170,K.P.Kandan,https://www.myneta.info/TamilNadu2021/candidate.php?candidate_id=170,SHOLINGANALLUR,AIADMK,0,8th Pass,"Rs 87,39,87,687 ~ 87 Crore+",Rs 0 ~
1148,129,K.P.Munusamy,https://www.myneta.info/TamilNadu2021/candidate.php?candidate_id=129,VEPPANAHALLI,AIADMK,0,Graduate Professional,"Rs 12,35,38,973 ~ 12 Crore+","Rs 42,57,626 ~ 42 Lacs+"
1149,2357,K.P.Senthilmurugan,https://www.myneta.info/TamilNadu2021/candidate.php?candidate_id=2357,VRIDHACHALAM,IND,0,Post Graduate,https://myneta.info/image_v2.php?myneta_folder=TamilNadu2021&candidate_id=2357&col=ta,https://myneta.info/image_v2.php?myneta_folder=TamilNadu2021&candidate_id=2357&col=lia
1150,2052,K.P.Shankar,https://www.myneta.info/TamilNadu2021/candidate.php?candidate_id=2052,THIRUVOTTIYUR,DMK,2,8th Pass,"Rs 4,54,20,547 ~ 4 Crore+","Rs 82,36,659 ~ 82 Lacs+"
1151,1028,K.P.Sundaraprathaban,https://www.myneta.info/TamilNadu2021/candidate.php?candidate_id=1028,EGMORE (SC),BSP,0,8th Pass,"Rs 1,45,500 ~ 1 Lacs+",Rs 0 ~
1152,3023,K.P.U.Uvaraj,https://www.myneta.info/TamilNadu2021/candidate.php?candidate_id=3023,VEPPANAHALLI,IND,0,10th Pass,https://myneta.info/image_v2.php?myneta_folder=TamilNadu2021&candidate_id=3023&col=ta,https://myneta.info/image_v2.php?myneta_folder=TamilNadu2021&candidate_id=3023&col=lia
1153,3351,K.Panchatcharam,https://www.myneta.info/TamilNadu2021/candidate.php?candidate_id=3351,MUDUKULATHUR,My India Party,5,Graduate,"Rs 1,94,75,005 ~ 1 Crore+","Rs 57,90,000 ~ 57 Lacs+"
1154,4191,K.Pandimuneeswari,https://www.myneta.info/TamilNadu2021/candidate.php?candidate_id=4191,KOVILPATTI,IND,0,12th Pass,"Rs 8,03,559 ~ 8 Lacs+","Rs 3,04,300 ~ 3 Lacs+"
1155,98,K.Pitchandi,https://www.myneta.info/TamilNadu2021/candidate.php?candidate_id=98,KILPENNATHUR,DMK,0,Post Graduate,https://myneta.info/image_v2.php?myneta_folder=TamilNadu2021&candidate_id=98&col=ta,https://myneta.info/image_v2.php?myneta_folder=TamilNadu2021&candidate_id=98&col=lia
1156,705,K.Ponmudy,https://www.myneta.info/TamilNadu2021/candidate.php?candidate_id=705,TIRUKKOYILUR,DMK,13,Doctorate,"Rs 17,42,07,991 ~ 17 Crore+","Rs 4,82,25,175 ~ 4 Crore+"
1157,3587,K.R.Elaiyaraja,https://www.myneta.info/TamilNadu2021/candidate.php?candidate_id=3587,MANACHANALLUR,IND,0,12th Pass,"Rs 19,75,000 ~ 19 Lacs+","Rs 6,00,000 ~ 6 Lacs+"
1158,3222,K.R.Sivasubiramaniyan,https://www.myneta.info/TamilNadu2021/candidate.php?candidate_id=3222,KUMARAPALAYAM,DMDK,0,Graduate Professional,https://myneta.info/image_v2.php?myneta_folder=TamilNadu2021&candidate_id=3222&col=ta,https://myneta.info/image_v2.php?myneta_folder=TamilNadu2021&candidate_id=3222&col=lia
1159,1128,K.Radha Krishnan,https://www.myneta.info/TamilNadu2021/candidate.php?candidate_id=1128,KADAYANALLUR,IND,0,8th Pass,"Rs 2,00,000 ~ 2 Lacs+",Rs 0 ~
1160,3365,K.Rajakumar,https://www.myneta.info/TamilNadu2021/candidate.php?candidate_id=3365,MUDUKULATHUR,IND,0,Graduate,"Rs 17,97,440 ~ 17 Lacs+","Rs 9,50,000 ~ 9 Lacs+"
1161,782,K.Rajasekar,https://www.myneta.info/TamilNadu2021/candidate.php?candidate_id=782,ANAIKATTU,Indiya Jananayaka Katchi,0,12th Pass,https://myneta.info/image_v2.php?myneta_folder=TamilNadu2021&candidate_id=782&col=ta,https://myneta.info/image_v2.php?myneta_folder=TamilNadu2021&candidate_id=782&col=lia
1162,339,K.Rajendran,https://www.myneta.info/TamilNadu2021/candidate.php?candidate_id=339,VEDHARANYAM,Naam Tamilar Katchi,1,Others,"Rs 80,05,694 ~ 80 Lacs+","Rs 24,12,460 ~ 24 Lacs+"
1163,1530,K.Rajinikanth,https://www.myneta.info/TamilNadu2021/candidate.php?candidate_id=1530,MANACHANALLUR,IND,0,5th Pass,"Rs 14,98,000 ~ 14 Lacs+","Rs 3,55,000 ~ 3 Lacs+"
1164,3354,K.Ramachandran,https://www.myneta.info/TamilNadu2021/candidate.php?candidate_id=3354,MUDUKULATHUR,IND,0,Others,https://myneta.info/image_v2.php?myneta_folder=TamilNadu2021&candidate_id=3354&col=ta,https://myneta.info/image_v2.php?myneta_folder=TamilNadu2021&candidate_id=3354&col=lia
1165,1917,K.Ramasamy,https://www.myneta.info/TamilNadu2021/candidate.php?candidate_id=1917,NILAKKOTTAI (SC),DMDK,0,Graduate Professional,"Rs 36,45,000 ~ 36 Lacs+",Rs 0 ~
1166,716,K.S.K.Rajesh,https://www.myneta.info/TamilNadu2021/candidate.php?candidate_id=716,TIRUPPATHUR,IND,0,Illiterate,"Rs 30,000 ~ 30 Thou+",Rs 0 ~
1167,1978,K.S.Saravanakumaar,https://www.myneta.info/TamilNadu2021/candidate.php?candidate_id=1978,PERIYAKULAM (SC),DMK,4,Post Graduate,https://myneta.info/image_v2.php?myneta_folder=TamilNadu2021&candidate_id=1978&col=ta,https://myneta.info/image_v2.php?myneta_folder=TamilNadu2021&candidate_id=1978&col=lia
1168,3712,K.Sakthivel Nathan,https://www.myneta.info/TamilNadu2021/candidate.php?candidate_id=3712,RANIPET,IND,0,12th Pass,"Rs 25,000 ~ 25 Thou+",Rs 0 ~
1169,3358,K.Sathish,https://www.myneta.info/TamilNadu2021/candidate.php?candidate_id=3358,MUDUKULATHUR,IND,0,Literate,"Rs 6,93,000 ~ 6 Lacs+",Rs 0 ~
1170,3700,K.Sekar,https://www.myneta.info/TamilNadu2021/candidate.php?candidate_id=3700,SHOLINGHUR,IND,0,10th Pass,https://myneta.info/image_v2.php?myneta_folder=TamilNadu2021&candidate_id=3700&col=ta,https://myneta.info/image_v2.php?myneta_folder=TamilNadu2021&candidate_id=3700&col=lia
1171,1356,K.Sellappan,https://www.myneta.info/TamilNadu2021/candidate.php?candidate_id=1356,KUMARAPALAYAM,IND,0,Illiterate,"Rs 16,27,322 ~ 16 Lacs+","Rs 32,00,000 ~ 32 Lacs+"
1172,1271,K.Selvakumar,https://www.myneta.info/TamilNadu2021/candidate.php?candidate_id=1271,KILPENNATHUR,Pattali Makkal Katchi,1,Post Graduate,"Rs 29,77,629 ~ 29 Lacs+","Rs 2,00,000 ~ 2 Lacs+"
1173,3288,K.Selvakumar S/O Kamatchi,https://www.myneta.info/TamilNadu2021/candidate.php?candidate_id=3288,THIRUMAYAM,IND,4,12th Pass,https://myneta.info/image_v2.php?myneta_folder=TamilNadu2021&candidate_id=3288&col=ta,https://myneta.info/image_v2.php?myneta_folder=TamilNadu2021&candidate_id=3288&col=lia
1174,3284,K.Selvakumar S/O Kasi,https://www.myneta.info/TamilNadu2021/candidate.php?candidate_id=3284,THIRUMAYAM,IND,0,12th Pass,"Rs 51,000 ~ 51 Thou+",Rs 0 ~
1175,2778,K.Selvaraj,https://www.myneta.info/TamilNadu2021/candidate.php?candidate_id=2778,SALEM SOUTH,IND,0,8th Pass,"Rs 4,96,287 ~ 4 Lacs+",Rs 0 ~
1176,1656,K.Selvarathi,https://www.myneta.info/TamilNadu2021/candidate.php?candidate_id=1656,SRIRANGAM,Naam Tamilar Katchi,0,5th Pass,https://myneta.info/image_v2.php?myneta_folder=TamilNadu2021&candidate_id=1656&col=ta,https://myneta.info/image_v2.php?myneta_folder=TamilNadu2021&candidate_id=1656&col=lia
1177,1324,K.Shanmugasundaram,https://www.myneta.info/TamilNadu2021/candidate.php?candidate_id=1324,KOVILPATTI,Bahujan Dravida Party,0,Post Graduate,"Rs 2,05,000 ~ 2 Lacs+",Rs 0 ~
1178,294,K.Sivaram,https://www.myneta.info/TamilNadu2021/candidate.php?candidate_id=294,ALANGULAM,IND,0,5th Pass,"Rs 16,35,000 ~ 16 Lacs+","Rs 10,50,000 ~ 10 Lacs+"
1179,1323,K.Srinivasan,https://www.myneta.info/TamilNadu2021/candidate.php?candidate_id=1323,KOVILPATTI,CPI(M),2,10th Pass,https://myneta.info/image_v2.php?myneta_folder=TamilNadu2021&candidate_id=1323&col=ta,https://myneta.info/image_v2.php?myneta_folder=TamilNadu2021&candidate_id=1323&col=lia
1180,3646,K.Subburaj,https://www.myneta.info/TamilNadu2021/candidate.php?candidate_id=3646,RADHAPURAM,IND,0,Others,"Rs 4,21,431 ~ 4 Lacs+","Rs 60,000 ~ 60 Thou+"
1181,4137,K.Subramani,https://www.myneta.info/TamilNadu2021/candidate.php?candidate_id=4137,THOOTHUKUDI,SHS,0,8th Pass,"Rs 1,70,000 ~ 1 Lacs+","Rs 73,000 ~ 73 Thou+"
1182,3609,K.Subramanian,https://www.myneta.info/TamilNadu2021/candidate.php?candidate_id=3609,THURAIYUR (SC),Amma Makkal Munnettra Kazagam,1,10th Pass,https://myneta.info/image_v2.php?myneta_folder=TamilNadu2021&candidate_id=3609&col=ta,https://myneta.info/image_v2.php?myneta_folder=TamilNadu2021&candidate_id=3609&col=lia
1183,3617,K.Sundarraj,https://www.myneta.info/TamilNadu2021/candidate.php?candidate_id=3617,THURAIYUR (SC),IND,0,12th Pass,"Rs 4,28,000 ~ 4 Lacs+",Rs 0 ~
1184,1345,K.Suresh,https://www.myneta.info/TamilNadu2021/candidate.php?candidate_id=1345,KULITHALAI,IND,0,Graduate Professional,"Rs 5,41,459 ~ 5 Lacs+","Rs 80,000 ~ 80 Thou+"
1185,3799,K.Surjithkumar,https://www.myneta.info/TamilNadu2021/candidate.php?candidate_id=3799,SHOLINGANALLUR,IND,0,Graduate Professional,https://myneta.info/image_v2.php?myneta_folder=TamilNadu2021&candidate_id=3799&col=ta,https://myneta.info/image_v2.php?myneta_folder=TamilNadu2021&candidate_id=3799&col=lia
1186,973,K.Thangarasu,https://www.myneta.info/TamilNadu2021/candidate.php?candidate_id=973,CUDDALORE,IND,1,10th Pass,"Rs 1,10,91,000 ~ 1 Crore+",Rs 0 ~
1187,3372,K.Veerapandian,https://www.myneta.info/TamilNadu2021/candidate.php?candidate_id=3372,TIRUPPATHUR,My India Party,0,Graduate,"Rs 1,32,000 ~ 1 Lacs+","Rs 1,40,000 ~ 1 Lacs+"
1188,1210,K.Velu,https://www.myneta.info/TamilNadu2021/candidate.php?candidate_id=1210,KARAIKUDI,IND,0,8th Pass,https://myneta.info/image_v2.php?myneta_folder=TamilNadu2021&candidate_id=1210&col=ta,https://myneta.info/image_v2.php?myneta_folder=TamilNadu2021&candidate_id=1210&col=lia
1189,3233,K.Venkatachalam,https://www.myneta.info/TamilNadu2021/candidate.php?candidate_id=3233,KUMARAPALAYAM,IND,0,5th Pass,"Rs 1,98,000 ~ 1 Lacs+",Rs 0 ~
1190,2794,K.Yasin Basha,https://www.myneta.info/TamilNadu2021/candidate.php?candidate_id=2794,SALEM SOUTH,IND,0,5th Pass,"Rs 20,35,200 ~ 20 Lacs+","Rs 15,00,000 ~ 15 Lacs+"
1191,1391,"Kaarthikeyan, S.",https://www.myneta.info/TamilNadu2021/candidate.php?candidate_id=1391,KUNNAM,Amma Makkal Munnettra Kazagam,0,Graduate,https://myneta.info/image_v2.php?myneta_folder=TamilNadu2021&candidate_id=1391&col=ta,https://myneta.info/image_v2.php?myneta_folder=TamilNadu2021&candidate_id=1391&col=lia
1192,2216,Kabilarasan P.,https://www.myneta.info/TamilNadu2021/candidate.php?candidate_id=2216,THIRUVAUR,Makkal Needhi Maiam,0,Others,"Rs 17,21,500 ~ 17 Lacs+","Rs 2,40,000 ~ 2 Lacs+"
1193,507,Kadambur Raju,https://www.myneta.info/TamilNadu2021/candidate.php?candidate_id=507,KOVILPATTI,AIADMK,2,12th Pass,"Rs 2,15,06,562 ~ 2 Crore+","Rs 43,22,200 ~ 43 Lacs+"
1194,4104,Kader Basha. A.,https://www.myneta.info/TamilNadu2021/candidate.php?candidate_id=4104,TIRUPPUR SOUTH,IND,0,8th Pass,https://myneta.info/image_v2.php?myneta_folder=TamilNadu2021&candidate_id=4104&col=ta,https://myneta.info/image_v2.php?myneta_folder=TamilNadu2021&candidate_id=4104&col=lia
1195,1755,Kadhiravan. M,https://www.myneta.info/TamilNadu2021/candidate.php?candidate_id=1755,PERAMBUR,IND,0,12th Pass,"Rs 8,95,000 ~ 8 Lacs+",Rs 0 ~
1196,2293,Kajendran.M,https://www.myneta.info/TamilNadu2021/candidate.php?candidate_id=2293,MYLAPORE,IND,0,Illiterate,"Rs 10,000 ~ 10 Thou+",Rs 0 ~
1197,468,Kalai Raj.K,https://www.myneta.info/TamilNadu2021/candidate.php?candidate_id=468,KARUR,IND,0,Graduate Professional,https://myneta.info/image_v2.php?myneta_folder=TamilNadu2021&candidate_id=468&col=ta,https://myneta.info/image_v2.php?myneta_folder=TamilNadu2021&candidate_id=468&col=lia
1198,4233,Kalaimani. S,https://www.myneta.info/TamilNadu2021/candidate.php?candidate_id=4233,POLUR,IND,0,Graduate Professional,"Rs 5,85,899 ~ 5 Lacs+",Rs 0 ~
1199,1284,Kalaiselvan G,https://www.myneta.info/TamilNadu2021/candidate.php?candidate_id=1284,KILVELUR,IND,0,8th Pass,"Rs 4,21,000 ~ 4 Lacs+",Rs 0 ~
1200,3458,"Kalaiselvan, S.",https://www.myneta.info/TamilNadu2021/candidate.php?candidate_id=3458,COONOOR,Amma Makkal Munnettra Kazagam,0,10th Pass,https://myneta.info/image_v2.php?myneta_folder=TamilNadu2021&candidate_id=3458&col=ta,https://myneta.info/image_v2.php?myneta_folder=TamilNadu2021&candidate_id=3458&col=lia
1201,2444,"Kalaiselvi, J.",https://www.myneta.info/TamilNadu2021/candidate.php?candidate_id=2444,KUNNAM,IND,0,Post Graduate,"Rs 5,98,500 ~ 5 Lacs+",Rs 0 ~
1202,2516,Kalaiselvi.G.,https://www.myneta.info/TamilNadu2021/candidate.php?candidate_id=2516,PALACODE,Naam Tamilar Katchi,1,Graduate,"Rs 2,54,000 ~ 2 Lacs+",Rs 0 ~
1203,3198,Kalaivanan A,https://www.myneta.info/TamilNadu2021/candidate.php?candidate_id=3198,TIRUCHENGODU,My India Party,0,10th Pass,https://myneta.info/image_v2.php?myneta_folder=TamilNadu2021&candidate_id=3198&col=ta,https://myneta.info/image_v2.php?myneta_folder=TamilNadu2021&candidate_id=3198&col=lia
1204,671,Kalaivanan Poondi K.,https://www.myneta.info/TamilNadu2021/candidate.php?candidate_id=671,THIRUVAUR,DMK,49,12th Pass,"Rs 3,08,30,904 ~ 3 Crore+","Rs 9,49,023 ~ 9 Lacs+"
1205,1392,Kalaiyarasi Saravanan,https://www.myneta.info/TamilNadu2021/candidate.php?candidate_id=1392,KUNNAM,IND,0,8th Pass,"Rs 9,94,500 ~ 9 Lacs+",Rs 0 ~
1206,418,Kalaiyenthiri.R,https://www.myneta.info/TamilNadu2021/candidate.php?candidate_id=418,GUDIYATTAM (SC),Naam Tamilar Katchi,0,Graduate Professional,https://myneta.info/image_v2.php?myneta_folder=TamilNadu2021&candidate_id=418&col=ta,https://myneta.info/image_v2.php?myneta_folder=TamilNadu2021&candidate_id=418&col=lia
1207,493,Kalamani.M,https://www.myneta.info/TamilNadu2021/candidate.php?candidate_id=493,KAVUNDAMPALAYAM,Naam Tamilar Katchi,0,Graduate,"Rs 2,33,64,646 ~ 2 Crore+","Rs 51,95,937 ~ 51 Lacs+"
1208,2067,Kalanithy,https://www.myneta.info/TamilNadu2021/candidate.php?candidate_id=2067,TIRUNELVELI,BSP,0,Graduate Professional,"Rs 11,88,800 ~ 11 Lacs+","Rs 43,000 ~ 43 Thou+"
1209,4055,Kalarani C,https://www.myneta.info/TamilNadu2021/candidate.php?candidate_id=4055,DHARAPURAM (SC),Amma Makkal Munnettra Kazagam,0,8th Pass,https://myneta.info/image_v2.php?myneta_folder=TamilNadu2021&candidate_id=4055&col=ta,https://myneta.info/image_v2.php?myneta_folder=TamilNadu2021&candidate_id=4055&col=lia
1210,2194,Kalasthri.S.,https://www.myneta.info/TamilNadu2021/candidate.php?candidate_id=2194,JOLARPET,All India Uzhavargal Uzhaippalargal Katchi,0,10th Pass,"Rs 5,60,500 ~ 5 Lacs+",Rs 0 ~
1211,4230,Kalavathi. G,https://www.myneta.info/TamilNadu2021/candidate.php?candidate_id=4230,POLUR,Makkal Needhi Maiam,0,5th Pass,"Rs 1,07,25,200 ~ 1 Crore+",Rs 0 ~
1212,3110,Kali A,https://www.myneta.info/TamilNadu2021/candidate.php?candidate_id=3110,THIRUMANGALAM,IND,0,12th Pass,https://myneta.info/image_v2.php?myneta_folder=TamilNadu2021&candidate_id=3110&col=ta,https://myneta.info/image_v2.php?myneta_folder=TamilNadu2021&candidate_id=3110&col=lia
1213,2600,Kaliappan K,https://www.myneta.info/TamilNadu2021/candidate.php?candidate_id=2600,PALANI,IND,0,8th Pass,"Rs 43,71,000 ~ 43 Lacs+",Rs 0 ~
1214,1821,Kalidass,https://www.myneta.info/TamilNadu2021/candidate.php?candidate_id=1821,DR.RADHAKRISHNAN NAGAR,IND,0,5th Pass,"Rs 5,61,500 ~ 5 Lacs+",Rs 0 ~
1215,1714,Kalidass.K.R,https://www.myneta.info/TamilNadu2021/candidate.php?candidate_id=1714,ROYAPURAM,IND,0,Graduate Professional,https://myneta.info/image_v2.php?myneta_folder=TamilNadu2021&candidate_id=1714&col=ta,https://myneta.info/image_v2.php?myneta_folder=TamilNadu2021&candidate_id=1714&col=lia
1216,1635,Kalimuthu K.,https://www.myneta.info/TamilNadu2021/candidate.php?candidate_id=1635,RAJAPALAYAM,Amma Makkal Munnettra Kazagam,3,5th Pass,"Rs 1,54,09,000 ~ 1 Crore+","Rs 2,02,24,332 ~ 2 Crore+"
1217,701,Kalimuthu S,https://www.myneta.info/TamilNadu2021/candidate.php?candidate_id=701,TIRUCHULI,IND,0,Illiterate,Nil,Rs 0 ~
1218,2780,Kalimuthu V,https://www.myneta.info/TamilNadu2021/candidate.php?candidate_id=2780,VEDASANDUR,Samaniya Makkal Nala Katchi,0,5th Pass,https://myneta.info/image_v2.php?myneta_folder=TamilNadu2021&candidate_id=2780&col=ta,https://myneta.info/image_v2.php?myneta_folder=TamilNadu2021&candidate_id=2780&col=lia
1219,2824,Kalithass R,https://www.myneta.info/TamilNadu2021/candidate.php?candidate_id=2824,ERODE WEST,IND,0,5th Pass,"Rs 21,000 ~ 21 Thou+",Rs 0 ~
1220,865,Kalpana D,https://www.myneta.info/TamilNadu2021/candidate.php?candidate_id=865,BARGUR,IND,0,10th Pass,"Rs 1,25,000 ~ 1 Lacs+",Rs 0 ~
1221,3556,"Kalpana, T.",https://www.myneta.info/TamilNadu2021/candidate.php?candidate_id=3556,TIRUCHIRAPPALLI WEST,IND,0,12th Pass,https://myneta.info/image_v2.php?myneta_folder=TamilNadu2021&candidate_id=3556&col=ta,https://myneta.info/image_v2.php?myneta_folder=TamilNadu2021&candidate_id=3556&col=lia
1222,1598,Kalyanasundaram R,https://www.myneta.info/TamilNadu2021/candidate.php?candidate_id=1598,TIRUCHENDUR,IND,0,Graduate,"Rs 3,26,000 ~ 3 Lacs+","Rs 7,00,000 ~ 7 Lacs+"
1223,1138,Kalyanasundaram.A,https://www.myneta.info/TamilNadu2021/candidate.php?candidate_id=1138,KALASAPAKKAM,Veerath Thiyagi Viswanathadoss Thozhilalarkal Katchi,0,5th Pass,"Rs 15,000 ~ 15 Thou+",Rs 0 ~
1224,1945,Kalyanasundari.M,https://www.myneta.info/TamilNadu2021/candidate.php?candidate_id=1945,SIVAKASI,My India Party,0,Post Graduate,https://myneta.info/image_v2.php?myneta_folder=TamilNadu2021&candidate_id=1945&col=ta,https://myneta.info/image_v2.php?myneta_folder=TamilNadu2021&candidate_id=1945&col=lia
1225,1787,Kalyani.K,https://www.myneta.info/TamilNadu2021/candidate.php?candidate_id=1787,THIRU-VI-KA-NAGAR (SC),IND,0,Illiterate,"Rs 3,16,000 ~ 3 Lacs+",Rs 0 ~
1226,1559,Kalyani.P.L,https://www.myneta.info/TamilNadu2021/candidate.php?candidate_id=1559,THIRU-VI-KA-NAGAR (SC),AIADMK,0,10th Pass,"Rs 70,66,341 ~ 70 Lacs+","Rs 25,00,000 ~ 25 Lacs+"
1227,2423,Kamacthi.S,https://www.myneta.info/TamilNadu2021/candidate.php?candidate_id=2423,UTHIRAMERUR,Naam Tamilar Katchi,0,8th Pass,https://myneta.info/image_v2.php?myneta_folder=TamilNadu2021&candidate_id=2423&col=ta,https://myneta.info/image_v2.php?myneta_folder=TamilNadu2021&candidate_id=2423&col=lia
1228,1579,Kamadevan.S,https://www.myneta.info/TamilNadu2021/candidate.php?candidate_id=1579,PANRUTI,IND,1,5th Pass,"Rs 3,05,000 ~ 3 Lacs+",Rs 0 ~
1229,1095,Kamal. J,https://www.myneta.info/TamilNadu2021/candidate.php?candidate_id=1095,HARBOUR,IND,0,Graduate Professional,"Rs 25,000 ~ 25 Thou+",Rs 0 ~
1230,1719,Kamali.S,https://www.myneta.info/TamilNadu2021/candidate.php?candidate_id=1719,ROYAPURAM,Naam Tamilar Katchi,1,10th Pass,https://myneta.info/image_v2.php?myneta_folder=TamilNadu2021&candidate_id=1719&col=ta,https://myneta.info/image_v2.php?myneta_folder=TamilNadu2021&candidate_id=1719&col=lia
1231,228,Kamaraj R,https://www.myneta.info/TamilNadu2021/candidate.php?candidate_id=228,NANNILAM,AIADMK,1,Post Graduate,"Rs 3,13,06,770 ~ 3 Crore+",Rs 0 ~
1232,546,Kamaraj S,https://www.myneta.info/TamilNadu2021/candidate.php?candidate_id=546,MANNARGUDI,Amma Makkal Munnettra Kazagam,4,Post Graduate,"Rs 16,90,82,465 ~ 16 Crore+","Rs 2,00,49,882 ~ 2 Crore+"
1233,2339,"Kamaraj, K.",https://www.myneta.info/TamilNadu2021/candidate.php?candidate_id=2339,TITTAKUDI (SC),IND,0,Post Graduate,https://myneta.info/image_v2.php?myneta_folder=TamilNadu2021&candidate_id=2339&col=ta,https://myneta.info/image_v2.php?myneta_folder=TamilNadu2021&candidate_id=2339&col=lia
1234,1233,Kamaraj.P,https://www.myneta.info/TamilNadu2021/candidate.php?candidate_id=1233,KARUR,IND,0,Graduate Professional,"Rs 1,45,000 ~ 1 Lacs+",Rs 0 ~
1235,3827,Kamatchi U.,https://www.myneta.info/TamilNadu2021/candidate.php?candidate_id=3827,TAMBARAM,Anaithu Makkal Arasiyal Katchi,0,12th Pass,"Rs 30,500 ~ 30 Thou+","Rs 1,20,000 ~ 1 Lacs+"
1236,2335,"Kamatchi, N.",https://www.myneta.info/TamilNadu2021/candidate.php?candidate_id=2335,TITTAKUDI (SC),Naam Tamilar Katchi,0,Not Given,https://myneta.info/image_v2.php?myneta_folder=TamilNadu2021&candidate_id=2335&col=ta,https://myneta.info/image_v2.php?myneta_folder=TamilNadu2021&candidate_id=2335&col=lia
1237,2537,Kamban,https://www.myneta.info/TamilNadu2021/candidate.php?candidate_id=2537,SIRKAZHI (SC),Anaithu Makkal Arasiyal Katchi,0,Others,"Rs 1,93,000 ~ 1 Lacs+",Rs 0 ~
1238,1946,Kanagapriya.R,https://www.myneta.info/TamilNadu2021/candidate.php?candidate_id=1946,SIVAKASI,Naam Tamilar Katchi,1,Post Graduate,"Rs 41,32,859 ~ 41 Lacs+","Rs 30,41,193 ~ 30 Lacs+"
1239,3818,Kanagaraj,https://www.myneta.info/TamilNadu2021/candidate.php?candidate_id=3818,PALLAVARAM,IND,0,5th Pass,https://myneta.info/image_v2.php?myneta_folder=TamilNadu2021&candidate_id=3818&col=ta,https://myneta.info/image_v2.php?myneta_folder=TamilNadu2021&candidate_id=3818&col=lia
1240,2368,Kanagaraji.C,https://www.myneta.info/TamilNadu2021/candidate.php?candidate_id=2368,NEYVELI,BSP,0,12th Pass,"Rs 7,50,500 ~ 7 Lacs+",Rs 0 ~
1241,233,Kanakaraj K,https://www.myneta.info/TamilNadu2021/candidate.php?candidate_id=233,NAMAKKAL,Ganasangam Party of India,0,Graduate Professional,"Rs 21,71,780 ~ 21 Lacs+",Rs 0 ~
1242,3625,Kandasamy,https://www.myneta.info/TamilNadu2021/candidate.php?candidate_id=3625,NANGUNERI,IND,0,10th Pass,https://myneta.info/image_v2.php?myneta_folder=TamilNadu2021&candidate_id=3625&col=ta,https://myneta.info/image_v2.php?myneta_folder=TamilNadu2021&candidate_id=3625&col=lia
1243,2503,Kandasamy T,https://www.myneta.info/TamilNadu2021/candidate.php?candidate_id=2503,SULUR,IND,0,12th Pass,"Rs 7,42,867 ~ 7 Lacs+",Rs 0 ~
1244,165,Kandasamy V.P.,https://www.myneta.info/TamilNadu2021/candidate.php?candidate_id=165,SULUR,AIADMK,0,Graduate,"Rs 4,38,93,608 ~ 4 Crore+","Rs 17,44,770 ~ 17 Lacs+"
1245,3056,Kandavel S,https://www.myneta.info/TamilNadu2021/candidate.php?candidate_id=3056,SHOLAVANDAN (SC),IND,1,Post Graduate,https://myneta.info/image_v2.php?myneta_folder=TamilNadu2021&candidate_id=3056&col=ta,https://myneta.info/image_v2.php?myneta_folder=TamilNadu2021&candidate_id=3056&col=lia
1246,1811,Kandeepan.G,https://www.myneta.info/TamilNadu2021/candidate.php?candidate_id=1811,DR.RADHAKRISHNAN NAGAR,IND,0,12th Pass,"Rs 8,60,000 ~ 8 Lacs+",Rs 0 ~
1247,1908,Kandhan,https://www.myneta.info/TamilNadu2021/candidate.php?candidate_id=1908,NANGUNERI,Anaithu Ulaga Tamilargal Munnetra Kalagam,0,Literate,"Rs 59,88,125 ~ 59 Lacs+","Rs 25,00,000 ~ 25 Lacs+"
1248,3433,"Kandhasamy, M.",https://www.myneta.info/TamilNadu2021/candidate.php?candidate_id=3433,ORATHANADU,Naam Tamilar Katchi,1,10th Pass,https://myneta.info/image_v2.php?myneta_folder=TamilNadu2021&candidate_id=3433&col=ta,https://myneta.info/image_v2.php?myneta_folder=TamilNadu2021&candidate_id=3433&col=lia
1249,2264,Kandhasamy. R,https://www.myneta.info/TamilNadu2021/candidate.php?candidate_id=2264,SAIDAPET,IND,0,8th Pass,"Rs 10,10,000 ~ 10 Lacs+","Rs 5,900 ~ 5 Thou+"
1250,114,Kanimozhi.P,https://www.myneta.info/TamilNadu2021/candidate.php?candidate_id=114,MANAPPARAI,Naam Tamilar Katchi,0,Post Graduate,"Rs 6,04,000 ~ 6 Lacs+","Rs 1,59,000 ~ 1 Lacs+"
1251,258,Kanitha S,https://www.myneta.info/TamilNadu2021/candidate.php?candidate_id=258,CHEYYUR (SC),AIADMK,0,Graduate,https://myneta.info/image_v2.php?myneta_folder=TamilNadu2021&candidate_id=258&col=ta,https://myneta.info/image_v2.php?myneta_folder=TamilNadu2021&candidate_id=258&col=lia
1252,4035,Kannadhasan A,https://www.myneta.info/TamilNadu2021/candidate.php?candidate_id=4035,VIKRAVANDI,IND,0,10th Pass,"Rs 2,37,000 ~ 2 Lacs+",Rs 0 ~
1253,3833,Kannairam.,https://www.myneta.info/TamilNadu2021/candidate.php?candidate_id=3833,TAMBARAM,IND,0,10th Pass,"Rs 9,27,500 ~ 9 Lacs+","Rs 1,00,000 ~ 1 Lacs+"
1254,3400,"Kannaiyan, N.",https://www.myneta.info/TamilNadu2021/candidate.php?candidate_id=3400,THIRUVIDAIMARUDUR (SC),IND,0,10th Pass,https://myneta.info/image_v2.php?myneta_folder=TamilNadu2021&candidate_id=3400&col=ta,https://myneta.info/image_v2.php?myneta_folder=TamilNadu2021&candidate_id=3400&col=lia
1255,2051,"Kannaiyan, T.",https://www.myneta.info/TamilNadu2021/candidate.php?candidate_id=2051,THIRUVIDAIMARUDUR (SC),CPI(ML)(L),0,8th Pass,"Rs 1,79,500 ~ 1 Lacs+","Rs 2,00,000 ~ 2 Lacs+"
1256,4187,Kannan,https://www.myneta.info/TamilNadu2021/candidate.php?candidate_id=4187,KOVILPATTI,IND,0,8th Pass,"Rs 40,91,000 ~ 40 Lacs+",Rs 0 ~
1257,911,Kannan C,https://www.myneta.info/TamilNadu2021/candidate.php?candidate_id=911,CHEPAUK-THIRUVALLIKENI,IND,0,8th Pass,https://myneta.info/image_v2.php?myneta_folder=TamilNadu2021&candidate_id=911&col=ta,https://myneta.info/image_v2.php?myneta_folder=TamilNadu2021&candidate_id=911&col=lia
1258,3997,Kannan G,https://www.myneta.info/TamilNadu2021/candidate.php?candidate_id=3997,MAILAM,IND,0,8th Pass,"Rs 9,95,000 ~ 9 Lacs+","Rs 3,00,000 ~ 3 Lacs+"
1259,1692,Kannan Ka So Ka,https://www.myneta.info/TamilNadu2021/candidate.php?candidate_id=1692,JAYANKONDAM,DMK,21,Post Graduate,"Rs 12,63,49,042 ~ 12 Crore+","Rs 19,89,236 ~ 19 Lacs+"
1260,2879,Kannan M,https://www.myneta.info/TamilNadu2021/candidate.php?candidate_id=2879,NAGERCOIL,IND,3,10th Pass,https://myneta.info/image_v2.php?myneta_folder=TamilNadu2021&candidate_id=2879&col=ta,https://myneta.info/image_v2.php?myneta_folder=TamilNadu2021&candidate_id=2879&col=lia
1261,2288,Kannan S,https://www.myneta.info/TamilNadu2021/candidate.php?candidate_id=2288,THIYAGARAYANAGAR,IND,0,Graduate Professional,"Rs 75,000 ~ 75 Thou+",Rs 0 ~
1262,3874,"Kannan, A.",https://www.myneta.info/TamilNadu2021/candidate.php?candidate_id=3874,SRIVILLIPUTHUR (SC),IND,4,5th Pass,"Rs 16,82,000 ~ 16 Lacs+","Rs 10,00,000 ~ 10 Lacs+"
1263,1943,Kannan.K,https://www.myneta.info/TamilNadu2021/candidate.php?candidate_id=1943,SIVAKASI,Veerath Thiyagi Viswanathadoss Thozhilalarkal Katchi,0,5th Pass,https://myneta.info/image_v2.php?myneta_folder=TamilNadu2021&candidate_id=1943&col=ta,https://myneta.info/image_v2.php?myneta_folder=TamilNadu2021&candidate_id=1943&col=lia
1264,479,Kannan.T,https://www.myneta.info/TamilNadu2021/candidate.php?candidate_id=479,KARUR,IND,0,Graduate Professional,"Rs 2,85,000 ~ 2 Lacs+","Rs 2,56,320 ~ 2 Lacs+"
1265,2451,Kannapiran V,https://www.myneta.info/TamilNadu2021/candidate.php?candidate_id=2451,COIMBATORE NORTH,Dravida Murpokku Makkal Katchi,0,12th Pass,"Rs 3,79,815 ~ 3 Lacs+",Rs 0 ~
1266,2189,Kareem Basha.A,https://www.myneta.info/TamilNadu2021/candidate.php?candidate_id=2189,AMBUR,Rashtriya Ulama Council,0,Post Graduate,https://myneta.info/image_v2.php?myneta_folder=TamilNadu2021&candidate_id=2189&col=ta,https://myneta.info/image_v2.php?myneta_folder=TamilNadu2021&candidate_id=2189&col=lia
1267,2038,"Karikala Cholan, S.",https://www.myneta.info/TamilNadu2021/candidate.php?candidate_id=2038,THANJAVUR,NCP,4,Graduate Professional,"Rs 8,39,000 ~ 8 Lacs+","Rs 60,000 ~ 60 Thou+"
1268,656,Karikalan.M,https://www.myneta.info/TamilNadu2021/candidate.php?candidate_id=656,TAMBARAM,Amma Makkal Munnettra Kazagam,2,Graduate,"Rs 5,85,01,888 ~ 5 Crore+","Rs 73,50,847 ~ 73 Lacs+"
1269,1363,Karthi,https://www.myneta.info/TamilNadu2021/candidate.php?candidate_id=1363,KUMARAPALAYAM,IND,0,Post Graduate,https://myneta.info/image_v2.php?myneta_folder=TamilNadu2021&candidate_id=1363&col=ta,https://myneta.info/image_v2.php?myneta_folder=TamilNadu2021&candidate_id=1363&col=lia
1270,2663,Karthi M,https://www.myneta.info/TamilNadu2021/candidate.php?candidate_id=2663,ATHOOR,IND,0,10th Pass,"Rs 32,52,453 ~ 32 Lacs+",Rs 0 ~
1271,3244,Karthi Prabhakaran O,https://www.myneta.info/TamilNadu2021/candidate.php?candidate_id=3244,VIRALIMALAI,Amma Makkal Munnettra Kazagam,5,Post Graduate,"Rs 1,14,93,000 ~ 1 Crore+","Rs 16,50,000 ~ 16 Lacs+"
1272,2839,"Karthi, M.",https://www.myneta.info/TamilNadu2021/candidate.php?candidate_id=2839,PERUNDURAI,IND,0,Others,https://myneta.info/image_v2.php?myneta_folder=TamilNadu2021&candidate_id=2839&col=ta,https://myneta.info/image_v2.php?myneta_folder=TamilNadu2021&candidate_id=2839&col=lia
1273,1937,Karthick,https://www.myneta.info/TamilNadu2021/candidate.php?candidate_id=1937,PALLAVARAM,BSP,0,5th Pass,"Rs 1,31,000 ~ 1 Lacs+",Rs 0 ~
1274,3963,Karthick .E,https://www.myneta.info/TamilNadu2021/candidate.php?candidate_id=3963,VELLORE,IND,0,5th Pass,"Rs 25,000 ~ 25 Thou+",Rs 0 ~
1275,1547,Karthick Krishna P,https://www.myneta.info/TamilNadu2021/candidate.php?candidate_id=1547,MANAPPARAI,IND,0,Post Graduate,https://myneta.info/image_v2.php?myneta_folder=TamilNadu2021&candidate_id=1547&col=ta,https://myneta.info/image_v2.php?myneta_folder=TamilNadu2021&candidate_id=1547&col=lia
1276,2487,"Karthick, N",https://www.myneta.info/TamilNadu2021/candidate.php?candidate_id=2487,SINGANALLUR,IND,0,Graduate Professional,"Rs 6,63,000 ~ 6 Lacs+",Rs 0 ~
1277,1891,Karthick.D,https://www.myneta.info/TamilNadu2021/candidate.php?candidate_id=1891,MYLAPORE,Amma Makkal Munnettra Kazagam,0,Others,"Rs 1,28,67,763 ~ 1 Crore+","Rs 2,80,000 ~ 2 Lacs+"
1278,1700,Karthick.V,https://www.myneta.info/TamilNadu2021/candidate.php?candidate_id=1700,ROYAPURAM,IND,0,Graduate Professional,https://myneta.info/image_v2.php?myneta_folder=TamilNadu2021&candidate_id=1700&col=ta,https://myneta.info/image_v2.php?myneta_folder=TamilNadu2021&candidate_id=1700&col=lia
1279,2658,Karthigaiselvan K,https://www.myneta.info/TamilNadu2021/candidate.php?candidate_id=2658,ATHOOR,BSP,0,Post Graduate,"Rs 1,15,000 ~ 1 Lacs+",Rs 0 ~
1280,3763,Karthik G,https://www.myneta.info/TamilNadu2021/candidate.php?candidate_id=3763,RISHIVANDIYAM,IND,0,Post Graduate,"Rs 19,000 ~ 19 Thou+",Rs 0 ~
1281,1990,Karthik Thondaiman,https://www.myneta.info/TamilNadu2021/candidate.php?candidate_id=1990,PUDUKKOTTAI,AIADMK,0,Graduate,https://myneta.info/image_v2.php?myneta_folder=TamilNadu2021&candidate_id=1990&col=ta,https://myneta.info/image_v2.php?myneta_folder=TamilNadu2021&candidate_id=1990&col=lia
1282,2024,"Karthik, N",https://www.myneta.info/TamilNadu2021/candidate.php?candidate_id=2024,SINGANALLUR,DMK,37,8th Pass,"Rs 4,26,79,425 ~ 4 Crore+","Rs 38,03,473 ~ 38 Lacs+"
1283,2488,"Karthik, N",https://www.myneta.info/TamilNadu2021/candidate.php?candidate_id=2488,SINGANALLUR,IND,0,10th Pass,"Rs 4,29,000 ~ 4 Lacs+",Rs 0 ~
1284,1955,Karthik.N,https://www.myneta.info/TamilNadu2021/candidate.php?candidate_id=1955,SIVAKASI,IND,0,5th Pass,https://myneta.info/image_v2.php?myneta_folder=TamilNadu2021&candidate_id=1955&col=ta,https://myneta.info/image_v2.php?myneta_folder=TamilNadu2021&candidate_id=1955&col=lia
1285,2055,Karthikeya,https://www.myneta.info/TamilNadu2021/candidate.php?candidate_id=2055,THONDAMUTHUR,DMK,0,12th Pass,"Rs 5,40,52,530 ~ 5 Crore+","Rs 78,02,829 ~ 78 Lacs+"
1286,3266,Karthikeyan,https://www.myneta.info/TamilNadu2021/candidate.php?candidate_id=3266,PUDUKKOTTAI,IND,0,Graduate Professional,"Rs 50,000 ~ 50 Thou+",Rs 0 ~
1287,752,Karthikeyan .P,https://www.myneta.info/TamilNadu2021/candidate.php?candidate_id=752,VELLORE,DMK,4,5th Pass,https://myneta.info/image_v2.php?myneta_folder=TamilNadu2021&candidate_id=752&col=ta,https://myneta.info/image_v2.php?myneta_folder=TamilNadu2021&candidate_id=752&col=lia
1288,2779,Karthikeyan A,https://www.myneta.info/TamilNadu2021/candidate.php?candidate_id=2779,VEDASANDUR,My India Party,0,12th Pass,"Rs 16,16,000 ~ 16 Lacs+","Rs 10,19,800 ~ 10 Lacs+"
1289,4060,Karthikeyan A,https://www.myneta.info/TamilNadu2021/candidate.php?candidate_id=4060,DHARAPURAM (SC),IND,0,10th Pass,"Rs 3,02,000 ~ 3 Lacs+",Rs 0 ~
1290,611,Karthikeyan K,https://www.myneta.info/TamilNadu2021/candidate.php?candidate_id=611,RISHIVANDIYAM,DMK,34,Graduate Professional,https://myneta.info/image_v2.php?myneta_folder=TamilNadu2021&candidate_id=611&col=ta,https://myneta.info/image_v2.php?myneta_folder=TamilNadu2021&candidate_id=611&col=lia
1291,3179,Karthikeyan N,https://www.myneta.info/TamilNadu2021/candidate.php?candidate_id=3179,PARAMATHIVELUR,IND,0,10th Pass,"Rs 8,50,139 ~ 8 Lacs+",Rs 0 ~
1292,50,Karthikeyan P,https://www.myneta.info/TamilNadu2021/candidate.php?candidate_id=50,SULUR,IND,0,12th Pass,"Rs 4,05,92,000 ~ 4 Crore+","Rs 3,86,000 ~ 3 Lacs+"
1293,3208,Karthikeyan S,https://www.myneta.info/TamilNadu2021/candidate.php?candidate_id=3208,TIRUCHENGODU,IND,0,Post Graduate,https://myneta.info/image_v2.php?myneta_folder=TamilNadu2021&candidate_id=3208&col=ta,https://myneta.info/image_v2.php?myneta_folder=TamilNadu2021&candidate_id=3208&col=lia
1294,4122,"Karthikeyan,S.",https://www.myneta.info/TamilNadu2021/candidate.php?candidate_id=4122,UDUMALAIPETTAI,IND,0,10th Pass,"Rs 29,14,162 ~ 29 Lacs+","Rs 3,46,000 ~ 3 Lacs+"
1295,2727,Karthikeyan. J,https://www.myneta.info/TamilNadu2021/candidate.php?candidate_id=2727,SALEM WEST,Tamil Nadu Ilangyar Katchi,0,Post Graduate,"Rs 26,72,638 ~ 26 Lacs+","Rs 2,26,649 ~ 2 Lacs+"
1296,121,Karthikeyan. J,https://www.myneta.info/TamilNadu2021/candidate.php?candidate_id=121,VRIDHACHALAM,Pattali Makkal Katchi,0,Post Graduate,https://myneta.info/image_v2.php?myneta_folder=TamilNadu2021&candidate_id=121&col=ta,https://myneta.info/image_v2.php?myneta_folder=TamilNadu2021&candidate_id=121&col=lia
1297,1482,Karthikeyan. R,https://www.myneta.info/TamilNadu2021/candidate.php?candidate_id=1482,MADURAI WEST,Akhil Bharat Hindu Mahasabha,0,Graduate,"Rs 3,17,583 ~ 3 Lacs+",Rs 0 ~
1298,2920,Karthikeyan. R,https://www.myneta.info/TamilNadu2021/candidate.php?candidate_id=2920,ARAVAKURICHI,IND,0,Graduate,"Rs 95,000 ~ 95 Thou+",Rs 0 ~
1299,2858,Karthikeyan.P,https://www.myneta.info/TamilNadu2021/candidate.php?candidate_id=2858,BHAVANI,IND,0,Graduate,https://myneta.info/image_v2.php?myneta_folder=TamilNadu2021&candidate_id=2858&col=ta,https://myneta.info/image_v2.php?myneta_folder=TamilNadu2021&candidate_id=2858&col=lia
1300,803,Karthikeyan.R,https://www.myneta.info/TamilNadu2021/candidate.php?candidate_id=803,ANTHIYUR,IND,0,Post Graduate,"Rs 14,49,000 ~ 14 Lacs+","Rs 9,03,546 ~ 9 Lacs+"
1301,2740,Karthikeyan.V,https://www.myneta.info/TamilNadu2021/candidate.php?candidate_id=2740,DINDIGUL,Anna Puratchi Thalaivar Amma Dravida Munnetra Kazhagam,0,Graduate,"Rs 1,15,000 ~ 1 Lacs+",Rs 0 ~
1302,2871,Karthikkumar.K,https://www.myneta.info/TamilNadu2021/candidate.php?candidate_id=2871,BHAVANISAGAR (SC),Makkal Needhi Maiam,0,12th Pass,https://myneta.info/image_v2.php?myneta_folder=TamilNadu2021&candidate_id=2871&col=ta,https://myneta.info/image_v2.php?myneta_folder=TamilNadu2021&candidate_id=2871&col=lia
1303,2081,Karumanickam,https://www.myneta.info/TamilNadu2021/candidate.php?candidate_id=2081,TIRUVADANAI,INC,0,Graduate Professional,"Rs 3,11,30,586 ~ 3 Crore+",Rs 0 ~
1304,867,Karunakaran K,https://www.myneta.info/TamilNadu2021/candidate.php?candidate_id=867,BARGUR,Naam Tamilar Katchi,1,Others,"Rs 6,80,100 ~ 6 Lacs+",Rs 0 ~
1305,3093,"Karunakaran, M.",https://www.myneta.info/TamilNadu2021/candidate.php?candidate_id=3093,THIRUPARANKUNDRAM,IND,1,5th Pass,https://myneta.info/image_v2.php?myneta_folder=TamilNadu2021&candidate_id=3093&col=ta,https://myneta.info/image_v2.php?myneta_folder=TamilNadu2021&candidate_id=3093&col=lia
1306,1699,Karunakaran.H,https://www.myneta.info/TamilNadu2021/candidate.php?candidate_id=1699,ROYAPURAM,IND,0,Graduate Professional,"Rs 7,03,344 ~ 7 Lacs+",Rs 0 ~
1307,469,Karunamoorthy.S,https://www.myneta.info/TamilNadu2021/candidate.php?candidate_id=469,KARUR,IND,0,Graduate Professional,"Rs 1,30,000 ~ 1 Lacs+","Rs 10,000 ~ 10 Thou+"
1308,2196,Karunanidhi.R.,https://www.myneta.info/TamilNadu2021/candidate.php?candidate_id=2196,JOLARPET,IND,0,5th Pass,https://myneta.info/image_v2.php?myneta_folder=TamilNadu2021&candidate_id=2196&col=ta,https://myneta.info/image_v2.php?myneta_folder=TamilNadu2021&candidate_id=2196&col=lia
1309,209,Karunanithi,https://www.myneta.info/TamilNadu2021/candidate.php?candidate_id=209,PALLAVARAM,DMK,12,10th Pass,"Rs 1,00,08,315 ~ 1 Crore+","Rs 20,19,280 ~ 20 Lacs+"
1310,2054,Karunanithi J,https://www.myneta.info/TamilNadu2021/candidate.php?candidate_id=2054,THIYAGARAYANAGAR,DMK,3,8th Pass,"Rs 3,44,08,856 ~ 3 Crore+","Rs 1,65,00,000 ~ 1 Crore+"
1311,3264,Karuppaiah . C,https://www.myneta.info/TamilNadu2021/candidate.php?candidate_id=3264,PUDUKKOTTAI,IND,2,Graduate,https://myneta.info/image_v2.php?myneta_folder=TamilNadu2021&candidate_id=3264&col=ta,https://myneta.info/image_v2.php?myneta_folder=TamilNadu2021&candidate_id=3264&col=lia
1312,3396,Karuppaiah S.,https://www.myneta.info/TamilNadu2021/candidate.php?candidate_id=3396,MANAMADURAI (SC),IND,0,5th Pass,"Rs 3,95,000 ~ 3 Lacs+",Rs 0 ~
1313,1219,Karuppaiya.R,https://www.myneta.info/TamilNadu2021/candidate.php?candidate_id=1219,KARUR,Naam Tamilar Katchi,0,Post Graduate,"Rs 5,46,00,771 ~ 5 Crore+","Rs 63,56,011 ~ 63 Lacs+"
1314,2338,"Karuppan, M.",https://www.myneta.info/TamilNadu2021/candidate.php?candidate_id=2338,TITTAKUDI (SC),IND,0,5th Pass,https://myneta.info/image_v2.php?myneta_folder=TamilNadu2021&candidate_id=2338&col=ta,https://myneta.info/image_v2.php?myneta_folder=TamilNadu2021&candidate_id=2338&col=lia
1315,371,Karuppanan.K.C,https://www.myneta.info/TamilNadu2021/candidate.php?candidate_id=371,BHAVANI,AIADMK,0,10th Pass,"Rs 18,18,70,779 ~ 18 Crore+","Rs 37,63,785 ~ 37 Lacs+"
1316,4177,Karupparaja,https://www.myneta.info/TamilNadu2021/candidate.php?candidate_id=4177,OTTAPIDARAM (SC),IND,0,10th Pass,"Rs 84,420 ~ 84 Thou+",Rs 0 ~
1317,127,Karuppasamy K,https://www.myneta.info/TamilNadu2021/candidate.php?candidate_id=127,VILATHIKULAM,Naam Indiar Party,0,8th Pass,https://myneta.info/image_v2.php?myneta_folder=TamilNadu2021&candidate_id=127&col=ta,https://myneta.info/image_v2.php?myneta_folder=TamilNadu2021&candidate_id=127&col=lia
1318,1944,Karuppasamy.S,https://www.myneta.info/TamilNadu2021/candidate.php?candidate_id=1944,SIVAKASI,Anaithu Makkal Puratchi Katchi,0,Illiterate,Rs 500 ~ 5 Hund+,Rs 0 ~
1319,3908,Karuppiah P,https://www.myneta.info/TamilNadu2021/candidate.php?candidate_id=3908,VIRUDHUNAGAR,IND,0,5th Pass,"Rs 1,05,295 ~ 1 Lacs+",Rs 0 ~
1320,2283,Karuppiah Pala,https://www.myneta.info/TamilNadu2021/candidate.php?candidate_id=2283,THIYAGARAYANAGAR,Makkal Needhi Maiam,0,10th Pass,https://myneta.info/image_v2.php?myneta_folder=TamilNadu2021&candidate_id=2283&col=ta,https://myneta.info/image_v2.php?myneta_folder=TamilNadu2021&candidate_id=2283&col=lia
1321,3314,Karuppu Raja M,https://www.myneta.info/TamilNadu2021/candidate.php?candidate_id=3314,PARAMAKUDI (SC),Makkal Needhi Maiam,2,8th Pass,"Rs 44,99,122 ~ 44 Lacs+","Rs 31,00,000 ~ 31 Lacs+"
1322,2599,Karuppusamy P,https://www.myneta.info/TamilNadu2021/candidate.php?candidate_id=2599,PALANI,IND,0,Illiterate,"Rs 18,87,000 ~ 18 Lacs+",Rs 0 ~
1323,3034,Karuppusamy P.,https://www.myneta.info/TamilNadu2021/candidate.php?candidate_id=3034,MELUR,Naam Tamilar Katchi,0,Doctorate,https://myneta.info/image_v2.php?myneta_folder=TamilNadu2021&candidate_id=3034&col=ta,https://myneta.info/image_v2.php?myneta_folder=TamilNadu2021&candidate_id=3034&col=lia
1324,3889,"Karuthapandian, S.",https://www.myneta.info/TamilNadu2021/candidate.php?candidate_id=3889,SATTUR,IND,0,5th Pass,"Rs 27,87,000 ~ 27 Lacs+","Rs 78,000 ~ 78 Thou+"
1325,1622,Karuthapandiyan R,https://www.myneta.info/TamilNadu2021/candidate.php?candidate_id=1622,SANKARANKOVIL (SC),IND,0,Graduate,"Rs 11,40,000 ~ 11 Lacs+",Rs 0 ~
1326,2588,Karuthoviyam.P,https://www.myneta.info/TamilNadu2021/candidate.php?candidate_id=2588,HARUR (SC),My India Party,0,Graduate Professional,https://myneta.info/image_v2.php?myneta_folder=TamilNadu2021&candidate_id=2588&col=ta,https://myneta.info/image_v2.php?myneta_folder=TamilNadu2021&candidate_id=2588&col=lia
1327,1077,"Kasilingam, S.",https://www.myneta.info/TamilNadu2021/candidate.php?candidate_id=1077,GUDALUR (SC),DMK,15,8th Pass,"Rs 2,03,03,353 ~ 2 Crore+","Rs 26,71,361 ~ 26 Lacs+"
1328,914,Kassali A.V.A,https://www.myneta.info/TamilNadu2021/candidate.php?candidate_id=914,CHEPAUK-THIRUVALLIKENI,Pattali Makkal Katchi,0,5th Pass,"Rs 66,40,572 ~ 66 Lacs+","Rs 1,13,036 ~ 1 Lacs+"
1329,606,Katharbatcha Muthuramalingam,https://www.myneta.info/TamilNadu2021/candidate.php?candidate_id=606,RAMANATHAPURAM,DMK,5,12th Pass,https://myneta.info/image_v2.php?myneta_folder=TamilNadu2021&candidate_id=606&col=ta,https://myneta.info/image_v2.php?myneta_folder=TamilNadu2021&candidate_id=606&col=lia
1330,2732,Kathavarayan. S,https://www.myneta.info/TamilNadu2021/candidate.php?candidate_id=2732,SALEM WEST,IND,0,Others,"Rs 6,74,580 ~ 6 Lacs+",Rs 0 ~
1331,3624,Kathiravan,https://www.myneta.info/TamilNadu2021/candidate.php?candidate_id=3624,NANGUNERI,IND,3,Graduate Professional,"Rs 5,69,300 ~ 5 Lacs+","Rs 4,08,000 ~ 4 Lacs+"
1332,4042,Kathiravan K,https://www.myneta.info/TamilNadu2021/candidate.php?candidate_id=4042,TIRUKKOYILUR,IND,0,12th Pass,https://myneta.info/image_v2.php?myneta_folder=TamilNadu2021&candidate_id=4042&col=ta,https://myneta.info/image_v2.php?myneta_folder=TamilNadu2021&candidate_id=4042&col=lia
1333,1385,"Kathiravan, C.",https://www.myneta.info/TamilNadu2021/candidate.php?candidate_id=1385,KUNNAM,IND,0,Graduate Professional,"Rs 29,87,010 ~ 29 Lacs+",Rs 0 ~
1334,2720,Kathiravan. V,https://www.myneta.info/TamilNadu2021/candidate.php?candidate_id=2720,EDAPPADI,IND,1,Post Graduate,"Rs 57,40,100 ~ 57 Lacs+","Rs 6,77,000 ~ 6 Lacs+"
1335,1234,Kathiravan.P,https://www.myneta.info/TamilNadu2021/candidate.php?candidate_id=1234,KARUR,IND,0,Graduate Professional,https://myneta.info/image_v2.php?myneta_folder=TamilNadu2021&candidate_id=1234&col=ta,https://myneta.info/image_v2.php?myneta_folder=TamilNadu2021&candidate_id=1234&col=lia
1336,3487,Kathiravan.S,https://www.myneta.info/TamilNadu2021/candidate.php?candidate_id=3487,CUMBUM,New Generation Peoples Party,0,Others,"Rs 10,17,010 ~ 10 Lacs+",Rs 0 ~
1337,3033,Kathiresan K.,https://www.myneta.info/TamilNadu2021/candidate.php?candidate_id=3033,MELUR,Makkal Needhi Maiam,0,Others,"Rs 19,05,000 ~ 19 Lacs+","Rs 61,500 ~ 61 Thou+"
1338,3055,Kathiresan P,https://www.myneta.info/TamilNadu2021/candidate.php?candidate_id=3055,SHOLAVANDAN (SC),IND,0,Post Graduate,https://myneta.info/image_v2.php?myneta_folder=TamilNadu2021&candidate_id=3055&col=ta,https://myneta.info/image_v2.php?myneta_folder=TamilNadu2021&candidate_id=3055&col=lia
1339,3753,Kathirvel M,https://www.myneta.info/TamilNadu2021/candidate.php?candidate_id=3753,ULUNDURPETTAI,IND,0,5th Pass,"Rs 23,32,000 ~ 23 Lacs+",Rs 0 ~
1340,1339,Kathirvel.M,https://www.myneta.info/TamilNadu2021/candidate.php?candidate_id=1339,KRISHNARAYAPURAM (SC),DMDK,1,Graduate,"Rs 30,37,000 ~ 30 Lacs+","Rs 18,00,000 ~ 18 Lacs+"
1341,642,Kavitha,https://www.myneta.info/TamilNadu2021/candidate.php?candidate_id=642,SIRKAZHI (SC),Naam Tamilar Katchi,1,10th Pass,https://myneta.info/image_v2.php?myneta_folder=TamilNadu2021&candidate_id=642&col=ta,https://myneta.info/image_v2.php?myneta_folder=TamilNadu2021&candidate_id=642&col=lia
1342,4058,Kayalvizhi K,https://www.myneta.info/TamilNadu2021/candidate.php?candidate_id=4058,DHARAPURAM (SC),IND,0,Post Graduate,"Rs 3,10,000 ~ 3 Lacs+",Rs 0 ~
1343,4053,Kayalvizhi N,https://www.myneta.info/TamilNadu2021/candidate.php?candidate_id=4053,DHARAPURAM (SC),DMK,0,Post Graduate,"Rs 4,17,07,053 ~ 4 Crore+",Rs 0 ~
1344,4059,Kayalvizhi P,https://www.myneta.info/TamilNadu2021/candidate.php?candidate_id=4059,DHARAPURAM (SC),IND,0,Post Graduate,https://myneta.info/image_v2.php?myneta_folder=TamilNadu2021&candidate_id=4059&col=ta,https://myneta.info/image_v2.php?myneta_folder=TamilNadu2021&candidate_id=4059&col=lia
1345,426,Keerthana.K,https://www.myneta.info/TamilNadu2021/candidate.php?candidate_id=426,HARUR (SC),Naam Tamilar Katchi,0,Graduate Professional,"Rs 70,500 ~ 70 Thou+",Rs 0 ~
1346,940,Keerthiga Parthasarathi,https://www.myneta.info/TamilNadu2021/candidate.php?candidate_id=940,COIMBATORE NORTH,IND,0,Others,"Rs 2,01,80,000 ~ 2 Crore+",Rs 0 ~
1347,1883,Keerthika,https://www.myneta.info/TamilNadu2021/candidate.php?candidate_id=1883,MUDUKULATHUR,AIADMK,1,Post Graduate,https://myneta.info/image_v2.php?myneta_folder=TamilNadu2021&candidate_id=1883&col=ta,https://myneta.info/image_v2.php?myneta_folder=TamilNadu2021&candidate_id=1883&col=lia
1348,3442,Keerthika Anbu,https://www.myneta.info/TamilNadu2021/candidate.php?candidate_id=3442,PATTUKKOTTAI,Naam Tamilar Katchi,0,Post Graduate,"Rs 52,000 ~ 52 Thou+","Rs 2,12,000 ~ 2 Lacs+"
1349,1586,Kennady Babu K,https://www.myneta.info/TamilNadu2021/candidate.php?candidate_id=1586,TIRUCHENDUR,Veerath Thiyagi Viswanathadoss Thozhilalarkal Katchi,0,10th Pass,"Rs 4,20,000 ~ 4 Lacs+","Rs 2,42,000 ~ 2 Lacs+"
1350,1956,Kesavakumar.D,https://www.myneta.info/TamilNadu2021/candidate.php?candidate_id=1956,SIVAKASI,IND,0,10th Pass,https://myneta.info/image_v2.php?myneta_folder=TamilNadu2021&candidate_id=1956&col=ta,https://myneta.info/image_v2.php?myneta_folder=TamilNadu2021&candidate_id=1956&col=lia
1351,4020,Kesavan P,https://www.myneta.info/TamilNadu2021/candidate.php?candidate_id=4020,VILLUPURAM,IND,0,8th Pass,"Rs 3,32,600 ~ 3 Lacs+","Rs 8,18,013 ~ 8 Lacs+"
1352,1453,Kesavarajah J,https://www.myneta.info/TamilNadu2021/candidate.php?candidate_id=1453,MADURAI NORTH,IND,0,Graduate,"Rs 1,40,000 ~ 1 Lacs+","Rs 50,000 ~ 50 Thou+"
1353,1119,Kesavarajan V K,https://www.myneta.info/TamilNadu2021/candidate.php?candidate_id=1119,JAYANKONDAM,IND,0,Graduate Professional,https://myneta.info/image_v2.php?myneta_folder=TamilNadu2021&candidate_id=1119&col=ta,https://myneta.info/image_v2.php?myneta_folder=TamilNadu2021&candidate_id=1119&col=lia
1354,92,"Ketheeswaran, R.",https://www.myneta.info/TamilNadu2021/candidate.php?candidate_id=92,GUDALUR (SC),Naam Tamilar Katchi,2,12th Pass,"Rs 3,87,933 ~ 3 Lacs+","Rs 12,240 ~ 12 Thou+"
1355,3992,Kirubakaran T,https://www.myneta.info/TamilNadu2021/candidate.php?candidate_id=3992,GINGEE,IND,0,8th Pass,"Rs 10,600 ~ 10 Thou+",Rs 0 ~
1356,2922,Kirubananth. S,https://www.myneta.info/TamilNadu2021/candidate.php?candidate_id=2922,ARAVAKURICHI,IND,0,Graduate Professional,https://myneta.info/image_v2.php?myneta_folder=TamilNadu2021&candidate_id=2922&col=ta,https://myneta.info/image_v2.php?myneta_folder=TamilNadu2021&candidate_id=2922&col=lia
1357,4163,Kirushnavel R,https://www.myneta.info/TamilNadu2021/candidate.php?candidate_id=4163,SRIVAIKUNTAM,IND,0,Others,"Rs 4,27,500 ~ 4 Lacs+",Rs 0 ~
1358,3027,Kishore Kumar R,https://www.myneta.info/TamilNadu2021/candidate.php?candidate_id=3027,HOSUR,IND,0,12th Pass,"Rs 3,20,000 ~ 3 Lacs+",Rs 0 ~
1359,587,Kkc Balu,https://www.myneta.info/TamilNadu2021/candidate.php?candidate_id=587,PERUNDURAI,DMK,3,Graduate Professional,https://myneta.info/image_v2.php?myneta_folder=TamilNadu2021&candidate_id=587&col=ta,https://myneta.info/image_v2.php?myneta_folder=TamilNadu2021&candidate_id=587&col=lia
1360,2012,Km Rajesh,https://www.myneta.info/TamilNadu2021/candidate.php?candidate_id=2012,SANKARI,DMK,0,Post Graduate,"Rs 6,01,84,043 ~ 6 Crore+","Rs 1,60,21,701 ~ 1 Crore+"
1361,1569,Kohila C,https://www.myneta.info/TamilNadu2021/candidate.php?candidate_id=1569,VALPARAI (SC),Naam Tamilar Katchi,0,Post Graduate,"Rs 41,29,869 ~ 41 Lacs+","Rs 19,50,000 ~ 19 Lacs+"
1362,1799,Kolanji.M,https://www.myneta.info/TamilNadu2021/candidate.php?candidate_id=1799,THIRU-VI-KA-NAGAR (SC),IND,0,Literate,https://myneta.info/image_v2.php?myneta_folder=TamilNadu2021&candidate_id=1799&col=ta,https://myneta.info/image_v2.php?myneta_folder=TamilNadu2021&candidate_id=1799&col=lia
1363,2340,"Kolanjinathan, V.",https://www.myneta.info/TamilNadu2021/candidate.php?candidate_id=2340,TITTAKUDI (SC),IND,0,Not Given,"Rs 10,000 ~ 10 Thou+",Rs 0 ~
1364,1490,Kothandan. A,https://www.myneta.info/TamilNadu2021/candidate.php?candidate_id=1490,MADURANTAKAM (SC),Desiya Sirupanmayinar Makkal Iyakkam,0,Graduate,"Rs 7,00,000 ~ 7 Lacs+",Rs 0 ~
1365,735,Kothandapani,https://www.myneta.info/TamilNadu2021/candidate.php?candidate_id=735,TIRUVANNAMALAI,BSP,0,10th Pass,https://myneta.info/image_v2.php?myneta_folder=TamilNadu2021&candidate_id=735&col=ta,https://myneta.info/image_v2.php?myneta_folder=TamilNadu2021&candidate_id=735&col=lia
1366,2265,Kothandapani. K,https://www.myneta.info/TamilNadu2021/candidate.php?candidate_id=2265,SAIDAPET,IND,0,8th Pass,"Rs 2,31,500 ~ 2 Lacs+",Rs 0 ~
1367,3845,Kothandapani.M,https://www.myneta.info/TamilNadu2021/candidate.php?candidate_id=3845,THIRUPORUR,Amma Makkal Munnettra Kazagam,0,Graduate,"Rs 6,31,13,509 ~ 6 Crore+","Rs 4,50,000 ~ 4 Lacs+"
1368,717,Kottaikumar,https://www.myneta.info/TamilNadu2021/candidate.php?candidate_id=717,TIRUPPATHUR,Naam Tamilar Katchi,0,Graduate,https://myneta.info/image_v2.php?myneta_folder=TamilNadu2021&candidate_id=717&col=ta,https://myneta.info/image_v2.php?myneta_folder=TamilNadu2021&candidate_id=717&col=lia
1369,2002,Kottur Kumar. R,https://www.myneta.info/TamilNadu2021/candidate.php?candidate_id=2002,SAIDAPET,BSP,0,Graduate,"Rs 1,91,000 ~ 1 Lacs+",Rs 0 ~
1370,2071,Kr.Periyakaruppan,https://www.myneta.info/TamilNadu2021/candidate.php?candidate_id=2071,TIRUPPATHUR,DMK,18,Graduate,"Rs 8,70,31,084 ~ 8 Crore+","Rs 82,91,004 ~ 82 Lacs+"
1371,3079,Kremmer Suresh,https://www.myneta.info/TamilNadu2021/candidate.php?candidate_id=3079,MADURAI CENTRAL,IND,1,Post Graduate,https://myneta.info/image_v2.php?myneta_folder=TamilNadu2021&candidate_id=3079&col=ta,https://myneta.info/image_v2.php?myneta_folder=TamilNadu2021&candidate_id=3079&col=lia
1372,3834,Krishna T V N H S R.,https://www.myneta.info/TamilNadu2021/candidate.php?candidate_id=3834,TAMBARAM,IND,0,Graduate,"Rs 41,63,787 ~ 41 Lacs+","Rs 21,67,195 ~ 21 Lacs+"
1373,2326,Krishnadasan S,https://www.myneta.info/TamilNadu2021/candidate.php?candidate_id=2326,CHEPAUK-THIRUVALLIKENI,IND,0,10th Pass,"Rs 25,50,000 ~ 25 Lacs+","Rs 14,00,000 ~ 14 Lacs+"
1374,543,Krishnagopal P,https://www.myneta.info/TamilNadu2021/candidate.php?candidate_id=543,MANAPPARAI,DMDK,1,Graduate Professional,https://myneta.info/image_v2.php?myneta_folder=TamilNadu2021&candidate_id=543&col=ta,https://myneta.info/image_v2.php?myneta_folder=TamilNadu2021&candidate_id=543&col=lia
1375,2887,Krishnakumar A,https://www.myneta.info/TamilNadu2021/candidate.php?candidate_id=2887,COLACHAL,Anaithu Makkal Puratchi Katchi,0,10th Pass,"Rs 1,03,800 ~ 1 Lacs+",Rs 0 ~
1376,3408,"Krishnakumar, N.",https://www.myneta.info/TamilNadu2021/candidate.php?candidate_id=3408,PAPANASAM,Naam Tamilar Katchi,5,Graduate,"Rs 84,91,069 ~ 84 Lacs+","Rs 9,73,000 ~ 9 Lacs+"
1377,425,Krishnakumar. G,https://www.myneta.info/TamilNadu2021/candidate.php?candidate_id=425,HARBOUR,IND,0,Graduate Professional,https://myneta.info/image_v2.php?myneta_folder=TamilNadu2021&candidate_id=425&col=ta,https://myneta.info/image_v2.php?myneta_folder=TamilNadu2021&candidate_id=425&col=lia
1378,2949,Krishnakumar.S,https://www.myneta.info/TamilNadu2021/candidate.php?candidate_id=2949,KARUR,IND,0,Graduate Professional,"Rs 5,20,500 ~ 5 Lacs+",Rs 0 ~
1379,1340,Krishnamoorthi.M,https://www.myneta.info/TamilNadu2021/candidate.php?candidate_id=1340,KRISHNARAYAPURAM (SC),IND,0,10th Pass,"Rs 1,91,025 ~ 1 Lacs+",Rs 0 ~
1380,3021,Krishnamoorthy,https://www.myneta.info/TamilNadu2021/candidate.php?candidate_id=3021,VEPPANAHALLI,IND,0,Post Graduate,https://myneta.info/image_v2.php?myneta_folder=TamilNadu2021&candidate_id=3021&col=ta,https://myneta.info/image_v2.php?myneta_folder=TamilNadu2021&candidate_id=3021&col=lia
1381,3451,"Krishnamurthi, B.",https://www.myneta.info/TamilNadu2021/candidate.php?candidate_id=3451,UDHAGAMANDALAM,IND,0,Graduate,"Rs 54,72,000 ~ 54 Lacs+","Rs 13,70,000 ~ 13 Lacs+"
1382,4234,Krishnamurthi. K,https://www.myneta.info/TamilNadu2021/candidate.php?candidate_id=4234,POLUR,IND,0,10th Pass,"Rs 19,23,142 ~ 19 Lacs+","Rs 1,00,000 ~ 1 Lacs+"
1383,3010,Krishnan A,https://www.myneta.info/TamilNadu2021/candidate.php?candidate_id=3010,BARGUR,IND,0,5th Pass,https://myneta.info/image_v2.php?myneta_folder=TamilNadu2021&candidate_id=3010&col=ta,https://myneta.info/image_v2.php?myneta_folder=TamilNadu2021&candidate_id=3010&col=lia
1384,70,Krishnan A,https://www.myneta.info/TamilNadu2021/candidate.php?candidate_id=70,BARGUR,AIADMK,0,Graduate,"Rs 89,18,479 ~ 89 Lacs+","Rs 11,26,000 ~ 11 Lacs+"
1385,2231,Krishnan K,https://www.myneta.info/TamilNadu2021/candidate.php?candidate_id=2231,NANNILAM,IND,0,12th Pass,"Rs 5,65,000 ~ 5 Lacs+",Rs 0 ~
1386,2840,"Krishnan, S.",https://www.myneta.info/TamilNadu2021/candidate.php?candidate_id=2840,PERUNDURAI,IND,0,8th Pass,https://myneta.info/image_v2.php?myneta_folder=TamilNadu2021&candidate_id=2840&col=ta,https://myneta.info/image_v2.php?myneta_folder=TamilNadu2021&candidate_id=2840&col=lia
1387,2489,"Krishnan, V",https://www.myneta.info/TamilNadu2021/candidate.php?candidate_id=2489,SINGANALLUR,IND,0,8th Pass,"Rs 1,59,10,000 ~ 1 Crore+","Rs 8,00,000 ~ 8 Lacs+"
1388,4114,"Krishnan,T.",https://www.myneta.info/TamilNadu2021/candidate.php?candidate_id=4114,UDUMALAIPETTAI,Anna Puratchi Thalaivar Amma Dravida Munnetra Kazhagam,0,Illiterate,"Rs 81,000 ~ 81 Thou+",Rs 0 ~
1389,2469,Krishnan.M,https://www.myneta.info/TamilNadu2021/candidate.php?candidate_id=2469,KAVUNDAMPALAYAM,IND,0,Literate,https://myneta.info/image_v2.php?myneta_folder=TamilNadu2021&candidate_id=2469&col=ta,https://myneta.info/image_v2.php?myneta_folder=TamilNadu2021&candidate_id=2469&col=lia
1390,3080,Krishnaprabbu M R,https://www.myneta.info/TamilNadu2021/candidate.php?candidate_id=3080,MADURAI CENTRAL,IND,0,Post Graduate,"Rs 3,06,000 ~ 3 Lacs+",Rs 0 ~
1391,3057,Krishnasamy P,https://www.myneta.info/TamilNadu2021/candidate.php?candidate_id=3057,SHOLAVANDAN (SC),IND,0,8th Pass,"Rs 7,06,428 ~ 7 Lacs+","Rs 3,50,000 ~ 3 Lacs+"
1392,599,Krishnaswamy A,https://www.myneta.info/TamilNadu2021/candidate.php?candidate_id=599,POONAMALLEE (SC),DMK,8,Graduate Professional,https://myneta.info/image_v2.php?myneta_folder=TamilNadu2021&candidate_id=599&col=ta,https://myneta.info/image_v2.php?myneta_folder=TamilNadu2021&candidate_id=599&col=lia
1393,1042,Krm.Adhidravidar,https://www.myneta.info/TamilNadu2021/candidate.php?candidate_id=1042,GANDARVAKOTTAI (SC),Makkal Needhi Maiam,0,10th Pass,"Rs 25,60,000 ~ 25 Lacs+",Rs 0 ~
1394,3775,Kubendiran A,https://www.myneta.info/TamilNadu2021/candidate.php?candidate_id=3775,SANKARAPURAM,IND,0,12th Pass,"Rs 10,52,600 ~ 10 Lacs+","Rs 1,00,000 ~ 1 Lacs+"
1395,3397,"Kudanthai Arasan, J.",https://www.myneta.info/TamilNadu2021/candidate.php?candidate_id=3397,THIRUVIDAIMARUDUR (SC),Amma Makkal Munnettra Kazagam,2,Graduate Professional,https://myneta.info/image_v2.php?myneta_folder=TamilNadu2021&candidate_id=3397&col=ta,https://myneta.info/image_v2.php?myneta_folder=TamilNadu2021&candidate_id=3397&col=lia
1396,1979,"Kulandaivel, P. R.",https://www.myneta.info/TamilNadu2021/candidate.php?candidate_id=1979,PERUNDURAI,DMDK,0,Illiterate,"Rs 47,69,161 ~ 47 Lacs+","Rs 10,50,000 ~ 10 Lacs+"
1397,3811,Kumar,https://www.myneta.info/TamilNadu2021/candidate.php?candidate_id=3811,PALLAVARAM,Anna MGR Dravida Makkal Kalgam,0,Not Given,"Rs 10,000 ~ 10 Thou+",Rs 0 ~
1398,3261,Kumar,https://www.myneta.info/TamilNadu2021/candidate.php?candidate_id=3261,PUDUKKOTTAI,My India Party,0,8th Pass,https://myneta.info/image_v2.php?myneta_folder=TamilNadu2021&candidate_id=3261&col=ta,https://myneta.info/image_v2.php?myneta_folder=TamilNadu2021&candidate_id=3261&col=lia
1399,3748,Kumar A,https://www.myneta.info/TamilNadu2021/candidate.php?candidate_id=3748,ULUNDURPETTAI,Indhia Kudiarasu Katchi,1,10th Pass,"Rs 1,75,999 ~ 1 Lacs+","Rs 1,34,000 ~ 1 Lacs+"
1400,2490,"Kumar Babu, K",https://www.myneta.info/TamilNadu2021/candidate.php?candidate_id=2490,SINGANALLUR,IND,0,8th Pass,"Rs 1,10,000 ~ 1 Lacs+",Rs 0 ~
1401,414,Kumar D,https://www.myneta.info/TamilNadu2021/candidate.php?candidate_id=414,GOBICHETTIPALAYAM,IND,0,8th Pass,https://myneta.info/image_v2.php?myneta_folder=TamilNadu2021&candidate_id=414&col=ta,https://myneta.info/image_v2.php?myneta_folder=TamilNadu2021&candidate_id=414&col=lia
1402,2453,Kumar G.D.K,https://www.myneta.info/TamilNadu2021/candidate.php?candidate_id=2453,COIMBATORE NORTH,IND,0,8th Pass,"Rs 47,39,732 ~ 47 Lacs+",Rs 0 ~
1403,825,Kumar J,https://www.myneta.info/TamilNadu2021/candidate.php?candidate_id=825,ARIYALUR,IND,0,12th Pass,"Rs 15,00,274 ~ 15 Lacs+",Rs 0 ~
1404,4019,Kumar R,https://www.myneta.info/TamilNadu2021/candidate.php?candidate_id=4019,VILLUPURAM,IND,0,5th Pass,https://myneta.info/image_v2.php?myneta_folder=TamilNadu2021&candidate_id=4019&col=ta,https://myneta.info/image_v2.php?myneta_folder=TamilNadu2021&candidate_id=4019&col=lia
1405,3319,Kumar S,https://www.myneta.info/TamilNadu2021/candidate.php?candidate_id=3319,PARAMAKUDI (SC),IND,0,10th Pass,"Rs 3,69,475 ~ 3 Lacs+",Rs 0 ~
1406,3509,"Kumar, E.",https://www.myneta.info/TamilNadu2021/candidate.php?candidate_id=3509,THIRUVALLUR,IND,0,10th Pass,"Rs 8,13,264 ~ 8 Lacs+","Rs 1,00,000 ~ 1 Lacs+"
1407,2087,"Kumar,K.",https://www.myneta.info/TamilNadu2021/candidate.php?candidate_id=2087,UDUMALAIPETTAI,BSP,0,8th Pass,https://myneta.info/image_v2.php?myneta_folder=TamilNadu2021&candidate_id=2087&col=ta,https://myneta.info/image_v2.php?myneta_folder=TamilNadu2021&candidate_id=2087&col=lia
1408,1854,Kumar.A,https://www.myneta.info/TamilNadu2021/candidate.php?candidate_id=1854,HARUR (SC),CPI(M),1,10th Pass,"Rs 11,53,000 ~ 11 Lacs+",Rs 0 ~
1409,1570,Kumar.D,https://www.myneta.info/TamilNadu2021/candidate.php?candidate_id=1570,PANRUTI,IND,0,5th Pass,"Rs 1,93,500 ~ 1 Lacs+","Rs 51,500 ~ 51 Thou+"
1410,1885,Kumar.K.S,https://www.myneta.info/TamilNadu2021/candidate.php?candidate_id=1885,MUSIRI,DMDK,0,Graduate,https://myneta.info/image_v2.php?myneta_folder=TamilNadu2021&candidate_id=1885&col=ta,https://myneta.info/image_v2.php?myneta_folder=TamilNadu2021&candidate_id=1885&col=lia
1411,2159,Kumar.M,https://www.myneta.info/TamilNadu2021/candidate.php?candidate_id=2159,THALLY,IND,0,12th Pass,"Rs 1,95,20,000 ~ 1 Crore+",Rs 0 ~
1412,2589,Kumar.P,https://www.myneta.info/TamilNadu2021/candidate.php?candidate_id=2589,HARUR (SC),IND,0,10th Pass,"Rs 4,29,000 ~ 4 Lacs+",Rs 0 ~
1413,1555,Kumar.S,https://www.myneta.info/TamilNadu2021/candidate.php?candidate_id=1555,ROYAPURAM,BSP,0,5th Pass,https://myneta.info/image_v2.php?myneta_folder=TamilNadu2021&candidate_id=1555&col=ta,https://myneta.info/image_v2.php?myneta_folder=TamilNadu2021&candidate_id=1555&col=lia
1414,3819,Kumara Doss,https://www.myneta.info/TamilNadu2021/candidate.php?candidate_id=3819,PALLAVARAM,IND,0,Graduate,"Rs 2,47,289 ~ 2 Lacs+","Rs 12,000 ~ 12 Thou+"
1415,745,Kumaraguru R,https://www.myneta.info/TamilNadu2021/candidate.php?candidate_id=745,ULUNDURPETTAI,AIADMK,1,10th Pass,"Rs 2,71,43,962 ~ 2 Crore+","Rs 11,88,988 ~ 11 Lacs+"
1416,2232,Kumaran R,https://www.myneta.info/TamilNadu2021/candidate.php?candidate_id=2232,NANNILAM,IND,0,5th Pass,https://myneta.info/image_v2.php?myneta_folder=TamilNadu2021&candidate_id=2232&col=ta,https://myneta.info/image_v2.php?myneta_folder=TamilNadu2021&candidate_id=2232&col=lia
1417,3299,Kumarappan B,https://www.myneta.info/TamilNadu2021/candidate.php?candidate_id=3299,ARANTHANGI,My India Party,0,Post Graduate,"Rs 3,20,000 ~ 3 Lacs+",Rs 0 ~
1418,797,Kumarasamy.R,https://www.myneta.info/TamilNadu2021/candidate.php?candidate_id=797,ANTHIYUR,IND,0,12th Pass,"Rs 1,40,931 ~ 1 Lacs+","Rs 41,817 ~ 41 Thou+"
1419,380,Kumareasan. K,https://www.myneta.info/TamilNadu2021/candidate.php?candidate_id=380,COIMBATORE SOUTH,IND,0,10th Pass,https://myneta.info/image_v2.php?myneta_folder=TamilNadu2021&candidate_id=380&col=ta,https://myneta.info/image_v2.php?myneta_folder=TamilNadu2021&candidate_id=380&col=lia
1420,2212,Kumaresan T,https://www.myneta.info/TamilNadu2021/candidate.php?candidate_id=2212,MANNARGUDI,IND,1,5th Pass,"Rs 3,71,000 ~ 3 Lacs+",Rs 0 ~
1421,1329,Kumaresan.M,https://www.myneta.info/TamilNadu2021/candidate.php?candidate_id=1329,KRISHNAGIRI,IND,0,10th Pass,"Rs 14,14,500 ~ 14 Lacs+",Rs 0 ~
1422,168,Kupa Krishnan,https://www.myneta.info/TamilNadu2021/candidate.php?candidate_id=168,SRIRANGAM,AIADMK,0,Graduate,https://myneta.info/image_v2.php?myneta_folder=TamilNadu2021&candidate_id=168&col=ta,https://myneta.info/image_v2.php?myneta_folder=TamilNadu2021&candidate_id=168&col=lia
1423,4018,Kuppan V,https://www.myneta.info/TamilNadu2021/candidate.php?candidate_id=4018,VILLUPURAM,IND,0,12th Pass,"Rs 5,000 ~ 5 Thou+",Rs 0 ~
1424,3167,Kuppusamy M,https://www.myneta.info/TamilNadu2021/candidate.php?candidate_id=3167,NAMAKKAL,IND,0,8th Pass,"Rs 86,000 ~ 86 Thou+",Rs 0 ~
1425,1454,Kuppusamy N,https://www.myneta.info/TamilNadu2021/candidate.php?candidate_id=1454,MADURAI NORTH,IND,0,10th Pass,https://myneta.info/image_v2.php?myneta_folder=TamilNadu2021&candidate_id=1454&col=ta,https://myneta.info/image_v2.php?myneta_folder=TamilNadu2021&candidate_id=1454&col=lia
1426,3786,Kuppusamy.K,https://www.myneta.info/TamilNadu2021/candidate.php?candidate_id=3786,KALLAKURICHI (SC),IND,0,5th Pass,"Rs 4,01,000 ~ 4 Lacs+",Rs 0 ~
1427,1288,Kuruchi Prabhakaran,https://www.myneta.info/TamilNadu2021/candidate.php?candidate_id=1288,KINATHUKADAVU,DMK,2,12th Pass,"Rs 12,39,76,625 ~ 12 Crore+","Rs 3,38,89,286 ~ 3 Crore+"
1428,1564,Kushboo Sundar,https://www.myneta.info/TamilNadu2021/candidate.php?candidate_id=1564,THOUSAND LIGHTS,BJP,4,8th Pass,https://myneta.info/image_v2.php?myneta_folder=TamilNadu2021&candidate_id=1564&col=ta,https://myneta.info/image_v2.php?myneta_folder=TamilNadu2021&candidate_id=1564&col=lia
1429,926,Kuttimani. S,https://www.myneta.info/TamilNadu2021/candidate.php?candidate_id=926,CHEYYAR,Veerath Thiyagi Viswanathadoss Thozhilalarkal Katchi,0,5th Pass,"Rs 7,01,999 ~ 7 Lacs+",Rs 0 ~
1430,3180,Kuzhandaivel K,https://www.myneta.info/TamilNadu2021/candidate.php?candidate_id=3180,PARAMATHIVELUR,IND,0,8th Pass,"Rs 20,000 ~ 20 Thou+",Rs 0 ~
1431,2409,L. Arulnathan,https://www.myneta.info/TamilNadu2021/candidate.php?candidate_id=2409,KANCHEEPURAM,IND,1,Graduate Professional,https://myneta.info/image_v2.php?myneta_folder=TamilNadu2021&candidate_id=2409&col=ta,https://myneta.info/image_v2.php?myneta_folder=TamilNadu2021&candidate_id=2409&col=lia
1432,2143,L. Kasinathan,https://www.myneta.info/TamilNadu2021/candidate.php?candidate_id=2143,ANNA NAGAR,IND,0,Graduate Professional,"Rs 47,87,287 ~ 47 Lacs+",Rs 0 ~
1433,16,L. Kathiresan,https://www.myneta.info/TamilNadu2021/candidate.php?candidate_id=16,EDAPPADI,IND,0,Post Graduate,"Rs 17,78,032 ~ 17 Lacs+",Rs 0 ~
1434,725,L.Akila,https://www.myneta.info/TamilNadu2021/candidate.php?candidate_id=725,TIRUTTANI,Naam Tamilar Katchi,0,8th Pass,https://myneta.info/image_v2.php?myneta_folder=TamilNadu2021&candidate_id=725&col=ta,https://myneta.info/image_v2.php?myneta_folder=TamilNadu2021&candidate_id=725&col=lia
1435,320,L.Govindaraj,https://www.myneta.info/TamilNadu2021/candidate.php?candidate_id=320,VILLIVAKKAM,Nam India Naam Indiyar Katchi,0,Graduate Professional,"Rs 58,45,000 ~ 58 Lacs+","Rs 53,00,000 ~ 53 Lacs+"
1436,500,L.Kathiresan,https://www.myneta.info/TamilNadu2021/candidate.php?candidate_id=500,KOLATHUR,IND,0,Post Graduate,"Rs 17,78,032 ~ 17 Lacs+",Rs 0 ~
1437,2389,L.Madhiyazhagan,https://www.myneta.info/TamilNadu2021/candidate.php?candidate_id=2389,KURINJIPADI,IND,0,12th Pass,https://myneta.info/image_v2.php?myneta_folder=TamilNadu2021&candidate_id=2389&col=ta,https://myneta.info/image_v2.php?myneta_folder=TamilNadu2021&candidate_id=2389&col=lia
1438,4149,L.Maria Deva Sahaya Johny,https://www.myneta.info/TamilNadu2021/candidate.php?candidate_id=4149,THOOTHUKUDI,IND,0,10th Pass,"Rs 5,10,000 ~ 5 Lacs+","Rs 1,14,075 ~ 1 Lacs+"
1439,2066,L.Venkatesan,https://www.myneta.info/TamilNadu2021/candidate.php?candidate_id=2066,TIRUKKOYILUR,DMDK,6,Graduate,"Rs 12,57,91,525 ~ 12 Crore+","Rs 4,64,29,841 ~ 4 Crore+"
1440,315,Lakshmanan R,https://www.myneta.info/TamilNadu2021/candidate.php?candidate_id=315,VILLUPURAM,DMK,2,Graduate Professional,https://myneta.info/image_v2.php?myneta_folder=TamilNadu2021&candidate_id=315&col=ta,https://myneta.info/image_v2.php?myneta_folder=TamilNadu2021&candidate_id=315&col=lia
1441,3025,Lakshmanan Shanmugam,https://www.myneta.info/TamilNadu2021/candidate.php?candidate_id=3025,VEPPANAHALLI,IND,0,Literate,"Rs 37,51,500 ~ 37 Lacs+",Rs 0 ~
1442,3449,"Lakshmanan, T.",https://www.myneta.info/TamilNadu2021/candidate.php?candidate_id=3449,UDHAGAMANDALAM,Amma Makkal Munnettra Kazagam,0,Graduate Professional,"Rs 1,88,75,282 ~ 1 Crore+","Rs 27,50,000 ~ 27 Lacs+"
1443,2069,Lakshmanan.A.L.S,https://www.myneta.info/TamilNadu2021/candidate.php?candidate_id=2069,TIRUNELVELI,DMK,0,12th Pass,https://myneta.info/image_v2.php?myneta_folder=TamilNadu2021&candidate_id=2069&col=ta,https://myneta.info/image_v2.php?myneta_folder=TamilNadu2021&candidate_id=2069&col=lia
1444,1963,Lakshmanan.E,https://www.myneta.info/TamilNadu2021/candidate.php?candidate_id=1963,SIVAKASI,IND,0,Literate,"Rs 1,06,000 ~ 1 Lacs+",Rs 0 ~
1445,647,Lakshmi Ganesan,https://www.myneta.info/TamilNadu2021/candidate.php?candidate_id=647,SIVAKASI,AIADMK,0,Post Graduate,"Rs 6,49,71,679 ~ 6 Crore+","Rs 94,50,000 ~ 94 Lacs+"
1446,578,Lakshmi Narayanan. E,https://www.myneta.info/TamilNadu2021/candidate.php?candidate_id=578,PERAMBUR,Amma Makkal Munnettra Kazagam,3,8th Pass,https://myneta.info/image_v2.php?myneta_folder=TamilNadu2021&candidate_id=578&col=ta,https://myneta.info/image_v2.php?myneta_folder=TamilNadu2021&candidate_id=578&col=lia
1447,419,Lakshmi R,https://www.myneta.info/TamilNadu2021/candidate.php?candidate_id=419,GUMMIDIPOONDI,IND,0,10th Pass,"Rs 1,45,000 ~ 1 Lacs+",Rs 0 ~
1448,2725,Lakshmi. G,https://www.myneta.info/TamilNadu2021/candidate.php?candidate_id=2725,EDAPPADI,IND,0,Illiterate,Nil,Rs 0 ~
1449,3989,Lakshmipathy.N,https://www.myneta.info/TamilNadu2021/candidate.php?candidate_id=3989,GUDIYATTAM (SC),IND,0,Graduate Professional,https://myneta.info/image_v2.php?myneta_folder=TamilNadu2021&candidate_id=3989&col=ta,https://myneta.info/image_v2.php?myneta_folder=TamilNadu2021&candidate_id=3989&col=lia
1450,3832,Laksmanan N.,https://www.myneta.info/TamilNadu2021/candidate.php?candidate_id=3832,TAMBARAM,IND,0,5th Pass,"Rs 1,16,25,000 ~ 1 Crore+","Rs 17,00,000 ~ 17 Lacs+"
1451,981,Lal Bahdur Sasthri.V,https://www.myneta.info/TamilNadu2021/candidate.php?candidate_id=981,CUMBUM,My India Party,0,Graduate,"Rs 54,17,800 ~ 54 Lacs+","Rs 21,71,000 ~ 21 Lacs+"
1452,1641,Latchoumy M,https://www.myneta.info/TamilNadu2021/candidate.php?candidate_id=1641,VANUR (SC),Naam Tamilar Katchi,0,12th Pass,https://myneta.info/image_v2.php?myneta_folder=TamilNadu2021&candidate_id=1641&col=ta,https://myneta.info/image_v2.php?myneta_folder=TamilNadu2021&candidate_id=1641&col=lia
1453,524,Latha J,https://www.myneta.info/TamilNadu2021/candidate.php?candidate_id=524,MADURAI EAST,Naam Tamilar Katchi,0,10th Pass,"Rs 2,66,16,497 ~ 2 Crore+","Rs 1,26,30,730 ~ 1 Crore+"
1454,1929,"Latha, P.",https://www.myneta.info/TamilNadu2021/candidate.php?candidate_id=1929,PADMANABHAPURAM,BSP,0,10th Pass,"Rs 4,06,000 ~ 4 Lacs+",Rs 0 ~
1455,2615,Lathika,https://www.myneta.info/TamilNadu2021/candidate.php?candidate_id=2615,PALANI,IND,0,10th Pass,https://myneta.info/image_v2.php?myneta_folder=TamilNadu2021&candidate_id=2615&col=ta,https://myneta.info/image_v2.php?myneta_folder=TamilNadu2021&candidate_id=2615&col=lia
1456,957,Lathis Mary S,https://www.myneta.info/TamilNadu2021/candidate.php?candidate_id=957,COLACHAL,Makkal Needhi Maiam,1,Literate,"Rs 1,89,500 ~ 1 Lacs+","Rs 6,80,000 ~ 6 Lacs+"
1457,968,"Lavanya, M.",https://www.myneta.info/TamilNadu2021/candidate.php?candidate_id=968,COONOOR,Naam Tamilar Katchi,0,Graduate Professional,"Rs 17,39,400 ~ 17 Lacs+","Rs 3,52,606 ~ 3 Lacs+"
1458,196,Lavanya. L,https://www.myneta.info/TamilNadu2021/candidate.php?candidate_id=196,POLUR,Naam Tamilar Katchi,0,Graduate Professional,https://myneta.info/image_v2.php?myneta_folder=TamilNadu2021&candidate_id=196&col=ta,https://myneta.info/image_v2.php?myneta_folder=TamilNadu2021&candidate_id=196&col=lia
1459,3847,Lavanya.N,https://www.myneta.info/TamilNadu2021/candidate.php?candidate_id=3847,THIRUPORUR,Makkal Needhi Maiam,0,Graduate Professional,"Rs 1,92,56,000 ~ 1 Crore+","Rs 58,50,000 ~ 58 Lacs+"
1460,1500,Lavanya.P,https://www.myneta.info/TamilNadu2021/candidate.php?candidate_id=1500,MADHURAVOYAL,NCP,0,Graduate,"Rs 11,00,056 ~ 11 Lacs+",Rs 0 ~
1461,2419,Leena,https://www.myneta.info/TamilNadu2021/candidate.php?candidate_id=2419,SRIPERUMBUDUR (SC),IND,0,10th Pass,https://myneta.info/image_v2.php?myneta_folder=TamilNadu2021&candidate_id=2419&col=ta,https://myneta.info/image_v2.php?myneta_folder=TamilNadu2021&candidate_id=2419&col=lia
1462,3628,Lenin,https://www.myneta.info/TamilNadu2021/candidate.php?candidate_id=3628,NANGUNERI,IND,1,Post Graduate,"Rs 14,42,320 ~ 14 Lacs+","Rs 4,50,000 ~ 4 Lacs+"
1463,3634,Leo Infant Raj .M,https://www.myneta.info/TamilNadu2021/candidate.php?candidate_id=3634,PALAYAMKOTTAI,IND,0,Others,"Rs 2,94,105 ~ 2 Lacs+",Rs 0 ~
1464,72,Liakathali O,https://www.myneta.info/TamilNadu2021/candidate.php?candidate_id=72,METTUPALAYAM,IND,0,8th Pass,https://myneta.info/image_v2.php?myneta_folder=TamilNadu2021&candidate_id=72&col=ta,https://myneta.info/image_v2.php?myneta_folder=TamilNadu2021&candidate_id=72&col=lia
1465,835,Lingapandi,https://www.myneta.info/TamilNadu2021/candidate.php?candidate_id=835,ARUPPUKOTTAI,IND,0,Literate,"Rs 23,53,173 ~ 23 Lacs+","Rs 1,16,000 ~ 1 Lacs+"
1466,2545,Loga.Sampath,https://www.myneta.info/TamilNadu2021/candidate.php?candidate_id=2545,MAYILADUTHURAI,IND,0,12th Pass,"Rs 14,25,000 ~ 14 Lacs+","Rs 90,000 ~ 90 Thou+"
1467,946,Loganathan M,https://www.myneta.info/TamilNadu2021/candidate.php?candidate_id=946,COIMBATORE NORTH,IND,0,Post Graduate,https://myneta.info/image_v2.php?myneta_folder=TamilNadu2021&candidate_id=946&col=ta,https://myneta.info/image_v2.php?myneta_folder=TamilNadu2021&candidate_id=946&col=lia
1468,585,"Loganathan, C.",https://www.myneta.info/TamilNadu2021/candidate.php?candidate_id=585,PERUNDURAI,Naam Tamilar Katchi,0,Others,"Rs 60,25,631 ~ 60 Lacs+","Rs 15,86,099 ~ 15 Lacs+"
1469,2276,Loganathan. J,https://www.myneta.info/TamilNadu2021/candidate.php?candidate_id=2276,SAIDAPET,IND,0,Illiterate,"Rs 16,432 ~ 16 Thou+",Rs 0 ~
1470,2726,Loganathan. S,https://www.myneta.info/TamilNadu2021/candidate.php?candidate_id=2726,EDAPPADI,IND,0,Literate,https://myneta.info/image_v2.php?myneta_folder=TamilNadu2021&candidate_id=2726&col=ta,https://myneta.info/image_v2.php?myneta_folder=TamilNadu2021&candidate_id=2726&col=lia
1471,2479,"Logeswari, N.",https://www.myneta.info/TamilNadu2021/candidate.php?candidate_id=2479,POLLACHI,Naam Tamilar Katchi,0,Graduate,"Rs 67,27,000 ~ 67 Lacs+","Rs 7,89,000 ~ 7 Lacs+"
1472,2414,Lokesh,https://www.myneta.info/TamilNadu2021/candidate.php?candidate_id=2414,SRIPERUMBUDUR (SC),Desiya Makkal Sakthi Katchi,0,Graduate,"Rs 1,18,000 ~ 1 Lacs+",Rs 0 ~
1473,3032,Lokesh V,https://www.myneta.info/TamilNadu2021/candidate.php?candidate_id=3032,HOSUR,IND,0,10th Pass,https://myneta.info/image_v2.php?myneta_folder=TamilNadu2021&candidate_id=3032&col=ta,https://myneta.info/image_v2.php?myneta_folder=TamilNadu2021&candidate_id=3032&col=lia
1474,1276,Lourdammal,https://www.myneta.info/TamilNadu2021/candidate.php?candidate_id=1276,KILPENNATHUR,IND,0,10th Pass,"Rs 34,55,000 ~ 34 Lacs+","Rs 1,20,000 ~ 1 Lacs+"
1475,1506,Lucky Murugan.E,https://www.myneta.info/TamilNadu2021/candidate.php?candidate_id=1506,MADHURAVOYAL,Amma Makkal Munnettra Kazagam,0,Graduate,"Rs 1,27,27,000 ~ 1 Crore+",Rs 0 ~
1476,1782,M .Jalal,https://www.myneta.info/TamilNadu2021/candidate.php?candidate_id=1782,VILLIVAKKAM,IND,0,8th Pass,https://myneta.info/image_v2.php?myneta_folder=TamilNadu2021&candidate_id=1782&col=ta,https://myneta.info/image_v2.php?myneta_folder=TamilNadu2021&candidate_id=1782&col=lia
1477,48,M Ahamedshahjahan,https://www.myneta.info/TamilNadu2021/candidate.php?candidate_id=48,SALEM NORTH,MGR Makkal Katchi,1,Post Graduate,"Rs 51,50,000 ~ 51 Lacs+","Rs 1,60,000 ~ 1 Lacs+"
1478,759,M Anbarasu,https://www.myneta.info/TamilNadu2021/candidate.php?candidate_id=759,ALANDUR,IND,0,8th Pass,"Rs 2,88,000 ~ 2 Lacs+",Rs 0 ~
1479,178,M Gopi,https://www.myneta.info/TamilNadu2021/candidate.php?candidate_id=178,SALEM WEST,IND,0,Graduate,https://myneta.info/image_v2.php?myneta_folder=TamilNadu2021&candidate_id=178&col=ta,https://myneta.info/image_v2.php?myneta_folder=TamilNadu2021&candidate_id=178&col=lia
1480,626,M Jeevanantham,https://www.myneta.info/TamilNadu2021/candidate.php?candidate_id=626,SALEM WEST,IND,0,Others,"Rs 4,27,000 ~ 4 Lacs+","Rs 1,00,000 ~ 1 Lacs+"
1481,623,M Mayakannan,https://www.myneta.info/TamilNadu2021/candidate.php?candidate_id=623,SALEM WEST,IND,0,Others,"Rs 18,50,000 ~ 18 Lacs+","Rs 2,00,000 ~ 2 Lacs+"
1482,757,M Mohammed Thameem Ansari,https://www.myneta.info/TamilNadu2021/candidate.php?candidate_id=757,ALANDUR,SDPI,0,10th Pass,https://myneta.info/image_v2.php?myneta_folder=TamilNadu2021&candidate_id=757&col=ta,https://myneta.info/image_v2.php?myneta_folder=TamilNadu2021&candidate_id=757&col=lia
1483,583,M Murugan,https://www.myneta.info/TamilNadu2021/candidate.php?candidate_id=583,PERIYAKULAM (SC),AIADMK,0,Post Graduate,"Rs 83,70,762 ~ 83 Lacs+",Rs 0 ~
1484,363,M Muthumariappan,https://www.myneta.info/TamilNadu2021/candidate.php?candidate_id=363,ARUPPUKOTTAI,IND,0,8th Pass,"Rs 3,94,000 ~ 3 Lacs+",Rs 0 ~
1485,63,M Rajbabu,https://www.myneta.info/TamilNadu2021/candidate.php?candidate_id=63,ANAIKATTU,IND,0,12th Pass,https://myneta.info/image_v2.php?myneta_folder=TamilNadu2021&candidate_id=63&col=ta,https://myneta.info/image_v2.php?myneta_folder=TamilNadu2021&candidate_id=63&col=lia
1486,116,M Rajendran,https://www.myneta.info/TamilNadu2021/candidate.php?candidate_id=116,MAYILADUTHURAI,IND,0,10th Pass,"Rs 1,28,000 ~ 1 Lacs+",Rs 0 ~
1487,242,M S Arumugam,https://www.myneta.info/TamilNadu2021/candidate.php?candidate_id=242,AMBATTUR,IND,0,5th Pass,"Rs 5,03,419 ~ 5 Lacs+",Rs 0 ~
1488,1413,M Shanmugavel,https://www.myneta.info/TamilNadu2021/candidate.php?candidate_id=1413,MADATHUKULAM,IND,0,5th Pass,https://myneta.info/image_v2.php?myneta_folder=TamilNadu2021&candidate_id=1413&col=ta,https://myneta.info/image_v2.php?myneta_folder=TamilNadu2021&candidate_id=1413&col=lia
1489,3950,M Sudharsan,https://www.myneta.info/TamilNadu2021/candidate.php?candidate_id=3950,KATPADI,Indiya Jananayaka Katchi,0,Graduate,"Rs 17,15,213 ~ 17 Lacs+","Rs 9,99,282 ~ 9 Lacs+"
1490,2352,M. Anwar Basha,https://www.myneta.info/TamilNadu2021/candidate.php?candidate_id=2352,VRIDHACHALAM,IND,0,Graduate,"Rs 7,58,000 ~ 7 Lacs+",Rs 0 ~
1491,151,M. Badran,https://www.myneta.info/TamilNadu2021/candidate.php?candidate_id=151,THONDAMUTHUR,Ganasangam Party of India,0,10th Pass,https://myneta.info/image_v2.php?myneta_folder=TamilNadu2021&candidate_id=151&col=ta,https://myneta.info/image_v2.php?myneta_folder=TamilNadu2021&candidate_id=151&col=lia
1492,3290,M. Durairajan,https://www.myneta.info/TamilNadu2021/candidate.php?candidate_id=3290,THIRUMAYAM,IND,0,8th Pass,"Rs 1,02,500 ~ 1 Lacs+",Rs 0 ~
1493,2150,M. Manokaran,https://www.myneta.info/TamilNadu2021/candidate.php?candidate_id=2150,ANNA NAGAR,IND,0,5th Pass,"Rs 46,599 ~ 46 Thou+",Rs 0 ~
1494,1152,M. Meganathan,https://www.myneta.info/TamilNadu2021/candidate.php?candidate_id=1152,KANCHEEPURAM,New Generation Peoples Party,0,8th Pass,https://myneta.info/image_v2.php?myneta_folder=TamilNadu2021&candidate_id=1152&col=ta,https://myneta.info/image_v2.php?myneta_folder=TamilNadu2021&candidate_id=1152&col=lia
1495,708,M. Nallasivam,https://www.myneta.info/TamilNadu2021/candidate.php?candidate_id=708,TIRUPATTUR,IND,0,Graduate Professional,"Rs 6,44,353 ~ 6 Lacs+","Rs 2,36,000 ~ 2 Lacs+"
1496,379,M. Nanthinidevi,https://www.myneta.info/TamilNadu2021/candidate.php?candidate_id=379,CHIDAMBARAM,Amma Makkal Munnettra Kazagam,0,Graduate Professional,"Rs 1,22,58,821 ~ 1 Crore+","Rs 58,64,895 ~ 58 Lacs+"
1497,2401,M. Raghunathan,https://www.myneta.info/TamilNadu2021/candidate.php?candidate_id=2401,CHIDAMBARAM,Ilantamilar Munnani Kazhagam,0,Post Graduate,https://myneta.info/image_v2.php?myneta_folder=TamilNadu2021&candidate_id=2401&col=ta,https://myneta.info/image_v2.php?myneta_folder=TamilNadu2021&candidate_id=2401&col=lia
1498,3272,M. Rajinikanth,https://www.myneta.info/TamilNadu2021/candidate.php?candidate_id=3272,PUDUKKOTTAI,IND,0,Graduate,"Rs 7,10,000 ~ 7 Lacs+",Rs 0 ~
1499,601,M. Saravana Deva,https://www.myneta.info/TamilNadu2021/candidate.php?candidate_id=601,PUDUKKOTTAI,Namadhu Makkal Katchi,0,10th Pass,"Rs 7,80,500 ~ 7 Lacs+","Rs 1,50,000 ~ 1 Lacs+"
1500,2354,M. Sathiyaseelan,https://www.myneta.info/TamilNadu2021/candidate.php?candidate_id=2354,VRIDHACHALAM,IND,0,10th Pass,https://myneta.info/image_v2.php?myneta_folder=TamilNadu2021&candidate_id=2354&col=ta,https://myneta.info/image_v2.php?myneta_folder=TamilNadu2021&candidate_id=2354&col=lia
1501,1888,M. Selvarasu,https://www.myneta.info/TamilNadu2021/candidate.php?candidate_id=1888,MUSIRI,AIADMK,0,8th Pass,"Rs 2,62,23,374 ~ 2 Crore+","Rs 37,09,000 ~ 37 Lacs+"
1502,709,M. Sumathi,https://www.myneta.info/TamilNadu2021/candidate.php?candidate_id=709,TIRUPATTUR,Naam Tamilar Katchi,0,Post Graduate,"Rs 7,19,620 ~ 7 Lacs+","Rs 1,90,000 ~ 1 Lacs+"
1503,1250,M. Thirunavukarasu,https://www.myneta.info/TamilNadu2021/candidate.php?candidate_id=1250,KATTUMANNARKOIL (SC),Anna Puratchi Thalaivar Amma Dravida Munnetra Kazhagam,0,Graduate,https://myneta.info/image_v2.php?myneta_folder=TamilNadu2021&candidate_id=1250&col=ta,https://myneta.info/image_v2.php?myneta_folder=TamilNadu2021&candidate_id=1250&col=lia
1504,2142,M. Veriyandi,https://www.myneta.info/TamilNadu2021/candidate.php?candidate_id=2142,ANNA NAGAR,Anna MGR Dravida Makkal Kalgam,0,Illiterate,"Rs 1,000 ~ 1 Thou+",Rs 0 ~
1505,225,M.A.Andi Ambalam,https://www.myneta.info/TamilNadu2021/candidate.php?candidate_id=225,NATHAM,DMK,4,12th Pass,"Rs 1,04,63,323 ~ 1 Crore+","Rs 18,28,525 ~ 18 Lacs+"
1506,4181,M.A.Dharmar,https://www.myneta.info/TamilNadu2021/candidate.php?candidate_id=4181,OTTAPIDARAM (SC),IND,0,Graduate,https://myneta.info/image_v2.php?myneta_folder=TamilNadu2021&candidate_id=4181&col=ta,https://myneta.info/image_v2.php?myneta_folder=TamilNadu2021&candidate_id=4181&col=lia
1507,3689,M.A.Michael Raj,https://www.myneta.info/TamilNadu2021/candidate.php?candidate_id=3689,THIRUVOTTIYUR,IND,0,Graduate,"Rs 1,41,14,080 ~ 1 Crore+",Rs 0 ~
1508,1310,M.A.S. Senthil Kumar,https://www.myneta.info/TamilNadu2021/candidate.php?candidate_id=1310,KOLATHUR,IND,0,8th Pass,"Rs 5,47,000 ~ 5 Lacs+","Rs 6,50,000 ~ 6 Lacs+"
1509,1254,M.A.T. Archunan,https://www.myneta.info/TamilNadu2021/candidate.php?candidate_id=1254,KATTUMANNARKOIL (SC),IND,0,Post Graduate,https://myneta.info/image_v2.php?myneta_folder=TamilNadu2021&candidate_id=1254&col=ta,https://myneta.info/image_v2.php?myneta_folder=TamilNadu2021&candidate_id=1254&col=lia
1510,3720,M.Ambikadevi,https://www.myneta.info/TamilNadu2021/candidate.php?candidate_id=3720,KADAYANALLUR,Makkal Needhi Maiam,0,Post Graduate,"Rs 30,35,000 ~ 30 Lacs+","Rs 30,70,000 ~ 30 Lacs+"
1511,1654,M.Amsavalli,https://www.myneta.info/TamilNadu2021/candidate.php?candidate_id=1654,SRIRANGAM,IND,0,10th Pass,"Rs 7,50,000 ~ 7 Lacs+",Rs 0 ~
1512,3479,M.Anantharaj,https://www.myneta.info/TamilNadu2021/candidate.php?candidate_id=3479,BODINAYAKKANUR,IND,0,Graduate Professional,https://myneta.info/image_v2.php?myneta_folder=TamilNadu2021&candidate_id=3479&col=ta,https://myneta.info/image_v2.php?myneta_folder=TamilNadu2021&candidate_id=3479&col=lia
1513,4244,M.Anbalagan,https://www.myneta.info/TamilNadu2021/candidate.php?candidate_id=4244,ARANI,IND,0,10th Pass,"Rs 2,30,000 ~ 2 Lacs+",Rs 0 ~
1514,47,M.Antony Rossary,https://www.myneta.info/TamilNadu2021/candidate.php?candidate_id=47,RADHAPURAM,IND,0,Graduate,"Rs 64,05,000 ~ 64 Lacs+",Rs 0 ~
1515,1994,M.Appavu,https://www.myneta.info/TamilNadu2021/candidate.php?candidate_id=1994,RADHAPURAM,DMK,7,12th Pass,https://myneta.info/image_v2.php?myneta_folder=TamilNadu2021&candidate_id=1994&col=ta,https://myneta.info/image_v2.php?myneta_folder=TamilNadu2021&candidate_id=1994&col=lia
1516,3972,M.Arun,https://www.myneta.info/TamilNadu2021/candidate.php?candidate_id=3972,ANAIKATTU,IND,0,10th Pass,"Rs 11,000 ~ 11 Thou+",Rs 0 ~
1517,4260,M.Ashok Kumar,https://www.myneta.info/TamilNadu2021/candidate.php?candidate_id=4260,ALANDUR,IND,0,12th Pass,"Rs 6,85,916 ~ 6 Lacs+",Rs 0 ~
1518,3708,M.Atham Basha,https://www.myneta.info/TamilNadu2021/candidate.php?candidate_id=3708,RANIPET,Makkal Needhi Maiam,0,5th Pass,https://myneta.info/image_v2.php?myneta_folder=TamilNadu2021&candidate_id=3708&col=ta,https://myneta.info/image_v2.php?myneta_folder=TamilNadu2021&candidate_id=3708&col=lia
1519,4217,M.Athiyaman,https://www.myneta.info/TamilNadu2021/candidate.php?candidate_id=4217,KILPENNATHUR,IND,0,Post Graduate,"Rs 1,15,274 ~ 1 Lacs+",Rs 0 ~
1520,3721,M.Ayyadurai,https://www.myneta.info/TamilNadu2021/candidate.php?candidate_id=3721,KADAYANALLUR,IND,0,10th Pass,"Rs 2,60,000 ~ 2 Lacs+",Rs 0 ~
1521,9,M.C.Sampath,https://www.myneta.info/TamilNadu2021/candidate.php?candidate_id=9,CUDDALORE,AIADMK,0,Graduate,https://myneta.info/image_v2.php?myneta_folder=TamilNadu2021&candidate_id=9&col=ta,https://myneta.info/image_v2.php?myneta_folder=TamilNadu2021&candidate_id=9&col=lia
1522,751,M.Chandrabose,https://www.myneta.info/TamilNadu2021/candidate.php?candidate_id=751,VELACHERY,Amma Makkal Munnettra Kazagam,0,Post Graduate,"Rs 20,53,139 ~ 20 Lacs+",Rs 0 ~
1523,3637,M.Chandran,https://www.myneta.info/TamilNadu2021/candidate.php?candidate_id=3637,RADHAPURAM,Veerath Thiyagi Viswanathadoss Thozhilalarkal Katchi,0,8th Pass,"Rs 16,88,500 ~ 16 Lacs+","Rs 8,98,030 ~ 8 Lacs+"
1524,3685,M.Chellam,https://www.myneta.info/TamilNadu2021/candidate.php?candidate_id=3685,THIRUVOTTIYUR,IND,0,10th Pass,https://myneta.info/image_v2.php?myneta_folder=TamilNadu2021&candidate_id=3685&col=ta,https://myneta.info/image_v2.php?myneta_folder=TamilNadu2021&candidate_id=3685&col=lia
1525,1851,M.Chinnadurai,https://www.myneta.info/TamilNadu2021/candidate.php?candidate_id=1851,GANDARVAKOTTAI (SC),CPI(M),0,8th Pass,"Rs 4,73,200 ~ 4 Lacs+",Rs 0 ~
1526,347,M.Chinnadurai,https://www.myneta.info/TamilNadu2021/candidate.php?candidate_id=347,ALANGUDI,BSP,0,12th Pass,"Rs 1,35,000 ~ 1 Lacs+",Rs 0 ~
1527,3500,M.D.Thanigai Malai,https://www.myneta.info/TamilNadu2021/candidate.php?candidate_id=3500,TIRUTTANI,Indiya Jananayaka Katchi,0,10th Pass,https://myneta.info/image_v2.php?myneta_folder=TamilNadu2021&candidate_id=3500&col=ta,https://myneta.info/image_v2.php?myneta_folder=TamilNadu2021&candidate_id=3500&col=lia
1528,1361,M.Dhanasekaran,https://www.myneta.info/TamilNadu2021/candidate.php?candidate_id=1361,KUMARAPALAYAM,IND,0,10th Pass,"Rs 8,51,993 ~ 8 Lacs+",Rs 0 ~
1529,1526,M.Dhinakaran,https://www.myneta.info/TamilNadu2021/candidate.php?candidate_id=1526,MANACHANALLUR,Puthiya Tamilagam,0,10th Pass,"Rs 32,15,000 ~ 32 Lacs+",Rs 0 ~
1530,4221,M.Dinakaran,https://www.myneta.info/TamilNadu2021/candidate.php?candidate_id=4221,KILPENNATHUR,IND,0,Graduate Professional,https://myneta.info/image_v2.php?myneta_folder=TamilNadu2021&candidate_id=4221&col=ta,https://myneta.info/image_v2.php?myneta_folder=TamilNadu2021&candidate_id=4221&col=lia
1531,353,M.Divakar,https://www.myneta.info/TamilNadu2021/candidate.php?candidate_id=353,ANDIPATTI,IND,0,Others,"Rs 70,100 ~ 70 Thou+",Rs 0 ~
1532,3849,M.Duraisamy,https://www.myneta.info/TamilNadu2021/candidate.php?candidate_id=3849,THIRUPORUR,IND,0,8th Pass,"Rs 5,45,000 ~ 5 Lacs+",Rs 0 ~
1533,791,M.Easwaran,https://www.myneta.info/TamilNadu2021/candidate.php?candidate_id=791,ANDIPATTI,IND,0,10th Pass,https://myneta.info/image_v2.php?myneta_folder=TamilNadu2021&candidate_id=791&col=ta,https://myneta.info/image_v2.php?myneta_folder=TamilNadu2021&candidate_id=791&col=lia
1534,1148,M.Elangovan,https://www.myneta.info/TamilNadu2021/candidate.php?candidate_id=1148,KANCHEEPURAM,IND,0,10th Pass,"Rs 21,709 ~ 21 Thou+",Rs 0 ~
1535,2241,M.Ellangovan,https://www.myneta.info/TamilNadu2021/candidate.php?candidate_id=2241,VIRUGAMPAKKAM,IND,0,Post Graduate,"Rs 55,31,437 ~ 55 Lacs+",Rs 0 ~
1536,2403,M.G. Kalyanasundaram,https://www.myneta.info/TamilNadu2021/candidate.php?candidate_id=2403,KATTUMANNARKOIL (SC),All India Jananayaka Makkal Kazhagam,0,Post Graduate,https://myneta.info/image_v2.php?myneta_folder=TamilNadu2021&candidate_id=2403&col=ta,https://myneta.info/image_v2.php?myneta_folder=TamilNadu2021&candidate_id=2403&col=lia
1537,1318,M.G.R.Nambbi,https://www.myneta.info/TamilNadu2021/candidate.php?candidate_id=1318,KOVILPATTI,All India MGR Makkal Munnetra Kazhagam,2,Post Graduate,"Rs 11,92,141 ~ 11 Lacs+",Rs 0 ~
1538,773,M.Gavaskar,https://www.myneta.info/TamilNadu2021/candidate.php?candidate_id=773,AMBASAMUDRAM,IND,0,Graduate,"Rs 6,75,236 ~ 6 Lacs+","Rs 1,80,999 ~ 1 Lacs+"
1539,2020,M.Giridharan,https://www.myneta.info/TamilNadu2021/candidate.php?candidate_id=2020,SHOLINGHUR,BSP,0,Others,https://myneta.info/image_v2.php?myneta_folder=TamilNadu2021&candidate_id=2020&col=ta,https://myneta.info/image_v2.php?myneta_folder=TamilNadu2021&candidate_id=2020&col=lia
1540,2179,M.Gnana Doss,https://www.myneta.info/TamilNadu2021/candidate.php?candidate_id=2179,VANIYAMBADI,Makkal Needhi Maiam,0,12th Pass,"Rs 1,43,000 ~ 1 Lacs+",Rs 0 ~
1541,1327,M.Gomathi,https://www.myneta.info/TamilNadu2021/candidate.php?candidate_id=1327,KOVILPATTI,Naam Tamilar Katchi,0,12th Pass,"Rs 12,80,081 ~ 12 Lacs+","Rs 3,40,000 ~ 3 Lacs+"
1542,1776,M.Gunasekaran,https://www.myneta.info/TamilNadu2021/candidate.php?candidate_id=1776,VILLIVAKKAM,IND,0,Post Graduate,https://myneta.info/image_v2.php?myneta_folder=TamilNadu2021&candidate_id=1776&col=ta,https://myneta.info/image_v2.php?myneta_folder=TamilNadu2021&candidate_id=1776&col=lia
1543,2244,M.Gunasekaran (A) Star M.Gunasekaran,https://www.myneta.info/TamilNadu2021/candidate.php?candidate_id=2244,VIRUGAMPAKKAM,IND,0,Graduate,"Rs 1,36,64,308 ~ 1 Crore+","Rs 9,54,538 ~ 9 Lacs+"
1544,2560,M.H.Meharajdeen,https://www.myneta.info/TamilNadu2021/candidate.php?candidate_id=2560,POOMPUHAR,Makkal Needhi Maiam,0,8th Pass,"Rs 13,00,000 ~ 13 Lacs+",Rs 0 ~
1545,3501,M.Hari,https://www.myneta.info/TamilNadu2021/candidate.php?candidate_id=3501,TIRUTTANI,IND,0,5th Pass,https://myneta.info/image_v2.php?myneta_folder=TamilNadu2021&candidate_id=3501&col=ta,https://myneta.info/image_v2.php?myneta_folder=TamilNadu2021&candidate_id=3501&col=lia
1546,1279,M.Jagan Moorthy,https://www.myneta.info/TamilNadu2021/candidate.php?candidate_id=1279,KILVAITHINANKUPPAM (SC),AIADMK,2,12th Pass,"Rs 1,33,51,510 ~ 1 Crore+","Rs 40,67,260 ~ 40 Lacs+"
1547,297,M.K. Mohan,https://www.myneta.info/TamilNadu2021/candidate.php?candidate_id=297,ANNA NAGAR,DMK,4,8th Pass,"Rs 2,11,20,99,843 ~ 211 Crore+","Rs 2,77,73,052 ~ 2 Crore+"
1548,504,M.K. Stalin,https://www.myneta.info/TamilNadu2021/candidate.php?candidate_id=504,KOLATHUR,DMK,47,Graduate,https://myneta.info/image_v2.php?myneta_folder=TamilNadu2021&candidate_id=504&col=ta,https://myneta.info/image_v2.php?myneta_folder=TamilNadu2021&candidate_id=504&col=lia
1549,335,M.K.Ashok,https://www.myneta.info/TamilNadu2021/candidate.php?candidate_id=335,VELACHERY,AIADMK,0,Graduate,"Rs 8,40,59,587 ~ 8 Crore+","Rs 74,52,313 ~ 74 Lacs+"
1550,2679,M.Kalimuthu,https://www.myneta.info/TamilNadu2021/candidate.php?candidate_id=2679,NILAKKOTTAI (SC),IND,1,Post Graduate,"Rs 2,95,000 ~ 2 Lacs+",Rs 0 ~
1551,3357,M.Karthick,https://www.myneta.info/TamilNadu2021/candidate.php?candidate_id=3357,MUDUKULATHUR,IND,0,Graduate Professional,https://myneta.info/image_v2.php?myneta_folder=TamilNadu2021&candidate_id=3357&col=ta,https://myneta.info/image_v2.php?myneta_folder=TamilNadu2021&candidate_id=3357&col=lia
1552,3282,M.Karthick,https://www.myneta.info/TamilNadu2021/candidate.php?candidate_id=3282,THIRUMAYAM,IND,3,Post Graduate,"Rs 11,500 ~ 11 Thou+",Rs 0 ~
1553,2647,M.Karunakaran,https://www.myneta.info/TamilNadu2021/candidate.php?candidate_id=2647,OMALUR,Tamil Nadu Ilangyar Katchi,0,Post Graduate,"Rs 1,98,176 ~ 1 Lacs+","Rs 11,91,441 ~ 11 Lacs+"
1554,3919,M.Karuppasamy,https://www.myneta.info/TamilNadu2021/candidate.php?candidate_id=3919,ARUPPUKOTTAI,Puthiya Tamilagam,1,5th Pass,https://myneta.info/image_v2.php?myneta_folder=TamilNadu2021&candidate_id=3919&col=ta,https://myneta.info/image_v2.php?myneta_folder=TamilNadu2021&candidate_id=3919&col=lia
1555,1355,M.Kathavarayan,https://www.myneta.info/TamilNadu2021/candidate.php?candidate_id=1355,KUMARAPALAYAM,IND,0,8th Pass,"Rs 8,64,000 ~ 8 Lacs+",Rs 0 ~
1556,336,M.Keerthana,https://www.myneta.info/TamilNadu2021/candidate.php?candidate_id=336,VELACHERY,Naam Tamilar Katchi,0,Graduate Professional,"Rs 44,88,884 ~ 44 Lacs+",Rs 0 ~
1557,3680,M.Kotteswaran,https://www.myneta.info/TamilNadu2021/candidate.php?candidate_id=3680,THIRUVOTTIYUR,BSP,0,10th Pass,https://myneta.info/image_v2.php?myneta_folder=TamilNadu2021&candidate_id=3680&col=ta,https://myneta.info/image_v2.php?myneta_folder=TamilNadu2021&candidate_id=3680&col=lia
1558,2774,M.Kumar,https://www.myneta.info/TamilNadu2021/candidate.php?candidate_id=2774,SALEM SOUTH,IND,0,10th Pass,"Rs 10,15,000 ~ 10 Lacs+",Rs 0 ~
1559,786,M.Kumaran,https://www.myneta.info/TamilNadu2021/candidate.php?candidate_id=786,ANDIPATTI,My India Party,0,10th Pass,"Rs 43,13,500 ~ 43 Lacs+","Rs 2,15,000 ~ 2 Lacs+"
1560,4152,M.Lingaraja,https://www.myneta.info/TamilNadu2021/candidate.php?candidate_id=4152,THOOTHUKUDI,IND,0,Others,https://myneta.info/image_v2.php?myneta_folder=TamilNadu2021&candidate_id=4152&col=ta,https://myneta.info/image_v2.php?myneta_folder=TamilNadu2021&candidate_id=4152&col=lia
1561,3694,M.Madhanraj,https://www.myneta.info/TamilNadu2021/candidate.php?candidate_id=3694,ARAKKONAM (SC),IND,0,Graduate Professional,"Rs 74,490 ~ 74 Thou+",Rs 0 ~
1562,3611,M.Malarmannan,https://www.myneta.info/TamilNadu2021/candidate.php?candidate_id=3611,THURAIYUR (SC),Samaniya Makkal Nala Katchi,0,12th Pass,"Rs 2,32,000 ~ 2 Lacs+","Rs 80,000 ~ 80 Thou+"
1563,3693,M.Manikandan,https://www.myneta.info/TamilNadu2021/candidate.php?candidate_id=3693,ARAKKONAM (SC),IND,0,Graduate Professional,https://myneta.info/image_v2.php?myneta_folder=TamilNadu2021&candidate_id=3693&col=ta,https://myneta.info/image_v2.php?myneta_folder=TamilNadu2021&candidate_id=3693&col=lia
1564,2255,M.Mannu,https://www.myneta.info/TamilNadu2021/candidate.php?candidate_id=2255,VIRUGAMPAKKAM,IND,0,Graduate,"Rs 34,00,000 ~ 34 Lacs+",Rs 0 ~
1565,3378,M.Mohamed Rabeek,https://www.myneta.info/TamilNadu2021/candidate.php?candidate_id=3378,TIRUPPATHUR,IND,0,12th Pass,"Rs 20,10,500 ~ 20 Lacs+",Rs 0 ~
1566,4223,M.Mohanraja,https://www.myneta.info/TamilNadu2021/candidate.php?candidate_id=4223,KILPENNATHUR,IND,0,12th Pass,https://myneta.info/image_v2.php?myneta_folder=TamilNadu2021&candidate_id=4223&col=ta,https://myneta.info/image_v2.php?myneta_folder=TamilNadu2021&candidate_id=4223&col=lia
1567,3475,M.Muneeswaran,https://www.myneta.info/TamilNadu2021/candidate.php?candidate_id=3475,PERIYAKULAM (SC),IND,0,10th Pass,"Rs 3,00,000 ~ 3 Lacs+",Rs 0 ~
1568,3707,M.Munirathinam,https://www.myneta.info/TamilNadu2021/candidate.php?candidate_id=3707,SHOLINGHUR,IND,0,8th Pass,"Rs 23,28,829 ~ 23 Lacs+",Rs 0 ~
1569,1771,M.Murali Vinodh,https://www.myneta.info/TamilNadu2021/candidate.php?candidate_id=1771,VILLIVAKKAM,IND,1,Graduate Professional,https://myneta.info/image_v2.php?myneta_folder=TamilNadu2021&candidate_id=1771&col=ta,https://myneta.info/image_v2.php?myneta_folder=TamilNadu2021&candidate_id=1771&col=lia
1570,3353,M.Murugan,https://www.myneta.info/TamilNadu2021/candidate.php?candidate_id=3353,MUDUKULATHUR,Amma Makkal Munnettra Kazagam,1,10th Pass,"Rs 24,47,22,992 ~ 24 Crore+","Rs 9,96,62,798 ~ 9 Crore+"
1571,1129,M.Muthulakshmi,https://www.myneta.info/TamilNadu2021/candidate.php?candidate_id=1129,KADAYANALLUR,Naam Tamilar Katchi,0,Graduate,"Rs 12,49,323 ~ 12 Lacs+",Rs 0 ~
1572,881,M.Muthusamy,https://www.myneta.info/TamilNadu2021/candidate.php?candidate_id=881,BODINAYAKKANUR,Amma Makkal Munnettra Kazagam,0,10th Pass,https://myneta.info/image_v2.php?myneta_folder=TamilNadu2021&candidate_id=881&col=ta,https://myneta.info/image_v2.php?myneta_folder=TamilNadu2021&candidate_id=881&col=lia
1573,459,M.Naina Mohamed,https://www.myneta.info/TamilNadu2021/candidate.php?candidate_id=459,KARAIKUDI,IND,0,Others,"Rs 11,07,324 ~ 11 Lacs+","Rs 80,000 ~ 80 Thou+"
1574,2755,M.P.Panneer Selvam,https://www.myneta.info/TamilNadu2021/candidate.php?candidate_id=2755,SALEM NORTH,National Peoples Party,0,Post Graduate,"Rs 11,25,500 ~ 11 Lacs+",Rs 0 ~
1575,2683,M.Pandi,https://www.myneta.info/TamilNadu2021/candidate.php?candidate_id=2683,NILAKKOTTAI (SC),IND,0,5th Pass,https://myneta.info/image_v2.php?myneta_folder=TamilNadu2021&candidate_id=2683&col=ta,https://myneta.info/image_v2.php?myneta_folder=TamilNadu2021&candidate_id=2683&col=lia
1576,540,M.Paranjothi,https://www.myneta.info/TamilNadu2021/candidate.php?candidate_id=540,MANACHANALLUR,AIADMK,0,Post Graduate,"Rs 1,68,89,342 ~ 1 Crore+",Rs 0 ~
1577,2790,M.Periyasamy,https://www.myneta.info/TamilNadu2021/candidate.php?candidate_id=2790,SALEM SOUTH,IND,0,5th Pass,Nil,Rs 0 ~
1578,62,M.Perm Chandar,https://www.myneta.info/TamilNadu2021/candidate.php?candidate_id=62,BODINAYAKKANUR,Naam Tamilar Katchi,1,Post Graduate,https://myneta.info/image_v2.php?myneta_folder=TamilNadu2021&candidate_id=62&col=ta,https://myneta.info/image_v2.php?myneta_folder=TamilNadu2021&candidate_id=62&col=lia
1579,1321,M.Ponnusamy,https://www.myneta.info/TamilNadu2021/candidate.php?candidate_id=1321,KOVILPATTI,IND,0,10th Pass,"Rs 13,49,500 ~ 13 Lacs+",Rs 0 ~
1580,2770,M.Prabu Manikandan,https://www.myneta.info/TamilNadu2021/candidate.php?candidate_id=2770,SALEM SOUTH,Makkal Needhi Maiam,0,Graduate Professional,"Rs 25,72,672 ~ 25 Lacs+","Rs 9,06,500 ~ 9 Lacs+"
1581,516,M.R.K.Panneerselvam,https://www.myneta.info/TamilNadu2021/candidate.php?candidate_id=516,KURINJIPADI,DMK,12,Graduate Professional,https://myneta.info/image_v2.php?myneta_folder=TamilNadu2021&candidate_id=516&col=ta,https://myneta.info/image_v2.php?myneta_folder=TamilNadu2021&candidate_id=516&col=lia
1582,2763,M.R.Nawazudieen,https://www.myneta.info/TamilNadu2021/candidate.php?candidate_id=2763,SALEM NORTH,IND,0,10th Pass,"Rs 48,02,000 ~ 48 Lacs+",Rs 0 ~
1583,356,M.Raghunathan,https://www.myneta.info/TamilNadu2021/candidate.php?candidate_id=356,ANDIPATTI,IND,0,Graduate Professional,"Rs 3,45,115 ~ 3 Lacs+",Rs 0 ~
1584,1529,M.Rajasekharn,https://www.myneta.info/TamilNadu2021/candidate.php?candidate_id=1529,MANACHANALLUR,Amma Makkal Munnettra Kazagam,5,Post Graduate,https://myneta.info/image_v2.php?myneta_folder=TamilNadu2021&candidate_id=1529&col=ta,https://myneta.info/image_v2.php?myneta_folder=TamilNadu2021&candidate_id=1529&col=lia
1585,1757,M.Rajendran,https://www.myneta.info/TamilNadu2021/candidate.php?candidate_id=1757,KOLATHUR,National Democratic Party (Indian),0,Graduate,"Rs 5,68,800 ~ 5 Lacs+","Rs 3,95,000 ~ 3 Lacs+"
1586,3477,M.Rajendran,https://www.myneta.info/TamilNadu2021/candidate.php?candidate_id=3477,PERIYAKULAM (SC),IND,3,12th Pass,"Rs 17,000 ~ 17 Thou+",Rs 0 ~
1587,3792,M.Rajeswaripriya,https://www.myneta.info/TamilNadu2021/candidate.php?candidate_id=3792,SHOLINGANALLUR,Anaithu Makkal Arasiyal Katchi,0,Graduate,https://myneta.info/image_v2.php?myneta_folder=TamilNadu2021&candidate_id=3792&col=ta,https://myneta.info/image_v2.php?myneta_folder=TamilNadu2021&candidate_id=3792&col=lia
1588,407,M.Ramila,https://www.myneta.info/TamilNadu2021/candidate.php?candidate_id=407,GANDARVAKOTTAI (SC),Naam Tamilar Katchi,0,8th Pass,"Rs 3,70,000 ~ 3 Lacs+",Rs 0 ~
1589,169,M.Ravi,https://www.myneta.info/TamilNadu2021/candidate.php?candidate_id=169,SIVAGANGA,IND,0,5th Pass,"Rs 6,11,200 ~ 6 Lacs+","Rs 7,60,000 ~ 7 Lacs+"
1590,2235,M.S.Ismail Khan,https://www.myneta.info/TamilNadu2021/candidate.php?candidate_id=2235,VIRUGAMPAKKAM,All India Jananayaka Makkal Kazhagam,0,Not Given,https://myneta.info/image_v2.php?myneta_folder=TamilNadu2021&candidate_id=2235&col=ta,https://myneta.info/image_v2.php?myneta_folder=TamilNadu2021&candidate_id=2235&col=lia
1591,333,M.Sakthivel,https://www.myneta.info/TamilNadu2021/candidate.php?candidate_id=333,VEPPANAHALLI,Naam Tamilar Katchi,0,Post Graduate,"Rs 1,59,00,000 ~ 1 Crore+",Rs 0 ~
1592,4220,M.Sampathraj,https://www.myneta.info/TamilNadu2021/candidate.php?candidate_id=4220,KILPENNATHUR,IND,0,Graduate,"Rs 4,87,100 ~ 4 Lacs+",Rs 0 ~
1593,348,M.Sangeetha Esak,https://www.myneta.info/TamilNadu2021/candidate.php?candidate_id=348,ALANGULAM,Naam Tamilar Katchi,0,10th Pass,https://myneta.info/image_v2.php?myneta_folder=TamilNadu2021&candidate_id=348&col=ta,https://myneta.info/image_v2.php?myneta_folder=TamilNadu2021&candidate_id=348&col=lia
1594,2990,M.Sankar,https://www.myneta.info/TamilNadu2021/candidate.php?candidate_id=2990,KULITHALAI,Samaniya Makkal Nala Katchi,0,5th Pass,"Rs 50,000 ~ 50 Thou+",Rs 0 ~
1595,3370,M.Saraswathi,https://www.myneta.info/TamilNadu2021/candidate.php?candidate_id=3370,TIRUPPATHUR,Puthiya Tamilagam,0,8th Pass,"Rs 22,42,000 ~ 22 Lacs+","Rs 1,00,000 ~ 1 Lacs+"
1596,2995,M.Saravanan,https://www.myneta.info/TamilNadu2021/candidate.php?candidate_id=2995,KULITHALAI,IND,0,12th Pass,https://myneta.info/image_v2.php?myneta_folder=TamilNadu2021&candidate_id=2995&col=ta,https://myneta.info/image_v2.php?myneta_folder=TamilNadu2021&candidate_id=2995&col=lia
1597,3644,M.Saswathan,https://www.myneta.info/TamilNadu2021/candidate.php?candidate_id=3644,RADHAPURAM,IND,0,Post Graduate,"Rs 25,63,953 ~ 25 Lacs+","Rs 11,50,000 ~ 11 Lacs+"
1598,3285,M.Selvakumar S/O Mariyappan,https://www.myneta.info/TamilNadu2021/candidate.php?candidate_id=3285,THIRUMAYAM,IND,0,Graduate Professional,"Rs 52,000 ~ 52 Thou+",Rs 0 ~
1599,3289,M.Selvakumar S/O Mariyappan,https://www.myneta.info/TamilNadu2021/candidate.php?candidate_id=3289,THIRUMAYAM,IND,0,Others,https://myneta.info/image_v2.php?myneta_folder=TamilNadu2021&candidate_id=3289&col=ta,https://myneta.info/image_v2.php?myneta_folder=TamilNadu2021&candidate_id=3289&col=lia
1600,3287,M.Selvakumar S/O Murugan,https://www.myneta.info/TamilNadu2021/candidate.php?candidate_id=3287,THIRUMAYAM,IND,0,Graduate Professional,"Rs 52,000 ~ 52 Thou+",Rs 0 ~
1601,3974,M.Senthil Kumar,https://www.myneta.info/TamilNadu2021/candidate.php?candidate_id=3974,ANAIKATTU,IND,0,Graduate,"Rs 35,41,500 ~ 35 Lacs+","Rs 20,00,000 ~ 20 Lacs+"
1602,2760,M.Shanmuga Sundaram,https://www.myneta.info/TamilNadu2021/candidate.php?candidate_id=2760,SALEM NORTH,IND,0,Others,https://myneta.info/image_v2.php?myneta_folder=TamilNadu2021&candidate_id=2760&col=ta,https://myneta.info/image_v2.php?myneta_folder=TamilNadu2021&candidate_id=2760&col=lia
1603,2248,M.Sivakumar,https://www.myneta.info/TamilNadu2021/candidate.php?candidate_id=2248,VIRUGAMPAKKAM,IND,0,5th Pass,"Rs 4,95,000 ~ 4 Lacs+",Rs 0 ~
1604,3682,M.Soundara Pandian,https://www.myneta.info/TamilNadu2021/candidate.php?candidate_id=3682,THIRUVOTTIYUR,Amma Makkal Munnettra Kazagam,0,Graduate,"Rs 18,90,64,383 ~ 18 Crore+","Rs 4,52,15,000 ~ 4 Crore+"
1605,2249,M.Srinivasan,https://www.myneta.info/TamilNadu2021/candidate.php?candidate_id=2249,VIRUGAMPAKKAM,IND,0,Graduate Professional,https://myneta.info/image_v2.php?myneta_folder=TamilNadu2021&candidate_id=2249&col=ta,https://myneta.info/image_v2.php?myneta_folder=TamilNadu2021&candidate_id=2249&col=lia
1606,1989,M.Subramanian,https://www.myneta.info/TamilNadu2021/candidate.php?candidate_id=1989,PUDUKKOTTAI,DMDK,0,5th Pass,"Rs 47,20,000 ~ 47 Lacs+","Rs 7,00,000 ~ 7 Lacs+"
1607,180,M.Sundar,https://www.myneta.info/TamilNadu2021/candidate.php?candidate_id=180,SALEM SOUTH,Ambedkarite Party of India,0,8th Pass,"Rs 4,53,906 ~ 4 Lacs+",Rs 0 ~
1608,2183,M.Suresh,https://www.myneta.info/TamilNadu2021/candidate.php?candidate_id=2183,VANIYAMBADI,IND,0,Post Graduate,https://myneta.info/image_v2.php?myneta_folder=TamilNadu2021&candidate_id=2183&col=ta,https://myneta.info/image_v2.php?myneta_folder=TamilNadu2021&candidate_id=2183&col=lia
1609,1045,M.Thanaraj,https://www.myneta.info/TamilNadu2021/candidate.php?candidate_id=1045,GANDARVAKOTTAI (SC),Namadhu Makkal Katchi,0,8th Pass,"Rs 7,51,000 ~ 7 Lacs+",Rs 0 ~
1610,3004,M.Thenmozhi,https://www.myneta.info/TamilNadu2021/candidate.php?candidate_id=3004,UTHANGARAI (SC),IND,0,10th Pass,"Rs 2,00,000 ~ 2 Lacs+",Rs 0 ~
1611,3389,M.Thirukumaran,https://www.myneta.info/TamilNadu2021/candidate.php?candidate_id=3389,SIVAGANGA,IND,0,Others,https://myneta.info/image_v2.php?myneta_folder=TamilNadu2021&candidate_id=3389&col=ta,https://myneta.info/image_v2.php?myneta_folder=TamilNadu2021&candidate_id=3389&col=lia
1612,1804,M.Uthayakumar,https://www.myneta.info/TamilNadu2021/candidate.php?candidate_id=1804,EGMORE (SC),IND,0,Graduate Professional,"Rs 90,000 ~ 90 Thou+",Rs 0 ~
1613,4267,M.Valarmathi,https://www.myneta.info/TamilNadu2021/candidate.php?candidate_id=4267,ALANDUR,IND,0,5th Pass,"Rs 3,22,000 ~ 3 Lacs+",Rs 0 ~
1614,1366,M.Venkatachalam,https://www.myneta.info/TamilNadu2021/candidate.php?candidate_id=1366,KUMARAPALAYAM,DMK,0,Post Graduate,https://myneta.info/image_v2.php?myneta_folder=TamilNadu2021&candidate_id=1366&col=ta,https://myneta.info/image_v2.php?myneta_folder=TamilNadu2021&candidate_id=1366&col=lia
1615,1724,M.Vignesh,https://www.myneta.info/TamilNadu2021/candidate.php?candidate_id=1724,VELACHERY,IND,0,Graduate,"Rs 13,74,239 ~ 13 Lacs+",Rs 0 ~
1616,3653,M.Vijayakumar,https://www.myneta.info/TamilNadu2021/candidate.php?candidate_id=3653,RADHAPURAM,IND,0,Graduate,"Rs 33,06,369 ~ 33 Lacs+",Rs 0 ~
1617,1408,M.Vijayamurthy,https://www.myneta.info/TamilNadu2021/candidate.php?candidate_id=1408,LALGUDI,Amma Makkal Munnettra Kazagam,0,Graduate,https://myneta.info/image_v2.php?myneta_folder=TamilNadu2021&candidate_id=1408&col=ta,https://myneta.info/image_v2.php?myneta_folder=TamilNadu2021&candidate_id=1408&col=lia
1618,2702,M.Xavier Joseph Kennedy,https://www.myneta.info/TamilNadu2021/candidate.php?candidate_id=2702,NATHAM,IND,0,12th Pass,"Rs 1,93,77,694 ~ 1 Crore+","Rs 54,45,000 ~ 54 Lacs+"
1619,3228,M.Yuvaraj,https://www.myneta.info/TamilNadu2021/candidate.php?candidate_id=3228,KUMARAPALAYAM,IND,0,10th Pass,"Rs 98,000 ~ 98 Thou+",Rs 0 ~
1620,3744,Madasamy.A,https://www.myneta.info/TamilNadu2021/candidate.php?candidate_id=3744,TENKASI,IND,2,Literate,https://myneta.info/image_v2.php?myneta_folder=TamilNadu2021&candidate_id=3744&col=ta,https://myneta.info/image_v2.php?myneta_folder=TamilNadu2021&candidate_id=3744&col=lia
1621,1041,Madhan K,https://www.myneta.info/TamilNadu2021/candidate.php?candidate_id=1041,ERODE WEST,Ganasangam Party of India,0,Literate,"Rs 42,600 ~ 42 Thou+",Rs 0 ~
1622,1008,Madhan Raj . D,https://www.myneta.info/TamilNadu2021/candidate.php?candidate_id=1008,DR.RADHAKRISHNAN NAGAR,IND,0,Graduate Professional,"Rs 10,96,265 ~ 10 Lacs+",Rs 0 ~
1623,909,Madhana Gopal T,https://www.myneta.info/TamilNadu2021/candidate.php?candidate_id=909,CHEPAUK-THIRUVALLIKENI,IND,0,Graduate Professional,https://myneta.info/image_v2.php?myneta_folder=TamilNadu2021&candidate_id=909&col=ta,https://myneta.info/image_v2.php?myneta_folder=TamilNadu2021&candidate_id=909&col=lia
1624,3399,"Madhankumar, R.",https://www.myneta.info/TamilNadu2021/candidate.php?candidate_id=3399,THIRUVIDAIMARUDUR (SC),Indiya Jananayaka Katchi,0,10th Pass,"Rs 82,200 ~ 82 Thou+",Rs 0 ~
1625,3857,Madhanraj. M,https://www.myneta.info/TamilNadu2021/candidate.php?candidate_id=3857,MADURANTAKAM (SC),BSP,0,12th Pass,"Rs 1,75,500 ~ 1 Lacs+",Rs 0 ~
1626,2436,Madhavaraj.K.V,https://www.myneta.info/TamilNadu2021/candidate.php?candidate_id=2436,UTHIRAMERUR,IND,1,12th Pass,https://myneta.info/image_v2.php?myneta_folder=TamilNadu2021&candidate_id=2436&col=ta,https://myneta.info/image_v2.php?myneta_folder=TamilNadu2021&candidate_id=2436&col=lia
1627,2031,"Madhavarao, P.S.W.",https://www.myneta.info/TamilNadu2021/candidate.php?candidate_id=2031,SRIVILLIPUTHUR (SC),INC,0,Post Graduate,"Rs 4,12,91,193 ~ 4 Crore+","Rs 27,29,198 ~ 27 Lacs+"
1628,3164,Madheswaran A.S,https://www.myneta.info/TamilNadu2021/candidate.php?candidate_id=3164,NAMAKKAL,My India Party,0,Literate,"Rs 6,61,000 ~ 6 Lacs+","Rs 3,00,000 ~ 3 Lacs+"
1629,3143,Madhiyazhagan D,https://www.myneta.info/TamilNadu2021/candidate.php?candidate_id=3143,RASIPURAM(SC),IND,0,10th Pass,https://myneta.info/image_v2.php?myneta_folder=TamilNadu2021&candidate_id=3143&col=ta,https://myneta.info/image_v2.php?myneta_folder=TamilNadu2021&candidate_id=3143&col=lia
1630,3471,Madhu Bharathi,https://www.myneta.info/TamilNadu2021/candidate.php?candidate_id=3471,PERIYAKULAM (SC),IND,0,Post Graduate,"Rs 3,56,000 ~ 3 Lacs+","Rs 1,85,000 ~ 1 Lacs+"
1631,4044,Magesh M,https://www.myneta.info/TamilNadu2021/candidate.php?candidate_id=4044,TIRUKKOYILUR,IND,0,10th Pass,"Rs 17,825 ~ 17 Thou+",Rs 0 ~
1632,3878,"Mahalakshmi, M.",https://www.myneta.info/TamilNadu2021/candidate.php?candidate_id=3878,SRIVILLIPUTHUR (SC),IND,0,12th Pass,https://myneta.info/image_v2.php?myneta_folder=TamilNadu2021&candidate_id=3878&col=ta,https://myneta.info/image_v2.php?myneta_folder=TamilNadu2021&candidate_id=3878&col=lia
1633,1892,Mahalakshmi.K,https://www.myneta.info/TamilNadu2021/candidate.php?candidate_id=1892,MYLAPORE,Naam Tamilar Katchi,0,Post Graduate,"Rs 2,14,76,544 ~ 2 Crore+",Rs 0 ~
1634,1420,Mahalingam,https://www.myneta.info/TamilNadu2021/candidate.php?candidate_id=1420,MADATHUKULAM,Puthiya Tamilagam,0,10th Pass,"Rs 7,03,000 ~ 7 Lacs+",Rs 0 ~
1635,1696,Mahalingam Neela,https://www.myneta.info/TamilNadu2021/candidate.php?candidate_id=1696,JAYANKONDAM,Naam Tamilar Katchi,0,Graduate,https://myneta.info/image_v2.php?myneta_folder=TamilNadu2021&candidate_id=1696&col=ta,https://myneta.info/image_v2.php?myneta_folder=TamilNadu2021&candidate_id=1696&col=lia
1636,1826,Mahalingam. D,https://www.myneta.info/TamilNadu2021/candidate.php?candidate_id=1826,HARBOUR,IND,0,8th Pass,"Rs 11,45,000 ~ 11 Lacs+",Rs 0 ~
1637,2984,Mahamuni.A,https://www.myneta.info/TamilNadu2021/candidate.php?candidate_id=2984,KRISHNARAYAPURAM (SC),IND,0,Graduate Professional,"Rs 35,000 ~ 35 Thou+",Rs 0 ~
1638,218,Maharajan A,https://www.myneta.info/TamilNadu2021/candidate.php?candidate_id=218,OTTAPIDARAM (SC),Bahujan Dravida Party,0,Others,https://myneta.info/image_v2.php?myneta_folder=TamilNadu2021&candidate_id=218&col=ta,https://myneta.info/image_v2.php?myneta_folder=TamilNadu2021&candidate_id=218&col=lia
1639,8,Maharishi Mandharacsalam,https://www.myneta.info/TamilNadu2021/candidate.php?candidate_id=8,COIMBATORE NORTH,IND,0,8th Pass,"Rs 1,38,05,000 ~ 1 Crore+","Rs 5,00,000 ~ 5 Lacs+"
1640,244,Maharunnisha,https://www.myneta.info/TamilNadu2021/candidate.php?candidate_id=244,AMBUR,Naam Tamilar Katchi,0,5th Pass,"Rs 7,81,701 ~ 7 Lacs+","Rs 50,000 ~ 50 Thou+"
1641,1627,Mahendrakumari P,https://www.myneta.info/TamilNadu2021/candidate.php?candidate_id=1627,SANKARANKOVIL (SC),Naam Tamilar Katchi,0,Post Graduate,https://myneta.info/image_v2.php?myneta_folder=TamilNadu2021&candidate_id=1627&col=ta,https://myneta.info/image_v2.php?myneta_folder=TamilNadu2021&candidate_id=1627&col=lia
1642,2968,Mahendran,https://www.myneta.info/TamilNadu2021/candidate.php?candidate_id=2968,KARUR,IND,0,Graduate Professional,"Rs 28,52,483 ~ 28 Lacs+","Rs 1,84,208 ~ 1 Lacs+"
1643,3135,Mahendran A,https://www.myneta.info/TamilNadu2021/candidate.php?candidate_id=3135,USILAMPATTI,IND,0,10th Pass,"Rs 10,17,770 ~ 10 Lacs+",Rs 0 ~
1644,3128,Mahendran I,https://www.myneta.info/TamilNadu2021/candidate.php?candidate_id=3128,USILAMPATTI,Amma Makkal Munnettra Kazagam,1,Graduate,https://myneta.info/image_v2.php?myneta_folder=TamilNadu2021&candidate_id=3128&col=ta,https://myneta.info/image_v2.php?myneta_folder=TamilNadu2021&candidate_id=3128&col=lia
1645,3308,Mahendran K,https://www.myneta.info/TamilNadu2021/candidate.php?candidate_id=3308,ARANTHANGI,IND,0,12th Pass,"Rs 11,94,950 ~ 11 Lacs+",Rs 0 ~
1646,640,"Mahendran, R",https://www.myneta.info/TamilNadu2021/candidate.php?candidate_id=640,SINGANALLUR,Makkal Needhi Maiam,0,Post Graduate,"Rs 1,61,62,76,431 ~ 161 Crore+","Rs 7,20,93,971 ~ 7 Crore+"
1647,3655,"Mahesh Kannan,A.P.",https://www.myneta.info/TamilNadu2021/candidate.php?candidate_id=3655,TIRUNELVELI,Amma Makkal Munnettra Kazagam,0,Post Graduate,https://myneta.info/image_v2.php?myneta_folder=TamilNadu2021&candidate_id=3655&col=ta,https://myneta.info/image_v2.php?myneta_folder=TamilNadu2021&candidate_id=3655&col=lia
1648,2936,Maheshmani. T,https://www.myneta.info/TamilNadu2021/candidate.php?candidate_id=2936,ARAVAKURICHI,IND,0,12th Pass,"Rs 14,95,000 ~ 14 Lacs+","Rs 18,50,000 ~ 18 Lacs+"
1649,1873,Maheshwaran K,https://www.myneta.info/TamilNadu2021/candidate.php?candidate_id=1873,METTUPALAYAM,Veerath Thiyagi Viswanathadoss Thozhilalarkal Katchi,0,5th Pass,"Rs 2,29,000 ~ 2 Lacs+",Rs 0 ~
1650,200,"Maheshwari, M.",https://www.myneta.info/TamilNadu2021/candidate.php?candidate_id=200,PERAMBALUR (SC),Naam Tamilar Katchi,0,Graduate,https://myneta.info/image_v2.php?myneta_folder=TamilNadu2021&candidate_id=200&col=ta,https://myneta.info/image_v2.php?myneta_folder=TamilNadu2021&candidate_id=200&col=lia
1651,3899,"Maheskumar, M",https://www.myneta.info/TamilNadu2021/candidate.php?candidate_id=3899,SATTUR,IND,0,Graduate,"Rs 20,000 ~ 20 Thou+",Rs 0 ~
1652,2828,Maheswaran .A,https://www.myneta.info/TamilNadu2021/candidate.php?candidate_id=2828,MODAKKURICHI,My India Party,0,Graduate,"Rs 4,05,748 ~ 4 Lacs+","Rs 7,00,000 ~ 7 Lacs+"
1653,2985,Maheswaran.A,https://www.myneta.info/TamilNadu2021/candidate.php?candidate_id=2985,KRISHNARAYAPURAM (SC),IND,0,Graduate Professional,https://myneta.info/image_v2.php?myneta_folder=TamilNadu2021&candidate_id=2985&col=ta,https://myneta.info/image_v2.php?myneta_folder=TamilNadu2021&candidate_id=2985&col=lia
1654,2884,Mahizhchi P,https://www.myneta.info/TamilNadu2021/candidate.php?candidate_id=2884,NAGERCOIL,IND,0,Graduate Professional,"Rs 2,07,53,524 ~ 2 Crore+","Rs 55,00,000 ~ 55 Lacs+"
1655,1196,Makesh N.,https://www.myneta.info/TamilNadu2021/candidate.php?candidate_id=1196,KANNIYAKUMARI,IND,0,8th Pass,"Rs 33,92,037 ~ 33 Lacs+",Rs 0 ~
1656,4170,Malaiandi R,https://www.myneta.info/TamilNadu2021/candidate.php?candidate_id=4170,SRIVAIKUNTAM,IND,1,8th Pass,https://myneta.info/image_v2.php?myneta_folder=TamilNadu2021&candidate_id=4170&col=ta,https://myneta.info/image_v2.php?myneta_folder=TamilNadu2021&candidate_id=4170&col=lia
1657,3060,Malaichamy A,https://www.myneta.info/TamilNadu2021/candidate.php?candidate_id=3060,SHOLAVANDAN (SC),IND,0,12th Pass,"Rs 5,26,000 ~ 5 Lacs+",Rs 0 ~
1658,2301,Malar Kannan.R,https://www.myneta.info/TamilNadu2021/candidate.php?candidate_id=2301,MYLAPORE,IND,0,Illiterate,"Rs 80,000 ~ 80 Thou+",Rs 0 ~
1659,1295,Malarvizhi,https://www.myneta.info/TamilNadu2021/candidate.php?candidate_id=1295,KOLATHUR,IND,0,Post Graduate,https://myneta.info/image_v2.php?myneta_folder=TamilNadu2021&candidate_id=1295&col=ta,https://myneta.info/image_v2.php?myneta_folder=TamilNadu2021&candidate_id=1295&col=lia
1660,4111,Malarvizhi. G.,https://www.myneta.info/TamilNadu2021/candidate.php?candidate_id=4111,TIRUPPUR SOUTH,IND,0,Others,"Rs 46,21,000 ~ 46 Lacs+",Rs 0 ~
1661,2048,Malathi Ravichandran,https://www.myneta.info/TamilNadu2021/candidate.php?candidate_id=2048,THIRUVERUMBUR,BSP,0,8th Pass,"Rs 3,94,000 ~ 3 Lacs+",Rs 0 ~
1662,1793,Malathi.S,https://www.myneta.info/TamilNadu2021/candidate.php?candidate_id=1793,THIRU-VI-KA-NAGAR (SC),IND,0,5th Pass,https://myneta.info/image_v2.php?myneta_folder=TamilNadu2021&candidate_id=1793&col=ta,https://myneta.info/image_v2.php?myneta_folder=TamilNadu2021&candidate_id=1793&col=lia
1663,1520,Manavalan A,https://www.myneta.info/TamilNadu2021/candidate.php?candidate_id=1520,MAILAM,Anna MGR Dravida Makkal Kalgam,0,12th Pass,"Rs 6,000 ~ 6 Thou+",Rs 0 ~
1664,2781,Maneeshankar M G,https://www.myneta.info/TamilNadu2021/candidate.php?candidate_id=2781,VEDASANDUR,Rashtriya Samaj Paksha,0,Others,"Rs 41,000 ~ 41 Thou+",Rs 0 ~
1665,3331,Mani,https://www.myneta.info/TamilNadu2021/candidate.php?candidate_id=3331,TIRUVADANAI,IND,0,8th Pass,https://myneta.info/image_v2.php?myneta_folder=TamilNadu2021&candidate_id=3331&col=ta,https://myneta.info/image_v2.php?myneta_folder=TamilNadu2021&candidate_id=3331&col=lia
1666,3078,Mani B,https://www.myneta.info/TamilNadu2021/candidate.php?candidate_id=3078,MADURAI CENTRAL,Makkal Needhi Maiam,0,10th Pass,"Rs 53,20,637 ~ 53 Lacs+","Rs 3,12,000 ~ 3 Lacs+"
1667,3178,Mani K,https://www.myneta.info/TamilNadu2021/candidate.php?candidate_id=3178,PARAMATHIVELUR,Ganasangam Party of India,0,Literate,"Rs 13,777 ~ 13 Thou+",Rs 0 ~
1668,866,Mani K,https://www.myneta.info/TamilNadu2021/candidate.php?candidate_id=866,BARGUR,IND,0,Others,https://myneta.info/image_v2.php?myneta_folder=TamilNadu2021&candidate_id=866&col=ta,https://myneta.info/image_v2.php?myneta_folder=TamilNadu2021&candidate_id=866&col=lia
1669,3755,Mani R,https://www.myneta.info/TamilNadu2021/candidate.php?candidate_id=3755,ULUNDURPETTAI,IND,0,10th Pass,"Rs 58,36,054 ~ 58 Lacs+",Rs 0 ~
1670,2806,"Mani, M.",https://www.myneta.info/TamilNadu2021/candidate.php?candidate_id=2806,VEERAPANDI,My India Party,0,10th Pass,"Rs 1,06,000 ~ 1 Lacs+","Rs 25,000 ~ 25 Thou+"
1671,2717,Mani. C,https://www.myneta.info/TamilNadu2021/candidate.php?candidate_id=2717,EDAPPADI,Dhesiya Makkal Kazhagam,0,Post Graduate,https://myneta.info/image_v2.php?myneta_folder=TamilNadu2021&candidate_id=2717&col=ta,https://myneta.info/image_v2.php?myneta_folder=TamilNadu2021&candidate_id=2717&col=lia
1672,202,Mani. G.K,https://www.myneta.info/TamilNadu2021/candidate.php?candidate_id=202,PENNAGARAM,Pattali Makkal Katchi,8,12th Pass,"Rs 73,23,252 ~ 73 Lacs+",Rs 0 ~
1673,2532,Mani. K.G.,https://www.myneta.info/TamilNadu2021/candidate.php?candidate_id=2532,PENNAGARAM,IND,0,Illiterate,"Rs 3,15,415 ~ 3 Lacs+",Rs 0 ~
1674,2533,Mani. P,https://www.myneta.info/TamilNadu2021/candidate.php?candidate_id=2533,PENNAGARAM,IND,0,Illiterate,https://myneta.info/image_v2.php?myneta_folder=TamilNadu2021&candidate_id=2533&col=ta,https://myneta.info/image_v2.php?myneta_folder=TamilNadu2021&candidate_id=2533&col=lia
1675,1162,Mani.A,https://www.myneta.info/TamilNadu2021/candidate.php?candidate_id=1162,KANGAYAM,IND,0,Literate,"Rs 9,57,000 ~ 9 Lacs+",Rs 0 ~
1676,2551,Mani.L.,https://www.myneta.info/TamilNadu2021/candidate.php?candidate_id=2551,DHARMAPURI,Dhesiya Makkal Kazhagam,0,12th Pass,"Rs 1,83,000 ~ 1 Lacs+",Rs 0 ~
1677,2829,Mani.P,https://www.myneta.info/TamilNadu2021/candidate.php?candidate_id=2829,MODAKKURICHI,India Dravida Makkal Munnetra Katchi,0,Illiterate,https://myneta.info/image_v2.php?myneta_folder=TamilNadu2021&candidate_id=2829&col=ta,https://myneta.info/image_v2.php?myneta_folder=TamilNadu2021&candidate_id=2829&col=lia
1678,2191,Mani.S.P,https://www.myneta.info/TamilNadu2021/candidate.php?candidate_id=2191,AMBUR,ALL PENSIONERS PARTY,0,Graduate,"Rs 14,06,000 ~ 14 Lacs+",Rs 0 ~
1679,171,Manickam K,https://www.myneta.info/TamilNadu2021/candidate.php?candidate_id=171,SHOLAVANDAN (SC),AIADMK,0,Others,"Rs 19,84,47,330 ~ 19 Crore+","Rs 5,17,92,122 ~ 5 Crore+"
1680,2830,Manickam.R,https://www.myneta.info/TamilNadu2021/candidate.php?candidate_id=2830,MODAKKURICHI,Ganasangam Party of India,0,8th Pass,https://myneta.info/image_v2.php?myneta_folder=TamilNadu2021&candidate_id=2830&col=ta,https://myneta.info/image_v2.php?myneta_folder=TamilNadu2021&candidate_id=2830&col=lia
1681,2876,Manickavasagam Pillai Na.,https://www.myneta.info/TamilNadu2021/candidate.php?candidate_id=2876,KANNIYAKUMARI,IND,0,Graduate,"Rs 2,35,116 ~ 2 Lacs+","Rs 26,000 ~ 26 Thou+"
1682,991,Manigandan.E.V.,https://www.myneta.info/TamilNadu2021/candidate.php?candidate_id=991,DHARMAPURI,IND,0,Post Graduate,"Rs 3,72,41,228 ~ 3 Crore+","Rs 2,27,71,889 ~ 2 Crore+"
1683,3332,Manikandan,https://www.myneta.info/TamilNadu2021/candidate.php?candidate_id=3332,TIRUVADANAI,IND,0,10th Pass,https://myneta.info/image_v2.php?myneta_folder=TamilNadu2021&candidate_id=3332&col=ta,https://myneta.info/image_v2.php?myneta_folder=TamilNadu2021&candidate_id=3332&col=lia
1684,3227,Manikandan,https://www.myneta.info/TamilNadu2021/candidate.php?candidate_id=3227,KUMARAPALAYAM,IND,0,Graduate,"Rs 2,61,000 ~ 2 Lacs+",Rs 0 ~
1685,2332,Manikandan E,https://www.myneta.info/TamilNadu2021/candidate.php?candidate_id=2332,CHEPAUK-THIRUVALLIKENI,IND,1,12th Pass,"Rs 89,000 ~ 89 Thou+","Rs 1,40,000 ~ 1 Lacs+"
1686,1658,Manikandan K,https://www.myneta.info/TamilNadu2021/candidate.php?candidate_id=1658,VANDAVASI (SC),IND,0,Graduate Professional,https://myneta.info/image_v2.php?myneta_folder=TamilNadu2021&candidate_id=1658&col=ta,https://myneta.info/image_v2.php?myneta_folder=TamilNadu2021&candidate_id=1658&col=lia
1687,3255,Manikandan K,https://www.myneta.info/TamilNadu2021/candidate.php?candidate_id=3255,VIRALIMALAI,IND,0,8th Pass,"Rs 1,46,000 ~ 1 Lacs+",Rs 0 ~
1688,1390,"Manikandan, K.",https://www.myneta.info/TamilNadu2021/candidate.php?candidate_id=1390,KUNNAM,IND,1,Illiterate,"Rs 4,50,000 ~ 4 Lacs+","Rs 30,000 ~ 30 Thou+"
1689,2807,"Manikandan, S.",https://www.myneta.info/TamilNadu2021/candidate.php?candidate_id=2807,VEERAPANDI,All India Jananayaka Makkal Kazhagam,0,Others,https://myneta.info/image_v2.php?myneta_folder=TamilNadu2021&candidate_id=2807&col=ta,https://myneta.info/image_v2.php?myneta_folder=TamilNadu2021&candidate_id=2807&col=lia
1690,3099,"Manikandan, S.",https://www.myneta.info/TamilNadu2021/candidate.php?candidate_id=3099,THIRUPARANKUNDRAM,IND,0,8th Pass,"Rs 1,81,000 ~ 1 Lacs+",Rs 0 ~
1691,3256,Manikandan. C,https://www.myneta.info/TamilNadu2021/candidate.php?candidate_id=3256,VIRALIMALAI,IND,0,Post Graduate,"Rs 79,000 ~ 79 Thou+",Rs 0 ~
1692,921,Manikandan. M,https://www.myneta.info/TamilNadu2021/candidate.php?candidate_id=921,CHEYYAR,Ganasangam Party of India,0,8th Pass,https://myneta.info/image_v2.php?myneta_folder=TamilNadu2021&candidate_id=921&col=ta,https://myneta.info/image_v2.php?myneta_folder=TamilNadu2021&candidate_id=921&col=lia
1693,2718,Manikandan. R,https://www.myneta.info/TamilNadu2021/candidate.php?candidate_id=2718,EDAPPADI,Tamil Nadu Ilangyar Katchi,0,Graduate Professional,"Rs 4,28,960 ~ 4 Lacs+",Rs 0 ~
1694,475,Manikandan.K,https://www.myneta.info/TamilNadu2021/candidate.php?candidate_id=475,KARUR,IND,0,Graduate Professional,"Rs 8,17,000 ~ 8 Lacs+",Rs 0 ~
1695,1159,Manikandan.R,https://www.myneta.info/TamilNadu2021/candidate.php?candidate_id=1159,KANGAYAM,IND,0,12th Pass,https://myneta.info/image_v2.php?myneta_folder=TamilNadu2021&candidate_id=1159&col=ta,https://myneta.info/image_v2.php?myneta_folder=TamilNadu2021&candidate_id=1159&col=lia
1696,2089,Manikannan A J,https://www.myneta.info/TamilNadu2021/candidate.php?candidate_id=2089,ULUNDURPETTAI,DMK,4,10th Pass,"Rs 5,39,57,979 ~ 5 Crore+","Rs 74,56,405 ~ 74 Lacs+"
1697,822,Manikannan M,https://www.myneta.info/TamilNadu2021/candidate.php?candidate_id=822,ARIYALUR,IND,0,12th Pass,"Rs 7,81,000 ~ 7 Lacs+","Rs 4,70,000 ~ 4 Lacs+"
1698,3756,Manikannan M,https://www.myneta.info/TamilNadu2021/candidate.php?candidate_id=3756,ULUNDURPETTAI,IND,0,5th Pass,https://myneta.info/image_v2.php?myneta_folder=TamilNadu2021&candidate_id=3756&col=ta,https://myneta.info/image_v2.php?myneta_folder=TamilNadu2021&candidate_id=3756&col=lia
1699,726,Manikkam,https://www.myneta.info/TamilNadu2021/candidate.php?candidate_id=726,TIRUTTANI,All India Jananayaka Makkal Kazhagam,0,12th Pass,"Rs 40,000 ~ 40 Thou+",Rs 0 ~
1700,2103,Manikkaraj A,https://www.myneta.info/TamilNadu2021/candidate.php?candidate_id=2103,VILATHIKULAM,BSP,0,Graduate Professional,"Rs 33,53,276 ~ 33 Lacs+","Rs 50,000 ~ 50 Thou+"
1701,3866,Manikumar M.,https://www.myneta.info/TamilNadu2021/candidate.php?candidate_id=3866,RAJAPALAYAM,IND,0,Literate,https://myneta.info/image_v2.php?myneta_folder=TamilNadu2021&candidate_id=3866&col=ta,https://myneta.info/image_v2.php?myneta_folder=TamilNadu2021&candidate_id=3866&col=lia
1702,2126,Manimaran,https://www.myneta.info/TamilNadu2021/candidate.php?candidate_id=2126,AMBASAMUDRAM,BSP,0,Illiterate,"Rs 6,46,500 ~ 6 Lacs+","Rs 1,45,000 ~ 1 Lacs+"
1703,2866,Manimaran G.V,https://www.myneta.info/TamilNadu2021/candidate.php?candidate_id=2866,GOBICHETTIPALAYAM,DMK,0,8th Pass,"Rs 1,18,89,937 ~ 1 Crore+","Rs 48,34,988 ~ 48 Lacs+"
1704,2040,Manimaran M,https://www.myneta.info/TamilNadu2021/candidate.php?candidate_id=2040,THIRUMANGALAM,DMK,1,5th Pass,https://myneta.info/image_v2.php?myneta_folder=TamilNadu2021&candidate_id=2040&col=ta,https://myneta.info/image_v2.php?myneta_folder=TamilNadu2021&candidate_id=2040&col=lia
1705,3907,Manimaran N,https://www.myneta.info/TamilNadu2021/candidate.php?candidate_id=3907,VIRUDHUNAGAR,All India Samathuva Makhal Katchi,0,8th Pass,"Rs 7,30,000 ~ 7 Lacs+",Rs 0 ~
1706,2272,Manimaran. S,https://www.myneta.info/TamilNadu2021/candidate.php?candidate_id=2272,SAIDAPET,IND,0,8th Pass,"Rs 10,000 ~ 10 Thou+",Rs 0 ~
1707,2549,Manimaran.T,https://www.myneta.info/TamilNadu2021/candidate.php?candidate_id=2549,MAYILADUTHURAI,IND,0,Others,https://myneta.info/image_v2.php?myneta_folder=TamilNadu2021&candidate_id=2549&col=ta,https://myneta.info/image_v2.php?myneta_folder=TamilNadu2021&candidate_id=2549&col=lia
1708,3516,Manimekalai A,https://www.myneta.info/TamilNadu2021/candidate.php?candidate_id=3516,POONAMALLEE (SC),Naam Tamilar Katchi,0,Others,"Rs 5,50,871 ~ 5 Lacs+","Rs 2,32,000 ~ 2 Lacs+"
1709,637,"Maniraj, K",https://www.myneta.info/TamilNadu2021/candidate.php?candidate_id=637,SINGANALLUR,IND,0,Others,"Rs 25,76,598 ~ 25 Lacs+","Rs 16,00,000 ~ 16 Lacs+"
1710,1145,Manirathinem.K.I,https://www.myneta.info/TamilNadu2021/candidate.php?candidate_id=1145,KALLAKURICHI (SC),INC,4,Doctorate,https://myneta.info/image_v2.php?myneta_folder=TamilNadu2021&candidate_id=1145&col=ta,https://myneta.info/image_v2.php?myneta_folder=TamilNadu2021&candidate_id=1145&col=lia
1711,32,Manithan,https://www.myneta.info/TamilNadu2021/candidate.php?candidate_id=32,TIRUPATTUR,IND,0,Post Graduate,"Rs 80,000 ~ 80 Thou+",Rs 0 ~
1712,438,Manithan,https://www.myneta.info/TamilNadu2021/candidate.php?candidate_id=438,JOLARPET,IND,0,Post Graduate,"Rs 1,50,000 ~ 1 Lacs+",Rs 0 ~
1713,3142,Manivannan A,https://www.myneta.info/TamilNadu2021/candidate.php?candidate_id=3142,RASIPURAM(SC),IND,1,12th Pass,https://myneta.info/image_v2.php?myneta_folder=TamilNadu2021&candidate_id=3142&col=ta,https://myneta.info/image_v2.php?myneta_folder=TamilNadu2021&candidate_id=3142&col=lia
1714,2174,Manivannan N,https://www.myneta.info/TamilNadu2021/candidate.php?candidate_id=2174,THOUSAND LIGHTS,IND,0,Graduate,"Rs 35,86,241 ~ 35 Lacs+","Rs 16,30,126 ~ 16 Lacs+"
1715,2577,Manivannan.K,https://www.myneta.info/TamilNadu2021/candidate.php?candidate_id=2577,PAPPIREDDIPATTI,IND,0,Graduate Professional,"Rs 58,12,000 ~ 58 Lacs+","Rs 1,10,000 ~ 1 Lacs+"
1716,480,Manivannan.S,https://www.myneta.info/TamilNadu2021/candidate.php?candidate_id=480,KARUR,IND,0,Graduate Professional,https://myneta.info/image_v2.php?myneta_folder=TamilNadu2021&candidate_id=480&col=ta,https://myneta.info/image_v2.php?myneta_folder=TamilNadu2021&candidate_id=480&col=lia
1717,3936,Manivasagam S,https://www.myneta.info/TamilNadu2021/candidate.php?candidate_id=3936,TIRUCHULI,Bahujan Dravida Party,0,Graduate,"Rs 6,90,000 ~ 6 Lacs+",Rs 0 ~
1718,2641,"Manivel, P.",https://www.myneta.info/TamilNadu2021/candidate.php?candidate_id=2641,SANKARI,IND,0,Post Graduate,"Rs 2,28,000 ~ 2 Lacs+","Rs 60,000 ~ 60 Thou+"
1719,2239,Manju,https://www.myneta.info/TamilNadu2021/candidate.php?candidate_id=2239,VIRUGAMPAKKAM,Anaithu Makkal Arasiyal Katchi,0,8th Pass,https://myneta.info/image_v2.php?myneta_folder=TamilNadu2021&candidate_id=2239&col=ta,https://myneta.info/image_v2.php?myneta_folder=TamilNadu2021&candidate_id=2239&col=lia
1720,3012,Manjunathan M,https://www.myneta.info/TamilNadu2021/candidate.php?candidate_id=3012,BARGUR,IND,0,10th Pass,"Rs 1,35,000 ~ 1 Lacs+",Rs 0 ~
1721,176,Mannan M P,https://www.myneta.info/TamilNadu2021/candidate.php?candidate_id=176,SANKARAPURAM,IND,0,Post Graduate,"Rs 31,10,060 ~ 31 Lacs+",Rs 0 ~
1722,4139,Mannar Maharajan,https://www.myneta.info/TamilNadu2021/candidate.php?candidate_id=4139,THOOTHUKUDI,Bahujan Dravida Party,0,Others,https://myneta.info/image_v2.php?myneta_folder=TamilNadu2021&candidate_id=4139&col=ta,https://myneta.info/image_v2.php?myneta_folder=TamilNadu2021&candidate_id=4139&col=lia
1723,216,"Mano Thangaraj, T.",https://www.myneta.info/TamilNadu2021/candidate.php?candidate_id=216,PADMANABHAPURAM,DMK,29,Post Graduate,"Rs 23,39,869 ~ 23 Lacs+","Rs 8,09,103 ~ 8 Lacs+"
1724,76,Manogaran S,https://www.myneta.info/TamilNadu2021/candidate.php?candidate_id=76,VELLORE,Kamarajar Deseeya Congress,0,5th Pass,"Rs 29,60,000 ~ 29 Lacs+",Rs 0 ~
1725,1612,Manoharan A,https://www.myneta.info/TamilNadu2021/candidate.php?candidate_id=1612,VASUDEVANALLUR (SC),AIADMK,0,12th Pass,https://myneta.info/image_v2.php?myneta_folder=TamilNadu2021&candidate_id=1612&col=ta,https://myneta.info/image_v2.php?myneta_folder=TamilNadu2021&candidate_id=1612&col=lia
1726,3900,"Manoharan, V.",https://www.myneta.info/TamilNadu2021/candidate.php?candidate_id=3900,SATTUR,IND,0,12th Pass,"Rs 9,15,370 ~ 9 Lacs+",Rs 0 ~
1727,3551,"Manoharan,M.",https://www.myneta.info/TamilNadu2021/candidate.php?candidate_id=3551,TIRUCHIRAPPALLI EAST,IND,0,10th Pass,"Rs 9,97,000 ~ 9 Lacs+",Rs 0 ~
1728,696,Manoharan.R.,https://www.myneta.info/TamilNadu2021/candidate.php?candidate_id=696,TIRUCHIRAPPALLI EAST,Amma Makkal Munnettra Kazagam,0,Graduate,https://myneta.info/image_v2.php?myneta_folder=TamilNadu2021&candidate_id=696&col=ta,https://myneta.info/image_v2.php?myneta_folder=TamilNadu2021&candidate_id=696&col=lia
1729,455,Manoharan.S,https://www.myneta.info/TamilNadu2021/candidate.php?candidate_id=455,KANGAYAM,Anna Puratchi Thalaivar Amma Dravida Munnetra Kazhagam,0,8th Pass,"Rs 2,50,000 ~ 2 Lacs+",Rs 0 ~
1730,2969,Manoj.P,https://www.myneta.info/TamilNadu2021/candidate.php?candidate_id=2969,KARUR,IND,0,10th Pass,"Rs 65,000 ~ 65 Thou+",Rs 0 ~
1731,2033,Manojkumar A.,https://www.myneta.info/TamilNadu2021/candidate.php?candidate_id=2033,TAMBARAM,SHS,1,10th Pass,https://myneta.info/image_v2.php?myneta_folder=TamilNadu2021&candidate_id=2033&col=ta,https://myneta.info/image_v2.php?myneta_folder=TamilNadu2021&candidate_id=2033&col=lia
1732,3987,Manojkumar.G,https://www.myneta.info/TamilNadu2021/candidate.php?candidate_id=3987,GUDIYATTAM (SC),IND,0,8th Pass,"Rs 5,30,000 ~ 5 Lacs+",Rs 0 ~
1733,2938,Manojpandiyan. J. M,https://www.myneta.info/TamilNadu2021/candidate.php?candidate_id=2938,ARAVAKURICHI,IND,0,Graduate Professional,"Rs 4,81,000 ~ 4 Lacs+","Rs 76,000 ~ 76 Thou+"
1734,166,"Manraj, E.M.",https://www.myneta.info/TamilNadu2021/candidate.php?candidate_id=166,SRIVILLIPUTHUR (SC),AIADMK,0,Graduate,https://myneta.info/image_v2.php?myneta_folder=TamilNadu2021&candidate_id=166&col=ta,https://myneta.info/image_v2.php?myneta_folder=TamilNadu2021&candidate_id=166&col=lia
1735,4192,Manthirasudamani,https://www.myneta.info/TamilNadu2021/candidate.php?candidate_id=4192,KOVILPATTI,IND,0,Post Graduate,"Rs 1,34,97,001 ~ 1 Crore+","Rs 4,30,404 ~ 4 Lacs+"
1736,530,Maragatham. K,https://www.myneta.info/TamilNadu2021/candidate.php?candidate_id=530,MADURANTAKAM (SC),AIADMK,0,Post Graduate,"Rs 3,76,09,491 ~ 3 Crore+","Rs 99,35,511 ~ 99 Lacs+"
1737,1114,Maregowdu M,https://www.myneta.info/TamilNadu2021/candidate.php?candidate_id=1114,HOSUR,Amma Makkal Munnettra Kazagam,1,Post Graduate,https://myneta.info/image_v2.php?myneta_folder=TamilNadu2021&candidate_id=1114&col=ta,https://myneta.info/image_v2.php?myneta_folder=TamilNadu2021&candidate_id=1114&col=lia
1738,1905,Maria Jacob Stani Raja S,https://www.myneta.info/TamilNadu2021/candidate.php?candidate_id=1905,NAGERCOIL,Makkal Needhi Maiam,0,Post Graduate,"Rs 56,99,097 ~ 56 Lacs+","Rs 21,09,727 ~ 21 Lacs+"
1739,1868,Mariappan T,https://www.myneta.info/TamilNadu2021/candidate.php?candidate_id=1868,METTUPALAYAM,IND,0,8th Pass,"Rs 20,290 ~ 20 Thou+",Rs 0 ~
1740,3901,"Mariappan, M.",https://www.myneta.info/TamilNadu2021/candidate.php?candidate_id=3901,SATTUR,IND,0,5th Pass,https://myneta.info/image_v2.php?myneta_folder=TamilNadu2021&candidate_id=3901&col=ta,https://myneta.info/image_v2.php?myneta_folder=TamilNadu2021&candidate_id=3901&col=lia
1741,2472,Mariappan.R,https://www.myneta.info/TamilNadu2021/candidate.php?candidate_id=2472,KINATHUKADAVU,Ganasangam Party of India,0,5th Pass,"Rs 43,500 ~ 43 Thou+",Rs 0 ~
1742,2905,Mariaselvan Y,https://www.myneta.info/TamilNadu2021/candidate.php?candidate_id=2905,VILAVANCODE,IND,2,12th Pass,"Rs 1,35,000 ~ 1 Lacs+",Rs 0 ~
1743,1132,Mariduraipandian,https://www.myneta.info/TamilNadu2021/candidate.php?candidate_id=1132,KADAYANALLUR,IND,0,12th Pass,https://myneta.info/image_v2.php?myneta_folder=TamilNadu2021&candidate_id=1132&col=ta,https://myneta.info/image_v2.php?myneta_folder=TamilNadu2021&candidate_id=1132&col=lia
1744,3107,Marikannan A,https://www.myneta.info/TamilNadu2021/candidate.php?candidate_id=3107,THIRUMANGALAM,National Democratic Party of South India,0,5th Pass,"Rs 16,70,000 ~ 16 Lacs+",Rs 0 ~
1745,3885,"Marikannan, G.",https://www.myneta.info/TamilNadu2021/candidate.php?candidate_id=3885,SATTUR,Puthiya Tamilagam,1,10th Pass,"Rs 2,00,000 ~ 2 Lacs+",Rs 0 ~
1746,2214,Marimuthu A.V.M,https://www.myneta.info/TamilNadu2021/candidate.php?candidate_id=2214,MANNARGUDI,IND,1,5th Pass,https://myneta.info/image_v2.php?myneta_folder=TamilNadu2021&candidate_id=2214&col=ta,https://myneta.info/image_v2.php?myneta_folder=TamilNadu2021&candidate_id=2214&col=lia
1747,1677,Marimuthu K,https://www.myneta.info/TamilNadu2021/candidate.php?candidate_id=1677,THIRUTHURAIPOONDI (SC),CPI,3,12th Pass,"Rs 3,30,460 ~ 3 Lacs+",Rs 0 ~
1748,4127,Marimuthu S,https://www.myneta.info/TamilNadu2021/candidate.php?candidate_id=4127,VILATHIKULAM,South India Forward Bloc,0,5th Pass,"Rs 32,35,000 ~ 32 Lacs+",Rs 0 ~
1749,2636,Marimuthu T.S,https://www.myneta.info/TamilNadu2021/candidate.php?candidate_id=2636,ODDANCHATRAM,IND,1,12th Pass,https://myneta.info/image_v2.php?myneta_folder=TamilNadu2021&candidate_id=2636&col=ta,https://myneta.info/image_v2.php?myneta_folder=TamilNadu2021&candidate_id=2636&col=lia
1750,3404,"Marimuthu, G.",https://www.myneta.info/TamilNadu2021/candidate.php?candidate_id=3404,THIRUVIDAIMARUDUR (SC),IND,0,Others,"Rs 1,50,000 ~ 1 Lacs+",Rs 0 ~
1751,2751,Marimuthu. M,https://www.myneta.info/TamilNadu2021/candidate.php?candidate_id=2751,SALEM WEST,IND,0,10th Pass,"Rs 3,61,500 ~ 3 Lacs+",Rs 0 ~
1752,3490,Marimuthu.G,https://www.myneta.info/TamilNadu2021/candidate.php?candidate_id=3490,CUMBUM,IND,0,10th Pass,https://myneta.info/image_v2.php?myneta_folder=TamilNadu2021&candidate_id=3490&col=ta,https://myneta.info/image_v2.php?myneta_folder=TamilNadu2021&candidate_id=3490&col=lia
1753,1962,Marimuthu.M,https://www.myneta.info/TamilNadu2021/candidate.php?candidate_id=1962,SIVAKASI,IND,0,10th Pass,"Rs 10,11,183 ~ 10 Lacs+",Rs 0 ~
1754,11,Marimuthu.P,https://www.myneta.info/TamilNadu2021/candidate.php?candidate_id=11,DR.RADHAKRISHNAN NAGAR,IND,0,5th Pass,"Rs 51,82,400 ~ 51 Lacs+",Rs 0 ~
1755,3464,Mariyammal,https://www.myneta.info/TamilNadu2021/candidate.php?candidate_id=3464,ANDIPATTI,IND,0,Illiterate,https://myneta.info/image_v2.php?myneta_folder=TamilNadu2021&candidate_id=3464&col=ta,https://myneta.info/image_v2.php?myneta_folder=TamilNadu2021&candidate_id=3464&col=lia
1756,3995,Mariyappan S,https://www.myneta.info/TamilNadu2021/candidate.php?candidate_id=3995,GINGEE,IND,0,Illiterate,"Rs 4,30,800 ~ 4 Lacs+",Rs 0 ~
1757,3405,"Mariyappan, N.",https://www.myneta.info/TamilNadu2021/candidate.php?candidate_id=3405,THIRUVIDAIMARUDUR (SC),IND,0,10th Pass,"Rs 50,500 ~ 50 Thou+",Rs 0 ~
1758,754,Markandayan V,https://www.myneta.info/TamilNadu2021/candidate.php?candidate_id=754,VILATHIKULAM,DMK,5,Graduate Professional,https://myneta.info/image_v2.php?myneta_folder=TamilNadu2021&candidate_id=754&col=ta,https://myneta.info/image_v2.php?myneta_folder=TamilNadu2021&candidate_id=754&col=lia
1759,2072,Marudhu Alaguraj,https://www.myneta.info/TamilNadu2021/candidate.php?candidate_id=2072,TIRUPPATHUR,AIADMK,0,12th Pass,"Rs 3,50,84,938 ~ 3 Crore+","Rs 1,02,72,228 ~ 1 Crore+"
1760,2571,Maruthaiyan G,https://www.myneta.info/TamilNadu2021/candidate.php?candidate_id=2571,KILVELUR,IND,0,5th Pass,"Rs 12,83,800 ~ 12 Lacs+","Rs 2,40,000 ~ 2 Lacs+"
1761,3550,"Maruthamuthu,N.",https://www.myneta.info/TamilNadu2021/candidate.php?candidate_id=3550,TIRUCHIRAPPALLI EAST,IND,0,8th Pass,https://myneta.info/image_v2.php?myneta_folder=TamilNadu2021&candidate_id=3550&col=ta,https://myneta.info/image_v2.php?myneta_folder=TamilNadu2021&candidate_id=3550&col=lia
1762,4086,Maruthasalam V,https://www.myneta.info/TamilNadu2021/candidate.php?candidate_id=4086,PALLADAM,IND,0,5th Pass,"Rs 3,12,000 ~ 3 Lacs+",Rs 0 ~
1763,2898,Mary Adlin,https://www.myneta.info/TamilNadu2021/candidate.php?candidate_id=2898,VILAVANCODE,Naam Tamilar Katchi,0,Post Graduate,"Rs 71,650 ~ 71 Thou+",Rs 0 ~
1764,2156,Mary Selvarani.R,https://www.myneta.info/TamilNadu2021/candidate.php?candidate_id=2156,THALLY,Naam Tamilar Katchi,0,12th Pass,https://myneta.info/image_v2.php?myneta_folder=TamilNadu2021&candidate_id=2156&col=ta,https://myneta.info/image_v2.php?myneta_folder=TamilNadu2021&candidate_id=2156&col=lia
1765,962,Mary Stella R,https://www.myneta.info/TamilNadu2021/candidate.php?candidate_id=962,COLACHAL,CPI(ML) Red Star,4,10th Pass,"Rs 1,05,15,000 ~ 1 Crore+","Rs 4,00,000 ~ 4 Lacs+"
1766,922,Maryvoilet. J,https://www.myneta.info/TamilNadu2021/candidate.php?candidate_id=922,CHEYYAR,Desiya Sirupanmayinar Makkal Iyakkam,0,8th Pass,"Rs 12,28,750 ~ 12 Lacs+","Rs 6,00,000 ~ 6 Lacs+"
1767,3998,Masilamani V S/O Veeraragavan,https://www.myneta.info/TamilNadu2021/candidate.php?candidate_id=3998,MAILAM,IND,0,Illiterate,https://myneta.info/image_v2.php?myneta_folder=TamilNadu2021&candidate_id=3998&col=ta,https://myneta.info/image_v2.php?myneta_folder=TamilNadu2021&candidate_id=3998&col=lia
1768,3999,Masilamani V S/O Vengadachalam,https://www.myneta.info/TamilNadu2021/candidate.php?candidate_id=3999,MAILAM,IND,0,Illiterate,"Rs 11,500 ~ 11 Thou+",Rs 0 ~
1769,1113,Masood S,https://www.myneta.info/TamilNadu2021/candidate.php?candidate_id=1113,HOSUR,Makkal Needhi Maiam,0,Post Graduate,"Rs 68,47,000 ~ 68 Lacs+","Rs 23,13,500 ~ 23 Lacs+"
1770,413,Masthan K S,https://www.myneta.info/TamilNadu2021/candidate.php?candidate_id=413,GINGEE,DMK,29,8th Pass,https://myneta.info/image_v2.php?myneta_folder=TamilNadu2021&candidate_id=413&col=ta,https://myneta.info/image_v2.php?myneta_folder=TamilNadu2021&candidate_id=413&col=lia
1771,2896,"Mathan, F.",https://www.myneta.info/TamilNadu2021/candidate.php?candidate_id=2896,PADMANABHAPURAM,IND,0,12th Pass,"Rs 23,25,000 ~ 23 Lacs+","Rs 5,70,000 ~ 5 Lacs+"
1772,1616,Mathankumar K,https://www.myneta.info/TamilNadu2021/candidate.php?candidate_id=1616,SANKARANKOVIL (SC),My India Party,0,8th Pass,"Rs 25,000 ~ 25 Thou+",Rs 0 ~
1773,3403,"Mathi, M.",https://www.myneta.info/TamilNadu2021/candidate.php?candidate_id=3403,THIRUVIDAIMARUDUR (SC),IND,0,8th Pass,https://myneta.info/image_v2.php?myneta_folder=TamilNadu2021&candidate_id=3403&col=ta,https://myneta.info/image_v2.php?myneta_folder=TamilNadu2021&candidate_id=3403&col=lia
1774,2406,Mathiazhagan,https://www.myneta.info/TamilNadu2021/candidate.php?candidate_id=2406,KATTUMANNARKOIL (SC),IND,0,8th Pass,"Rs 55,000 ~ 55 Thou+",Rs 0 ~
1775,69,Mathiazhagan D,https://www.myneta.info/TamilNadu2021/candidate.php?candidate_id=69,BARGUR,DMK,0,Graduate,"Rs 71,87,67,086 ~ 71 Crore+","Rs 17,58,93,071 ~ 17 Crore+"
1776,4045,Mathivanan S,https://www.myneta.info/TamilNadu2021/candidate.php?candidate_id=4045,TIRUKKOYILUR,IND,0,12th Pass,https://myneta.info/image_v2.php?myneta_folder=TamilNadu2021&candidate_id=4045&col=ta,https://myneta.info/image_v2.php?myneta_folder=TamilNadu2021&candidate_id=4045&col=lia
1777,1610,Mathivanan S S,https://www.myneta.info/TamilNadu2021/candidate.php?candidate_id=1610,VASUDEVANALLUR (SC),Naam Tamilar Katchi,4,Graduate Professional,"Rs 1,84,555 ~ 1 Lacs+",Rs 0 ~
1778,1998,Mathiventhan M,https://www.myneta.info/TamilNadu2021/candidate.php?candidate_id=1998,RASIPURAM(SC),DMK,0,Graduate Professional,"Rs 5,22,43,724 ~ 5 Crore+","Rs 2,21,20,788 ~ 2 Crore+"
1779,2937,Mathiyalagan. P,https://www.myneta.info/TamilNadu2021/candidate.php?candidate_id=2937,ARAVAKURICHI,IND,0,Graduate,https://myneta.info/image_v2.php?myneta_folder=TamilNadu2021&candidate_id=2937&col=ta,https://myneta.info/image_v2.php?myneta_folder=TamilNadu2021&candidate_id=2937&col=lia
1780,1388,"Mathiyazhagan, S.",https://www.myneta.info/TamilNadu2021/candidate.php?candidate_id=1388,KUNNAM,IND,0,Illiterate,"Rs 14,24,000 ~ 14 Lacs+","Rs 5,73,000 ~ 5 Lacs+"
1781,1899,Mayilarasi,https://www.myneta.info/TamilNadu2021/candidate.php?candidate_id=1899,NAGAPATTINAM,Naadaalum Makkal Katchi,0,12th Pass,"Rs 36,07,200 ~ 36 Lacs+","Rs 7,75,000 ~ 7 Lacs+"
1782,119,Mayilsamy.P,https://www.myneta.info/TamilNadu2021/candidate.php?candidate_id=119,MODAKKURICHI,IND,0,8th Pass,https://myneta.info/image_v2.php?myneta_folder=TamilNadu2021&candidate_id=119&col=ta,https://myneta.info/image_v2.php?myneta_folder=TamilNadu2021&candidate_id=119&col=lia
1783,924,Mayilvaganan. T,https://www.myneta.info/TamilNadu2021/candidate.php?candidate_id=924,CHEYYAR,Makkal Needhi Maiam,0,Post Graduate,"Rs 3,25,73,750 ~ 3 Crore+","Rs 67,74,350 ~ 67 Lacs+"
1784,1961,Mayilvaganan.G,https://www.myneta.info/TamilNadu2021/candidate.php?candidate_id=1961,SIVAKASI,IND,0,8th Pass,"Rs 34,97,000 ~ 34 Lacs+","Rs 1,10,000 ~ 1 Lacs+"
1785,955,Mayura S Jayakumar,https://www.myneta.info/TamilNadu2021/candidate.php?candidate_id=955,COIMBATORE SOUTH,INC,10,Post Graduate,https://myneta.info/image_v2.php?myneta_folder=TamilNadu2021&candidate_id=955&col=ta,https://myneta.info/image_v2.php?myneta_folder=TamilNadu2021&candidate_id=955&col=lia
1786,399,"Meenakshi,V.",https://www.myneta.info/TamilNadu2021/candidate.php?candidate_id=399,ERODE EAST,IND,0,Graduate Professional,"Rs 6,52,000 ~ 6 Lacs+","Rs 1,30,000 ~ 1 Lacs+"
1787,1844,"Meera, K",https://www.myneta.info/TamilNadu2021/candidate.php?candidate_id=1844,AVANASHI (SC),DMDK,0,Graduate Professional,"Rs 82,51,500 ~ 82 Lacs+","Rs 10,00,000 ~ 10 Lacs+"
1788,3411,"Mehraj Banu, N.",https://www.myneta.info/TamilNadu2021/candidate.php?candidate_id=3411,PAPANASAM,All India Jananayaka Makkal Kazhagam,0,8th Pass,https://myneta.info/image_v2.php?myneta_folder=TamilNadu2021&candidate_id=3411&col=ta,https://myneta.info/image_v2.php?myneta_folder=TamilNadu2021&candidate_id=3411&col=lia
1789,3445,"Meikkappan, T.",https://www.myneta.info/TamilNadu2021/candidate.php?candidate_id=3445,PATTUKKOTTAI,Anna Dravidar Kazhagam,0,Graduate,"Rs 1,04,42,444 ~ 1 Crore+","Rs 18,99,900 ~ 18 Lacs+"
1790,581,Merlin Suganthi. S,https://www.myneta.info/TamilNadu2021/candidate.php?candidate_id=581,PERAMBUR,Naam Tamilar Katchi,0,Others,"Rs 55,49,249 ~ 55 Lacs+","Rs 9,80,000 ~ 9 Lacs+"
1791,1948,Mgr Nambbi,https://www.myneta.info/TamilNadu2021/candidate.php?candidate_id=1948,SIVAKASI,All India MGR Makkal Munnetra Kazhagam,2,Post Graduate,https://myneta.info/image_v2.php?myneta_folder=TamilNadu2021&candidate_id=1948&col=ta,https://myneta.info/image_v2.php?myneta_folder=TamilNadu2021&candidate_id=1948&col=lia
1792,3824,Michael,https://www.myneta.info/TamilNadu2021/candidate.php?candidate_id=3824,PALLAVARAM,IND,0,Not Given,"Rs 26,30,208 ~ 26 Lacs+",Rs 0 ~
1793,3815,Minishree Kanagaraj,https://www.myneta.info/TamilNadu2021/candidate.php?candidate_id=3815,PALLAVARAM,Naam Tamilar Katchi,0,Graduate,"Rs 1,41,02,000 ~ 1 Crore+","Rs 37,00,000 ~ 37 Lacs+"
1794,2819,"Minnal Murugesh,R.",https://www.myneta.info/TamilNadu2021/candidate.php?candidate_id=2819,ERODE EAST,IND,0,8th Pass,https://myneta.info/image_v2.php?myneta_folder=TamilNadu2021&candidate_id=2819&col=ta,https://myneta.info/image_v2.php?myneta_folder=TamilNadu2021&candidate_id=2819&col=lia
1795,1761,Mirza Safdar Ali,https://www.myneta.info/TamilNadu2021/candidate.php?candidate_id=1761,KOLATHUR,IND,0,8th Pass,"Rs 3,27,000 ~ 3 Lacs+",Rs 0 ~
1796,3344,Misra G,https://www.myneta.info/TamilNadu2021/candidate.php?candidate_id=3344,RAMANATHAPURAM,IND,0,10th Pass,"Rs 25,72,000 ~ 25 Lacs+","Rs 6,20,000 ~ 6 Lacs+"
1797,1766,Mjs.Jamal Mohamed Meera,https://www.myneta.info/TamilNadu2021/candidate.php?candidate_id=1766,KOLATHUR,BSP,0,5th Pass,https://myneta.info/image_v2.php?myneta_folder=TamilNadu2021&candidate_id=1766&col=ta,https://myneta.info/image_v2.php?myneta_folder=TamilNadu2021&candidate_id=1766&col=lia
1798,2582,Mohamed Ali,https://www.myneta.info/TamilNadu2021/candidate.php?candidate_id=2582,VEDHARANYAM,Makkal Needhi Maiam,0,Post Graduate,"Rs 62,41,446 ~ 62 Lacs+",Rs 0 ~
1799,2223,Mohamed Halith A.,https://www.myneta.info/TamilNadu2021/candidate.php?candidate_id=2223,THIRUVAUR,IND,0,Post Graduate,"Rs 12,50,500 ~ 12 Lacs+",Rs 0 ~
1800,4015,Mohamed Ibraim A,https://www.myneta.info/TamilNadu2021/candidate.php?candidate_id=4015,VILLUPURAM,Anna Dravidar Kazhagam,0,8th Pass,https://myneta.info/image_v2.php?myneta_folder=TamilNadu2021&candidate_id=4015&col=ta,https://myneta.info/image_v2.php?myneta_folder=TamilNadu2021&candidate_id=4015&col=lia
1801,3630,Mohamed Mubarak .V.M.S.,https://www.myneta.info/TamilNadu2021/candidate.php?candidate_id=3630,PALAYAMKOTTAI,SDPI,5,Post Graduate,"Rs 18,70,000 ~ 18 Lacs+",Rs 0 ~
1802,3737,Mohamed.S,https://www.myneta.info/TamilNadu2021/candidate.php?candidate_id=3737,TENKASI,Amma Makkal Munnettra Kazagam,0,10th Pass,"Rs 1,77,77,580 ~ 1 Crore+","Rs 34,46,000 ~ 34 Lacs+"
1803,2888,Mohammed Ali S,https://www.myneta.info/TamilNadu2021/candidate.php?candidate_id=2888,COLACHAL,All India Jananayaka Makkal Kazhagam,0,Post Graduate,https://myneta.info/image_v2.php?myneta_folder=TamilNadu2021&candidate_id=2888&col=ta,https://myneta.info/image_v2.php?myneta_folder=TamilNadu2021&candidate_id=2888&col=lia
1804,818,Mohammed Haneef Shahil. K. S,https://www.myneta.info/TamilNadu2021/candidate.php?candidate_id=818,ARAVAKURICHI,Makkal Needhi Maiam,0,Post Graduate,"Rs 48,86,601 ~ 48 Lacs+","Rs 2,89,458 ~ 2 Lacs+"
1805,2333,Mohammed Hussain,https://www.myneta.info/TamilNadu2021/candidate.php?candidate_id=2333,CHEPAUK-THIRUVALLIKENI,IND,0,10th Pass,"Rs 9,000 ~ 9 Thou+",Rs 0 ~
1806,2323,Mohammed Idris K,https://www.myneta.info/TamilNadu2021/candidate.php?candidate_id=2323,CHEPAUK-THIRUVALLIKENI,Indiya Jananayaka Katchi,0,Post Graduate,https://myneta.info/image_v2.php?myneta_folder=TamilNadu2021&candidate_id=2323&col=ta,https://myneta.info/image_v2.php?myneta_folder=TamilNadu2021&candidate_id=2323&col=lia
1807,1010,Mohan . R,https://www.myneta.info/TamilNadu2021/candidate.php?candidate_id=1010,DR.RADHAKRISHNAN NAGAR,United States of India Party,0,10th Pass,"Rs 8,000 ~ 8 Thou+","Rs 16,50,000 ~ 16 Lacs+"
1808,4005,Mohan A,https://www.myneta.info/TamilNadu2021/candidate.php?candidate_id=4005,TINDIVANAM (SC),MAKKAL SAKTHI KATCHI,0,12th Pass,"Rs 1,30,733 ~ 1 Lacs+","Rs 37,000 ~ 37 Thou+"
1809,2906,Mohan Kumar M,https://www.myneta.info/TamilNadu2021/candidate.php?candidate_id=2906,VILAVANCODE,IND,0,5th Pass,https://myneta.info/image_v2.php?myneta_folder=TamilNadu2021&candidate_id=2906&col=ta,https://myneta.info/image_v2.php?myneta_folder=TamilNadu2021&candidate_id=2906&col=lia
1810,133,Mohan P,https://www.myneta.info/TamilNadu2021/candidate.php?candidate_id=133,VEERAPANDI,SUCI(C),0,12th Pass,"Rs 38,15,693 ~ 38 Lacs+","Rs 50,000 ~ 50 Thou+"
1811,217,Mohan P,https://www.myneta.info/TamilNadu2021/candidate.php?candidate_id=217,OTTAPIDARAM (SC),AIADMK,0,Graduate,"Rs 4,89,52,845 ~ 4 Crore+",Rs 0 ~
1812,2812,"Mohan, V.",https://www.myneta.info/TamilNadu2021/candidate.php?candidate_id=2812,VEERAPANDI,IND,0,Illiterate,https://myneta.info/image_v2.php?myneta_folder=TamilNadu2021&candidate_id=2812&col=ta,https://myneta.info/image_v2.php?myneta_folder=TamilNadu2021&candidate_id=2812&col=lia
1813,474,Mohan.M.L.M,https://www.myneta.info/TamilNadu2021/candidate.php?candidate_id=474,KARUR,IND,0,Graduate Professional,"Rs 2,15,155 ~ 2 Lacs+","Rs 6,40,000 ~ 6 Lacs+"
1814,161,Mohana Sundari.S,https://www.myneta.info/TamilNadu2021/candidate.php?candidate_id=161,THIRUPORUR,Naam Tamilar Katchi,0,Graduate,"Rs 62,38,532 ~ 62 Lacs+","Rs 25,25,000 ~ 25 Lacs+"
1815,2496,"Mohandass, N",https://www.myneta.info/TamilNadu2021/candidate.php?candidate_id=2496,SINGANALLUR,IND,0,Others,https://myneta.info/image_v2.php?myneta_folder=TamilNadu2021&candidate_id=2496&col=ta,https://myneta.info/image_v2.php?myneta_folder=TamilNadu2021&candidate_id=2496&col=lia
1816,1062,Mohanraj K,https://www.myneta.info/TamilNadu2021/candidate.php?candidate_id=1062,GOBICHETTIPALAYAM,IND,0,8th Pass,"Rs 2,10,000 ~ 2 Lacs+",Rs 0 ~
1817,2917,Mohanraj. C,https://www.myneta.info/TamilNadu2021/candidate.php?candidate_id=2917,ARAVAKURICHI,Samaniya Makkal Nala Katchi,0,Graduate,"Rs 4,54,750 ~ 4 Lacs+","Rs 10,500 ~ 10 Thou+"
1818,555,Mohanraj.J,https://www.myneta.info/TamilNadu2021/candidate.php?candidate_id=555,MYLAPORE,IND,0,Graduate,https://myneta.info/image_v2.php?myneta_folder=TamilNadu2021&candidate_id=555&col=ta,https://myneta.info/image_v2.php?myneta_folder=TamilNadu2021&candidate_id=555&col=lia
1819,2947,Mohanraj.S,https://www.myneta.info/TamilNadu2021/candidate.php?candidate_id=2947,KARUR,Makkal Needhi Maiam,0,Others,"Rs 60,17,000 ~ 60 Lacs+","Rs 8,25,242 ~ 8 Lacs+"
1820,548,Mohanram C.,https://www.myneta.info/TamilNadu2021/candidate.php?candidate_id=548,MELUR,IND,0,12th Pass,"Rs 7,02,752 ~ 7 Lacs+",Rs 0 ~
1821,3100,"Mohideen Abdul Kadar, M.K.",https://www.myneta.info/TamilNadu2021/candidate.php?candidate_id=3100,THIRUPARANKUNDRAM,IND,0,Post Graduate,https://myneta.info/image_v2.php?myneta_folder=TamilNadu2021&candidate_id=3100&col=ta,https://myneta.info/image_v2.php?myneta_folder=TamilNadu2021&candidate_id=3100&col=lia
1822,3855,Moorthi . N,https://www.myneta.info/TamilNadu2021/candidate.php?candidate_id=3855,MADURANTAKAM (SC),DMDK,0,8th Pass,"Rs 4,30,000 ~ 4 Lacs+",Rs 0 ~
1823,3062,Moorthi M,https://www.myneta.info/TamilNadu2021/candidate.php?candidate_id=3062,SHOLAVANDAN (SC),IND,0,Graduate Professional,"Rs 46,24,710 ~ 46 Lacs+","Rs 20,00,000 ~ 20 Lacs+"
1824,1974,Moorthi. S,https://www.myneta.info/TamilNadu2021/candidate.php?candidate_id=1974,PENNAGARAM,BSP,0,Graduate,https://myneta.info/image_v2.php?myneta_folder=TamilNadu2021&candidate_id=1974&col=ta,https://myneta.info/image_v2.php?myneta_folder=TamilNadu2021&candidate_id=1974&col=lia
1825,575,Moorthiy K S,https://www.myneta.info/TamilNadu2021/candidate.php?candidate_id=575,PARAMATHIVELUR,DMK,1,Graduate,"Rs 5,53,28,049 ~ 5 Crore+","Rs 41,49,213 ~ 41 Lacs+"
1826,3196,Moorthy M,https://www.myneta.info/TamilNadu2021/candidate.php?candidate_id=3196,PARAMATHIVELUR,IND,0,Illiterate,"Rs 6,12,576 ~ 6 Lacs+",Rs 0 ~
1827,3061,Moorthy P,https://www.myneta.info/TamilNadu2021/candidate.php?candidate_id=3061,SHOLAVANDAN (SC),IND,0,10th Pass,https://myneta.info/image_v2.php?myneta_folder=TamilNadu2021&candidate_id=3061&col=ta,https://myneta.info/image_v2.php?myneta_folder=TamilNadu2021&candidate_id=3061&col=lia
1828,1443,Moorthy P,https://www.myneta.info/TamilNadu2021/candidate.php?candidate_id=1443,MADURAI EAST,DMK,3,12th Pass,"Rs 11,35,69,676 ~ 11 Crore+","Rs 3,79,36,176 ~ 3 Crore+"
1829,2801,Moorthy S,https://www.myneta.info/TamilNadu2021/candidate.php?candidate_id=2801,VEDASANDUR,IND,0,12th Pass,"Rs 5,39,050 ~ 5 Lacs+",Rs 0 ~
1830,1422,Moorthy. S,https://www.myneta.info/TamilNadu2021/candidate.php?candidate_id=1422,MADHAVARAM,IND,0,Graduate,https://myneta.info/image_v2.php?myneta_folder=TamilNadu2021&candidate_id=1422&col=ta,https://myneta.info/image_v2.php?myneta_folder=TamilNadu2021&candidate_id=1422&col=lia
1831,522,Moorthy. V,https://www.myneta.info/TamilNadu2021/candidate.php?candidate_id=522,MADHAVARAM,AIADMK,0,Graduate,"Rs 5,14,29,044 ~ 5 Crore+","Rs 13,85,807 ~ 13 Lacs+"
1832,1223,Mounagurubalusamy.K,https://www.myneta.info/TamilNadu2021/candidate.php?candidate_id=1223,KARUR,IND,0,12th Pass,"Rs 3,92,000 ~ 3 Lacs+",Rs 0 ~
1833,1950,Mugunthan.S,https://www.myneta.info/TamilNadu2021/candidate.php?candidate_id=1950,SIVAKASI,Makkal Needhi Maiam,0,10th Pass,https://myneta.info/image_v2.php?myneta_folder=TamilNadu2021&candidate_id=1950&col=ta,https://myneta.info/image_v2.php?myneta_folder=TamilNadu2021&candidate_id=1950&col=lia
1834,2986,Muhilan.T,https://www.myneta.info/TamilNadu2021/candidate.php?candidate_id=2986,KRISHNARAYAPURAM (SC),IND,0,Graduate Professional,"Rs 4,75,600 ~ 4 Lacs+","Rs 56,300 ~ 56 Thou+"
1835,3770,Mujibur Ragiman M,https://www.myneta.info/TamilNadu2021/candidate.php?candidate_id=3770,SANKARAPURAM,All India Majlis-E-Ittehadul Muslimeen,0,10th Pass,"Rs 12,25,426 ~ 12 Lacs+",Rs 0 ~
1836,2613,Munishraja M,https://www.myneta.info/TamilNadu2021/candidate.php?candidate_id=2613,PALANI,IND,0,Doctorate,https://myneta.info/image_v2.php?myneta_folder=TamilNadu2021&candidate_id=2613&col=ta,https://myneta.info/image_v2.php?myneta_folder=TamilNadu2021&candidate_id=2613&col=lia
1837,3719,Munivel.S,https://www.myneta.info/TamilNadu2021/candidate.php?candidate_id=3719,ARCOT,National Democratic Party of South India,0,10th Pass,"Rs 6,01,000 ~ 6 Lacs+",Rs 0 ~
1838,904,Muniyandi,https://www.myneta.info/TamilNadu2021/candidate.php?candidate_id=904,CHEPAUK-THIRUVALLIKENI,IND,0,Not Given,"Rs 2,48,21,000 ~ 2 Crore+",Rs 0 ~
1839,985,Muniyappan A,https://www.myneta.info/TamilNadu2021/candidate.php?candidate_id=985,DHARAPURAM (SC),Anna Puratchi Thalaivar Amma Dravida Munnetra Kazhagam,0,12th Pass,https://myneta.info/image_v2.php?myneta_folder=TamilNadu2021&candidate_id=985&col=ta,https://myneta.info/image_v2.php?myneta_folder=TamilNadu2021&candidate_id=985&col=lia
1840,3144,Muniyappan M,https://www.myneta.info/TamilNadu2021/candidate.php?candidate_id=3144,RASIPURAM(SC),IND,0,Graduate,"Rs 1,06,000 ~ 1 Lacs+",Rs 0 ~
1841,1471,Muniyasamy. V,https://www.myneta.info/TamilNadu2021/candidate.php?candidate_id=1471,MADURAI WEST,Makkal Needhi Maiam,0,Post Graduate,"Rs 2,10,09,018 ~ 2 Crore+","Rs 50,76,000 ~ 50 Lacs+"
1842,2534,Munusamy. S,https://www.myneta.info/TamilNadu2021/candidate.php?candidate_id=2534,PENNAGARAM,IND,0,8th Pass,https://myneta.info/image_v2.php?myneta_folder=TamilNadu2021&candidate_id=2534&col=ta,https://myneta.info/image_v2.php?myneta_folder=TamilNadu2021&candidate_id=2534&col=lia
1843,1732,Murali Balaji,https://www.myneta.info/TamilNadu2021/candidate.php?candidate_id=1732,VELACHERY,IND,0,Post Graduate,"Rs 11,63,819 ~ 11 Lacs+",Rs 0 ~
1844,1659,Murali C,https://www.myneta.info/TamilNadu2021/candidate.php?candidate_id=1659,VANDAVASI (SC),IND,0,Graduate,"Rs 80,488 ~ 80 Thou+",Rs 0 ~
1845,3009,Murali M,https://www.myneta.info/TamilNadu2021/candidate.php?candidate_id=3009,BARGUR,BSP,0,10th Pass,https://myneta.info/image_v2.php?myneta_folder=TamilNadu2021&candidate_id=3009&col=ta,https://myneta.info/image_v2.php?myneta_folder=TamilNadu2021&candidate_id=3009&col=lia
1846,1665,Murali S,https://www.myneta.info/TamilNadu2021/candidate.php?candidate_id=1665,VANDAVASI (SC),Pattali Makkal Katchi,0,Graduate,"Rs 1,73,30,000 ~ 1 Crore+","Rs 58,50,000 ~ 58 Lacs+"
1847,1213,Murali.M,https://www.myneta.info/TamilNadu2021/candidate.php?candidate_id=1213,KARUR,IND,0,Graduate Professional,"Rs 45,000 ~ 45 Thou+",Rs 0 ~
1848,1542,Muralitharan M.,https://www.myneta.info/TamilNadu2021/candidate.php?candidate_id=1542,MANAMADURAI (SC),Anna MGR Dravida Makkal Kalgam,0,Illiterate,https://myneta.info/image_v2.php?myneta_folder=TamilNadu2021&candidate_id=1542&col=ta,https://myneta.info/image_v2.php?myneta_folder=TamilNadu2021&candidate_id=1542&col=lia
1849,2273,Murthi. R,https://www.myneta.info/TamilNadu2021/candidate.php?candidate_id=2273,SAIDAPET,IND,0,Graduate Professional,"Rs 22,87,969 ~ 22 Lacs+","Rs 6,40,900 ~ 6 Lacs+"
1850,1554,Murthy.R.Idream,https://www.myneta.info/TamilNadu2021/candidate.php?candidate_id=1554,ROYAPURAM,DMK,0,10th Pass,"Rs 1,12,19,58,217 ~ 112 Crore+","Rs 26,78,50,442 ~ 26 Crore+"
1851,1718,Murthy.T.C.S,https://www.myneta.info/TamilNadu2021/candidate.php?candidate_id=1718,ROYAPURAM,IND,0,Graduate Professional,https://myneta.info/image_v2.php?myneta_folder=TamilNadu2021&candidate_id=1718&col=ta,https://myneta.info/image_v2.php?myneta_folder=TamilNadu2021&candidate_id=1718&col=lia
1852,4097,Muruga Pandi.S,https://www.myneta.info/TamilNadu2021/candidate.php?candidate_id=4097,TIRUPPUR NORTH,IND,1,12th Pass,"Rs 1,60,501 ~ 1 Lacs+",Rs 0 ~
1853,3473,Murugan,https://www.myneta.info/TamilNadu2021/candidate.php?candidate_id=3473,PERIYAKULAM (SC),IND,0,8th Pass,"Rs 17,54,000 ~ 17 Lacs+","Rs 5,30,000 ~ 5 Lacs+"
1854,4062,Murugan A,https://www.myneta.info/TamilNadu2021/candidate.php?candidate_id=4062,DHARAPURAM (SC),IND,0,12th Pass,https://myneta.info/image_v2.php?myneta_folder=TamilNadu2021&candidate_id=4062&col=ta,https://myneta.info/image_v2.php?myneta_folder=TamilNadu2021&candidate_id=4062&col=lia
1855,3767,Murugan K,https://www.myneta.info/TamilNadu2021/candidate.php?candidate_id=3767,RISHIVANDIYAM,IND,0,Graduate Professional,"Rs 11,94,000 ~ 11 Lacs+",Rs 0 ~
1856,984,Murugan L,https://www.myneta.info/TamilNadu2021/candidate.php?candidate_id=984,DHARAPURAM (SC),BJP,21,Doctorate,"Rs 2,67,60,215 ~ 2 Crore+",Rs 0 ~
1857,1020,Murugan M,https://www.myneta.info/TamilNadu2021/candidate.php?candidate_id=1020,EDAPPADI,IND,0,Graduate,https://myneta.info/image_v2.php?myneta_folder=TamilNadu2021&candidate_id=1020&col=ta,https://myneta.info/image_v2.php?myneta_folder=TamilNadu2021&candidate_id=1020&col=lia
1858,219,Murugan P,https://www.myneta.info/TamilNadu2021/candidate.php?candidate_id=219,OTTAPIDARAM (SC),Naam Indiar Party,0,8th Pass,"Rs 9,80,000 ~ 9 Lacs+",Rs 0 ~
1859,2800,Murugan P,https://www.myneta.info/TamilNadu2021/candidate.php?candidate_id=2800,VEDASANDUR,IND,0,Not Given,"Rs 3,18,500 ~ 3 Lacs+",Rs 0 ~
1860,704,Murugan S,https://www.myneta.info/TamilNadu2021/candidate.php?candidate_id=704,TIRUKKOYILUR,Naam Tamilar Katchi,0,Others,https://myneta.info/image_v2.php?myneta_folder=TamilNadu2021&candidate_id=704&col=ta,https://myneta.info/image_v2.php?myneta_folder=TamilNadu2021&candidate_id=704&col=lia
1861,2215,Murugan S,https://www.myneta.info/TamilNadu2021/candidate.php?candidate_id=2215,MANNARGUDI,IND,0,Not Given,"Rs 2,55,000 ~ 2 Lacs+",Rs 0 ~
1862,3937,Murugan S,https://www.myneta.info/TamilNadu2021/candidate.php?candidate_id=3937,TIRUCHULI,Makkal Needhi Maiam,0,10th Pass,"Rs 73,56,000 ~ 73 Lacs+","Rs 10,00,000 ~ 10 Lacs+"
1863,3101,"Murugan, K.R.",https://www.myneta.info/TamilNadu2021/candidate.php?candidate_id=3101,THIRUPARANKUNDRAM,IND,3,5th Pass,https://myneta.info/image_v2.php?myneta_folder=TamilNadu2021&candidate_id=3101&col=ta,https://myneta.info/image_v2.php?myneta_folder=TamilNadu2021&candidate_id=3101&col=lia
1864,3659,"Murugan,R.",https://www.myneta.info/TamilNadu2021/candidate.php?candidate_id=3659,TIRUNELVELI,IND,0,Literate,"Rs 2,47,000 ~ 2 Lacs+",Rs 0 ~
1865,3660,"Murugan,V.",https://www.myneta.info/TamilNadu2021/candidate.php?candidate_id=3660,TIRUNELVELI,IND,0,12th Pass,"Rs 5,02,411 ~ 5 Lacs+","Rs 4,11,300 ~ 4 Lacs+"
1866,2752,Murugan. A,https://www.myneta.info/TamilNadu2021/candidate.php?candidate_id=2752,SALEM WEST,IND,1,Illiterate,https://myneta.info/image_v2.php?myneta_folder=TamilNadu2021&candidate_id=2752&col=ta,https://myneta.info/image_v2.php?myneta_folder=TamilNadu2021&candidate_id=2752&col=lia
1867,1504,Murugan.D,https://www.myneta.info/TamilNadu2021/candidate.php?candidate_id=1504,MADHURAVOYAL,IND,0,8th Pass,"Rs 17,15,705 ~ 17 Lacs+",Rs 0 ~
1868,2520,Murugan.K.,https://www.myneta.info/TamilNadu2021/candidate.php?candidate_id=2520,PALACODE,IND,0,10th Pass,"Rs 42,42,000 ~ 42 Lacs+",Rs 0 ~
1869,2521,Murugan.K.G.,https://www.myneta.info/TamilNadu2021/candidate.php?candidate_id=2521,PALACODE,IND,0,Graduate,https://myneta.info/image_v2.php?myneta_folder=TamilNadu2021&candidate_id=2521&col=ta,https://myneta.info/image_v2.php?myneta_folder=TamilNadu2021&candidate_id=2521&col=lia
1870,2193,Murugan.L,https://www.myneta.info/TamilNadu2021/candidate.php?candidate_id=2193,AMBUR,IND,0,8th Pass,"Rs 2,93,000 ~ 2 Lacs+",Rs 0 ~
1871,1933,Murugan.P.K.,https://www.myneta.info/TamilNadu2021/candidate.php?candidate_id=1933,PALACODE,DMK,0,Graduate Professional,"Rs 95,67,490 ~ 95 Lacs+","Rs 32,48,151 ~ 32 Lacs+"
1872,2574,Murugan.R,https://www.myneta.info/TamilNadu2021/candidate.php?candidate_id=2574,PAPPIREDDIPATTI,Anaithu Makkal Puratchi KatchiRAMESH.R,0,12th Pass,https://myneta.info/image_v2.php?myneta_folder=TamilNadu2021&candidate_id=2574&col=ta,https://myneta.info/image_v2.php?myneta_folder=TamilNadu2021&candidate_id=2574&col=lia
1873,428,Murugan.R,https://www.myneta.info/TamilNadu2021/candidate.php?candidate_id=428,HARUR (SC),IND,0,Graduate Professional,"Rs 4,36,162 ~ 4 Lacs+",Rs 0 ~
1874,4091,Murugan.R,https://www.myneta.info/TamilNadu2021/candidate.php?candidate_id=4091,HARUR (SC),Amma Makkal Munnettra Kazagam,0,Graduate Professional,"Rs 4,36,162 ~ 4 Lacs+",Rs 0 ~
1875,2578,Murugan.S,https://www.myneta.info/TamilNadu2021/candidate.php?candidate_id=2578,PAPPIREDDIPATTI,IND,0,Graduate Professional,https://myneta.info/image_v2.php?myneta_folder=TamilNadu2021&candidate_id=2578&col=ta,https://myneta.info/image_v2.php?myneta_folder=TamilNadu2021&candidate_id=2578&col=lia
1876,3568,Muruganandam M,https://www.myneta.info/TamilNadu2021/candidate.php?candidate_id=3568,THIRUVERUMBUR,Makkal Needhi Maiam,0,Post Graduate,"Rs 15,39,16,183 ~ 15 Crore+",Rs 0 ~
1877,2669,Muruganantham C,https://www.myneta.info/TamilNadu2021/candidate.php?candidate_id=2669,ATHOOR,IND,0,10th Pass,"Rs 47,99,470 ~ 47 Lacs+","Rs 15,88,000 ~ 15 Lacs+"
1878,4133,Muruganantham M,https://www.myneta.info/TamilNadu2021/candidate.php?candidate_id=4133,VILATHIKULAM,IND,0,8th Pass,https://myneta.info/image_v2.php?myneta_folder=TamilNadu2021&candidate_id=4133&col=ta,https://myneta.info/image_v2.php?myneta_folder=TamilNadu2021&candidate_id=4133&col=lia
1879,2987,Muruganantham.T,https://www.myneta.info/TamilNadu2021/candidate.php?candidate_id=2987,KRISHNARAYAPURAM (SC),IND,0,Graduate Professional,"Rs 2,78,000 ~ 2 Lacs+",Rs 0 ~
1880,481,Muruganantham.T,https://www.myneta.info/TamilNadu2021/candidate.php?candidate_id=481,KARUR,IND,0,Graduate,"Rs 85,000 ~ 85 Thou+",Rs 0 ~
1881,1568,Murugaraj M S,https://www.myneta.info/TamilNadu2021/candidate.php?candidate_id=1568,VALPARAI (SC),DMDK,0,Post Graduate,https://myneta.info/image_v2.php?myneta_folder=TamilNadu2021&candidate_id=1568&col=ta,https://myneta.info/image_v2.php?myneta_folder=TamilNadu2021&candidate_id=1568&col=lia
1882,2229,Murugavel M,https://www.myneta.info/TamilNadu2021/candidate.php?candidate_id=2229,NANNILAM,Anna Dravidar Kazhagam,0,8th Pass,"Rs 14,12,000 ~ 14 Lacs+",Rs 0 ~
1883,1938,Murugesan,https://www.myneta.info/TamilNadu2021/candidate.php?candidate_id=1938,PALLAVARAM,DMDK,1,10th Pass,"Rs 50,50,640 ~ 50 Lacs+",Rs 0 ~
1884,2782,Murugesan K,https://www.myneta.info/TamilNadu2021/candidate.php?candidate_id=2782,VEDASANDUR,Ganasangam Party of India,0,12th Pass,https://myneta.info/image_v2.php?myneta_folder=TamilNadu2021&candidate_id=2782&col=ta,https://myneta.info/image_v2.php?myneta_folder=TamilNadu2021&candidate_id=2782&col=lia
1885,4089,Murugesan K,https://www.myneta.info/TamilNadu2021/candidate.php?candidate_id=4089,PALLADAM,IND,0,12th Pass,"Rs 1,12,76,000 ~ 1 Crore+","Rs 23,00,000 ~ 23 Lacs+"
1886,1968,Murugesan S,https://www.myneta.info/TamilNadu2021/candidate.php?candidate_id=1968,PARAMAKUDI (SC),DMK,0,5th Pass,"Rs 1,80,40,919 ~ 1 Crore+","Rs 2,05,27,786 ~ 2 Crore+"
1887,3087,"Murugesan, A.",https://www.myneta.info/TamilNadu2021/candidate.php?candidate_id=3087,THIRUPARANKUNDRAM,My India Party,0,12th Pass,https://myneta.info/image_v2.php?myneta_folder=TamilNadu2021&candidate_id=3087&col=ta,https://myneta.info/image_v2.php?myneta_folder=TamilNadu2021&candidate_id=3087&col=lia
1888,4052,"Murugesan, R",https://www.myneta.info/TamilNadu2021/candidate.php?candidate_id=4052,AVANASHI (SC),IND,0,12th Pass,"Rs 97,500 ~ 97 Thou+",Rs 0 ~
1889,4240,Murugesan. D,https://www.myneta.info/TamilNadu2021/candidate.php?candidate_id=4240,POLUR,IND,0,8th Pass,"Rs 1,95,400 ~ 1 Lacs+",Rs 0 ~
1890,2939,Murugesan. M. S,https://www.myneta.info/TamilNadu2021/candidate.php?candidate_id=2939,ARAVAKURICHI,IND,0,Graduate Professional,https://myneta.info/image_v2.php?myneta_folder=TamilNadu2021&candidate_id=2939&col=ta,https://myneta.info/image_v2.php?myneta_folder=TamilNadu2021&candidate_id=2939&col=lia
1891,2741,Murugesan.A,https://www.myneta.info/TamilNadu2021/candidate.php?candidate_id=2741,DINDIGUL,Puthiya Tamilagam,1,Graduate,"Rs 16,10,000 ~ 16 Lacs+",Rs 0 ~
1892,1226,Murugesan.A,https://www.myneta.info/TamilNadu2021/candidate.php?candidate_id=1226,KARUR,IND,0,5th Pass,"Rs 2,96,000 ~ 2 Lacs+","Rs 50,000 ~ 50 Thou+"
1893,1342,Murugesan.R,https://www.myneta.info/TamilNadu2021/candidate.php?candidate_id=1342,KRISHNARAYAPURAM (SC),BSP,0,Graduate,https://myneta.info/image_v2.php?myneta_folder=TamilNadu2021&candidate_id=1342&col=ta,https://myneta.info/image_v2.php?myneta_folder=TamilNadu2021&candidate_id=1342&col=lia
1894,3321,Murukesan K,https://www.myneta.info/TamilNadu2021/candidate.php?candidate_id=3321,PARAMAKUDI (SC),IND,0,5th Pass,"Rs 9,49,200 ~ 9 Lacs+",Rs 0 ~
1895,525,Mustak Mohamed.A.K,https://www.myneta.info/TamilNadu2021/candidate.php?candidate_id=525,MADURAI EAST,Tipu Sultan Party,0,10th Pass,"Rs 24,05,000 ~ 24 Lacs+",Rs 0 ~
1896,1283,Muthalagan S,https://www.myneta.info/TamilNadu2021/candidate.php?candidate_id=1283,KILVELUR,Puthiya Tamilagam,0,Others,https://myneta.info/image_v2.php?myneta_folder=TamilNadu2021&candidate_id=1283&col=ta,https://myneta.info/image_v2.php?myneta_folder=TamilNadu2021&candidate_id=1283&col=lia
1897,328,Muthamilselvan R,https://www.myneta.info/TamilNadu2021/candidate.php?candidate_id=328,VIKRAVANDI,AIADMK,0,10th Pass,"Rs 75,87,462 ~ 75 Lacs+","Rs 7,70,400 ~ 7 Lacs+"
1898,1389,"Muthamilselvan, D.",https://www.myneta.info/TamilNadu2021/candidate.php?candidate_id=1389,KUNNAM,IND,0,10th Pass,"Rs 26,024 ~ 26 Thou+",Rs 0 ~
1899,896,Muthamilselvan.S,https://www.myneta.info/TamilNadu2021/candidate.php?candidate_id=896,CHENGALPATTU,Indiya Jananayaka Katchi,0,Graduate,https://myneta.info/image_v2.php?myneta_folder=TamilNadu2021&candidate_id=896&col=ta,https://myneta.info/image_v2.php?myneta_folder=TamilNadu2021&candidate_id=896&col=lia
1900,3030,Muthamizh Mudhalvan S,https://www.myneta.info/TamilNadu2021/candidate.php?candidate_id=3030,HOSUR,IND,0,Graduate,"Rs 1,02,73,500 ~ 1 Crore+",Rs 0 ~
1901,2224,Mutharasan S.,https://www.myneta.info/TamilNadu2021/candidate.php?candidate_id=2224,THIRUVAUR,IND,0,5th Pass,"Rs 3,52,000 ~ 3 Lacs+",Rs 0 ~
1902,3044,Muthu Krishnan M,https://www.myneta.info/TamilNadu2021/candidate.php?candidate_id=3044,MADURAI EAST,Anaithu Makkal Puratchi Katchi,0,8th Pass,https://myneta.info/image_v2.php?myneta_folder=TamilNadu2021&candidate_id=3044&col=ta,https://myneta.info/image_v2.php?myneta_folder=TamilNadu2021&candidate_id=3044&col=lia
1903,3491,Muthu Muneeswaran.M,https://www.myneta.info/TamilNadu2021/candidate.php?candidate_id=3491,CUMBUM,IND,0,10th Pass,"Rs 3,30,000 ~ 3 Lacs+",Rs 0 ~
1904,1111,Muthu R K,https://www.myneta.info/TamilNadu2021/candidate.php?candidate_id=1111,HOSUR,IND,0,5th Pass,"Rs 9,91,993 ~ 9 Lacs+",Rs 0 ~
1905,465,Muthu. K.R,https://www.myneta.info/TamilNadu2021/candidate.php?candidate_id=465,KARUR,IND,0,Graduate Professional,https://myneta.info/image_v2.php?myneta_folder=TamilNadu2021&candidate_id=465&col=ta,https://myneta.info/image_v2.php?myneta_folder=TamilNadu2021&candidate_id=465&col=lia
1906,3294,Muthuadaikkan Alias Adaikkalam,https://www.myneta.info/TamilNadu2021/candidate.php?candidate_id=3294,THIRUMAYAM,IND,0,10th Pass,"Rs 3,62,700 ~ 3 Lacs+",Rs 0 ~
1907,3626,Muthudurai,https://www.myneta.info/TamilNadu2021/candidate.php?candidate_id=3626,NANGUNERI,IND,0,8th Pass,"Rs 21,86,500 ~ 21 Lacs+",Rs 0 ~
1908,3309,Muthukkaruppaiah K,https://www.myneta.info/TamilNadu2021/candidate.php?candidate_id=3309,ARANTHANGI,IND,0,10th Pass,https://myneta.info/image_v2.php?myneta_folder=TamilNadu2021&candidate_id=3309&col=ta,https://myneta.info/image_v2.php?myneta_folder=TamilNadu2021&candidate_id=3309&col=lia
1909,1623,Muthukkutti S,https://www.myneta.info/TamilNadu2021/candidate.php?candidate_id=1623,SANKARANKOVIL (SC),IND,0,Literate,"Rs 8,15,000 ~ 8 Lacs+",Rs 0 ~
1910,1446,Muthukrishnan I,https://www.myneta.info/TamilNadu2021/candidate.php?candidate_id=1446,MADURAI EAST,Makkal Needhi Maiam,0,Post Graduate,"Rs 3,49,09,027 ~ 3 Crore+","Rs 11,50,000 ~ 11 Lacs+"
1911,104,Muthukumar,https://www.myneta.info/TamilNadu2021/candidate.php?candidate_id=104,KRISHNARAYAPURAM (SC),AIADMK,3,Graduate,https://myneta.info/image_v2.php?myneta_folder=TamilNadu2021&candidate_id=104&col=ta,https://myneta.info/image_v2.php?myneta_folder=TamilNadu2021&candidate_id=104&col=lia
1912,4134,Muthukumar C,https://www.myneta.info/TamilNadu2021/candidate.php?candidate_id=4134,VILATHIKULAM,Puthiya Tamilagam,2,Post Graduate,"Rs 4,61,99,850 ~ 4 Crore+","Rs 4,00,49,926 ~ 4 Crore+"
1913,3410,"Muthukumar, R.",https://www.myneta.info/TamilNadu2021/candidate.php?candidate_id=3410,PAPANASAM,Anaithu Makkal Puratchi Katchi,0,Post Graduate,"Rs 30,000 ~ 30 Thou+",Rs 0 ~
1914,1230,Muthukumar.G,https://www.myneta.info/TamilNadu2021/candidate.php?candidate_id=1230,KARUR,IND,0,Graduate Professional,https://myneta.info/image_v2.php?myneta_folder=TamilNadu2021&candidate_id=1230&col=ta,https://myneta.info/image_v2.php?myneta_folder=TamilNadu2021&candidate_id=1230&col=lia
1915,1034,"Muthukumaran,S.A.",https://www.myneta.info/TamilNadu2021/candidate.php?candidate_id=1034,ERODE EAST,Amma Makkal Munnettra Kazagam,0,Graduate Professional,"Rs 2,76,65,396 ~ 2 Crore+","Rs 1,04,28,994 ~ 1 Crore+"
1916,2481,"Muthukumarasamy, R.",https://www.myneta.info/TamilNadu2021/candidate.php?candidate_id=2481,POLLACHI,IND,0,12th Pass,"Rs 2,91,397 ~ 2 Lacs+",Rs 0 ~
1917,3379,Muthulakshmi,https://www.myneta.info/TamilNadu2021/candidate.php?candidate_id=3379,TIRUPPATHUR,IND,0,Graduate,https://myneta.info/image_v2.php?myneta_folder=TamilNadu2021&candidate_id=3379&col=ta,https://myneta.info/image_v2.php?myneta_folder=TamilNadu2021&candidate_id=3379&col=lia
1918,840,Muthulakshmi R,https://www.myneta.info/TamilNadu2021/candidate.php?candidate_id=840,ATHOOR,Anna Puratchi Thalaivar Amma Dravida Munnetra Kazhagam,0,Illiterate,"Rs 50,000 ~ 50 Thou+",Rs 0 ~
1919,3879,"Muthulakshmi,R.",https://www.myneta.info/TamilNadu2021/candidate.php?candidate_id=3879,SRIVILLIPUTHUR (SC),IND,0,Graduate,"Rs 1,80,576 ~ 1 Lacs+",Rs 0 ~
1920,1073,Muthumani P,https://www.myneta.info/TamilNadu2021/candidate.php?candidate_id=1073,GOBICHETTIPALAYAM,IND,0,Graduate,https://myneta.info/image_v2.php?myneta_folder=TamilNadu2021&candidate_id=1073&col=ta,https://myneta.info/image_v2.php?myneta_folder=TamilNadu2021&candidate_id=1073&col=lia
1921,1543,Muthumari K.,https://www.myneta.info/TamilNadu2021/candidate.php?candidate_id=1543,MANAMADURAI (SC),IND,0,5th Pass,"Rs 5,45,612 ~ 5 Lacs+",Rs 0 ~
1922,1605,Muthupandi G,https://www.myneta.info/TamilNadu2021/candidate.php?candidate_id=1605,VASUDEVANALLUR (SC),IND,0,5th Pass,"Rs 2,10,000 ~ 2 Lacs+",Rs 0 ~
1923,1666,Muthuperumal K,https://www.myneta.info/TamilNadu2021/candidate.php?candidate_id=1666,VANDAVASI (SC),IND,0,Post Graduate,https://myneta.info/image_v2.php?myneta_folder=TamilNadu2021&candidate_id=1666&col=ta,https://myneta.info/image_v2.php?myneta_folder=TamilNadu2021&candidate_id=1666&col=lia
1924,3627,Muthuraj,https://www.myneta.info/TamilNadu2021/candidate.php?candidate_id=3627,NANGUNERI,IND,0,Graduate,"Rs 2,81,000 ~ 2 Lacs+",Rs 0 ~
1925,3115,Muthuraja M,https://www.myneta.info/TamilNadu2021/candidate.php?candidate_id=3115,THIRUMANGALAM,IND,0,Post Graduate,"Rs 18,43,500 ~ 18 Lacs+",Rs 0 ~
1926,535,Muthuraman.S,https://www.myneta.info/TamilNadu2021/candidate.php?candidate_id=535,MADHURAVOYAL,Anna MGR Dravida Makkal Kalgam,0,Illiterate,https://myneta.info/image_v2.php?myneta_folder=TamilNadu2021&candidate_id=535&col=ta,https://myneta.info/image_v2.php?myneta_folder=TamilNadu2021&candidate_id=535&col=lia
1927,1936,Muthurathinam K,https://www.myneta.info/TamilNadu2021/candidate.php?candidate_id=1936,PALLADAM,DMK,0,10th Pass,"Rs 2,27,81,576 ~ 2 Crore+","Rs 7,81,000 ~ 7 Lacs+"
1928,4088,Muthurathinam L,https://www.myneta.info/TamilNadu2021/candidate.php?candidate_id=4088,PALLADAM,IND,0,Graduate,"Rs 26,88,833 ~ 26 Lacs+",Rs 0 ~
1929,4087,Muthurathinam M,https://www.myneta.info/TamilNadu2021/candidate.php?candidate_id=4087,PALLADAM,IND,0,Graduate Professional,https://myneta.info/image_v2.php?myneta_folder=TamilNadu2021&candidate_id=4087&col=ta,https://myneta.info/image_v2.php?myneta_folder=TamilNadu2021&candidate_id=4087&col=lia
1930,2825,Muthusamy A,https://www.myneta.info/TamilNadu2021/candidate.php?candidate_id=2825,ERODE WEST,IND,0,5th Pass,"Rs 2,50,000 ~ 2 Lacs+",Rs 0 ~
1931,3154,Muthusamy C,https://www.myneta.info/TamilNadu2021/candidate.php?candidate_id=3154,SENTHAMANGALAM(ST),IND,0,Graduate,"Rs 83,97,000 ~ 83 Lacs+",Rs 0 ~
1932,3172,Muthusamy S,https://www.myneta.info/TamilNadu2021/candidate.php?candidate_id=3172,NAMAKKAL,IND,0,Others,https://myneta.info/image_v2.php?myneta_folder=TamilNadu2021&candidate_id=3172&col=ta,https://myneta.info/image_v2.php?myneta_folder=TamilNadu2021&candidate_id=3172&col=lia
1933,1040,Muthusamy S,https://www.myneta.info/TamilNadu2021/candidate.php?candidate_id=1040,ERODE WEST,DMK,9,Post Graduate,"Rs 13,68,62,340 ~ 13 Crore+",Rs 0 ~
1934,2799,Muthusamy V,https://www.myneta.info/TamilNadu2021/candidate.php?candidate_id=2799,VEDASANDUR,IND,0,8th Pass,"Rs 5,68,000 ~ 5 Lacs+",Rs 0 ~
1935,4112,Muthusamy. K.,https://www.myneta.info/TamilNadu2021/candidate.php?candidate_id=4112,TIRUPPUR SOUTH,IND,0,5th Pass,https://myneta.info/image_v2.php?myneta_folder=TamilNadu2021&candidate_id=4112&col=ta,https://myneta.info/image_v2.php?myneta_folder=TamilNadu2021&candidate_id=4112&col=lia
1936,2865,Muthusamy.M,https://www.myneta.info/TamilNadu2021/candidate.php?candidate_id=2865,ANTHIYUR,IND,0,10th Pass,"Rs 1,06,102 ~ 1 Lacs+",Rs 0 ~
1937,3310,Muthuselvam V,https://www.myneta.info/TamilNadu2021/candidate.php?candidate_id=3310,ARANTHANGI,IND,0,Not Given,"Rs 2,86,000 ~ 2 Lacs+",Rs 0 ~
1938,979,Muthuselvam.G,https://www.myneta.info/TamilNadu2021/candidate.php?candidate_id=979,CUMBUM,IND,0,12th Pass,https://myneta.info/image_v2.php?myneta_folder=TamilNadu2021&candidate_id=979&col=ta,https://myneta.info/image_v2.php?myneta_folder=TamilNadu2021&candidate_id=979&col=lia
1939,3116,Muthuvelraj P,https://www.myneta.info/TamilNadu2021/candidate.php?candidate_id=3116,THIRUMANGALAM,IND,0,Others,Nil,Rs 0 ~
1940,2848,"Myilsamy, M.",https://www.myneta.info/TamilNadu2021/candidate.php?candidate_id=2848,PERUNDURAI,IND,0,Graduate Professional,"Rs 6,42,440 ~ 6 Lacs+",Rs 0 ~
1941,2762,N Devaraj,https://www.myneta.info/TamilNadu2021/candidate.php?candidate_id=2762,SALEM NORTH,IND,0,8th Pass,https://myneta.info/image_v2.php?myneta_folder=TamilNadu2021&candidate_id=2762&col=ta,https://myneta.info/image_v2.php?myneta_folder=TamilNadu2021&candidate_id=2762&col=lia
1942,3345,N Muniyasami,https://www.myneta.info/TamilNadu2021/candidate.php?candidate_id=3345,RAMANATHAPURAM,IND,0,10th Pass,"Rs 13,22,186 ~ 13 Lacs+",Rs 0 ~
1943,4210,N Palani,https://www.myneta.info/TamilNadu2021/candidate.php?candidate_id=4210,TIRUVANNAMALAI,IND,0,12th Pass,"Rs 10,000 ~ 10 Thou+",Rs 0 ~
1944,1863,N Shamsudeen,https://www.myneta.info/TamilNadu2021/candidate.php?candidate_id=1863,MAYILADUTHURAI,BSP,0,Others,https://myneta.info/image_v2.php?myneta_folder=TamilNadu2021&candidate_id=1863&col=ta,https://myneta.info/image_v2.php?myneta_folder=TamilNadu2021&candidate_id=1863&col=lia
1945,342,N. Amutha,https://www.myneta.info/TamilNadu2021/candidate.php?candidate_id=342,VRIDHACHALAM,Naam Tamilar Katchi,1,Graduate,"Rs 15,29,528 ~ 15 Lacs+","Rs 2,20,000 ~ 2 Lacs+"
1946,3596,N. Aravan,https://www.myneta.info/TamilNadu2021/candidate.php?candidate_id=3596,MUSIRI,IND,0,8th Pass,"Rs 1,00,000 ~ 1 Lacs+",Rs 0 ~
1947,2408,N. Manogaran,https://www.myneta.info/TamilNadu2021/candidate.php?candidate_id=2408,KANCHEEPURAM,Amma Makkal Munnettra Kazagam,0,Graduate,https://myneta.info/image_v2.php?myneta_folder=TamilNadu2021&candidate_id=2408&col=ta,https://myneta.info/image_v2.php?myneta_folder=TamilNadu2021&candidate_id=2408&col=lia
1948,3571,N. Muniyandi,https://www.myneta.info/TamilNadu2021/candidate.php?candidate_id=3571,THIRUVERUMBUR,IND,0,10th Pass,"Rs 5,67,400 ~ 5 Lacs+",Rs 0 ~
1949,490,N. Murugumaran,https://www.myneta.info/TamilNadu2021/candidate.php?candidate_id=490,KATTUMANNARKOIL (SC),AIADMK,0,Graduate Professional,"Rs 4,14,38,273 ~ 4 Crore+","Rs 80,23,393 ~ 80 Lacs+"
1950,2363,N. Radhika,https://www.myneta.info/TamilNadu2021/candidate.php?candidate_id=2363,VRIDHACHALAM,IND,0,Illiterate,https://myneta.info/image_v2.php?myneta_folder=TamilNadu2021&candidate_id=2363&col=ta,https://myneta.info/image_v2.php?myneta_folder=TamilNadu2021&candidate_id=2363&col=lia
1951,3573,N. Raju,https://www.myneta.info/TamilNadu2021/candidate.php?candidate_id=3573,THIRUVERUMBUR,IND,0,5th Pass,"Rs 2,068 ~ 2 Thou+",Rs 0 ~
1952,3601,N. Saminathan,https://www.myneta.info/TamilNadu2021/candidate.php?candidate_id=3601,MUSIRI,IND,0,Others,"Rs 29,08,000 ~ 29 Lacs+","Rs 1,30,000 ~ 1 Lacs+"
1953,3602,N. Sivakumar,https://www.myneta.info/TamilNadu2021/candidate.php?candidate_id=3602,MUSIRI,IND,0,5th Pass,https://myneta.info/image_v2.php?myneta_folder=TamilNadu2021&candidate_id=3602&col=ta,https://myneta.info/image_v2.php?myneta_folder=TamilNadu2021&candidate_id=3602&col=lia
1954,1887,N. Thiyagarajan,https://www.myneta.info/TamilNadu2021/candidate.php?candidate_id=1887,MUSIRI,DMK,24,Post Graduate,"Rs 67,85,000 ~ 67 Lacs+","Rs 10,79,000 ~ 10 Lacs+"
1955,1810,N.Aravinth Kumar,https://www.myneta.info/TamilNadu2021/candidate.php?candidate_id=1810,EGMORE (SC),IND,0,Others,"Rs 1,05,000 ~ 1 Lacs+",Rs 0 ~
1956,685,N.Balasubramanian,https://www.myneta.info/TamilNadu2021/candidate.php?candidate_id=685,THOOTHUKUDI,Anna Puratchi Thalaivar Amma Dravida Munnetra Kazhagam,1,8th Pass,https://myneta.info/image_v2.php?myneta_folder=TamilNadu2021&candidate_id=685&col=ta,https://myneta.info/image_v2.php?myneta_folder=TamilNadu2021&candidate_id=685&col=lia
1957,1206,N.Baluswamy,https://www.myneta.info/TamilNadu2021/candidate.php?candidate_id=1206,KARAIKUDI,BSP,0,5th Pass,"Rs 39,34,600 ~ 39 Lacs+","Rs 7,00,000 ~ 7 Lacs+"
1958,462,N.Durai Manickam,https://www.myneta.info/TamilNadu2021/candidate.php?candidate_id=462,KARAIKUDI,Naam Tamilar Katchi,0,12th Pass,"Rs 2,14,23,610 ~ 2 Crore+","Rs 21,95,000 ~ 21 Lacs+"
1959,633,N.G.Parthiban,https://www.myneta.info/TamilNadu2021/candidate.php?candidate_id=633,SHOLINGHUR,Amma Makkal Munnettra Kazagam,1,Graduate Professional,https://myneta.info/image_v2.php?myneta_folder=TamilNadu2021&candidate_id=633&col=ta,https://myneta.info/image_v2.php?myneta_folder=TamilNadu2021&candidate_id=633&col=lia
1960,3636,N.Godfrey Washington Noble,https://www.myneta.info/TamilNadu2021/candidate.php?candidate_id=3636,RADHAPURAM,Aanaithinthiya Jananayaka Pathukappu Kazhagam,8,Doctorate,"Rs 16,77,78,597 ~ 16 Crore+","Rs 16,00,000 ~ 16 Lacs+"
1961,1837,N.Janarthanan,https://www.myneta.info/TamilNadu2021/candidate.php?candidate_id=1837,ARCOT,Amma Makkal Munnettra Kazagam,0,10th Pass,"Rs 21,75,700 ~ 21 Lacs+","Rs 12,60,681 ~ 12 Lacs+"
1962,3642,N.Kannan,https://www.myneta.info/TamilNadu2021/candidate.php?candidate_id=3642,RADHAPURAM,IND,1,Graduate Professional,https://myneta.info/image_v2.php?myneta_folder=TamilNadu2021&candidate_id=3642&col=ta,https://myneta.info/image_v2.php?myneta_folder=TamilNadu2021&candidate_id=3642&col=lia
1963,4245,N.Karthikeyan,https://www.myneta.info/TamilNadu2021/candidate.php?candidate_id=4245,ARANI,IND,0,Literate,"Rs 2,89,000 ~ 2 Lacs+",Rs 0 ~
1964,3973,N.Kirubakaran,https://www.myneta.info/TamilNadu2021/candidate.php?candidate_id=3973,ANAIKATTU,IND,0,12th Pass,"Rs 49,56,000 ~ 49 Lacs+","Rs 8,00,000 ~ 8 Lacs+"
1965,3480,N.Krishnan,https://www.myneta.info/TamilNadu2021/candidate.php?candidate_id=3480,BODINAYAKKANUR,IND,0,Illiterate,https://myneta.info/image_v2.php?myneta_folder=TamilNadu2021&candidate_id=3480&col=ta,https://myneta.info/image_v2.php?myneta_folder=TamilNadu2021&candidate_id=3480&col=lia
1966,2078,N.Magendiran,https://www.myneta.info/TamilNadu2021/candidate.php?candidate_id=2078,TIRUTTANI,BSP,0,12th Pass,"Rs 1,25,500 ~ 1 Lacs+",Rs 0 ~
1967,1735,N.Mahalakshmi,https://www.myneta.info/TamilNadu2021/candidate.php?candidate_id=1735,VELACHERY,IND,0,Graduate Professional,"Rs 59,13,565 ~ 59 Lacs+",Rs 0 ~
1968,3705,N.Mani,https://www.myneta.info/TamilNadu2021/candidate.php?candidate_id=3705,SHOLINGHUR,IND,0,10th Pass,https://myneta.info/image_v2.php?myneta_folder=TamilNadu2021&candidate_id=3705&col=ta,https://myneta.info/image_v2.php?myneta_folder=TamilNadu2021&candidate_id=3705&col=lia
1969,2791,N.Mayakannan,https://www.myneta.info/TamilNadu2021/candidate.php?candidate_id=2791,SALEM SOUTH,IND,0,8th Pass,"Rs 36,500 ~ 36 Thou+",Rs 0 ~
1970,3367,N.Meenal,https://www.myneta.info/TamilNadu2021/candidate.php?candidate_id=3367,KARAIKUDI,IND,1,5th Pass,"Rs 12,23,000 ~ 12 Lacs+",Rs 0 ~
1971,2180,N.Mohammed Nayeem,https://www.myneta.info/TamilNadu2021/candidate.php?candidate_id=2180,VANIYAMBADI,IUML,0,Graduate,https://myneta.info/image_v2.php?myneta_folder=TamilNadu2021&candidate_id=2180&col=ta,https://myneta.info/image_v2.php?myneta_folder=TamilNadu2021&candidate_id=2180&col=lia
1972,1522,N.Mohan,https://www.myneta.info/TamilNadu2021/candidate.php?candidate_id=1522,MANACHANALLUR,IND,0,Graduate Professional,"Rs 16,117 ~ 16 Thou+",Rs 0 ~
1973,2390,N.Muthazhagan,https://www.myneta.info/TamilNadu2021/candidate.php?candidate_id=2390,KURINJIPADI,IND,0,12th Pass,"Rs 50,300 ~ 50 Thou+",Rs 0 ~
1974,3384,N.Pandimuthu,https://www.myneta.info/TamilNadu2021/candidate.php?candidate_id=3384,SIVAGANGA,My India Party,0,8th Pass,https://myneta.info/image_v2.php?myneta_folder=TamilNadu2021&candidate_id=3384&col=ta,https://myneta.info/image_v2.php?myneta_folder=TamilNadu2021&candidate_id=3384&col=lia
1975,2685,N.Perumal,https://www.myneta.info/TamilNadu2021/candidate.php?candidate_id=2685,NILAKKOTTAI (SC),IND,0,10th Pass,"Rs 23,12,000 ~ 23 Lacs+","Rs 42,000 ~ 42 Thou+"
1976,510,N.R.Chandrasekar,https://www.myneta.info/TamilNadu2021/candidate.php?candidate_id=510,KULITHALAI,AIADMK,0,12th Pass,"Rs 2,67,69,703 ~ 2 Crore+",Rs 0 ~
1977,2698,N.Raja,https://www.myneta.info/TamilNadu2021/candidate.php?candidate_id=2698,NATHAM,Amma Makkal Munnettra Kazagam,0,8th Pass,https://myneta.info/image_v2.php?myneta_folder=TamilNadu2021&candidate_id=2698&col=ta,https://myneta.info/image_v2.php?myneta_folder=TamilNadu2021&candidate_id=2698&col=lia
1978,4253,N.Raja,https://www.myneta.info/TamilNadu2021/candidate.php?candidate_id=4253,ALANDUR,Desiya Makkal Sakthi Katchi,0,Post Graduate,"Rs 3,22,900 ~ 3 Lacs+",Rs 0 ~
1979,3690,N.Rajesh Kumar,https://www.myneta.info/TamilNadu2021/candidate.php?candidate_id=3690,THIRUVOTTIYUR,IND,0,Others,Nil,Rs 0 ~
1980,285,N.Ramakrishnan,https://www.myneta.info/TamilNadu2021/candidate.php?candidate_id=285,CUMBUM,DMK,7,Post Graduate,https://myneta.info/image_v2.php?myneta_folder=TamilNadu2021&candidate_id=285&col=ta,https://myneta.info/image_v2.php?myneta_folder=TamilNadu2021&candidate_id=285&col=lia
1981,675,N.Ramesh Kumar,https://www.myneta.info/TamilNadu2021/candidate.php?candidate_id=675,THIRUVOTTIYUR,IND,0,12th Pass,"Rs 1,37,19,373 ~ 1 Crore+","Rs 35,00,000 ~ 35 Lacs+"
1982,3481,N.Saleem,https://www.myneta.info/TamilNadu2021/candidate.php?candidate_id=3481,BODINAYAKKANUR,IND,0,Illiterate,"Rs 40,000 ~ 40 Thou+",Rs 0 ~
1983,3348,N.Sivanandam,https://www.myneta.info/TamilNadu2021/candidate.php?candidate_id=3348,MUDUKULATHUR,BSP,0,Graduate,https://myneta.info/image_v2.php?myneta_folder=TamilNadu2021&candidate_id=3348&col=ta,https://myneta.info/image_v2.php?myneta_folder=TamilNadu2021&candidate_id=3348&col=lia
1984,3713,N.Sugumar,https://www.myneta.info/TamilNadu2021/candidate.php?candidate_id=3713,RANIPET,IND,0,8th Pass,"Rs 2,23,000 ~ 2 Lacs+",Rs 0 ~
1985,4135,N.Sundar,https://www.myneta.info/TamilNadu2021/candidate.php?candidate_id=4135,THOOTHUKUDI,Makkal Needhi Maiam,0,Post Graduate,"Rs 91,79,500 ~ 91 Lacs+","Rs 11,50,000 ~ 11 Lacs+"
1986,1272,N.Thangaraj,https://www.myneta.info/TamilNadu2021/candidate.php?candidate_id=1272,KILPENNATHUR,Makkal Munnetra Peravai,0,8th Pass,https://myneta.info/image_v2.php?myneta_folder=TamilNadu2021&candidate_id=1272&col=ta,https://myneta.info/image_v2.php?myneta_folder=TamilNadu2021&candidate_id=1272&col=lia
1987,1922,N.V.Thomas,https://www.myneta.info/TamilNadu2021/candidate.php?candidate_id=1922,OMALUR,BSP,0,8th Pass,"Rs 10,500 ~ 10 Thou+",Rs 0 ~
1988,764,N.Vairavan,https://www.myneta.info/TamilNadu2021/candidate.php?candidate_id=764,ALANGUDI,Makkal Needhi Maiam,0,Post Graduate,"Rs 80,15,037 ~ 80 Lacs+","Rs 5,66,000 ~ 5 Lacs+"
1989,3275,N.Veeriah,https://www.myneta.info/TamilNadu2021/candidate.php?candidate_id=3275,PUDUKKOTTAI,IND,0,Post Graduate,https://myneta.info/image_v2.php?myneta_folder=TamilNadu2021&candidate_id=3275&col=ta,https://myneta.info/image_v2.php?myneta_folder=TamilNadu2021&candidate_id=3275&col=lia
1990,2493,"Nabas Sherif, M",https://www.myneta.info/TamilNadu2021/candidate.php?candidate_id=2493,SINGANALLUR,IND,0,12th Pass,Nil,Rs 0 ~
1991,4115,"Nachammal,K.",https://www.myneta.info/TamilNadu2021/candidate.php?candidate_id=4115,UDUMALAIPETTAI,Anaithu Makkal Arasiyal Katchi,0,8th Pass,"Rs 10,000 ~ 10 Thou+",Rs 0 ~
1992,1934,Nachimuthu S,https://www.myneta.info/TamilNadu2021/candidate.php?candidate_id=1934,PALANI,BSP,0,10th Pass,https://myneta.info/image_v2.php?myneta_folder=TamilNadu2021&candidate_id=1934&col=ta,https://myneta.info/image_v2.php?myneta_folder=TamilNadu2021&candidate_id=1934&col=lia
1993,4248,Nadarajan. B,https://www.myneta.info/TamilNadu2021/candidate.php?candidate_id=4248,CHEYYAR,New Generation Peoples Party,0,12th Pass,"Rs 10,56,000 ~ 10 Lacs+","Rs 4,00,000 ~ 4 Lacs+"
1994,1282,Nagaimaali V P,https://www.myneta.info/TamilNadu2021/candidate.php?candidate_id=1282,KILVELUR,CPI(M),0,Graduate Professional,"Rs 19,38,170 ~ 19 Lacs+","Rs 12,21,050 ~ 12 Lacs+"
1995,1472,Nagajothi. K,https://www.myneta.info/TamilNadu2021/candidate.php?candidate_id=1472,MADURAI WEST,Tamil Nadu Ilangyar Katchi,0,Others,https://myneta.info/image_v2.php?myneta_folder=TamilNadu2021&candidate_id=1472&col=ta,https://myneta.info/image_v2.php?myneta_folder=TamilNadu2021&candidate_id=1472&col=lia
1996,1577,Nagamani.M,https://www.myneta.info/TamilNadu2021/candidate.php?candidate_id=1577,PANRUTI,IND,0,8th Pass,"Rs 4,02,000 ~ 4 Lacs+","Rs 3,50,000 ~ 3 Lacs+"
1997,2091,Nagaraj,https://www.myneta.info/TamilNadu2021/candidate.php?candidate_id=2091,UTHANGARAI (SC),BSP,0,5th Pass,"Rs 10,500 ~ 10 Thou+",Rs 0 ~
1998,3528,Nagaraj M,https://www.myneta.info/TamilNadu2021/candidate.php?candidate_id=3528,AVADI,IND,0,5th Pass,https://myneta.info/image_v2.php?myneta_folder=TamilNadu2021&candidate_id=3528&col=ta,https://myneta.info/image_v2.php?myneta_folder=TamilNadu2021&candidate_id=3528&col=lia
1999,421,Nagaraj S,https://www.myneta.info/TamilNadu2021/candidate.php?candidate_id=421,GUMMIDIPOONDI,BSP,0,Graduate Professional,"Rs 2,21,000 ~ 2 Lacs+",Rs 0 ~
2000,2500,Nagaraj. K,https://www.myneta.info/TamilNadu2021/candidate.php?candidate_id=2500,SULUR,Ganasangam Party of India,0,Illiterate,"Rs 3,15,000 ~ 3 Lacs+",Rs 0 ~
2001,1104,Nagaraj. S,https://www.myneta.info/TamilNadu2021/candidate.php?candidate_id=1104,HARBOUR,IND,0,Graduate,https://myneta.info/image_v2.php?myneta_folder=TamilNadu2021&candidate_id=1104&col=ta,https://myneta.info/image_v2.php?myneta_folder=TamilNadu2021&candidate_id=1104&col=lia
2002,2744,Nagaraj.N,https://www.myneta.info/TamilNadu2021/candidate.php?candidate_id=2744,DINDIGUL,IND,0,Post Graduate,"Rs 21,76,451 ~ 21 Lacs+","Rs 5,05,000 ~ 5 Lacs+"
2003,913,Nagarajan,https://www.myneta.info/TamilNadu2021/candidate.php?candidate_id=913,CHEPAUK-THIRUVALLIKENI,IND,0,Graduate Professional,"Rs 15,10,000 ~ 15 Lacs+",Rs 0 ~
2004,541,Nagarajan S.,https://www.myneta.info/TamilNadu2021/candidate.php?candidate_id=541,MANAMADURAI (SC),AIADMK,1,Graduate Professional,https://myneta.info/image_v2.php?myneta_folder=TamilNadu2021&candidate_id=541&col=ta,https://myneta.info/image_v2.php?myneta_folder=TamilNadu2021&candidate_id=541&col=lia
2005,2494,"Nagarajan, J",https://www.myneta.info/TamilNadu2021/candidate.php?candidate_id=2494,SINGANALLUR,IND,0,Post Graduate,"Rs 2,82,000 ~ 2 Lacs+",Rs 0 ~
2006,2895,"Nagarajan, M.",https://www.myneta.info/TamilNadu2021/candidate.php?candidate_id=2895,PADMANABHAPURAM,IND,0,10th Pass,"Rs 10,000 ~ 10 Thou+",Rs 0 ~
2007,2983,Nagarajan. C,https://www.myneta.info/TamilNadu2021/candidate.php?candidate_id=2983,KRISHNARAYAPURAM (SC),IND,0,Graduate Professional,https://myneta.info/image_v2.php?myneta_folder=TamilNadu2021&candidate_id=2983&col=ta,https://myneta.info/image_v2.php?myneta_folder=TamilNadu2021&candidate_id=2983&col=lia
2008,947,Nagavalli,https://www.myneta.info/TamilNadu2021/candidate.php?candidate_id=947,COIMBATORE SOUTH,IND,0,Post Graduate,"Rs 9,04,000 ~ 9 Lacs+",Rs 0 ~
2009,2610,Nagendran G,https://www.myneta.info/TamilNadu2021/candidate.php?candidate_id=2610,PALANI,IND,0,5th Pass,"Rs 2,00,000 ~ 2 Lacs+",Rs 0 ~
2010,3040,Nagendran N.,https://www.myneta.info/TamilNadu2021/candidate.php?candidate_id=3040,MELUR,IND,0,10th Pass,https://myneta.info/image_v2.php?myneta_folder=TamilNadu2021&candidate_id=3040&col=ta,https://myneta.info/image_v2.php?myneta_folder=TamilNadu2021&candidate_id=3040&col=lia
2011,2477,Nagendran.P,https://www.myneta.info/TamilNadu2021/candidate.php?candidate_id=2477,KINATHUKADAVU,IND,0,10th Pass,"Rs 5,54,500 ~ 5 Lacs+",Rs 0 ~
2012,255,Nainakannu.M.S,https://www.myneta.info/TamilNadu2021/candidate.php?candidate_id=255,CHENGAM (SC),AIADMK,0,5th Pass,"Rs 78,18,944 ~ 78 Lacs+","Rs 5,00,000 ~ 5 Lacs+"
2013,34,Nainar Nagenthran,https://www.myneta.info/TamilNadu2021/candidate.php?candidate_id=34,TIRUNELVELI,BJP,1,Post Graduate,https://myneta.info/image_v2.php?myneta_folder=TamilNadu2021&candidate_id=34&col=ta,https://myneta.info/image_v2.php?myneta_folder=TamilNadu2021&candidate_id=34&col=lia
2014,96,Nallamuthu.P,https://www.myneta.info/TamilNadu2021/candidate.php?candidate_id=96,KANGAYAM,IND,0,8th Pass,"Rs 14,39,581 ~ 14 Lacs+",Rs 0 ~
2015,3189,Nallappan K,https://www.myneta.info/TamilNadu2021/candidate.php?candidate_id=3189,PARAMATHIVELUR,IND,0,5th Pass,"Rs 25,000 ~ 25 Thou+",Rs 0 ~
2016,2299,Nallappan.G,https://www.myneta.info/TamilNadu2021/candidate.php?candidate_id=2299,MYLAPORE,IND,0,Post Graduate,https://myneta.info/image_v2.php?myneta_folder=TamilNadu2021&candidate_id=2299&col=ta,https://myneta.info/image_v2.php?myneta_folder=TamilNadu2021&candidate_id=2299&col=lia
2017,2298,Nandagopal.G,https://www.myneta.info/TamilNadu2021/candidate.php?candidate_id=2298,MYLAPORE,IND,0,Post Graduate,"Rs 84,62,214 ~ 84 Lacs+","Rs 19,00,000 ~ 19 Lacs+"
2018,2796,Nandakumar P,https://www.myneta.info/TamilNadu2021/candidate.php?candidate_id=2796,VEDASANDUR,IND,0,Post Graduate,"Rs 17,09,000 ~ 17 Lacs+","Rs 3,00,000 ~ 3 Lacs+"
2019,2835,"Nandhakumar, C. K.",https://www.myneta.info/TamilNadu2021/candidate.php?candidate_id=2835,PERUNDURAI,Makkal Needhi Maiam,7,Others,https://myneta.info/image_v2.php?myneta_folder=TamilNadu2021&candidate_id=2835&col=ta,https://myneta.info/image_v2.php?myneta_folder=TamilNadu2021&candidate_id=2835&col=lia
2020,3760,Narayanan A,https://www.myneta.info/TamilNadu2021/candidate.php?candidate_id=3760,RISHIVANDIYAM,Anna MGR Dravida Makkal Kalgam,0,Graduate,"Rs 4,91,000 ~ 4 Lacs+",Rs 0 ~
2021,1343,Narayanan.Kr,https://www.myneta.info/TamilNadu2021/candidate.php?candidate_id=1343,KRISHNARAYAPURAM (SC),CPI(ML)(L),1,10th Pass,"Rs 4,37,800 ~ 4 Lacs+",Rs 0 ~
2022,4026,Narendiran D,https://www.myneta.info/TamilNadu2021/candidate.php?candidate_id=4026,VILLUPURAM,IND,0,Graduate,https://myneta.info/image_v2.php?myneta_folder=TamilNadu2021&candidate_id=4026&col=ta,https://myneta.info/image_v2.php?myneta_folder=TamilNadu2021&candidate_id=4026&col=lia
2023,3960,Naresh Kumar .R,https://www.myneta.info/TamilNadu2021/candidate.php?candidate_id=3960,VELLORE,Tamil Nadu Ilangyar Katchi,0,Others,"Rs 9,18,702 ~ 9 Lacs+","Rs 83,000 ~ 83 Thou+"
2024,263,Narmada Nandhakumar,https://www.myneta.info/TamilNadu2021/candidate.php?candidate_id=263,AMBATTUR,IND,8,Post Graduate,"Rs 68,400 ~ 68 Thou+",Rs 0 ~
2025,639,"Narmadha, R",https://www.myneta.info/TamilNadu2021/candidate.php?candidate_id=639,SINGANALLUR,Naam Tamilar Katchi,1,Graduate Professional,https://myneta.info/image_v2.php?myneta_folder=TamilNadu2021&candidate_id=639&col=ta,https://myneta.info/image_v2.php?myneta_folder=TamilNadu2021&candidate_id=639&col=lia
2026,367,Nasar S M,https://www.myneta.info/TamilNadu2021/candidate.php?candidate_id=367,AVADI,DMK,29,10th Pass,"Rs 11,33,57,880 ~ 11 Crore+",Rs 0 ~
2027,2219,Naseema Banu M.A.,https://www.myneta.info/TamilNadu2021/candidate.php?candidate_id=2219,THIRUVAUR,SDPI,3,5th Pass,"Rs 36,65,605 ~ 36 Lacs+","Rs 60,000 ~ 60 Thou+"
2028,25,Naseer K,https://www.myneta.info/TamilNadu2021/candidate.php?candidate_id=25,VELLORE,IND,0,10th Pass,https://myneta.info/image_v2.php?myneta_folder=TamilNadu2021&candidate_id=25&col=ta,https://myneta.info/image_v2.php?myneta_folder=TamilNadu2021&candidate_id=25&col=lia
2029,1920,Nataraj N.P,https://www.myneta.info/TamilNadu2021/candidate.php?candidate_id=1920,ODDANCHATRAM,AIADMK,3,12th Pass,"Rs 8,32,98,010 ~ 8 Crore+","Rs 2,72,25,594 ~ 2 Crore+"
2030,1890,Nataraj.R,https://www.myneta.info/TamilNadu2021/candidate.php?candidate_id=1890,MYLAPORE,AIADMK,0,Doctorate,"Rs 10,67,89,100 ~ 10 Crore+","Rs 79,50,000 ~ 79 Lacs+"
2031,559,Natarajan C,https://www.myneta.info/TamilNadu2021/candidate.php?candidate_id=559,NANNILAM,IND,0,10th Pass,https://myneta.info/image_v2.php?myneta_folder=TamilNadu2021&candidate_id=559&col=ta,https://myneta.info/image_v2.php?myneta_folder=TamilNadu2021&candidate_id=559&col=lia
2032,3177,Natarajan K,https://www.myneta.info/TamilNadu2021/candidate.php?candidate_id=3177,PARAMATHIVELUR,Makkal Needhi Maiam,0,Graduate Professional,"Rs 3,03,11,430 ~ 3 Crore+","Rs 15,00,000 ~ 15 Lacs+"
2033,79,Natarajan Krishnamoorthy,https://www.myneta.info/TamilNadu2021/candidate.php?candidate_id=79,CHIDAMBARAM,Naam Tamilar Katchi,0,12th Pass,"Rs 1,00,12,000 ~ 1 Crore+","Rs 29,60,967 ~ 29 Lacs+"
2034,694,Natarajan P,https://www.myneta.info/TamilNadu2021/candidate.php?candidate_id=694,TIRUCHENGODU,Naam Tamilar Katchi,0,Others,https://myneta.info/image_v2.php?myneta_folder=TamilNadu2021&candidate_id=694&col=ta,https://myneta.info/image_v2.php?myneta_folder=TamilNadu2021&candidate_id=694&col=lia
2035,3070,Natarajan R,https://www.myneta.info/TamilNadu2021/candidate.php?candidate_id=3070,MADURAI NORTH,IND,0,12th Pass,"Rs 62,66,000 ~ 62 Lacs+","Rs 12,00,000 ~ 12 Lacs+"
2036,2343,"Natarajan, M.",https://www.myneta.info/TamilNadu2021/candidate.php?candidate_id=2343,TITTAKUDI (SC),IND,0,Not Given,"Rs 35,000 ~ 35 Thou+",Rs 0 ~
2037,2749,Natarajan. C,https://www.myneta.info/TamilNadu2021/candidate.php?candidate_id=2749,SALEM WEST,IND,0,Graduate,https://myneta.info/image_v2.php?myneta_folder=TamilNadu2021&candidate_id=2749&col=ta,https://myneta.info/image_v2.php?myneta_folder=TamilNadu2021&candidate_id=2749&col=lia
2038,996,Natarajan.M.,https://www.myneta.info/TamilNadu2021/candidate.php?candidate_id=996,DHARMAPURI,Anna Puratchi Thalaivar Amma Dravida Munnetra Kazhagam,0,12th Pass,"Rs 26,75,708 ~ 26 Lacs+","Rs 14,50,274 ~ 14 Lacs+"
2039,2556,Natarajan.V.,https://www.myneta.info/TamilNadu2021/candidate.php?candidate_id=2556,DHARMAPURI,IND,0,12th Pass,"Rs 23,20,500 ~ 23 Lacs+",Rs 0 ~
2040,1915,Natham.R.Viswanathan,https://www.myneta.info/TamilNadu2021/candidate.php?candidate_id=1915,NATHAM,AIADMK,3,Graduate,https://myneta.info/image_v2.php?myneta_folder=TamilNadu2021&candidate_id=1915&col=ta,https://myneta.info/image_v2.php?myneta_folder=TamilNadu2021&candidate_id=1915&col=lia
2041,2456,Navamani R,https://www.myneta.info/TamilNadu2021/candidate.php?candidate_id=2456,COIMBATORE NORTH,IND,0,5th Pass,"Rs 5,72,500 ~ 5 Lacs+",Rs 0 ~
2042,2603,"Navan,P.",https://www.myneta.info/TamilNadu2021/candidate.php?candidate_id=2603,GANGAVALLI (SC),Puthiya Tamilagam,0,10th Pass,"Rs 2,94,012 ~ 2 Lacs+",Rs 0 ~
2043,243,Nazar Mohamed.K,https://www.myneta.info/TamilNadu2021/candidate.php?candidate_id=243,AMBUR,AIADMK,0,Graduate,https://myneta.info/image_v2.php?myneta_folder=TamilNadu2021&candidate_id=243&col=ta,https://myneta.info/image_v2.php?myneta_folder=TamilNadu2021&candidate_id=243&col=lia
2044,2476,Nazir Babu.S,https://www.myneta.info/TamilNadu2021/candidate.php?candidate_id=2476,KINATHUKADAVU,IND,0,10th Pass,Nil,Rs 0 ~
2045,3402,"Nedumaran, S.",https://www.myneta.info/TamilNadu2021/candidate.php?candidate_id=3402,THIRUVIDAIMARUDUR (SC),IND,0,12th Pass,"Rs 3,37,875 ~ 3 Lacs+",Rs 0 ~
2046,1118,Neelamegam K,https://www.myneta.info/TamilNadu2021/candidate.php?candidate_id=1118,JAYANKONDAM,BSP,0,12th Pass,https://myneta.info/image_v2.php?myneta_folder=TamilNadu2021&candidate_id=1118&col=ta,https://myneta.info/image_v2.php?myneta_folder=TamilNadu2021&candidate_id=1118&col=lia
2047,660,"Neelamegam, T.K.G.",https://www.myneta.info/TamilNadu2021/candidate.php?candidate_id=660,THANJAVUR,DMK,5,8th Pass,"Rs 96,07,836 ~ 96 Lacs+","Rs 1,85,988 ~ 1 Lacs+"
2048,2569,Neethimohan M,https://www.myneta.info/TamilNadu2021/candidate.php?candidate_id=2569,KILVELUR,Amma Makkal Munnettra Kazagam,0,Post Graduate,"Rs 3,81,77,309 ~ 3 Crore+","Rs 58,59,544 ~ 58 Lacs+"
2049,2063,"Nehru, K.N.",https://www.myneta.info/TamilNadu2021/candidate.php?candidate_id=2063,TIRUCHIRAPPALLI WEST,DMK,10,12th Pass,https://myneta.info/image_v2.php?myneta_folder=TamilNadu2021&candidate_id=2063&col=ta,https://myneta.info/image_v2.php?myneta_folder=TamilNadu2021&candidate_id=2063&col=lia
2050,1137,Nehru.M,https://www.myneta.info/TamilNadu2021/candidate.php?candidate_id=1137,KALASAPAKKAM,DMDK,0,10th Pass,"Rs 5,29,82,554 ~ 5 Crore+","Rs 1,37,95,000 ~ 1 Crore+"
2051,1498,Nevis Stella Mary.B,https://www.myneta.info/TamilNadu2021/candidate.php?candidate_id=1498,MADHURAVOYAL,Anaithu Makkal Arasiyal Katchi,0,Post Graduate,"Rs 35,41,000 ~ 35 Lacs+","Rs 22,00,000 ~ 22 Lacs+"
2052,101,Nirandari.V,https://www.myneta.info/TamilNadu2021/candidate.php?candidate_id=101,KRISHNAGIRI,Naam Tamilar Katchi,0,Post Graduate,https://myneta.info/image_v2.php?myneta_folder=TamilNadu2021&candidate_id=101&col=ta,https://myneta.info/image_v2.php?myneta_folder=TamilNadu2021&candidate_id=101&col=lia
2053,2547,Niranjan.R,https://www.myneta.info/TamilNadu2021/candidate.php?candidate_id=2547,MAYILADUTHURAI,IND,1,Graduate Professional,"Rs 7,07,200 ~ 7 Lacs+","Rs 3,00,000 ~ 3 Lacs+"
2054,1546,Nirmal Kumar M,https://www.myneta.info/TamilNadu2021/candidate.php?candidate_id=1546,MANAPPARAI,IND,0,Others,"Rs 31,17,407 ~ 31 Lacs+","Rs 9,47,693 ~ 9 Lacs+"
2055,2170,Nirmal Kumar S,https://www.myneta.info/TamilNadu2021/candidate.php?candidate_id=2170,THOUSAND LIGHTS,IND,0,12th Pass,https://myneta.info/image_v2.php?myneta_folder=TamilNadu2021&candidate_id=2170&col=ta,https://myneta.info/image_v2.php?myneta_folder=TamilNadu2021&candidate_id=2170&col=lia
2056,1424,Nirmal Kumar. M,https://www.myneta.info/TamilNadu2021/candidate.php?candidate_id=1424,MADHAVARAM,IND,0,12th Pass,"Rs 36,718 ~ 36 Thou+",Rs 0 ~
2057,3008,Nirmala A,https://www.myneta.info/TamilNadu2021/candidate.php?candidate_id=3008,BARGUR,National Peoples Party,0,5th Pass,"Rs 5,22,000 ~ 5 Lacs+",Rs 0 ~
2058,1308,Nirmala Devi,https://www.myneta.info/TamilNadu2021/candidate.php?candidate_id=1308,KOLATHUR,IND,0,12th Pass,https://myneta.info/image_v2.php?myneta_folder=TamilNadu2021&candidate_id=1308&col=ta,https://myneta.info/image_v2.php?myneta_folder=TamilNadu2021&candidate_id=1308&col=lia
2059,923,Nirmala. V,https://www.myneta.info/TamilNadu2021/candidate.php?candidate_id=923,CHEYYAR,IND,0,8th Pass,"Rs 2,15,000 ~ 2 Lacs+",Rs 0 ~
2060,2227,Nithiyanantham S,https://www.myneta.info/TamilNadu2021/candidate.php?candidate_id=2227,NANNILAM,Anaithu Makkal Arasiyal Katchi,0,10th Pass,"Rs 19,48,000 ~ 19 Lacs+","Rs 4,00,000 ~ 4 Lacs+"
2061,4266,Nithyanandham S,https://www.myneta.info/TamilNadu2021/candidate.php?candidate_id=4266,ALANDUR,IND,1,8th Pass,https://myneta.info/image_v2.php?myneta_folder=TamilNadu2021&candidate_id=4266&col=ta,https://myneta.info/image_v2.php?myneta_folder=TamilNadu2021&candidate_id=4266&col=lia
2062,2964,Noor Mohammed Thouffic.A,https://www.myneta.info/TamilNadu2021/candidate.php?candidate_id=2964,KARUR,IND,0,12th Pass,"Rs 65,000 ~ 65 Thou+",Rs 0 ~
2063,1289,Noor Muhamad . A,https://www.myneta.info/TamilNadu2021/candidate.php?candidate_id=1289,KINATHUKADAVU,IND,0,Illiterate,"Rs 1,79,83,551 ~ 1 Crore+",Rs 0 ~
2064,6,O.Panneerselvam,https://www.myneta.info/TamilNadu2021/candidate.php?candidate_id=6,BODINAYAKKANUR,AIADMK,0,Graduate,https://myneta.info/image_v2.php?myneta_folder=TamilNadu2021&candidate_id=6&col=ta,https://myneta.info/image_v2.php?myneta_folder=TamilNadu2021&candidate_id=6&col=lia
2065,136,O.S.Manian,https://www.myneta.info/TamilNadu2021/candidate.php?candidate_id=136,VEDHARANYAM,AIADMK,0,Others,"Rs 1,60,87,930 ~ 1 Crore+",Rs 0 ~
2066,1557,Obath.S,https://www.myneta.info/TamilNadu2021/candidate.php?candidate_id=1557,THIRU-VI-KA-NAGAR (SC),Makkal Needhi Maiam,0,Graduate Professional,"Rs 7,70,000 ~ 7 Lacs+",Rs 0 ~
2067,1357,Ommsharravana.S,https://www.myneta.info/TamilNadu2021/candidate.php?candidate_id=1357,KUMARAPALAYAM,IND,0,Graduate Professional,https://myneta.info/image_v2.php?myneta_folder=TamilNadu2021&candidate_id=1357&col=ta,https://myneta.info/image_v2.php?myneta_folder=TamilNadu2021&candidate_id=1357&col=lia
2068,3769,Oviyar Anandh C,https://www.myneta.info/TamilNadu2021/candidate.php?candidate_id=3769,SANKARAPURAM,LJP,2,Others,"Rs 16,71,000 ~ 16 Lacs+",Rs 0 ~
2069,3787,Oviyar Ananth,https://www.myneta.info/TamilNadu2021/candidate.php?candidate_id=3787,KALLAKURICHI (SC),LJP,2,10th Pass,"Rs 16,71,000 ~ 16 Lacs+",Rs 0 ~
2070,1248,P Dhananjayan,https://www.myneta.info/TamilNadu2021/candidate.php?candidate_id=1248,KATPADI,IND,0,10th Pass,https://myneta.info/image_v2.php?myneta_folder=TamilNadu2021&candidate_id=1248&col=ta,https://myneta.info/image_v2.php?myneta_folder=TamilNadu2021&candidate_id=1248&col=lia
2071,2,P Dhanraj,https://www.myneta.info/TamilNadu2021/candidate.php?candidate_id=2,AMBATTUR,IND,0,8th Pass,"Rs 31,74,531 ~ 31 Lacs+",Rs 0 ~
2072,194,P Kaliyammal,https://www.myneta.info/TamilNadu2021/candidate.php?candidate_id=194,POOMPUHAR,Naam Tamilar Katchi,0,Graduate,"Rs 13,16,500 ~ 13 Lacs+","Rs 4,08,000 ~ 4 Lacs+"
2073,672,P Kumar,https://www.myneta.info/TamilNadu2021/candidate.php?candidate_id=672,THIRUVERUMBUR,AIADMK,0,Graduate Professional,https://myneta.info/image_v2.php?myneta_folder=TamilNadu2021&candidate_id=672&col=ta,https://myneta.info/image_v2.php?myneta_folder=TamilNadu2021&candidate_id=672&col=lia
2074,2171,P Parimala,https://www.myneta.info/TamilNadu2021/candidate.php?candidate_id=2171,THOUSAND LIGHTS,IND,2,Post Graduate,"Rs 46,85,904 ~ 46 Lacs+",Rs 0 ~
2075,843,P Sivakumar,https://www.myneta.info/TamilNadu2021/candidate.php?candidate_id=843,ATTUR (SC),Makkal Needhi Maiam,0,5th Pass,"Rs 11,46,000 ~ 11 Lacs+",Rs 0 ~
2076,1419,P Subramanian,https://www.myneta.info/TamilNadu2021/candidate.php?candidate_id=1419,MADATHUKULAM,IND,0,5th Pass,https://myneta.info/image_v2.php?myneta_folder=TamilNadu2021&candidate_id=1419&col=ta,https://myneta.info/image_v2.php?myneta_folder=TamilNadu2021&candidate_id=1419&col=lia
2077,4072,P Thangaraj,https://www.myneta.info/TamilNadu2021/candidate.php?candidate_id=4072,MADATHUKULAM,IND,0,Literate,"Rs 8,31,000 ~ 8 Lacs+",Rs 0 ~
2078,3977,P Venkatesan,https://www.myneta.info/TamilNadu2021/candidate.php?candidate_id=3977,ANAIKATTU,IND,0,8th Pass,"Rs 5,45,000 ~ 5 Lacs+",Rs 0 ~
2079,2137,P. Dhanasekar,https://www.myneta.info/TamilNadu2021/candidate.php?candidate_id=2137,ANNA NAGAR,Nam India Naam Indiyar Katchi,1,10th Pass,https://myneta.info/image_v2.php?myneta_folder=TamilNadu2021&candidate_id=2137&col=ta,https://myneta.info/image_v2.php?myneta_folder=TamilNadu2021&candidate_id=2137&col=lia
2080,1146,P. Ezhilarasan,https://www.myneta.info/TamilNadu2021/candidate.php?candidate_id=1146,KANCHEEPURAM,IND,0,8th Pass,"Rs 70,000 ~ 70 Thou+",Rs 0 ~
2081,3584,P. Jagadeesan,https://www.myneta.info/TamilNadu2021/candidate.php?candidate_id=3584,MANACHANALLUR,My India Party,1,Others,"Rs 50,26,000 ~ 50 Lacs+","Rs 20,00,000 ~ 20 Lacs+"
2082,3607,P. Loganathan,https://www.myneta.info/TamilNadu2021/candidate.php?candidate_id=3607,MUSIRI,IND,0,Post Graduate,https://myneta.info/image_v2.php?myneta_folder=TamilNadu2021&candidate_id=3607&col=ta,https://myneta.info/image_v2.php?myneta_folder=TamilNadu2021&candidate_id=3607&col=lia
2083,3590,P. Machavallavan,https://www.myneta.info/TamilNadu2021/candidate.php?candidate_id=3590,MANACHANALLUR,IND,0,Graduate,"Rs 13,88,000 ~ 13 Lacs+","Rs 1,16,000 ~ 1 Lacs+"
2084,1154,P. Magesh Kumar,https://www.myneta.info/TamilNadu2021/candidate.php?candidate_id=1154,KANCHEEPURAM,Pattali Makkal Katchi,0,Graduate,"Rs 73,50,000 ~ 73 Lacs+","Rs 30,00,000 ~ 30 Lacs+"
2085,2149,P. Manimaran,https://www.myneta.info/TamilNadu2021/candidate.php?candidate_id=2149,ANNA NAGAR,IND,0,5th Pass,https://myneta.info/image_v2.php?myneta_folder=TamilNadu2021&candidate_id=2149&col=ta,https://myneta.info/image_v2.php?myneta_folder=TamilNadu2021&candidate_id=2149&col=lia
2086,489,P. Nivedha,https://www.myneta.info/TamilNadu2021/candidate.php?candidate_id=489,KATTUMANNARKOIL (SC),Naam Tamilar Katchi,0,Post Graduate,"Rs 11,39,000 ~ 11 Lacs+",Rs 0 ~
2087,3585,P. Ramalingam,https://www.myneta.info/TamilNadu2021/candidate.php?candidate_id=3585,MANACHANALLUR,IND,0,Graduate Professional,"Rs 1,11,50,000 ~ 1 Crore+","Rs 34,000 ~ 34 Thou+"
2088,2364,P. Ramasamy,https://www.myneta.info/TamilNadu2021/candidate.php?candidate_id=2364,VRIDHACHALAM,IND,1,Literate,https://myneta.info/image_v2.php?myneta_folder=TamilNadu2021&candidate_id=2364&col=ta,https://myneta.info/image_v2.php?myneta_folder=TamilNadu2021&candidate_id=2364&col=lia
2089,2119,P. Ramasamy,https://www.myneta.info/TamilNadu2021/candidate.php?candidate_id=2119,YERCAUD (ST),BSP,0,8th Pass,"Rs 2,24,500 ~ 2 Lacs+",Rs 0 ~
2090,2691,P. Sathishkumar,https://www.myneta.info/TamilNadu2021/candidate.php?candidate_id=2691,YERCAUD (ST),IND,0,Graduate,"Rs 62,200 ~ 62 Thou+",Rs 0 ~
2091,138,P.Abdul Wahid,https://www.myneta.info/TamilNadu2021/candidate.php?candidate_id=138,VANIYAMBADI,IND,0,5th Pass,https://myneta.info/image_v2.php?myneta_folder=TamilNadu2021&candidate_id=138&col=ta,https://myneta.info/image_v2.php?myneta_folder=TamilNadu2021&candidate_id=138&col=lia
2092,1352,P.Anbalagan,https://www.myneta.info/TamilNadu2021/candidate.php?candidate_id=1352,KULITHALAI,BSP,0,10th Pass,"Rs 12,772 ~ 12 Thou+",Rs 0 ~
2093,2696,P.Andisamy,https://www.myneta.info/TamilNadu2021/candidate.php?candidate_id=2696,NATHAM,BSP,0,8th Pass,"Rs 1,21,792 ~ 1 Lacs+",Rs 0 ~
2094,3795,P.Arulraj,https://www.myneta.info/TamilNadu2021/candidate.php?candidate_id=3795,SHOLINGANALLUR,IND,0,Graduate,https://myneta.info/image_v2.php?myneta_folder=TamilNadu2021&candidate_id=3795&col=ta,https://myneta.info/image_v2.php?myneta_folder=TamilNadu2021&candidate_id=3795&col=lia
2095,1046,P.Asaithambi,https://www.myneta.info/TamilNadu2021/candidate.php?candidate_id=1046,GANDARVAKOTTAI (SC),CPI(ML)(L),0,Graduate Professional,"Rs 20,000 ~ 20 Thou+",Rs 0 ~
2096,2120,P.Balamurugan,https://www.myneta.info/TamilNadu2021/candidate.php?candidate_id=2120,ALANGUDI,My India Party,0,Others,"Rs 5,90,000 ~ 5 Lacs+",Rs 0 ~
2097,1644,P.Balasubramanian,https://www.myneta.info/TamilNadu2021/candidate.php?candidate_id=1644,SRIRANGAM,Samaniya Makkal Nala Katchi,1,Graduate Professional,https://myneta.info/image_v2.php?myneta_folder=TamilNadu2021&candidate_id=1644&col=ta,https://myneta.info/image_v2.php?myneta_folder=TamilNadu2021&candidate_id=1644&col=lia
2098,2144,P.E. Gopinath,https://www.myneta.info/TamilNadu2021/candidate.php?candidate_id=2144,ANNA NAGAR,IND,0,10th Pass,"Rs 2,70,000 ~ 2 Lacs+",Rs 0 ~
2099,1840,P.Eswaran,https://www.myneta.info/TamilNadu2021/candidate.php?candidate_id=1840,ARCOT,IND,0,10th Pass,"Rs 2,69,000 ~ 2 Lacs+","Rs 2,80,000 ~ 2 Lacs+"
2100,889,P.Ganesh Kumar,https://www.myneta.info/TamilNadu2021/candidate.php?candidate_id=889,BODINAYAKKANUR,Makkal Needhi Maiam,0,8th Pass,https://myneta.info/image_v2.php?myneta_folder=TamilNadu2021&candidate_id=889&col=ta,https://myneta.info/image_v2.php?myneta_folder=TamilNadu2021&candidate_id=889&col=lia
2101,4218,P.Ganeshraja,https://www.myneta.info/TamilNadu2021/candidate.php?candidate_id=4218,KILPENNATHUR,IND,0,12th Pass,"Rs 7,79,925 ~ 7 Lacs+",Rs 0 ~
2102,2058,P.Geetha Jeevan,https://www.myneta.info/TamilNadu2021/candidate.php?candidate_id=2058,THOOTHUKUDI,DMK,15,Post Graduate,"Rs 9,82,76,048 ~ 9 Crore+","Rs 1,39,36,663 ~ 1 Crore+"
2103,91,P.Geetha Lakshmi,https://www.myneta.info/TamilNadu2021/candidate.php?candidate_id=91,EGMORE (SC),Naam Tamilar Katchi,0,Graduate Professional,https://myneta.info/image_v2.php?myneta_folder=TamilNadu2021&candidate_id=91&col=ta,https://myneta.info/image_v2.php?myneta_folder=TamilNadu2021&candidate_id=91&col=lia
2104,1322,P.Gunasekaran,https://www.myneta.info/TamilNadu2021/candidate.php?candidate_id=1322,KOVILPATTI,IND,0,Illiterate,Nil,Rs 0 ~
2105,1759,P.Harishkumar,https://www.myneta.info/TamilNadu2021/candidate.php?candidate_id=1759,KOLATHUR,IND,0,Graduate Professional,"Rs 1,81,700 ~ 1 Lacs+",Rs 0 ~
2106,3019,P.Jayapal,https://www.myneta.info/TamilNadu2021/candidate.php?candidate_id=3019,VEPPANAHALLI,Makkal Needhi Maiam,0,8th Pass,https://myneta.info/image_v2.php?myneta_folder=TamilNadu2021&candidate_id=3019&col=ta,https://myneta.info/image_v2.php?myneta_folder=TamilNadu2021&candidate_id=3019&col=lia
2107,3383,P.Jeyachandran,https://www.myneta.info/TamilNadu2021/candidate.php?candidate_id=3383,TIRUPPATHUR,IND,0,10th Pass,"Rs 7,35,900 ~ 7 Lacs+","Rs 6,352 ~ 6 Thou+"
2108,665,P.K.Vairamuthu,https://www.myneta.info/TamilNadu2021/candidate.php?candidate_id=665,THIRUMAYAM,AIADMK,0,12th Pass,"Rs 5,95,03,282 ~ 5 Crore+","Rs 2,66,14,260 ~ 2 Crore+"
2109,3238,P.Karthikeyan,https://www.myneta.info/TamilNadu2021/candidate.php?candidate_id=3238,GANDARVAKOTTAI (SC),IND,3,10th Pass,https://myneta.info/image_v2.php?myneta_folder=TamilNadu2021&candidate_id=3238&col=ta,https://myneta.info/image_v2.php?myneta_folder=TamilNadu2021&candidate_id=3238&col=lia
2110,877,P.Karuppiah,https://www.myneta.info/TamilNadu2021/candidate.php?candidate_id=877,BODINAYAKKANUR,Bahujan Dravida Party,0,Post Graduate,"Rs 62,54,682 ~ 62 Lacs+",Rs 0 ~
2111,1273,P.Kathikeyan,https://www.myneta.info/TamilNadu2021/candidate.php?candidate_id=1273,KILPENNATHUR,Amma Makkal Munnettra Kazagam,3,10th Pass,"Rs 55,61,485 ~ 55 Lacs+","Rs 10,00,000 ~ 10 Lacs+"
2112,74,P.Kumaragurubaran,https://www.myneta.info/TamilNadu2021/candidate.php?candidate_id=74,BODINAYAKKANUR,IND,0,Post Graduate,https://myneta.info/image_v2.php?myneta_folder=TamilNadu2021&candidate_id=74&col=ta,https://myneta.info/image_v2.php?myneta_folder=TamilNadu2021&candidate_id=74&col=lia
2113,873,P.L Sundaram,https://www.myneta.info/TamilNadu2021/candidate.php?candidate_id=873,BHAVANISAGAR (SC),CPI,5,8th Pass,"Rs 35,56,889 ~ 35 Lacs+",Rs 0 ~
2114,3236,P.Lenin,https://www.myneta.info/TamilNadu2021/candidate.php?candidate_id=3236,GANDARVAKOTTAI (SC),Amma Makkal Munnettra Kazagam,0,Post Graduate,"Rs 28,80,000 ~ 28 Lacs+","Rs 2,50,000 ~ 2 Lacs+"
2115,2404,P.M. Kumar,https://www.myneta.info/TamilNadu2021/candidate.php?candidate_id=2404,KATTUMANNARKOIL (SC),IND,0,Post Graduate,https://myneta.info/image_v2.php?myneta_folder=TamilNadu2021&candidate_id=2404&col=ta,https://myneta.info/image_v2.php?myneta_folder=TamilNadu2021&candidate_id=2404&col=lia
2116,3580,P.M.Sahadevan,https://www.myneta.info/TamilNadu2021/candidate.php?candidate_id=3580,LALGUDI,IND,0,8th Pass,"Rs 23,97,876 ~ 23 Lacs+",Rs 0 ~
2117,3343,P.Malaichamy,https://www.myneta.info/TamilNadu2021/candidate.php?candidate_id=3343,RAMANATHAPURAM,IND,5,8th Pass,"Rs 52,242 ~ 52 Thou+",Rs 0 ~
2118,885,P.Manimaran,https://www.myneta.info/TamilNadu2021/candidate.php?candidate_id=885,BODINAYAKKANUR,IND,0,Post Graduate,https://myneta.info/image_v2.php?myneta_folder=TamilNadu2021&candidate_id=885&col=ta,https://myneta.info/image_v2.php?myneta_folder=TamilNadu2021&candidate_id=885&col=lia
2119,130,P.Murugan,https://www.myneta.info/TamilNadu2021/candidate.php?candidate_id=130,VEPPANAHALLI,DMK,0,12th Pass,"Rs 5,94,62,160 ~ 5 Crore+","Rs 64,40,316 ~ 64 Lacs+"
2120,3363,P.Murugan,https://www.myneta.info/TamilNadu2021/candidate.php?candidate_id=3363,MUDUKULATHUR,IND,0,5th Pass,"Rs 57,000 ~ 57 Thou+",Rs 0 ~
2121,2681,P.Nagajothi,https://www.myneta.info/TamilNadu2021/candidate.php?candidate_id=2681,NILAKKOTTAI (SC),IND,0,8th Pass,https://myneta.info/image_v2.php?myneta_folder=TamilNadu2021&candidate_id=2681&col=ta,https://myneta.info/image_v2.php?myneta_folder=TamilNadu2021&candidate_id=2681&col=lia
2122,3484,P.Nagendhren,https://www.myneta.info/TamilNadu2021/candidate.php?candidate_id=3484,BODINAYAKKANUR,IND,1,Others,"Rs 12,37,629 ~ 12 Lacs+","Rs 1,42,000 ~ 1 Lacs+"
2123,2674,P.Nagendran,https://www.myneta.info/TamilNadu2021/candidate.php?candidate_id=2674,NILAKKOTTAI (SC),BSP,0,Post Graduate,"Rs 1,15,000 ~ 1 Lacs+",Rs 0 ~
2124,3577,P.Nambirajan,https://www.myneta.info/TamilNadu2021/candidate.php?candidate_id=3577,LALGUDI,Puthiya Tamilagam,0,10th Pass,https://myneta.info/image_v2.php?myneta_folder=TamilNadu2021&candidate_id=3577&col=ta,https://myneta.info/image_v2.php?myneta_folder=TamilNadu2021&candidate_id=3577&col=lia
2125,1536,P.Neelamegam,https://www.myneta.info/TamilNadu2021/candidate.php?candidate_id=1536,MANACHANALLUR,IND,0,Illiterate,"Rs 16,000 ~ 16 Thou+",Rs 0 ~
2126,788,P.Pandidurai,https://www.myneta.info/TamilNadu2021/candidate.php?candidate_id=788,ANDIPATTI,IND,0,Others,"Rs 10,10,000 ~ 10 Lacs+","Rs 5,50,000 ~ 5 Lacs+"
2127,355,P.Panivuraja,https://www.myneta.info/TamilNadu2021/candidate.php?candidate_id=355,ANDIPATTI,IND,0,10th Pass,https://myneta.info/image_v2.php?myneta_folder=TamilNadu2021&candidate_id=355&col=ta,https://myneta.info/image_v2.php?myneta_folder=TamilNadu2021&candidate_id=355&col=lia
2128,2686,P.Pothumanickam,https://www.myneta.info/TamilNadu2021/candidate.php?candidate_id=2686,NILAKKOTTAI (SC),IND,0,8th Pass,"Rs 3,55,000 ~ 3 Lacs+",Rs 0 ~
2129,3925,P.Prasanth,https://www.myneta.info/TamilNadu2021/candidate.php?candidate_id=3925,ARUPPUKOTTAI,IND,0,5th Pass,"Rs 80,000 ~ 80 Thou+",Rs 0 ~
2130,2657,P.Raja,https://www.myneta.info/TamilNadu2021/candidate.php?candidate_id=2657,OMALUR,IND,0,5th Pass,https://myneta.info/image_v2.php?myneta_folder=TamilNadu2021&candidate_id=2657&col=ta,https://myneta.info/image_v2.php?myneta_folder=TamilNadu2021&candidate_id=2657&col=lia
2131,1534,P.Rajaram,https://www.myneta.info/TamilNadu2021/candidate.php?candidate_id=1534,MANACHANALLUR,IND,0,8th Pass,"Rs 4,67,000 ~ 4 Lacs+",Rs 0 ~
2132,3381,P.Rajeswari,https://www.myneta.info/TamilNadu2021/candidate.php?candidate_id=3381,TIRUPPATHUR,IND,0,10th Pass,"Rs 19,27,938 ~ 19 Lacs+","Rs 10,00,000 ~ 10 Lacs+"
2133,1133,P.Raji,https://www.myneta.info/TamilNadu2021/candidate.php?candidate_id=1133,KADAYANALLUR,IND,0,8th Pass,https://myneta.info/image_v2.php?myneta_folder=TamilNadu2021&candidate_id=1133&col=ta,https://myneta.info/image_v2.php?myneta_folder=TamilNadu2021&candidate_id=1133&col=lia
2134,2766,P.Ramachandran,https://www.myneta.info/TamilNadu2021/candidate.php?candidate_id=2766,SALEM NORTH,IND,0,12th Pass,"Rs 1,35,548 ~ 1 Lacs+",Rs 0 ~
2135,3476,P.Ramaiya,https://www.myneta.info/TamilNadu2021/candidate.php?candidate_id=3476,PERIYAKULAM (SC),IND,0,5th Pass,"Rs 17,15,650 ~ 17 Lacs+","Rs 1,30,000 ~ 1 Lacs+"
2136,4186,P.Ramasamy,https://www.myneta.info/TamilNadu2021/candidate.php?candidate_id=4186,KOVILPATTI,IND,0,5th Pass,https://myneta.info/image_v2.php?myneta_folder=TamilNadu2021&candidate_id=4186&col=ta,https://myneta.info/image_v2.php?myneta_folder=TamilNadu2021&candidate_id=4186&col=lia
2137,1831,P.Ravi,https://www.myneta.info/TamilNadu2021/candidate.php?candidate_id=1831,ARAKKONAM (SC),IND,0,5th Pass,"Rs 1,58,000 ~ 1 Lacs+",Rs 0 ~
2138,1648,P.Ravichandran,https://www.myneta.info/TamilNadu2021/candidate.php?candidate_id=1648,SRIRANGAM,IND,0,Others,"Rs 58,11,400 ~ 58 Lacs+","Rs 3,00,000 ~ 3 Lacs+"
2139,3241,P.Rengasamy,https://www.myneta.info/TamilNadu2021/candidate.php?candidate_id=3241,GANDARVAKOTTAI (SC),IND,0,Graduate Professional,https://myneta.info/image_v2.php?myneta_folder=TamilNadu2021&candidate_id=3241&col=ta,https://myneta.info/image_v2.php?myneta_folder=TamilNadu2021&candidate_id=3241&col=lia
2140,2581,P.S.Arumugam,https://www.myneta.info/TamilNadu2021/candidate.php?candidate_id=2581,VEDHARANYAM,Amma Makkal Munnettra Kazagam,1,10th Pass,"Rs 57,03,535 ~ 57 Lacs+","Rs 8,00,000 ~ 8 Lacs+"
2141,4262,P.Sathiyaraj,https://www.myneta.info/TamilNadu2021/candidate.php?candidate_id=4262,ALANDUR,IND,0,10th Pass,"Rs 4,03,949 ~ 4 Lacs+",Rs 0 ~
2142,3374,P.Selvaraj,https://www.myneta.info/TamilNadu2021/candidate.php?candidate_id=3374,TIRUPPATHUR,IND,0,10th Pass,https://myneta.info/image_v2.php?myneta_folder=TamilNadu2021&candidate_id=3374&col=ta,https://myneta.info/image_v2.php?myneta_folder=TamilNadu2021&candidate_id=3374&col=lia
2143,1369,P.Sengodagoundar,https://www.myneta.info/TamilNadu2021/candidate.php?candidate_id=1369,KUMARAPALAYAM,IND,0,Illiterate,"Rs 4,30,000 ~ 4 Lacs+",Rs 0 ~
2144,1765,P.Senthil Kumar,https://www.myneta.info/TamilNadu2021/candidate.php?candidate_id=1765,KOLATHUR,IND,0,Graduate Professional,"Rs 3,81,500 ~ 3 Lacs+",Rs 0 ~
2145,2680,P.Sivakami,https://www.myneta.info/TamilNadu2021/candidate.php?candidate_id=2680,NILAKKOTTAI (SC),IND,0,8th Pass,https://myneta.info/image_v2.php?myneta_folder=TamilNadu2021&candidate_id=2680&col=ta,https://myneta.info/image_v2.php?myneta_folder=TamilNadu2021&candidate_id=2680&col=lia
2146,4158,P.Subbiah Pandian,https://www.myneta.info/TamilNadu2021/candidate.php?candidate_id=4158,SRIVAIKUNTAM,Naam Tamilar Katchi,1,10th Pass,"Rs 24,72,504 ~ 24 Lacs+","Rs 2,37,000 ~ 2 Lacs+"
2147,266,P.Sudhakar,https://www.myneta.info/TamilNadu2021/candidate.php?candidate_id=266,ARAKKONAM (SC),BSP,0,12th Pass,"Rs 4,50,000 ~ 4 Lacs+",Rs 0 ~
2148,641,P.V.Bharathi,https://www.myneta.info/TamilNadu2021/candidate.php?candidate_id=641,SIRKAZHI (SC),AIADMK,0,Graduate,https://myneta.info/image_v2.php?myneta_folder=TamilNadu2021&candidate_id=641&col=ta,https://myneta.info/image_v2.php?myneta_folder=TamilNadu2021&candidate_id=641&col=lia
2149,2586,P.V.Theenathayalan,https://www.myneta.info/TamilNadu2021/candidate.php?candidate_id=2586,VEDHARANYAM,IND,0,Others,"Rs 1,40,94,582 ~ 1 Crore+","Rs 1,62,34,234 ~ 1 Crore+"
2150,3234,P.Venkatachalam,https://www.myneta.info/TamilNadu2021/candidate.php?candidate_id=3234,KUMARAPALAYAM,IND,0,8th Pass,"Rs 1,98,000 ~ 1 Lacs+",Rs 0 ~
2151,3274,P.Vijayakumar,https://www.myneta.info/TamilNadu2021/candidate.php?candidate_id=3274,PUDUKKOTTAI,IND,0,12th Pass,https://myneta.info/image_v2.php?myneta_folder=TamilNadu2021&candidate_id=3274&col=ta,https://myneta.info/image_v2.php?myneta_folder=TamilNadu2021&candidate_id=3274&col=lia
2152,3392,P.Viswanathan,https://www.myneta.info/TamilNadu2021/candidate.php?candidate_id=3392,SIVAGANGA,IND,0,10th Pass,"Rs 7,38,700 ~ 7 Lacs+","Rs 3,00,500 ~ 3 Lacs+"
2153,3448,"Pachamuthu, P.",https://www.myneta.info/TamilNadu2021/candidate.php?candidate_id=3448,PERAVURANI,Indiya Jananayaka Katchi,0,Others,"Rs 16,68,000 ~ 16 Lacs+","Rs 12,20,757 ~ 12 Lacs+"
2154,4003,Pachimuthu P,https://www.myneta.info/TamilNadu2021/candidate.php?candidate_id=4003,TINDIVANAM (SC),Naam Tamilar Katchi,1,Graduate Professional,https://myneta.info/image_v2.php?myneta_folder=TamilNadu2021&candidate_id=4003&col=ta,https://myneta.info/image_v2.php?myneta_folder=TamilNadu2021&candidate_id=4003&col=lia
2155,3096,"Packiyaselvi, K.",https://www.myneta.info/TamilNadu2021/candidate.php?candidate_id=3096,THIRUPARANKUNDRAM,IND,0,12th Pass,"Rs 66,000 ~ 66 Thou+",Rs 0 ~
2156,531,Padma Priya.S,https://www.myneta.info/TamilNadu2021/candidate.php?candidate_id=531,MADHURAVOYAL,Makkal Needhi Maiam,0,Post Graduate,"Rs 28,83,891 ~ 28 Lacs+",Rs 0 ~
2157,699,"Padmanathan, V.",https://www.myneta.info/TamilNadu2021/candidate.php?candidate_id=699,TIRUCHIRAPPALLI WEST,AIADMK,0,Graduate Professional,https://myneta.info/image_v2.php?myneta_folder=TamilNadu2021&candidate_id=699&col=ta,https://myneta.info/image_v2.php?myneta_folder=TamilNadu2021&candidate_id=699&col=lia
2158,650,Palani,https://www.myneta.info/TamilNadu2021/candidate.php?candidate_id=650,SRIPERUMBUDUR (SC),AIADMK,0,5th Pass,"Rs 1,78,12,310 ~ 1 Crore+","Rs 26,75,000 ~ 26 Lacs+"
2159,2591,Palani.C,https://www.myneta.info/TamilNadu2021/candidate.php?candidate_id=2591,HARUR (SC),IND,0,Illiterate,"Rs 1,00,500 ~ 1 Lacs+",Rs 0 ~
2160,2557,Palani.S.K.,https://www.myneta.info/TamilNadu2021/candidate.php?candidate_id=2557,DHARMAPURI,IND,0,Not Given,https://myneta.info/image_v2.php?myneta_folder=TamilNadu2021&candidate_id=2557&col=ta,https://myneta.info/image_v2.php?myneta_folder=TamilNadu2021&candidate_id=2557&col=lia
2161,3049,Palaniammal P,https://www.myneta.info/TamilNadu2021/candidate.php?candidate_id=3049,MADURAI EAST,IND,0,Post Graduate,"Rs 22,049 ~ 22 Thou+","Rs 60,000 ~ 60 Thou+"
2162,2344,"Palaniammal, P.",https://www.myneta.info/TamilNadu2021/candidate.php?candidate_id=2344,TITTAKUDI (SC),IND,0,Post Graduate,"Rs 1,88,200 ~ 1 Lacs+",Rs 0 ~
2163,126,Palaniappan,https://www.myneta.info/TamilNadu2021/candidate.php?candidate_id=126,VIRALIMALAI,DMK,12,Graduate Professional,https://myneta.info/image_v2.php?myneta_folder=TamilNadu2021&candidate_id=126&col=ta,https://myneta.info/image_v2.php?myneta_folder=TamilNadu2021&candidate_id=126&col=lia
2164,711,Palaniappan,https://www.myneta.info/TamilNadu2021/candidate.php?candidate_id=711,TIRUPPATHUR,IND,0,10th Pass,"Rs 20,000 ~ 20 Thou+",Rs 0 ~
2165,2573,Palaniappan.P,https://www.myneta.info/TamilNadu2021/candidate.php?candidate_id=2573,PAPPIREDDIPATTI,Amma Makkal Munnettra Kazagam,4,Post Graduate,"Rs 5,55,69,405 ~ 5 Crore+","Rs 3,30,43,213 ~ 3 Crore+"
2166,2797,Palanichamy B,https://www.myneta.info/TamilNadu2021/candidate.php?candidate_id=2797,VEDASANDUR,IND,0,10th Pass,https://myneta.info/image_v2.php?myneta_folder=TamilNadu2021&candidate_id=2797&col=ta,https://myneta.info/image_v2.php?myneta_folder=TamilNadu2021&candidate_id=2797&col=lia
2167,3882,"Palanichamy, P.",https://www.myneta.info/TamilNadu2021/candidate.php?candidate_id=3882,SATTUR,Bahujan Dravida Party,0,Post Graduate,"Rs 6,52,500 ~ 6 Lacs+",Rs 0 ~
2168,1949,Palanichamy.P,https://www.myneta.info/TamilNadu2021/candidate.php?candidate_id=1949,SIVAKASI,Bahujan Dravida Party,0,Post Graduate,"Rs 6,52,500 ~ 6 Lacs+",Rs 0 ~
2169,666,"Palanikumar, M.",https://www.myneta.info/TamilNadu2021/candidate.php?candidate_id=666,THIRUPARANKUNDRAM,Ambedkar Political Party,0,Post Graduate,https://myneta.info/image_v2.php?myneta_folder=TamilNadu2021&candidate_id=666&col=ta,https://myneta.info/image_v2.php?myneta_folder=TamilNadu2021&candidate_id=666&col=lia
2170,3742,Palanikumar.A,https://www.myneta.info/TamilNadu2021/candidate.php?candidate_id=3742,TENKASI,IND,0,8th Pass,"Rs 86,000 ~ 86 Thou+",Rs 0 ~
2171,2464,Palanikumar.V,https://www.myneta.info/TamilNadu2021/candidate.php?candidate_id=2464,COIMBATORE SOUTH,IND,1,Others,"Rs 58,000 ~ 58 Thou+","Rs 36,557 ~ 36 Thou+"
2172,3743,Palanimurugan.P,https://www.myneta.info/TamilNadu2021/candidate.php?candidate_id=3743,TENKASI,IND,0,5th Pass,https://myneta.info/image_v2.php?myneta_folder=TamilNadu2021&candidate_id=3743&col=ta,https://myneta.info/image_v2.php?myneta_folder=TamilNadu2021&candidate_id=3743&col=lia
2173,3253,Palanisamy A,https://www.myneta.info/TamilNadu2021/candidate.php?candidate_id=3253,VIRALIMALAI,IND,0,10th Pass,"Rs 3,85,500 ~ 3 Lacs+",Rs 0 ~
2174,1061,Palanisamy P,https://www.myneta.info/TamilNadu2021/candidate.php?candidate_id=1061,GOBICHETTIPALAYAM,BSP,0,Illiterate,"Rs 70,500 ~ 70 Thou+",Rs 0 ~
2175,2485,"Palanisamy, N",https://www.myneta.info/TamilNadu2021/candidate.php?candidate_id=2485,SINGANALLUR,My India Party,0,Graduate,https://myneta.info/image_v2.php?myneta_folder=TamilNadu2021&candidate_id=2485&col=ta,https://myneta.info/image_v2.php?myneta_folder=TamilNadu2021&candidate_id=2485&col=lia
2176,4116,"Palanisamy,R.",https://www.myneta.info/TamilNadu2021/candidate.php?candidate_id=4116,UDUMALAIPETTAI,Amma Makkal Munnettra Kazagam,0,12th Pass,"Rs 1,69,84,638 ~ 1 Crore+","Rs 13,72,684 ~ 13 Lacs+"
2177,2723,Palanisamy. A,https://www.myneta.info/TamilNadu2021/candidate.php?candidate_id=2723,EDAPPADI,IND,0,10th Pass,"Rs 2,21,000 ~ 2 Lacs+",Rs 0 ~
2178,3785,Palanisamy.A,https://www.myneta.info/TamilNadu2021/candidate.php?candidate_id=3785,KALLAKURICHI (SC),IND,0,10th Pass,https://myneta.info/image_v2.php?myneta_folder=TamilNadu2021&candidate_id=3785&col=ta,https://myneta.info/image_v2.php?myneta_folder=TamilNadu2021&candidate_id=3785&col=lia
2179,415,Palanisamyraaj M,https://www.myneta.info/TamilNadu2021/candidate.php?candidate_id=415,GOBICHETTIPALAYAM,IND,0,10th Pass,"Rs 1,14,61,062 ~ 1 Crore+","Rs 16,65,354 ~ 16 Lacs+"
2180,88,Palaniswami K,https://www.myneta.info/TamilNadu2021/candidate.php?candidate_id=88,EDAPPADI,AIADMK,0,Graduate,"Rs 6,70,37,269 ~ 6 Crore+","Rs 29,75,453 ~ 29 Lacs+"
2181,187,Palanivel S,https://www.myneta.info/TamilNadu2021/candidate.php?candidate_id=187,RASIPURAM(SC),IND,0,Literate,https://myneta.info/image_v2.php?myneta_folder=TamilNadu2021&candidate_id=187&col=ta,https://myneta.info/image_v2.php?myneta_folder=TamilNadu2021&candidate_id=187&col=lia
2182,1436,Palanivel Thiaga Rajan,https://www.myneta.info/TamilNadu2021/candidate.php?candidate_id=1436,MADURAI CENTRAL,DMK,4,Doctorate,"Rs 38,89,53,333 ~ 38 Crore+",Rs 0 ~
2183,478,Palanivel.P,https://www.myneta.info/TamilNadu2021/candidate.php?candidate_id=478,KARUR,IND,0,Graduate Professional,"Rs 35,000 ~ 35 Thou+",Rs 0 ~
2184,1651,Palaniyandi.M,https://www.myneta.info/TamilNadu2021/candidate.php?candidate_id=1651,SRIRANGAM,DMK,7,8th Pass,https://myneta.info/image_v2.php?myneta_folder=TamilNadu2021&candidate_id=1651&col=ta,https://myneta.info/image_v2.php?myneta_folder=TamilNadu2021&candidate_id=1651&col=lia
2185,2638,"Palaniyappan, M.",https://www.myneta.info/TamilNadu2021/candidate.php?candidate_id=2638,SANKARI,IND,0,Others,"Rs 67,87,430 ~ 67 Lacs+","Rs 1,82,000 ~ 1 Lacs+"
2186,204,Palaniyappan.R,https://www.myneta.info/TamilNadu2021/candidate.php?candidate_id=204,PAPPIREDDIPATTI,IND,0,8th Pass,"Rs 6,86,363 ~ 6 Lacs+","Rs 4,00,000 ~ 4 Lacs+"
2187,2289,Palayan R,https://www.myneta.info/TamilNadu2021/candidate.php?candidate_id=2289,THIYAGARAYANAGAR,IND,0,Graduate Professional,https://myneta.info/image_v2.php?myneta_folder=TamilNadu2021&candidate_id=2289&col=ta,https://myneta.info/image_v2.php?myneta_folder=TamilNadu2021&candidate_id=2289&col=lia
2188,2668,Palraj R,https://www.myneta.info/TamilNadu2021/candidate.php?candidate_id=2668,ATHOOR,IND,0,Post Graduate,"Rs 10,000 ~ 10 Thou+",Rs 0 ~
2189,2228,Panasaiaragan K N,https://www.myneta.info/TamilNadu2021/candidate.php?candidate_id=2228,NANNILAM,Desiya Makkal Sakthi Katchi,0,10th Pass,"Rs 1,89,350 ~ 1 Lacs+",Rs 0 ~
2190,2611,Pandeeswaran M,https://www.myneta.info/TamilNadu2021/candidate.php?candidate_id=2611,PALANI,IND,0,5th Pass,https://myneta.info/image_v2.php?myneta_folder=TamilNadu2021&candidate_id=2611&col=ta,https://myneta.info/image_v2.php?myneta_folder=TamilNadu2021&candidate_id=2611&col=lia
2191,982,Pandi Selvam.R,https://www.myneta.info/TamilNadu2021/candidate.php?candidate_id=982,CUMBUM,Anna Puratchi Thalaivar Amma Dravida Munnetra Kazhagam,0,10th Pass,"Rs 15,76,800 ~ 15 Lacs+","Rs 10,02,000 ~ 10 Lacs+"
2192,3883,"Pandi, K.",https://www.myneta.info/TamilNadu2021/candidate.php?candidate_id=3883,SATTUR,Naam Tamilar Katchi,2,8th Pass,"Rs 19,63,939 ~ 19 Lacs+","Rs 1,06,400 ~ 1 Lacs+"
2193,523,Pandiammal J,https://www.myneta.info/TamilNadu2021/candidate.php?candidate_id=523,MADURAI CENTRAL,Naam Tamilar Katchi,0,Post Graduate,https://myneta.info/image_v2.php?myneta_folder=TamilNadu2021&candidate_id=523&col=ta,https://myneta.info/image_v2.php?myneta_folder=TamilNadu2021&candidate_id=523&col=lia
2194,3532,Pandian V,https://www.myneta.info/TamilNadu2021/candidate.php?candidate_id=3532,MANAPPARAI,Ezhuchi Tamilargal Munnetra Kazhagam,0,Literate,"Rs 33,02,000 ~ 33 Lacs+",Rs 0 ~
2195,3529,Pandiarajan G,https://www.myneta.info/TamilNadu2021/candidate.php?candidate_id=3529,AVADI,IND,0,Graduate,"Rs 3,60,299 ~ 3 Lacs+",Rs 0 ~
2196,366,Pandiarajan K,https://www.myneta.info/TamilNadu2021/candidate.php?candidate_id=366,AVADI,AIADMK,2,Post Graduate,https://myneta.info/image_v2.php?myneta_folder=TamilNadu2021&candidate_id=366&col=ta,https://myneta.info/image_v2.php?myneta_folder=TamilNadu2021&candidate_id=366&col=lia
2197,1959,Pandiarajan.S,https://www.myneta.info/TamilNadu2021/candidate.php?candidate_id=1959,SIVAKASI,IND,0,8th Pass,"Rs 4,10,000 ~ 4 Lacs+",Rs 0 ~
2198,3307,Pandiyan V,https://www.myneta.info/TamilNadu2021/candidate.php?candidate_id=3307,ARANTHANGI,IND,0,10th Pass,"Rs 53,250 ~ 53 Thou+",Rs 0 ~
2199,1393,"Pandiyan, S.",https://www.myneta.info/TamilNadu2021/candidate.php?candidate_id=1393,KUNNAM,BSP,0,Others,https://myneta.info/image_v2.php?myneta_folder=TamilNadu2021&candidate_id=1393&col=ta,https://myneta.info/image_v2.php?myneta_folder=TamilNadu2021&candidate_id=1393&col=lia
2200,3872,"Pandiyaraj, K.",https://www.myneta.info/TamilNadu2021/candidate.php?candidate_id=3872,SRIVILLIPUTHUR (SC),Anaithu Makkal Puratchi Katchi,0,Not Given,Nil,Rs 0 ~
2201,2111,Pandurangan G,https://www.myneta.info/TamilNadu2021/candidate.php?candidate_id=2111,VIRUDHUNAGAR,BJP,0,10th Pass,"Rs 6,35,99,627 ~ 6 Crore+","Rs 2,13,90,313 ~ 2 Crore+"
2202,3915,Pandurengan T,https://www.myneta.info/TamilNadu2021/candidate.php?candidate_id=3915,VIRUDHUNAGAR,IND,0,5th Pass,https://myneta.info/image_v2.php?myneta_folder=TamilNadu2021&candidate_id=3915&col=ta,https://myneta.info/image_v2.php?myneta_folder=TamilNadu2021&candidate_id=3915&col=lia
2203,1618,Paneerselvam U,https://www.myneta.info/TamilNadu2021/candidate.php?candidate_id=1618,SANKARANKOVIL (SC),Tamizhaga Murpokku Makkal Katchi,0,10th Pass,"Rs 10,000 ~ 10 Thou+",Rs 0 ~
2204,1258,Pankaj Jain,https://www.myneta.info/TamilNadu2021/candidate.php?candidate_id=1258,KAVUNDAMPALAYAM,Makkal Needhi Maiam,0,10th Pass,"Rs 5,96,11,936 ~ 5 Crore+","Rs 1,78,47,915 ~ 1 Crore+"
2205,944,Panneer Selvaraj M,https://www.myneta.info/TamilNadu2021/candidate.php?candidate_id=944,COIMBATORE NORTH,New Generation Peoples Party,0,10th Pass,https://myneta.info/image_v2.php?myneta_folder=TamilNadu2021&candidate_id=944&col=ta,https://myneta.info/image_v2.php?myneta_folder=TamilNadu2021&candidate_id=944&col=lia
2206,3967,Panneer Sevlan .N,https://www.myneta.info/TamilNadu2021/candidate.php?candidate_id=3967,VELLORE,IND,0,Post Graduate,"Rs 10,000 ~ 10 Thou+",Rs 0 ~
2207,2025,Panneerselvam,https://www.myneta.info/TamilNadu2021/candidate.php?candidate_id=2025,SIRKAZHI (SC),DMK,11,Post Graduate,"Rs 2,08,90,000 ~ 2 Crore+","Rs 40,23,572 ~ 40 Lacs+"
2208,2222,Panneerselvam J.,https://www.myneta.info/TamilNadu2021/candidate.php?candidate_id=2222,THIRUVAUR,IND,5,8th Pass,https://myneta.info/image_v2.php?myneta_folder=TamilNadu2021&candidate_id=2222&col=ta,https://myneta.info/image_v2.php?myneta_folder=TamilNadu2021&candidate_id=2222&col=lia
2209,4227,Panneerselvam.S,https://www.myneta.info/TamilNadu2021/candidate.php?candidate_id=4227,KALASAPAKKAM,IND,0,10th Pass,"Rs 32,62,000 ~ 32 Lacs+",Rs 0 ~
2210,4228,Panneerselvam.V,https://www.myneta.info/TamilNadu2021/candidate.php?candidate_id=4228,KALASAPAKKAM,IND,0,10th Pass,"Rs 6,08,157 ~ 6 Lacs+","Rs 80,000 ~ 80 Thou+"
2211,446,Panneerselvam.V,https://www.myneta.info/TamilNadu2021/candidate.php?candidate_id=446,KALASAPAKKAM,AIADMK,1,10th Pass,https://myneta.info/image_v2.php?myneta_folder=TamilNadu2021&candidate_id=446&col=ta,https://myneta.info/image_v2.php?myneta_folder=TamilNadu2021&candidate_id=446&col=lia
2212,156,Pannerselvam A.N.R.,https://www.myneta.info/TamilNadu2021/candidate.php?candidate_id=156,THIRUVAUR,AIADMK,0,Graduate,"Rs 5,09,08,239 ~ 5 Crore+","Rs 19,30,157 ~ 19 Lacs+"
2213,3190,Papathi R,https://www.myneta.info/TamilNadu2021/candidate.php?candidate_id=3190,PARAMATHIVELUR,IND,0,Illiterate,"Rs 1,85,000 ~ 1 Lacs+",Rs 0 ~
2214,3620,Paramasiva Iyyappan,https://www.myneta.info/TamilNadu2021/candidate.php?candidate_id=3620,NANGUNERI,Amma Makkal Munnettra Kazagam,2,Graduate,https://myneta.info/image_v2.php?myneta_folder=TamilNadu2021&candidate_id=3620&col=ta,https://myneta.info/image_v2.php?myneta_folder=TamilNadu2021&candidate_id=3620&col=lia
2215,1673,Paramasivam K,https://www.myneta.info/TamilNadu2021/candidate.php?candidate_id=1673,THIRUTHURAIPOONDI (SC),IND,3,8th Pass,"Rs 3,35,500 ~ 3 Lacs+",Rs 0 ~
2216,2098,Paramasivam V P B,https://www.myneta.info/TamilNadu2021/candidate.php?candidate_id=2098,VEDASANDUR,AIADMK,0,Post Graduate,"Rs 12,50,86,133 ~ 12 Crore+",Rs 0 ~
2217,417,Paritha.G,https://www.myneta.info/TamilNadu2021/candidate.php?candidate_id=417,GUDIYATTAM (SC),AIADMK,0,Post Graduate,https://myneta.info/image_v2.php?myneta_folder=TamilNadu2021&candidate_id=417&col=ta,https://myneta.info/image_v2.php?myneta_folder=TamilNadu2021&candidate_id=417&col=lia
2218,1675,Pariventhan D,https://www.myneta.info/TamilNadu2021/candidate.php?candidate_id=1675,THIRUTHURAIPOONDI (SC),All India Samathuva Makhal Katchi,0,Post Graduate,"Rs 2,27,681 ~ 2 Lacs+",Rs 0 ~
2219,3315,Parthasarathi M,https://www.myneta.info/TamilNadu2021/candidate.php?candidate_id=3315,PARAMAKUDI (SC),My India Party,0,Graduate,"Rs 9,17,000 ~ 9 Lacs+","Rs 3,00,000 ~ 3 Lacs+"
2220,2418,Parthiban,https://www.myneta.info/TamilNadu2021/candidate.php?candidate_id=2418,SRIPERUMBUDUR (SC),IND,0,Graduate,https://myneta.info/image_v2.php?myneta_folder=TamilNadu2021&candidate_id=2418&col=ta,https://myneta.info/image_v2.php?myneta_folder=TamilNadu2021&candidate_id=2418&col=lia
2221,2173,Parthiban V,https://www.myneta.info/TamilNadu2021/candidate.php?candidate_id=2173,THOUSAND LIGHTS,IND,0,10th Pass,"Rs 5,800 ~ 5 Thou+",Rs 0 ~
2222,2190,Parthiban.V,https://www.myneta.info/TamilNadu2021/candidate.php?candidate_id=2190,AMBUR,All India Youth Development Party,0,10th Pass,"Rs 26,000 ~ 26 Thou+",Rs 0 ~
2223,1742,Parthipan. P,https://www.myneta.info/TamilNadu2021/candidate.php?candidate_id=1742,PERAMBUR,IND,0,Post Graduate,https://myneta.info/image_v2.php?myneta_folder=TamilNadu2021&candidate_id=1742&col=ta,https://myneta.info/image_v2.php?myneta_folder=TamilNadu2021&candidate_id=1742&col=lia
2224,94,Parthipan.P,https://www.myneta.info/TamilNadu2021/candidate.php?candidate_id=94,HARUR (SC),IND,0,Graduate,"Rs 6,75,500 ~ 6 Lacs+",Rs 0 ~
2225,2300,Pasupathi Pragalathan,https://www.myneta.info/TamilNadu2021/candidate.php?candidate_id=2300,MYLAPORE,IND,0,10th Pass,"Rs 39,441 ~ 39 Thou+",Rs 0 ~
2226,3508,"Pasupathy, P.",https://www.myneta.info/TamilNadu2021/candidate.php?candidate_id=3508,THIRUVALLUR,Naam Tamilar Katchi,0,Others,https://myneta.info/image_v2.php?myneta_folder=TamilNadu2021&candidate_id=3508&col=ta,https://myneta.info/image_v2.php?myneta_folder=TamilNadu2021&candidate_id=3508&col=lia
2227,265,Pattan.G,https://www.myneta.info/TamilNadu2021/candidate.php?candidate_id=265,ANTHIYUR,BSP,0,Illiterate,"Rs 5,03,362 ~ 5 Lacs+","Rs 5,78,000 ~ 5 Lacs+"
2228,293,Paul Manoj Pandian,https://www.myneta.info/TamilNadu2021/candidate.php?candidate_id=293,ALANGULAM,AIADMK,3,Post Graduate,"Rs 16,95,67,880 ~ 16 Crore+","Rs 2,20,05,710 ~ 2 Crore+"
2229,2396,Pazhanivel. M,https://www.myneta.info/TamilNadu2021/candidate.php?candidate_id=2396,BHUVANAGIRI,IND,0,Not Given,https://myneta.info/image_v2.php?myneta_folder=TamilNadu2021&candidate_id=2396&col=ta,https://myneta.info/image_v2.php?myneta_folder=TamilNadu2021&candidate_id=2396&col=lia
2230,3195,Periasamy R,https://www.myneta.info/TamilNadu2021/candidate.php?candidate_id=3195,PARAMATHIVELUR,IND,0,12th Pass,"Rs 25,000 ~ 25 Thou+",Rs 0 ~
2231,2612,Periyadurai M,https://www.myneta.info/TamilNadu2021/candidate.php?candidate_id=2612,PALANI,IND,1,8th Pass,"Rs 2,000 ~ 2 Thou+",Rs 0 ~
2232,2531,Periyananjappan. A,https://www.myneta.info/TamilNadu2021/candidate.php?candidate_id=2531,PENNAGARAM,IND,0,12th Pass,https://myneta.info/image_v2.php?myneta_folder=TamilNadu2021&candidate_id=2531&col=ta,https://myneta.info/image_v2.php?myneta_folder=TamilNadu2021&candidate_id=2531&col=lia
2233,2671,"Periyannan, M.",https://www.myneta.info/TamilNadu2021/candidate.php?candidate_id=2671,ATTUR (SC),BSP,0,8th Pass,"Rs 5,500 ~ 5 Thou+",Rs 0 ~
2234,547,Periyapullan P Alias Selvam,https://www.myneta.info/TamilNadu2021/candidate.php?candidate_id=547,MELUR,AIADMK,0,Graduate,"Rs 1,90,19,770 ~ 1 Crore+",Rs 0 ~
2235,3377,Periyasamy,https://www.myneta.info/TamilNadu2021/candidate.php?candidate_id=3377,TIRUPPATHUR,IND,0,8th Pass,https://myneta.info/image_v2.php?myneta_folder=TamilNadu2021&candidate_id=3377&col=ta,https://myneta.info/image_v2.php?myneta_folder=TamilNadu2021&candidate_id=3377&col=lia
2236,365,Periyasamy I,https://www.myneta.info/TamilNadu2021/candidate.php?candidate_id=365,ATHOOR,DMK,12,Graduate,"Rs 7,63,94,882 ~ 7 Crore+","Rs 1,41,15,522 ~ 1 Crore+"
2237,2084,"Periyasamy, D.",https://www.myneta.info/TamilNadu2021/candidate.php?candidate_id=2084,TITTAKUDI (SC),BJP,2,Others,"Rs 19,24,222 ~ 19 Lacs+","Rs 2,70,000 ~ 2 Lacs+"
2238,2935,Periyasamy. M. R,https://www.myneta.info/TamilNadu2021/candidate.php?candidate_id=2935,ARAVAKURICHI,IND,0,Graduate,https://myneta.info/image_v2.php?myneta_folder=TamilNadu2021&candidate_id=2935&col=ta,https://myneta.info/image_v2.php?myneta_folder=TamilNadu2021&candidate_id=2935&col=lia
2239,1050,Periyasamy.K,https://www.myneta.info/TamilNadu2021/candidate.php?candidate_id=1050,GANGAVALLI (SC),Indiya Jananayaka Katchi,0,10th Pass,"Rs 5,00,000 ~ 5 Lacs+",Rs 0 ~
2240,2864,Periyasamy.T,https://www.myneta.info/TamilNadu2021/candidate.php?candidate_id=2864,ANTHIYUR,IND,2,8th Pass,"Rs 10,000 ~ 10 Thou+",Rs 0 ~
2241,2413,Perumal,https://www.myneta.info/TamilNadu2021/candidate.php?candidate_id=2413,SRIPERUMBUDUR (SC),Amma Makkal Munnettra Kazagam,0,Graduate,https://myneta.info/image_v2.php?myneta_folder=TamilNadu2021&candidate_id=2413&col=ta,https://myneta.info/image_v2.php?myneta_folder=TamilNadu2021&candidate_id=2413&col=lia
2242,2358,Perumal,https://www.myneta.info/TamilNadu2021/candidate.php?candidate_id=2358,VRIDHACHALAM,IND,0,Illiterate,"Rs 2,97,000 ~ 2 Lacs+",Rs 0 ~
2243,3330,Perumal,https://www.myneta.info/TamilNadu2021/candidate.php?candidate_id=3330,TIRUVADANAI,IND,1,12th Pass,"Rs 60,76,000 ~ 60 Lacs+","Rs 5,19,000 ~ 5 Lacs+"
2244,3823,Perumal,https://www.myneta.info/TamilNadu2021/candidate.php?candidate_id=3823,PALLAVARAM,IND,0,10th Pass,https://myneta.info/image_v2.php?myneta_folder=TamilNadu2021&candidate_id=3823&col=ta,https://myneta.info/image_v2.php?myneta_folder=TamilNadu2021&candidate_id=3823&col=lia
2245,1585,Perumal K,https://www.myneta.info/TamilNadu2021/candidate.php?candidate_id=1585,TIRUCHENDUR,IND,0,Literate,"Rs 16,000 ~ 16 Thou+",Rs 0 ~
2246,992,Perumal.P,https://www.myneta.info/TamilNadu2021/candidate.php?candidate_id=992,DHARMAPURI,BSP,0,Not Given,"Rs 6,000 ~ 6 Thou+",Rs 0 ~
2247,370,Perumal.V.M,https://www.myneta.info/TamilNadu2021/candidate.php?candidate_id=370,BHAVANI,IND,0,5th Pass,https://myneta.info/image_v2.php?myneta_folder=TamilNadu2021&candidate_id=370&col=ta,https://myneta.info/image_v2.php?myneta_folder=TamilNadu2021&candidate_id=370&col=lia
2248,1606,Petchiammal V,https://www.myneta.info/TamilNadu2021/candidate.php?candidate_id=1606,VASUDEVANALLUR (SC),Puthiya Tamilagam,0,Graduate,"Rs 28,68,944 ~ 28 Lacs+","Rs 4,90,000 ~ 4 Lacs+"
2249,1270,Peter H,https://www.myneta.info/TamilNadu2021/candidate.php?candidate_id=1270,KILLIYOOR,Naam Tamilar Katchi,0,Graduate,"Rs 74,87,229 ~ 74 Lacs+","Rs 31,906 ~ 31 Thou+"
2250,3098,"Pillai, M.M.",https://www.myneta.info/TamilNadu2021/candidate.php?candidate_id=3098,THIRUPARANKUNDRAM,IND,0,Post Graduate,https://myneta.info/image_v2.php?myneta_folder=TamilNadu2021&candidate_id=3098&col=ta,https://myneta.info/image_v2.php?myneta_folder=TamilNadu2021&candidate_id=3098&col=lia
2251,812,Pitchaimuthu. T,https://www.myneta.info/TamilNadu2021/candidate.php?candidate_id=812,ARAVAKURICHI,IND,0,Graduate Professional,"Rs 5,30,000 ~ 5 Lacs+",Rs 0 ~
2252,1983,Pollachi V. Jayaraman,https://www.myneta.info/TamilNadu2021/candidate.php?candidate_id=1983,POLLACHI,AIADMK,0,Doctorate,"Rs 30,88,96,045 ~ 30 Crore+","Rs 2,49,61,645 ~ 2 Crore+"
2253,1596,Pon Rathna Selvan S,https://www.myneta.info/TamilNadu2021/candidate.php?candidate_id=1596,TIRUCHENDUR,IND,0,Graduate,https://myneta.info/image_v2.php?myneta_folder=TamilNadu2021&candidate_id=1596&col=ta,https://myneta.info/image_v2.php?myneta_folder=TamilNadu2021&candidate_id=1596&col=lia
2254,593,Pon. Raja,https://www.myneta.info/TamilNadu2021/candidate.php?candidate_id=593,PONNERI (SC),Amma Makkal Munnettra Kazagam,0,Graduate Professional,"Rs 9,28,93,210 ~ 9 Crore+","Rs 4,37,34,958 ~ 4 Crore+"
2255,1075,Pon.Jayaseelan,https://www.myneta.info/TamilNadu2021/candidate.php?candidate_id=1075,GUDALUR (SC),AIADMK,0,Graduate Professional,"Rs 31,10,871 ~ 31 Lacs+","Rs 3,91,174 ~ 3 Lacs+"
2256,498,Ponelavazhaki S,https://www.myneta.info/TamilNadu2021/candidate.php?candidate_id=498,KILVELUR,Naam Tamilar Katchi,0,Post Graduate,https://myneta.info/image_v2.php?myneta_folder=TamilNadu2021&candidate_id=498&col=ta,https://myneta.info/image_v2.php?myneta_folder=TamilNadu2021&candidate_id=498&col=lia
2257,309,Ponmuniasamy,https://www.myneta.info/TamilNadu2021/candidate.php?candidate_id=309,ARUPPUKOTTAI,IND,1,10th Pass,"Rs 20,96,000 ~ 20 Lacs+","Rs 5,17,000 ~ 5 Lacs+"
2258,2435,Ponnambalam.R,https://www.myneta.info/TamilNadu2021/candidate.php?candidate_id=2435,UTHIRAMERUR,IND,0,10th Pass,"Rs 15,11,000 ~ 15 Lacs+",Rs 0 ~
2259,2014,Ponnusamy K,https://www.myneta.info/TamilNadu2021/candidate.php?candidate_id=2014,SENTHAMANGALAM(ST),DMK,0,8th Pass,https://myneta.info/image_v2.php?myneta_folder=TamilNadu2021&candidate_id=2014&col=ta,https://myneta.info/image_v2.php?myneta_folder=TamilNadu2021&candidate_id=2014&col=lia
2260,1746,Ponnusamy. A,https://www.myneta.info/TamilNadu2021/candidate.php?candidate_id=1746,PERAMBUR,Makkal Needhi Maiam,0,8th Pass,"Rs 23,26,916 ~ 23 Lacs+","Rs 10,00,000 ~ 10 Lacs+"
2261,2042,Ponnuthai,https://www.myneta.info/TamilNadu2021/candidate.php?candidate_id=2042,THIRUPARANKUNDRAM,CPI(M),16,12th Pass,"Rs 14,79,490 ~ 14 Lacs+","Rs 3,61,960 ~ 3 Lacs+"
2262,90,Pookadai Sekar N,https://www.myneta.info/TamilNadu2021/candidate.php?candidate_id=90,EDAPPADI,Amma Makkal Munnettra Kazagam,3,10th Pass,https://myneta.info/image_v2.php?myneta_folder=TamilNadu2021&candidate_id=90&col=ta,https://myneta.info/image_v2.php?myneta_folder=TamilNadu2021&candidate_id=90&col=lia
2263,3728,Poologaraj R,https://www.myneta.info/TamilNadu2021/candidate.php?candidate_id=3728,KADAYANALLUR,IND,0,10th Pass,"Rs 4,48,000 ~ 4 Lacs+","Rs 1,00,000 ~ 1 Lacs+"
2264,3141,Poongodi S,https://www.myneta.info/TamilNadu2021/candidate.php?candidate_id=3141,RASIPURAM(SC),IND,0,Illiterate,"Rs 96,000 ~ 96 Thou+",Rs 0 ~
2265,3961,Poonkundran .N,https://www.myneta.info/TamilNadu2021/candidate.php?candidate_id=3961,VELLORE,Naam Tamilar Katchi,0,Graduate Professional,https://myneta.info/image_v2.php?myneta_folder=TamilNadu2021&candidate_id=3961&col=ta,https://myneta.info/image_v2.php?myneta_folder=TamilNadu2021&candidate_id=3961&col=lia
2266,2863,Poornachandran.S,https://www.myneta.info/TamilNadu2021/candidate.php?candidate_id=2863,ANTHIYUR,IND,1,Post Graduate,"Rs 2,36,31,197 ~ 2 Crore+","Rs 65,47,448 ~ 65 Lacs+"
2267,135,Pothumani R,https://www.myneta.info/TamilNadu2021/candidate.php?candidate_id=135,VEDASANDUR,Naam Tamilar Katchi,0,Graduate,"Rs 11,36,600 ~ 11 Lacs+","Rs 3,45,000 ~ 3 Lacs+"
2268,4004,Poyathu Alias Anbin Poyyamozhi S,https://www.myneta.info/TamilNadu2021/candidate.php?candidate_id=4004,TINDIVANAM (SC),Makkal Needhi Maiam,1,Graduate Professional,https://myneta.info/image_v2.php?myneta_folder=TamilNadu2021&candidate_id=4004&col=ta,https://myneta.info/image_v2.php?myneta_folder=TamilNadu2021&candidate_id=4004&col=lia
2269,646,Pr.Senthilnathan,https://www.myneta.info/TamilNadu2021/candidate.php?candidate_id=646,SIVAGANGA,AIADMK,1,Graduate Professional,"Rs 7,20,08,344 ~ 7 Crore+","Rs 2,59,95,519 ~ 2 Crore+"
2270,1448,Prabaharan M,https://www.myneta.info/TamilNadu2021/candidate.php?candidate_id=1448,MADURAI EAST,Bahujan Dravida Party,0,Post Graduate,"Rs 3,50,000 ~ 3 Lacs+",Rs 0 ~
2271,3621,Prabakaran,https://www.myneta.info/TamilNadu2021/candidate.php?candidate_id=3621,NANGUNERI,Veerath Thiyagi Viswanathadoss Thozhilalarkal Katchi,0,5th Pass,https://myneta.info/image_v2.php?myneta_folder=TamilNadu2021&candidate_id=3621&col=ta,https://myneta.info/image_v2.php?myneta_folder=TamilNadu2021&candidate_id=3621&col=lia
2272,4027,Prabakaran M,https://www.myneta.info/TamilNadu2021/candidate.php?candidate_id=4027,VILLUPURAM,IND,0,12th Pass,"Rs 3,70,000 ~ 3 Lacs+","Rs 50,000 ~ 50 Thou+"
2273,2836,"Prabakaran, D.",https://www.myneta.info/TamilNadu2021/candidate.php?candidate_id=2836,PERUNDURAI,All India Jananayaka Makkal Kazhagam,0,10th Pass,"Rs 7,78,000 ~ 7 Lacs+","Rs 2,50,000 ~ 2 Lacs+"
2274,3898,"Prabakaran, J.",https://www.myneta.info/TamilNadu2021/candidate.php?candidate_id=3898,SATTUR,IND,0,Graduate Professional,https://myneta.info/image_v2.php?myneta_folder=TamilNadu2021&candidate_id=3898&col=ta,https://myneta.info/image_v2.php?myneta_folder=TamilNadu2021&candidate_id=3898&col=lia
2275,2805,"Prabakaran, P.",https://www.myneta.info/TamilNadu2021/candidate.php?candidate_id=2805,VEERAPANDI,Veerath Thiyagi Viswanathadoss Thozhilalarkal Katchi,0,Others,"Rs 51,200 ~ 51 Thou+","Rs 50,000 ~ 50 Thou+"
2276,2336,"Prabakaran, R.",https://www.myneta.info/TamilNadu2021/candidate.php?candidate_id=2336,TITTAKUDI (SC),Makkal Needhi Maiam,0,Others,"Rs 23,27,757 ~ 23 Lacs+","Rs 6,56,148 ~ 6 Lacs+"
2277,3436,"Prabakaran, U.",https://www.myneta.info/TamilNadu2021/candidate.php?candidate_id=3436,ORATHANADU,Anaithu Makkal Puratchi Katchi,0,12th Pass,https://myneta.info/image_v2.php?myneta_folder=TamilNadu2021&candidate_id=3436&col=ta,https://myneta.info/image_v2.php?myneta_folder=TamilNadu2021&candidate_id=3436&col=lia
2278,815,Prabakaran. T,https://www.myneta.info/TamilNadu2021/candidate.php?candidate_id=815,ARAVAKURICHI,IND,1,Graduate Professional,"Rs 3,15,000 ~ 3 Lacs+",Rs 0 ~
2279,4251,Prabavathi G,https://www.myneta.info/TamilNadu2021/candidate.php?candidate_id=4251,VANDAVASI (SC),Naam Tamilar Katchi,0,Others,"Rs 9,36,000 ~ 9 Lacs+","Rs 7,00,000 ~ 7 Lacs+"
2280,3194,Prabhaharan M,https://www.myneta.info/TamilNadu2021/candidate.php?candidate_id=3194,PARAMATHIVELUR,IND,0,Others,https://myneta.info/image_v2.php?myneta_folder=TamilNadu2021&candidate_id=3194&col=ta,https://myneta.info/image_v2.php?myneta_folder=TamilNadu2021&candidate_id=3194&col=lia
2281,201,"Prabhaharan, M.",https://www.myneta.info/TamilNadu2021/candidate.php?candidate_id=201,PERAMBALUR (SC),DMK,6,Post Graduate,"Rs 3,36,82,246 ~ 3 Crore+","Rs 1,12,51,159 ~ 1 Crore+"
2282,3877,"Prabhakaran, P.",https://www.myneta.info/TamilNadu2021/candidate.php?candidate_id=3877,SRIVILLIPUTHUR (SC),IND,0,Post Graduate,"Rs 1,05,576 ~ 1 Lacs+",Rs 0 ~
2283,1165,Prabhakaran.G,https://www.myneta.info/TamilNadu2021/candidate.php?candidate_id=1165,KANGAYAM,IND,0,Post Graduate,https://myneta.info/image_v2.php?myneta_folder=TamilNadu2021&candidate_id=1165&col=ta,https://myneta.info/image_v2.php?myneta_folder=TamilNadu2021&candidate_id=1165&col=lia
2284,1794,Prabhakaran.K,https://www.myneta.info/TamilNadu2021/candidate.php?candidate_id=1794,THIRU-VI-KA-NAGAR (SC),Makkalatchi Katchi,0,Post Graduate,"Rs 1,96,500 ~ 1 Lacs+","Rs 52,800 ~ 52 Thou+"
2285,1701,Prabhakaran.V,https://www.myneta.info/TamilNadu2021/candidate.php?candidate_id=1701,ROYAPURAM,IND,0,10th Pass,"Rs 2,20,600 ~ 2 Lacs+",Rs 0 ~
2286,3456,"Prabhu Inbadass, S.",https://www.myneta.info/TamilNadu2021/candidate.php?candidate_id=3456,COONOOR,AITC,0,8th Pass,https://myneta.info/image_v2.php?myneta_folder=TamilNadu2021&candidate_id=3456&col=ta,https://myneta.info/image_v2.php?myneta_folder=TamilNadu2021&candidate_id=3456&col=lia
2287,1617,Prabhu K,https://www.myneta.info/TamilNadu2021/candidate.php?candidate_id=1617,SANKARANKOVIL (SC),Makkal Needhi Maiam,1,Graduate Professional,"Rs 6,000 ~ 6 Thou+",Rs 0 ~
2288,610,Prabhu S,https://www.myneta.info/TamilNadu2021/candidate.php?candidate_id=610,RISHIVANDIYAM,Amma Makkal Munnettra Kazagam,0,Graduate Professional,"Rs 3,81,48,983 ~ 3 Crore+","Rs 1,34,79,224 ~ 1 Crore+"
2289,2640,"Prabhu, K.",https://www.myneta.info/TamilNadu2021/candidate.php?candidate_id=2640,SANKARI,IND,0,5th Pass,https://myneta.info/image_v2.php?myneta_folder=TamilNadu2021&candidate_id=2640&col=ta,https://myneta.info/image_v2.php?myneta_folder=TamilNadu2021&candidate_id=2640&col=lia
2290,2934,Prabhu. G,https://www.myneta.info/TamilNadu2021/candidate.php?candidate_id=2934,ARAVAKURICHI,IND,0,Graduate Professional,"Rs 32,10,000 ~ 32 Lacs+","Rs 4,50,000 ~ 4 Lacs+"
2291,1711,Prabhu.D,https://www.myneta.info/TamilNadu2021/candidate.php?candidate_id=1711,ROYAPURAM,IND,0,Graduate Professional,"Rs 20,85,487 ~ 20 Lacs+",Rs 0 ~
2292,1967,Prabhurajasekar.M,https://www.myneta.info/TamilNadu2021/candidate.php?candidate_id=1967,PAPPIREDDIPATTI,DMK,2,Graduate Professional,https://myneta.info/image_v2.php?myneta_folder=TamilNadu2021&candidate_id=1967&col=ta,https://myneta.info/image_v2.php?myneta_folder=TamilNadu2021&candidate_id=1967&col=lia
2293,2535,Prabu,https://www.myneta.info/TamilNadu2021/candidate.php?candidate_id=2535,SIRKAZHI (SC),Makkal Needhi Maiam,0,12th Pass,"Rs 3,16,500 ~ 3 Lacs+","Rs 13,00,000 ~ 13 Lacs+"
2294,3782,Prabu.C,https://www.myneta.info/TamilNadu2021/candidate.php?candidate_id=3782,KALLAKURICHI (SC),IND,0,Post Graduate,"Rs 2,92,000 ~ 2 Lacs+",Rs 0 ~
2295,3328,Pradeep,https://www.myneta.info/TamilNadu2021/candidate.php?candidate_id=3328,TIRUVADANAI,IND,0,Graduate Professional,https://myneta.info/image_v2.php?myneta_folder=TamilNadu2021&candidate_id=3328&col=ta,https://myneta.info/image_v2.php?myneta_folder=TamilNadu2021&candidate_id=3328&col=lia
2296,432,Prakaash Y,https://www.myneta.info/TamilNadu2021/candidate.php?candidate_id=432,HOSUR,DMK,0,10th Pass,"Rs 7,85,53,505 ~ 7 Crore+","Rs 7,86,73,619 ~ 7 Crore+"
2297,4043,Prakash A,https://www.myneta.info/TamilNadu2021/candidate.php?candidate_id=4043,TIRUKKOYILUR,IND,0,Post Graduate,Nil,Rs 0 ~
2298,3494,Prakash K,https://www.myneta.info/TamilNadu2021/candidate.php?candidate_id=3494,GUMMIDIPOONDI,IND,0,Graduate,https://myneta.info/image_v2.php?myneta_folder=TamilNadu2021&candidate_id=3494&col=ta,https://myneta.info/image_v2.php?myneta_folder=TamilNadu2021&candidate_id=3494&col=lia
2299,3493,Prakash M,https://www.myneta.info/TamilNadu2021/candidate.php?candidate_id=3493,GUMMIDIPOONDI,Pattali Makkal Katchi,1,10th Pass,"Rs 18,48,81,559 ~ 18 Crore+","Rs 2,76,75,000 ~ 2 Crore+"
2300,1088,Prakash M,https://www.myneta.info/TamilNadu2021/candidate.php?candidate_id=1088,GUMMIDIPOONDI,IND,0,Graduate,"Rs 83,07,653 ~ 83 Lacs+","Rs 2,00,000 ~ 2 Lacs+"
2301,1072,Prakash N.K,https://www.myneta.info/TamilNadu2021/candidate.php?candidate_id=1072,GOBICHETTIPALAYAM,Makkal Needhi Maiam,0,10th Pass,https://myneta.info/image_v2.php?myneta_folder=TamilNadu2021&candidate_id=1072&col=ta,https://myneta.info/image_v2.php?myneta_folder=TamilNadu2021&candidate_id=1072&col=lia
2302,2449,"Prakash, M.R.",https://www.myneta.info/TamilNadu2021/candidate.php?candidate_id=2449,KUNNAM,IND,0,8th Pass,"Rs 3,34,262 ~ 3 Lacs+","Rs 1,74,916 ~ 1 Lacs+"
2303,3407,"Prakash, P.",https://www.myneta.info/TamilNadu2021/candidate.php?candidate_id=3407,KUMBAKONAM,IND,0,10th Pass,"Rs 3,58,000 ~ 3 Lacs+",Rs 0 ~
2304,2270,Prakash. C,https://www.myneta.info/TamilNadu2021/candidate.php?candidate_id=2270,SAIDAPET,IND,0,Graduate Professional,https://myneta.info/image_v2.php?myneta_folder=TamilNadu2021&candidate_id=2270&col=ta,https://myneta.info/image_v2.php?myneta_folder=TamilNadu2021&candidate_id=2270&col=lia
2305,2933,Prakash. P,https://www.myneta.info/TamilNadu2021/candidate.php?candidate_id=2933,ARAVAKURICHI,IND,0,Graduate Professional,"Rs 4,14,891 ~ 4 Lacs+",Rs 0 ~
2306,4110,Prakash. R.,https://www.myneta.info/TamilNadu2021/candidate.php?candidate_id=4110,TIRUPPUR SOUTH,IND,0,10th Pass,"Rs 21,10,000 ~ 21 Lacs+","Rs 4,30,000 ~ 4 Lacs+"
2307,472,Prakash.A,https://www.myneta.info/TamilNadu2021/candidate.php?candidate_id=472,KARUR,IND,0,Graduate Professional,https://myneta.info/image_v2.php?myneta_folder=TamilNadu2021&candidate_id=472&col=ta,https://myneta.info/image_v2.php?myneta_folder=TamilNadu2021&candidate_id=472&col=lia
2308,552,Prakash.G,https://www.myneta.info/TamilNadu2021/candidate.php?candidate_id=552,MODAKKURICHI,Naam Tamilar Katchi,2,10th Pass,"Rs 15,98,222 ~ 15 Lacs+","Rs 2,26,200 ~ 2 Lacs+"
2309,1224,Prakash.N,https://www.myneta.info/TamilNadu2021/candidate.php?candidate_id=1224,KARUR,IND,0,Graduate Professional,"Rs 11,73,936 ~ 11 Lacs+",Rs 0 ~
2310,84,Prakash.P,https://www.myneta.info/TamilNadu2021/candidate.php?candidate_id=84,CUMBUM,IND,1,Graduate Professional,https://myneta.info/image_v2.php?myneta_folder=TamilNadu2021&candidate_id=84&col=ta,https://myneta.info/image_v2.php?myneta_folder=TamilNadu2021&candidate_id=84&col=lia
2311,1581,Prakash.R,https://www.myneta.info/TamilNadu2021/candidate.php?candidate_id=1581,PANRUTI,IND,0,Graduate Professional,"Rs 4,82,000 ~ 4 Lacs+",Rs 0 ~
2312,2967,Prakash.V,https://www.myneta.info/TamilNadu2021/candidate.php?candidate_id=2967,KARUR,IND,0,Graduate Professional,"Rs 4,15,500 ~ 4 Lacs+",Rs 0 ~
2313,3539,Prasanna Kumar P,https://www.myneta.info/TamilNadu2021/candidate.php?candidate_id=3539,MANAPPARAI,IND,0,10th Pass,https://myneta.info/image_v2.php?myneta_folder=TamilNadu2021&candidate_id=3539&col=ta,https://myneta.info/image_v2.php?myneta_folder=TamilNadu2021&candidate_id=3539&col=lia
2314,1220,Prasanth.S,https://www.myneta.info/TamilNadu2021/candidate.php?candidate_id=1220,KARUR,IND,0,Post Graduate,"Rs 90,000 ~ 90 Thou+",Rs 0 ~
2315,2798,Prasath R,https://www.myneta.info/TamilNadu2021/candidate.php?candidate_id=2798,VEDASANDUR,IND,0,8th Pass,"Rs 38,05,000 ~ 38 Lacs+","Rs 6,00,000 ~ 6 Lacs+"
2316,3153,Prasath S,https://www.myneta.info/TamilNadu2021/candidate.php?candidate_id=3153,SENTHAMANGALAM(ST),IND,0,Others,https://myneta.info/image_v2.php?myneta_folder=TamilNadu2021&candidate_id=3153&col=ta,https://myneta.info/image_v2.php?myneta_folder=TamilNadu2021&candidate_id=3153&col=lia
2317,1703,Prasath.K,https://www.myneta.info/TamilNadu2021/candidate.php?candidate_id=1703,ROYAPURAM,IND,0,10th Pass,"Rs 11,18,956 ~ 11 Lacs+",Rs 0 ~
2318,804,Prathaban.A,https://www.myneta.info/TamilNadu2021/candidate.php?candidate_id=804,ANTHIYUR,Ahimsa Socialist Party,0,5th Pass,"Rs 29,42,372 ~ 29 Lacs+","Rs 4,85,000 ~ 4 Lacs+"
2319,3329,Praveen,https://www.myneta.info/TamilNadu2021/candidate.php?candidate_id=3329,TIRUVADANAI,IND,0,Graduate Professional,https://myneta.info/image_v2.php?myneta_folder=TamilNadu2021&candidate_id=3329&col=ta,https://myneta.info/image_v2.php?myneta_folder=TamilNadu2021&candidate_id=3329&col=lia
2320,2495,Praveen Venkatachalam,https://www.myneta.info/TamilNadu2021/candidate.php?candidate_id=2495,SINGANALLUR,IND,0,Post Graduate,"Rs 54,71,978 ~ 54 Lacs+","Rs 7,00,000 ~ 7 Lacs+"
2321,2883,Pravin Raj P,https://www.myneta.info/TamilNadu2021/candidate.php?candidate_id=2883,NAGERCOIL,IND,0,Graduate Professional,Nil,"Rs 2,94,000 ~ 2 Lacs+"
2322,3688,Pravina,https://www.myneta.info/TamilNadu2021/candidate.php?candidate_id=3688,THIRUVOTTIYUR,IND,0,Graduate Professional,https://myneta.info/image_v2.php?myneta_folder=TamilNadu2021&candidate_id=3688&col=ta,https://myneta.info/image_v2.php?myneta_folder=TamilNadu2021&candidate_id=3688&col=lia
2323,1752,Prem Anand. J,https://www.myneta.info/TamilNadu2021/candidate.php?candidate_id=1752,PERAMBUR,IND,0,Post Graduate,"Rs 2,20,63,000 ~ 2 Crore+","Rs 1,15,00,000 ~ 1 Crore+"
2324,2509,Prem Kumar P,https://www.myneta.info/TamilNadu2021/candidate.php?candidate_id=2509,SULUR,IND,2,5th Pass,"Rs 63,000 ~ 63 Thou+","Rs 1,05,000 ~ 1 Lacs+"
2325,2271,Prem Kumar. A,https://www.myneta.info/TamilNadu2021/candidate.php?candidate_id=2271,SAIDAPET,IND,0,Others,https://myneta.info/image_v2.php?myneta_folder=TamilNadu2021&candidate_id=2271&col=ta,https://myneta.info/image_v2.php?myneta_folder=TamilNadu2021&candidate_id=2271&col=lia
2326,2116,Premalatha Vijayakant,https://www.myneta.info/TamilNadu2021/candidate.php?candidate_id=2116,VRIDHACHALAM,DMDK,1,Graduate,"Rs 86,55,63,421 ~ 86 Crore+","Rs 16,30,00,000 ~ 16 Crore+"
2327,2032,Premier Selvam  Alias Kalichamy M,https://www.myneta.info/TamilNadu2021/candidate.php?candidate_id=2032,SULUR,DMK,0,8th Pass,"Rs 19,70,84,300 ~ 19 Crore+","Rs 1,05,72,000 ~ 1 Crore+"
2328,1479,Premkumar. M,https://www.myneta.info/TamilNadu2021/candidate.php?candidate_id=1479,MADURAI WEST,IND,0,Post Graduate,https://myneta.info/image_v2.php?myneta_folder=TamilNadu2021&candidate_id=1479&col=ta,https://myneta.info/image_v2.php?myneta_folder=TamilNadu2021&candidate_id=1479&col=lia
2329,1789,Premkumar.G,https://www.myneta.info/TamilNadu2021/candidate.php?candidate_id=1789,THIRU-VI-KA-NAGAR (SC),IND,0,10th Pass,"Rs 2,15,000 ~ 2 Lacs+",Rs 0 ~
2330,393,Premkumar.P,https://www.myneta.info/TamilNadu2021/candidate.php?candidate_id=393,DR.RADHAKRISHNAN NAGAR,IND,0,Post Graduate,"Rs 6,58,696 ~ 6 Lacs+",Rs 0 ~
2331,3629,Premnath. D,https://www.myneta.info/TamilNadu2021/candidate.php?candidate_id=3629,PALAYAMKOTTAI,Makkal Needhi Maiam,0,Graduate Professional,https://myneta.info/image_v2.php?myneta_folder=TamilNadu2021&candidate_id=3629&col=ta,https://myneta.info/image_v2.php?myneta_folder=TamilNadu2021&candidate_id=3629&col=lia
2332,956,Prince J G,https://www.myneta.info/TamilNadu2021/candidate.php?candidate_id=956,COLACHAL,INC,73,Post Graduate,"Rs 68,72,055 ~ 68 Lacs+",Rs 0 ~
2333,1491,Priya.K,https://www.myneta.info/TamilNadu2021/candidate.php?candidate_id=1491,MADHURAVOYAL,IND,0,10th Pass,"Rs 10,92,372 ~ 10 Lacs+",Rs 0 ~
2334,3986,Priya.M,https://www.myneta.info/TamilNadu2021/candidate.php?candidate_id=3986,GUDIYATTAM (SC),IND,0,10th Pass,https://myneta.info/image_v2.php?myneta_folder=TamilNadu2021&candidate_id=3986&col=ta,https://myneta.info/image_v2.php?myneta_folder=TamilNadu2021&candidate_id=3986&col=lia
2335,22,"Pugalenthi, Dr.S.",https://www.myneta.info/TamilNadu2021/candidate.php?candidate_id=22,KUNNAM,IND,0,Graduate,"Rs 9,38,000 ~ 9 Lacs+",Rs 0 ~
2336,2316,Pugalenthi. P,https://www.myneta.info/TamilNadu2021/candidate.php?candidate_id=2316,HARBOUR,IND,0,Graduate Professional,"Rs 6,03,577 ~ 6 Lacs+",Rs 0 ~
2337,327,Pugazhenthi N,https://www.myneta.info/TamilNadu2021/candidate.php?candidate_id=327,VIKRAVANDI,DMK,4,8th Pass,https://myneta.info/image_v2.php?myneta_folder=TamilNadu2021&candidate_id=327&col=ta,https://myneta.info/image_v2.php?myneta_folder=TamilNadu2021&candidate_id=327&col=lia
2338,3916,Pungan K,https://www.myneta.info/TamilNadu2021/candidate.php?candidate_id=3916,VIRUDHUNAGAR,IND,0,5th Pass,"Rs 6,10,100 ~ 6 Lacs+","Rs 1,30,000 ~ 1 Lacs+"
2339,2049,"Puratchi Mani, M.",https://www.myneta.info/TamilNadu2021/candidate.php?candidate_id=2049,THIRUVIDAIMARUDUR (SC),BSP,5,Doctorate,"Rs 11,55,000 ~ 11 Lacs+",Rs 0 ~
2340,1818,Purushothaman . K,https://www.myneta.info/TamilNadu2021/candidate.php?candidate_id=1818,DR.RADHAKRISHNAN NAGAR,IND,0,Graduate Professional,https://myneta.info/image_v2.php?myneta_folder=TamilNadu2021&candidate_id=1818&col=ta,https://myneta.info/image_v2.php?myneta_folder=TamilNadu2021&candidate_id=1818&col=lia
2341,3520,Purushothaman B,https://www.myneta.info/TamilNadu2021/candidate.php?candidate_id=3520,POONAMALLEE (SC),IND,0,10th Pass,"Rs 2,42,000 ~ 2 Lacs+",Rs 0 ~
2342,3751,Pushbamary L,https://www.myneta.info/TamilNadu2021/candidate.php?candidate_id=3751,ULUNDURPETTAI,Naam Tamilar Katchi,0,5th Pass,"Rs 8,51,066 ~ 8 Lacs+","Rs 2,00,000 ~ 2 Lacs+"
2343,1280,Pushpalatha D,https://www.myneta.info/TamilNadu2021/candidate.php?candidate_id=1280,KILVAITHINANKUPPAM (SC),BSP,0,Graduate Professional,https://myneta.info/image_v2.php?myneta_folder=TamilNadu2021&candidate_id=1280&col=ta,https://myneta.info/image_v2.php?myneta_folder=TamilNadu2021&candidate_id=1280&col=lia
2344,1256,Pushpanantham.V,https://www.myneta.info/TamilNadu2021/candidate.php?candidate_id=1256,KAVUNDAMPALAYAM,IND,0,Post Graduate,"Rs 5,61,635 ~ 5 Lacs+",Rs 0 ~
2345,649,Pushparaj,https://www.myneta.info/TamilNadu2021/candidate.php?candidate_id=649,SRIPERUMBUDUR (SC),Naam Tamilar Katchi,0,Post Graduate,"Rs 44,19,800 ~ 44 Lacs+",Rs 0 ~
2346,1229,Pushparaj.P,https://www.myneta.info/TamilNadu2021/candidate.php?candidate_id=1229,KARUR,IND,0,Graduate Professional,https://myneta.info/image_v2.php?myneta_folder=TamilNadu2021&candidate_id=1229&col=ta,https://myneta.info/image_v2.php?myneta_folder=TamilNadu2021&candidate_id=1229&col=lia
2347,177,R Arul,https://www.myneta.info/TamilNadu2021/candidate.php?candidate_id=177,SALEM WEST,Pattali Makkal Katchi,7,Graduate,"Rs 5,43,04,970 ~ 5 Crore+","Rs 1,18,67,948 ~ 1 Crore+"
2348,3953,R Baskaran,https://www.myneta.info/TamilNadu2021/candidate.php?candidate_id=3953,KATPADI,IND,0,10th Pass,"Rs 7,00,000 ~ 7 Lacs+",Rs 0 ~
2349,4209,R Chandrakanth Pillai,https://www.myneta.info/TamilNadu2021/candidate.php?candidate_id=4209,TIRUVANNAMALAI,New Generation Peoples Party,0,Others,https://myneta.info/image_v2.php?myneta_folder=TamilNadu2021&candidate_id=4209&col=ta,https://myneta.info/image_v2.php?myneta_folder=TamilNadu2021&candidate_id=4209&col=lia
2350,4212,R G Vasudevan,https://www.myneta.info/TamilNadu2021/candidate.php?candidate_id=4212,TIRUVANNAMALAI,IND,0,10th Pass,"Rs 9,13,000 ~ 9 Lacs+","Rs 2,99,000 ~ 2 Lacs+"
2351,783,R Karunamoorthy,https://www.myneta.info/TamilNadu2021/candidate.php?candidate_id=783,ANAIKATTU,IND,0,8th Pass,"Rs 7,000 ~ 7 Thou+",Rs 0 ~
2352,625,R Muthusamy,https://www.myneta.info/TamilNadu2021/candidate.php?candidate_id=625,SALEM WEST,Tamilaga Makkal Thannurimai Katchi,0,Post Graduate,https://myneta.info/image_v2.php?myneta_folder=TamilNadu2021&candidate_id=625&col=ta,https://myneta.info/image_v2.php?myneta_folder=TamilNadu2021&candidate_id=625&col=lia
2353,2764,R Palanisamy,https://www.myneta.info/TamilNadu2021/candidate.php?candidate_id=2764,SALEM NORTH,IND,0,10th Pass,"Rs 2,43,000 ~ 2 Lacs+",Rs 0 ~
2354,351,R Radha,https://www.myneta.info/TamilNadu2021/candidate.php?candidate_id=351,AMBATTUR,NCP,0,10th Pass,"Rs 33,40,000 ~ 33 Lacs+","Rs 15,00,000 ~ 15 Lacs+"
2355,2757,R S Guru Chakravarthy,https://www.myneta.info/TamilNadu2021/candidate.php?candidate_id=2757,SALEM NORTH,Makkal Needhi Maiam,0,Post Graduate,https://myneta.info/image_v2.php?myneta_folder=TamilNadu2021&candidate_id=2757&col=ta,https://myneta.info/image_v2.php?myneta_folder=TamilNadu2021&candidate_id=2757&col=lia
2356,3951,R S Sridhar,https://www.myneta.info/TamilNadu2021/candidate.php?candidate_id=3951,KATPADI,Anna MGR Dravida Makkal Kalgam,0,Illiterate,"Rs 50,000 ~ 50 Thou+",Rs 0 ~
2357,2761,R Senthilkumar,https://www.myneta.info/TamilNadu2021/candidate.php?candidate_id=2761,SALEM NORTH,IND,0,10th Pass,"Rs 2,89,000 ~ 2 Lacs+",Rs 0 ~
2358,3597,R. Anandhan,https://www.myneta.info/TamilNadu2021/candidate.php?candidate_id=3597,MUSIRI,IND,0,10th Pass,https://myneta.info/image_v2.php?myneta_folder=TamilNadu2021&candidate_id=3597&col=ta,https://myneta.info/image_v2.php?myneta_folder=TamilNadu2021&candidate_id=3597&col=lia
2359,2204,R. Arockia Joe Prabu,https://www.myneta.info/TamilNadu2021/candidate.php?candidate_id=2204,TIRUPATTUR,IND,0,Post Graduate,"Rs 30,648 ~ 30 Thou+",Rs 0 ~
2360,2346,R. Kesavaperumal,https://www.myneta.info/TamilNadu2021/candidate.php?candidate_id=2346,VRIDHACHALAM,Tamil Nadu Ilangyar Katchi,2,Post Graduate,"Rs 10,72,000 ~ 10 Lacs+",Rs 0 ~
2361,3606,R. Michael,https://www.myneta.info/TamilNadu2021/candidate.php?candidate_id=3606,MUSIRI,IND,0,10th Pass,https://myneta.info/image_v2.php?myneta_folder=TamilNadu2021&candidate_id=3606&col=ta,https://myneta.info/image_v2.php?myneta_folder=TamilNadu2021&candidate_id=3606&col=lia
2362,2206,R. Palani,https://www.myneta.info/TamilNadu2021/candidate.php?candidate_id=2206,TIRUPATTUR,IND,7,5th Pass,"Rs 3,30,310 ~ 3 Lacs+","Rs 40,000 ~ 40 Thou+"
2363,3291,R. Palaniyappan,https://www.myneta.info/TamilNadu2021/candidate.php?candidate_id=3291,THIRUMAYAM,IND,1,Graduate Professional,"Rs 3,55,000 ~ 3 Lacs+","Rs 30,000 ~ 30 Thou+"
2364,2349,R. Parthasarathi,https://www.myneta.info/TamilNadu2021/candidate.php?candidate_id=2349,VRIDHACHALAM,Indiya Jananayaka Katchi,0,Post Graduate,https://myneta.info/image_v2.php?myneta_folder=TamilNadu2021&candidate_id=2349&col=ta,https://myneta.info/image_v2.php?myneta_folder=TamilNadu2021&candidate_id=2349&col=lia
2365,3570,R. Priya,https://www.myneta.info/TamilNadu2021/candidate.php?candidate_id=3570,THIRUVERUMBUR,IND,0,Graduate Professional,"Rs 12,61,200 ~ 12 Lacs+",Rs 0 ~
2366,3586,R. Rajasehar,https://www.myneta.info/TamilNadu2021/candidate.php?candidate_id=3586,MANACHANALLUR,IND,0,Post Graduate,"Rs 1,13,11,00,000 ~ 113 Crore+","Rs 2,03,99,650 ~ 2 Crore+"
2367,184,R. Rajendran,https://www.myneta.info/TamilNadu2021/candidate.php?candidate_id=184,SALEM NORTH,DMK,16,Graduate Professional,https://myneta.info/image_v2.php?myneta_folder=TamilNadu2021&candidate_id=184&col=ta,https://myneta.info/image_v2.php?myneta_folder=TamilNadu2021&candidate_id=184&col=lia
2368,2355,R. Saravanan,https://www.myneta.info/TamilNadu2021/candidate.php?candidate_id=2355,VRIDHACHALAM,IND,0,Graduate,"Rs 66,31,000 ~ 66 Lacs+","Rs 35,00,000 ~ 35 Lacs+"
2369,2147,R. Saravanan,https://www.myneta.info/TamilNadu2021/candidate.php?candidate_id=2147,ANNA NAGAR,IND,0,Post Graduate,"Rs 1,85,07,073 ~ 1 Crore+","Rs 99,289 ~ 99 Thou+"
2370,1151,R. Vinothraj,https://www.myneta.info/TamilNadu2021/candidate.php?candidate_id=1151,KANCHEEPURAM,IND,0,10th Pass,https://myneta.info/image_v2.php?myneta_folder=TamilNadu2021&candidate_id=1151&col=ta,https://myneta.info/image_v2.php?myneta_folder=TamilNadu2021&candidate_id=1151&col=lia
2371,2697,R.A.Saranraj,https://www.myneta.info/TamilNadu2021/candidate.php?candidate_id=2697,NATHAM,Indiya Jananayaka Katchi,0,Graduate Professional,"Rs 6,77,780 ~ 6 Lacs+","Rs 3,20,000 ~ 3 Lacs+"
2372,259,R.Avudaiappan,https://www.myneta.info/TamilNadu2021/candidate.php?candidate_id=259,AMBASAMUDRAM,DMK,8,Graduate Professional,"Rs 3,12,04,114 ~ 3 Crore+",Rs 0 ~
2373,2093,R.Bakyaraj,https://www.myneta.info/TamilNadu2021/candidate.php?candidate_id=2093,UTHANGARAI (SC),DMDK,0,Graduate Professional,https://myneta.info/image_v2.php?myneta_folder=TamilNadu2021&candidate_id=2093&col=ta,https://myneta.info/image_v2.php?myneta_folder=TamilNadu2021&candidate_id=2093&col=lia
2374,4157,R.Chandra Sekar,https://www.myneta.info/TamilNadu2021/candidate.php?candidate_id=4157,SRIVAIKUNTAM,Makkal Needhi Maiam,0,10th Pass,"Rs 1,57,40,000 ~ 1 Crore+","Rs 73,25,000 ~ 73 Lacs+"
2375,2994,R.Chandrasekar,https://www.myneta.info/TamilNadu2021/candidate.php?candidate_id=2994,KULITHALAI,IND,0,8th Pass,"Rs 18,05,000 ~ 18 Lacs+",Rs 0 ~
2376,4246,R.Dhakshanamoorthy,https://www.myneta.info/TamilNadu2021/candidate.php?candidate_id=4246,ARANI,IND,0,8th Pass,https://myneta.info/image_v2.php?myneta_folder=TamilNadu2021&candidate_id=4246&col=ta,https://myneta.info/image_v2.php?myneta_folder=TamilNadu2021&candidate_id=4246&col=lia
2377,3679,R.Egavalli,https://www.myneta.info/TamilNadu2021/candidate.php?candidate_id=3679,THIRUVOTTIYUR,Naadaalum Makkal Katchi,0,8th Pass,"Rs 1,30,000 ~ 1 Lacs+",Rs 0 ~
2378,619,R.Elavarasan,https://www.myneta.info/TamilNadu2021/candidate.php?candidate_id=619,SALEM SOUTH,Veerath Thiyagi Viswanathadoss Thozhilalarkal Katchi,0,8th Pass,"Rs 1,65,000 ~ 1 Lacs+",Rs 0 ~
2379,3699,R.Elumalai,https://www.myneta.info/TamilNadu2021/candidate.php?candidate_id=3699,SHOLINGHUR,IND,0,Illiterate,https://myneta.info/image_v2.php?myneta_folder=TamilNadu2021&candidate_id=3699&col=ta,https://myneta.info/image_v2.php?myneta_folder=TamilNadu2021&candidate_id=3699&col=lia
2380,189,R.Gandhi,https://www.myneta.info/TamilNadu2021/candidate.php?candidate_id=189,RANIPET,DMK,3,10th Pass,"Rs 47,94,13,150 ~ 47 Crore+","Rs 14,46,35,282 ~ 14 Crore+"
2381,3388,R.Gunasekaran,https://www.myneta.info/TamilNadu2021/candidate.php?candidate_id=3388,SIVAGANGA,IND,0,8th Pass,"Rs 7,000 ~ 7 Thou+",Rs 0 ~
2382,3697,R.Jawahar,https://www.myneta.info/TamilNadu2021/candidate.php?candidate_id=3697,SHOLINGHUR,Makkal Needhi Maiam,0,Graduate,https://myneta.info/image_v2.php?myneta_folder=TamilNadu2021&candidate_id=3697&col=ta,https://myneta.info/image_v2.php?myneta_folder=TamilNadu2021&candidate_id=3697&col=lia
2383,191,R.Jesu Dhasan,https://www.myneta.info/TamilNadu2021/candidate.php?candidate_id=191,RADHAPURAM,Naam Tamilar Katchi,1,12th Pass,"Rs 20,55,251 ~ 20 Lacs+","Rs 6,99,500 ~ 6 Lacs+"
2384,792,R.Jeyakumar,https://www.myneta.info/TamilNadu2021/candidate.php?candidate_id=792,ANDIPATTI,Amma Makkal Munnettra Kazagam,4,Graduate Professional,"Rs 1,50,68,015 ~ 1 Crore+","Rs 16,14,000 ~ 16 Lacs+"
2385,2993,R.Kalyana Sundaram,https://www.myneta.info/TamilNadu2021/candidate.php?candidate_id=2993,KULITHALAI,IND,0,Illiterate,https://myneta.info/image_v2.php?myneta_folder=TamilNadu2021&candidate_id=2993&col=ta,https://myneta.info/image_v2.php?myneta_folder=TamilNadu2021&candidate_id=2993&col=lia
2386,1737,R.Kanchana,https://www.myneta.info/TamilNadu2021/candidate.php?candidate_id=1737,VELACHERY,Tamizhaga Murpokku Makkal Katchi,0,Post Graduate,"Rs 18,65,000 ~ 18 Lacs+","Rs 8,50,000 ~ 8 Lacs+"
2387,361,R.Kathiravan,https://www.myneta.info/TamilNadu2021/candidate.php?candidate_id=361,ARCOT,Naam Tamilar Katchi,0,12th Pass,"Rs 1,72,941 ~ 1 Lacs+",Rs 0 ~
2388,2585,R.Kathirvel,https://www.myneta.info/TamilNadu2021/candidate.php?candidate_id=2585,VEDHARANYAM,IND,2,5th Pass,https://myneta.info/image_v2.php?myneta_folder=TamilNadu2021&candidate_id=2585&col=ta,https://myneta.info/image_v2.php?myneta_folder=TamilNadu2021&candidate_id=2585&col=lia
2389,492,R.Krishnan,https://www.myneta.info/TamilNadu2021/candidate.php?candidate_id=492,KAVUNDAMPALAYAM,DMK,14,5th Pass,"Rs 9,58,84,907 ~ 9 Crore+","Rs 32,81,873 ~ 32 Lacs+"
2390,3724,R.Krishnan,https://www.myneta.info/TamilNadu2021/candidate.php?candidate_id=3724,KADAYANALLUR,IND,0,Illiterate,"Rs 40,000 ~ 40 Thou+",Rs 0 ~
2391,1353,R.Kumar,https://www.myneta.info/TamilNadu2021/candidate.php?candidate_id=1353,KUMARAPALAYAM,Ambedkarite Party of India,0,Illiterate,https://myneta.info/image_v2.php?myneta_folder=TamilNadu2021&candidate_id=1353&col=ta,https://myneta.info/image_v2.php?myneta_folder=TamilNadu2021&candidate_id=1353&col=lia
2392,1354,R.Kumaresan,https://www.myneta.info/TamilNadu2021/candidate.php?candidate_id=1354,KUMARAPALAYAM,Manitha Urimaigal Kalaagam,0,10th Pass,"Rs 58,60,000 ~ 58 Lacs+","Rs 6,00,000 ~ 6 Lacs+"
2393,645,R.Mallika,https://www.myneta.info/TamilNadu2021/candidate.php?candidate_id=645,SIVAGANGA,Naam Tamilar Katchi,0,Post Graduate,"Rs 50,84,000 ~ 50 Lacs+","Rs 33,50,000 ~ 33 Lacs+"
2394,2655,R.Mani,https://www.myneta.info/TamilNadu2021/candidate.php?candidate_id=2655,OMALUR,AIADMK,1,Graduate Professional,https://myneta.info/image_v2.php?myneta_folder=TamilNadu2021&candidate_id=2655&col=ta,https://myneta.info/image_v2.php?myneta_folder=TamilNadu2021&candidate_id=2655&col=lia
2395,1350,R.Manickam,https://www.myneta.info/TamilNadu2021/candidate.php?candidate_id=1350,KULITHALAI,DMK,6,12th Pass,"Rs 1,32,28,629 ~ 1 Crore+","Rs 70,46,092 ~ 70 Lacs+"
2396,3005,R.Manjunathan,https://www.myneta.info/TamilNadu2021/candidate.php?candidate_id=3005,UTHANGARAI (SC),IND,0,8th Pass,"Rs 6,00,000 ~ 6 Lacs+",Rs 0 ~
2397,123,R.Mayilsamy,https://www.myneta.info/TamilNadu2021/candidate.php?candidate_id=123,VIRUGAMPAKKAM,IND,0,5th Pass,https://myneta.info/image_v2.php?myneta_folder=TamilNadu2021&candidate_id=123&col=ta,https://myneta.info/image_v2.php?myneta_folder=TamilNadu2021&candidate_id=123&col=lia
2398,2023,R.Murugan,https://www.myneta.info/TamilNadu2021/candidate.php?candidate_id=2023,SHOLINGANALLUR,DMDK,4,8th Pass,"Rs 32,44,900 ~ 32 Lacs+","Rs 7,89,860 ~ 7 Lacs+"
2399,2656,R.Murugan,https://www.myneta.info/TamilNadu2021/candidate.php?candidate_id=2656,OMALUR,IND,0,5th Pass,"Rs 2,17,479 ~ 2 Lacs+","Rs 70,000 ~ 70 Thou+"
2400,1402,R.Muthukrishnan,https://www.myneta.info/TamilNadu2021/candidate.php?candidate_id=1402,KURINJIPADI,Anna Dravidar Kazhagam,0,12th Pass,https://myneta.info/image_v2.php?myneta_folder=TamilNadu2021&candidate_id=1402&col=ta,https://myneta.info/image_v2.php?myneta_folder=TamilNadu2021&candidate_id=1402&col=lia
2401,2095,R.Panneerselvam,https://www.myneta.info/TamilNadu2021/candidate.php?candidate_id=2095,VEDHARANYAM,BSP,0,5th Pass,"Rs 26,42,500 ~ 26 Lacs+",Rs 0 ~
2402,2238,R.Prabaharan,https://www.myneta.info/TamilNadu2021/candidate.php?candidate_id=2238,VIRUGAMPAKKAM,Tamizhaga Murpokku Makkal Katchi,0,Post Graduate,"Rs 5,91,000 ~ 5 Lacs+",Rs 0 ~
2403,120,R.Rahmadnisha,https://www.myneta.info/TamilNadu2021/candidate.php?candidate_id=120,MUDUKULATHUR,Naam Tamilar Katchi,0,Literate,https://myneta.info/image_v2.php?myneta_folder=TamilNadu2021&candidate_id=120&col=ta,https://myneta.info/image_v2.php?myneta_folder=TamilNadu2021&candidate_id=120&col=lia
2404,2391,R.Rajesh,https://www.myneta.info/TamilNadu2021/candidate.php?candidate_id=2391,KURINJIPADI,IND,0,10th Pass,"Rs 23,000 ~ 23 Thou+",Rs 0 ~
2405,3930,R.Ramachandran,https://www.myneta.info/TamilNadu2021/candidate.php?candidate_id=3930,ARUPPUKOTTAI,IND,0,Post Graduate,"Rs 3,90,000 ~ 3 Lacs+",Rs 0 ~
2406,2583,R.Ramamurthy,https://www.myneta.info/TamilNadu2021/candidate.php?candidate_id=2583,VEDHARANYAM,IND,0,Graduate,https://myneta.info/image_v2.php?myneta_folder=TamilNadu2021&candidate_id=2583&col=ta,https://myneta.info/image_v2.php?myneta_folder=TamilNadu2021&candidate_id=2583&col=lia
2407,826,R.Ramesh,https://www.myneta.info/TamilNadu2021/candidate.php?candidate_id=826,ARUPPUKOTTAI,DMDK,1,Post Graduate,"Rs 30,56,000 ~ 30 Lacs+","Rs 82,000 ~ 82 Thou+"
2408,3796,R.Ravichandran,https://www.myneta.info/TamilNadu2021/candidate.php?candidate_id=3796,SHOLINGANALLUR,IND,0,8th Pass,"Rs 12,65,000 ~ 12 Lacs+","Rs 5,12,000 ~ 5 Lacs+"
2409,1805,R.Revanth,https://www.myneta.info/TamilNadu2021/candidate.php?candidate_id=1805,EGMORE (SC),Anaithu Makkal Arasiyal Katchi,0,Others,https://myneta.info/image_v2.php?myneta_folder=TamilNadu2021&candidate_id=1805&col=ta,https://myneta.info/image_v2.php?myneta_folder=TamilNadu2021&candidate_id=1805&col=lia
2410,1884,R.S.Rajakannappan,https://www.myneta.info/TamilNadu2021/candidate.php?candidate_id=1884,MUDUKULATHUR,DMK,0,Graduate Professional,"Rs 1,40,07,776 ~ 1 Crore+",Rs 0 ~
2411,829,R.S.Ramachandran,https://www.myneta.info/TamilNadu2021/candidate.php?candidate_id=829,ARUPPUKOTTAI,IND,0,5th Pass,"Rs 13,05,500 ~ 13 Lacs+","Rs 3,00,000 ~ 3 Lacs+"
2412,3336,R.S.Wilhelm Benjamin Anand,https://www.myneta.info/TamilNadu2021/candidate.php?candidate_id=3336,RAMANATHAPURAM,Bahujan Dravida Party,0,Post Graduate,https://myneta.info/image_v2.php?myneta_folder=TamilNadu2021&candidate_id=3336&col=ta,https://myneta.info/image_v2.php?myneta_folder=TamilNadu2021&candidate_id=3336&col=lia
2413,1533,R.Samson,https://www.myneta.info/TamilNadu2021/candidate.php?candidate_id=1533,MANACHANALLUR,Makkal Needhi Maiam,0,10th Pass,"Rs 8,50,000 ~ 8 Lacs+",Rs 0 ~
2414,2387,R.Sarathkumar,https://www.myneta.info/TamilNadu2021/candidate.php?candidate_id=2387,KURINJIPADI,IND,0,10th Pass,"Rs 83,201 ~ 83 Thou+",Rs 0 ~
2415,2996,R.Saravanan,https://www.myneta.info/TamilNadu2021/candidate.php?candidate_id=2996,KULITHALAI,IND,0,Illiterate,https://myneta.info/image_v2.php?myneta_folder=TamilNadu2021&candidate_id=2996&col=ta,https://myneta.info/image_v2.php?myneta_folder=TamilNadu2021&candidate_id=2996&col=lia
2416,2511,R.Sathishkumar,https://www.myneta.info/TamilNadu2021/candidate.php?candidate_id=2511,THONDAMUTHUR,Amma Makkal Munnettra Kazagam,1,Graduate,"Rs 1,28,10,778 ~ 1 Crore+",Rs 0 ~
2417,2178,R.Sekar,https://www.myneta.info/TamilNadu2021/candidate.php?candidate_id=2178,VANIYAMBADI,All India Youth Development Party,0,8th Pass,"Rs 16,000 ~ 16 Thou+",Rs 0 ~
2418,1309,R.Selvam,https://www.myneta.info/TamilNadu2021/candidate.php?candidate_id=1309,KOLATHUR,IND,0,Graduate Professional,https://myneta.info/image_v2.php?myneta_folder=TamilNadu2021&candidate_id=1309&col=ta,https://myneta.info/image_v2.php?myneta_folder=TamilNadu2021&candidate_id=1309&col=lia
2419,3802,R.Selvavignesh,https://www.myneta.info/TamilNadu2021/candidate.php?candidate_id=3802,SHOLINGANALLUR,IND,0,Graduate Professional,"Rs 3,15,000 ~ 3 Lacs+",Rs 0 ~
2420,3576,R.Silambarasan,https://www.myneta.info/TamilNadu2021/candidate.php?candidate_id=3576,LALGUDI,Anna MGR Dravida Makkal Kalgam,0,10th Pass,"Rs 5,35,000 ~ 5 Lacs+",Rs 0 ~
2421,3277,R.Sivakumar,https://www.myneta.info/TamilNadu2021/candidate.php?candidate_id=3277,THIRUMAYAM,Puthiya Tamilagam,0,Graduate Professional,https://myneta.info/image_v2.php?myneta_folder=TamilNadu2021&candidate_id=3277&col=ta,https://myneta.info/image_v2.php?myneta_folder=TamilNadu2021&candidate_id=3277&col=lia
2422,323,R.Sridar,https://www.myneta.info/TamilNadu2021/candidate.php?candidate_id=323,VILLIVAKKAM,Naam Tamilar Katchi,0,Graduate Professional,"Rs 81,04,434 ~ 81 Lacs+",Rs 0 ~
2423,3645,R.Sudalaimani,https://www.myneta.info/TamilNadu2021/candidate.php?candidate_id=3645,RADHAPURAM,IND,0,Post Graduate,"Rs 3,02,598 ~ 3 Lacs+","Rs 2,46,000 ~ 2 Lacs+"
2424,1532,R.Sudha,https://www.myneta.info/TamilNadu2021/candidate.php?candidate_id=1532,MANACHANALLUR,IND,0,Graduate Professional,https://myneta.info/image_v2.php?myneta_folder=TamilNadu2021&candidate_id=1532&col=ta,https://myneta.info/image_v2.php?myneta_folder=TamilNadu2021&candidate_id=1532&col=lia
2425,2777,R.Sundaram,https://www.myneta.info/TamilNadu2021/candidate.php?candidate_id=2777,SALEM SOUTH,IND,0,5th Pass,"Rs 9,05,000 ~ 9 Lacs+",Rs 0 ~
2426,3283,R.Sundaram,https://www.myneta.info/TamilNadu2021/candidate.php?candidate_id=3283,THIRUMAYAM,IND,0,10th Pass,"Rs 2,10,000 ~ 2 Lacs+",Rs 0 ~
2427,3610,R.Tamilzhselvi,https://www.myneta.info/TamilNadu2021/candidate.php?candidate_id=3610,THURAIYUR (SC),Naam Tamilar Katchi,0,12th Pass,https://myneta.info/image_v2.php?myneta_folder=TamilNadu2021&candidate_id=3610&col=ta,https://myneta.info/image_v2.php?myneta_folder=TamilNadu2021&candidate_id=3610&col=lia
2428,3279,R.Thirumeni,https://www.myneta.info/TamilNadu2021/candidate.php?candidate_id=3279,THIRUMAYAM,Makkal Needhi Maiam,0,Graduate,"Rs 99,08,915 ~ 99 Lacs+","Rs 15,37,227 ~ 15 Lacs+"
2429,1652,R.Uma,https://www.myneta.info/TamilNadu2021/candidate.php?candidate_id=1652,SRIRANGAM,IND,0,10th Pass,"Rs 1,43,000 ~ 1 Lacs+",Rs 0 ~
2430,975,R.Vallal Kumar,https://www.myneta.info/TamilNadu2021/candidate.php?candidate_id=975,CUDDALORE,BSP,0,Post Graduate,https://myneta.info/image_v2.php?myneta_folder=TamilNadu2021&candidate_id=975&col=ta,https://myneta.info/image_v2.php?myneta_folder=TamilNadu2021&candidate_id=975&col=lia
2431,621,R.Velmurugan,https://www.myneta.info/TamilNadu2021/candidate.php?candidate_id=621,SALEM SOUTH,CPI(ML)(L),0,Literate,"Rs 94,417 ~ 94 Thou+",Rs 0 ~
2432,631,R.Vinoth,https://www.myneta.info/TamilNadu2021/candidate.php?candidate_id=631,SHOLINGHUR,Veerath Thiyagi Viswanathadoss Thozhilalarkal Katchi,0,10th Pass,"Rs 1,50,000 ~ 1 Lacs+",Rs 0 ~
2433,3006,R.Vivekanandhan,https://www.myneta.info/TamilNadu2021/candidate.php?candidate_id=3006,UTHANGARAI (SC),IND,0,Graduate,https://myneta.info/image_v2.php?myneta_folder=TamilNadu2021&candidate_id=3006&col=ta,https://myneta.info/image_v2.php?myneta_folder=TamilNadu2021&candidate_id=3006&col=lia
2434,1460,Raajalingam.Sha,https://www.myneta.info/TamilNadu2021/candidate.php?candidate_id=1460,MADURAI SOUTH,Amma Makkal Munnettra Kazagam,4,Post Graduate,"Rs 2,06,44,519 ~ 2 Crore+","Rs 1,10,88,000 ~ 1 Crore+"
2435,288,Raajesh.R.S.,https://www.myneta.info/TamilNadu2021/candidate.php?candidate_id=288,DR.RADHAKRISHNAN NAGAR,AIADMK,0,10th Pass,"Rs 5,44,70,228 ~ 5 Crore+","Rs 1,87,87,700 ~ 1 Crore+"
2436,3067,Raam Vishwakarma T,https://www.myneta.info/TamilNadu2021/candidate.php?candidate_id=3067,MADURAI NORTH,IND,0,5th Pass,https://myneta.info/image_v2.php?myneta_folder=TamilNadu2021&candidate_id=3067&col=ta,https://myneta.info/image_v2.php?myneta_folder=TamilNadu2021&candidate_id=3067&col=lia
2437,3988,Radha,https://www.myneta.info/TamilNadu2021/candidate.php?candidate_id=3988,GUDIYATTAM (SC),IND,0,Literate,"Rs 20,91,000 ~ 20 Lacs+",Rs 0 ~
2438,3102,"Radha Alias Gunasekaran, M.",https://www.myneta.info/TamilNadu2021/candidate.php?candidate_id=3102,THIRUPARANKUNDRAM,IND,0,Others,"Rs 2,27,000 ~ 2 Lacs+",Rs 0 ~
2439,2175,Radha Krishnan S,https://www.myneta.info/TamilNadu2021/candidate.php?candidate_id=2175,THOUSAND LIGHTS,IND,0,Graduate Professional,https://myneta.info/image_v2.php?myneta_folder=TamilNadu2021&candidate_id=2175&col=ta,https://myneta.info/image_v2.php?myneta_folder=TamilNadu2021&candidate_id=2175&col=lia
2440,2303,Radha M (Transgender),https://www.myneta.info/TamilNadu2021/candidate.php?candidate_id=2303,MYLAPORE,IND,0,12th Pass,"Rs 10,000 ~ 10 Thou+",Rs 0 ~
2441,2115,Radhakrishnan,https://www.myneta.info/TamilNadu2021/candidate.php?candidate_id=2115,VRIDHACHALAM,INC,5,10th Pass,"Rs 1,54,44,809 ~ 1 Crore+","Rs 61,591 ~ 61 Thou+"
2442,3761,Radhakrishnan K,https://www.myneta.info/TamilNadu2021/candidate.php?candidate_id=3761,RISHIVANDIYAM,Makkal Munnetra Peravai,0,8th Pass,https://myneta.info/image_v2.php?myneta_folder=TamilNadu2021&candidate_id=3761&col=ta,https://myneta.info/image_v2.php?myneta_folder=TamilNadu2021&candidate_id=3761&col=lia
2443,1602,Radhakrishnan M,https://www.myneta.info/TamilNadu2021/candidate.php?candidate_id=1602,TIRUCHENDUR,AIADMK,4,Graduate,"Rs 4,17,12,009 ~ 4 Crore+",Rs 0 ~
2444,743,"Radhakrishnan,K.",https://www.myneta.info/TamilNadu2021/candidate.php?candidate_id=743,UDUMALAIPETTAI,AIADMK,1,Graduate,"Rs 2,12,33,053 ~ 2 Crore+","Rs 1,44,000 ~ 1 Lacs+"
2445,3488,Radhakrishnan.K,https://www.myneta.info/TamilNadu2021/candidate.php?candidate_id=3488,CUMBUM,Anaithu Makkal Puratchi Katchi,0,8th Pass,https://myneta.info/image_v2.php?myneta_folder=TamilNadu2021&candidate_id=3488&col=ta,https://myneta.info/image_v2.php?myneta_folder=TamilNadu2021&candidate_id=3488&col=lia
2446,868,Radhakrishnan.M,https://www.myneta.info/TamilNadu2021/candidate.php?candidate_id=868,BHAVANI,Amma Makkal Munnettra Kazagam,0,5th Pass,"Rs 17,60,500 ~ 17 Lacs+","Rs 10,75,125 ~ 10 Lacs+"
2447,2442,"Radhika, T.",https://www.myneta.info/TamilNadu2021/candidate.php?candidate_id=2442,PERAMBALUR (SC),Puthiya Tamilagam,0,Graduate Professional,"Rs 7,46,000 ~ 7 Lacs+","Rs 3,00,000 ~ 3 Lacs+"
2448,3661,"Raghavan,C.M.",https://www.myneta.info/TamilNadu2021/candidate.php?candidate_id=3661,TIRUNELVELI,IND,2,Illiterate,https://myneta.info/image_v2.php?myneta_folder=TamilNadu2021&candidate_id=3661&col=ta,https://myneta.info/image_v2.php?myneta_folder=TamilNadu2021&candidate_id=3661&col=lia
2449,908,Raghu C,https://www.myneta.info/TamilNadu2021/candidate.php?candidate_id=908,CHEPAUK-THIRUVALLIKENI,BSP,0,8th Pass,"Rs 4,21,000 ~ 4 Lacs+",Rs 0 ~
2450,2461,Raghul Gandhi .K,https://www.myneta.info/TamilNadu2021/candidate.php?candidate_id=2461,COIMBATORE SOUTH,Hindustan Janta Party,0,10th Pass,"Rs 1,76,080 ~ 1 Lacs+","Rs 60,000 ~ 60 Thou+"
2451,2317,Raghunath. K,https://www.myneta.info/TamilNadu2021/candidate.php?candidate_id=2317,HARBOUR,IND,0,Post Graduate,https://myneta.info/image_v2.php?myneta_folder=TamilNadu2021&candidate_id=2317&col=ta,https://myneta.info/image_v2.php?myneta_folder=TamilNadu2021&candidate_id=2317&col=lia
2452,4038,Raghupathy P,https://www.myneta.info/TamilNadu2021/candidate.php?candidate_id=4038,VIKRAVANDI,IND,0,Graduate Professional,"Rs 1,13,129 ~ 1 Lacs+",Rs 0 ~
2453,2013,"Raghuraman, A.R.R",https://www.myneta.info/TamilNadu2021/candidate.php?candidate_id=2013,SATTUR,DMK,0,Graduate Professional,"Rs 1,80,72,721 ~ 1 Crore+","Rs 66,20,746 ~ 66 Lacs+"
2454,3902,"Ragu, B.",https://www.myneta.info/TamilNadu2021/candidate.php?candidate_id=3902,SATTUR,IND,0,5th Pass,https://myneta.info/image_v2.php?myneta_folder=TamilNadu2021&candidate_id=3902&col=ta,https://myneta.info/image_v2.php?myneta_folder=TamilNadu2021&candidate_id=3902&col=lia
2455,2940,Ragunath. P,https://www.myneta.info/TamilNadu2021/candidate.php?candidate_id=2940,ARAVAKURICHI,IND,0,Graduate Professional,"Rs 10,50,000 ~ 10 Lacs+",Rs 0 ~
2456,836,Ragupathi P,https://www.myneta.info/TamilNadu2021/candidate.php?candidate_id=836,ATHOOR,Anaithu Makkal Puratchi Katchi,0,Graduate Professional,"Rs 50,000 ~ 50 Thou+","Rs 75,000 ~ 75 Thou+"
2457,383,Rahamathulla.M,https://www.myneta.info/TamilNadu2021/candidate.php?candidate_id=383,DINDIGUL,IND,0,8th Pass,https://myneta.info/image_v2.php?myneta_folder=TamilNadu2021&candidate_id=383&col=ta,https://myneta.info/image_v2.php?myneta_folder=TamilNadu2021&candidate_id=383&col=lia
2458,4182,Raj V,https://www.myneta.info/TamilNadu2021/candidate.php?candidate_id=4182,OTTAPIDARAM (SC),IND,0,Graduate,"Rs 7,27,908 ~ 7 Lacs+",Rs 0 ~
2459,4195,Raja,https://www.myneta.info/TamilNadu2021/candidate.php?candidate_id=4195,KOVILPATTI,IND,1,Graduate,"Rs 55,44,634 ~ 55 Lacs+",Rs 0 ~
2460,3631,Raja .S,https://www.myneta.info/TamilNadu2021/candidate.php?candidate_id=3631,PALAYAMKOTTAI,Veerath Thiyagi Viswanathadoss Thozhilalarkal Katchi,0,Graduate,https://myneta.info/image_v2.php?myneta_folder=TamilNadu2021&candidate_id=3631&col=ta,https://myneta.info/image_v2.php?myneta_folder=TamilNadu2021&candidate_id=3631&col=lia
2461,960,Raja C,https://www.myneta.info/TamilNadu2021/candidate.php?candidate_id=960,COLACHAL,SHS,0,10th Pass,"Rs 1,00,50,000 ~ 1 Crore+","Rs 9,50,000 ~ 9 Lacs+"
2462,1628,Raja E,https://www.myneta.info/TamilNadu2021/candidate.php?candidate_id=1628,SANKARANKOVIL (SC),DMK,3,Post Graduate,"Rs 6,31,56,370 ~ 6 Crore+","Rs 38,63,652 ~ 38 Lacs+"
2463,879,Raja Mohamed,https://www.myneta.info/TamilNadu2021/candidate.php?candidate_id=879,BODINAYAKKANUR,IND,0,10th Pass,https://myneta.info/image_v2.php?myneta_folder=TamilNadu2021&candidate_id=879&col=ta,https://myneta.info/image_v2.php?myneta_folder=TamilNadu2021&candidate_id=879&col=lia
2464,2907,Raja Murrugan K H,https://www.myneta.info/TamilNadu2021/candidate.php?candidate_id=2907,VILAVANCODE,IND,1,Graduate Professional,"Rs 10,000 ~ 10 Thou+",Rs 0 ~
2465,3045,Raja P,https://www.myneta.info/TamilNadu2021/candidate.php?candidate_id=3045,MADURAI EAST,My India Party,0,10th Pass,"Rs 1,00,000 ~ 1 Lacs+",Rs 0 ~
2466,1130,Raja Ponnusamy,https://www.myneta.info/TamilNadu2021/candidate.php?candidate_id=1130,KADAYANALLUR,IND,0,Graduate,https://myneta.info/image_v2.php?myneta_folder=TamilNadu2021&candidate_id=1130&col=ta,https://myneta.info/image_v2.php?myneta_folder=TamilNadu2021&candidate_id=1130&col=lia
2467,2234,Raja S,https://www.myneta.info/TamilNadu2021/candidate.php?candidate_id=2234,NANNILAM,IND,0,10th Pass,"Rs 7,05,000 ~ 7 Lacs+",Rs 0 ~
2468,3416,"Raja, A.",https://www.myneta.info/TamilNadu2021/candidate.php?candidate_id=3416,PAPANASAM,IND,1,Graduate Professional,"Rs 3,54,828 ~ 3 Lacs+",Rs 0 ~
2469,3417,"Raja, A.M.",https://www.myneta.info/TamilNadu2021/candidate.php?candidate_id=3417,PAPANASAM,IND,1,Graduate Professional,https://myneta.info/image_v2.php?myneta_folder=TamilNadu2021&candidate_id=3417&col=ta,https://myneta.info/image_v2.php?myneta_folder=TamilNadu2021&candidate_id=3417&col=lia
2470,2817,"Raja,P.",https://www.myneta.info/TamilNadu2021/candidate.php?candidate_id=2817,ERODE EAST,Makkal Thilagam Munnetra Kazhagam,0,Graduate,"Rs 2,248 ~ 2 Thou+",Rs 0 ~
2471,3552,"Raja,S.",https://www.myneta.info/TamilNadu2021/candidate.php?candidate_id=3552,TIRUCHIRAPPALLI EAST,IND,0,Graduate,"Rs 1,22,000 ~ 1 Lacs+","Rs 4,25,000 ~ 4 Lacs+"
2472,2192,Raja.S,https://www.myneta.info/TamilNadu2021/candidate.php?candidate_id=2192,AMBUR,Makkal Needhi Maiam,2,Illiterate,https://myneta.info/image_v2.php?myneta_folder=TamilNadu2021&candidate_id=2192&col=ta,https://myneta.info/image_v2.php?myneta_folder=TamilNadu2021&candidate_id=2192&col=lia
2473,1082,Raja.S,https://www.myneta.info/TamilNadu2021/candidate.php?candidate_id=1082,GUDIYATTAM (SC),BSP,0,12th Pass,"Rs 3,14,000 ~ 3 Lacs+",Rs 0 ~
2474,654,Raja.S.R,https://www.myneta.info/TamilNadu2021/candidate.php?candidate_id=654,TAMBARAM,DMK,3,8th Pass,"Rs 27,41,69,999 ~ 27 Crore+","Rs 8,00,40,324 ~ 8 Crore+"
2475,115,Rajaa T R B,https://www.myneta.info/TamilNadu2021/candidate.php?candidate_id=115,MANNARGUDI,DMK,2,Post Graduate,https://myneta.info/image_v2.php?myneta_folder=TamilNadu2021&candidate_id=115&col=ta,https://myneta.info/image_v2.php?myneta_folder=TamilNadu2021&candidate_id=115&col=lia
2476,897,Rajagopal.G,https://www.myneta.info/TamilNadu2021/candidate.php?candidate_id=897,CHENGALPATTU,IND,0,Post Graduate,"Rs 21,61,000 ~ 21 Lacs+","Rs 14,58,035 ~ 14 Lacs+"
2477,2989,Rajagopal.K,https://www.myneta.info/TamilNadu2021/candidate.php?candidate_id=2989,KRISHNARAYAPURAM (SC),IND,0,Graduate Professional,"Rs 25,000 ~ 25 Thou+",Rs 0 ~
2478,508,Rajaguru. M,https://www.myneta.info/TamilNadu2021/candidate.php?candidate_id=508,KRISHNARAYAPURAM (SC),Samaniya Makkal Nala Katchi,0,Graduate,https://myneta.info/image_v2.php?myneta_folder=TamilNadu2021&candidate_id=508&col=ta,https://myneta.info/image_v2.php?myneta_folder=TamilNadu2021&candidate_id=508&col=lia
2479,3393,Rajaiah C.,https://www.myneta.info/TamilNadu2021/candidate.php?candidate_id=3393,MANAMADURAI (SC),IND,0,10th Pass,"Rs 5,000 ~ 5 Thou+",Rs 0 ~
2480,1435,Rajakumar Naidu E V S,https://www.myneta.info/TamilNadu2021/candidate.php?candidate_id=1435,MADURAI CENTRAL,Tamil Telugu National Party,0,Post Graduate,"Rs 1,45,00,000 ~ 1 Crore+",Rs 0 ~
2481,2899,Rajakumar R,https://www.myneta.info/TamilNadu2021/candidate.php?candidate_id=2899,VILAVANCODE,Makkal Needhi Maiam,1,Post Graduate,https://myneta.info/image_v2.php?myneta_folder=TamilNadu2021&candidate_id=2899&col=ta,https://myneta.info/image_v2.php?myneta_folder=TamilNadu2021&candidate_id=2899&col=lia
2482,966,"Rajakumar, H.B.",https://www.myneta.info/TamilNadu2021/candidate.php?candidate_id=966,COONOOR,Makkal Needhi Maiam,0,12th Pass,"Rs 56,50,000 ~ 56 Lacs+",Rs 0 ~
2483,1031,"Rajakumar,A.M.R",https://www.myneta.info/TamilNadu2021/candidate.php?candidate_id=1031,ERODE EAST,Makkal Needhi Maiam,0,Graduate Professional,"Rs 7,25,15,214 ~ 7 Crore+","Rs 16,43,031 ~ 16 Lacs+"
2484,1629,Rajalakshmi V M,https://www.myneta.info/TamilNadu2021/candidate.php?candidate_id=1629,SANKARANKOVIL (SC),AIADMK,1,Post Graduate,https://myneta.info/image_v2.php?myneta_folder=TamilNadu2021&candidate_id=1629&col=ta,https://myneta.info/image_v2.php?myneta_folder=TamilNadu2021&candidate_id=1629&col=lia
2485,3752,Rajamani K,https://www.myneta.info/TamilNadu2021/candidate.php?candidate_id=3752,ULUNDURPETTAI,IND,0,10th Pass,"Rs 12,60,000 ~ 12 Lacs+",Rs 0 ~
2486,3088,"Rajamani, V.",https://www.myneta.info/TamilNadu2021/candidate.php?candidate_id=3088,THIRUPARANKUNDRAM,Namadhu Makkal Katchi,0,5th Pass,"Rs 3,90,000 ~ 3 Lacs+","Rs 65,000 ~ 65 Thou+"
2487,1139,Rajamani.K,https://www.myneta.info/TamilNadu2021/candidate.php?candidate_id=1139,KALASAPAKKAM,IND,0,5th Pass,https://myneta.info/image_v2.php?myneta_folder=TamilNadu2021&candidate_id=1139&col=ta,https://myneta.info/image_v2.php?myneta_folder=TamilNadu2021&candidate_id=1139&col=lia
2488,545,Rajamanickam Siva,https://www.myneta.info/TamilNadu2021/candidate.php?candidate_id=545,MANNARGUDI,AIADMK,0,10th Pass,"Rs 55,56,364 ~ 55 Lacs+",Rs 0 ~
2489,1987,Rajamannar S X,https://www.myneta.info/TamilNadu2021/candidate.php?candidate_id=1987,POONAMALLEE (SC),Pattali Makkal Katchi,0,Graduate Professional,"Rs 8,12,02,602 ~ 8 Crore+","Rs 85,69,169 ~ 85 Lacs+"
2490,2100,Rajamuthu M,https://www.myneta.info/TamilNadu2021/candidate.php?candidate_id=2100,VEERAPANDI,AIADMK,0,Graduate,https://myneta.info/image_v2.php?myneta_folder=TamilNadu2021&candidate_id=2100&col=ta,https://myneta.info/image_v2.php?myneta_folder=TamilNadu2021&candidate_id=2100&col=lia
2491,1080,Rajan.C,https://www.myneta.info/TamilNadu2021/candidate.php?candidate_id=1080,GUDIYATTAM (SC),Indiya Jananayaka Katchi,0,12th Pass,"Rs 38,000 ~ 38 Thou+",Rs 0 ~
2492,809,Rajanayagam M,https://www.myneta.info/TamilNadu2021/candidate.php?candidate_id=809,ARANTHANGI,AIADMK,2,10th Pass,"Rs 1,95,77,932 ~ 1 Crore+","Rs 6,58,660 ~ 6 Lacs+"
2493,52,Rajanbabu P,https://www.myneta.info/TamilNadu2021/candidate.php?candidate_id=52,THIRUMANGALAM,IND,0,Graduate,https://myneta.info/image_v2.php?myneta_folder=TamilNadu2021&candidate_id=52&col=ta,https://myneta.info/image_v2.php?myneta_folder=TamilNadu2021&candidate_id=52&col=lia
2494,668,"Rajanchellappa, V.V.",https://www.myneta.info/TamilNadu2021/candidate.php?candidate_id=668,THIRUPARANKUNDRAM,AIADMK,0,Post Graduate,"Rs 6,54,33,366 ~ 6 Crore+","Rs 1,06,38,454 ~ 1 Crore+"
2495,3947,Rajangam C,https://www.myneta.info/TamilNadu2021/candidate.php?candidate_id=3947,TIRUCHULI,IND,0,10th Pass,"Rs 4,55,290 ~ 4 Lacs+","Rs 1,65,557 ~ 1 Lacs+"
2496,1676,Rajanikanth S,https://www.myneta.info/TamilNadu2021/candidate.php?candidate_id=1676,THIRUTHURAIPOONDI (SC),Amma Makkal Munnettra Kazagam,23,Post Graduate,https://myneta.info/image_v2.php?myneta_folder=TamilNadu2021&candidate_id=1676&col=ta,https://myneta.info/image_v2.php?myneta_folder=TamilNadu2021&candidate_id=1676&col=lia
2497,2814,"Rajarathinam, K.",https://www.myneta.info/TamilNadu2021/candidate.php?candidate_id=2814,VEERAPANDI,IND,0,Graduate,"Rs 11,24,358 ~ 11 Lacs+","Rs 3,00,000 ~ 3 Lacs+"
2498,1513,Rajasekar M,https://www.myneta.info/TamilNadu2021/candidate.php?candidate_id=1513,MAILAM,IND,0,Post Graduate,"Rs 51,25,000 ~ 51 Lacs+","Rs 5,50,000 ~ 5 Lacs+"
2499,703,Rajasekar S,https://www.myneta.info/TamilNadu2021/candidate.php?candidate_id=703,TIRUCHULI,AIADMK,7,8th Pass,https://myneta.info/image_v2.php?myneta_folder=TamilNadu2021&candidate_id=703&col=ta,https://myneta.info/image_v2.php?myneta_folder=TamilNadu2021&candidate_id=703&col=lia
2500,2517,Rajasekar.D.,https://www.myneta.info/TamilNadu2021/candidate.php?candidate_id=2517,PALACODE,Makkal Needhi Maiam,1,Post Graduate,"Rs 1,87,33,000 ~ 1 Crore+","Rs 38,94,587 ~ 38 Lacs+"
2501,2290,Rajasekaran D,https://www.myneta.info/TamilNadu2021/candidate.php?candidate_id=2290,THIYAGARAYANAGAR,IND,0,Graduate,"Rs 7,67,000 ~ 7 Lacs+","Rs 2,31,000 ~ 2 Lacs+"
2502,3757,Rajastalin K,https://www.myneta.info/TamilNadu2021/candidate.php?candidate_id=3757,ULUNDURPETTAI,IND,0,Graduate,https://myneta.info/image_v2.php?myneta_folder=TamilNadu2021&candidate_id=3757&col=ta,https://myneta.info/image_v2.php?myneta_folder=TamilNadu2021&candidate_id=3757&col=lia
2503,3083,Rajasuriyaa K R,https://www.myneta.info/TamilNadu2021/candidate.php?candidate_id=3083,MADURAI CENTRAL,IND,0,12th Pass,"Rs 95,000 ~ 95 Thou+",Rs 0 ~
2504,3259,Rajavarman R,https://www.myneta.info/TamilNadu2021/candidate.php?candidate_id=3259,VIRALIMALAI,IND,0,10th Pass,"Rs 6,70,000 ~ 6 Lacs+","Rs 55,000 ~ 55 Thou+"
2505,174,"Rajavarman, M.S.R",https://www.myneta.info/TamilNadu2021/candidate.php?candidate_id=174,SATTUR,Amma Makkal Munnettra Kazagam,0,8th Pass,https://myneta.info/image_v2.php?myneta_folder=TamilNadu2021&candidate_id=174&col=ta,https://myneta.info/image_v2.php?myneta_folder=TamilNadu2021&candidate_id=174&col=lia
2506,412,Rajendiran P,https://www.myneta.info/TamilNadu2021/candidate.php?candidate_id=412,GINGEE,Pattali Makkal Katchi,2,12th Pass,"Rs 36,27,100 ~ 36 Lacs+",Rs 0 ~
2507,3513,"Rajendiran, G.",https://www.myneta.info/TamilNadu2021/candidate.php?candidate_id=3513,THIRUVALLUR,IND,0,Graduate,"Rs 11,95,000 ~ 11 Lacs+",Rs 0 ~
2508,2754,Rajendiran. B,https://www.myneta.info/TamilNadu2021/candidate.php?candidate_id=2754,SALEM WEST,IND,0,Illiterate,https://myneta.info/image_v2.php?myneta_folder=TamilNadu2021&candidate_id=2754&col=ta,https://myneta.info/image_v2.php?myneta_folder=TamilNadu2021&candidate_id=2754&col=lia
2509,2943,Rajendiran. M,https://www.myneta.info/TamilNadu2021/candidate.php?candidate_id=2943,ARAVAKURICHI,IND,0,Post Graduate,"Rs 86,09,705 ~ 86 Lacs+","Rs 17,41,441 ~ 17 Lacs+"
2510,208,Rajendran,https://www.myneta.info/TamilNadu2021/candidate.php?candidate_id=208,PALLAVARAM,AIADMK,0,Graduate Professional,"Rs 16,82,83,974 ~ 16 Crore+","Rs 78,86,925 ~ 78 Lacs+"
2511,2375,Rajendran .B,https://www.myneta.info/TamilNadu2021/candidate.php?candidate_id=2375,NEYVELI,IND,0,Graduate,https://myneta.info/image_v2.php?myneta_folder=TamilNadu2021&candidate_id=2375&col=ta,https://myneta.info/image_v2.php?myneta_folder=TamilNadu2021&candidate_id=2375&col=lia
2512,3395,Rajendran A.,https://www.myneta.info/TamilNadu2021/candidate.php?candidate_id=3395,MANAMADURAI (SC),My India Party,0,5th Pass,"Rs 77,500 ~ 77 Thou+",Rs 0 ~
2513,2322,Rajendran L,https://www.myneta.info/TamilNadu2021/candidate.php?candidate_id=2322,CHEPAUK-THIRUVALLIKENI,Amma Makkal Munnettra Kazagam,3,12th Pass,"Rs 1,03,88,740 ~ 1 Crore+","Rs 24,84,490 ~ 24 Lacs+"
2514,3948,Rajendran R,https://www.myneta.info/TamilNadu2021/candidate.php?candidate_id=3948,TIRUCHULI,IND,0,Graduate Professional,https://myneta.info/image_v2.php?myneta_folder=TamilNadu2021&candidate_id=3948&col=ta,https://myneta.info/image_v2.php?myneta_folder=TamilNadu2021&candidate_id=3948&col=lia
2515,251,Rajendran S,https://www.myneta.info/TamilNadu2021/candidate.php?candidate_id=251,ARIYALUR,AIADMK,0,8th Pass,"Rs 1,07,81,933 ~ 1 Crore+",Rs 0 ~
2516,1977,"Rajendran, K.",https://www.myneta.info/TamilNadu2021/candidate.php?candidate_id=1977,PERAMBALUR (SC),DMDK,3,Others,"Rs 82,55,320 ~ 82 Lacs+","Rs 8,26,000 ~ 8 Lacs+"
2517,456,Rajendran.B,https://www.myneta.info/TamilNadu2021/candidate.php?candidate_id=456,KANGAYAM,IND,0,Graduate,https://myneta.info/image_v2.php?myneta_folder=TamilNadu2021&candidate_id=456&col=ta,https://myneta.info/image_v2.php?myneta_folder=TamilNadu2021&candidate_id=456&col=lia
2518,287,Rajendran.D.K.,https://www.myneta.info/TamilNadu2021/candidate.php?candidate_id=287,DHARMAPURI,Amma Makkal Munnettra Kazagam,4,8th Pass,"Rs 1,88,19,883 ~ 1 Crore+","Rs 33,68,125 ~ 33 Lacs+"
2519,2860,Rajendran.K,https://www.myneta.info/TamilNadu2021/candidate.php?candidate_id=2860,ANTHIYUR,Ganasangam Party of India,0,5th Pass,"Rs 21,650 ~ 21 Thou+",Rs 0 ~
2520,988,Rajendran.K.,https://www.myneta.info/TamilNadu2021/candidate.php?candidate_id=988,DHARMAPURI,IND,0,10th Pass,https://myneta.info/image_v2.php?myneta_folder=TamilNadu2021&candidate_id=988&col=ta,https://myneta.info/image_v2.php?myneta_folder=TamilNadu2021&candidate_id=988&col=lia
2521,4225,Rajendran.M.S,https://www.myneta.info/TamilNadu2021/candidate.php?candidate_id=4225,KALASAPAKKAM,Indiya Jananayaka Katchi,0,12th Pass,"Rs 56,10,752 ~ 56 Lacs+",Rs 0 ~
2522,4068,Rajendran.P,https://www.myneta.info/TamilNadu2021/candidate.php?candidate_id=4068,KANGAYAM,IND,0,8th Pass,"Rs 2,01,000 ~ 2 Lacs+",Rs 0 ~
2523,1003,Rajendran.R,https://www.myneta.info/TamilNadu2021/candidate.php?candidate_id=1003,DINDIGUL,Makkal Needhi Maiam,0,10th Pass,https://myneta.info/image_v2.php?myneta_folder=TamilNadu2021&candidate_id=1003&col=ta,https://myneta.info/image_v2.php?myneta_folder=TamilNadu2021&candidate_id=1003&col=lia
2524,1583,Rajendran.R,https://www.myneta.info/TamilNadu2021/candidate.php?candidate_id=1583,PANRUTI,AIADMK,0,12th Pass,"Rs 14,67,94,603 ~ 14 Crore+","Rs 60,10,000 ~ 60 Lacs+"
2525,768,Rajendranathan,https://www.myneta.info/TamilNadu2021/candidate.php?candidate_id=768,ALANGULAM,DMDK,2,Graduate,"Rs 66,09,114 ~ 66 Lacs+","Rs 1,00,000 ~ 1 Lacs+"
2526,604,Rajenthrabhalaji K.T,https://www.myneta.info/TamilNadu2021/candidate.php?candidate_id=604,RAJAPALAYAM,AIADMK,0,10th Pass,https://myneta.info/image_v2.php?myneta_folder=TamilNadu2021&candidate_id=604&col=ta,https://myneta.info/image_v2.php?myneta_folder=TamilNadu2021&candidate_id=604&col=lia
2527,1007,Rajesh . I,https://www.myneta.info/TamilNadu2021/candidate.php?candidate_id=1007,DR.RADHAKRISHNAN NAGAR,IND,0,Graduate,"Rs 6,11,800 ~ 6 Lacs+",Rs 0 ~
2528,1816,Rajesh . S,https://www.myneta.info/TamilNadu2021/candidate.php?candidate_id=1816,DR.RADHAKRISHNAN NAGAR,IND,0,Graduate Professional,"Rs 6,61,780 ~ 6 Lacs+",Rs 0 ~
2529,4257,Rajesh Chinnadurai,https://www.myneta.info/TamilNadu2021/candidate.php?candidate_id=4257,ALANDUR,National Democratic Party of South India,0,Post Graduate,https://myneta.info/image_v2.php?myneta_folder=TamilNadu2021&candidate_id=4257&col=ta,https://myneta.info/image_v2.php?myneta_folder=TamilNadu2021&candidate_id=4257&col=lia
2530,2900,Rajesh Kumar S,https://www.myneta.info/TamilNadu2021/candidate.php?candidate_id=2900,VILAVANCODE,National Democratic Party of South India,0,10th Pass,"Rs 1,000 ~ 1 Thou+",Rs 0 ~
2531,1267,Rajesh Kumar S,https://www.myneta.info/TamilNadu2021/candidate.php?candidate_id=1267,KILLIYOOR,INC,52,Post Graduate,"Rs 2,10,18,347 ~ 2 Crore+","Rs 24,85,000 ~ 24 Lacs+"
2532,1749,Rajesh Kumar. S,https://www.myneta.info/TamilNadu2021/candidate.php?candidate_id=1749,PERAMBUR,IND,0,10th Pass,https://myneta.info/image_v2.php?myneta_folder=TamilNadu2021&candidate_id=1749&col=ta,https://myneta.info/image_v2.php?myneta_folder=TamilNadu2021&candidate_id=1749&col=lia
2533,3522,Rajesh P,https://www.myneta.info/TamilNadu2021/candidate.php?candidate_id=3522,POONAMALLEE (SC),IND,0,8th Pass,"Rs 2,41,500 ~ 2 Lacs+","Rs 1,81,000 ~ 1 Lacs+"
2534,78,Rajesh R,https://www.myneta.info/TamilNadu2021/candidate.php?candidate_id=78,CHEYYUR (SC),Naam Tamilar Katchi,0,Graduate Professional,"Rs 1,90,000 ~ 1 Lacs+",Rs 0 ~
2535,1748,Rajesh. K,https://www.myneta.info/TamilNadu2021/candidate.php?candidate_id=1748,PERAMBUR,IND,0,5th Pass,https://myneta.info/image_v2.php?myneta_folder=TamilNadu2021&candidate_id=1748&col=ta,https://myneta.info/image_v2.php?myneta_folder=TamilNadu2021&candidate_id=1748&col=lia
2536,2274,Rajesh. N,https://www.myneta.info/TamilNadu2021/candidate.php?candidate_id=2274,SAIDAPET,IND,0,10th Pass,"Rs 5,200 ~ 5 Thou+",Rs 0 ~
2537,2970,Rajeshkannan.S,https://www.myneta.info/TamilNadu2021/candidate.php?candidate_id=2970,KARUR,IND,0,10th Pass,"Rs 17,48,000 ~ 17 Lacs+","Rs 20,82,600 ~ 20 Lacs+"
2538,134,Rajeshkumar S,https://www.myneta.info/TamilNadu2021/candidate.php?candidate_id=134,VEERAPANDI,Naam Tamilar Katchi,0,10th Pass,https://myneta.info/image_v2.php?myneta_folder=TamilNadu2021&candidate_id=134&col=ta,https://myneta.info/image_v2.php?myneta_folder=TamilNadu2021&candidate_id=134&col=lia
2539,2832,Rajeshkumar.M,https://www.myneta.info/TamilNadu2021/candidate.php?candidate_id=2832,MODAKKURICHI,Makkal Needhi Maiam,0,12th Pass,"Rs 48,06,981 ~ 48 Lacs+","Rs 7,65,000 ~ 7 Lacs+"
2540,4041,Rajini Vr,https://www.myneta.info/TamilNadu2021/candidate.php?candidate_id=4041,TIRUKKOYILUR,Naadaalum Makkal Katchi,0,12th Pass,"Rs 14,13,670 ~ 14 Lacs+","Rs 6,74,000 ~ 6 Lacs+"
2541,4124,"Rajini,K.",https://www.myneta.info/TamilNadu2021/candidate.php?candidate_id=4124,UDUMALAIPETTAI,IND,0,10th Pass,https://myneta.info/image_v2.php?myneta_folder=TamilNadu2021&candidate_id=4124&col=ta,https://myneta.info/image_v2.php?myneta_folder=TamilNadu2021&candidate_id=4124&col=lia
2542,2188,Rajinikanth.P,https://www.myneta.info/TamilNadu2021/candidate.php?candidate_id=2188,AMBUR,IND,0,8th Pass,"Rs 3,17,000 ~ 3 Lacs+",Rs 0 ~
2543,3323,Rajiv Gandhi K,https://www.myneta.info/TamilNadu2021/candidate.php?candidate_id=3323,PARAMAKUDI (SC),IND,1,Post Graduate,"Rs 10,49,200 ~ 10 Lacs+","Rs 3,88,700 ~ 3 Lacs+"
2544,3791,Rajiv Kumar,https://www.myneta.info/TamilNadu2021/candidate.php?candidate_id=3791,SHOLINGANALLUR,Makkal Needhi Maiam,0,Graduate,https://myneta.info/image_v2.php?myneta_folder=TamilNadu2021&candidate_id=3791&col=ta,https://myneta.info/image_v2.php?myneta_folder=TamilNadu2021&candidate_id=3791&col=lia
2545,4032,Rajivgandhi P,https://www.myneta.info/TamilNadu2021/candidate.php?candidate_id=4032,VIKRAVANDI,Naadaalum Makkal Katchi,0,Graduate,"Rs 5,40,000 ~ 5 Lacs+",Rs 0 ~
2546,627,Rajiyama B,https://www.myneta.info/TamilNadu2021/candidate.php?candidate_id=627,SANKARAPURAM,Naam Tamilar Katchi,1,Illiterate,"Rs 15,51,000 ~ 15 Lacs+","Rs 2,50,000 ~ 2 Lacs+"
2547,2543,Rajkumar,https://www.myneta.info/TamilNadu2021/candidate.php?candidate_id=2543,MAYILADUTHURAI,Tamil Nadu Ilangyar Katchi,0,Post Graduate,https://myneta.info/image_v2.php?myneta_folder=TamilNadu2021&candidate_id=2543&col=ta,https://myneta.info/image_v2.php?myneta_folder=TamilNadu2021&candidate_id=2543&col=lia
2548,3074,Rajkumar Alias Manikandan.K,https://www.myneta.info/TamilNadu2021/candidate.php?candidate_id=3074,MADURAI SOUTH,IND,0,5th Pass,"Rs 1,00,000 ~ 1 Lacs+",Rs 0 ~
2549,3780,Rajkumar E,https://www.myneta.info/TamilNadu2021/candidate.php?candidate_id=3780,SANKARAPURAM,IND,0,12th Pass,"Rs 41,000 ~ 41 Thou+",Rs 0 ~
2550,3054,Rajkumar K,https://www.myneta.info/TamilNadu2021/candidate.php?candidate_id=3054,SHOLAVANDAN (SC),My India Party,0,10th Pass,https://myneta.info/image_v2.php?myneta_folder=TamilNadu2021&candidate_id=3054&col=ta,https://myneta.info/image_v2.php?myneta_folder=TamilNadu2021&candidate_id=3054&col=lia
2551,941,Rajkumar M.P,https://www.myneta.info/TamilNadu2021/candidate.php?candidate_id=941,COIMBATORE NORTH,Makkal Munnetra Peravai,0,10th Pass,"Rs 75,000 ~ 75 Thou+",Rs 0 ~
2552,21,Rajkumar Poliah,https://www.myneta.info/TamilNadu2021/candidate.php?candidate_id=21,KOVILPATTI,Universal Brotherhood Movement,0,Graduate,"Rs 4,70,500 ~ 4 Lacs+",Rs 0 ~
2553,1691,Rajkumar S,https://www.myneta.info/TamilNadu2021/candidate.php?candidate_id=1691,JAYANKONDAM,IND,0,12th Pass,https://myneta.info/image_v2.php?myneta_folder=TamilNadu2021&candidate_id=1691&col=ta,https://myneta.info/image_v2.php?myneta_folder=TamilNadu2021&candidate_id=1691&col=lia
2554,3063,Rajkumar V,https://www.myneta.info/TamilNadu2021/candidate.php?candidate_id=3063,SHOLAVANDAN (SC),IND,0,Post Graduate,"Rs 2,95,000 ~ 2 Lacs+",Rs 0 ~
2555,3886,"Rajkumar, R.",https://www.myneta.info/TamilNadu2021/candidate.php?candidate_id=3886,SATTUR,My India Party,0,Literate,"Rs 3,24,000 ~ 3 Lacs+",Rs 0 ~
2556,3425,"Rajkumar, R.",https://www.myneta.info/TamilNadu2021/candidate.php?candidate_id=3425,THIRUVAIYARU,IND,0,Post Graduate,https://myneta.info/image_v2.php?myneta_folder=TamilNadu2021&candidate_id=3425&col=ta,https://myneta.info/image_v2.php?myneta_folder=TamilNadu2021&candidate_id=3425&col=lia
2557,2918,Rajkumar. R,https://www.myneta.info/TamilNadu2021/candidate.php?candidate_id=2918,ARAVAKURICHI,Tamil Nadu Ilangyar Katchi,0,Graduate Professional,"Rs 64,37,524 ~ 64 Lacs+","Rs 16,50,000 ~ 16 Lacs+"
2558,443,Rajkumar.E,https://www.myneta.info/TamilNadu2021/candidate.php?candidate_id=443,KALASAPAKKAM,BSP,0,12th Pass,"Rs 17,05,000 ~ 17 Lacs+",Rs 0 ~
2559,1208,Rajkumar.G,https://www.myneta.info/TamilNadu2021/candidate.php?candidate_id=1208,KARAIKUDI,Anna MGR Dravida Makkal Kalgam,0,5th Pass,https://myneta.info/image_v2.php?myneta_folder=TamilNadu2021&candidate_id=1208&col=ta,https://myneta.info/image_v2.php?myneta_folder=TamilNadu2021&candidate_id=1208&col=lia
2560,2522,Rajkumar.T.,https://www.myneta.info/TamilNadu2021/candidate.php?candidate_id=2522,PALACODE,IND,0,8th Pass,"Rs 2,59,000 ~ 2 Lacs+",Rs 0 ~
2561,110,Raju. K,https://www.myneta.info/TamilNadu2021/candidate.php?candidate_id=110,MADURAI WEST,AIADMK,1,Graduate,"Rs 6,49,04,706 ~ 6 Crore+","Rs 1,97,74,424 ~ 1 Crore+"
2562,2869,Rakkimuthu Ranganadar R,https://www.myneta.info/TamilNadu2021/candidate.php?candidate_id=2869,GOBICHETTIPALAYAM,IND,0,Illiterate,https://myneta.info/image_v2.php?myneta_folder=TamilNadu2021&candidate_id=2869&col=ta,https://myneta.info/image_v2.php?myneta_folder=TamilNadu2021&candidate_id=2869&col=lia
2563,1302,Rama Devi,https://www.myneta.info/TamilNadu2021/candidate.php?candidate_id=1302,KOLATHUR,IND,0,8th Pass,"Rs 1,72,000 ~ 1 Lacs+",Rs 0 ~
2564,4184,Ramachandiran.R,https://www.myneta.info/TamilNadu2021/candidate.php?candidate_id=4184,KOVILPATTI,BSP,0,5th Pass,"Rs 28,97,500 ~ 28 Lacs+","Rs 3,50,000 ~ 3 Lacs+"
2565,2225,Ramachandran N,https://www.myneta.info/TamilNadu2021/candidate.php?candidate_id=2225,NANNILAM,Amma Makkal Munnettra Kazagam,0,Graduate,https://myneta.info/image_v2.php?myneta_folder=TamilNadu2021&candidate_id=2225&col=ta,https://myneta.info/image_v2.php?myneta_folder=TamilNadu2021&candidate_id=2225&col=lia
2566,3295,Ramachandran T,https://www.myneta.info/TamilNadu2021/candidate.php?candidate_id=3295,ARANTHANGI,INC,0,Graduate Professional,"Rs 1,42,51,126 ~ 1 Crore+","Rs 34,11,744 ~ 34 Lacs+"
2567,3103,"Ramachandran, K.",https://www.myneta.info/TamilNadu2021/candidate.php?candidate_id=3103,THIRUPARANKUNDRAM,IND,0,10th Pass,"Rs 3,91,000 ~ 3 Lacs+",Rs 0 ~
2568,284,"Ramachandran, K.",https://www.myneta.info/TamilNadu2021/candidate.php?candidate_id=284,COONOOR,DMK,3,12th Pass,https://myneta.info/image_v2.php?myneta_folder=TamilNadu2021&candidate_id=284&col=ta,https://myneta.info/image_v2.php?myneta_folder=TamilNadu2021&candidate_id=284&col=lia
2569,107,"Ramachandran, R.T.",https://www.myneta.info/TamilNadu2021/candidate.php?candidate_id=107,KUNNAM,AIADMK,0,8th Pass,"Rs 4,93,81,652 ~ 4 Crore+","Rs 1,56,75,878 ~ 1 Crore+"
2570,3825,Ramachandran.R,https://www.myneta.info/TamilNadu2021/candidate.php?candidate_id=3825,PALLAVARAM,IND,0,Graduate,"Rs 6,78,000 ~ 6 Lacs+",Rs 0 ~
2571,2037,Ramachandran.T,https://www.myneta.info/TamilNadu2021/candidate.php?candidate_id=2037,THALLY,CPI,25,Graduate Professional,https://myneta.info/image_v2.php?myneta_folder=TamilNadu2021&candidate_id=2037&col=ta,https://myneta.info/image_v2.php?myneta_folder=TamilNadu2021&candidate_id=2037&col=lia
2572,1012,Ramadass . E,https://www.myneta.info/TamilNadu2021/candidate.php?candidate_id=1012,DR.RADHAKRISHNAN NAGAR,Makkal Nalvaazhvuk Katchi,0,8th Pass,"Rs 12,29,000 ~ 12 Lacs+",Rs 0 ~
2573,122,Ramadoss S,https://www.myneta.info/TamilNadu2021/candidate.php?candidate_id=122,VRIDHACHALAM,IND,0,Graduate,"Rs 23,80,000 ~ 23 Lacs+",Rs 0 ~
2574,4151,Ramagunaseelan,https://www.myneta.info/TamilNadu2021/candidate.php?candidate_id=4151,THOOTHUKUDI,IND,0,5th Pass,https://myneta.info/image_v2.php?myneta_folder=TamilNadu2021&candidate_id=4151&col=ta,https://myneta.info/image_v2.php?myneta_folder=TamilNadu2021&candidate_id=4151&col=lia
2575,2942,Ramaguru. R,https://www.myneta.info/TamilNadu2021/candidate.php?candidate_id=2942,ARAVAKURICHI,IND,0,Post Graduate,"Rs 20,78,371 ~ 20 Lacs+",Rs 0 ~
2576,1553,Ramajayam.C,https://www.myneta.info/TamilNadu2021/candidate.php?candidate_id=1553,ROYAPURAM,Amma Makkal Munnettra Kazagam,0,Graduate Professional,"Rs 75,77,500 ~ 75 Lacs+",Rs 0 ~
2577,2080,Ramalingam,https://www.myneta.info/TamilNadu2021/candidate.php?candidate_id=2080,TIRUVADANAI,BSP,0,Graduate Professional,https://myneta.info/image_v2.php?myneta_folder=TamilNadu2021&candidate_id=2080&col=ta,https://myneta.info/image_v2.php?myneta_folder=TamilNadu2021&candidate_id=2080&col=lia
2578,3173,Ramalingam K,https://www.myneta.info/TamilNadu2021/candidate.php?candidate_id=3173,NAMAKKAL,IND,0,10th Pass,"Rs 50,046 ~ 50 Thou+",Rs 0 ~
2579,406,Ramalingam K V,https://www.myneta.info/TamilNadu2021/candidate.php?candidate_id=406,ERODE WEST,AIADMK,0,Graduate,"Rs 5,91,86,146 ~ 5 Crore+","Rs 19,06,626 ~ 19 Lacs+"
2580,1906,Ramalingam P,https://www.myneta.info/TamilNadu2021/candidate.php?candidate_id=1906,NAMAKKAL,DMK,0,Post Graduate,https://myneta.info/image_v2.php?myneta_folder=TamilNadu2021&candidate_id=1906&col=ta,https://myneta.info/image_v2.php?myneta_folder=TamilNadu2021&candidate_id=1906&col=lia
2581,1193,Ramalingam.A.S,https://www.myneta.info/TamilNadu2021/candidate.php?candidate_id=1193,KANGAYAM,AIADMK,0,12th Pass,"Rs 66,16,47,024 ~ 66 Crore+","Rs 20,81,15,190 ~ 20 Crore+"
2582,4067,Ramalingam.N,https://www.myneta.info/TamilNadu2021/candidate.php?candidate_id=4067,KANGAYAM,IND,0,5th Pass,"Rs 12,90,500 ~ 12 Lacs+","Rs 35,000 ~ 35 Thou+"
2583,3298,Ramalingaswami Adihithan. Ppc,https://www.myneta.info/TamilNadu2021/candidate.php?candidate_id=3298,ARANTHANGI,Akhila India Jananayaka Makkal Katchi (Dr. Isaac),0,Post Graduate,https://myneta.info/image_v2.php?myneta_folder=TamilNadu2021&candidate_id=3298&col=ta,https://myneta.info/image_v2.php?myneta_folder=TamilNadu2021&candidate_id=3298&col=lia
2584,3119,Ramamoorthi R,https://www.myneta.info/TamilNadu2021/candidate.php?candidate_id=3119,THIRUMANGALAM,IND,2,5th Pass,"Rs 4,35,000 ~ 4 Lacs+",Rs 0 ~
2585,1604,Ramamoorthy P,https://www.myneta.info/TamilNadu2021/candidate.php?candidate_id=1604,VASUDEVANALLUR (SC),IND,0,Graduate,"Rs 11,000 ~ 11 Thou+",Rs 0 ~
2586,3954,Raman,https://www.myneta.info/TamilNadu2021/candidate.php?candidate_id=3954,KATPADI,IND,0,10th Pass,https://myneta.info/image_v2.php?myneta_folder=TamilNadu2021&candidate_id=3954&col=ta,https://myneta.info/image_v2.php?myneta_folder=TamilNadu2021&candidate_id=3954&col=lia
2587,756,Raman K,https://www.myneta.info/TamilNadu2021/candidate.php?candidate_id=756,VILLUPURAM,IND,0,5th Pass,"Rs 5,21,500 ~ 5 Lacs+","Rs 3,00,000 ~ 3 Lacs+"
2588,270,Raman N,https://www.myneta.info/TamilNadu2021/candidate.php?candidate_id=270,AVADI,Tamilnadu Makkal Nalvazhvu Periyakkam,0,Graduate,"Rs 36,516 ~ 36 Thou+",Rs 0 ~
2589,1971,Raman V,https://www.myneta.info/TamilNadu2021/candidate.php?candidate_id=1971,PARAMATHIVELUR,BSP,0,5th Pass,https://myneta.info/image_v2.php?myneta_folder=TamilNadu2021&candidate_id=1971&col=ta,https://myneta.info/image_v2.php?myneta_folder=TamilNadu2021&candidate_id=1971&col=lia
2590,2045,"Ramanah, Be Vee",https://www.myneta.info/TamilNadu2021/candidate.php?candidate_id=2045,THIRUVALLUR,AIADMK,0,Others,"Rs 9,82,33,272 ~ 9 Crore+","Rs 3,22,08,499 ~ 3 Crore+"
2591,3512,"Ramanan, R.",https://www.myneta.info/TamilNadu2021/candidate.php?candidate_id=3512,THIRUVALLUR,IND,0,Graduate Professional,"Rs 14,94,800 ~ 14 Lacs+",Rs 0 ~
2592,3117,Ramanathan A,https://www.myneta.info/TamilNadu2021/candidate.php?candidate_id=3117,THIRUMANGALAM,IND,0,12th Pass,https://myneta.info/image_v2.php?myneta_folder=TamilNadu2021&candidate_id=3117&col=ta,https://myneta.info/image_v2.php?myneta_folder=TamilNadu2021&candidate_id=3117&col=lia
2593,3118,Ramanathan M,https://www.myneta.info/TamilNadu2021/candidate.php?candidate_id=3118,THIRUMANGALAM,IND,0,10th Pass,"Rs 28,80,200 ~ 28 Lacs+","Rs 2,45,000 ~ 2 Lacs+"
2594,3316,Ramapandi C,https://www.myneta.info/TamilNadu2021/candidate.php?candidate_id=3316,PARAMAKUDI (SC),IND,0,Graduate Professional,"Rs 19,10,000 ~ 19 Lacs+","Rs 15,02,244 ~ 15 Lacs+"
2595,3917,Ramaraj C,https://www.myneta.info/TamilNadu2021/candidate.php?candidate_id=3917,VIRUDHUNAGAR,IND,0,Others,https://myneta.info/image_v2.php?myneta_folder=TamilNadu2021&candidate_id=3917&col=ta,https://myneta.info/image_v2.php?myneta_folder=TamilNadu2021&candidate_id=3917&col=lia
2596,2802,Ramasamy K,https://www.myneta.info/TamilNadu2021/candidate.php?candidate_id=2802,VEDASANDUR,IND,0,8th Pass,"Rs 5,30,000 ~ 5 Lacs+",Rs 0 ~
2597,172,Ramasamy K.V,https://www.myneta.info/TamilNadu2021/candidate.php?candidate_id=172,SENTHAMANGALAM(ST),IND,0,Graduate,"Rs 1,13,50,000 ~ 1 Crore+",Rs 0 ~
2598,234,Ramasamy P,https://www.myneta.info/TamilNadu2021/candidate.php?candidate_id=234,NAMAKKAL,BSP,0,12th Pass,https://myneta.info/image_v2.php?myneta_folder=TamilNadu2021&candidate_id=234&col=ta,https://myneta.info/image_v2.php?myneta_folder=TamilNadu2021&candidate_id=234&col=lia
2599,2783,Ramasamy P,https://www.myneta.info/TamilNadu2021/candidate.php?candidate_id=2783,VEDASANDUR,Amma Makkal Munnettra Kazagam,3,8th Pass,"Rs 81,33,088 ~ 81 Lacs+","Rs 3,18,57,571 ~ 3 Crore+"
2600,3311,Ramasamy R S,https://www.myneta.info/TamilNadu2021/candidate.php?candidate_id=3311,ARANTHANGI,IND,0,Post Graduate,"Rs 43,08,000 ~ 43 Lacs+","Rs 12,00,000 ~ 12 Lacs+"
2601,382,Ramasamy.T.,https://www.myneta.info/TamilNadu2021/candidate.php?candidate_id=382,DHARMAPURI,My India Party,0,5th Pass,https://myneta.info/image_v2.php?myneta_folder=TamilNadu2021&candidate_id=382&col=ta,https://myneta.info/image_v2.php?myneta_folder=TamilNadu2021&candidate_id=382&col=lia
2602,3024,Ramaswamy,https://www.myneta.info/TamilNadu2021/candidate.php?candidate_id=3024,VEPPANAHALLI,IND,0,5th Pass,"Rs 85,87,500 ~ 85 Lacs+",Rs 0 ~
2603,3031,Ramaswamy G C,https://www.myneta.info/TamilNadu2021/candidate.php?candidate_id=3031,HOSUR,IND,0,5th Pass,"Rs 85,87,500 ~ 85 Lacs+",Rs 0 ~
2604,3946,Ramathilagam A,https://www.myneta.info/TamilNadu2021/candidate.php?candidate_id=3946,TIRUCHULI,IND,0,12th Pass,https://myneta.info/image_v2.php?myneta_folder=TamilNadu2021&candidate_id=3946&col=ta,https://myneta.info/image_v2.php?myneta_folder=TamilNadu2021&candidate_id=3946&col=lia
2605,56,"Ramchandran, M.",https://www.myneta.info/TamilNadu2021/candidate.php?candidate_id=56,ORATHANADU,DMK,2,Graduate Professional,"Rs 1,85,95,574 ~ 1 Crore+",Rs 0 ~
2606,1433,Ramesh,https://www.myneta.info/TamilNadu2021/candidate.php?candidate_id=1433,MADHAVARAM,Makkal Needhi Maiam,0,Post Graduate,"Rs 11,46,29,416 ~ 11 Crore+","Rs 6,55,00,000 ~ 6 Crore+"
2607,1875,Ramesh Aravind,https://www.myneta.info/TamilNadu2021/candidate.php?candidate_id=1875,METTUR,DMDK,0,10th Pass,https://myneta.info/image_v2.php?myneta_folder=TamilNadu2021&candidate_id=1875&col=ta,https://myneta.info/image_v2.php?myneta_folder=TamilNadu2021&candidate_id=1875&col=lia
2608,1790,Ramesh Babu.M,https://www.myneta.info/TamilNadu2021/candidate.php?candidate_id=1790,THIRU-VI-KA-NAGAR (SC),IND,0,Graduate Professional,"Rs 2,43,456 ~ 2 Lacs+","Rs 1,20,000 ~ 1 Lacs+"
2609,3771,Ramesh G,https://www.myneta.info/TamilNadu2021/candidate.php?candidate_id=3771,SANKARAPURAM,Indiya Jananayaka Katchi,0,Graduate,"Rs 11,14,000 ~ 11 Lacs+","Rs 4,50,000 ~ 4 Lacs+"
2610,1689,Ramesh K,https://www.myneta.info/TamilNadu2021/candidate.php?candidate_id=1689,ARIYALUR,IND,0,Post Graduate,https://myneta.info/image_v2.php?myneta_folder=TamilNadu2021&candidate_id=1689&col=ta,https://myneta.info/image_v2.php?myneta_folder=TamilNadu2021&candidate_id=1689&col=lia
2611,3257,Ramesh M,https://www.myneta.info/TamilNadu2021/candidate.php?candidate_id=3257,VIRALIMALAI,IND,0,12th Pass,"Rs 66,85,362 ~ 66 Lacs+","Rs 32,16,834 ~ 32 Lacs+"
2612,963,Ramesh P,https://www.myneta.info/TamilNadu2021/candidate.php?candidate_id=963,COLACHAL,BJP,8,Post Graduate,"Rs 50,95,385 ~ 50 Lacs+","Rs 6,32,000 ~ 6 Lacs+"
2613,3156,Ramesh R,https://www.myneta.info/TamilNadu2021/candidate.php?candidate_id=3156,SENTHAMANGALAM(ST),IND,0,5th Pass,https://myneta.info/image_v2.php?myneta_folder=TamilNadu2021&candidate_id=3156&col=ta,https://myneta.info/image_v2.php?myneta_folder=TamilNadu2021&candidate_id=3156&col=lia
2614,2912,Ramesh Raja Kumar C,https://www.myneta.info/TamilNadu2021/candidate.php?candidate_id=2912,KILLIYOOR,IND,0,8th Pass,"Rs 7,72,000 ~ 7 Lacs+",Rs 0 ~
2615,42,Ramesh T,https://www.myneta.info/TamilNadu2021/candidate.php?candidate_id=42,NAMAKKAL,Ahimsa Socialist Party,0,Graduate,"Rs 71,25,956 ~ 71 Lacs+",Rs 0 ~
2616,566,Ramesh V,https://www.myneta.info/TamilNadu2021/candidate.php?candidate_id=566,PALLADAM,IND,0,12th Pass,https://myneta.info/image_v2.php?myneta_folder=TamilNadu2021&candidate_id=566&col=ta,https://myneta.info/image_v2.php?myneta_folder=TamilNadu2021&candidate_id=566&col=lia
2617,3903,"Ramesh, A.",https://www.myneta.info/TamilNadu2021/candidate.php?candidate_id=3903,SATTUR,IND,0,10th Pass,"Rs 4,51,000 ~ 4 Lacs+","Rs 97,000 ~ 97 Thou+"
2618,2813,"Ramesh, C.",https://www.myneta.info/TamilNadu2021/candidate.php?candidate_id=2813,VEERAPANDI,IND,0,12th Pass,"Rs 5,87,550 ~ 5 Lacs+",Rs 0 ~
2619,2837,"Ramesh, M.",https://www.myneta.info/TamilNadu2021/candidate.php?candidate_id=2837,PERUNDURAI,Namathu Kongu Munnetra Kalagam,0,Post Graduate,https://myneta.info/image_v2.php?myneta_folder=TamilNadu2021&candidate_id=2837&col=ta,https://myneta.info/image_v2.php?myneta_folder=TamilNadu2021&candidate_id=2837&col=lia
2620,2307,Ramesh. A,https://www.myneta.info/TamilNadu2021/candidate.php?candidate_id=2307,HARBOUR,Makkal Needhi Maiam,3,12th Pass,"Rs 60,42,468 ~ 60 Lacs+","Rs 13,84,300 ~ 13 Lacs+"
2621,1092,Ramesh. D,https://www.myneta.info/TamilNadu2021/candidate.php?candidate_id=1092,HARBOUR,IND,0,Post Graduate,"Rs 13,75,896 ~ 13 Lacs+",Rs 0 ~
2622,3677,Ramesh. G,https://www.myneta.info/TamilNadu2021/candidate.php?candidate_id=3677,MADHAVARAM,IND,0,Illiterate,https://myneta.info/image_v2.php?myneta_folder=TamilNadu2021&candidate_id=3677&col=ta,https://myneta.info/image_v2.php?myneta_folder=TamilNadu2021&candidate_id=3677&col=lia
2623,1160,Ramesh.C,https://www.myneta.info/TamilNadu2021/candidate.php?candidate_id=1160,KANGAYAM,Amma Makkal Munnettra Kazagam,0,Others,"Rs 70,61,993 ~ 70 Lacs+","Rs 27,47,164 ~ 27 Lacs+"
2624,1845,Ramesh.G,https://www.myneta.info/TamilNadu2021/candidate.php?candidate_id=1845,BHAVANISAGAR (SC),DMDK,0,8th Pass,"Rs 2,53,992 ~ 2 Lacs+","Rs 23,000 ~ 23 Thou+"
2625,562,Ramesh.K,https://www.myneta.info/TamilNadu2021/candidate.php?candidate_id=562,NEYVELI,Naam Tamilar Katchi,0,Others,https://myneta.info/image_v2.php?myneta_folder=TamilNadu2021&candidate_id=562&col=ta,https://myneta.info/image_v2.php?myneta_folder=TamilNadu2021&candidate_id=562&col=lia
2626,2831,Ramesh.M,https://www.myneta.info/TamilNadu2021/candidate.php?candidate_id=2831,MODAKKURICHI,Namathu Kongu Munnetra Kalagam,0,Post Graduate,"Rs 83,53,138 ~ 83 Lacs+","Rs 21,77,252 ~ 21 Lacs+"
2627,571,Ramesh.R,https://www.myneta.info/TamilNadu2021/candidate.php?candidate_id=571,PAPPIREDDIPATTI,Naam Tamilar Katchi,0,Graduate,"Rs 21,60,005 ~ 21 Lacs+","Rs 10,99,926 ~ 10 Lacs+"
2628,3745,Ramesh.R,https://www.myneta.info/TamilNadu2021/candidate.php?candidate_id=3745,TENKASI,IND,1,8th Pass,https://myneta.info/image_v2.php?myneta_folder=TamilNadu2021&candidate_id=3745&col=ta,https://myneta.info/image_v2.php?myneta_folder=TamilNadu2021&candidate_id=3745&col=lia
2629,4194,Rameshkannan,https://www.myneta.info/TamilNadu2021/candidate.php?candidate_id=4194,KOVILPATTI,IND,5,10th Pass,"Rs 90,500 ~ 90 Thou+",Rs 0 ~
2630,937,Rameshkumar D,https://www.myneta.info/TamilNadu2021/candidate.php?candidate_id=937,COIMBATORE NORTH,IND,0,10th Pass,"Rs 22,027 ~ 22 Thou+",Rs 0 ~
2631,3258,Rameshkumar.P,https://www.myneta.info/TamilNadu2021/candidate.php?candidate_id=3258,VIRALIMALAI,IND,0,10th Pass,https://myneta.info/image_v2.php?myneta_folder=TamilNadu2021&candidate_id=3258&col=ta,https://myneta.info/image_v2.php?myneta_folder=TamilNadu2021&candidate_id=3258&col=lia
2632,1094,Ramki. P,https://www.myneta.info/TamilNadu2021/candidate.php?candidate_id=1094,HARBOUR,IND,0,Graduate Professional,"Rs 1,75,000 ~ 1 Lacs+",Rs 0 ~
2633,3108,Ramkumar M,https://www.myneta.info/TamilNadu2021/candidate.php?candidate_id=3108,THIRUMANGALAM,Makkal Needhi Maiam,1,Graduate,"Rs 24,82,000 ~ 24 Lacs+","Rs 5,00,000 ~ 5 Lacs+"
2634,3138,Ramkumar R,https://www.myneta.info/TamilNadu2021/candidate.php?candidate_id=3138,RASIPURAM(SC),Indiya Jananayaka Katchi,0,Graduate Professional,https://myneta.info/image_v2.php?myneta_folder=TamilNadu2021&candidate_id=3138&col=ta,https://myneta.info/image_v2.php?myneta_folder=TamilNadu2021&candidate_id=3138&col=lia
2635,2753,Ramkumar. R,https://www.myneta.info/TamilNadu2021/candidate.php?candidate_id=2753,SALEM WEST,IND,0,10th Pass,"Rs 1,41,500 ~ 1 Lacs+",Rs 0 ~
2636,3828,Ramu A,https://www.myneta.info/TamilNadu2021/candidate.php?candidate_id=3828,TAMBARAM,National Democratic Party of South India,0,10th Pass,"Rs 19,27,98,592 ~ 19 Crore+","Rs 8,12,23,987 ~ 8 Crore+"
2637,1468,Ramu. N,https://www.myneta.info/TamilNadu2021/candidate.php?candidate_id=1468,MADURAI WEST,IND,0,8th Pass,https://myneta.info/image_v2.php?myneta_folder=TamilNadu2021&candidate_id=1468&col=ta,https://myneta.info/image_v2.php?myneta_folder=TamilNadu2021&candidate_id=1468&col=lia
2638,3678,Ramu. S,https://www.myneta.info/TamilNadu2021/candidate.php?candidate_id=3678,MADHAVARAM,IND,0,10th Pass,"Rs 4,46,000 ~ 4 Lacs+",Rs 0 ~
2639,1001,Ramuthevar.P,https://www.myneta.info/TamilNadu2021/candidate.php?candidate_id=1001,DINDIGUL,Amma Makkal Munnettra Kazagam,2,5th Pass,"Rs 3,50,39,170 ~ 3 Crore+",Rs 0 ~
2640,3155,Ranchith C,https://www.myneta.info/TamilNadu2021/candidate.php?candidate_id=3155,SENTHAMANGALAM(ST),IND,0,10th Pass,https://myneta.info/image_v2.php?myneta_folder=TamilNadu2021&candidate_id=3155&col=ta,https://myneta.info/image_v2.php?myneta_folder=TamilNadu2021&candidate_id=3155&col=lia
2641,2501,Ranganathan. A,https://www.myneta.info/TamilNadu2021/candidate.php?candidate_id=2501,SULUR,Makkal Needhi Maiam,0,Others,"Rs 11,53,02,442 ~ 11 Crore+","Rs 12,52,105 ~ 12 Lacs+"
2642,1788,Ranganathan.M,https://www.myneta.info/TamilNadu2021/candidate.php?candidate_id=1788,THIRU-VI-KA-NAGAR (SC),IND,0,5th Pass,"Rs 4,87,500 ~ 4 Lacs+",Rs 0 ~
2643,1924,Rangarajan Mohan Kumaramangalam,https://www.myneta.info/TamilNadu2021/candidate.php?candidate_id=1924,OMALUR,INC,1,Post Graduate,https://myneta.info/image_v2.php?myneta_folder=TamilNadu2021&candidate_id=1924&col=ta,https://myneta.info/image_v2.php?myneta_folder=TamilNadu2021&candidate_id=1924&col=lia
2644,2302,Rangarajan.R,https://www.myneta.info/TamilNadu2021/candidate.php?candidate_id=2302,MYLAPORE,IND,0,Graduate,"Rs 1,50,000 ~ 1 Lacs+",Rs 0 ~
2645,4054,Rangasamy S,https://www.myneta.info/TamilNadu2021/candidate.php?candidate_id=4054,DHARAPURAM (SC),BSP,0,8th Pass,"Rs 50,000 ~ 50 Thou+","Rs 15,000 ~ 15 Thou+"
2646,1565,Rangasamy T M,https://www.myneta.info/TamilNadu2021/candidate.php?candidate_id=1565,VALPARAI (SC),IND,0,10th Pass,https://myneta.info/image_v2.php?myneta_folder=TamilNadu2021&candidate_id=1565&col=ta,https://myneta.info/image_v2.php?myneta_folder=TamilNadu2021&candidate_id=1565&col=lia
2647,858,"Rangasamy, P",https://www.myneta.info/TamilNadu2021/candidate.php?candidate_id=858,AVANASHI (SC),IND,0,10th Pass,"Rs 54,000 ~ 54 Thou+",Rs 0 ~
2648,720,Rangasamy.M,https://www.myneta.info/TamilNadu2021/candidate.php?candidate_id=720,TIRUPPUR NORTH,IND,0,8th Pass,"Rs 10,29,000 ~ 10 Lacs+",Rs 0 ~
2649,3220,Ranjit R,https://www.myneta.info/TamilNadu2021/candidate.php?candidate_id=3220,TIRUCHENGODU,IND,0,Graduate Professional,https://myneta.info/image_v2.php?myneta_folder=TamilNadu2021&candidate_id=3220&col=ta,https://myneta.info/image_v2.php?myneta_folder=TamilNadu2021&candidate_id=3220&col=lia
2650,2941,Ranjith. I,https://www.myneta.info/TamilNadu2021/candidate.php?candidate_id=2941,ARAVAKURICHI,IND,0,Post Graduate,"Rs 29,28,980 ~ 29 Lacs+","Rs 12,24,232 ~ 12 Lacs+"
2651,2398,Ranjith. R,https://www.myneta.info/TamilNadu2021/candidate.php?candidate_id=2398,BHUVANAGIRI,IND,0,12th Pass,"Rs 40,000 ~ 40 Thou+",Rs 0 ~
2652,4057,Ranjitha K,https://www.myneta.info/TamilNadu2021/candidate.php?candidate_id=4057,DHARAPURAM (SC),Naam Tamilar Katchi,0,Illiterate,https://myneta.info/image_v2.php?myneta_folder=TamilNadu2021&candidate_id=4057&col=ta,https://myneta.info/image_v2.php?myneta_folder=TamilNadu2021&candidate_id=4057&col=lia
2653,3859,Ranjitham. M,https://www.myneta.info/TamilNadu2021/candidate.php?candidate_id=3859,MADURANTAKAM (SC),IND,0,8th Pass,"Rs 78,000 ~ 78 Thou+",Rs 0 ~
2654,2426,Ranjithkumar.R.V,https://www.myneta.info/TamilNadu2021/candidate.php?candidate_id=2426,UTHIRAMERUR,Amma Makkal Munnettra Kazagam,0,Graduate,"Rs 4,62,48,520 ~ 4 Crore+","Rs 22,30,000 ~ 22 Lacs+"
2655,2709,Rasappan.K,https://www.myneta.info/TamilNadu2021/candidate.php?candidate_id=2709,METTUR,My India Party,0,8th Pass,https://myneta.info/image_v2.php?myneta_folder=TamilNadu2021&candidate_id=2709&col=ta,https://myneta.info/image_v2.php?myneta_folder=TamilNadu2021&candidate_id=2709&col=lia
2656,1551,Rasu P,https://www.myneta.info/TamilNadu2021/candidate.php?candidate_id=1551,MANAPPARAI,IND,0,5th Pass,"Rs 3,30,000 ~ 3 Lacs+",Rs 0 ~
2657,2614,Rasulbeevi Sahabudeen,https://www.myneta.info/TamilNadu2021/candidate.php?candidate_id=2614,PALANI,IND,0,5th Pass,"Rs 7,22,000 ~ 7 Lacs+",Rs 0 ~
2658,3839,Rathinakumar R.,https://www.myneta.info/TamilNadu2021/candidate.php?candidate_id=3839,TAMBARAM,IND,0,Graduate,https://myneta.info/image_v2.php?myneta_folder=TamilNadu2021&candidate_id=3839&col=ta,https://myneta.info/image_v2.php?myneta_folder=TamilNadu2021&candidate_id=3839&col=lia
2659,2885,Rathinam A T,https://www.myneta.info/TamilNadu2021/candidate.php?candidate_id=2885,NAGERCOIL,IND,0,10th Pass,"Rs 53,00,000 ~ 53 Lacs+",Rs 0 ~
2660,73,Rathinavel. R.,https://www.myneta.info/TamilNadu2021/candidate.php?candidate_id=73,BHUVANAGIRI,Naam Tamilar Katchi,0,10th Pass,"Rs 38,40,000 ~ 38 Lacs+",Rs 0 ~
2661,1396,"Ravanan, M.",https://www.myneta.info/TamilNadu2021/candidate.php?candidate_id=1396,KUNNAM,New Generation Peoples Party,0,12th Pass,https://myneta.info/image_v2.php?myneta_folder=TamilNadu2021&candidate_id=1396&col=ta,https://myneta.info/image_v2.php?myneta_folder=TamilNadu2021&candidate_id=1396&col=lia
2662,3672,Ravi,https://www.myneta.info/TamilNadu2021/candidate.php?candidate_id=3672,AMBATTUR,IND,0,10th Pass,"Rs 31,800 ~ 31 Thou+",Rs 0 ~
2663,719,Ravi Alias Subramanian . M,https://www.myneta.info/TamilNadu2021/candidate.php?candidate_id=719,TIRUPPUR NORTH,CPI,0,10th Pass,"Rs 3,31,90,497 ~ 3 Crore+",Rs 0 ~
2664,2334,Ravi E,https://www.myneta.info/TamilNadu2021/candidate.php?candidate_id=2334,CHEPAUK-THIRUVALLIKENI,IND,0,8th Pass,https://myneta.info/image_v2.php?myneta_folder=TamilNadu2021&candidate_id=2334&col=ta,https://myneta.info/image_v2.php?myneta_folder=TamilNadu2021&candidate_id=2334&col=lia
2665,2629,Ravi M,https://www.myneta.info/TamilNadu2021/candidate.php?candidate_id=2629,ODDANCHATRAM,Anaithu Makkal Puratchi Katchi,0,5th Pass,"Rs 55,000 ~ 55 Thou+","Rs 2,10,000 ~ 2 Lacs+"
2666,212,Ravi Manoharan K,https://www.myneta.info/TamilNadu2021/candidate.php?candidate_id=212,PALANI,AIADMK,0,Others,"Rs 50,80,94,616 ~ 50 Crore+","Rs 8,10,75,728 ~ 8 Crore+"
2667,2161,Ravi Muniswamy,https://www.myneta.info/TamilNadu2021/candidate.php?candidate_id=2161,THALLY,IND,0,Post Graduate,https://myneta.info/image_v2.php?myneta_folder=TamilNadu2021&candidate_id=2161&col=ta,https://myneta.info/image_v2.php?myneta_folder=TamilNadu2021&candidate_id=2161&col=lia
2668,1496,Ravi.C.V,https://www.myneta.info/TamilNadu2021/candidate.php?candidate_id=1496,MADHURAVOYAL,IND,0,Others,"Rs 18,63,057 ~ 18 Lacs+",Rs 0 ~
2669,2036,Ravi.G,https://www.myneta.info/TamilNadu2021/candidate.php?candidate_id=2036,THALLY,SP,0,Post Graduate,"Rs 2,11,000 ~ 2 Lacs+",Rs 0 ~
2670,484,Ravi.P,https://www.myneta.info/TamilNadu2021/candidate.php?candidate_id=484,KARUR,IND,2,12th Pass,https://myneta.info/image_v2.php?myneta_folder=TamilNadu2021&candidate_id=484&col=ta,https://myneta.info/image_v2.php?myneta_folder=TamilNadu2021&candidate_id=484&col=lia
2671,173,"Ravichandhran, R.K",https://www.myneta.info/TamilNadu2021/candidate.php?candidate_id=173,SATTUR,AIADMK,1,Graduate,"Rs 3,41,55,678 ~ 3 Crore+","Rs 23,77,047 ~ 23 Lacs+"
2672,2630,Ravichandran K,https://www.myneta.info/TamilNadu2021/candidate.php?candidate_id=2630,ODDANCHATRAM,My India Party,0,Illiterate,"Rs 11,11,500 ~ 11 Lacs+",Rs 0 ~
2673,1914,Ravichandran R,https://www.myneta.info/TamilNadu2021/candidate.php?candidate_id=1914,NANNILAM,BSP,0,Graduate Professional,https://myneta.info/image_v2.php?myneta_folder=TamilNadu2021&candidate_id=1914&col=ta,https://myneta.info/image_v2.php?myneta_folder=TamilNadu2021&candidate_id=1914&col=lia
2674,1688,Ravichandran S,https://www.myneta.info/TamilNadu2021/candidate.php?candidate_id=1688,ARIYALUR,IND,0,10th Pass,"Rs 4,99,707 ~ 4 Lacs+",Rs 0 ~
2675,2083,"Ravichandran, P.",https://www.myneta.info/TamilNadu2021/candidate.php?candidate_id=2083,TITTAKUDI (SC),BSP,0,Literate,"Rs 4,00,000 ~ 4 Lacs+",Rs 0 ~
2676,2542,Ravichandran.N,https://www.myneta.info/TamilNadu2021/candidate.php?candidate_id=2542,MAYILADUTHURAI,Makkal Needhi Maiam,0,Graduate,https://myneta.info/image_v2.php?myneta_folder=TamilNadu2021&candidate_id=2542&col=ta,https://myneta.info/image_v2.php?myneta_folder=TamilNadu2021&candidate_id=2542&col=lia
2677,3073,Ravichandran.V.C,https://www.myneta.info/TamilNadu2021/candidate.php?candidate_id=3073,MADURAI SOUTH,IND,2,5th Pass,"Rs 22,000 ~ 22 Thou+",Rs 0 ~
2678,3521,Ravikumar M,https://www.myneta.info/TamilNadu2021/candidate.php?candidate_id=3521,POONAMALLEE (SC),IND,0,10th Pass,"Rs 2,84,889 ~ 2 Lacs+","Rs 71,962 ~ 71 Thou+"
2679,2621,"Ravikumar, P.",https://www.myneta.info/TamilNadu2021/candidate.php?candidate_id=2621,SANKARI,Ganasangam Party of India,0,12th Pass,https://myneta.info/image_v2.php?myneta_folder=TamilNadu2021&candidate_id=2621&col=ta,https://myneta.info/image_v2.php?myneta_folder=TamilNadu2021&candidate_id=2621&col=lia
2680,424,Ravikumar. C,https://www.myneta.info/TamilNadu2021/candidate.php?candidate_id=424,HARBOUR,BSP,0,8th Pass,"Rs 4,81,000 ~ 4 Lacs+",Rs 0 ~
2681,4066,Ravikumar.R,https://www.myneta.info/TamilNadu2021/candidate.php?candidate_id=4066,KANGAYAM,IND,0,10th Pass,"Rs 25,65,000 ~ 25 Lacs+",Rs 0 ~
2682,1791,Raviparaiyanar.D,https://www.myneta.info/TamilNadu2021/candidate.php?candidate_id=1791,THIRU-VI-KA-NAGAR (SC),RPI(A),0,10th Pass,https://myneta.info/image_v2.php?myneta_folder=TamilNadu2021&candidate_id=1791&col=ta,https://myneta.info/image_v2.php?myneta_folder=TamilNadu2021&candidate_id=1791&col=lia
2683,3322,Ravisankar V,https://www.myneta.info/TamilNadu2021/candidate.php?candidate_id=3322,PARAMAKUDI (SC),IND,0,12th Pass,"Rs 4,65,000 ~ 4 Lacs+",Rs 0 ~
2684,1334,Ravishankar.R.K,https://www.myneta.info/TamilNadu2021/candidate.php?candidate_id=1334,KRISHNAGIRI,Makkal Needhi Maiam,0,Graduate Professional,"Rs 1,18,00,000 ~ 1 Crore+","Rs 7,00,000 ~ 7 Lacs+"
2685,3746,Reegankumar. M,https://www.myneta.info/TamilNadu2021/candidate.php?candidate_id=3746,TENKASI,IND,10,10th Pass,https://myneta.info/image_v2.php?myneta_folder=TamilNadu2021&candidate_id=3746&col=ta,https://myneta.info/image_v2.php?myneta_folder=TamilNadu2021&candidate_id=3746&col=lia
2686,1054,Rekha Priyadharshini.J,https://www.myneta.info/TamilNadu2021/candidate.php?candidate_id=1054,GANGAVALLI (SC),DMK,2,Post Graduate,"Rs 52,18,739 ~ 52 Lacs+","Rs 14,00,000 ~ 14 Lacs+"
2687,4196,Renganayagalu,https://www.myneta.info/TamilNadu2021/candidate.php?candidate_id=4196,KOVILPATTI,IND,2,Graduate Professional,"Rs 3,17,000 ~ 3 Lacs+",Rs 0 ~
2688,3440,"Rengaraj, S.",https://www.myneta.info/TamilNadu2021/candidate.php?candidate_id=3440,ORATHANADU,IND,0,Graduate,https://myneta.info/image_v2.php?myneta_folder=TamilNadu2021&candidate_id=3440&col=ta,https://myneta.info/image_v2.php?myneta_folder=TamilNadu2021&candidate_id=3440&col=lia
2689,1972,"Rengarajan, N.R.",https://www.myneta.info/TamilNadu2021/candidate.php?candidate_id=1972,PATTUKKOTTAI,AIADMK,0,10th Pass,"Rs 12,96,53,719 ~ 12 Crore+","Rs 1,96,11,467 ~ 1 Crore+"
2690,3437,"Rengasamy, G.",https://www.myneta.info/TamilNadu2021/candidate.php?candidate_id=3437,ORATHANADU,Makkal Needhi Maiam,1,Post Graduate,"Rs 84,71,167 ~ 84 Lacs+","Rs 11,97,120 ~ 11 Lacs+"
2691,206,"Rengasamy, M.",https://www.myneta.info/TamilNadu2021/candidate.php?candidate_id=206,PAPANASAM,Amma Makkal Munnettra Kazagam,2,Graduate,https://myneta.info/image_v2.php?myneta_folder=TamilNadu2021&candidate_id=206&col=ta,https://myneta.info/image_v2.php?myneta_folder=TamilNadu2021&candidate_id=206&col=lia
2692,3382,Renuka,https://www.myneta.info/TamilNadu2021/candidate.php?candidate_id=3382,TIRUPPATHUR,IND,0,10th Pass,"Rs 47,000 ~ 47 Thou+",Rs 0 ~
2693,3517,Revathi Manimegalai J,https://www.myneta.info/TamilNadu2021/candidate.php?candidate_id=3517,POONAMALLEE (SC),Makkal Needhi Maiam,1,10th Pass,"Rs 48,01,797 ~ 48 Lacs+","Rs 1,00,000 ~ 1 Lacs+"
2694,3514,"Revathi, R.",https://www.myneta.info/TamilNadu2021/candidate.php?candidate_id=3514,THIRUVALLUR,IND,0,12th Pass,https://myneta.info/image_v2.php?myneta_folder=TamilNadu2021&candidate_id=3514&col=ta,https://myneta.info/image_v2.php?myneta_folder=TamilNadu2021&candidate_id=3514&col=lia
2695,2392,Revathi. R.,https://www.myneta.info/TamilNadu2021/candidate.php?candidate_id=2392,BHUVANAGIRI,Indiya Jananayaka Katchi,0,5th Pass,"Rs 95,15,500 ~ 95 Lacs+","Rs 6,00,000 ~ 6 Lacs+"
2696,3089,"Revathy, R.",https://www.myneta.info/TamilNadu2021/candidate.php?candidate_id=3089,THIRUPARANKUNDRAM,Naam Tamilar Katchi,0,5th Pass,"Rs 11,17,473 ~ 11 Lacs+","Rs 1,00,000 ~ 1 Lacs+"
2697,2165,Riaz(A) Syed Zakeerulla,https://www.myneta.info/TamilNadu2021/candidate.php?candidate_id=2165,THOUSAND LIGHTS,Anaithu Makkal Arasiyal Katchi,0,10th Pass,https://myneta.info/image_v2.php?myneta_folder=TamilNadu2021&candidate_id=2165&col=ta,https://myneta.info/image_v2.php?myneta_folder=TamilNadu2021&candidate_id=2165&col=lia
2698,2275,Rishi Kumar. A,https://www.myneta.info/TamilNadu2021/candidate.php?candidate_id=2275,SAIDAPET,IND,0,Others,"Rs 99,444 ~ 99 Thou+",Rs 0 ~
2699,3380,Rm.Murugesan,https://www.myneta.info/TamilNadu2021/candidate.php?candidate_id=3380,TIRUPPATHUR,IND,0,8th Pass,"Rs 30,000 ~ 30 Thou+",Rs 0 ~
2700,2897,"Robert Singh, I.",https://www.myneta.info/TamilNadu2021/candidate.php?candidate_id=2897,PADMANABHAPURAM,IND,0,12th Pass,https://myneta.info/image_v2.php?myneta_folder=TamilNadu2021&candidate_id=2897&col=ta,https://myneta.info/image_v2.php?myneta_folder=TamilNadu2021&candidate_id=2897&col=lia
2701,1293,Rohini Ma.Pa,https://www.myneta.info/TamilNadu2021/candidate.php?candidate_id=1293,KINATHUKADAVU,Amma Makkal Munnettra Kazagam,3,12th Pass,"Rs 94,05,557 ~ 94 Lacs+","Rs 5,12,003 ~ 5 Lacs+"
2702,3147,Rohini T,https://www.myneta.info/TamilNadu2021/candidate.php?candidate_id=3147,SENTHAMANGALAM(ST),Naam Tamilar Katchi,0,Graduate Professional,"Rs 12,30,000 ~ 12 Lacs+","Rs 1,44,000 ~ 1 Lacs+"
2703,1600,Rooswelt X,https://www.myneta.info/TamilNadu2021/candidate.php?candidate_id=1600,TIRUCHENDUR,Naam Indiar Party,0,Graduate Professional,https://myneta.info/image_v2.php?myneta_folder=TamilNadu2021&candidate_id=1600&col=ta,https://myneta.info/image_v2.php?myneta_folder=TamilNadu2021&candidate_id=1600&col=lia
2704,2459,Roshan,https://www.myneta.info/TamilNadu2021/candidate.php?candidate_id=2459,COIMBATORE SOUTH,BSP,0,10th Pass,"Rs 51,000 ~ 51 Thou+",Rs 0 ~
2705,1330,Ruthramani.T,https://www.myneta.info/TamilNadu2021/candidate.php?candidate_id=1330,KRISHNAGIRI,Desiya Makkal Sakthi Katchi,0,8th Pass,"Rs 30,000 ~ 30 Thou+",Rs 0 ~
2706,3265,S .Karthikeyan,https://www.myneta.info/TamilNadu2021/candidate.php?candidate_id=3265,PUDUKKOTTAI,IND,0,10th Pass,https://myneta.info/image_v2.php?myneta_folder=TamilNadu2021&candidate_id=3265&col=ta,https://myneta.info/image_v2.php?myneta_folder=TamilNadu2021&candidate_id=3265&col=lia
2707,3569,S Charles,https://www.myneta.info/TamilNadu2021/candidate.php?candidate_id=3569,THIRUVERUMBUR,IND,0,12th Pass,"Rs 74,55,000 ~ 74 Lacs+",Rs 0 ~
2708,29,S K Selvam,https://www.myneta.info/TamilNadu2021/candidate.php?candidate_id=29,TIRUVANNAMALAI,Veerath Thiyagi Viswanathadoss Thozhilalarkal,0,10th Pass,"Rs 30,14,870 ~ 30 Lacs+",Rs 0 ~
2709,845,S Krishnaveni,https://www.myneta.info/TamilNadu2021/candidate.php?candidate_id=845,ATTUR (SC),Naam Tamilar Katchi,0,Post Graduate,https://myneta.info/image_v2.php?myneta_folder=TamilNadu2021&candidate_id=845&col=ta,https://myneta.info/image_v2.php?myneta_folder=TamilNadu2021&candidate_id=845&col=lia
2710,252,S Madheswaran,https://www.myneta.info/TamilNadu2021/candidate.php?candidate_id=252,ATTUR (SC),Amma Makkal Munnettra Kazagam,0,Graduate,"Rs 46,73,088 ~ 46 Lacs+",Rs 0 ~
2711,622,S Nagammal,https://www.myneta.info/TamilNadu2021/candidate.php?candidate_id=622,SALEM WEST,Naam Tamilar Katchi,0,Others,"Rs 53,26,620 ~ 53 Lacs+","Rs 33,60,000 ~ 33 Lacs+"
2712,3669,S Praveen,https://www.myneta.info/TamilNadu2021/candidate.php?candidate_id=3669,AMBATTUR,IND,0,Post Graduate,https://myneta.info/image_v2.php?myneta_folder=TamilNadu2021&candidate_id=3669&col=ta,https://myneta.info/image_v2.php?myneta_folder=TamilNadu2021&candidate_id=3669&col=lia
2713,1862,S Rajakumar,https://www.myneta.info/TamilNadu2021/candidate.php?candidate_id=1862,MAYILADUTHURAI,INC,1,Post Graduate,"Rs 8,27,82,454 ~ 8 Crore+","Rs 26,20,888 ~ 26 Lacs+"
2714,2767,S Rajasekar,https://www.myneta.info/TamilNadu2021/candidate.php?candidate_id=2767,SALEM NORTH,IND,0,5th Pass,"Rs 3,50,000 ~ 3 Lacs+",Rs 0 ~
2715,3982,S Selva Chenguttuvan,https://www.myneta.info/TamilNadu2021/candidate.php?candidate_id=3982,KILVAITHINANKUPPAM (SC),IND,0,Graduate Professional,https://myneta.info/image_v2.php?myneta_folder=TamilNadu2021&candidate_id=3982&col=ta,https://myneta.info/image_v2.php?myneta_folder=TamilNadu2021&candidate_id=3982&col=lia
2716,2006,S Tamilselvan,https://www.myneta.info/TamilNadu2021/candidate.php?candidate_id=2006,SALEM WEST,BSP,0,8th Pass,"Rs 5,500 ~ 5 Thou+",Rs 0 ~
2717,4205,S Thanigaivel,https://www.myneta.info/TamilNadu2021/candidate.php?candidate_id=4205,TIRUVANNAMALAI,BJP,6,12th Pass,"Rs 16,22,41,554 ~ 16 Crore+","Rs 4,85,77,877 ~ 4 Crore+"
2718,488,S Thirukkumaran,https://www.myneta.info/TamilNadu2021/candidate.php?candidate_id=488,KATPADI,Naam Tamilar Katchi,0,Post Graduate,https://myneta.info/image_v2.php?myneta_folder=TamilNadu2021&candidate_id=488&col=ta,https://myneta.info/image_v2.php?myneta_folder=TamilNadu2021&candidate_id=488&col=lia
2719,3664,S Vaitheswaran,https://www.myneta.info/TamilNadu2021/candidate.php?candidate_id=3664,AMBATTUR,Makkal Needhi Maiam,0,Doctorate,"Rs 4,02,75,000 ~ 4 Crore+","Rs 50,52,078 ~ 50 Lacs+"
2720,3663,S Veena,https://www.myneta.info/TamilNadu2021/candidate.php?candidate_id=3663,AMBATTUR,Anaithu Makkal Arasiyal Katchi,0,Graduate,"Rs 1,24,43,400 ~ 1 Crore+",Rs 0 ~
2721,2003,S Velan,https://www.myneta.info/TamilNadu2021/candidate.php?candidate_id=2003,SALEM NORTH,BSP,0,Post Graduate,https://myneta.info/image_v2.php?myneta_folder=TamilNadu2021&candidate_id=2003&col=ta,https://myneta.info/image_v2.php?myneta_folder=TamilNadu2021&candidate_id=2003&col=lia
2722,933,S. Abdul Rahman,https://www.myneta.info/TamilNadu2021/candidate.php?candidate_id=933,CHIDAMBARAM,IUML,0,10th Pass,"Rs 85,08,919 ~ 85 Lacs+",Rs 0 ~
2723,2351,S. Aruljothi,https://www.myneta.info/TamilNadu2021/candidate.php?candidate_id=2351,VRIDHACHALAM,IND,0,8th Pass,"Rs 1,80,760 ~ 1 Lacs+",Rs 0 ~
2724,2758,S. Babu,https://www.myneta.info/TamilNadu2021/candidate.php?candidate_id=2758,SALEM NORTH,My India Party,0,10th Pass,https://myneta.info/image_v2.php?myneta_folder=TamilNadu2021&candidate_id=2758&col=ta,https://myneta.info/image_v2.php?myneta_folder=TamilNadu2021&candidate_id=2758&col=lia
2725,7,S. Balamurugan,https://www.myneta.info/TamilNadu2021/candidate.php?candidate_id=7,CHIDAMBARAM,IND,0,Others,"Rs 9,38,500 ~ 9 Lacs+","Rs 7,69,284 ~ 7 Lacs+"
2726,3594,S. Gokul,https://www.myneta.info/TamilNadu2021/candidate.php?candidate_id=3594,MUSIRI,Makkal Needhi Maiam,0,Graduate Professional,"Rs 6,80,21,763 ~ 6 Crore+","Rs 96,49,603 ~ 96 Lacs+"
2727,296,S. Gokula Indira,https://www.myneta.info/TamilNadu2021/candidate.php?candidate_id=296,ANNA NAGAR,AIADMK,0,Post Graduate,https://myneta.info/image_v2.php?myneta_folder=TamilNadu2021&candidate_id=296&col=ta,https://myneta.info/image_v2.php?myneta_folder=TamilNadu2021&candidate_id=296&col=lia
2728,2510,S. Kalaiarasi,https://www.myneta.info/TamilNadu2021/candidate.php?candidate_id=2510,THONDAMUTHUR,Naam Tamilar Katchi,0,Graduate,"Rs 12,43,789 ~ 12 Lacs+","Rs 28,46,000 ~ 28 Lacs+"
2729,2199,S. Kalashthri,https://www.myneta.info/TamilNadu2021/candidate.php?candidate_id=2199,TIRUPATTUR,All India Uzhavargal Uzhaippalargal Katchi,0,10th Pass,"Rs 5,60,500 ~ 5 Lacs+",Rs 0 ~
2730,2128,S. Lakshmanan,https://www.myneta.info/TamilNadu2021/candidate.php?candidate_id=2128,AMBASAMUDRAM,Veerath Thiyagi Viswanathadoss Thozhilalarkal Katchi,0,5th Pass,https://myneta.info/image_v2.php?myneta_folder=TamilNadu2021&candidate_id=2128&col=ta,https://myneta.info/image_v2.php?myneta_folder=TamilNadu2021&candidate_id=2128&col=lia
2731,2359,S. Mahaveer Chand,https://www.myneta.info/TamilNadu2021/candidate.php?candidate_id=2359,VRIDHACHALAM,IND,0,Post Graduate,"Rs 4,89,89,148 ~ 4 Crore+","Rs 6,07,000 ~ 6 Lacs+"
2732,2361,S. Muruganantham,https://www.myneta.info/TamilNadu2021/candidate.php?candidate_id=2361,VRIDHACHALAM,IND,1,Post Graduate,"Rs 3,47,000 ~ 3 Lacs+","Rs 4,00,000 ~ 4 Lacs+"
2733,1252,S. Narayanamoorthy,https://www.myneta.info/TamilNadu2021/candidate.php?candidate_id=1252,KATTUMANNARKOIL (SC),Amma Makkal Munnettra Kazagam,2,5th Pass,https://myneta.info/image_v2.php?myneta_folder=TamilNadu2021&candidate_id=1252&col=ta,https://myneta.info/image_v2.php?myneta_folder=TamilNadu2021&candidate_id=1252&col=lia
2734,2566,S. Prem,https://www.myneta.info/TamilNadu2021/candidate.php?candidate_id=2566,NAGAPATTINAM,IND,0,8th Pass,"Rs 39,743 ~ 39 Thou+",Rs 0 ~
2735,3589,S. Pugazhenthi,https://www.myneta.info/TamilNadu2021/candidate.php?candidate_id=3589,MANACHANALLUR,IND,0,8th Pass,"Rs 1,05,000 ~ 1 Lacs+",Rs 0 ~
2736,2362,S. Radhakrishnan,https://www.myneta.info/TamilNadu2021/candidate.php?candidate_id=2362,VRIDHACHALAM,IND,0,5th Pass,https://myneta.info/image_v2.php?myneta_folder=TamilNadu2021&candidate_id=2362&col=ta,https://myneta.info/image_v2.php?myneta_folder=TamilNadu2021&candidate_id=2362&col=lia
2737,1777,S. Raju Bharathi,https://www.myneta.info/TamilNadu2021/candidate.php?candidate_id=1777,VILLIVAKKAM,Desiya Makkal Sakthi Katchi,0,Graduate,"Rs 1,80,695 ~ 1 Lacs+",Rs 0 ~
2738,1801,S. Ravikumar,https://www.myneta.info/TamilNadu2021/candidate.php?candidate_id=1801,THIRU-VI-KA-NAGAR (SC),Republican Party of India (Sivaraj),0,5th Pass,"Rs 1,61,000 ~ 1 Lacs+",Rs 0 ~
2739,3583,S. Rohini,https://www.myneta.info/TamilNadu2021/candidate.php?candidate_id=3583,MANACHANALLUR,Makkal Munnetra Peravai,0,Graduate Professional,https://myneta.info/image_v2.php?myneta_folder=TamilNadu2021&candidate_id=3583&col=ta,https://myneta.info/image_v2.php?myneta_folder=TamilNadu2021&candidate_id=3583&col=lia
2740,2353,S. Sadhasivam,https://www.myneta.info/TamilNadu2021/candidate.php?candidate_id=2353,VRIDHACHALAM,IND,0,10th Pass,"Rs 62,05,000 ~ 62 Lacs+","Rs 5,50,000 ~ 5 Lacs+"
2741,2407,S. Saldin,https://www.myneta.info/TamilNadu2021/candidate.php?candidate_id=2407,KANCHEEPURAM,Naam Tamilar Katchi,0,Graduate Professional,"Rs 3,56,12,872 ~ 3 Crore+","Rs 25,35,873 ~ 25 Lacs+"
2742,2200,S. Sathiyamoorthy,https://www.myneta.info/TamilNadu2021/candidate.php?candidate_id=2200,TIRUPATTUR,Makkal Nala Kazhagam,0,Post Graduate,https://myneta.info/image_v2.php?myneta_folder=TamilNadu2021&candidate_id=2200&col=ta,https://myneta.info/image_v2.php?myneta_folder=TamilNadu2021&candidate_id=2200&col=lia
2743,2145,S. Sathyanarayanan,https://www.myneta.info/TamilNadu2021/candidate.php?candidate_id=2145,ANNA NAGAR,IND,0,10th Pass,"Rs 6,45,000 ~ 6 Lacs+","Rs 2,00,000 ~ 2 Lacs+"
2744,3564,S. Senthilkumar,https://www.myneta.info/TamilNadu2021/candidate.php?candidate_id=3564,THIRUVERUMBUR,DMDK,0,Others,"Rs 87,97,439 ~ 87 Lacs+",Rs 0 ~
2745,2512,S. Shajahan,https://www.myneta.info/TamilNadu2021/candidate.php?candidate_id=2512,THONDAMUTHUR,Makkal Needhi Maiam,0,Graduate,https://myneta.info/image_v2.php?myneta_folder=TamilNadu2021&candidate_id=2512&col=ta,https://myneta.info/image_v2.php?myneta_folder=TamilNadu2021&candidate_id=2512&col=lia
2746,250,S. Shankar,https://www.myneta.info/TamilNadu2021/candidate.php?candidate_id=250,ANNA NAGAR,Naam Tamilar Katchi,0,Graduate Professional,"Rs 55,57,495 ~ 55 Lacs+","Rs 20,35,000 ~ 20 Lacs+"
2747,2410,S. Srinivasan,https://www.myneta.info/TamilNadu2021/candidate.php?candidate_id=2410,KANCHEEPURAM,IND,0,10th Pass,"Rs 81,554 ~ 81 Thou+",Rs 0 ~
2748,2141,S. Yuvaraja,https://www.myneta.info/TamilNadu2021/candidate.php?candidate_id=2141,ANNA NAGAR,Veerath Thiyagi Viswanathadoss Thozhilalarkal Katchi,0,8th Pass,https://myneta.info/image_v2.php?myneta_folder=TamilNadu2021&candidate_id=2141&col=ta,https://myneta.info/image_v2.php?myneta_folder=TamilNadu2021&candidate_id=2141&col=lia
2749,3639,S.Abinanth Ram,https://www.myneta.info/TamilNadu2021/candidate.php?candidate_id=3639,RADHAPURAM,IND,0,Others,"Rs 7,27,213 ~ 7 Lacs+","Rs 1,10,000 ~ 1 Lacs+"
2750,761,S.Anbarasu,https://www.myneta.info/TamilNadu2021/candidate.php?candidate_id=761,ALANDUR,IND,0,10th Pass,"Rs 48,000 ~ 48 Thou+",Rs 0 ~
2751,2022,S.Aravindramesh,https://www.myneta.info/TamilNadu2021/candidate.php?candidate_id=2022,SHOLINGANALLUR,DMK,22,8th Pass,https://myneta.info/image_v2.php?myneta_folder=TamilNadu2021&candidate_id=2022&col=ta,https://myneta.info/image_v2.php?myneta_folder=TamilNadu2021&candidate_id=2022&col=lia
2752,2092,S.Arumugam,https://www.myneta.info/TamilNadu2021/candidate.php?candidate_id=2092,UTHANGARAI (SC),INC,1,12th Pass,"Rs 1,86,28,702 ~ 1 Crore+","Rs 63,23,000 ~ 63 Lacs+"
2753,556,S.Augustine Arputharaj,https://www.myneta.info/TamilNadu2021/candidate.php?candidate_id=556,NAGAPATTINAM,Naam Tamilar Katchi,0,Others,"Rs 56,11,917 ~ 56 Lacs+","Rs 9,18,000 ~ 9 Lacs+"
2754,1127,S.Ayyaduraipandian,https://www.myneta.info/TamilNadu2021/candidate.php?candidate_id=1127,KADAYANALLUR,Amma Makkal Munnettra Kazagam,1,Post Graduate,https://myneta.info/image_v2.php?myneta_folder=TamilNadu2021&candidate_id=1127&col=ta,https://myneta.info/image_v2.php?myneta_folder=TamilNadu2021&candidate_id=1127&col=lia
2755,4148,S.Balasundram,https://www.myneta.info/TamilNadu2021/candidate.php?candidate_id=4148,THOOTHUKUDI,IND,0,Graduate,"Rs 8,72,000 ~ 8 Lacs+",Rs 0 ~
2756,2998,S.Barani,https://www.myneta.info/TamilNadu2021/candidate.php?candidate_id=2998,KULITHALAI,IND,0,Graduate Professional,"Rs 51,000 ~ 51 Thou+",Rs 0 ~
2757,1780,S.Baskar,https://www.myneta.info/TamilNadu2021/candidate.php?candidate_id=1780,VILLIVAKKAM,IND,3,5th Pass,https://myneta.info/image_v2.php?myneta_folder=TamilNadu2021&candidate_id=1780&col=ta,https://myneta.info/image_v2.php?myneta_folder=TamilNadu2021&candidate_id=1780&col=lia
2758,1829,S.Baskaran,https://www.myneta.info/TamilNadu2021/candidate.php?candidate_id=1829,ARAKKONAM (SC),Makkal Needhi Maiam,0,12th Pass,"Rs 6,07,000 ~ 6 Lacs+","Rs 3,00,000 ~ 3 Lacs+"
2759,728,S.Chandran,https://www.myneta.info/TamilNadu2021/candidate.php?candidate_id=728,TIRUTTANI,DMK,0,Graduate Professional,"Rs 4,49,32,385 ~ 4 Crore+","Rs 3,60,000 ~ 3 Lacs+"
2760,1785,S.Chandrika,https://www.myneta.info/TamilNadu2021/candidate.php?candidate_id=1785,VILLIVAKKAM,IND,0,Post Graduate,https://myneta.info/image_v2.php?myneta_folder=TamilNadu2021&candidate_id=1785&col=ta,https://myneta.info/image_v2.php?myneta_folder=TamilNadu2021&candidate_id=1785&col=lia
2761,3468,S.Chinnamuthu,https://www.myneta.info/TamilNadu2021/candidate.php?candidate_id=3468,PERIYAKULAM (SC),My India Party,0,Graduate Professional,"Rs 4,00,000 ~ 4 Lacs+",Rs 0 ~
2762,2139,S.D. Prabhakar,https://www.myneta.info/TamilNadu2021/candidate.php?candidate_id=2139,ANNA NAGAR,Tamil Nadu Ilangyar Katchi,0,Graduate Professional,"Rs 10,66,989 ~ 10 Lacs+","Rs 5,50,000 ~ 5 Lacs+"
2763,976,S.Deenadhayalan,https://www.myneta.info/TamilNadu2021/candidate.php?candidate_id=976,CUDDALORE,IND,0,Post Graduate,https://myneta.info/image_v2.php?myneta_folder=TamilNadu2021&candidate_id=976&col=ta,https://myneta.info/image_v2.php?myneta_folder=TamilNadu2021&candidate_id=976&col=lia
2764,832,S.Deenathayalan,https://www.myneta.info/TamilNadu2021/candidate.php?candidate_id=832,ARUPPUKOTTAI,Anaithu Makkal Puratchi Katchi,1,5th Pass,"Rs 5,000 ~ 5 Thou+",Rs 0 ~
2765,2649,S.Dhivya,https://www.myneta.info/TamilNadu2021/candidate.php?candidate_id=2649,OMALUR,Dhesiya Makkal Kazhagam,0,Graduate Professional,"Rs 60,000 ~ 60 Thou+",Rs 0 ~
2766,2060,S.Eswaramoorthy,https://www.myneta.info/TamilNadu2021/candidate.php?candidate_id=2060,THURAIYUR (SC),BSP,0,Post Graduate,https://myneta.info/image_v2.php?myneta_folder=TamilNadu2021&candidate_id=2060&col=ta,https://myneta.info/image_v2.php?myneta_folder=TamilNadu2021&candidate_id=2060&col=lia
2767,1645,S.Francis Mery,https://www.myneta.info/TamilNadu2021/candidate.php?candidate_id=1645,SRIRANGAM,Indiya Jananayaka Katchi,0,8th Pass,"Rs 39,42,121 ~ 39 Lacs+","Rs 30,50,000 ~ 30 Lacs+"
2768,3711,S.Gandhi,https://www.myneta.info/TamilNadu2021/candidate.php?candidate_id=3711,RANIPET,IND,1,12th Pass,"Rs 8,01,530 ~ 8 Lacs+",Rs 0 ~
2769,2131,S.Ganesan,https://www.myneta.info/TamilNadu2021/candidate.php?candidate_id=2131,AMBASAMUDRAM,IND,0,5th Pass,https://myneta.info/image_v2.php?myneta_folder=TamilNadu2021&candidate_id=2131&col=ta,https://myneta.info/image_v2.php?myneta_folder=TamilNadu2021&candidate_id=2131&col=lia
2770,1728,S.Gokul,https://www.myneta.info/TamilNadu2021/candidate.php?candidate_id=1728,VELACHERY,IND,0,Graduate,"Rs 2,86,479 ~ 2 Lacs+",Rs 0 ~
2771,3462,S.Govindharaj,https://www.myneta.info/TamilNadu2021/candidate.php?candidate_id=3462,ANDIPATTI,All India MGR Makkal Munnetra Kazhagam,0,10th Pass,"Rs 22,75,000 ~ 22 Lacs+","Rs 2,62,000 ~ 2 Lacs+"
2772,2243,S.Gunasekar,https://www.myneta.info/TamilNadu2021/candidate.php?candidate_id=2243,VIRUGAMPAKKAM,IND,0,10th Pass,https://myneta.info/image_v2.php?myneta_folder=TamilNadu2021&candidate_id=2243&col=ta,https://myneta.info/image_v2.php?myneta_folder=TamilNadu2021&candidate_id=2243&col=lia
2773,2027,S.Gunasekaran,https://www.myneta.info/TamilNadu2021/candidate.php?candidate_id=2027,SIVAGANGA,CPI,30,10th Pass,"Rs 6,84,73,691 ~ 6 Crore+",Rs 0 ~
2774,785,S.Gunasekaran,https://www.myneta.info/TamilNadu2021/candidate.php?candidate_id=785,ANDIPATTI,Makkal Needhi Maiam,3,12th Pass,"Rs 5,30,000 ~ 5 Lacs+",Rs 0 ~
2775,3356,S.Immanuvel Sekar,https://www.myneta.info/TamilNadu2021/candidate.php?candidate_id=3356,MUDUKULATHUR,IND,0,12th Pass,https://myneta.info/image_v2.php?myneta_folder=TamilNadu2021&candidate_id=3356&col=ta,https://myneta.info/image_v2.php?myneta_folder=TamilNadu2021&candidate_id=3356&col=lia
2776,1047,S.Jayabharathi,https://www.myneta.info/TamilNadu2021/candidate.php?candidate_id=1047,GANDARVAKOTTAI (SC),AIADMK,0,Post Graduate,"Rs 49,18,666 ~ 49 Lacs+","Rs 12,64,000 ~ 12 Lacs+"
2777,1807,S.Jayakalpana,https://www.myneta.info/TamilNadu2021/candidate.php?candidate_id=1807,EGMORE (SC),IND,0,8th Pass,"Rs 3,96,000 ~ 3 Lacs+",Rs 0 ~
2778,3716,S.Jayakumar,https://www.myneta.info/TamilNadu2021/candidate.php?candidate_id=3716,RANIPET,IND,0,5th Pass,https://myneta.info/image_v2.php?myneta_folder=TamilNadu2021&candidate_id=3716&col=ta,https://myneta.info/image_v2.php?myneta_folder=TamilNadu2021&candidate_id=3716&col=lia
2779,2706,S.Jeyakumar,https://www.myneta.info/TamilNadu2021/candidate.php?candidate_id=2706,NATHAM,IND,0,10th Pass,"Rs 1,09,647 ~ 1 Lacs+",Rs 0 ~
2780,1729,S.Jothi Kannan,https://www.myneta.info/TamilNadu2021/candidate.php?candidate_id=1729,VELACHERY,IND,1,10th Pass,"Rs 13,96,567 ~ 13 Lacs+",Rs 0 ~
2781,2097,S.K.Vetharathinam,https://www.myneta.info/TamilNadu2021/candidate.php?candidate_id=2097,VEDHARANYAM,DMK,3,10th Pass,https://myneta.info/image_v2.php?myneta_folder=TamilNadu2021&candidate_id=2097&col=ta,https://myneta.info/image_v2.php?myneta_folder=TamilNadu2021&candidate_id=2097&col=lia
2782,3460,S.Kamatchi,https://www.myneta.info/TamilNadu2021/candidate.php?candidate_id=3460,ANDIPATTI,BSP,0,Graduate Professional,"Rs 12,41,000 ~ 12 Lacs+","Rs 8,15,000 ~ 8 Lacs+"
2783,2992,S.Kandasamy,https://www.myneta.info/TamilNadu2021/candidate.php?candidate_id=2992,KULITHALAI,IND,0,10th Pass,"Rs 1,88,000 ~ 1 Lacs+",Rs 0 ~
2784,23,S.Kandasamy,https://www.myneta.info/TamilNadu2021/candidate.php?candidate_id=23,VILLIVAKKAM,IND,0,10th Pass,https://myneta.info/image_v2.php?myneta_folder=TamilNadu2021&candidate_id=23&col=ta,https://myneta.info/image_v2.php?myneta_folder=TamilNadu2021&candidate_id=23&col=lia
2785,1521,S.Kathiravan,https://www.myneta.info/TamilNadu2021/candidate.php?candidate_id=1521,MANACHANALLUR,DMK,99,12th Pass,"Rs 1,21,21,56,670 ~ 121 Crore+","Rs 9,70,10,900 ~ 9 Crore+"
2786,3641,S.Katteri Perumal,https://www.myneta.info/TamilNadu2021/candidate.php?candidate_id=3641,RADHAPURAM,IND,0,8th Pass,"Rs 2,98,000 ~ 2 Lacs+",Rs 0 ~
2787,2773,S.Krishnakumar,https://www.myneta.info/TamilNadu2021/candidate.php?candidate_id=2773,SALEM SOUTH,IND,0,8th Pass,https://myneta.info/image_v2.php?myneta_folder=TamilNadu2021&candidate_id=2773&col=ta,https://myneta.info/image_v2.php?myneta_folder=TamilNadu2021&candidate_id=2773&col=lia
2788,4145,S.Krishnan,https://www.myneta.info/TamilNadu2021/candidate.php?candidate_id=4145,THOOTHUKUDI,IND,0,8th Pass,"Rs 25,13,169 ~ 25 Lacs+","Rs 9,62,578 ~ 9 Lacs+"
2789,882,S.Krishnaveni,https://www.myneta.info/TamilNadu2021/candidate.php?candidate_id=882,BODINAYAKKANUR,Anna Puratchi Thalaivar Amma Dravida Munnetra Kazhagam,0,Illiterate,"Rs 2,25,026 ~ 2 Lacs+","Rs 1,40,000 ~ 1 Lacs+"
2790,3015,S.M.Murugesan,https://www.myneta.info/TamilNadu2021/candidate.php?candidate_id=3015,VEPPANAHALLI,DMDK,0,Graduate Professional,https://myneta.info/image_v2.php?myneta_folder=TamilNadu2021&candidate_id=3015&col=ta,https://myneta.info/image_v2.php?myneta_folder=TamilNadu2021&candidate_id=3015&col=lia
2791,188,S.M.Sugumar,https://www.myneta.info/TamilNadu2021/candidate.php?candidate_id=188,RANIPET,AIADMK,0,10th Pass,"Rs 32,28,15,425 ~ 32 Crore+",Rs 0 ~
2792,3235,S.Malarvizhi,https://www.myneta.info/TamilNadu2021/candidate.php?candidate_id=3235,GANDARVAKOTTAI (SC),Anaithu Makkal Arasiyal Katchi,0,8th Pass,"Rs 21,95,000 ~ 21 Lacs+","Rs 1,00,000 ~ 1 Lacs+"
2793,1211,S.Mangudi,https://www.myneta.info/TamilNadu2021/candidate.php?candidate_id=1211,KARAIKUDI,INC,9,Graduate,https://myneta.info/image_v2.php?myneta_folder=TamilNadu2021&candidate_id=1211&col=ta,https://myneta.info/image_v2.php?myneta_folder=TamilNadu2021&candidate_id=1211&col=lia
2794,2654,S.Mani,https://www.myneta.info/TamilNadu2021/candidate.php?candidate_id=2654,OMALUR,IND,0,10th Pass,"Rs 12,99,000 ~ 12 Lacs+","Rs 2,00,000 ~ 2 Lacs+"
2795,3292,S.Manikandan,https://www.myneta.info/TamilNadu2021/candidate.php?candidate_id=3292,THIRUMAYAM,IND,0,8th Pass,"Rs 2,15,000 ~ 2 Lacs+",Rs 0 ~
2796,3650,S.Manikandan,https://www.myneta.info/TamilNadu2021/candidate.php?candidate_id=3650,RADHAPURAM,IND,0,5th Pass,https://myneta.info/image_v2.php?myneta_folder=TamilNadu2021&candidate_id=3650&col=ta,https://myneta.info/image_v2.php?myneta_folder=TamilNadu2021&candidate_id=3650&col=lia
2797,2991,S.Manikandan,https://www.myneta.info/TamilNadu2021/candidate.php?candidate_id=2991,KULITHALAI,Indiya Jananayaka Katchi,0,Post Graduate,"Rs 49,91,000 ~ 49 Lacs+","Rs 60,00,000 ~ 60 Lacs+"
2798,3927,S.Manivannan,https://www.myneta.info/TamilNadu2021/candidate.php?candidate_id=3927,ARUPPUKOTTAI,IND,0,Graduate Professional,"Rs 80,000 ~ 80 Thou+",Rs 0 ~
2799,3592,S.Manoj Kumar,https://www.myneta.info/TamilNadu2021/candidate.php?candidate_id=3592,MANACHANALLUR,IND,0,Graduate Professional,https://myneta.info/image_v2.php?myneta_folder=TamilNadu2021&candidate_id=3592&col=ta,https://myneta.info/image_v2.php?myneta_folder=TamilNadu2021&candidate_id=3592&col=lia
2800,2771,S.Mariamma,https://www.myneta.info/TamilNadu2021/candidate.php?candidate_id=2771,SALEM SOUTH,Naam Tamilar Katchi,0,Others,"Rs 18,76,300 ~ 18 Lacs+",Rs 0 ~
2801,636,S.Michael,https://www.myneta.info/TamilNadu2021/candidate.php?candidate_id=636,SHOLINGANALLUR,Naam Tamilar Katchi,0,Graduate Professional,"Rs 71,58,137 ~ 71 Lacs+","Rs 85,410 ~ 85 Thou+"
2802,3262,S.Moorthy,https://www.myneta.info/TamilNadu2021/candidate.php?candidate_id=3262,PUDUKKOTTAI,Makkal Needhi Maiam,0,Graduate,https://myneta.info/image_v2.php?myneta_folder=TamilNadu2021&candidate_id=3262&col=ta,https://myneta.info/image_v2.php?myneta_folder=TamilNadu2021&candidate_id=3262&col=lia
2803,664,S.Muniaraju,https://www.myneta.info/TamilNadu2021/candidate.php?candidate_id=664,THIRUMAYAM,Amma Makkal Munnettra Kazagam,0,Post Graduate,"Rs 17,70,000 ~ 17 Lacs+","Rs 6,50,000 ~ 6 Lacs+"
2804,2005,S.Murali,https://www.myneta.info/TamilNadu2021/candidate.php?candidate_id=2005,SALEM SOUTH,BSP,0,Graduate Professional,"Rs 11,000 ~ 11 Thou+",Rs 0 ~
2805,358,S.Murali,https://www.myneta.info/TamilNadu2021/candidate.php?candidate_id=358,ARANI,IND,1,Doctorate,https://myneta.info/image_v2.php?myneta_folder=TamilNadu2021&candidate_id=358&col=ta,https://myneta.info/image_v2.php?myneta_folder=TamilNadu2021&candidate_id=358&col=lia
2806,3371,S.Murugan,https://www.myneta.info/TamilNadu2021/candidate.php?candidate_id=3371,TIRUPPATHUR,Anaithu Makkal Puratchi Katchi,0,5th Pass,"Rs 1,40,000 ~ 1 Lacs+",Rs 0 ~
2807,3729,S.Muruganantham,https://www.myneta.info/TamilNadu2021/candidate.php?candidate_id=3729,KADAYANALLUR,IND,0,10th Pass,"Rs 54,50,000 ~ 54 Lacs+",Rs 0 ~
2808,3850,S.Nataraj,https://www.myneta.info/TamilNadu2021/candidate.php?candidate_id=3850,THIRUPORUR,IND,0,8th Pass,https://myneta.info/image_v2.php?myneta_folder=TamilNadu2021&candidate_id=3850&col=ta,https://myneta.info/image_v2.php?myneta_folder=TamilNadu2021&candidate_id=3850&col=lia
2809,2682,S.Nithya,https://www.myneta.info/TamilNadu2021/candidate.php?candidate_id=2682,NILAKKOTTAI (SC),IND,0,12th Pass,"Rs 4,50,000 ~ 4 Lacs+",Rs 0 ~
2810,152,S.P. Velumani,https://www.myneta.info/TamilNadu2021/candidate.php?candidate_id=152,THONDAMUTHUR,AIADMK,0,Post Graduate,"Rs 5,59,31,162 ~ 5 Crore+",Rs 0 ~
2811,167,S.P.Shunmuganathan,https://www.myneta.info/TamilNadu2021/candidate.php?candidate_id=167,SRIVAIKUNTAM,AIADMK,0,8th Pass,https://myneta.info/image_v2.php?myneta_folder=TamilNadu2021&candidate_id=167&col=ta,https://myneta.info/image_v2.php?myneta_folder=TamilNadu2021&candidate_id=167&col=lia
2812,3920,S.Pandiyan,https://www.myneta.info/TamilNadu2021/candidate.php?candidate_id=3920,ARUPPUKOTTAI,Bahujan Dravida Party,0,Post Graduate,"Rs 40,000 ~ 40 Thou+",Rs 0 ~
2813,3469,S.Pandiyarajan,https://www.myneta.info/TamilNadu2021/candidate.php?candidate_id=3469,PERIYAKULAM (SC),Makkal Needhi Maiam,0,Literate,"Rs 19,56,000 ~ 19 Lacs+","Rs 5,30,000 ~ 5 Lacs+"
2814,2562,S.Pandiyarajan,https://www.myneta.info/TamilNadu2021/candidate.php?candidate_id=2562,POOMPUHAR,IND,0,Graduate Professional,https://myneta.info/image_v2.php?myneta_folder=TamilNadu2021&candidate_id=2562&col=ta,https://myneta.info/image_v2.php?myneta_folder=TamilNadu2021&candidate_id=2562&col=lia
2815,193,S.Pavunraj,https://www.myneta.info/TamilNadu2021/candidate.php?candidate_id=193,POOMPUHAR,AIADMK,0,10th Pass,"Rs 6,09,56,621 ~ 6 Crore+","Rs 1,42,03,145 ~ 1 Crore+"
2816,3001,S.Perumal,https://www.myneta.info/TamilNadu2021/candidate.php?candidate_id=3001,UTHANGARAI (SC),Anna Puratchi Thalaivar Amma Dravida Munnetra Kazhagam,0,10th Pass,"Rs 1,70,000 ~ 1 Lacs+",Rs 0 ~
2817,1360,S.Pongiyannan,https://www.myneta.info/TamilNadu2021/candidate.php?candidate_id=1360,KUMARAPALAYAM,IND,0,Post Graduate,https://myneta.info/image_v2.php?myneta_folder=TamilNadu2021&candidate_id=1360&col=ta,https://myneta.info/image_v2.php?myneta_folder=TamilNadu2021&candidate_id=1360&col=lia
2818,3361,S.Prabakaran,https://www.myneta.info/TamilNadu2021/candidate.php?candidate_id=3361,MUDUKULATHUR,IND,0,8th Pass,"Rs 31,92,440 ~ 31 Lacs+","Rs 20,00,000 ~ 20 Lacs+"
2819,3226,S.Prabhakaran,https://www.myneta.info/TamilNadu2021/candidate.php?candidate_id=3226,KUMARAPALAYAM,IND,0,Others,"Rs 8,04,350 ~ 8 Lacs+","Rs 3,65,000 ~ 3 Lacs+"
2820,3805,S.Prithiviraj,https://www.myneta.info/TamilNadu2021/candidate.php?candidate_id=3805,SHOLINGANALLUR,IND,0,12th Pass,https://myneta.info/image_v2.php?myneta_folder=TamilNadu2021&candidate_id=3805&col=ta,https://myneta.info/image_v2.php?myneta_folder=TamilNadu2021&candidate_id=3805&col=lia
2821,3280,S.Purachibalan,https://www.myneta.info/TamilNadu2021/candidate.php?candidate_id=3280,THIRUMAYAM,Anna Dravidar Kazhagam,0,8th Pass,"Rs 5,00,000 ~ 5 Lacs+",Rs 0 ~
2822,2380,S.Pushbaraj,https://www.myneta.info/TamilNadu2021/candidate.php?candidate_id=2380,CUDDALORE,Tamil Nadu Ilangyar Katchi,0,Post Graduate,"Rs 6,61,000 ~ 6 Lacs+","Rs 2,40,000 ~ 2 Lacs+"
2823,343,S.R.Dinesh Kumar,https://www.myneta.info/TamilNadu2021/candidate.php?candidate_id=343,VIRUGAMPAKKAM,Anna MGR Dravida Makkal Kalgam,0,Illiterate,https://myneta.info/image_v2.php?myneta_folder=TamilNadu2021&candidate_id=343&col=ta,https://myneta.info/image_v2.php?myneta_folder=TamilNadu2021&candidate_id=343&col=lia
2824,3355,S.Raja,https://www.myneta.info/TamilNadu2021/candidate.php?candidate_id=3355,MUDUKULATHUR,Peoples Party of India(secular),0,Graduate,"Rs 9,46,785 ~ 9 Lacs+",Rs 0 ~
2825,1134,S.Raja Ram,https://www.myneta.info/TamilNadu2021/candidate.php?candidate_id=1134,KADAYANALLUR,New Generation Peoples Party,0,Graduate,"Rs 2,38,176 ~ 2 Lacs+","Rs 5,75,316 ~ 5 Lacs+"
2826,2772,S.Raji,https://www.myneta.info/TamilNadu2021/candidate.php?candidate_id=2772,SALEM SOUTH,Dhesiya Makkal Kazhagam,0,5th Pass,https://myneta.info/image_v2.php?myneta_folder=TamilNadu2021&candidate_id=2772&col=ta,https://myneta.info/image_v2.php?myneta_folder=TamilNadu2021&candidate_id=2772&col=lia
2827,299,S.Ramachandran,https://www.myneta.info/TamilNadu2021/candidate.php?candidate_id=299,ARANI,AIADMK,0,12th Pass,"Rs 14,89,50,984 ~ 14 Crore+","Rs 3,65,12,262 ~ 3 Crore+"
2828,3928,S.Ramachandran,https://www.myneta.info/TamilNadu2021/candidate.php?candidate_id=3928,ARUPPUKOTTAI,IND,0,Literate,"Rs 73,000 ~ 73 Thou+",Rs 0 ~
2829,4247,S.Ramachandran,https://www.myneta.info/TamilNadu2021/candidate.php?candidate_id=4247,ARANI,IND,0,10th Pass,https://myneta.info/image_v2.php?myneta_folder=TamilNadu2021&candidate_id=4247&col=ta,https://myneta.info/image_v2.php?myneta_folder=TamilNadu2021&candidate_id=4247&col=lia
2830,267,S.Ravi,https://www.myneta.info/TamilNadu2021/candidate.php?candidate_id=267,ARAKKONAM (SC),AIADMK,0,Graduate Professional,"Rs 1,15,74,232 ~ 1 Crore+","Rs 1,07,04,428 ~ 1 Crore+"
2831,2041,S.Regupathy,https://www.myneta.info/TamilNadu2021/candidate.php?candidate_id=2041,THIRUMAYAM,DMK,23,Graduate Professional,"Rs 15,32,61,761 ~ 15 Crore+","Rs 9,91,137 ~ 9 Lacs+"
2832,298,S.S.Anbalagan,https://www.myneta.info/TamilNadu2021/candidate.php?candidate_id=298,ARANI,DMK,2,Graduate,https://myneta.info/image_v2.php?myneta_folder=TamilNadu2021&candidate_id=298&col=ta,https://myneta.info/image_v2.php?myneta_folder=TamilNadu2021&candidate_id=298&col=lia
2833,3846,S.S.Balaji,https://www.myneta.info/TamilNadu2021/candidate.php?candidate_id=3846,THIRUPORUR,Viduthalai Chiruthaigal Katchi,2,Graduate Professional,"Rs 3,10,99,633 ~ 3 Crore+","Rs 1,33,59,000 ~ 1 Crore+"
2834,3267,S.Sahul Ameedu,https://www.myneta.info/TamilNadu2021/candidate.php?candidate_id=3267,PUDUKKOTTAI,IND,0,5th Pass,"Rs 1,10,000 ~ 1 Lacs+",Rs 0 ~
2835,673,S.Sakthivel,https://www.myneta.info/TamilNadu2021/candidate.php?candidate_id=673,THIRUVERUMBUR,New Generation Peoples Party,0,Graduate Professional,https://myneta.info/image_v2.php?myneta_folder=TamilNadu2021&candidate_id=673&col=ta,https://myneta.info/image_v2.php?myneta_folder=TamilNadu2021&candidate_id=673&col=lia
2836,3,S.Sakthivel,https://www.myneta.info/TamilNadu2021/candidate.php?candidate_id=3,ARANI,IND,0,10th Pass,"Rs 48,17,900 ~ 48 Lacs+",Rs 0 ~
2837,2382,S.Sampath,https://www.myneta.info/TamilNadu2021/candidate.php?candidate_id=2382,CUDDALORE,IND,0,5th Pass,"Rs 4,48,900 ~ 4 Lacs+",Rs 0 ~
2838,2125,S.Sankar Ganesh Yadav,https://www.myneta.info/TamilNadu2021/candidate.php?candidate_id=2125,ALANGULAM,IND,0,12th Pass,https://myneta.info/image_v2.php?myneta_folder=TamilNadu2021&candidate_id=2125&col=ta,https://myneta.info/image_v2.php?myneta_folder=TamilNadu2021&candidate_id=2125&col=lia
2839,2775,S.Saravanan,https://www.myneta.info/TamilNadu2021/candidate.php?candidate_id=2775,SALEM SOUTH,IND,0,10th Pass,"Rs 2,07,500 ~ 2 Lacs+",Rs 0 ~
2840,4219,S.Sasikumar,https://www.myneta.info/TamilNadu2021/candidate.php?candidate_id=4219,KILPENNATHUR,IND,0,12th Pass,"Rs 4,77,978 ~ 4 Lacs+",Rs 0 ~
2841,3727,S.Seenivasan,https://www.myneta.info/TamilNadu2021/candidate.php?candidate_id=3727,KADAYANALLUR,IND,0,12th Pass,https://myneta.info/image_v2.php?myneta_folder=TamilNadu2021&candidate_id=3727&col=ta,https://myneta.info/image_v2.php?myneta_folder=TamilNadu2021&candidate_id=3727&col=lia
2842,3286,S.Selvakumar,https://www.myneta.info/TamilNadu2021/candidate.php?candidate_id=3286,THIRUMAYAM,IND,0,Graduate Professional,"Rs 52,000 ~ 52 Thou+",Rs 0 ~
2843,770,S.Selvakumar,https://www.myneta.info/TamilNadu2021/candidate.php?candidate_id=770,ALANGULAM,Makkal Needhi Maiam,0,Graduate,"Rs 41,95,999 ~ 41 Lacs+","Rs 4,95,600 ~ 4 Lacs+"
2844,2559,S.Senthamizhan,https://www.myneta.info/TamilNadu2021/candidate.php?candidate_id=2559,POOMPUHAR,Amma Makkal Munnettra Kazagam,2,12th Pass,https://myneta.info/image_v2.php?myneta_folder=TamilNadu2021&candidate_id=2559&col=ta,https://myneta.info/image_v2.php?myneta_folder=TamilNadu2021&candidate_id=2559&col=lia
2845,3800,S.Senthil,https://www.myneta.info/TamilNadu2021/candidate.php?candidate_id=3800,SHOLINGANALLUR,IND,0,10th Pass,"Rs 12,000 ~ 12 Thou+",Rs 0 ~
2846,3268,S.Soundar Raja,https://www.myneta.info/TamilNadu2021/candidate.php?candidate_id=3268,PUDUKKOTTAI,IND,0,Post Graduate,"Rs 15,00,000 ~ 15 Lacs+","Rs 7,32,000 ~ 7 Lacs+"
2847,689,S.Stalinkumar,https://www.myneta.info/TamilNadu2021/candidate.php?candidate_id=689,THURAIYUR (SC),DMK,13,Graduate Professional,https://myneta.info/image_v2.php?myneta_folder=TamilNadu2021&candidate_id=689&col=ta,https://myneta.info/image_v2.php?myneta_folder=TamilNadu2021&candidate_id=689&col=lia
2848,4136,S.Subash,https://www.myneta.info/TamilNadu2021/candidate.php?candidate_id=4136,THOOTHUKUDI,RPI(A),0,Graduate Professional,"Rs 14,64,900 ~ 14 Lacs+",Rs 0 ~
2849,1400,S.Sumathi,https://www.myneta.info/TamilNadu2021/candidate.php?candidate_id=1400,KURINJIPADI,Naam Tamilar Katchi,0,Post Graduate,"Rs 67,57,126 ~ 67 Lacs+","Rs 5,00,000 ~ 5 Lacs+"
2850,1646,S.Suresh,https://www.myneta.info/TamilNadu2021/candidate.php?candidate_id=1646,SRIRANGAM,IND,0,Others,https://myneta.info/image_v2.php?myneta_folder=TamilNadu2021&candidate_id=1646&col=ta,https://myneta.info/image_v2.php?myneta_folder=TamilNadu2021&candidate_id=1646&col=lia
2851,3341,S.Suresh,https://www.myneta.info/TamilNadu2021/candidate.php?candidate_id=3341,RAMANATHAPURAM,IND,0,Graduate,"Rs 1,88,750 ~ 1 Lacs+",Rs 0 ~
2852,1758,S.Sureshkumar,https://www.myneta.info/TamilNadu2021/candidate.php?candidate_id=1758,KOLATHUR,Makkalatchi Katchi,2,Graduate Professional,"Rs 95,000 ~ 95 Thou+","Rs 3,66,700 ~ 3 Lacs+"
2853,2689,S.T. Rajendhiran,https://www.myneta.info/TamilNadu2021/candidate.php?candidate_id=2689,YERCAUD (ST),IND,0,12th Pass,https://myneta.info/image_v2.php?myneta_folder=TamilNadu2021&candidate_id=2689&col=ta,https://myneta.info/image_v2.php?myneta_folder=TamilNadu2021&candidate_id=2689&col=lia
2854,2405,S.Tamilselvan,https://www.myneta.info/TamilNadu2021/candidate.php?candidate_id=2405,KATTUMANNARKOIL (SC),IND,0,12th Pass,"Rs 1,40,000 ~ 1 Lacs+",Rs 0 ~
2855,3016,S.Thangapandiyan,https://www.myneta.info/TamilNadu2021/candidate.php?candidate_id=3016,VEPPANAHALLI,Tamil Nadu Ilangyar Katchi,0,Graduate Professional,"Rs 13,00,500 ~ 13 Lacs+","Rs 31,000 ~ 31 Thou+"
2856,300,S.Thanigaivel,https://www.myneta.info/TamilNadu2021/candidate.php?candidate_id=300,ARANI,Veerath Thiyagi Viswanathadoss Thozhilalarkal Katchi,0,8th Pass,https://myneta.info/image_v2.php?myneta_folder=TamilNadu2021&candidate_id=300&col=ta,https://myneta.info/image_v2.php?myneta_folder=TamilNadu2021&candidate_id=300&col=lia
2857,1918,S.Thenmozhi,https://www.myneta.info/TamilNadu2021/candidate.php?candidate_id=1918,NILAKKOTTAI (SC),AIADMK,0,10th Pass,"Rs 17,45,34,231 ~ 17 Crore+","Rs 28,08,246 ~ 28 Lacs+"
2858,505,S.Udaiyar,https://www.myneta.info/TamilNadu2021/candidate.php?candidate_id=505,KOVILPATTI,Naam Indiar Party,0,10th Pass,"Rs 10,40,000 ~ 10 Lacs+","Rs 15,000 ~ 15 Thou+"
2859,974,S.V.Rajarajan,https://www.myneta.info/TamilNadu2021/candidate.php?candidate_id=974,CUDDALORE,Desiya Makkal Sakthi Katchi,1,Others,https://myneta.info/image_v2.php?myneta_folder=TamilNadu2021&candidate_id=974&col=ta,https://myneta.info/image_v2.php?myneta_folder=TamilNadu2021&candidate_id=974&col=lia
2860,4140,S.V.Rajasekar,https://www.myneta.info/TamilNadu2021/candidate.php?candidate_id=4140,THOOTHUKUDI,United States of India Party,0,Graduate,"Rs 7,59,209 ~ 7 Lacs+",Rs 0 ~
2861,511,S.Varun,https://www.myneta.info/TamilNadu2021/candidate.php?candidate_id=511,KUMARAPALAYAM,Naam Tamilar Katchi,0,Post Graduate,"Rs 35,78,000 ~ 35 Lacs+","Rs 27,00,000 ~ 27 Lacs+"
2862,3715,S.Yuvaraj,https://www.myneta.info/TamilNadu2021/candidate.php?candidate_id=3715,RANIPET,IND,0,10th Pass,https://myneta.info/image_v2.php?myneta_folder=TamilNadu2021&candidate_id=3715&col=ta,https://myneta.info/image_v2.php?myneta_folder=TamilNadu2021&candidate_id=3715&col=lia
2863,561,Saba.Rajendran,https://www.myneta.info/TamilNadu2021/candidate.php?candidate_id=561,NEYVELI,DMK,7,Graduate Professional,"Rs 6,20,90,178 ~ 6 Crore+","Rs 72,65,337 ~ 72 Lacs+"
2864,2735,Sabbapathi. M,https://www.myneta.info/TamilNadu2021/candidate.php?candidate_id=2735,SALEM WEST,IND,0,Graduate,"Rs 6,39,263 ~ 6 Lacs+","Rs 2,94,000 ~ 2 Lacs+"
2865,3430,"Sabthagiri, R.",https://www.myneta.info/TamilNadu2021/candidate.php?candidate_id=3430,THANJAVUR,IND,0,10th Pass,https://myneta.info/image_v2.php?myneta_folder=TamilNadu2021&candidate_id=3430&col=ta,https://myneta.info/image_v2.php?myneta_folder=TamilNadu2021&candidate_id=3430&col=lia
2866,3633,Sadagopan .K,https://www.myneta.info/TamilNadu2021/candidate.php?candidate_id=3633,PALAYAMKOTTAI,IND,0,Doctorate,"Rs 60,64,785 ~ 60 Lacs+",Rs 0 ~
2867,3820,Sadam Hussain,https://www.myneta.info/TamilNadu2021/candidate.php?candidate_id=3820,PALLAVARAM,IND,0,10th Pass,"Rs 17,000 ~ 17 Thou+",Rs 0 ~
2868,3071,Sadam Hussain.K,https://www.myneta.info/TamilNadu2021/candidate.php?candidate_id=3071,MADURAI SOUTH,My India Party,0,8th Pass,https://myneta.info/image_v2.php?myneta_folder=TamilNadu2021&candidate_id=3071&col=ta,https://myneta.info/image_v2.php?myneta_folder=TamilNadu2021&candidate_id=3071&col=lia
2869,1970,Sadhan Prabhakar N,https://www.myneta.info/TamilNadu2021/candidate.php?candidate_id=1970,PARAMAKUDI (SC),AIADMK,0,Post Graduate,"Rs 1,25,09,841 ~ 1 Crore+","Rs 12,39,628 ~ 12 Lacs+"
2870,1613,"Sadhan Thirumalaikumar, Doctor.T",https://www.myneta.info/TamilNadu2021/candidate.php?candidate_id=1613,VASUDEVANALLUR (SC),DMK,1,Graduate Professional,"Rs 8,32,85,025 ~ 8 Crore+","Rs 4,90,37,112 ~ 4 Crore+"
2871,869,Sadhanandham.K,https://www.myneta.info/TamilNadu2021/candidate.php?candidate_id=869,BHAVANI,Makkal Needhi Maiam,0,10th Pass,https://myneta.info/image_v2.php?myneta_folder=TamilNadu2021&candidate_id=869&col=ta,https://myneta.info/image_v2.php?myneta_folder=TamilNadu2021&candidate_id=869&col=lia
2872,2712,Sadhasivam.P,https://www.myneta.info/TamilNadu2021/candidate.php?candidate_id=2712,METTUR,IND,1,Others,"Rs 2,78,500 ~ 2 Lacs+",Rs 0 ~
2873,1877,Sadhasivam.S,https://www.myneta.info/TamilNadu2021/candidate.php?candidate_id=1877,METTUR,Pattali Makkal Katchi,2,Post Graduate,"Rs 2,78,12,072 ~ 2 Crore+","Rs 66,31,052 ~ 66 Lacs+"
2874,2256,Sagayamary. N,https://www.myneta.info/TamilNadu2021/candidate.php?candidate_id=2256,SAIDAPET,RPI(A),0,10th Pass,https://myneta.info/image_v2.php?myneta_folder=TamilNadu2021&candidate_id=2256&col=ta,https://myneta.info/image_v2.php?myneta_folder=TamilNadu2021&candidate_id=2256&col=lia
2875,3557,"Sahabudheen, A.J.",https://www.myneta.info/TamilNadu2021/candidate.php?candidate_id=3557,TIRUCHIRAPPALLI WEST,IND,0,8th Pass,"Rs 1,500 ~ 1 Thou+",Rs 0 ~
2876,1057,Saheera,https://www.myneta.info/TamilNadu2021/candidate.php?candidate_id=1057,GINGEE,IND,0,Graduate,"Rs 1,62,146 ~ 1 Lacs+",Rs 0 ~
2877,616,Saidai Duraisamy,https://www.myneta.info/TamilNadu2021/candidate.php?candidate_id=616,SAIDAPET,AIADMK,3,10th Pass,https://myneta.info/image_v2.php?myneta_folder=TamilNadu2021&candidate_id=616&col=ta,https://myneta.info/image_v2.php?myneta_folder=TamilNadu2021&candidate_id=616&col=lia
2878,222,Sakkarapani R,https://www.myneta.info/TamilNadu2021/candidate.php?candidate_id=222,ODDANCHATRAM,DMK,6,Graduate,"Rs 9,48,67,797 ~ 9 Crore+","Rs 7,15,43,943 ~ 7 Crore+"
2879,2628,Sakthi Devi T,https://www.myneta.info/TamilNadu2021/candidate.php?candidate_id=2628,ODDANCHATRAM,Naam Tamilar Katchi,0,8th Pass,"Rs 32,30,000 ~ 32 Lacs+",Rs 0 ~
2880,1332,Sakthi.K,https://www.myneta.info/TamilNadu2021/candidate.php?candidate_id=1332,KRISHNAGIRI,IND,0,Graduate,https://myneta.info/image_v2.php?myneta_folder=TamilNadu2021&candidate_id=1332&col=ta,https://myneta.info/image_v2.php?myneta_folder=TamilNadu2021&candidate_id=1332&col=lia
2881,1240,Sakthikumar,https://www.myneta.info/TamilNadu2021/candidate.php?candidate_id=1240,KARUR,IND,0,Graduate Professional,"Rs 8,83,257 ~ 8 Lacs+","Rs 5,20,000 ~ 5 Lacs+"
2882,1275,Sakthivel,https://www.myneta.info/TamilNadu2021/candidate.php?candidate_id=1275,KILPENNATHUR,IND,0,Graduate Professional,"Rs 5,50,000 ~ 5 Lacs+",Rs 0 ~
2883,2867,Sakthivel G,https://www.myneta.info/TamilNadu2021/candidate.php?candidate_id=2867,GOBICHETTIPALAYAM,India Dravida Makkal Munnetra Katchi,0,10th Pass,https://myneta.info/image_v2.php?myneta_folder=TamilNadu2021&candidate_id=2867&col=ta,https://myneta.info/image_v2.php?myneta_folder=TamilNadu2021&candidate_id=2867&col=lia
2884,3300,Sakthivel K,https://www.myneta.info/TamilNadu2021/candidate.php?candidate_id=3300,ARANTHANGI,Tamizhaga Murpokku Makkal Katchi,0,Post Graduate,"Rs 1,80,12,646 ~ 1 Crore+","Rs 3,20,312 ~ 3 Lacs+"
2885,2009,Sakthivel S,https://www.myneta.info/TamilNadu2021/candidate.php?candidate_id=2009,SANKARAPURAM,BSP,0,Others,"Rs 26,000 ~ 26 Thou+",Rs 0 ~
2886,1640,Sakthivel S,https://www.myneta.info/TamilNadu2021/candidate.php?candidate_id=1640,VANUR (SC),IND,0,12th Pass,https://myneta.info/image_v2.php?myneta_folder=TamilNadu2021&candidate_id=1640&col=ta,https://myneta.info/image_v2.php?myneta_folder=TamilNadu2021&candidate_id=1640&col=lia
2887,1431,Sakthivel. A,https://www.myneta.info/TamilNadu2021/candidate.php?candidate_id=1431,MADHAVARAM,IND,0,Not Given,"Rs 11,30,000 ~ 11 Lacs+","Rs 60,000 ~ 60 Thou+"
2888,2977,Sakthivel.K,https://www.myneta.info/TamilNadu2021/candidate.php?candidate_id=2977,KRISHNARAYAPURAM (SC),IND,0,Graduate Professional,"Rs 1,11,000 ~ 1 Lacs+",Rs 0 ~
2889,1026,Sakthivel.M,https://www.myneta.info/TamilNadu2021/candidate.php?candidate_id=1026,MANAPPARAI,CPI(ML)(L),1,Graduate Professional,https://myneta.info/image_v2.php?myneta_folder=TamilNadu2021&candidate_id=1026&col=ta,https://myneta.info/image_v2.php?myneta_folder=TamilNadu2021&candidate_id=1026&col=lia
2890,995,Sakthivel.P.,https://www.myneta.info/TamilNadu2021/candidate.php?candidate_id=995,DHARMAPURI,Desiya Makkal Sakthi Katchi,0,10th Pass,"Rs 45,000 ~ 45 Thou+",Rs 0 ~
2891,2923,Sakunthala. N,https://www.myneta.info/TamilNadu2021/candidate.php?candidate_id=2923,ARAVAKURICHI,IND,0,Graduate Professional,"Rs 2,25,000 ~ 2 Lacs+",Rs 0 ~
2892,3340,Saleem,https://www.myneta.info/TamilNadu2021/candidate.php?candidate_id=3340,RAMANATHAPURAM,IND,0,12th Pass,https://myneta.info/image_v2.php?myneta_folder=TamilNadu2021&candidate_id=3340&col=ta,https://myneta.info/image_v2.php?myneta_folder=TamilNadu2021&candidate_id=3340&col=lia
2893,3498,Sambath Kumar.C.H,https://www.myneta.info/TamilNadu2021/candidate.php?candidate_id=3498,PONNERI (SC),IND,0,8th Pass,"Rs 10,07,000 ~ 10 Lacs+","Rs 3,16,000 ~ 3 Lacs+"
2894,1429,Sambath. E,https://www.myneta.info/TamilNadu2021/candidate.php?candidate_id=1429,MADHAVARAM,SHS,0,8th Pass,Nil,Rs 0 ~
2895,1021,Sambathkumar T,https://www.myneta.info/TamilNadu2021/candidate.php?candidate_id=1021,EDAPPADI,DMK,0,Post Graduate,https://myneta.info/image_v2.php?myneta_folder=TamilNadu2021&candidate_id=1021&col=ta,https://myneta.info/image_v2.php?myneta_folder=TamilNadu2021&candidate_id=1021&col=lia
2896,2833,Sami Kandhasamy,https://www.myneta.info/TamilNadu2021/candidate.php?candidate_id=2833,MODAKKURICHI,IND,1,12th Pass,"Rs 1,20,210 ~ 1 Lacs+","Rs 2,29,093 ~ 2 Lacs+"
2897,2605,Samiappa Gounder P,https://www.myneta.info/TamilNadu2021/candidate.php?candidate_id=2605,PALANI,IND,0,10th Pass,"Rs 16,36,950 ~ 16 Lacs+",Rs 0 ~
2898,2952,Samiappan.K,https://www.myneta.info/TamilNadu2021/candidate.php?candidate_id=2952,KARUR,IND,0,Post Graduate,https://myneta.info/image_v2.php?myneta_folder=TamilNadu2021&candidate_id=2952&col=ta,https://myneta.info/image_v2.php?myneta_folder=TamilNadu2021&candidate_id=2952&col=lia
2899,1947,Samikkalai.G,https://www.myneta.info/TamilNadu2021/candidate.php?candidate_id=1947,SIVAKASI,Amma Makkal Munnettra Kazagam,0,10th Pass,"Rs 6,43,17,450 ~ 6 Crore+","Rs 2,17,92,966 ~ 2 Crore+"
2900,574,Saminathan P P,https://www.myneta.info/TamilNadu2021/candidate.php?candidate_id=574,PARAMATHIVELUR,Amma Makkal Munnettra Kazagam,0,Others,"Rs 4,75,29,175 ~ 4 Crore+","Rs 23,14,736 ~ 23 Lacs+"
2901,454,Saminathan.M.P,https://www.myneta.info/TamilNadu2021/candidate.php?candidate_id=454,KANGAYAM,DMK,3,Graduate,https://myneta.info/image_v2.php?myneta_folder=TamilNadu2021&candidate_id=454&col=ta,https://myneta.info/image_v2.php?myneta_folder=TamilNadu2021&candidate_id=454&col=lia
2902,584,"Sampath Kumar, K.",https://www.myneta.info/TamilNadu2021/candidate.php?candidate_id=584,PERUNDURAI,IND,0,8th Pass,"Rs 3,09,05,000 ~ 3 Crore+","Rs 18,50,000 ~ 18 Lacs+"
2903,1135,Sampath.R.V,https://www.myneta.info/TamilNadu2021/candidate.php?candidate_id=1135,KALASAPAKKAM,Anna Dravidar Kazhagam,0,5th Pass,"Rs 12,70,716 ~ 12 Lacs+","Rs 2,50,000 ~ 2 Lacs+"
2904,2951,Sampath.S,https://www.myneta.info/TamilNadu2021/candidate.php?candidate_id=2951,KARUR,IND,0,Graduate Professional,https://myneta.info/image_v2.php?myneta_folder=TamilNadu2021&candidate_id=2951&col=ta,https://myneta.info/image_v2.php?myneta_folder=TamilNadu2021&candidate_id=2951&col=lia
2905,93,Sampathkumar.V,https://www.myneta.info/TamilNadu2021/candidate.php?candidate_id=93,HARUR (SC),AIADMK,0,Graduate Professional,"Rs 70,80,103 ~ 70 Lacs+","Rs 14,00,000 ~ 14 Lacs+"
2906,2904,Samuel George Kalai Arasar,https://www.myneta.info/TamilNadu2021/candidate.php?candidate_id=2904,VILAVANCODE,IND,8,Graduate Professional,"Rs 2,62,54,425 ~ 2 Crore+","Rs 2,00,00,000 ~ 2 Crore+"
2907,2776,Samundeswari.V,https://www.myneta.info/TamilNadu2021/candidate.php?candidate_id=2776,SALEM SOUTH,IND,0,10th Pass,https://myneta.info/image_v2.php?myneta_folder=TamilNadu2021&candidate_id=2776&col=ta,https://myneta.info/image_v2.php?myneta_folder=TamilNadu2021&candidate_id=2776&col=lia
2908,4180,Samuthiram P,https://www.myneta.info/TamilNadu2021/candidate.php?candidate_id=4180,OTTAPIDARAM (SC),IND,0,10th Pass,"Rs 8,13,800 ~ 8 Lacs+",Rs 0 ~
2909,1115,Samuvel Martin A,https://www.myneta.info/TamilNadu2021/candidate.php?candidate_id=1115,JAYANKONDAM,IND,0,Graduate,"Rs 70,000 ~ 70 Thou+",Rs 0 ~
2910,3182,Samynathan G,https://www.myneta.info/TamilNadu2021/candidate.php?candidate_id=3182,PARAMATHIVELUR,IND,0,12th Pass,https://myneta.info/image_v2.php?myneta_folder=TamilNadu2021&candidate_id=3182&col=ta,https://myneta.info/image_v2.php?myneta_folder=TamilNadu2021&candidate_id=3182&col=lia
2911,1639,Sandoshkumar M,https://www.myneta.info/TamilNadu2021/candidate.php?candidate_id=1639,VANUR (SC),Makkal Needhi Maiam,0,12th Pass,"Rs 29,85,573 ~ 29 Lacs+","Rs 16,80,000 ~ 16 Lacs+"
2912,3870,"Sangeethapriya, S.",https://www.myneta.info/TamilNadu2021/candidate.php?candidate_id=3870,SRIVILLIPUTHUR (SC),Amma Makkal Munnettra Kazagam,0,10th Pass,"Rs 31,58,058 ~ 31 Lacs+",Rs 0 ~
2913,2166,Sanjeevi S,https://www.myneta.info/TamilNadu2021/candidate.php?candidate_id=2166,THOUSAND LIGHTS,IND,0,Post Graduate,https://myneta.info/image_v2.php?myneta_folder=TamilNadu2021&candidate_id=2166&col=ta,https://myneta.info/image_v2.php?myneta_folder=TamilNadu2021&candidate_id=2166&col=lia
2914,274,Sanjeevinathan.K,https://www.myneta.info/TamilNadu2021/candidate.php?candidate_id=274,CHENGALPATTU,Naam Tamilar Katchi,1,8th Pass,"Rs 1,68,10,000 ~ 1 Crore+","Rs 1,06,75,500 ~ 1 Crore+"
2915,706,Sankar Alias Sankaranarayanan,https://www.myneta.info/TamilNadu2021/candidate.php?candidate_id=706,TIRUNELVELI,IND,0,5th Pass,"Rs 1,71,254 ~ 1 Lacs+",Rs 0 ~
2916,4,Sankar D,https://www.myneta.info/TamilNadu2021/candidate.php?candidate_id=4,ATHOOR,IND,0,10th Pass,https://myneta.info/image_v2.php?myneta_folder=TamilNadu2021&candidate_id=4&col=ta,https://myneta.info/image_v2.php?myneta_folder=TamilNadu2021&candidate_id=4&col=lia
2917,3525,Sankar N M,https://www.myneta.info/TamilNadu2021/candidate.php?candidate_id=3525,AVADI,DMDK,0,8th Pass,"Rs 2,95,000 ~ 2 Lacs+",Rs 0 ~
2918,3148,Sankar P,https://www.myneta.info/TamilNadu2021/candidate.php?candidate_id=3148,SENTHAMANGALAM(ST),IND,0,Others,"Rs 42,000 ~ 42 Thou+",Rs 0 ~
2919,4039,Sankar S,https://www.myneta.info/TamilNadu2021/candidate.php?candidate_id=4039,TIRUKKOYILUR,Veerath Thiyagi Viswanathadoss Thozhilalarkal Katchi,0,8th Pass,https://myneta.info/image_v2.php?myneta_folder=TamilNadu2021&candidate_id=4039&col=ta,https://myneta.info/image_v2.php?myneta_folder=TamilNadu2021&candidate_id=4039&col=lia
2920,3094,"Sankar Thayal Sharma, M.",https://www.myneta.info/TamilNadu2021/candidate.php?candidate_id=3094,THIRUPARANKUNDRAM,IND,0,Graduate Professional,"Rs 5,64,700 ~ 5 Lacs+","Rs 1,20,000 ~ 1 Lacs+"
2921,4164,Sankara Subramanian M,https://www.myneta.info/TamilNadu2021/candidate.php?candidate_id=4164,SRIVAIKUNTAM,IND,1,Graduate,"Rs 36,344 ~ 36 Thou+","Rs 25,000 ~ 25 Thou+"
2922,108,Sankarapandi P,https://www.myneta.info/TamilNadu2021/candidate.php?candidate_id=108,MADURAI NORTH,IND,0,5th Pass,https://myneta.info/image_v2.php?myneta_folder=TamilNadu2021&candidate_id=108&col=ta,https://myneta.info/image_v2.php?myneta_folder=TamilNadu2021&candidate_id=108&col=lia
2923,3657,"Sankarasubramanian,M.",https://www.myneta.info/TamilNadu2021/candidate.php?candidate_id=3657,TIRUNELVELI,IND,1,12th Pass,"Rs 46,344 ~ 46 Thou+","Rs 25,000 ~ 25 Thou+"
2924,1074,Sankarkumar K.A,https://www.myneta.info/TamilNadu2021/candidate.php?candidate_id=1074,GOBICHETTIPALAYAM,IND,0,Post Graduate,"Rs 3,57,000 ~ 3 Lacs+",Rs 0 ~
2925,2460,Sanmugavel,https://www.myneta.info/TamilNadu2021/candidate.php?candidate_id=2460,COIMBATORE SOUTH,Ganasangam Party of India,0,Graduate,https://myneta.info/image_v2.php?myneta_folder=TamilNadu2021&candidate_id=2460&col=ta,https://myneta.info/image_v2.php?myneta_folder=TamilNadu2021&candidate_id=2460&col=lia
2926,1817,Santhakumar . A,https://www.myneta.info/TamilNadu2021/candidate.php?candidate_id=1817,DR.RADHAKRISHNAN NAGAR,IND,0,Graduate Professional,"Rs 5,24,000 ~ 5 Lacs+",Rs 0 ~
2927,1509,Santhakumar.Y,https://www.myneta.info/TamilNadu2021/candidate.php?candidate_id=1509,MADHURAVOYAL,BSP,0,10th Pass,"Rs 31,000 ~ 31 Thou+",Rs 0 ~
2928,3011,Santhamoorthi K,https://www.myneta.info/TamilNadu2021/candidate.php?candidate_id=3011,BARGUR,IND,0,10th Pass,https://myneta.info/image_v2.php?myneta_folder=TamilNadu2021&candidate_id=3011&col=ta,https://myneta.info/image_v2.php?myneta_folder=TamilNadu2021&candidate_id=3011&col=lia
2929,1100,Santhana Krishnan. P,https://www.myneta.info/TamilNadu2021/candidate.php?candidate_id=1100,HARBOUR,Amma Makkal Munnettra Kazagam,0,10th Pass,"Rs 1,85,33,389 ~ 1 Crore+",Rs 0 ~
2930,2950,Santhanakumar.M,https://www.myneta.info/TamilNadu2021/candidate.php?candidate_id=2950,KARUR,IND,1,10th Pass,"Rs 16,40,500 ~ 16 Lacs+","Rs 2,18,000 ~ 2 Lacs+"
2931,1797,Santhanu.S,https://www.myneta.info/TamilNadu2021/candidate.php?candidate_id=1797,THIRU-VI-KA-NAGAR (SC),IND,0,Graduate Professional,https://myneta.info/image_v2.php?myneta_folder=TamilNadu2021&candidate_id=1797&col=ta,https://myneta.info/image_v2.php?myneta_folder=TamilNadu2021&candidate_id=1797&col=lia
2932,2692,Santhosam,https://www.myneta.info/TamilNadu2021/candidate.php?candidate_id=2692,YERCAUD (ST),IND,0,8th Pass,"Rs 38,000 ~ 38 Thou+",Rs 0 ~
2933,612,Santhosh A,https://www.myneta.info/TamilNadu2021/candidate.php?candidate_id=612,RISHIVANDIYAM,AIADMK,0,Graduate Professional,"Rs 38,41,235 ~ 38 Lacs+","Rs 13,90,542 ~ 13 Lacs+"
2934,3766,Santhosh M,https://www.myneta.info/TamilNadu2021/candidate.php?candidate_id=3766,RISHIVANDIYAM,IND,0,10th Pass,https://myneta.info/image_v2.php?myneta_folder=TamilNadu2021&candidate_id=3766&col=ta,https://myneta.info/image_v2.php?myneta_folder=TamilNadu2021&candidate_id=3766&col=lia
2935,51,Santhosh M.,https://www.myneta.info/TamilNadu2021/candidate.php?candidate_id=51,THANJAVUR,IND,0,12th Pass,"Rs 1,75,000 ~ 1 Lacs+",Rs 0 ~
2936,663,Saral M,https://www.myneta.info/TamilNadu2021/candidate.php?candidate_id=663,THIRUMANGALAM,Naam Tamilar Katchi,0,12th Pass,"Rs 5,47,500 ~ 5 Lacs+","Rs 1,08,000 ~ 1 Lacs+"
2937,3213,Saraswathi M,https://www.myneta.info/TamilNadu2021/candidate.php?candidate_id=3213,TIRUCHENGODU,IND,0,5th Pass,https://myneta.info/image_v2.php?myneta_folder=TamilNadu2021&candidate_id=3213&col=ta,https://myneta.info/image_v2.php?myneta_folder=TamilNadu2021&candidate_id=3213&col=lia
2938,148,Saraswathi Pon,https://www.myneta.info/TamilNadu2021/candidate.php?candidate_id=148,TIRUCHENGODU,AIADMK,1,Graduate,"Rs 12,43,98,755 ~ 12 Crore+","Rs 81,31,069 ~ 81 Lacs+"
2939,1879,Saraswathi.C,https://www.myneta.info/TamilNadu2021/candidate.php?candidate_id=1879,MODAKKURICHI,BJP,0,Graduate Professional,"Rs 11,87,79,515 ~ 11 Crore+","Rs 62,90,790 ~ 62 Lacs+"
2940,4083,Saratha T,https://www.myneta.info/TamilNadu2021/candidate.php?candidate_id=4083,PALLADAM,IND,0,10th Pass,https://myneta.info/image_v2.php?myneta_folder=TamilNadu2021&candidate_id=4083&col=ta,https://myneta.info/image_v2.php?myneta_folder=TamilNadu2021&candidate_id=4083&col=lia
2941,4255,Sarathbabu,https://www.myneta.info/TamilNadu2021/candidate.php?candidate_id=4255,ALANDUR,Makkal Needhi Maiam,0,Graduate Professional,"Rs 61,63,612 ~ 61 Lacs+","Rs 24,03,000 ~ 24 Lacs+"
2942,2736,Sarathkumar. S,https://www.myneta.info/TamilNadu2021/candidate.php?candidate_id=2736,SALEM WEST,IND,0,12th Pass,"Rs 1,30,300 ~ 1 Lacs+",Rs 0 ~
2943,2590,Sarathkumar.M,https://www.myneta.info/TamilNadu2021/candidate.php?candidate_id=2590,HARUR (SC),IND,0,10th Pass,https://myneta.info/image_v2.php?myneta_folder=TamilNadu2021&candidate_id=2590&col=ta,https://myneta.info/image_v2.php?myneta_folder=TamilNadu2021&candidate_id=2590&col=lia
2944,2785,Saravana Kumar K R,https://www.myneta.info/TamilNadu2021/candidate.php?candidate_id=2785,VEDASANDUR,IND,0,Others,"Rs 42,80,000 ~ 42 Lacs+",Rs 0 ~
2945,1751,Saravana Perumal. R,https://www.myneta.info/TamilNadu2021/candidate.php?candidate_id=1751,PERAMBUR,IND,0,Post Graduate,"Rs 79,000 ~ 79 Thou+",Rs 0 ~
2946,3891,"Saravanakumar, M.",https://www.myneta.info/TamilNadu2021/candidate.php?candidate_id=3891,SATTUR,IND,0,8th Pass,https://myneta.info/image_v2.php?myneta_folder=TamilNadu2021&candidate_id=3891&col=ta,https://myneta.info/image_v2.php?myneta_folder=TamilNadu2021&candidate_id=3891&col=lia
2947,1359,Saravanan,https://www.myneta.info/TamilNadu2021/candidate.php?candidate_id=1359,KUMARAPALAYAM,IND,0,5th Pass,"Rs 5,40,000 ~ 5 Lacs+",Rs 0 ~
2948,3157,Saravanan A,https://www.myneta.info/TamilNadu2021/candidate.php?candidate_id=3157,NAMAKKAL,National Peoples Party,0,12th Pass,"Rs 10,99,000 ~ 10 Lacs+","Rs 4,00,000 ~ 4 Lacs+"
2949,1087,Saravanan E,https://www.myneta.info/TamilNadu2021/candidate.php?candidate_id=1087,GUMMIDIPOONDI,IND,0,10th Pass,https://myneta.info/image_v2.php?myneta_folder=TamilNadu2021&candidate_id=1087&col=ta,https://myneta.info/image_v2.php?myneta_folder=TamilNadu2021&candidate_id=1087&col=lia
2950,4165,Saravanan G,https://www.myneta.info/TamilNadu2021/candidate.php?candidate_id=4165,SRIVAIKUNTAM,IND,0,8th Pass,"Rs 2,38,100 ~ 2 Lacs+",Rs 0 ~
2951,3212,Saravanan K,https://www.myneta.info/TamilNadu2021/candidate.php?candidate_id=3212,TIRUCHENGODU,IND,0,Graduate Professional,"Rs 3,95,580 ~ 3 Lacs+",Rs 0 ~
2952,1451,Saravanan P,https://www.myneta.info/TamilNadu2021/candidate.php?candidate_id=1451,MADURAI NORTH,BJP,6,Graduate Professional,https://myneta.info/image_v2.php?myneta_folder=TamilNadu2021&candidate_id=1451&col=ta,https://myneta.info/image_v2.php?myneta_folder=TamilNadu2021&candidate_id=1451&col=lia
2953,1867,Saravanan P,https://www.myneta.info/TamilNadu2021/candidate.php?candidate_id=1867,METTUPALAYAM,Amma Makkal Munnettra Kazagam,0,10th Pass,"Rs 90,49,000 ~ 90 Lacs+","Rs 50,00,000 ~ 50 Lacs+"
2954,3245,Saravanan R,https://www.myneta.info/TamilNadu2021/candidate.php?candidate_id=3245,VIRALIMALAI,Makkal Needhi Maiam,0,10th Pass,"Rs 70,83,536 ~ 70 Lacs+","Rs 4,12,477 ~ 4 Lacs+"
2955,3159,Saravanan S,https://www.myneta.info/TamilNadu2021/candidate.php?candidate_id=3159,NAMAKKAL,Naadaalum Makkal Katchi,0,Post Graduate,https://myneta.info/image_v2.php?myneta_folder=TamilNadu2021&candidate_id=3159&col=ta,https://myneta.info/image_v2.php?myneta_folder=TamilNadu2021&candidate_id=3159&col=lia
2956,1444,Saravanan T,https://www.myneta.info/TamilNadu2021/candidate.php?candidate_id=1444,MADURAI EAST,Amma Makkal Munnettra Kazagam,0,10th Pass,"Rs 1,38,38,868 ~ 1 Crore+","Rs 6,16,675 ~ 6 Lacs+"
2957,1085,Saravanan V,https://www.myneta.info/TamilNadu2021/candidate.php?candidate_id=1085,GUMMIDIPOONDI,Indiya Jananayaka Katchi,0,Others,"Rs 1,21,000 ~ 1 Lacs+",Rs 0 ~
2958,3455,"Saravanan, M.",https://www.myneta.info/TamilNadu2021/candidate.php?candidate_id=3455,GUDALUR (SC),IND,0,10th Pass,https://myneta.info/image_v2.php?myneta_folder=TamilNadu2021&candidate_id=3455&col=ta,https://myneta.info/image_v2.php?myneta_folder=TamilNadu2021&candidate_id=3455&col=lia
2959,2267,Saravanan. D,https://www.myneta.info/TamilNadu2021/candidate.php?candidate_id=2267,SAIDAPET,IND,0,10th Pass,"Rs 81,244 ~ 81 Thou+",Rs 0 ~
2960,1846,Saravanan. Durai.K,https://www.myneta.info/TamilNadu2021/candidate.php?candidate_id=1846,BHUVANAGIRI,DMK,4,Post Graduate,"Rs 10,29,38,018 ~ 10 Crore+","Rs 1,00,53,236 ~ 1 Crore+"
2961,2394,Saravanan. J.,https://www.myneta.info/TamilNadu2021/candidate.php?candidate_id=2394,BHUVANAGIRI,IND,0,12th Pass,https://myneta.info/image_v2.php?myneta_folder=TamilNadu2021&candidate_id=2394&col=ta,https://myneta.info/image_v2.php?myneta_folder=TamilNadu2021&candidate_id=2394&col=lia
2962,2925,Saravanan. P,https://www.myneta.info/TamilNadu2021/candidate.php?candidate_id=2925,ARAVAKURICHI,IND,0,Graduate Professional,"Rs 1,09,42,000 ~ 1 Crore+","Rs 2,95,000 ~ 2 Lacs+"
2963,528,Saravanan. S.S,https://www.myneta.info/TamilNadu2021/candidate.php?candidate_id=528,MADURAI SOUTH,AIADMK,0,Post Graduate,"Rs 78,32,612 ~ 78 Lacs+",Rs 0 ~
2964,2430,Saravanan.A,https://www.myneta.info/TamilNadu2021/candidate.php?candidate_id=2430,UTHIRAMERUR,IND,0,5th Pass,https://myneta.info/image_v2.php?myneta_folder=TamilNadu2021&candidate_id=2430&col=ta,https://myneta.info/image_v2.php?myneta_folder=TamilNadu2021&candidate_id=2430&col=lia
2965,447,Saravanan.K,https://www.myneta.info/TamilNadu2021/candidate.php?candidate_id=447,KALASAPAKKAM,IND,0,10th Pass,"Rs 85,000 ~ 85 Thou+",Rs 0 ~
2966,805,Saravanan.M,https://www.myneta.info/TamilNadu2021/candidate.php?candidate_id=805,ANTHIYUR,Naam Tamilar Katchi,0,Graduate,"Rs 36,51,499 ~ 36 Lacs+","Rs 10,03,350 ~ 10 Lacs+"
2967,445,Saravanan.P.S.T,https://www.myneta.info/TamilNadu2021/candidate.php?candidate_id=445,KALASAPAKKAM,DMK,1,Post Graduate,https://myneta.info/image_v2.php?myneta_folder=TamilNadu2021&candidate_id=445&col=ta,https://myneta.info/image_v2.php?myneta_folder=TamilNadu2021&candidate_id=445&col=lia
2968,1049,Saravanan.R,https://www.myneta.info/TamilNadu2021/candidate.php?candidate_id=1049,GANGAVALLI (SC),IND,0,Others,"Rs 77,97,000 ~ 77 Lacs+","Rs 4,60,000 ~ 4 Lacs+"
2969,463,Saravanan.R,https://www.myneta.info/TamilNadu2021/candidate.php?candidate_id=463,KARUR,IND,0,Graduate Professional,"Rs 13,10,000 ~ 13 Lacs+",Rs 0 ~
2970,1462,Saravanan.R,https://www.myneta.info/TamilNadu2021/candidate.php?candidate_id=1462,MADURAI SOUTH,IND,0,10th Pass,https://myneta.info/image_v2.php?myneta_folder=TamilNadu2021&candidate_id=1462&col=ta,https://myneta.info/image_v2.php?myneta_folder=TamilNadu2021&candidate_id=1462&col=lia
2971,978,Saravanan.S.R,https://www.myneta.info/TamilNadu2021/candidate.php?candidate_id=978,CUMBUM,IND,0,12th Pass,"Rs 2,36,627 ~ 2 Lacs+","Rs 1,02,000 ~ 1 Lacs+"
2972,1344,Saravanan.V,https://www.myneta.info/TamilNadu2021/candidate.php?candidate_id=1344,KRISHNARAYAPURAM (SC),Makkal Needhi Maiam,0,Others,"Rs 49,29,500 ~ 49 Lacs+","Rs 4,00,000 ~ 4 Lacs+"
2973,2415,Saroja,https://www.myneta.info/TamilNadu2021/candidate.php?candidate_id=2415,SRIPERUMBUDUR (SC),IND,0,Literate,https://myneta.info/image_v2.php?myneta_folder=TamilNadu2021&candidate_id=2415&col=ta,https://myneta.info/image_v2.php?myneta_folder=TamilNadu2021&candidate_id=2415&col=lia
2974,609,Saroja V. Dr,https://www.myneta.info/TamilNadu2021/candidate.php?candidate_id=609,RASIPURAM(SC),AIADMK,0,Graduate Professional,"Rs 6,40,39,669 ~ 6 Crore+","Rs 73,45,207 ~ 73 Lacs+"
2975,1657,Sarubala.R.Thondaiman,https://www.myneta.info/TamilNadu2021/candidate.php?candidate_id=1657,SRIRANGAM,Amma Makkal Munnettra Kazagam,0,Post Graduate,"Rs 92,74,00,454 ~ 92 Crore+","Rs 18,30,85,000 ~ 18 Crore+"
2976,4107,Sarvaloga Dayabaran.,https://www.myneta.info/TamilNadu2021/candidate.php?candidate_id=4107,TIRUPPUR SOUTH,IND,0,Post Graduate,https://myneta.info/image_v2.php?myneta_folder=TamilNadu2021&candidate_id=4107&col=ta,https://myneta.info/image_v2.php?myneta_folder=TamilNadu2021&candidate_id=4107&col=lia
2977,4179,Sasi Murugan C,https://www.myneta.info/TamilNadu2021/candidate.php?candidate_id=4179,OTTAPIDARAM (SC),IND,0,10th Pass,"Rs 2,19,000 ~ 2 Lacs+",Rs 0 ~
2978,1820,Sasidaran.S,https://www.myneta.info/TamilNadu2021/candidate.php?candidate_id=1820,DR.RADHAKRISHNAN NAGAR,IND,0,Post Graduate,"Rs 5,38,093 ~ 5 Lacs+",Rs 0 ~
2979,1198,Sasikala R.,https://www.myneta.info/TamilNadu2021/candidate.php?candidate_id=1198,KANNIYAKUMARI,Naam Tamilar Katchi,0,12th Pass,https://myneta.info/image_v2.php?myneta_folder=TamilNadu2021&candidate_id=1198&col=ta,https://myneta.info/image_v2.php?myneta_folder=TamilNadu2021&candidate_id=1198&col=lia
2980,572,Sasikala S,https://www.myneta.info/TamilNadu2021/candidate.php?candidate_id=572,PARAMAKUDI (SC),Naam Tamilar Katchi,0,Post Graduate,"Rs 9,89,000 ~ 9 Lacs+","Rs 8,00,000 ~ 8 Lacs+"
2981,2441,"Sasikala, M.",https://www.myneta.info/TamilNadu2021/candidate.php?candidate_id=2441,PERAMBALUR (SC),Indiya Jananayaka Katchi,0,Graduate Professional,"Rs 88,78,228 ~ 88 Lacs+",Rs 0 ~
2982,602,Sasikumar,https://www.myneta.info/TamilNadu2021/candidate.php?candidate_id=602,PUDUKKOTTAI,Naam Tamilar Katchi,1,Post Graduate,https://myneta.info/image_v2.php?myneta_folder=TamilNadu2021&candidate_id=602&col=ta,https://myneta.info/image_v2.php?myneta_folder=TamilNadu2021&candidate_id=602&col=lia
2983,3813,Sasikumar Lakshmipathy,https://www.myneta.info/TamilNadu2021/candidate.php?candidate_id=3813,PALLAVARAM,National Democratic Party of South India,0,Graduate Professional,"Rs 11,45,179 ~ 11 Lacs+","Rs 14,94,021 ~ 14 Lacs+"
2984,3510,"Sasikumar, J.",https://www.myneta.info/TamilNadu2021/candidate.php?candidate_id=3510,THIRUVALLUR,IND,0,Graduate Professional,"Rs 21,56,359 ~ 21 Lacs+",Rs 0 ~
2985,2482,"Sasikumar, M",https://www.myneta.info/TamilNadu2021/candidate.php?candidate_id=2482,SINGANALLUR,Anna Dravidar Kazhagam,0,Others,https://myneta.info/image_v2.php?myneta_folder=TamilNadu2021&candidate_id=2482&col=ta,https://myneta.info/image_v2.php?myneta_folder=TamilNadu2021&candidate_id=2482&col=lia
2986,1331,Sasikumar.K.S,https://www.myneta.info/TamilNadu2021/candidate.php?candidate_id=1331,KRISHNAGIRI,Anna Puratchi Thalaivar Amma Dravida Munnetra Kazhagam,0,8th Pass,"Rs 3,32,000 ~ 3 Lacs+",Rs 0 ~
2987,2247,Sathasivam,https://www.myneta.info/TamilNadu2021/candidate.php?candidate_id=2247,VIRUGAMPAKKAM,IND,0,Graduate,"Rs 4,26,090 ~ 4 Lacs+","Rs 6,09,000 ~ 6 Lacs+"
2988,2877,Satheesh Kumar D,https://www.myneta.info/TamilNadu2021/candidate.php?candidate_id=2877,NAGERCOIL,Anaithu Makkal Arasiyal Katchi,0,10th Pass,https://myneta.info/image_v2.php?myneta_folder=TamilNadu2021&candidate_id=2877&col=ta,https://myneta.info/image_v2.php?myneta_folder=TamilNadu2021&candidate_id=2877&col=lia
2989,2859,Satheesh Kumar.P,https://www.myneta.info/TamilNadu2021/candidate.php?candidate_id=2859,BHAVANI,IND,0,10th Pass,"Rs 2,17,79,100 ~ 2 Crore+","Rs 51,72,700 ~ 51 Lacs+"
2990,2903,Satheesh S,https://www.myneta.info/TamilNadu2021/candidate.php?candidate_id=2903,VILAVANCODE,IND,1,10th Pass,"Rs 15,08,028 ~ 15 Lacs+",Rs 0 ~
2991,1750,Satheesh. J,https://www.myneta.info/TamilNadu2021/candidate.php?candidate_id=1750,PERAMBUR,IND,0,8th Pass,https://myneta.info/image_v2.php?myneta_folder=TamilNadu2021&candidate_id=1750&col=ta,https://myneta.info/image_v2.php?myneta_folder=TamilNadu2021&candidate_id=1750&col=lia
2992,2924,Satheeshkumar. T,https://www.myneta.info/TamilNadu2021/candidate.php?candidate_id=2924,ARAVAKURICHI,IND,0,Graduate Professional,"Rs 45,000 ~ 45 Thou+",Rs 0 ~
2993,3210,Sathieshkumar C,https://www.myneta.info/TamilNadu2021/candidate.php?candidate_id=3210,TIRUCHENGODU,IND,0,12th Pass,"Rs 25,03,000 ~ 25 Lacs+",Rs 0 ~
2994,2478,"Sathieshkumar, V.T.",https://www.myneta.info/TamilNadu2021/candidate.php?candidate_id=2478,POLLACHI,Makkal Needhi Maiam,0,12th Pass,https://myneta.info/image_v2.php?myneta_folder=TamilNadu2021&candidate_id=2478&col=ta,https://myneta.info/image_v2.php?myneta_folder=TamilNadu2021&candidate_id=2478&col=lia
2995,1387,"Sathik Basha, A.S.",https://www.myneta.info/TamilNadu2021/candidate.php?candidate_id=1387,KUNNAM,Makkal Needhi Maiam,0,10th Pass,"Rs 26,81,250 ~ 26 Lacs+","Rs 4,50,000 ~ 4 Lacs+"
2996,2266,Sathish Kumar. S,https://www.myneta.info/TamilNadu2021/candidate.php?candidate_id=2266,SAIDAPET,IND,0,Post Graduate,"Rs 1,05,000 ~ 1 Lacs+",Rs 0 ~
2997,1423,Sathish Kumar. S,https://www.myneta.info/TamilNadu2021/candidate.php?candidate_id=1423,MADHAVARAM,IND,0,10th Pass,https://myneta.info/image_v2.php?myneta_folder=TamilNadu2021&candidate_id=1423&col=ta,https://myneta.info/image_v2.php?myneta_folder=TamilNadu2021&candidate_id=1423&col=lia
2998,1167,Sathish Kumar.P,https://www.myneta.info/TamilNadu2021/candidate.php?candidate_id=1167,KANGAYAM,IND,0,12th Pass,"Rs 5,03,000 ~ 5 Lacs+",Rs 0 ~
2999,4037,Sathish R,https://www.myneta.info/TamilNadu2021/candidate.php?candidate_id=4037,VIKRAVANDI,IND,0,Graduate Professional,"Rs 3,21,933 ~ 3 Lacs+",Rs 0 ~
3000,2443,"Sathish, S.",https://www.myneta.info/TamilNadu2021/candidate.php?candidate_id=2443,PERAMBALUR (SC),IND,0,Graduate Professional,https://myneta.info/image_v2.php?myneta_folder=TamilNadu2021&candidate_id=2443&col=ta,https://myneta.info/image_v2.php?myneta_folder=TamilNadu2021&candidate_id=2443&col=lia
3001,1222,Sathish.P,https://www.myneta.info/TamilNadu2021/candidate.php?candidate_id=1222,KARUR,IND,0,Graduate Professional,"Rs 47,76,500 ~ 47 Lacs+",Rs 0 ~
3002,1704,Sathish.S,https://www.myneta.info/TamilNadu2021/candidate.php?candidate_id=1704,ROYAPURAM,IND,0,Graduate Professional,"Rs 31,48,611 ~ 31 Lacs+","Rs 16,99,276 ~ 16 Lacs+"
3003,3965,Sathishkumar .S,https://www.myneta.info/TamilNadu2021/candidate.php?candidate_id=3965,VELLORE,IND,0,5th Pass,https://myneta.info/image_v2.php?myneta_folder=TamilNadu2021&candidate_id=3965&col=ta,https://myneta.info/image_v2.php?myneta_folder=TamilNadu2021&candidate_id=3965&col=lia
3004,1694,Sathishkumar R,https://www.myneta.info/TamilNadu2021/candidate.php?candidate_id=1694,JAYANKONDAM,IND,0,Graduate,"Rs 50,60,681 ~ 50 Lacs+",Rs 0 ~
3005,2843,"Sathishkumar, N.",https://www.myneta.info/TamilNadu2021/candidate.php?candidate_id=2843,PERUNDURAI,IND,1,8th Pass,"Rs 13,20,000 ~ 13 Lacs+","Rs 8,00,000 ~ 8 Lacs+"
3006,2624,"Sathishkumar, V.",https://www.myneta.info/TamilNadu2021/candidate.php?candidate_id=2624,SANKARI,IND,0,8th Pass,https://myneta.info/image_v2.php?myneta_folder=TamilNadu2021&candidate_id=2624&col=ta,https://myneta.info/image_v2.php?myneta_folder=TamilNadu2021&candidate_id=2624&col=lia
3007,1740,Sathishkumar. S,https://www.myneta.info/TamilNadu2021/candidate.php?candidate_id=1740,PERAMBUR,IND,0,8th Pass,"Rs 13,500 ~ 13 Thou+",Rs 0 ~
3008,898,Sathishkumar.A,https://www.myneta.info/TamilNadu2021/candidate.php?candidate_id=898,CHENGALPATTU,Amma Makkal Munnettra Kazagam,0,Graduate Professional,"Rs 4,43,40,000 ~ 4 Crore+","Rs 2,59,50,000 ~ 2 Crore+"
3009,3181,Sathiskumar D,https://www.myneta.info/TamilNadu2021/candidate.php?candidate_id=3181,PARAMATHIVELUR,IND,0,10th Pass,https://myneta.info/image_v2.php?myneta_folder=TamilNadu2021&candidate_id=3181&col=ta,https://myneta.info/image_v2.php?myneta_folder=TamilNadu2021&candidate_id=3181&col=lia
3010,2211,Sathiskumar S,https://www.myneta.info/TamilNadu2021/candidate.php?candidate_id=2211,MANNARGUDI,Puthiya Tamilagam,0,Others,"Rs 12,14,000 ~ 12 Lacs+",Rs 0 ~
3011,1108,Sathiskumar.S,https://www.myneta.info/TamilNadu2021/candidate.php?candidate_id=1108,HARUR (SC),Indiya Jananayaka Katchi,0,Others,"Rs 1,80,000 ~ 1 Lacs+",Rs 0 ~
3012,744,Sathiyamoorthy,https://www.myneta.info/TamilNadu2021/candidate.php?candidate_id=744,ULUNDURPETTAI,BSP,0,Graduate,https://myneta.info/image_v2.php?myneta_folder=TamilNadu2021&candidate_id=744&col=ta,https://myneta.info/image_v2.php?myneta_folder=TamilNadu2021&candidate_id=744&col=lia
3013,2053,Sathiyanaarayanan B,https://www.myneta.info/TamilNadu2021/candidate.php?candidate_id=2053,THIYAGARAYANAGAR,AIADMK,1,Graduate,"Rs 25,95,99,194 ~ 25 Crore+","Rs 16,46,26,726 ~ 16 Crore+"
3014,2347,Sathiyanathan,https://www.myneta.info/TamilNadu2021/candidate.php?candidate_id=2347,VRIDHACHALAM,Anaithu Makkal Puratchi Katchi,0,8th Pass,"Rs 3,68,040 ~ 3 Lacs+",Rs 0 ~
3015,2769,Sathiyapriya,https://www.myneta.info/TamilNadu2021/candidate.php?candidate_id=2769,SALEM SOUTH,RPI(A),0,Graduate,https://myneta.info/image_v2.php?myneta_folder=TamilNadu2021&candidate_id=2769&col=ta,https://myneta.info/image_v2.php?myneta_folder=TamilNadu2021&candidate_id=2769&col=lia
3016,1515,Sathiyaraj S,https://www.myneta.info/TamilNadu2021/candidate.php?candidate_id=1515,MAILAM,IND,0,8th Pass,"Rs 3,50,000 ~ 3 Lacs+",Rs 0 ~
3017,4236,Sathiyaraj. P,https://www.myneta.info/TamilNadu2021/candidate.php?candidate_id=4236,POLUR,IND,0,Others,"Rs 15,62,020 ~ 15 Lacs+",Rs 0 ~
3018,1305,Sathiyaseelan,https://www.myneta.info/TamilNadu2021/candidate.php?candidate_id=1305,KOLATHUR,IND,0,Post Graduate,https://myneta.info/image_v2.php?myneta_folder=TamilNadu2021&candidate_id=1305&col=ta,https://myneta.info/image_v2.php?myneta_folder=TamilNadu2021&candidate_id=1305&col=lia
3019,2804,Sathiyavani,https://www.myneta.info/TamilNadu2021/candidate.php?candidate_id=2804,VEERAPANDI,Dhesiya Makkal Kazhagam,0,Illiterate,"Rs 50,000 ~ 50 Thou+",Rs 0 ~
3020,3081,Sathiyendran N,https://www.myneta.info/TamilNadu2021/candidate.php?candidate_id=3081,MADURAI CENTRAL,IND,0,Graduate,"Rs 11,97,262 ~ 11 Lacs+","Rs 2,13,000 ~ 2 Lacs+"
3021,3535,Sathya Priya A,https://www.myneta.info/TamilNadu2021/candidate.php?candidate_id=3535,MANAPPARAI,IND,0,Post Graduate,https://myneta.info/image_v2.php?myneta_folder=TamilNadu2021&candidate_id=3535&col=ta,https://myneta.info/image_v2.php?myneta_folder=TamilNadu2021&candidate_id=3535&col=lia
3022,707,"Sathya,B.",https://www.myneta.info/TamilNadu2021/candidate.php?candidate_id=707,TIRUNELVELI,Naam Tamilar Katchi,0,Graduate,"Rs 64,76,964 ~ 64 Lacs+","Rs 9,93,000 ~ 9 Lacs+"
3023,1488,Sathya. C.E,https://www.myneta.info/TamilNadu2021/candidate.php?candidate_id=1488,MADURANTAKAM (SC),DMK,7,Post Graduate,"Rs 89,19,034 ~ 89 Lacs+","Rs 14,00,000 ~ 14 Lacs+"
3024,2855,Sathya.M,https://www.myneta.info/TamilNadu2021/candidate.php?candidate_id=2855,BHAVANI,Naam Tamilar Katchi,1,Others,https://myneta.info/image_v2.php?myneta_folder=TamilNadu2021&candidate_id=2855&col=ta,https://myneta.info/image_v2.php?myneta_folder=TamilNadu2021&candidate_id=2855&col=lia
3025,1158,Sathyamoorthi.S,https://www.myneta.info/TamilNadu2021/candidate.php?candidate_id=1158,KANGAYAM,IND,0,Graduate Professional,"Rs 17,12,892 ~ 17 Lacs+","Rs 9,00,000 ~ 9 Lacs+"
3026,600,Sathyamurthy A C,https://www.myneta.info/TamilNadu2021/candidate.php?candidate_id=600,POONAMALLEE (SC),BSP,0,Graduate Professional,"Rs 27,10,000 ~ 27 Lacs+",Rs 0 ~
3027,1338,Sathyaraj,https://www.myneta.info/TamilNadu2021/candidate.php?candidate_id=1338,KRISHNARAYAPURAM (SC),IND,0,12th Pass,https://myneta.info/image_v2.php?myneta_folder=TamilNadu2021&candidate_id=1338&col=ta,https://myneta.info/image_v2.php?myneta_folder=TamilNadu2021&candidate_id=1338&col=lia
3028,3325,Sathyaraj,https://www.myneta.info/TamilNadu2021/candidate.php?candidate_id=3325,TIRUVADANAI,Makkal Needhi Maiam,0,Post Graduate,"Rs 10,31,860 ~ 10 Lacs+",Rs 0 ~
3029,3814,Sathyaseelan,https://www.myneta.info/TamilNadu2021/candidate.php?candidate_id=3814,PALLAVARAM,LJP,0,10th Pass,"Rs 9,83,50,000 ~ 9 Crore+",Rs 0 ~
3030,2664,Savadamuthu A,https://www.myneta.info/TamilNadu2021/candidate.php?candidate_id=2664,ATHOOR,IND,0,10th Pass,https://myneta.info/image_v2.php?myneta_folder=TamilNadu2021&candidate_id=2664&col=ta,https://myneta.info/image_v2.php?myneta_folder=TamilNadu2021&candidate_id=2664&col=lia
3031,820,Savarianandham V,https://www.myneta.info/TamilNadu2021/candidate.php?candidate_id=820,ARIYALUR,BSP,0,Graduate Professional,"Rs 10,300 ~ 10 Thou+",Rs 0 ~
3032,3084,"Savitha, R.",https://www.myneta.info/TamilNadu2021/candidate.php?candidate_id=3084,THIRUPARANKUNDRAM,Anna MGR Dravida Makkal Kalgam,0,Graduate Professional,"Rs 26,45,000 ~ 26 Lacs+",Rs 0 ~
3033,2059,Sdr Vijayaseelan,https://www.myneta.info/TamilNadu2021/candidate.php?candidate_id=2059,THOOTHUKUDI,AIADMK,0,12th Pass,https://myneta.info/image_v2.php?myneta_folder=TamilNadu2021&candidate_id=2059&col=ta,https://myneta.info/image_v2.php?myneta_folder=TamilNadu2021&candidate_id=2059&col=lia
3034,181,Se.Venkatajalam,https://www.myneta.info/TamilNadu2021/candidate.php?candidate_id=181,SALEM SOUTH,Amma Makkal Munnettra Kazagam,2,10th Pass,"Rs 11,99,00,731 ~ 11 Crore+",Rs 0 ~
3035,1486,Sebasthiyan. B,https://www.myneta.info/TamilNadu2021/candidate.php?candidate_id=1486,MADURAI WEST,IND,0,Literate,"Rs 23,000 ~ 23 Thou+",Rs 0 ~
3036,45,Sebastin. J,https://www.myneta.info/TamilNadu2021/candidate.php?candidate_id=45,PERAMBUR,SUCI(C),0,10th Pass,https://myneta.info/image_v2.php?myneta_folder=TamilNadu2021&candidate_id=45&col=ta,https://myneta.info/image_v2.php?myneta_folder=TamilNadu2021&candidate_id=45&col=lia
3037,1693,Sedhuraman R,https://www.myneta.info/TamilNadu2021/candidate.php?candidate_id=1693,JAYANKONDAM,IND,0,10th Pass,"Rs 35,000 ~ 35 Thou+",Rs 0 ~
3038,2890,Seelan,https://www.myneta.info/TamilNadu2021/candidate.php?candidate_id=2890,PADMANABHAPURAM,Naam Tamilar Katchi,0,Graduate Professional,"Rs 72,87,598 ~ 72 Lacs+","Rs 67,000 ~ 67 Thou+"
3039,1265,Seema A,https://www.myneta.info/TamilNadu2021/candidate.php?candidate_id=1265,KILLIYOOR,Amma Makkal Munnettra Kazagam,0,12th Pass,https://myneta.info/image_v2.php?myneta_folder=TamilNadu2021&candidate_id=1265&col=ta,https://myneta.info/image_v2.php?myneta_folder=TamilNadu2021&candidate_id=1265&col=lia
3040,681,Seeman,https://www.myneta.info/TamilNadu2021/candidate.php?candidate_id=681,THIRUVOTTIYUR,Naam Tamilar Katchi,17,Graduate,"Rs 1,25,31,531 ~ 1 Crore+","Rs 6,09,659 ~ 6 Lacs+"
3041,4126,Seeni Selvi K,https://www.myneta.info/TamilNadu2021/candidate.php?candidate_id=4126,VILATHIKULAM,Amma Makkal Munnettra Kazagam,0,Graduate Professional,"Rs 1,83,39,149 ~ 1 Crore+","Rs 1,12,71,642 ~ 1 Crore+"
3042,509,Seeni.Prakasu,https://www.myneta.info/TamilNadu2021/candidate.php?candidate_id=509,KULITHALAI,Naam Tamilar Katchi,1,10th Pass,https://myneta.info/image_v2.php?myneta_folder=TamilNadu2021&candidate_id=509&col=ta,https://myneta.info/image_v2.php?myneta_folder=TamilNadu2021&candidate_id=509&col=lia
3043,314,Seenivasan A.R.R,https://www.myneta.info/TamilNadu2021/candidate.php?candidate_id=314,VIRUDHUNAGAR,DMK,3,12th Pass,"Rs 96,29,516 ~ 96 Lacs+","Rs 2,32,896 ~ 2 Lacs+"
3044,2341,"Seenuvasan, C.",https://www.myneta.info/TamilNadu2021/candidate.php?candidate_id=2341,TITTAKUDI (SC),IND,0,Graduate,"Rs 11,40,000 ~ 11 Lacs+",Rs 0 ~
3045,186,Seerangan P,https://www.myneta.info/TamilNadu2021/candidate.php?candidate_id=186,RASIPURAM(SC),IND,0,Illiterate,https://myneta.info/image_v2.php?myneta_folder=TamilNadu2021&candidate_id=186&col=ta,https://myneta.info/image_v2.php?myneta_folder=TamilNadu2021&candidate_id=186&col=lia
3046,3183,Seerangan P,https://www.myneta.info/TamilNadu2021/candidate.php?candidate_id=3183,PARAMATHIVELUR,IND,0,10th Pass,"Rs 13,10,000 ~ 13 Lacs+","Rs 95,000 ~ 95 Thou+"
3047,3842,Seethalakshm,https://www.myneta.info/TamilNadu2021/candidate.php?candidate_id=3842,CHENGALPATTU,IND,0,12th Pass,"Rs 23,000 ~ 23 Thou+",Rs 0 ~
3048,2868,Seethalakshmi M.K,https://www.myneta.info/TamilNadu2021/candidate.php?candidate_id=2868,GOBICHETTIPALAYAM,Naam Tamilar Katchi,2,Post Graduate,https://myneta.info/image_v2.php?myneta_folder=TamilNadu2021&candidate_id=2868&col=ta,https://myneta.info/image_v2.php?myneta_folder=TamilNadu2021&candidate_id=2868&col=lia
3049,693,Seethapathy P,https://www.myneta.info/TamilNadu2021/candidate.php?candidate_id=693,TINDIVANAM (SC),DMK,5,Post Graduate,"Rs 1,82,46,223 ~ 1 Crore+","Rs 7,86,904 ~ 7 Lacs+"
3050,2168,Sekar K,https://www.myneta.info/TamilNadu2021/candidate.php?candidate_id=2168,THOUSAND LIGHTS,IND,0,5th Pass,"Rs 20,000 ~ 20 Thou+",Rs 0 ~
3051,3185,Sekar N,https://www.myneta.info/TamilNadu2021/candidate.php?candidate_id=3185,PARAMATHIVELUR,IND,0,10th Pass,https://myneta.info/image_v2.php?myneta_folder=TamilNadu2021&candidate_id=3185&col=ta,https://myneta.info/image_v2.php?myneta_folder=TamilNadu2021&candidate_id=3185&col=lia
3052,3058,Sekar N,https://www.myneta.info/TamilNadu2021/candidate.php?candidate_id=3058,SHOLAVANDAN (SC),IND,0,Others,"Rs 11,50,000 ~ 11 Lacs+","Rs 2,26,000 ~ 2 Lacs+"
3053,1510,Sekar Nayakkar I M,https://www.myneta.info/TamilNadu2021/candidate.php?candidate_id=1510,MAILAM,IND,0,Graduate,"Rs 29,43,000 ~ 29 Lacs+",Rs 0 ~
3054,3186,Sekar R,https://www.myneta.info/TamilNadu2021/candidate.php?candidate_id=3186,PARAMATHIVELUR,IND,0,10th Pass,https://myneta.info/image_v2.php?myneta_folder=TamilNadu2021&candidate_id=3186&col=ta,https://myneta.info/image_v2.php?myneta_folder=TamilNadu2021&candidate_id=3186&col=lia
3055,573,Sekar S,https://www.myneta.info/TamilNadu2021/candidate.php?candidate_id=573,PARAMATHIVELUR,AIADMK,0,Graduate Professional,"Rs 2,26,61,492 ~ 2 Crore+","Rs 62,35,983 ~ 62 Lacs+"
3056,2811,"Sekar, M.",https://www.myneta.info/TamilNadu2021/candidate.php?candidate_id=2811,VEERAPANDI,IND,0,5th Pass,"Rs 3,02,200 ~ 3 Lacs+",Rs 0 ~
3057,3434,"Sekar, M.",https://www.myneta.info/TamilNadu2021/candidate.php?candidate_id=3434,ORATHANADU,Amma Makkal Munnettra Kazagam,1,10th Pass,https://myneta.info/image_v2.php?myneta_folder=TamilNadu2021&candidate_id=3434&col=ta,https://myneta.info/image_v2.php?myneta_folder=TamilNadu2021&candidate_id=3434&col=lia
3058,3095,"Sekar, S.",https://www.myneta.info/TamilNadu2021/candidate.php?candidate_id=3095,THIRUPARANKUNDRAM,IND,0,8th Pass,"Rs 70,000 ~ 70 Thou+",Rs 0 ~
3059,1741,Sekar. P,https://www.myneta.info/TamilNadu2021/candidate.php?candidate_id=1741,PERAMBUR,IND,0,5th Pass,"Rs 40,200 ~ 40 Thou+",Rs 0 ~
3060,1795,Sekar.E,https://www.myneta.info/TamilNadu2021/candidate.php?candidate_id=1795,THIRU-VI-KA-NAGAR (SC),IND,0,10th Pass,https://myneta.info/image_v2.php?myneta_folder=TamilNadu2021&candidate_id=1795&col=ta,https://myneta.info/image_v2.php?myneta_folder=TamilNadu2021&candidate_id=1795&col=lia
3061,1560,Sekar.M.P,https://www.myneta.info/TamilNadu2021/candidate.php?candidate_id=1560,THIRU-VI-KA-NAGAR (SC),DMDK,0,5th Pass,"Rs 33,79,000 ~ 33 Lacs+","Rs 30,000 ~ 30 Thou+"
3062,2155,Sekar.M.V,https://www.myneta.info/TamilNadu2021/candidate.php?candidate_id=2155,THALLY,Amma Makkal Munnettra Kazagam,0,Graduate,"Rs 2,45,65,000 ~ 2 Crore+","Rs 71,00,000 ~ 71 Lacs+"
3063,2714,Sekar.P,https://www.myneta.info/TamilNadu2021/candidate.php?candidate_id=2714,METTUR,IND,0,8th Pass,https://myneta.info/image_v2.php?myneta_folder=TamilNadu2021&candidate_id=2714&col=ta,https://myneta.info/image_v2.php?myneta_folder=TamilNadu2021&candidate_id=2714&col=lia
3064,591,Sekaran. K.V,https://www.myneta.info/TamilNadu2021/candidate.php?candidate_id=591,POLUR,DMK,1,10th Pass,"Rs 2,39,51,894 ~ 2 Crore+","Rs 33,20,000 ~ 33 Lacs+"
3065,422,Sekarbabu. P.K,https://www.myneta.info/TamilNadu2021/candidate.php?candidate_id=422,HARBOUR,DMK,25,10th Pass,"Rs 2,10,54,762 ~ 2 Crore+","Rs 17,80,000 ~ 17 Lacs+"
3066,2602,"Sellammal,V.M.",https://www.myneta.info/TamilNadu2021/candidate.php?candidate_id=2602,GANGAVALLI (SC),BSP,0,8th Pass,https://myneta.info/image_v2.php?myneta_folder=TamilNadu2021&candidate_id=2602&col=ta,https://myneta.info/image_v2.php?myneta_folder=TamilNadu2021&candidate_id=2602&col=lia
3067,2507,Selva Kumar D,https://www.myneta.info/TamilNadu2021/candidate.php?candidate_id=2507,SULUR,IND,0,10th Pass,"Rs 32,20,000 ~ 32 Lacs+","Rs 14,85,000 ~ 14 Lacs+"
3068,164,Selva Mohandas Pandian.S,https://www.myneta.info/TamilNadu2021/candidate.php?candidate_id=164,TENKASI,AIADMK,1,Others,"Rs 4,81,35,530 ~ 4 Crore+","Rs 1,87,51,657 ~ 1 Crore+"
3069,2484,"Selva, S.R",https://www.myneta.info/TamilNadu2021/candidate.php?candidate_id=2484,SINGANALLUR,Amma Makkal Munnettra Kazagam,0,Post Graduate,https://myneta.info/image_v2.php?myneta_folder=TamilNadu2021&candidate_id=2484&col=ta,https://myneta.info/image_v2.php?myneta_folder=TamilNadu2021&candidate_id=2484&col=lia
3070,1065,Selvakkumar S,https://www.myneta.info/TamilNadu2021/candidate.php?candidate_id=1065,GOBICHETTIPALAYAM,IND,0,Literate,"Rs 1,65,000 ~ 1 Lacs+",Rs 0 ~
3071,953,Selvakumar,https://www.myneta.info/TamilNadu2021/candidate.php?candidate_id=953,COIMBATORE SOUTH,IND,0,Graduate,"Rs 59,20,560 ~ 59 Lacs+","Rs 6,00,000 ~ 6 Lacs+"
3072,2296,Selvakumar,https://www.myneta.info/TamilNadu2021/candidate.php?candidate_id=2296,MYLAPORE,IND,0,5th Pass,https://myneta.info/image_v2.php?myneta_folder=TamilNadu2021&candidate_id=2296&col=ta,https://myneta.info/image_v2.php?myneta_folder=TamilNadu2021&candidate_id=2296&col=lia
3073,3161,Selvakumar E,https://www.myneta.info/TamilNadu2021/candidate.php?candidate_id=3161,NAMAKKAL,Manitha Urimaigal Kalaagam,0,Graduate,"Rs 42,95,000 ~ 42 Lacs+","Rs 38,00,000 ~ 38 Lacs+"
3074,837,Selvakumar P,https://www.myneta.info/TamilNadu2021/candidate.php?candidate_id=837,ATHOOR,Amma Makkal Munnettra Kazagam,0,10th Pass,"Rs 43,53,426 ~ 43 Lacs+",Rs 0 ~
3075,1199,Selvakumar P.T.,https://www.myneta.info/TamilNadu2021/candidate.php?candidate_id=1199,KANNIYAKUMARI,Makkal Needhi Maiam,0,Graduate Professional,https://myneta.info/image_v2.php?myneta_folder=TamilNadu2021&candidate_id=1199&col=ta,https://myneta.info/image_v2.php?myneta_folder=TamilNadu2021&candidate_id=1199&col=lia
3076,3169,Selvakumar R,https://www.myneta.info/TamilNadu2021/candidate.php?candidate_id=3169,NAMAKKAL,IND,0,Others,"Rs 82,500 ~ 82 Thou+",Rs 0 ~
3077,3905,Selvakumar V.R,https://www.myneta.info/TamilNadu2021/candidate.php?candidate_id=3905,VIRUDHUNAGAR,Naam Tamilar Katchi,0,Graduate Professional,"Rs 67,02,569 ~ 67 Lacs+","Rs 5,70,000 ~ 5 Lacs+"
3078,2313,Selvakumar. R,https://www.myneta.info/TamilNadu2021/candidate.php?candidate_id=2313,HARBOUR,IND,0,10th Pass,https://myneta.info/image_v2.php?myneta_folder=TamilNadu2021&candidate_id=2313&col=ta,https://myneta.info/image_v2.php?myneta_folder=TamilNadu2021&candidate_id=2313&col=lia
3079,662,Selvakumar.A,https://www.myneta.info/TamilNadu2021/candidate.php?candidate_id=662,THIRU-VI-KA-NAGAR (SC),IND,0,Not Given,"Rs 12,72,825 ~ 12 Lacs+",Rs 0 ~
3080,1709,Selvakumar.J,https://www.myneta.info/TamilNadu2021/candidate.php?candidate_id=1709,ROYAPURAM,IND,0,10th Pass,"Rs 8,24,303 ~ 8 Lacs+",Rs 0 ~
3081,1164,Selvakumar.K,https://www.myneta.info/TamilNadu2021/candidate.php?candidate_id=1164,KANGAYAM,IND,0,Post Graduate,https://myneta.info/image_v2.php?myneta_folder=TamilNadu2021&candidate_id=1164&col=ta,https://myneta.info/image_v2.php?myneta_folder=TamilNadu2021&candidate_id=1164&col=lia
3082,1242,Selvakumar.M,https://www.myneta.info/TamilNadu2021/candidate.php?candidate_id=1242,KARUR,IND,0,Graduate Professional,"Rs 50,12,000 ~ 50 Lacs+","Rs 14,50,000 ~ 14 Lacs+"
3083,2074,Selvakumar.M,https://www.myneta.info/TamilNadu2021/candidate.php?candidate_id=2074,TIRUPPUR NORTH,DMDK,0,8th Pass,"Rs 58,73,630 ~ 58 Lacs+","Rs 20,87,099 ~ 20 Lacs+"
3084,3735,Selvakumar.R,https://www.myneta.info/TamilNadu2021/candidate.php?candidate_id=3735,TENKASI,Naam Indiar Party,0,10th Pass,https://myneta.info/image_v2.php?myneta_folder=TamilNadu2021&candidate_id=3735&col=ta,https://myneta.info/image_v2.php?myneta_folder=TamilNadu2021&candidate_id=3735&col=lia
3085,2981,Selvakumar.S,https://www.myneta.info/TamilNadu2021/candidate.php?candidate_id=2981,KRISHNARAYAPURAM (SC),IND,0,Graduate Professional,"Rs 1,39,000 ~ 1 Lacs+",Rs 0 ~
3086,1507,Selvakumar.V,https://www.myneta.info/TamilNadu2021/candidate.php?candidate_id=1507,MADHURAVOYAL,IND,0,8th Pass,"Rs 11,72,528 ~ 11 Lacs+",Rs 0 ~
3087,1112,Selvam G,https://www.myneta.info/TamilNadu2021/candidate.php?candidate_id=1112,HOSUR,New Generation Peoples Party,0,12th Pass,https://myneta.info/image_v2.php?myneta_folder=TamilNadu2021&candidate_id=1112&col=ta,https://myneta.info/image_v2.php?myneta_folder=TamilNadu2021&candidate_id=1112&col=lia
3088,317,Selvam J,https://www.myneta.info/TamilNadu2021/candidate.php?candidate_id=317,VILLUPURAM,Naam Tamilar Katchi,1,10th Pass,"Rs 7,08,000 ~ 7 Lacs+",Rs 0 ~
3089,132,Selvam S K,https://www.myneta.info/TamilNadu2021/candidate.php?candidate_id=132,VEERAPANDI,Amma Makkal Munnettra Kazagam,4,10th Pass,"Rs 1,10,27,329 ~ 1 Crore+",Rs 0 ~
3090,2447,"Selvam, J.",https://www.myneta.info/TamilNadu2021/candidate.php?candidate_id=2447,KUNNAM,IND,0,Graduate,https://myneta.info/image_v2.php?myneta_folder=TamilNadu2021&candidate_id=2447&col=ta,https://myneta.info/image_v2.php?myneta_folder=TamilNadu2021&candidate_id=2447&col=lia
3091,203,"Selvam, S.D.S.",https://www.myneta.info/TamilNadu2021/candidate.php?candidate_id=203,PATTUKKOTTAI,Amma Makkal Munnettra Kazagam,0,Graduate Professional,"Rs 2,94,39,000 ~ 2 Crore+","Rs 2,55,00,000 ~ 2 Crore+"
3092,1822,Selvam. P,https://www.myneta.info/TamilNadu2021/candidate.php?candidate_id=1822,HARBOUR,IND,0,8th Pass,"Rs 1,95,000 ~ 1 Lacs+",Rs 0 ~
3093,569,Selvam.P,https://www.myneta.info/TamilNadu2021/candidate.php?candidate_id=569,PAPPIREDDIPATTI,IND,0,Post Graduate,https://myneta.info/image_v2.php?myneta_folder=TamilNadu2021&candidate_id=569&col=ta,https://myneta.info/image_v2.php?myneta_folder=TamilNadu2021&candidate_id=569&col=lia
3094,799,Selvam.S.R,https://www.myneta.info/TamilNadu2021/candidate.php?candidate_id=799,ANTHIYUR,Amma Makkal Munnettra Kazagam,0,8th Pass,"Rs 2,74,19,900 ~ 2 Crore+","Rs 20,62,500 ~ 20 Lacs+"
3095,2713,Selvan,https://www.myneta.info/TamilNadu2021/candidate.php?candidate_id=2713,METTUR,IND,0,5th Pass,"Rs 40,000 ~ 40 Thou+",Rs 0 ~
3096,2508,Selvan S,https://www.myneta.info/TamilNadu2021/candidate.php?candidate_id=2508,SULUR,IND,0,10th Pass,https://myneta.info/image_v2.php?myneta_folder=TamilNadu2021&candidate_id=2508&col=ta,https://myneta.info/image_v2.php?myneta_folder=TamilNadu2021&candidate_id=2508&col=lia
3097,4109,Selvan. K.,https://www.myneta.info/TamilNadu2021/candidate.php?candidate_id=4109,TIRUPPUR SOUTH,IND,0,Literate,"Rs 30,000 ~ 30 Thou+",Rs 0 ~
3098,2028,Selvaperunthagai,https://www.myneta.info/TamilNadu2021/candidate.php?candidate_id=2028,SRIPERUMBUDUR (SC),INC,3,Graduate Professional,"Rs 27,54,57,744 ~ 27 Crore+","Rs 1,63,65,725 ~ 1 Crore+"
3099,118,Selvaraj A K,https://www.myneta.info/TamilNadu2021/candidate.php?candidate_id=118,METTUPALAYAM,AIADMK,0,Graduate,https://myneta.info/image_v2.php?myneta_folder=TamilNadu2021&candidate_id=118&col=ta,https://myneta.info/image_v2.php?myneta_folder=TamilNadu2021&candidate_id=118&col=lia
3100,3863,Selvaraj G.,https://www.myneta.info/TamilNadu2021/candidate.php?candidate_id=3863,RAJAPALAYAM,IND,0,12th Pass,"Rs 3,97,000 ~ 3 Lacs+",Rs 0 ~
3101,3216,Selvaraj K R,https://www.myneta.info/TamilNadu2021/candidate.php?candidate_id=3216,TIRUCHENGODU,IND,0,10th Pass,"Rs 1,59,43,353 ~ 1 Crore+",Rs 0 ~
3102,3146,Selvaraj V,https://www.myneta.info/TamilNadu2021/candidate.php?candidate_id=3146,SENTHAMANGALAM(ST),Indiya Jananayaka Katchi,0,5th Pass,https://myneta.info/image_v2.php?myneta_folder=TamilNadu2021&candidate_id=3146&col=ta,https://myneta.info/image_v2.php?myneta_folder=TamilNadu2021&candidate_id=3146&col=lia
3103,4061,Selvaraj V,https://www.myneta.info/TamilNadu2021/candidate.php?candidate_id=4061,DHARAPURAM (SC),IND,0,Illiterate,"Rs 4,02,000 ~ 4 Lacs+",Rs 0 ~
3104,2787,Selvaraj V,https://www.myneta.info/TamilNadu2021/candidate.php?candidate_id=2787,VEDASANDUR,IND,1,10th Pass,"Rs 76,300 ~ 76 Thou+",Rs 0 ~
3105,3560,"Selvaraj, D.",https://www.myneta.info/TamilNadu2021/candidate.php?candidate_id=3560,TIRUCHIRAPPALLI WEST,IND,0,10th Pass,https://myneta.info/image_v2.php?myneta_folder=TamilNadu2021&candidate_id=3560&col=ta,https://myneta.info/image_v2.php?myneta_folder=TamilNadu2021&candidate_id=3560&col=lia
3106,4108,Selvaraj. A.,https://www.myneta.info/TamilNadu2021/candidate.php?candidate_id=4108,TIRUPPUR SOUTH,IND,0,5th Pass,"Rs 48,431 ~ 48 Thou+",Rs 0 ~
3107,144,Selvaraj. K.,https://www.myneta.info/TamilNadu2021/candidate.php?candidate_id=144,TIRUPPUR SOUTH,DMK,4,5th Pass,"Rs 2,53,57,510 ~ 2 Crore+","Rs 51,20,297 ~ 51 Lacs+"
3108,1744,Selvaraj. R,https://www.myneta.info/TamilNadu2021/candidate.php?candidate_id=1744,PERAMBUR,IND,0,10th Pass,https://myneta.info/image_v2.php?myneta_folder=TamilNadu2021&candidate_id=1744&col=ta,https://myneta.info/image_v2.php?myneta_folder=TamilNadu2021&candidate_id=1744&col=lia
3109,2314,Selvaraj. S,https://www.myneta.info/TamilNadu2021/candidate.php?candidate_id=2314,HARBOUR,IND,0,Graduate Professional,"Rs 8,35,019 ~ 8 Lacs+",Rs 0 ~
3110,1257,Selvaraj.M,https://www.myneta.info/TamilNadu2021/candidate.php?candidate_id=1257,KAVUNDAMPALAYAM,New Generation Peoples Party,0,5th Pass,"Rs 40,19,980 ~ 40 Lacs+","Rs 22,23,000 ~ 22 Lacs+"
3111,3784,Selvaraj.M,https://www.myneta.info/TamilNadu2021/candidate.php?candidate_id=3784,KALLAKURICHI (SC),IND,0,Others,https://myneta.info/image_v2.php?myneta_folder=TamilNadu2021&candidate_id=3784&col=ta,https://myneta.info/image_v2.php?myneta_folder=TamilNadu2021&candidate_id=3784&col=lia
3112,901,Selvaraji.V,https://www.myneta.info/TamilNadu2021/candidate.php?candidate_id=901,CHENGAM (SC),IND,0,Post Graduate,"Rs 7,65,000 ~ 7 Lacs+","Rs 3,94,000 ~ 3 Lacs+"
3113,1394,"Selvaraju, R.",https://www.myneta.info/TamilNadu2021/candidate.php?candidate_id=1394,KUNNAM,IND,0,12th Pass,"Rs 4,27,000 ~ 4 Lacs+",Rs 0 ~
3114,1083,Selvavinayagam.D,https://www.myneta.info/TamilNadu2021/candidate.php?candidate_id=1083,GUDIYATTAM (SC),All Pensioner’s Party,0,10th Pass,https://myneta.info/image_v2.php?myneta_folder=TamilNadu2021&candidate_id=1083&col=ta,https://myneta.info/image_v2.php?myneta_folder=TamilNadu2021&candidate_id=1083&col=lia
3115,1907,Selvi K,https://www.myneta.info/TamilNadu2021/candidate.php?candidate_id=1907,NAMAKKAL,DMDK,0,Graduate Professional,"Rs 1,93,15,000 ~ 1 Crore+","Rs 19,00,000 ~ 19 Lacs+"
3116,1401,Selvi Ramajayam,https://www.myneta.info/TamilNadu2021/candidate.php?candidate_id=1401,KURINJIPADI,AIADMK,0,10th Pass,"Rs 1,71,98,361 ~ 1 Crore+","Rs 87,01,646 ~ 87 Lacs+"
3117,3313,Selvi U,https://www.myneta.info/TamilNadu2021/candidate.php?candidate_id=3313,PARAMAKUDI (SC),DMDK,0,10th Pass,https://myneta.info/image_v2.php?myneta_folder=TamilNadu2021&candidate_id=3313&col=ta,https://myneta.info/image_v2.php?myneta_folder=TamilNadu2021&candidate_id=3313&col=lia
3118,2236,Senegan,https://www.myneta.info/TamilNadu2021/candidate.php?candidate_id=2236,VIRUGAMPAKKAM,Makkal Needhi Maiam,0,12th Pass,"Rs 1,80,92,218 ~ 1 Crore+","Rs 37,17,726 ~ 37 Lacs+"
3119,630,Sengannan G,https://www.myneta.info/TamilNadu2021/candidate.php?candidate_id=630,SHOLAVANDAN (SC),Naam Tamilar Katchi,0,Graduate Professional,"Rs 3,82,178 ~ 3 Lacs+",Rs 0 ~
3120,2617,"Sengodan, K.",https://www.myneta.info/TamilNadu2021/candidate.php?candidate_id=2617,SANKARI,Makkal Needhi Maiam,0,10th Pass,https://myneta.info/image_v2.php?myneta_folder=TamilNadu2021&candidate_id=2617&col=ta,https://myneta.info/image_v2.php?myneta_folder=TamilNadu2021&candidate_id=2617&col=lia
3121,2625,"Sengoten, R.",https://www.myneta.info/TamilNadu2021/candidate.php?candidate_id=2625,SANKARI,IND,0,5th Pass,"Rs 50,500 ~ 50 Thou+",Rs 0 ~
3122,416,Sengottaiyan K.A,https://www.myneta.info/TamilNadu2021/candidate.php?candidate_id=416,GOBICHETTIPALAYAM,AIADMK,0,10th Pass,"Rs 12,39,14,561 ~ 12 Crore+","Rs 90,79,186 ~ 90 Lacs+"
3123,3201,Sengottuvellu N,https://www.myneta.info/TamilNadu2021/candidate.php?candidate_id=3201,TIRUCHENGODU,Ahimsa Socialist Party,0,8th Pass,https://myneta.info/image_v2.php?myneta_folder=TamilNadu2021&candidate_id=3201&col=ta,https://myneta.info/image_v2.php?myneta_folder=TamilNadu2021&candidate_id=3201&col=lia
3124,1669,Senguttuvan M,https://www.myneta.info/TamilNadu2021/candidate.php?candidate_id=1669,THIRUTHURAIPOONDI (SC),IND,0,Post Graduate,"Rs 2,87,000 ~ 2 Lacs+",Rs 0 ~
3125,264,Senguttuvan.M.R,https://www.myneta.info/TamilNadu2021/candidate.php?candidate_id=264,ANTHIYUR,IND,0,10th Pass,"Rs 5,89,323 ~ 5 Lacs+","Rs 28,000 ~ 28 Thou+"
3126,103,Senguttuvan.T,https://www.myneta.info/TamilNadu2021/candidate.php?candidate_id=103,KRISHNAGIRI,DMK,8,10th Pass,https://myneta.info/image_v2.php?myneta_folder=TamilNadu2021&candidate_id=103&col=ta,https://myneta.info/image_v2.php?myneta_folder=TamilNadu2021&candidate_id=103&col=lia
3127,3994,Senjiraja Kn,https://www.myneta.info/TamilNadu2021/candidate.php?candidate_id=3994,GINGEE,IND,1,12th Pass,"Rs 11,150 ~ 11 Thou+",Rs 0 ~
3128,615,Senthamizhan. G,https://www.myneta.info/TamilNadu2021/candidate.php?candidate_id=615,SAIDAPET,Amma Makkal Munnettra Kazagam,0,Post Graduate,"Rs 2,43,98,889 ~ 2 Crore+","Rs 1,03,33,749 ~ 1 Crore+"
3129,2742,Senthil Alagappan.A,https://www.myneta.info/TamilNadu2021/candidate.php?candidate_id=2742,DINDIGUL,IND,0,Post Graduate,https://myneta.info/image_v2.php?myneta_folder=TamilNadu2021&candidate_id=2742&col=ta,https://myneta.info/image_v2.php?myneta_folder=TamilNadu2021&candidate_id=2742&col=lia
3130,210,Senthil Kumar,https://www.myneta.info/TamilNadu2021/candidate.php?candidate_id=210,PALLAVARAM,Makkal Needhi Maiam,1,Post Graduate,"Rs 3,31,76,199 ~ 3 Crore+","Rs 62,30,000 ~ 62 Lacs+"
3131,990,Senthil Kumar Alias Senthil.A.,https://www.myneta.info/TamilNadu2021/candidate.php?candidate_id=990,DHARMAPURI,Naam Tamilar Katchi,1,Graduate Professional,"Rs 6,90,000 ~ 6 Lacs+",Rs 0 ~
3132,2329,Senthil Kumar H,https://www.myneta.info/TamilNadu2021/candidate.php?candidate_id=2329,CHEPAUK-THIRUVALLIKENI,IND,0,10th Pass,https://myneta.info/image_v2.php?myneta_folder=TamilNadu2021&candidate_id=2329&col=ta,https://myneta.info/image_v2.php?myneta_folder=TamilNadu2021&candidate_id=2329&col=lia
3133,213,Senthil Kumar I.P,https://www.myneta.info/TamilNadu2021/candidate.php?candidate_id=213,PALANI,DMK,14,Post Graduate,"Rs 8,06,15,229 ~ 8 Crore+","Rs 76,07,768 ~ 76 Lacs+"
3134,2499,Senthil Kumar. S.A.,https://www.myneta.info/TamilNadu2021/candidate.php?candidate_id=2499,SULUR,Amma Makkal Munnettra Kazagam,2,Others,"Rs 3,83,08,000 ~ 3 Crore+","Rs 53,92,926 ~ 53 Lacs+"
3135,2506,Senthil Kumar. S.A.P.,https://www.myneta.info/TamilNadu2021/candidate.php?candidate_id=2506,SULUR,IND,0,5th Pass,https://myneta.info/image_v2.php?myneta_folder=TamilNadu2021&candidate_id=2506&col=ta,https://myneta.info/image_v2.php?myneta_folder=TamilNadu2021&candidate_id=2506&col=lia
3136,1889,Senthil Kumar.D,https://www.myneta.info/TamilNadu2021/candidate.php?candidate_id=1889,MYLAPORE,Anaithu Makkal Arasiyal Katchi,0,Graduate Professional,"Rs 35,89,700 ~ 35 Lacs+","Rs 2,00,000 ~ 2 Lacs+"
3137,1200,Senthil Murugan P.,https://www.myneta.info/TamilNadu2021/candidate.php?candidate_id=1200,KANNIYAKUMARI,Amma Makkal Munnettra Kazagam,1,Graduate Professional,"Rs 3,63,75,000 ~ 3 Crore+","Rs 98,00,000 ~ 98 Lacs+"
3138,4031,Senthil R,https://www.myneta.info/TamilNadu2021/candidate.php?candidate_id=4031,VIKRAVANDI,Indiya Jananayaka Katchi,0,Others,https://myneta.info/image_v2.php?myneta_folder=TamilNadu2021&candidate_id=4031&col=ta,https://myneta.info/image_v2.php?myneta_folder=TamilNadu2021&candidate_id=4031&col=lia
3139,485,Senthilbalaji V,https://www.myneta.info/TamilNadu2021/candidate.php?candidate_id=485,KARUR,DMK,30,Graduate,"Rs 2,92,70,169 ~ 2 Crore+","Rs 9,05,000 ~ 9 Lacs+"
3140,3957,Senthilkumar,https://www.myneta.info/TamilNadu2021/candidate.php?candidate_id=3957,VELLORE,Veerath Thiyagi Viswanathadoss Thozhilalarkal Katchi,0,5th Pass,"Rs 35,000 ~ 35 Thou+",Rs 0 ~
3141,3214,Senthilkumar C,https://www.myneta.info/TamilNadu2021/candidate.php?candidate_id=3214,TIRUCHENGODU,IND,0,Others,https://myneta.info/image_v2.php?myneta_folder=TamilNadu2021&candidate_id=3214&col=ta,https://myneta.info/image_v2.php?myneta_folder=TamilNadu2021&candidate_id=3214&col=lia
3142,4040,Senthilkumar M,https://www.myneta.info/TamilNadu2021/candidate.php?candidate_id=4040,TIRUKKOYILUR,Indiya Jananayaka Katchi,0,10th Pass,"Rs 65,64,419 ~ 65 Lacs+",Rs 0 ~
3143,3246,Senthilkumar P,https://www.myneta.info/TamilNadu2021/candidate.php?candidate_id=3246,VIRALIMALAI,My India Party,0,5th Pass,"Rs 2,90,600 ~ 2 Lacs+",Rs 0 ~
3144,1597,Senthilkumar S,https://www.myneta.info/TamilNadu2021/candidate.php?candidate_id=1597,TIRUCHENDUR,IND,0,Graduate,https://myneta.info/image_v2.php?myneta_folder=TamilNadu2021&candidate_id=1597&col=ta,https://myneta.info/image_v2.php?myneta_folder=TamilNadu2021&candidate_id=1597&col=lia
3145,2809,"Senthilkumar, J.",https://www.myneta.info/TamilNadu2021/candidate.php?candidate_id=2809,VEERAPANDI,IND,0,8th Pass,"Rs 4,95,450 ~ 4 Lacs+","Rs 49,314 ~ 49 Thou+"
3146,2483,"Senthilkumar, S",https://www.myneta.info/TamilNadu2021/candidate.php?candidate_id=2483,SINGANALLUR,United States of India Party,0,Graduate Professional,"Rs 6,42,321 ~ 6 Lacs+",Rs 0 ~
3147,2604,"Senthilkumar,K.",https://www.myneta.info/TamilNadu2021/candidate.php?candidate_id=2604,GANGAVALLI (SC),IND,0,Others,https://myneta.info/image_v2.php?myneta_folder=TamilNadu2021&candidate_id=2604&col=ta,https://myneta.info/image_v2.php?myneta_folder=TamilNadu2021&candidate_id=2604&col=lia
3148,2728,Senthilkumar. A,https://www.myneta.info/TamilNadu2021/candidate.php?candidate_id=2728,SALEM WEST,Anaithu Makkal Puratchi Katchi,0,12th Pass,"Rs 5,000 ~ 5 Thou+",Rs 0 ~
3149,2959,Senthilkumar.A.M,https://www.myneta.info/TamilNadu2021/candidate.php?candidate_id=2959,KARUR,IND,0,Post Graduate,"Rs 3,73,500 ~ 3 Lacs+",Rs 0 ~
3150,2980,Senthilkumar.M,https://www.myneta.info/TamilNadu2021/candidate.php?candidate_id=2980,KRISHNARAYAPURAM (SC),IND,0,Graduate Professional,https://myneta.info/image_v2.php?myneta_folder=TamilNadu2021&candidate_id=2980&col=ta,https://myneta.info/image_v2.php?myneta_folder=TamilNadu2021&candidate_id=2980&col=lia
3151,450,Senthilkumar.M,https://www.myneta.info/TamilNadu2021/candidate.php?candidate_id=450,KALLAKURICHI (SC),AIADMK,0,12th Pass,"Rs 54,91,198 ~ 54 Lacs+","Rs 10,84,359 ~ 10 Lacs+"
3152,145,Senthilkumar.R,https://www.myneta.info/TamilNadu2021/candidate.php?candidate_id=145,TIRUPPUR NORTH,IND,0,12th Pass,"Rs 70,000 ~ 70 Thou+","Rs 30,000 ~ 30 Thou+"
3153,4095,Senthilkumar.T.N,https://www.myneta.info/TamilNadu2021/candidate.php?candidate_id=4095,TIRUPPUR NORTH,IND,0,5th Pass,https://myneta.info/image_v2.php?myneta_folder=TamilNadu2021&candidate_id=4095&col=ta,https://myneta.info/image_v2.php?myneta_folder=TamilNadu2021&candidate_id=4095&col=lia
3154,31,Senthilkumar.V,https://www.myneta.info/TamilNadu2021/candidate.php?candidate_id=31,TIRUPPUR NORTH,Anna Puratchi Thalaivar Amma Dravida Munnetra Kazhagam,0,Graduate,"Rs 2,42,89,738 ~ 2 Crore+","Rs 77,00,000 ~ 77 Lacs+"
3155,2810,"Senthilmurugan, E.",https://www.myneta.info/TamilNadu2021/candidate.php?candidate_id=2810,VEERAPANDI,IND,0,12th Pass,"Rs 3,76,212 ~ 3 Lacs+","Rs 1,99,000 ~ 1 Lacs+"
3156,3420,"Senthilnathan, D.",https://www.myneta.info/TamilNadu2021/candidate.php?candidate_id=3420,THIRUVAIYARU,Naam Tamilar Katchi,0,Doctorate,https://myneta.info/image_v2.php?myneta_folder=TamilNadu2021&candidate_id=3420&col=ta,https://myneta.info/image_v2.php?myneta_folder=TamilNadu2021&candidate_id=3420&col=lia
3157,1567,Senthilraj D,https://www.myneta.info/TamilNadu2021/candidate.php?candidate_id=1567,VALPARAI (SC),Makkal Needhi Maiam,1,Post Graduate,"Rs 51,34,135 ~ 51 Lacs+",Rs 0 ~
3158,3035,Senthilraj K.,https://www.myneta.info/TamilNadu2021/candidate.php?candidate_id=3035,MELUR,My India Party,0,8th Pass,"Rs 22,600 ~ 22 Thou+",Rs 0 ~
3159,4096,Senthilvel.A,https://www.myneta.info/TamilNadu2021/candidate.php?candidate_id=4096,TIRUPPUR NORTH,IND,0,8th Pass,https://myneta.info/image_v2.php?myneta_folder=TamilNadu2021&candidate_id=4096&col=ta,https://myneta.info/image_v2.php?myneta_folder=TamilNadu2021&candidate_id=4096&col=lia
3160,3893,"Senthur Pandian, R.",https://www.myneta.info/TamilNadu2021/candidate.php?candidate_id=3893,SATTUR,IND,0,12th Pass,"Rs 30,81,300 ~ 30 Lacs+","Rs 4,00,000 ~ 4 Lacs+"
3161,44,Serma Selvaraj,https://www.myneta.info/TamilNadu2021/candidate.php?candidate_id=44,PALLAVARAM,Desiya Makkal Sakthi Katchi,0,Post Graduate,"Rs 1,95,65,980 ~ 1 Crore+",Rs 0 ~
3162,3942,Sethuramalingam,https://www.myneta.info/TamilNadu2021/candidate.php?candidate_id=3942,TIRUCHULI,IND,0,10th Pass,https://myneta.info/image_v2.php?myneta_folder=TamilNadu2021&candidate_id=3942&col=ta,https://myneta.info/image_v2.php?myneta_folder=TamilNadu2021&candidate_id=3942&col=lia
3163,4167,Sethuramalingam S,https://www.myneta.info/TamilNadu2021/candidate.php?candidate_id=4167,SRIVAIKUNTAM,IND,2,10th Pass,"Rs 24,20,000 ~ 24 Lacs+","Rs 6,25,000 ~ 6 Lacs+"
3164,4002,Settu M,https://www.myneta.info/TamilNadu2021/candidate.php?candidate_id=4002,TINDIVANAM (SC),Desiya Sirupanmayinar Makkal Iyakkam,0,5th Pass,"Rs 13,50,000 ~ 13 Lacs+",Rs 0 ~
3165,2619,"Settu, K.",https://www.myneta.info/TamilNadu2021/candidate.php?candidate_id=2619,SANKARI,My India Party,0,Literate,https://myneta.info/image_v2.php?myneta_folder=TamilNadu2021&candidate_id=2619&col=ta,https://myneta.info/image_v2.php?myneta_folder=TamilNadu2021&candidate_id=2619&col=lia
3166,2601,Shahul Hameed,https://www.myneta.info/TamilNadu2021/candidate.php?candidate_id=2601,PALANI,IND,0,Post Graduate,"Rs 59,71,000 ~ 59 Lacs+","Rs 3,40,000 ~ 3 Lacs+"
3167,4082,Shahul Hameed M,https://www.myneta.info/TamilNadu2021/candidate.php?candidate_id=4082,PALLADAM,IND,0,12th Pass,"Rs 30,950 ~ 30 Thou+",Rs 0 ~
3168,1591,Shaik Abdul Kader P.S.J,https://www.myneta.info/TamilNadu2021/candidate.php?candidate_id=1591,TIRUCHENDUR,IND,0,Graduate,https://myneta.info/image_v2.php?myneta_folder=TamilNadu2021&candidate_id=1591&col=ta,https://myneta.info/image_v2.php?myneta_folder=TamilNadu2021&candidate_id=1591&col=lia
3169,3301,Shaik Mohamed B,https://www.myneta.info/TamilNadu2021/candidate.php?candidate_id=3301,ARANTHANGI,Makkal Needhi Maiam,0,5th Pass,"Rs 80,55,000 ~ 80 Lacs+","Rs 19,71,000 ~ 19 Lacs+"
3170,3563,"Shajahan, R.",https://www.myneta.info/TamilNadu2021/candidate.php?candidate_id=3563,TIRUCHIRAPPALLI WEST,IND,0,8th Pass,"Rs 1,01,40,000 ~ 1 Crore+","Rs 15,00,000 ~ 15 Lacs+"
3171,1029,"Shajahan,I.",https://www.myneta.info/TamilNadu2021/candidate.php?candidate_id=1029,ERODE EAST,IND,0,5th Pass,https://myneta.info/image_v2.php?myneta_folder=TamilNadu2021&candidate_id=1029&col=ta,https://myneta.info/image_v2.php?myneta_folder=TamilNadu2021&candidate_id=1029&col=lia
3172,2914,Shaju Singh M R,https://www.myneta.info/TamilNadu2021/candidate.php?candidate_id=2914,KILLIYOOR,IND,1,10th Pass,"Rs 42,70,000 ~ 42 Lacs+","Rs 2,46,000 ~ 2 Lacs+"
3173,2526,Shakila. K,https://www.myneta.info/TamilNadu2021/candidate.php?candidate_id=2526,PENNAGARAM,Makkal Needhi Maiam,3,Graduate Professional,"Rs 58,08,400 ~ 58 Lacs+","Rs 96,28,798 ~ 96 Lacs+"
3174,3531,Shanavas Khan J,https://www.myneta.info/TamilNadu2021/candidate.php?candidate_id=3531,AVADI,IND,0,Post Graduate,https://myneta.info/image_v2.php?myneta_folder=TamilNadu2021&candidate_id=3531&col=ta,https://myneta.info/image_v2.php?myneta_folder=TamilNadu2021&candidate_id=3531&col=lia
3175,2504,Shankar Guru. M,https://www.myneta.info/TamilNadu2021/candidate.php?candidate_id=2504,SULUR,IND,0,10th Pass,"Rs 4,29,000 ~ 4 Lacs+","Rs 3,50,000 ~ 3 Lacs+"
3176,1103,Shankar. A,https://www.myneta.info/TamilNadu2021/candidate.php?candidate_id=1103,HARBOUR,IND,0,Graduate,"Rs 2,05,000 ~ 2 Lacs+",Rs 0 ~
3177,2842,Shankarsamy,https://www.myneta.info/TamilNadu2021/candidate.php?candidate_id=2842,PERUNDURAI,IND,0,5th Pass,https://myneta.info/image_v2.php?myneta_folder=TamilNadu2021&candidate_id=2842&col=ta,https://myneta.info/image_v2.php?myneta_folder=TamilNadu2021&candidate_id=2842&col=lia
3178,3599,Shanmugam,https://www.myneta.info/TamilNadu2021/candidate.php?candidate_id=3599,MUSIRI,IND,0,8th Pass,"Rs 9,13,000 ~ 9 Lacs+",Rs 0 ~
3179,4021,Shanmugam A,https://www.myneta.info/TamilNadu2021/candidate.php?candidate_id=4021,VILLUPURAM,IND,0,10th Pass,"Rs 1,20,321 ~ 1 Lacs+",Rs 0 ~
3180,319,Shanmugam C Ve,https://www.myneta.info/TamilNadu2021/candidate.php?candidate_id=319,VILLUPURAM,AIADMK,0,Graduate Professional,https://myneta.info/image_v2.php?myneta_folder=TamilNadu2021&candidate_id=319&col=ta,https://myneta.info/image_v2.php?myneta_folder=TamilNadu2021&candidate_id=319&col=lia
3181,4022,Shanmugam G,https://www.myneta.info/TamilNadu2021/candidate.php?candidate_id=4022,VILLUPURAM,IND,0,5th Pass,"Rs 28,50,000 ~ 28 Lacs+","Rs 1,65,000 ~ 1 Lacs+"
3182,2505,Shanmugam R,https://www.myneta.info/TamilNadu2021/candidate.php?candidate_id=2505,SULUR,IND,0,8th Pass,"Rs 11,47,000 ~ 11 Lacs+","Rs 2,44,683 ~ 2 Lacs+"
3183,434,Shanmugam R,https://www.myneta.info/TamilNadu2021/candidate.php?candidate_id=434,HOSUR,IND,0,Post Graduate,https://myneta.info/image_v2.php?myneta_folder=TamilNadu2021&candidate_id=434&col=ta,https://myneta.info/image_v2.php?myneta_folder=TamilNadu2021&candidate_id=434&col=lia
3184,4023,Shanmugam V,https://www.myneta.info/TamilNadu2021/candidate.php?candidate_id=4023,VILLUPURAM,IND,0,12th Pass,"Rs 15,96,835 ~ 15 Lacs+",Rs 0 ~
3185,2721,Shanmugam. G,https://www.myneta.info/TamilNadu2021/candidate.php?candidate_id=2721,EDAPPADI,IND,0,10th Pass,"Rs 1,00,000 ~ 1 Lacs+",Rs 0 ~
3186,903,Shanmugam.G,https://www.myneta.info/TamilNadu2021/candidate.php?candidate_id=903,CHENGAM (SC),BSP,0,10th Pass,https://myneta.info/image_v2.php?myneta_folder=TamilNadu2021&candidate_id=903&col=ta,https://myneta.info/image_v2.php?myneta_folder=TamilNadu2021&candidate_id=903&col=lia
3187,1492,Shanmugam.K,https://www.myneta.info/TamilNadu2021/candidate.php?candidate_id=1492,MADHURAVOYAL,Tamil Nadu Ilangyar Katchi,0,Graduate,"Rs 6,44,300 ~ 6 Lacs+","Rs 3,78,000 ~ 3 Lacs+"
3188,2862,Shanmugam.K,https://www.myneta.info/TamilNadu2021/candidate.php?candidate_id=2862,ANTHIYUR,IND,0,Illiterate,"Rs 8,36,500 ~ 8 Lacs+",Rs 0 ~
3189,19,Shanmugam.N,https://www.myneta.info/TamilNadu2021/candidate.php?candidate_id=19,KARUR,Samaniya Makkal Nala Katchi,2,Graduate Professional,https://myneta.info/image_v2.php?myneta_folder=TamilNadu2021&candidate_id=19&col=ta,https://myneta.info/image_v2.php?myneta_folder=TamilNadu2021&candidate_id=19&col=lia
3190,2553,Shanmugam.P.,https://www.myneta.info/TamilNadu2021/candidate.php?candidate_id=2553,DHARMAPURI,IND,0,8th Pass,"Rs 2,30,500 ~ 2 Lacs+",Rs 0 ~
3191,542,Shanmugapriya M.,https://www.myneta.info/TamilNadu2021/candidate.php?candidate_id=542,MANAMADURAI (SC),Naam Tamilar Katchi,0,Graduate,"Rs 69,09,000 ~ 69 Lacs+","Rs 14,56,483 ~ 14 Lacs+"
3192,2295,Shanmugarajan B,https://www.myneta.info/TamilNadu2021/candidate.php?candidate_id=2295,MYLAPORE,IND,0,Post Graduate,https://myneta.info/image_v2.php?myneta_folder=TamilNadu2021&candidate_id=2295&col=ta,https://myneta.info/image_v2.php?myneta_folder=TamilNadu2021&candidate_id=2295&col=lia
3193,2454,Shanmugasundaram K,https://www.myneta.info/TamilNadu2021/candidate.php?candidate_id=2454,COIMBATORE NORTH,IND,0,8th Pass,"Rs 5,32,500 ~ 5 Lacs+",Rs 0 ~
3194,1869,Shanmugasundaram K,https://www.myneta.info/TamilNadu2021/candidate.php?candidate_id=1869,METTUPALAYAM,IND,0,12th Pass,"Rs 11,13,574 ~ 11 Lacs+","Rs 3,00,000 ~ 3 Lacs+"
3195,3758,Shanmugasundaram K,https://www.myneta.info/TamilNadu2021/candidate.php?candidate_id=3758,RISHIVANDIYAM,Makkal Needhi Maiam,0,5th Pass,https://myneta.info/image_v2.php?myneta_folder=TamilNadu2021&candidate_id=3758&col=ta,https://myneta.info/image_v2.php?myneta_folder=TamilNadu2021&candidate_id=3758&col=lia
3196,1870,Shanmugasundaram P,https://www.myneta.info/TamilNadu2021/candidate.php?candidate_id=1870,METTUPALAYAM,IND,0,Graduate,"Rs 25,000 ~ 25 Thou+",Rs 0 ~
3197,3209,Shanmugasundaram T,https://www.myneta.info/TamilNadu2021/candidate.php?candidate_id=3209,TIRUCHENGODU,IND,0,10th Pass,"Rs 5,000 ~ 5 Thou+",Rs 0 ~
3198,1871,Shanmugasundaram T R,https://www.myneta.info/TamilNadu2021/candidate.php?candidate_id=1871,METTUPALAYAM,DMK,6,5th Pass,https://myneta.info/image_v2.php?myneta_folder=TamilNadu2021&candidate_id=1871&col=ta,https://myneta.info/image_v2.php?myneta_folder=TamilNadu2021&candidate_id=1871&col=lia
3199,943,Shanmugasundaram V.M,https://www.myneta.info/TamilNadu2021/candidate.php?candidate_id=943,COIMBATORE NORTH,DMK,5,Graduate,"Rs 8,09,45,795 ~ 8 Crore+","Rs 31,81,781 ~ 31 Lacs+"
3200,4235,Shanmugasundaram. E,https://www.myneta.info/TamilNadu2021/candidate.php?candidate_id=4235,POLUR,IND,0,Graduate Professional,"Rs 2,29,059 ~ 2 Lacs+","Rs 50,000 ~ 50 Thou+"
3201,724,Shanmugasundaram. K.,https://www.myneta.info/TamilNadu2021/candidate.php?candidate_id=724,TIRUPPUR SOUTH,Naam Tamilar Katchi,0,12th Pass,https://myneta.info/image_v2.php?myneta_folder=TamilNadu2021&candidate_id=724&col=ta,https://myneta.info/image_v2.php?myneta_folder=TamilNadu2021&candidate_id=724&col=lia
3202,2631,Shanmugavel P,https://www.myneta.info/TamilNadu2021/candidate.php?candidate_id=2631,ODDANCHATRAM,IND,0,Graduate,"Rs 22,80,443 ~ 22 Lacs+","Rs 2,00,000 ~ 2 Lacs+"
3203,1035,"Shanmugavel,S.",https://www.myneta.info/TamilNadu2021/candidate.php?candidate_id=1035,ERODE EAST,MGR Makkal Katchi,0,10th Pass,"Rs 8,24,419 ~ 8 Lacs+",Rs 0 ~
3204,65,Shanmugavel.K.S,https://www.myneta.info/TamilNadu2021/candidate.php?candidate_id=65,ANTHIYUR,AIADMK,0,10th Pass,https://myneta.info/image_v2.php?myneta_folder=TamilNadu2021&candidate_id=65&col=ta,https://myneta.info/image_v2.php?myneta_folder=TamilNadu2021&candidate_id=65&col=lia
3205,519,Shanmugavelu,https://www.myneta.info/TamilNadu2021/candidate.php?candidate_id=519,MADATHUKULAM,Amma Makkal Munnettra Kazagam,0,Post Graduate,"Rs 2,61,31,936 ~ 2 Crore+","Rs 52,06,128 ~ 52 Lacs+"
3206,3409,"Shantha, K.",https://www.myneta.info/TamilNadu2021/candidate.php?candidate_id=3409,PAPANASAM,Makkal Needhi Maiam,0,12th Pass,"Rs 2,81,000 ~ 2 Lacs+","Rs 6,80,460 ~ 6 Lacs+"
3207,3871,"Shanthi, S.",https://www.myneta.info/TamilNadu2021/candidate.php?candidate_id=3871,SRIVILLIPUTHUR (SC),Puthiya Tamilagam,0,Graduate Professional,https://myneta.info/image_v2.php?myneta_folder=TamilNadu2021&candidate_id=3871&col=ta,https://myneta.info/image_v2.php?myneta_folder=TamilNadu2021&candidate_id=3871&col=lia
3208,2480,"Shanthu Mohamed, A.",https://www.myneta.info/TamilNadu2021/candidate.php?candidate_id=2480,POLLACHI,IND,0,10th Pass,"Rs 1,015 ~ 1 Thou+",Rs 0 ~
3209,2519,Sharavanan.M.P.,https://www.myneta.info/TamilNadu2021/candidate.php?candidate_id=2519,PALACODE,IND,0,Post Graduate,"Rs 1,28,21,139 ~ 1 Crore+","Rs 42,45,000 ~ 42 Lacs+"
3210,4201,Sharma.S,https://www.myneta.info/TamilNadu2021/candidate.php?candidate_id=4201,CHENGAM (SC),IND,0,12th Pass,https://myneta.info/image_v2.php?myneta_folder=TamilNadu2021&candidate_id=4201&col=ta,https://myneta.info/image_v2.php?myneta_folder=TamilNadu2021&candidate_id=4201&col=lia
3211,331,Sheeba Ashmi R,https://www.myneta.info/TamilNadu2021/candidate.php?candidate_id=331,VIKRAVANDI,Naam Tamilar Katchi,0,Graduate,"Rs 4,67,000 ~ 4 Lacs+",Rs 0 ~
3212,698,"Sheik Abdullah,R.",https://www.myneta.info/TamilNadu2021/candidate.php?candidate_id=698,TIRUCHIRAPPALLI EAST,IND,0,12th Pass,"Rs 20,000 ~ 20 Thou+",Rs 0 ~
3213,64,Sheikdavood.A.M,https://www.myneta.info/TamilNadu2021/candidate.php?candidate_id=64,ANTHIYUR,IND,0,Graduate,https://myneta.info/image_v2.php?myneta_folder=TamilNadu2021&candidate_id=64&col=ta,https://myneta.info/image_v2.php?myneta_folder=TamilNadu2021&candidate_id=64&col=lia
3214,580,Shekar. R.D,https://www.myneta.info/TamilNadu2021/candidate.php?candidate_id=580,PERAMBUR,DMK,10,Graduate Professional,"Rs 1,28,91,842 ~ 1 Crore+","Rs 39,96,800 ~ 39 Lacs+"
3215,241,Shenbaga Valli,https://www.myneta.info/TamilNadu2021/candidate.php?candidate_id=241,AMBASAMUDRAM,Naam Tamilar Katchi,0,12th Pass,"Rs 41,17,645 ~ 41 Lacs+","Rs 60,00,000 ~ 60 Lacs+"
3216,687,Sherine Aj,https://www.myneta.info/TamilNadu2021/candidate.php?candidate_id=687,THOUSAND LIGHTS,Naam Tamilar Katchi,0,Post Graduate,https://myneta.info/image_v2.php?myneta_folder=TamilNadu2021&candidate_id=687&col=ta,https://myneta.info/image_v2.php?myneta_folder=TamilNadu2021&candidate_id=687&col=lia
3217,3505,Shettu,https://www.myneta.info/TamilNadu2021/candidate.php?candidate_id=3505,TIRUTTANI,IND,0,Graduate,"Rs 3,50,000 ~ 3 Lacs+","Rs 2,50,000 ~ 2 Lacs+"
3218,3911,Shibi B,https://www.myneta.info/TamilNadu2021/candidate.php?candidate_id=3911,VIRUDHUNAGAR,IND,0,Post Graduate,"Rs 3,68,000 ~ 3 Lacs+",Rs 0 ~
3219,2954,Shivakumar.K,https://www.myneta.info/TamilNadu2021/candidate.php?candidate_id=2954,KARUR,IND,0,Graduate,https://myneta.info/image_v2.php?myneta_folder=TamilNadu2021&candidate_id=2954&col=ta,https://myneta.info/image_v2.php?myneta_folder=TamilNadu2021&candidate_id=2954&col=lia
3220,4049,Shoba,https://www.myneta.info/TamilNadu2021/candidate.php?candidate_id=4049,AVANASHI (SC),Naam Tamilar Katchi,0,Graduate,"Rs 3,42,000 ~ 3 Lacs+",Rs 0 ~
3221,2620,"Shobana, S.",https://www.myneta.info/TamilNadu2021/candidate.php?candidate_id=2620,SANKARI,Naam Tamilar Katchi,0,Graduate,"Rs 26,84,250 ~ 26 Lacs+","Rs 1,04,000 ~ 1 Lacs+"
3222,61,Shrirathna,https://www.myneta.info/TamilNadu2021/candidate.php?candidate_id=61,EDAPPADI,Naam Tamilar Katchi,0,Post Graduate,https://myneta.info/image_v2.php?myneta_folder=TamilNadu2021&candidate_id=61&col=ta,https://myneta.info/image_v2.php?myneta_folder=TamilNadu2021&candidate_id=61&col=lia
3223,3619,Shunmuga Sundaram,https://www.myneta.info/TamilNadu2021/candidate.php?candidate_id=3619,NANGUNERI,Naam Indiar Party,0,12th Pass,"Rs 1,11,000 ~ 1 Lacs+","Rs 40,000 ~ 40 Thou+"
3224,1928,Shunmugaiah C,https://www.myneta.info/TamilNadu2021/candidate.php?candidate_id=1928,OTTAPIDARAM (SC),DMK,10,Graduate Professional,"Rs 1,42,58,275 ~ 1 Crore+","Rs 13,95,208 ~ 13 Lacs+"
3225,2606,Siddiq M,https://www.myneta.info/TamilNadu2021/candidate.php?candidate_id=2606,PALANI,IND,0,5th Pass,https://myneta.info/image_v2.php?myneta_folder=TamilNadu2021&candidate_id=2606&col=ta,https://myneta.info/image_v2.php?myneta_folder=TamilNadu2021&candidate_id=2606&col=lia
3226,1281,Sidhu G,https://www.myneta.info/TamilNadu2021/candidate.php?candidate_id=1281,KILVELUR,Makkal Needhi Maiam,0,Graduate Professional,"Rs 74,94,690 ~ 74 Lacs+","Rs 1,83,90,894 ~ 1 Crore+"
3227,3835,Sigamani S,https://www.myneta.info/TamilNadu2021/candidate.php?candidate_id=3835,TAMBARAM,IND,0,5th Pass,"Rs 16,30,500 ~ 16 Lacs+",Rs 0 ~
3228,1792,Sihamani.G,https://www.myneta.info/TamilNadu2021/candidate.php?candidate_id=1792,THIRU-VI-KA-NAGAR (SC),IND,0,Graduate,https://myneta.info/image_v2.php?myneta_folder=TamilNadu2021&candidate_id=1792&col=ta,https://myneta.info/image_v2.php?myneta_folder=TamilNadu2021&candidate_id=1792&col=lia
3229,3326,Sikkandar,https://www.myneta.info/TamilNadu2021/candidate.php?candidate_id=3326,TIRUVADANAI,IND,0,Post Graduate,"Rs 6,000 ~ 6 Thou+",Rs 0 ~
3230,1442,Sikkandar Batcha G S,https://www.myneta.info/TamilNadu2021/candidate.php?candidate_id=1442,MADURAI CENTRAL,SDPI,5,10th Pass,"Rs 49,24,507 ~ 49 Lacs+","Rs 8,41,000 ~ 8 Lacs+"
3231,2540,Silambarasan,https://www.myneta.info/TamilNadu2021/candidate.php?candidate_id=2540,SIRKAZHI (SC),IND,0,Others,https://myneta.info/image_v2.php?myneta_folder=TamilNadu2021&candidate_id=2540&col=ta,https://myneta.info/image_v2.php?myneta_folder=TamilNadu2021&candidate_id=2540&col=lia
3232,2659,Silambarasan M,https://www.myneta.info/TamilNadu2021/candidate.php?candidate_id=2659,ATHOOR,Puthiya Tamilagam,0,10th Pass,"Rs 15,000 ~ 15 Thou+",Rs 0 ~
3233,2665,Silambarasan P,https://www.myneta.info/TamilNadu2021/candidate.php?candidate_id=2665,ATHOOR,IND,0,8th Pass,"Rs 13,61,830 ~ 13 Lacs+",Rs 0 ~
3234,3052,Silambarasan P,https://www.myneta.info/TamilNadu2021/candidate.php?candidate_id=3052,SHOLAVANDAN (SC),Bahujan Dravida Party,0,12th Pass,https://myneta.info/image_v2.php?myneta_folder=TamilNadu2021&candidate_id=3052&col=ta,https://myneta.info/image_v2.php?myneta_folder=TamilNadu2021&candidate_id=3052&col=lia
3235,2926,Silambarasan. P,https://www.myneta.info/TamilNadu2021/candidate.php?candidate_id=2926,ARAVAKURICHI,IND,1,Post Graduate,"Rs 5,75,000 ~ 5 Lacs+",Rs 0 ~
3236,3139,Silambarasi K,https://www.myneta.info/TamilNadu2021/candidate.php?candidate_id=3139,RASIPURAM(SC),Naam Tamilar Katchi,0,12th Pass,"Rs 5,54,873 ~ 5 Lacs+","Rs 70,000 ~ 70 Thou+"
3237,60,Simon Justin A,https://www.myneta.info/TamilNadu2021/candidate.php?candidate_id=60,ATHOOR,Naam Tamilar Katchi,0,Post Graduate,https://myneta.info/image_v2.php?myneta_folder=TamilNadu2021&candidate_id=60&col=ta,https://myneta.info/image_v2.php?myneta_folder=TamilNadu2021&candidate_id=60&col=lia
3238,3423,"Singaravadivel, S.",https://www.myneta.info/TamilNadu2021/candidate.php?candidate_id=3423,THIRUVAIYARU,IND,0,Graduate,"Rs 71,000 ~ 71 Thou+",Rs 0 ~
3239,1251,Sinthanai Selvan,https://www.myneta.info/TamilNadu2021/candidate.php?candidate_id=1251,KATTUMANNARKOIL (SC),Viduthalai Chiruthaigal Katchi,1,Others,"Rs 95,62,905 ~ 95 Lacs+",Rs 0 ~
3240,1847,Siva A,https://www.myneta.info/TamilNadu2021/candidate.php?candidate_id=1847,CHEYYUR (SC),DMDK,1,10th Pass,https://myneta.info/image_v2.php?myneta_folder=TamilNadu2021&candidate_id=1847&col=ta,https://myneta.info/image_v2.php?myneta_folder=TamilNadu2021&candidate_id=1847&col=lia
3241,1120,Siva J K,https://www.myneta.info/TamilNadu2021/candidate.php?candidate_id=1120,JAYANKONDAM,Amma Makkal Munnettra Kazagam,0,Graduate,"Rs 2,09,37,500 ~ 2 Crore+","Rs 61,00,000 ~ 61 Lacs+"
3242,2626,Siva Kumar M,https://www.myneta.info/TamilNadu2021/candidate.php?candidate_id=2626,ODDANCHATRAM,DMDK,0,10th Pass,"Rs 1,56,87,085 ~ 1 Crore+","Rs 1,06,83,497 ~ 1 Crore+"
3243,4238,Siva. A,https://www.myneta.info/TamilNadu2021/candidate.php?candidate_id=4238,POLUR,IND,0,Graduate,https://myneta.info/image_v2.php?myneta_folder=TamilNadu2021&candidate_id=4238&col=ta,https://myneta.info/image_v2.php?myneta_folder=TamilNadu2021&candidate_id=4238&col=lia
3244,1291,Siva.A,https://www.myneta.info/TamilNadu2021/candidate.php?candidate_id=1291,KINATHUKADAVU,Makkal Needhi Maiam,0,Others,"Rs 1,83,06,811 ~ 1 Crore+","Rs 43,28,355 ~ 43 Lacs+"
3245,440,Siva.A.,https://www.myneta.info/TamilNadu2021/candidate.php?candidate_id=440,JOLARPET,Naam Tamilar Katchi,0,Graduate,"Rs 1,59,04,494 ~ 1 Crore+","Rs 68,10,000 ~ 68 Lacs+"
3246,2467,Siva.K,https://www.myneta.info/TamilNadu2021/candidate.php?candidate_id=2467,KAVUNDAMPALAYAM,Tamil Nadu Ilangyar Katchi,0,Graduate Professional,https://myneta.info/image_v2.php?myneta_folder=TamilNadu2021&candidate_id=2467&col=ta,https://myneta.info/image_v2.php?myneta_folder=TamilNadu2021&candidate_id=2467&col=lia
3247,2064,Siva.Panjavarnam,https://www.myneta.info/TamilNadu2021/candidate.php?candidate_id=2064,TIRUKKOYILUR,BSP,0,Graduate Professional,"Rs 1,96,000 ~ 1 Lacs+",Rs 0 ~
3248,1827,Siva.V.Meyyanathan,https://www.myneta.info/TamilNadu2021/candidate.php?candidate_id=1827,ALANGUDI,DMK,29,Post Graduate,"Rs 1,34,59,578 ~ 1 Crore+","Rs 12,52,001 ~ 12 Lacs+"
3249,2108,Sivabalan N,https://www.myneta.info/TamilNadu2021/candidate.php?candidate_id=2108,VILLUPURAM,BSP,0,10th Pass,https://myneta.info/image_v2.php?myneta_folder=TamilNadu2021&candidate_id=2108&col=ta,https://myneta.info/image_v2.php?myneta_folder=TamilNadu2021&candidate_id=2108&col=lia
3250,4093,Sivabalan.S,https://www.myneta.info/TamilNadu2021/candidate.php?candidate_id=4093,TIRUPPUR NORTH,Makkal Needhi Maiam,0,8th Pass,"Rs 99,00,860 ~ 99 Lacs+",Rs 0 ~
3251,1858,Sivagama Sundari.K,https://www.myneta.info/TamilNadu2021/candidate.php?candidate_id=1858,KRISHNARAYAPURAM (SC),DMK,0,Post Graduate,"Rs 64,36,018 ~ 64 Lacs+","Rs 8,29,050 ~ 8 Lacs+"
3252,1002,Sivaganam.A,https://www.myneta.info/TamilNadu2021/candidate.php?candidate_id=1002,DINDIGUL,Anaithu Makkal Puratchi Katchi,0,8th Pass,https://myneta.info/image_v2.php?myneta_folder=TamilNadu2021&candidate_id=1002&col=ta,https://myneta.info/image_v2.php?myneta_folder=TamilNadu2021&candidate_id=1002&col=lia
3253,1582,Sivakozhundu.P,https://www.myneta.info/TamilNadu2021/candidate.php?candidate_id=1582,PANRUTI,DMDK,0,5th Pass,"Rs 44,32,626 ~ 44 Lacs+",Rs 0 ~
3254,537,Sivakumar C,https://www.myneta.info/TamilNadu2021/candidate.php?candidate_id=537,MAILAM,Pattali Makkal Katchi,0,8th Pass,"Rs 79,77,225 ~ 79 Lacs+","Rs 12,32,500 ~ 12 Lacs+"
3255,3160,Sivakumar D,https://www.myneta.info/TamilNadu2021/candidate.php?candidate_id=3160,NAMAKKAL,Anna Puratchi Thalaivar Amma Dravida Munnetra Kazhagam,0,12th Pass,https://myneta.info/image_v2.php?myneta_folder=TamilNadu2021&candidate_id=3160&col=ta,https://myneta.info/image_v2.php?myneta_folder=TamilNadu2021&candidate_id=3160&col=lia
3256,4077,Sivakumar G,https://www.myneta.info/TamilNadu2021/candidate.php?candidate_id=4077,PALLADAM,Anna Puratchi Thalaivar Amma Dravida Munnetra Kazhagam,0,8th Pass,"Rs 34,000 ~ 34 Thou+",Rs 0 ~
3257,3199,Sivakumar K,https://www.myneta.info/TamilNadu2021/candidate.php?candidate_id=3199,TIRUCHENGODU,Tamilaga Makkal Thannurimai Katchi,0,10th Pass,"Rs 64,000 ~ 64 Thou+",Rs 0 ~
3258,958,Sivakumar M,https://www.myneta.info/TamilNadu2021/candidate.php?candidate_id=958,COLACHAL,DMDK,0,Graduate Professional,https://myneta.info/image_v2.php?myneta_folder=TamilNadu2021&candidate_id=958&col=ta,https://myneta.info/image_v2.php?myneta_folder=TamilNadu2021&candidate_id=958&col=lia
3259,3518,Sivakumar S,https://www.myneta.info/TamilNadu2021/candidate.php?candidate_id=3518,POONAMALLEE (SC),IND,0,Graduate,"Rs 4,06,800 ~ 4 Lacs+",Rs 0 ~
3260,1269,Sivakumar V,https://www.myneta.info/TamilNadu2021/candidate.php?candidate_id=1269,KILLIYOOR,BSP,0,8th Pass,"Rs 6,39,500 ~ 6 Lacs+",Rs 0 ~
3261,1680,"Sivakumar, M.",https://www.myneta.info/TamilNadu2021/candidate.php?candidate_id=1680,PERAVURANI,DMDK,4,12th Pass,https://myneta.info/image_v2.php?myneta_folder=TamilNadu2021&candidate_id=1680&col=ta,https://myneta.info/image_v2.php?myneta_folder=TamilNadu2021&candidate_id=1680&col=lia
3262,3658,"Sivakumar,M.",https://www.myneta.info/TamilNadu2021/candidate.php?candidate_id=3658,TIRUNELVELI,IND,0,12th Pass,"Rs 14,21,000 ~ 14 Lacs+","Rs 1,25,000 ~ 1 Lacs+"
3263,2927,Sivakumar. A,https://www.myneta.info/TamilNadu2021/candidate.php?candidate_id=2927,ARAVAKURICHI,IND,0,Graduate Professional,"Rs 1,08,718 ~ 1 Lacs+","Rs 1,03,250 ~ 1 Lacs+"
3264,2978,Sivakumar. O,https://www.myneta.info/TamilNadu2021/candidate.php?candidate_id=2978,KRISHNARAYAPURAM (SC),IND,0,Graduate Professional,https://myneta.info/image_v2.php?myneta_folder=TamilNadu2021&candidate_id=2978&col=ta,https://myneta.info/image_v2.php?myneta_folder=TamilNadu2021&candidate_id=2978&col=lia
3265,1105,Sivakumar.A,https://www.myneta.info/TamilNadu2021/candidate.php?candidate_id=1105,HARUR (SC),BSP,0,10th Pass,"Rs 6,000 ~ 6 Thou+",Rs 0 ~
3266,2424,Sivakumar.A,https://www.myneta.info/TamilNadu2021/candidate.php?candidate_id=2424,UTHIRAMERUR,Desiya Makkal Sakthi Katchi,0,Post Graduate,"Rs 37,49,101 ~ 37 Lacs+",Rs 0 ~
3267,902,Sivakumar.J,https://www.myneta.info/TamilNadu2021/candidate.php?candidate_id=902,CHENGAM (SC),IND,0,10th Pass,https://myneta.info/image_v2.php?myneta_folder=TamilNadu2021&candidate_id=902&col=ta,https://myneta.info/image_v2.php?myneta_folder=TamilNadu2021&candidate_id=902&col=lia
3268,2955,Sivakumar.N,https://www.myneta.info/TamilNadu2021/candidate.php?candidate_id=2955,KARUR,IND,1,Graduate Professional,"Rs 79,500 ~ 79 Thou+",Rs 0 ~
3269,1556,Sivakumar.P,https://www.myneta.info/TamilNadu2021/candidate.php?candidate_id=1556,THIRU-VI-KA-NAGAR (SC),DMK,15,Post Graduate,"Rs 2,05,16,556 ~ 2 Crore+","Rs 43,12,266 ~ 43 Lacs+"
3270,13,Sivakumar.S,https://www.myneta.info/TamilNadu2021/candidate.php?candidate_id=13,DR.RADHAKRISHNAN NAGAR,SUCI(C),0,Others,https://myneta.info/image_v2.php?myneta_folder=TamilNadu2021&candidate_id=13&col=ta,https://myneta.info/image_v2.php?myneta_folder=TamilNadu2021&candidate_id=13&col=lia
3271,3788,Sivakumar.S,https://www.myneta.info/TamilNadu2021/candidate.php?candidate_id=3788,KALLAKURICHI (SC),IND,0,Others,"Rs 4,10,000 ~ 4 Lacs+",Rs 0 ~
3272,483,Sivakumar.V,https://www.myneta.info/TamilNadu2021/candidate.php?candidate_id=483,KARUR,IND,0,Graduate Professional,"Rs 33,87,755 ~ 33 Lacs+","Rs 2,44,000 ~ 2 Lacs+"
3273,1123,Sivakumar.V.C.,https://www.myneta.info/TamilNadu2021/candidate.php?candidate_id=1123,JOLARPET,BSP,0,Not Given,https://myneta.info/image_v2.php?myneta_folder=TamilNadu2021&candidate_id=1123&col=ta,https://myneta.info/image_v2.php?myneta_folder=TamilNadu2021&candidate_id=1123&col=lia
3274,2395,Sivakumari. T,https://www.myneta.info/TamilNadu2021/candidate.php?candidate_id=2395,BHUVANAGIRI,IND,0,8th Pass,"Rs 4,59,000 ~ 4 Lacs+","Rs 15,15,000 ~ 15 Lacs+"
3275,2616,"Sivalingam, C.",https://www.myneta.info/TamilNadu2021/candidate.php?candidate_id=2616,SANKARI,Tamilaga Makkal Thannurimai Katchi,0,Post Graduate,"Rs 30,60,500 ~ 30 Lacs+",Rs 0 ~
3276,2528,Sivalingam. N,https://www.myneta.info/TamilNadu2021/candidate.php?candidate_id=2528,PENNAGARAM,IND,0,12th Pass,https://myneta.info/image_v2.php?myneta_folder=TamilNadu2021&candidate_id=2528&col=ta,https://myneta.info/image_v2.php?myneta_folder=TamilNadu2021&candidate_id=2528&col=lia
3277,2431,Sivalingam.M,https://www.myneta.info/TamilNadu2021/candidate.php?candidate_id=2431,UTHIRAMERUR,IND,0,5th Pass,"Rs 11,000 ~ 11 Thou+",Rs 0 ~
3278,1262,Sivan Raj K,https://www.myneta.info/TamilNadu2021/candidate.php?candidate_id=1262,KILLIYOOR,IND,1,8th Pass,"Rs 11,94,000 ~ 11 Lacs+","Rs 11,90,000 ~ 11 Lacs+"
3279,1333,Sivan.C,https://www.myneta.info/TamilNadu2021/candidate.php?candidate_id=1333,KRISHNAGIRI,IND,0,Graduate Professional,https://myneta.info/image_v2.php?myneta_folder=TamilNadu2021&candidate_id=1333&col=ta,https://myneta.info/image_v2.php?myneta_folder=TamilNadu2021&candidate_id=1333&col=lia
3280,4064,Sivanantham.K,https://www.myneta.info/TamilNadu2021/candidate.php?candidate_id=4064,KANGAYAM,Naam Tamilar Katchi,0,Graduate,"Rs 36,93,447 ~ 36 Lacs+","Rs 5,41,603 ~ 5 Lacs+"
3281,1674,Sivaprakasam V,https://www.myneta.info/TamilNadu2021/candidate.php?candidate_id=1674,THIRUTHURAIPOONDI (SC),IND,0,Graduate,"Rs 1,15,700 ~ 1 Lacs+","Rs 80,000 ~ 80 Thou+"
3282,2632,Sivaprakash S,https://www.myneta.info/TamilNadu2021/candidate.php?candidate_id=2632,ODDANCHATRAM,IND,0,10th Pass,https://myneta.info/image_v2.php?myneta_folder=TamilNadu2021&candidate_id=2632&col=ta,https://myneta.info/image_v2.php?myneta_folder=TamilNadu2021&candidate_id=2632&col=lia
3283,4202,Sivaprakash.K,https://www.myneta.info/TamilNadu2021/candidate.php?candidate_id=4202,CHENGAM (SC),IND,0,Graduate Professional,"Rs 84,000 ~ 84 Thou+",Rs 0 ~
3284,3419,"Sivaraman, T.",https://www.myneta.info/TamilNadu2021/candidate.php?candidate_id=3419,THIRUVAIYARU,Makkal Sananayaga Kudiyarasu Katchi,1,12th Pass,"Rs 8,08,000 ~ 8 Lacs+","Rs 33,000 ~ 33 Thou+"
3285,1825,Sivaraman. G,https://www.myneta.info/TamilNadu2021/candidate.php?candidate_id=1825,HARBOUR,IND,0,Graduate Professional,https://myneta.info/image_v2.php?myneta_folder=TamilNadu2021&candidate_id=1825&col=ta,https://myneta.info/image_v2.php?myneta_folder=TamilNadu2021&candidate_id=1825&col=lia
3286,2747,Sivaraman. S,https://www.myneta.info/TamilNadu2021/candidate.php?candidate_id=2747,SALEM WEST,IND,0,Others,"Rs 50,000 ~ 50 Thou+",Rs 0 ~
3287,3836,Sivaraman.S,https://www.myneta.info/TamilNadu2021/candidate.php?candidate_id=3836,TAMBARAM,IND,0,Graduate,"Rs 48,15,321 ~ 48 Lacs+","Rs 1,33,479 ~ 1 Lacs+"
3288,2660,Sivasakthivel P,https://www.myneta.info/TamilNadu2021/candidate.php?candidate_id=2660,ATHOOR,Makkal Needhi Maiam,0,Graduate,https://myneta.info/image_v2.php?myneta_folder=TamilNadu2021&candidate_id=2660&col=ta,https://myneta.info/image_v2.php?myneta_folder=TamilNadu2021&candidate_id=2660&col=lia
3289,3934,Sivasamy K K,https://www.myneta.info/TamilNadu2021/candidate.php?candidate_id=3934,TIRUCHULI,Amma Makkal Munnettra Kazagam,1,12th Pass,"Rs 2,22,64,000 ~ 2 Crore+","Rs 30,00,000 ~ 30 Lacs+"
3290,549,Sivasamy R.,https://www.myneta.info/TamilNadu2021/candidate.php?candidate_id=549,MELUR,IND,1,5th Pass,"Rs 19,12,000 ~ 19 Lacs+","Rs 28,000 ~ 28 Thou+"
3291,1241,Sivasamy.P,https://www.myneta.info/TamilNadu2021/candidate.php?candidate_id=1241,KARUR,IND,0,Graduate Professional,https://myneta.info/image_v2.php?myneta_folder=TamilNadu2021&candidate_id=1241&col=ta,https://myneta.info/image_v2.php?myneta_folder=TamilNadu2021&candidate_id=1241&col=lia
3292,2348,Sivasankar,https://www.myneta.info/TamilNadu2021/candidate.php?candidate_id=2348,VRIDHACHALAM,New Generation Peoples Party,0,Post Graduate,"Rs 22,42,800 ~ 22 Lacs+","Rs 4,00,000 ~ 4 Lacs+"
3293,3082,Sivasankar S,https://www.myneta.info/TamilNadu2021/candidate.php?candidate_id=3082,MADURAI CENTRAL,IND,0,Graduate,"Rs 7,58,421 ~ 7 Lacs+",Rs 0 ~
3294,1395,"Sivasankar, S.S.",https://www.myneta.info/TamilNadu2021/candidate.php?candidate_id=1395,KUNNAM,DMK,46,Graduate Professional,https://myneta.info/image_v2.php?myneta_folder=TamilNadu2021&candidate_id=1395&col=ta,https://myneta.info/image_v2.php?myneta_folder=TamilNadu2021&candidate_id=1395&col=lia
3295,2268,Sivasankar. S. R,https://www.myneta.info/TamilNadu2021/candidate.php?candidate_id=2268,SAIDAPET,IND,0,10th Pass,"Rs 74,500 ~ 74 Thou+",Rs 0 ~
3296,1539,Sivasankari P.,https://www.myneta.info/TamilNadu2021/candidate.php?candidate_id=1539,MANAMADURAI (SC),Makkal Needhi Maiam,0,Graduate,"Rs 9,20,000 ~ 9 Lacs+",Rs 0 ~
3297,2284,Sivasankari S,https://www.myneta.info/TamilNadu2021/candidate.php?candidate_id=2284,THIYAGARAYANAGAR,Naam Tamilar Katchi,0,Graduate Professional,https://myneta.info/image_v2.php?myneta_folder=TamilNadu2021&candidate_id=2284&col=ta,https://myneta.info/image_v2.php?myneta_folder=TamilNadu2021&candidate_id=2284&col=lia
3298,807,Sivashanmugam K,https://www.myneta.info/TamilNadu2021/candidate.php?candidate_id=807,ARANTHANGI,Amma Makkal Munnettra Kazagam,3,10th Pass,"Rs 54,60,000 ~ 54 Lacs+",Rs 0 ~
3299,4188,Sivasubramanian,https://www.myneta.info/TamilNadu2021/candidate.php?candidate_id=4188,KOVILPATTI,IND,0,Graduate Professional,"Rs 2,56,96,377 ~ 2 Crore+","Rs 94,00,000 ~ 94 Lacs+"
3300,3726,Sivasubramaniyan R,https://www.myneta.info/TamilNadu2021/candidate.php?candidate_id=3726,KADAYANALLUR,IND,0,Graduate Professional,https://myneta.info/image_v2.php?myneta_folder=TamilNadu2021&candidate_id=3726&col=ta,https://myneta.info/image_v2.php?myneta_folder=TamilNadu2021&candidate_id=3726&col=lia
3301,1037,Sivasubramaniyan S,https://www.myneta.info/TamilNadu2021/candidate.php?candidate_id=1037,ERODE WEST,Amma Makkal Munnettra Kazagam,0,Graduate,"Rs 13,47,17,110 ~ 13 Crore+",Rs 0 ~
3302,1687,Sivathasan V,https://www.myneta.info/TamilNadu2021/candidate.php?candidate_id=1687,ARIYALUR,IND,0,12th Pass,"Rs 20,000 ~ 20 Thou+",Rs 0 ~
3303,2258,Snegapriya,https://www.myneta.info/TamilNadu2021/candidate.php?candidate_id=2258,SAIDAPET,Makkal Needhi Maiam,0,Graduate,https://myneta.info/image_v2.php?myneta_folder=TamilNadu2021&candidate_id=2258&col=ta,https://myneta.info/image_v2.php?myneta_folder=TamilNadu2021&candidate_id=2258&col=lia
3304,748,Somasundaram V,https://www.myneta.info/TamilNadu2021/candidate.php?candidate_id=748,UTHIRAMERUR,AIADMK,0,Graduate Professional,"Rs 4,92,87,926 ~ 4 Crore+","Rs 72,34,915 ~ 72 Lacs+"
3305,1739,Soosai. M.A,https://www.myneta.info/TamilNadu2021/candidate.php?candidate_id=1739,PERAMBUR,RPI(A),4,Literate,"Rs 81,72,090 ~ 81 Lacs+","Rs 13,52,764 ~ 13 Lacs+"
3306,1116,Sornalatha Alias Latha G,https://www.myneta.info/TamilNadu2021/candidate.php?candidate_id=1116,JAYANKONDAM,Indiya Jananayaka Katchi,0,5th Pass,https://myneta.info/image_v2.php?myneta_folder=TamilNadu2021&candidate_id=1116&col=ta,https://myneta.info/image_v2.php?myneta_folder=TamilNadu2021&candidate_id=1116&col=lia
3307,2722,Sownthararajan. G,https://www.myneta.info/TamilNadu2021/candidate.php?candidate_id=2722,EDAPPADI,IND,0,Others,"Rs 4,30,000 ~ 4 Lacs+","Rs 1,50,000 ~ 1 Lacs+"
3308,10,Sreenivasan.C,https://www.myneta.info/TamilNadu2021/candidate.php?candidate_id=10,DINDIGUL,AIADMK,0,Post Graduate,"Rs 7,75,39,989 ~ 7 Crore+",Rs 0 ~
3309,238,Sridevi Ilangovan,https://www.myneta.info/TamilNadu2021/candidate.php?candidate_id=238,MUSIRI,Naam Tamilar Katchi,0,Post Graduate,https://myneta.info/image_v2.php?myneta_folder=TamilNadu2021&candidate_id=238&col=ta,https://myneta.info/image_v2.php?myneta_folder=TamilNadu2021&candidate_id=238&col=lia
3310,1071,Sridevi R,https://www.myneta.info/TamilNadu2021/candidate.php?candidate_id=1071,GOBICHETTIPALAYAM,IND,0,Graduate,"Rs 89,39,637 ~ 89 Lacs+","Rs 34,00,000 ~ 34 Lacs+"
3311,1815,Sridhar . C,https://www.myneta.info/TamilNadu2021/candidate.php?candidate_id=1815,DR.RADHAKRISHNAN NAGAR,IND,0,Graduate Professional,"Rs 5,72,038 ~ 5 Lacs+",Rs 0 ~
3312,1516,Sridhar D,https://www.myneta.info/TamilNadu2021/candidate.php?candidate_id=1516,MAILAM,IND,0,12th Pass,https://myneta.info/image_v2.php?myneta_folder=TamilNadu2021&candidate_id=1516&col=ta,https://myneta.info/image_v2.php?myneta_folder=TamilNadu2021&candidate_id=1516&col=lia
3313,3817,Sridharan,https://www.myneta.info/TamilNadu2021/candidate.php?candidate_id=3817,PALLAVARAM,Dravida Murpokku Makkal Katchi,0,Doctorate,"Rs 3,02,35,861 ~ 3 Crore+","Rs 4,96,981 ~ 4 Lacs+"
3314,1779,Sriharan,https://www.myneta.info/TamilNadu2021/candidate.php?candidate_id=1779,VILLIVAKKAM,Makkal Needhi Maiam,0,Graduate Professional,"Rs 1,82,10,921 ~ 1 Crore+","Rs 44,87,398 ~ 44 Lacs+"
3315,4118,"Srinithi,V.",https://www.myneta.info/TamilNadu2021/candidate.php?candidate_id=4118,UDUMALAIPETTAI,Makkal Needhi Maiam,0,Post Graduate,https://myneta.info/image_v2.php?myneta_folder=TamilNadu2021&candidate_id=4118&col=ta,https://myneta.info/image_v2.php?myneta_folder=TamilNadu2021&candidate_id=4118&col=lia
3316,2572,Srinivasan,https://www.myneta.info/TamilNadu2021/candidate.php?candidate_id=2572,PAPPIREDDIPATTI,Makkal Needhi Maiam,0,Graduate Professional,"Rs 89,000 ~ 89 Thou+",Rs 0 ~
3317,3966,Srinivasan .N,https://www.myneta.info/TamilNadu2021/candidate.php?candidate_id=3966,VELLORE,IND,0,Post Graduate,"Rs 4,70,000 ~ 4 Lacs+",Rs 0 ~
3318,3616,Srinivasan J,https://www.myneta.info/TamilNadu2021/candidate.php?candidate_id=3616,THURAIYUR (SC),IND,0,5th Pass,https://myneta.info/image_v2.php?myneta_folder=TamilNadu2021&candidate_id=3616&col=ta,https://myneta.info/image_v2.php?myneta_folder=TamilNadu2021&candidate_id=3616&col=lia
3319,1872,Srinivasan S,https://www.myneta.info/TamilNadu2021/candidate.php?candidate_id=1872,METTUPALAYAM,IND,0,Post Graduate,"Rs 95,65,000 ~ 95 Lacs+","Rs 39,00,000 ~ 39 Lacs+"
3320,2319,Srinivasan. P,https://www.myneta.info/TamilNadu2021/candidate.php?candidate_id=2319,HARBOUR,IND,0,Post Graduate,"Rs 1,95,000 ~ 1 Lacs+",Rs 0 ~
3321,1876,Srinivasaperumal.S,https://www.myneta.info/TamilNadu2021/candidate.php?candidate_id=1876,METTUR,DMK,5,12th Pass,https://myneta.info/image_v2.php?myneta_folder=TamilNadu2021&candidate_id=1876&col=ta,https://myneta.info/image_v2.php?myneta_folder=TamilNadu2021&candidate_id=1876&col=lia
3322,1058,Sripathi P,https://www.myneta.info/TamilNadu2021/candidate.php?candidate_id=1058,GINGEE,Makkal Needhi Maiam,0,Post Graduate,"Rs 1,13,13,418 ~ 1 Crore+","Rs 20,29,291 ~ 20 Lacs+"
3323,2291,Sripriya,https://www.myneta.info/TamilNadu2021/candidate.php?candidate_id=2291,MYLAPORE,Makkal Needhi Maiam,0,8th Pass,"Rs 1,76,70,77,932 ~ 176 Crore+","Rs 41,70,68,008 ~ 41 Crore+"
3324,2026,Srithar,https://www.myneta.info/TamilNadu2021/candidate.php?candidate_id=2026,SIRKAZHI (SC),BSP,0,Doctorate,https://myneta.info/image_v2.php?myneta_folder=TamilNadu2021&candidate_id=2026&col=ta,https://myneta.info/image_v2.php?myneta_folder=TamilNadu2021&candidate_id=2026&col=lia
3325,3662,Srithar Rajan,https://www.myneta.info/TamilNadu2021/candidate.php?candidate_id=3662,TIRUNELVELI,IND,0,Post Graduate,"Rs 52,17,932 ~ 52 Lacs+",Rs 0 ~
3326,1381,"Srithar Vandayar, G.M.",https://www.myneta.info/TamilNadu2021/candidate.php?candidate_id=1381,KUMBAKONAM,AIADMK,6,Post Graduate,"Rs 53,25,87,213 ~ 53 Crore+","Rs 1,04,71,128 ~ 1 Crore+"
3327,2367,Stalin,https://www.myneta.info/TamilNadu2021/candidate.php?candidate_id=2367,VRIDHACHALAM,IND,0,8th Pass,https://myneta.info/image_v2.php?myneta_folder=TamilNadu2021&candidate_id=2367&col=ta,https://myneta.info/image_v2.php?myneta_folder=TamilNadu2021&candidate_id=2367&col=lia
3328,1015,Stalin A,https://www.myneta.info/TamilNadu2021/candidate.php?candidate_id=1015,EDAPPADI,IND,0,5th Pass,"Rs 41,40,000 ~ 41 Lacs+",Rs 0 ~
3329,373,Stanley.G,https://www.myneta.info/TamilNadu2021/candidate.php?candidate_id=373,BHAVANI,IND,0,10th Pass,"Rs 70,000 ~ 70 Thou+",Rs 0 ~
3330,3427,"Subadevi, R.",https://www.myneta.info/TamilNadu2021/candidate.php?candidate_id=3427,THANJAVUR,Naam Tamilar Katchi,0,Graduate,https://myneta.info/image_v2.php?myneta_folder=TamilNadu2021&candidate_id=3427&col=ta,https://myneta.info/image_v2.php?myneta_folder=TamilNadu2021&candidate_id=3427&col=lia
3331,4189,Subash,https://www.myneta.info/TamilNadu2021/candidate.php?candidate_id=4189,KOVILPATTI,IND,0,5th Pass,"Rs 6,55,600 ~ 6 Lacs+",Rs 0 ~
3332,482,Subash Malayalam.T,https://www.myneta.info/TamilNadu2021/candidate.php?candidate_id=482,KARUR,IND,1,Graduate Professional,"Rs 2,15,000 ~ 2 Lacs+",Rs 0 ~
3333,2873,Subash S.,https://www.myneta.info/TamilNadu2021/candidate.php?candidate_id=2873,KANNIYAKUMARI,IND,0,10th Pass,https://myneta.info/image_v2.php?myneta_folder=TamilNadu2021&candidate_id=2873&col=ta,https://myneta.info/image_v2.php?myneta_folder=TamilNadu2021&candidate_id=2873&col=lia
3334,1489,Subash. S,https://www.myneta.info/TamilNadu2021/candidate.php?candidate_id=1489,MADURANTAKAM (SC),Makkal Munnetra Peravai,1,Post Graduate,"Rs 50,025 ~ 50 Thou+",Rs 0 ~
3335,494,Subashchandrabose,https://www.myneta.info/TamilNadu2021/candidate.php?candidate_id=494,KILPENNATHUR,BSP,0,Graduate Professional,"Rs 29,53,000 ~ 29 Lacs+","Rs 3,00,000 ~ 3 Lacs+"
3336,4256,Subashree,https://www.myneta.info/TamilNadu2021/candidate.php?candidate_id=4256,ALANDUR,Anaithu Makkal Arasiyal Katchi,0,Graduate,https://myneta.info/image_v2.php?myneta_folder=TamilNadu2021&candidate_id=4256&col=ta,https://myneta.info/image_v2.php?myneta_folder=TamilNadu2021&candidate_id=4256&col=lia
3337,3618,Subbulakshmi,https://www.myneta.info/TamilNadu2021/candidate.php?candidate_id=3618,NANGUNERI,BSP,0,12th Pass,"Rs 24,22,500 ~ 24 Lacs+",Rs 0 ~
3338,1880,Subbulakshmi Jegadeesan,https://www.myneta.info/TamilNadu2021/candidate.php?candidate_id=1880,MODAKKURICHI,DMK,7,Graduate,"Rs 7,64,36,019 ~ 7 Crore+",Rs 0 ~
3339,3881,"Subburaman, P.",https://www.myneta.info/TamilNadu2021/candidate.php?candidate_id=3881,SATTUR,All India MGR Makkal Munnetra Kazhagam,0,12th Pass,https://myneta.info/image_v2.php?myneta_folder=TamilNadu2021&candidate_id=3881&col=ta,https://myneta.info/image_v2.php?myneta_folder=TamilNadu2021&candidate_id=3881&col=lia
3340,2377,Subhashini.R,https://www.myneta.info/TamilNadu2021/candidate.php?candidate_id=2377,PANRUTI,Naam Tamilar Katchi,0,Graduate Professional,"Rs 4,08,500 ~ 4 Lacs+","Rs 2,58,000 ~ 2 Lacs+"
3341,4048,"Subramani, K",https://www.myneta.info/TamilNadu2021/candidate.php?candidate_id=4048,AVANASHI (SC),India Dravida Makkal Munnetra Katchi,0,5th Pass,"Rs 2,03,500 ~ 2 Lacs+",Rs 0 ~
3342,2552,Subramani.K.,https://www.myneta.info/TamilNadu2021/candidate.php?candidate_id=2552,DHARMAPURI,IND,0,Others,https://myneta.info/image_v2.php?myneta_folder=TamilNadu2021&candidate_id=2552&col=ta,https://myneta.info/image_v2.php?myneta_folder=TamilNadu2021&candidate_id=2552&col=lia
3343,4269,Subramani.P,https://www.myneta.info/TamilNadu2021/candidate.php?candidate_id=4269,DHARMAPURI,DMK,3,10th Pass,"Rs 1,08,02,918 ~ 1 Crore+","Rs 10,00,000 ~ 10 Lacs+"
3344,989,Subramani.P.,https://www.myneta.info/TamilNadu2021/candidate.php?candidate_id=989,DHARMAPURI,IND,0,5th Pass,"Rs 32,236 ~ 32 Thou+",Rs 0 ~
3345,1368,Subramani.S,https://www.myneta.info/TamilNadu2021/candidate.php?candidate_id=1368,KUMARAPALAYAM,CPI(ML)(L),0,5th Pass,https://myneta.info/image_v2.php?myneta_folder=TamilNadu2021&candidate_id=1368&col=ta,https://myneta.info/image_v2.php?myneta_folder=TamilNadu2021&candidate_id=1368&col=lia
3346,1715,Subramani.S.N,https://www.myneta.info/TamilNadu2021/candidate.php?candidate_id=1715,ROYAPURAM,IND,0,Post Graduate,"Rs 81,85,435 ~ 81 Lacs+",Rs 0 ~
3347,2554,Subramani.T.,https://www.myneta.info/TamilNadu2021/candidate.php?candidate_id=2554,DHARMAPURI,IND,0,10th Pass,"Rs 5,53,800 ~ 5 Lacs+",Rs 0 ~
3348,1625,Subramaniam V,https://www.myneta.info/TamilNadu2021/candidate.php?candidate_id=1625,SANKARANKOVIL (SC),Puthiya Tamilagam,0,Literate,https://myneta.info/image_v2.php?myneta_folder=TamilNadu2021&candidate_id=1625&col=ta,https://myneta.info/image_v2.php?myneta_folder=TamilNadu2021&candidate_id=1625&col=lia
3349,1548,Subramanian P,https://www.myneta.info/TamilNadu2021/candidate.php?candidate_id=1548,MANAPPARAI,IND,0,5th Pass,"Rs 3,11,000 ~ 3 Lacs+",Rs 0 ~
3350,4024,Subramanian R,https://www.myneta.info/TamilNadu2021/candidate.php?candidate_id=4024,VILLUPURAM,IND,0,Others,"Rs 16,88,500 ~ 16 Lacs+",Rs 0 ~
3351,4078,Subramanian S,https://www.myneta.info/TamilNadu2021/candidate.php?candidate_id=4078,PALLADAM,Naam Tamilar Katchi,1,12th Pass,https://myneta.info/image_v2.php?myneta_folder=TamilNadu2021&candidate_id=4078&col=ta,https://myneta.info/image_v2.php?myneta_folder=TamilNadu2021&candidate_id=4078&col=lia
3352,1374,"Subramanian, P.",https://www.myneta.info/TamilNadu2021/candidate.php?candidate_id=1374,KUMBAKONAM,IND,0,8th Pass,"Rs 7,04,000 ~ 7 Lacs+",Rs 0 ~
3353,3892,"Subramanian, S.",https://www.myneta.info/TamilNadu2021/candidate.php?candidate_id=3892,SATTUR,IND,0,12th Pass,"Rs 2,83,007 ~ 2 Lacs+",Rs 0 ~
3354,1180,Subramanian.D,https://www.myneta.info/TamilNadu2021/candidate.php?candidate_id=1180,KANGAYAM,IND,0,10th Pass,https://myneta.info/image_v2.php?myneta_folder=TamilNadu2021&candidate_id=1180&col=ta,https://myneta.info/image_v2.php?myneta_folder=TamilNadu2021&candidate_id=1180&col=lia
3355,3789,Subramaniyan.P,https://www.myneta.info/TamilNadu2021/candidate.php?candidate_id=3789,KALLAKURICHI (SC),IND,0,8th Pass,"Rs 5,66,000 ~ 5 Lacs+",Rs 0 ~
3356,2167,Sudakar R,https://www.myneta.info/TamilNadu2021/candidate.php?candidate_id=2167,THOUSAND LIGHTS,IND,0,10th Pass,"Rs 80,000 ~ 80 Thou+",Rs 0 ~
3357,4166,Sudalaimuthu Perumal,https://www.myneta.info/TamilNadu2021/candidate.php?candidate_id=4166,SRIVAIKUNTAM,IND,0,8th Pass,https://myneta.info/image_v2.php?myneta_folder=TamilNadu2021&candidate_id=4166&col=ta,https://myneta.info/image_v2.php?myneta_folder=TamilNadu2021&candidate_id=4166&col=lia
3358,1695,Sudarvizhi K,https://www.myneta.info/TamilNadu2021/candidate.php?candidate_id=1695,JAYANKONDAM,IND,0,Graduate Professional,"Rs 1,26,000 ~ 1 Lacs+",Rs 0 ~
3359,2607,Sudha R B,https://www.myneta.info/TamilNadu2021/candidate.php?candidate_id=2607,PALANI,IND,0,Post Graduate,"Rs 17,000 ~ 17 Thou+",Rs 0 ~
3360,3558,"Sudha, R.",https://www.myneta.info/TamilNadu2021/candidate.php?candidate_id=3558,TIRUCHIRAPPALLI WEST,IND,0,Post Graduate,https://myneta.info/image_v2.php?myneta_folder=TamilNadu2021&candidate_id=3558&col=ta,https://myneta.info/image_v2.php?myneta_folder=TamilNadu2021&candidate_id=3558&col=lia
3361,2416,Sudhakar,https://www.myneta.info/TamilNadu2021/candidate.php?candidate_id=2416,SRIPERUMBUDUR (SC),IND,0,12th Pass,"Rs 43,10,000 ~ 43 Lacs+","Rs 7,00,000 ~ 7 Lacs+"
3362,2956,Sudhakar.L,https://www.myneta.info/TamilNadu2021/candidate.php?candidate_id=2956,KARUR,IND,0,Graduate Professional,"Rs 3,13,825 ~ 3 Lacs+",Rs 0 ~
3363,464,Sudhakar.S,https://www.myneta.info/TamilNadu2021/candidate.php?candidate_id=464,KARUR,IND,0,Post Graduate,https://myneta.info/image_v2.php?myneta_folder=TamilNadu2021&candidate_id=464&col=ta,https://myneta.info/image_v2.php?myneta_folder=TamilNadu2021&candidate_id=464&col=lia
3364,1427,Sudharsanam. S,https://www.myneta.info/TamilNadu2021/candidate.php?candidate_id=1427,MADHAVARAM,DMK,22,Post Graduate,"Rs 37,26,61,072 ~ 37 Crore+","Rs 6,68,66,420 ~ 6 Crore+"
3365,1428,Sudharsanan. D,https://www.myneta.info/TamilNadu2021/candidate.php?candidate_id=1428,MADHAVARAM,IND,0,Graduate Professional,"Rs 2,67,697 ~ 2 Lacs+",Rs 0 ~
3366,4198,Suganraj.S,https://www.myneta.info/TamilNadu2021/candidate.php?candidate_id=4198,CHENGAM (SC),Indiya Jananayaka Katchi,3,10th Pass,https://myneta.info/image_v2.php?myneta_folder=TamilNadu2021&candidate_id=4198&col=ta,https://myneta.info/image_v2.php?myneta_folder=TamilNadu2021&candidate_id=4198&col=lia
3367,3991,Sugumar Ap,https://www.myneta.info/TamilNadu2021/candidate.php?candidate_id=3991,GINGEE,Naam Tamilar Katchi,0,Graduate,"Rs 6,41,000 ~ 6 Lacs+",Rs 0 ~
3368,851,Sugumar M,https://www.myneta.info/TamilNadu2021/candidate.php?candidate_id=851,AVADI,IND,0,Graduate Professional,"Rs 2,05,000 ~ 2 Lacs+",Rs 0 ~
3369,590,"Sugumar, K.",https://www.myneta.info/TamilNadu2021/candidate.php?candidate_id=590,POLLACHI,Amma Makkal Munnettra Kazagam,0,Graduate,https://myneta.info/image_v2.php?myneta_folder=TamilNadu2021&candidate_id=590&col=ta,https://myneta.info/image_v2.php?myneta_folder=TamilNadu2021&candidate_id=590&col=lia
3370,3499,Sugumar.K,https://www.myneta.info/TamilNadu2021/candidate.php?candidate_id=3499,PONNERI (SC),IND,0,Graduate Professional,"Rs 13,58,000 ~ 13 Lacs+",Rs 0 ~
3371,362,Suguna Kumar,https://www.myneta.info/TamilNadu2021/candidate.php?candidate_id=362,ARIYALUR,Naam Tamilar Katchi,0,10th Pass,"Rs 32,36,500 ~ 32 Lacs+",Rs 0 ~
3372,2786,Sukumar V,https://www.myneta.info/TamilNadu2021/candidate.php?candidate_id=2786,VEDASANDUR,IND,0,8th Pass,https://myneta.info/image_v2.php?myneta_folder=TamilNadu2021&candidate_id=2786&col=ta,https://myneta.info/image_v2.php?myneta_folder=TamilNadu2021&candidate_id=2786&col=lia
3373,18,Sukumaran.N,https://www.myneta.info/TamilNadu2021/candidate.php?candidate_id=18,KANGAYAM,IND,0,5th Pass,"Rs 4,25,000 ~ 4 Lacs+",Rs 0 ~
3374,1465,Sulthan Badusha. J,https://www.myneta.info/TamilNadu2021/candidate.php?candidate_id=1465,MADURAI WEST,Anna MGR Dravida Makkal Kalgam,0,Others,"Rs 71,000 ~ 71 Thou+",Rs 0 ~
3375,1480,Sulthan Basha. K,https://www.myneta.info/TamilNadu2021/candidate.php?candidate_id=1480,MADURAI WEST,IND,0,8th Pass,https://myneta.info/image_v2.php?myneta_folder=TamilNadu2021&candidate_id=1480&col=ta,https://myneta.info/image_v2.php?myneta_folder=TamilNadu2021&candidate_id=1480&col=lia
3376,2342,"Sumathi, S.",https://www.myneta.info/TamilNadu2021/candidate.php?candidate_id=2342,TITTAKUDI (SC),IND,0,12th Pass,"Rs 2,10,000 ~ 2 Lacs+",Rs 0 ~
3377,112,Sumitha. P,https://www.myneta.info/TamilNadu2021/candidate.php?candidate_id=112,MADURANTAKAM (SC),Naam Tamilar Katchi,0,8th Pass,"Rs 2,67,000 ~ 2 Lacs+",Rs 0 ~
3378,1502,Sumithra.R,https://www.myneta.info/TamilNadu2021/candidate.php?candidate_id=1502,MADHURAVOYAL,Bahujan Dravida Party,0,12th Pass,https://myneta.info/image_v2.php?myneta_folder=TamilNadu2021&candidate_id=1502&col=ta,https://myneta.info/image_v2.php?myneta_folder=TamilNadu2021&candidate_id=1502&col=lia
3379,749,Sundar K,https://www.myneta.info/TamilNadu2021/candidate.php?candidate_id=749,UTHIRAMERUR,DMK,3,Graduate,"Rs 3,15,57,810 ~ 3 Crore+",Rs 0 ~
3380,433,Sundar L,https://www.myneta.info/TamilNadu2021/candidate.php?candidate_id=433,HOSUR,SHS,0,Others,"Rs 54,15,000 ~ 54 Lacs+",Rs 0 ~
3381,3559,"Sundar Rajulu, G.",https://www.myneta.info/TamilNadu2021/candidate.php?candidate_id=3559,TIRUCHIRAPPALLI WEST,IND,0,10th Pass,https://myneta.info/image_v2.php?myneta_folder=TamilNadu2021&candidate_id=3559&col=ta,https://myneta.info/image_v2.php?myneta_folder=TamilNadu2021&candidate_id=3559&col=lia
3382,661,Sundar.G,https://www.myneta.info/TamilNadu2021/candidate.php?candidate_id=661,THIRU-VI-KA-NAGAR (SC),IND,0,10th Pass,"Rs 1,85,000 ~ 1 Lacs+",Rs 0 ~
3383,2872,Sundara Nathan Y.,https://www.myneta.info/TamilNadu2021/candidate.php?candidate_id=2872,KANNIYAKUMARI,IND,0,10th Pass,"Rs 2,00,000 ~ 2 Lacs+",Rs 0 ~
3384,3184,Sundaram N,https://www.myneta.info/TamilNadu2021/candidate.php?candidate_id=3184,PARAMATHIVELUR,IND,0,5th Pass,https://myneta.info/image_v2.php?myneta_folder=TamilNadu2021&candidate_id=3184&col=ta,https://myneta.info/image_v2.php?myneta_folder=TamilNadu2021&candidate_id=3184&col=lia
3385,3176,Sundaram S,https://www.myneta.info/TamilNadu2021/candidate.php?candidate_id=3176,PARAMATHIVELUR,United States of India Party,0,8th Pass,"Rs 1,634 ~ 1 Thou+",Rs 0 ~
3386,3426,"Sundaramohan, G.",https://www.myneta.info/TamilNadu2021/candidate.php?candidate_id=3426,THANJAVUR,Makkal Needhi Maiam,0,Post Graduate,"Rs 1,89,03,580 ~ 1 Crore+","Rs 3,03,280 ~ 3 Lacs+"
3387,997,Sundaramoorthy.M.,https://www.myneta.info/TamilNadu2021/candidate.php?candidate_id=997,DHARMAPURI,IND,0,10th Pass,https://myneta.info/image_v2.php?myneta_folder=TamilNadu2021&candidate_id=997&col=ta,https://myneta.info/image_v2.php?myneta_folder=TamilNadu2021&candidate_id=997&col=lia
3388,1697,Sundarapandian.R,https://www.myneta.info/TamilNadu2021/candidate.php?candidate_id=1697,ROYAPURAM,IND,0,8th Pass,"Rs 25,000 ~ 25 Thou+",Rs 0 ~
3389,2916,Sundararaj. R,https://www.myneta.info/TamilNadu2021/candidate.php?candidate_id=2916,ARAVAKURICHI,BSP,0,8th Pass,"Rs 2,10,589 ~ 2 Lacs+",Rs 0 ~
3390,175,Sundararajan,https://www.myneta.info/TamilNadu2021/candidate.php?candidate_id=175,SANKARI,AIADMK,0,Graduate,https://myneta.info/image_v2.php?myneta_folder=TamilNadu2021&candidate_id=175&col=ta,https://myneta.info/image_v2.php?myneta_folder=TamilNadu2021&candidate_id=175&col=lia
3391,954,Sundaravadivelu,https://www.myneta.info/TamilNadu2021/candidate.php?candidate_id=954,COIMBATORE SOUTH,IND,0,Graduate Professional,"Rs 5,65,25,000 ~ 5 Crore+",Rs 0 ~
3392,1514,Sundaresan A,https://www.myneta.info/TamilNadu2021/candidate.php?candidate_id=1514,MAILAM,DMDK,0,Graduate,"Rs 89,67,000 ~ 89 Lacs+","Rs 29,27,985 ~ 29 Lacs+"
3393,2068,Sundarraj M,https://www.myneta.info/TamilNadu2021/candidate.php?candidate_id=2068,TIRUNELVELI,CPI(ML)(L),0,10th Pass,https://myneta.info/image_v2.php?myneta_folder=TamilNadu2021&candidate_id=2068&col=ta,https://myneta.info/image_v2.php?myneta_folder=TamilNadu2021&candidate_id=2068&col=lia
3394,3444,"Sundarraj, M.",https://www.myneta.info/TamilNadu2021/candidate.php?candidate_id=3444,PATTUKKOTTAI,Anaithu Makkal Puratchi Katchi,0,Illiterate,"Rs 5,45,000 ~ 5 Lacs+",Rs 0 ~
3395,1902,Sunil Kumar S,https://www.myneta.info/TamilNadu2021/candidate.php?candidate_id=1902,NAGERCOIL,Anaithu Makkal Puratchi Katchi,0,8th Pass,"Rs 14,519 ~ 14 Thou+",Rs 0 ~
3396,1297,Suresh,https://www.myneta.info/TamilNadu2021/candidate.php?candidate_id=1297,KOLATHUR,Tamil Nadu Ilangyar Katchi,0,10th Pass,https://myneta.info/image_v2.php?myneta_folder=TamilNadu2021&candidate_id=1297&col=ta,https://myneta.info/image_v2.php?myneta_folder=TamilNadu2021&candidate_id=1297&col=lia
3397,1672,Suresh A K,https://www.myneta.info/TamilNadu2021/candidate.php?candidate_id=1672,THIRUTHURAIPOONDI (SC),IND,0,12th Pass,"Rs 1,68,282 ~ 1 Lacs+",Rs 0 ~
3398,916,Suresh Babu. T,https://www.myneta.info/TamilNadu2021/candidate.php?candidate_id=916,CHEYYAR,IND,0,Graduate Professional,"Rs 20,713 ~ 20 Thou+",Rs 0 ~
3399,747,Suresh D,https://www.myneta.info/TamilNadu2021/candidate.php?candidate_id=747,UTHIRAMERUR,BSP,0,10th Pass,https://myneta.info/image_v2.php?myneta_folder=TamilNadu2021&candidate_id=747&col=ta,https://myneta.info/image_v2.php?myneta_folder=TamilNadu2021&candidate_id=747&col=lia
3400,160,Suresh Kumar C,https://www.myneta.info/TamilNadu2021/candidate.php?candidate_id=160,THIRUTHURAIPOONDI (SC),AIADMK,1,Graduate Professional,"Rs 3,44,24,614 ~ 3 Crore+","Rs 8,22,228 ~ 8 Lacs+"
3401,3168,Suresh Kumar L,https://www.myneta.info/TamilNadu2021/candidate.php?candidate_id=3168,NAMAKKAL,IND,0,Graduate Professional,"Rs 27,28,202 ~ 27 Lacs+",Rs 0 ~
3402,2259,Suresh Kumar. B,https://www.myneta.info/TamilNadu2021/candidate.php?candidate_id=2259,SAIDAPET,Naam Tamilar Katchi,0,12th Pass,https://myneta.info/image_v2.php?myneta_folder=TamilNadu2021&candidate_id=2259&col=ta,https://myneta.info/image_v2.php?myneta_folder=TamilNadu2021&candidate_id=2259&col=lia
3403,2608,Suresh M,https://www.myneta.info/TamilNadu2021/candidate.php?candidate_id=2608,PALANI,IND,0,10th Pass,"Rs 9,33,500 ~ 9 Lacs+",Rs 0 ~
3404,613,Suresh Manivannan R,https://www.myneta.info/TamilNadu2021/candidate.php?candidate_id=613,RISHIVANDIYAM,Naam Tamilar Katchi,0,Graduate Professional,"Rs 79,30,575 ~ 79 Lacs+",Rs 0 ~
3405,4159,Suresh Perumal S,https://www.myneta.info/TamilNadu2021/candidate.php?candidate_id=4159,SRIVAIKUNTAM,Naam Indiar Party,0,8th Pass,https://myneta.info/image_v2.php?myneta_folder=TamilNadu2021&candidate_id=4159&col=ta,https://myneta.info/image_v2.php?myneta_folder=TamilNadu2021&candidate_id=4159&col=lia
3406,1903,Suresh Rajan N,https://www.myneta.info/TamilNadu2021/candidate.php?candidate_id=1903,NAGERCOIL,DMK,12,Post Graduate,"Rs 4,42,32,540 ~ 4 Crore+","Rs 47,36,179 ~ 47 Lacs+"
3407,1660,Suresh S,https://www.myneta.info/TamilNadu2021/candidate.php?candidate_id=1660,VANDAVASI (SC),Makkal Needhi Maiam,0,Graduate Professional,"Rs 1,27,59,000 ~ 1 Crore+","Rs 84,75,000 ~ 84 Lacs+"
3408,3398,"Suresh, R.",https://www.myneta.info/TamilNadu2021/candidate.php?candidate_id=3398,THIRUVIDAIMARUDUR (SC),Anaithu Makkal Puratchi Katchi,0,8th Pass,https://myneta.info/image_v2.php?myneta_folder=TamilNadu2021&candidate_id=3398&col=ta,https://myneta.info/image_v2.php?myneta_folder=TamilNadu2021&candidate_id=3398&col=lia
3409,579,Suresh. C,https://www.myneta.info/TamilNadu2021/candidate.php?candidate_id=579,PERAMBUR,BSP,0,10th Pass,"Rs 13,98,950 ~ 13 Lacs+","Rs 5,33,000 ~ 5 Lacs+"
3410,2928,Suresh. M,https://www.myneta.info/TamilNadu2021/candidate.php?candidate_id=2928,ARAVAKURICHI,IND,0,5th Pass,"Rs 2,70,000 ~ 2 Lacs+",Rs 0 ~
3411,2312,Suresh. R,https://www.myneta.info/TamilNadu2021/candidate.php?candidate_id=2312,HARBOUR,IND,0,Graduate Professional,https://myneta.info/image_v2.php?myneta_folder=TamilNadu2021&candidate_id=2312&col=ta,https://myneta.info/image_v2.php?myneta_folder=TamilNadu2021&candidate_id=2312&col=lia
3412,977,Suresh.P,https://www.myneta.info/TamilNadu2021/candidate.php?candidate_id=977,CUMBUM,Amma Makkal Munnettra Kazagam,0,Post Graduate,"Rs 4,25,93,815 ~ 4 Crore+","Rs 2,58,81,249 ~ 2 Crore+"
3413,2929,Sureshbabu. S,https://www.myneta.info/TamilNadu2021/candidate.php?candidate_id=2929,ARAVAKURICHI,IND,0,Graduate Professional,"Rs 12,000 ~ 12 Thou+",Rs 0 ~
3414,2446,"Sureshkumar, S.",https://www.myneta.info/TamilNadu2021/candidate.php?candidate_id=2446,KUNNAM,IND,0,Graduate,https://myneta.info/image_v2.php?myneta_folder=TamilNadu2021&candidate_id=2446&col=ta,https://myneta.info/image_v2.php?myneta_folder=TamilNadu2021&candidate_id=2446&col=lia
3415,3734,Sureshkumar.S,https://www.myneta.info/TamilNadu2021/candidate.php?candidate_id=3734,TENKASI,Anna Puratchi Thalaivar Amma Dravida Munnetra Kazhagam,0,8th Pass,"Rs 15,500 ~ 15 Thou+",Rs 0 ~
3416,652,Sureshkumar.T,https://www.myneta.info/TamilNadu2021/candidate.php?candidate_id=652,TAMBARAM,Naam Tamilar Katchi,0,Others,"Rs 70,80,000 ~ 70 Lacs+","Rs 33,47,000 ~ 33 Lacs+"
3417,3327,Suriya Prakash,https://www.myneta.info/TamilNadu2021/candidate.php?candidate_id=3327,TIRUVADANAI,IND,1,Others,https://myneta.info/image_v2.php?myneta_folder=TamilNadu2021&candidate_id=3327&col=ta,https://myneta.info/image_v2.php?myneta_folder=TamilNadu2021&candidate_id=3327&col=lia
3418,2470,Suriyakumar.K,https://www.myneta.info/TamilNadu2021/candidate.php?candidate_id=2470,KAVUNDAMPALAYAM,IND,0,Post Graduate,"Rs 17,38,508 ~ 17 Lacs+",Rs 0 ~
3419,2716,Suriyamoorthy. S,https://www.myneta.info/TamilNadu2021/candidate.php?candidate_id=2716,EDAPPADI,MGR Makkal Katchi,0,10th Pass,"Rs 24,000 ~ 24 Thou+",Rs 0 ~
3420,2957,Surya,https://www.myneta.info/TamilNadu2021/candidate.php?candidate_id=2957,KARUR,IND,0,Post Graduate,https://myneta.info/image_v2.php?myneta_folder=TamilNadu2021&candidate_id=2957&col=ta,https://myneta.info/image_v2.php?myneta_folder=TamilNadu2021&candidate_id=2957&col=lia
3421,3342,Suryaprakash,https://www.myneta.info/TamilNadu2021/candidate.php?candidate_id=3342,RAMANATHAPURAM,IND,1,Others,"Rs 1,48,42,000 ~ 1 Crore+","Rs 26,95,000 ~ 26 Lacs+"
3422,2425,Susaiappar.A,https://www.myneta.info/TamilNadu2021/candidate.php?candidate_id=2425,UTHIRAMERUR,Makkal Needhi Maiam,0,8th Pass,"Rs 2,06,500 ~ 2 Lacs+",Rs 0 ~
3423,1197,Sutharman C.J.,https://www.myneta.info/TamilNadu2021/candidate.php?candidate_id=1197,KANNIYAKUMARI,BSP,0,Graduate Professional,https://myneta.info/image_v2.php?myneta_folder=TamilNadu2021&candidate_id=1197&col=ta,https://myneta.info/image_v2.php?myneta_folder=TamilNadu2021&candidate_id=1197&col=lia
3424,3904,Suyambulingam L,https://www.myneta.info/TamilNadu2021/candidate.php?candidate_id=3904,VIRUDHUNAGAR,Naam Indiar Party,0,5th Pass,"Rs 4,64,000 ~ 4 Lacs+",Rs 0 ~
3425,1896,Syed Anas Mohideen Sahip,https://www.myneta.info/TamilNadu2021/candidate.php?candidate_id=1896,NAGAPATTINAM,Makkal Needhi Maiam,0,Graduate Professional,"Rs 1,03,97,940 ~ 1 Crore+","Rs 3,93,842 ~ 3 Lacs+"
3426,3958,Syed Jalaluddin .M,https://www.myneta.info/TamilNadu2021/candidate.php?candidate_id=3958,VELLORE,Tipu Sultan Party,0,12th Pass,https://myneta.info/image_v2.php?myneta_folder=TamilNadu2021&candidate_id=3958&col=ta,https://myneta.info/image_v2.php?myneta_folder=TamilNadu2021&candidate_id=3958&col=lia
3427,2184,Syed Mohammed Saleem,https://www.myneta.info/TamilNadu2021/candidate.php?candidate_id=2184,VANIYAMBADI,IND,0,Graduate Professional,"Rs 55,000 ~ 55 Thou+",Rs 0 ~
3428,1774,Syed Rayhan,https://www.myneta.info/TamilNadu2021/candidate.php?candidate_id=1774,VILLIVAKKAM,IND,0,Graduate Professional,"Rs 34,92,000 ~ 34 Lacs+","Rs 2,46,000 ~ 2 Lacs+"
3429,3303,Syed Sulthan Ibrahim A,https://www.myneta.info/TamilNadu2021/candidate.php?candidate_id=3303,ARANTHANGI,IND,0,Not Given,https://myneta.info/image_v2.php?myneta_folder=TamilNadu2021&candidate_id=3303&col=ta,https://myneta.info/image_v2.php?myneta_folder=TamilNadu2021&candidate_id=3303&col=lia
3430,564,"Syedali, A.",https://www.myneta.info/TamilNadu2021/candidate.php?candidate_id=564,PADMANABHAPURAM,IND,0,12th Pass,"Rs 59,23,343 ~ 59 Lacs+",Rs 0 ~
3431,83,Syedukhan.S.P.M,https://www.myneta.info/TamilNadu2021/candidate.php?candidate_id=83,CUMBUM,AIADMK,0,12th Pass,"Rs 68,50,000 ~ 68 Lacs+","Rs 25,00,000 ~ 25 Lacs+"
3432,3250,Syeed Mohamed J,https://www.myneta.info/TamilNadu2021/candidate.php?candidate_id=3250,VIRALIMALAI,IND,0,8th Pass,https://myneta.info/image_v2.php?myneta_folder=TamilNadu2021&candidate_id=3250&col=ta,https://myneta.info/image_v2.php?myneta_folder=TamilNadu2021&candidate_id=3250&col=lia
3433,3674,T Joseph Samuvel Santhakumar,https://www.myneta.info/TamilNadu2021/candidate.php?candidate_id=3674,AMBATTUR,IND,0,12th Pass,"Rs 6,14,000 ~ 6 Lacs+",Rs 0 ~
3434,2688,T. Duraisamy,https://www.myneta.info/TamilNadu2021/candidate.php?candidate_id=2688,YERCAUD (ST),Indiya Jananayaka Katchi,0,5th Pass,"Rs 10,15,000 ~ 10 Lacs+","Rs 1,00,000 ~ 1 Lacs+"
3435,2411,T. Magesh,https://www.myneta.info/TamilNadu2021/candidate.php?candidate_id=2411,KANCHEEPURAM,IND,0,5th Pass,https://myneta.info/image_v2.php?myneta_folder=TamilNadu2021&candidate_id=2411&col=ta,https://myneta.info/image_v2.php?myneta_folder=TamilNadu2021&candidate_id=2411&col=lia
3436,3605,T. Periyathambi,https://www.myneta.info/TamilNadu2021/candidate.php?candidate_id=3605,MUSIRI,IND,0,Literate,"Rs 14,46,000 ~ 14 Lacs+",Rs 0 ~
3437,2693,T. Priya,https://www.myneta.info/TamilNadu2021/candidate.php?candidate_id=2693,YERCAUD (ST),IND,0,Graduate Professional,"Rs 16,180 ~ 16 Thou+",Rs 0 ~
3438,3582,T. Rengaraj,https://www.myneta.info/TamilNadu2021/candidate.php?candidate_id=3582,MANACHANALLUR,Tamil Nadu Ilangyar Katchi,0,Graduate Professional,https://myneta.info/image_v2.php?myneta_folder=TamilNadu2021&candidate_id=3582&col=ta,https://myneta.info/image_v2.php?myneta_folder=TamilNadu2021&candidate_id=3582&col=lia
3439,3603,T. Senthil Kumar,https://www.myneta.info/TamilNadu2021/candidate.php?candidate_id=3603,MUSIRI,IND,0,8th Pass,"Rs 4,02,000 ~ 4 Lacs+","Rs 80,000 ~ 80 Thou+"
3440,1897,T. Singaravadivelan,https://www.myneta.info/TamilNadu2021/candidate.php?candidate_id=1897,NAGAPATTINAM,SHS,0,Others,"Rs 21,82,116 ~ 21 Lacs+","Rs 1,30,000 ~ 1 Lacs+"
3441,2366,T. Veeramani,https://www.myneta.info/TamilNadu2021/candidate.php?candidate_id=2366,VRIDHACHALAM,IND,0,Graduate Professional,https://myneta.info/image_v2.php?myneta_folder=TamilNadu2021&candidate_id=2366&col=ta,https://myneta.info/image_v2.php?myneta_folder=TamilNadu2021&candidate_id=2366&col=lia
3442,1881,T.Azhakumalai Kumaran,https://www.myneta.info/TamilNadu2021/candidate.php?candidate_id=1881,MUDUKULATHUR,IND,0,Graduate Professional,"Rs 23,08,054 ~ 23 Lacs+","Rs 65,000 ~ 65 Thou+"
3443,303,T.D.Shanmugam,https://www.myneta.info/TamilNadu2021/candidate.php?candidate_id=303,ARCOT,IND,0,Graduate,"Rs 1,01,00,000 ~ 1 Crore+",Rs 0 ~
3444,3790,T.Elumalai,https://www.myneta.info/TamilNadu2021/candidate.php?candidate_id=3790,SHOLINGANALLUR,Anna MGR Dravida Munnetra Kazhagam,0,Graduate,https://myneta.info/image_v2.php?myneta_folder=TamilNadu2021&candidate_id=3790&col=ta,https://myneta.info/image_v2.php?myneta_folder=TamilNadu2021&candidate_id=3790&col=lia
3445,1986,T.Ilanchezhian,https://www.myneta.info/TamilNadu2021/candidate.php?candidate_id=1986,POOMPUHAR,BSP,1,Graduate,"Rs 34,50,000 ~ 34 Lacs+",Rs 0 ~
3446,690,T.Indragandhi,https://www.myneta.info/TamilNadu2021/candidate.php?candidate_id=690,THURAIYUR (SC),AIADMK,0,Post Graduate,"Rs 3,96,62,738 ~ 3 Crore+","Rs 1,12,65,000 ~ 1 Crore+"
3447,146,T.K. Raja,https://www.myneta.info/TamilNadu2021/candidate.php?candidate_id=146,TIRUPATTUR,Pattali Makkal Katchi,0,10th Pass,https://myneta.info/image_v2.php?myneta_folder=TamilNadu2021&candidate_id=146&col=ta,https://myneta.info/image_v2.php?myneta_folder=TamilNadu2021&candidate_id=146&col=lia
3448,140,T.M.Tamilselvam,https://www.myneta.info/TamilNadu2021/candidate.php?candidate_id=140,UTHANGARAI (SC),AIADMK,0,10th Pass,"Rs 45,76,885 ~ 45 Lacs+",Rs 0 ~
3449,3976,T.Mathan Kumar,https://www.myneta.info/TamilNadu2021/candidate.php?candidate_id=3976,ANAIKATTU,IND,0,10th Pass,"Rs 1,45,000 ~ 1 Lacs+","Rs 3,000 ~ 3 Thou+"
3450,3651,T.Muthu Selvi,https://www.myneta.info/TamilNadu2021/candidate.php?candidate_id=3651,RADHAPURAM,IND,0,Literate,https://myneta.info/image_v2.php?myneta_folder=TamilNadu2021&candidate_id=3651&col=ta,https://myneta.info/image_v2.php?myneta_folder=TamilNadu2021&candidate_id=3651&col=lia
3451,3612,T.N. Yuvarajan,https://www.myneta.info/TamilNadu2021/candidate.php?candidate_id=3612,THURAIYUR (SC),Makkal Needhi Maiam,0,Graduate Professional,"Rs 47,29,862 ~ 47 Lacs+","Rs 1,19,000 ~ 1 Lacs+"
3452,1024,T.Prabhu,https://www.myneta.info/TamilNadu2021/candidate.php?candidate_id=1024,EGMORE (SC),DMDK,0,Graduate,"Rs 3,30,800 ~ 3 Lacs+",Rs 0 ~
3453,3486,T.Raja Mohamed,https://www.myneta.info/TamilNadu2021/candidate.php?candidate_id=3486,BODINAYAKKANUR,IND,0,12th Pass,https://myneta.info/image_v2.php?myneta_folder=TamilNadu2021&candidate_id=3486&col=ta,https://myneta.info/image_v2.php?myneta_folder=TamilNadu2021&candidate_id=3486&col=lia
3454,3698,T.Rajendran,https://www.myneta.info/TamilNadu2021/candidate.php?candidate_id=3698,SHOLINGHUR,IND,0,10th Pass,"Rs 31,000 ~ 31 Thou+",Rs 0 ~
3455,3929,T.Ramachandran,https://www.myneta.info/TamilNadu2021/candidate.php?candidate_id=3929,ARUPPUKOTTAI,IND,0,Others,"Rs 7,14,000 ~ 7 Lacs+",Rs 0 ~
3456,2584,T.Ramajayam,https://www.myneta.info/TamilNadu2021/candidate.php?candidate_id=2584,VEDHARANYAM,IND,0,Others,https://myneta.info/image_v2.php?myneta_folder=TamilNadu2021&candidate_id=2584&col=ta,https://myneta.info/image_v2.php?myneta_folder=TamilNadu2021&candidate_id=2584&col=lia
3457,3652,T.Rethina Pandi,https://www.myneta.info/TamilNadu2021/candidate.php?candidate_id=3652,RADHAPURAM,IND,0,Literate,"Rs 7,40,268 ~ 7 Lacs+",Rs 0 ~
3458,124,T.S.Rajendran,https://www.myneta.info/TamilNadu2021/candidate.php?candidate_id=124,VIRUGAMPAKKAM,Naam Tamilar Katchi,0,12th Pass,"Rs 37,40,500 ~ 37 Lacs+","Rs 2,50,000 ~ 2 Lacs+"
3459,2181,T.S.Vakeel Ahmed,https://www.myneta.info/TamilNadu2021/candidate.php?candidate_id=2181,VANIYAMBADI,All India Majlis-E-Ittehadul Muslimeen,5,Others,https://myneta.info/image_v2.php?myneta_folder=TamilNadu2021&candidate_id=2181&col=ta,https://myneta.info/image_v2.php?myneta_folder=TamilNadu2021&candidate_id=2181&col=lia
3460,3648,T.Sermadurai,https://www.myneta.info/TamilNadu2021/candidate.php?candidate_id=3648,RADHAPURAM,IND,0,8th Pass,"Rs 5,97,682 ~ 5 Lacs+","Rs 1,57,512 ~ 1 Lacs+"
3461,2096,T.Sundaravadivelan,https://www.myneta.info/TamilNadu2021/candidate.php?candidate_id=2096,VEDHARANYAM,SHS,0,12th Pass,"Rs 29,06,600 ~ 29 Lacs+",Rs 0 ~
3462,2652,T.Suresh,https://www.myneta.info/TamilNadu2021/candidate.php?candidate_id=2652,OMALUR,IND,4,Graduate Professional,https://myneta.info/image_v2.php?myneta_folder=TamilNadu2021&candidate_id=2652&col=ta,https://myneta.info/image_v2.php?myneta_folder=TamilNadu2021&candidate_id=2652&col=lia
3463,3003,T.Tamilarasan,https://www.myneta.info/TamilNadu2021/candidate.php?candidate_id=3003,UTHANGARAI (SC),IND,0,Post Graduate,"Rs 1,70,430 ~ 1 Lacs+",Rs 0 ~
3464,515,T.Velayudham,https://www.myneta.info/TamilNadu2021/candidate.php?candidate_id=515,KURINJIPADI,BSP,0,8th Pass,"Rs 4,15,000 ~ 4 Lacs+",Rs 0 ~
3465,3654,T.Venus Veera Arasu,https://www.myneta.info/TamilNadu2021/candidate.php?candidate_id=3654,RADHAPURAM,IND,1,12th Pass,https://myneta.info/image_v2.php?myneta_folder=TamilNadu2021&candidate_id=3654&col=ta,https://myneta.info/image_v2.php?myneta_folder=TamilNadu2021&candidate_id=3654&col=lia
3466,2768,T.Vijaya Raj,https://www.myneta.info/TamilNadu2021/candidate.php?candidate_id=2768,SALEM NORTH,IND,0,10th Pass,"Rs 1,89,000 ~ 1 Lacs+",Rs 0 ~
3467,2122,T.Vinayagamoorthy,https://www.myneta.info/TamilNadu2021/candidate.php?candidate_id=2122,ALANGUDI,IND,0,8th Pass,"Rs 9,46,179 ~ 9 Lacs+",Rs 0 ~
3468,378,Tabrez,https://www.myneta.info/TamilNadu2021/candidate.php?candidate_id=378,CHEPAUK-THIRUVALLIKENI,Tipu Sultan Party,0,8th Pass,https://myneta.info/image_v2.php?myneta_folder=TamilNadu2021&candidate_id=378&col=ta,https://myneta.info/image_v2.php?myneta_folder=TamilNadu2021&candidate_id=378&col=lia
3469,2982,Tamil Selvan.M,https://www.myneta.info/TamilNadu2021/candidate.php?candidate_id=2982,KRISHNARAYAPURAM (SC),IND,0,Graduate Professional,"Rs 15,000 ~ 15 Thou+","Rs 3,69,000 ~ 3 Lacs+"
3470,2568,Tamilarasan U,https://www.myneta.info/TamilNadu2021/candidate.php?candidate_id=2568,KILVELUR,BSP,0,12th Pass,"Rs 82,000 ~ 82 Thou+",Rs 0 ~
3471,2961,Tamilarasan.K,https://www.myneta.info/TamilNadu2021/candidate.php?candidate_id=2961,KARUR,IND,0,12th Pass,https://myneta.info/image_v2.php?myneta_folder=TamilNadu2021&candidate_id=2961&col=ta,https://myneta.info/image_v2.php?myneta_folder=TamilNadu2021&candidate_id=2961&col=lia
3472,2555,Tamilarasan.S.,https://www.myneta.info/TamilNadu2021/candidate.php?candidate_id=2555,DHARMAPURI,IND,0,Post Graduate,"Rs 99,86,727 ~ 99 Lacs+","Rs 43,00,000 ~ 43 Lacs+"
3473,1540,Tamilarasi A.,https://www.myneta.info/TamilNadu2021/candidate.php?candidate_id=1540,MANAMADURAI (SC),DMK,8,Graduate,"Rs 2,18,45,568 ~ 2 Crore+","Rs 46,82,670 ~ 46 Lacs+"
3474,2525,Tamilazhagan. R,https://www.myneta.info/TamilNadu2021/candidate.php?candidate_id=2525,PENNAGARAM,Naam Tamilar Katchi,0,Graduate Professional,https://myneta.info/image_v2.php?myneta_folder=TamilNadu2021&candidate_id=2525&col=ta,https://myneta.info/image_v2.php?myneta_folder=TamilNadu2021&candidate_id=2525&col=lia
3475,3482,Tamilselvan,https://www.myneta.info/TamilNadu2021/candidate.php?candidate_id=3482,BODINAYAKKANUR,IND,0,12th Pass,"Rs 2,08,000 ~ 2 Lacs+",Rs 0 ~
3476,3013,Tamilselvan.S,https://www.myneta.info/TamilNadu2021/candidate.php?candidate_id=3013,KRISHNAGIRI,BSP,0,Graduate Professional,"Rs 11,000 ~ 11 Thou+",Rs 0 ~
3477,3759,Tamilvanan M,https://www.myneta.info/TamilNadu2021/candidate.php?candidate_id=3759,RISHIVANDIYAM,My India Party,1,Graduate,https://myneta.info/image_v2.php?myneta_folder=TamilNadu2021&candidate_id=3759&col=ta,https://myneta.info/image_v2.php?myneta_folder=TamilNadu2021&candidate_id=3759&col=lia
3478,3858,Tamizhselvan. S,https://www.myneta.info/TamilNadu2021/candidate.php?candidate_id=3858,MADURANTAKAM (SC),IND,0,10th Pass,"Rs 79,000 ~ 79 Thou+",Rs 0 ~
3479,3162,Tamizhvanan K,https://www.myneta.info/TamilNadu2021/candidate.php?candidate_id=3162,NAMAKKAL,Tamilaga Makkal Thannurimai Katchi,0,8th Pass,"Rs 24,46,000 ~ 24 Lacs+","Rs 80,000 ~ 80 Thou+"
3480,527,Thalapathi G,https://www.myneta.info/TamilNadu2021/candidate.php?candidate_id=527,MADURAI NORTH,DMK,12,10th Pass,https://myneta.info/image_v2.php?myneta_folder=TamilNadu2021&candidate_id=527&col=ta,https://myneta.info/image_v2.php?myneta_folder=TamilNadu2021&candidate_id=527&col=lia
3481,77,Thalavai Sundaram N.,https://www.myneta.info/TamilNadu2021/candidate.php?candidate_id=77,KANNIYAKUMARI,AIADMK,1,Graduate Professional,"Rs 1,99,70,097 ~ 1 Crore+","Rs 7,84,142 ~ 7 Lacs+"
3482,3876,"Thamaraiselvam, K.",https://www.myneta.info/TamilNadu2021/candidate.php?candidate_id=3876,SRIVILLIPUTHUR (SC),IND,0,10th Pass,"Rs 14,01,655 ~ 14 Lacs+","Rs 34,000 ~ 34 Thou+"
3483,1538,Thamaraiselvi S.,https://www.myneta.info/TamilNadu2021/candidate.php?candidate_id=1538,MANAMADURAI (SC),IND,0,12th Pass,https://myneta.info/image_v2.php?myneta_folder=TamilNadu2021&candidate_id=1538&col=ta,https://myneta.info/image_v2.php?myneta_folder=TamilNadu2021&candidate_id=1538&col=lia
3484,1980,"Thambi, M.",https://www.myneta.info/TamilNadu2021/candidate.php?candidate_id=1980,PERUNDURAI,BSP,0,12th Pass,"Rs 45,81,000 ~ 45 Lacs+","Rs 24,90,000 ~ 24 Lacs+"
3485,4007,Thambiraj A,https://www.myneta.info/TamilNadu2021/candidate.php?candidate_id=4007,TINDIVANAM (SC),IND,0,Others,"Rs 40,500 ~ 40 Thou+",Rs 0 ~
3486,1212,Thamilalagan,https://www.myneta.info/TamilNadu2021/candidate.php?candidate_id=1212,KARUR,IND,0,Graduate Professional,https://myneta.info/image_v2.php?myneta_folder=TamilNadu2021&candidate_id=1212&col=ta,https://myneta.info/image_v2.php?myneta_folder=TamilNadu2021&candidate_id=1212&col=lia
3487,199,"Thamizhselvan, R.",https://www.myneta.info/TamilNadu2021/candidate.php?candidate_id=199,PERAMBALUR (SC),AIADMK,0,Graduate,"Rs 1,87,56,560 ~ 1 Crore+","Rs 54,76,904 ~ 54 Lacs+"
3488,2931,Thanegasalam. R. V,https://www.myneta.info/TamilNadu2021/candidate.php?candidate_id=2931,ARAVAKURICHI,IND,0,Graduate Professional,"Rs 20,81,836 ~ 20 Lacs+","Rs 4,50,000 ~ 4 Lacs+"
3489,1856,Thanga Udhayakumar,https://www.myneta.info/TamilNadu2021/candidate.php?candidate_id=1856,KATTUMANNARKOIL (SC),BSP,0,10th Pass,https://myneta.info/image_v2.php?myneta_folder=TamilNadu2021&candidate_id=1856&col=ta,https://myneta.info/image_v2.php?myneta_folder=TamilNadu2021&candidate_id=1856&col=lia
3490,3923,Thanga Vadivel.A.N,https://www.myneta.info/TamilNadu2021/candidate.php?candidate_id=3923,ARUPPUKOTTAI,IND,0,Others,"Rs 4,000 ~ 4 Thou+",Rs 0 ~
3491,1253,Thanga Vikram,https://www.myneta.info/TamilNadu2021/candidate.php?candidate_id=1253,KATTUMANNARKOIL (SC),Makkal Needhi Maiam,0,Post Graduate,"Rs 18,00,000 ~ 18 Lacs+","Rs 3,00,000 ~ 3 Lacs+"
3492,305,Thanga. Shanmuga Sundaram,https://www.myneta.info/TamilNadu2021/candidate.php?candidate_id=305,ARIYALUR,New Generation Peoples Party,2,Post Graduate,https://myneta.info/image_v2.php?myneta_folder=TamilNadu2021&candidate_id=305&col=ta,https://myneta.info/image_v2.php?myneta_folder=TamilNadu2021&candidate_id=305&col=lia
3493,702,Thangam Thenarasu,https://www.myneta.info/TamilNadu2021/candidate.php?candidate_id=702,TIRUCHULI,DMK,7,Graduate Professional,"Rs 11,87,61,867 ~ 11 Crore+","Rs 3,84,74,677 ~ 3 Crore+"
3494,105,Thangamani.P,https://www.myneta.info/TamilNadu2021/candidate.php?candidate_id=105,KUMARAPALAYAM,AIADMK,0,10th Pass,"Rs 1,86,81,256 ~ 1 Crore+",Rs 0 ~
3495,3864,Thangapandi B.,https://www.myneta.info/TamilNadu2021/candidate.php?candidate_id=3864,RAJAPALAYAM,IND,0,8th Pass,https://myneta.info/image_v2.php?myneta_folder=TamilNadu2021&candidate_id=3864&col=ta,https://myneta.info/image_v2.php?myneta_folder=TamilNadu2021&candidate_id=3864&col=lia
3496,3912,Thangapandi N,https://www.myneta.info/TamilNadu2021/candidate.php?candidate_id=3912,VIRUDHUNAGAR,IND,0,5th Pass,"Rs 20,500 ~ 20 Thou+",Rs 0 ~
3497,3865,Thangapandi S.,https://www.myneta.info/TamilNadu2021/candidate.php?candidate_id=3865,RAJAPALAYAM,IND,0,10th Pass,"Rs 3,20,000 ~ 3 Lacs+",Rs 0 ~
3498,3922,Thangapandian,https://www.myneta.info/TamilNadu2021/candidate.php?candidate_id=3922,ARUPPUKOTTAI,IND,0,Graduate Professional,https://myneta.info/image_v2.php?myneta_folder=TamilNadu2021&candidate_id=3922&col=ta,https://myneta.info/image_v2.php?myneta_folder=TamilNadu2021&candidate_id=3922&col=lia
3499,4084,Thangaraj A,https://www.myneta.info/TamilNadu2021/candidate.php?candidate_id=4084,PALLADAM,IND,0,5th Pass,"Rs 8,38,500 ~ 8 Lacs+","Rs 2,50,000 ~ 2 Lacs+"
3500,3913,Thangaraj R,https://www.myneta.info/TamilNadu2021/candidate.php?candidate_id=3913,VIRUDHUNAGAR,IND,0,5th Pass,"Rs 20,500 ~ 20 Thou+",Rs 0 ~
3501,1603,Thangaraj S,https://www.myneta.info/TamilNadu2021/candidate.php?candidate_id=1603,VASUDEVANALLUR (SC),Amma Makkal Munnettra Kazagam,0,Graduate,https://myneta.info/image_v2.php?myneta_folder=TamilNadu2021&candidate_id=1603&col=ta,https://myneta.info/image_v2.php?myneta_folder=TamilNadu2021&candidate_id=1603&col=lia
3502,3837,Thangaraj V.,https://www.myneta.info/TamilNadu2021/candidate.php?candidate_id=3837,TAMBARAM,IND,0,8th Pass,"Rs 2,50,389 ~ 2 Lacs+",Rs 0 ~
3503,1878,Thangaraj.D,https://www.myneta.info/TamilNadu2021/candidate.php?candidate_id=1878,MODAKKURICHI,Amma Makkal Munnettra Kazagam,0,8th Pass,"Rs 12,66,92,273 ~ 12 Crore+","Rs 1,56,55,742 ~ 1 Crore+"
3504,2433,Thangaraj.K,https://www.myneta.info/TamilNadu2021/candidate.php?candidate_id=2433,UTHIRAMERUR,IND,0,12th Pass,https://myneta.info/image_v2.php?myneta_folder=TamilNadu2021&candidate_id=2433&col=ta,https://myneta.info/image_v2.php?myneta_folder=TamilNadu2021&candidate_id=2433&col=lia
3505,2946,Thangaraj.N,https://www.myneta.info/TamilNadu2021/candidate.php?candidate_id=2946,KARUR,DMDK,2,Graduate,"Rs 51,09,000 ~ 51 Lacs+","Rs 10,07,000 ~ 10 Lacs+"
3506,1957,Thangaraj.S,https://www.myneta.info/TamilNadu2021/candidate.php?candidate_id=1957,SIVAKASI,IND,0,8th Pass,"Rs 4,25,000 ~ 4 Lacs+",Rs 0 ~
3507,3187,Thangarasu M,https://www.myneta.info/TamilNadu2021/candidate.php?candidate_id=3187,PARAMATHIVELUR,IND,0,12th Pass,https://myneta.info/image_v2.php?myneta_folder=TamilNadu2021&candidate_id=3187&col=ta,https://myneta.info/image_v2.php?myneta_folder=TamilNadu2021&candidate_id=3187&col=lia
3508,2609,Thangavel A,https://www.myneta.info/TamilNadu2021/candidate.php?candidate_id=2609,PALANI,IND,0,8th Pass,"Rs 17,25,100 ~ 17 Lacs+","Rs 1,78,100 ~ 1 Lacs+"
3509,2593,Thangavel B,https://www.myneta.info/TamilNadu2021/candidate.php?candidate_id=2593,PALANI,My India Party,0,8th Pass,"Rs 30,50,000 ~ 30 Lacs+",Rs 0 ~
3510,1038,Thangavel G,https://www.myneta.info/TamilNadu2021/candidate.php?candidate_id=1038,ERODE WEST,United States of India Party,0,Post Graduate,https://myneta.info/image_v2.php?myneta_folder=TamilNadu2021&candidate_id=1038&col=ta,https://myneta.info/image_v2.php?myneta_folder=TamilNadu2021&candidate_id=1038&col=lia
3511,2708,Thangavel. K,https://www.myneta.info/TamilNadu2021/candidate.php?candidate_id=2708,METTUR,Dhesiya Makkal Kazhagam,0,Illiterate,"Rs 18,000 ~ 18 Thou+",Rs 0 ~
3512,66,Thangavel. P. S. N,https://www.myneta.info/TamilNadu2021/candidate.php?candidate_id=66,ARAVAKURICHI,Amma Makkal Munnettra Kazagam,1,Graduate Professional,"Rs 7,12,00,728 ~ 7 Crore+","Rs 1,04,99,114 ~ 1 Crore+"
3513,798,Thangavel.M,https://www.myneta.info/TamilNadu2021/candidate.php?candidate_id=798,ANTHIYUR,IND,0,Graduate,https://myneta.info/image_v2.php?myneta_folder=TamilNadu2021&candidate_id=798&col=ta,https://myneta.info/image_v2.php?myneta_folder=TamilNadu2021&candidate_id=798&col=lia
3514,939,Thangavelu R,https://www.myneta.info/TamilNadu2021/candidate.php?candidate_id=939,COIMBATORE NORTH,Makkal Needhi Maiam,0,Graduate,"Rs 70,69,607 ~ 70 Lacs+","Rs 65,000 ~ 65 Thou+"
3515,2412,Thanigaivel,https://www.myneta.info/TamilNadu2021/candidate.php?candidate_id=2412,SRIPERUMBUDUR (SC),Makkal Needhi Maiam,0,Post Graduate,"Rs 71,02,000 ~ 71 Lacs+","Rs 7,00,000 ~ 7 Lacs+"
3516,557,Thanka.Kathiravan,https://www.myneta.info/TamilNadu2021/candidate.php?candidate_id=557,NAGAPATTINAM,AIADMK,0,Post Graduate,https://myneta.info/image_v2.php?myneta_folder=TamilNadu2021&candidate_id=557&col=ta,https://myneta.info/image_v2.php?myneta_folder=TamilNadu2021&candidate_id=557&col=lia
3517,2909,Thankappan C,https://www.myneta.info/TamilNadu2021/candidate.php?candidate_id=2909,KILLIYOOR,Tamilnadu Mahatma Gandhi Makkal Katchi,0,12th Pass,"Rs 3,75,20,000 ~ 3 Crore+",Rs 0 ~
3518,3435,"Thanraj, R.",https://www.myneta.info/TamilNadu2021/candidate.php?candidate_id=3435,ORATHANADU,United States of India Party,0,5th Pass,"Rs 9,96,000 ~ 9 Lacs+","Rs 9,50,000 ~ 9 Lacs+"
3519,2875,Thanu Neelan S.,https://www.myneta.info/TamilNadu2021/candidate.php?candidate_id=2875,KANNIYAKUMARI,IND,0,12th Pass,https://myneta.info/image_v2.php?myneta_folder=TamilNadu2021&candidate_id=2875&col=ta,https://myneta.info/image_v2.php?myneta_folder=TamilNadu2021&candidate_id=2875&col=lia
3520,2101,Tharun A K,https://www.myneta.info/TamilNadu2021/candidate.php?candidate_id=2101,VEERAPANDI,DMK,1,Post Graduate,"Rs 9,86,73,714 ~ 9 Crore+","Rs 84,53,610 ~ 84 Lacs+"
3521,1014,Thasapparaj D,https://www.myneta.info/TamilNadu2021/candidate.php?candidate_id=1014,EDAPPADI,Makkal Needhi Maiam,0,10th Pass,"Rs 1,17,90,000 ~ 1 Crore+","Rs 10,000 ~ 10 Thou+"
3522,3077,Thavamani A,https://www.myneta.info/TamilNadu2021/candidate.php?candidate_id=3077,MADURAI CENTRAL,BSP,0,5th Pass,https://myneta.info/image_v2.php?myneta_folder=TamilNadu2021&candidate_id=3077&col=ta,https://myneta.info/image_v2.php?myneta_folder=TamilNadu2021&candidate_id=3077&col=lia
3523,3489,Thavidhu Raja. A,https://www.myneta.info/TamilNadu2021/candidate.php?candidate_id=3489,CUMBUM,IND,0,10th Pass,"Rs 11,000 ~ 11 Thou+",Rs 0 ~
3524,3069,Theivammal K,https://www.myneta.info/TamilNadu2021/candidate.php?candidate_id=3069,MADURAI NORTH,IND,0,Graduate Professional,"Rs 1,86,500 ~ 1 Lacs+","Rs 40,000 ~ 40 Thou+"
3525,890,Theni.T.Karnan,https://www.myneta.info/TamilNadu2021/candidate.php?candidate_id=890,BODINAYAKKANUR,Anna Dravidar Kazhagam,1,Illiterate,https://myneta.info/image_v2.php?myneta_folder=TamilNadu2021&candidate_id=890&col=ta,https://myneta.info/image_v2.php?myneta_folder=TamilNadu2021&candidate_id=890&col=lia
3526,741,"Thennarasu,K.",https://www.myneta.info/TamilNadu2021/candidate.php?candidate_id=741,UDUMALAIPETTAI,INC,0,Graduate Professional,"Rs 2,01,52,821 ~ 2 Crore+","Rs 31,90,860 ~ 31 Lacs+"
3527,2661,Thilagabama M,https://www.myneta.info/TamilNadu2021/candidate.php?candidate_id=2661,ATHOOR,Pattali Makkal Katchi,1,Graduate,"Rs 5,18,40,570 ~ 5 Crore+","Rs 80,75,052 ~ 80 Lacs+"
3528,2666,Thilagavathy S,https://www.myneta.info/TamilNadu2021/candidate.php?candidate_id=2666,ATHOOR,IND,0,Graduate,https://myneta.info/image_v2.php?myneta_folder=TamilNadu2021&candidate_id=2666&col=ta,https://myneta.info/image_v2.php?myneta_folder=TamilNadu2021&candidate_id=2666&col=lia
3529,2546,Thimothy.T,https://www.myneta.info/TamilNadu2021/candidate.php?candidate_id=2546,MAYILADUTHURAI,IND,0,5th Pass,"Rs 25,800 ~ 25 Thou+",Rs 0 ~
3530,4079,Thinakaran K,https://www.myneta.info/TamilNadu2021/candidate.php?candidate_id=4079,PALLADAM,Anna Dravidar Kazhagam,0,8th Pass,"Rs 2,71,800 ~ 2 Lacs+",Rs 0 ~
3531,3112,Thiralipandi N,https://www.myneta.info/TamilNadu2021/candidate.php?candidate_id=3112,THIRUMANGALAM,IND,0,8th Pass,https://myneta.info/image_v2.php?myneta_folder=TamilNadu2021&candidate_id=3112&col=ta,https://myneta.info/image_v2.php?myneta_folder=TamilNadu2021&candidate_id=3112&col=lia
3532,477,Thirugnanam.M,https://www.myneta.info/TamilNadu2021/candidate.php?candidate_id=477,KARUR,IND,1,Graduate Professional,"Rs 55,000 ~ 55 Thou+",Rs 0 ~
3533,1685,"Thirugnanasambandam, S.V.",https://www.myneta.info/TamilNadu2021/candidate.php?candidate_id=1685,PERAVURANI,AIADMK,0,12th Pass,"Rs 3,94,75,595 ~ 3 Crore+","Rs 38,63,000 ~ 38 Lacs+"
3534,1032,"Thirumahan Everaa,E.",https://www.myneta.info/TamilNadu2021/candidate.php?candidate_id=1032,ERODE EAST,INC,0,Graduate,https://myneta.info/image_v2.php?myneta_folder=TamilNadu2021&candidate_id=1032&col=ta,https://myneta.info/image_v2.php?myneta_folder=TamilNadu2021&candidate_id=1032&col=lia
3535,3736,Thirumalaimuthu.R,https://www.myneta.info/TamilNadu2021/candidate.php?candidate_id=3736,TENKASI,Makkal Needhi Maiam,0,Graduate,"Rs 1,87,17,613 ~ 1 Crore+","Rs 4,60,000 ~ 4 Lacs+"
3536,3424,"Thirumaran, P.S.",https://www.myneta.info/TamilNadu2021/candidate.php?candidate_id=3424,THIRUVAIYARU,IND,0,Graduate,"Rs 20,02,000 ~ 20 Lacs+",Rs 0 ~
3537,3944,Thirumurugan G,https://www.myneta.info/TamilNadu2021/candidate.php?candidate_id=3944,TIRUCHULI,IND,0,Post Graduate,https://myneta.info/image_v2.php?myneta_folder=TamilNadu2021&candidate_id=3944&col=ta,https://myneta.info/image_v2.php?myneta_folder=TamilNadu2021&candidate_id=3944&col=lia
3538,3935,Thirumurugan Palanisamy K,https://www.myneta.info/TamilNadu2021/candidate.php?candidate_id=3935,TIRUCHULI,Puthiya Tamilagam,6,Others,"Rs 5,25,000 ~ 5 Lacs+","Rs 50,000 ~ 50 Thou+"
3539,2530,Thirumurugan. P,https://www.myneta.info/TamilNadu2021/candidate.php?candidate_id=2530,PENNAGARAM,IND,0,Post Graduate,"Rs 20,27,000 ~ 20 Lacs+","Rs 1,10,000 ~ 1 Lacs+"
3540,154,Thirunavukkarasu V,https://www.myneta.info/TamilNadu2021/candidate.php?candidate_id=154,THIYAGARAYANAGAR,Makkalatchi Katchi,0,10th Pass,https://myneta.info/image_v2.php?myneta_folder=TamilNadu2021&candidate_id=154&col=ta,https://myneta.info/image_v2.php?myneta_folder=TamilNadu2021&candidate_id=154&col=lia
3541,3126,Thiruselvam C,https://www.myneta.info/TamilNadu2021/candidate.php?candidate_id=3126,USILAMPATTI,Puthiya Tamilagam,3,5th Pass,"Rs 24,48,000 ~ 24 Lacs+","Rs 7,50,000 ~ 7 Lacs+"
3542,1671,Thiruvarul Selvi V,https://www.myneta.info/TamilNadu2021/candidate.php?candidate_id=1671,THIRUTHURAIPOONDI (SC),IND,0,Post Graduate,"Rs 2,46,000 ~ 2 Lacs+",Rs 0 ~
3543,3252,Thiruventhiran V,https://www.myneta.info/TamilNadu2021/candidate.php?candidate_id=3252,VIRALIMALAI,IND,0,Graduate Professional,https://myneta.info/image_v2.php?myneta_folder=TamilNadu2021&candidate_id=3252&col=ta,https://myneta.info/image_v2.php?myneta_folder=TamilNadu2021&candidate_id=3252&col=lia
3544,3150,Thiyagarajan C,https://www.myneta.info/TamilNadu2021/candidate.php?candidate_id=3150,SENTHAMANGALAM(ST),IND,0,Post Graduate,"Rs 11,25,000 ~ 11 Lacs+","Rs 1,50,000 ~ 1 Lacs+"
3545,2218,Thiyagarajan M.,https://www.myneta.info/TamilNadu2021/candidate.php?candidate_id=2218,THIRUVAUR,Puthiya Tamilagam,0,5th Pass,"Rs 3,00,100 ~ 3 Lacs+",Rs 0 ~
3546,3163,Thiyagarajan R,https://www.myneta.info/TamilNadu2021/candidate.php?candidate_id=3163,NAMAKKAL,Samaniya Makkal Nala Katchi,0,10th Pass,https://myneta.info/image_v2.php?myneta_folder=TamilNadu2021&candidate_id=3163&col=ta,https://myneta.info/image_v2.php?myneta_folder=TamilNadu2021&candidate_id=3163&col=lia
3547,3415,"Thiyagarajan, V.",https://www.myneta.info/TamilNadu2021/candidate.php?candidate_id=3415,PAPANASAM,IND,0,Graduate Professional,"Rs 10,000 ~ 10 Thou+",Rs 0 ~
3548,2729,Thiyagarajan. A,https://www.myneta.info/TamilNadu2021/candidate.php?candidate_id=2729,SALEM WEST,Makkal Needhi Maiam,0,Post Graduate,"Rs 6,85,01,137 ~ 6 Crore+","Rs 55,87,504 ~ 55 Lacs+"
3549,2748,Thiyagarajan. M,https://www.myneta.info/TamilNadu2021/candidate.php?candidate_id=2748,SALEM WEST,IND,0,12th Pass,https://myneta.info/image_v2.php?myneta_folder=TamilNadu2021&candidate_id=2748&col=ta,https://myneta.info/image_v2.php?myneta_folder=TamilNadu2021&candidate_id=2748&col=lia
3550,2217,Thiyagasundaram N.,https://www.myneta.info/TamilNadu2021/candidate.php?candidate_id=2217,THIRUVAUR,Tamil Nadu Ilangyar Katchi,0,Graduate Professional,"Rs 34,45,335 ~ 34 Lacs+","Rs 18,15,000 ~ 18 Lacs+"
3551,2845,Thoppu Venkatachalam Alias N.D .Venkatachalam,https://www.myneta.info/TamilNadu2021/candidate.php?candidate_id=2845,PERUNDURAI,IND,0,Graduate,"Rs 12,20,63,452 ~ 12 Crore+","Rs 1,84,72,028 ~ 1 Crore+"
3552,1068,Thulasimani N.K,https://www.myneta.info/TamilNadu2021/candidate.php?candidate_id=1068,GOBICHETTIPALAYAM,Amma Makkal Munnettra Kazagam,0,5th Pass,https://myneta.info/image_v2.php?myneta_folder=TamilNadu2021&candidate_id=1068&col=ta,https://myneta.info/image_v2.php?myneta_folder=TamilNadu2021&candidate_id=1068&col=lia
3553,1668,Thulasiraman R,https://www.myneta.info/TamilNadu2021/candidate.php?candidate_id=1668,THIRUTHURAIPOONDI (SC),IND,2,Graduate Professional,"Rs 2,65,500 ~ 2 Lacs+",Rs 0 ~
3554,4085,Thuyamani R,https://www.myneta.info/TamilNadu2021/candidate.php?candidate_id=4085,PALLADAM,IND,0,12th Pass,"Rs 1,09,730 ~ 1 Lacs+",Rs 0 ~
3555,4226,Tirunavukarasu.M,https://www.myneta.info/TamilNadu2021/candidate.php?candidate_id=4226,KALASAPAKKAM,IND,0,12th Pass,https://myneta.info/image_v2.php?myneta_folder=TamilNadu2021&candidate_id=4226&col=ta,https://myneta.info/image_v2.php?myneta_folder=TamilNadu2021&candidate_id=4226&col=lia
3556,506,Ttv Dhinakaran,https://www.myneta.info/TamilNadu2021/candidate.php?candidate_id=506,KOVILPATTI,Amma Makkal Munnettra Kazagam,6,12th Pass,"Rs 12,26,92,317 ~ 12 Crore+","Rs 6,37,10,024 ~ 6 Crore+"
3557,1335,Tvs Gandhi,https://www.myneta.info/TamilNadu2021/candidate.php?candidate_id=1335,KRISHNAGIRI,IND,0,Illiterate,"Rs 62,137 ~ 62 Thou+",Rs 0 ~
3558,518,U Sanuja,https://www.myneta.info/TamilNadu2021/candidate.php?candidate_id=518,MADATHUKULAM,Naam Tamilar Katchi,0,Post Graduate,https://myneta.info/image_v2.php?myneta_folder=TamilNadu2021&candidate_id=518&col=ta,https://myneta.info/image_v2.php?myneta_folder=TamilNadu2021&candidate_id=518&col=lia
3559,1022,U. Priyadarsini,https://www.myneta.info/TamilNadu2021/candidate.php?candidate_id=1022,EGMORE (SC),Makkal Needhi Maiam,0,Graduate Professional,"Rs 9,31,000 ~ 9 Lacs+","Rs 6,80,820 ~ 6 Lacs+"
3560,3848,U.Akbar Bhasha,https://www.myneta.info/TamilNadu2021/candidate.php?candidate_id=3848,THIRUPORUR,IND,0,10th Pass,"Rs 88,000 ~ 88 Thou+",Rs 0 ~
3561,2056,U.Chandran,https://www.myneta.info/TamilNadu2021/candidate.php?candidate_id=2056,THOOTHUKUDI,DMDK,0,8th Pass,https://myneta.info/image_v2.php?myneta_folder=TamilNadu2021&candidate_id=2056&col=ta,https://myneta.info/image_v2.php?myneta_folder=TamilNadu2021&candidate_id=2056&col=lia
3562,1405,U.Johnson,https://www.myneta.info/TamilNadu2021/candidate.php?candidate_id=1405,LALGUDI,IND,0,12th Pass,"Rs 19,13,000 ~ 19 Lacs+","Rs 30,000 ~ 30 Thou+"
3563,3278,U.Sivaraman,https://www.myneta.info/TamilNadu2021/candidate.php?candidate_id=3278,THIRUMAYAM,Naam Tamilar Katchi,0,10th Pass,"Rs 9,65,525 ~ 9 Lacs+",Rs 0 ~
3564,3691,U.Venkatesh,https://www.myneta.info/TamilNadu2021/candidate.php?candidate_id=3691,THIRUVOTTIYUR,IND,0,10th Pass,https://myneta.info/image_v2.php?myneta_folder=TamilNadu2021&candidate_id=3691&col=ta,https://myneta.info/image_v2.php?myneta_folder=TamilNadu2021&candidate_id=3691&col=lia
3565,1786,Udaya Chandran .R,https://www.myneta.info/TamilNadu2021/candidate.php?candidate_id=1786,THIRU-VI-KA-NAGAR (SC),IND,0,10th Pass,"Rs 1,52,000 ~ 1 Lacs+",Rs 0 ~
3566,3318,Udayakumar,https://www.myneta.info/TamilNadu2021/candidate.php?candidate_id=3318,PARAMAKUDI (SC),IND,0,Graduate,"Rs 7,64,186 ~ 7 Lacs+",Rs 0 ~
3567,1745,Udayakumar. S,https://www.myneta.info/TamilNadu2021/candidate.php?candidate_id=1745,PERAMBUR,IND,0,10th Pass,https://myneta.info/image_v2.php?myneta_folder=TamilNadu2021&candidate_id=1745&col=ta,https://myneta.info/image_v2.php?myneta_folder=TamilNadu2021&candidate_id=1745&col=lia
3568,3317,Udhayakumar M,https://www.myneta.info/TamilNadu2021/candidate.php?candidate_id=3317,PARAMAKUDI (SC),IND,0,Graduate Professional,"Rs 1,59,000 ~ 1 Lacs+",Rs 0 ~
3569,162,Udhayakumar R B,https://www.myneta.info/TamilNadu2021/candidate.php?candidate_id=162,THIRUMANGALAM,AIADMK,0,Post Graduate,"Rs 1,82,70,625 ~ 1 Crore+",Rs 0 ~
3570,849,Udhayakumar V,https://www.myneta.info/TamilNadu2021/candidate.php?candidate_id=849,AVADI,Makkal Needhi Maiam,0,10th Pass,https://myneta.info/image_v2.php?myneta_folder=TamilNadu2021&candidate_id=849&col=ta,https://myneta.info/image_v2.php?myneta_folder=TamilNadu2021&candidate_id=849&col=lia
3571,919,Udhayakumar. M,https://www.myneta.info/TamilNadu2021/candidate.php?candidate_id=919,CHEYYAR,IND,0,Others,"Rs 13,89,000 ~ 13 Lacs+","Rs 1,35,000 ~ 1 Lacs+"
3572,2309,Udhayakumar. V,https://www.myneta.info/TamilNadu2021/candidate.php?candidate_id=2309,HARBOUR,IND,0,Graduate Professional,"Rs 1,50,000 ~ 1 Lacs+",Rs 0 ~
3573,3732,Udhayakumar.K.M,https://www.myneta.info/TamilNadu2021/candidate.php?candidate_id=3732,TENKASI,Anna Dravidar Kazhagam,0,10th Pass,https://myneta.info/image_v2.php?myneta_folder=TamilNadu2021&candidate_id=3732&col=ta,https://myneta.info/image_v2.php?myneta_folder=TamilNadu2021&candidate_id=3732&col=lia
3574,4094,Udhayakumar.S,https://www.myneta.info/TamilNadu2021/candidate.php?candidate_id=4094,TIRUPPUR NORTH,IND,0,Graduate,"Rs 4,77,192 ~ 4 Lacs+","Rs 11,90,000 ~ 11 Lacs+"
3575,256,Udhayanidhi Stalin,https://www.myneta.info/TamilNadu2021/candidate.php?candidate_id=256,CHEPAUK-THIRUVALLIKENI,DMK,22,Graduate,"Rs 29,07,77,932 ~ 29 Crore+","Rs 1,35,000 ~ 1 Lacs+"
3576,2011,Udhayasuriyan T,https://www.myneta.info/TamilNadu2021/candidate.php?candidate_id=2011,SANKARAPURAM,DMK,38,Graduate,https://myneta.info/image_v2.php?myneta_folder=TamilNadu2021&candidate_id=2011&col=ta,https://myneta.info/image_v2.php?myneta_folder=TamilNadu2021&candidate_id=2011&col=lia
3577,3092,"Ukkra Pandiyan, S.",https://www.myneta.info/TamilNadu2021/candidate.php?candidate_id=3092,THIRUPARANKUNDRAM,IND,0,Post Graduate,Nil,Rs 0 ~
3578,308,Uma,https://www.myneta.info/TamilNadu2021/candidate.php?candidate_id=308,ARUPPUKOTTAI,Naam Tamilar Katchi,0,Graduate,"Rs 43,10,000 ~ 43 Lacs+","Rs 2,30,000 ~ 2 Lacs+"
3579,1292,Umajagadesh.M,https://www.myneta.info/TamilNadu2021/candidate.php?candidate_id=1292,KINATHUKADAVU,Naam Tamilar Katchi,0,Post Graduate,https://myneta.info/image_v2.php?myneta_folder=TamilNadu2021&candidate_id=1292&col=ta,https://myneta.info/image_v2.php?myneta_folder=TamilNadu2021&candidate_id=1292&col=lia
3580,1519,Umamaheswari L,https://www.myneta.info/TamilNadu2021/candidate.php?candidate_id=1519,MAILAM,Naam Tamilar Katchi,0,Graduate,"Rs 3,80,000 ~ 3 Lacs+",Rs 0 ~
3581,4076,Umanath R,https://www.myneta.info/TamilNadu2021/candidate.php?candidate_id=4076,PALLADAM,United States of India Party,0,10th Pass,"Rs 9,88,520 ~ 9 Lacs+","Rs 3,11,324 ~ 3 Lacs+"
3582,2082,"Umanath, R.",https://www.myneta.info/TamilNadu2021/candidate.php?candidate_id=2082,TITTAKUDI (SC),DMDK,3,Graduate Professional,https://myneta.info/image_v2.php?myneta_folder=TamilNadu2021&candidate_id=2082&col=ta,https://myneta.info/image_v2.php?myneta_folder=TamilNadu2021&candidate_id=2082&col=lia
3583,742,"Umar Ali,D.",https://www.myneta.info/TamilNadu2021/candidate.php?candidate_id=742,UDUMALAIPETTAI,IND,0,Illiterate,"Rs 2,60,066 ~ 2 Lacs+",Rs 0 ~
3584,778,Umar Farook.Asa,https://www.myneta.info/TamilNadu2021/candidate.php?candidate_id=778,AMBUR,SDPI,2,5th Pass,"Rs 3,01,848 ~ 3 Lacs+",Rs 0 ~
3585,1549,Umarani K,https://www.myneta.info/TamilNadu2021/candidate.php?candidate_id=1549,MANAPPARAI,Indiya Jananayaka Katchi,0,5th Pass,https://myneta.info/image_v2.php?myneta_folder=TamilNadu2021&candidate_id=1549&col=ta,https://myneta.info/image_v2.php?myneta_folder=TamilNadu2021&candidate_id=1549&col=lia
3586,3072,Umesh.K.R,https://www.myneta.info/TamilNadu2021/candidate.php?candidate_id=3072,MADURAI SOUTH,IND,0,Graduate,"Rs 3,13,747 ~ 3 Lacs+",Rs 0 ~
3587,2050,"Union Veeramani, S.",https://www.myneta.info/TamilNadu2021/candidate.php?candidate_id=2050,THIRUVIDAIMARUDUR (SC),AIADMK,0,10th Pass,"Rs 34,46,411 ~ 34 Lacs+",Rs 0 ~
3588,1084,Usha,https://www.myneta.info/TamilNadu2021/candidate.php?candidate_id=1084,GUMMIDIPOONDI,Naam Tamilar Katchi,0,8th Pass,https://myneta.info/image_v2.php?myneta_folder=TamilNadu2021&candidate_id=1084&col=ta,https://myneta.info/image_v2.php?myneta_folder=TamilNadu2021&candidate_id=1084&col=lia
3589,3020,Usha,https://www.myneta.info/TamilNadu2021/candidate.php?candidate_id=3020,VEPPANAHALLI,IND,0,10th Pass,"Rs 7,60,569 ~ 7 Lacs+","Rs 1,00,000 ~ 1 Lacs+"
3590,2878,Usha P,https://www.myneta.info/TamilNadu2021/candidate.php?candidate_id=2878,NAGERCOIL,IND,0,Graduate Professional,"Rs 19,23,517 ~ 19 Lacs+","Rs 3,75,000 ~ 3 Lacs+"
3591,2154,Usha.M,https://www.myneta.info/TamilNadu2021/candidate.php?candidate_id=2154,THALLY,New Generation Peoples Party,0,5th Pass,https://myneta.info/image_v2.php?myneta_folder=TamilNadu2021&candidate_id=2154&col=ta,https://myneta.info/image_v2.php?myneta_folder=TamilNadu2021&candidate_id=2154&col=lia
3592,3774,Uthayakumar A,https://www.myneta.info/TamilNadu2021/candidate.php?candidate_id=3774,SANKARAPURAM,IND,0,Graduate Professional,"Rs 37,000 ~ 37 Thou+",Rs 0 ~
3593,1679,"Uthayakumar, U.",https://www.myneta.info/TamilNadu2021/candidate.php?candidate_id=1679,PERAVURANI,IND,0,Post Graduate,"Rs 4,90,000 ~ 4 Lacs+","Rs 4,20,000 ~ 4 Lacs+"
3594,1975,Uthayakumar. R,https://www.myneta.info/TamilNadu2021/candidate.php?candidate_id=1975,PENNAGARAM,DMDK,0,12th Pass,https://myneta.info/image_v2.php?myneta_folder=TamilNadu2021&candidate_id=1975&col=ta,https://myneta.info/image_v2.php?myneta_folder=TamilNadu2021&candidate_id=1975&col=lia
3595,3418,"Uthirapathi, G.",https://www.myneta.info/TamilNadu2021/candidate.php?candidate_id=3418,THIRUVAIYARU,Puthiya Tamilagam,0,Graduate Professional,"Rs 31,13,518 ~ 31 Lacs+","Rs 18,54,691 ~ 18 Lacs+"
3596,576,Uvarani K,https://www.myneta.info/TamilNadu2021/candidate.php?candidate_id=576,PARAMATHIVELUR,Naam Tamilar Katchi,0,Post Graduate,"Rs 36,40,000 ~ 36 Lacs+","Rs 35,000 ~ 35 Thou+"
3597,261,V Alexander,https://www.myneta.info/TamilNadu2021/candidate.php?candidate_id=261,AMBATTUR,AIADMK,0,Graduate Professional,https://myneta.info/image_v2.php?myneta_folder=TamilNadu2021&candidate_id=261&col=ta,https://myneta.info/image_v2.php?myneta_folder=TamilNadu2021&candidate_id=261&col=lia
3598,3566,V Cholasooran,https://www.myneta.info/TamilNadu2021/candidate.php?candidate_id=3566,THIRUVERUMBUR,Naam Tamilar Katchi,0,Post Graduate,"Rs 21,956 ~ 21 Thou+",Rs 0 ~
3599,487,V Ramu,https://www.myneta.info/TamilNadu2021/candidate.php?candidate_id=487,KATPADI,AIADMK,1,Graduate Professional,"Rs 1,37,57,152 ~ 1 Crore+",Rs 0 ~
3600,1244,V Vinayagam,https://www.myneta.info/TamilNadu2021/candidate.php?candidate_id=1244,KATPADI,IND,0,Graduate Professional,https://myneta.info/image_v2.php?myneta_folder=TamilNadu2021&candidate_id=1244&col=ta,https://myneta.info/image_v2.php?myneta_folder=TamilNadu2021&candidate_id=1244&col=lia
3601,1886,V. Bernardshaw,https://www.myneta.info/TamilNadu2021/candidate.php?candidate_id=1886,MUSIRI,BSP,0,Graduate,"Rs 57,53,209 ~ 57 Lacs+",Rs 0 ~
3602,2564,V. Canagaradjou,https://www.myneta.info/TamilNadu2021/candidate.php?candidate_id=2564,NAGAPATTINAM,IND,0,12th Pass,"Rs 38,84,000 ~ 38 Lacs+","Rs 12,00,000 ~ 12 Lacs+"
3603,2383,V. Dakshnamoorthy,https://www.myneta.info/TamilNadu2021/candidate.php?candidate_id=2383,CUDDALORE,IND,0,10th Pass,https://myneta.info/image_v2.php?myneta_folder=TamilNadu2021&candidate_id=2383&col=ta,https://myneta.info/image_v2.php?myneta_folder=TamilNadu2021&candidate_id=2383&col=lia
3604,3588,V. Gopalakrishnan,https://www.myneta.info/TamilNadu2021/candidate.php?candidate_id=3588,MANACHANALLUR,IND,0,Post Graduate,"Rs 29,69,092 ~ 29 Lacs+",Rs 0 ~
3605,2567,V. Manikandan,https://www.myneta.info/TamilNadu2021/candidate.php?candidate_id=2567,NAGAPATTINAM,IND,0,Post Graduate,"Rs 78,500 ~ 78 Thou+","Rs 50,000 ~ 50 Thou+"
3606,3604,V. Natarajan,https://www.myneta.info/TamilNadu2021/candidate.php?candidate_id=3604,MUSIRI,IND,0,12th Pass,https://myneta.info/image_v2.php?myneta_folder=TamilNadu2021&candidate_id=3604&col=ta,https://myneta.info/image_v2.php?myneta_folder=TamilNadu2021&candidate_id=3604&col=lia
3607,796,V. Paulraj Guna,https://www.myneta.info/TamilNadu2021/candidate.php?candidate_id=796,ANNA NAGAR,RPI(A),0,12th Pass,"Rs 6,45,000 ~ 6 Lacs+","Rs 6,00,000 ~ 6 Lacs+"
3608,2140,V. Ponraj,https://www.myneta.info/TamilNadu2021/candidate.php?candidate_id=2140,ANNA NAGAR,Makkal Needhi Maiam,0,Doctorate,"Rs 7,60,22,400 ~ 7 Crore+","Rs 84,50,000 ~ 84 Lacs+"
3609,834,V. Poornisha,https://www.myneta.info/TamilNadu2021/candidate.php?candidate_id=834,ARUPPUKOTTAI,IND,0,Post Graduate,https://myneta.info/image_v2.php?myneta_folder=TamilNadu2021&candidate_id=834&col=ta,https://myneta.info/image_v2.php?myneta_folder=TamilNadu2021&candidate_id=834&col=lia
3610,1027,V. Prabhu,https://www.myneta.info/TamilNadu2021/candidate.php?candidate_id=1027,EGMORE (SC),IND,0,Graduate Professional,"Rs 31,52,542 ~ 31 Lacs+",Rs 0 ~
3611,236,V. Vijaya Krishna,https://www.myneta.info/TamilNadu2021/candidate.php?candidate_id=236,MYLAPORE,IND,0,Post Graduate,"Rs 1,93,764 ~ 1 Lacs+","Rs 52,594 ~ 52 Thou+"
3612,1346,V.Alex Mouris,https://www.myneta.info/TamilNadu2021/candidate.php?candidate_id=1346,KULITHALAI,IND,0,Graduate,https://myneta.info/image_v2.php?myneta_folder=TamilNadu2021&candidate_id=1346&col=ta,https://myneta.info/image_v2.php?myneta_folder=TamilNadu2021&candidate_id=1346&col=lia
3613,1362,V.Amirthalingam,https://www.myneta.info/TamilNadu2021/candidate.php?candidate_id=1362,KUMARAPALAYAM,IND,0,8th Pass,"Rs 3,29,922 ~ 3 Lacs+",Rs 0 ~
3614,2684,V.Balasubramani,https://www.myneta.info/TamilNadu2021/candidate.php?candidate_id=2684,NILAKKOTTAI (SC),IND,0,8th Pass,"Rs 33,50,000 ~ 33 Lacs+",Rs 0 ~
3615,3970,V.D.Sathish Kumar,https://www.myneta.info/TamilNadu2021/candidate.php?candidate_id=3970,ANAIKATTU,Amma Makkal Munnettra Kazagam,1,12th Pass,https://myneta.info/image_v2.php?myneta_folder=TamilNadu2021&candidate_id=3970&col=ta,https://myneta.info/image_v2.php?myneta_folder=TamilNadu2021&candidate_id=3970&col=lia
3616,1809,V.Eswaran,https://www.myneta.info/TamilNadu2021/candidate.php?candidate_id=1809,EGMORE (SC),IND,0,10th Pass,"Rs 55,000 ~ 55 Thou+",Rs 0 ~
3617,2245,V.Gunasekaran,https://www.myneta.info/TamilNadu2021/candidate.php?candidate_id=2245,VIRUGAMPAKKAM,IND,0,10th Pass,"Rs 4,53,000 ~ 4 Lacs+",Rs 0 ~
3618,1733,V.Hariharan,https://www.myneta.info/TamilNadu2021/candidate.php?candidate_id=1733,VELACHERY,IND,0,10th Pass,https://myneta.info/image_v2.php?myneta_folder=TamilNadu2021&candidate_id=1733&col=ta,https://myneta.info/image_v2.php?myneta_folder=TamilNadu2021&candidate_id=1733&col=lia
3619,3237,V.Ilaiyaraja,https://www.myneta.info/TamilNadu2021/candidate.php?candidate_id=3237,GANDARVAKOTTAI (SC),IND,0,Literate,"Rs 73,000 ~ 73 Thou+",Rs 0 ~
3620,1527,V.Indirani,https://www.myneta.info/TamilNadu2021/candidate.php?candidate_id=1527,MANACHANALLUR,BSP,0,5th Pass,"Rs 6,43,681 ~ 6 Lacs+",Rs 0 ~
3621,3337,V.Jayaprakash,https://www.myneta.info/TamilNadu2021/candidate.php?candidate_id=3337,RAMANATHAPURAM,My India Party,0,10th Pass,https://myneta.info/image_v2.php?myneta_folder=TamilNadu2021&candidate_id=3337&col=ta,https://myneta.info/image_v2.php?myneta_folder=TamilNadu2021&candidate_id=3337&col=lia
3622,3466,V.Jeyakodi,https://www.myneta.info/TamilNadu2021/candidate.php?candidate_id=3466,ANDIPATTI,IND,0,Graduate,"Rs 34,65,000 ~ 34 Lacs+",Rs 0 ~
3623,2675,V.K.Aiyyar,https://www.myneta.info/TamilNadu2021/candidate.php?candidate_id=2675,NILAKKOTTAI (SC),Puthiya Tamilagam,2,Post Graduate,"Rs 2,20,98,240 ~ 2 Crore+","Rs 44,81,675 ~ 44 Lacs+"
3624,2242,V.K.Kathir,https://www.myneta.info/TamilNadu2021/candidate.php?candidate_id=2242,VIRUGAMPAKKAM,IND,0,Graduate,https://myneta.info/image_v2.php?myneta_folder=TamilNadu2021&candidate_id=2242&col=ta,https://myneta.info/image_v2.php?myneta_folder=TamilNadu2021&candidate_id=2242&col=lia
3625,2043,V.K.Pakkiri Ambadkar,https://www.myneta.info/TamilNadu2021/candidate.php?candidate_id=2043,THIRUPORUR,BSP,0,10th Pass,"Rs 63,86,000 ~ 63 Lacs+",Rs 0 ~
3626,2251,V.K.Senthil Kumar,https://www.myneta.info/TamilNadu2021/candidate.php?candidate_id=2251,VIRUGAMPAKKAM,IND,0,Graduate Professional,"Rs 16,11,953 ~ 16 Lacs+",Rs 0 ~
3627,2121,V.Kannadasan,https://www.myneta.info/TamilNadu2021/candidate.php?candidate_id=2121,ALANGUDI,IND,0,10th Pass,https://myneta.info/image_v2.php?myneta_folder=TamilNadu2021&candidate_id=2121&col=ta,https://myneta.info/image_v2.php?myneta_folder=TamilNadu2021&candidate_id=2121&col=lia
3628,1721,V.L.Revathi Jayakumari,https://www.myneta.info/TamilNadu2021/candidate.php?candidate_id=1721,VELACHERY,Tamil Nadu Ilangyar Katchi,0,Post Graduate,"Rs 2,15,06,420 ~ 2 Crore+",Rs 0 ~
3629,2148,V.M. Nagarajan,https://www.myneta.info/TamilNadu2021/candidate.php?candidate_id=2148,ANNA NAGAR,IND,0,Post Graduate,"Rs 62,46,332 ~ 62 Lacs+","Rs 3,63,223 ~ 3 Lacs+"
3630,538,V.M.Selvaraj,https://www.myneta.info/TamilNadu2021/candidate.php?candidate_id=538,MANACHANALLUR,IND,0,Post Graduate,https://myneta.info/image_v2.php?myneta_folder=TamilNadu2021&candidate_id=538&col=ta,https://myneta.info/image_v2.php?myneta_folder=TamilNadu2021&candidate_id=538&col=lia
3631,4242,V.Manigandan,https://www.myneta.info/TamilNadu2021/candidate.php?candidate_id=4242,ARANI,Makkal Needhi Maiam,0,12th Pass,"Rs 4,62,000 ~ 4 Lacs+","Rs 80,000 ~ 80 Thou+"
3632,1991,V.Muthuraja,https://www.myneta.info/TamilNadu2021/candidate.php?candidate_id=1991,PUDUKKOTTAI,DMK,0,Graduate Professional,"Rs 9,12,18,510 ~ 9 Crore+","Rs 4,44,92,826 ~ 4 Crore+"
3633,1531,V.Muthusamy,https://www.myneta.info/TamilNadu2021/candidate.php?candidate_id=1531,MANACHANALLUR,IND,0,5th Pass,https://myneta.info/image_v2.php?myneta_folder=TamilNadu2021&candidate_id=1531&col=ta,https://myneta.info/image_v2.php?myneta_folder=TamilNadu2021&candidate_id=1531&col=lia
3634,3271,V.N.Muthukumar,https://www.myneta.info/TamilNadu2021/candidate.php?candidate_id=3271,PUDUKKOTTAI,IND,0,12th Pass,"Rs 1,80,000 ~ 1 Lacs+",Rs 0 ~
3635,3483,V.Nandhagopal,https://www.myneta.info/TamilNadu2021/candidate.php?candidate_id=3483,BODINAYAKKANUR,IND,0,12th Pass,"Rs 1,85,000 ~ 1 Lacs+",Rs 0 ~
3636,1351,V.Nirosha,https://www.myneta.info/TamilNadu2021/candidate.php?candidate_id=1351,KULITHALAI,Amma Makkal Munnettra Kazagam,0,10th Pass,https://myneta.info/image_v2.php?myneta_folder=TamilNadu2021&candidate_id=1351&col=ta,https://myneta.info/image_v2.php?myneta_folder=TamilNadu2021&candidate_id=1351&col=lia
3637,3593,V.Raju,https://www.myneta.info/TamilNadu2021/candidate.php?candidate_id=3593,MANACHANALLUR,IND,0,Post Graduate,"Rs 61,70,000 ~ 61 Lacs+","Rs 29,20,000 ~ 29 Lacs+"
3638,3485,V.Ramprakaash,https://www.myneta.info/TamilNadu2021/candidate.php?candidate_id=3485,BODINAYAKKANUR,IND,0,Post Graduate,"Rs 11,71,886 ~ 11 Lacs+",Rs 0 ~
3639,1832,V.Ravi,https://www.myneta.info/TamilNadu2021/candidate.php?candidate_id=1832,ARAKKONAM (SC),IND,0,10th Pass,https://myneta.info/image_v2.php?myneta_folder=TamilNadu2021&candidate_id=1832&col=ta,https://myneta.info/image_v2.php?myneta_folder=TamilNadu2021&candidate_id=1832&col=lia
3640,1043,V.Rethinam,https://www.myneta.info/TamilNadu2021/candidate.php?candidate_id=1043,GANDARVAKOTTAI (SC),IND,0,Post Graduate,"Rs 8,70,000 ~ 8 Lacs+",Rs 0 ~
3641,2677,V.Revadhi,https://www.myneta.info/TamilNadu2021/candidate.php?candidate_id=2677,NILAKKOTTAI (SC),My India Party,0,Illiterate,"Rs 4,36,000 ~ 4 Lacs+",Rs 0 ~
3642,874,V.Sangeetha,https://www.myneta.info/TamilNadu2021/candidate.php?candidate_id=874,BHAVANISAGAR (SC),Naam Tamilar Katchi,0,12th Pass,https://myneta.info/image_v2.php?myneta_folder=TamilNadu2021&candidate_id=874&col=ta,https://myneta.info/image_v2.php?myneta_folder=TamilNadu2021&candidate_id=874&col=lia
3643,1806,V.Sekar,https://www.myneta.info/TamilNadu2021/candidate.php?candidate_id=1806,EGMORE (SC),IND,0,10th Pass,"Rs 68,000 ~ 68 Thou+",Rs 0 ~
3644,1647,V.Sethumadhavan,https://www.myneta.info/TamilNadu2021/candidate.php?candidate_id=1647,SRIRANGAM,IND,0,Graduate Professional,"Rs 4,93,000 ~ 4 Lacs+",Rs 0 ~
3645,190,V.Shylaja,https://www.myneta.info/TamilNadu2021/candidate.php?candidate_id=190,RANIPET,Naam Tamilar Katchi,0,Graduate Professional,https://myneta.info/image_v2.php?myneta_folder=TamilNadu2021&candidate_id=190&col=ta,https://myneta.info/image_v2.php?myneta_folder=TamilNadu2021&candidate_id=190&col=lia
3646,334,V.Sivaraman,https://www.myneta.info/TamilNadu2021/candidate.php?candidate_id=334,VELACHERY,IND,0,Graduate,"Rs 2,40,90,000 ~ 2 Crore+",Rs 0 ~
3647,2648,V.Srinivasan,https://www.myneta.info/TamilNadu2021/candidate.php?candidate_id=2648,OMALUR,Makkal Needhi Maiam,0,Post Graduate,"Rs 18,99,411 ~ 18 Lacs+","Rs 7,00,000 ~ 7 Lacs+"
3648,4215,V.Suganantham,https://www.myneta.info/TamilNadu2021/candidate.php?candidate_id=4215,KILPENNATHUR,Makkal Needhi Maiam,0,Graduate Professional,https://myneta.info/image_v2.php?myneta_folder=TamilNadu2021&candidate_id=4215&col=ta,https://myneta.info/image_v2.php?myneta_folder=TamilNadu2021&candidate_id=4215&col=lia
3649,3684,V.Sureshbalaji,https://www.myneta.info/TamilNadu2021/candidate.php?candidate_id=3684,THIRUVOTTIYUR,IND,0,Graduate,Nil,Rs 0 ~
3650,1298,V.Sureshkumar,https://www.myneta.info/TamilNadu2021/candidate.php?candidate_id=1298,KOLATHUR,IND,0,10th Pass,"Rs 81,70,000 ~ 81 Lacs+","Rs 21,65,000 ~ 21 Lacs+"
3651,2252,V.Thalapathi,https://www.myneta.info/TamilNadu2021/candidate.php?candidate_id=2252,VIRUGAMPAKKAM,IND,0,Graduate,https://myneta.info/image_v2.php?myneta_folder=TamilNadu2021&candidate_id=2252&col=ta,https://myneta.info/image_v2.php?myneta_folder=TamilNadu2021&candidate_id=2252&col=lia
3652,828,V.Umadevi,https://www.myneta.info/TamilNadu2021/candidate.php?candidate_id=828,ARUPPUKOTTAI,Makkal Needhi Maiam,0,Graduate,"Rs 8,63,25,298 ~ 8 Crore+","Rs 1,14,00,000 ~ 1 Crore+"
3653,2587,V.Veerakumar,https://www.myneta.info/TamilNadu2021/candidate.php?candidate_id=2587,VEDHARANYAM,IND,0,5th Pass,"Rs 10,61,546 ~ 10 Lacs+","Rs 10,000 ~ 10 Thou+"
3654,2999,V.Vellaiyan,https://www.myneta.info/TamilNadu2021/candidate.php?candidate_id=2999,KULITHALAI,IND,0,5th Pass,https://myneta.info/image_v2.php?myneta_folder=TamilNadu2021&candidate_id=2999&col=ta,https://myneta.info/image_v2.php?myneta_folder=TamilNadu2021&candidate_id=2999&col=lia
3655,2699,V.Vembarasan,https://www.myneta.info/TamilNadu2021/candidate.php?candidate_id=2699,NATHAM,My India Party,0,10th Pass,"Rs 38,55,000 ~ 38 Lacs+","Rs 23,00,000 ~ 23 Lacs+"
3656,2687,V.Vinoth,https://www.myneta.info/TamilNadu2021/candidate.php?candidate_id=2687,NILAKKOTTAI (SC),IND,0,Graduate,"Rs 40,500 ~ 40 Thou+",Rs 0 ~
3657,49,Vaathiar C Murugan,https://www.myneta.info/TamilNadu2021/candidate.php?candidate_id=49,SALEM NORTH,Ambedkarite Party of India,0,8th Pass,https://myneta.info/image_v2.php?myneta_folder=TamilNadu2021&candidate_id=49&col=ta,https://myneta.info/image_v2.php?myneta_folder=TamilNadu2021&candidate_id=49&col=lia
3658,1601,Vadamalaipandian S,https://www.myneta.info/TamilNadu2021/candidate.php?candidate_id=1601,TIRUCHENDUR,Amma Makkal Munnettra Kazagam,0,5th Pass,"Rs 25,30,14,927 ~ 25 Crore+","Rs 64,96,145 ~ 64 Lacs+"
3659,2570,Vadivel Ravanan S,https://www.myneta.info/TamilNadu2021/candidate.php?candidate_id=2570,KILVELUR,Pattali Makkal Katchi,0,10th Pass,"Rs 16,65,000 ~ 16 Lacs+",Rs 0 ~
3660,643,Vadivel. C,https://www.myneta.info/TamilNadu2021/candidate.php?candidate_id=643,SIVAGANGA,Anaithu Makkal Puratchi Katchi,0,8th Pass,https://myneta.info/image_v2.php?myneta_folder=TamilNadu2021&candidate_id=643&col=ta,https://myneta.info/image_v2.php?myneta_folder=TamilNadu2021&candidate_id=643&col=lia
3661,2523,Vadivel.M.,https://www.myneta.info/TamilNadu2021/candidate.php?candidate_id=2523,PALACODE,IND,0,5th Pass,"Rs 4,42,000 ~ 4 Lacs+",Rs 0 ~
3662,458,Vaduganathan.K.K.,https://www.myneta.info/TamilNadu2021/candidate.php?candidate_id=458,KANGAYAM,IND,0,5th Pass,"Rs 50,292 ~ 50 Thou+","Rs 3,25,000 ~ 3 Lacs+"
3663,2376,Vaduganathan.R,https://www.myneta.info/TamilNadu2021/candidate.php?candidate_id=2376,NEYVELI,IND,0,Others,https://myneta.info/image_v2.php?myneta_folder=TamilNadu2021&candidate_id=2376&col=ta,https://myneta.info/image_v2.php?myneta_folder=TamilNadu2021&candidate_id=2376&col=lia
3664,1562,Vaidhyanathan N,https://www.myneta.info/TamilNadu2021/candidate.php?candidate_id=1562,THOUSAND LIGHTS,Amma Makkal Munnettra Kazagam,1,Graduate,"Rs 22,05,96,990 ~ 22 Crore+","Rs 13,10,78,648 ~ 13 Crore+"
3665,364,Vaigaichelvan,https://www.myneta.info/TamilNadu2021/candidate.php?candidate_id=364,ARUPPUKOTTAI,AIADMK,0,Doctorate,"Rs 3,97,17,990 ~ 3 Crore+","Rs 1,04,11,480 ~ 1 Crore+"
3666,4174,Vaikundamari M,https://www.myneta.info/TamilNadu2021/candidate.php?candidate_id=4174,OTTAPIDARAM (SC),Naam Tamilar Katchi,0,12th Pass,https://myneta.info/image_v2.php?myneta_folder=TamilNadu2021&candidate_id=4174&col=ta,https://myneta.info/image_v2.php?myneta_folder=TamilNadu2021&candidate_id=4174&col=lia
3667,2422,Vairamuthu,https://www.myneta.info/TamilNadu2021/candidate.php?candidate_id=2422,SRIPERUMBUDUR (SC),IND,10,10th Pass,"Rs 1,60,46,986 ~ 1 Crore+","Rs 49,75,302 ~ 49 Lacs+"
3668,3123,Vairaseeman G,https://www.myneta.info/TamilNadu2021/candidate.php?candidate_id=3123,THIRUMANGALAM,IND,0,Post Graduate,"Rs 17,94,000 ~ 17 Lacs+","Rs 2,56,000 ~ 2 Lacs+"
3669,2945,Vairaseeman. G,https://www.myneta.info/TamilNadu2021/candidate.php?candidate_id=2945,ARAVAKURICHI,IND,0,Post Graduate,https://myneta.info/image_v2.php?myneta_folder=TamilNadu2021&candidate_id=2945&col=ta,https://myneta.info/image_v2.php?myneta_folder=TamilNadu2021&candidate_id=2945&col=lia
3670,2816,"Vaithi, M.",https://www.myneta.info/TamilNadu2021/candidate.php?candidate_id=2816,VEERAPANDI,IND,0,12th Pass,"Rs 21,24,973 ~ 21 Lacs+",Rs 0 ~
3671,1926,"Vaithilingam, R.",https://www.myneta.info/TamilNadu2021/candidate.php?candidate_id=1926,ORATHANADU,AIADMK,0,12th Pass,"Rs 3,27,67,707 ~ 3 Crore+","Rs 60,52,964 ~ 60 Lacs+"
3672,3018,Valli,https://www.myneta.info/TamilNadu2021/candidate.php?candidate_id=3018,VEPPANAHALLI,Anna Puratchi Thalaivar Amma Dravida Munnetra Kazhagam,0,Illiterate,https://myneta.info/image_v2.php?myneta_folder=TamilNadu2021&candidate_id=3018&col=ta,https://myneta.info/image_v2.php?myneta_folder=TamilNadu2021&candidate_id=3018&col=lia
3673,1620,Valliammal M,https://www.myneta.info/TamilNadu2021/candidate.php?candidate_id=1620,SANKARANKOVIL (SC),IND,0,8th Pass,"Rs 9,52,000 ~ 9 Lacs+",Rs 0 ~
3674,282,Vanathi Srinivasan,https://www.myneta.info/TamilNadu2021/candidate.php?candidate_id=282,COIMBATORE SOUTH,BJP,2,Post Graduate,"Rs 9,41,34,507 ~ 9 Crore+","Rs 59,30,415 ~ 59 Lacs+"
3675,1638,Vanni Arasu,https://www.myneta.info/TamilNadu2021/candidate.php?candidate_id=1638,VANUR (SC),Viduthalai Chiruthaigal Katchi,5,12th Pass,https://myneta.info/image_v2.php?myneta_folder=TamilNadu2021&candidate_id=1638&col=ta,https://myneta.info/image_v2.php?myneta_folder=TamilNadu2021&candidate_id=1638&col=lia
3676,3533,Varadan.M,https://www.myneta.info/TamilNadu2021/candidate.php?candidate_id=3533,MANAPPARAI,LJP,0,Post Graduate,"Rs 4,28,000 ~ 4 Lacs+","Rs 4,50,000 ~ 4 Lacs+"
3677,918,Varadharajan. M. K,https://www.myneta.info/TamilNadu2021/candidate.php?candidate_id=918,CHEYYAR,Amma Makkal Munnettra Kazagam,0,Graduate,"Rs 2,28,30,337 ~ 2 Crore+","Rs 41,00,000 ~ 41 Lacs+"
3678,893,Varalakshmi.M,https://www.myneta.info/TamilNadu2021/candidate.php?candidate_id=893,CHENGALPATTU,DMK,0,Others,https://myneta.info/image_v2.php?myneta_folder=TamilNadu2021&candidate_id=893&col=ta,https://myneta.info/image_v2.php?myneta_folder=TamilNadu2021&candidate_id=893&col=lia
3679,3064,Varatharajan C,https://www.myneta.info/TamilNadu2021/candidate.php?candidate_id=3064,SHOLAVANDAN (SC),IND,0,Illiterate,"Rs 4,20,000 ~ 4 Lacs+",Rs 0 ~
3680,2304,Varatharajan.V.S,https://www.myneta.info/TamilNadu2021/candidate.php?candidate_id=2304,MYLAPORE,IND,0,12th Pass,"Rs 1,09,99,000 ~ 1 Crore+",Rs 0 ~
3681,2277,Vasanth. H,https://www.myneta.info/TamilNadu2021/candidate.php?candidate_id=2277,SAIDAPET,IND,0,8th Pass,https://myneta.info/image_v2.php?myneta_folder=TamilNadu2021&candidate_id=2277&col=ta,https://myneta.info/image_v2.php?myneta_folder=TamilNadu2021&candidate_id=2277&col=lia
3682,1747,Vasantha Kumar. M,https://www.myneta.info/TamilNadu2021/candidate.php?candidate_id=1747,PERAMBUR,IND,2,5th Pass,"Rs 95,16,000 ~ 95 Lacs+",Rs 0 ~
3683,1839,Vasanthakumar,https://www.myneta.info/TamilNadu2021/candidate.php?candidate_id=1839,ARCOT,IND,1,10th Pass,"Rs 15,15,700 ~ 15 Lacs+",Rs 0 ~
3684,1455,Vasanthakumar S,https://www.myneta.info/TamilNadu2021/candidate.php?candidate_id=1455,MADURAI NORTH,Anna Dravidar Kazhagam,0,12th Pass,https://myneta.info/image_v2.php?myneta_folder=TamilNadu2021&candidate_id=1455&col=ta,https://myneta.info/image_v2.php?myneta_folder=TamilNadu2021&candidate_id=1455&col=lia
3685,2162,Vasanthamma.N,https://www.myneta.info/TamilNadu2021/candidate.php?candidate_id=2162,THALLY,IND,0,Illiterate,"Rs 3,78,500 ~ 3 Lacs+",Rs 0 ~
3686,860,Vasantharaj P,https://www.myneta.info/TamilNadu2021/candidate.php?candidate_id=860,BARGUR,Anna Puratchi Thalaivar Amma Dravida Munnetra Kazhagam,0,10th Pass,"Rs 5,75,000 ~ 5 Lacs+",Rs 0 ~
3687,2901,Vasantheeswaran E,https://www.myneta.info/TamilNadu2021/candidate.php?candidate_id=2901,VILAVANCODE,Ulaga Makkal Katchi,0,8th Pass,https://myneta.info/image_v2.php?myneta_folder=TamilNadu2021&candidate_id=2901&col=ta,https://myneta.info/image_v2.php?myneta_folder=TamilNadu2021&candidate_id=2901&col=lia
3688,2420,Vasanthi,https://www.myneta.info/TamilNadu2021/candidate.php?candidate_id=2420,SRIPERUMBUDUR (SC),IND,0,12th Pass,"Rs 58,48,000 ~ 58 Lacs+",Rs 0 ~
3689,3562,"Vasudevan, A.",https://www.myneta.info/TamilNadu2021/candidate.php?candidate_id=3562,TIRUCHIRAPPALLI WEST,IND,0,Post Graduate,"Rs 60,000 ~ 60 Thou+",Rs 0 ~
3690,3429,"Vasuki, N.",https://www.myneta.info/TamilNadu2021/candidate.php?candidate_id=3429,THANJAVUR,IND,0,Illiterate,https://myneta.info/image_v2.php?myneta_folder=TamilNadu2021&candidate_id=3429&col=ta,https://myneta.info/image_v2.php?myneta_folder=TamilNadu2021&candidate_id=3429&col=lia
3691,3841,Vasumathi.G,https://www.myneta.info/TamilNadu2021/candidate.php?candidate_id=3841,CHENGALPATTU,Anaithu Makkal Arasiyal Katchi,0,10th Pass,"Rs 2,64,000 ~ 2 Lacs+","Rs 1,00,000 ~ 1 Lacs+"
3692,2065,Vat.Kalivaradhan,https://www.myneta.info/TamilNadu2021/candidate.php?candidate_id=2065,TIRUKKOYILUR,BJP,1,10th Pass,"Rs 63,68,358 ~ 63 Lacs+","Rs 47,09,740 ~ 47 Lacs+"
3693,1857,Vedha Mukundhan,https://www.myneta.info/TamilNadu2021/candidate.php?candidate_id=1857,KILVELUR,IND,0,Post Graduate,https://myneta.info/image_v2.php?myneta_folder=TamilNadu2021&candidate_id=1857&col=ta,https://myneta.info/image_v2.php?myneta_folder=TamilNadu2021&candidate_id=1857&col=lia
3694,2421,Vedhagiri,https://www.myneta.info/TamilNadu2021/candidate.php?candidate_id=2421,SRIPERUMBUDUR (SC),IND,0,5th Pass,"Rs 62,600 ~ 62 Thou+",Rs 0 ~
3695,3843,Veeradoss.E,https://www.myneta.info/TamilNadu2021/candidate.php?candidate_id=3843,CHENGALPATTU,IND,0,12th Pass,"Rs 4,38,000 ~ 4 Lacs+",Rs 0 ~
3696,2596,Veerakumar V,https://www.myneta.info/TamilNadu2021/candidate.php?candidate_id=2596,PALANI,Amma Makkal Munnettra Kazagam,1,Graduate Professional,https://myneta.info/image_v2.php?myneta_folder=TamilNadu2021&candidate_id=2596&col=ta,https://myneta.info/image_v2.php?myneta_folder=TamilNadu2021&candidate_id=2596&col=lia
3697,1216,Veerakumar.T,https://www.myneta.info/TamilNadu2021/candidate.php?candidate_id=1216,KARUR,IND,0,Graduate Professional,"Rs 60,000 ~ 60 Thou+",Rs 0 ~
3698,3816,Veeralakshmi,https://www.myneta.info/TamilNadu2021/candidate.php?candidate_id=3816,PALLAVARAM,My India Party,3,Post Graduate,"Rs 7,500 ~ 7 Thou+",Rs 0 ~
3699,2670,Veeramalai S,https://www.myneta.info/TamilNadu2021/candidate.php?candidate_id=2670,ATHOOR,IND,0,Illiterate,https://myneta.info/image_v2.php?myneta_folder=TamilNadu2021&candidate_id=2670&col=ta,https://myneta.info/image_v2.php?myneta_folder=TamilNadu2021&candidate_id=2670&col=lia
3700,3122,Veeramani V,https://www.myneta.info/TamilNadu2021/candidate.php?candidate_id=3122,THIRUMANGALAM,IND,0,Illiterate,"Rs 2,59,000 ~ 2 Lacs+",Rs 0 ~
3701,1121,Veeramani.A.,https://www.myneta.info/TamilNadu2021/candidate.php?candidate_id=1121,JOLARPET,IND,0,10th Pass,"Rs 3,54,000 ~ 3 Lacs+",Rs 0 ~
3702,2197,Veeramani.H.,https://www.myneta.info/TamilNadu2021/candidate.php?candidate_id=2197,JOLARPET,IND,0,8th Pass,https://myneta.info/image_v2.php?myneta_folder=TamilNadu2021&candidate_id=2197&col=ta,https://myneta.info/image_v2.php?myneta_folder=TamilNadu2021&candidate_id=2197&col=lia
3703,439,Veeramani.K.C.,https://www.myneta.info/TamilNadu2021/candidate.php?candidate_id=439,JOLARPET,AIADMK,0,10th Pass,"Rs 58,94,48,443 ~ 58 Crore+",Rs 0 ~
3704,2198,Veeramani.S.,https://www.myneta.info/TamilNadu2021/candidate.php?candidate_id=2198,JOLARPET,IND,0,Graduate Professional,"Rs 2,81,000 ~ 2 Lacs+",Rs 0 ~
3705,2579,Veeramani.T,https://www.myneta.info/TamilNadu2021/candidate.php?candidate_id=2579,PAPPIREDDIPATTI,IND,0,10th Pass,https://myneta.info/image_v2.php?myneta_folder=TamilNadu2021&candidate_id=2579&col=ta,https://myneta.info/image_v2.php?myneta_folder=TamilNadu2021&candidate_id=2579&col=lia
3706,2000,Veeran S,https://www.myneta.info/TamilNadu2021/candidate.php?candidate_id=2000,RISHIVANDIYAM,BSP,0,5th Pass,"Rs 5,000 ~ 5 Thou+",Rs 0 ~
3707,3578,Veeran.Muthukumar,https://www.myneta.info/TamilNadu2021/candidate.php?candidate_id=3578,LALGUDI,SHS,0,Post Graduate,"Rs 57,42,000 ~ 57 Lacs+","Rs 12,86,000 ~ 12 Lacs+"
3708,3121,Veeranan S,https://www.myneta.info/TamilNadu2021/candidate.php?candidate_id=3121,THIRUMANGALAM,IND,0,10th Pass,https://myneta.info/image_v2.php?myneta_folder=TamilNadu2021&candidate_id=3121&col=ta,https://myneta.info/image_v2.php?myneta_folder=TamilNadu2021&candidate_id=3121&col=lia
3709,3622,Veerapandi,https://www.myneta.info/TamilNadu2021/candidate.php?candidate_id=3622,NANGUNERI,Naam Tamilar Katchi,0,8th Pass,"Rs 38,31,361 ~ 38 Lacs+","Rs 4,86,000 ~ 4 Lacs+"
3710,3873,"Veerapandi, K.",https://www.myneta.info/TamilNadu2021/candidate.php?candidate_id=3873,SRIVILLIPUTHUR (SC),My India Party,0,Post Graduate,"Rs 90,000 ~ 90 Thou+",Rs 0 ~
3711,3542,"Veerasakthi,D.",https://www.myneta.info/TamilNadu2021/candidate.php?candidate_id=3542,TIRUCHIRAPPALLI EAST,Makkal Needhi Maiam,0,Graduate,https://myneta.info/image_v2.php?myneta_folder=TamilNadu2021&candidate_id=3542&col=ta,https://myneta.info/image_v2.php?myneta_folder=TamilNadu2021&candidate_id=3542&col=lia
3712,3632,Veerasubramaniyan .S,https://www.myneta.info/TamilNadu2021/candidate.php?candidate_id=3632,PALAYAMKOTTAI,Aanaithinthiya Jananayaka Pathukappu Kazhagam,0,Graduate Professional,"Rs 16,94,252 ~ 16 Lacs+",Rs 0 ~
3713,3730,Velammal,https://www.myneta.info/TamilNadu2021/candidate.php?candidate_id=3730,KADAYANALLUR,IND,0,10th Pass,"Rs 49,66,236 ~ 49 Lacs+",Rs 0 ~
3714,147,"Vellamandi Natarajan,N.",https://www.myneta.info/TamilNadu2021/candidate.php?candidate_id=147,TIRUCHIRAPPALLI EAST,AIADMK,0,10th Pass,https://myneta.info/image_v2.php?myneta_folder=TamilNadu2021&candidate_id=147&col=ta,https://myneta.info/image_v2.php?myneta_folder=TamilNadu2021&candidate_id=147&col=lia
3715,950,Vellimalai,https://www.myneta.info/TamilNadu2021/candidate.php?candidate_id=950,COIMBATORE SOUTH,Makkal Sananayaga Kudiyarasu Katchi,0,Illiterate,"Rs 1,98,000 ~ 1 Lacs+",Rs 0 ~
3716,3465,Velmani,https://www.myneta.info/TamilNadu2021/candidate.php?candidate_id=3465,ANDIPATTI,IND,3,5th Pass,"Rs 7,21,000 ~ 7 Lacs+","Rs 1,97,549 ~ 1 Lacs+"
3717,4183,Velmurugan,https://www.myneta.info/TamilNadu2021/candidate.php?candidate_id=4183,OTTAPIDARAM (SC),IND,0,10th Pass,https://myneta.info/image_v2.php?myneta_folder=TamilNadu2021&candidate_id=4183&col=ta,https://myneta.info/image_v2.php?myneta_folder=TamilNadu2021&candidate_id=4183&col=lia
3718,1572,Velmurugan.K,https://www.myneta.info/TamilNadu2021/candidate.php?candidate_id=1572,PANRUTI,IND,0,12th Pass,"Rs 42,75,097 ~ 42 Lacs+","Rs 22,18,000 ~ 22 Lacs+"
3719,1576,Velmurugan.R,https://www.myneta.info/TamilNadu2021/candidate.php?candidate_id=1576,PANRUTI,IND,0,Graduate Professional,"Rs 10,000 ~ 10 Thou+",Rs 0 ~
3720,1584,Velmurugan.T,https://www.myneta.info/TamilNadu2021/candidate.php?candidate_id=1584,PANRUTI,DMK,17,Graduate,https://myneta.info/image_v2.php?myneta_folder=TamilNadu2021&candidate_id=1584&col=ta,https://myneta.info/image_v2.php?myneta_folder=TamilNadu2021&candidate_id=1584&col=lia
3721,2176,Velraj S,https://www.myneta.info/TamilNadu2021/candidate.php?candidate_id=2176,THOUSAND LIGHTS,IND,0,Graduate Professional,"Rs 4,75,000 ~ 4 Lacs+",Rs 0 ~
3722,810,Velraj. K P,https://www.myneta.info/TamilNadu2021/candidate.php?candidate_id=810,ARANTHANGI,IND,0,Literate,"Rs 93,41,325 ~ 93 Lacs+","Rs 15,00,000 ~ 15 Lacs+"
3723,3221,Velu K,https://www.myneta.info/TamilNadu2021/candidate.php?candidate_id=3221,TIRUCHENGODU,IND,0,10th Pass,https://myneta.info/image_v2.php?myneta_folder=TamilNadu2021&candidate_id=3221&col=ta,https://myneta.info/image_v2.php?myneta_folder=TamilNadu2021&candidate_id=3221&col=lia
3724,3524,Velu S,https://www.myneta.info/TamilNadu2021/candidate.php?candidate_id=3524,POONAMALLEE (SC),IND,0,Graduate,"Rs 43,38,000 ~ 43 Lacs+",Rs 0 ~
3725,1710,Velu.G,https://www.myneta.info/TamilNadu2021/candidate.php?candidate_id=1710,ROYAPURAM,IND,0,Post Graduate,"Rs 33,02,497 ~ 33 Lacs+","Rs 16,62,894 ~ 16 Lacs+"
3726,312,Veluchamy S,https://www.myneta.info/TamilNadu2021/candidate.php?candidate_id=312,VIRUDHUNAGAR,IND,0,10th Pass,https://myneta.info/image_v2.php?myneta_folder=TamilNadu2021&candidate_id=312&col=ta,https://myneta.info/image_v2.php?myneta_folder=TamilNadu2021&candidate_id=312&col=lia
3727,2838,"Velusamy, P.",https://www.myneta.info/TamilNadu2021/candidate.php?candidate_id=2838,PERUNDURAI,Anna Puratchi Thalaivar Amma Dravida Munnetra Kazhagam,0,Illiterate,"Rs 1,52,95,000 ~ 1 Crore+",Rs 0 ~
3728,1286,Velusamy.V,https://www.myneta.info/TamilNadu2021/candidate.php?candidate_id=1286,KINATHUKADAVU,IND,0,10th Pass,"Rs 49,29,478 ~ 49 Lacs+",Rs 0 ~
3729,2644,"Vengadachalam, T.",https://www.myneta.info/TamilNadu2021/candidate.php?candidate_id=2644,SANKARI,IND,0,Others,https://myneta.info/image_v2.php?myneta_folder=TamilNadu2021&candidate_id=2644&col=ta,https://myneta.info/image_v2.php?myneta_folder=TamilNadu2021&candidate_id=2644&col=lia
3730,3075,Vengadachalapathy.T.S,https://www.myneta.info/TamilNadu2021/candidate.php?candidate_id=3075,MADURAI SOUTH,IND,0,10th Pass,"Rs 16,52,788 ~ 16 Lacs+",Rs 0 ~
3731,1988,Vengadeshwaran,https://www.myneta.info/TamilNadu2021/candidate.php?candidate_id=1988,PUDUKKOTTAI,BSP,0,Graduate Professional,"Rs 20,000 ~ 20 Thou+",Rs 0 ~
3732,2827,Vengatesan A,https://www.myneta.info/TamilNadu2021/candidate.php?candidate_id=2827,ERODE WEST,IND,0,Others,https://myneta.info/image_v2.php?myneta_folder=TamilNadu2021&candidate_id=2827&col=ta,https://myneta.info/image_v2.php?myneta_folder=TamilNadu2021&candidate_id=2827&col=lia
3733,2850,"Venkadachalam, P. R.",https://www.myneta.info/TamilNadu2021/candidate.php?candidate_id=2850,PERUNDURAI,IND,0,10th Pass,"Rs 83,19,000 ~ 83 Lacs+",Rs 0 ~
3734,2972,Venkadesh.K,https://www.myneta.info/TamilNadu2021/candidate.php?candidate_id=2972,KARUR,IND,0,Post Graduate,"Rs 44,95,000 ~ 44 Lacs+","Rs 22,80,000 ~ 22 Lacs+"
3735,2815,"Venkat, A.",https://www.myneta.info/TamilNadu2021/candidate.php?candidate_id=2815,VEERAPANDI,IND,0,8th Pass,https://myneta.info/image_v2.php?myneta_folder=TamilNadu2021&candidate_id=2815&col=ta,https://myneta.info/image_v2.php?myneta_folder=TamilNadu2021&candidate_id=2815&col=lia
3736,2849,"Venkatachalam, K.",https://www.myneta.info/TamilNadu2021/candidate.php?candidate_id=2849,PERUNDURAI,IND,0,Literate,"Rs 8,61,000 ~ 8 Lacs+","Rs 1,00,000 ~ 1 Lacs+"
3737,801,Venkatachalam.A.G,https://www.myneta.info/TamilNadu2021/candidate.php?candidate_id=801,ANTHIYUR,DMK,9,10th Pass,"Rs 4,29,51,409 ~ 4 Crore+","Rs 74,33,657 ~ 74 Lacs+"
3738,3932,Venkatesan,https://www.myneta.info/TamilNadu2021/candidate.php?candidate_id=3932,ARUPPUKOTTAI,IND,0,10th Pass,https://myneta.info/image_v2.php?myneta_folder=TamilNadu2021&candidate_id=3932&col=ta,https://myneta.info/image_v2.php?myneta_folder=TamilNadu2021&candidate_id=3932&col=lia
3739,4250,Venkatesan .V,https://www.myneta.info/TamilNadu2021/candidate.php?candidate_id=4250,CHEYYAR,Anaithindia Samudaya Munnetra Kazhagam,0,Post Graduate,"Rs 3,24,05,000 ~ 3 Crore+","Rs 2,15,000 ~ 2 Lacs+"
3740,2017,Venkatesan A,https://www.myneta.info/TamilNadu2021/candidate.php?candidate_id=2017,SHOLAVANDAN (SC),DMK,0,Graduate,"Rs 1,63,61,245 ~ 1 Crore+","Rs 85,35,500 ~ 85 Lacs+"
3741,3840,Venkatesan Balaji B.,https://www.myneta.info/TamilNadu2021/candidate.php?candidate_id=3840,TAMBARAM,IND,0,Graduate Professional,https://myneta.info/image_v2.php?myneta_folder=TamilNadu2021&candidate_id=3840&col=ta,https://myneta.info/image_v2.php?myneta_folder=TamilNadu2021&candidate_id=3840&col=lia
3742,3523,Venkatesan J,https://www.myneta.info/TamilNadu2021/candidate.php?candidate_id=3523,POONAMALLEE (SC),IND,0,10th Pass,"Rs 8,29,720 ~ 8 Lacs+",Rs 0 ~
3743,3530,Venkatesan M,https://www.myneta.info/TamilNadu2021/candidate.php?candidate_id=3530,AVADI,IND,0,Doctorate,"Rs 1,36,36,561 ~ 1 Crore+","Rs 6,32,643 ~ 6 Lacs+"
3744,2088,Venkatesan M,https://www.myneta.info/TamilNadu2021/candidate.php?candidate_id=2088,ULUNDURPETTAI,CPI(ML)(L),0,Graduate,https://myneta.info/image_v2.php?myneta_folder=TamilNadu2021&candidate_id=2088&col=ta,https://myneta.info/image_v2.php?myneta_folder=TamilNadu2021&candidate_id=2088&col=lia
3745,1662,Venkatesan P,https://www.myneta.info/TamilNadu2021/candidate.php?candidate_id=1662,VANDAVASI (SC),Amma Makkal Munnettra Kazagam,0,Graduate Professional,"Rs 20,93,000 ~ 20 Lacs+",Rs 0 ~
3746,159,"Venkatesan, S.",https://www.myneta.info/TamilNadu2021/candidate.php?candidate_id=159,THIRUVAIYARU,BJP,6,10th Pass,"Rs 8,40,83,000 ~ 8 Crore+","Rs 3,46,75,660 ~ 3 Crore+"
3747,1484,Venkatesan. M,https://www.myneta.info/TamilNadu2021/candidate.php?candidate_id=1484,MADURAI WEST,IND,0,Post Graduate,https://myneta.info/image_v2.php?myneta_folder=TamilNadu2021&candidate_id=1484&col=ta,https://myneta.info/image_v2.php?myneta_folder=TamilNadu2021&candidate_id=1484&col=lia
3748,3829,Venkatesan.C,https://www.myneta.info/TamilNadu2021/candidate.php?candidate_id=3829,TAMBARAM,Veerath Thiyagi Viswanathadoss Thozhilalarkal Katchi,0,10th Pass,"Rs 14,000 ~ 14 Thou+",Rs 0 ~
3749,2305,Venkatesh,https://www.myneta.info/TamilNadu2021/candidate.php?candidate_id=2305,MYLAPORE,IND,0,5th Pass,"Rs 44,200 ~ 44 Thou+",Rs 0 ~
3750,1228,Venkatesh Prabu.K,https://www.myneta.info/TamilNadu2021/candidate.php?candidate_id=1228,KARUR,IND,0,Graduate Professional,https://myneta.info/image_v2.php?myneta_folder=TamilNadu2021&candidate_id=1228&col=ta,https://myneta.info/image_v2.php?myneta_folder=TamilNadu2021&candidate_id=1228&col=lia
3751,2279,Venkatesh. K,https://www.myneta.info/TamilNadu2021/candidate.php?candidate_id=2279,SAIDAPET,IND,0,10th Pass,"Rs 1,23,500 ~ 1 Lacs+",Rs 0 ~
3752,1753,Venkatesh. L,https://www.myneta.info/TamilNadu2021/candidate.php?candidate_id=1753,PERAMBUR,IND,0,12th Pass,"Rs 86,000 ~ 86 Thou+",Rs 0 ~
3753,998,Venkateshwaran.S.P.,https://www.myneta.info/TamilNadu2021/candidate.php?candidate_id=998,DHARMAPURI,Pattali Makkal Katchi,4,Graduate,https://myneta.info/image_v2.php?myneta_folder=TamilNadu2021&candidate_id=998&col=ta,https://myneta.info/image_v2.php?myneta_folder=TamilNadu2021&candidate_id=998&col=lia
3754,859,"Venkateswaran, A",https://www.myneta.info/TamilNadu2021/candidate.php?candidate_id=859,AVANASHI (SC),Makkal Needhi Maiam,0,Graduate Professional,"Rs 2,84,70,458 ~ 2 Crore+","Rs 81,66,174 ~ 81 Lacs+"
3755,2558,Venkateswaran.B.,https://www.myneta.info/TamilNadu2021/candidate.php?candidate_id=2558,DHARMAPURI,IND,0,Graduate Professional,"Rs 21,00,000 ~ 21 Lacs+","Rs 65,000 ~ 65 Thou+"
3756,1819,Venkatraman . C,https://www.myneta.info/TamilNadu2021/candidate.php?candidate_id=1819,DR.RADHAKRISHNAN NAGAR,IND,0,10th Pass,https://myneta.info/image_v2.php?myneta_folder=TamilNadu2021&candidate_id=1819&col=ta,https://myneta.info/image_v2.php?myneta_folder=TamilNadu2021&candidate_id=1819&col=lia
3757,3762,Venkatraman J,https://www.myneta.info/TamilNadu2021/candidate.php?candidate_id=3762,RISHIVANDIYAM,Naadaalum Makkal Katchi,0,Post Graduate,"Rs 16,53,780 ~ 16 Lacs+",Rs 0 ~
3758,980,Venkidesh.N,https://www.myneta.info/TamilNadu2021/candidate.php?candidate_id=980,CUMBUM,Makkal Needhi Maiam,0,Graduate Professional,"Rs 33,16,177 ~ 33 Lacs+","Rs 9,69,000 ~ 9 Lacs+"
3759,1081,Vennila.R,https://www.myneta.info/TamilNadu2021/candidate.php?candidate_id=1081,GUDIYATTAM (SC),Republican Party of India (Athawale),0,12th Pass,https://myneta.info/image_v2.php?myneta_folder=TamilNadu2021&candidate_id=1081&col=ta,https://myneta.info/image_v2.php?myneta_folder=TamilNadu2021&candidate_id=1081&col=lia
3760,254,Vennila.S,https://www.myneta.info/TamilNadu2021/candidate.php?candidate_id=254,CHENGAM (SC),Naam Tamilar Katchi,0,12th Pass,"Rs 22,54,570 ~ 22 Lacs+","Rs 2,92,523 ~ 2 Lacs+"
3761,12,Venugopal.D,https://www.myneta.info/TamilNadu2021/candidate.php?candidate_id=12,DR.RADHAKRISHNAN NAGAR,SHS,2,10th Pass,"Rs 4,37,080 ~ 4 Lacs+",Rs 0 ~
3762,2287,Vetri Selvi,https://www.myneta.info/TamilNadu2021/candidate.php?candidate_id=2287,THIYAGARAYANAGAR,Anaithu Makkal Arasiyal Katchi,0,Post Graduate,https://myneta.info/image_v2.php?myneta_folder=TamilNadu2021&candidate_id=2287&col=ta,https://myneta.info/image_v2.php?myneta_folder=TamilNadu2021&candidate_id=2287&col=lia
3763,111,Vetrikumaran. C,https://www.myneta.info/TamilNadu2021/candidate.php?candidate_id=111,MADURAI WEST,Naam Tamilar Katchi,1,Graduate Professional,"Rs 2,21,36,064 ~ 2 Crore+","Rs 49,26,414 ~ 49 Lacs+"
3764,1614,Vetrimaran A,https://www.myneta.info/TamilNadu2021/candidate.php?candidate_id=1614,SANKARANKOVIL (SC),IND,0,10th Pass,"Rs 22,000 ~ 22 Thou+",Rs 0 ~
3765,3065,Vetrivel J,https://www.myneta.info/TamilNadu2021/candidate.php?candidate_id=3065,SHOLAVANDAN (SC),IND,0,Graduate Professional,https://myneta.info/image_v2.php?myneta_folder=TamilNadu2021&candidate_id=3065&col=ta,https://myneta.info/image_v2.php?myneta_folder=TamilNadu2021&candidate_id=3065&col=lia
3766,2784,Vetrivel S,https://www.myneta.info/TamilNadu2021/candidate.php?candidate_id=2784,VEDASANDUR,Makkal Needhi Maiam,1,Post Graduate,"Rs 25,91,340 ~ 25 Lacs+","Rs 14,86,000 ~ 14 Lacs+"
3767,4010,Vetrivendhan S,https://www.myneta.info/TamilNadu2021/candidate.php?candidate_id=4010,TINDIVANAM (SC),IND,0,12th Pass,"Rs 3,50,000 ~ 3 Lacs+",Rs 0 ~
3768,4016,Victor A S,https://www.myneta.info/TamilNadu2021/candidate.php?candidate_id=4016,VILLUPURAM,Desiya Sirupanmayinar Makkal Iyakkam,0,10th Pass,https://myneta.info/image_v2.php?myneta_folder=TamilNadu2021&candidate_id=4016&col=ta,https://myneta.info/image_v2.php?myneta_folder=TamilNadu2021&candidate_id=4016&col=lia
3769,4046,Vignesh M,https://www.myneta.info/TamilNadu2021/candidate.php?candidate_id=4046,TIRUKKOYILUR,IND,0,Graduate Professional,"Rs 42,000 ~ 42 Thou+",Rs 0 ~
3770,4252,Vignesh S,https://www.myneta.info/TamilNadu2021/candidate.php?candidate_id=4252,VANDAVASI (SC),IND,0,12th Pass,"Rs 4,15,000 ~ 4 Lacs+",Rs 0 ~
3771,476,Vigneshwaran.P,https://www.myneta.info/TamilNadu2021/candidate.php?candidate_id=476,KARUR,IND,2,Graduate Professional,https://myneta.info/image_v2.php?myneta_folder=TamilNadu2021&candidate_id=476&col=ta,https://myneta.info/image_v2.php?myneta_folder=TamilNadu2021&candidate_id=476&col=lia
3772,697,Vijaia Mohanaaji,https://www.myneta.info/TamilNadu2021/candidate.php?candidate_id=697,TIRUCHIRAPPALLI EAST,Vidial Valarchi Perani,0,Graduate,"Rs 1,32,02,000 ~ 1 Crore+",Rs 0 ~
3773,3247,Vijay A,https://www.myneta.info/TamilNadu2021/candidate.php?candidate_id=3247,VIRALIMALAI,Anna Dravidar Kazhagam,0,Graduate,"Rs 28,60,000 ~ 28 Lacs+",Rs 0 ~
3774,2109,Vijaya Basker C,https://www.myneta.info/TamilNadu2021/candidate.php?candidate_id=2109,VIRALIMALAI,AIADMK,1,Graduate Professional,https://myneta.info/image_v2.php?myneta_folder=TamilNadu2021&candidate_id=2109&col=ta,https://myneta.info/image_v2.php?myneta_folder=TamilNadu2021&candidate_id=2109&col=lia
3775,1999,Vijaya K,https://www.myneta.info/TamilNadu2021/candidate.php?candidate_id=1999,RASIPURAM(SC),BSP,0,8th Pass,"Rs 66,000 ~ 66 Thou+","Rs 25,000 ~ 25 Thou+"
3776,2278,Vijaya Kumar. R,https://www.myneta.info/TamilNadu2021/candidate.php?candidate_id=2278,SAIDAPET,IND,0,Graduate Professional,"Rs 89,000 ~ 89 Thou+",Rs 0 ~
3777,473,Vijayabhaskar. M.R,https://www.myneta.info/TamilNadu2021/candidate.php?candidate_id=473,KARUR,AIADMK,5,10th Pass,https://myneta.info/image_v2.php?myneta_folder=TamilNadu2021&candidate_id=473&col=ta,https://myneta.info/image_v2.php?myneta_folder=TamilNadu2021&candidate_id=473&col=lia
3778,467,Vijayabhaskar.R.V,https://www.myneta.info/TamilNadu2021/candidate.php?candidate_id=467,KARUR,IND,0,8th Pass,"Rs 25,000 ~ 25 Thou+",Rs 0 ~
3779,4203,Vijayachandran.G,https://www.myneta.info/TamilNadu2021/candidate.php?candidate_id=4203,CHENGAM (SC),IND,0,Graduate Professional,"Rs 20,500 ~ 20 Thou+",Rs 0 ~
3780,2106,Vijayadharani S,https://www.myneta.info/TamilNadu2021/candidate.php?candidate_id=2106,VILAVANCODE,INC,8,Graduate Professional,https://myneta.info/image_v2.php?myneta_folder=TamilNadu2021&candidate_id=2106&col=ta,https://myneta.info/image_v2.php?myneta_folder=TamilNadu2021&candidate_id=2106&col=lia
3781,920,Vijayakanth. S,https://www.myneta.info/TamilNadu2021/candidate.php?candidate_id=920,CHEYYAR,BSP,0,5th Pass,"Rs 5,44,000 ~ 5 Lacs+",Rs 0 ~
3782,3931,Vijayakumar,https://www.myneta.info/TamilNadu2021/candidate.php?candidate_id=3931,ARUPPUKOTTAI,IND,0,8th Pass,"Rs 1,00,000 ~ 1 Lacs+",Rs 0 ~
3783,3867,Vijayakumar E.,https://www.myneta.info/TamilNadu2021/candidate.php?candidate_id=3867,RAJAPALAYAM,IND,0,10th Pass,https://myneta.info/image_v2.php?myneta_folder=TamilNadu2021&candidate_id=3867&col=ta,https://myneta.info/image_v2.php?myneta_folder=TamilNadu2021&candidate_id=3867&col=lia
3784,2908,Vijayakumar P,https://www.myneta.info/TamilNadu2021/candidate.php?candidate_id=2908,VILAVANCODE,IND,0,Graduate,"Rs 17,69,003 ~ 17 Lacs+",Rs 0 ~
3785,961,Vijayakumar R,https://www.myneta.info/TamilNadu2021/candidate.php?candidate_id=961,COLACHAL,IND,4,10th Pass,"Rs 33,26,650 ~ 33 Lacs+",Rs 0 ~
3786,512,"Vijayakumar, C.",https://www.myneta.info/TamilNadu2021/candidate.php?candidate_id=512,KUMBAKONAM,IND,0,10th Pass,https://myneta.info/image_v2.php?myneta_folder=TamilNadu2021&candidate_id=512&col=ta,https://myneta.info/image_v2.php?myneta_folder=TamilNadu2021&candidate_id=512&col=lia
3787,2642,"Vijayakumar, P.",https://www.myneta.info/TamilNadu2021/candidate.php?candidate_id=2642,SANKARI,IND,0,Others,"Rs 14,86,500 ~ 14 Lacs+","Rs 2,90,000 ~ 2 Lacs+"
3788,3422,"Vijayakumar, S.",https://www.myneta.info/TamilNadu2021/candidate.php?candidate_id=3422,THIRUVAIYARU,Anna Puratchi Thalaivar Amma Dravida Munnetra Kazhagam,0,10th Pass,"Rs 2,91,000 ~ 2 Lacs+","Rs 2,60,000 ~ 2 Lacs+"
3789,4113,Vijayakumar. A.,https://www.myneta.info/TamilNadu2021/candidate.php?candidate_id=4113,TIRUPPUR SOUTH,IND,0,8th Pass,https://myneta.info/image_v2.php?myneta_folder=TamilNadu2021&candidate_id=4113&col=ta,https://myneta.info/image_v2.php?myneta_folder=TamilNadu2021&candidate_id=4113&col=lia
3790,4231,Vijayakumar. C,https://www.myneta.info/TamilNadu2021/candidate.php?candidate_id=4231,POLUR,Amma Makkal Munnettra Kazagam,1,10th Pass,"Rs 1,08,30,597 ~ 1 Crore+","Rs 23,30,583 ~ 23 Lacs+"
3791,2730,Vijayakumar. R,https://www.myneta.info/TamilNadu2021/candidate.php?candidate_id=2730,SALEM WEST,Dhesiya Makkal Kazhagam,0,Others,"Rs 30,000 ~ 30 Thou+",Rs 0 ~
3792,551,Vijayakumar.M,https://www.myneta.info/TamilNadu2021/candidate.php?candidate_id=551,MODAKKURICHI,IND,0,Others,https://myneta.info/image_v2.php?myneta_folder=TamilNadu2021&candidate_id=551&col=ta,https://myneta.info/image_v2.php?myneta_folder=TamilNadu2021&candidate_id=551&col=lia
3793,1140,Vijayakumar.N,https://www.myneta.info/TamilNadu2021/candidate.php?candidate_id=1140,KALLAKURICHI (SC),DMDK,0,Graduate Professional,"Rs 6,37,500 ~ 6 Lacs+",Rs 0 ~
3794,100,Vijayakumar.R,https://www.myneta.info/TamilNadu2021/candidate.php?candidate_id=100,KRISHNAGIRI,Veerath Thiyagi Viswanathadoss Thozhilalarkal Katchi,0,8th Pass,"Rs 14,70,500 ~ 14 Lacs+","Rs 6,98,062 ~ 6 Lacs+"
3795,3497,Vijayakumar.V,https://www.myneta.info/TamilNadu2021/candidate.php?candidate_id=3497,PONNERI (SC),Anna MGR Dravida Makkal Kalgam,0,10th Pass,https://myneta.info/image_v2.php?myneta_folder=TamilNadu2021&candidate_id=3497&col=ta,https://myneta.info/image_v2.php?myneta_folder=TamilNadu2021&candidate_id=3497&col=lia
3796,368,Vijayalakshmi G,https://www.myneta.info/TamilNadu2021/candidate.php?candidate_id=368,AVADI,Naam Tamilar Katchi,0,Graduate,"Rs 5,71,000 ~ 5 Lacs+","Rs 11,04,225 ~ 11 Lacs+"
3797,2971,Vijayan.K,https://www.myneta.info/TamilNadu2021/candidate.php?candidate_id=2971,KARUR,IND,0,10th Pass,"Rs 65,000 ~ 65 Thou+",Rs 0 ~
3798,386,Vijayan.P,https://www.myneta.info/TamilNadu2021/candidate.php?candidate_id=386,DR.RADHAKRISHNAN NAGAR,BSP,0,Graduate Professional,https://myneta.info/image_v2.php?myneta_folder=TamilNadu2021&candidate_id=386&col=ta,https://myneta.info/image_v2.php?myneta_folder=TamilNadu2021&candidate_id=386&col=lia
3799,1000,Vijayapandi.P,https://www.myneta.info/TamilNadu2021/candidate.php?candidate_id=1000,DINDIGUL,IND,0,Graduate,"Rs 7,31,000 ~ 7 Lacs+",Rs 0 ~
3800,3968,Vijayaraj .K,https://www.myneta.info/TamilNadu2021/candidate.php?candidate_id=3968,VELLORE,IND,0,12th Pass,"Rs 10,72,000 ~ 10 Lacs+",Rs 0 ~
3801,1932,Vijayasankar.P.,https://www.myneta.info/TamilNadu2021/candidate.php?candidate_id=1932,PALACODE,DMDK,0,12th Pass,https://myneta.info/image_v2.php?myneta_folder=TamilNadu2021&candidate_id=1932&col=ta,https://myneta.info/image_v2.php?myneta_folder=TamilNadu2021&candidate_id=1932&col=lia
3802,2075,Vijeyakumar.K.N,https://www.myneta.info/TamilNadu2021/candidate.php?candidate_id=2075,TIRUPPUR NORTH,AIADMK,0,5th Pass,"Rs 2,42,87,144 ~ 2 Crore+","Rs 23,05,819 ~ 23 Lacs+"
3803,2643,"Viji Alias Vijayan, K.",https://www.myneta.info/TamilNadu2021/candidate.php?candidate_id=2643,SANKARI,IND,0,10th Pass,"Rs 1,72,000 ~ 1 Lacs+",Rs 0 ~
3804,2910,Vijikumar K,https://www.myneta.info/TamilNadu2021/candidate.php?candidate_id=2910,KILLIYOOR,National Democratic Party of South India,0,12th Pass,https://myneta.info/image_v2.php?myneta_folder=TamilNadu2021&candidate_id=2910&col=ta,https://myneta.info/image_v2.php?myneta_folder=TamilNadu2021&candidate_id=2910&col=lia
3805,4090,Vijiyakumar M,https://www.myneta.info/TamilNadu2021/candidate.php?candidate_id=4090,PALLADAM,IND,0,10th Pass,"Rs 30,28,051 ~ 30 Lacs+","Rs 4,50,000 ~ 4 Lacs+"
3806,2497,"Viju Alban Prakash, V",https://www.myneta.info/TamilNadu2021/candidate.php?candidate_id=2497,SINGANALLUR,IND,0,Others,"Rs 8,86,100 ~ 8 Lacs+","Rs 11,93,000 ~ 11 Lacs+"
3807,3962,Vikram Chakravarthy .G,https://www.myneta.info/TamilNadu2021/candidate.php?candidate_id=3962,VELLORE,Makkal Needhi Maiam,0,12th Pass,https://myneta.info/image_v2.php?myneta_folder=TamilNadu2021&candidate_id=3962&col=ta,https://myneta.info/image_v2.php?myneta_folder=TamilNadu2021&candidate_id=3962&col=lia
3808,313,Vikraman N,https://www.myneta.info/TamilNadu2021/candidate.php?candidate_id=313,VIRUDHUNAGAR,Desa Makkal Munnetrak Kazhgam,0,Post Graduate,"Rs 12,000 ~ 12 Thou+",Rs 0 ~
3809,352,Vilwanathan.A.C,https://www.myneta.info/TamilNadu2021/candidate.php?candidate_id=352,AMBUR,DMK,0,10th Pass,"Rs 3,86,35,845 ~ 3 Crore+","Rs 10,30,623 ~ 10 Lacs+"
3810,198,Vimala,https://www.myneta.info/TamilNadu2021/candidate.php?candidate_id=198,PERIYAKULAM (SC),Naam Tamilar Katchi,0,Graduate Professional,https://myneta.info/image_v2.php?myneta_folder=TamilNadu2021&candidate_id=198&col=ta,https://myneta.info/image_v2.php?myneta_folder=TamilNadu2021&candidate_id=198&col=lia
3811,2826,Vimala M,https://www.myneta.info/TamilNadu2021/candidate.php?candidate_id=2826,ERODE WEST,IND,0,Doctorate,"Rs 1,30,952 ~ 1 Lacs+","Rs 28,00,000 ~ 28 Lacs+"
3812,3772,Vimalamary S,https://www.myneta.info/TamilNadu2021/candidate.php?candidate_id=3772,SANKARAPURAM,IND,0,10th Pass,"Rs 36,80,000 ~ 36 Lacs+",Rs 0 ~
3813,3391,Vimalraj,https://www.myneta.info/TamilNadu2021/candidate.php?candidate_id=3391,SIVAGANGA,IND,0,Graduate Professional,https://myneta.info/image_v2.php?myneta_folder=TamilNadu2021&candidate_id=3391&col=ta,https://myneta.info/image_v2.php?myneta_folder=TamilNadu2021&candidate_id=3391&col=lia
3814,1643,Vinayagamurthy M,https://www.myneta.info/TamilNadu2021/candidate.php?candidate_id=1643,VANUR (SC),BSP,0,12th Pass,"Rs 3,70,500 ~ 3 Lacs+",Rs 0 ~
3815,657,Vincentraj.R,https://www.myneta.info/TamilNadu2021/candidate.php?candidate_id=657,TENKASI,Naam Tamilar Katchi,0,10th Pass,"Rs 25,36,000 ~ 25 Lacs+","Rs 7,95,000 ~ 7 Lacs+"
3816,1708,Vindhan.A,https://www.myneta.info/TamilNadu2021/candidate.php?candidate_id=1708,ROYAPURAM,IND,0,Post Graduate,https://myneta.info/image_v2.php?myneta_folder=TamilNadu2021&candidate_id=1708&col=ta,https://myneta.info/image_v2.php?myneta_folder=TamilNadu2021&candidate_id=1708&col=lia
3817,700,"Vinodh, V.",https://www.myneta.info/TamilNadu2021/candidate.php?candidate_id=700,TIRUCHIRAPPALLI WEST,Naam Tamilar Katchi,1,Post Graduate,"Rs 19,18,000 ~ 19 Lacs+","Rs 2,00,000 ~ 2 Lacs+"
3818,1101,Vinoj. P. Selvam,https://www.myneta.info/TamilNadu2021/candidate.php?candidate_id=1101,HARBOUR,BJP,7,Graduate Professional,"Rs 13,16,57,207 ~ 13 Crore+","Rs 3,06,56,249 ~ 3 Crore+"
3819,2029,Vinoth,https://www.myneta.info/TamilNadu2021/candidate.php?candidate_id=2029,SRIPERUMBUDUR (SC),BSP,0,10th Pass,https://myneta.info/image_v2.php?myneta_folder=TamilNadu2021&candidate_id=2029&col=ta,https://myneta.info/image_v2.php?myneta_folder=TamilNadu2021&candidate_id=2029&col=lia
3820,3676,Vinoth Kumar. M,https://www.myneta.info/TamilNadu2021/candidate.php?candidate_id=3676,MADHAVARAM,Naadaalum Makkal Katchi,0,Graduate Professional,"Rs 9,60,000 ~ 9 Lacs+",Rs 0 ~
3821,1849,Vinoth M,https://www.myneta.info/TamilNadu2021/candidate.php?candidate_id=1849,CHEYYUR (SC),IND,0,10th Pass,"Rs 10,000 ~ 10 Thou+",Rs 0 ~
3822,4009,Vinoth S,https://www.myneta.info/TamilNadu2021/candidate.php?candidate_id=4009,TINDIVANAM (SC),IND,0,8th Pass,https://myneta.info/image_v2.php?myneta_folder=TamilNadu2021&candidate_id=4009&col=ta,https://myneta.info/image_v2.php?myneta_folder=TamilNadu2021&candidate_id=4009&col=lia
3823,967,"Vinoth, D.",https://www.myneta.info/TamilNadu2021/candidate.php?candidate_id=967,COONOOR,AIADMK,0,12th Pass,"Rs 43,96,076 ~ 43 Lacs+","Rs 3,39,000 ~ 3 Lacs+"
3824,2220,Vinothini R.,https://www.myneta.info/TamilNadu2021/candidate.php?candidate_id=2220,THIRUVAUR,Naam Tamilar Katchi,0,Post Graduate,"Rs 11,27,000 ~ 11 Lacs+",Rs 0 ~
3825,1055,Vinothini.R,https://www.myneta.info/TamilNadu2021/candidate.php?candidate_id=1055,GANGAVALLI (SC),Naam Tamilar Katchi,0,Post Graduate,https://myneta.info/image_v2.php?myneta_folder=TamilNadu2021&candidate_id=1055&col=ta,https://myneta.info/image_v2.php?myneta_folder=TamilNadu2021&candidate_id=1055&col=lia
3826,1238,Vinothkumar,https://www.myneta.info/TamilNadu2021/candidate.php?candidate_id=1238,KARUR,IND,0,Post Graduate,"Rs 50,13,881 ~ 50 Lacs+",Rs 0 ~
3827,3453,Vinothkumar,https://www.myneta.info/TamilNadu2021/candidate.php?candidate_id=3453,UDHAGAMANDALAM,IND,3,10th Pass,"Rs 89,091 ~ 89 Thou+",Rs 0 ~
3828,2450,"Vinothkumar, M.",https://www.myneta.info/TamilNadu2021/candidate.php?candidate_id=2450,KUNNAM,IND,0,Others,https://myneta.info/image_v2.php?myneta_folder=TamilNadu2021&candidate_id=2450&col=ta,https://myneta.info/image_v2.php?myneta_folder=TamilNadu2021&candidate_id=2450&col=lia
3829,1743,Vinothkumar. G,https://www.myneta.info/TamilNadu2021/candidate.php?candidate_id=1743,PERAMBUR,IND,0,8th Pass,"Rs 37,650 ~ 37 Thou+",Rs 0 ~
3830,1964,Vinothkumar.M,https://www.myneta.info/TamilNadu2021/candidate.php?candidate_id=1964,SIVAKASI,IND,0,8th Pass,"Rs 94,500 ~ 94 Thou+","Rs 22,000 ~ 22 Thou+"
3831,4171,Vinston Anto S,https://www.myneta.info/TamilNadu2021/candidate.php?candidate_id=4171,SRIVAIKUNTAM,IND,0,10th Pass,https://myneta.info/image_v2.php?myneta_folder=TamilNadu2021&candidate_id=4171&col=ta,https://myneta.info/image_v2.php?myneta_folder=TamilNadu2021&candidate_id=4171&col=lia
3832,311,Virugai V.N.Ravi,https://www.myneta.info/TamilNadu2021/candidate.php?candidate_id=311,VIRUGAMPAKKAM,AIADMK,0,Graduate,"Rs 1,69,81,550 ~ 1 Crore+",Rs 0 ~
3833,4101,Vishalakchi. A.,https://www.myneta.info/TamilNadu2021/candidate.php?candidate_id=4101,TIRUPPUR SOUTH,Amma Makkal Munnettra Kazagam,0,5th Pass,"Rs 5,03,79,816 ~ 5 Crore+",Rs 0 ~
3834,3969,Vishnumohan .E,https://www.myneta.info/TamilNadu2021/candidate.php?candidate_id=3969,VELLORE,IND,0,Graduate,https://myneta.info/image_v2.php?myneta_folder=TamilNadu2021&candidate_id=3969&col=ta,https://myneta.info/image_v2.php?myneta_folder=TamilNadu2021&candidate_id=3969&col=lia
3835,853,Viswanathan R,https://www.myneta.info/TamilNadu2021/candidate.php?candidate_id=853,AVADI,MGR Makkal Katchi,0,Post Graduate,"Rs 7,65,000 ~ 7 Lacs+","Rs 55,000 ~ 55 Thou+"
3836,691,Viswanathan S A,https://www.myneta.info/TamilNadu2021/candidate.php?candidate_id=691,TINDIVANAM (SC),All India Pattali Munnetra Katchi,0,5th Pass,"Rs 23,50,000 ~ 23 Lacs+",Rs 0 ~
3837,2318,Vivek Ram. A,https://www.myneta.info/TamilNadu2021/candidate.php?candidate_id=2318,HARBOUR,IND,0,Graduate Professional,https://myneta.info/image_v2.php?myneta_folder=TamilNadu2021&candidate_id=2318&col=ta,https://myneta.info/image_v2.php?myneta_folder=TamilNadu2021&candidate_id=2318&col=lia
3838,2462,Vivek Subramaniam,https://www.myneta.info/TamilNadu2021/candidate.php?candidate_id=2462,COIMBATORE SOUTH,Manitha Urimaigal Kalaagam,0,12th Pass,"Rs 12,30,000 ~ 12 Lacs+",Rs 0 ~
3839,391,Vivek.C,https://www.myneta.info/TamilNadu2021/candidate.php?candidate_id=391,DR.RADHAKRISHNAN NAGAR,IND,0,12th Pass,"Rs 6,09,258 ~ 6 Lacs+",Rs 0 ~
3840,3860,Vivekananthan S.,https://www.myneta.info/TamilNadu2021/candidate.php?candidate_id=3860,RAJAPALAYAM,Makkal Needhi Maiam,1,Graduate,https://myneta.info/image_v2.php?myneta_folder=TamilNadu2021&candidate_id=3860&col=ta,https://myneta.info/image_v2.php?myneta_folder=TamilNadu2021&candidate_id=3860&col=lia
3841,2944,Vivekananthan. V,https://www.myneta.info/TamilNadu2021/candidate.php?candidate_id=2944,ARAVAKURICHI,IND,0,12th Pass,"Rs 95,000 ~ 95 Thou+",Rs 0 ~
3842,1314,Vivekraj.J,https://www.myneta.info/TamilNadu2021/candidate.php?candidate_id=1314,KOLATHUR,Thamizhaga Munnetra Congress,5,8th Pass,"Rs 10,000 ~ 10 Thou+",Rs 0 ~
3843,526,Voltaire M J,https://www.myneta.info/TamilNadu2021/candidate.php?candidate_id=526,MADURAI NORTH,SUCI(C),0,Post Graduate,https://myneta.info/image_v2.php?myneta_folder=TamilNadu2021&candidate_id=526&col=ta,https://myneta.info/image_v2.php?myneta_folder=TamilNadu2021&candidate_id=526&col=lia
3844,779,Wazeer Ahmed.J,https://www.myneta.info/TamilNadu2021/candidate.php?candidate_id=779,AMBUR,BSP,0,5th Pass,"Rs 18,66,000 ~ 18 Lacs+",Rs 0 ~
3845,688,Williams D,https://www.myneta.info/TamilNadu2021/candidate.php?candidate_id=688,THOUSAND LIGHTS,BSP,0,8th Pass,"Rs 3,75,000 ~ 3 Lacs+",Rs 0 ~
3846,2104,Wilson G,https://www.myneta.info/TamilNadu2021/candidate.php?candidate_id=2104,VILAVANCODE,SHS,0,10th Pass,https://myneta.info/image_v2.php?myneta_folder=TamilNadu2021&candidate_id=2104&col=ta,https://myneta.info/image_v2.php?myneta_folder=TamilNadu2021&candidate_id=2104&col=lia
3847,4129,Wilson X,https://www.myneta.info/TamilNadu2021/candidate.php?candidate_id=4129,VILATHIKULAM,Makkal Needhi Maiam,0,10th Pass,"Rs 32,88,000 ~ 32 Lacs+","Rs 13,30,000 ~ 13 Lacs+"
3848,3428,"Xavier, A.",https://www.myneta.info/TamilNadu2021/candidate.php?candidate_id=3428,THANJAVUR,Peoples Party of India(secular),0,10th Pass,"Rs 47,85,087 ~ 47 Lacs+",Rs 0 ~
3849,3414,"Xavier, S.",https://www.myneta.info/TamilNadu2021/candidate.php?candidate_id=3414,PAPANASAM,IND,0,10th Pass,https://myneta.info/image_v2.php?myneta_folder=TamilNadu2021&candidate_id=3414&col=ta,https://myneta.info/image_v2.php?myneta_folder=TamilNadu2021&candidate_id=3414&col=lia
3850,1653,Y.Jacob,https://www.myneta.info/TamilNadu2021/candidate.php?candidate_id=1653,SRIRANGAM,IND,0,Literate,"Rs 3,80,000 ~ 3 Lacs+",Rs 0 ~
3851,634,Y.R.Pavendhan,https://www.myneta.info/TamilNadu2021/candidate.php?candidate_id=634,SHOLINGHUR,Naam Tamilar Katchi,2,Post Graduate,"Rs 45,49,300 ~ 45 Lacs+","Rs 13,15,000 ~ 13 Lacs+"
3852,1874,Yasmin K,https://www.myneta.info/TamilNadu2021/candidate.php?candidate_id=1874,METTUPALAYAM,Naam Tamilar Katchi,0,Others,https://myneta.info/image_v2.php?myneta_folder=TamilNadu2021&candidate_id=1874&col=ta,https://myneta.info/image_v2.php?myneta_folder=TamilNadu2021&candidate_id=1874&col=lia
3853,3053,Yoganathan S,https://www.myneta.info/TamilNadu2021/candidate.php?candidate_id=3053,SHOLAVANDAN (SC),Makkal Needhi Maiam,0,10th Pass,"Rs 10,22,688 ~ 10 Lacs+",Rs 0 ~
3854,3454,"Yogeswaran, A.",https://www.myneta.info/TamilNadu2021/candidate.php?candidate_id=3454,GUDALUR (SC),DMDK,0,Literate,"Rs 26,70,500 ~ 26 Lacs+",Rs 0 ~
3855,2820,"Yuvaraj,M.",https://www.myneta.info/TamilNadu2021/candidate.php?candidate_id=2820,ERODE EAST,IND,0,Post Graduate,https://myneta.info/image_v2.php?myneta_folder=TamilNadu2021&candidate_id=2820&col=ta,https://myneta.info/image_v2.php?myneta_folder=TamilNadu2021&candidate_id=2820&col=lia
3856,1430,Yuvaraj. M,https://www.myneta.info/TamilNadu2021/candidate.php?candidate_id=1430,MADHAVARAM,Anna MGR Dravida Makkal Kalgam,0,8th Pass,"Rs 3,15,000 ~ 3 Lacs+",Rs 0 ~
3857,403,"Yuvaraja,M.",https://www.myneta.info/TamilNadu2021/candidate.php?candidate_id=403,ERODE EAST,AIADMK,1,Graduate Professional,"Rs 3,62,68,646 ~ 3 Crore+","Rs 1,20,65,001 ~ 1 Crore+"
3858,3202,Yuvarajkumar K,https://www.myneta.info/TamilNadu2021/candidate.php?candidate_id=3202,TIRUCHENGODU,Namathu Kongu Munnetra Kalagam,0,Graduate Professional,https://myneta.info/image_v2.php?myneta_folder=TamilNadu2021&candidate_id=3202&col=ta,https://myneta.info/image_v2.php?myneta_folder=TamilNadu2021&candidate_id=3202&col=lia
3859,423,Zionraj. M,https://www.myneta.info/TamilNadu2021/candidate.php?candidate_id=423,HARBOUR,IND,0,5th Pass,"Rs 1,95,000 ~ 1 Lacs+",Rs 0 ~
