sno,candidate_id,candidate_name,candidate_link,constituency,party,criminal_cases,education,assets,liabilities
1,96,Deep Malhotra,https://myneta.info/pb2012/candidate.php?candidate_id=96,FARIDKOT,SAD,0,12th Pass,"Rs 17,26,97,791 ~ 17 Crore+","Rs 3,28,82,176 ~ 3 Crore+"
2,160,Sh. Navtej Singh,https://myneta.info/pb2012/candidate.php?candidate_id=160,SULTANPUR LODHI,INC,0,Graduate,"Rs 2,44,61,440 ~ 2 Crore+","Rs 34,99,088 ~ 34 Lacs+"
3,702,Abdul Rahiman,https://myneta.info/pb2012/candidate.php?candidate_id=702,LUDHIANA WEST,IND,0,Others,"Rs 14,16,100 ~ 14 Lacs+",Rs 0 ~
4,251,Abhay Singh Sandhu,https://myneta.info/pb2012/candidate.php?candidate_id=251,NAWAN SHAHR,PPOP,0,Graduate,"Rs 7,03,22,000 ~ 7 Crore+","Rs 22,880 ~ 22 Thou+"
5,622,Achal Singla,https://myneta.info/pb2012/candidate.php?candidate_id=622,S.A.S. NAGAR,IND,0,12th Pass,"Rs 18,05,000 ~ 18 Lacs+",Rs 0 ~
6,53,Adesh Partap Singh,https://myneta.info/pb2012/candidate.php?candidate_id=53,PATTI ,SAD,0,Post Graduate,"Rs 51,23,00,000 ~ 51 Crore+","Rs 2,56,48,000 ~ 2 Crore+"
7,291,Advocate Surjeet Singh Sohi,https://myneta.info/pb2012/candidate.php?candidate_id=291,BATHINDA RURAL (SC),CPI,0,Graduate Professional,"Rs 26,98,243 ~ 26 Lacs+","Rs 1,60,000 ~ 1 Lacs+"
8,763,Agya Rani,https://myneta.info/pb2012/candidate.php?candidate_id=763,JALALABAD ,IND,0,10th Pass,"Rs 5,11,82,740 ~ 5 Crore+","Rs 59,37,938 ~ 59 Lacs+"
9,229,Ajaib Singh,https://myneta.info/pb2012/candidate.php?candidate_id=229,DIRBA (SC),INC,0,10th Pass,https://myneta.info/image_v2.php?myneta_folder=pb2012&candidate_id=229&col=ta,https://myneta.info/image_v2.php?myneta_folder=pb2012&candidate_id=229&col=lia
10,863,Ajaib Singh,https://myneta.info/pb2012/candidate.php?candidate_id=863,TALWANDI SABO,IND,0,8th Pass,"Rs 80,83,00,000 ~ 80 Crore+",Rs 0 ~
11,1063,Ajaib Singh,https://myneta.info/pb2012/candidate.php?candidate_id=1063,ANANDPUR SAHIB,BGTD,0,10th Pass,"Rs 13,80,000 ~ 13 Lacs+",Rs 0 ~
12,845,Ajaib Singh,https://myneta.info/pb2012/candidate.php?candidate_id=845,BHUCHO MANDI (SC),NCP,0,Illiterate,"Rs 5,500 ~ 5 Thou+",Rs 0 ~
13,222,Ajaib Singh,https://myneta.info/pb2012/candidate.php?candidate_id=222,BHUCHO MANDI (SC),INC,0,Post Graduate,"Rs 3,53,64,372 ~ 3 Crore+","Rs 19,26,314 ~ 19 Lacs+"
14,361,Ajaib Singh,https://myneta.info/pb2012/candidate.php?candidate_id=361,CHABBEWAL (SC),PPOP,0,Others,"Rs 1,44,04,217 ~ 1 Crore+",Rs 0 ~
15,1012,Ajaib Singh,https://myneta.info/pb2012/candidate.php?candidate_id=1012,SHAHKOT,IND,0,Not Given,"Rs 83,27,010 ~ 83 Lacs+",Rs 0 ~
16,567,Ajay Kumar,https://myneta.info/pb2012/candidate.php?candidate_id=567,KHEM KARAN,IND,0,12th Pass,"Rs 5,54,910 ~ 5 Lacs+",Rs 0 ~
17,697,Ajay Nayyar,https://myneta.info/pb2012/candidate.php?candidate_id=697,LUDHIANA CENTRAL,IND,0,12th Pass,"Rs 67,13,081 ~ 67 Lacs+","Rs 7,00,000 ~ 7 Lacs+"
18,953,Ajay Singh,https://myneta.info/pb2012/candidate.php?candidate_id=953,PATIALA RURAL,NCP,0,Graduate Professional,https://myneta.info/image_v2.php?myneta_folder=pb2012&candidate_id=953&col=ta,https://myneta.info/image_v2.php?myneta_folder=pb2012&candidate_id=953&col=lia
19,1000,Ajinderpal Singh,https://myneta.info/pb2012/candidate.php?candidate_id=1000,SHUTRANA (SC),IND,0,Graduate Professional,"Rs 1,26,33,610 ~ 1 Crore+","Rs 2,00,000 ~ 2 Lacs+"
20,226,Ajit Inder Singh,https://myneta.info/pb2012/candidate.php?candidate_id=226,SARDULGARH,INC,0,12th Pass,"Rs 3,34,39,728 ~ 3 Crore+","Rs 77,408 ~ 77 Thou+"
21,630,Ajit Kumar,https://myneta.info/pb2012/candidate.php?candidate_id=630,FATEHGARH SAHIB,IND,0,10th Pass,"Rs 1,00,20,000 ~ 1 Crore+","Rs 21,50,000 ~ 21 Lacs+"
22,173,Ajit Kumar Narang,https://myneta.info/pb2012/candidate.php?candidate_id=173,MUKERIAN,INC,0,Graduate,"Rs 12,71,20,203 ~ 12 Crore+","Rs 5,49,80,564 ~ 5 Crore+"
23,591,Ajit Singh,https://myneta.info/pb2012/candidate.php?candidate_id=591,SULTANPUR LODHI,SAD(A)(Simranjit Singh Mann),0,Illiterate,"Rs 35,50,000 ~ 35 Lacs+",Rs 0 ~
24,428,Ajit Singh Bhaini,https://myneta.info/pb2012/candidate.php?candidate_id=428,RUPNAGAR,BSP,0,10th Pass,"Rs 49,95,038 ~ 49 Lacs+",Rs 0 ~
25,273,Ajit Singh Chandu,https://myneta.info/pb2012/candidate.php?candidate_id=273,AMARGARH,PPOP,0,Post Graduate,"Rs 1,78,00,000 ~ 1 Crore+","Rs 9,00,000 ~ 9 Lacs+"
26,341,Ajit Singh Khurana,https://myneta.info/pb2012/candidate.php?candidate_id=341,ATAM NAGAR,PPOP,0,10th Pass,"Rs 4,53,44,942 ~ 4 Crore+","Rs 16,39,166 ~ 16 Lacs+"
27,60,Ajit Singh Kohar,https://myneta.info/pb2012/candidate.php?candidate_id=60,SHAHKOT,SAD,0,8th Pass,https://myneta.info/image_v2.php?myneta_folder=pb2012&candidate_id=60&col=ta,https://myneta.info/image_v2.php?myneta_folder=pb2012&candidate_id=60&col=lia
28,203,Ajit Singh Shant,https://myneta.info/pb2012/candidate.php?candidate_id=203,NIHAL SINGHWALA (SC),INC,0,Post Graduate,"Rs 49,24,475 ~ 49 Lacs+","Rs 5,28,128 ~ 5 Lacs+"
29,918,Alam,https://myneta.info/pb2012/candidate.php?candidate_id=918,MALERKOTLA,IND,0,Graduate Professional,"Rs 2,42,202 ~ 2 Lacs+",Rs 0 ~
30,813,Alwinder Singh,https://myneta.info/pb2012/candidate.php?candidate_id=813,MUKTSAR,IND,0,Not Given,Nil,Rs 0 ~
31,894,Amandeep,https://myneta.info/pb2012/candidate.php?candidate_id=894,SUNAM,IND,0,Graduate,"Rs 39,88,000 ~ 39 Lacs+","Rs 4,00,000 ~ 4 Lacs+"
32,895,Amandeep Singh,https://myneta.info/pb2012/candidate.php?candidate_id=895,SUNAM,IND,0,Graduate,"Rs 1,50,75,000 ~ 1 Crore+",Rs 0 ~
33,271,Amanpreet Singh Cheena,https://myneta.info/pb2012/candidate.php?candidate_id=271,RAJA SANSI,PPOP,0,Post Graduate,"Rs 78,51,360 ~ 78 Lacs+",Rs 0 ~
34,932,Amar Singh,https://myneta.info/pb2012/candidate.php?candidate_id=932,DHURI,LJP,0,10th Pass,"Rs 4,20,000 ~ 4 Lacs+",Rs 0 ~
35,253,Amardeep Singh Brar,https://myneta.info/pb2012/candidate.php?candidate_id=253,RUPNAGAR,PPOP,0,Post Graduate,"Rs 25,76,78,500 ~ 25 Crore+","Rs 2,00,70,225 ~ 2 Crore+"
36,244,Amarinder Singh,https://myneta.info/pb2012/candidate.php?candidate_id=244,PATIALA,INC,6,Graduate,https://myneta.info/image_v2.php?myneta_folder=pb2012&candidate_id=244&col=ta,https://myneta.info/image_v2.php?myneta_folder=pb2012&candidate_id=244&col=lia
37,348,Amarjeet Kaur,https://myneta.info/pb2012/candidate.php?candidate_id=348,JAITU (SC),PPOP,0,Not Given,"Rs 2,05,000 ~ 2 Lacs+",Rs 0 ~
38,761,Amarjeet Kaur,https://myneta.info/pb2012/candidate.php?candidate_id=761,JALALABAD ,IND,0,Not Given,"Rs 25,53,600 ~ 25 Lacs+",Rs 0 ~
39,877,Amarjeet Singh,https://myneta.info/pb2012/candidate.php?candidate_id=877,BUDHLADA (SC),SAD(A)(Simranjit Singh Mann),0,10th Pass,"Rs 4,65,323 ~ 4 Lacs+","Rs 21,000 ~ 21 Thou+"
40,304,Amarjeet Singh Madan,https://myneta.info/pb2012/candidate.php?candidate_id=304,LUDHIANA CENTRAL,PPOP,0,10th Pass,"Rs 29,10,000 ~ 29 Lacs+","Rs 1,15,660 ~ 1 Lacs+"
41,726,Amarjit Kaur,https://myneta.info/pb2012/candidate.php?candidate_id=726,NIHAL SINGHWALA (SC),IND,0,Literate,"Rs 23,25,000 ~ 23 Lacs+",Rs 0 ~
42,728,Amarjit Singh,https://myneta.info/pb2012/candidate.php?candidate_id=728,BHAGHA PURANA,IND,1,10th Pass,"Rs 3,18,28,295 ~ 3 Crore+",Rs 0 ~
43,497,Amarjit Singh,https://myneta.info/pb2012/candidate.php?candidate_id=497,BHOA (SC),BSP,0,10th Pass,"Rs 1,56,49,301 ~ 1 Crore+","Rs 55,00,000 ~ 55 Lacs+"
44,1058,Amarjit Singh,https://myneta.info/pb2012/candidate.php?candidate_id=1058,DASUYA,SAD(A)(Simranjit Singh Mann),0,12th Pass,"Rs 7,84,19,090 ~ 7 Crore+","Rs 88,61,066 ~ 88 Lacs+"
45,914,Amarjit Singh,https://myneta.info/pb2012/candidate.php?candidate_id=914,MEHAL KALAN (SC),SAD(A)(Simranjit Singh Mann),0,Illiterate,https://myneta.info/image_v2.php?myneta_folder=pb2012&candidate_id=914&col=ta,https://myneta.info/image_v2.php?myneta_folder=pb2012&candidate_id=914&col=lia
46,536,Amarjit Singh,https://myneta.info/pb2012/candidate.php?candidate_id=536,AJNALA ,IND,0,10th Pass,"Rs 22,40,000 ~ 22 Lacs+","Rs 2,00,000 ~ 2 Lacs+"
47,282,Amarjit Singh Aasal,https://myneta.info/pb2012/candidate.php?candidate_id=282,AMRITSAR WEST (SC),CPI,0,Post Graduate,"Rs 15,24,227 ~ 15 Lacs+",Rs 0 ~
48,164,Amarjit Singh Samra,https://myneta.info/pb2012/candidate.php?candidate_id=164,NAKODAR,INC,0,Graduate,"Rs 29,01,54,000 ~ 29 Crore+","Rs 25,76,000 ~ 25 Lacs+"
49,712,Amarjit Singh Sandhu,https://myneta.info/pb2012/candidate.php?candidate_id=712,GILL (SC),IND,0,10th Pass,"Rs 11,25,90,000 ~ 11 Crore+","Rs 7,70,00,000 ~ 7 Crore+"
50,84,Amarjit Singh Sidhu,https://myneta.info/pb2012/candidate.php?candidate_id=84,TALWANDI SABO,SAD,0,Post Graduate,"Rs 1,93,35,894 ~ 1 Crore+",Rs 0 ~
51,864,Amarjit Singh Sidhu,https://myneta.info/pb2012/candidate.php?candidate_id=864,TALWANDI SABO,IND,0,8th Pass,"Rs 1,04,80,000 ~ 1 Crore+",Rs 0 ~
52,360,Amarjit Singh Sodhi,https://myneta.info/pb2012/candidate.php?candidate_id=360,MUKERIAN,IND,0,10th Pass,"Rs 1,39,000 ~ 1 Lacs+",Rs 0 ~
53,433,Amarnath Singh,https://myneta.info/pb2012/candidate.php?candidate_id=433,BASSI PATHANA (SC),BSP,0,12th Pass,"Rs 6,55,000 ~ 6 Lacs+","Rs 1,30,000 ~ 1 Lacs+"
54,363,Amarpal Singh,https://myneta.info/pb2012/candidate.php?candidate_id=363,AJNALA ,SAD,0,12th Pass,https://myneta.info/image_v2.php?myneta_folder=pb2012&candidate_id=363&col=ta,https://myneta.info/image_v2.php?myneta_folder=pb2012&candidate_id=363&col=lia
55,846,Ami Lal Balahar Mehma,https://myneta.info/pb2012/candidate.php?candidate_id=846,BHUCHO MANDI (SC),CPI(ML)(L),0,8th Pass,"Rs 1,50,132 ~ 1 Lacs+","Rs 23,000 ~ 23 Thou+"
56,909,Amir Singh,https://myneta.info/pb2012/candidate.php?candidate_id=909,BARNALA,IND,0,5th Pass,"Rs 2,71,000 ~ 2 Lacs+",Rs 0 ~
57,799,Amit Kumar,https://myneta.info/pb2012/candidate.php?candidate_id=799,GIDDERBAHA,IND,0,Post Graduate,"Rs 45,93,979 ~ 45 Lacs+","Rs 5,00,000 ~ 5 Lacs+"
58,677,Amit Kumar,https://myneta.info/pb2012/candidate.php?candidate_id=677,LUDHIANA SOUTH,IND,0,12th Pass,"Rs 58,872 ~ 58 Thou+",Rs 0 ~
59,1087,Amrik Kataria,https://myneta.info/pb2012/candidate.php?candidate_id=1087,BANGA (SC),IND,0,10th Pass,"Rs 1,55,000 ~ 1 Lacs+",Rs 0 ~
60,533,Amrik Singh,https://myneta.info/pb2012/candidate.php?candidate_id=533,AJNALA ,SAD(A)(Simranjit Singh Mann),0,5th Pass,"Rs 7,50,600 ~ 7 Lacs+",Rs 0 ~
61,923,Amrik Singh,https://myneta.info/pb2012/candidate.php?candidate_id=923,AMARGARH,SAD(A)(Simranjit Singh Mann),0,10th Pass,"Rs 6,73,500 ~ 6 Lacs+",Rs 0 ~
62,686,Amrik Singh,https://myneta.info/pb2012/candidate.php?candidate_id=686,ATAM NAGAR,IND,0,10th Pass,"Rs 22,64,500 ~ 22 Lacs+",Rs 0 ~
63,676,Amrik Singh,https://myneta.info/pb2012/candidate.php?candidate_id=676,LUDHIANA SOUTH,IND,0,8th Pass,https://myneta.info/image_v2.php?myneta_folder=pb2012&candidate_id=676&col=ta,https://myneta.info/image_v2.php?myneta_folder=pb2012&candidate_id=676&col=lia
64,136,Amrik Singh,https://myneta.info/pb2012/candidate.php?candidate_id=136,SAMRALA,INC,1,10th Pass,"Rs 16,64,72,182 ~ 16 Crore+","Rs 1,38,38,497 ~ 1 Crore+"
65,1023,Amrik Singh,https://myneta.info/pb2012/candidate.php?candidate_id=1023,NAKODAR,IND,0,12th Pass,"Rs 7,82,000 ~ 7 Lacs+",Rs 0 ~
66,762,Amrinder Singh,https://myneta.info/pb2012/candidate.php?candidate_id=762,JALALABAD ,IND,0,Graduate,"Rs 88,77,000 ~ 88 Lacs+","Rs 3,90,000 ~ 3 Lacs+"
67,217,Amrinder Singh Raja Warring,https://myneta.info/pb2012/candidate.php?candidate_id=217,GIDDERBAHA,INC,0,10th Pass,"Rs 7,11,55,466 ~ 7 Crore+","Rs 14,55,695 ~ 14 Lacs+"
68,5,Anil Joshi,https://myneta.info/pb2012/candidate.php?candidate_id=5,AMRITSAR NORTH ,BJP,0,12th Pass,"Rs 1,32,28,421 ~ 1 Crore+",Rs 0 ~
69,374,Anmol Singh,https://myneta.info/pb2012/candidate.php?candidate_id=374,SHAM CHAURASI (SC),PPOP,0,12th Pass,"Rs 6,57,333 ~ 6 Lacs+",Rs 0 ~
70,736,Arjan Singh,https://myneta.info/pb2012/candidate.php?candidate_id=736,DHARAMKOT,Mool Bharati (S) Party,0,Not Given,"Rs 9,20,104 ~ 9 Lacs+",Rs 0 ~
71,430,Arjan Singh,https://myneta.info/pb2012/candidate.php?candidate_id=430,KHARAR,BSP,5,Graduate,"Rs 23,34,81,568 ~ 23 Crore+","Rs 88,12,084 ~ 88 Lacs+"
72,678,Arjan Singh Cheema,https://myneta.info/pb2012/candidate.php?candidate_id=678,LUDHIANA SOUTH,IND,0,10th Pass,https://myneta.info/image_v2.php?myneta_folder=pb2012&candidate_id=678&col=ta,https://myneta.info/image_v2.php?myneta_folder=pb2012&candidate_id=678&col=lia
73,743,Arozepal Singh Sandhu,https://myneta.info/pb2012/candidate.php?candidate_id=743,FIROZPUR CITY,IND,0,Graduate,"Rs 5,82,99,000 ~ 5 Crore+","Rs 97,97,000 ~ 97 Lacs+"
74,773,Arun,https://myneta.info/pb2012/candidate.php?candidate_id=773,FAZILKA,IND,0,12th Pass,"Rs 1,15,71,000 ~ 1 Crore+",Rs 0 ~
75,994,Arun Chopra,https://myneta.info/pb2012/candidate.php?candidate_id=994,SAMANA,BRSP,0,Graduate,"Rs 18,95,000 ~ 18 Lacs+",Rs 0 ~
76,688,Arun Kumar,https://myneta.info/pb2012/candidate.php?candidate_id=688,ATAM NAGAR,IND,0,5th Pass,"Rs 2,32,126 ~ 2 Lacs+",Rs 0 ~
77,128,Aruna Chaudhary,https://myneta.info/pb2012/candidate.php?candidate_id=128,DINA NAGAR (SC),INC,0,Graduate Professional,"Rs 4,90,35,188 ~ 4 Crore+","Rs 24,65,535 ~ 24 Lacs+"
78,990,Arvind,https://myneta.info/pb2012/candidate.php?candidate_id=990,PATIALA,IND,0,8th Pass,"Rs 6,85,000 ~ 6 Lacs+",Rs 0 ~
79,233,Arvind Khanna,https://myneta.info/pb2012/candidate.php?candidate_id=233,DHURI,INC,1,Graduate,"Rs 45,73,29,117 ~ 45 Crore+","Rs 20,41,84,839 ~ 20 Crore+"
80,937,Arvind Kumar Gupta,https://myneta.info/pb2012/candidate.php?candidate_id=937,SANGRUR,IND,0,Not Given,"Rs 13,20,000 ~ 13 Lacs+",Rs 0 ~
81,687,Arvinder Singh Dhanjal,https://myneta.info/pb2012/candidate.php?candidate_id=687,ATAM NAGAR,IND,0,10th Pass,https://myneta.info/image_v2.php?myneta_folder=pb2012&candidate_id=687&col=ta,https://myneta.info/image_v2.php?myneta_folder=pb2012&candidate_id=687&col=lia
82,74,Arvinder Singh Rasoolpur,https://myneta.info/pb2012/candidate.php?candidate_id=74,URMAR,SAD,1,8th Pass,"Rs 8,13,31,220 ~ 8 Crore+","Rs 1,81,000 ~ 1 Lacs+"
83,1042,Ashish Kumar,https://myneta.info/pb2012/candidate.php?candidate_id=1042,JALANDHAR CENTRAL,SHS,0,Graduate,"Rs 30,000 ~ 30 Thou+",Rs 0 ~
84,600,Ashok Kumar,https://myneta.info/pb2012/candidate.php?candidate_id=600,PHAGWARA (SC),IND,0,12th Pass,"Rs 34,57,719 ~ 34 Lacs+","Rs 2,80,932 ~ 2 Lacs+"
85,812,Ashok Kumar,https://myneta.info/pb2012/candidate.php?candidate_id=812,MUKTSAR,IND,0,10th Pass,"Rs 1,08,80,951 ~ 1 Crore+",Rs 0 ~
86,193,Ashok Prashar,https://myneta.info/pb2012/candidate.php?candidate_id=193,LUDHIANA SOUTH,INC,0,8th Pass,"Rs 1,82,19,256 ~ 1 Crore+","Rs 9,67,530 ~ 9 Lacs+"
87,511,Ashok Sharma,https://myneta.info/pb2012/candidate.php?candidate_id=511,PATHANKOT,IND,0,Graduate Professional,"Rs 54,47,757 ~ 54 Lacs+","Rs 7,05,555 ~ 7 Lacs+"
88,732,Ashwani Kumar,https://myneta.info/pb2012/candidate.php?candidate_id=732,MOGA,SHS,0,10th Pass,"Rs 28,65,000 ~ 28 Lacs+",Rs 0 ~
89,365,Ashwani Sekhri,https://myneta.info/pb2012/candidate.php?candidate_id=365,BATALA,INC,0,Graduate Professional,"Rs 6,73,93,077 ~ 6 Crore+","Rs 5,12,83,746 ~ 5 Crore+"
90,3,Ashwani Sharma,https://myneta.info/pb2012/candidate.php?candidate_id=3,PATHANKOT,BJP,0,Graduate,https://myneta.info/image_v2.php?myneta_folder=pb2012&candidate_id=3&col=ta,https://myneta.info/image_v2.php?myneta_folder=pb2012&candidate_id=3&col=lia
91,486,Atma Singh,https://myneta.info/pb2012/candidate.php?candidate_id=486,MEHAL KALAN (SC),BSP,0,10th Pass,"Rs 1,15,48,000 ~ 1 Crore+","Rs 5,50,000 ~ 5 Lacs+"
92,116,Avinash Chander,https://myneta.info/pb2012/candidate.php?candidate_id=116,PHILLAUR (SC),SAD,0,Graduate,"Rs 3,35,58,000 ~ 3 Crore+","Rs 71,52,000 ~ 71 Lacs+"
93,170,Avtar Henry,https://myneta.info/pb2012/candidate.php?candidate_id=170,JALANDHAR NORTH,INC,0,12th Pass,"Rs 16,19,51,443 ~ 16 Crore+",Rs 0 ~
94,985,Avtar Singh,https://myneta.info/pb2012/candidate.php?candidate_id=985,SANOUR,IND,0,12th Pass,"Rs 47,000 ~ 47 Thou+",Rs 0 ~
95,749,Avtar Singh,https://myneta.info/pb2012/candidate.php?candidate_id=749,FIROZPUR RURAL (SC),LJP,0,10th Pass,"Rs 20,000 ~ 20 Thou+",Rs 0 ~
96,722,Avtar Singh,https://myneta.info/pb2012/candidate.php?candidate_id=722,JAGRAON (SC),IND,0,10th Pass,"Rs 2,33,000 ~ 2 Lacs+","Rs 2,33,000 ~ 2 Lacs+"
97,1007,Avtar Singh,https://myneta.info/pb2012/candidate.php?candidate_id=1007,URMAR,SAD(A)(Simranjit Singh Mann),0,10th Pass,"Rs 2,05,43,520 ~ 2 Crore+","Rs 63,05,078 ~ 63 Lacs+"
98,220,Avtar Singh Brar,https://myneta.info/pb2012/candidate.php?candidate_id=220,FARIDKOT,INC,0,10th Pass,"Rs 3,35,24,500 ~ 3 Crore+","Rs 64,97,315 ~ 64 Lacs+"
99,817,Avtar Singh S/o Bachitar Singh,https://myneta.info/pb2012/candidate.php?candidate_id=817,FARIDKOT,IND,0,10th Pass,https://myneta.info/image_v2.php?myneta_folder=pb2012&candidate_id=817&col=ta,https://myneta.info/image_v2.php?myneta_folder=pb2012&candidate_id=817&col=lia
100,816,Avtar Singh S/o Harjinder Singh,https://myneta.info/pb2012/candidate.php?candidate_id=816,FARIDKOT,IND,0,Post Graduate,"Rs 36,04,163 ~ 36 Lacs+",Rs 0 ~
101,585,Baba Balkar Singh,https://myneta.info/pb2012/candidate.php?candidate_id=585,BHOLATH,BGTD,0,Post Graduate,"Rs 34,16,25,000 ~ 34 Crore+","Rs 38,00,000 ~ 38 Lacs+"
102,319,Baba Rajinder Singh Johal,https://myneta.info/pb2012/candidate.php?candidate_id=319,JALANDHAR CANTT. ,PPOP,0,Graduate,"Rs 1,39,65,000 ~ 1 Crore+","Rs 31,25,000 ~ 31 Lacs+"
103,727,Babu Sing,https://myneta.info/pb2012/candidate.php?candidate_id=727,NIHAL SINGHWALA (SC),IND,0,12th Pass,"Rs 51,33,615 ~ 51 Lacs+","Rs 3,56,569 ~ 3 Lacs+"
104,414,Bachan Lal,https://myneta.info/pb2012/candidate.php?candidate_id=414,JALANDHAR WEST (SC),BSP,0,Graduate Professional,"Rs 22,14,000 ~ 22 Lacs+",Rs 0 ~
105,480,Bagga Singh,https://myneta.info/pb2012/candidate.php?candidate_id=480,BUDHLADA (SC),BSP,0,Others,"Rs 6,76,100 ~ 6 Lacs+","Rs 40,000 ~ 40 Thou+"
106,769,Bakhshish Singh,https://myneta.info/pb2012/candidate.php?candidate_id=769,JALALABAD ,IND,0,Graduate Professional,"Rs 50,34,708 ~ 50 Lacs+",Rs 0 ~
107,555,Bal Krishan,https://myneta.info/pb2012/candidate.php?candidate_id=555,AMRITSAR NORTH ,BCP,0,10th Pass,"Rs 1,26,72,000 ~ 1 Crore+",Rs 0 ~
108,539,Balbir Kaur,https://myneta.info/pb2012/candidate.php?candidate_id=539,RAJA SANSI,RBCP,0,5th Pass,https://myneta.info/image_v2.php?myneta_folder=pb2012&candidate_id=539&col=ta,https://myneta.info/image_v2.php?myneta_folder=pb2012&candidate_id=539&col=lia
109,162,Balbir Kumar Sodhi,https://myneta.info/pb2012/candidate.php?candidate_id=162,PHAGWARA (SC),INC,0,12th Pass,"Rs 3,00,36,328 ~ 3 Crore+","Rs 13,42,270 ~ 13 Lacs+"
110,883,Balbir Ram,https://myneta.info/pb2012/candidate.php?candidate_id=883,LEHRA,IND,0,10th Pass,"Rs 60,000 ~ 60 Thou+","Rs 25,000 ~ 25 Thou+"
111,770,Balbir Singh,https://myneta.info/pb2012/candidate.php?candidate_id=770,JALALABAD ,IND,0,8th Pass,"Rs 11,26,926 ~ 11 Lacs+",Rs 0 ~
112,562,Balbir Singh,https://myneta.info/pb2012/candidate.php?candidate_id=562,TARN TARAN,BSP(A),0,Not Given,"Rs 25,000 ~ 25 Thou+",Rs 0 ~
113,471,Balbir Singh,https://myneta.info/pb2012/candidate.php?candidate_id=471,JAITU (SC),BSP,0,10th Pass,"Rs 30,207 ~ 30 Thou+","Rs 31,630 ~ 31 Thou+"
114,1084,Baldev Bhardwaj,https://myneta.info/pb2012/candidate.php?candidate_id=1084,AMRITSAR CENTRAL ,IND,0,Literate,"Rs 10,69,000 ~ 10 Lacs+",Rs 0 ~
115,797,Baldev Singh,https://myneta.info/pb2012/candidate.php?candidate_id=797,GIDDERBAHA,SAD(A)(Simranjit Singh Mann),0,10th Pass,"Rs 10,02,500 ~ 10 Lacs+","Rs 1,40,000 ~ 1 Lacs+"
116,410,Baldev Singh,https://myneta.info/pb2012/candidate.php?candidate_id=410,PHILLAUR (SC),BSP,1,Graduate,"Rs 1,96,01,100 ~ 1 Crore+","Rs 2,00,000 ~ 2 Lacs+"
117,809,Baldev Singh,https://myneta.info/pb2012/candidate.php?candidate_id=809,MALOUT (SC),IND,1,Not Given,https://myneta.info/image_v2.php?myneta_folder=pb2012&candidate_id=809&col=ta,https://myneta.info/image_v2.php?myneta_folder=pb2012&candidate_id=809&col=lia
118,453,Baldev Singh,https://myneta.info/pb2012/candidate.php?candidate_id=453,RAIKOT (SC),BSP,0,Post Graduate,"Rs 66,59,326 ~ 66 Lacs+","Rs 2,03,402 ~ 2 Lacs+"
119,437,Baldev Singh,https://myneta.info/pb2012/candidate.php?candidate_id=437,SAMRALA,BSP,0,Illiterate,"Rs 91,00,000 ~ 91 Lacs+","Rs 3,00,000 ~ 3 Lacs+"
120,720,Baldev Singh,https://myneta.info/pb2012/candidate.php?candidate_id=720,RAIKOT (SC),IND,0,Post Graduate,"Rs 66,59,326 ~ 66 Lacs+","Rs 2,03,402 ~ 2 Lacs+"
121,441,Baldev Singh Deebu,https://myneta.info/pb2012/candidate.php?candidate_id=441,ATAM NAGAR,BSP,1,8th Pass,"Rs 25,61,443 ~ 25 Lacs+","Rs 4,01,400 ~ 4 Lacs+"
122,287,Baldev Singh Mann,https://myneta.info/pb2012/candidate.php?candidate_id=287,SANGRUR,PPOP,0,12th Pass,"Rs 2,10,31,900 ~ 2 Crore+","Rs 66,31,398 ~ 66 Lacs+"
123,493,Baldev Singh Mehra,https://myneta.info/pb2012/candidate.php?candidate_id=493,GHANAUR,BSP,0,8th Pass,"Rs 5,41,000 ~ 5 Lacs+",Rs 0 ~
124,489,Baljeet Kaur,https://myneta.info/pb2012/candidate.php?candidate_id=489,DHURI,BSP,0,5th Pass,"Rs 10,85,000 ~ 10 Lacs+",Rs 0 ~
125,640,Baljit Singh,https://myneta.info/pb2012/candidate.php?candidate_id=640,AMLOH,IND,0,Others,"Rs 10,88,837 ~ 10 Lacs+",Rs 0 ~
126,665,Baljit Singh,https://myneta.info/pb2012/candidate.php?candidate_id=665,LUDHIANA EAST,Akhil Bharatiya Shivsena Rashtrawadi,0,Not Given,https://myneta.info/image_v2.php?myneta_folder=pb2012&candidate_id=665&col=ta,https://myneta.info/image_v2.php?myneta_folder=pb2012&candidate_id=665&col=lia
127,583,Baljit Singh Bhatti,https://myneta.info/pb2012/candidate.php?candidate_id=583,BABA BAKALA (SC),IND,0,12th Pass,"Rs 5,57,000 ~ 5 Lacs+",Rs 0 ~
128,62,Baljit Singh Jalal Usman,https://myneta.info/pb2012/candidate.php?candidate_id=62,JANDIALA (SC),SAD,0,10th Pass,"Rs 49,27,500 ~ 49 Lacs+",Rs 0 ~
129,608,Balkar Ram,https://myneta.info/pb2012/candidate.php?candidate_id=608,PHILLAUR (SC),IND,0,5th Pass,"Rs 1,20,000 ~ 1 Lacs+",Rs 0 ~
130,800,Balkar Singh,https://myneta.info/pb2012/candidate.php?candidate_id=800,GIDDERBAHA,IND,0,10th Pass,"Rs 1,75,46,000 ~ 1 Crore+","Rs 9,00,000 ~ 9 Lacs+"
131,759,Balraj Singh,https://myneta.info/pb2012/candidate.php?candidate_id=759,GURU HAR SAHAI ,IND,0,10th Pass,"Rs 1,75,62,957 ~ 1 Crore+","Rs 1,50,000 ~ 1 Lacs+"
132,682,Balvinder Singh,https://myneta.info/pb2012/candidate.php?candidate_id=682,LUDHIANA SOUTH,IND,1,Graduate,"Rs 5,73,83,089 ~ 5 Crore+",Rs 0 ~
133,127,Balvir Singh,https://myneta.info/pb2012/candidate.php?candidate_id=127,DIRBA (SC),SAD,0,5th Pass,"Rs 1,14,42,387 ~ 1 Crore+","Rs 9,39,882 ~ 9 Lacs+"
134,450,Balvir Singh,https://myneta.info/pb2012/candidate.php?candidate_id=450,GILL (SC),BSP,0,10th Pass,"Rs 8,10,000 ~ 8 Lacs+",Rs 0 ~
135,239,Balwant Singh,https://myneta.info/pb2012/candidate.php?candidate_id=239,NABHA (SC),SAD,0,10th Pass,https://myneta.info/image_v2.php?myneta_folder=pb2012&candidate_id=239&col=ta,https://myneta.info/image_v2.php?myneta_folder=pb2012&candidate_id=239&col=lia
136,927,Balwant Singh,https://myneta.info/pb2012/candidate.php?candidate_id=927,AMARGARH,IND,0,10th Pass,"Rs 5,60,000 ~ 5 Lacs+",Rs 0 ~
137,731,Balwant Singh Brar Sheran Wale  Sardar,https://myneta.info/pb2012/candidate.php?candidate_id=731,BHAGHA PURANA,IND,0,Not Given,"Rs 1,80,000 ~ 1 Lacs+",Rs 0 ~
138,188,Balwant Singh Ramuwalia,https://myneta.info/pb2012/candidate.php?candidate_id=188,S.A.S. NAGAR,SAD,0,Post Graduate,"Rs 5,53,78,865 ~ 5 Crore+",Rs 0 ~
139,593,Balwant Singh Sultanpuri,https://myneta.info/pb2012/candidate.php?candidate_id=593,SULTANPUR LODHI,BSP(A),0,8th Pass,"Rs 53,000 ~ 53 Thou+",Rs 0 ~
140,970,Balwinder Kaur Cheema,https://myneta.info/pb2012/candidate.php?candidate_id=970,RAJPURA,IND,0,10th Pass,"Rs 1,30,08,292 ~ 1 Crore+","Rs 6,08,454 ~ 6 Lacs+"
141,1035,Balwinder Kumar,https://myneta.info/pb2012/candidate.php?candidate_id=1035,JALANDHAR WEST (SC),LJP,0,10th Pass,"Rs 2,05,000 ~ 2 Lacs+",Rs 0 ~
142,882,Balwinder Singh,https://myneta.info/pb2012/candidate.php?candidate_id=882,LEHRA,IND,0,5th Pass,"Rs 1,00,000 ~ 1 Lacs+",Rs 0 ~
143,330,Balwinder Singh,https://myneta.info/pb2012/candidate.php?candidate_id=330,KHADOOR SAHIB,PPOP,0,10th Pass,"Rs 62,65,000 ~ 62 Lacs+","Rs 12,00,000 ~ 12 Lacs+"
144,814,Balwinder Singh,https://myneta.info/pb2012/candidate.php?candidate_id=814,MUKTSAR,IND,1,8th Pass,https://myneta.info/image_v2.php?myneta_folder=pb2012&candidate_id=814&col=ta,https://myneta.info/image_v2.php?myneta_folder=pb2012&candidate_id=814&col=lia
145,981,Balwinder Singh,https://myneta.info/pb2012/candidate.php?candidate_id=981,GHANAUR,IND,1,Graduate,"Rs 13,98,73,199 ~ 13 Crore+","Rs 68,89,800 ~ 68 Lacs+"
146,138,Balwinder Singh,https://myneta.info/pb2012/candidate.php?candidate_id=138,SRI HARGOBINDPUR (SC),INC,0,10th Pass,"Rs 99,19,982 ~ 99 Lacs+","Rs 14,87,780 ~ 14 Lacs+"
147,681,Balwinder Singh,https://myneta.info/pb2012/candidate.php?candidate_id=681,LUDHIANA SOUTH,IND,0,12th Pass,"Rs 32,55,542 ~ 32 Lacs+",Rs 0 ~
148,284,Balwinder Singh,https://myneta.info/pb2012/candidate.php?candidate_id=284,MAJITHA,CPI,0,10th Pass,"Rs 1,28,77,932 ~ 1 Crore+",Rs 0 ~
149,570,Balwinder Singh,https://myneta.info/pb2012/candidate.php?candidate_id=570,KHEM KARAN,IND,0,10th Pass,"Rs 31,86,000 ~ 31 Lacs+",Rs 0 ~
150,482,Bant Singh,https://myneta.info/pb2012/candidate.php?candidate_id=482,DIRBA (SC),BSP,0,5th Pass,"Rs 56,000 ~ 56 Thou+",Rs 0 ~
151,383,Banwari Lal,https://myneta.info/pb2012/candidate.php?candidate_id=383,FATEHGARH CHURIAN,BSP,0,10th Pass,"Rs 50,77,000 ~ 50 Lacs+",Rs 0 ~
152,653,Barjinder Singh,https://myneta.info/pb2012/candidate.php?candidate_id=653,SAHNEWAL,NCP,0,Not Given,"Rs 15,42,667 ~ 15 Lacs+","Rs 3,68,000 ~ 3 Lacs+"
153,478,Bhagwan Singh,https://myneta.info/pb2012/candidate.php?candidate_id=478,MANSA,BSP,0,10th Pass,https://myneta.info/image_v2.php?myneta_folder=pb2012&candidate_id=478&col=ta,https://myneta.info/image_v2.php?myneta_folder=pb2012&candidate_id=478&col=lia
154,369,Bhagwant Mann,https://myneta.info/pb2012/candidate.php?candidate_id=369,LEHRA,PPOP,0,12th Pass,"Rs 1,55,61,818 ~ 1 Crore+",Rs 0 ~
155,878,Bhagwant Singh,https://myneta.info/pb2012/candidate.php?candidate_id=878,BUDHLADA (SC),CPI(ML)(L),1,8th Pass,"Rs 7,160 ~ 7 Thou+","Rs 15,000 ~ 15 Thou+"
156,261,Bhagwant Singh Baltana,https://myneta.info/pb2012/candidate.php?candidate_id=261,DERA BASSI,PPOP,0,Graduate,"Rs 3,37,20,655 ~ 3 Crore+",Rs 0 ~
157,1022,Bhajan Chand,https://myneta.info/pb2012/candidate.php?candidate_id=1022,NAKODAR,BSP(A),0,10th Pass,"Rs 4,06,000 ~ 4 Lacs+","Rs 2,25,000 ~ 2 Lacs+"
158,396,Bhajan Singh,https://myneta.info/pb2012/candidate.php?candidate_id=396,ATTARI (SC),BSP,0,5th Pass,"Rs 5,36,000 ~ 5 Lacs+","Rs 50,000 ~ 50 Thou+"
159,751,Bhajan Singh @ Harbajan Singh,https://myneta.info/pb2012/candidate.php?candidate_id=751,FIROZPUR RURAL (SC),All India Kisan Mazdoor Morcha,0,10th Pass,"Rs 4,81,000 ~ 4 Lacs+",Rs 0 ~
160,646,Bhalinder Singh,https://myneta.info/pb2012/candidate.php?candidate_id=646,KHANNA,IND,0,Graduate Professional,"Rs 2,57,60,104 ~ 2 Crore+","Rs 15,29,653 ~ 15 Lacs+"
161,941,Bhan Singh,https://myneta.info/pb2012/candidate.php?candidate_id=941,NABHA (SC),SAD(A)(Simranjit Singh Mann),0,Not Given,"Rs 38,62,625 ~ 38 Lacs+","Rs 9,01,595 ~ 9 Lacs+"
162,777,Bharat Bhushan,https://myneta.info/pb2012/candidate.php?candidate_id=777,FAZILKA,IND,0,Graduate,https://myneta.info/image_v2.php?myneta_folder=pb2012&candidate_id=777&col=ta,https://myneta.info/image_v2.php?myneta_folder=pb2012&candidate_id=777&col=lia
163,196,Bharat Bhushan,https://myneta.info/pb2012/candidate.php?candidate_id=196,LUDHIANA WEST,INC,0,Graduate,"Rs 7,08,58,639 ~ 7 Crore+","Rs 10,90,031 ~ 10 Lacs+"
164,551,Bharpur Singh Mehnia,https://myneta.info/pb2012/candidate.php?candidate_id=551,JANDIALA (SC),IND,0,12th Pass,"Rs 1,18,53,918 ~ 1 Crore+",Rs 0 ~
165,891,Bhola Singh,https://myneta.info/pb2012/candidate.php?candidate_id=891,DIRBA (SC),IND,0,Not Given,"Rs 9,66,000 ~ 9 Lacs+",Rs 0 ~
166,1061,Bhupinder Mann,https://myneta.info/pb2012/candidate.php?candidate_id=1061,BALACHAUR,IND,0,12th Pass,"Rs 7,62,500 ~ 7 Lacs+","Rs 67,500 ~ 67 Thou+"
167,322,Bhupinder Singh,https://myneta.info/pb2012/candidate.php?candidate_id=322,FARIDKOT,PPOP,0,12th Pass,"Rs 48,00,000 ~ 48 Lacs+",Rs 0 ~
168,258,Bhupinder Singh Ghuman,https://myneta.info/pb2012/candidate.php?candidate_id=258,DASUYA,PPOP,0,Graduate Professional,"Rs 4,78,84,180 ~ 4 Crore+","Rs 9,50,250 ~ 9 Lacs+"
169,88,Bibi Harpreet Kaur Mukhmailpur,https://myneta.info/pb2012/candidate.php?candidate_id=88,GHANAUR,SAD,0,12th Pass,"Rs 6,28,61,811 ~ 6 Crore+","Rs 12,00,000 ~ 12 Lacs+"
170,55,Bibi Jagir Kaur,https://myneta.info/pb2012/candidate.php?candidate_id=55,BHOLATH,SAD,1,Graduate Professional,"Rs 13,42,75,792 ~ 13 Crore+","Rs 14,38,880 ~ 14 Lacs+"
171,87,Bibi Kuldeep Kaur Tohra,https://myneta.info/pb2012/candidate.php?candidate_id=87,PATIALA RURAL,SAD,0,10th Pass,https://myneta.info/image_v2.php?myneta_folder=pb2012&candidate_id=87&col=ta,https://myneta.info/image_v2.php?myneta_folder=pb2012&candidate_id=87&col=lia
172,61,Bibi Mohinder Kaur Josh,https://myneta.info/pb2012/candidate.php?candidate_id=61,SHAM CHAURASI (SC),SAD,0,10th Pass,"Rs 3,38,55,300 ~ 3 Crore+",Rs 0 ~
173,256,Bibi Ranjit Kaur,https://myneta.info/pb2012/candidate.php?candidate_id=256,BUDHLADA (SC),PPOP,0,5th Pass,"Rs 31,06,261 ~ 31 Lacs+","Rs 8,32,000 ~ 8 Lacs+"
174,97,Bibi Vaninder Kaur Loomba,https://myneta.info/pb2012/candidate.php?candidate_id=97,SHUTRANA (SC),SAD,0,Post Graduate,"Rs 9,59,32,594 ~ 9 Crore+","Rs 1,31,16,500 ~ 1 Crore+"
175,547,Bikram Singh,https://myneta.info/pb2012/candidate.php?candidate_id=547,MAJITHA,IND,0,Graduate,"Rs 5,40,48,867 ~ 5 Crore+","Rs 70,00,000 ~ 70 Lacs+"
176,46,Bikram Singh Majitha,https://myneta.info/pb2012/candidate.php?candidate_id=46,MAJITHA,SAD,1,Graduate,"Rs 11,21,18,806 ~ 11 Crore+","Rs 65,00,000 ~ 65 Lacs+"
177,952,Bikramjit Singh,https://myneta.info/pb2012/candidate.php?candidate_id=952,RUPNAGAR,IND,0,12th Pass,"Rs 1,00,70,000 ~ 1 Crore+",Rs 0 ~
178,115,Bikramjit Singh Khalsa,https://myneta.info/pb2012/candidate.php?candidate_id=115,RAIKOT (SC),SAD,0,Graduate Professional,"Rs 5,72,89,879 ~ 5 Crore+","Rs 2,00,000 ~ 2 Lacs+"
179,997,Binder Kaur,https://myneta.info/pb2012/candidate.php?candidate_id=997,SAMANA,IND,0,Not Given,"Rs 1,50,500 ~ 1 Lacs+",Rs 0 ~
180,355,Bir Devinder Singh Sarao,https://myneta.info/pb2012/candidate.php?candidate_id=355,S.A.S. NAGAR,PPOP,0,Post Graduate,https://myneta.info/image_v2.php?myneta_folder=pb2012&candidate_id=355&col=ta,https://myneta.info/image_v2.php?myneta_folder=pb2012&candidate_id=355&col=lia
181,4,Bishan Das Dhupad,https://myneta.info/pb2012/candidate.php?candidate_id=4,DINA NAGAR (SC),BJP,0,Post Graduate,"Rs 3,40,55,744 ~ 3 Crore+","Rs 78,75,000 ~ 78 Lacs+"
182,884,Bittu,https://myneta.info/pb2012/candidate.php?candidate_id=884,LEHRA,IND,0,10th Pass,"Rs 25,000 ~ 25 Thou+",Rs 0 ~
183,701,Bobby,https://myneta.info/pb2012/candidate.php?candidate_id=701,LUDHIANA CENTRAL,IND,0,8th Pass,"Rs 87,796 ~ 87 Thou+",Rs 0 ~
184,825,Bohar Singh,https://myneta.info/pb2012/candidate.php?candidate_id=825,KOTKAPURA,LJP,3,Graduate,"Rs 2,35,000 ~ 2 Lacs+","Rs 1,00,000 ~ 1 Lacs+"
185,741,Bohar Singh,https://myneta.info/pb2012/candidate.php?candidate_id=741,FIROZPUR CITY,SAD(A)(Simranjit Singh Mann),0,5th Pass,"Rs 1,36,10,000 ~ 1 Crore+",Rs 0 ~
186,822,Bohar Singh,https://myneta.info/pb2012/candidate.php?candidate_id=822,FARIDKOT,IND,0,5th Pass,"Rs 30,400 ~ 30 Thou+",Rs 0 ~
187,496,Braham Parkash,https://myneta.info/pb2012/candidate.php?candidate_id=496,SHUTRANA (SC),BSP,0,8th Pass,"Rs 1,35,55,000 ~ 1 Crore+",Rs 0 ~
188,372,Brahm Mohindra,https://myneta.info/pb2012/candidate.php?candidate_id=372,PATIALA RURAL,INC,0,Graduate,"Rs 6,49,11,972 ~ 6 Crore+",Rs 0 ~
189,568,Chaman Lal,https://myneta.info/pb2012/candidate.php?candidate_id=568,KHEM KARAN,IND,0,10th Pass,https://myneta.info/image_v2.php?myneta_folder=pb2012&candidate_id=568&col=ta,https://myneta.info/image_v2.php?myneta_folder=pb2012&candidate_id=568&col=lia
190,958,Chand Singh,https://myneta.info/pb2012/candidate.php?candidate_id=958,PATIALA RURAL,IND,0,8th Pass,"Rs 6,20,000 ~ 6 Lacs+","Rs 1,48,640 ~ 1 Lacs+"
191,959,Chander Shekhar,https://myneta.info/pb2012/candidate.php?candidate_id=959,PATIALA RURAL,IND,0,Graduate,"Rs 6,34,500 ~ 6 Lacs+",Rs 0 ~
192,1003,Charan Dass,https://myneta.info/pb2012/candidate.php?candidate_id=1003,SHUTRANA (SC),IND,0,8th Pass,"Rs 18,20,000 ~ 18 Lacs+",Rs 0 ~
193,714,Charan Dass,https://myneta.info/pb2012/candidate.php?candidate_id=714,GILL (SC),IND,1,Graduate,"Rs 57,10,000 ~ 57 Lacs+",Rs 0 ~
194,407,Charanjit,https://myneta.info/pb2012/candidate.php?candidate_id=407,KAPURTHALA,BSP,0,12th Pass,"Rs 2,01,716 ~ 2 Lacs+",Rs 0 ~
195,137,Charanjit Kaur,https://myneta.info/pb2012/candidate.php?candidate_id=137,QADIAN ,INC,0,Graduate,"Rs 17,92,62,101 ~ 17 Crore+",Rs 0 ~
196,38,Charanjit Singh,https://myneta.info/pb2012/candidate.php?candidate_id=38,CHAMKAUR SAHIB (SC),INC,0,Graduate Professional,"Rs 10,46,76,000 ~ 10 Crore+","Rs 44,34,000 ~ 44 Lacs+"
197,367,Charanjit Singh,https://myneta.info/pb2012/candidate.php?candidate_id=367,GURU HAR SAHAI ,CPI,0,Graduate Professional,"Rs 75,000 ~ 75 Thou+",Rs 0 ~
198,105,Charanjit Singh Atwal,https://myneta.info/pb2012/candidate.php?candidate_id=105,PAYAL (SC),SAD,0,Graduate Professional,https://myneta.info/image_v2.php?myneta_folder=pb2012&candidate_id=105&col=ta,https://myneta.info/image_v2.php?myneta_folder=pb2012&candidate_id=105&col=lia
199,349,Chaudhary Darshan Lal,https://myneta.info/pb2012/candidate.php?candidate_id=349,BALACHAUR,PPOP,0,10th Pass,"Rs 3,85,56,996 ~ 3 Crore+","Rs 52,82,888 ~ 52 Lacs+"
200,65,Chaudhary Nand Lal,https://myneta.info/pb2012/candidate.php?candidate_id=65,BALACHAUR,SAD,0,8th Pass,"Rs 1,54,18,000 ~ 1 Crore+","Rs 25,00,000 ~ 25 Lacs+"
201,176,Chaudhary Ram Lubhaya,https://myneta.info/pb2012/candidate.php?candidate_id=176,SHAM CHAURASI (SC),INC,0,10th Pass,"Rs 3,27,01,131 ~ 3 Crore+",Rs 0 ~
202,77,Chetan Singh Samaon,https://myneta.info/pb2012/candidate.php?candidate_id=77,BUDHLADA (SC),SAD,0,Literate,"Rs 6,70,568 ~ 6 Lacs+",Rs 0 ~
203,7,Chunni Lal Bhagat,https://myneta.info/pb2012/candidate.php?candidate_id=7,JALANDHAR WEST (SC),BJP,0,10th Pass,"Rs 1,67,10,157 ~ 1 Crore+",Rs 0 ~
204,165,Col. C D Singh Kamboj,https://myneta.info/pb2012/candidate.php?candidate_id=165,SHAHKOT,INC,0,Graduate,"Rs 2,91,29,477 ~ 2 Crore+",Rs 0 ~
205,645,Dalbara Singh,https://myneta.info/pb2012/candidate.php?candidate_id=645,KHANNA,IND,0,5th Pass,"Rs 20,50,000 ~ 20 Lacs+",Rs 0 ~
206,663,Dalbir Singh,https://myneta.info/pb2012/candidate.php?candidate_id=663,LUDHIANA EAST,SHS,0,8th Pass,"Rs 22,02,000 ~ 22 Lacs+",Rs 0 ~
207,566,Dalbir Singh Bohar,https://myneta.info/pb2012/candidate.php?candidate_id=566,KHEM KARAN,BSP(A),0,10th Pass,https://myneta.info/image_v2.php?myneta_folder=pb2012&candidate_id=566&col=ta,https://myneta.info/image_v2.php?myneta_folder=pb2012&candidate_id=566&col=lia
208,890,Dalip Singh,https://myneta.info/pb2012/candidate.php?candidate_id=890,DIRBA (SC),IND,0,Not Given,"Rs 4,00,000 ~ 4 Lacs+",Rs 0 ~
209,960,Dalip Singh,https://myneta.info/pb2012/candidate.php?candidate_id=960,PATIALA RURAL,IND,0,Others,"Rs 25,97,000 ~ 25 Lacs+",Rs 0 ~
210,351,Daljit Singh,https://myneta.info/pb2012/candidate.php?candidate_id=351,LUDHIANA EAST,PPOP,0,5th Pass,"Rs 1,84,80,000 ~ 1 Crore+","Rs 62,60,000 ~ 62 Lacs+"
211,671,Daljit Singh,https://myneta.info/pb2012/candidate.php?candidate_id=671,LUDHIANA EAST,IND,0,8th Pass,"Rs 2,32,48,771 ~ 2 Crore+",Rs 0 ~
212,706,Daljit Singh,https://myneta.info/pb2012/candidate.php?candidate_id=706,LUDHIANA NORTH,BGTD,0,Post Graduate,"Rs 1,54,384 ~ 1 Lacs+","Rs 5,400 ~ 5 Thou+"
213,185,Daljit Singh,https://myneta.info/pb2012/candidate.php?candidate_id=185,RUPNAGAR,SAD,0,Graduate Professional,"Rs 2,04,09,136 ~ 2 Crore+","Rs 29,71,936 ~ 29 Lacs+"
214,672,Daljit Singh Grewal Bholla,https://myneta.info/pb2012/candidate.php?candidate_id=672,LUDHIANA EAST,IND,0,10th Pass,"Rs 2,90,38,189 ~ 2 Crore+",Rs 0 ~
215,847,Daljit Singh Lori Mehma,https://myneta.info/pb2012/candidate.php?candidate_id=847,BHUCHO MANDI (SC),Punjab Labour Party,1,12th Pass,"Rs 1,25,000 ~ 1 Lacs+",Rs 0 ~
216,262,Daljit Singh Sadarpura,https://myneta.info/pb2012/candidate.php?candidate_id=262,DAKHA ,PPOP,0,10th Pass,https://myneta.info/image_v2.php?myneta_folder=pb2012&candidate_id=262&col=ta,https://myneta.info/image_v2.php?myneta_folder=pb2012&candidate_id=262&col=lia
217,31,Darbara Singh Guru,https://myneta.info/pb2012/candidate.php?candidate_id=31,BHADAUR (SC),SAD,0,Post Graduate,"Rs 1,90,59,000 ~ 1 Crore+",Rs 0 ~
218,725,Darshan Sing,https://myneta.info/pb2012/candidate.php?candidate_id=725,NIHAL SINGHWALA (SC),SAD(A)(Simranjit Singh Mann),0,8th Pass,"Rs 6,49,500 ~ 6 Lacs+",Rs 0 ~
219,969,Darshan Singh Bakhshiwala,https://myneta.info/pb2012/candidate.php?candidate_id=969,RAJPURA,IND,0,Not Given,"Rs 6,45,000 ~ 6 Lacs+",Rs 0 ~
220,730,Darshan Singh Brar,https://myneta.info/pb2012/candidate.php?candidate_id=730,BHAGHA PURANA,IND,0,10th Pass,"Rs 2,06,60,989 ~ 2 Crore+","Rs 20,00,000 ~ 20 Lacs+"
221,45,Darshan Singh Kotfatta,https://myneta.info/pb2012/candidate.php?candidate_id=45,BATHINDA RURAL (SC),SAD,0,Post Graduate,"Rs 63,90,761 ~ 63 Lacs+",Rs 0 ~
222,70,Darshan Singh Shivalik,https://myneta.info/pb2012/candidate.php?candidate_id=70,GILL (SC),SAD,0,10th Pass,"Rs 4,49,13,656 ~ 4 Crore+","Rs 43,50,764 ~ 43 Lacs+"
223,1066,Davinder Kaur,https://myneta.info/pb2012/candidate.php?candidate_id=1066,ANANDPUR SAHIB,IND,0,Post Graduate,"Rs 74,01,228 ~ 74 Lacs+","Rs 90,000 ~ 90 Thou+"
224,308,Davinder Kumar Arya,https://myneta.info/pb2012/candidate.php?candidate_id=308,MALOUT (SC),PPOP,0,12th Pass,"Rs 8,96,000 ~ 8 Lacs+","Rs 70,000 ~ 70 Thou+"
225,1016,Davinder Singh,https://myneta.info/pb2012/candidate.php?candidate_id=1016,NAWAN SHAHR,SAD(A)(Simranjit Singh Mann),0,12th Pass,https://myneta.info/image_v2.php?myneta_folder=pb2012&candidate_id=1016&col=ta,https://myneta.info/image_v2.php?myneta_folder=pb2012&candidate_id=1016&col=lia
226,563,Davinder Singh Sandhu Lalli Dhalla,https://myneta.info/pb2012/candidate.php?candidate_id=563,TARN TARAN,IND,0,12th Pass,"Rs 7,73,95,106 ~ 7 Crore+",Rs 0 ~
227,279,Davinderjit Singh Dhillon,https://myneta.info/pb2012/candidate.php?candidate_id=279,PATTI ,CPM,0,Graduate Professional,"Rs 3,62,52,663 ~ 3 Crore+",Rs 0 ~
228,519,Deepak Sharma,https://myneta.info/pb2012/candidate.php?candidate_id=519,GURDASPUR,IND,1,10th Pass,"Rs 29,536 ~ 29 Thou+",Rs 0 ~
229,975,Deepinder Singh Dhillon,https://myneta.info/pb2012/candidate.php?candidate_id=975,DERA BASSI,IND,1,Graduate Professional,"Rs 6,07,17,286 ~ 6 Crore+","Rs 13,00,000 ~ 13 Lacs+"
230,506,Des Raj,https://myneta.info/pb2012/candidate.php?candidate_id=506,BHOA (SC),IND,0,8th Pass,"Rs 1,01,500 ~ 1 Lacs+",Rs 0 ~
231,607,Des Raj,https://myneta.info/pb2012/candidate.php?candidate_id=607,PHILLAUR (SC),IND,0,5th Pass,"Rs 50,000 ~ 50 Thou+",Rs 0 ~
232,118,Des Raj Dugga,https://myneta.info/pb2012/candidate.php?candidate_id=118,SRI HARGOBINDPUR (SC),SAD,0,10th Pass,"Rs 1,07,37,376 ~ 1 Crore+","Rs 24,14,927 ~ 24 Lacs+"
233,390,Desraj Singh,https://myneta.info/pb2012/candidate.php?candidate_id=390,JANDIALA (SC),BSP,0,8th Pass,"Rs 21,72,000 ~ 21 Lacs+",Rs 0 ~
234,338,Dev Raj Verma,https://myneta.info/pb2012/candidate.php?candidate_id=338,MALERKOTLA,CPM,0,12th Pass,https://myneta.info/image_v2.php?myneta_folder=pb2012&candidate_id=338&col=ta,https://myneta.info/image_v2.php?myneta_folder=pb2012&candidate_id=338&col=lia
235,483,Dhanna Singh,https://myneta.info/pb2012/candidate.php?candidate_id=483,SUNAM,BSP,0,5th Pass,"Rs 55,200 ~ 55 Thou+","Rs 69,170 ~ 69 Thou+"
236,537,Dhanwant Singh,https://myneta.info/pb2012/candidate.php?candidate_id=537,AJNALA ,IND,1,10th Pass,"Rs 19,11,000 ~ 19 Lacs+","Rs 1,50,000 ~ 1 Lacs+"
237,1048,Dharam Pal Bambiawal,https://myneta.info/pb2012/candidate.php?candidate_id=1048,JALANDHAR CANTT. ,BSP(A),0,8th Pass,"Rs 22,000 ~ 22 Thou+",Rs 0 ~
238,704,Dharam Paul Mehmi,https://myneta.info/pb2012/candidate.php?candidate_id=704,LUDHIANA NORTH,NCP,0,Graduate Professional,"Rs 21,51,100 ~ 21 Lacs+","Rs 6,00,000 ~ 6 Lacs+"
239,626,Dharam Singh,https://myneta.info/pb2012/candidate.php?candidate_id=626,BASSI PATHANA (SC),SAD(A)(Simranjit Singh Mann),0,10th Pass,"Rs 7,90,500 ~ 7 Lacs+",Rs 0 ~
240,153,Dharambir Agnihotri,https://myneta.info/pb2012/candidate.php?candidate_id=153,TARN TARAN,INC,0,Graduate Professional,"Rs 3,14,48,021 ~ 3 Crore+","Rs 21,24,421 ~ 21 Lacs+"
241,337,Dharampaul Maur,https://myneta.info/pb2012/candidate.php?candidate_id=337,LUDHIANA WEST,CPI,0,Graduate,"Rs 35,71,000 ~ 35 Lacs+",Rs 0 ~
242,460,Didar Singh,https://myneta.info/pb2012/candidate.php?candidate_id=460,FIROZPUR CITY,BSP,1,5th Pass,"Rs 5,30,000 ~ 5 Lacs+",Rs 0 ~
243,933,Didar Singh,https://myneta.info/pb2012/candidate.php?candidate_id=933,DHURI,IND,0,10th Pass,https://myneta.info/image_v2.php?myneta_folder=pb2012&candidate_id=933&col=ta,https://myneta.info/image_v2.php?myneta_folder=pb2012&candidate_id=933&col=lia
244,648,Didar Singh,https://myneta.info/pb2012/candidate.php?candidate_id=648,SAMRALA,SAD(A)(Simranjit Singh Mann),0,Literate,"Rs 1,05,15,500 ~ 1 Crore+",Rs 0 ~
245,298,Didar Singh Bhatti,https://myneta.info/pb2012/candidate.php?candidate_id=298,FATEHGARH SAHIB,PPOP,0,Graduate Professional,"Rs 7,28,85,204 ~ 7 Crore+","Rs 19,70,000 ~ 19 Lacs+"
246,876,Dilbagh Singh,https://myneta.info/pb2012/candidate.php?candidate_id=876,SARDULGARH,IND,0,10th Pass,"Rs 3,90,126 ~ 3 Lacs+",Rs 0 ~
247,81,Dilraj Singh Bhunder,https://myneta.info/pb2012/candidate.php?candidate_id=81,SARDULGARH,SAD,0,Graduate Professional,"Rs 1,32,02,200 ~ 1 Crore+",Rs 0 ~
248,1040,Dinesh Dhall,https://myneta.info/pb2012/candidate.php?candidate_id=1040,JALANDHAR NORTH,IND,0,10th Pass,"Rs 38,13,063 ~ 38 Lacs+",Rs 0 ~
249,1,Dinesh Singh (babu),https://myneta.info/pb2012/candidate.php?candidate_id=1,SUJANPUR,BJP,0,12th Pass,"Rs 3,67,46,983 ~ 3 Crore+","Rs 29,18,522 ~ 29 Lacs+"
250,1079,Diyal Chand,https://myneta.info/pb2012/candidate.php?candidate_id=1079,AMRITSAR EAST,IND,0,10th Pass,"Rs 3,08,992 ~ 3 Lacs+",Rs 0 ~
251,532,Dominic Mattu,https://myneta.info/pb2012/candidate.php?candidate_id=532,DERA BABA NANAK,IND,0,Post Graduate,"Rs 3,12,500 ~ 3 Lacs+",Rs 0 ~
252,576,Dr Ajaib Singh Jahangir,https://myneta.info/pb2012/candidate.php?candidate_id=576,KHADOOR SAHIB,IND,0,Not Given,https://myneta.info/image_v2.php?myneta_folder=pb2012&candidate_id=576&col=ta,https://myneta.info/image_v2.php?myneta_folder=pb2012&candidate_id=576&col=lia
253,836,Dr. Amarjit Singh Sharma,https://myneta.info/pb2012/candidate.php?candidate_id=836,RAMPURA PHUL,IND,0,12th Pass,"Rs 7,55,628 ~ 7 Lacs+",Rs 0 ~
254,342,Dr. Gurmaj Singh Matharu,https://myneta.info/pb2012/candidate.php?candidate_id=342,AJNALA ,PPOP,0,Post Graduate,"Rs 1,01,600 ~ 1 Lacs+",Rs 0 ~
255,324,Dr. Jaspal Singh Bhinder,https://myneta.info/pb2012/candidate.php?candidate_id=324,PATHANKOT,PPOP,0,Post Graduate,"Rs 2,56,69,400 ~ 2 Crore+","Rs 14,63,000 ~ 14 Lacs+"
256,264,Dr. Navjot Dahiya,https://myneta.info/pb2012/candidate.php?candidate_id=264,SHAHKOT,PPOP,0,Post Graduate,"Rs 5,36,49,157 ~ 5 Crore+","Rs 61,96,603 ~ 61 Lacs+"
257,366,Dr. Raj Kumar,https://myneta.info/pb2012/candidate.php?candidate_id=366,CHABBEWAL (SC),INC,0,Post Graduate,"Rs 9,28,49,422 ~ 9 Crore+","Rs 3,60,00,132 ~ 3 Crore+"
258,303,Dr. Raj Singh,https://myneta.info/pb2012/candidate.php?candidate_id=303,JALALABAD ,PPOP,0,12th Pass,"Rs 1,49,25,500 ~ 1 Crore+","Rs 7,52,115 ~ 7 Lacs+"
259,265,Dr. Ravinder Singh Bhana,https://myneta.info/pb2012/candidate.php?candidate_id=265,MOGA,PPOP,0,Post Graduate,"Rs 2,33,31,285 ~ 2 Crore+","Rs 27,42,369 ~ 27 Lacs+"
260,300,Dr. Salwinder Singh Sarli,https://myneta.info/pb2012/candidate.php?candidate_id=300,BABA BAKALA (SC),PnPP,0,12th Pass,"Rs 12,50,000 ~ 12 Lacs+","Rs 40,00,000 ~ 40 Lacs+"
261,58,Dr. Upinderjit Kaur,https://myneta.info/pb2012/candidate.php?candidate_id=58,SULTANPUR LODHI,SAD,0,Doctorate,https://myneta.info/image_v2.php?myneta_folder=pb2012&candidate_id=58&col=ta,https://myneta.info/image_v2.php?myneta_folder=pb2012&candidate_id=58&col=lia
262,498,Dr.parveen Kumar Janjua,https://myneta.info/pb2012/candidate.php?candidate_id=498,GURDASPUR,BSP,0,Doctorate,"Rs 23,85,000 ~ 23 Lacs+","Rs 11,00,000 ~ 11 Lacs+"
263,477,Dusahira Singh,https://myneta.info/pb2012/candidate.php?candidate_id=477,MAUR,BSP,0,Others,"Rs 7,55,000 ~ 7 Lacs+",Rs 0 ~
264,98,F. Nesara Khatoon,https://myneta.info/pb2012/candidate.php?candidate_id=98,MALERKOTLA,SAD,0,Graduate,"Rs 1,11,78,084 ~ 1 Crore+",Rs 0 ~
265,945,Faqir Singh,https://myneta.info/pb2012/candidate.php?candidate_id=945,NABHA (SC),IND,0,Not Given,"Rs 7,40,000 ~ 7 Lacs+",Rs 0 ~
266,288,Gaganjeet Singh Barnala,https://myneta.info/pb2012/candidate.php?candidate_id=288,DHURI,PPOP,0,Graduate,"Rs 12,02,72,235 ~ 12 Crore+","Rs 1,56,00,000 ~ 1 Crore+"
267,806,Gagga Singh,https://myneta.info/pb2012/candidate.php?candidate_id=806,MALOUT (SC),IND,0,Not Given,"Rs 3,12,000 ~ 3 Lacs+",Rs 0 ~
268,606,Gajjan,https://myneta.info/pb2012/candidate.php?candidate_id=606,PHILLAUR (SC),IND,0,Not Given,"Rs 50,000 ~ 50 Thou+",Rs 0 ~
269,757,Ganda Singh,https://myneta.info/pb2012/candidate.php?candidate_id=757,GURU HAR SAHAI ,IND,0,Illiterate,"Rs 1,65,000 ~ 1 Lacs+",Rs 0 ~
270,875,Gian Singh,https://myneta.info/pb2012/candidate.php?candidate_id=875,SARDULGARH,IND,0,12th Pass,https://myneta.info/image_v2.php?myneta_folder=pb2012&candidate_id=875&col=ta,https://myneta.info/image_v2.php?myneta_folder=pb2012&candidate_id=875&col=lia
271,440,Girij Dev Yadav,https://myneta.info/pb2012/candidate.php?candidate_id=440,LUDHIANA SOUTH,BSP,0,Not Given,"Rs 36,00,000 ~ 36 Lacs+",Rs 0 ~
272,887,Gobind Singh Chajli,https://myneta.info/pb2012/candidate.php?candidate_id=887,DIRBA (SC),CPI(ML)(L),0,5th Pass,"Rs 29,000 ~ 29 Thou+",Rs 0 ~
273,904,Gokal Singh,https://myneta.info/pb2012/candidate.php?candidate_id=904,BHADAUR (SC),IND,0,8th Pass,"Rs 56,000 ~ 56 Thou+","Rs 50,000 ~ 50 Thou+"
274,108,Govind Singh,https://myneta.info/pb2012/candidate.php?candidate_id=108,MEHAL KALAN (SC),SAD,0,10th Pass,"Rs 31,50,000 ~ 31 Lacs+","Rs 2,50,000 ~ 2 Lacs+"
275,120,Govind Singh Longewal,https://myneta.info/pb2012/candidate.php?candidate_id=120,DHURI,SAD,0,Graduate,"Rs 3,13,95,785 ~ 3 Crore+","Rs 14,00,000 ~ 14 Lacs+"
276,385,Gulsher Singh,https://myneta.info/pb2012/candidate.php?candidate_id=385,MUKERIAN,BSP,0,Not Given,"Rs 12,28,000 ~ 12 Lacs+",Rs 0 ~
277,1057,Gulwinder Singh,https://myneta.info/pb2012/candidate.php?candidate_id=1057,GARHSHANKAR,SAD(A)(Simranjit Singh Mann),0,10th Pass,"Rs 10,80,000 ~ 10 Lacs+",Rs 0 ~
278,299,Gulzar Singh Khasa,https://myneta.info/pb2012/candidate.php?candidate_id=299,ATTARI (SC),PPOP,0,10th Pass,"Rs 18,97,100 ~ 18 Lacs+",Rs 0 ~
279,51,Gulzar Singh Ranike,https://myneta.info/pb2012/candidate.php?candidate_id=51,ATTARI (SC),SAD,0,Literate,https://myneta.info/image_v2.php?myneta_folder=pb2012&candidate_id=51&col=ta,https://myneta.info/image_v2.php?myneta_folder=pb2012&candidate_id=51&col=lia
280,181,Gur Iqbal Kaur,https://myneta.info/pb2012/candidate.php?candidate_id=181,NAWAN SHAHR,INC,0,Graduate,"Rs 83,65,913 ~ 83 Lacs+",Rs 0 ~
281,40,Gurbachan Singh Babbehali,https://myneta.info/pb2012/candidate.php?candidate_id=40,GURDASPUR,SAD,0,10th Pass,"Rs 4,80,01,000 ~ 4 Crore+","Rs 6,26,000 ~ 6 Lacs+"
282,768,Gurbir Singh,https://myneta.info/pb2012/candidate.php?candidate_id=768,JALALABAD ,IND,0,Graduate,"Rs 6,08,16,955 ~ 6 Crore+","Rs 2,01,19,267 ~ 2 Crore+"
283,201,Gurcharan Singh,https://myneta.info/pb2012/candidate.php?candidate_id=201,RAIKOT (SC),INC,0,10th Pass,"Rs 45,21,460 ~ 45 Lacs+","Rs 15,000 ~ 15 Thou+"
284,467,Gurcharan Singh,https://myneta.info/pb2012/candidate.php?candidate_id=467,MALOUT (SC),BSP,0,10th Pass,"Rs 32,86,687 ~ 32 Lacs+",Rs 0 ~
285,154,Gurchet Singh,https://myneta.info/pb2012/candidate.php?candidate_id=154,KHEM KARAN,INC,0,10th Pass,"Rs 2,36,33,412 ~ 2 Crore+","Rs 15,55,493 ~ 15 Lacs+"
286,644,Gurdeep Singh,https://myneta.info/pb2012/candidate.php?candidate_id=644,KHANNA,IND,0,Not Given,"Rs 12,61,000 ~ 12 Lacs+",Rs 0 ~
287,942,Gurdeep Singh,https://myneta.info/pb2012/candidate.php?candidate_id=942,NABHA (SC),IND,0,Graduate Professional,"Rs 86,000 ~ 86 Thou+",Rs 0 ~
288,830,Gurdeep Singh,https://myneta.info/pb2012/candidate.php?candidate_id=830,JAITU (SC),LJP,0,Not Given,https://myneta.info/image_v2.php?myneta_folder=pb2012&candidate_id=830&col=ta,https://myneta.info/image_v2.php?myneta_folder=pb2012&candidate_id=830&col=lia
289,886,Gurdeep Singh,https://myneta.info/pb2012/candidate.php?candidate_id=886,DIRBA (SC),SAD(A)(Simranjit Singh Mann),2,Post Graduate,"Rs 7,46,130 ~ 7 Lacs+",Rs 0 ~
290,661,Gurdeep Singh Kahlon,https://myneta.info/pb2012/candidate.php?candidate_id=661,SAHNEWAL,IND,0,Not Given,"Rs 32,96,000 ~ 32 Lacs+",Rs 0 ~
291,314,Gurdev Dev,https://myneta.info/pb2012/candidate.php?candidate_id=314,BHOA (SC),CPM,0,12th Pass,"Rs 31,15,000 ~ 31 Lacs+",Rs 0 ~
292,832,Gurdev Kaur,https://myneta.info/pb2012/candidate.php?candidate_id=832,JAITU (SC),IND,0,Illiterate,"Rs 2,68,500 ~ 2 Lacs+",Rs 0 ~
293,32,Gurdev Singh,https://myneta.info/pb2012/candidate.php?candidate_id=32,JAITU (SC),SAD,0,Illiterate,"Rs 4,86,99,000 ~ 4 Crore+",Rs 0 ~
294,639,Gurdev Singh Khanian,https://myneta.info/pb2012/candidate.php?candidate_id=639,AMLOH,IND,0,10th Pass,"Rs 5,78,00,000 ~ 5 Crore+","Rs 11,08,937 ~ 11 Lacs+"
295,637,Gurdial Singh,https://myneta.info/pb2012/candidate.php?candidate_id=637,AMLOH,SAD(A)(Simranjit Singh Mann),0,10th Pass,"Rs 15,38,586 ~ 15 Lacs+",Rs 0 ~
296,280,Gurdial Singh,https://myneta.info/pb2012/candidate.php?candidate_id=280,ANANDPUR SAHIB,CPM,0,10th Pass,"Rs 60,24,000 ~ 60 Lacs+","Rs 50,000 ~ 50 Thou+"
297,872,Gurjant Singh,https://myneta.info/pb2012/candidate.php?candidate_id=872,MANSA,CPI(ML)(L),1,10th Pass,https://myneta.info/image_v2.php?myneta_folder=pb2012&candidate_id=872&col=ta,https://myneta.info/image_v2.php?myneta_folder=pb2012&candidate_id=872&col=lia
298,911,Gurjant Singh,https://myneta.info/pb2012/candidate.php?candidate_id=911,BARNALA,IND,0,10th Pass,"Rs 7,43,500 ~ 7 Lacs+",Rs 0 ~
299,973,Gurjit Singh,https://myneta.info/pb2012/candidate.php?candidate_id=973,DERA BASSI,IND,0,Graduate,"Rs 1,12,500 ~ 1 Lacs+",Rs 0 ~
300,135,Gurkirat Singh,https://myneta.info/pb2012/candidate.php?candidate_id=135,KHANNA,INC,0,Graduate,"Rs 1,98,64,695 ~ 1 Crore+","Rs 6,00,000 ~ 6 Lacs+"
301,423,Gurlal Saila,https://myneta.info/pb2012/candidate.php?candidate_id=423,GARHSHANKAR,BSP,1,12th Pass,"Rs 31,08,274 ~ 31 Lacs+","Rs 3,39,515 ~ 3 Lacs+"
302,411,Gurmail Ram,https://myneta.info/pb2012/candidate.php?candidate_id=411,NAKODAR,BSP,0,8th Pass,"Rs 1,19,68,012 ~ 1 Crore+",Rs 0 ~
303,668,Gurmail Singh,https://myneta.info/pb2012/candidate.php?candidate_id=668,LUDHIANA EAST,IND,0,8th Pass,"Rs 1,70,05,000 ~ 1 Crore+",Rs 0 ~
304,613,Gurmeet Singh,https://myneta.info/pb2012/candidate.php?candidate_id=613,KHARAR,NCP,0,8th Pass,"Rs 38,25,000 ~ 38 Lacs+","Rs 1,50,000 ~ 1 Lacs+"
305,595,Gurmeet Singh,https://myneta.info/pb2012/candidate.php?candidate_id=595,SULTANPUR LODHI,IND,0,10th Pass,"Rs 31,03,360 ~ 31 Lacs+","Rs 1,00,000 ~ 1 Lacs+"
306,873,Gurmeet Singh,https://myneta.info/pb2012/candidate.php?candidate_id=873,SARDULGARH,CPI(ML)(L),0,8th Pass,https://myneta.info/image_v2.php?myneta_folder=pb2012&candidate_id=873&col=ta,https://myneta.info/image_v2.php?myneta_folder=pb2012&candidate_id=873&col=lia
307,758,Gurmeet Singh,https://myneta.info/pb2012/candidate.php?candidate_id=758,GURU HAR SAHAI ,IND,0,8th Pass,"Rs 2,12,000 ~ 2 Lacs+",Rs 0 ~
308,1043,Gurmeet Singh Aulakh,https://myneta.info/pb2012/candidate.php?candidate_id=1043,JALANDHAR CENTRAL,SAD(A)(Simranjit Singh Mann),0,10th Pass,"Rs 11,70,000 ~ 11 Lacs+","Rs 5,00,000 ~ 5 Lacs+"
309,791,Gurmeet Singh Ranghreta,https://myneta.info/pb2012/candidate.php?candidate_id=791,LAMBI,Punjab Labour Party,0,12th Pass,"Rs 24,99,000 ~ 24 Lacs+","Rs 1,00,000 ~ 1 Lacs+"
310,211,Gurmeet Singh Sodhi,https://myneta.info/pb2012/candidate.php?candidate_id=211,GURU HAR SAHAI ,INC,0,12th Pass,"Rs 8,00,35,637 ~ 8 Crore+",Rs 0 ~
311,191,Gurmel Singh Pehalwan,https://myneta.info/pb2012/candidate.php?candidate_id=191,LUDHIANA EAST,INC,0,8th Pass,"Rs 8,49,74,396 ~ 8 Crore+","Rs 2,71,54,045 ~ 2 Crore+"
312,588,Gurmit Lal,https://myneta.info/pb2012/candidate.php?candidate_id=588,KAPURTHALA,BSP(A),0,5th Pass,"Rs 1,31,600 ~ 1 Lacs+",Rs 0 ~
313,274,Gurmit Singh Nadhala,https://myneta.info/pb2012/candidate.php?candidate_id=274,BHOLATH,PPOP,0,Graduate Professional,"Rs 9,34,67,550 ~ 9 Crore+","Rs 21,38,450 ~ 21 Lacs+"
314,404,Gurmukh Singh,https://myneta.info/pb2012/candidate.php?candidate_id=404,KHEM KARAN,BSP,0,8th Pass,"Rs 5,57,000 ~ 5 Lacs+",Rs 0 ~
315,1028,Gurmukh Singh Khosla,https://myneta.info/pb2012/candidate.php?candidate_id=1028,KARTARPUR (SC),DBSP,0,10th Pass,https://myneta.info/image_v2.php?myneta_folder=pb2012&candidate_id=1028&col=ta,https://myneta.info/image_v2.php?myneta_folder=pb2012&candidate_id=1028&col=lia
316,936,Gurnaib Singh,https://myneta.info/pb2012/candidate.php?candidate_id=936,SANGRUR,SAD(A)(Simranjit Singh Mann),0,10th Pass,"Rs 51,19,940 ~ 51 Lacs+",Rs 0 ~
317,526,Gurnam Singh,https://myneta.info/pb2012/candidate.php?candidate_id=526,SRI HARGOBINDPUR (SC),IND,0,Literate,"Rs 34,950 ~ 34 Thou+",Rs 0 ~
318,458,Gurnam Singh,https://myneta.info/pb2012/candidate.php?candidate_id=458,DHARAMKOT,BSP,1,8th Pass,"Rs 42,51,000 ~ 42 Lacs+",Rs 0 ~
319,422,Gurnam Singh,https://myneta.info/pb2012/candidate.php?candidate_id=422,CHABBEWAL (SC),BSP,0,10th Pass,"Rs 44,73,696 ~ 44 Lacs+",Rs 0 ~
320,649,Gurnam Singh,https://myneta.info/pb2012/candidate.php?candidate_id=649,SAMRALA,IND,0,10th Pass,"Rs 6,30,000 ~ 6 Lacs+",Rs 0 ~
321,580,Gurnam Singh Daud,https://myneta.info/pb2012/candidate.php?candidate_id=580,BABA BAKALA (SC),IND,1,10th Pass,"Rs 2,66,046 ~ 2 Lacs+","Rs 12,000 ~ 12 Thou+"
322,980,Gurnam Singh Saidkherhi,https://myneta.info/pb2012/candidate.php?candidate_id=980,GHANAUR,IND,0,Graduate Professional,"Rs 6,00,88,517 ~ 6 Crore+","Rs 13,50,067 ~ 13 Lacs+"
323,1024,Gurnam Singh Sanghera,https://myneta.info/pb2012/candidate.php?candidate_id=1024,NAKODAR,IND,0,5th Pass,"Rs 1,73,46,000 ~ 1 Crore+","Rs 29,00,000 ~ 29 Lacs+"
324,527,Gurnam Singh Shergill,https://myneta.info/pb2012/candidate.php?candidate_id=527,SRI HARGOBINDPUR (SC),IND,0,10th Pass,https://myneta.info/image_v2.php?myneta_folder=pb2012&candidate_id=527&col=ta,https://myneta.info/image_v2.php?myneta_folder=pb2012&candidate_id=527&col=lia
325,1052,Gurnam Singh Singriwala,https://myneta.info/pb2012/candidate.php?candidate_id=1052,HOSHIARPUR,SAD(A)(Simranjit Singh Mann),0,12th Pass,"Rs 1,95,116 ~ 1 Lacs+","Rs 29,00,000 ~ 29 Lacs+"
326,1073,Gurpartap Singh Tikka,https://myneta.info/pb2012/candidate.php?candidate_id=1073,AMRITSAR SOUTH,IND,0,12th Pass,"Rs 1,00,71,886 ~ 1 Crore+",Rs 0 ~
327,624,Gurprakash Singh Virk Lt.col.(retd),https://myneta.info/pb2012/candidate.php?candidate_id=624,S.A.S. NAGAR,IND,0,Post Graduate,"Rs 2,17,92,087 ~ 2 Crore+","Rs 13,65,924 ~ 13 Lacs+"
328,59,Gurpratap Singh,https://myneta.info/pb2012/candidate.php?candidate_id=59,NAKODAR,SAD,0,Graduate Professional,"Rs 13,71,13,000 ~ 13 Crore+","Rs 55,00,000 ~ 55 Lacs+"
329,42,Gurpreet Kaur,https://myneta.info/pb2012/candidate.php?candidate_id=42,MANSA,INC,0,12th Pass,"Rs 49,95,000 ~ 49 Lacs+","Rs 6,00,000 ~ 6 Lacs+"
330,900,Gurpreet Singh,https://myneta.info/pb2012/candidate.php?candidate_id=900,BHADAUR (SC),CPI(ML)(L),1,5th Pass,"Rs 6,000 ~ 6 Thou+",Rs 0 ~
331,332,Gurpreet Singh,https://myneta.info/pb2012/candidate.php?candidate_id=332,CHAMKAUR SAHIB (SC),LJP,0,Graduate,"Rs 21,55,514 ~ 21 Lacs+",Rs 0 ~
332,377,Gurpreet Singh,https://myneta.info/pb2012/candidate.php?candidate_id=377,CHAMKAUR SAHIB (SC),PPOP,0,Graduate,"Rs 21,55,514 ~ 21 Lacs+",Rs 0 ~
333,345,Gurpreet Singh,https://myneta.info/pb2012/candidate.php?candidate_id=345,BHAGHA PURANA,PPOP,0,10th Pass,https://myneta.info/image_v2.php?myneta_folder=pb2012&candidate_id=345&col=ta,https://myneta.info/image_v2.php?myneta_folder=pb2012&candidate_id=345&col=lia
334,250,Gurpreet Singh Bhatti,https://myneta.info/pb2012/candidate.php?candidate_id=250,KHANNA,PPOP,0,12th Pass,"Rs 21,64,70,004 ~ 21 Crore+","Rs 1,32,30,367 ~ 1 Crore+"
335,37,Gurpreet Singh Kangar,https://myneta.info/pb2012/candidate.php?candidate_id=37,RAMPURA PHUL,INC,0,Graduate,"Rs 11,63,90,192 ~ 11 Crore+","Rs 10,24,823 ~ 10 Lacs+"
336,820,Gursewak Singh,https://myneta.info/pb2012/candidate.php?candidate_id=820,FARIDKOT,IND,0,Not Given,"Rs 1,20,000 ~ 1 Lacs+",Rs 0 ~
337,124,Gurtej Singh,https://myneta.info/pb2012/candidate.php?candidate_id=124,BALLUANA (SC),SAD,0,Graduate Professional,"Rs 42,12,467 ~ 42 Lacs+","Rs 5,80,000 ~ 5 Lacs+"
338,807,Gurtej Singh,https://myneta.info/pb2012/candidate.php?candidate_id=807,MALOUT (SC),IND,0,12th Pass,"Rs 1,07,000 ~ 1 Lacs+",Rs 0 ~
339,1025,Gurvatan Singh,https://myneta.info/pb2012/candidate.php?candidate_id=1025,MUKERIAN,SAD(A)(Simranjit Singh Mann),0,8th Pass,"Rs 95,37,105 ~ 95 Lacs+",Rs 0 ~
340,774,Gurvinder Singh,https://myneta.info/pb2012/candidate.php?candidate_id=774,FAZILKA,IND,1,12th Pass,"Rs 21,34,276 ~ 21 Lacs+","Rs 1,20,000 ~ 1 Lacs+"
341,767,Hans Raj Josan,https://myneta.info/pb2012/candidate.php?candidate_id=767,JALALABAD ,IND,0,Graduate Professional,"Rs 5,11,82,740 ~ 5 Crore+","Rs 60,28,938 ~ 60 Lacs+"
342,415,Hans Raj Rana,https://myneta.info/pb2012/candidate.php?candidate_id=415,JALANDHAR NORTH,BSP,0,10th Pass,https://myneta.info/image_v2.php?myneta_folder=pb2012&candidate_id=415&col=ta,https://myneta.info/image_v2.php?myneta_folder=pb2012&candidate_id=415&col=lia
343,334,Hansa Singh,https://myneta.info/pb2012/candidate.php?candidate_id=334,FIROZPUR RURAL (SC),PPOP,0,5th Pass,"Rs 25,86,860 ~ 25 Lacs+","Rs 2,20,000 ~ 2 Lacs+"
344,444,Hansraj,https://myneta.info/pb2012/candidate.php?candidate_id=444,LUDHIANA NORTH,BSP,0,Graduate,"Rs 45,36,000 ~ 45 Lacs+",Rs 0 ~
345,306,Haqam Singh,https://myneta.info/pb2012/candidate.php?candidate_id=306,RAIKOT (SC),PPOP,0,Graduate,"Rs 53,21,691 ~ 53 Lacs+","Rs 2,89,283 ~ 2 Lacs+"
346,1060,Har Gobind Singh,https://myneta.info/pb2012/candidate.php?candidate_id=1060,DASUYA,IND,1,10th Pass,"Rs 83,84,444 ~ 83 Lacs+","Rs 9,39,088 ~ 9 Lacs+"
347,364,Harbans Kaur Dullo,https://myneta.info/pb2012/candidate.php?candidate_id=364,BASSI PATHANA (SC),INC,0,Post Graduate,"Rs 4,20,00,200 ~ 4 Crore+","Rs 15,55,000 ~ 15 Lacs+"
348,634,Harbans Lal,https://myneta.info/pb2012/candidate.php?candidate_id=634,FATEHGARH SAHIB,IND,0,Graduate Professional,"Rs 1,56,30,000 ~ 1 Crore+","Rs 12,85,000 ~ 12 Lacs+"
349,475,Harbans Singh,https://myneta.info/pb2012/candidate.php?candidate_id=475,BATHINDA RURAL (SC),BSP,0,8th Pass,"Rs 10,000 ~ 10 Thou+",Rs 0 ~
350,461,Harbans Singh,https://myneta.info/pb2012/candidate.php?candidate_id=461,FIROZPUR RURAL (SC),BSP,0,8th Pass,"Rs 12,15,000 ~ 12 Lacs+",Rs 0 ~
351,805,Harbans Singh,https://myneta.info/pb2012/candidate.php?candidate_id=805,MALOUT (SC),IND,0,10th Pass,https://myneta.info/image_v2.php?myneta_folder=pb2012&candidate_id=805&col=ta,https://myneta.info/image_v2.php?myneta_folder=pb2012&candidate_id=805&col=lia
352,522,Harbhajan Kaur,https://myneta.info/pb2012/candidate.php?candidate_id=522,BATALA,BSA,0,Not Given,"Rs 9,30,000 ~ 9 Lacs+",Rs 0 ~
353,1010,Harbinder Ram,https://myneta.info/pb2012/candidate.php?candidate_id=1010,SHAHKOT,RVLP,0,12th Pass,"Rs 85,000 ~ 85 Thou+",Rs 0 ~
354,371,Harchand Kaur,https://myneta.info/pb2012/candidate.php?candidate_id=371,MEHAL KALAN (SC),INC,0,10th Pass,"Rs 29,40,579 ~ 29 Lacs+",Rs 0 ~
355,978,Harchand Singh,https://myneta.info/pb2012/candidate.php?candidate_id=978,GHANAUR,SAD(A)(Simranjit Singh Mann),0,8th Pass,"Rs 30,97,000 ~ 30 Lacs+","Rs 9,00,000 ~ 9 Lacs+"
356,818,Harcharan Singh,https://myneta.info/pb2012/candidate.php?candidate_id=818,FARIDKOT,IND,0,10th Pass,"Rs 40,08,825 ~ 40 Lacs+","Rs 44,60,000 ~ 44 Lacs+"
357,715,Hardeep Singh,https://myneta.info/pb2012/candidate.php?candidate_id=715,PAYAL (SC),SAD(A)(Simranjit Singh Mann),0,10th Pass,"Rs 1,16,000 ~ 1 Lacs+",Rs 0 ~
358,739,Hardeep Singh,https://myneta.info/pb2012/candidate.php?candidate_id=739,DHARAMKOT,IND,0,10th Pass,"Rs 73,40,000 ~ 73 Lacs+","Rs 5,25,000 ~ 5 Lacs+"
359,289,Hardev Arshi,https://myneta.info/pb2012/candidate.php?candidate_id=289,MANSA,CPI,0,Graduate,"Rs 62,51,200 ~ 62 Lacs+","Rs 45,833 ~ 45 Thou+"
360,416,Hardev Kaur Shant,https://myneta.info/pb2012/candidate.php?candidate_id=416,JALANDHAR CANTT. ,BSP,0,5th Pass,https://myneta.info/image_v2.php?myneta_folder=pb2012&candidate_id=416&col=ta,https://myneta.info/image_v2.php?myneta_folder=pb2012&candidate_id=416&col=lia
361,241,Hardial Singh,https://myneta.info/pb2012/candidate.php?candidate_id=241,RAJPURA,INC,0,Graduate,"Rs 4,92,01,372 ~ 4 Crore+","Rs 27,09,235 ~ 27 Lacs+"
362,325,Hardial Singh Gajnipur,https://myneta.info/pb2012/candidate.php?candidate_id=325,GURDASPUR,PPOP,0,5th Pass,"Rs 1,24,40,000 ~ 1 Crore+","Rs 11,34,588 ~ 11 Lacs+"
363,1030,Hari Mitter,https://myneta.info/pb2012/candidate.php?candidate_id=1030,KARTARPUR (SC),IND,0,5th Pass,"Rs 3,12,567 ~ 3 Lacs+",Rs 0 ~
364,616,Hari Singh Sodhi,https://myneta.info/pb2012/candidate.php?candidate_id=616,KHARAR,IND,0,Graduate,"Rs 4,22,06,014 ~ 4 Crore+","Rs 1,40,000 ~ 1 Lacs+"
365,92,Hari Singh Zeera,https://myneta.info/pb2012/candidate.php?candidate_id=92,ZIRA,SAD,0,5th Pass,"Rs 5,40,77,047 ~ 5 Crore+","Rs 71,600 ~ 71 Thou+"
366,838,Harinder Jeet Singh,https://myneta.info/pb2012/candidate.php?candidate_id=838,RAMPURA PHUL,IND,0,12th Pass,"Rs 12,01,000 ~ 12 Lacs+","Rs 2,00,000 ~ 2 Lacs+"
367,871,Harinder Singh,https://myneta.info/pb2012/candidate.php?candidate_id=871,MANSA,Socialist Party (Lohia),0,Not Given,"Rs 1,35,20,000 ~ 1 Crore+",Rs 0 ~
368,376,Harinder Singh,https://myneta.info/pb2012/candidate.php?candidate_id=376,ZIRA,PPOP,0,Graduate,"Rs 2,01,88,100 ~ 2 Crore+","Rs 36,40,000 ~ 36 Lacs+"
369,810,Harinderpal Singh,https://myneta.info/pb2012/candidate.php?candidate_id=810,MUKTSAR,SAD(A)(Simranjit Singh Mann),0,10th Pass,https://myneta.info/image_v2.php?myneta_folder=pb2012&candidate_id=810&col=ta,https://myneta.info/image_v2.php?myneta_folder=pb2012&candidate_id=810&col=lia
370,612,Haripal,https://myneta.info/pb2012/candidate.php?candidate_id=612,CHAMKAUR SAHIB (SC),IND,2,10th Pass,"Rs 73,09,000 ~ 73 Lacs+","Rs 29,50,000 ~ 29 Lacs+"
371,1077,Harish Kumar,https://myneta.info/pb2012/candidate.php?candidate_id=1077,AMRITSAR EAST,NCP,0,12th Pass,"Rs 27,00,000 ~ 27 Lacs+",Rs 0 ~
372,633,Harjinder Singh,https://myneta.info/pb2012/candidate.php?candidate_id=633,FATEHGARH SAHIB,IND,4,12th Pass,"Rs 1,89,54,000 ~ 1 Crore+","Rs 16,00,000 ~ 16 Lacs+"
373,490,Harmail Singh,https://myneta.info/pb2012/candidate.php?candidate_id=490,SANGRUR,BSP,0,5th Pass,"Rs 1,50,50,000 ~ 1 Crore+",Rs 0 ~
374,104,Harmeet Singh,https://myneta.info/pb2012/candidate.php?candidate_id=104,TARN TARAN,SAD,0,Graduate,"Rs 4,36,87,151 ~ 4 Crore+","Rs 16,64,092 ~ 16 Lacs+"
375,855,Harmesh Kumar,https://myneta.info/pb2012/candidate.php?candidate_id=855,BATHINDA URBAN,IND,0,8th Pass,"Rs 1,56,01,500 ~ 1 Crore+","Rs 8,00,000 ~ 8 Lacs+"
376,614,Harmesh Singh,https://myneta.info/pb2012/candidate.php?candidate_id=614,KHARAR,SAD(A)(Simranjit Singh Mann),0,10th Pass,"Rs 28,05,500 ~ 28 Lacs+",Rs 0 ~
377,516,Harminder Singh,https://myneta.info/pb2012/candidate.php?candidate_id=516,GURDASPUR,SHS,0,10th Pass,"Rs 50,000 ~ 50 Thou+",Rs 0 ~
378,155,Harminder Singh,https://myneta.info/pb2012/candidate.php?candidate_id=155,PATTI ,INC,0,Post Graduate,https://myneta.info/image_v2.php?myneta_folder=pb2012&candidate_id=155&col=ta,https://myneta.info/image_v2.php?myneta_folder=pb2012&candidate_id=155&col=lia
379,540,Harminder Singh,https://myneta.info/pb2012/candidate.php?candidate_id=540,RAJA SANSI,IND,0,10th Pass,"Rs 89,45,956 ~ 89 Lacs+",Rs 0 ~
380,223,Harminder Singh Jassi,https://myneta.info/pb2012/candidate.php?candidate_id=223,BATHINDA URBAN,INC,1,Graduate,"Rs 3,77,98,033 ~ 3 Crore+","Rs 25,42,815 ~ 25 Lacs+"
381,254,Harnek Singh Gharun,https://myneta.info/pb2012/candidate.php?candidate_id=254,KHARAR,PPOP,0,10th Pass,"Rs 5,45,59,120 ~ 5 Crore+","Rs 11,23,222 ~ 11 Lacs+"
382,584,Harnjinder Singh,https://myneta.info/pb2012/candidate.php?candidate_id=584,BHOLATH,DBSP,0,10th Pass,"Rs 1,22,000 ~ 1 Lacs+",Rs 0 ~
383,865,Harpal Singh,https://myneta.info/pb2012/candidate.php?candidate_id=865,TALWANDI SABO,IND,0,Not Given,"Rs 54,44,000 ~ 54 Lacs+",Rs 0 ~
384,492,Harparkash Singh,https://myneta.info/pb2012/candidate.php?candidate_id=492,PATIALA RURAL,BSP,0,8th Pass,"Rs 35,74,701 ~ 35 Lacs+","Rs 10,00,000 ~ 10 Lacs+"
385,30,Harpartap Singh,https://myneta.info/pb2012/candidate.php?candidate_id=30,AJNALA ,INC,0,Graduate Professional,"Rs 21,44,18,782 ~ 21 Crore+",Rs 0 ~
386,95,Harpreet Singh,https://myneta.info/pb2012/candidate.php?candidate_id=95,MALOUT (SC),SAD,0,Graduate Professional,"Rs 29,61,872 ~ 29 Lacs+","Rs 4,02,508 ~ 4 Lacs+"
387,694,Harpreet Singh Bansal,https://myneta.info/pb2012/candidate.php?candidate_id=694,ATAM NAGAR,IND,0,10th Pass,https://myneta.info/image_v2.php?myneta_folder=pb2012&candidate_id=694&col=ta,https://myneta.info/image_v2.php?myneta_folder=pb2012&candidate_id=694&col=lia
388,667,Harvinder Happy,https://myneta.info/pb2012/candidate.php?candidate_id=667,LUDHIANA EAST,IND,0,12th Pass,"Rs 1,79,30,000 ~ 1 Crore+","Rs 51,30,000 ~ 51 Lacs+"
389,867,Harvinder Singh,https://myneta.info/pb2012/candidate.php?candidate_id=867,MAUR,CPI(ML)(L),0,12th Pass,Rs 432 ~ 4 Hund+,"Rs 11,000 ~ 11 Thou+"
390,662,Harvinder Singh,https://myneta.info/pb2012/candidate.php?candidate_id=662,LUDHIANA EAST,SAD(A)(Simranjit Singh Mann),0,10th Pass,"Rs 97,400 ~ 97 Thou+",Rs 0 ~
391,1056,Harvinder Singh,https://myneta.info/pb2012/candidate.php?candidate_id=1056,HOSHIARPUR,IND,0,5th Pass,"Rs 3,08,000 ~ 3 Lacs+",Rs 0 ~
392,592,Harwinder Singh,https://myneta.info/pb2012/candidate.php?candidate_id=592,SULTANPUR LODHI,RVLP,0,12th Pass,"Rs 3,85,000 ~ 3 Lacs+",Rs 0 ~
393,315,Harwinder Singh Lakha,https://myneta.info/pb2012/candidate.php?candidate_id=315,GHANAUR,CPM,0,10th Pass,"Rs 5,40,000 ~ 5 Lacs+",Rs 0 ~
394,947,Hazura Singh Gill,https://myneta.info/pb2012/candidate.php?candidate_id=947,RUPNAGAR,BRSP,0,Graduate,"Rs 66,82,554 ~ 66 Lacs+","Rs 9,74,574 ~ 9 Lacs+"
395,69,Hira Singh Gabria,https://myneta.info/pb2012/candidate.php?candidate_id=69,ATAM NAGAR,SAD,0,10th Pass,"Rs 1,14,29,160 ~ 1 Crore+","Rs 30,28,040 ~ 30 Lacs+"
396,353,Hukam Singh Paharhpur,https://myneta.info/pb2012/candidate.php?candidate_id=353,SAMANA,PPOP,0,8th Pass,https://myneta.info/image_v2.php?myneta_folder=pb2012&candidate_id=353&col=ta,https://myneta.info/image_v2.php?myneta_folder=pb2012&candidate_id=353&col=lia
397,48,Inderbir Singh Bolaria,https://myneta.info/pb2012/candidate.php?candidate_id=48,AMRITSAR SOUTH,SAD,0,Graduate,"Rs 2,40,46,808 ~ 2 Crore+","Rs 33,39,014 ~ 33 Lacs+"
398,659,Inderjeet Singh Kasabad,https://myneta.info/pb2012/candidate.php?candidate_id=659,SAHNEWAL,IND,2,12th Pass,"Rs 4,32,22,000 ~ 4 Crore+","Rs 34,00,000 ~ 34 Lacs+"
399,713,Inderjit Singh,https://myneta.info/pb2012/candidate.php?candidate_id=713,GILL (SC),IND,0,10th Pass,"Rs 40,20,000 ~ 40 Lacs+","Rs 2,00,000 ~ 2 Lacs+"
400,789,Iqbal Singh,https://myneta.info/pb2012/candidate.php?candidate_id=789,LAMBI,SAD(A)(Simranjit Singh Mann),0,5th Pass,"Rs 10,02,000 ~ 10 Lacs+","Rs 4,00,000 ~ 4 Lacs+"
401,899,Iqbal Singh,https://myneta.info/pb2012/candidate.php?candidate_id=899,BHADAUR (SC),SAD(A)(Simranjit Singh Mann),0,10th Pass,"Rs 3,51,000 ~ 3 Lacs+","Rs 50,000 ~ 50 Thou+"
402,123,Iqbal Singh Jhundan,https://myneta.info/pb2012/candidate.php?candidate_id=123,AMARGARH,SAD,0,Graduate Professional,"Rs 16,35,76,193 ~ 16 Crore+","Rs 10,96,000 ~ 10 Lacs+"
403,202,Ishar Singh,https://myneta.info/pb2012/candidate.php?candidate_id=202,JAGRAON (SC),INC,0,Graduate,"Rs 2,33,87,000 ~ 2 Crore+","Rs 86,40,000 ~ 86 Lacs+"
404,669,Jagatjeet Singh,https://myneta.info/pb2012/candidate.php?candidate_id=669,LUDHIANA EAST,IND,3,12th Pass,"Rs 4,11,000 ~ 4 Lacs+",Rs 0 ~
405,171,Jagbir Singh,https://myneta.info/pb2012/candidate.php?candidate_id=171,JALANDHAR CANTT. ,INC,0,Graduate Professional,https://myneta.info/image_v2.php?myneta_folder=pb2012&candidate_id=171&col=ta,https://myneta.info/image_v2.php?myneta_folder=pb2012&candidate_id=171&col=lia
406,716,Jagdeep Singh,https://myneta.info/pb2012/candidate.php?candidate_id=716,PAYAL (SC),BSP(Kanshiram),0,10th Pass,"Rs 33,90,702 ~ 33 Lacs+","Rs 52,352 ~ 52 Thou+"
407,870,Jagdeep Singh,https://myneta.info/pb2012/candidate.php?candidate_id=870,MAUR,IND,0,10th Pass,"Rs 5,25,000 ~ 5 Lacs+",Rs 0 ~
408,125,Jagdeep Singh Cheema,https://myneta.info/pb2012/candidate.php?candidate_id=125,AMLOH,SAD,0,12th Pass,"Rs 3,73,87,250 ~ 3 Crore+","Rs 22,15,449 ~ 22 Lacs+"
409,534,Jagdish Kaur,https://myneta.info/pb2012/candidate.php?candidate_id=534,AJNALA ,BSP(A),0,Others,"Rs 25,000 ~ 25 Thou+",Rs 0 ~
410,359,Jagdish Kumar Jassal,https://myneta.info/pb2012/candidate.php?candidate_id=359,ADAMPUR (SC),PnPP,1,10th Pass,"Rs 91,47,085 ~ 91 Lacs+",Rs 0 ~
411,518,Jagdish Masih,https://myneta.info/pb2012/candidate.php?candidate_id=518,GURDASPUR,IND,0,10th Pass,"Rs 35,000 ~ 35 Thou+",Rs 0 ~
412,821,Jagdish Rai Sharma,https://myneta.info/pb2012/candidate.php?candidate_id=821,FARIDKOT,IND,0,Post Graduate,"Rs 29,09,550 ~ 29 Lacs+",Rs 0 ~
413,393,Jagdish Raj,https://myneta.info/pb2012/candidate.php?candidate_id=393,AMRITSAR CENTRAL ,BSP,0,5th Pass,"Rs 1,30,000 ~ 1 Lacs+",Rs 0 ~
414,388,Jagdish Singh,https://myneta.info/pb2012/candidate.php?candidate_id=388,AJNALA ,BSP,0,10th Pass,https://myneta.info/image_v2.php?myneta_folder=pb2012&candidate_id=388&col=ta,https://myneta.info/image_v2.php?myneta_folder=pb2012&candidate_id=388&col=lia
415,587,Jagir Kaur,https://myneta.info/pb2012/candidate.php?candidate_id=587,BHOLATH,IND,0,5th Pass,"Rs 1,19,86,000 ~ 1 Crore+","Rs 2,90,000 ~ 2 Lacs+"
416,400,Jagjeet Singh,https://myneta.info/pb2012/candidate.php?candidate_id=400,RAJPURA,BSP,0,8th Pass,"Rs 25,00,000 ~ 25 Lacs+","Rs 6,00,000 ~ 6 Lacs+"
417,869,Jagjit,https://myneta.info/pb2012/candidate.php?candidate_id=869,MAUR,IND,0,5th Pass,"Rs 1,06,11,000 ~ 1 Crore+",Rs 0 ~
418,166,Jagjit Singh,https://myneta.info/pb2012/candidate.php?candidate_id=166,KARTARPUR (SC),INC,3,10th Pass,"Rs 3,38,91,000 ~ 3 Crore+",Rs 0 ~
419,481,Jagjit Singh,https://myneta.info/pb2012/candidate.php?candidate_id=481,LEHRA,BSP,0,10th Pass,"Rs 36,16,000 ~ 36 Lacs+","Rs 1,70,000 ~ 1 Lacs+"
420,297,Jagjit Singh Brar,https://myneta.info/pb2012/candidate.php?candidate_id=297,MUKTSAR,PPOP,1,Graduate,"Rs 19,14,61,374 ~ 19 Crore+",Rs 0 ~
421,113,Jagmeet Kaur Sandhu,https://myneta.info/pb2012/candidate.php?candidate_id=113,CHAMKAUR SAHIB (SC),SAD,0,Post Graduate,"Rs 12,49,176 ~ 12 Lacs+",Rs 0 ~
422,318,Jagmeet Singh Sahota,https://myneta.info/pb2012/candidate.php?candidate_id=318,AMLOH,PPOP,0,Graduate Professional,"Rs 1,75,89,131 ~ 1 Crore+","Rs 20,00,000 ~ 20 Lacs+"
423,670,Jagmohan Sharma,https://myneta.info/pb2012/candidate.php?candidate_id=670,LUDHIANA EAST,IND,0,10th Pass,https://myneta.info/image_v2.php?myneta_folder=pb2012&candidate_id=670&col=ta,https://myneta.info/image_v2.php?myneta_folder=pb2012&candidate_id=670&col=lia
424,449,Jagmohan Singh,https://myneta.info/pb2012/candidate.php?candidate_id=449,KHARAR,INC,0,Post Graduate,"Rs 18,80,66,000 ~ 18 Crore+","Rs 7,38,000 ~ 7 Lacs+"
425,406,Jagpreet Singh,https://myneta.info/pb2012/candidate.php?candidate_id=406,BHOLATH,BSP,0,Graduate,"Rs 8,54,980 ~ 8 Lacs+",Rs 0 ~
426,901,Jagsir Singh @ Jagga Singh,https://myneta.info/pb2012/candidate.php?candidate_id=901,BHADAUR (SC),BSP(A),0,Illiterate,Nil,Rs 0 ~
427,1065,Jagtar Singh,https://myneta.info/pb2012/candidate.php?candidate_id=1065,ANANDPUR SAHIB,IND,0,10th Pass,"Rs 27,88,218 ~ 27 Lacs+",Rs 0 ~
428,402,Jagtar Singh,https://myneta.info/pb2012/candidate.php?candidate_id=402,KHADOOR SAHIB,BSP,0,10th Pass,"Rs 4,31,800 ~ 4 Lacs+","Rs 80,000 ~ 80 Thou+"
429,463,Jagtar Singh,https://myneta.info/pb2012/candidate.php?candidate_id=463,JALALABAD ,BSP,0,8th Pass,"Rs 1,44,45,000 ~ 1 Crore+",Rs 0 ~
430,468,Jai Dev Singh,https://myneta.info/pb2012/candidate.php?candidate_id=468,MUKTSAR,BSP,0,Post Graduate,"Rs 3,39,74,947 ~ 3 Crore+",Rs 0 ~
431,267,Jaimal Singh,https://myneta.info/pb2012/candidate.php?candidate_id=267,SULTANPUR LODHI,PPOP,0,10th Pass,"Rs 1,08,54,434 ~ 1 Crore+","Rs 5,85,046 ~ 5 Lacs+"
432,370,Janmeja Singh,https://myneta.info/pb2012/candidate.php?candidate_id=370,MAUR,SAD,0,12th Pass,https://myneta.info/image_v2.php?myneta_folder=pb2012&candidate_id=370&col=ta,https://myneta.info/image_v2.php?myneta_folder=pb2012&candidate_id=370&col=lia
433,535,Jaraj Masih,https://myneta.info/pb2012/candidate.php?candidate_id=535,AJNALA ,SSPD,0,10th Pass,"Rs 12,00,000 ~ 12 Lacs+",Rs 0 ~
434,409,Jarnail Singh,https://myneta.info/pb2012/candidate.php?candidate_id=409,PHAGWARA (SC),BSP,1,12th Pass,"Rs 4,97,306 ~ 4 Lacs+",Rs 0 ~
435,906,Jarnail Singh,https://myneta.info/pb2012/candidate.php?candidate_id=906,BHADAUR (SC),IND,0,Not Given,"Rs 3,20,000 ~ 3 Lacs+",Rs 0 ~
436,992,Jarnail Singh,https://myneta.info/pb2012/candidate.php?candidate_id=992,PATIALA,IND,1,10th Pass,"Rs 4,19,596 ~ 4 Lacs+",Rs 0 ~
437,950,Jarnail Singh,https://myneta.info/pb2012/candidate.php?candidate_id=950,RUPNAGAR,IND,0,Post Graduate,"Rs 2,28,29,800 ~ 2 Crore+","Rs 28,00,000 ~ 28 Lacs+"
438,581,Jarnail Singh Kot Mehtab,https://myneta.info/pb2012/candidate.php?candidate_id=581,BABA BAKALA (SC),IND,0,10th Pass,"Rs 7,08,000 ~ 7 Lacs+",Rs 0 ~
439,200,Jasbir Singh Khangura,https://myneta.info/pb2012/candidate.php?candidate_id=200,DAKHA ,INC,1,Graduate,"Rs 32,47,26,000 ~ 32 Crore+","Rs 1,53,41,000 ~ 1 Crore+"
440,320,Jasbir Singh Sham,https://myneta.info/pb2012/candidate.php?candidate_id=320,AMRITSAR SOUTH,PPOP,0,10th Pass,"Rs 1,22,90,000 ~ 1 Crore+",Rs 0 ~
441,189,Jasjit Singh,https://myneta.info/pb2012/candidate.php?candidate_id=189,DERA BASSI,INC,0,Graduate Professional,https://myneta.info/image_v2.php?myneta_folder=pb2012&candidate_id=189&col=ta,https://myneta.info/image_v2.php?myneta_folder=pb2012&candidate_id=189&col=lia
442,905,Jasmail Singh,https://myneta.info/pb2012/candidate.php?candidate_id=905,BHADAUR (SC),IND,0,5th Pass,"Rs 18,21,296 ~ 18 Lacs+","Rs 1,80,000 ~ 1 Lacs+"
443,344,Jasmail Singh Bondali,https://myneta.info/pb2012/candidate.php?candidate_id=344,SAMRALA,PPOP,1,Graduate,"Rs 1,55,20,000 ~ 1 Crore+","Rs 1,50,000 ~ 1 Lacs+"
444,620,Jasmer Singh,https://myneta.info/pb2012/candidate.php?candidate_id=620,S.A.S. NAGAR,SAD(A)(Simranjit Singh Mann),0,Others,"Rs 48,40,000 ~ 48 Lacs+",Rs 0 ~
445,1008,Jaspal Joshi,https://myneta.info/pb2012/candidate.php?candidate_id=1008,URMAR,SHS,0,10th Pass,"Rs 68,000 ~ 68 Thou+",Rs 0 ~
446,775,Jaspal Singh,https://myneta.info/pb2012/candidate.php?candidate_id=775,FAZILKA,IND,0,5th Pass,"Rs 1,36,096 ~ 1 Lacs+",Rs 0 ~
447,1069,Jaspal Singh,https://myneta.info/pb2012/candidate.php?candidate_id=1069,AMRITSAR WEST (SC),IND,0,8th Pass,"Rs 10,52,800 ~ 10 Lacs+",Rs 0 ~
448,695,Jaspal Singh,https://myneta.info/pb2012/candidate.php?candidate_id=695,LUDHIANA CENTRAL,BGTD,0,12th Pass,"Rs 3,07,500 ~ 3 Lacs+","Rs 55,000 ~ 55 Thou+"
449,1074,Jasvir Singh,https://myneta.info/pb2012/candidate.php?candidate_id=1074,AMRITSAR SOUTH,IND,0,8th Pass,"Rs 2,34,04,435 ~ 2 Crore+",Rs 0 ~
450,851,Jasvir Singh,https://myneta.info/pb2012/candidate.php?candidate_id=851,BATHINDA URBAN,LJP,0,Not Given,https://myneta.info/image_v2.php?myneta_folder=pb2012&candidate_id=851&col=ta,https://myneta.info/image_v2.php?myneta_folder=pb2012&candidate_id=851&col=lia
451,839,Jaswant Singh,https://myneta.info/pb2012/candidate.php?candidate_id=839,RAMPURA PHUL,IND,0,5th Pass,"Rs 1,07,93,100 ~ 1 Crore+","Rs 1,15,000 ~ 1 Lacs+"
452,974,Jaswant Singh,https://myneta.info/pb2012/candidate.php?candidate_id=974,DERA BASSI,IND,0,10th Pass,"Rs 2,42,61,000 ~ 2 Crore+","Rs 70,00,000 ~ 70 Lacs+"
453,811,Jaswinder Kaur,https://myneta.info/pb2012/candidate.php?candidate_id=811,MUKTSAR,LJP,0,Illiterate,"Rs 20,590 ~ 20 Thou+",Rs 0 ~
454,740,Jaswinder Kaur,https://myneta.info/pb2012/candidate.php?candidate_id=740,ZIRA,IND,0,5th Pass,"Rs 14,22,07,486 ~ 14 Crore+","Rs 4,09,430 ~ 4 Lacs+"
455,793,Jaswinder Singh,https://myneta.info/pb2012/candidate.php?candidate_id=793,LAMBI,IND,0,Graduate Professional,"Rs 42,99,000 ~ 42 Lacs+","Rs 1,00,000 ~ 1 Lacs+"
456,1009,Jaswinder Singh,https://myneta.info/pb2012/candidate.php?candidate_id=1009,URMAR,IND,0,Doctorate,"Rs 1,46,54,902 ~ 1 Crore+","Rs 60,32,968 ~ 60 Lacs+"
457,776,Jaswinder Singh,https://myneta.info/pb2012/candidate.php?candidate_id=776,FAZILKA,IND,1,10th Pass,"Rs 3,28,32,630 ~ 3 Crore+","Rs 15,62,411 ~ 15 Lacs+"
458,589,Jaswinder Singh,https://myneta.info/pb2012/candidate.php?candidate_id=589,KAPURTHALA,BGTD,0,Graduate,"Rs 15,65,000 ~ 15 Lacs+",Rs 0 ~
459,569,Jatinderpal Singh,https://myneta.info/pb2012/candidate.php?candidate_id=569,KHEM KARAN,IND,0,Post Graduate,https://myneta.info/image_v2.php?myneta_folder=pb2012&candidate_id=569&col=ta,https://myneta.info/image_v2.php?myneta_folder=pb2012&candidate_id=569&col=lia
460,375,Jeet Mohinder Singh Sidhu,https://myneta.info/pb2012/candidate.php?candidate_id=375,TALWANDI SABO,INC,0,Graduate,"Rs 9,58,06,826 ~ 9 Crore+","Rs 1,00,00,000 ~ 1 Crore+"
461,596,Jit,https://myneta.info/pb2012/candidate.php?candidate_id=596,SULTANPUR LODHI,IND,0,Illiterate,"Rs 11,000 ~ 11 Thou+",Rs 0 ~
462,1089,Jog Raj,https://myneta.info/pb2012/candidate.php?candidate_id=1089,BANGA (SC),IND,0,8th Pass,"Rs 14,05,000 ~ 14 Lacs+",Rs 0 ~
463,328,Joga Singh,https://myneta.info/pb2012/candidate.php?candidate_id=328,PATIALA,PPOP,1,10th Pass,"Rs 4,49,67,250 ~ 4 Crore+","Rs 4,30,000 ~ 4 Lacs+"
464,205,Joginder Pal Jain,https://myneta.info/pb2012/candidate.php?candidate_id=205,MOGA,INC,2,12th Pass,"Rs 7,70,63,736 ~ 7 Crore+","Rs 36,98,718 ~ 36 Lacs+"
465,33,Joginder Singh,https://myneta.info/pb2012/candidate.php?candidate_id=33,JAITU (SC),INC,1,5th Pass,"Rs 2,47,58,263 ~ 2 Crore+","Rs 6,23,874 ~ 6 Lacs+"
466,753,Joginder Singh,https://myneta.info/pb2012/candidate.php?candidate_id=753,GURU HAR SAHAI ,SAD(A)(Simranjit Singh Mann),0,10th Pass,"Rs 1,80,000 ~ 1 Lacs+",Rs 0 ~
467,100,Joginder Singh Jindu,https://myneta.info/pb2012/candidate.php?candidate_id=100,FIROZPUR RURAL (SC),SAD,2,8th Pass,"Rs 1,38,38,314 ~ 1 Crore+","Rs 91,13,288 ~ 91 Lacs+"
468,625,Joginder Singh Jogi,https://myneta.info/pb2012/candidate.php?candidate_id=625,S.A.S. NAGAR,IND,0,8th Pass,https://myneta.info/image_v2.php?myneta_folder=pb2012&candidate_id=625&col=ta,https://myneta.info/image_v2.php?myneta_folder=pb2012&candidate_id=625&col=lia
469,395,Jugal Kishore,https://myneta.info/pb2012/candidate.php?candidate_id=395,AMRITSAR SOUTH,BSP,0,Graduate,"Rs 10,20,500 ~ 10 Lacs+",Rs 0 ~
470,413,Kamal Dev,https://myneta.info/pb2012/candidate.php?candidate_id=413,KARTARPUR (SC),BSP,1,10th Pass,"Rs 5,40,842 ~ 5 Lacs+","Rs 2,82,415 ~ 2 Lacs+"
471,617,Kamal Kishore,https://myneta.info/pb2012/candidate.php?candidate_id=617,KHARAR,IND,0,Post Graduate,"Rs 40,66,00,000 ~ 40 Crore+","Rs 2,55,000 ~ 2 Lacs+"
472,1046,Kamaldeep Singh,https://myneta.info/pb2012/candidate.php?candidate_id=1046,JALANDHAR CENTRAL,IND,0,12th Pass,"Rs 31,000 ~ 31 Thou+",Rs 0 ~
473,339,Kamaljeet Singh Kakora,https://myneta.info/pb2012/candidate.php?candidate_id=339,NAKODAR,PPOP,0,Graduate,"Rs 31,44,707 ~ 31 Lacs+","Rs 7,28,523 ~ 7 Lacs+"
474,331,Kamaljit Nahar,https://myneta.info/pb2012/candidate.php?candidate_id=331,BANGA (SC),PPOP,0,Graduate,"Rs 64,31,993 ~ 64 Lacs+","Rs 11,62,204 ~ 11 Lacs+"
475,183,Kanwar Pal Singh,https://myneta.info/pb2012/candidate.php?candidate_id=183,ANANDPUR SAHIB,INC,0,Graduate Professional,"Rs 3,30,58,688 ~ 3 Crore+","Rs 51,60,569 ~ 51 Lacs+"
476,56,Kanwarjit Singh,https://myneta.info/pb2012/candidate.php?candidate_id=56,MUKTSAR,SAD,1,12th Pass,"Rs 1,88,47,082 ~ 1 Crore+","Rs 30,27,988 ~ 30 Lacs+"
477,897,Karam Singh,https://myneta.info/pb2012/candidate.php?candidate_id=897,SUNAM,IND,0,8th Pass,https://myneta.info/image_v2.php?myneta_folder=pb2012&candidate_id=897&col=ta,https://myneta.info/image_v2.php?myneta_folder=pb2012&candidate_id=897&col=lia
478,957,Karamjit Kaur,https://myneta.info/pb2012/candidate.php?candidate_id=957,PATIALA RURAL,IND,0,8th Pass,"Rs 21,55,000 ~ 21 Lacs+",Rs 0 ~
479,991,Karamjit Kaur,https://myneta.info/pb2012/candidate.php?candidate_id=991,PATIALA,IND,0,8th Pass,"Rs 21,05,000 ~ 21 Lacs+",Rs 0 ~
480,638,Karamjit Kaur Dharamsot,https://myneta.info/pb2012/candidate.php?candidate_id=638,AMLOH,IND,0,5th Pass,"Rs 1,10,000 ~ 1 Lacs+",Rs 0 ~
481,623,Karamjit Singh,https://myneta.info/pb2012/candidate.php?candidate_id=623,S.A.S. NAGAR,IND,0,12th Pass,"Rs 71,51,000 ~ 71 Lacs+",Rs 0 ~
482,824,Karamjit Singh,https://myneta.info/pb2012/candidate.php?candidate_id=824,KOTKAPURA,SAD(A)(Simranjit Singh Mann),0,Not Given,"Rs 2,500 ~ 2 Thou+",Rs 0 ~
483,146,Karamjit Singh Rintu,https://myneta.info/pb2012/candidate.php?candidate_id=146,AMRITSAR NORTH ,INC,0,Graduate,"Rs 4,28,17,193 ~ 4 Crore+","Rs 33,74,171 ~ 33 Lacs+"
484,219,Karan Kaur,https://myneta.info/pb2012/candidate.php?candidate_id=219,MUKTSAR,INC,0,Graduate,"Rs 1,28,43,78,782 ~ 128 Crore+","Rs 1,66,31,941 ~ 1 Crore+"
485,618,Karnail Singh,https://myneta.info/pb2012/candidate.php?candidate_id=618,KHARAR,IND,0,10th Pass,"Rs 34,28,599 ~ 34 Lacs+","Rs 80,00,000 ~ 80 Lacs+"
486,643,Karnail Singh,https://myneta.info/pb2012/candidate.php?candidate_id=643,KHANNA,IND,0,Graduate,https://myneta.info/image_v2.php?myneta_folder=pb2012&candidate_id=643&col=ta,https://myneta.info/image_v2.php?myneta_folder=pb2012&candidate_id=643&col=lia
487,513,Kartar Singh Khalsa,https://myneta.info/pb2012/candidate.php?candidate_id=513,PATHANKOT,IND,0,10th Pass,"Rs 5,000 ~ 5 Thou+",Rs 0 ~
488,465,Kashmir Singh,https://myneta.info/pb2012/candidate.php?candidate_id=465,BALLUANA (SC),BSP,0,Post Graduate,"Rs 2,45,439 ~ 2 Lacs+","Rs 1,00,000 ~ 1 Lacs+"
489,1013,Kashmir Singh,https://myneta.info/pb2012/candidate.php?candidate_id=1013,SHAHKOT,IND,0,10th Pass,"Rs 41,019 ~ 41 Thou+",Rs 0 ~
490,327,Kashmir Singh Khunda,https://myneta.info/pb2012/candidate.php?candidate_id=327,SRI HARGOBINDPUR (SC),PPOP,0,Post Graduate,"Rs 35,90,000 ~ 35 Lacs+","Rs 6,85,000 ~ 6 Lacs+"
491,405,Kashmir Singh Nawada,https://myneta.info/pb2012/candidate.php?candidate_id=405,PATTI ,BSP,0,5th Pass,"Rs 31,25,500 ~ 31 Lacs+",Rs 0 ~
492,828,Kaur Singh,https://myneta.info/pb2012/candidate.php?candidate_id=828,KOTKAPURA,IND,0,8th Pass,"Rs 11,30,000 ~ 11 Lacs+",Rs 0 ~
493,577,Kawaljit Singh,https://myneta.info/pb2012/candidate.php?candidate_id=577,BABA BAKALA (SC),BSP(A),0,10th Pass,"Rs 54,000 ~ 54 Thou+",Rs 0 ~
494,1031,Kewal Krishan Sabharwal,https://myneta.info/pb2012/candidate.php?candidate_id=1031,KARTARPUR (SC),IND,0,10th Pass,"Rs 60,000 ~ 60 Thou+",Rs 0 ~
495,455,Kewal Singh,https://myneta.info/pb2012/candidate.php?candidate_id=455,NIHAL SINGHWALA (SC),BSP,0,Others,https://myneta.info/image_v2.php?myneta_folder=pb2012&candidate_id=455&col=ta,https://myneta.info/image_v2.php?myneta_folder=pb2012&candidate_id=455&col=lia
496,719,Kewal Singh,https://myneta.info/pb2012/candidate.php?candidate_id=719,DAKHA ,IND,0,Not Given,"Rs 14,000 ~ 14 Thou+",Rs 0 ~
497,721,Kewal Singh,https://myneta.info/pb2012/candidate.php?candidate_id=721,JAGRAON (SC),SAD(A)(Simranjit Singh Mann),0,5th Pass,"Rs 6,26,000 ~ 6 Lacs+",Rs 0 ~
498,236,Kewal Singh Dhillon,https://myneta.info/pb2012/candidate.php?candidate_id=236,BARNALA,INC,0,12th Pass,"Rs 78,51,58,028 ~ 78 Crore+","Rs 21,85,92,382 ~ 21 Crore+"
499,293,Khushia Singh,https://myneta.info/pb2012/candidate.php?candidate_id=293,BHADAUR (SC),CPI,3,Illiterate,"Rs 11,00,000 ~ 11 Lacs+",Rs 0 ~
500,819,Khushpreet Kaur @ Khushpal Kaur,https://myneta.info/pb2012/candidate.php?candidate_id=819,FARIDKOT,IND,0,10th Pass,"Rs 20,48,000 ~ 20 Lacs+","Rs 2,00,000 ~ 2 Lacs+"
501,469,Kikkar Singh,https://myneta.info/pb2012/candidate.php?candidate_id=469,FARIDKOT,BSP,0,5th Pass,"Rs 23,76,000 ~ 23 Lacs+",Rs 0 ~
502,717,Kiran Bala,https://myneta.info/pb2012/candidate.php?candidate_id=717,PAYAL (SC),IND,0,Graduate,"Rs 25,78,410 ~ 25 Lacs+","Rs 2,00,000 ~ 2 Lacs+"
503,502,Kiran Sharma,https://myneta.info/pb2012/candidate.php?candidate_id=502,SUJANPUR,IND,0,10th Pass,"Rs 7,24,575 ~ 7 Lacs+","Rs 60,000 ~ 60 Thou+"
504,790,Kiranjit Singh Gehri,https://myneta.info/pb2012/candidate.php?candidate_id=790,LAMBI,LJP,0,10th Pass,https://myneta.info/image_v2.php?myneta_folder=pb2012&candidate_id=790&col=ta,https://myneta.info/image_v2.php?myneta_folder=pb2012&candidate_id=790&col=lia
505,859,Kiranjit Singh Gehri,https://myneta.info/pb2012/candidate.php?candidate_id=859,BATHINDA RURAL (SC),LJP,0,Not Given,"Rs 1,35,000 ~ 1 Lacs+",Rs 0 ~
506,50,Kirpal Singh,https://myneta.info/pb2012/candidate.php?candidate_id=50,SAMRALA,SAD,1,12th Pass,"Rs 6,06,55,700 ~ 6 Crore+","Rs 26,70,072 ~ 26 Lacs+"
507,660,Krishan Kumar Sharma,https://myneta.info/pb2012/candidate.php?candidate_id=660,SAHNEWAL,IND,0,Others,"Rs 65,000 ~ 65 Thou+",Rs 0 ~
508,9,Krishna Dev Bhandari,https://myneta.info/pb2012/candidate.php?candidate_id=9,JALANDHAR NORTH,BJP,0,Graduate,"Rs 1,74,63,433 ~ 1 Crore+","Rs 22,54,845 ~ 22 Lacs+"
509,745,Kuldeep Kaur Sandhu,https://myneta.info/pb2012/candidate.php?candidate_id=745,FIROZPUR CITY,IND,0,Post Graduate,"Rs 16,88,44,000 ~ 16 Crore+","Rs 99,82,000 ~ 99 Lacs+"
510,1047,Kuldeep Kumar,https://myneta.info/pb2012/candidate.php?candidate_id=1047,JALANDHAR CENTRAL,IND,0,Graduate,"Rs 75,000 ~ 75 Thou+",Rs 0 ~
511,435,Kuldeep Singh,https://myneta.info/pb2012/candidate.php?candidate_id=435,AMLOH,BSP,0,Illiterate,"Rs 8,03,31,236 ~ 8 Crore+","Rs 2,49,836 ~ 2 Lacs+"
512,729,Kuldeep Singh,https://myneta.info/pb2012/candidate.php?candidate_id=729,BHAGHA PURANA,IND,0,10th Pass,"Rs 24,31,500 ~ 24 Lacs+","Rs 1,00,000 ~ 1 Lacs+"
513,479,Kuldeep Singh,https://myneta.info/pb2012/candidate.php?candidate_id=479,SARDULGARH,BSP,0,10th Pass,https://myneta.info/image_v2.php?myneta_folder=pb2012&candidate_id=479&col=ta,https://myneta.info/image_v2.php?myneta_folder=pb2012&candidate_id=479&col=lia
514,387,Kuldeep Singh,https://myneta.info/pb2012/candidate.php?candidate_id=387,ABOHAR,BSP,0,Graduate,"Rs 44,68,675 ~ 44 Lacs+","Rs 6,00,000 ~ 6 Lacs+"
515,627,Kuldeep Singh,https://myneta.info/pb2012/candidate.php?candidate_id=627,BASSI PATHANA (SC),IND,1,10th Pass,"Rs 1,70,000 ~ 1 Lacs+",Rs 0 ~
516,358,Kuldeep Singh Cheema,https://myneta.info/pb2012/candidate.php?candidate_id=358,JALANDHAR CENTRAL,PPOP,0,Graduate,"Rs 1,55,17,000 ~ 1 Crore+","Rs 70,000 ~ 70 Thou+"
517,252,Kuldip Singh Dhose,https://myneta.info/pb2012/candidate.php?candidate_id=252,DHARAMKOT,PPOP,0,10th Pass,"Rs 2,11,08,385 ~ 2 Crore+","Rs 2,90,142 ~ 2 Lacs+"
518,133,Kuljit Singh Nagra,https://myneta.info/pb2012/candidate.php?candidate_id=133,FATEHGARH SAHIB,INC,1,Graduate Professional,"Rs 4,05,62,286 ~ 4 Crore+","Rs 1,76,600 ~ 1 Lacs+"
519,948,Kulwant Kaur,https://myneta.info/pb2012/candidate.php?candidate_id=948,RUPNAGAR,SAD(A)(Simranjit Singh Mann),0,10th Pass,"Rs 2,31,17,445 ~ 2 Crore+",Rs 0 ~
520,565,Kulwant Singh,https://myneta.info/pb2012/candidate.php?candidate_id=565,KHEM KARAN,SAD(A)(Simranjit Singh Mann),0,Not Given,"Rs 32,20,000 ~ 32 Lacs+",Rs 0 ~
521,529,Kulwant Singh,https://myneta.info/pb2012/candidate.php?candidate_id=529,FATEHGARH CHURIAN,SAD(A)(Simranjit Singh Mann),0,Not Given,"Rs 48,00,000 ~ 48 Lacs+","Rs 2,00,000 ~ 2 Lacs+"
522,381,Kulwant Singh,https://myneta.info/pb2012/candidate.php?candidate_id=381,QADIAN ,BSP,0,10th Pass,https://myneta.info/image_v2.php?myneta_folder=pb2012&candidate_id=381&col=ta,https://myneta.info/image_v2.php?myneta_folder=pb2012&candidate_id=381&col=lia
523,579,Kulwant Singh,https://myneta.info/pb2012/candidate.php?candidate_id=579,BABA BAKALA (SC),IND,0,Illiterate,"Rs 20,441 ~ 20 Thou+",Rs 0 ~
524,272,Kulwant Singh Lohgarh,https://myneta.info/pb2012/candidate.php?candidate_id=272,BARNALA,PPOP,0,8th Pass,"Rs 1,26,75,000 ~ 1 Crore+","Rs 9,30,000 ~ 9 Lacs+"
525,1018,Kulwinder Singh,https://myneta.info/pb2012/candidate.php?candidate_id=1018,NAWAN SHAHR,IND,0,Graduate,"Rs 21,35,000 ~ 21 Lacs+","Rs 2,80,000 ~ 2 Lacs+"
526,954,Kundan,https://myneta.info/pb2012/candidate.php?candidate_id=954,PATIALA RURAL,BRSP,0,Graduate,"Rs 43,50,000 ~ 43 Lacs+",Rs 0 ~
527,438,Labh Singh,https://myneta.info/pb2012/candidate.php?candidate_id=438,SAHNEWAL,BSP,0,8th Pass,"Rs 15,85,000 ~ 15 Lacs+",Rs 0 ~
528,998,Labh Singh,https://myneta.info/pb2012/candidate.php?candidate_id=998,SHUTRANA (SC),SAD(A)(Simranjit Singh Mann),0,Illiterate,"Rs 8,64,000 ~ 8 Lacs+",Rs 0 ~
529,641,Labh Singh Ahluwalia,https://myneta.info/pb2012/candidate.php?candidate_id=641,AMLOH,IND,0,Graduate,"Rs 92,80,500 ~ 92 Lacs+",Rs 0 ~
530,930,Lachhman Singh,https://myneta.info/pb2012/candidate.php?candidate_id=930,AMARGARH,IND,0,5th Pass,"Rs 3,00,000 ~ 3 Lacs+",Rs 0 ~
531,484,Lachman Singh,https://myneta.info/pb2012/candidate.php?candidate_id=484,BHADAUR (SC),BSP,0,8th Pass,https://myneta.info/image_v2.php?myneta_folder=pb2012&candidate_id=484&col=ta,https://myneta.info/image_v2.php?myneta_folder=pb2012&candidate_id=484&col=lia
532,967,Lahori Singh,https://myneta.info/pb2012/candidate.php?candidate_id=967,RAJPURA,BRSP,0,8th Pass,"Rs 8,75,000 ~ 8 Lacs+",Rs 0 ~
533,110,Lakhveer Singh Lodhinangal,https://myneta.info/pb2012/candidate.php?candidate_id=110,BATALA,SAD,0,10th Pass,"Rs 9,37,39,754 ~ 9 Crore+","Rs 1,00,34,504 ~ 1 Crore+"
534,199,Lakhvir Singh,https://myneta.info/pb2012/candidate.php?candidate_id=199,PAYAL (SC),INC,0,Post Graduate,"Rs 56,78,558 ~ 56 Lacs+","Rs 3,40,034 ~ 3 Lacs+"
535,528,Lakhwinder Kaur,https://myneta.info/pb2012/candidate.php?candidate_id=528,SRI HARGOBINDPUR (SC),IND,0,Illiterate,"Rs 3,06,000 ~ 3 Lacs+",Rs 0 ~
536,862,Lal Chand,https://myneta.info/pb2012/candidate.php?candidate_id=862,TALWANDI SABO,LJP,0,Not Given,"Rs 30,50,000 ~ 30 Lacs+",Rs 0 ~
537,508,Lal Chand,https://myneta.info/pb2012/candidate.php?candidate_id=508,BHOA (SC),IND,0,10th Pass,"Rs 6,74,500 ~ 6 Lacs+","Rs 7,000 ~ 7 Thou+"
538,683,Lal Chand Rao,https://myneta.info/pb2012/candidate.php?candidate_id=683,LUDHIANA SOUTH,IND,0,8th Pass,"Rs 1,60,000 ~ 1 Lacs+",Rs 0 ~
539,647,Lalit Sharma,https://myneta.info/pb2012/candidate.php?candidate_id=647,KHANNA,IND,0,8th Pass,"Rs 23,55,652 ~ 23 Lacs+",Rs 0 ~
540,179,Lov Kumar Goldy,https://myneta.info/pb2012/candidate.php?candidate_id=179,GARHSHANKAR,INC,0,Graduate,https://myneta.info/image_v2.php?myneta_folder=pb2012&candidate_id=179&col=ta,https://myneta.info/image_v2.php?myneta_folder=pb2012&candidate_id=179&col=lia
541,1036,Love Kishor,https://myneta.info/pb2012/candidate.php?candidate_id=1036,JALANDHAR WEST (SC),BSA,0,Illiterate,"Rs 2,51,000 ~ 2 Lacs+",Rs 0 ~
542,1034,Lubhaya Ram,https://myneta.info/pb2012/candidate.php?candidate_id=1034,KARTARPUR (SC),IND,0,Literate,"Rs 8,10,000 ~ 8 Lacs+",Rs 0 ~
543,431,Maan Singh,https://myneta.info/pb2012/candidate.php?candidate_id=431,DERA BASSI,IND,0,12th Pass,"Rs 9,00,000 ~ 9 Lacs+","Rs 10,00,000 ~ 10 Lacs+"
544,242,Madan Lal,https://myneta.info/pb2012/candidate.php?candidate_id=242,GHANAUR,INC,0,8th Pass,"Rs 5,91,33,607 ~ 5 Crore+","Rs 8,47,508 ~ 8 Lacs+"
545,982,Madan Lal Thekedar,https://myneta.info/pb2012/candidate.php?candidate_id=982,GHANAUR,IND,0,8th Pass,"Rs 1,25,09,703 ~ 1 Crore+","Rs 3,00,000 ~ 3 Lacs+"
546,13,Madan Mohan Mittal,https://myneta.info/pb2012/candidate.php?candidate_id=13,ANANDPUR SAHIB,BJP,0,Graduate Professional,"Rs 7,54,54,738 ~ 7 Crore+","Rs 67,00,000 ~ 67 Lacs+"
547,984,Madan Mohan Sood,https://myneta.info/pb2012/candidate.php?candidate_id=984,SANOUR,BRSP,0,Graduate,"Rs 60,14,000 ~ 60 Lacs+",Rs 0 ~
548,491,Maghar Singh,https://myneta.info/pb2012/candidate.php?candidate_id=491,NABHA (SC),BSP,0,5th Pass,"Rs 24,20,000 ~ 24 Lacs+",Rs 0 ~
549,495,Maghar Singh,https://myneta.info/pb2012/candidate.php?candidate_id=495,SAMANA,BSP,0,10th Pass,https://myneta.info/image_v2.php?myneta_folder=pb2012&candidate_id=495&col=ta,https://myneta.info/image_v2.php?myneta_folder=pb2012&candidate_id=495&col=lia
550,642,Mahan Singh,https://myneta.info/pb2012/candidate.php?candidate_id=642,KHANNA,SAD(A)(Simranjit Singh Mann),0,10th Pass,"Rs 45,28,000 ~ 45 Lacs+","Rs 1,20,000 ~ 1 Lacs+"
551,112,Maheshinder Singh,https://myneta.info/pb2012/candidate.php?candidate_id=112,BHAGHA PURANA,SAD,0,Graduate,"Rs 9,59,34,847 ~ 9 Crore+",Rs 0 ~
552,216,Maheshinder Singh,https://myneta.info/pb2012/candidate.php?candidate_id=216,LAMBI,INC,1,Graduate Professional,"Rs 7,14,16,233 ~ 7 Crore+","Rs 2,01,413 ~ 2 Lacs+"
553,971,Mahinder Signh Kamboj,https://myneta.info/pb2012/candidate.php?candidate_id=971,RAJPURA,IND,0,10th Pass,"Rs 83,63,000 ~ 83 Lacs+",Rs 0 ~
554,919,Mahmood Ahmed Thind,https://myneta.info/pb2012/candidate.php?candidate_id=919,MALERKOTLA,IND,0,12th Pass,"Rs 14,18,535 ~ 14 Lacs+","Rs 4,00,000 ~ 4 Lacs+"
555,263,Major Singh,https://myneta.info/pb2012/candidate.php?candidate_id=263,JAGRAON (SC),PPOP,0,Others,"Rs 12,66,513 ~ 12 Lacs+",Rs 0 ~
556,771,Makhan Singh,https://myneta.info/pb2012/candidate.php?candidate_id=771,JALALABAD ,IND,0,Graduate,"Rs 20,000 ~ 20 Thou+",Rs 0 ~
557,912,Malkiat Singh,https://myneta.info/pb2012/candidate.php?candidate_id=912,BARNALA,IND,0,Graduate Professional,"Rs 51,32,000 ~ 51 Lacs+",Rs 0 ~
558,198,Malkiat Singh,https://myneta.info/pb2012/candidate.php?candidate_id=198,GILL (SC),INC,0,10th Pass,https://myneta.info/image_v2.php?myneta_folder=pb2012&candidate_id=198&col=ta,https://myneta.info/image_v2.php?myneta_folder=pb2012&candidate_id=198&col=lia
559,86,Malkiat Singh Keetu,https://myneta.info/pb2012/candidate.php?candidate_id=86,BARNALA,SAD,0,Illiterate,"Rs 3,44,60,000 ~ 3 Crore+",Rs 0 ~
560,311,Malkiat Singh Sarpanch,https://myneta.info/pb2012/candidate.php?candidate_id=311,PAYAL (SC),PPOP,0,12th Pass,"Rs 10,83,972 ~ 10 Lacs+","Rs 42,000 ~ 42 Thou+"
561,860,Malkit Kaur,https://myneta.info/pb2012/candidate.php?candidate_id=860,BATHINDA RURAL (SC),Janral Samaj Party,0,Literate,"Rs 3,08,000 ~ 3 Lacs+",Rs 0 ~
562,212,Malkit Singh,https://myneta.info/pb2012/candidate.php?candidate_id=212,JALALABAD ,INC,0,10th Pass,"Rs 27,61,000 ~ 27 Lacs+","Rs 2,60,000 ~ 2 Lacs+"
563,916,Malkit Singh,https://myneta.info/pb2012/candidate.php?candidate_id=916,MEHAL KALAN (SC),All India Shiromani Baba Jiwan Singh Mazhabi,0,Illiterate,"Rs 5,25,000 ~ 5 Lacs+",Rs 0 ~
564,500,Manav Mehra,https://myneta.info/pb2012/candidate.php?candidate_id=500,S.A.S. NAGAR,BSP,0,Graduate,"Rs 17,28,000 ~ 17 Lacs+",Rs 0 ~
565,225,Mangat Rai Bansal,https://myneta.info/pb2012/candidate.php?candidate_id=225,MAUR,INC,2,12th Pass,"Rs 1,86,28,364 ~ 1 Crore+","Rs 2,72,748 ~ 2 Lacs+"
566,1006,Mangat Singh,https://myneta.info/pb2012/candidate.php?candidate_id=1006,SHUTRANA (SC),IND,0,8th Pass,"Rs 12,26,163 ~ 12 Lacs+","Rs 1,30,000 ~ 1 Lacs+"
567,656,Maninder Singh,https://myneta.info/pb2012/candidate.php?candidate_id=656,SAHNEWAL,LJP,0,10th Pass,https://myneta.info/image_v2.php?myneta_folder=pb2012&candidate_id=656&col=ta,https://myneta.info/image_v2.php?myneta_folder=pb2012&candidate_id=656&col=lia
568,636,Manish Kumar,https://myneta.info/pb2012/candidate.php?candidate_id=636,FATEHGARH SAHIB,IND,0,8th Pass,"Rs 60,000 ~ 60 Thou+",Rs 0 ~
569,49,Manjeet Singh Mianwind,https://myneta.info/pb2012/candidate.php?candidate_id=49,BABA BAKALA (SC),SAD,0,12th Pass,"Rs 52,16,895 ~ 52 Lacs+","Rs 1,89,895 ~ 1 Lacs+"
570,928,Manjinder Singh,https://myneta.info/pb2012/candidate.php?candidate_id=928,AMARGARH,IND,0,12th Pass,"Rs 12,92,000 ~ 12 Lacs+",Rs 0 ~
571,843,Manjit Kaur,https://myneta.info/pb2012/candidate.php?candidate_id=843,RAMPURA PHUL,IND,0,12th Pass,"Rs 14,30,555 ~ 14 Lacs+",Rs 0 ~
572,842,Manjit Singh,https://myneta.info/pb2012/candidate.php?candidate_id=842,RAMPURA PHUL,IND,0,5th Pass,"Rs 3,10,000 ~ 3 Lacs+",Rs 0 ~
573,391,Manjit Singh,https://myneta.info/pb2012/candidate.php?candidate_id=391,AMRITSAR NORTH ,BSP,0,10th Pass,"Rs 27,38,200 ~ 27 Lacs+",Rs 0 ~
574,666,Manjit Singh,https://myneta.info/pb2012/candidate.php?candidate_id=666,LUDHIANA EAST,BGTD,0,10th Pass,"Rs 23,35,725 ~ 23 Lacs+","Rs 5,34,000 ~ 5 Lacs+"
575,1070,Manjit Singh,https://myneta.info/pb2012/candidate.php?candidate_id=1070,AMRITSAR WEST (SC),IND,0,10th Pass,"Rs 1,00,000 ~ 1 Lacs+",Rs 0 ~
576,305,Manjit Singh Gill,https://myneta.info/pb2012/candidate.php?candidate_id=305,GILL (SC),PPOP,0,Graduate,https://myneta.info/image_v2.php?myneta_folder=pb2012&candidate_id=305&col=ta,https://myneta.info/image_v2.php?myneta_folder=pb2012&candidate_id=305&col=lia
577,760,Manoj Kumar,https://myneta.info/pb2012/candidate.php?candidate_id=760,GURU HAR SAHAI ,IND,0,Not Given,"Rs 50,000 ~ 50 Thou+",Rs 0 ~
578,8,Manoranjan Kalia,https://myneta.info/pb2012/candidate.php?candidate_id=8,JALANDHAR CENTRAL,BJP,0,Graduate Professional,"Rs 2,59,81,367 ~ 2 Crore+","Rs 1,08,45,887 ~ 1 Crore+"
579,976,Manpreet Kaur Dolly,https://myneta.info/pb2012/candidate.php?candidate_id=976,DERA BASSI,IND,0,Graduate,"Rs 10,56,24,208 ~ 10 Crore+","Rs 29,94,844 ~ 29 Lacs+"
580,801,Manpreet Singh,https://myneta.info/pb2012/candidate.php?candidate_id=801,GIDDERBAHA,IND,0,Graduate,"Rs 55,000 ~ 55 Thou+",Rs 0 ~
581,248,Manpreet Singh,https://myneta.info/pb2012/candidate.php?candidate_id=248,GIDDERBAHA,PPOP,0,Graduate Professional,"Rs 28,70,29,654 ~ 28 Crore+","Rs 2,41,78,896 ~ 2 Crore+"
582,316,Manpreet Singh Badal,https://myneta.info/pb2012/candidate.php?candidate_id=316,MAUR,PPOP,0,Graduate Professional,"Rs 28,70,29,652 ~ 28 Crore+","Rs 2,41,78,895 ~ 2 Crore+"
583,71,Manpreet Singh Iyali,https://myneta.info/pb2012/candidate.php?candidate_id=71,DAKHA ,SAD,0,12th Pass,"Rs 16,18,38,903 ~ 16 Crore+","Rs 47,05,742 ~ 47 Lacs+"
584,78,Mantar Singh Brar,https://myneta.info/pb2012/candidate.php?candidate_id=78,KOTKAPURA,SAD,0,Post Graduate,"Rs 7,53,45,802 ~ 7 Crore+","Rs 1,01,90,567 ~ 1 Crore+"
585,276,Master Major Singh,https://myneta.info/pb2012/candidate.php?candidate_id=276,SHUTRANA (SC),PPOP,0,12th Pass,https://myneta.info/image_v2.php?myneta_folder=pb2012&candidate_id=276&col=ta,https://myneta.info/image_v2.php?myneta_folder=pb2012&candidate_id=276&col=lia
586,68,Mayor Hakim Singh,https://myneta.info/pb2012/candidate.php?candidate_id=68,LUDHIANA SOUTH,SAD,0,8th Pass,"Rs 6,54,50,466 ~ 6 Crore+",Rs 0 ~
587,609,Mela Singh,https://myneta.info/pb2012/candidate.php?candidate_id=609,PHILLAUR (SC),IND,0,Graduate,"Rs 3,69,199 ~ 3 Lacs+",Rs 0 ~
588,868,Mithu Singh,https://myneta.info/pb2012/candidate.php?candidate_id=868,MAUR,LJP,0,Not Given,"Rs 25,000 ~ 25 Thou+",Rs 0 ~
589,399,Mohammad Arshad,https://myneta.info/pb2012/candidate.php?candidate_id=399,AMARGARH,BSP,0,12th Pass,"Rs 1,27,79,000 ~ 1 Crore+",Rs 0 ~
590,487,Mohammad Jamil-ur-rehman,https://myneta.info/pb2012/candidate.php?candidate_id=487,MALERKOTLA,BSP,0,Post Graduate,"Rs 9,70,000 ~ 9 Lacs+",Rs 0 ~
591,920,Mohammad Yaseen,https://myneta.info/pb2012/candidate.php?candidate_id=920,MALERKOTLA,IND,1,10th Pass,"Rs 3,28,297 ~ 3 Lacs+",Rs 0 ~
592,962,Mohan Gera,https://myneta.info/pb2012/candidate.php?candidate_id=962,PATIALA RURAL,IND,1,Graduate,"Rs 1,83,09,520 ~ 1 Crore+","Rs 13,00,000 ~ 13 Lacs+"
593,76,Mohan Singh,https://myneta.info/pb2012/candidate.php?candidate_id=76,BANGA (SC),SAD,1,Post Graduate,"Rs 1,40,45,500 ~ 1 Crore+","Rs 22,88,000 ~ 22 Lacs+"
594,651,Mohan Singh,https://myneta.info/pb2012/candidate.php?candidate_id=651,SAMRALA,IND,0,10th Pass,https://myneta.info/image_v2.php?myneta_folder=pb2012&candidate_id=651&col=ta,https://myneta.info/image_v2.php?myneta_folder=pb2012&candidate_id=651&col=lia
595,615,Mohan Singh,https://myneta.info/pb2012/candidate.php?candidate_id=615,KHARAR,Akhil Rashtrawadi Party,0,10th Pass,"Rs 5,30,000 ~ 5 Lacs+",Rs 0 ~
596,464,Mohan Singh Falian Wala,https://myneta.info/pb2012/candidate.php?candidate_id=464,FAZILKA,BSP,0,Graduate,"Rs 4,02,56,000 ~ 4 Crore+",Rs 0 ~
597,213,Mohinder Kumar,https://myneta.info/pb2012/candidate.php?candidate_id=213,FAZILKA,INC,0,Graduate Professional,"Rs 8,12,46,258 ~ 8 Crore+","Rs 13,35,552 ~ 13 Lacs+"
598,347,Mohinder Pal,https://myneta.info/pb2012/candidate.php?candidate_id=347,BASSI PATHANA (SC),PPOP,0,8th Pass,"Rs 66,74,000 ~ 66 Lacs+","Rs 70,000 ~ 70 Thou+"
599,746,Mohinder Pal,https://myneta.info/pb2012/candidate.php?candidate_id=746,FIROZPUR CITY,IND,0,8th Pass,"Rs 2,15,000 ~ 2 Lacs+",Rs 0 ~
600,473,Mohinder Singh,https://myneta.info/pb2012/candidate.php?candidate_id=473,BHUCHO MANDI (SC),BSP,0,10th Pass,"Rs 10,000 ~ 10 Thou+",Rs 0 ~
601,1020,Mohinder Singh,https://myneta.info/pb2012/candidate.php?candidate_id=1020,NAWAN SHAHR,IND,0,10th Pass,"Rs 5,20,15,173 ~ 5 Crore+","Rs 3,13,301 ~ 3 Lacs+"
602,290,Mohinder Singh,https://myneta.info/pb2012/candidate.php?candidate_id=290,NIHAL SINGHWALA (SC),CPI,1,5th Pass,"Rs 10,964 ~ 10 Thou+","Rs 25,000 ~ 25 Thou+"
603,742,Mohinder Singh,https://myneta.info/pb2012/candidate.php?candidate_id=742,FIROZPUR CITY,LJP,0,Not Given,https://myneta.info/image_v2.php?myneta_folder=pb2012&candidate_id=742&col=ta,https://myneta.info/image_v2.php?myneta_folder=pb2012&candidate_id=742&col=lia
604,1080,Mohinder Singh,https://myneta.info/pb2012/candidate.php?candidate_id=1080,AMRITSAR EAST,IND,0,Not Given,"Rs 3,326 ~ 3 Thou+",Rs 0 ~
605,559,Monika Mahajan,https://myneta.info/pb2012/candidate.php?candidate_id=559,AMRITSAR NORTH ,IND,0,Post Graduate,"Rs 40,000 ~ 40 Thou+",Rs 0 ~
606,657,Muhamad Maksood Ansari,https://myneta.info/pb2012/candidate.php?candidate_id=657,SAHNEWAL,BHSVP,0,8th Pass,"Rs 40,81,197 ~ 40 Lacs+",Rs 0 ~
607,525,Mukhtar Singh,https://myneta.info/pb2012/candidate.php?candidate_id=525,SRI HARGOBINDPUR (SC),BSA,0,Others,"Rs 1,05,000 ~ 1 Lacs+",Rs 0 ~
608,946,Mulakh Raj,https://myneta.info/pb2012/candidate.php?candidate_id=946,NABHA (SC),IND,0,12th Pass,"Rs 43,15,000 ~ 43 Lacs+",Rs 0 ~
609,517,Mulakh Raj,https://myneta.info/pb2012/candidate.php?candidate_id=517,GURDASPUR,SSPD,1,Literate,"Rs 2,10,000 ~ 2 Lacs+",Rs 0 ~
610,268,Mulkh Raj,https://myneta.info/pb2012/candidate.php?candidate_id=268,PHAGWARA (SC),PPOP,0,10th Pass,"Rs 91,38,734 ~ 91 Lacs+",Rs 0 ~
611,514,Munisha,https://myneta.info/pb2012/candidate.php?candidate_id=514,PATHANKOT,IND,0,10th Pass,"Rs 5,20,000 ~ 5 Lacs+",Rs 0 ~
612,794,Nachattar Singh,https://myneta.info/pb2012/candidate.php?candidate_id=794,LAMBI,IND,0,5th Pass,https://myneta.info/image_v2.php?myneta_folder=pb2012&candidate_id=794&col=ta,https://myneta.info/image_v2.php?myneta_folder=pb2012&candidate_id=794&col=lia
613,586,Naib Subedar Sulakhan Singh,https://myneta.info/pb2012/candidate.php?candidate_id=586,BHOLATH,IND,0,Others,"Rs 23,94,000 ~ 23 Lacs+",Rs 0 ~
614,943,Najam Singh,https://myneta.info/pb2012/candidate.php?candidate_id=943,NABHA (SC),IND,0,10th Pass,"Rs 1,00,000 ~ 1 Lacs+",Rs 0 ~
615,598,Nand Lal,https://myneta.info/pb2012/candidate.php?candidate_id=598,PHAGWARA (SC),BSP(A),0,Others,"Rs 2,29,000 ~ 2 Lacs+",Rs 0 ~
616,504,Narain Singh,https://myneta.info/pb2012/candidate.php?candidate_id=504,SUJANPUR,IND,4,Post Graduate,"Rs 6,81,00,000 ~ 6 Crore+","Rs 30,00,000 ~ 30 Lacs+"
617,961,Narayan Singh,https://myneta.info/pb2012/candidate.php?candidate_id=961,PATIALA RURAL,IND,0,8th Pass,"Rs 50,500 ~ 50 Thou+",Rs 0 ~
618,79,Narender Kumar Sharma,https://myneta.info/pb2012/candidate.php?candidate_id=79,DERA BASSI,SAD,0,Graduate,"Rs 5,80,16,215 ~ 5 Crore+","Rs 2,25,91,291 ~ 2 Crore+"
619,503,Naresh Puri,https://myneta.info/pb2012/candidate.php?candidate_id=503,SUJANPUR,IND,1,Graduate,"Rs 20,03,53,172 ~ 20 Crore+","Rs 92,10,979 ~ 92 Lacs+"
620,470,Narinder Kumar,https://myneta.info/pb2012/candidate.php?candidate_id=470,KOTKAPURA,BSP,1,10th Pass,"Rs 20,32,000 ~ 20 Lacs+","Rs 2,85,634 ~ 2 Lacs+"
621,700,Narinder Lekhi,https://myneta.info/pb2012/candidate.php?candidate_id=700,LUDHIANA CENTRAL,IND,0,10th Pass,https://myneta.info/image_v2.php?myneta_folder=pb2012&candidate_id=700&col=ta,https://myneta.info/image_v2.php?myneta_folder=pb2012&candidate_id=700&col=lia
622,368,Narinder Pal Singh Shergill,https://myneta.info/pb2012/candidate.php?candidate_id=368,JALANDHAR NORTH,PnPP,0,Post Graduate,"Rs 2,87,50,000 ~ 2 Crore+",Rs 0 ~
623,1083,Narinder Shekhar Luthra,https://myneta.info/pb2012/candidate.php?candidate_id=1083,AMRITSAR CENTRAL ,IND,0,Graduate,"Rs 52,47,965 ~ 52 Lacs+","Rs 19,60,010 ~ 19 Lacs+"
624,664,Narsingh Yadav,https://myneta.info/pb2012/candidate.php?candidate_id=664,LUDHIANA EAST,BSP(Kanshiram),0,10th Pass,"Rs 1,22,67,285 ~ 1 Crore+",Rs 0 ~
625,917,Nasir Mohd.,https://myneta.info/pb2012/candidate.php?candidate_id=917,MALERKOTLA,LJP,0,5th Pass,"Rs 10,01,000 ~ 10 Lacs+",Rs 0 ~
626,218,Nathu Ram,https://myneta.info/pb2012/candidate.php?candidate_id=218,MALOUT (SC),INC,0,10th Pass,"Rs 34,50,325 ~ 34 Lacs+","Rs 4,66,758 ~ 4 Lacs+"
627,983,Naunihal Singh,https://myneta.info/pb2012/candidate.php?candidate_id=983,SANOUR,SAD(A)(Simranjit Singh Mann),0,8th Pass,"Rs 93,74,000 ~ 93 Lacs+","Rs 9,00,000 ~ 9 Lacs+"
628,650,Navjeet Singh,https://myneta.info/pb2012/candidate.php?candidate_id=650,SAMRALA,IND,0,Doctorate,"Rs 18,16,10,000 ~ 18 Crore+","Rs 1,00,000 ~ 1 Lacs+"
629,22,Navjot Kaur Siddhu,https://myneta.info/pb2012/candidate.php?candidate_id=22,AMRITSAR EAST,BJP,0,Post Graduate,"Rs 22,50,47,980 ~ 22 Crore+",Rs 0 ~
630,436,Navjot Singh Mandair,https://myneta.info/pb2012/candidate.php?candidate_id=436,KHANNA,BSP,0,Post Graduate,https://myneta.info/image_v2.php?myneta_folder=pb2012&candidate_id=436&col=ta,https://myneta.info/image_v2.php?myneta_folder=pb2012&candidate_id=436&col=lia
631,734,Navneet,https://myneta.info/pb2012/candidate.php?candidate_id=734,MOGA,IND,0,12th Pass,"Rs 61,35,000 ~ 61 Lacs+","Rs 50,000 ~ 50 Thou+"
632,703,Navpreet Singh Bedi,https://myneta.info/pb2012/candidate.php?candidate_id=703,LUDHIANA WEST,IND,0,Post Graduate,"Rs 27,81,000 ~ 27 Lacs+",Rs 0 ~
633,538,Navtej Singh,https://myneta.info/pb2012/candidate.php?candidate_id=538,AJNALA ,IND,0,Graduate Professional,"Rs 50,74,111 ~ 50 Lacs+",Rs 0 ~
634,654,Nazar Singh Rayian,https://myneta.info/pb2012/candidate.php?candidate_id=654,SAHNEWAL,SAD(A)(Simranjit Singh Mann),0,5th Pass,"Rs 30,88,000 ~ 30 Lacs+",Rs 0 ~
635,373,Neeru Chaudhary,https://myneta.info/pb2012/candidate.php?candidate_id=373,RAJPURA,PPOP,0,Graduate Professional,"Rs 1,61,54,974 ~ 1 Crore+",Rs 0 ~
636,307,Nem Chand Chaudhary,https://myneta.info/pb2012/candidate.php?candidate_id=307,SARDULGARH,PPOP,1,10th Pass,"Rs 79,53,017 ~ 79 Lacs+",Rs 0 ~
637,476,Nikka Singh,https://myneta.info/pb2012/candidate.php?candidate_id=476,TALWANDI SABO,BSP,0,Not Given,"Rs 10,000 ~ 10 Thou+","Rs 25,000 ~ 25 Thou+"
638,114,Nirmal Singh,https://myneta.info/pb2012/candidate.php?candidate_id=114,BASSI PATHANA (SC),SAD,0,Graduate Professional,"Rs 2,47,48,199 ~ 2 Crore+","Rs 12,58,075 ~ 12 Lacs+"
639,940,Nirmal Singh,https://myneta.info/pb2012/candidate.php?candidate_id=940,NABHA (SC),LJP,0,8th Pass,https://myneta.info/image_v2.php?myneta_folder=pb2012&candidate_id=940&col=ta,https://myneta.info/image_v2.php?myneta_folder=pb2012&candidate_id=940&col=lia
640,246,Nirmal Singh,https://myneta.info/pb2012/candidate.php?candidate_id=246,SHUTRANA (SC),INC,0,8th Pass,"Rs 28,14,716 ~ 28 Lacs+","Rs 5,80,247 ~ 5 Lacs+"
641,505,Nirmal Singh,https://myneta.info/pb2012/candidate.php?candidate_id=505,SUJANPUR,IND,0,10th Pass,"Rs 50,15,878 ~ 50 Lacs+",Rs 0 ~
642,1004,Nirmal Singh,https://myneta.info/pb2012/candidate.php?candidate_id=1004,SHUTRANA (SC),IND,0,8th Pass,"Rs 28,14,716 ~ 28 Lacs+","Rs 5,80,247 ~ 5 Lacs+"
643,1005,Nirmal Singh Dehar,https://myneta.info/pb2012/candidate.php?candidate_id=1005,SHUTRANA (SC),IND,0,Graduate,"Rs 10,36,500 ~ 10 Lacs+",Rs 0 ~
644,41,Nirmal Singh Kahlon,https://myneta.info/pb2012/candidate.php?candidate_id=41,FATEHGARH CHURIAN,SAD,2,Post Graduate,"Rs 8,03,58,397 ~ 8 Crore+",Rs 0 ~
645,737,Nishan Singh,https://myneta.info/pb2012/candidate.php?candidate_id=737,DHARAMKOT,SAD(A)(Simranjit Singh Mann),0,Not Given,"Rs 11,75,000 ~ 11 Lacs+",Rs 0 ~
646,541,Nishan Singh,https://myneta.info/pb2012/candidate.php?candidate_id=541,RAJA SANSI,IND,0,Not Given,"Rs 2,000 ~ 2 Thou+",Rs 0 ~
647,1032,Nishuka,https://myneta.info/pb2012/candidate.php?candidate_id=1032,KARTARPUR (SC),IND,0,Graduate,"Rs 1,00,000 ~ 1 Lacs+",Rs 0 ~
648,798,Om Parkash,https://myneta.info/pb2012/candidate.php?candidate_id=798,GIDDERBAHA,IND,0,10th Pass,https://myneta.info/image_v2.php?myneta_folder=pb2012&candidate_id=798&col=ta,https://myneta.info/image_v2.php?myneta_folder=pb2012&candidate_id=798&col=lia
649,1082,Om Parkash,https://myneta.info/pb2012/candidate.php?candidate_id=1082,AMRITSAR CENTRAL ,IND,0,Not Given,"Rs 27,44,097 ~ 27 Lacs+",Rs 0 ~
650,1091,Om Parkash Jakhu,https://myneta.info/pb2012/candidate.php?candidate_id=1091,CHABBEWAL (SC),LJP,0,5th Pass,"Rs 55,000 ~ 55 Thou+",Rs 0 ~
651,421,Onkar Singh Jhamat,https://myneta.info/pb2012/candidate.php?candidate_id=421,HOSHIARPUR,BSP,0,Graduate Professional,"Rs 71,847 ~ 71 Thou+","Rs 7,000 ~ 7 Thou+"
652,1090,Pakhar Singh,https://myneta.info/pb2012/candidate.php?candidate_id=1090,BANGA (SC),IND,0,8th Pass,"Rs 17,95,000 ~ 17 Lacs+",Rs 0 ~
653,1019,Pala Singh,https://myneta.info/pb2012/candidate.php?candidate_id=1019,NAWAN SHAHR,IND,0,Graduate,"Rs 40,500 ~ 40 Thou+",Rs 0 ~
654,888,Pala Singh,https://myneta.info/pb2012/candidate.php?candidate_id=888,DIRBA (SC),BSP(A),0,Literate,"Rs 46,000 ~ 46 Thou+",Rs 0 ~
655,379,Palwinder Singh,https://myneta.info/pb2012/candidate.php?candidate_id=379,BATALA,BSP,0,10th Pass,"Rs 8,25,000 ~ 8 Lacs+",Rs 0 ~
656,710,Pankaj Sharda,https://myneta.info/pb2012/candidate.php?candidate_id=710,LUDHIANA NORTH,IND,0,12th Pass,"Rs 90,05,604 ~ 90 Lacs+",Rs 0 ~
657,848,Paramjeet Kaur,https://myneta.info/pb2012/candidate.php?candidate_id=848,BHUCHO MANDI (SC),SAD(A)(Simranjit Singh Mann),0,5th Pass,https://myneta.info/image_v2.php?myneta_folder=pb2012&candidate_id=848&col=ta,https://myneta.info/image_v2.php?myneta_folder=pb2012&candidate_id=848&col=lia
658,621,Paramjit Kaur,https://myneta.info/pb2012/candidate.php?candidate_id=621,S.A.S. NAGAR,Akhil Rashtrawadi Party,0,Not Given,"Rs 11,50,000 ~ 11 Lacs+",Rs 0 ~
659,485,Paramjit Kaur,https://myneta.info/pb2012/candidate.php?candidate_id=485,BARNALA,BSP,0,10th Pass,"Rs 35,01,456 ~ 35 Lacs+","Rs 36,690 ~ 36 Thou+"
660,840,Paramjit Singh,https://myneta.info/pb2012/candidate.php?candidate_id=840,RAMPURA PHUL,IND,0,8th Pass,"Rs 20,000 ~ 20 Thou+",Rs 0 ~
661,674,Pardeep Kumar,https://myneta.info/pb2012/candidate.php?candidate_id=674,LUDHIANA SOUTH,NCP,0,Not Given,"Rs 51,000 ~ 51 Thou+",Rs 0 ~
662,926,Pardeep Kumar,https://myneta.info/pb2012/candidate.php?candidate_id=926,AMARGARH,IND,0,12th Pass,"Rs 60,000 ~ 60 Thou+",Rs 0 ~
663,296,Pardeep Singh,https://myneta.info/pb2012/candidate.php?candidate_id=296,KOTKAPURA,PPOP,0,Post Graduate,"Rs 3,95,40,000 ~ 3 Crore+","Rs 3,00,000 ~ 3 Lacs+"
664,47,Pargat Singh,https://myneta.info/pb2012/candidate.php?candidate_id=47,JALANDHAR CANTT. ,SAD,0,Graduate,"Rs 1,32,80,687 ~ 1 Crore+",Rs 0 ~
665,107,Parkash Chand Garg,https://myneta.info/pb2012/candidate.php?candidate_id=107,SANGRUR,SAD,0,8th Pass,"Rs 2,69,02,218 ~ 2 Crore+","Rs 85,89,454 ~ 85 Lacs+"
666,39,Parkash Singh Badal,https://myneta.info/pb2012/candidate.php?candidate_id=39,LAMBI,SAD,0,Graduate,https://myneta.info/image_v2.php?myneta_folder=pb2012&candidate_id=39&col=ta,https://myneta.info/image_v2.php?myneta_folder=pb2012&candidate_id=39&col=lia
667,788,Parkash Singh Bhatti,https://myneta.info/pb2012/candidate.php?candidate_id=788,BALLUANA (SC),IND,0,Graduate Professional,"Rs 19,09,355 ~ 19 Lacs+","Rs 6,96,000 ~ 6 Lacs+"
668,72,Parmdeep Singh Gill,https://myneta.info/pb2012/candidate.php?candidate_id=72,MOGA,SAD,0,Post Graduate,"Rs 4,36,69,000 ~ 4 Crore+","Rs 39,18,000 ~ 39 Lacs+"
669,808,Parminder Singh,https://myneta.info/pb2012/candidate.php?candidate_id=808,MALOUT (SC),IND,0,12th Pass,"Rs 1,30,500 ~ 1 Lacs+",Rs 0 ~
670,655,Parminder Singh,https://myneta.info/pb2012/candidate.php?candidate_id=655,SAHNEWAL,RJD,0,Others,"Rs 74,00,500 ~ 74 Lacs+",Rs 0 ~
671,723,Parminder Singh,https://myneta.info/pb2012/candidate.php?candidate_id=723,JAGRAON (SC),IND,0,8th Pass,"Rs 90,000 ~ 90 Thou+",Rs 0 ~
672,85,Parminder Singh Dhindsa,https://myneta.info/pb2012/candidate.php?candidate_id=85,SUNAM,SAD,0,Post Graduate,"Rs 5,42,14,034 ~ 5 Crore+","Rs 23,62,500 ~ 23 Lacs+"
673,346,Parminder Singh Mintu,https://myneta.info/pb2012/candidate.php?candidate_id=346,FIROZPUR CITY,PPOP,0,10th Pass,"Rs 4,40,118 ~ 4 Lacs+",Rs 0 ~
674,281,Parshotam Lal Bilga,https://myneta.info/pb2012/candidate.php?candidate_id=281,PHILLAUR (SC),CPM,0,Post Graduate,"Rs 10,02,405 ~ 10 Lacs+","Rs 1,90,000 ~ 1 Lacs+"
675,986,Parsotam Gir,https://myneta.info/pb2012/candidate.php?candidate_id=986,SANOUR,IND,0,Illiterate,https://myneta.info/image_v2.php?myneta_folder=pb2012&candidate_id=986&col=ta,https://myneta.info/image_v2.php?myneta_folder=pb2012&candidate_id=986&col=lia
676,599,Parveen Kumar,https://myneta.info/pb2012/candidate.php?candidate_id=599,PHAGWARA (SC),SHS,0,Others,"Rs 6,94,338 ~ 6 Lacs+","Rs 13,000 ~ 13 Thou+"
677,841,Parveen Kumar,https://myneta.info/pb2012/candidate.php?candidate_id=841,RAMPURA PHUL,IND,0,12th Pass,"Rs 11,11,48,024 ~ 11 Crore+","Rs 5,05,23,632 ~ 5 Crore+"
678,386,Parveen Kumari,https://myneta.info/pb2012/candidate.php?candidate_id=386,LAMBI,BSP,0,8th Pass,"Rs 7,22,500 ~ 7 Lacs+","Rs 1,17,045 ~ 1 Lacs+"
679,1053,Pawan Kumar,https://myneta.info/pb2012/candidate.php?candidate_id=1053,HOSHIARPUR,DBSP,0,10th Pass,"Rs 7,30,000 ~ 7 Lacs+",Rs 0 ~
680,117,Pawan Kumar Tinu,https://myneta.info/pb2012/candidate.php?candidate_id=117,ADAMPUR (SC),SAD,0,Graduate,"Rs 2,22,27,838 ~ 2 Crore+","Rs 83,328 ~ 83 Thou+"
681,445,Pawanpreet Singh,https://myneta.info/pb2012/candidate.php?candidate_id=445,KOTKAPURA,CPI,0,Graduate,"Rs 3,25,000 ~ 3 Lacs+","Rs 11,00,000 ~ 11 Lacs+"
682,530,Phuna Masih Alias Phula Masih,https://myneta.info/pb2012/candidate.php?candidate_id=530,FATEHGARH CHURIAN,IND,0,Not Given,"Rs 2,70,000 ~ 2 Lacs+",Rs 0 ~
683,418,Piara Lal,https://myneta.info/pb2012/candidate.php?candidate_id=418,DASUYA,BSP,0,5th Pass,"Rs 76,23,875 ~ 76 Lacs+","Rs 16,86,266 ~ 16 Lacs+"
684,582,Pirthipal Kataria,https://myneta.info/pb2012/candidate.php?candidate_id=582,BABA BAKALA (SC),IND,0,8th Pass,https://myneta.info/image_v2.php?myneta_folder=pb2012&candidate_id=582&col=ta,https://myneta.info/image_v2.php?myneta_folder=pb2012&candidate_id=582&col=lia
685,833,Prabhjot Kaur,https://myneta.info/pb2012/candidate.php?candidate_id=833,JAITU (SC),IND,0,Not Given,"Rs 35,000 ~ 35 Thou+",Rs 0 ~
686,673,Prabhu Dayal,https://myneta.info/pb2012/candidate.php?candidate_id=673,LUDHIANA EAST,IND,1,Not Given,"Rs 35,72,000 ~ 35 Lacs+",Rs 0 ~
687,852,Prem Kumar,https://myneta.info/pb2012/candidate.php?candidate_id=852,BATHINDA URBAN,Akhil Bharatiya Shivsena Rashtrawadi,0,Not Given,"Rs 20,000 ~ 20 Thou+",Rs 0 ~
688,944,Prem Kumar Gagat,https://myneta.info/pb2012/candidate.php?candidate_id=944,NABHA (SC),IND,0,Illiterate,"Rs 12,54,475 ~ 12 Lacs+","Rs 3,20,000 ~ 3 Lacs+"
689,384,Prem Masih,https://myneta.info/pb2012/candidate.php?candidate_id=384,DERA BABA NANAK,BSP,0,Illiterate,"Rs 1,000 ~ 1 Thou+",Rs 0 ~
690,66,Prem Mittal,https://myneta.info/pb2012/candidate.php?candidate_id=66,MANSA,SAD,0,8th Pass,"Rs 2,28,78,325 ~ 2 Crore+","Rs 71,68,000 ~ 71 Lacs+"
691,635,Prem Singh,https://myneta.info/pb2012/candidate.php?candidate_id=635,FATEHGARH SAHIB,IND,0,Others,"Rs 58,58,637 ~ 58 Lacs+",Rs 0 ~
692,718,Prem Singh,https://myneta.info/pb2012/candidate.php?candidate_id=718,PAYAL (SC),IND,0,Others,"Rs 4,15,000 ~ 4 Lacs+",Rs 0 ~
693,313,Principal Jagdev Singh Garcha,https://myneta.info/pb2012/candidate.php?candidate_id=313,SAHNEWAL,CPM,0,Post Graduate,https://myneta.info/image_v2.php?myneta_folder=pb2012&candidate_id=313&col=ta,https://myneta.info/image_v2.php?myneta_folder=pb2012&candidate_id=313&col=lia
694,126,Pritam Singh,https://myneta.info/pb2012/candidate.php?candidate_id=126,BHUCHO MANDI (SC),SAD,0,8th Pass,"Rs 6,13,58,000 ~ 6 Crore+","Rs 48,82,000 ~ 48 Lacs+"
695,457,Pritpal Singh,https://myneta.info/pb2012/candidate.php?candidate_id=457,MOGA,BSP,0,Graduate Professional,"Rs 23,11,323 ~ 23 Lacs+",Rs 0 ~
696,129,Prof. Prem Singh Chandumajra,https://myneta.info/pb2012/candidate.php?candidate_id=129,FATEHGARH SAHIB,SAD,0,Post Graduate,"Rs 8,86,66,330 ~ 8 Crore+","Rs 47,80,000 ~ 47 Lacs+"
697,310,Pt. Anand Sharma,https://myneta.info/pb2012/candidate.php?candidate_id=310,LUDHIANA NORTH,PPOP,0,10th Pass,"Rs 42,20,000 ~ 42 Lacs+","Rs 10,00,000 ~ 10 Lacs+"
698,795,Puran Singh,https://myneta.info/pb2012/candidate.php?candidate_id=795,LAMBI,IND,1,5th Pass,"Rs 1,30,56,323 ~ 1 Crore+",Rs 0 ~
699,575,Puran Singh,https://myneta.info/pb2012/candidate.php?candidate_id=575,KHADOOR SAHIB,BSP(A),0,Others,"Rs 1,85,000 ~ 1 Lacs+",Rs 0 ~
700,259,Puran Singh,https://myneta.info/pb2012/candidate.php?candidate_id=259,URMAR,PPOP,0,10th Pass,"Rs 2,78,08,033 ~ 2 Crore+",Rs 0 ~
701,881,Pushpinder Singh,https://myneta.info/pb2012/candidate.php?candidate_id=881,LEHRA,IND,0,Graduate Professional,"Rs 1,42,500 ~ 1 Lacs+",Rs 0 ~
702,277,Raghunath Singh,https://myneta.info/pb2012/candidate.php?candidate_id=277,GARHSHANKAR,CPM,0,Graduate,https://myneta.info/image_v2.php?myneta_folder=pb2012&candidate_id=277&col=ta,https://myneta.info/image_v2.php?myneta_folder=pb2012&candidate_id=277&col=lia
703,269,Raghuvir Singh,https://myneta.info/pb2012/candidate.php?candidate_id=269,KAPURTHALA,PPOP,0,Graduate Professional,"Rs 1,77,35,000 ~ 1 Crore+","Rs 1,47,89,750 ~ 1 Crore+"
704,20,Raj Khurana,https://myneta.info/pb2012/candidate.php?candidate_id=20,RAJPURA,BJP,2,12th Pass,"Rs 5,27,18,912 ~ 5 Crore+","Rs 34,69,887 ~ 34 Lacs+"
705,462,Raj Kumar,https://myneta.info/pb2012/candidate.php?candidate_id=462,GURU HAR SAHAI ,BSP,0,8th Pass,"Rs 15,32,000 ~ 15 Lacs+","Rs 1,00,000 ~ 1 Lacs+"
706,397,Raj Kumar,https://myneta.info/pb2012/candidate.php?candidate_id=397,BABA BAKALA (SC),BSP,0,12th Pass,"Rs 12,44,900 ~ 12 Lacs+",Rs 0 ~
707,312,Raj Kumar,https://myneta.info/pb2012/candidate.php?candidate_id=312,JALANDHAR WEST (SC),PPOP,0,8th Pass,"Rs 14,71,400 ~ 14 Lacs+",Rs 0 ~
708,913,Raj Kumar,https://myneta.info/pb2012/candidate.php?candidate_id=913,BARNALA,IND,0,5th Pass,"Rs 12,40,000 ~ 12 Lacs+",Rs 0 ~
709,520,Raj Kumar,https://myneta.info/pb2012/candidate.php?candidate_id=520,DINA NAGAR (SC),IND,0,10th Pass,"Rs 3,20,000 ~ 3 Lacs+",Rs 0 ~
710,147,Raj Kumar,https://myneta.info/pb2012/candidate.php?candidate_id=147,AMRITSAR WEST (SC),INC,0,12th Pass,"Rs 2,35,73,916 ~ 2 Crore+","Rs 1,69,45,044 ~ 1 Crore+"
711,964,Raj Kumar,https://myneta.info/pb2012/candidate.php?candidate_id=964,PATIALA RURAL,IND,0,10th Pass,https://myneta.info/image_v2.php?myneta_folder=pb2012&candidate_id=964&col=ta,https://myneta.info/image_v2.php?myneta_folder=pb2012&candidate_id=964&col=lia
712,834,Raj Rani,https://myneta.info/pb2012/candidate.php?candidate_id=834,JAITU (SC),IND,0,8th Pass,"Rs 90,000 ~ 90 Thou+",Rs 0 ~
713,301,Raj Singh Kheri,https://myneta.info/pb2012/candidate.php?candidate_id=301,MEHAL KALAN (SC),PPOP,0,8th Pass,"Rs 18,63,991 ~ 18 Lacs+",Rs 0 ~
714,849,Raja Singh Sivian,https://myneta.info/pb2012/candidate.php?candidate_id=849,BHUCHO MANDI (SC),LJP,0,Not Given,"Rs 1,22,000 ~ 1 Lacs+",Rs 0 ~
715,442,Rajan Masih,https://myneta.info/pb2012/candidate.php?candidate_id=442,LUDHIANA CENTRAL,BSP,0,Not Given,"Rs 16,50,500 ~ 16 Lacs+","Rs 2,80,000 ~ 2 Lacs+"
716,778,Rajdeep Kaur,https://myneta.info/pb2012/candidate.php?candidate_id=778,FAZILKA,IND,0,12th Pass,"Rs 1,09,51,394 ~ 1 Crore+",Rs 0 ~
717,15,Rajendra Bhandari,https://myneta.info/pb2012/candidate.php?candidate_id=15,LUDHIANA WEST,BJP,0,Post Graduate,"Rs 1,92,95,790 ~ 1 Crore+","Rs 14,97,606 ~ 14 Lacs+"
718,853,Rajesh Goyal,https://myneta.info/pb2012/candidate.php?candidate_id=853,BATHINDA URBAN,Janral Samaj Party,0,10th Pass,"Rs 15,20,000 ~ 15 Lacs+",Rs 0 ~
719,802,Rajesh Kumar,https://myneta.info/pb2012/candidate.php?candidate_id=802,GIDDERBAHA,IND,0,8th Pass,"Rs 40,000 ~ 40 Thou+",Rs 0 ~
720,169,Rajinder Beri,https://myneta.info/pb2012/candidate.php?candidate_id=169,JALANDHAR CENTRAL,INC,0,12th Pass,https://myneta.info/image_v2.php?myneta_folder=pb2012&candidate_id=169&col=ta,https://myneta.info/image_v2.php?myneta_folder=pb2012&candidate_id=169&col=lia
721,228,Rajinder Kaur Bhattal,https://myneta.info/pb2012/candidate.php?candidate_id=228,LEHRA,INC,0,Graduate,"Rs 2,97,62,029 ~ 2 Crore+","Rs 1,02,48,024 ~ 1 Crore+"
722,938,Rajinder Kumar,https://myneta.info/pb2012/candidate.php?candidate_id=938,SANGRUR,IND,0,Illiterate,"Rs 5,97,000 ~ 5 Lacs+",Rs 0 ~
723,972,Rajinder Kumar Rana,https://myneta.info/pb2012/candidate.php?candidate_id=972,RAJPURA,IND,0,12th Pass,"Rs 8,33,000 ~ 8 Lacs+",Rs 0 ~
724,987,Rajinder Singh,https://myneta.info/pb2012/candidate.php?candidate_id=987,SANOUR,IND,0,8th Pass,"Rs 1,33,41,649 ~ 1 Crore+",Rs 0 ~
725,429,Rajinder Singh,https://myneta.info/pb2012/candidate.php?candidate_id=429,CHAMKAUR SAHIB (SC),BSP,1,10th Pass,"Rs 14,26,500 ~ 14 Lacs+","Rs 2,00,000 ~ 2 Lacs+"
726,823,Rajinder Singh,https://myneta.info/pb2012/candidate.php?candidate_id=823,FARIDKOT,IND,0,10th Pass,"Rs 13,45,000 ~ 13 Lacs+",Rs 0 ~
727,874,Rajinder Singh,https://myneta.info/pb2012/candidate.php?candidate_id=874,SARDULGARH,SAD(A)(Simranjit Singh Mann),0,10th Pass,"Rs 3,53,200 ~ 3 Lacs+",Rs 0 ~
728,424,Rajinder Singh,https://myneta.info/pb2012/candidate.php?candidate_id=424,BANGA (SC),BSP,1,12th Pass,"Rs 47,60,329 ~ 47 Lacs+","Rs 5,96,700 ~ 5 Lacs+"
729,398,Rajinder Singh,https://myneta.info/pb2012/candidate.php?candidate_id=398,JALANDHAR CENTRAL,BSP,0,Graduate,https://myneta.info/image_v2.php?myneta_folder=pb2012&candidate_id=398&col=ta,https://myneta.info/image_v2.php?myneta_folder=pb2012&candidate_id=398&col=lia
730,747,Rajinder Singh,https://myneta.info/pb2012/candidate.php?candidate_id=747,FIROZPUR CITY,IND,0,10th Pass,"Rs 1,25,000 ~ 1 Lacs+",Rs 0 ~
731,1027,Rajnish Kumar,https://myneta.info/pb2012/candidate.php?candidate_id=1027,MUKERIAN,IND,0,Graduate,"Rs 3,54,57,469 ~ 3 Crore+",Rs 0 ~
732,929,Rajnish Sharma,https://myneta.info/pb2012/candidate.php?candidate_id=929,AMARGARH,IND,0,12th Pass,"Rs 1,65,18,200 ~ 1 Crore+","Rs 3,00,00,000 ~ 3 Crore+"
733,995,Rajpal Singh,https://myneta.info/pb2012/candidate.php?candidate_id=995,SAMANA,SAD(A)(Simranjit Singh Mann),0,12th Pass,"Rs 34,00,000 ~ 34 Lacs+",Rs 0 ~
734,885,Rajvir Singh,https://myneta.info/pb2012/candidate.php?candidate_id=885,LEHRA,IND,0,Graduate,"Rs 50,000 ~ 50 Thou+",Rs 0 ~
735,111,Rajwinder Kaur,https://myneta.info/pb2012/candidate.php?candidate_id=111,NIHAL SINGHWALA (SC),SAD,0,12th Pass,"Rs 45,33,706 ~ 45 Lacs+","Rs 2,60,000 ~ 2 Lacs+"
736,182,Rajwinder Singh,https://myneta.info/pb2012/candidate.php?candidate_id=182,BALACHAUR,INC,1,Graduate Professional,"Rs 28,81,000 ~ 28 Lacs+",Rs 0 ~
737,711,Rakesh Garg,https://myneta.info/pb2012/candidate.php?candidate_id=711,LUDHIANA NORTH,IND,0,Graduate,"Rs 1,43,60,665 ~ 1 Crore+","Rs 56,51,285 ~ 56 Lacs+"
738,6,Rakesh Gill,https://myneta.info/pb2012/candidate.php?candidate_id=6,AMRITSAR WEST (SC),BJP,0,10th Pass,https://myneta.info/image_v2.php?myneta_folder=pb2012&candidate_id=6&col=ta,https://myneta.info/image_v2.php?myneta_folder=pb2012&candidate_id=6&col=lia
739,993,Rakesh Kumar,https://myneta.info/pb2012/candidate.php?candidate_id=993,PATIALA,IND,0,Illiterate,"Rs 2,24,000 ~ 2 Lacs+",Rs 0 ~
740,857,Rakesh Kumar,https://myneta.info/pb2012/candidate.php?candidate_id=857,BATHINDA URBAN,IND,0,12th Pass,"Rs 11,000 ~ 11 Thou+",Rs 0 ~
741,197,Rakesh Panday,https://myneta.info/pb2012/candidate.php?candidate_id=197,LUDHIANA NORTH,INC,0,10th Pass,"Rs 1,40,48,567 ~ 1 Crore+","Rs 12,31,301 ~ 12 Lacs+"
742,1062,Ram Krishan Kataria,https://myneta.info/pb2012/candidate.php?candidate_id=1062,BALACHAUR,IND,0,Graduate Professional,"Rs 99,70,000 ~ 99 Lacs+",Rs 0 ~
743,507,Ram Lal,https://myneta.info/pb2012/candidate.php?candidate_id=507,BHOA (SC),IND,0,Not Given,Nil,Rs 0 ~
744,603,Ram Pal,https://myneta.info/pb2012/candidate.php?candidate_id=603,PHAGWARA (SC),IND,0,12th Pass,"Rs 3,19,647 ~ 3 Lacs+","Rs 2,11,488 ~ 2 Lacs+"
745,988,Ram Saran,https://myneta.info/pb2012/candidate.php?candidate_id=988,SANOUR,IND,0,10th Pass,"Rs 17,06,000 ~ 17 Lacs+",Rs 0 ~
746,989,Ram Saroop,https://myneta.info/pb2012/candidate.php?candidate_id=989,PATIALA,BRSP,0,10th Pass,"Rs 7,95,000 ~ 7 Lacs+",Rs 0 ~
747,401,Ram Sarup,https://myneta.info/pb2012/candidate.php?candidate_id=401,SANOUR,BSP,0,10th Pass,https://myneta.info/image_v2.php?myneta_folder=pb2012&candidate_id=401&col=ta,https://myneta.info/image_v2.php?myneta_folder=pb2012&candidate_id=401&col=lia
748,628,Ram Sharan,https://myneta.info/pb2012/candidate.php?candidate_id=628,FATEHGARH SAHIB,NCP,0,10th Pass,"Rs 4,95,000 ~ 4 Lacs+",Rs 0 ~
749,294,Ram Sharan Pal,https://myneta.info/pb2012/candidate.php?candidate_id=294,AMRITSAR NORTH ,PPOP,0,Post Graduate,"Rs 88,37,232 ~ 88 Lacs+",Rs 0 ~
750,939,Ram Singh,https://myneta.info/pb2012/candidate.php?candidate_id=939,SANGRUR,IND,0,5th Pass,"Rs 33,20,000 ~ 33 Lacs+","Rs 25,000 ~ 25 Thou+"
751,892,Ram Singh,https://myneta.info/pb2012/candidate.php?candidate_id=892,DIRBA (SC),IND,0,5th Pass,"Rs 33,20,000 ~ 33 Lacs+","Rs 25,000 ~ 25 Thou+"
752,130,Raman Bahl,https://myneta.info/pb2012/candidate.php?candidate_id=130,GURDASPUR,INC,0,Graduate Professional,"Rs 5,58,66,925 ~ 5 Crore+","Rs 49,90,517 ~ 49 Lacs+"
753,25,Raman Bhalla,https://myneta.info/pb2012/candidate.php?candidate_id=25,PATHANKOT,INC,0,Graduate,"Rs 9,06,30,866 ~ 9 Crore+","Rs 1,83,00,880 ~ 1 Crore+"
754,380,Raman Kumar,https://myneta.info/pb2012/candidate.php?candidate_id=380,DINA NAGAR (SC),BSP,0,12th Pass,"Rs 98,000 ~ 98 Thou+","Rs 2,00,000 ~ 2 Lacs+"
755,1076,Ramanbir Kaur,https://myneta.info/pb2012/candidate.php?candidate_id=1076,AMRITSAR SOUTH,IND,0,Post Graduate,"Rs 5,62,30,000 ~ 5 Crore+","Rs 38,00,000 ~ 38 Lacs+"
756,439,Ramanjit Lalli,https://myneta.info/pb2012/candidate.php?candidate_id=439,LUDHIANA EAST,BSP,0,Illiterate,https://myneta.info/image_v2.php?myneta_folder=pb2012&candidate_id=439&col=ta,https://myneta.info/image_v2.php?myneta_folder=pb2012&candidate_id=439&col=lia
757,156,Ramanjit Singh Sikki,https://myneta.info/pb2012/candidate.php?candidate_id=156,KHADOOR SAHIB,INC,1,12th Pass,"Rs 20,12,51,486 ~ 20 Crore+","Rs 21,11,423 ~ 21 Lacs+"
758,707,Ramdeep Puri,https://myneta.info/pb2012/candidate.php?candidate_id=707,LUDHIANA NORTH,SHS,0,12th Pass,"Rs 34,67,000 ~ 34 Lacs+",Rs 0 ~
759,174,Ramesh Chander Dogra,https://myneta.info/pb2012/candidate.php?candidate_id=174,DASUYA,INC,0,Graduate Professional,"Rs 6,44,91,725 ~ 6 Crore+",Rs 0 ~
760,323,Ramesh Kumar,https://myneta.info/pb2012/candidate.php?candidate_id=323,BALLUANA (SC),PPOP,0,12th Pass,"Rs 5,52,779 ~ 5 Lacs+",Rs 0 ~
761,922,Ramzan,https://myneta.info/pb2012/candidate.php?candidate_id=922,MALERKOTLA,IND,1,Illiterate,"Rs 1,42,000 ~ 1 Lacs+",Rs 0 ~
762,329,Ran Singh Mehlan,https://myneta.info/pb2012/candidate.php?candidate_id=329,DIRBA (SC),PPOP,0,10th Pass,"Rs 53,02,843 ~ 53 Lacs+",Rs 0 ~
763,658,Ran Vijay Yadav,https://myneta.info/pb2012/candidate.php?candidate_id=658,SAHNEWAL,Adarsh Jan Shakti Party,0,Not Given,"Rs 4,67,000 ~ 4 Lacs+",Rs 0 ~
764,159,Rana Gurjit Singh,https://myneta.info/pb2012/candidate.php?candidate_id=159,KAPURTHALA,INC,0,10th Pass,"Rs 68,48,36,000 ~ 68 Crore+","Rs 22,62,54,000 ~ 22 Crore+"
765,965,Ranbir Singh Harpalpur,https://myneta.info/pb2012/candidate.php?candidate_id=965,RAJPURA,SAD(A)(Simranjit Singh Mann),0,10th Pass,https://myneta.info/image_v2.php?myneta_folder=pb2012&candidate_id=965&col=ta,https://myneta.info/image_v2.php?myneta_folder=pb2012&candidate_id=965&col=lia
766,134,Randeep Singh,https://myneta.info/pb2012/candidate.php?candidate_id=134,AMLOH,INC,0,Graduate,"Rs 11,84,20,823 ~ 11 Crore+","Rs 19,61,138 ~ 19 Lacs+"
767,472,Randhir Singh,https://myneta.info/pb2012/candidate.php?candidate_id=472,RAMPURA PHUL,BSP,1,Others,"Rs 54,000 ~ 54 Thou+",Rs 0 ~
768,245,Raninder Singh,https://myneta.info/pb2012/candidate.php?candidate_id=245,SAMANA,INC,3,Graduate,"Rs 34,59,77,574 ~ 34 Crore+","Rs 44,14,850 ~ 44 Lacs+"
769,966,Ranjan Kumar Hans,https://myneta.info/pb2012/candidate.php?candidate_id=966,RAJPURA,SHS,0,Graduate,"Rs 62,03,377 ~ 62 Lacs+","Rs 16,72,697 ~ 16 Lacs+"
770,82,Ranjeet Singh Dhillon,https://myneta.info/pb2012/candidate.php?candidate_id=82,LUDHIANA EAST,SAD,1,10th Pass,"Rs 3,20,50,000 ~ 3 Crore+",Rs 0 ~
771,963,Ranjit Kaur,https://myneta.info/pb2012/candidate.php?candidate_id=963,PATIALA RURAL,IND,0,12th Pass,"Rs 55,01,370 ~ 55 Lacs+",Rs 0 ~
772,474,Ranjit Ram,https://myneta.info/pb2012/candidate.php?candidate_id=474,BATHINDA URBAN,BSP,0,10th Pass,"Rs 3,11,000 ~ 3 Lacs+",Rs 0 ~
773,54,Ranjit Singh,https://myneta.info/pb2012/candidate.php?candidate_id=54,KHADOOR SAHIB,SAD,0,8th Pass,"Rs 7,60,58,441 ~ 7 Crore+","Rs 1,17,38,423 ~ 1 Crore+"
774,1064,Ranjit Singh,https://myneta.info/pb2012/candidate.php?candidate_id=1064,ANANDPUR SAHIB,SAD(A)(Simranjit Singh Mann),0,8th Pass,https://myneta.info/image_v2.php?myneta_folder=pb2012&candidate_id=1064&col=ta,https://myneta.info/image_v2.php?myneta_folder=pb2012&candidate_id=1064&col=lia
775,934,Ranjit Singh,https://myneta.info/pb2012/candidate.php?candidate_id=934,DHURI,IND,0,10th Pass,"Rs 1,20,000 ~ 1 Lacs+",Rs 0 ~
776,157,Ranjit Singh,https://myneta.info/pb2012/candidate.php?candidate_id=157,BABA BAKALA (SC),INC,0,10th Pass,"Rs 3,46,88,354 ~ 3 Crore+",Rs 0 ~
777,652,Ranjit Singh,https://myneta.info/pb2012/candidate.php?candidate_id=652,SAMRALA,IND,1,8th Pass,"Rs 2,73,88,472 ~ 2 Crore+","Rs 52,75,971 ~ 52 Lacs+"
778,908,Ranjit Singh Sanghera,https://myneta.info/pb2012/candidate.php?candidate_id=908,BARNALA,SAD(A)(Simranjit Singh Mann),0,10th Pass,"Rs 24,90,000 ~ 24 Lacs+",Rs 0 ~
779,106,Ranjit Singh Talwandi,https://myneta.info/pb2012/candidate.php?candidate_id=106,KHANNA,SAD,3,10th Pass,"Rs 3,12,76,550 ~ 3 Crore+","Rs 7,00,000 ~ 7 Lacs+"
780,427,Rashpal Singh Raju,https://myneta.info/pb2012/candidate.php?candidate_id=427,ANANDPUR SAHIB,BSP,1,12th Pass,"Rs 71,62,311 ~ 71 Lacs+","Rs 8,00,000 ~ 8 Lacs+"
781,935,Rattan Lal,https://myneta.info/pb2012/candidate.php?candidate_id=935,DHURI,IND,0,10th Pass,"Rs 9,05,000 ~ 9 Lacs+",Rs 0 ~
782,748,Ravinder Singh Sandhu,https://myneta.info/pb2012/candidate.php?candidate_id=748,FIROZPUR CITY,IND,1,10th Pass,"Rs 16,88,44,000 ~ 16 Crore+","Rs 99,82,000 ~ 99 Lacs+"
783,1054,Rawel Singh,https://myneta.info/pb2012/candidate.php?candidate_id=1054,HOSHIARPUR,BGTD,0,12th Pass,https://myneta.info/image_v2.php?myneta_folder=pb2012&candidate_id=1054&col=ta,https://myneta.info/image_v2.php?myneta_folder=pb2012&candidate_id=1054&col=lia
784,921,Razia,https://myneta.info/pb2012/candidate.php?candidate_id=921,MALERKOTLA,IND,0,5th Pass,"Rs 2,20,000 ~ 2 Lacs+",Rs 0 ~
785,231,Razia Sultana,https://myneta.info/pb2012/candidate.php?candidate_id=231,MALERKOTLA,INC,0,10th Pass,"Rs 11,21,15,574 ~ 11 Crore+","Rs 1,43,72,522 ~ 1 Crore+"
786,1086,Resham Lal,https://myneta.info/pb2012/candidate.php?candidate_id=1086,BANGA (SC),LJP,0,10th Pass,"Rs 58,15,000 ~ 58 Lacs+","Rs 3,20,000 ~ 3 Lacs+"
787,221,Ripjeet Singh,https://myneta.info/pb2012/candidate.php?candidate_id=221,KOTKAPURA,INC,0,12th Pass,"Rs 71,93,500 ~ 71 Lacs+","Rs 96,52,000 ~ 96 Lacs+"
788,454,Rishi Dev,https://myneta.info/pb2012/candidate.php?candidate_id=454,JAGRAON (SC),BSP,0,Not Given,"Rs 6,20,000 ~ 6 Lacs+",Rs 0 ~
789,392,Rohit Khokhar,https://myneta.info/pb2012/candidate.php?candidate_id=392,AMRITSAR WEST (SC),BSP,1,Graduate,"Rs 51,000 ~ 51 Thou+",Rs 0 ~
790,184,Romesh Datt Sharma,https://myneta.info/pb2012/candidate.php?candidate_id=184,RUPNAGAR,INC,1,10th Pass,"Rs 49,12,637 ~ 49 Lacs+","Rs 2,86,160 ~ 2 Lacs+"
791,902,Roop Singh,https://myneta.info/pb2012/candidate.php?candidate_id=902,BHADAUR (SC),LJP,0,Illiterate,"Rs 20,000 ~ 20 Thou+",Rs 0 ~
792,1050,Roshan Lal,https://myneta.info/pb2012/candidate.php?candidate_id=1050,JALANDHAR CANTT. ,IND,0,Not Given,https://myneta.info/image_v2.php?myneta_folder=pb2012&candidate_id=1050&col=ta,https://myneta.info/image_v2.php?myneta_folder=pb2012&candidate_id=1050&col=lia
793,924,Rukhsana,https://myneta.info/pb2012/candidate.php?candidate_id=924,AMARGARH,LJP,0,5th Pass,"Rs 1,000 ~ 1 Thou+",Rs 0 ~
794,604,Rulda Singh,https://myneta.info/pb2012/candidate.php?candidate_id=604,PHAGWARA (SC),IND,0,8th Pass,"Rs 23,05,000 ~ 23 Lacs+",Rs 0 ~
795,11,S. Amarjit Singh Shahi,https://myneta.info/pb2012/candidate.php?candidate_id=11,DASUYA,BJP,0,12th Pass,"Rs 7,84,19,090 ~ 7 Crore+","Rs 88,61,066 ~ 88 Lacs+"
796,243,S. Lal Singh,https://myneta.info/pb2012/candidate.php?candidate_id=243,SANOUR,INC,0,10th Pass,"Rs 3,99,41,010 ~ 3 Crore+",Rs 0 ~
797,208,S. Parminder Singh,https://myneta.info/pb2012/candidate.php?candidate_id=208,FIROZPUR CITY,INC,0,Graduate,"Rs 7,88,82,012 ~ 7 Crore+","Rs 13,59,523 ~ 13 Lacs+"
798,17,S. Shukhpal Singh Nanu,https://myneta.info/pb2012/candidate.php?candidate_id=17,FIROZPUR CITY,BJP,0,Graduate,"Rs 55,72,12,212 ~ 55 Crore+","Rs 66,00,000 ~ 66 Lacs+"
799,187,S.balbir Singh Sidhu,https://myneta.info/pb2012/candidate.php?candidate_id=187,S.A.S. NAGAR,INC,1,12th Pass,"Rs 12,04,23,967 ~ 12 Crore+","Rs 11,81,353 ~ 11 Lacs+"
800,238,Sadhu Singh,https://myneta.info/pb2012/candidate.php?candidate_id=238,NABHA (SC),INC,0,10th Pass,"Rs 91,91,174 ~ 91 Lacs+",Rs 0 ~
801,1055,Sadhu Singh Saini,https://myneta.info/pb2012/candidate.php?candidate_id=1055,HOSHIARPUR,IND,0,10th Pass,https://myneta.info/image_v2.php?myneta_folder=pb2012&candidate_id=1055&col=ta,https://myneta.info/image_v2.php?myneta_folder=pb2012&candidate_id=1055&col=lia
802,605,Saleem Mohamed,https://myneta.info/pb2012/candidate.php?candidate_id=605,PHILLAUR (SC),IND,0,12th Pass,"Rs 1,51,000 ~ 1 Lacs+",Rs 0 ~
803,1049,Samarth Oberoi,https://myneta.info/pb2012/candidate.php?candidate_id=1049,JALANDHAR CANTT. ,IND,0,10th Pass,"Rs 11,46,000 ~ 11 Lacs+","Rs 1,50,000 ~ 1 Lacs+"
804,420,Samittar Singh Sikri,https://myneta.info/pb2012/candidate.php?candidate_id=420,SHAM CHAURASI (SC),BSP,0,10th Pass,"Rs 2,06,38,747 ~ 2 Crore+","Rs 10,49,923 ~ 10 Lacs+"
805,553,Samsan Masih,https://myneta.info/pb2012/candidate.php?candidate_id=553,AMRITSAR NORTH ,SSPD,0,Not Given,"Rs 1,628 ~ 1 Thou+",Rs 0 ~
806,1037,Sandeep,https://myneta.info/pb2012/candidate.php?candidate_id=1037,JALANDHAR WEST (SC),IND,3,Not Given,"Rs 95,000 ~ 95 Thou+",Rs 0 ~
807,996,Sandeep Kumar,https://myneta.info/pb2012/candidate.php?candidate_id=996,SAMANA,IND,0,5th Pass,"Rs 13,62,158 ~ 13 Lacs+","Rs 5,00,000 ~ 5 Lacs+"
808,354,Sandeep Singh Saini,https://myneta.info/pb2012/candidate.php?candidate_id=354,HOSHIARPUR,PPOP,0,10th Pass,"Rs 5,56,000 ~ 5 Lacs+","Rs 10,400 ~ 10 Thou+"
809,968,Sandeepa Kamboj,https://myneta.info/pb2012/candidate.php?candidate_id=968,RAJPURA,IND,0,10th Pass,"Rs 70,72,000 ~ 70 Lacs+",Rs 0 ~
810,709,Sandhya James,https://myneta.info/pb2012/candidate.php?candidate_id=709,LUDHIANA NORTH,IND,0,10th Pass,https://myneta.info/image_v2.php?myneta_folder=pb2012&candidate_id=709&col=ta,https://myneta.info/image_v2.php?myneta_folder=pb2012&candidate_id=709&col=lia
811,850,Sanjeev Kumar,https://myneta.info/pb2012/candidate.php?candidate_id=850,BATHINDA URBAN,SHS,0,Graduate,"Rs 20,000 ~ 20 Thou+",Rs 0 ~
812,698,Sanjeev Nayyar,https://myneta.info/pb2012/candidate.php?candidate_id=698,LUDHIANA CENTRAL,IND,0,10th Pass,"Rs 74,49,611 ~ 74 Lacs+","Rs 7,80,000 ~ 7 Lacs+"
813,499,Sansar Chand,https://myneta.info/pb2012/candidate.php?candidate_id=499,PATHANKOT,BSP,0,Illiterate,"Rs 21,03,200 ~ 21 Lacs+",Rs 0 ~
814,854,Sant Lal,https://myneta.info/pb2012/candidate.php?candidate_id=854,BATHINDA URBAN,IND,0,12th Pass,"Rs 20,000 ~ 20 Thou+",Rs 0 ~
815,64,Sant Singh Brar,https://myneta.info/pb2012/candidate.php?candidate_id=64,GIDDERBAHA,SAD,0,Graduate Professional,"Rs 7,73,60,380 ~ 7 Crore+","Rs 57,00,000 ~ 57 Lacs+"
816,163,Santokh Singh Chaudhary,https://myneta.info/pb2012/candidate.php?candidate_id=163,PHILLAUR (SC),INC,0,Graduate Professional,"Rs 8,32,20,312 ~ 8 Crore+","Rs 34,37,737 ~ 34 Lacs+"
817,590,Sarabjit Singh,https://myneta.info/pb2012/candidate.php?candidate_id=590,KAPURTHALA,IND,0,12th Pass,"Rs 30,40,000 ~ 30 Lacs+",Rs 0 ~
818,690,Sarabjit Singh Kochhar,https://myneta.info/pb2012/candidate.php?candidate_id=690,ATAM NAGAR,IND,0,10th Pass,"Rs 98,07,803 ~ 98 Lacs+","Rs 8,00,000 ~ 8 Lacs+"
819,57,Sarabjit Singh Makkar,https://myneta.info/pb2012/candidate.php?candidate_id=57,KAPURTHALA,SAD,0,Graduate,https://myneta.info/image_v2.php?myneta_folder=pb2012&candidate_id=57&col=ta,https://myneta.info/image_v2.php?myneta_folder=pb2012&candidate_id=57&col=lia
820,549,Sarabjit Singh Takhatu Chak,https://myneta.info/pb2012/candidate.php?candidate_id=549,JANDIALA (SC),BSP(A),0,10th Pass,"Rs 98,000 ~ 98 Thou+",Rs 0 ~
821,594,Sarban Chand,https://myneta.info/pb2012/candidate.php?candidate_id=594,SULTANPUR LODHI,IND,2,Not Given,"Rs 10,000 ~ 10 Thou+",Rs 0 ~
822,292,Sardar Kashmir Singh,https://myneta.info/pb2012/candidate.php?candidate_id=292,NABHA (SC),CPI,0,12th Pass,"Rs 1,95,093 ~ 1 Lacs+","Rs 12,000 ~ 12 Thou+"
823,145,Sardool Singh Bandala,https://myneta.info/pb2012/candidate.php?candidate_id=145,JANDIALA (SC),INC,0,Post Graduate,"Rs 1,84,47,706 ~ 1 Crore+","Rs 28,14,676 ~ 28 Lacs+"
824,861,Saroop Singh,https://myneta.info/pb2012/candidate.php?candidate_id=861,BATHINDA RURAL (SC),IND,0,Not Given,"Rs 5,53,800 ~ 5 Lacs+",Rs 0 ~
825,675,Saroop Singh,https://myneta.info/pb2012/candidate.php?candidate_id=675,LUDHIANA SOUTH,RASAP,0,10th Pass,"Rs 10,88,000 ~ 10 Lacs+",Rs 0 ~
826,83,Sarup Chand Singla,https://myneta.info/pb2012/candidate.php?candidate_id=83,BATHINDA URBAN,SAD,0,8th Pass,"Rs 10,54,47,549 ~ 10 Crore+","Rs 49,30,527 ~ 49 Lacs+"
827,119,Sarvan Singh Phillaur,https://myneta.info/pb2012/candidate.php?candidate_id=119,KARTARPUR (SC),SAD,0,Graduate,"Rs 2,73,49,931 ~ 2 Crore+",Rs 0 ~
828,601,Sarwan Singh,https://myneta.info/pb2012/candidate.php?candidate_id=601,PHAGWARA (SC),IND,0,8th Pass,https://myneta.info/image_v2.php?myneta_folder=pb2012&candidate_id=601&col=ta,https://myneta.info/image_v2.php?myneta_folder=pb2012&candidate_id=601&col=lia
829,266,Sat Paul,https://myneta.info/pb2012/candidate.php?candidate_id=266,KARTARPUR (SC),PnPP,0,Post Graduate,"Rs 3,40,04,000 ~ 3 Crore+","Rs 66,60,000 ~ 66 Lacs+"
830,523,Satbir Singh,https://myneta.info/pb2012/candidate.php?candidate_id=523,BATALA,IND,0,Graduate Professional,"Rs 61,625 ~ 61 Thou+",Rs 0 ~
831,955,Satbir Singh Khatra,https://myneta.info/pb2012/candidate.php?candidate_id=955,PATIALA RURAL,IND,0,Graduate Professional,"Rs 6,23,14,715 ~ 6 Crore+","Rs 2,09,649 ~ 2 Lacs+"
832,733,Sathi Vijay Kumar,https://myneta.info/pb2012/candidate.php?candidate_id=733,MOGA,IND,0,Graduate Professional,"Rs 1,61,64,805 ~ 1 Crore+","Rs 1,37,717 ~ 1 Lacs+"
833,122,Satinder Kaur,https://myneta.info/pb2012/candidate.php?candidate_id=122,NAWAN SHAHR,SAD,0,10th Pass,"Rs 2,96,59,000 ~ 2 Crore+",Rs 0 ~
834,542,Satinder Singh,https://myneta.info/pb2012/candidate.php?candidate_id=542,MAJITHA,IND,0,10th Pass,"Rs 2,00,92,400 ~ 2 Crore+","Rs 4,50,000 ~ 4 Lacs+"
835,1029,Satish Nahar,https://myneta.info/pb2012/candidate.php?candidate_id=1029,KARTARPUR (SC),IND,0,12th Pass,"Rs 12,500 ~ 12 Thou+",Rs 0 ~
836,432,Satish Sharma,https://myneta.info/pb2012/candidate.php?candidate_id=432,DERA BASSI,BSP,0,10th Pass,"Rs 1,58,43,617 ~ 1 Crore+","Rs 44,580 ~ 44 Thou+"
837,210,Satkar Kaur,https://myneta.info/pb2012/candidate.php?candidate_id=210,FIROZPUR RURAL (SC),INC,0,12th Pass,https://myneta.info/image_v2.php?myneta_folder=pb2012&candidate_id=210&col=ta,https://myneta.info/image_v2.php?myneta_folder=pb2012&candidate_id=210&col=lia
838,1088,Satnam,https://myneta.info/pb2012/candidate.php?candidate_id=1088,BANGA (SC),IND,0,10th Pass,"Rs 4,83,000 ~ 4 Lacs+","Rs 3,00,000 ~ 3 Lacs+"
839,755,Satnam Paul,https://myneta.info/pb2012/candidate.php?candidate_id=755,GURU HAR SAHAI ,IND,0,Graduate Professional,"Rs 28,00,000 ~ 28 Lacs+",Rs 0 ~
840,699,Satnam Singh,https://myneta.info/pb2012/candidate.php?candidate_id=699,LUDHIANA CENTRAL,IND,0,5th Pass,"Rs 68,03,471 ~ 68 Lacs+",Rs 0 ~
841,515,Satnam Singh,https://myneta.info/pb2012/candidate.php?candidate_id=515,GURDASPUR,SAD(A)(Simranjit Singh Mann),1,Not Given,"Rs 11,80,000 ~ 11 Lacs+",Rs 0 ~
842,14,Satpal Gosain,https://myneta.info/pb2012/candidate.php?candidate_id=14,LUDHIANA CENTRAL,BJP,1,10th Pass,"Rs 4,23,61,299 ~ 4 Crore+","Rs 2,71,069 ~ 2 Lacs+"
843,903,Satpal Singh,https://myneta.info/pb2012/candidate.php?candidate_id=903,BHADAUR (SC),IND,1,12th Pass,"Rs 15,000 ~ 15 Thou+",Rs 0 ~
844,689,Satveer Singh Kala,https://myneta.info/pb2012/candidate.php?candidate_id=689,ATAM NAGAR,IND,0,10th Pass,"Rs 3,95,000 ~ 3 Lacs+",Rs 0 ~
845,685,Satwinder Singh,https://myneta.info/pb2012/candidate.php?candidate_id=685,ATAM NAGAR,BGTD,0,8th Pass,"Rs 17,31,936 ~ 17 Lacs+","Rs 9,00,000 ~ 9 Lacs+"
846,764,Savinder Singh,https://myneta.info/pb2012/candidate.php?candidate_id=764,JALALABAD ,IND,0,Not Given,https://myneta.info/image_v2.php?myneta_folder=pb2012&candidate_id=764&col=ta,https://myneta.info/image_v2.php?myneta_folder=pb2012&candidate_id=764&col=lia
847,949,Sawtanterpal,https://myneta.info/pb2012/candidate.php?candidate_id=949,RUPNAGAR,IND,0,Post Graduate,"Rs 28,94,000 ~ 28 Lacs+",Rs 0 ~
848,2,Seema Devi,https://myneta.info/pb2012/candidate.php?candidate_id=2,BHOA (SC),BJP,0,5th Pass,"Rs 2,81,055 ~ 2 Lacs+",Rs 0 ~
849,679,Seeta Devi,https://myneta.info/pb2012/candidate.php?candidate_id=679,LUDHIANA SOUTH,IND,0,Illiterate,"Rs 44,585 ~ 44 Thou+",Rs 0 ~
850,910,Sewa Singh,https://myneta.info/pb2012/candidate.php?candidate_id=910,BARNALA,IND,0,Illiterate,"Rs 25,000 ~ 25 Thou+",Rs 0 ~
851,102,Sewa Singh Sekhwan,https://myneta.info/pb2012/candidate.php?candidate_id=102,QADIAN ,SAD,0,Graduate,"Rs 2,56,95,629 ~ 2 Crore+","Rs 15,56,096 ~ 15 Lacs+"
852,152,Sh. Jasbir Singh Gill,https://myneta.info/pb2012/candidate.php?candidate_id=152,AMRITSAR SOUTH,INC,1,12th Pass,"Rs 5,82,90,000 ~ 5 Crore+","Rs 38,00,000 ~ 38 Lacs+"
853,247,Sh. Makhan Singh,https://myneta.info/pb2012/candidate.php?candidate_id=247,BATHINDA RURAL (SC),INC,1,Graduate Professional,"Rs 71,39,928 ~ 71 Lacs+","Rs 15,48,990 ~ 15 Lacs+"
854,194,Sh. Malkit Singh,https://myneta.info/pb2012/candidate.php?candidate_id=194,ATAM NAGAR,INC,0,Graduate,"Rs 31,60,80,027 ~ 31 Crore+","Rs 43,90,369 ~ 43 Lacs+"
855,235,Sh. Mohammed Sadique,https://myneta.info/pb2012/candidate.php?candidate_id=235,BHADAUR (SC),INC,0,5th Pass,https://myneta.info/image_v2.php?myneta_folder=pb2012&candidate_id=235&col=ta,https://myneta.info/image_v2.php?myneta_folder=pb2012&candidate_id=235&col=lia
856,207,Sh. Naresh Kumar,https://myneta.info/pb2012/candidate.php?candidate_id=207,ZIRA,INC,0,10th Pass,"Rs 1,29,56,437 ~ 1 Crore+",Rs 0 ~
857,149,Sh. Om Parkash Soni,https://myneta.info/pb2012/candidate.php?candidate_id=149,AMRITSAR CENTRAL ,INC,0,12th Pass,"Rs 9,76,09,667 ~ 9 Crore+","Rs 1,02,73,810 ~ 1 Crore+"
858,175,Sh. Sangat Singh,https://myneta.info/pb2012/candidate.php?candidate_id=175,URMAR,INC,0,8th Pass,"Rs 3,33,15,893 ~ 3 Crore+",Rs 0 ~
859,362,Sh. Satnam Singh Kainth,https://myneta.info/pb2012/candidate.php?candidate_id=362,ADAMPUR (SC),INC,0,Graduate,"Rs 1,30,94,773 ~ 1 Crore+",Rs 0 ~
860,227,Sh. Satpal Singh,https://myneta.info/pb2012/candidate.php?candidate_id=227,BUDHLADA (SC),INC,0,Graduate,"Rs 19,31,000 ~ 19 Lacs+","Rs 3,47,599 ~ 3 Lacs+"
861,142,Sh. Sukhbinder Singh Sarkaria,https://myneta.info/pb2012/candidate.php?candidate_id=142,RAJA SANSI,INC,1,Graduate,"Rs 8,08,29,000 ~ 8 Crore+","Rs 55,92,000 ~ 55 Lacs+"
862,417,Sh. Sukhwinder Singh,https://myneta.info/pb2012/candidate.php?candidate_id=417,ADAMPUR (SC),BSP,0,10th Pass,"Rs 20,81,514 ~ 20 Lacs+","Rs 75,344 ~ 75 Thou+"
863,151,Sh. Sunil Dutta,https://myneta.info/pb2012/candidate.php?candidate_id=151,AMRITSAR EAST,INC,0,12th Pass,"Rs 42,50,598 ~ 42 Lacs+",Rs 0 ~
864,232,Sh. Surjit Singh Dhiman,https://myneta.info/pb2012/candidate.php?candidate_id=232,AMARGARH,INC,0,Graduate Professional,https://myneta.info/image_v2.php?myneta_folder=pb2012&candidate_id=232&col=ta,https://myneta.info/image_v2.php?myneta_folder=pb2012&candidate_id=232&col=lia
865,204,Sh.darshan Singh Brar,https://myneta.info/pb2012/candidate.php?candidate_id=204,BHAGHA PURANA,INC,0,8th Pass,"Rs 1,95,22,164 ~ 1 Crore+","Rs 3,50,000 ~ 3 Lacs+"
866,893,Shahbaj Singh,https://myneta.info/pb2012/candidate.php?candidate_id=893,SUNAM,SAD(A)(Simranjit Singh Mann),0,Graduate,"Rs 1,25,84,883 ~ 1 Crore+","Rs 17,20,000 ~ 17 Lacs+"
867,546,Shalinder Singh Yadav,https://myneta.info/pb2012/candidate.php?candidate_id=546,MAJITHA,IND,0,Graduate,"Rs 10,10,000 ~ 10 Lacs+",Rs 0 ~
868,144,Shalinderjit Singh,https://myneta.info/pb2012/candidate.php?candidate_id=144,MAJITHA,INC,1,10th Pass,"Rs 1,13,34,877 ~ 1 Crore+","Rs 14,91,562 ~ 14 Lacs+"
869,550,Sham Singh,https://myneta.info/pb2012/candidate.php?candidate_id=550,JANDIALA (SC),IND,0,10th Pass,"Rs 15,41,000 ~ 15 Lacs+",Rs 0 ~
870,1068,Shamlal (gandhiwadi),https://myneta.info/pb2012/candidate.php?candidate_id=1068,AMRITSAR WEST (SC),BCP,0,Illiterate,"Rs 1,000 ~ 1 Thou+",Rs 0 ~
871,915,Shamsher Singh,https://myneta.info/pb2012/candidate.php?candidate_id=915,MEHAL KALAN (SC),LJP,0,Graduate Professional,"Rs 32,63,000 ~ 32 Lacs+","Rs 5,16,000 ~ 5 Lacs+"
872,494,Shankar Lal,https://myneta.info/pb2012/candidate.php?candidate_id=494,PATIALA,BSP,0,5th Pass,"Rs 7,60,000 ~ 7 Lacs+","Rs 80,000 ~ 80 Thou+"
873,956,Shankar Lal,https://myneta.info/pb2012/candidate.php?candidate_id=956,PATIALA RURAL,IND,0,8th Pass,https://myneta.info/image_v2.php?myneta_folder=pb2012&candidate_id=956&col=ta,https://myneta.info/image_v2.php?myneta_folder=pb2012&candidate_id=956&col=lia
874,1001,Shano Devi,https://myneta.info/pb2012/candidate.php?candidate_id=1001,SHUTRANA (SC),IND,0,Illiterate,"Rs 11,08,961 ~ 11 Lacs+",Rs 0 ~
875,708,Sharanjit Singh,https://myneta.info/pb2012/candidate.php?candidate_id=708,LUDHIANA NORTH,IND,0,8th Pass,"Rs 95,000 ~ 95 Thou+",Rs 0 ~
876,67,Sharanjit Singh Dhillon,https://myneta.info/pb2012/candidate.php?candidate_id=67,SAHNEWAL,SAD,0,Graduate Professional,"Rs 9,72,46,683 ~ 9 Crore+","Rs 1,21,72,233 ~ 1 Crore+"
877,512,Shashi Bala,https://myneta.info/pb2012/candidate.php?candidate_id=512,PATHANKOT,IND,0,Not Given,"Rs 5,00,000 ~ 5 Lacs+",Rs 0 ~
878,1051,Shashi Dogra,https://myneta.info/pb2012/candidate.php?candidate_id=1051,HOSHIARPUR,SHS,0,12th Pass,"Rs 66,362 ~ 66 Thou+",Rs 0 ~
879,466,Sheela Rani,https://myneta.info/pb2012/candidate.php?candidate_id=466,GIDDERBAHA,BSP,0,10th Pass,"Rs 23,15,853 ~ 23 Lacs+","Rs 28,902 ~ 28 Thou+"
880,880,Sher Singh,https://myneta.info/pb2012/candidate.php?candidate_id=880,LEHRA,IND,0,10th Pass,"Rs 11,08,000 ~ 11 Lacs+",Rs 0 ~
881,831,Sher Singh,https://myneta.info/pb2012/candidate.php?candidate_id=831,JAITU (SC),IND,0,Not Given,"Rs 80,000 ~ 80 Thou+","Rs 3,00,000 ~ 3 Lacs+"
882,564,Shinder Singh,https://myneta.info/pb2012/candidate.php?candidate_id=564,KHEM KARAN,LJP,0,5th Pass,https://myneta.info/image_v2.php?myneta_folder=pb2012&candidate_id=564&col=ta,https://myneta.info/image_v2.php?myneta_folder=pb2012&candidate_id=564&col=lia
883,99,Shiv Ram Kaler,https://myneta.info/pb2012/candidate.php?candidate_id=99,JAGRAON (SC),SAD,0,Graduate,"Rs 1,95,94,308 ~ 1 Crore+",Rs 0 ~
884,426,Shiv Ram Singh,https://myneta.info/pb2012/candidate.php?candidate_id=426,BALACHAUR,BSP,0,10th Pass,"Rs 1,68,62,500 ~ 1 Crore+","Rs 16,90,000 ~ 16 Lacs+"
885,578,Shri Jasbir Singh S/o Shri Makhan Singh,https://myneta.info/pb2012/candidate.php?candidate_id=578,BABA BAKALA (SC),SSPD,0,10th Pass,"Rs 15,000 ~ 15 Thou+",Rs 0 ~
886,735,Shri Ram Daynwal,https://myneta.info/pb2012/candidate.php?candidate_id=735,MOGA,IND,1,5th Pass,Nil,Rs 0 ~
887,214,Shri Sunil Kumar Jakhar,https://myneta.info/pb2012/candidate.php?candidate_id=214,ABOHAR,INC,0,Graduate,"Rs 6,84,06,753 ~ 6 Crore+","Rs 1,76,19,293 ~ 1 Crore+"
888,756,Sikandar Singh,https://myneta.info/pb2012/candidate.php?candidate_id=756,GURU HAR SAHAI ,IND,0,12th Pass,"Rs 10,00,000 ~ 10 Lacs+",Rs 0 ~
889,80,Sikander Singh,https://myneta.info/pb2012/candidate.php?candidate_id=80,RAMPURA PHUL,IND,0,5th Pass,"Rs 6,32,92,000 ~ 6 Crore+","Rs 3,74,000 ~ 3 Lacs+"
890,446,Sikander Singh Maluka,https://myneta.info/pb2012/candidate.php?candidate_id=446,RAMPURA PHUL,SAD,0,10th Pass,"Rs 8,37,72,103 ~ 8 Crore+","Rs 4,97,352 ~ 4 Lacs+"
891,691,Simarjit Singh Bains,https://myneta.info/pb2012/candidate.php?candidate_id=691,ATAM NAGAR,IND,2,Graduate,https://myneta.info/image_v2.php?myneta_folder=pb2012&candidate_id=691&col=ta,https://myneta.info/image_v2.php?myneta_folder=pb2012&candidate_id=691&col=lia
892,1078,Simarpreet Kaur,https://myneta.info/pb2012/candidate.php?candidate_id=1078,AMRITSAR EAST,IND,0,12th Pass,"Rs 8,64,228 ~ 8 Lacs+",Rs 0 ~
893,629,Simranjit Singh Mann,https://myneta.info/pb2012/candidate.php?candidate_id=629,FATEHGARH SAHIB,SAD(A)(Simranjit Singh Mann),7,Graduate,"Rs 35,96,99,151 ~ 35 Crore+",Rs 0 ~
894,1002,Sinder Kaur,https://myneta.info/pb2012/candidate.php?candidate_id=1002,SHUTRANA (SC),IND,0,12th Pass,"Rs 51,000 ~ 51 Thou+",Rs 0 ~
895,896,Sira Singh Alias Kashmir Singh,https://myneta.info/pb2012/candidate.php?candidate_id=896,SUNAM,IND,0,Not Given,Nil,Rs 0 ~
896,131,Sital Singh,https://myneta.info/pb2012/candidate.php?candidate_id=131,MAJITHA,BSP,0,10th Pass,"Rs 4,07,000 ~ 4 Lacs+",Rs 0 ~
897,692,Sohan Singh Goga,https://myneta.info/pb2012/candidate.php?candidate_id=692,ATAM NAGAR,IND,0,10th Pass,"Rs 59,34,000 ~ 59 Lacs+",Rs 0 ~
898,63,Sohan Singh Thandal,https://myneta.info/pb2012/candidate.php?candidate_id=63,CHABBEWAL (SC),SAD,0,Graduate,"Rs 1,31,76,185 ~ 1 Crore+","Rs 7,55,075 ~ 7 Lacs+"
899,23,Som Prakash,https://myneta.info/pb2012/candidate.php?candidate_id=23,PHAGWARA (SC),BJP,0,Post Graduate,"Rs 2,63,28,798 ~ 2 Crore+",Rs 0 ~
900,693,Sonu Sivia,https://myneta.info/pb2012/candidate.php?candidate_id=693,ATAM NAGAR,IND,0,12th Pass,https://myneta.info/image_v2.php?myneta_folder=pb2012&candidate_id=693&col=ta,https://myneta.info/image_v2.php?myneta_folder=pb2012&candidate_id=693&col=lia
901,766,Subage Singh,https://myneta.info/pb2012/candidate.php?candidate_id=766,JALALABAD ,IND,0,5th Pass,"Rs 60,72,500 ~ 60 Lacs+","Rs 1,00,000 ~ 1 Lacs+"
902,286,Subash Chander,https://myneta.info/pb2012/candidate.php?candidate_id=286,DINA NAGAR (SC),CPI,0,Illiterate,"Rs 4,20,500 ~ 4 Lacs+",Rs 0 ~
903,501,Subhash Chander,https://myneta.info/pb2012/candidate.php?candidate_id=501,SUJANPUR,IND,0,10th Pass,"Rs 95,05,000 ~ 95 Lacs+","Rs 13,46,834 ~ 13 Lacs+"
904,631,Sucha Singh,https://myneta.info/pb2012/candidate.php?candidate_id=631,FATEHGARH SAHIB,IND,0,8th Pass,"Rs 6,62,000 ~ 6 Lacs+",Rs 0 ~
905,610,Sucha Singh,https://myneta.info/pb2012/candidate.php?candidate_id=610,CHAMKAUR SAHIB (SC),SAD(A)(Simranjit Singh Mann),0,Not Given,"Rs 67,90,000 ~ 67 Lacs+",Rs 0 ~
906,521,Sucha Singh Chhotepur,https://myneta.info/pb2012/candidate.php?candidate_id=521,QADIAN ,IND,0,Graduate,"Rs 1,34,50,000 ~ 1 Crore+",Rs 0 ~
907,43,Sucha Singh Langah,https://myneta.info/pb2012/candidate.php?candidate_id=43,DERA BABA NANAK,SAD,1,10th Pass,"Rs 3,43,10,381 ~ 3 Crore+","Rs 10,00,000 ~ 10 Lacs+"
908,509,Sudesh,https://myneta.info/pb2012/candidate.php?candidate_id=509,PATHANKOT,NCP,0,Others,"Rs 8,60,000 ~ 8 Lacs+","Rs 30,000 ~ 30 Thou+"
909,340,Sukh Preet Singh Randhawa,https://myneta.info/pb2012/candidate.php?candidate_id=340,FATEHGARH CHURIAN,PPOP,0,Post Graduate,https://myneta.info/image_v2.php?myneta_folder=pb2012&candidate_id=340&col=ta,https://myneta.info/image_v2.php?myneta_folder=pb2012&candidate_id=340&col=lia
910,101,Sukhbir Singh Badal,https://myneta.info/pb2012/candidate.php?candidate_id=101,JALALABAD ,SAD,1,Post Graduate,"Rs 90,86,01,691 ~ 90 Crore+","Rs 31,77,83,438 ~ 31 Crore+"
911,571,Sukhchain Singh Nandpur,https://myneta.info/pb2012/candidate.php?candidate_id=571,PATTI ,BSP(A),0,5th Pass,"Rs 1,50,000 ~ 1 Lacs+",Rs 0 ~
912,255,Sukhdeep Singh Bhinder,https://myneta.info/pb2012/candidate.php?candidate_id=255,BATHINDA URBAN,PPOP,0,Post Graduate,"Rs 3,54,27,823 ~ 3 Crore+","Rs 6,66,667 ~ 6 Lacs+"
913,389,Sukhdev Kumar,https://myneta.info/pb2012/candidate.php?candidate_id=389,RAJA SANSI,BSP,0,10th Pass,"Rs 8,03,000 ~ 8 Lacs+",Rs 0 ~
914,705,Sukhdev Singh,https://myneta.info/pb2012/candidate.php?candidate_id=705,LUDHIANA NORTH,BHSVP,0,10th Pass,"Rs 25,000 ~ 25 Thou+",Rs 0 ~
915,451,Sukhdev Singh,https://myneta.info/pb2012/candidate.php?candidate_id=451,PAYAL (SC),BSP,0,Graduate,"Rs 9,57,012 ~ 9 Lacs+",Rs 0 ~
916,750,Sukhdev Singh,https://myneta.info/pb2012/candidate.php?candidate_id=750,FIROZPUR RURAL (SC),SAD(A)(Simranjit Singh Mann),0,8th Pass,Nil,Rs 0 ~
917,561,Sukhdev Singh,https://myneta.info/pb2012/candidate.php?candidate_id=561,TARN TARAN,BSA,0,8th Pass,"Rs 2,00,500 ~ 2 Lacs+",Rs 0 ~
918,557,Sukhdev Singh,https://myneta.info/pb2012/candidate.php?candidate_id=557,AMRITSAR NORTH ,IND,0,Illiterate,https://myneta.info/image_v2.php?myneta_folder=pb2012&candidate_id=557&col=ta,https://myneta.info/image_v2.php?myneta_folder=pb2012&candidate_id=557&col=lia
919,744,Sukhdev Singh,https://myneta.info/pb2012/candidate.php?candidate_id=744,FIROZPUR CITY,IND,0,8th Pass,"Rs 2,000 ~ 2 Thou+",Rs 0 ~
920,459,Sukhdev Singh,https://myneta.info/pb2012/candidate.php?candidate_id=459,ZIRA,BSP,3,8th Pass,"Rs 9,41,870 ~ 9 Lacs+","Rs 15,000 ~ 15 Thou+"
921,765,Sukhdev Singh,https://myneta.info/pb2012/candidate.php?candidate_id=765,JALALABAD ,IND,0,10th Pass,"Rs 1,05,010 ~ 1 Lacs+",Rs 0 ~
922,925,Sukhdev Singh Brar,https://myneta.info/pb2012/candidate.php?candidate_id=925,AMARGARH,IND,0,12th Pass,"Rs 2,25,83,588 ~ 2 Crore+",Rs 0 ~
923,321,Sukhdev Singh Chahal,https://myneta.info/pb2012/candidate.php?candidate_id=321,TALWANDI SABO,PPOP,0,10th Pass,"Rs 8,05,86,811 ~ 8 Crore+",Rs 0 ~
924,456,Sukhdev Singh Khalsa,https://myneta.info/pb2012/candidate.php?candidate_id=456,BHAGHA PURANA,BSP,0,5th Pass,"Rs 20,71,685 ~ 20 Lacs+",Rs 0 ~
925,907,Sukhi Kaur,https://myneta.info/pb2012/candidate.php?candidate_id=907,BARNALA,LJP,0,Illiterate,"Rs 70,000 ~ 70 Thou+",Rs 0 ~
926,141,Sukhjinder Singh,https://myneta.info/pb2012/candidate.php?candidate_id=141,DERA BABA NANAK,INC,0,10th Pass,"Rs 2,56,47,327 ~ 2 Crore+","Rs 8,61,948 ~ 8 Lacs+"
927,543,Sukhjinder Singh,https://myneta.info/pb2012/candidate.php?candidate_id=543,MAJITHA,IND,0,10th Pass,https://myneta.info/image_v2.php?myneta_folder=pb2012&candidate_id=543&col=ta,https://myneta.info/image_v2.php?myneta_folder=pb2012&candidate_id=543&col=lia
928,611,Sukhjit Kaur Khalsa,https://myneta.info/pb2012/candidate.php?candidate_id=611,CHAMKAUR SAHIB (SC),IND,0,Not Given,"Rs 60,500 ~ 60 Thou+",Rs 0 ~
929,447,Sukhjit Singh,https://myneta.info/pb2012/candidate.php?candidate_id=447,DHARAMKOT,INC,0,8th Pass,"Rs 4,40,23,630 ~ 4 Crore+","Rs 30,06,395 ~ 30 Lacs+"
930,206,Sukhjit Singh,https://myneta.info/pb2012/candidate.php?candidate_id=206,DHARAMKOT,IND,0,12th Pass,"Rs 15,000 ~ 15 Thou+",Rs 0 ~
931,835,Sukhmander Singh,https://myneta.info/pb2012/candidate.php?candidate_id=835,RAMPURA PHUL,SAD(A)(Simranjit Singh Mann),0,Literate,"Rs 3,37,000 ~ 3 Lacs+",Rs 0 ~
932,158,Sukhpal Singh,https://myneta.info/pb2012/candidate.php?candidate_id=158,BHOLATH,INC,1,Graduate,"Rs 52,66,20,464 ~ 52 Crore+","Rs 10,00,000 ~ 10 Lacs+"
933,352,Sukhvinder Singh,https://myneta.info/pb2012/candidate.php?candidate_id=352,SUNAM,PPOP,0,12th Pass,"Rs 3,60,65,596 ~ 3 Crore+","Rs 1,32,41,266 ~ 1 Crore+"
934,574,Sukhwant Kaur,https://myneta.info/pb2012/candidate.php?candidate_id=574,KHADOOR SAHIB,LJP,0,5th Pass,"Rs 2,15,000 ~ 2 Lacs+",Rs 0 ~
935,572,Sukhwant Singh,https://myneta.info/pb2012/candidate.php?candidate_id=572,PATTI ,IND,0,10th Pass,"Rs 3,00,000 ~ 3 Lacs+",Rs 0 ~
936,1071,Sukhwant Singh,https://myneta.info/pb2012/candidate.php?candidate_id=1071,AMRITSAR SOUTH,SAD(A)(Simranjit Singh Mann),0,Not Given,https://myneta.info/image_v2.php?myneta_folder=pb2012&candidate_id=1071&col=ta,https://myneta.info/image_v2.php?myneta_folder=pb2012&candidate_id=1071&col=lia
937,73,Sukhwant Singh Sarao,https://myneta.info/pb2012/candidate.php?candidate_id=73,LEHRA,SAD,0,Graduate Professional,"Rs 1,11,18,218 ~ 1 Crore+","Rs 36,73,237 ~ 36 Lacs+"
938,979,Sukhwinder Kaur,https://myneta.info/pb2012/candidate.php?candidate_id=979,GHANAUR,IND,0,Illiterate,"Rs 1,13,73,199 ~ 1 Crore+","Rs 34,44,900 ~ 34 Lacs+"
939,545,Sukhwinder Singh,https://myneta.info/pb2012/candidate.php?candidate_id=545,MAJITHA,IND,0,Post Graduate,"Rs 62,000 ~ 62 Thou+",Rs 0 ~
940,879,Sukhwinder Singh,https://myneta.info/pb2012/candidate.php?candidate_id=879,BUDHLADA (SC),IND,0,Not Given,"Rs 1,12,472 ~ 1 Lacs+",Rs 0 ~
941,382,Sukhwinder Singh,https://myneta.info/pb2012/candidate.php?candidate_id=382,SRI HARGOBINDPUR (SC),BSP,0,Graduate,"Rs 1,44,40,000 ~ 1 Crore+","Rs 21,00,000 ~ 21 Lacs+"
942,684,Sukhwinder Singh Gill,https://myneta.info/pb2012/candidate.php?candidate_id=684,ATAM NAGAR,NCP,0,Not Given,"Rs 15,12,000 ~ 15 Lacs+",Rs 0 ~
943,167,Suman Kaypee,https://myneta.info/pb2012/candidate.php?candidate_id=167,JALANDHAR WEST (SC),INC,0,Post Graduate,"Rs 6,77,77,891 ~ 6 Crore+",Rs 0 ~
944,680,Sunder Lal,https://myneta.info/pb2012/candidate.php?candidate_id=680,LUDHIANA SOUTH,IND,0,Illiterate,"Rs 95,000 ~ 95 Thou+",Rs 0 ~
945,378,Sunder Sham Arora,https://myneta.info/pb2012/candidate.php?candidate_id=378,HOSHIARPUR,INC,0,10th Pass,https://myneta.info/image_v2.php?myneta_folder=pb2012&candidate_id=378&col=ta,https://myneta.info/image_v2.php?myneta_folder=pb2012&candidate_id=378&col=lia
946,109,Surender Singh Bhulewal,https://myneta.info/pb2012/candidate.php?candidate_id=109,GARHSHANKAR,SAD,0,5th Pass,"Rs 10,60,13,990 ~ 10 Crore+","Rs 1,03,27,432 ~ 1 Crore+"
947,1015,Suresh Chauhan,https://myneta.info/pb2012/candidate.php?candidate_id=1015,NAWAN SHAHR,NCP,0,8th Pass,"Rs 64,83,789 ~ 64 Lacs+",Rs 0 ~
948,336,Surinder Dhandian,https://myneta.info/pb2012/candidate.php?candidate_id=336,FAZILKA,CPI,0,10th Pass,"Rs 1,61,60,000 ~ 1 Crore+","Rs 9,19,779 ~ 9 Lacs+"
949,195,Surinder Kumar Dawar,https://myneta.info/pb2012/candidate.php?candidate_id=195,LUDHIANA CENTRAL,INC,1,10th Pass,"Rs 16,72,85,428 ~ 16 Crore+","Rs 9,70,000 ~ 9 Lacs+"
950,1067,Surinder Kumar Khosla,https://myneta.info/pb2012/candidate.php?candidate_id=1067,AMRITSAR WEST (SC),NCP,0,10th Pass,"Rs 10,66,000 ~ 10 Lacs+",Rs 0 ~
951,234,Surinder Pal Singh,https://myneta.info/pb2012/candidate.php?candidate_id=234,SANGRUR,INC,0,Graduate,"Rs 8,37,05,992 ~ 8 Crore+","Rs 5,60,159 ~ 5 Lacs+"
952,632,Surinder Prashar,https://myneta.info/pb2012/candidate.php?candidate_id=632,FATEHGARH SAHIB,IND,0,Graduate Professional,"Rs 1,31,64,000 ~ 1 Crore+",Rs 0 ~
953,1072,Surinder Singh,https://myneta.info/pb2012/candidate.php?candidate_id=1072,AMRITSAR SOUTH,DCP,0,Post Graduate,"Rs 17,000 ~ 17 Thou+",Rs 0 ~
954,452,Surinder Singh,https://myneta.info/pb2012/candidate.php?candidate_id=452,DAKHA ,BSP,0,10th Pass,https://myneta.info/image_v2.php?myneta_folder=pb2012&candidate_id=452&col=ta,https://myneta.info/image_v2.php?myneta_folder=pb2012&candidate_id=452&col=lia
955,1041,Surinder Singh Arora,https://myneta.info/pb2012/candidate.php?candidate_id=1041,JALANDHAR CENTRAL,NCP,0,5th Pass,"Rs 10,15,000 ~ 10 Lacs+",Rs 0 ~
956,524,Surinder Singh Kalsi,https://myneta.info/pb2012/candidate.php?candidate_id=524,BATALA,IND,0,Others,"Rs 5,70,000 ~ 5 Lacs+",Rs 0 ~
957,815,Surinder Singh Sandhu,https://myneta.info/pb2012/candidate.php?candidate_id=815,FARIDKOT,SAD(A)(Simranjit Singh Mann),0,10th Pass,"Rs 61,12,000 ~ 61 Lacs+",Rs 0 ~
958,552,Surjan Singh,https://myneta.info/pb2012/candidate.php?candidate_id=552,AMRITSAR NORTH ,BGTD,0,Literate,"Rs 40,65,000 ~ 40 Lacs+",Rs 0 ~
959,18,Surjit Jayani,https://myneta.info/pb2012/candidate.php?candidate_id=18,FAZILKA,BJP,0,8th Pass,"Rs 4,37,28,691 ~ 4 Crore+","Rs 36,90,566 ~ 36 Lacs+"
960,419,Surjit Lal Paul,https://myneta.info/pb2012/candidate.php?candidate_id=419,URMAR,BSP,0,10th Pass,"Rs 72,34,000 ~ 72 Lacs+","Rs 7,37,933 ~ 7 Lacs+"
961,1017,Surjit Ram,https://myneta.info/pb2012/candidate.php?candidate_id=1017,NAWAN SHAHR,IND,1,12th Pass,"Rs 90,900 ~ 90 Thou+",Rs 0 ~
962,531,Surjit Singh,https://myneta.info/pb2012/candidate.php?candidate_id=531,DERA BABA NANAK,SHS,0,8th Pass,"Rs 70,000 ~ 70 Thou+",Rs 0 ~
963,889,Surjit Singh,https://myneta.info/pb2012/candidate.php?candidate_id=889,DIRBA (SC),IND,0,10th Pass,https://myneta.info/image_v2.php?myneta_folder=pb2012&candidate_id=889&col=ta,https://myneta.info/image_v2.php?myneta_folder=pb2012&candidate_id=889&col=lia
964,796,Surjit Singh,https://myneta.info/pb2012/candidate.php?candidate_id=796,GIDDERBAHA,BGTD,0,Illiterate,"Rs 4,92,515 ~ 4 Lacs+",Rs 0 ~
965,738,Surjit Singh,https://myneta.info/pb2012/candidate.php?candidate_id=738,DHARAMKOT,IND,0,Not Given,"Rs 25,90,000 ~ 25 Lacs+","Rs 10,00,000 ~ 10 Lacs+"
966,103,Surjit Singh Kohli,https://myneta.info/pb2012/candidate.php?candidate_id=103,PATIALA,SAD,0,Graduate,"Rs 15,31,54,523 ~ 15 Crore+","Rs 41,32,953 ~ 41 Lacs+"
967,90,Surjit Singh Rakhra,https://myneta.info/pb2012/candidate.php?candidate_id=90,SAMANA,SAD,0,Graduate,"Rs 20,10,82,964 ~ 20 Crore+","Rs 9,66,494 ~ 9 Lacs+"
968,792,Swami Ishavardas Singh,https://myneta.info/pb2012/candidate.php?candidate_id=792,LAMBI,IND,0,Others,"Rs 48,83,989 ~ 48 Lacs+",Rs 0 ~
969,403,Swaran Kaur,https://myneta.info/pb2012/candidate.php?candidate_id=403,TARN TARAN,BSP,0,5th Pass,"Rs 10,40,386 ~ 10 Lacs+",Rs 0 ~
970,827,Swaran Singh,https://myneta.info/pb2012/candidate.php?candidate_id=827,KOTKAPURA,IND,0,Not Given,"Rs 20,000 ~ 20 Thou+",Rs 0 ~
971,752,Swaran Singh,https://myneta.info/pb2012/candidate.php?candidate_id=752,FIROZPUR RURAL (SC),IND,0,Graduate,"Rs 1,32,87,000 ~ 1 Crore+","Rs 85,000 ~ 85 Thou+"
972,270,Swaran Singh Dhun,https://myneta.info/pb2012/candidate.php?candidate_id=270,KHEM KARAN,PnPP,0,8th Pass,https://myneta.info/image_v2.php?myneta_folder=pb2012&candidate_id=270&col=ta,https://myneta.info/image_v2.php?myneta_folder=pb2012&candidate_id=270&col=lia
973,1011,Tara Singh,https://myneta.info/pb2012/candidate.php?candidate_id=1011,SHAHKOT,BSP(A),0,Literate,"Rs 1,73,000 ~ 1 Lacs+",Rs 0 ~
974,434,Tarlochan Singh,https://myneta.info/pb2012/candidate.php?candidate_id=434,FATEHGARH SAHIB,BSP,0,10th Pass,"Rs 62,08,496 ~ 62 Lacs+","Rs 4,92,186 ~ 4 Lacs+"
975,180,Tarlochan Singh,https://myneta.info/pb2012/candidate.php?candidate_id=180,BANGA (SC),INC,0,Post Graduate,"Rs 8,73,55,427 ~ 8 Crore+","Rs 2,17,310 ~ 2 Lacs+"
976,1014,Tarsem Lal,https://myneta.info/pb2012/candidate.php?candidate_id=1014,NAWAN SHAHR,BSA,0,10th Pass,"Rs 2,91,000 ~ 2 Lacs+","Rs 25,000 ~ 25 Thou+"
977,408,Tarsem Singh,https://myneta.info/pb2012/candidate.php?candidate_id=408,SULTANPUR LODHI,BSP,0,10th Pass,"Rs 2,36,022 ~ 2 Lacs+",Rs 0 ~
978,394,Tarsem Singh,https://myneta.info/pb2012/candidate.php?candidate_id=394,AMRITSAR EAST,BSP,0,5th Pass,"Rs 20,50,000 ~ 20 Lacs+",Rs 0 ~
979,597,Tarsem Singh,https://myneta.info/pb2012/candidate.php?candidate_id=597,SULTANPUR LODHI,IND,0,8th Pass,"Rs 26,60,000 ~ 26 Lacs+",Rs 0 ~
980,121,Tarsem Singh,https://myneta.info/pb2012/candidate.php?candidate_id=121,ATTARI (SC),INC,0,Post Graduate,"Rs 6,63,95,673 ~ 6 Crore+",Rs 0 ~
981,21,Tarun Chugh,https://myneta.info/pb2012/candidate.php?candidate_id=21,AMRITSAR CENTRAL ,BJP,0,12th Pass,https://myneta.info/image_v2.php?myneta_folder=pb2012&candidate_id=21&col=ta,https://myneta.info/image_v2.php?myneta_folder=pb2012&candidate_id=21&col=lia
982,619,Tavinder Singh,https://myneta.info/pb2012/candidate.php?candidate_id=619,KHARAR,IND,1,12th Pass,"Rs 60,78,000 ~ 60 Lacs+","Rs 12,00,000 ~ 12 Lacs+"
983,89,Tejinderpal Singh Sandhu,https://myneta.info/pb2012/candidate.php?candidate_id=89,SANOUR,SAD,1,Post Graduate,"Rs 12,05,73,316 ~ 12 Crore+","Rs 5,59,44,003 ~ 5 Crore+"
984,12,Tikshan Sood,https://myneta.info/pb2012/candidate.php?candidate_id=12,HOSHIARPUR,BJP,0,Post Graduate,"Rs 6,30,87,416 ~ 6 Crore+","Rs 51,89,320 ~ 51 Lacs+"
985,951,Tilak Raj,https://myneta.info/pb2012/candidate.php?candidate_id=951,RUPNAGAR,IND,0,10th Pass,"Rs 99,73,489 ~ 99 Lacs+","Rs 10,50,000 ~ 10 Lacs+"
986,1039,Tilak Raj,https://myneta.info/pb2012/candidate.php?candidate_id=1039,JALANDHAR NORTH,IND,0,10th Pass,"Rs 78,400 ~ 78 Thou+",Rs 0 ~
987,93,Tota Singh,https://myneta.info/pb2012/candidate.php?candidate_id=93,DHARAMKOT,SAD,1,Others,"Rs 19,24,59,000 ~ 19 Crore+","Rs 3,44,00,000 ~ 3 Crore+"
988,856,Tribhavan Kumar,https://myneta.info/pb2012/candidate.php?candidate_id=856,BATHINDA URBAN,IND,0,8th Pass,"Rs 2,50,000 ~ 2 Lacs+",Rs 0 ~
989,140,Tript Rajinder Singh,https://myneta.info/pb2012/candidate.php?candidate_id=140,FATEHGARH CHURIAN,INC,0,Graduate,"Rs 5,98,16,113 ~ 5 Crore+","Rs 13,57,335 ~ 13 Lacs+"
990,754,Udik Chand,https://myneta.info/pb2012/candidate.php?candidate_id=754,GURU HAR SAHAI ,IND,0,Illiterate,https://myneta.info/image_v2.php?myneta_folder=pb2012&candidate_id=754&col=ta,https://myneta.info/image_v2.php?myneta_folder=pb2012&candidate_id=754&col=lia
991,94,Ujjagar Singh,https://myneta.info/pb2012/candidate.php?candidate_id=94,KHARAR,SAD,0,8th Pass,"Rs 1,31,79,000 ~ 1 Crore+","Rs 3,95,000 ~ 3 Lacs+"
992,826,Upender Sharma,https://myneta.info/pb2012/candidate.php?candidate_id=826,KOTKAPURA,IND,1,Post Graduate,"Rs 2,09,49,523 ~ 2 Crore+","Rs 1,29,709 ~ 1 Lacs+"
993,75,Vardev Singh Mann,https://myneta.info/pb2012/candidate.php?candidate_id=75,GURU HAR SAHAI ,SAD,0,Graduate,"Rs 5,83,47,250 ~ 5 Crore+","Rs 42,54,950 ~ 42 Lacs+"
994,931,Varinder Singla,https://myneta.info/pb2012/candidate.php?candidate_id=931,AMARGARH,IND,0,10th Pass,"Rs 31,75,000 ~ 31 Lacs+","Rs 2,31,564 ~ 2 Lacs+"
995,356,Ved Chand,https://myneta.info/pb2012/candidate.php?candidate_id=356,PATIALA RURAL,PPOP,0,10th Pass,"Rs 4,27,09,000 ~ 4 Crore+","Rs 2,93,000 ~ 2 Lacs+"
996,44,Veer Singh Lopoke,https://myneta.info/pb2012/candidate.php?candidate_id=44,RAJA SANSI,SAD,1,Graduate,"Rs 5,31,07,324 ~ 5 Crore+","Rs 2,02,81,784 ~ 2 Crore+"
997,350,Vibhor Garg,https://myneta.info/pb2012/candidate.php?candidate_id=350,LUDHIANA SOUTH,PPOP,0,Graduate,"Rs 1,61,70,000 ~ 1 Crore+","Rs 45,00,000 ~ 45 Lacs+"
998,858,Vijay Kumar,https://myneta.info/pb2012/candidate.php?candidate_id=858,BATHINDA URBAN,IND,1,10th Pass,"Rs 2,77,000 ~ 2 Lacs+",Rs 0 ~
999,999,Vijay Kumar,https://myneta.info/pb2012/candidate.php?candidate_id=999,SHUTRANA (SC),BSP(A),0,8th Pass,https://myneta.info/image_v2.php?myneta_folder=pb2012&candidate_id=999&col=ta,https://myneta.info/image_v2.php?myneta_folder=pb2012&candidate_id=999&col=lia
1000,1059,Vijay Kumar,https://myneta.info/pb2012/candidate.php?candidate_id=1059,DASUYA,DBSP,0,12th Pass,"Rs 5,000 ~ 5 Thou+",Rs 0 ~
1001,278,Vijay Kumar Mishra,https://myneta.info/pb2012/candidate.php?candidate_id=278,AMRITSAR CENTRAL ,CPM,0,Graduate Professional,"Rs 80,64,500 ~ 80 Lacs+",Rs 0 ~
1002,295,Vijay Pal Chaudhary,https://myneta.info/pb2012/candidate.php?candidate_id=295,TARN TARAN,PPOP,0,Illiterate,"Rs 1,08,47,527 ~ 1 Crore+",Rs 0 ~
1003,1081,Vijay Thakur,https://myneta.info/pb2012/candidate.php?candidate_id=1081,AMRITSAR CENTRAL ,BCP,0,10th Pass,"Rs 11,45,593 ~ 11 Lacs+",Rs 0 ~
1004,19,Vijya Laxmi Bhadho,https://myneta.info/pb2012/candidate.php?candidate_id=19,ABOHAR,BJP,0,10th Pass,"Rs 22,24,66,016 ~ 22 Crore+","Rs 3,14,94,20,943 ~ 314 Crore+"
1005,696,Vikas,https://myneta.info/pb2012/candidate.php?candidate_id=696,LUDHIANA CENTRAL,SSPD,0,12th Pass,"Rs 1,75,000 ~ 1 Lacs+",Rs 0 ~
1006,190,Vikram Singh Bajwa,https://myneta.info/pb2012/candidate.php?candidate_id=190,SAHNEWAL,INC,0,Graduate,"Rs 5,16,39,252 ~ 5 Crore+","Rs 56,91,456 ~ 56 Lacs+"
1007,24,Vinay Mahajan,https://myneta.info/pb2012/candidate.php?candidate_id=24,SUJANPUR,INC,0,10th Pass,"Rs 2,43,45,675 ~ 2 Crore+",Rs 0 ~
1008,425,Vinod Kumar Gangar,https://myneta.info/pb2012/candidate.php?candidate_id=425,NAWAN SHAHR,BSP,1,10th Pass,https://myneta.info/image_v2.php?myneta_folder=pb2012&candidate_id=425&col=ta,https://myneta.info/image_v2.php?myneta_folder=pb2012&candidate_id=425&col=lia
1009,560,Vipan Kumar,https://myneta.info/pb2012/candidate.php?candidate_id=560,AMRITSAR NORTH ,IND,0,12th Pass,"Rs 10,40,000 ~ 10 Lacs+",Rs 0 ~
1010,357,Virsa Singh Layalpuri,https://myneta.info/pb2012/candidate.php?candidate_id=357,JANDIALA (SC),PPOP,0,Graduate,"Rs 34,03,000 ~ 34 Lacs+",Rs 0 ~
1011,52,Virsa Singh Valtoha,https://myneta.info/pb2012/candidate.php?candidate_id=52,KHEM KARAN,SAD,2,Post Graduate,"Rs 1,57,88,835 ~ 1 Crore+",Rs 0 ~
1012,772,Wajir Singh,https://myneta.info/pb2012/candidate.php?candidate_id=772,JALALABAD ,IND,0,Illiterate,"Rs 3,31,525 ~ 3 Lacs+",Rs 0 ~
1013,548,Waryam Singh,https://myneta.info/pb2012/candidate.php?candidate_id=548,MAJITHA,IND,0,Graduate,"Rs 60,000 ~ 60 Thou+",Rs 0 ~
1014,898,Yadvinder Singh,https://myneta.info/pb2012/candidate.php?candidate_id=898,SUNAM,IND,0,Graduate,"Rs 14,95,000 ~ 14 Lacs+",Rs 0 ~
1015,866,Yadvinder Singh,https://myneta.info/pb2012/candidate.php?candidate_id=866,TALWANDI SABO,IND,0,Others,"Rs 1,01,02,494 ~ 1 Crore+","Rs 5,00,000 ~ 5 Lacs+"
1016,1075,Yadwinder Singh,https://myneta.info/pb2012/candidate.php?candidate_id=1075,AMRITSAR SOUTH,IND,0,12th Pass,"Rs 1,16,29,931 ~ 1 Crore+",Rs 0 ~
1017,257,Yadwinder Singh Bhuttar,https://myneta.info/pb2012/candidate.php?candidate_id=257,BATALA,PPOP,0,12th Pass,https://myneta.info/image_v2.php?myneta_folder=pb2012&candidate_id=257&col=ta,https://myneta.info/image_v2.php?myneta_folder=pb2012&candidate_id=257&col=lia
1018,602,Yashpal Atwal,https://myneta.info/pb2012/candidate.php?candidate_id=602,PHAGWARA (SC),IND,0,10th Pass,"Rs 24,82,000 ~ 24 Lacs+","Rs 1,30,000 ~ 1 Lacs+"
1019,1033,Yusaf Chand,https://myneta.info/pb2012/candidate.php?candidate_id=1033,KARTARPUR (SC),IND,0,Illiterate,"Rs 4,72,000 ~ 4 Lacs+",Rs 0 ~
