{"type":"FeatureCollection","name":"andhrapradesh_assembly_post2014","crs":{"type":"name","properties":{"name":"urn:ogc:def:crs:OGC:1.3:CRS84"}},"features":[{"type":"Feature","properties":{"stroke":"#ff0000","stroke-opacity":1,"fill-opacity":0,"ST_CODE":"28","ST_NAME":"ANDHRA PRADESH","DT_CODE":"11","DIST_NAME":"SRIKAKULAM","AC_NO":1,"AC_NAME":"Ichchapuram","PC_NO":"19","PC_NAME":"SRIKAKULAM","PC_ID":"2819","Shape_Leng":"148735.46374499999","Shape_Area":"491842656.98400003000","MaxSimpTol":"300.00000000000","MinSimpTol":"300.00000000000","visibility":"0","STATUS":"Post bifurcation 2014, renumbered to 2019 seats"},"geometry":{"type":"Polygon","coordinates":[[[84.73676,19.09571,0],[84.70365,19.11711,0],[84.70338,19.12522,0],[84.69796,19.12698,0],[84.70632,19.13969,0],[84.70009,19.14533,0],[84.7112,19.14651,0],[84.71519,19.15595,0],[84.67079,19.16583,0],[84.66832,19.15506,0],[84.67298,19.14815,0],[84.6678,19.12964,0],[84.64492,19.13262,0],[84.64419,19.12916,0],[84.63117,19.1263,0],[84.60699,19.13034,0],[84.60199,19.12779,0],[84.60965,19.10043,0],[84.61829,19.09952,0],[84.61943,19.10372,0],[84.62556,19.09886,0],[84.624,19.08982,0],[84.63644,19.08663,0],[84.65867,19.09288,0],[84.66498,19.08603,0],[84.66785,19.07717,0],[84.66141,19.07396,0],[84.65988,19.0619,0],[84.65391,19.06745,0],[84.6422,19.06665,0],[84.63222,19.05971,0],[84.62909,19.06495,0],[84.61797,19.06622,0],[84.62069,19.05621,0],[84.6132,19.05633,0],[84.6011,19.02522,0],[84.59432,19.02221,0],[84.58266,19.03102,0],[84.58335,19.04241,0],[84.57775,19.0408,0],[84.58333,19.04968,0],[84.58315,19.07364,0],[84.57641,19.06704,0],[84.57068,19.06916,0],[84.57338,19.073,0],[84.55666,19.05633,0],[84.54084,19.05457,0],[84.52677,19.04597,0],[84.51655,19.04795,0],[84.5055,19.03229,0],[84.49659,19.03115,0],[84.48256,19.01675,0],[84.47798,18.99094,0],[84.46612,18.9942,0],[84.46588,18.96358,0],[84.47301,18.94506,0],[84.47136,18.93414,0],[84.4854,18.93129,0],[84.50144,18.90113,0],[84.52725,18.89263,0],[84.51724,18.88347,0],[84.51955,18.86636,0],[84.52704,18.85958,0],[84.5519,18.8543,0],[84.57598,18.84205,0],[84.58495,18.86441,0],[84.60357,18.8898,0],[84.68443,18.96755,0],[84.67634,18.96776,0],[84.6869,18.97094,0],[84.76474,19.07728,0],[84.73676,19.09571,0]]]}},{"type":"Feature","properties":{"stroke":"#ff0000","stroke-opacity":1,"fill-opacity":0,"ST_CODE":"28","ST_NAME":"ANDHRA PRADESH","DT_CODE":"12","DIST_NAME":"VIZIANAGARAM","AC_NO":11,"AC_NAME":"Kurupam (ST)","PC_NO":"18","PC_NAME":"ARAKU (ST)","PC_ID":"2818","Shape_Leng":"309136.04941699997","Shape_Area":"1312328951.91000010000","MaxSimpTol":"300.00000000000","MinSimpTol":"300.00000000000","visibility":"0","STATUS":"Post bifurcation 2014, renumbered to 2019 seats"},"geometry":{"type":"Polygon","coordinates":[[[83.58618,19.08726,0],[83.58441,19.0576,0],[83.57492,19.06143,0],[83.56374,19.05826,0],[83.56038,19.06475,0],[83.56692,19.07197,0],[83.56013,19.0871,0],[83.549,19.08055,0],[83.55725,19.05593,0],[83.55164,19.05458,0],[83.54169,19.04152,0],[83.53667,19.00952,0],[83.53453,19.01312,0],[83.52246,19.0121,0],[83.5009,19.02069,0],[83.49676,19.03556,0],[83.50843,19.03557,0],[83.51478,19.02849,0],[83.51926,19.0391,0],[83.51309,19.04841,0],[83.51675,19.05711,0],[83.51168,19.07035,0],[83.50174,19.06592,0],[83.50056,19.06067,0],[83.4808,19.07855,0],[83.48629,19.08759,0],[83.48336,19.0923,0],[83.46794,19.09316,0],[83.46722,19.08773,0],[83.47641,19.08571,0],[83.47833,19.07932,0],[83.46623,19.07994,0],[83.46225,19.06381,0],[83.46916,19.06114,0],[83.47068,19.04295,0],[83.48331,19.03359,0],[83.47841,19.00763,0],[83.46149,19.01238,0],[83.44997,19.00994,0],[83.45646,18.99124,0],[83.46779,18.99101,0],[83.46415,18.98044,0],[83.46851,18.98011,0],[83.47019,18.96853,0],[83.46361,18.95534,0],[83.44389,18.96032,0],[83.44638,18.9664,0],[83.43898,18.97529,0],[83.41475,18.98938,0],[83.42005,18.99848,0],[83.41523,19.00308,0],[83.41158,19.00057,0],[83.39669,19.00973,0],[83.38429,19.00128,0],[83.37258,19.00229,0],[83.36658,19.00613,0],[83.36744,19.01651,0],[83.34798,19.01695,0],[83.34288,19.01807,0],[83.33698,19.00633,0],[83.3387,18.99704,0],[83.32752,19.00257,0],[83.31044,18.99888,0],[83.32046,18.97205,0],[83.32818,18.96723,0],[83.33363,18.96897,0],[83.33222,18.95795,0],[83.33961,18.95224,0],[83.33888,18.94732,0],[83.32721,18.94506,0],[83.3254,18.93282,0],[83.33465,18.92494,0],[83.34855,18.92656,0],[83.34452,18.94242,0],[83.35106,18.94633,0],[83.35024,18.96636,0],[83.36666,18.96398,0],[83.37114,18.94323,0],[83.38729,18.93277,0],[83.37838,18.92491,0],[83.37086,18.92696,0],[83.37023,18.94226,0],[83.3537,18.94288,0],[83.35256,18.93014,0],[83.36258,18.91572,0],[83.35921,18.91459,0],[83.36975,18.90823,0],[83.38163,18.91408,0],[83.39221,18.90854,0],[83.37778,18.897,0],[83.397,18.87914,0],[83.41448,18.87346,0],[83.40444,18.8619,0],[83.40556,18.84225,0],[83.37924,18.83087,0],[83.37716,18.8244,0],[83.39815,18.81597,0],[83.42493,18.81824,0],[83.43231,18.81223,0],[83.43492,18.79934,0],[83.45004,18.79568,0],[83.44354,18.77775,0],[83.43448,18.77629,0],[83.4334,18.76452,0],[83.4199,18.76373,0],[83.42633,18.74065,0],[83.40589,18.73522,0],[83.39836,18.72658,0],[83.40027,18.71757,0],[83.43199,18.69404,0],[83.4429,18.69111,0],[83.45771,18.70206,0],[83.46043,18.68892,0],[83.48189,18.69312,0],[83.51458,18.67288,0],[83.52478,18.67312,0],[83.54162,18.68614,0],[83.53883,18.71091,0],[83.5483,18.71226,0],[83.54797,18.72357,0],[83.56589,18.72879,0],[83.56661,18.73818,0],[83.57856,18.73448,0],[83.58946,18.73918,0],[83.58814,18.75286,0],[83.60918,18.75279,0],[83.61908,18.76645,0],[83.65774,18.77701,0],[83.66655,18.78526,0],[83.66448,18.79223,0],[83.67568,18.79136,0],[83.69041,18.80563,0],[83.69493,18.79649,0],[83.70656,18.79672,0],[83.71323,18.78751,0],[83.73614,18.77901,0],[83.74059,18.77083,0],[83.75407,18.78714,0],[83.74817,18.80187,0],[83.756,18.81633,0],[83.74859,18.82348,0],[83.7562,18.82659,0],[83.77595,18.81962,0],[83.78597,18.82584,0],[83.80647,18.82504,0],[83.814,18.83212,0],[83.80725,18.84914,0],[83.81296,18.85739,0],[83.807,18.86416,0],[83.79747,18.85938,0],[83.79263,18.86487,0],[83.78102,18.88171,0],[83.77656,18.8974,0],[83.75829,18.90983,0],[83.75382,18.92519,0],[83.7405,18.9501,0],[83.73298,18.98774,0],[83.71416,18.99301,0],[83.70944,19.00268,0],[83.71027,19.00722,0],[83.72388,19.01034,0],[83.72998,19.02192,0],[83.70057,19.02504,0],[83.6852,19.05857,0],[83.67351,19.07303,0],[83.66387,19.07612,0],[83.66033,19.08446,0],[83.66277,19.09899,0],[83.64699,19.11843,0],[83.64958,19.12329,0],[83.65432,19.12216,0],[83.65491,19.12966,0],[83.63695,19.13151,0],[83.63165,19.14088,0],[83.63719,19.15356,0],[83.62599,19.1627,0],[83.62741,19.15052,0],[83.62075,19.14172,0],[83.61591,19.13709,0],[83.60792,19.13972,0],[83.6016,19.13556,0],[83.59776,19.11884,0],[83.61056,19.0961,0],[83.5929,19.09271,0],[83.58618,19.08726,0]]]}},{"type":"Feature","properties":{"stroke":"#ff0000","stroke-opacity":1,"fill-opacity":0,"ST_CODE":"28","ST_NAME":"ANDHRA PRADESH","DT_CODE":"11","DIST_NAME":"SRIKAKULAM","AC_NO":2,"AC_NAME":"Palasa","PC_NO":"19","PC_NAME":"SRIKAKULAM","PC_ID":"2819","Shape_Leng":"180135.89527600000","Shape_Area":"479970512.57800001000","MaxSimpTol":"300.00000000000","MinSimpTol":"300.00000000000","visibility":"0","STATUS":"Post bifurcation 2014, renumbered to 2019 seats"},"geometry":{"type":"Polygon","coordinates":[[[84.46612,18.9942,0],[84.46093,18.99349,0],[84.46051,18.99729,0],[84.42452,19.01411,0],[84.42567,19.01936,0],[84.42101,19.02214,0],[84.42196,19.01291,0],[84.43245,19.00672,0],[84.43182,18.99481,0],[84.44325,18.99173,0],[84.44361,18.98532,0],[84.452,18.97767,0],[84.44302,18.96913,0],[84.43077,18.96908,0],[84.43219,18.95899,0],[84.42518,18.95037,0],[84.43093,18.93604,0],[84.42761,18.9323,0],[84.43786,18.93271,0],[84.4394,18.92733,0],[84.4292,18.90983,0],[84.42045,18.91802,0],[84.41632,18.91443,0],[84.42214,18.90571,0],[84.4191,18.89797,0],[84.4,18.89565,0],[84.39367,18.90464,0],[84.38545,18.90065,0],[84.3788,18.90453,0],[84.38506,18.89621,0],[84.39734,18.89103,0],[84.39837,18.88417,0],[84.3921,18.87663,0],[84.3882,18.88447,0],[84.3813,18.88679,0],[84.38182,18.88173,0],[84.3601,18.89464,0],[84.37237,18.87843,0],[84.38417,18.87452,0],[84.37429,18.86182,0],[84.36653,18.86439,0],[84.36212,18.86121,0],[84.33705,18.88938,0],[84.34685,18.84834,0],[84.36481,18.83952,0],[84.35943,18.83158,0],[84.35636,18.80515,0],[84.36256,18.79476,0],[84.36179,18.77885,0],[84.34867,18.76018,0],[84.3225,18.75315,0],[84.31873,18.74742,0],[84.34905,18.74299,0],[84.38393,18.74914,0],[84.3936,18.74564,0],[84.39519,18.73398,0],[84.38615,18.73107,0],[84.38332,18.72464,0],[84.39428,18.6867,0],[84.37266,18.68212,0],[84.36599,18.67319,0],[84.38332,18.64459,0],[84.36304,18.64377,0],[84.35156,18.63853,0],[84.33707,18.65132,0],[84.32045,18.6483,0],[84.33114,18.62819,0],[84.3541,18.62084,0],[84.3536,18.59539,0],[84.36399,18.58669,0],[84.43981,18.65957,0],[84.43717,18.65798,0],[84.45316,18.69299,0],[84.49367,18.7409,0],[84.55145,18.79056,0],[84.55779,18.81783,0],[84.57598,18.84205,0],[84.5519,18.8543,0],[84.52704,18.85958,0],[84.51955,18.86636,0],[84.51724,18.88347,0],[84.52725,18.89263,0],[84.50144,18.90113,0],[84.4854,18.93129,0],[84.47136,18.93414,0],[84.47301,18.94506,0],[84.46588,18.96358,0],[84.46612,18.9942,0]]]}},{"type":"Feature","properties":{"stroke":"#ff0000","stroke-opacity":1,"fill-opacity":0,"ST_CODE":"28","ST_NAME":"ANDHRA PRADESH","DT_CODE":"11","DIST_NAME":"SRIKAKULAM","AC_NO":10,"AC_NAME":"Palakonda (ST)","PC_NO":"18","PC_NAME":"ARAKU (ST)","PC_ID":"2818","Shape_Leng":"225034.59905100000","Shape_Area":"854489847.42200005000","MaxSimpTol":"300.00000000000","MinSimpTol":"300.00000000000","visibility":"0","STATUS":"Post bifurcation 2014, renumbered to 2019 seats"},"geometry":{"type":"Polygon","coordinates":[[[83.7945,19.01758,0],[83.7775,19.01743,0],[83.78144,19.00834,0],[83.76511,19.00557,0],[83.76292,18.99866,0],[83.76047,19.00288,0],[83.75152,18.99873,0],[83.74511,18.98891,0],[83.74785,18.97436,0],[83.75527,18.97137,0],[83.75892,18.95066,0],[83.76961,18.95481,0],[83.77254,18.94437,0],[83.77618,18.9453,0],[83.78441,18.93364,0],[83.78785,18.91592,0],[83.77821,18.91141,0],[83.76935,18.91435,0],[83.76313,18.92733,0],[83.75382,18.92519,0],[83.75829,18.90983,0],[83.77656,18.8974,0],[83.78102,18.88171,0],[83.79263,18.86487,0],[83.79747,18.85938,0],[83.807,18.86416,0],[83.81296,18.85739,0],[83.80725,18.84914,0],[83.814,18.83212,0],[83.80647,18.82504,0],[83.78597,18.82584,0],[83.77595,18.81962,0],[83.7562,18.82659,0],[83.74859,18.82348,0],[83.756,18.81633,0],[83.74817,18.80187,0],[83.75407,18.78714,0],[83.74059,18.77083,0],[83.73614,18.77901,0],[83.71323,18.78751,0],[83.70656,18.79672,0],[83.69493,18.79649,0],[83.69041,18.80563,0],[83.67568,18.79136,0],[83.66448,18.79223,0],[83.66655,18.78526,0],[83.65774,18.77701,0],[83.61908,18.76645,0],[83.60918,18.75279,0],[83.58814,18.75286,0],[83.58946,18.73918,0],[83.57856,18.73448,0],[83.56661,18.73818,0],[83.56589,18.72879,0],[83.54797,18.72357,0],[83.5483,18.71226,0],[83.53883,18.71091,0],[83.56038,18.68682,0],[83.56142,18.67206,0],[83.57717,18.65607,0],[83.59434,18.6616,0],[83.59359,18.64382,0],[83.61545,18.62543,0],[83.62333,18.60223,0],[83.64121,18.5828,0],[83.67667,18.57834,0],[83.68944,18.56916,0],[83.70483,18.57022,0],[83.71618,18.5633,0],[83.74565,18.58501,0],[83.75461,18.56956,0],[83.76008,18.57479,0],[83.76627,18.59654,0],[83.77726,18.60371,0],[83.78924,18.57385,0],[83.7949,18.57062,0],[83.81114,18.57432,0],[83.83372,18.54678,0],[83.84022,18.55016,0],[83.86073,18.54044,0],[83.87324,18.54756,0],[83.88183,18.53977,0],[83.89933,18.53723,0],[83.90846,18.54294,0],[83.90702,18.55791,0],[83.90762,18.5727,0],[83.90095,18.59038,0],[83.87293,18.59667,0],[83.86337,18.60529,0],[83.86244,18.60955,0],[83.88251,18.62728,0],[83.88313,18.63314,0],[83.86045,18.64276,0],[83.85764,18.64866,0],[83.85772,18.67282,0],[83.87109,18.67699,0],[83.87573,18.70816,0],[83.86716,18.71567,0],[83.86352,18.7333,0],[83.87005,18.73482,0],[83.8852,18.72402,0],[83.88908,18.73046,0],[83.86823,18.74917,0],[83.83364,18.76044,0],[83.82441,18.76953,0],[83.83696,18.78123,0],[83.86969,18.79382,0],[83.86013,18.80506,0],[83.86096,18.8116,0],[83.88101,18.8176,0],[83.89049,18.82667,0],[83.8725,18.84761,0],[83.84827,18.86446,0],[83.84357,18.87558,0],[83.84886,18.89994,0],[83.84575,18.91362,0],[83.84027,18.91855,0],[83.82653,18.91633,0],[83.8289,18.93065,0],[83.81897,18.94524,0],[83.82173,18.96027,0],[83.8089,18.99232,0],[83.79493,19.00431,0],[83.7945,19.01758,0]]]}},{"type":"Feature","properties":{"stroke":"#ff0000","stroke-opacity":1,"fill-opacity":0,"ST_CODE":"28","ST_NAME":"ANDHRA PRADESH","DT_CODE":"11","DIST_NAME":"SRIKAKULAM","AC_NO":4,"AC_NAME":"Pathapatnam","PC_NO":"19","PC_NAME":"SRIKAKULAM","PC_ID":"2819","Shape_Leng":"264084.99016599997","Shape_Area":"734700658.32799995000","MaxSimpTol":"300.00000000000","MinSimpTol":"300.00000000000","visibility":"0","STATUS":"Post bifurcation 2014, renumbered to 2019 seats"},"geometry":{"type":"Polygon","coordinates":[[[84.35943,18.83158,0],[84.35217,18.83201,0],[84.34962,18.82057,0],[84.33083,18.818,0],[84.34444,18.80212,0],[84.32738,18.79929,0],[84.32097,18.78703,0],[84.28893,18.80402,0],[84.28645,18.79256,0],[84.26043,18.78315,0],[84.24308,18.78867,0],[84.24075,18.79719,0],[84.23378,18.79482,0],[84.22626,18.79882,0],[84.21435,18.79548,0],[84.21804,18.79015,0],[84.1953,18.79172,0],[84.19001,18.77778,0],[84.18266,18.782,0],[84.17573,18.78013,0],[84.16967,18.78826,0],[84.15922,18.78789,0],[84.15838,18.78293,0],[84.14034,18.77731,0],[84.14195,18.76434,0],[84.13735,18.76128,0],[84.12234,18.76798,0],[84.08942,18.75681,0],[84.08955,18.76402,0],[84.07638,18.76447,0],[84.06795,18.78235,0],[84.05988,18.78246,0],[84.05984,18.7992,0],[84.04665,18.80164,0],[84.04557,18.81292,0],[84.0408,18.81564,0],[84.03292,18.81163,0],[84.02518,18.81708,0],[84.01534,18.81711,0],[84.01569,18.80878,0],[83.96555,18.81472,0],[83.95012,18.80522,0],[83.9417,18.80838,0],[83.94228,18.8155,0],[83.93161,18.81592,0],[83.91576,18.828,0],[83.89959,18.82444,0],[83.89312,18.81452,0],[83.89049,18.82667,0],[83.88101,18.8176,0],[83.86096,18.8116,0],[83.86013,18.80506,0],[83.86969,18.79382,0],[83.83696,18.78123,0],[83.82441,18.76953,0],[83.83364,18.76044,0],[83.86823,18.74917,0],[83.88908,18.73046,0],[83.8852,18.72402,0],[83.87005,18.73482,0],[83.86352,18.7333,0],[83.86716,18.71567,0],[83.87573,18.70816,0],[83.87109,18.67699,0],[83.85772,18.67282,0],[83.85764,18.64866,0],[83.86045,18.64276,0],[83.88313,18.63314,0],[83.88251,18.62728,0],[83.86244,18.60955,0],[83.86337,18.60529,0],[83.87293,18.59667,0],[83.90095,18.59038,0],[83.90762,18.5727,0],[83.90702,18.55791,0],[83.92386,18.56099,0],[83.95459,18.55478,0],[83.96792,18.55834,0],[83.97263,18.56635,0],[83.96257,18.58517,0],[83.94732,18.5792,0],[83.93816,18.58908,0],[83.95242,18.59809,0],[83.95802,18.61598,0],[83.99218,18.60926,0],[84.00571,18.61726,0],[84.00546,18.63222,0],[84.02344,18.62404,0],[84.02913,18.62646,0],[84.01081,18.64643,0],[84.00234,18.66486,0],[84.02303,18.67886,0],[84.02337,18.68844,0],[84.00036,18.69301,0],[83.98386,18.68606,0],[83.9861,18.70298,0],[83.9947,18.71056,0],[84.01064,18.71518,0],[84.01501,18.72351,0],[84.02982,18.72318,0],[84.05524,18.73358,0],[84.05915,18.72592,0],[84.04595,18.71532,0],[84.04482,18.7097,0],[84.05761,18.69577,0],[84.06986,18.69008,0],[84.07782,18.69155,0],[84.07995,18.68732,0],[84.0715,18.67874,0],[84.0507,18.67943,0],[84.05634,18.66914,0],[84.0804,18.66412,0],[84.09766,18.67729,0],[84.10023,18.66859,0],[84.09562,18.64462,0],[84.11309,18.64624,0],[84.10525,18.63511,0],[84.10608,18.6259,0],[84.12079,18.63084,0],[84.14998,18.62816,0],[84.15539,18.63204,0],[84.15623,18.64536,0],[84.16496,18.64342,0],[84.16682,18.64691,0],[84.16325,18.66321,0],[84.18552,18.66414,0],[84.19848,18.65114,0],[84.21074,18.65162,0],[84.21244,18.65785,0],[84.20078,18.67133,0],[84.20665,18.68605,0],[84.2195,18.69005,0],[84.22559,18.70126,0],[84.2487,18.71687,0],[84.24538,18.73427,0],[84.25831,18.74845,0],[84.30552,18.73857,0],[84.31873,18.74742,0],[84.3225,18.75315,0],[84.34867,18.76018,0],[84.36179,18.77885,0],[84.36256,18.79476,0],[84.35636,18.80515,0],[84.35943,18.83158,0]]]}},{"type":"Feature","properties":{"stroke":"#ff0000","stroke-opacity":1,"fill-opacity":0,"ST_CODE":"28","ST_NAME":"ANDHRA PRADESH","DT_CODE":"12","DIST_NAME":"VIZIANAGARAM","AC_NO":12,"AC_NAME":"Parvathipuram (SC)","PC_NO":"18","PC_NAME":"ARAKU (ST)","PC_ID":"2818","Shape_Leng":"171355.88018599999","Shape_Area":"497935440.85900003000","MaxSimpTol":"300.00000000000","MinSimpTol":"300.00000000000","visibility":"0","STATUS":"Post bifurcation 2014, renumbered to 2019 seats"},"geometry":{"type":"Polygon","coordinates":[[[83.35484,18.83261,0],[83.32842,18.81766,0],[83.33004,18.80656,0],[83.30773,18.80884,0],[83.28184,18.79575,0],[83.27488,18.78201,0],[83.28123,18.7747,0],[83.27139,18.76476,0],[83.26295,18.76954,0],[83.24321,18.76832,0],[83.22457,18.77513,0],[83.22813,18.75695,0],[83.22014,18.74773,0],[83.2287,18.72553,0],[83.25198,18.72568,0],[83.26429,18.71564,0],[83.27888,18.71962,0],[83.29192,18.71218,0],[83.30152,18.67482,0],[83.31384,18.66695,0],[83.29848,18.63967,0],[83.32712,18.6292,0],[83.33201,18.61703,0],[83.34509,18.61356,0],[83.35056,18.59392,0],[83.36512,18.59638,0],[83.36568,18.60208,0],[83.35907,18.607,0],[83.36145,18.61311,0],[83.36878,18.6104,0],[83.3811,18.6166,0],[83.39532,18.61178,0],[83.40552,18.61605,0],[83.40718,18.60502,0],[83.42516,18.62041,0],[83.42296,18.62746,0],[83.43623,18.63356,0],[83.45274,18.61777,0],[83.49104,18.62291,0],[83.49808,18.6155,0],[83.4974,18.60484,0],[83.46904,18.5881,0],[83.45895,18.56748,0],[83.46771,18.55821,0],[83.47949,18.56304,0],[83.48397,18.55997,0],[83.48745,18.5292,0],[83.50631,18.54177,0],[83.51025,18.52538,0],[83.52225,18.53389,0],[83.53502,18.52522,0],[83.54832,18.53735,0],[83.53959,18.54083,0],[83.53876,18.54918,0],[83.52667,18.55057,0],[83.53391,18.56686,0],[83.53824,18.56432,0],[83.54483,18.5833,0],[83.55129,18.58016,0],[83.56844,18.58884,0],[83.56967,18.59442,0],[83.54991,18.59619,0],[83.55331,18.61338,0],[83.54855,18.62442,0],[83.55637,18.63885,0],[83.55014,18.64625,0],[83.56096,18.66764,0],[83.55382,18.68301,0],[83.54162,18.68614,0],[83.52478,18.67312,0],[83.51458,18.67288,0],[83.48189,18.69312,0],[83.46043,18.68892,0],[83.45771,18.70206,0],[83.4429,18.69111,0],[83.43199,18.69404,0],[83.40027,18.71757,0],[83.39836,18.72658,0],[83.40589,18.73522,0],[83.42633,18.74065,0],[83.4199,18.76373,0],[83.4334,18.76452,0],[83.43448,18.77629,0],[83.44354,18.77775,0],[83.45004,18.79568,0],[83.43492,18.79934,0],[83.43231,18.81223,0],[83.42493,18.81824,0],[83.39815,18.81597,0],[83.37716,18.8244,0],[83.37924,18.83087,0],[83.36926,18.84399,0],[83.35484,18.83261,0]]]}},{"type":"Feature","properties":{"stroke":"#ff0000","stroke-opacity":1,"fill-opacity":0,"ST_CODE":"28","ST_NAME":"ANDHRA PRADESH","DT_CODE":"12","DIST_NAME":"VIZIANAGARAM","AC_NO":13,"AC_NAME":"Salur (ST)","PC_NO":"18","PC_NAME":"ARAKU (ST)","PC_ID":"2818","Shape_Leng":"242531.97377099999","Shape_Area":"967359069.75000000000","MaxSimpTol":"300.00000000000","MinSimpTol":"300.00000000000","visibility":"0","STATUS":"Post bifurcation 2014, renumbered to 2019 seats"},"geometry":{"type":"Polygon","coordinates":[[[83.21139,18.73097,0],[83.20704,18.75131,0],[83.19316,18.75316,0],[83.17787,18.77089,0],[83.15645,18.76826,0],[83.139,18.7854,0],[83.11512,18.76813,0],[83.12111,18.76587,0],[83.12277,18.75846,0],[83.11239,18.75284,0],[83.09168,18.72252,0],[83.07256,18.70526,0],[83.07497,18.70129,0],[83.06239,18.68293,0],[83.05804,18.66545,0],[83.01668,18.65006,0],[83.01309,18.6459,0],[83.01959,18.63525,0],[82.99922,18.61797,0],[83.00042,18.60802,0],[83.01519,18.60553,0],[83.01352,18.5944,0],[83.02374,18.58968,0],[83.05262,18.60103,0],[83.05309,18.58823,0],[83.04004,18.58652,0],[83.0298,18.5737,0],[83.04512,18.54434,0],[83.06189,18.54208,0],[83.0809,18.55405,0],[83.08947,18.55302,0],[83.09479,18.54731,0],[83.09349,18.53987,0],[83.07697,18.52618,0],[83.07503,18.5146,0],[83.05518,18.49569,0],[83.05508,18.48565,0],[83.02091,18.45628,0],[83.02457,18.4485,0],[83.03285,18.448,0],[83.0409,18.44083,0],[83.03772,18.43459,0],[83.0425,18.42427,0],[83.05076,18.43417,0],[83.05994,18.437,0],[83.06725,18.4285,0],[83.06519,18.42274,0],[83.0574,18.41941,0],[83.06422,18.40944,0],[83.07576,18.40569,0],[83.0878,18.41524,0],[83.0996,18.41592,0],[83.07056,18.375,0],[83.07584,18.35138,0],[83.07182,18.33578,0],[83.07743,18.31893,0],[83.08897,18.32824,0],[83.10032,18.35993,0],[83.11576,18.35706,0],[83.12211,18.34947,0],[83.12956,18.35386,0],[83.15314,18.3423,0],[83.16513,18.31211,0],[83.17101,18.31043,0],[83.21974,18.33717,0],[83.22632,18.3319,0],[83.2174,18.31377,0],[83.22135,18.29886,0],[83.25505,18.28199,0],[83.25887,18.29711,0],[83.27872,18.30698,0],[83.28189,18.31394,0],[83.27255,18.31793,0],[83.27203,18.32595,0],[83.28815,18.32629,0],[83.29062,18.33581,0],[83.32882,18.33982,0],[83.32583,18.34418,0],[83.31831,18.34432,0],[83.31669,18.35065,0],[83.30677,18.35024,0],[83.30242,18.35485,0],[83.30482,18.37109,0],[83.31355,18.3857,0],[83.31243,18.41969,0],[83.32228,18.42505,0],[83.32202,18.43005,0],[83.31335,18.42788,0],[83.30382,18.41676,0],[83.29113,18.41518,0],[83.26472,18.42892,0],[83.2382,18.41424,0],[83.22994,18.41816,0],[83.2159,18.41592,0],[83.20156,18.40388,0],[83.1862,18.41625,0],[83.18171,18.44249,0],[83.17036,18.45629,0],[83.18069,18.46848,0],[83.19402,18.51733,0],[83.2038,18.52337,0],[83.23729,18.52954,0],[83.24461,18.54907,0],[83.25526,18.55289,0],[83.26443,18.56596,0],[83.24054,18.5739,0],[83.23837,18.58294,0],[83.22618,18.58486,0],[83.22468,18.59324,0],[83.23106,18.6037,0],[83.25771,18.62396,0],[83.27753,18.62436,0],[83.29848,18.63967,0],[83.31384,18.66695,0],[83.30152,18.67482,0],[83.29192,18.71218,0],[83.27888,18.71962,0],[83.26429,18.71564,0],[83.25198,18.72568,0],[83.2287,18.72553,0],[83.22014,18.74773,0],[83.21139,18.73097,0]]]}},{"type":"Feature","properties":{"stroke":"#ff0000","stroke-opacity":1,"fill-opacity":0,"ST_CODE":"28","ST_NAME":"ANDHRA PRADESH","DT_CODE":"11","DIST_NAME":"SRIKAKULAM","AC_NO":3,"AC_NAME":"Tekkali","PC_NO":"19","PC_NAME":"SRIKAKULAM","PC_ID":"2819","Shape_Leng":"155644.91534000001","Shape_Area":"653133113.95299995000","MaxSimpTol":"300.00000000000","MinSimpTol":"300.00000000000","visibility":"0","STATUS":"Post bifurcation 2014, renumbered to 2019 seats"},"geometry":{"type":"Polygon","coordinates":[[[84.3936,18.74564,0],[84.38393,18.74914,0],[84.34905,18.74299,0],[84.31873,18.74742,0],[84.30552,18.73857,0],[84.25831,18.74845,0],[84.24538,18.73427,0],[84.2487,18.71687,0],[84.22559,18.70126,0],[84.2195,18.69005,0],[84.20665,18.68605,0],[84.20078,18.67133,0],[84.21244,18.65785,0],[84.21074,18.65162,0],[84.19848,18.65114,0],[84.18552,18.66414,0],[84.16325,18.66321,0],[84.16682,18.64691,0],[84.16496,18.64342,0],[84.15623,18.64536,0],[84.15539,18.63204,0],[84.14998,18.62816,0],[84.15733,18.59293,0],[84.13676,18.5962,0],[84.13493,18.57917,0],[84.0845,18.57047,0],[84.08363,18.56097,0],[84.10359,18.54636,0],[84.10303,18.53869,0],[84.08764,18.52214,0],[84.07961,18.49874,0],[84.07267,18.49107,0],[84.06044,18.4877,0],[84.06063,18.48413,0],[84.07828,18.47909,0],[84.08213,18.46685,0],[84.07584,18.45331,0],[84.09248,18.45407,0],[84.09412,18.44539,0],[84.10282,18.43985,0],[84.1104,18.42567,0],[84.11246,18.41151,0],[84.12523,18.42381,0],[84.13493,18.44529,0],[84.16288,18.45586,0],[84.16523,18.46287,0],[84.15974,18.47428,0],[84.16275,18.47836,0],[84.18474,18.48052,0],[84.1866,18.46853,0],[84.19658,18.46208,0],[84.1959,18.44312,0],[84.20391,18.42702,0],[84.28547,18.50099,0],[84.35468,18.55499,0],[84.35656,18.57213,0],[84.36399,18.58669,0],[84.3536,18.59539,0],[84.3541,18.62084,0],[84.33114,18.62819,0],[84.32045,18.6483,0],[84.33707,18.65132,0],[84.35156,18.63853,0],[84.36304,18.64377,0],[84.38332,18.64459,0],[84.36599,18.67319,0],[84.37266,18.68212,0],[84.39428,18.6867,0],[84.38332,18.72464,0],[84.38615,18.73107,0],[84.39519,18.73398,0],[84.3936,18.74564,0]]]}},{"type":"Feature","properties":{"stroke":"#ff0000","stroke-opacity":1,"fill-opacity":0,"ST_CODE":"28","ST_NAME":"ANDHRA PRADESH","DT_CODE":"11","DIST_NAME":"SRIKAKULAM","AC_NO":8,"AC_NAME":"Narasannapeta","PC_NO":"19","PC_NAME":"SRIKAKULAM","PC_ID":"2819","Shape_Leng":"190101.06854199999","Shape_Area":"617092900.96899998000","MaxSimpTol":"300.00000000000","MinSimpTol":"300.00000000000","visibility":"0","STATUS":"Post bifurcation 2014, renumbered to 2019 seats"},"geometry":{"type":"Polygon","coordinates":[[[84.05915,18.72592,0],[84.05524,18.73358,0],[84.02982,18.72318,0],[84.01501,18.72351,0],[84.01064,18.71518,0],[83.9947,18.71056,0],[83.9861,18.70298,0],[83.98386,18.68606,0],[84.00036,18.69301,0],[84.02337,18.68844,0],[84.02303,18.67886,0],[84.00234,18.66486,0],[84.01081,18.64643,0],[84.02913,18.62646,0],[84.02344,18.62404,0],[84.00546,18.63222,0],[84.00571,18.61726,0],[83.99218,18.60926,0],[83.95802,18.61598,0],[83.95242,18.59809,0],[83.93816,18.58908,0],[83.94732,18.5792,0],[83.96257,18.58517,0],[83.97263,18.56635,0],[83.97671,18.5478,0],[83.97427,18.5396,0],[83.93282,18.49656,0],[83.93384,18.48428,0],[83.95027,18.46662,0],[83.94965,18.45134,0],[83.93767,18.43285,0],[83.93924,18.41841,0],[83.94723,18.41788,0],[83.95569,18.39643,0],[83.96601,18.38461,0],[83.98333,18.37649,0],[84.01264,18.35064,0],[84.02033,18.35463,0],[84.03561,18.34351,0],[84.05024,18.34266,0],[84.05838,18.33773,0],[84.12884,18.34421,0],[84.13304,18.35082,0],[84.13451,18.34584,0],[84.14963,18.37525,0],[84.20391,18.42702,0],[84.1959,18.44312,0],[84.19658,18.46208,0],[84.1866,18.46853,0],[84.18474,18.48052,0],[84.16275,18.47836,0],[84.15974,18.47428,0],[84.16523,18.46287,0],[84.16288,18.45586,0],[84.13493,18.44529,0],[84.12523,18.42381,0],[84.11246,18.41151,0],[84.1104,18.42567,0],[84.10282,18.43985,0],[84.09412,18.44539,0],[84.09248,18.45407,0],[84.07584,18.45331,0],[84.08213,18.46685,0],[84.07828,18.47909,0],[84.06063,18.48413,0],[84.06044,18.4877,0],[84.07267,18.49107,0],[84.07961,18.49874,0],[84.08764,18.52214,0],[84.10303,18.53869,0],[84.10359,18.54636,0],[84.08363,18.56097,0],[84.0845,18.57047,0],[84.13493,18.57917,0],[84.13676,18.5962,0],[84.15733,18.59293,0],[84.14998,18.62816,0],[84.12079,18.63084,0],[84.10608,18.6259,0],[84.10525,18.63511,0],[84.11309,18.64624,0],[84.09562,18.64462,0],[84.10023,18.66859,0],[84.09766,18.67729,0],[84.0804,18.66412,0],[84.05634,18.66914,0],[84.0507,18.67943,0],[84.0715,18.67874,0],[84.07995,18.68732,0],[84.07782,18.69155,0],[84.06986,18.69008,0],[84.05761,18.69577,0],[84.04482,18.7097,0],[84.04595,18.71532,0],[84.05915,18.72592,0]]]}},{"type":"Feature","properties":{"stroke":"#ff0000","stroke-opacity":1,"fill-opacity":0,"ST_CODE":"28","ST_NAME":"ANDHRA PRADESH","DT_CODE":"11","DIST_NAME":"SRIKAKULAM","AC_NO":9,"AC_NAME":"Rajam (SC)","PC_NO":"20","PC_NAME":"VIZIANAGARAM","PC_ID":"2820","Shape_Leng":"175716.16453800001","Shape_Area":"493790756.48400003000","MaxSimpTol":"300.00000000000","MinSimpTol":"300.00000000000","visibility":"0","STATUS":"Post bifurcation 2014, renumbered to 2019 seats"},"geometry":{"type":"Polygon","coordinates":[[[83.56038,18.68682,0],[83.53883,18.71091,0],[83.54162,18.68614,0],[83.55382,18.68301,0],[83.56096,18.66764,0],[83.55014,18.64625,0],[83.55637,18.63885,0],[83.54855,18.62442,0],[83.55331,18.61338,0],[83.54991,18.59619,0],[83.56967,18.59442,0],[83.56844,18.58884,0],[83.55129,18.58016,0],[83.54483,18.5833,0],[83.53824,18.56432,0],[83.53391,18.56686,0],[83.52667,18.55057,0],[83.53876,18.54918,0],[83.53959,18.54083,0],[83.54832,18.53735,0],[83.55921,18.53794,0],[83.55912,18.55688,0],[83.57637,18.56751,0],[83.60733,18.55911,0],[83.61812,18.56207,0],[83.63231,18.55934,0],[83.62828,18.51133,0],[83.61909,18.50556,0],[83.5918,18.51045,0],[83.58184,18.50276,0],[83.58004,18.49211,0],[83.59623,18.4885,0],[83.59723,18.47687,0],[83.61427,18.46636,0],[83.6157,18.45401,0],[83.60474,18.46037,0],[83.58735,18.45921,0],[83.58288,18.44741,0],[83.5958,18.43445,0],[83.59182,18.42749,0],[83.5792,18.43015,0],[83.57488,18.42709,0],[83.57322,18.41678,0],[83.58226,18.40996,0],[83.59659,18.40757,0],[83.60685,18.3894,0],[83.60533,18.38431,0],[83.6228,18.37839,0],[83.66195,18.38796,0],[83.70316,18.3871,0],[83.70908,18.39724,0],[83.6963,18.43898,0],[83.69918,18.4465,0],[83.70504,18.44524,0],[83.71623,18.44358,0],[83.7209,18.4326,0],[83.73496,18.43214,0],[83.73615,18.42406,0],[83.72859,18.40942,0],[83.74807,18.40373,0],[83.76561,18.38394,0],[83.8078,18.38167,0],[83.8096,18.3958,0],[83.82448,18.39121,0],[83.83009,18.3958,0],[83.83549,18.41251,0],[83.82732,18.4277,0],[83.83198,18.46763,0],[83.79214,18.49386,0],[83.7846,18.52002,0],[83.79062,18.54137,0],[83.77476,18.54644,0],[83.77187,18.55451,0],[83.75461,18.56956,0],[83.74565,18.58501,0],[83.71618,18.5633,0],[83.70483,18.57022,0],[83.68944,18.56916,0],[83.67667,18.57834,0],[83.64121,18.5828,0],[83.62333,18.60223,0],[83.61545,18.62543,0],[83.59359,18.64382,0],[83.59434,18.6616,0],[83.57717,18.65607,0],[83.56142,18.67206,0],[83.56038,18.68682,0]]]}},{"type":"Feature","properties":{"stroke":"#ff0000","stroke-opacity":1,"fill-opacity":0,"ST_CODE":"28","ST_NAME":"ANDHRA PRADESH","DT_CODE":"12","DIST_NAME":"VIZIANAGARAM","AC_NO":14,"AC_NAME":"Bobbili","PC_NO":"20","PC_NAME":"VIZIANAGARAM","PC_ID":"2820","Shape_Leng":"200372.12778800001","Shape_Area":"758359307.75000000000","MaxSimpTol":"300.00000000000","MinSimpTol":"300.00000000000","visibility":"0","STATUS":"Post bifurcation 2014, renumbered to 2019 seats"},"geometry":{"type":"Polygon","coordinates":[[[83.29848,18.63967,0],[83.27753,18.62436,0],[83.25771,18.62396,0],[83.23106,18.6037,0],[83.22468,18.59324,0],[83.22618,18.58486,0],[83.23837,18.58294,0],[83.24054,18.5739,0],[83.26443,18.56596,0],[83.25526,18.55289,0],[83.24461,18.54907,0],[83.23729,18.52954,0],[83.2038,18.52337,0],[83.19402,18.51733,0],[83.18069,18.46848,0],[83.17036,18.45629,0],[83.18171,18.44249,0],[83.1862,18.41625,0],[83.20156,18.40388,0],[83.2159,18.41592,0],[83.22994,18.41816,0],[83.2382,18.41424,0],[83.26472,18.42892,0],[83.29113,18.41518,0],[83.30382,18.41676,0],[83.31335,18.42788,0],[83.32202,18.43005,0],[83.32228,18.42505,0],[83.32808,18.41348,0],[83.34276,18.41547,0],[83.34871,18.40428,0],[83.35698,18.40198,0],[83.36346,18.4196,0],[83.37991,18.4129,0],[83.40058,18.41497,0],[83.40125,18.42355,0],[83.41403,18.44124,0],[83.4092,18.46019,0],[83.41177,18.46725,0],[83.42697,18.46772,0],[83.43098,18.4523,0],[83.44549,18.44871,0],[83.44713,18.44846,0],[83.4615,18.43836,0],[83.47337,18.43768,0],[83.47867,18.44441,0],[83.48849,18.437,0],[83.50233,18.43538,0],[83.50985,18.44147,0],[83.52883,18.43416,0],[83.53316,18.44439,0],[83.55378,18.43489,0],[83.55206,18.42767,0],[83.57653,18.40493,0],[83.58226,18.40996,0],[83.57322,18.41678,0],[83.57488,18.42709,0],[83.5792,18.43015,0],[83.59182,18.42749,0],[83.5958,18.43445,0],[83.58288,18.44741,0],[83.58735,18.45921,0],[83.60474,18.46037,0],[83.6157,18.45401,0],[83.61427,18.46636,0],[83.59723,18.47687,0],[83.59623,18.4885,0],[83.58004,18.49211,0],[83.58184,18.50276,0],[83.5918,18.51045,0],[83.61909,18.50556,0],[83.62828,18.51133,0],[83.63231,18.55934,0],[83.61812,18.56207,0],[83.60733,18.55911,0],[83.57637,18.56751,0],[83.55912,18.55688,0],[83.55921,18.53794,0],[83.54832,18.53735,0],[83.53502,18.52522,0],[83.52225,18.53389,0],[83.51025,18.52538,0],[83.50631,18.54177,0],[83.48745,18.5292,0],[83.48397,18.55997,0],[83.47949,18.56304,0],[83.46771,18.55821,0],[83.45895,18.56748,0],[83.46904,18.5881,0],[83.4974,18.60484,0],[83.49808,18.6155,0],[83.49104,18.62291,0],[83.45274,18.61777,0],[83.43623,18.63356,0],[83.42296,18.62746,0],[83.42516,18.62041,0],[83.40718,18.60502,0],[83.40552,18.61605,0],[83.39532,18.61178,0],[83.3811,18.6166,0],[83.36878,18.6104,0],[83.36145,18.61311,0],[83.35907,18.607,0],[83.36568,18.60208,0],[83.36512,18.59638,0],[83.35056,18.59392,0],[83.34509,18.61356,0],[83.33201,18.61703,0],[83.32712,18.6292,0],[83.29848,18.63967,0]]]}},{"type":"Feature","properties":{"stroke":"#ff0000","stroke-opacity":1,"fill-opacity":0,"ST_CODE":"28","ST_NAME":"ANDHRA PRADESH","DT_CODE":"11","DIST_NAME":"SRIKAKULAM","AC_NO":6,"AC_NAME":"Amadalavalasa","PC_NO":"19","PC_NAME":"SRIKAKULAM","PC_ID":"2819","Shape_Leng":"140255.24356500001","Shape_Area":"406627713.96899998000","MaxSimpTol":"300.00000000000","MinSimpTol":"300.00000000000","visibility":"0","STATUS":"Post bifurcation 2014, renumbered to 2019 seats"},"geometry":{"type":"Polygon","coordinates":[[[83.75461,18.56956,0],[83.77187,18.55451,0],[83.77476,18.54644,0],[83.79062,18.54137,0],[83.7846,18.52002,0],[83.79214,18.49386,0],[83.83198,18.46763,0],[83.82732,18.4277,0],[83.83549,18.41251,0],[83.83009,18.3958,0],[83.82448,18.39121,0],[83.8096,18.3958,0],[83.8078,18.38167,0],[83.76561,18.38394,0],[83.76486,18.36448,0],[83.75865,18.35402,0],[83.73435,18.34791,0],[83.72384,18.35338,0],[83.72097,18.34192,0],[83.70808,18.34044,0],[83.70502,18.33536,0],[83.72631,18.3183,0],[83.73497,18.31962,0],[83.74223,18.31528,0],[83.74257,18.29424,0],[83.7737,18.29384,0],[83.7794,18.27733,0],[83.79034,18.27043,0],[83.8018,18.27569,0],[83.82224,18.30949,0],[83.83115,18.31175,0],[83.84945,18.30554,0],[83.86833,18.33324,0],[83.87908,18.33386,0],[83.8811,18.35332,0],[83.8946,18.36637,0],[83.89504,18.37983,0],[83.8899,18.38775,0],[83.9051,18.40138,0],[83.91219,18.38579,0],[83.91885,18.38245,0],[83.93924,18.41841,0],[83.93767,18.43285,0],[83.94965,18.45134,0],[83.95027,18.46662,0],[83.93384,18.48428,0],[83.93282,18.49656,0],[83.97427,18.5396,0],[83.97671,18.5478,0],[83.97263,18.56635,0],[83.96792,18.55834,0],[83.95459,18.55478,0],[83.92386,18.56099,0],[83.90702,18.55791,0],[83.90846,18.54294,0],[83.89933,18.53723,0],[83.88183,18.53977,0],[83.87324,18.54756,0],[83.86073,18.54044,0],[83.84022,18.55016,0],[83.83372,18.54678,0],[83.81114,18.57432,0],[83.7949,18.57062,0],[83.78924,18.57385,0],[83.77726,18.60371,0],[83.76627,18.59654,0],[83.76008,18.57479,0],[83.75461,18.56956,0]]]}},{"type":"Feature","properties":{"stroke":"#ff0000","stroke-opacity":1,"fill-opacity":0,"ST_CODE":"28","ST_NAME":"ANDHRA PRADESH","DT_CODE":"13","DIST_NAME":"VISAKHAPATNAM","AC_NO":28,"AC_NAME":"Araku Valley (ST)","PC_NO":"18","PC_NAME":"ARAKU (ST)","PC_ID":"2818","Shape_Leng":"486529.66311199998","Shape_Area":"2994046686.23000000000","MaxSimpTol":"300.00000000000","MinSimpTol":"300.00000000000","visibility":"0","STATUS":"Post bifurcation 2014, renumbered to 2019 seats"},"geometry":{"type":"Polygon","coordinates":[[[82.52917,18.50282,0],[82.5269,18.50589,0],[82.53235,18.51073,0],[82.52593,18.51623,0],[82.51354,18.5183,0],[82.50492,18.51348,0],[82.48617,18.52813,0],[82.48167,18.54138,0],[82.49342,18.54324,0],[82.48477,18.54943,0],[82.44494,18.5146,0],[82.43401,18.4986,0],[82.43741,18.49384,0],[82.40907,18.46939,0],[82.39599,18.44921,0],[82.38661,18.44505,0],[82.38196,18.43262,0],[82.36417,18.42157,0],[82.37959,18.40384,0],[82.38145,18.38968,0],[82.38604,18.38631,0],[82.38551,18.36754,0],[82.36984,18.35855,0],[82.36307,18.34426,0],[82.34896,18.33047,0],[82.3381,18.32807,0],[82.34273,18.32049,0],[82.35584,18.31596,0],[82.37506,18.32873,0],[82.38893,18.32855,0],[82.39502,18.31568,0],[82.39231,18.29798,0],[82.37647,18.28072,0],[82.36587,18.27765,0],[82.35891,18.2815,0],[82.34464,18.28058,0],[82.34003,18.26237,0],[82.33252,18.25201,0],[82.3365,18.2408,0],[82.32439,18.23125,0],[82.33702,18.22434,0],[82.32485,18.21045,0],[82.31081,18.20413,0],[82.31541,18.18407,0],[82.33733,18.17221,0],[82.35333,18.17173,0],[82.37228,18.1482,0],[82.3632,18.13485,0],[82.34133,18.15015,0],[82.33875,18.14696,0],[82.34205,18.13666,0],[82.33416,18.1269,0],[82.33575,18.1059,0],[82.33846,18.09915,0],[82.34696,18.09829,0],[82.3503,18.07769,0],[82.40181,18.07845,0],[82.42012,18.08362,0],[82.43772,18.10797,0],[82.44822,18.11373,0],[82.48068,18.10744,0],[82.51711,18.10923,0],[82.57835,18.10344,0],[82.58751,18.11122,0],[82.62035,18.11489,0],[82.62472,18.11925,0],[82.62658,18.1362,0],[82.63794,18.14854,0],[82.64951,18.14736,0],[82.65868,18.12402,0],[82.65971,18.10385,0],[82.66255,18.09739,0],[82.66922,18.09599,0],[82.71201,18.10156,0],[82.71723,18.08282,0],[82.72861,18.06546,0],[82.72297,18.05131,0],[82.73257,18.03544,0],[82.74373,18.03665,0],[82.76023,18.04733,0],[82.76848,18.03615,0],[82.80306,18.0116,0],[82.82287,18.01059,0],[82.85591,18.01986,0],[82.88258,18.01088,0],[82.88998,17.99191,0],[82.93216,17.99182,0],[82.94229,17.97447,0],[82.96866,17.99222,0],[82.97306,18.01036,0],[82.99167,18.03178,0],[82.99507,18.047,0],[83.00949,18.06463,0],[83.00306,18.07488,0],[83.00264,18.09641,0],[82.98433,18.10758,0],[82.9891,18.11799,0],[83.01124,18.12376,0],[83.01993,18.11363,0],[83.03352,18.11747,0],[83.03707,18.11062,0],[83.02602,18.09831,0],[83.02762,18.09295,0],[83.03841,18.08648,0],[83.06055,18.08997,0],[83.07382,18.0855,0],[83.09893,18.09022,0],[83.10767,18.09604,0],[83.12361,18.09663,0],[83.13069,18.10481,0],[83.12571,18.10904,0],[83.10455,18.11011,0],[83.1266,18.11849,0],[83.102,18.13497,0],[83.10369,18.14315,0],[83.11215,18.14126,0],[83.1169,18.15699,0],[83.10541,18.15888,0],[83.09752,18.15195,0],[83.08602,18.15294,0],[83.07228,18.17548,0],[83.07793,18.18989,0],[83.12309,18.19255,0],[83.12406,18.18303,0],[83.13879,18.16909,0],[83.15124,18.17033,0],[83.16043,18.18244,0],[83.16173,18.19449,0],[83.1548,18.20867,0],[83.16602,18.21106,0],[83.17303,18.22928,0],[83.1895,18.19771,0],[83.19783,18.19769,0],[83.20308,18.19397,0],[83.21655,18.19133,0],[83.2182,18.20609,0],[83.22562,18.21292,0],[83.24161,18.20008,0],[83.2486,18.21254,0],[83.24752,18.22578,0],[83.252,18.22791,0],[83.26983,18.21768,0],[83.26918,18.26718,0],[83.26657,18.276,0],[83.25505,18.28199,0],[83.22135,18.29886,0],[83.2174,18.31377,0],[83.22632,18.3319,0],[83.21974,18.33717,0],[83.17101,18.31043,0],[83.16513,18.31211,0],[83.15314,18.3423,0],[83.12956,18.35386,0],[83.12211,18.34947,0],[83.11576,18.35706,0],[83.10032,18.35993,0],[83.08897,18.32824,0],[83.07743,18.31893,0],[83.07182,18.33578,0],[83.07584,18.35138,0],[83.07056,18.375,0],[83.0996,18.41592,0],[83.0878,18.41524,0],[83.07576,18.40569,0],[83.05445,18.38002,0],[83.04304,18.37941,0],[83.02188,18.39175,0],[83.00568,18.38291,0],[82.996,18.38508,0],[82.99205,18.3786,0],[82.98725,18.37888,0],[82.98313,18.36648,0],[82.97044,18.36005,0],[82.96008,18.36645,0],[82.9537,18.36162,0],[82.9397,18.36086,0],[82.92599,18.36818,0],[82.92217,18.37546,0],[82.91305,18.36852,0],[82.89416,18.38161,0],[82.89069,18.39053,0],[82.89775,18.40354,0],[82.89498,18.42414,0],[82.87126,18.41849,0],[82.85638,18.42547,0],[82.85239,18.41924,0],[82.84584,18.43349,0],[82.82378,18.44354,0],[82.82246,18.44778,0],[82.80311,18.44928,0],[82.78213,18.43083,0],[82.78685,18.41075,0],[82.79951,18.40679,0],[82.79143,18.39618,0],[82.79383,18.38606,0],[82.78262,18.38193,0],[82.79053,18.36323,0],[82.77636,18.34927,0],[82.77423,18.34047,0],[82.76479,18.3362,0],[82.75965,18.33966,0],[82.75514,18.33023,0],[82.74283,18.33003,0],[82.73827,18.327,0],[82.74095,18.32265,0],[82.73423,18.32028,0],[82.71669,18.32343,0],[82.70959,18.31329,0],[82.69448,18.31232,0],[82.68438,18.30362,0],[82.67629,18.30659,0],[82.66673,18.29806,0],[82.65739,18.29611,0],[82.65115,18.3019,0],[82.64262,18.30207,0],[82.64379,18.28804,0],[82.65221,18.28118,0],[82.6485,18.2729,0],[82.64276,18.27159,0],[82.64226,18.2638,0],[82.64709,18.26226,0],[82.65223,18.24988,0],[82.63765,18.23674,0],[82.61382,18.25846,0],[82.59689,18.26482,0],[82.59676,18.27441,0],[82.58776,18.2761,0],[82.59863,18.30422,0],[82.59511,18.31071,0],[82.58514,18.3085,0],[82.58149,18.31638,0],[82.58386,18.31979,0],[82.58844,18.31791,0],[82.59485,18.32891,0],[82.60891,18.32716,0],[82.61116,18.33375,0],[82.60201,18.35231,0],[82.61448,18.35095,0],[82.62119,18.35974,0],[82.60595,18.3661,0],[82.60525,18.38207,0],[82.59948,18.37983,0],[82.59476,18.38927,0],[82.58859,18.39166,0],[82.58384,18.38676,0],[82.57579,18.39627,0],[82.57097,18.3947,0],[82.56239,18.39999,0],[82.5553,18.39366,0],[82.55214,18.39795,0],[82.54085,18.39947,0],[82.5355,18.40621,0],[82.54705,18.41264,0],[82.54138,18.42195,0],[82.55197,18.4286,0],[82.55054,18.43334,0],[82.5616,18.44697,0],[82.55479,18.45452,0],[82.54873,18.45309,0],[82.54234,18.45766,0],[82.54443,18.44942,0],[82.53953,18.44365,0],[82.53322,18.4587,0],[82.52736,18.4597,0],[82.52831,18.46425,0],[82.51939,18.46564,0],[82.53416,18.47777,0],[82.52783,18.48069,0],[82.5332,18.48767,0],[82.52657,18.49578,0],[82.52917,18.50282,0]]]}},{"type":"Feature","properties":{"stroke":"#ff0000","stroke-opacity":1,"fill-opacity":0,"ST_CODE":"28","ST_NAME":"ANDHRA PRADESH","DT_CODE":"12","DIST_NAME":"VIZIANAGARAM","AC_NO":16,"AC_NAME":"Gajapathinagaram","PC_NO":"20","PC_NAME":"VIZIANAGARAM","PC_ID":"2820","Shape_Leng":"218987.25789899999","Shape_Area":"601763688.75000000000","MaxSimpTol":"300.00000000000","MinSimpTol":"300.00000000000","visibility":"0","STATUS":"Post bifurcation 2014, renumbered to 2019 seats"},"geometry":{"type":"Polygon","coordinates":[[[83.44549,18.44871,0],[83.43098,18.4523,0],[83.42697,18.46772,0],[83.41177,18.46725,0],[83.4092,18.46019,0],[83.41403,18.44124,0],[83.40125,18.42355,0],[83.40058,18.41497,0],[83.37991,18.4129,0],[83.36346,18.4196,0],[83.35698,18.40198,0],[83.34871,18.40428,0],[83.34276,18.41547,0],[83.32808,18.41348,0],[83.32228,18.42505,0],[83.31243,18.41969,0],[83.31355,18.3857,0],[83.30482,18.37109,0],[83.30242,18.35485,0],[83.30677,18.35024,0],[83.31669,18.35065,0],[83.31831,18.34432,0],[83.32583,18.34418,0],[83.32882,18.33982,0],[83.29062,18.33581,0],[83.28815,18.32629,0],[83.27203,18.32595,0],[83.27255,18.31793,0],[83.28189,18.31394,0],[83.27872,18.30698,0],[83.25887,18.29711,0],[83.25505,18.28199,0],[83.26657,18.276,0],[83.26918,18.26718,0],[83.26983,18.21768,0],[83.252,18.22791,0],[83.24752,18.22578,0],[83.2486,18.21254,0],[83.24161,18.20008,0],[83.22562,18.21292,0],[83.2182,18.20609,0],[83.21655,18.19133,0],[83.20308,18.19397,0],[83.20748,18.19093,0],[83.20631,18.17845,0],[83.1965,18.17024,0],[83.2202,18.17254,0],[83.21916,18.16218,0],[83.23223,18.15571,0],[83.22731,18.12616,0],[83.23751,18.12365,0],[83.23702,18.09869,0],[83.22775,18.07766,0],[83.20194,18.07711,0],[83.17438,18.06645,0],[83.15517,18.07485,0],[83.13764,18.07308,0],[83.12769,18.06925,0],[83.12305,18.06029,0],[83.10487,18.06073,0],[83.0888,18.04617,0],[83.08799,18.03803,0],[83.10469,18.02967,0],[83.11653,18.05443,0],[83.12252,18.05392,0],[83.13939,18.0398,0],[83.14152,18.04558,0],[83.16,18.04756,0],[83.1841,18.06366,0],[83.1964,18.05235,0],[83.21732,18.04282,0],[83.22106,18.03161,0],[83.28457,18.04254,0],[83.3157,18.05359,0],[83.31247,18.07564,0],[83.31567,18.0896,0],[83.3127,18.08998,0],[83.31998,18.10821,0],[83.34442,18.10551,0],[83.35331,18.11367,0],[83.36092,18.11072,0],[83.35997,18.11963,0],[83.36564,18.12764,0],[83.33601,18.14144,0],[83.34441,18.17684,0],[83.3593,18.17655,0],[83.3597,18.15188,0],[83.38204,18.1518,0],[83.38521,18.1669,0],[83.38454,18.17244,0],[83.39325,18.17684,0],[83.39246,18.18716,0],[83.38247,18.19131,0],[83.38967,18.20653,0],[83.39995,18.212,0],[83.39959,18.22131,0],[83.38778,18.23724,0],[83.39571,18.2501,0],[83.40793,18.24799,0],[83.42128,18.25048,0],[83.42472,18.27544,0],[83.43323,18.27494,0],[83.43798,18.28544,0],[83.43561,18.30292,0],[83.44019,18.31149,0],[83.42964,18.32786,0],[83.43581,18.33105,0],[83.43575,18.34327,0],[83.4262,18.34721,0],[83.43082,18.3688,0],[83.42151,18.37456,0],[83.42409,18.37958,0],[83.43054,18.37851,0],[83.43088,18.38321,0],[83.44172,18.38392,0],[83.439,18.3998,0],[83.42671,18.40053,0],[83.41138,18.4146,0],[83.43392,18.44035,0],[83.42995,18.4433,0],[83.44085,18.44175,0],[83.44549,18.44871,0]]]}},{"type":"Feature","properties":{"stroke":"#ff0000","stroke-opacity":1,"fill-opacity":0,"ST_CODE":"28","ST_NAME":"ANDHRA PRADESH","DT_CODE":"11","DIST_NAME":"SRIKAKULAM","AC_NO":7,"AC_NAME":"Etcherla","PC_NO":"20","PC_NAME":"VIZIANAGARAM","PC_ID":"2820","Shape_Leng":"194106.78431600000","Shape_Area":"645882143.76600003000","MaxSimpTol":"300.00000000000","MinSimpTol":"300.00000000000","visibility":"0","STATUS":"Post bifurcation 2014, renumbered to 2019 seats"},"geometry":{"type":"Polygon","coordinates":[[[83.70504,18.44524,0],[83.69918,18.4465,0],[83.6963,18.43898,0],[83.70908,18.39724,0],[83.70316,18.3871,0],[83.66195,18.38796,0],[83.6228,18.37839,0],[83.60533,18.38431,0],[83.60269,18.37469,0],[83.59522,18.37174,0],[83.5998,18.36684,0],[83.58928,18.36467,0],[83.59079,18.35848,0],[83.58521,18.35399,0],[83.61088,18.33584,0],[83.60553,18.32788,0],[83.62378,18.33319,0],[83.62726,18.32148,0],[83.65637,18.32207,0],[83.65819,18.31597,0],[83.66563,18.3167,0],[83.67126,18.31072,0],[83.67926,18.3129,0],[83.6851,18.30541,0],[83.69491,18.30628,0],[83.69915,18.29747,0],[83.70911,18.29522,0],[83.70244,18.28904,0],[83.67345,18.2824,0],[83.67191,18.27208,0],[83.66703,18.26842,0],[83.66652,18.23251,0],[83.65184,18.20676,0],[83.64248,18.21,0],[83.63516,18.21923,0],[83.62469,18.21186,0],[83.60796,18.21285,0],[83.60272,18.20581,0],[83.60806,18.20246,0],[83.60307,18.20086,0],[83.57778,18.20705,0],[83.58423,18.19335,0],[83.60993,18.19278,0],[83.61329,18.17149,0],[83.61162,18.16542,0],[83.60292,18.16473,0],[83.60234,18.16043,0],[83.60738,18.1434,0],[83.62397,18.12942,0],[83.62189,18.11466,0],[83.63479,18.10566,0],[83.64474,18.10637,0],[83.66768,18.07952,0],[83.75056,18.12933,0],[83.86035,18.17436,0],[83.88942,18.19617,0],[83.94904,18.21638,0],[83.92271,18.24147,0],[83.91428,18.2641,0],[83.88864,18.29004,0],[83.88451,18.30578,0],[83.89295,18.31997,0],[83.87908,18.33386,0],[83.86833,18.33324,0],[83.84945,18.30554,0],[83.83115,18.31175,0],[83.82224,18.30949,0],[83.8018,18.27569,0],[83.79034,18.27043,0],[83.7794,18.27733,0],[83.7737,18.29384,0],[83.74257,18.29424,0],[83.74223,18.31528,0],[83.73497,18.31962,0],[83.72631,18.3183,0],[83.70502,18.33536,0],[83.70808,18.34044,0],[83.72097,18.34192,0],[83.72384,18.35338,0],[83.73435,18.34791,0],[83.75865,18.35402,0],[83.76486,18.36448,0],[83.76561,18.38394,0],[83.74807,18.40373,0],[83.72859,18.40942,0],[83.73615,18.42406,0],[83.73496,18.43214,0],[83.7209,18.4326,0],[83.71623,18.44358,0],[83.70504,18.44524,0]]]}},{"type":"Feature","properties":{"stroke":"#ff0000","stroke-opacity":1,"fill-opacity":0,"ST_CODE":"28","ST_NAME":"ANDHRA PRADESH","DT_CODE":"11","DIST_NAME":"SRIKAKULAM","AC_NO":5,"AC_NAME":"Srikakulam","PC_NO":"19","PC_NAME":"SRIKAKULAM","PC_ID":"2819","Shape_Leng":"82169.47415850000","Shape_Area":"288978287.90600002000","MaxSimpTol":"300.00000000000","MinSimpTol":"300.00000000000","visibility":"0","STATUS":"Post bifurcation 2014, renumbered to 2019 seats"},"geometry":{"type":"Polygon","coordinates":[[[83.96601,18.38461,0],[83.95569,18.39643,0],[83.94723,18.41788,0],[83.93924,18.41841,0],[83.91885,18.38245,0],[83.91219,18.38579,0],[83.9051,18.40138,0],[83.8899,18.38775,0],[83.89504,18.37983,0],[83.8946,18.36637,0],[83.8811,18.35332,0],[83.87908,18.33386,0],[83.89295,18.31997,0],[83.88451,18.30578,0],[83.88864,18.29004,0],[83.91428,18.2641,0],[83.92271,18.24147,0],[83.94904,18.21638,0],[84.0717,18.27656,0],[84.12585,18.31125,0],[84.13009,18.31637,0],[84.12884,18.34421,0],[84.05838,18.33773,0],[84.05024,18.34266,0],[84.03561,18.34351,0],[84.02033,18.35463,0],[84.01264,18.35064,0],[83.98333,18.37649,0],[83.96601,18.38461,0]]]}},{"type":"Feature","properties":{"stroke":"#ff0000","stroke-opacity":1,"fill-opacity":0,"ST_CODE":"28","ST_NAME":"ANDHRA PRADESH","DT_CODE":"12","DIST_NAME":"VIZIANAGARAM","AC_NO":15,"AC_NAME":"Cheepurupalle","PC_NO":"20","PC_NAME":"VIZIANAGARAM","PC_ID":"2820","Shape_Leng":"148503.45300199999","Shape_Area":"572253982.39100003000","MaxSimpTol":"300.00000000000","MinSimpTol":"300.00000000000","visibility":"0","STATUS":"Post bifurcation 2014, renumbered to 2019 seats"},"geometry":{"type":"Polygon","coordinates":[[[83.44713,18.44846,0],[83.44549,18.44871,0],[83.44085,18.44175,0],[83.42995,18.4433,0],[83.43392,18.44035,0],[83.41138,18.4146,0],[83.42671,18.40053,0],[83.439,18.3998,0],[83.44172,18.38392,0],[83.43088,18.38321,0],[83.43054,18.37851,0],[83.42409,18.37958,0],[83.42151,18.37456,0],[83.43082,18.3688,0],[83.4262,18.34721,0],[83.43575,18.34327,0],[83.43581,18.33105,0],[83.42964,18.32786,0],[83.44019,18.31149,0],[83.43561,18.30292,0],[83.43798,18.28544,0],[83.43323,18.27494,0],[83.42472,18.27544,0],[83.42128,18.25048,0],[83.40793,18.24799,0],[83.40769,18.22423,0],[83.41683,18.22643,0],[83.4262,18.21873,0],[83.41852,18.21104,0],[83.40548,18.20729,0],[83.43321,18.2058,0],[83.44251,18.19958,0],[83.44578,18.20773,0],[83.45423,18.20206,0],[83.45652,18.18156,0],[83.48401,18.18303,0],[83.49741,18.17959,0],[83.5206,18.15638,0],[83.53015,18.1564,0],[83.53343,18.18163,0],[83.54435,18.19712,0],[83.57778,18.20705,0],[83.60307,18.20086,0],[83.60806,18.20246,0],[83.60272,18.20581,0],[83.60796,18.21285,0],[83.62469,18.21186,0],[83.63516,18.21923,0],[83.64248,18.21,0],[83.65184,18.20676,0],[83.66652,18.23251,0],[83.66703,18.26842,0],[83.67191,18.27208,0],[83.67345,18.2824,0],[83.70244,18.28904,0],[83.70911,18.29522,0],[83.69915,18.29747,0],[83.69491,18.30628,0],[83.6851,18.30541,0],[83.67926,18.3129,0],[83.67126,18.31072,0],[83.66563,18.3167,0],[83.65819,18.31597,0],[83.65637,18.32207,0],[83.62726,18.32148,0],[83.62378,18.33319,0],[83.60553,18.32788,0],[83.61088,18.33584,0],[83.58521,18.35399,0],[83.59079,18.35848,0],[83.58928,18.36467,0],[83.5998,18.36684,0],[83.59522,18.37174,0],[83.60269,18.37469,0],[83.60533,18.38431,0],[83.60685,18.3894,0],[83.59659,18.40757,0],[83.58226,18.40996,0],[83.57653,18.40493,0],[83.55206,18.42767,0],[83.55378,18.43489,0],[83.53316,18.44439,0],[83.52883,18.43416,0],[83.50985,18.44147,0],[83.50233,18.43538,0],[83.48849,18.437,0],[83.47867,18.44441,0],[83.47337,18.43768,0],[83.4615,18.43836,0],[83.44713,18.44846,0]]]}},{"type":"Feature","properties":{"stroke":"#ff0000","stroke-opacity":1,"fill-opacity":0,"ST_CODE":"28","ST_NAME":"ANDHRA PRADESH","DT_CODE":"12","DIST_NAME":"VIZIANAGARAM","AC_NO":17,"AC_NAME":"Nellimarla","PC_NO":"20","PC_NAME":"VIZIANAGARAM","PC_ID":"2820","Shape_Leng":"155650.85450500000","Shape_Area":"522618536.57800001000","MaxSimpTol":"300.00000000000","MinSimpTol":"300.00000000000","visibility":"0","STATUS":"Post bifurcation 2014, renumbered to 2019 seats"},"geometry":{"type":"Polygon","coordinates":[[[83.40793,18.24799,0],[83.39571,18.2501,0],[83.38778,18.23724,0],[83.39959,18.22131,0],[83.39995,18.212,0],[83.38967,18.20653,0],[83.38247,18.19131,0],[83.39246,18.18716,0],[83.39325,18.17684,0],[83.38454,18.17244,0],[83.38521,18.1669,0],[83.39604,18.16847,0],[83.41378,18.1608,0],[83.43189,18.15962,0],[83.43072,18.15421,0],[83.4388,18.14323,0],[83.45592,18.13552,0],[83.4517,18.13314,0],[83.45403,18.12289,0],[83.44195,18.0961,0],[83.43671,18.09616,0],[83.42832,18.08206,0],[83.41872,18.08135,0],[83.4172,18.07599,0],[83.40864,18.07718,0],[83.40295,18.05701,0],[83.40366,18.04406,0],[83.39264,18.01747,0],[83.42094,18.01391,0],[83.42411,17.99402,0],[83.42026,17.98738,0],[83.41447,17.98696,0],[83.41371,17.97141,0],[83.40701,17.96897,0],[83.40632,17.96375,0],[83.42169,17.94122,0],[83.45056,17.92327,0],[83.44468,17.92796,0],[83.44594,17.93815,0],[83.43706,17.94704,0],[83.45053,17.94509,0],[83.45133,17.96025,0],[83.46674,17.96606,0],[83.4731,17.9646,0],[83.47543,17.95331,0],[83.48232,17.94868,0],[83.51045,17.95494,0],[83.52461,17.94754,0],[83.54182,17.96126,0],[83.55806,17.9822,0],[83.55882,17.99667,0],[83.56864,18.00986,0],[83.66768,18.07952,0],[83.64474,18.10637,0],[83.63479,18.10566,0],[83.62189,18.11466,0],[83.62397,18.12942,0],[83.60738,18.1434,0],[83.60234,18.16043,0],[83.60292,18.16473,0],[83.61162,18.16542,0],[83.61329,18.17149,0],[83.60993,18.19278,0],[83.58423,18.19335,0],[83.57778,18.20705,0],[83.54435,18.19712,0],[83.53343,18.18163,0],[83.53015,18.1564,0],[83.5206,18.15638,0],[83.49741,18.17959,0],[83.48401,18.18303,0],[83.45652,18.18156,0],[83.45423,18.20206,0],[83.44578,18.20773,0],[83.44251,18.19958,0],[83.43321,18.2058,0],[83.40548,18.20729,0],[83.41852,18.21104,0],[83.4262,18.21873,0],[83.41683,18.22643,0],[83.40769,18.22423,0],[83.40793,18.24799,0]]]}},{"type":"Feature","properties":{"stroke":"#ff0000","stroke-opacity":1,"fill-opacity":0,"ST_CODE":"28","ST_NAME":"ANDHRA PRADESH","DT_CODE":"12","DIST_NAME":"VIZIANAGARAM","AC_NO":19,"AC_NAME":"Srungavarapukota","PC_NO":"21","PC_NAME":"VISAKHAPATNAM","PC_ID":"2821","Shape_Leng":"219435.41536899999","Shape_Area":"633389444.67200005000","MaxSimpTol":"300.00000000000","MinSimpTol":"300.00000000000","visibility":"0","STATUS":"Post bifurcation 2014, renumbered to 2019 seats"},"geometry":{"type":"Polygon","coordinates":[[[83.19783,18.19769,0],[83.1895,18.19771,0],[83.17303,18.22928,0],[83.16602,18.21106,0],[83.1548,18.20867,0],[83.16173,18.19449,0],[83.16043,18.18244,0],[83.15124,18.17033,0],[83.13879,18.16909,0],[83.12406,18.18303,0],[83.12309,18.19255,0],[83.07793,18.18989,0],[83.07228,18.17548,0],[83.08602,18.15294,0],[83.09752,18.15195,0],[83.10541,18.15888,0],[83.1169,18.15699,0],[83.11215,18.14126,0],[83.10369,18.14315,0],[83.102,18.13497,0],[83.1266,18.11849,0],[83.10455,18.11011,0],[83.12571,18.10904,0],[83.13069,18.10481,0],[83.12361,18.09663,0],[83.10767,18.09604,0],[83.09893,18.09022,0],[83.07382,18.0855,0],[83.06805,18.0733,0],[83.04623,18.07203,0],[83.0499,18.06402,0],[83.02488,18.0604,0],[83.01381,18.051,0],[83.01395,18.04246,0],[83.00733,18.03559,0],[83.01518,18.03391,0],[83.00616,18.02367,0],[83.01135,18.0043,0],[83.00612,17.97693,0],[83.02055,17.97063,0],[83.03317,17.973,0],[83.05255,17.96369,0],[83.06928,17.94449,0],[83.11048,17.93974,0],[83.10771,17.92368,0],[83.12014,17.91752,0],[83.11939,17.91177,0],[83.12505,17.9079,0],[83.12444,17.88647,0],[83.12913,17.87419,0],[83.13603,17.87709,0],[83.14436,17.87191,0],[83.14853,17.85808,0],[83.1454,17.8454,0],[83.16114,17.84073,0],[83.16405,17.84933,0],[83.18565,17.84602,0],[83.18625,17.85329,0],[83.20524,17.84777,0],[83.21388,17.86196,0],[83.20558,17.86312,0],[83.21118,17.88211,0],[83.21643,17.88199,0],[83.21702,17.87595,0],[83.22301,17.87364,0],[83.23078,17.87596,0],[83.23891,17.90447,0],[83.26073,17.91585,0],[83.24659,17.92875,0],[83.23601,17.92482,0],[83.23361,17.93633,0],[83.22416,17.9463,0],[83.24256,17.95075,0],[83.30858,17.98431,0],[83.32086,18.00214,0],[83.30477,18.03077,0],[83.31748,18.02612,0],[83.32034,18.03532,0],[83.33403,18.04616,0],[83.32613,18.05792,0],[83.3157,18.05359,0],[83.28457,18.04254,0],[83.22106,18.03161,0],[83.21732,18.04282,0],[83.1964,18.05235,0],[83.1841,18.06366,0],[83.16,18.04756,0],[83.14152,18.04558,0],[83.13939,18.0398,0],[83.12252,18.05392,0],[83.11653,18.05443,0],[83.10469,18.02967,0],[83.08799,18.03803,0],[83.0888,18.04617,0],[83.10487,18.06073,0],[83.12305,18.06029,0],[83.12769,18.06925,0],[83.13764,18.07308,0],[83.15517,18.07485,0],[83.17438,18.06645,0],[83.20194,18.07711,0],[83.22775,18.07766,0],[83.23702,18.09869,0],[83.23751,18.12365,0],[83.22731,18.12616,0],[83.23223,18.15571,0],[83.21916,18.16218,0],[83.2202,18.17254,0],[83.1965,18.17024,0],[83.20631,18.17845,0],[83.20748,18.19093,0],[83.20308,18.19397,0],[83.19783,18.19769,0]]]}},{"type":"Feature","properties":{"stroke":"#ff0000","stroke-opacity":1,"fill-opacity":0,"ST_CODE":"28","ST_NAME":"ANDHRA PRADESH","DT_CODE":"12","DIST_NAME":"VIZIANAGARAM","AC_NO":18,"AC_NAME":"Vizianagaram","PC_NO":"20","PC_NAME":"VIZIANAGARAM","PC_ID":"2820","Shape_Leng":"67394.99726890000","Shape_Area":"125196680.17200001000","MaxSimpTol":"300.00000000000","MinSimpTol":"300.00000000000","visibility":"0","STATUS":"Post bifurcation 2014, renumbered to 2019 seats"},"geometry":{"type":"Polygon","coordinates":[[[83.38521,18.1669,0],[83.38204,18.1518,0],[83.3597,18.15188,0],[83.3593,18.17655,0],[83.34441,18.17684,0],[83.33601,18.14144,0],[83.36564,18.12764,0],[83.35997,18.11963,0],[83.36092,18.11072,0],[83.35331,18.11367,0],[83.34442,18.10551,0],[83.31998,18.10821,0],[83.3127,18.08998,0],[83.31567,18.0896,0],[83.31247,18.07564,0],[83.3157,18.05359,0],[83.32613,18.05792,0],[83.33403,18.04616,0],[83.34081,18.04592,0],[83.3445,18.0512,0],[83.35305,18.049,0],[83.3519,18.05643,0],[83.35826,18.06487,0],[83.36565,18.06482,0],[83.36407,18.05714,0],[83.37556,18.0518,0],[83.39297,18.05046,0],[83.40295,18.05701,0],[83.40864,18.07718,0],[83.4172,18.07599,0],[83.41872,18.08135,0],[83.42832,18.08206,0],[83.43671,18.09616,0],[83.44195,18.0961,0],[83.45403,18.12289,0],[83.4517,18.13314,0],[83.45592,18.13552,0],[83.4388,18.14323,0],[83.43072,18.15421,0],[83.43189,18.15962,0],[83.41378,18.1608,0],[83.39604,18.16847,0],[83.38521,18.1669,0]]]}},{"type":"Feature","properties":{"stroke":"#ff0000","stroke-opacity":1,"fill-opacity":0,"ST_CODE":"28","ST_NAME":"ANDHRA PRADESH","DT_CODE":"13","DIST_NAME":"VISAKHAPATNAM","AC_NO":29,"AC_NAME":"Paderu (ST)","PC_NO":"18","PC_NAME":"ARAKU (ST)","PC_ID":"2818","Shape_Leng":"445857.86163000000","Shape_Area":"3479983044.54000000000","MaxSimpTol":"300.00000000000","MinSimpTol":"300.00000000000","visibility":"0","STATUS":"Post bifurcation 2014, renumbered to 2019 seats"},"geometry":{"type":"Polygon","coordinates":[[[82.65971,18.10385,0],[82.65868,18.12402,0],[82.64951,18.14736,0],[82.63794,18.14854,0],[82.62658,18.1362,0],[82.62472,18.11925,0],[82.62035,18.11489,0],[82.58751,18.11122,0],[82.57835,18.10344,0],[82.51711,18.10923,0],[82.48068,18.10744,0],[82.44822,18.11373,0],[82.43772,18.10797,0],[82.42012,18.08362,0],[82.40181,18.07845,0],[82.3503,18.07769,0],[82.34384,18.05803,0],[82.3366,18.0521,0],[82.32837,18.05901,0],[82.31936,18.05769,0],[82.3201,18.04482,0],[82.30771,18.04514,0],[82.31031,18.05396,0],[82.29871,18.05531,0],[82.30433,18.06644,0],[82.30197,18.06919,0],[82.29135,18.06894,0],[82.28764,18.06275,0],[82.28346,18.06453,0],[82.27258,18.05725,0],[82.26892,18.04522,0],[82.26158,18.04189,0],[82.27335,18.02248,0],[82.2686,18.00098,0],[82.26416,17.99586,0],[82.24954,17.99339,0],[82.23643,18.0027,0],[82.22222,18.00171,0],[82.20817,18.01048,0],[82.20528,18.01841,0],[82.18777,18.01477,0],[82.17859,18.02042,0],[82.18429,18.02882,0],[82.1688,18.05199,0],[82.15317,18.04791,0],[82.14674,18.05234,0],[82.13714,18.04397,0],[82.13346,18.05992,0],[82.12495,18.0597,0],[82.1206,18.06426,0],[82.102,18.06028,0],[82.09606,18.06746,0],[82.0766,18.07525,0],[82.06575,18.05637,0],[82.04086,18.05716,0],[82.03293,18.06947,0],[82.00864,18.0577,0],[82.00617,18.05217,0],[82.01028,18.03127,0],[81.99436,18.02727,0],[81.992,18.02,0],[81.97927,18.01426,0],[81.98713,18.00199,0],[81.99699,17.99934,0],[82.00037,17.98712,0],[82.00982,17.98057,0],[82.00716,17.96556,0],[82.02234,17.95723,0],[82.02955,17.93938,0],[82.02772,17.93174,0],[82.0206,17.92796,0],[82.02028,17.92122,0],[82.00269,17.9009,0],[82.00086,17.88618,0],[82.00477,17.87121,0],[82.01704,17.86243,0],[82.01964,17.83961,0],[82.00956,17.828,0],[82.00785,17.84537,0],[81.99493,17.84494,0],[81.98897,17.85264,0],[81.97743,17.84528,0],[81.96172,17.81682,0],[81.93474,17.81359,0],[81.92492,17.80784,0],[81.92679,17.80077,0],[81.90108,17.78863,0],[81.88,17.77254,0],[81.87399,17.75941,0],[81.86141,17.75243,0],[81.87713,17.74172,0],[81.89835,17.74553,0],[81.90787,17.74057,0],[81.9231,17.74292,0],[81.93531,17.7387,0],[81.97243,17.74703,0],[81.96087,17.75796,0],[81.98168,17.7688,0],[81.99828,17.76451,0],[82.01041,17.75284,0],[82.01613,17.75349,0],[82.01805,17.74961,0],[82.01128,17.73805,0],[82.02777,17.72816,0],[82.02875,17.71543,0],[82.03327,17.71442,0],[82.03287,17.70898,0],[82.02459,17.70332,0],[82.02861,17.69585,0],[82.01926,17.6768,0],[82.02215,17.66962,0],[82.01627,17.66165,0],[82.00599,17.65943,0],[82.00642,17.64797,0],[82.01032,17.64673,0],[82.00178,17.63915,0],[82.00496,17.628,0],[82.01614,17.61876,0],[82.02439,17.62365,0],[82.02333,17.63243,0],[82.0335,17.63261,0],[82.05156,17.64344,0],[82.05677,17.63564,0],[82.06444,17.64387,0],[82.07619,17.64492,0],[82.08996,17.65689,0],[82.10603,17.65098,0],[82.11653,17.65588,0],[82.13726,17.64801,0],[82.13765,17.63544,0],[82.16289,17.61056,0],[82.18141,17.60884,0],[82.19083,17.6226,0],[82.21075,17.63465,0],[82.22812,17.63879,0],[82.24864,17.61946,0],[82.27636,17.62451,0],[82.27501,17.6119,0],[82.28884,17.6053,0],[82.30402,17.59023,0],[82.32186,17.5852,0],[82.34102,17.58733,0],[82.34208,17.57522,0],[82.35809,17.5763,0],[82.37027,17.57109,0],[82.38577,17.57364,0],[82.45085,17.59337,0],[82.4608,17.61043,0],[82.47299,17.61516,0],[82.47567,17.62415,0],[82.47408,17.63275,0],[82.45952,17.63101,0],[82.44412,17.64227,0],[82.41755,17.63704,0],[82.41667,17.64616,0],[82.42544,17.65586,0],[82.4152,17.66527,0],[82.38902,17.63199,0],[82.37279,17.63095,0],[82.36559,17.63787,0],[82.36008,17.66004,0],[82.36352,17.67047,0],[82.39129,17.67974,0],[82.42761,17.6824,0],[82.43535,17.68863,0],[82.4433,17.71229,0],[82.4654,17.71317,0],[82.47466,17.73105,0],[82.49889,17.71763,0],[82.51679,17.71706,0],[82.5107,17.69673,0],[82.51257,17.68774,0],[82.53358,17.69048,0],[82.55061,17.70159,0],[82.57834,17.74914,0],[82.58001,17.76191,0],[82.59135,17.763,0],[82.60753,17.75627,0],[82.61102,17.76993,0],[82.62354,17.77543,0],[82.62733,17.77471,0],[82.63262,17.76017,0],[82.63991,17.76024,0],[82.64473,17.76676,0],[82.64806,17.79525,0],[82.63755,17.80796,0],[82.62733,17.80777,0],[82.63162,17.81553,0],[82.63686,17.82246,0],[82.68362,17.83439,0],[82.69897,17.83943,0],[82.7159,17.85731,0],[82.69283,17.87945,0],[82.67621,17.88773,0],[82.67258,17.89475,0],[82.67524,17.89843,0],[82.68516,17.90373,0],[82.70925,17.89984,0],[82.71404,17.91235,0],[82.72792,17.91883,0],[82.71819,17.93073,0],[82.72364,17.93943,0],[82.74028,17.93872,0],[82.74744,17.92271,0],[82.75505,17.92128,0],[82.76033,17.94499,0],[82.76595,17.94265,0],[82.774,17.92094,0],[82.78887,17.92375,0],[82.79787,17.91067,0],[82.83213,17.9171,0],[82.8416,17.93537,0],[82.85779,17.95273,0],[82.8462,17.95876,0],[82.8435,17.9701,0],[82.82515,17.96728,0],[82.82431,17.98069,0],[82.8715,17.99063,0],[82.88258,18.01088,0],[82.85591,18.01986,0],[82.82287,18.01059,0],[82.80306,18.0116,0],[82.76848,18.03615,0],[82.76023,18.04733,0],[82.74373,18.03665,0],[82.73257,18.03544,0],[82.72297,18.05131,0],[82.72861,18.06546,0],[82.71723,18.08282,0],[82.71201,18.10156,0],[82.66922,18.09599,0],[82.66255,18.09739,0],[82.65971,18.10385,0]]]}},{"type":"Feature","properties":{"stroke":"#ff0000","stroke-opacity":1,"fill-opacity":0,"ST_CODE":"28","ST_NAME":"ANDHRA PRADESH","DT_CODE":"13","DIST_NAME":"VISAKHAPATNAM","AC_NO":27,"AC_NAME":"Madugula","PC_NO":"22","PC_NAME":"ANAKAPALLE","PC_ID":"2822","Shape_Leng":"214453.77060200000","Shape_Area":"629991379.94500005000","MaxSimpTol":"300.00000000000","MinSimpTol":"300.00000000000","visibility":"0","STATUS":"Post bifurcation 2014, renumbered to 2019 seats"},"geometry":{"type":"Polygon","coordinates":[[[83.07382,18.0855,0],[83.06055,18.08997,0],[83.03841,18.08648,0],[83.02762,18.09295,0],[83.02602,18.09831,0],[83.03707,18.11062,0],[83.03352,18.11747,0],[83.01993,18.11363,0],[83.01124,18.12376,0],[82.9891,18.11799,0],[82.98433,18.10758,0],[83.00264,18.09641,0],[83.00306,18.07488,0],[83.00949,18.06463,0],[82.99507,18.047,0],[82.99167,18.03178,0],[82.97306,18.01036,0],[82.96866,17.99222,0],[82.94229,17.97447,0],[82.93216,17.99182,0],[82.88998,17.99191,0],[82.88258,18.01088,0],[82.8715,17.99063,0],[82.82431,17.98069,0],[82.82515,17.96728,0],[82.8435,17.9701,0],[82.8462,17.95876,0],[82.85779,17.95273,0],[82.8416,17.93537,0],[82.83213,17.9171,0],[82.79787,17.91067,0],[82.78887,17.92375,0],[82.774,17.92094,0],[82.76595,17.94265,0],[82.76033,17.94499,0],[82.75505,17.92128,0],[82.74744,17.92271,0],[82.74028,17.93872,0],[82.72364,17.93943,0],[82.71819,17.93073,0],[82.72792,17.91883,0],[82.71404,17.91235,0],[82.70925,17.89984,0],[82.68516,17.90373,0],[82.67524,17.89843,0],[82.67258,17.89475,0],[82.67621,17.88773,0],[82.69283,17.87945,0],[82.7159,17.85731,0],[82.69897,17.83943,0],[82.68362,17.83439,0],[82.74579,17.8273,0],[82.7771,17.81918,0],[82.78053,17.82337,0],[82.81503,17.82164,0],[82.87066,17.8446,0],[82.87314,17.84891,0],[82.86712,17.86423,0],[82.86976,17.87136,0],[82.89673,17.85147,0],[82.91334,17.84941,0],[82.9247,17.8559,0],[82.93228,17.85215,0],[82.93542,17.85618,0],[82.9339,17.88024,0],[82.9409,17.88665,0],[82.95502,17.86823,0],[82.96622,17.87142,0],[82.98573,17.86894,0],[82.98414,17.85086,0],[82.97214,17.83909,0],[82.96963,17.82883,0],[82.97789,17.81977,0],[82.99397,17.822,0],[82.98932,17.80691,0],[83.02968,17.82074,0],[83.10747,17.84864,0],[83.12553,17.8634,0],[83.12913,17.87419,0],[83.12444,17.88647,0],[83.12505,17.9079,0],[83.11939,17.91177,0],[83.12014,17.91752,0],[83.10771,17.92368,0],[83.11048,17.93974,0],[83.06928,17.94449,0],[83.05255,17.96369,0],[83.03317,17.973,0],[83.02055,17.97063,0],[83.00612,17.97693,0],[83.01135,18.0043,0],[83.00616,18.02367,0],[83.01518,18.03391,0],[83.00733,18.03559,0],[83.01395,18.04246,0],[83.01381,18.051,0],[83.02488,18.0604,0],[83.0499,18.06402,0],[83.04623,18.07203,0],[83.06805,18.0733,0],[83.07382,18.0855,0]]]}},{"type":"Feature","properties":{"stroke":"#ff0000","stroke-opacity":1,"fill-opacity":0,"ST_CODE":"28","ST_NAME":"ANDHRA PRADESH","DT_CODE":"13","DIST_NAME":"VISAKHAPATNAM","AC_NO":20,"AC_NAME":"Bhimili","PC_NO":"21","PC_NAME":"VISAKHAPATNAM","PC_ID":"2821","Shape_Leng":"162238.35045599999","Shape_Area":"608106238.54700005000","MaxSimpTol":"300.00000000000","MinSimpTol":"300.00000000000","visibility":"0","STATUS":"Post bifurcation 2014, renumbered to 2019 seats"},"geometry":{"type":"Polygon","coordinates":[[[83.40295,18.05701,0],[83.39297,18.05046,0],[83.37556,18.0518,0],[83.36407,18.05714,0],[83.36565,18.06482,0],[83.35826,18.06487,0],[83.3519,18.05643,0],[83.35305,18.049,0],[83.3445,18.0512,0],[83.34081,18.04592,0],[83.33403,18.04616,0],[83.32034,18.03532,0],[83.31748,18.02612,0],[83.30477,18.03077,0],[83.32086,18.00214,0],[83.30858,17.98431,0],[83.24256,17.95075,0],[83.22416,17.9463,0],[83.23361,17.93633,0],[83.23601,17.92482,0],[83.24659,17.92875,0],[83.26073,17.91585,0],[83.23891,17.90447,0],[83.23078,17.87596,0],[83.23625,17.8736,0],[83.23123,17.85753,0],[83.23925,17.85194,0],[83.24046,17.83317,0],[83.23701,17.82941,0],[83.25825,17.83142,0],[83.26397,17.81709,0],[83.23754,17.80484,0],[83.22325,17.79192,0],[83.22005,17.7822,0],[83.2251,17.7737,0],[83.22069,17.76567,0],[83.20723,17.76103,0],[83.19783,17.76704,0],[83.19124,17.76498,0],[83.19749,17.72904,0],[83.19853,17.7272,0],[83.20979,17.72627,0],[83.2161,17.73073,0],[83.23817,17.74631,0],[83.2533,17.73041,0],[83.28,17.73204,0],[83.28909,17.73195,0],[83.31319,17.72651,0],[83.32478,17.71345,0],[83.34439,17.72354,0],[83.34749,17.72761,0],[83.34464,17.73909,0],[83.35438,17.75566,0],[83.38572,17.77724,0],[83.39118,17.79306,0],[83.41137,17.80987,0],[83.41733,17.83437,0],[83.41178,17.84159,0],[83.42026,17.85709,0],[83.44472,17.87304,0],[83.45678,17.88941,0],[83.45517,17.89637,0],[83.47151,17.91257,0],[83.52461,17.94754,0],[83.51045,17.95494,0],[83.48232,17.94868,0],[83.47543,17.95331,0],[83.4731,17.9646,0],[83.46674,17.96606,0],[83.45133,17.96025,0],[83.45053,17.94509,0],[83.43706,17.94704,0],[83.44594,17.93815,0],[83.44468,17.92796,0],[83.45056,17.92327,0],[83.42169,17.94122,0],[83.40632,17.96375,0],[83.40701,17.96897,0],[83.41371,17.97141,0],[83.41447,17.98696,0],[83.42026,17.98738,0],[83.42411,17.99402,0],[83.42094,18.01391,0],[83.39264,18.01747,0],[83.40366,18.04406,0],[83.40295,18.05701,0]]]}},{"type":"Feature","properties":{"stroke":"#ff0000","stroke-opacity":1,"fill-opacity":0,"ST_CODE":"28","ST_NAME":"ANDHRA PRADESH","DT_CODE":"14","DIST_NAME":"EAST GODAVARI","AC_NO":53,"AC_NAME":"Rampachodavaram(ST)","PC_NO":"18","PC_NAME":"ARAKU (ST)","PC_ID":"2818","Shape_Leng":"421393.58304200001","Shape_Area":"3912659612.32999990000","MaxSimpTol":"300.00000000000","MinSimpTol":"300.00000000000","visibility":"0","STATUS":"Post bifurcation 2014, renumbered to 2019 seats"},"geometry":{"type":"Polygon","coordinates":[[[81.97927,18.01426,0],[81.96294,17.99928,0],[81.93655,17.99031,0],[81.91988,17.99124,0],[81.90369,17.97669,0],[81.89335,17.97626,0],[81.86647,17.96332,0],[81.80988,17.95102,0],[81.79705,17.93731,0],[81.79011,17.92084,0],[81.77135,17.9125,0],[81.76328,17.90257,0],[81.77266,17.89753,0],[81.77457,17.88643,0],[81.8069,17.86918,0],[81.81136,17.85953,0],[81.7895,17.83993,0],[81.77422,17.84002,0],[81.76414,17.82709,0],[81.74672,17.83184,0],[81.73135,17.8247,0],[81.71198,17.81026,0],[81.70633,17.79101,0],[81.69902,17.78236,0],[81.67596,17.77618,0],[81.63399,17.77368,0],[81.61577,17.75103,0],[81.58348,17.73242,0],[81.58156,17.69325,0],[81.57296,17.68227,0],[81.56778,17.68167,0],[81.54429,17.63605,0],[81.54155,17.6376,0],[81.52423,17.62152,0],[81.5235,17.60587,0],[81.51646,17.60035,0],[81.53668,17.58457,0],[81.53416,17.57411,0],[81.52964,17.57179,0],[81.53183,17.5675,0],[81.52662,17.56049,0],[81.52169,17.56288,0],[81.51227,17.54498,0],[81.51509,17.53362,0],[81.51049,17.51939,0],[81.51659,17.50904,0],[81.5236,17.50888,0],[81.52465,17.50484,0],[81.51574,17.48448,0],[81.49834,17.48149,0],[81.51263,17.47289,0],[81.51722,17.45692,0],[81.5309,17.44067,0],[81.54089,17.43691,0],[81.56359,17.44033,0],[81.57594,17.43311,0],[81.58624,17.40596,0],[81.60318,17.41168,0],[81.61452,17.40681,0],[81.61629,17.40093,0],[81.60986,17.39742,0],[81.60467,17.37616,0],[81.61475,17.35228,0],[81.61104,17.34358,0],[81.61489,17.33137,0],[81.62773,17.32504,0],[81.64253,17.32428,0],[81.67944,17.30172,0],[81.68025,17.29118,0],[81.66309,17.28288,0],[81.65727,17.26831,0],[81.66423,17.26053,0],[81.68305,17.25569,0],[81.6914,17.22413,0],[81.69995,17.2258,0],[81.7105,17.21609,0],[81.72328,17.22481,0],[81.75137,17.22442,0],[81.76259,17.23622,0],[81.77003,17.23751,0],[81.80096,17.23644,0],[81.81004,17.24977,0],[81.8212,17.25401,0],[81.8261,17.27064,0],[81.82405,17.29095,0],[81.83213,17.30005,0],[81.85112,17.27808,0],[81.86426,17.26965,0],[81.87815,17.27422,0],[81.87746,17.29334,0],[81.88452,17.30035,0],[81.88938,17.30177,0],[81.8984,17.29536,0],[81.92173,17.29351,0],[81.91327,17.26926,0],[81.91545,17.26229,0],[81.94519,17.26763,0],[81.9586,17.28103,0],[81.96971,17.2841,0],[81.97419,17.29186,0],[81.99768,17.2954,0],[82.02174,17.29099,0],[82.0347,17.27204,0],[82.05892,17.27614,0],[82.07802,17.26838,0],[82.08692,17.28429,0],[82.05904,17.29698,0],[82.0436,17.314,0],[82.0441,17.33924,0],[82.05104,17.35365,0],[82.04499,17.36653,0],[82.05409,17.38019,0],[82.06663,17.37903,0],[82.07334,17.39096,0],[82.07898,17.38355,0],[82.08364,17.38381,0],[82.0882,17.39128,0],[82.09172,17.38086,0],[82.09758,17.38009,0],[82.10807,17.3966,0],[82.12229,17.37993,0],[82.14368,17.36613,0],[82.16803,17.36149,0],[82.17921,17.36432,0],[82.2038,17.37972,0],[82.22972,17.40937,0],[82.27072,17.43911,0],[82.27973,17.46383,0],[82.28382,17.47589,0],[82.33189,17.5048,0],[82.33263,17.51838,0],[82.33755,17.52405,0],[82.32897,17.55724,0],[82.34208,17.57522,0],[82.34102,17.58733,0],[82.32186,17.5852,0],[82.30402,17.59023,0],[82.28884,17.6053,0],[82.27501,17.6119,0],[82.27636,17.62451,0],[82.24864,17.61946,0],[82.22812,17.63879,0],[82.21075,17.63465,0],[82.19083,17.6226,0],[82.18141,17.60884,0],[82.16289,17.61056,0],[82.13765,17.63544,0],[82.13726,17.64801,0],[82.11653,17.65588,0],[82.10603,17.65098,0],[82.08996,17.65689,0],[82.07619,17.64492,0],[82.06444,17.64387,0],[82.05677,17.63564,0],[82.05156,17.64344,0],[82.0335,17.63261,0],[82.02333,17.63243,0],[82.02439,17.62365,0],[82.01614,17.61876,0],[82.00496,17.628,0],[82.00178,17.63915,0],[82.01032,17.64673,0],[82.00642,17.64797,0],[82.00599,17.65943,0],[82.01627,17.66165,0],[82.02215,17.66962,0],[82.01926,17.6768,0],[82.02861,17.69585,0],[82.02459,17.70332,0],[82.03287,17.70898,0],[82.03327,17.71442,0],[82.02875,17.71543,0],[82.02777,17.72816,0],[82.01128,17.73805,0],[82.01805,17.74961,0],[82.01613,17.75349,0],[82.01041,17.75284,0],[81.99828,17.76451,0],[81.98168,17.7688,0],[81.96087,17.75796,0],[81.97243,17.74703,0],[81.93531,17.7387,0],[81.9231,17.74292,0],[81.90787,17.74057,0],[81.89835,17.74553,0],[81.87713,17.74172,0],[81.86141,17.75243,0],[81.87399,17.75941,0],[81.88,17.77254,0],[81.90108,17.78863,0],[81.92679,17.80077,0],[81.92492,17.80784,0],[81.93474,17.81359,0],[81.96172,17.81682,0],[81.97743,17.84528,0],[81.98897,17.85264,0],[81.99493,17.84494,0],[82.00785,17.84537,0],[82.00956,17.828,0],[82.01964,17.83961,0],[82.01704,17.86243,0],[82.00477,17.87121,0],[82.00086,17.88618,0],[82.00269,17.9009,0],[82.02028,17.92122,0],[82.0206,17.92796,0],[82.02772,17.93174,0],[82.02955,17.93938,0],[82.02234,17.95723,0],[82.00716,17.96556,0],[82.00982,17.98057,0],[82.00037,17.98712,0],[81.99699,17.99934,0],[81.98713,18.00199,0],[81.97927,18.01426,0]]]}},{"type":"Feature","properties":{"stroke":"#ff0000","stroke-opacity":1,"fill-opacity":0,"ST_CODE":"28","ST_NAME":"ANDHRA PRADESH","DT_CODE":"13","DIST_NAME":"VISAKHAPATNAM","AC_NO":26,"AC_NAME":"Chodavaram","PC_NO":"22","PC_NAME":"ANAKAPALLE","PC_ID":"2822","Shape_Leng":"159877.18766699999","Shape_Area":"617185153.61699998000","MaxSimpTol":"300.00000000000","MinSimpTol":"300.00000000000","visibility":"0","STATUS":"Post bifurcation 2014, renumbered to 2019 seats"},"geometry":{"type":"Polygon","coordinates":[[[82.68362,17.83439,0],[82.63686,17.82246,0],[82.63162,17.81553,0],[82.62733,17.80777,0],[82.63755,17.80796,0],[82.64806,17.79525,0],[82.64473,17.76676,0],[82.63991,17.76024,0],[82.63262,17.76017,0],[82.62733,17.77471,0],[82.62354,17.77543,0],[82.61102,17.76993,0],[82.60753,17.75627,0],[82.59135,17.763,0],[82.58001,17.76191,0],[82.57834,17.74914,0],[82.58542,17.74428,0],[82.59051,17.73126,0],[82.60711,17.7301,0],[82.60293,17.72058,0],[82.61176,17.70653,0],[82.62262,17.70518,0],[82.6413,17.68623,0],[82.65108,17.68354,0],[82.67263,17.68705,0],[82.66441,17.66424,0],[82.67179,17.64294,0],[82.6889,17.65594,0],[82.70691,17.66182,0],[82.7114,17.67519,0],[82.70573,17.6825,0],[82.70753,17.68986,0],[82.7235,17.69848,0],[82.75912,17.69537,0],[82.78731,17.67964,0],[82.81092,17.67267,0],[82.84376,17.67396,0],[82.85639,17.68535,0],[82.87097,17.67971,0],[82.88012,17.6682,0],[82.88829,17.66752,0],[82.90221,17.69137,0],[82.91809,17.70393,0],[82.90848,17.73141,0],[82.91171,17.75616,0],[82.92652,17.75225,0],[82.94263,17.76399,0],[82.9576,17.75688,0],[82.97616,17.75685,0],[83.00888,17.77355,0],[83.01748,17.77277,0],[83.03212,17.80507,0],[83.02968,17.82074,0],[82.98932,17.80691,0],[82.99397,17.822,0],[82.97789,17.81977,0],[82.96963,17.82883,0],[82.97214,17.83909,0],[82.98414,17.85086,0],[82.98573,17.86894,0],[82.96622,17.87142,0],[82.95502,17.86823,0],[82.9409,17.88665,0],[82.9339,17.88024,0],[82.93542,17.85618,0],[82.93228,17.85215,0],[82.9247,17.8559,0],[82.91334,17.84941,0],[82.89673,17.85147,0],[82.86976,17.87136,0],[82.86712,17.86423,0],[82.87314,17.84891,0],[82.87066,17.8446,0],[82.81503,17.82164,0],[82.78053,17.82337,0],[82.7771,17.81918,0],[82.74579,17.8273,0],[82.68362,17.83439,0]]]}},{"type":"Feature","properties":{"stroke":"#ff0000","stroke-opacity":1,"fill-opacity":0,"ST_CODE":"28","ST_NAME":"ANDHRA PRADESH","DT_CODE":"13","DIST_NAME":"VISAKHAPATNAM","AC_NO":31,"AC_NAME":"Pendurthi","PC_NO":"22","PC_NAME":"ANAKAPALLE","PC_ID":"2822","Shape_Leng":"180194.69815400001","Shape_Area":"528255001.12500000000","MaxSimpTol":"300.00000000000","MinSimpTol":"300.00000000000","visibility":"0","STATUS":"Post bifurcation 2014, renumbered to 2019 seats"},"geometry":{"type":"Polygon","coordinates":[[[83.23078,17.87596,0],[83.22301,17.87364,0],[83.21702,17.87595,0],[83.21643,17.88199,0],[83.21118,17.88211,0],[83.20558,17.86312,0],[83.21388,17.86196,0],[83.20524,17.84777,0],[83.18625,17.85329,0],[83.18565,17.84602,0],[83.16405,17.84933,0],[83.16114,17.84073,0],[83.1454,17.8454,0],[83.14853,17.85808,0],[83.14436,17.87191,0],[83.13603,17.87709,0],[83.12913,17.87419,0],[83.12553,17.8634,0],[83.10747,17.84864,0],[83.02968,17.82074,0],[83.03212,17.80507,0],[83.01748,17.77277,0],[83.03234,17.76738,0],[83.0405,17.77209,0],[83.04662,17.77001,0],[83.04294,17.73661,0],[83.04742,17.73615,0],[83.05438,17.74598,0],[83.06378,17.73918,0],[83.07799,17.74769,0],[83.08861,17.72804,0],[83.07567,17.72001,0],[83.07427,17.69917,0],[83.05563,17.68009,0],[83.05091,17.65979,0],[83.04507,17.62792,0],[83.05383,17.61604,0],[83.04542,17.59106,0],[83.05569,17.58626,0],[83.07447,17.5934,0],[83.0771,17.59109,0],[83.06015,17.55407,0],[83.06008,17.53786,0],[83.06609,17.52501,0],[83.08878,17.53217,0],[83.10226,17.54174,0],[83.16187,17.56009,0],[83.17517,17.57439,0],[83.21293,17.591,0],[83.21744,17.59864,0],[83.23805,17.61231,0],[83.23257,17.62023,0],[83.23956,17.63158,0],[83.25926,17.6435,0],[83.25973,17.64986,0],[83.28196,17.66062,0],[83.27602,17.66912,0],[83.26752,17.67537,0],[83.22899,17.66979,0],[83.19807,17.68155,0],[83.18126,17.66781,0],[83.1882,17.65609,0],[83.18284,17.64723,0],[83.14911,17.64056,0],[83.13868,17.64351,0],[83.13824,17.67032,0],[83.12124,17.68285,0],[83.10924,17.68487,0],[83.10548,17.69481,0],[83.12839,17.71535,0],[83.14919,17.70786,0],[83.16313,17.72746,0],[83.18247,17.72389,0],[83.19483,17.7275,0],[83.19749,17.72904,0],[83.19124,17.76498,0],[83.19783,17.76704,0],[83.20723,17.76103,0],[83.22069,17.76567,0],[83.2251,17.7737,0],[83.22005,17.7822,0],[83.22325,17.79192,0],[83.23754,17.80484,0],[83.26397,17.81709,0],[83.25825,17.83142,0],[83.23701,17.82941,0],[83.24046,17.83317,0],[83.23925,17.85194,0],[83.23123,17.85753,0],[83.23625,17.8736,0],[83.23078,17.87596,0]]]}},{"type":"Feature","properties":{"stroke":"#ff0000","stroke-opacity":1,"fill-opacity":0,"ST_CODE":"28","ST_NAME":"ANDHRA PRADESH","DT_CODE":"13","DIST_NAME":"VISAKHAPATNAM","AC_NO":30,"AC_NAME":"Anakapalle","PC_NO":"22","PC_NAME":"ANAKAPALLE","PC_ID":"2822","Shape_Leng":"98847.45174380000","Shape_Area":"304515890.76599997000","MaxSimpTol":"300.00000000000","MinSimpTol":"300.00000000000","visibility":"0","STATUS":"Post bifurcation 2014, renumbered to 2019 seats"},"geometry":{"type":"Polygon","coordinates":[[[82.81092,17.67267,0],[82.8029,17.66044,0],[82.80343,17.63286,0],[82.78954,17.61229,0],[82.79301,17.60199,0],[82.80373,17.59329,0],[82.84785,17.60162,0],[82.86795,17.58768,0],[82.90031,17.58557,0],[82.90975,17.60992,0],[82.93508,17.62421,0],[82.9446,17.64103,0],[82.96916,17.64637,0],[82.97904,17.66658,0],[83.01897,17.65892,0],[83.05091,17.65979,0],[83.05563,17.68009,0],[83.07427,17.69917,0],[83.07567,17.72001,0],[83.08861,17.72804,0],[83.07799,17.74769,0],[83.06378,17.73918,0],[83.05438,17.74598,0],[83.04742,17.73615,0],[83.04294,17.73661,0],[83.04662,17.77001,0],[83.0405,17.77209,0],[83.03234,17.76738,0],[83.01748,17.77277,0],[83.00888,17.77355,0],[82.97616,17.75685,0],[82.9576,17.75688,0],[82.94263,17.76399,0],[82.92652,17.75225,0],[82.91171,17.75616,0],[82.90848,17.73141,0],[82.91809,17.70393,0],[82.90221,17.69137,0],[82.88829,17.66752,0],[82.88012,17.6682,0],[82.87097,17.67971,0],[82.85639,17.68535,0],[82.84376,17.67396,0],[82.81092,17.67267,0]]]}},{"type":"Feature","properties":{"stroke":"#ff0000","stroke-opacity":1,"fill-opacity":0,"ST_CODE":"28","ST_NAME":"ANDHRA PRADESH","DT_CODE":"13","DIST_NAME":"VISAKHAPATNAM","AC_NO":23,"AC_NAME":"Visakhapatnam North","PC_NO":"21","PC_NAME":"VISAKHAPATNAM","PC_ID":"2821","Shape_Leng":"23204.24737160000","Shape_Area":"17492982.51560000000","MaxSimpTol":"300.00000000000","MinSimpTol":"300.00000000000","visibility":"0","STATUS":"Post bifurcation 2014, renumbered to 2019 seats"},"geometry":{"type":"Polygon","coordinates":[[[83.28,17.73204,0],[83.2533,17.73041,0],[83.23817,17.74631,0],[83.2161,17.73073,0],[83.21711,17.72304,0],[83.26238,17.70941,0],[83.27067,17.69728,0],[83.27016,17.71221,0],[83.29135,17.7131,0],[83.29665,17.72157,0],[83.28909,17.73195,0],[83.28,17.73204,0]]]}},{"type":"Feature","properties":{"stroke":"#ff0000","stroke-opacity":1,"fill-opacity":0,"ST_CODE":"28","ST_NAME":"ANDHRA PRADESH","DT_CODE":"13","DIST_NAME":"VISAKHAPATNAM","AC_NO":34,"AC_NAME":"Narsipatnam","PC_NO":"22","PC_NAME":"ANAKAPALLE","PC_ID":"2822","Shape_Leng":"230224.58175899999","Shape_Area":"749666816.24199998000","MaxSimpTol":"300.00000000000","MinSimpTol":"300.00000000000","visibility":"0","STATUS":"Post bifurcation 2014, renumbered to 2019 seats"},"geometry":{"type":"Polygon","coordinates":[[[82.59051,17.73126,0],[82.58542,17.74428,0],[82.57834,17.74914,0],[82.55061,17.70159,0],[82.53358,17.69048,0],[82.51257,17.68774,0],[82.5107,17.69673,0],[82.51679,17.71706,0],[82.49889,17.71763,0],[82.47466,17.73105,0],[82.4654,17.71317,0],[82.4433,17.71229,0],[82.43535,17.68863,0],[82.42761,17.6824,0],[82.39129,17.67974,0],[82.36352,17.67047,0],[82.36008,17.66004,0],[82.36559,17.63787,0],[82.37279,17.63095,0],[82.38902,17.63199,0],[82.4152,17.66527,0],[82.42544,17.65586,0],[82.41667,17.64616,0],[82.41755,17.63704,0],[82.44412,17.64227,0],[82.45952,17.63101,0],[82.47408,17.63275,0],[82.47567,17.62415,0],[82.47299,17.61516,0],[82.4608,17.61043,0],[82.45085,17.59337,0],[82.38577,17.57364,0],[82.37027,17.57109,0],[82.35809,17.5763,0],[82.34208,17.57522,0],[82.32897,17.55724,0],[82.33755,17.52405,0],[82.33263,17.51838,0],[82.33189,17.5048,0],[82.34478,17.49448,0],[82.35922,17.50836,0],[82.37554,17.51083,0],[82.37856,17.50735,0],[82.36743,17.48976,0],[82.37288,17.47969,0],[82.38884,17.47934,0],[82.41029,17.46701,0],[82.43776,17.47143,0],[82.43904,17.47842,0],[82.45124,17.48088,0],[82.45474,17.49417,0],[82.44975,17.5115,0],[82.46543,17.51246,0],[82.468,17.52108,0],[82.46065,17.53047,0],[82.46808,17.53154,0],[82.4666,17.53622,0],[82.47632,17.52756,0],[82.47229,17.52184,0],[82.47745,17.52018,0],[82.48027,17.5013,0],[82.48726,17.49967,0],[82.4944,17.50049,0],[82.50233,17.50966,0],[82.50545,17.50357,0],[82.51697,17.50197,0],[82.53845,17.50776,0],[82.5465,17.51343,0],[82.55203,17.52772,0],[82.55207,17.52771,0],[82.5761,17.52882,0],[82.59298,17.53871,0],[82.61055,17.5384,0],[82.60901,17.55087,0],[82.61779,17.56109,0],[82.60229,17.56348,0],[82.61113,17.5836,0],[82.61673,17.58501,0],[82.62821,17.57445,0],[82.6443,17.57791,0],[82.65067,17.58494,0],[82.6509,17.59285,0],[82.63752,17.59642,0],[82.63066,17.60627,0],[82.63186,17.61496,0],[82.63819,17.61892,0],[82.65851,17.61921,0],[82.67004,17.60034,0],[82.69045,17.60228,0],[82.69521,17.59115,0],[82.70424,17.59748,0],[82.70673,17.58459,0],[82.70288,17.56423,0],[82.71319,17.56372,0],[82.72166,17.57045,0],[82.7284,17.56195,0],[82.74296,17.56421,0],[82.75711,17.55708,0],[82.78848,17.55867,0],[82.78524,17.56795,0],[82.80373,17.59329,0],[82.79301,17.60199,0],[82.78954,17.61229,0],[82.80343,17.63286,0],[82.8029,17.66044,0],[82.81092,17.67267,0],[82.78731,17.67964,0],[82.75912,17.69537,0],[82.7235,17.69848,0],[82.70753,17.68986,0],[82.70573,17.6825,0],[82.7114,17.67519,0],[82.70691,17.66182,0],[82.6889,17.65594,0],[82.67179,17.64294,0],[82.66441,17.66424,0],[82.67263,17.68705,0],[82.65108,17.68354,0],[82.6413,17.68623,0],[82.62262,17.70518,0],[82.61176,17.70653,0],[82.60293,17.72058,0],[82.60711,17.7301,0],[82.59051,17.73126,0]]]}},{"type":"Feature","properties":{"stroke":"#ff0000","stroke-opacity":1,"fill-opacity":0,"ST_CODE":"28","ST_NAME":"ANDHRA PRADESH","DT_CODE":"13","DIST_NAME":"VISAKHAPATNAM","AC_NO":21,"AC_NAME":"Visakhapatnam East","PC_NO":"21","PC_NAME":"VISAKHAPATNAM","PC_ID":"2821","Shape_Leng":"19269.08594560000","Shape_Area":"9643358.45312999930","MaxSimpTol":"300.00000000000","MinSimpTol":"300.00000000000","visibility":"0","STATUS":"Post bifurcation 2014, renumbered to 2019 seats"},"geometry":{"type":"Polygon","coordinates":[[[83.28909,17.73195,0],[83.29665,17.72157,0],[83.29135,17.7131,0],[83.28543,17.69699,0],[83.29646,17.69329,0],[83.30608,17.69326,0],[83.30619,17.6884,0],[83.30819,17.69751,0],[83.30554,17.69351,0],[83.30051,17.69647,0],[83.32478,17.71345,0],[83.31319,17.72651,0],[83.28909,17.73195,0]]]}},{"type":"Feature","properties":{"stroke":"#ff0000","stroke-opacity":1,"fill-opacity":0,"ST_CODE":"28","ST_NAME":"ANDHRA PRADESH","DT_CODE":"13","DIST_NAME":"VISAKHAPATNAM","AC_NO":24,"AC_NAME":"Visakhapatnam West","PC_NO":"21","PC_NAME":"VISAKHAPATNAM","PC_ID":"2821","Shape_Leng":"28660.91721620000","Shape_Area":"33968394.82810000300","MaxSimpTol":"300.00000000000","MinSimpTol":"300.00000000000","visibility":"0","STATUS":"Post bifurcation 2014, renumbered to 2019 seats"},"geometry":{"type":"Polygon","coordinates":[[[83.19853,17.7272,0],[83.21103,17.70975,0],[83.19807,17.68155,0],[83.22899,17.66979,0],[83.26752,17.67537,0],[83.27602,17.66912,0],[83.2731,17.69295,0],[83.26956,17.69667,0],[83.26408,17.69403,0],[83.25897,17.70885,0],[83.26238,17.70941,0],[83.21711,17.72304,0],[83.2161,17.73073,0],[83.20979,17.72627,0],[83.19853,17.7272,0]]]}},{"type":"Feature","properties":{"stroke":"#ff0000","stroke-opacity":1,"fill-opacity":0,"ST_CODE":"28","ST_NAME":"ANDHRA PRADESH","DT_CODE":"13","DIST_NAME":"VISAKHAPATNAM","AC_NO":25,"AC_NAME":"Gajuwaka","PC_NO":"21","PC_NAME":"VISAKHAPATNAM","PC_ID":"2821","Shape_Leng":"36106.37446520000","Shape_Area":"61399210.04689999700","MaxSimpTol":"300.00000000000","MinSimpTol":"300.00000000000","visibility":"0","STATUS":"Post bifurcation 2014, renumbered to 2019 seats"},"geometry":{"type":"Polygon","coordinates":[[[83.19483,17.7275,0],[83.18247,17.72389,0],[83.16313,17.72746,0],[83.14919,17.70786,0],[83.12839,17.71535,0],[83.10548,17.69481,0],[83.10924,17.68487,0],[83.12124,17.68285,0],[83.13824,17.67032,0],[83.13868,17.64351,0],[83.14911,17.64056,0],[83.18284,17.64723,0],[83.1882,17.65609,0],[83.18126,17.66781,0],[83.19807,17.68155,0],[83.21103,17.70975,0],[83.19853,17.7272,0],[83.19749,17.72904,0],[83.19483,17.7275,0]]]}},{"type":"Feature","properties":{"stroke":"#ff0000","stroke-opacity":1,"fill-opacity":0,"ST_CODE":"28","ST_NAME":"ANDHRA PRADESH","DT_CODE":"13","DIST_NAME":"VISAKHAPATNAM","AC_NO":22,"AC_NAME":"Visakhapatnam South","PC_NO":"21","PC_NAME":"VISAKHAPATNAM","PC_ID":"2821","Shape_Leng":"21610.23441770000","Shape_Area":"10751726.31250000000","MaxSimpTol":"300.00000000000","MinSimpTol":"300.00000000000","visibility":"0","STATUS":"Post bifurcation 2014, renumbered to 2019 seats"},"geometry":{"type":"Polygon","coordinates":[[[83.29135,17.7131,0],[83.27016,17.71221,0],[83.27067,17.69728,0],[83.26238,17.70941,0],[83.25897,17.70885,0],[83.26408,17.69403,0],[83.26956,17.69667,0],[83.2731,17.69295,0],[83.27602,17.66912,0],[83.28196,17.66062,0],[83.29472,17.67486,0],[83.29476,17.68965,0],[83.29613,17.69288,0],[83.29928,17.69057,0],[83.29646,17.69329,0],[83.28543,17.69699,0],[83.29135,17.7131,0]]]}},{"type":"Feature","properties":{"stroke":"#ff0000","stroke-opacity":1,"fill-opacity":0,"ST_CODE":"28","ST_NAME":"ANDHRA PRADESH","DT_CODE":"13","DIST_NAME":"VISAKHAPATNAM","AC_NO":32,"AC_NAME":"Yelamanchili","PC_NO":"22","PC_NAME":"ANAKAPALLE","PC_ID":"2822","Shape_Leng":"121852.17575100000","Shape_Area":"469026162.25000000000","MaxSimpTol":"300.00000000000","MinSimpTol":"300.00000000000","visibility":"0","STATUS":"Post bifurcation 2014, renumbered to 2019 seats"},"geometry":{"type":"Polygon","coordinates":[[[83.05091,17.65979,0],[83.01897,17.65892,0],[82.97904,17.66658,0],[82.96916,17.64637,0],[82.9446,17.64103,0],[82.93508,17.62421,0],[82.90975,17.60992,0],[82.90031,17.58557,0],[82.86795,17.58768,0],[82.84785,17.60162,0],[82.80373,17.59329,0],[82.78524,17.56795,0],[82.78848,17.55867,0],[82.7951,17.5468,0],[82.74244,17.5055,0],[82.75525,17.48464,0],[82.76469,17.47986,0],[82.78053,17.48559,0],[82.78972,17.47062,0],[82.79733,17.46665,0],[82.80406,17.46873,0],[82.81734,17.48224,0],[82.81724,17.5061,0],[82.82725,17.52528,0],[82.83822,17.5332,0],[82.84619,17.53325,0],[82.84989,17.51567,0],[82.86424,17.51761,0],[82.85088,17.49588,0],[82.85302,17.46611,0],[82.87179,17.44796,0],[82.89248,17.44296,0],[82.89879,17.4321,0],[82.99196,17.47253,0],[83.01453,17.50342,0],[83.06609,17.52501,0],[83.06008,17.53786,0],[83.06015,17.55407,0],[83.0771,17.59109,0],[83.07447,17.5934,0],[83.05569,17.58626,0],[83.04542,17.59106,0],[83.05383,17.61604,0],[83.04507,17.62792,0],[83.05091,17.65979,0]]]}},{"type":"Feature","properties":{"stroke":"#ff0000","stroke-opacity":1,"fill-opacity":0,"ST_CODE":"28","ST_NAME":"ANDHRA PRADESH","DT_CODE":"13","DIST_NAME":"VISAKHAPATNAM","AC_NO":33,"AC_NAME":"Payakaraopet (SC)","PC_NO":"22","PC_NAME":"ANAKAPALLE","PC_ID":"2822","Shape_Leng":"179796.62026299999","Shape_Area":"718669962.45299995000","MaxSimpTol":"300.00000000000","MinSimpTol":"300.00000000000","visibility":"0","STATUS":"Post bifurcation 2014, renumbered to 2019 seats"},"geometry":{"type":"Polygon","coordinates":[[[82.78848,17.55867,0],[82.75711,17.55708,0],[82.74296,17.56421,0],[82.7284,17.56195,0],[82.72166,17.57045,0],[82.71319,17.56372,0],[82.70288,17.56423,0],[82.70673,17.58459,0],[82.70424,17.59748,0],[82.69521,17.59115,0],[82.69045,17.60228,0],[82.67004,17.60034,0],[82.65851,17.61921,0],[82.63819,17.61892,0],[82.63186,17.61496,0],[82.63066,17.60627,0],[82.63752,17.59642,0],[82.6509,17.59285,0],[82.65067,17.58494,0],[82.6443,17.57791,0],[82.62821,17.57445,0],[82.61673,17.58501,0],[82.61113,17.5836,0],[82.60229,17.56348,0],[82.61779,17.56109,0],[82.60901,17.55087,0],[82.61055,17.5384,0],[82.59298,17.53871,0],[82.5761,17.52882,0],[82.55207,17.52771,0],[82.55822,17.52175,0],[82.56101,17.49123,0],[82.56782,17.49266,0],[82.58539,17.46947,0],[82.60484,17.4596,0],[82.59847,17.44371,0],[82.58298,17.42512,0],[82.56031,17.40829,0],[82.55598,17.39065,0],[82.54293,17.37487,0],[82.55566,17.35266,0],[82.5658,17.35016,0],[82.56505,17.34248,0],[82.55982,17.34225,0],[82.55754,17.32611,0],[82.53548,17.32761,0],[82.53451,17.30646,0],[82.51811,17.29866,0],[82.52551,17.27154,0],[82.53896,17.2639,0],[82.54243,17.24889,0],[82.70303,17.34386,0],[82.89879,17.4321,0],[82.89248,17.44296,0],[82.87179,17.44796,0],[82.85302,17.46611,0],[82.85088,17.49588,0],[82.86424,17.51761,0],[82.84989,17.51567,0],[82.84619,17.53325,0],[82.83822,17.5332,0],[82.82725,17.52528,0],[82.81724,17.5061,0],[82.81734,17.48224,0],[82.80406,17.46873,0],[82.79733,17.46665,0],[82.78972,17.47062,0],[82.78053,17.48559,0],[82.76469,17.47986,0],[82.75525,17.48464,0],[82.74244,17.5055,0],[82.7951,17.5468,0],[82.78848,17.55867,0]]]}},{"type":"Feature","properties":{"stroke":"#ff0000","stroke-opacity":1,"fill-opacity":0,"ST_CODE":"28","ST_NAME":"ANDHRA PRADESH","DT_CODE":"14","DIST_NAME":"EAST GODAVARI","AC_NO":35,"AC_NAME":"Tuni","PC_NO":"23","PC_NAME":"KAKINADA","PC_ID":"2823","Shape_Leng":"178915.08285599999","Shape_Area":"694699733.67200005000","MaxSimpTol":"300.00000000000","MinSimpTol":"300.00000000000","visibility":"0","STATUS":"Post bifurcation 2014, renumbered to 2019 seats"},"geometry":{"type":"Polygon","coordinates":[[[82.55203,17.52772,0],[82.5465,17.51343,0],[82.53845,17.50776,0],[82.51697,17.50197,0],[82.50545,17.50357,0],[82.50233,17.50966,0],[82.4944,17.50049,0],[82.48726,17.49967,0],[82.48027,17.5013,0],[82.47745,17.52018,0],[82.47229,17.52184,0],[82.47632,17.52756,0],[82.4666,17.53622,0],[82.46808,17.53154,0],[82.46065,17.53047,0],[82.468,17.52108,0],[82.46543,17.51246,0],[82.44975,17.5115,0],[82.45474,17.49417,0],[82.45124,17.48088,0],[82.43904,17.47842,0],[82.43776,17.47143,0],[82.41029,17.46701,0],[82.38884,17.47934,0],[82.37288,17.47969,0],[82.36743,17.48976,0],[82.37856,17.50735,0],[82.37554,17.51083,0],[82.35922,17.50836,0],[82.34478,17.49448,0],[82.33189,17.5048,0],[82.28382,17.47589,0],[82.27973,17.46383,0],[82.29056,17.458,0],[82.29416,17.44226,0],[82.31114,17.41439,0],[82.31147,17.40399,0],[82.30505,17.39453,0],[82.30875,17.38966,0],[82.32817,17.3786,0],[82.35499,17.3774,0],[82.37088,17.37133,0],[82.41295,17.36743,0],[82.42008,17.36147,0],[82.4425,17.35998,0],[82.43099,17.33674,0],[82.41071,17.32469,0],[82.41162,17.28302,0],[82.40651,17.27715,0],[82.40564,17.26549,0],[82.39769,17.26531,0],[82.39078,17.2711,0],[82.38634,17.2941,0],[82.35865,17.28074,0],[82.35815,17.26991,0],[82.34972,17.2593,0],[82.35415,17.232,0],[82.35852,17.19898,0],[82.36532,17.18423,0],[82.37422,17.17759,0],[82.40114,17.16483,0],[82.42828,17.19314,0],[82.44415,17.1755,0],[82.54243,17.24889,0],[82.53896,17.2639,0],[82.52551,17.27154,0],[82.51811,17.29866,0],[82.53451,17.30646,0],[82.53548,17.32761,0],[82.55754,17.32611,0],[82.55982,17.34225,0],[82.56505,17.34248,0],[82.5658,17.35016,0],[82.55566,17.35266,0],[82.54293,17.37487,0],[82.55598,17.39065,0],[82.56031,17.40829,0],[82.58298,17.42512,0],[82.59847,17.44371,0],[82.60484,17.4596,0],[82.58539,17.46947,0],[82.56782,17.49266,0],[82.56101,17.49123,0],[82.55822,17.52175,0],[82.55207,17.52771,0],[82.55203,17.52772,0]]]}},{"type":"Feature","properties":{"stroke":"#ff0000","stroke-opacity":1,"fill-opacity":0,"ST_CODE":"28","ST_NAME":"ANDHRA PRADESH","DT_CODE":"15","DIST_NAME":"WEST GODAVARI","AC_NO":67,"AC_NAME":"Polavaram (ST)","PC_NO":"27","PC_NAME":"ELURU","PC_ID":"2827","Shape_Leng":"336979.38941900001","Shape_Area":"1641401964.19000010000","MaxSimpTol":"300.00000000000","MinSimpTol":"300.00000000000","visibility":"0","STATUS":"Post bifurcation 2014, renumbered to 2019 seats"},"geometry":{"type":"Polygon","coordinates":[[[81.49834,17.48149,0],[81.49564,17.47738,0],[81.50311,17.46391,0],[81.48701,17.43515,0],[81.46036,17.41125,0],[81.43977,17.3799,0],[81.42647,17.38054,0],[81.42396,17.36758,0],[81.40808,17.36961,0],[81.3884,17.36239,0],[81.37973,17.36351,0],[81.35396,17.37752,0],[81.3501,17.38236,0],[81.35177,17.39541,0],[81.33416,17.39865,0],[81.30525,17.34622,0],[81.27397,17.31751,0],[81.24562,17.32612,0],[81.23352,17.32069,0],[81.21026,17.32637,0],[81.19037,17.32513,0],[81.17661,17.28799,0],[81.17813,17.26936,0],[81.18755,17.25498,0],[81.17361,17.23105,0],[81.10137,17.22253,0],[81.07942,17.21541,0],[81.05493,17.22535,0],[81.04758,17.2056,0],[81.032,17.1921,0],[81.03916,17.1741,0],[81.02964,17.15749,0],[81.03597,17.14162,0],[81.03408,17.12717,0],[81.04765,17.1192,0],[81.04531,17.09038,0],[81.03892,17.0817,0],[81.0173,17.08451,0],[81.01006,17.06493,0],[81.01951,17.05577,0],[81.0215,17.03549,0],[81.04356,17.04097,0],[81.07072,17.03873,0],[81.07355,17.0201,0],[81.06654,17.01555,0],[81.05771,16.9913,0],[81.0732,16.99359,0],[81.08297,16.98361,0],[81.09345,16.98591,0],[81.09822,17.00749,0],[81.11285,17.01927,0],[81.11561,17.03357,0],[81.13692,17.03088,0],[81.15679,17.04083,0],[81.17509,17.03269,0],[81.19173,17.0405,0],[81.22467,17.03632,0],[81.2327,17.06111,0],[81.22387,17.08847,0],[81.20852,17.09426,0],[81.19717,17.11148,0],[81.1549,17.12391,0],[81.14132,17.149,0],[81.14582,17.15321,0],[81.15155,17.15186,0],[81.1728,17.14013,0],[81.17568,17.16582,0],[81.18683,17.17474,0],[81.20143,17.17094,0],[81.21793,17.14491,0],[81.22432,17.14683,0],[81.23027,17.16159,0],[81.24113,17.16074,0],[81.24621,17.16775,0],[81.26033,17.1699,0],[81.27164,17.16264,0],[81.27305,17.16868,0],[81.26494,17.18814,0],[81.27648,17.19732,0],[81.2822,17.19343,0],[81.27952,17.17534,0],[81.28937,17.15119,0],[81.32104,17.14284,0],[81.3074,17.12476,0],[81.31975,17.10408,0],[81.33132,17.10528,0],[81.33972,17.11205,0],[81.36396,17.11154,0],[81.37407,17.11935,0],[81.39078,17.11659,0],[81.40297,17.10892,0],[81.40032,17.08931,0],[81.37904,17.07846,0],[81.37494,17.07097,0],[81.36184,17.06793,0],[81.35835,17.05392,0],[81.3457,17.05375,0],[81.3448,17.04634,0],[81.34752,17.0265,0],[81.35778,17.02111,0],[81.37047,17.02971,0],[81.38763,17.03294,0],[81.39153,17.0414,0],[81.41534,17.04191,0],[81.42173,17.03714,0],[81.43404,17.01109,0],[81.44619,17.00133,0],[81.45028,17.00711,0],[81.44761,17.03271,0],[81.43115,17.04187,0],[81.42609,17.06087,0],[81.44845,17.07213,0],[81.44751,17.09988,0],[81.46602,17.11364,0],[81.46738,17.13219,0],[81.47751,17.14123,0],[81.46646,17.16994,0],[81.49427,17.18611,0],[81.51807,17.18988,0],[81.52879,17.20346,0],[81.54469,17.21089,0],[81.56083,17.2003,0],[81.57122,17.19914,0],[81.59618,17.19901,0],[81.58921,17.18492,0],[81.59785,17.17425,0],[81.61046,17.17529,0],[81.61303,17.16791,0],[81.6446,17.15176,0],[81.66353,17.15166,0],[81.64065,17.20732,0],[81.64162,17.23012,0],[81.65539,17.24954,0],[81.65727,17.26831,0],[81.66309,17.28288,0],[81.68025,17.29118,0],[81.67944,17.30172,0],[81.64253,17.32428,0],[81.62773,17.32504,0],[81.61489,17.33137,0],[81.61104,17.34358,0],[81.61475,17.35228,0],[81.60467,17.37616,0],[81.60986,17.39742,0],[81.61629,17.40093,0],[81.61452,17.40681,0],[81.60318,17.41168,0],[81.58624,17.40596,0],[81.57594,17.43311,0],[81.56359,17.44033,0],[81.54089,17.43691,0],[81.5309,17.44067,0],[81.51722,17.45692,0],[81.51263,17.47289,0],[81.49834,17.48149,0]]]}},{"type":"Feature","properties":{"stroke":"#ff0000","stroke-opacity":1,"fill-opacity":0,"ST_CODE":"28","ST_NAME":"ANDHRA PRADESH","DT_CODE":"14","DIST_NAME":"EAST GODAVARI","AC_NO":36,"AC_NAME":"Prathipadu","PC_NO":"23","PC_NAME":"KAKINADA","PC_ID":"2823","Shape_Leng":"142501.07269800000","Shape_Area":"625069923.85200000000","MaxSimpTol":"300.00000000000","MinSimpTol":"300.00000000000","visibility":"0","STATUS":"Post bifurcation 2014, renumbered to 2019 seats"},"geometry":{"type":"Polygon","coordinates":[[[82.27973,17.46383,0],[82.27072,17.43911,0],[82.22972,17.40937,0],[82.2038,17.37972,0],[82.17921,17.36432,0],[82.16803,17.36149,0],[82.14368,17.36613,0],[82.12229,17.37993,0],[82.10807,17.3966,0],[82.09758,17.38009,0],[82.09172,17.38086,0],[82.0882,17.39128,0],[82.08364,17.38381,0],[82.07898,17.38355,0],[82.07334,17.39096,0],[82.06663,17.37903,0],[82.05409,17.38019,0],[82.04499,17.36653,0],[82.05104,17.35365,0],[82.0441,17.33924,0],[82.0436,17.314,0],[82.05904,17.29698,0],[82.08692,17.28429,0],[82.07802,17.26838,0],[82.09802,17.25055,0],[82.09099,17.24224,0],[82.09191,17.23701,0],[82.1266,17.22131,0],[82.13313,17.19751,0],[82.14423,17.21388,0],[82.1677,17.21706,0],[82.18092,17.22412,0],[82.20127,17.21436,0],[82.22867,17.21909,0],[82.23824,17.2339,0],[82.2692,17.23699,0],[82.27988,17.25017,0],[82.2866,17.24672,0],[82.28594,17.23387,0],[82.30915,17.23218,0],[82.31567,17.21994,0],[82.31974,17.21977,0],[82.34199,17.23448,0],[82.35415,17.232,0],[82.34972,17.2593,0],[82.35815,17.26991,0],[82.35865,17.28074,0],[82.38634,17.2941,0],[82.39078,17.2711,0],[82.39769,17.26531,0],[82.40564,17.26549,0],[82.40651,17.27715,0],[82.41162,17.28302,0],[82.41071,17.32469,0],[82.43099,17.33674,0],[82.4425,17.35998,0],[82.42008,17.36147,0],[82.41295,17.36743,0],[82.37088,17.37133,0],[82.35499,17.3774,0],[82.32817,17.3786,0],[82.30875,17.38966,0],[82.30505,17.39453,0],[82.31147,17.40399,0],[82.31114,17.41439,0],[82.29416,17.44226,0],[82.29056,17.458,0],[82.27973,17.46383,0]]]}},{"type":"Feature","properties":{"stroke":"#ff0000","stroke-opacity":1,"fill-opacity":0,"ST_CODE":"28","ST_NAME":"ANDHRA PRADESH","DT_CODE":"14","DIST_NAME":"EAST GODAVARI","AC_NO":52,"AC_NAME":"Jaggampeta","PC_NO":"23","PC_NAME":"KAKINADA","PC_ID":"2823","Shape_Leng":"146461.29955699999","Shape_Area":"580881274.63300002000","MaxSimpTol":"300.00000000000","MinSimpTol":"300.00000000000","visibility":"0","STATUS":"Post bifurcation 2014, renumbered to 2019 seats"},"geometry":{"type":"Polygon","coordinates":[[[81.8984,17.29536,0],[81.88938,17.30177,0],[81.88452,17.30035,0],[81.87746,17.29334,0],[81.87815,17.27422,0],[81.86426,17.26965,0],[81.85112,17.27808,0],[81.83213,17.30005,0],[81.82405,17.29095,0],[81.8261,17.27064,0],[81.8212,17.25401,0],[81.81004,17.24977,0],[81.80096,17.23644,0],[81.77003,17.23751,0],[81.78312,17.20289,0],[81.80935,17.19993,0],[81.80747,17.18434,0],[81.81749,17.18164,0],[81.82053,17.1757,0],[81.86598,17.18368,0],[81.88082,17.17376,0],[81.90476,17.18038,0],[81.90239,17.16808,0],[81.91006,17.15198,0],[81.90645,17.14327,0],[81.91287,17.13302,0],[81.91947,17.0957,0],[81.9331,17.09845,0],[81.96442,17.11594,0],[81.9941,17.11305,0],[82.03462,17.09311,0],[82.04217,17.08591,0],[82.04312,17.07722,0],[82.0569,17.07132,0],[82.07239,17.07835,0],[82.07668,17.08489,0],[82.08166,17.11763,0],[82.08754,17.12672,0],[82.09706,17.1311,0],[82.11192,17.16686,0],[82.12222,17.17015,0],[82.13502,17.16707,0],[82.18142,17.14759,0],[82.19996,17.1789,0],[82.19597,17.19618,0],[82.20127,17.21436,0],[82.18092,17.22412,0],[82.1677,17.21706,0],[82.14423,17.21388,0],[82.13313,17.19751,0],[82.1266,17.22131,0],[82.09191,17.23701,0],[82.09099,17.24224,0],[82.09802,17.25055,0],[82.07802,17.26838,0],[82.05892,17.27614,0],[82.0347,17.27204,0],[82.02174,17.29099,0],[81.99768,17.2954,0],[81.97419,17.29186,0],[81.96971,17.2841,0],[81.9586,17.28103,0],[81.94519,17.26763,0],[81.91545,17.26229,0],[81.91327,17.26926,0],[81.92173,17.29351,0],[81.8984,17.29536,0]]]}},{"type":"Feature","properties":{"stroke":"#ff0000","stroke-opacity":1,"fill-opacity":0,"ST_CODE":"28","ST_NAME":"ANDHRA PRADESH","DT_CODE":"14","DIST_NAME":"EAST GODAVARI","AC_NO":49,"AC_NAME":"Rajanagaram","PC_NO":"25","PC_NAME":"RAJAHMUNDRY","PC_ID":"2825","Shape_Leng":"151533.29750900000","Shape_Area":"593646064.29700005000","MaxSimpTol":"300.00000000000","MinSimpTol":"300.00000000000","visibility":"0","STATUS":"Post bifurcation 2014, renumbered to 2019 seats"},"geometry":{"type":"Polygon","coordinates":[[[81.65727,17.26831,0],[81.65539,17.24954,0],[81.64162,17.23012,0],[81.64065,17.20732,0],[81.66353,17.15166,0],[81.66478,17.13359,0],[81.67554,17.11616,0],[81.6807,17.09484,0],[81.69703,17.08557,0],[81.72265,17.051,0],[81.74916,17.0653,0],[81.76145,17.07832,0],[81.77697,17.07621,0],[81.78511,17.06558,0],[81.78417,17.03017,0],[81.80856,17.02466,0],[81.82371,17.00337,0],[81.84599,16.99701,0],[81.84925,16.98894,0],[81.84635,16.97469,0],[81.82847,16.96003,0],[81.83293,16.94858,0],[81.82631,16.93859,0],[81.82823,16.93387,0],[81.84015,16.9248,0],[81.85686,16.92404,0],[81.86488,16.93583,0],[81.88245,16.94551,0],[81.89836,16.94583,0],[81.9156,16.96966,0],[81.92113,16.97014,0],[81.93415,16.95393,0],[81.93686,16.93985,0],[81.96162,16.94921,0],[81.96549,16.97015,0],[81.98189,16.98708,0],[81.95964,16.98943,0],[81.92997,17.0228,0],[81.93344,17.02939,0],[81.9647,17.04546,0],[81.94157,17.06817,0],[81.92908,17.06991,0],[81.92456,17.05604,0],[81.9177,17.05536,0],[81.91566,17.07637,0],[81.91947,17.0957,0],[81.91287,17.13302,0],[81.90645,17.14327,0],[81.91006,17.15198,0],[81.90239,17.16808,0],[81.90476,17.18038,0],[81.88082,17.17376,0],[81.86598,17.18368,0],[81.82053,17.1757,0],[81.81749,17.18164,0],[81.80747,17.18434,0],[81.80935,17.19993,0],[81.78312,17.20289,0],[81.77003,17.23751,0],[81.76259,17.23622,0],[81.75137,17.22442,0],[81.72328,17.22481,0],[81.7105,17.21609,0],[81.69995,17.2258,0],[81.6914,17.22413,0],[81.68305,17.25569,0],[81.66423,17.26053,0],[81.65727,17.26831,0]]]}},{"type":"Feature","properties":{"stroke":"#ff0000","stroke-opacity":1,"fill-opacity":0,"ST_CODE":"28","ST_NAME":"ANDHRA PRADESH","DT_CODE":"14","DIST_NAME":"EAST GODAVARI","AC_NO":37,"AC_NAME":"Pithapuram","PC_NO":"23","PC_NAME":"KAKINADA","PC_ID":"2823","Shape_Leng":"90369.14727420000","Shape_Area":"359059653.00800002000","MaxSimpTol":"300.00000000000","MinSimpTol":"300.00000000000","visibility":"0","STATUS":"Post bifurcation 2014, renumbered to 2019 seats"},"geometry":{"type":"Polygon","coordinates":[[[82.28594,17.23387,0],[82.2866,17.24672,0],[82.27988,17.25017,0],[82.2692,17.23699,0],[82.23824,17.2339,0],[82.22867,17.21909,0],[82.20127,17.21436,0],[82.19597,17.19618,0],[82.19996,17.1789,0],[82.18142,17.14759,0],[82.1637,17.1295,0],[82.17685,17.08539,0],[82.19673,17.08207,0],[82.22428,17.09066,0],[82.26014,17.06769,0],[82.26898,17.05933,0],[82.29243,17.05312,0],[82.30704,17.04238,0],[82.44415,17.1755,0],[82.42828,17.19314,0],[82.40114,17.16483,0],[82.37422,17.17759,0],[82.36532,17.18423,0],[82.35852,17.19898,0],[82.35415,17.232,0],[82.34199,17.23448,0],[82.31974,17.21977,0],[82.31567,17.21994,0],[82.30915,17.23218,0],[82.28594,17.23387,0]]]}},{"type":"Feature","properties":{"stroke":"#ff0000","stroke-opacity":1,"fill-opacity":0,"ST_CODE":"28","ST_NAME":"ANDHRA PRADESH","DT_CODE":"15","DIST_NAME":"WEST GODAVARI","AC_NO":68,"AC_NAME":"Chintalapudi (SC)","PC_NO":"27","PC_NAME":"ELURU","PC_ID":"2827","Shape_Leng":"272080.08486499998","Shape_Area":"925157948.57000005000","MaxSimpTol":"300.00000000000","MinSimpTol":"300.00000000000","visibility":"0","STATUS":"Post bifurcation 2014, renumbered to 2019 seats"},"geometry":{"type":"Polygon","coordinates":[[[80.94296,17.21842,0],[80.93539,17.22022,0],[80.91891,17.21994,0],[80.91655,17.21583,0],[80.91814,17.19005,0],[80.92549,17.18356,0],[80.92385,17.15774,0],[80.90964,17.15393,0],[80.87947,17.16057,0],[80.87962,17.13436,0],[80.86795,17.12334,0],[80.87634,17.10558,0],[80.86751,17.08063,0],[80.87698,17.07021,0],[80.8858,17.07169,0],[80.89756,17.06566,0],[80.90713,17.07083,0],[80.91822,17.06501,0],[80.92716,17.07133,0],[80.94295,17.06708,0],[80.96093,17.04648,0],[80.96426,17.03291,0],[80.96002,17.01237,0],[80.95155,16.9975,0],[80.95215,16.99067,0],[80.93608,16.98273,0],[80.93837,16.97335,0],[80.93416,16.9599,0],[80.95626,16.93631,0],[80.95792,16.92497,0],[80.96259,16.92161,0],[80.96092,16.91274,0],[80.9678,16.89905,0],[80.97523,16.89567,0],[80.98304,16.87425,0],[81.00312,16.86609,0],[81.02197,16.871,0],[81.03864,16.86458,0],[81.05619,16.86804,0],[81.06289,16.88615,0],[81.08715,16.9131,0],[81.1233,16.90535,0],[81.15628,16.87966,0],[81.1862,16.87279,0],[81.1768,16.88446,0],[81.17802,16.88984,0],[81.19959,16.89349,0],[81.21036,16.92472,0],[81.20362,16.93921,0],[81.20493,16.96486,0],[81.21124,16.96952,0],[81.23303,16.96454,0],[81.23718,16.96756,0],[81.25579,17.02403,0],[81.27295,17.02211,0],[81.27909,17.01101,0],[81.29117,17.005,0],[81.29812,17.00952,0],[81.30515,17.03379,0],[81.31256,17.04172,0],[81.32452,17.04267,0],[81.33252,17.0486,0],[81.3448,17.04634,0],[81.3457,17.05375,0],[81.35835,17.05392,0],[81.36184,17.06793,0],[81.37494,17.07097,0],[81.37904,17.07846,0],[81.40032,17.08931,0],[81.40297,17.10892,0],[81.39078,17.11659,0],[81.37407,17.11935,0],[81.36396,17.11154,0],[81.33972,17.11205,0],[81.33132,17.10528,0],[81.31975,17.10408,0],[81.3074,17.12476,0],[81.32104,17.14284,0],[81.28937,17.15119,0],[81.27952,17.17534,0],[81.2822,17.19343,0],[81.27648,17.19732,0],[81.26494,17.18814,0],[81.27305,17.16868,0],[81.27164,17.16264,0],[81.26033,17.1699,0],[81.24621,17.16775,0],[81.24113,17.16074,0],[81.23027,17.16159,0],[81.22432,17.14683,0],[81.21793,17.14491,0],[81.20143,17.17094,0],[81.18683,17.17474,0],[81.17568,17.16582,0],[81.1728,17.14013,0],[81.15155,17.15186,0],[81.14582,17.15321,0],[81.14132,17.149,0],[81.1549,17.12391,0],[81.19717,17.11148,0],[81.20852,17.09426,0],[81.22387,17.08847,0],[81.2327,17.06111,0],[81.22467,17.03632,0],[81.19173,17.0405,0],[81.17509,17.03269,0],[81.15679,17.04083,0],[81.13692,17.03088,0],[81.11561,17.03357,0],[81.11285,17.01927,0],[81.09822,17.00749,0],[81.09345,16.98591,0],[81.08297,16.98361,0],[81.0732,16.99359,0],[81.05771,16.9913,0],[81.06654,17.01555,0],[81.07355,17.0201,0],[81.07072,17.03873,0],[81.04356,17.04097,0],[81.0215,17.03549,0],[81.01951,17.05577,0],[81.01006,17.06493,0],[81.0173,17.08451,0],[81.03892,17.0817,0],[81.04531,17.09038,0],[81.04765,17.1192,0],[81.03408,17.12717,0],[81.03597,17.14162,0],[81.02964,17.15749,0],[81.03916,17.1741,0],[81.032,17.1921,0],[81.01251,17.1948,0],[80.99841,17.19065,0],[80.97544,17.20082,0],[80.96774,17.19873,0],[80.96821,17.20313,0],[80.95893,17.20526,0],[80.94296,17.21842,0]]]}},{"type":"Feature","properties":{"stroke":"#ff0000","stroke-opacity":1,"fill-opacity":0,"ST_CODE":"28","ST_NAME":"ANDHRA PRADESH","DT_CODE":"15","DIST_NAME":"WEST GODAVARI","AC_NO":66,"AC_NAME":"Gopalapuram (SC)","PC_NO":"25","PC_NAME":"RAJAHMUNDRY","PC_ID":"2825","Shape_Leng":"201358.80775400001","Shape_Area":"882619029.39100003000","MaxSimpTol":"300.00000000000","MinSimpTol":"300.00000000000","visibility":"0","STATUS":"Post bifurcation 2014, renumbered to 2019 seats"},"geometry":{"type":"Polygon","coordinates":[[[81.57122,17.19914,0],[81.56083,17.2003,0],[81.54469,17.21089,0],[81.52879,17.20346,0],[81.51807,17.18988,0],[81.49427,17.18611,0],[81.46646,17.16994,0],[81.47751,17.14123,0],[81.46738,17.13219,0],[81.46602,17.11364,0],[81.44751,17.09988,0],[81.44845,17.07213,0],[81.42609,17.06087,0],[81.43115,17.04187,0],[81.44761,17.03271,0],[81.45028,17.00711,0],[81.44619,17.00133,0],[81.43404,17.01109,0],[81.42173,17.03714,0],[81.41534,17.04191,0],[81.39153,17.0414,0],[81.38763,17.03294,0],[81.37047,17.02971,0],[81.35778,17.02111,0],[81.34752,17.0265,0],[81.3448,17.04634,0],[81.33252,17.0486,0],[81.32452,17.04267,0],[81.31256,17.04172,0],[81.30515,17.03379,0],[81.29812,17.00952,0],[81.29117,17.005,0],[81.27909,17.01101,0],[81.27295,17.02211,0],[81.25579,17.02403,0],[81.23718,16.96756,0],[81.23303,16.96454,0],[81.21124,16.96952,0],[81.20493,16.96486,0],[81.20362,16.93921,0],[81.21036,16.92472,0],[81.19959,16.89349,0],[81.17802,16.88984,0],[81.1768,16.88446,0],[81.1862,16.87279,0],[81.20799,16.86578,0],[81.21208,16.84786,0],[81.21863,16.8461,0],[81.24387,16.84626,0],[81.24935,16.82458,0],[81.25564,16.81776,0],[81.26878,16.82329,0],[81.26735,16.84837,0],[81.27016,16.85175,0],[81.28303,16.85123,0],[81.29007,16.84584,0],[81.28649,16.82956,0],[81.29604,16.82222,0],[81.32247,16.82827,0],[81.35279,16.86932,0],[81.35623,16.88962,0],[81.36254,16.8978,0],[81.38096,16.89989,0],[81.4038,16.89288,0],[81.44645,16.89744,0],[81.45784,16.89249,0],[81.47386,16.89431,0],[81.48143,16.90081,0],[81.48297,16.94098,0],[81.49161,16.95872,0],[81.51065,16.94229,0],[81.5336,16.94274,0],[81.53469,16.95269,0],[81.56319,16.95442,0],[81.57272,16.97542,0],[81.59249,16.97792,0],[81.5996,16.99585,0],[81.59853,17.01123,0],[81.62921,17.01787,0],[81.63883,17.0149,0],[81.64346,17.01861,0],[81.64447,17.04397,0],[81.60841,17.06319,0],[81.61128,17.06876,0],[81.6296,17.07011,0],[81.62929,17.07852,0],[81.62294,17.08228,0],[81.60749,17.08058,0],[81.60962,17.10075,0],[81.59203,17.1074,0],[81.58586,17.1181,0],[81.58522,17.153,0],[81.60017,17.15503,0],[81.61303,17.16791,0],[81.61046,17.17529,0],[81.59785,17.17425,0],[81.58921,17.18492,0],[81.59618,17.19901,0],[81.57122,17.19914,0]]]}},{"type":"Feature","properties":{"stroke":"#ff0000","stroke-opacity":1,"fill-opacity":0,"ST_CODE":"28","ST_NAME":"ANDHRA PRADESH","DT_CODE":"14","DIST_NAME":"EAST GODAVARI","AC_NO":39,"AC_NAME":"Peddapuram","PC_NO":"23","PC_NAME":"KAKINADA","PC_ID":"2823","Shape_Leng":"85498.99876120000","Shape_Area":"273431320.01599997000","MaxSimpTol":"300.00000000000","MinSimpTol":"300.00000000000","visibility":"0","STATUS":"Post bifurcation 2014, renumbered to 2019 seats"},"geometry":{"type":"Polygon","coordinates":[[[82.18142,17.14759,0],[82.13502,17.16707,0],[82.12222,17.17015,0],[82.11192,17.16686,0],[82.09706,17.1311,0],[82.08754,17.12672,0],[82.08166,17.11763,0],[82.07668,17.08489,0],[82.07239,17.07835,0],[82.0569,17.07132,0],[82.05783,17.05551,0],[82.06857,17.05561,0],[82.07159,17.03014,0],[82.0713,17.02376,0],[82.05462,17.00917,0],[82.05622,16.98857,0],[82.0647,16.96717,0],[82.0739,16.95654,0],[82.08824,16.95824,0],[82.09546,16.96716,0],[82.10574,16.96883,0],[82.11287,16.98299,0],[82.13747,16.9802,0],[82.15117,16.98299,0],[82.16395,16.99315,0],[82.17993,16.98021,0],[82.19995,16.98579,0],[82.20226,16.99481,0],[82.19207,16.99854,0],[82.19441,17.01079,0],[82.20281,17.01547,0],[82.2311,17.01472,0],[82.22893,17.04076,0],[82.26014,17.06769,0],[82.22428,17.09066,0],[82.19673,17.08207,0],[82.17685,17.08539,0],[82.1637,17.1295,0],[82.18142,17.14759,0]]]}},{"type":"Feature","properties":{"stroke":"#ff0000","stroke-opacity":1,"fill-opacity":0,"ST_CODE":"28","ST_NAME":"ANDHRA PRADESH","DT_CODE":"15","DIST_NAME":"WEST GODAVARI","AC_NO":54,"AC_NAME":"Kovvur (SC)","PC_NO":"25","PC_NAME":"RAJAHMUNDRY","PC_ID":"2825","Shape_Leng":"98090.74924890000","Shape_Area":"302863373.29699999000","MaxSimpTol":"300.00000000000","MinSimpTol":"300.00000000000","visibility":"0","STATUS":"Post bifurcation 2014, renumbered to 2019 seats"},"geometry":{"type":"Polygon","coordinates":[[[81.61303,17.16791,0],[81.60017,17.15503,0],[81.58522,17.153,0],[81.58586,17.1181,0],[81.59203,17.1074,0],[81.60962,17.10075,0],[81.60749,17.08058,0],[81.62294,17.08228,0],[81.62929,17.07852,0],[81.6296,17.07011,0],[81.61128,17.06876,0],[81.60841,17.06319,0],[81.64447,17.04397,0],[81.64346,17.01861,0],[81.63883,17.0149,0],[81.62921,17.01787,0],[81.59853,17.01123,0],[81.5996,16.99585,0],[81.59249,16.97792,0],[81.57272,16.97542,0],[81.56319,16.95442,0],[81.58296,16.93203,0],[81.59133,16.92853,0],[81.60079,16.93095,0],[81.60387,16.9227,0],[81.62322,16.92592,0],[81.6383,16.92223,0],[81.65347,16.92922,0],[81.66237,16.9185,0],[81.67746,16.9193,0],[81.68397,16.90932,0],[81.68863,16.91088,0],[81.69003,16.92009,0],[81.69788,16.92176,0],[81.72442,16.91495,0],[81.72917,16.94438,0],[81.74485,16.96522,0],[81.74278,17.00178,0],[81.73994,17.01444,0],[81.73159,17.02001,0],[81.72418,17.03717,0],[81.72265,17.051,0],[81.69703,17.08557,0],[81.6807,17.09484,0],[81.67554,17.11616,0],[81.66478,17.13359,0],[81.66353,17.15166,0],[81.6446,17.15176,0],[81.61303,17.16791,0]]]}},{"type":"Feature","properties":{"stroke":"#ff0000","stroke-opacity":1,"fill-opacity":0,"ST_CODE":"28","ST_NAME":"ANDHRA PRADESH","DT_CODE":"16","DIST_NAME":"KRISHNA","AC_NO":69,"AC_NAME":"Tiruvuru (SC)","PC_NO":"29","PC_NAME":"VIJAYAWADA","PC_ID":"2829","Shape_Leng":"192755.32080099999","Shape_Area":"776360750.87500000000","MaxSimpTol":"300.00000000000","MinSimpTol":"300.00000000000","visibility":"0","STATUS":"Post bifurcation 2014, renumbered to 2019 seats"},"geometry":{"type":"Polygon","coordinates":[[[80.39442,17.07645,0],[80.38573,17.06711,0],[80.3985,17.05265,0],[80.39576,17.03577,0],[80.40748,17.02588,0],[80.40704,17.01584,0],[80.38786,17.00931,0],[80.36501,16.97525,0],[80.44745,16.95593,0],[80.49333,16.9272,0],[80.49712,16.95467,0],[80.50512,16.9568,0],[80.5265,16.94779,0],[80.53542,16.96119,0],[80.58075,16.93734,0],[80.58434,16.92915,0],[80.60221,16.91879,0],[80.58685,16.9037,0],[80.59414,16.89987,0],[80.59496,16.88409,0],[80.61344,16.88027,0],[80.64959,16.86225,0],[80.65802,16.88521,0],[80.66958,16.8999,0],[80.66833,16.92965,0],[80.71199,16.89719,0],[80.71869,16.92913,0],[80.71058,16.9441,0],[80.71583,16.97167,0],[80.74712,16.97383,0],[80.77688,16.93643,0],[80.76685,16.91792,0],[80.7693,16.9012,0],[80.77518,16.89282,0],[80.79974,16.89139,0],[80.80435,16.9073,0],[80.83022,16.94551,0],[80.83031,17.00154,0],[80.82363,17.01306,0],[80.80544,17.0153,0],[80.79677,17.02713,0],[80.78401,17.03203,0],[80.7827,17.03771,0],[80.79664,17.06225,0],[80.76478,17.06693,0],[80.73886,17.07964,0],[80.69944,17.08379,0],[80.69509,17.07488,0],[80.67945,17.07232,0],[80.67323,17.067,0],[80.67109,17.07034,0],[80.65353,17.06894,0],[80.64972,17.07176,0],[80.65675,17.08929,0],[80.66802,17.09508,0],[80.6704,17.10121,0],[80.64182,17.11603,0],[80.64529,17.12346,0],[80.63684,17.12837,0],[80.61819,17.12856,0],[80.57997,17.15337,0],[80.56261,17.13319,0],[80.55412,17.1339,0],[80.52765,17.11926,0],[80.51395,17.12234,0],[80.51279,17.10923,0],[80.50415,17.09329,0],[80.51001,17.08719,0],[80.5055,17.06914,0],[80.49092,17.0513,0],[80.47136,17.05069,0],[80.46485,17.03035,0],[80.43862,17.03791,0],[80.43171,17.05585,0],[80.41703,17.07393,0],[80.41897,17.09235,0],[80.41213,17.09251,0],[80.39442,17.07645,0]]]}},{"type":"Feature","properties":{"stroke":"#ff0000","stroke-opacity":1,"fill-opacity":0,"ST_CODE":"28","ST_NAME":"ANDHRA PRADESH","DT_CODE":"14","DIST_NAME":"EAST GODAVARI","AC_NO":40,"AC_NAME":"Anaparthy","PC_NO":"25","PC_NAME":"RAJAHMUNDRY","PC_ID":"2825","Shape_Leng":"142182.85761800001","Shape_Area":"449096986.36699998000","MaxSimpTol":"300.00000000000","MinSimpTol":"300.00000000000","visibility":"0","STATUS":"Post bifurcation 2014, renumbered to 2019 seats"},"geometry":{"type":"Polygon","coordinates":[[[81.91947,17.0957,0],[81.91566,17.07637,0],[81.9177,17.05536,0],[81.92456,17.05604,0],[81.92908,17.06991,0],[81.94157,17.06817,0],[81.9647,17.04546,0],[81.93344,17.02939,0],[81.92997,17.0228,0],[81.95964,16.98943,0],[81.98189,16.98708,0],[81.96549,16.97015,0],[81.96162,16.94921,0],[81.93686,16.93985,0],[81.94032,16.89451,0],[81.95799,16.874,0],[81.9527,16.85966,0],[81.95908,16.8465,0],[81.95354,16.82029,0],[81.96303,16.80513,0],[81.96801,16.80254,0],[81.97117,16.81104,0],[81.97449,16.84377,0],[81.98384,16.84511,0],[81.98931,16.86697,0],[82.00417,16.89461,0],[82.01223,16.89518,0],[82.02456,16.88251,0],[82.03777,16.88365,0],[82.052,16.85714,0],[82.07429,16.86754,0],[82.09083,16.86545,0],[82.09955,16.86631,0],[82.10383,16.87279,0],[82.11493,16.87411,0],[82.12391,16.88219,0],[82.13308,16.87815,0],[82.14169,16.8817,0],[82.14807,16.89259,0],[82.14942,16.91648,0],[82.16492,16.93313,0],[82.18582,16.9376,0],[82.20097,16.95945,0],[82.19995,16.98579,0],[82.17993,16.98021,0],[82.16395,16.99315,0],[82.15117,16.98299,0],[82.13747,16.9802,0],[82.11287,16.98299,0],[82.10574,16.96883,0],[82.09546,16.96716,0],[82.08824,16.95824,0],[82.0739,16.95654,0],[82.0647,16.96717,0],[82.05622,16.98857,0],[82.05462,17.00917,0],[82.0713,17.02376,0],[82.07159,17.03014,0],[82.06857,17.05561,0],[82.05783,17.05551,0],[82.0569,17.07132,0],[82.04312,17.07722,0],[82.04217,17.08591,0],[82.03462,17.09311,0],[81.9941,17.11305,0],[81.96442,17.11594,0],[81.9331,17.09845,0],[81.91947,17.0957,0]]]}},{"type":"Feature","properties":{"stroke":"#ff0000","stroke-opacity":1,"fill-opacity":0,"ST_CODE":"28","ST_NAME":"ANDHRA PRADESH","DT_CODE":"14","DIST_NAME":"EAST GODAVARI","AC_NO":50,"AC_NAME":"Rajahmundry City","PC_NO":"25","PC_NAME":"RAJAHMUNDRY","PC_ID":"2825","Shape_Leng":"40315.18219140000","Shape_Area":"68390089.89059999600","MaxSimpTol":"300.00000000000","MinSimpTol":"300.00000000000","visibility":"0","STATUS":"Post bifurcation 2014, renumbered to 2019 seats"},"geometry":{"type":"Polygon","coordinates":[[[81.72265,17.051,0],[81.72418,17.03717,0],[81.73159,17.02001,0],[81.73994,17.01444,0],[81.74278,17.00178,0],[81.7587,17.00042,0],[81.77347,16.99221,0],[81.78147,16.97523,0],[81.78572,16.94659,0],[81.79805,16.96772,0],[81.81886,16.98703,0],[81.82371,17.00337,0],[81.80856,17.02466,0],[81.78417,17.03017,0],[81.78511,17.06558,0],[81.77697,17.07621,0],[81.76145,17.07832,0],[81.74916,17.0653,0],[81.72265,17.051,0]]]}},{"type":"Feature","properties":{"stroke":"#ff0000","stroke-opacity":1,"fill-opacity":0,"ST_CODE":"28","ST_NAME":"ANDHRA PRADESH","DT_CODE":"16","DIST_NAME":"KRISHNA","AC_NO":70,"AC_NAME":"Nuzvid","PC_NO":"27","PC_NAME":"ELURU","PC_ID":"2827","Shape_Leng":"203804.46344100000","Shape_Area":"954781727.22700000000","MaxSimpTol":"300.00000000000","MinSimpTol":"300.00000000000","visibility":"0","STATUS":"Post bifurcation 2014, renumbered to 2019 seats"},"geometry":{"type":"Polygon","coordinates":[[[80.8452,17.03963,0],[80.83352,17.05091,0],[80.79664,17.06225,0],[80.7827,17.03771,0],[80.78401,17.03203,0],[80.79677,17.02713,0],[80.80544,17.0153,0],[80.82363,17.01306,0],[80.83031,17.00154,0],[80.83022,16.94551,0],[80.80435,16.9073,0],[80.79974,16.89139,0],[80.80942,16.85889,0],[80.80845,16.83984,0],[80.81824,16.82746,0],[80.82554,16.7927,0],[80.81631,16.79217,0],[80.77789,16.8142,0],[80.76201,16.77861,0],[80.74707,16.75711,0],[80.73957,16.72656,0],[80.72584,16.71952,0],[80.70808,16.69962,0],[80.69439,16.68299,0],[80.69275,16.65646,0],[80.69454,16.63548,0],[80.70703,16.62703,0],[80.7434,16.62747,0],[80.76396,16.63423,0],[80.78394,16.63278,0],[80.79456,16.64675,0],[80.80598,16.64642,0],[80.81791,16.6549,0],[80.81646,16.67643,0],[80.82299,16.68019,0],[80.82641,16.6772,0],[80.82506,16.65218,0],[80.8363,16.64572,0],[80.841,16.61883,0],[80.85566,16.61874,0],[80.86672,16.63041,0],[80.88523,16.62228,0],[80.89219,16.63202,0],[80.88544,16.64353,0],[80.88939,16.66019,0],[80.896,16.67168,0],[80.90884,16.67715,0],[80.93172,16.70326,0],[80.94358,16.69598,0],[80.94092,16.68235,0],[80.95425,16.67112,0],[80.97596,16.66538,0],[80.99547,16.63587,0],[81.0111,16.63665,0],[81.01857,16.65049,0],[80.9987,16.66492,0],[81.00731,16.67242,0],[80.98985,16.68163,0],[80.98148,16.72357,0],[80.98935,16.72201,0],[80.99329,16.72743,0],[81.00071,16.75248,0],[81.01729,16.77706,0],[81.02715,16.77655,0],[81.03223,16.78279,0],[81.04276,16.7855,0],[81.03681,16.80799,0],[81.0246,16.80786,0],[81.01638,16.82144,0],[80.99841,16.82647,0],[80.99958,16.83707,0],[80.98304,16.87425,0],[80.97523,16.89567,0],[80.9678,16.89905,0],[80.96092,16.91274,0],[80.96259,16.92161,0],[80.95792,16.92497,0],[80.95626,16.93631,0],[80.93416,16.9599,0],[80.93837,16.97335,0],[80.93608,16.98273,0],[80.95215,16.99067,0],[80.95155,16.9975,0],[80.96002,17.01237,0],[80.96426,17.03291,0],[80.96093,17.04648,0],[80.94295,17.06708,0],[80.92716,17.07133,0],[80.91822,17.06501,0],[80.90713,17.07083,0],[80.89756,17.06566,0],[80.8858,17.07169,0],[80.87698,17.07021,0],[80.8452,17.03963,0]]]}},{"type":"Feature","properties":{"stroke":"#ff0000","stroke-opacity":1,"fill-opacity":0,"ST_CODE":"28","ST_NAME":"ANDHRA PRADESH","DT_CODE":"14","DIST_NAME":"EAST GODAVARI","AC_NO":38,"AC_NAME":"Kakinada Rural","PC_NO":"23","PC_NAME":"KAKINADA","PC_ID":"2823","Shape_Leng":"103177.01757600000","Shape_Area":"216187586.91400000000","MaxSimpTol":"300.00000000000","MinSimpTol":"300.00000000000","visibility":"0","STATUS":"Post bifurcation 2014, renumbered to 2019 seats"},"geometry":{"type":"Polygon","coordinates":[[[82.26014,17.06769,0],[82.22893,17.04076,0],[82.2311,17.01472,0],[82.20281,17.01547,0],[82.19441,17.01079,0],[82.19207,16.99854,0],[82.20226,16.99481,0],[82.19995,16.98579,0],[82.20097,16.95945,0],[82.18582,16.9376,0],[82.16492,16.93313,0],[82.14942,16.91648,0],[82.14807,16.89259,0],[82.14169,16.8817,0],[82.13308,16.87815,0],[82.12391,16.88219,0],[82.11493,16.87411,0],[82.10383,16.87279,0],[82.09955,16.86631,0],[82.09083,16.86545,0],[82.10146,16.84932,0],[82.08601,16.8349,0],[82.09332,16.82112,0],[82.10749,16.82804,0],[82.1285,16.80788,0],[82.13408,16.80783,0],[82.14279,16.81667,0],[82.1501,16.83115,0],[82.14817,16.84794,0],[82.15148,16.85296,0],[82.17665,16.84514,0],[82.19564,16.84499,0],[82.20239,16.87017,0],[82.21441,16.86797,0],[82.23081,16.89209,0],[82.2524,16.89579,0],[82.24824,16.90476,0],[82.24954,16.93559,0],[82.22707,16.93853,0],[82.22338,16.94808,0],[82.23423,16.95669,0],[82.25595,16.94166,0],[82.2575,16.93723,0],[82.27069,16.94092,0],[82.27787,16.95077,0],[82.27136,16.94803,0],[82.26861,16.95462,0],[82.28849,17.01489,0],[82.30704,17.04238,0],[82.29243,17.05312,0],[82.26898,17.05933,0],[82.26014,17.06769,0]]]}},{"type":"Feature","properties":{"stroke":"#ff0000","stroke-opacity":1,"fill-opacity":0,"ST_CODE":"28","ST_NAME":"ANDHRA PRADESH","DT_CODE":"16","DIST_NAME":"KRISHNA","AC_NO":84,"AC_NAME":"Jaggayyapeta","PC_NO":"29","PC_NAME":"VIJAYAWADA","PC_ID":"2829","Shape_Leng":"120335.48089000001","Shape_Area":"618955748.49199998000","MaxSimpTol":"300.00000000000","MinSimpTol":"300.00000000000","visibility":"0","STATUS":"Post bifurcation 2014, renumbered to 2019 seats"},"geometry":{"type":"Polygon","coordinates":[[[80.05629,16.97078,0],[80.05761,16.96365,0],[80.04812,16.94943,0],[80.05142,16.93829,0],[80.0405,16.91966,0],[80.01715,16.91729,0],[80.01396,16.9039,0],[80.00233,16.87136,0],[80.00375,16.86172,0],[80.01806,16.8537,0],[80.04663,16.85321,0],[80.04822,16.83289,0],[80.07292,16.8182,0],[80.11365,16.82327,0],[80.12577,16.80821,0],[80.1315,16.78849,0],[80.14274,16.78682,0],[80.15975,16.79305,0],[80.17016,16.78359,0],[80.17603,16.78378,0],[80.18244,16.79344,0],[80.20167,16.79553,0],[80.23474,16.79157,0],[80.25016,16.79767,0],[80.26688,16.79369,0],[80.27218,16.79589,0],[80.27444,16.80805,0],[80.30183,16.80686,0],[80.30762,16.81599,0],[80.29448,16.83302,0],[80.29459,16.84277,0],[80.30961,16.84448,0],[80.31895,16.85154,0],[80.32601,16.8614,0],[80.32179,16.8793,0],[80.32456,16.90607,0],[80.31271,16.91744,0],[80.31616,16.94862,0],[80.30328,16.95425,0],[80.30733,16.97365,0],[80.29304,16.97694,0],[80.29407,16.99592,0],[80.28311,17.00782,0],[80.27047,17.00431,0],[80.26411,16.99755,0],[80.2404,17.00247,0],[80.22616,17.01564,0],[80.22287,17.00816,0],[80.21143,17.0106,0],[80.20206,17.01735,0],[80.19959,17.02654,0],[80.2041,17.03833,0],[80.19646,17.04408,0],[80.1873,17.02,0],[80.17018,17.01687,0],[80.16777,17.00563,0],[80.15337,17.00699,0],[80.14051,16.99035,0],[80.12049,16.99184,0],[80.12026,16.98787,0],[80.09542,16.9904,0],[80.09136,16.96828,0],[80.05629,16.97078,0]]]}},{"type":"Feature","properties":{"stroke":"#ff0000","stroke-opacity":1,"fill-opacity":0,"ST_CODE":"28","ST_NAME":"ANDHRA PRADESH","DT_CODE":"14","DIST_NAME":"EAST GODAVARI","AC_NO":51,"AC_NAME":"Rajahmundry Rural","PC_NO":"25","PC_NAME":"RAJAHMUNDRY","PC_ID":"2825","Shape_Leng":"55609.85091630000","Shape_Area":"102306987.10900000000","MaxSimpTol":"300.00000000000","MinSimpTol":"300.00000000000","visibility":"0","STATUS":"Post bifurcation 2014, renumbered to 2019 seats"},"geometry":{"type":"Polygon","coordinates":[[[81.78572,16.94659,0],[81.80996,16.84171,0],[81.84171,16.84976,0],[81.85212,16.84377,0],[81.8563,16.82388,0],[81.86411,16.82263,0],[81.86901,16.8285,0],[81.86807,16.85233,0],[81.88011,16.85817,0],[81.88371,16.87587,0],[81.87092,16.88012,0],[81.86914,16.90167,0],[81.85686,16.92404,0],[81.84015,16.9248,0],[81.82823,16.93387,0],[81.82631,16.93859,0],[81.83293,16.94858,0],[81.82847,16.96003,0],[81.84635,16.97469,0],[81.84925,16.98894,0],[81.84599,16.99701,0],[81.82371,17.00337,0],[81.81886,16.98703,0],[81.79805,16.96772,0],[81.78572,16.94659,0]]]}},{"type":"Feature","properties":{"stroke":"#ff0000","stroke-opacity":1,"fill-opacity":0,"ST_CODE":"28","ST_NAME":"ANDHRA PRADESH","DT_CODE":"14","DIST_NAME":"EAST GODAVARI","AC_NO":47,"AC_NAME":"Kothapeta","PC_NO":"24","PC_NAME":"AMALAPURAM (SC)","PC_ID":"2824","Shape_Leng":"122700.02565600000","Shape_Area":"405569208.71899998000","MaxSimpTol":"300.00000000000","MinSimpTol":"300.00000000000","visibility":"0","STATUS":"Post bifurcation 2014, renumbered to 2019 seats"},"geometry":{"type":"Polygon","coordinates":[[[81.74278,17.00178,0],[81.74485,16.96522,0],[81.72917,16.94438,0],[81.72442,16.91495,0],[81.73121,16.91423,0],[81.73318,16.88008,0],[81.74667,16.8666,0],[81.75159,16.85113,0],[81.75328,16.82486,0],[81.74655,16.81137,0],[81.75008,16.8055,0],[81.74454,16.79346,0],[81.76502,16.76149,0],[81.79085,16.74548,0],[81.79483,16.73307,0],[81.785,16.70934,0],[81.80215,16.69401,0],[81.8446,16.64121,0],[81.88235,16.65081,0],[81.88329,16.66358,0],[81.89291,16.66772,0],[81.91733,16.66851,0],[81.9206,16.65655,0],[81.93534,16.65758,0],[81.95958,16.67234,0],[81.96307,16.68283,0],[81.96629,16.70304,0],[81.93781,16.71376,0],[81.91512,16.71589,0],[81.88599,16.74806,0],[81.91222,16.75104,0],[81.92618,16.76661,0],[81.93167,16.79334,0],[81.91924,16.79815,0],[81.91431,16.81421,0],[81.86901,16.8285,0],[81.86411,16.82263,0],[81.8563,16.82388,0],[81.85212,16.84377,0],[81.84171,16.84976,0],[81.80996,16.84171,0],[81.78572,16.94659,0],[81.78147,16.97523,0],[81.77347,16.99221,0],[81.7587,17.00042,0],[81.74278,17.00178,0]]]}},{"type":"Feature","properties":{"stroke":"#ff0000","stroke-opacity":1,"fill-opacity":0,"ST_CODE":"28","ST_NAME":"ANDHRA PRADESH","DT_CODE":"14","DIST_NAME":"EAST GODAVARI","AC_NO":43,"AC_NAME":"Mummidivaram","PC_NO":"24","PC_NAME":"AMALAPURAM (SC)","PC_ID":"2824","Shape_Leng":"263521.88310899999","Shape_Area":"720304134.82799995000","MaxSimpTol":"300.00000000000","MinSimpTol":"150.00000000000","visibility":"0","STATUS":"Post bifurcation 2014, renumbered to 2019 seats"},"geometry":{"type":"GeometryCollection","geometries":[{"type":"Polygon","coordinates":[[[82.32033,16.56567,0],[82.32,16.56694,0],[82.31959,16.56616,0],[82.32033,16.56567,0]]]},{"type":"Polygon","coordinates":[[[82.31958,16.56743,0],[82.31813,16.56722,0],[82.31903,16.56632,0],[82.31958,16.56743,0]]]},{"type":"Polygon","coordinates":[[[82.32056,16.56813,0],[82.32035,16.56858,0],[82.31978,16.56858,0],[82.32056,16.56813,0]]]},{"type":"Polygon","coordinates":[[[82.31942,16.57284,0],[82.31894,16.57566,0],[82.31512,16.57215,0],[82.31726,16.56773,0],[82.31942,16.57284,0]]]},{"type":"Polygon","coordinates":[[[82.34455,16.60691,0],[82.33561,16.59564,0],[82.32948,16.59513,0],[82.33128,16.59179,0],[82.33589,16.58954,0],[82.34455,16.60691,0]]]},{"type":"Polygon","coordinates":[[[82.33764,16.60463,0],[82.33674,16.61254,0],[82.33092,16.61799,0],[82.33699,16.60759,0],[82.33522,16.60455,0],[82.33063,16.6071,0],[82.33516,16.60287,0],[82.33764,16.60463,0]]]},{"type":"Polygon","coordinates":[[[82.35911,16.96209,0],[82.34131,16.98663,0],[82.32607,16.99123,0],[82.32476,16.98555,0],[82.33845,16.96515,0],[82.35151,16.95812,0],[82.35856,16.94068,0],[82.36274,16.91806,0],[82.36115,16.85459,0],[82.35816,16.86289,0],[82.35485,16.85131,0],[82.35224,16.8591,0],[82.3494,16.85057,0],[82.34461,16.85823,0],[82.33953,16.85437,0],[82.33918,16.86003,0],[82.33262,16.86384,0],[82.32178,16.8592,0],[82.32038,16.84907,0],[82.31421,16.84595,0],[82.30932,16.86723,0],[82.30244,16.87455,0],[82.29461,16.87198,0],[82.29188,16.8643,0],[82.2886,16.87668,0],[82.28322,16.86473,0],[82.28293,16.87743,0],[82.2752,16.86759,0],[82.26994,16.87235,0],[82.26565,16.87037,0],[82.26418,16.88261,0],[82.25874,16.889,0],[82.24826,16.87607,0],[82.25456,16.88617,0],[82.2524,16.89579,0],[82.23081,16.89209,0],[82.21441,16.86797,0],[82.20239,16.87017,0],[82.19564,16.84499,0],[82.20834,16.80895,0],[82.21122,16.78019,0],[82.22126,16.77215,0],[82.21906,16.76407,0],[82.19185,16.75281,0],[82.18165,16.73917,0],[82.16737,16.73516,0],[82.15918,16.7237,0],[82.15335,16.72553,0],[82.15187,16.73323,0],[82.14012,16.7342,0],[82.12421,16.71493,0],[82.12875,16.70961,0],[82.15687,16.71054,0],[82.16329,16.68189,0],[82.14959,16.67718,0],[82.12546,16.67798,0],[82.1054,16.68408,0],[82.06607,16.67284,0],[82.08735,16.66507,0],[82.08599,16.63214,0],[82.06741,16.61338,0],[82.04343,16.60367,0],[82.05193,16.59242,0],[82.06179,16.59167,0],[82.06866,16.58513,0],[82.07874,16.58998,0],[82.08655,16.58545,0],[82.09353,16.58734,0],[82.10936,16.57239,0],[82.12565,16.57493,0],[82.13498,16.57147,0],[82.1738,16.51122,0],[82.26035,16.55247,0],[82.29946,16.55601,0],[82.31283,16.56356,0],[82.31365,16.5588,0],[82.31342,16.56489,0],[82.31082,16.56767,0],[82.31372,16.57479,0],[82.32138,16.5809,0],[82.32124,16.57545,0],[82.32314,16.5778,0],[82.32996,16.62075,0],[82.31716,16.66199,0],[82.32904,16.67678,0],[82.36594,16.70684,0],[82.35951,16.71155,0],[82.35667,16.70661,0],[82.35522,16.71298,0],[82.34843,16.71623,0],[82.34428,16.74407,0],[82.35847,16.80966,0],[82.3662,16.87851,0],[82.36696,16.91134,0],[82.35911,16.96209,0]],[[82.226,16.75862,0],[82.22814,16.76073,0],[82.23198,16.75483,0],[82.2244,16.75304,0],[82.21748,16.73277,0],[82.24347,16.72227,0],[82.25806,16.72042,0],[82.27039,16.72193,0],[82.27597,16.7274,0],[82.28971,16.72667,0],[82.30549,16.74827,0],[82.31379,16.7294,0],[82.30915,16.71681,0],[82.29448,16.70454,0],[82.26747,16.69465,0],[82.23904,16.71629,0],[82.2038,16.71772,0],[82.19341,16.72163,0],[82.19496,16.73018,0],[82.18636,16.73,0],[82.18632,16.73708,0],[82.20558,16.73459,0],[82.21192,16.7511,0],[82.21986,16.75031,0],[82.2207,16.75751,0],[82.226,16.75862,0]]]}]}},{"type":"Feature","properties":{"stroke":"#ff0000","stroke-opacity":1,"fill-opacity":0,"ST_CODE":"28","ST_NAME":"ANDHRA PRADESH","DT_CODE":"16","DIST_NAME":"KRISHNA","AC_NO":82,"AC_NAME":"Mylavaram","PC_NO":"29","PC_NAME":"VIJAYAWADA","PC_ID":"2829","Shape_Leng":"179006.20488199999","Shape_Area":"796500400.12500000000","MaxSimpTol":"300.00000000000","MinSimpTol":"300.00000000000","visibility":"0","STATUS":"Post bifurcation 2014, renumbered to 2019 seats"},"geometry":{"type":"Polygon","coordinates":[[[80.74712,16.97383,0],[80.71583,16.97167,0],[80.71058,16.9441,0],[80.71869,16.92913,0],[80.71199,16.89719,0],[80.66833,16.92965,0],[80.66958,16.8999,0],[80.65802,16.88521,0],[80.64959,16.86225,0],[80.61344,16.88027,0],[80.59496,16.88409,0],[80.57765,16.87979,0],[80.56894,16.86968,0],[80.57027,16.84734,0],[80.56338,16.83326,0],[80.5653,16.82704,0],[80.57603,16.82641,0],[80.59453,16.80268,0],[80.61285,16.79386,0],[80.59704,16.79289,0],[80.57804,16.77973,0],[80.57013,16.76881,0],[80.55199,16.77505,0],[80.51632,16.77574,0],[80.5033,16.77986,0],[80.50195,16.75911,0],[80.51319,16.73101,0],[80.5112,16.71143,0],[80.5032,16.70809,0],[80.50008,16.69554,0],[80.48115,16.68347,0],[80.45657,16.64239,0],[80.42497,16.6231,0],[80.41031,16.5848,0],[80.46717,16.59071,0],[80.49848,16.57967,0],[80.52879,16.56291,0],[80.55402,16.54219,0],[80.56296,16.55124,0],[80.5788,16.59719,0],[80.58744,16.60569,0],[80.59895,16.60742,0],[80.61901,16.63171,0],[80.64365,16.64782,0],[80.66834,16.69376,0],[80.67805,16.70399,0],[80.68577,16.70138,0],[80.68684,16.6889,0],[80.6917,16.68924,0],[80.70196,16.70275,0],[80.70808,16.69962,0],[80.72584,16.71952,0],[80.73957,16.72656,0],[80.74707,16.75711,0],[80.76201,16.77861,0],[80.77789,16.8142,0],[80.81631,16.79217,0],[80.82554,16.7927,0],[80.81824,16.82746,0],[80.80845,16.83984,0],[80.80942,16.85889,0],[80.79974,16.89139,0],[80.77518,16.89282,0],[80.7693,16.9012,0],[80.76685,16.91792,0],[80.77688,16.93643,0],[80.74712,16.97383,0]]]}},{"type":"Feature","properties":{"stroke":"#ff0000","stroke-opacity":1,"fill-opacity":0,"ST_CODE":"28","ST_NAME":"ANDHRA PRADESH","DT_CODE":"14","DIST_NAME":"EAST GODAVARI","AC_NO":48,"AC_NAME":"Mandapeta","PC_NO":"24","PC_NAME":"AMALAPURAM (SC)","PC_ID":"2824","Shape_Leng":"128010.51130200000","Shape_Area":"289101635.99199998000","MaxSimpTol":"300.00000000000","MinSimpTol":"300.00000000000","visibility":"0","STATUS":"Post bifurcation 2014, renumbered to 2019 seats"},"geometry":{"type":"Polygon","coordinates":[[[81.93415,16.95393,0],[81.92113,16.97014,0],[81.9156,16.96966,0],[81.89836,16.94583,0],[81.88245,16.94551,0],[81.86488,16.93583,0],[81.85686,16.92404,0],[81.86914,16.90167,0],[81.87092,16.88012,0],[81.88371,16.87587,0],[81.88011,16.85817,0],[81.86807,16.85233,0],[81.86901,16.8285,0],[81.91431,16.81421,0],[81.91924,16.79815,0],[81.93167,16.79334,0],[81.92618,16.76661,0],[81.91222,16.75104,0],[81.88599,16.74806,0],[81.91512,16.71589,0],[81.93781,16.71376,0],[81.96629,16.70304,0],[81.96307,16.68283,0],[81.99241,16.67889,0],[81.99897,16.68465,0],[81.99442,16.70058,0],[82.01581,16.70542,0],[82.01568,16.72269,0],[81.99847,16.73342,0],[81.99339,16.74449,0],[81.98126,16.74718,0],[81.98072,16.75122,0],[82.0185,16.75995,0],[82.02813,16.79108,0],[82.02354,16.80445,0],[82.00749,16.82326,0],[82.02894,16.83179,0],[82.02428,16.85194,0],[82.03951,16.85093,0],[82.052,16.85714,0],[82.03777,16.88365,0],[82.02456,16.88251,0],[82.01223,16.89518,0],[82.00417,16.89461,0],[81.98931,16.86697,0],[81.98384,16.84511,0],[81.97449,16.84377,0],[81.97117,16.81104,0],[81.96801,16.80254,0],[81.96303,16.80513,0],[81.95354,16.82029,0],[81.95908,16.8465,0],[81.9527,16.85966,0],[81.95799,16.874,0],[81.94032,16.89451,0],[81.93686,16.93985,0],[81.93415,16.95393,0]]]}},{"type":"Feature","properties":{"stroke":"#ff0000","stroke-opacity":1,"fill-opacity":0,"ST_CODE":"28","ST_NAME":"ANDHRA PRADESH","DT_CODE":"15","DIST_NAME":"WEST GODAVARI","AC_NO":62,"AC_NAME":"Tadepalligudem","PC_NO":"26","PC_NAME":"NARSAPURAM","PC_ID":"2826","Shape_Leng":"100273.11683899999","Shape_Area":"331254899.86699998000","MaxSimpTol":"300.00000000000","MinSimpTol":"300.00000000000","visibility":"0","STATUS":"Post bifurcation 2014, renumbered to 2019 seats"},"geometry":{"type":"Polygon","coordinates":[[[81.5336,16.94274,0],[81.51065,16.94229,0],[81.49161,16.95872,0],[81.48297,16.94098,0],[81.48143,16.90081,0],[81.47386,16.89431,0],[81.45784,16.89249,0],[81.45554,16.88323,0],[81.46052,16.85814,0],[81.49173,16.80356,0],[81.49299,16.79175,0],[81.47386,16.78732,0],[81.46786,16.77121,0],[81.47097,16.75718,0],[81.44309,16.75308,0],[81.43607,16.74793,0],[81.44336,16.72181,0],[81.45929,16.72147,0],[81.478,16.73103,0],[81.49916,16.72169,0],[81.51253,16.73365,0],[81.52238,16.72859,0],[81.52911,16.73319,0],[81.53856,16.7305,0],[81.54796,16.75584,0],[81.55457,16.75886,0],[81.56288,16.74611,0],[81.56366,16.71702,0],[81.58941,16.7186,0],[81.59222,16.73075,0],[81.60619,16.74892,0],[81.60438,16.77425,0],[81.59536,16.78105,0],[81.60228,16.80136,0],[81.614,16.80603,0],[81.61536,16.81565,0],[81.62105,16.8198,0],[81.63837,16.81675,0],[81.65137,16.84315,0],[81.63564,16.85106,0],[81.61936,16.8876,0],[81.60299,16.89605,0],[81.57144,16.89755,0],[81.54853,16.91394,0],[81.5508,16.92566,0],[81.5336,16.94274,0]]]}},{"type":"Feature","properties":{"stroke":"#ff0000","stroke-opacity":1,"fill-opacity":0,"ST_CODE":"28","ST_NAME":"ANDHRA PRADESH","DT_CODE":"14","DIST_NAME":"EAST GODAVARI","AC_NO":41,"AC_NAME":"Kakinada City","PC_NO":"23","PC_NAME":"KAKINADA","PC_ID":"2823","Shape_Leng":"9550.73331426000","Shape_Area":"5701838.52343999970","MaxSimpTol":"300.00000000000","MinSimpTol":"300.00000000000","visibility":"0","STATUS":"Post bifurcation 2014, renumbered to 2019 seats"},"geometry":{"type":"Polygon","coordinates":[[[82.25595,16.94166,0],[82.23423,16.95669,0],[82.22338,16.94808,0],[82.22707,16.93853,0],[82.24954,16.93559,0],[82.2575,16.93723,0],[82.25595,16.94166,0]]]}},{"type":"Feature","properties":{"stroke":"#ff0000","stroke-opacity":1,"fill-opacity":0,"ST_CODE":"28","ST_NAME":"ANDHRA PRADESH","DT_CODE":"15","DIST_NAME":"WEST GODAVARI","AC_NO":55,"AC_NAME":"Nidadavole","PC_NO":"25","PC_NAME":"RAJAHMUNDRY","PC_ID":"2825","Shape_Leng":"111056.08929900000","Shape_Area":"292954364.49199998000","MaxSimpTol":"300.00000000000","MinSimpTol":"300.00000000000","visibility":"0","STATUS":"Post bifurcation 2014, renumbered to 2019 seats"},"geometry":{"type":"Polygon","coordinates":[[[81.56319,16.95442,0],[81.53469,16.95269,0],[81.5336,16.94274,0],[81.5508,16.92566,0],[81.54853,16.91394,0],[81.57144,16.89755,0],[81.60299,16.89605,0],[81.61936,16.8876,0],[81.63564,16.85106,0],[81.65137,16.84315,0],[81.63837,16.81675,0],[81.62656,16.79425,0],[81.63055,16.78229,0],[81.64342,16.77813,0],[81.64947,16.76976,0],[81.66896,16.76818,0],[81.67397,16.75776,0],[81.72401,16.75863,0],[81.72309,16.7235,0],[81.75061,16.70858,0],[81.75238,16.69509,0],[81.76204,16.68292,0],[81.76082,16.67079,0],[81.76666,16.66743,0],[81.77673,16.67594,0],[81.78876,16.67876,0],[81.80215,16.69401,0],[81.785,16.70934,0],[81.79483,16.73307,0],[81.79085,16.74548,0],[81.76502,16.76149,0],[81.74454,16.79346,0],[81.75008,16.8055,0],[81.74655,16.81137,0],[81.75328,16.82486,0],[81.75159,16.85113,0],[81.74667,16.8666,0],[81.73318,16.88008,0],[81.73121,16.91423,0],[81.72442,16.91495,0],[81.69788,16.92176,0],[81.69003,16.92009,0],[81.68863,16.91088,0],[81.68397,16.90932,0],[81.67746,16.9193,0],[81.66237,16.9185,0],[81.65347,16.92922,0],[81.6383,16.92223,0],[81.62322,16.92592,0],[81.60387,16.9227,0],[81.60079,16.93095,0],[81.59133,16.92853,0],[81.58296,16.93203,0],[81.56319,16.95442,0]]]}},{"type":"Feature","properties":{"stroke":"#ff0000","stroke-opacity":1,"fill-opacity":0,"ST_CODE":"28","ST_NAME":"ANDHRA PRADESH","DT_CODE":"15","DIST_NAME":"WEST GODAVARI","AC_NO":64,"AC_NAME":"Denduluru","PC_NO":"27","PC_NAME":"ELURU","PC_ID":"2827","Shape_Leng":"184266.52066000001","Shape_Area":"562714511.92999995000","MaxSimpTol":"300.00000000000","MinSimpTol":"300.00000000000","visibility":"0","STATUS":"Post bifurcation 2014, renumbered to 2019 seats"},"geometry":{"type":"Polygon","coordinates":[[[81.1862,16.87279,0],[81.15628,16.87966,0],[81.1233,16.90535,0],[81.08715,16.9131,0],[81.06289,16.88615,0],[81.05619,16.86804,0],[81.03864,16.86458,0],[81.02197,16.871,0],[81.00312,16.86609,0],[80.98304,16.87425,0],[80.99958,16.83707,0],[80.99841,16.82647,0],[81.01638,16.82144,0],[81.0246,16.80786,0],[81.03681,16.80799,0],[81.04276,16.7855,0],[81.03223,16.78279,0],[81.02715,16.77655,0],[81.01729,16.77706,0],[81.00071,16.75248,0],[80.99329,16.72743,0],[80.98935,16.72201,0],[80.98148,16.72357,0],[80.98985,16.68163,0],[81.00731,16.67242,0],[80.9987,16.66492,0],[81.01857,16.65049,0],[81.0111,16.63665,0],[80.99547,16.63587,0],[80.97596,16.66538,0],[80.95425,16.67112,0],[80.95406,16.66557,0],[80.96944,16.64679,0],[80.97292,16.62659,0],[81.00635,16.58645,0],[81.01144,16.56047,0],[81.01853,16.56205,0],[81.02244,16.55701,0],[81.02775,16.56232,0],[81.03984,16.56193,0],[81.04007,16.56629,0],[81.04972,16.57032,0],[81.07878,16.57519,0],[81.0949,16.58761,0],[81.09214,16.59292,0],[81.08687,16.59267,0],[81.09163,16.60565,0],[81.09427,16.63417,0],[81.0805,16.65771,0],[81.09111,16.67556,0],[81.10568,16.67869,0],[81.10685,16.6831,0],[81.10158,16.69274,0],[81.07545,16.68662,0],[81.06276,16.68941,0],[81.06181,16.70897,0],[81.0553,16.71611,0],[81.06486,16.7265,0],[81.05551,16.74888,0],[81.06132,16.75072,0],[81.06595,16.74612,0],[81.07131,16.73196,0],[81.07904,16.73616,0],[81.07101,16.76001,0],[81.07155,16.77739,0],[81.08445,16.77489,0],[81.09302,16.74469,0],[81.10074,16.73599,0],[81.11512,16.72569,0],[81.12888,16.74389,0],[81.14555,16.7461,0],[81.15308,16.73287,0],[81.14977,16.70856,0],[81.17833,16.68519,0],[81.24232,16.70683,0],[81.24066,16.7409,0],[81.21103,16.76352,0],[81.21539,16.78222,0],[81.21273,16.81069,0],[81.22059,16.82527,0],[81.21863,16.8461,0],[81.21208,16.84786,0],[81.20799,16.86578,0],[81.1862,16.87279,0]]]}},{"type":"Feature","properties":{"stroke":"#ff0000","stroke-opacity":1,"fill-opacity":0,"ST_CODE":"28","ST_NAME":"ANDHRA PRADESH","DT_CODE":"15","DIST_NAME":"WEST GODAVARI","AC_NO":63,"AC_NAME":"Ungutur","PC_NO":"27","PC_NAME":"ELURU","PC_ID":"2827","Shape_Leng":"165247.81388599999","Shape_Area":"632750992.21099997000","MaxSimpTol":"300.00000000000","MinSimpTol":"300.00000000000","visibility":"0","STATUS":"Post bifurcation 2014, renumbered to 2019 seats"},"geometry":{"type":"Polygon","coordinates":[[[81.45784,16.89249,0],[81.44645,16.89744,0],[81.4038,16.89288,0],[81.38096,16.89989,0],[81.36254,16.8978,0],[81.35623,16.88962,0],[81.35279,16.86932,0],[81.32247,16.82827,0],[81.29604,16.82222,0],[81.28649,16.82956,0],[81.29007,16.84584,0],[81.28303,16.85123,0],[81.27016,16.85175,0],[81.26735,16.84837,0],[81.26878,16.82329,0],[81.25564,16.81776,0],[81.24935,16.82458,0],[81.24387,16.84626,0],[81.21863,16.8461,0],[81.22059,16.82527,0],[81.21273,16.81069,0],[81.21539,16.78222,0],[81.21103,16.76352,0],[81.24066,16.7409,0],[81.24232,16.70683,0],[81.24761,16.70195,0],[81.24807,16.69367,0],[81.23514,16.67378,0],[81.23534,16.66503,0],[81.27902,16.65128,0],[81.3073,16.6928,0],[81.32891,16.68924,0],[81.33036,16.68563,0],[81.33164,16.65936,0],[81.34369,16.6597,0],[81.38563,16.6655,0],[81.43527,16.65635,0],[81.44467,16.66956,0],[81.4678,16.67486,0],[81.4762,16.6696,0],[81.48964,16.66915,0],[81.49868,16.66208,0],[81.50888,16.66782,0],[81.5276,16.66583,0],[81.52931,16.65192,0],[81.54232,16.63707,0],[81.55494,16.64698,0],[81.54743,16.66388,0],[81.5514,16.67423,0],[81.56677,16.67884,0],[81.5726,16.68955,0],[81.59613,16.70256,0],[81.59668,16.7099,0],[81.58941,16.7186,0],[81.56366,16.71702,0],[81.56288,16.74611,0],[81.55457,16.75886,0],[81.54796,16.75584,0],[81.53856,16.7305,0],[81.52911,16.73319,0],[81.52238,16.72859,0],[81.51253,16.73365,0],[81.49916,16.72169,0],[81.478,16.73103,0],[81.45929,16.72147,0],[81.44336,16.72181,0],[81.43607,16.74793,0],[81.44309,16.75308,0],[81.47097,16.75718,0],[81.46786,16.77121,0],[81.47386,16.78732,0],[81.49299,16.79175,0],[81.49173,16.80356,0],[81.46052,16.85814,0],[81.45554,16.88323,0],[81.45784,16.89249,0]]]}},{"type":"Feature","properties":{"stroke":"#ff0000","stroke-opacity":1,"fill-opacity":0,"ST_CODE":"28","ST_NAME":"ANDHRA PRADESH","DT_CODE":"16","DIST_NAME":"KRISHNA","AC_NO":83,"AC_NAME":"Nandigama (SC)","PC_NO":"29","PC_NAME":"VIJAYAWADA","PC_ID":"2829","Shape_Leng":"148445.18848600000","Shape_Area":"813908650.81299996000","MaxSimpTol":"300.00000000000","MinSimpTol":"300.00000000000","visibility":"0","STATUS":"Post bifurcation 2014, renumbered to 2019 seats"},"geometry":{"type":"Polygon","coordinates":[[[80.32179,16.8793,0],[80.32601,16.8614,0],[80.31895,16.85154,0],[80.30961,16.84448,0],[80.29459,16.84277,0],[80.29448,16.83302,0],[80.30762,16.81599,0],[80.30183,16.80686,0],[80.27444,16.80805,0],[80.27218,16.79589,0],[80.26688,16.79369,0],[80.25016,16.79767,0],[80.23474,16.79157,0],[80.20167,16.79553,0],[80.18244,16.79344,0],[80.17603,16.78378,0],[80.17016,16.78359,0],[80.15975,16.79305,0],[80.14274,16.78682,0],[80.1315,16.78849,0],[80.13408,16.76225,0],[80.14421,16.73487,0],[80.14108,16.70559,0],[80.14894,16.68795,0],[80.13717,16.66986,0],[80.13646,16.65806,0],[80.14102,16.65059,0],[80.16271,16.64193,0],[80.18154,16.64275,0],[80.22796,16.61891,0],[80.25262,16.61113,0],[80.33131,16.61176,0],[80.36746,16.58781,0],[80.38887,16.58611,0],[80.41031,16.5848,0],[80.42497,16.6231,0],[80.45657,16.64239,0],[80.48115,16.68347,0],[80.50008,16.69554,0],[80.5032,16.70809,0],[80.5112,16.71143,0],[80.51319,16.73101,0],[80.50195,16.75911,0],[80.5033,16.77986,0],[80.48551,16.792,0],[80.465,16.79522,0],[80.46497,16.82028,0],[80.45363,16.82273,0],[80.44077,16.83411,0],[80.42836,16.83812,0],[80.42634,16.84983,0],[80.38284,16.86545,0],[80.37832,16.85271,0],[80.408,16.84871,0],[80.40438,16.83244,0],[80.39864,16.8333,0],[80.3857,16.82532,0],[80.38535,16.81713,0],[80.38173,16.81601,0],[80.37344,16.82983,0],[80.38013,16.84169,0],[80.37273,16.8402,0],[80.37365,16.85206,0],[80.34052,16.85969,0],[80.34434,16.87452,0],[80.32179,16.8793,0]]]}},{"type":"Feature","properties":{"stroke":"#ff0000","stroke-opacity":1,"fill-opacity":0,"ST_CODE":"28","ST_NAME":"ANDHRA PRADESH","DT_CODE":"14","DIST_NAME":"EAST GODAVARI","AC_NO":42,"AC_NAME":"Ramachandrapuram","PC_NO":"24","PC_NAME":"AMALAPURAM (SC)","PC_ID":"2824","Shape_Leng":"105437.60906300000","Shape_Area":"323897668.59399998000","MaxSimpTol":"300.00000000000","MinSimpTol":"300.00000000000","visibility":"0","STATUS":"Post bifurcation 2014, renumbered to 2019 seats"},"geometry":{"type":"Polygon","coordinates":[[[82.09083,16.86545,0],[82.07429,16.86754,0],[82.052,16.85714,0],[82.03951,16.85093,0],[82.02428,16.85194,0],[82.02894,16.83179,0],[82.00749,16.82326,0],[82.02354,16.80445,0],[82.02813,16.79108,0],[82.0185,16.75995,0],[81.98072,16.75122,0],[81.98126,16.74718,0],[81.99339,16.74449,0],[81.99847,16.73342,0],[82.01568,16.72269,0],[82.01581,16.70542,0],[82.02298,16.70141,0],[82.01883,16.68011,0],[82.02854,16.6702,0],[82.03983,16.66757,0],[82.05819,16.67674,0],[82.06607,16.67284,0],[82.1054,16.68408,0],[82.12546,16.67798,0],[82.14959,16.67718,0],[82.16329,16.68189,0],[82.15687,16.71054,0],[82.12875,16.70961,0],[82.12421,16.71493,0],[82.14012,16.7342,0],[82.15187,16.73323,0],[82.15335,16.72553,0],[82.15918,16.7237,0],[82.16737,16.73516,0],[82.18165,16.73917,0],[82.19185,16.75281,0],[82.21906,16.76407,0],[82.22126,16.77215,0],[82.21122,16.78019,0],[82.20834,16.80895,0],[82.19564,16.84499,0],[82.17665,16.84514,0],[82.15148,16.85296,0],[82.14817,16.84794,0],[82.1501,16.83115,0],[82.14279,16.81667,0],[82.13408,16.80783,0],[82.1285,16.80788,0],[82.10749,16.82804,0],[82.09332,16.82112,0],[82.08601,16.8349,0],[82.10146,16.84932,0],[82.09083,16.86545,0]]]}},{"type":"Feature","properties":{"stroke":"#ff0000","stroke-opacity":1,"fill-opacity":0,"ST_CODE":"28","ST_NAME":"ANDHRA PRADESH","DT_CODE":"17","DIST_NAME":"GUNTUR","AC_NO":85,"AC_NAME":"Pedakurapadu","PC_NO":"31","PC_NAME":"NARASARAOPET","PC_ID":"2831","Shape_Leng":"205351.36172900000","Shape_Area":"1102967659.98000000000","MaxSimpTol":"300.00000000000","MinSimpTol":"300.00000000000","visibility":"0","STATUS":"Post bifurcation 2014, renumbered to 2019 seats"},"geometry":{"type":"Polygon","coordinates":[[[80.07292,16.8182,0],[80.06686,16.7884,0],[80.05431,16.76665,0],[80.05294,16.74445,0],[80.03795,16.72979,0],[80.03096,16.71525,0],[80.00764,16.7093,0],[79.99755,16.70228,0],[79.9794,16.66568,0],[79.96163,16.64292,0],[79.93237,16.63165,0],[79.90761,16.63573,0],[79.90463,16.60284,0],[79.90802,16.59634,0],[79.92031,16.59244,0],[79.90709,16.5787,0],[79.90546,16.57011,0],[79.90956,16.56386,0],[79.94515,16.57114,0],[79.9507,16.56652,0],[79.957,16.54264,0],[79.94528,16.5245,0],[79.94649,16.51228,0],[79.95612,16.513,0],[79.97023,16.54089,0],[79.97816,16.54484,0],[79.98467,16.53975,0],[79.98398,16.52607,0],[79.99549,16.51687,0],[79.98206,16.50592,0],[79.97132,16.47689,0],[79.95808,16.47338,0],[79.96076,16.46457,0],[79.99127,16.47043,0],[79.99421,16.45814,0],[80.00072,16.45189,0],[80.03049,16.46681,0],[80.05003,16.45926,0],[80.0668,16.46205,0],[80.07191,16.47221,0],[80.08539,16.47956,0],[80.09905,16.47041,0],[80.12435,16.48375,0],[80.13816,16.4722,0],[80.14691,16.477,0],[80.15829,16.508,0],[80.16764,16.5112,0],[80.18228,16.50365,0],[80.18255,16.49289,0],[80.19772,16.49103,0],[80.21119,16.48097,0],[80.21052,16.47432,0],[80.20431,16.46939,0],[80.20503,16.45955,0],[80.21812,16.45186,0],[80.22406,16.44163,0],[80.24331,16.43385,0],[80.25021,16.42111,0],[80.27101,16.41216,0],[80.28051,16.41841,0],[80.30429,16.41843,0],[80.30852,16.44601,0],[80.32107,16.4573,0],[80.36025,16.44954,0],[80.3767,16.45938,0],[80.38604,16.47093,0],[80.40322,16.47441,0],[80.4255,16.47122,0],[80.41412,16.49867,0],[80.40501,16.50341,0],[80.39482,16.51991,0],[80.40228,16.55586,0],[80.38887,16.58611,0],[80.36746,16.58781,0],[80.33131,16.61176,0],[80.25262,16.61113,0],[80.22796,16.61891,0],[80.18154,16.64275,0],[80.16271,16.64193,0],[80.14102,16.65059,0],[80.13646,16.65806,0],[80.13717,16.66986,0],[80.14894,16.68795,0],[80.14108,16.70559,0],[80.14421,16.73487,0],[80.13408,16.76225,0],[80.1315,16.78849,0],[80.12577,16.80821,0],[80.11365,16.82327,0],[80.07292,16.8182,0]]]}},{"type":"Feature","properties":{"stroke":"#ff0000","stroke-opacity":1,"fill-opacity":0,"ST_CODE":"28","ST_NAME":"ANDHRA PRADESH","DT_CODE":"15","DIST_NAME":"WEST GODAVARI","AC_NO":61,"AC_NAME":"Tanuku","PC_NO":"26","PC_NAME":"NARSAPURAM","PC_ID":"2826","Shape_Leng":"98611.13097860001","Shape_Area":"240101426.52300000000","MaxSimpTol":"300.00000000000","MinSimpTol":"300.00000000000","visibility":"0","STATUS":"Post bifurcation 2014, renumbered to 2019 seats"},"geometry":{"type":"Polygon","coordinates":[[[81.63837,16.81675,0],[81.62105,16.8198,0],[81.61536,16.81565,0],[81.614,16.80603,0],[81.60228,16.80136,0],[81.59536,16.78105,0],[81.60438,16.77425,0],[81.60619,16.74892,0],[81.59222,16.73075,0],[81.58941,16.7186,0],[81.59668,16.7099,0],[81.59613,16.70256,0],[81.5726,16.68955,0],[81.56677,16.67884,0],[81.5514,16.67423,0],[81.54743,16.66388,0],[81.55494,16.64698,0],[81.54232,16.63707,0],[81.54321,16.63238,0],[81.57109,16.62768,0],[81.57227,16.6031,0],[81.58097,16.58901,0],[81.59819,16.5998,0],[81.61076,16.62135,0],[81.61756,16.64229,0],[81.62424,16.6494,0],[81.62404,16.66317,0],[81.62983,16.6668,0],[81.64712,16.66354,0],[81.64572,16.67738,0],[81.65405,16.68641,0],[81.67376,16.68166,0],[81.67642,16.66734,0],[81.68366,16.65929,0],[81.68055,16.64473,0],[81.69012,16.63618,0],[81.69819,16.63633,0],[81.71159,16.6488,0],[81.7319,16.64184,0],[81.73139,16.65387,0],[81.73738,16.66367,0],[81.76082,16.67079,0],[81.76204,16.68292,0],[81.75238,16.69509,0],[81.75061,16.70858,0],[81.72309,16.7235,0],[81.72401,16.75863,0],[81.67397,16.75776,0],[81.66896,16.76818,0],[81.64947,16.76976,0],[81.64342,16.77813,0],[81.63055,16.78229,0],[81.62656,16.79425,0],[81.63837,16.81675,0]]]}},{"type":"Feature","properties":{"stroke":"#ff0000","stroke-opacity":1,"fill-opacity":0,"ST_CODE":"28","ST_NAME":"ANDHRA PRADESH","DT_CODE":"15","DIST_NAME":"WEST GODAVARI","AC_NO":65,"AC_NAME":"Eluru","PC_NO":"27","PC_NAME":"ELURU","PC_ID":"2827","Shape_Leng":"104603.89039200000","Shape_Area":"238894009.72700000000","MaxSimpTol":"300.00000000000","MinSimpTol":"300.00000000000","visibility":"0","STATUS":"Post bifurcation 2014, renumbered to 2019 seats"},"geometry":{"type":"Polygon","coordinates":[[[81.10074,16.73599,0],[81.09302,16.74469,0],[81.08445,16.77489,0],[81.07155,16.77739,0],[81.07101,16.76001,0],[81.07904,16.73616,0],[81.07131,16.73196,0],[81.06595,16.74612,0],[81.06132,16.75072,0],[81.05551,16.74888,0],[81.06486,16.7265,0],[81.0553,16.71611,0],[81.06181,16.70897,0],[81.06276,16.68941,0],[81.07545,16.68662,0],[81.10158,16.69274,0],[81.10685,16.6831,0],[81.10568,16.67869,0],[81.09111,16.67556,0],[81.0805,16.65771,0],[81.09427,16.63417,0],[81.09163,16.60565,0],[81.10083,16.60564,0],[81.11562,16.59262,0],[81.13701,16.60696,0],[81.14227,16.59843,0],[81.1515,16.59493,0],[81.16749,16.61987,0],[81.189,16.62159,0],[81.20085,16.61282,0],[81.20771,16.59691,0],[81.22817,16.57388,0],[81.23401,16.57477,0],[81.23647,16.57012,0],[81.24208,16.57627,0],[81.23755,16.59262,0],[81.26533,16.60683,0],[81.2735,16.62191,0],[81.27902,16.65128,0],[81.23534,16.66503,0],[81.23514,16.67378,0],[81.24807,16.69367,0],[81.24761,16.70195,0],[81.24232,16.70683,0],[81.17833,16.68519,0],[81.14977,16.70856,0],[81.15308,16.73287,0],[81.14555,16.7461,0],[81.12888,16.74389,0],[81.11512,16.72569,0],[81.10074,16.73599,0]]]}},{"type":"Feature","properties":{"stroke":"#ff0000","stroke-opacity":1,"fill-opacity":0,"ST_CODE":"28","ST_NAME":"ANDHRA PRADESH","DT_CODE":"17","DIST_NAME":"GUNTUR","AC_NO":100,"AC_NAME":"Gurajala","PC_NO":"31","PC_NAME":"NARASARAOPET","PC_ID":"2831","Shape_Leng":"205159.67345700000","Shape_Area":"1017791888.19000010000","MaxSimpTol":"300.00000000000","MinSimpTol":"300.00000000000","visibility":"0","STATUS":"Post bifurcation 2014, renumbered to 2019 seats"},"geometry":{"type":"Polygon","coordinates":[[[79.52544,16.63104,0],[79.52274,16.60977,0],[79.52657,16.59837,0],[79.55479,16.58672,0],[79.57163,16.59095,0],[79.56815,16.56809,0],[79.57875,16.56329,0],[79.58388,16.53818,0],[79.58113,16.51567,0],[79.55194,16.50774,0],[79.55108,16.50238,0],[79.55935,16.49773,0],[79.55202,16.49113,0],[79.54582,16.47071,0],[79.56725,16.47263,0],[79.5747,16.44886,0],[79.59139,16.44265,0],[79.62577,16.4824,0],[79.66465,16.48271,0],[79.67204,16.51349,0],[79.70003,16.51748,0],[79.72558,16.54776,0],[79.72928,16.5432,0],[79.72538,16.50804,0],[79.73703,16.48629,0],[79.74281,16.48683,0],[79.76631,16.50606,0],[79.78158,16.49836,0],[79.78144,16.48465,0],[79.75854,16.43063,0],[79.76067,16.42438,0],[79.78101,16.41077,0],[79.77722,16.37126,0],[79.79485,16.35462,0],[79.82107,16.35038,0],[79.83169,16.36009,0],[79.85029,16.3963,0],[79.85065,16.40733,0],[79.83807,16.40083,0],[79.83272,16.40443,0],[79.84115,16.41605,0],[79.8671,16.43478,0],[79.9162,16.46027,0],[79.94122,16.46167,0],[79.95024,16.47216,0],[79.95808,16.47338,0],[79.97132,16.47689,0],[79.98206,16.50592,0],[79.99549,16.51687,0],[79.98398,16.52607,0],[79.98467,16.53975,0],[79.97816,16.54484,0],[79.97023,16.54089,0],[79.95612,16.513,0],[79.94649,16.51228,0],[79.94528,16.5245,0],[79.957,16.54264,0],[79.9507,16.56652,0],[79.94515,16.57114,0],[79.90956,16.56386,0],[79.90546,16.57011,0],[79.90709,16.5787,0],[79.92031,16.59244,0],[79.90802,16.59634,0],[79.90463,16.60284,0],[79.90761,16.63573,0],[79.89291,16.65216,0],[79.88596,16.68642,0],[79.87838,16.69701,0],[79.85108,16.70617,0],[79.81728,16.6922,0],[79.78585,16.73047,0],[79.77279,16.7309,0],[79.74443,16.71918,0],[79.72421,16.69126,0],[79.69881,16.69169,0],[79.68382,16.69489,0],[79.66492,16.68825,0],[79.64969,16.67067,0],[79.63309,16.66063,0],[79.59731,16.67312,0],[79.5761,16.6504,0],[79.54339,16.63321,0],[79.52544,16.63104,0]]]}},{"type":"Feature","properties":{"stroke":"#ff0000","stroke-opacity":1,"fill-opacity":0,"ST_CODE":"28","ST_NAME":"ANDHRA PRADESH","DT_CODE":"16","DIST_NAME":"KRISHNA","AC_NO":71,"AC_NAME":"Gannavaram","PC_NO":"28","PC_NAME":"MACHILIPATNAM","PC_ID":"2828","Shape_Leng":"186430.46855699999","Shape_Area":"632309169.67999995000","MaxSimpTol":"300.00000000000","MinSimpTol":"300.00000000000","visibility":"0","STATUS":"Post bifurcation 2014, renumbered to 2019 seats"},"geometry":{"type":"Polygon","coordinates":[[[80.68684,16.6889,0],[80.68577,16.70138,0],[80.67805,16.70399,0],[80.66834,16.69376,0],[80.64365,16.64782,0],[80.61901,16.63171,0],[80.59895,16.60742,0],[80.58744,16.60569,0],[80.5788,16.59719,0],[80.56296,16.55124,0],[80.55402,16.54219,0],[80.55501,16.5344,0],[80.59107,16.51588,0],[80.60667,16.55811,0],[80.61328,16.56261,0],[80.62602,16.5574,0],[80.63206,16.56018,0],[80.65029,16.54997,0],[80.64906,16.56482,0],[80.65478,16.56947,0],[80.66069,16.56601,0],[80.66675,16.55014,0],[80.68554,16.5451,0],[80.69234,16.54632,0],[80.71863,16.53076,0],[80.7374,16.52746,0],[80.74367,16.53177,0],[80.74816,16.54402,0],[80.75817,16.54539,0],[80.76156,16.53951,0],[80.75763,16.52915,0],[80.76271,16.51943,0],[80.77913,16.51728,0],[80.79153,16.49929,0],[80.81272,16.51073,0],[80.82668,16.50876,0],[80.82478,16.4933,0],[80.83996,16.47496,0],[80.83569,16.47174,0],[80.82234,16.47461,0],[80.81553,16.4687,0],[80.81203,16.44982,0],[80.82177,16.43975,0],[80.8343,16.44167,0],[80.84726,16.4379,0],[80.85428,16.44883,0],[80.88003,16.46205,0],[80.90249,16.45322,0],[80.92786,16.51753,0],[80.93329,16.54533,0],[80.94024,16.5532,0],[80.95822,16.55368,0],[80.97385,16.53807,0],[80.98025,16.54046,0],[80.98191,16.55557,0],[80.99775,16.55176,0],[81.01144,16.56047,0],[81.00635,16.58645,0],[80.97292,16.62659,0],[80.96944,16.64679,0],[80.95406,16.66557,0],[80.95425,16.67112,0],[80.94092,16.68235,0],[80.94358,16.69598,0],[80.93172,16.70326,0],[80.90884,16.67715,0],[80.896,16.67168,0],[80.88939,16.66019,0],[80.88544,16.64353,0],[80.89219,16.63202,0],[80.88523,16.62228,0],[80.86672,16.63041,0],[80.85566,16.61874,0],[80.841,16.61883,0],[80.8363,16.64572,0],[80.82506,16.65218,0],[80.82641,16.6772,0],[80.82299,16.68019,0],[80.81646,16.67643,0],[80.81791,16.6549,0],[80.80598,16.64642,0],[80.79456,16.64675,0],[80.78394,16.63278,0],[80.76396,16.63423,0],[80.7434,16.62747,0],[80.70703,16.62703,0],[80.69454,16.63548,0],[80.69275,16.65646,0],[80.69439,16.68299,0],[80.70808,16.69962,0],[80.70196,16.70275,0],[80.6917,16.68924,0],[80.68684,16.6889,0]]]}},{"type":"Feature","properties":{"stroke":"#ff0000","stroke-opacity":1,"fill-opacity":0,"ST_CODE":"28","ST_NAME":"ANDHRA PRADESH","DT_CODE":"14","DIST_NAME":"EAST GODAVARI","AC_NO":46,"AC_NAME":"Gannavaram (SC)","PC_NO":"24","PC_NAME":"AMALAPURAM (SC)","PC_ID":"2824","Shape_Leng":"99979.46239630001","Shape_Area":"287448476.85900003000","MaxSimpTol":"300.00000000000","MinSimpTol":"300.00000000000","visibility":"0","STATUS":"Post bifurcation 2014, renumbered to 2019 seats"},"geometry":{"type":"Polygon","coordinates":[[[81.96307,16.68283,0],[81.95958,16.67234,0],[81.93534,16.65758,0],[81.9206,16.65655,0],[81.91733,16.66851,0],[81.89291,16.66772,0],[81.88329,16.66358,0],[81.88235,16.65081,0],[81.8446,16.64121,0],[81.8584,16.59792,0],[81.854,16.55911,0],[81.84489,16.52962,0],[81.84843,16.50546,0],[81.86369,16.50525,0],[81.86367,16.50197,0],[81.88133,16.49628,0],[81.90303,16.51211,0],[81.92072,16.51441,0],[81.92645,16.52577,0],[81.92633,16.54499,0],[81.93707,16.55864,0],[81.9431,16.55677,0],[81.95427,16.53831,0],[81.9645,16.53083,0],[81.96764,16.55199,0],[81.96212,16.56046,0],[81.96096,16.5748,0],[81.9918,16.58815,0],[81.97747,16.60046,0],[81.97998,16.61301,0],[81.98951,16.61376,0],[82.01165,16.60564,0],[82.02906,16.6102,0],[82.04343,16.60367,0],[82.06741,16.61338,0],[82.08599,16.63214,0],[82.08735,16.66507,0],[82.06607,16.67284,0],[82.05819,16.67674,0],[82.03983,16.66757,0],[82.02854,16.6702,0],[82.01883,16.68011,0],[82.02298,16.70141,0],[82.01581,16.70542,0],[81.99442,16.70058,0],[81.99897,16.68465,0],[81.99241,16.67889,0],[81.96307,16.68283,0]]]}},{"type":"Feature","properties":{"stroke":"#ff0000","stroke-opacity":1,"fill-opacity":0,"ST_CODE":"28","ST_NAME":"ANDHRA PRADESH","DT_CODE":"16","DIST_NAME":"KRISHNA","AC_NO":73,"AC_NAME":"Kaikalur","PC_NO":"27","PC_NAME":"ELURU","PC_ID":"2827","Shape_Leng":"174616.58723500001","Shape_Area":"640164364.88300002000","MaxSimpTol":"300.00000000000","MinSimpTol":"300.00000000000","visibility":"0","STATUS":"Post bifurcation 2014, renumbered to 2019 seats"},"geometry":{"type":"Polygon","coordinates":[[[81.33036,16.68563,0],[81.32891,16.68924,0],[81.3073,16.6928,0],[81.27902,16.65128,0],[81.2735,16.62191,0],[81.26533,16.60683,0],[81.23755,16.59262,0],[81.24208,16.57627,0],[81.23647,16.57012,0],[81.23401,16.57477,0],[81.22817,16.57388,0],[81.20771,16.59691,0],[81.20085,16.61282,0],[81.189,16.62159,0],[81.16749,16.61987,0],[81.1515,16.59493,0],[81.14227,16.59843,0],[81.13701,16.60696,0],[81.11562,16.59262,0],[81.10083,16.60564,0],[81.09163,16.60565,0],[81.08687,16.59267,0],[81.09214,16.59292,0],[81.0949,16.58761,0],[81.07878,16.57519,0],[81.04972,16.57032,0],[81.05051,16.55697,0],[81.06537,16.54881,0],[81.07773,16.55841,0],[81.08343,16.56916,0],[81.09713,16.57025,0],[81.10708,16.55833,0],[81.10584,16.52802,0],[81.11734,16.51702,0],[81.11144,16.50363,0],[81.08754,16.49597,0],[81.0899,16.4717,0],[81.08653,16.45679,0],[81.06233,16.40605,0],[81.07177,16.40056,0],[81.0809,16.40483,0],[81.10918,16.40025,0],[81.11437,16.38771,0],[81.1386,16.38314,0],[81.14324,16.38331,0],[81.16814,16.41226,0],[81.17391,16.39239,0],[81.19937,16.38428,0],[81.20508,16.41214,0],[81.2131,16.42597,0],[81.22957,16.42555,0],[81.24115,16.41577,0],[81.25066,16.41573,0],[81.27569,16.4347,0],[81.29056,16.43899,0],[81.29255,16.46216,0],[81.29755,16.46548,0],[81.31518,16.46709,0],[81.31984,16.45988,0],[81.31945,16.42809,0],[81.35153,16.41361,0],[81.37192,16.41437,0],[81.38596,16.42683,0],[81.39948,16.43164,0],[81.40127,16.43884,0],[81.3933,16.44009,0],[81.38435,16.44362,0],[81.38841,16.44646,0],[81.37319,16.4591,0],[81.37852,16.46741,0],[81.36894,16.47571,0],[81.37071,16.49976,0],[81.36537,16.50104,0],[81.36285,16.50738,0],[81.33836,16.50524,0],[81.33257,16.5108,0],[81.33898,16.51321,0],[81.33951,16.52752,0],[81.34361,16.53063,0],[81.34895,16.56516,0],[81.34619,16.59142,0],[81.35328,16.59201,0],[81.35058,16.59748,0],[81.35733,16.59648,0],[81.35448,16.61061,0],[81.34526,16.60423,0],[81.32762,16.6197,0],[81.33164,16.65936,0],[81.33036,16.68563,0]]]}},{"type":"Feature","properties":{"stroke":"#ff0000","stroke-opacity":1,"fill-opacity":0,"ST_CODE":"28","ST_NAME":"ANDHRA PRADESH","DT_CODE":"15","DIST_NAME":"WEST GODAVARI","AC_NO":56,"AC_NAME":"Achanta","PC_NO":"26","PC_NAME":"NARSAPURAM","PC_ID":"2826","Shape_Leng":"93084.71020440001","Shape_Area":"308930166.30500001000","MaxSimpTol":"300.00000000000","MinSimpTol":"300.00000000000","visibility":"0","STATUS":"Post bifurcation 2014, renumbered to 2019 seats"},"geometry":{"type":"Polygon","coordinates":[[[81.76082,16.67079,0],[81.73738,16.66367,0],[81.73139,16.65387,0],[81.7319,16.64184,0],[81.71159,16.6488,0],[81.69819,16.63633,0],[81.69012,16.63618,0],[81.68055,16.64473,0],[81.68366,16.65929,0],[81.67642,16.66734,0],[81.67376,16.68166,0],[81.65405,16.68641,0],[81.64572,16.67738,0],[81.64712,16.66354,0],[81.62983,16.6668,0],[81.62404,16.66317,0],[81.62424,16.6494,0],[81.61756,16.64229,0],[81.61076,16.62135,0],[81.62728,16.61527,0],[81.63203,16.60444,0],[81.64453,16.60833,0],[81.66096,16.60702,0],[81.66766,16.61354,0],[81.67319,16.61256,0],[81.67898,16.58076,0],[81.6831,16.58097,0],[81.68496,16.56513,0],[81.69619,16.56507,0],[81.69987,16.55028,0],[81.70768,16.54198,0],[81.73118,16.53272,0],[81.73403,16.51536,0],[81.73876,16.51183,0],[81.7493,16.51405,0],[81.76561,16.50652,0],[81.78084,16.52738,0],[81.789,16.52353,0],[81.79098,16.51457,0],[81.80962,16.5263,0],[81.83139,16.53175,0],[81.84489,16.52962,0],[81.854,16.55911,0],[81.8584,16.59792,0],[81.8446,16.64121,0],[81.80215,16.69401,0],[81.78876,16.67876,0],[81.77673,16.67594,0],[81.76666,16.66743,0],[81.76082,16.67079,0]]]}},{"type":"Feature","properties":{"stroke":"#ff0000","stroke-opacity":1,"fill-opacity":0,"ST_CODE":"28","ST_NAME":"ANDHRA PRADESH","DT_CODE":"15","DIST_NAME":"WEST GODAVARI","AC_NO":60,"AC_NAME":"Undi","PC_NO":"26","PC_NAME":"NARSAPURAM","PC_ID":"2826","Shape_Leng":"129195.85321400000","Shape_Area":"443643915.24199998000","MaxSimpTol":"300.00000000000","MinSimpTol":"300.00000000000","visibility":"0","STATUS":"Post bifurcation 2014, renumbered to 2019 seats"},"geometry":{"type":"Polygon","coordinates":[[[81.34369,16.6597,0],[81.33164,16.65936,0],[81.32762,16.6197,0],[81.34526,16.60423,0],[81.35448,16.61061,0],[81.35733,16.59648,0],[81.35058,16.59748,0],[81.35328,16.59201,0],[81.34619,16.59142,0],[81.34895,16.56516,0],[81.34361,16.53063,0],[81.33951,16.52752,0],[81.33898,16.51321,0],[81.33257,16.5108,0],[81.33836,16.50524,0],[81.36285,16.50738,0],[81.36537,16.50104,0],[81.37071,16.49976,0],[81.36894,16.47571,0],[81.37852,16.46741,0],[81.37319,16.4591,0],[81.38841,16.44646,0],[81.38435,16.44362,0],[81.3933,16.44009,0],[81.41621,16.45286,0],[81.43008,16.48275,0],[81.453,16.47304,0],[81.46286,16.49271,0],[81.47267,16.49846,0],[81.47963,16.53208,0],[81.49101,16.54361,0],[81.49063,16.57291,0],[81.49444,16.5797,0],[81.51141,16.5743,0],[81.50498,16.55763,0],[81.50803,16.54981,0],[81.51841,16.56749,0],[81.52967,16.55319,0],[81.54514,16.56288,0],[81.55143,16.55028,0],[81.55247,16.5198,0],[81.56882,16.50509,0],[81.5818,16.50808,0],[81.59718,16.52774,0],[81.6136,16.56251,0],[81.60603,16.57709,0],[81.61233,16.58704,0],[81.59819,16.5998,0],[81.58097,16.58901,0],[81.57227,16.6031,0],[81.57109,16.62768,0],[81.54321,16.63238,0],[81.54232,16.63707,0],[81.52931,16.65192,0],[81.5276,16.66583,0],[81.50888,16.66782,0],[81.49868,16.66208,0],[81.48964,16.66915,0],[81.4762,16.6696,0],[81.4678,16.67486,0],[81.44467,16.66956,0],[81.43527,16.65635,0],[81.38563,16.6655,0],[81.34369,16.6597,0]]]}},{"type":"Feature","properties":{"stroke":"#ff0000","stroke-opacity":1,"fill-opacity":0,"ST_CODE":"28","ST_NAME":"ANDHRA PRADESH","DT_CODE":"17","DIST_NAME":"GUNTUR","AC_NO":101,"AC_NAME":"Macherla","PC_NO":"31","PC_NAME":"NARASARAOPET","PC_ID":"2831","Shape_Leng":"241268.22616600001","Shape_Area":"1656500419.43000010000","MaxSimpTol":"300.00000000000","MinSimpTol":"300.00000000000","visibility":"0","STATUS":"Post bifurcation 2014, renumbered to 2019 seats"},"geometry":{"type":"Polygon","coordinates":[[[79.46163,16.62312,0],[79.46157,16.62314,0],[79.4411,16.61501,0],[79.43342,16.59214,0],[79.41842,16.58,0],[79.37858,16.58404,0],[79.35132,16.57933,0],[79.33957,16.5823,0],[79.31779,16.57462,0],[79.30809,16.5747,0],[79.28916,16.56075,0],[79.25711,16.56612,0],[79.24525,16.53258,0],[79.22839,16.52499,0],[79.22141,16.51555,0],[79.21494,16.48259,0],[79.23347,16.45985,0],[79.21179,16.44799,0],[79.20795,16.38348,0],[79.21252,16.37393,0],[79.2107,16.35665,0],[79.23434,16.33493,0],[79.22266,16.23649,0],[79.21584,16.22713,0],[79.2157,16.18407,0],[79.22188,16.16358,0],[79.24952,16.17998,0],[79.25927,16.1939,0],[79.2957,16.21466,0],[79.32557,16.22854,0],[79.37122,16.23304,0],[79.44727,16.30288,0],[79.47332,16.29086,0],[79.50025,16.29077,0],[79.52794,16.29731,0],[79.53622,16.30602,0],[79.54653,16.28957,0],[79.56186,16.3073,0],[79.58832,16.32279,0],[79.58777,16.34408,0],[79.59368,16.35415,0],[79.61565,16.37248,0],[79.63195,16.37951,0],[79.64129,16.37975,0],[79.64458,16.35621,0],[79.64841,16.35356,0],[79.66576,16.36654,0],[79.6979,16.36359,0],[79.72117,16.36776,0],[79.72611,16.3726,0],[79.77722,16.37126,0],[79.78101,16.41077,0],[79.76067,16.42438,0],[79.75854,16.43063,0],[79.78144,16.48465,0],[79.78158,16.49836,0],[79.76631,16.50606,0],[79.74281,16.48683,0],[79.73703,16.48629,0],[79.72538,16.50804,0],[79.72928,16.5432,0],[79.72558,16.54776,0],[79.70003,16.51748,0],[79.67204,16.51349,0],[79.66465,16.48271,0],[79.62577,16.4824,0],[79.59139,16.44265,0],[79.5747,16.44886,0],[79.56725,16.47263,0],[79.54582,16.47071,0],[79.55202,16.49113,0],[79.55935,16.49773,0],[79.55108,16.50238,0],[79.55194,16.50774,0],[79.58113,16.51567,0],[79.58388,16.53818,0],[79.57875,16.56329,0],[79.56815,16.56809,0],[79.57163,16.59095,0],[79.55479,16.58672,0],[79.52657,16.59837,0],[79.52274,16.60977,0],[79.52544,16.63104,0],[79.50444,16.63647,0],[79.49432,16.63387,0],[79.4849,16.62323,0],[79.46163,16.62312,0]]]}},{"type":"Feature","properties":{"stroke":"#ff0000","stroke-opacity":1,"fill-opacity":0,"ST_CODE":"28","ST_NAME":"ANDHRA PRADESH","DT_CODE":"15","DIST_NAME":"WEST GODAVARI","AC_NO":59,"AC_NAME":"Bhimavaram","PC_NO":"26","PC_NAME":"NARSAPURAM","PC_ID":"2826","Shape_Leng":"131634.19667599999","Shape_Area":"305839170.51599997000","MaxSimpTol":"300.00000000000","MinSimpTol":"300.00000000000","visibility":"0","STATUS":"Post bifurcation 2014, renumbered to 2019 seats"},"geometry":{"type":"Polygon","coordinates":[[[81.63203,16.60444,0],[81.62728,16.61527,0],[81.61076,16.62135,0],[81.59819,16.5998,0],[81.61233,16.58704,0],[81.60603,16.57709,0],[81.6136,16.56251,0],[81.59718,16.52774,0],[81.5818,16.50808,0],[81.56882,16.50509,0],[81.55247,16.5198,0],[81.55143,16.55028,0],[81.54514,16.56288,0],[81.52967,16.55319,0],[81.51841,16.56749,0],[81.50803,16.54981,0],[81.50498,16.55763,0],[81.51141,16.5743,0],[81.49444,16.5797,0],[81.49063,16.57291,0],[81.49101,16.54361,0],[81.47963,16.53208,0],[81.47267,16.49846,0],[81.46286,16.49271,0],[81.453,16.47304,0],[81.43008,16.48275,0],[81.41621,16.45286,0],[81.3933,16.44009,0],[81.40127,16.43884,0],[81.39948,16.43164,0],[81.41373,16.41967,0],[81.42584,16.41941,0],[81.42685,16.4112,0],[81.43767,16.39852,0],[81.45369,16.40509,0],[81.46992,16.39854,0],[81.48035,16.38813,0],[81.49755,16.42093,0],[81.51885,16.43155,0],[81.54052,16.42272,0],[81.53005,16.39109,0],[81.54035,16.39057,0],[81.55782,16.40771,0],[81.55738,16.42457,0],[81.57431,16.42829,0],[81.58086,16.43506,0],[81.58108,16.45315,0],[81.59426,16.46013,0],[81.59356,16.48172,0],[81.60503,16.47565,0],[81.61287,16.46053,0],[81.6306,16.46844,0],[81.63215,16.48901,0],[81.62885,16.4939,0],[81.63596,16.52045,0],[81.63441,16.53179,0],[81.67095,16.55465,0],[81.67898,16.58076,0],[81.67319,16.61256,0],[81.66766,16.61354,0],[81.66096,16.60702,0],[81.64453,16.60833,0],[81.63203,16.60444,0]]]}},{"type":"Feature","properties":{"stroke":"#ff0000","stroke-opacity":1,"fill-opacity":0,"ST_CODE":"28","ST_NAME":"ANDHRA PRADESH","DT_CODE":"14","DIST_NAME":"EAST GODAVARI","AC_NO":44,"AC_NAME":"Amalapuram (SC)","PC_NO":"24","PC_NAME":"AMALAPURAM (SC)","PC_ID":"2824","Shape_Leng":"81566.37289930000","Shape_Area":"299968173.25000000000","MaxSimpTol":"300.00000000000","MinSimpTol":"300.00000000000","visibility":"0","STATUS":"Post bifurcation 2014, renumbered to 2019 seats"},"geometry":{"type":"Polygon","coordinates":[[[82.01165,16.60564,0],[81.98951,16.61376,0],[81.97998,16.61301,0],[81.97747,16.60046,0],[81.9918,16.58815,0],[81.96096,16.5748,0],[81.96212,16.56046,0],[81.96764,16.55199,0],[81.9645,16.53083,0],[81.97226,16.52361,0],[81.97401,16.50973,0],[81.96247,16.47758,0],[81.96555,16.44701,0],[81.95536,16.41529,0],[81.95776,16.39749,0],[81.99204,16.42041,0],[82.1738,16.51122,0],[82.13498,16.57147,0],[82.12565,16.57493,0],[82.10936,16.57239,0],[82.09353,16.58734,0],[82.08655,16.58545,0],[82.07874,16.58998,0],[82.06866,16.58513,0],[82.06179,16.59167,0],[82.05193,16.59242,0],[82.04343,16.60367,0],[82.02906,16.6102,0],[82.01165,16.60564,0]]]}},{"type":"Feature","properties":{"stroke":"#ff0000","stroke-opacity":1,"fill-opacity":0,"ST_CODE":"28","ST_NAME":"ANDHRA PRADESH","DT_CODE":"17","DIST_NAME":"GUNTUR","AC_NO":86,"AC_NAME":"Tadikonda (SC)","PC_NO":"30","PC_NAME":"GUNTUR","PC_ID":"2830","Shape_Leng":"184435.32715500001","Shape_Area":"664522830.21899998000","MaxSimpTol":"300.00000000000","MinSimpTol":"300.00000000000","visibility":"0","STATUS":"Post bifurcation 2014, renumbered to 2019 seats"},"geometry":{"type":"Polygon","coordinates":[[[80.38887,16.58611,0],[80.40228,16.55586,0],[80.39482,16.51991,0],[80.40501,16.50341,0],[80.41412,16.49867,0],[80.4255,16.47122,0],[80.40322,16.47441,0],[80.38604,16.47093,0],[80.3767,16.45938,0],[80.36025,16.44954,0],[80.32107,16.4573,0],[80.30852,16.44601,0],[80.30429,16.41843,0],[80.28051,16.41841,0],[80.27101,16.41216,0],[80.26242,16.40227,0],[80.23667,16.40701,0],[80.21527,16.38503,0],[80.21546,16.37992,0],[80.2242,16.37731,0],[80.22327,16.35829,0],[80.21375,16.3477,0],[80.21378,16.33127,0],[80.20505,16.33019,0],[80.19089,16.35133,0],[80.1804,16.35269,0],[80.17691,16.35025,0],[80.17364,16.31941,0],[80.15468,16.31775,0],[80.15439,16.29648,0],[80.12555,16.30267,0],[80.11793,16.28692,0],[80.12705,16.26815,0],[80.14906,16.25376,0],[80.18576,16.2684,0],[80.21446,16.24951,0],[80.21756,16.24326,0],[80.22955,16.24092,0],[80.23563,16.24484,0],[80.24013,16.26472,0],[80.24906,16.26658,0],[80.26977,16.25931,0],[80.28266,16.26189,0],[80.29159,16.27366,0],[80.30755,16.28181,0],[80.31011,16.29482,0],[80.32635,16.30835,0],[80.33353,16.30824,0],[80.33671,16.29683,0],[80.3423,16.30119,0],[80.35131,16.29566,0],[80.35058,16.28063,0],[80.35982,16.28945,0],[80.36271,16.3111,0],[80.35313,16.31307,0],[80.35993,16.32203,0],[80.35297,16.34111,0],[80.36148,16.35513,0],[80.37777,16.35848,0],[80.38757,16.34458,0],[80.41429,16.35954,0],[80.41753,16.34751,0],[80.42604,16.34512,0],[80.42963,16.35238,0],[80.44061,16.35747,0],[80.44613,16.37553,0],[80.45417,16.38306,0],[80.47998,16.37717,0],[80.51664,16.37421,0],[80.51493,16.39833,0],[80.52233,16.40717,0],[80.49344,16.41669,0],[80.49372,16.43674,0],[80.50652,16.44275,0],[80.48683,16.45412,0],[80.49787,16.46629,0],[80.52142,16.46852,0],[80.52669,16.48403,0],[80.54812,16.50458,0],[80.55501,16.5344,0],[80.55402,16.54219,0],[80.52879,16.56291,0],[80.49848,16.57967,0],[80.46717,16.59071,0],[80.41031,16.5848,0],[80.38887,16.58611,0]]]}},{"type":"Feature","properties":{"stroke":"#ff0000","stroke-opacity":1,"fill-opacity":0,"ST_CODE":"28","ST_NAME":"ANDHRA PRADESH","DT_CODE":"15","DIST_NAME":"WEST GODAVARI","AC_NO":57,"AC_NAME":"Palacole","PC_NO":"26","PC_NAME":"NARSAPURAM","PC_ID":"2826","Shape_Leng":"78873.10767070000","Shape_Area":"157636691.50799999000","MaxSimpTol":"300.00000000000","MinSimpTol":"300.00000000000","visibility":"0","STATUS":"Post bifurcation 2014, renumbered to 2019 seats"},"geometry":{"type":"Polygon","coordinates":[[[81.68496,16.56513,0],[81.6831,16.58097,0],[81.67898,16.58076,0],[81.67095,16.55465,0],[81.63441,16.53179,0],[81.63596,16.52045,0],[81.62885,16.4939,0],[81.63215,16.48901,0],[81.64097,16.49111,0],[81.65053,16.4809,0],[81.66287,16.48395,0],[81.68448,16.46857,0],[81.70208,16.47198,0],[81.71011,16.47849,0],[81.71819,16.47404,0],[81.73473,16.47428,0],[81.74926,16.45841,0],[81.74937,16.44989,0],[81.73012,16.43624,0],[81.73642,16.42236,0],[81.75547,16.42351,0],[81.78208,16.45072,0],[81.78537,16.46364,0],[81.79971,16.47772,0],[81.81981,16.49046,0],[81.8448,16.49474,0],[81.84843,16.50546,0],[81.84489,16.52962,0],[81.83139,16.53175,0],[81.80962,16.5263,0],[81.79098,16.51457,0],[81.789,16.52353,0],[81.78084,16.52738,0],[81.76561,16.50652,0],[81.7493,16.51405,0],[81.73876,16.51183,0],[81.73403,16.51536,0],[81.73118,16.53272,0],[81.70768,16.54198,0],[81.69987,16.55028,0],[81.69619,16.56507,0],[81.68496,16.56513,0]]]}},{"type":"Feature","properties":{"stroke":"#ff0000","stroke-opacity":1,"fill-opacity":0,"ST_CODE":"28","ST_NAME":"ANDHRA PRADESH","DT_CODE":"16","DIST_NAME":"KRISHNA","AC_NO":80,"AC_NAME":"Vijayawada Central","PC_NO":"29","PC_NAME":"VIJAYAWADA","PC_ID":"2829","Shape_Leng":"24797.56533640000","Shape_Area":"23949871.62500000000","MaxSimpTol":"300.00000000000","MinSimpTol":"300.00000000000","visibility":"0","STATUS":"Post bifurcation 2014, renumbered to 2019 seats"},"geometry":{"type":"Polygon","coordinates":[[[80.62602,16.5574,0],[80.62686,16.53793,0],[80.63924,16.53581,0],[80.63711,16.51642,0],[80.64262,16.50593,0],[80.66192,16.50696,0],[80.68376,16.53908,0],[80.68554,16.5451,0],[80.66675,16.55014,0],[80.66069,16.56601,0],[80.65478,16.56947,0],[80.64906,16.56482,0],[80.65029,16.54997,0],[80.63206,16.56018,0],[80.62602,16.5574,0]]]}},{"type":"Feature","properties":{"stroke":"#ff0000","stroke-opacity":1,"fill-opacity":0,"ST_CODE":"28","ST_NAME":"ANDHRA PRADESH","DT_CODE":"16","DIST_NAME":"KRISHNA","AC_NO":72,"AC_NAME":"Gudivada","PC_NO":"28","PC_NAME":"MACHILIPATNAM","PC_ID":"2828","Shape_Leng":"119218.47524499999","Shape_Area":"359480885.31999999000","MaxSimpTol":"300.00000000000","MinSimpTol":"300.00000000000","visibility":"0","STATUS":"Post bifurcation 2014, renumbered to 2019 seats"},"geometry":{"type":"Polygon","coordinates":[[[81.02244,16.55701,0],[81.01853,16.56205,0],[81.01144,16.56047,0],[80.99775,16.55176,0],[80.98191,16.55557,0],[80.98025,16.54046,0],[80.97385,16.53807,0],[80.96739,16.53137,0],[80.95113,16.52781,0],[80.94835,16.50817,0],[80.95188,16.50269,0],[80.97202,16.49849,0],[80.97198,16.47905,0],[80.97979,16.47053,0],[80.98131,16.45036,0],[80.97487,16.41604,0],[80.95921,16.3988,0],[80.95574,16.38545,0],[80.96926,16.38847,0],[81.00133,16.38231,0],[80.99435,16.37168,0],[81.00912,16.35806,0],[81.00618,16.34048,0],[81.02805,16.33131,0],[81.02871,16.30784,0],[81.03596,16.30488,0],[81.04567,16.2832,0],[81.07845,16.30916,0],[81.09455,16.29908,0],[81.09629,16.2844,0],[81.12189,16.28062,0],[81.12277,16.29339,0],[81.13503,16.31442,0],[81.11819,16.32822,0],[81.10514,16.33214,0],[81.09999,16.34089,0],[81.10504,16.35462,0],[81.13691,16.37505,0],[81.1386,16.38314,0],[81.11437,16.38771,0],[81.10918,16.40025,0],[81.0809,16.40483,0],[81.07177,16.40056,0],[81.06233,16.40605,0],[81.08653,16.45679,0],[81.0899,16.4717,0],[81.08754,16.49597,0],[81.11144,16.50363,0],[81.11734,16.51702,0],[81.10584,16.52802,0],[81.10708,16.55833,0],[81.09713,16.57025,0],[81.08343,16.56916,0],[81.07773,16.55841,0],[81.06537,16.54881,0],[81.05051,16.55697,0],[81.04972,16.57032,0],[81.04007,16.56629,0],[81.03984,16.56193,0],[81.02775,16.56232,0],[81.02244,16.55701,0]]]}},{"type":"Feature","properties":{"stroke":"#ff0000","stroke-opacity":1,"fill-opacity":0,"ST_CODE":"28","ST_NAME":"ANDHRA PRADESH","DT_CODE":"16","DIST_NAME":"KRISHNA","AC_NO":79,"AC_NAME":"Vijayawada West","PC_NO":"29","PC_NAME":"VIJAYAWADA","PC_ID":"2829","Shape_Leng":"22267.55232750000","Shape_Area":"25076637.52340000100","MaxSimpTol":"300.00000000000","MinSimpTol":"300.00000000000","visibility":"0","STATUS":"Post bifurcation 2014, renumbered to 2019 seats"},"geometry":{"type":"Polygon","coordinates":[[[80.59107,16.51588,0],[80.59083,16.51276,0],[80.62857,16.49473,0],[80.63111,16.49848,0],[80.6381,16.49482,0],[80.64271,16.4971,0],[80.64262,16.50593,0],[80.63711,16.51642,0],[80.63924,16.53581,0],[80.62686,16.53793,0],[80.62602,16.5574,0],[80.61328,16.56261,0],[80.60667,16.55811,0],[80.59107,16.51588,0]]]}},{"type":"Feature","properties":{"stroke":"#ff0000","stroke-opacity":1,"fill-opacity":0,"ST_CODE":"28","ST_NAME":"ANDHRA PRADESH","DT_CODE":"14","DIST_NAME":"EAST GODAVARI","AC_NO":45,"AC_NAME":"Razole (SC)","PC_NO":"24","PC_NAME":"AMALAPURAM (SC)","PC_ID":"2824","Shape_Leng":"100009.72630500000","Shape_Area":"369050848.44499999000","MaxSimpTol":"300.00000000000","MinSimpTol":"300.00000000000","visibility":"0","STATUS":"Post bifurcation 2014, renumbered to 2019 seats"},"geometry":{"type":"Polygon","coordinates":[[[81.9645,16.53083,0],[81.95427,16.53831,0],[81.9431,16.55677,0],[81.93707,16.55864,0],[81.92633,16.54499,0],[81.92645,16.52577,0],[81.92072,16.51441,0],[81.90303,16.51211,0],[81.88133,16.49628,0],[81.86367,16.50197,0],[81.86369,16.50525,0],[81.84843,16.50546,0],[81.8448,16.49474,0],[81.81981,16.49046,0],[81.79971,16.47772,0],[81.78537,16.46364,0],[81.78208,16.45072,0],[81.75547,16.42351,0],[81.73642,16.42236,0],[81.73012,16.43624,0],[81.7234,16.44644,0],[81.71117,16.44418,0],[81.69764,16.41589,0],[81.71695,16.35891,0],[81.71381,16.31333,0],[81.71709,16.30693,0],[81.72241,16.3075,0],[81.74831,16.32428,0],[81.8662,16.37923,0],[81.90596,16.39022,0],[81.95776,16.39749,0],[81.95536,16.41529,0],[81.96555,16.44701,0],[81.96247,16.47758,0],[81.97401,16.50973,0],[81.97226,16.52361,0],[81.9645,16.53083,0]]]}},{"type":"Feature","properties":{"stroke":"#ff0000","stroke-opacity":1,"fill-opacity":0,"ST_CODE":"28","ST_NAME":"ANDHRA PRADESH","DT_CODE":"16","DIST_NAME":"KRISHNA","AC_NO":77,"AC_NAME":"Pamarru (SC)","PC_NO":"28","PC_NAME":"MACHILIPATNAM","PC_ID":"2828","Shape_Leng":"157066.23230800001","Shape_Area":"590700432.83599997000","MaxSimpTol":"300.00000000000","MinSimpTol":"300.00000000000","visibility":"0","STATUS":"Post bifurcation 2014, renumbered to 2019 seats"},"geometry":{"type":"Polygon","coordinates":[[[80.97385,16.53807,0],[80.95822,16.55368,0],[80.94024,16.5532,0],[80.93329,16.54533,0],[80.92786,16.51753,0],[80.90249,16.45322,0],[80.90197,16.43678,0],[80.91799,16.42595,0],[80.92015,16.39571,0],[80.89901,16.38651,0],[80.89184,16.37402,0],[80.88135,16.37777,0],[80.86633,16.37221,0],[80.86037,16.34347,0],[80.85391,16.34348,0],[80.85337,16.35523,0],[80.83776,16.35924,0],[80.83386,16.36797,0],[80.81185,16.3553,0],[80.81166,16.3702,0],[80.79914,16.38035,0],[80.79999,16.3992,0],[80.77616,16.41155,0],[80.76401,16.40024,0],[80.7562,16.41216,0],[80.75025,16.41378,0],[80.72658,16.37884,0],[80.74844,16.32979,0],[80.78483,16.28832,0],[80.79787,16.28316,0],[80.80269,16.24264,0],[80.81733,16.24115,0],[80.82028,16.21827,0],[80.82355,16.21783,0],[80.85468,16.21929,0],[80.89305,16.2206,0],[80.89526,16.21531,0],[80.90569,16.21251,0],[80.9094,16.20506,0],[80.91973,16.20947,0],[80.93092,16.20314,0],[80.9449,16.20766,0],[80.95299,16.20296,0],[80.96896,16.2046,0],[80.98093,16.19424,0],[80.99902,16.23012,0],[81.02827,16.22727,0],[81.03118,16.23915,0],[81.04832,16.26059,0],[81.04567,16.2832,0],[81.03596,16.30488,0],[81.02871,16.30784,0],[81.02805,16.33131,0],[81.00618,16.34048,0],[81.00912,16.35806,0],[80.99435,16.37168,0],[81.00133,16.38231,0],[80.96926,16.38847,0],[80.95574,16.38545,0],[80.95921,16.3988,0],[80.97487,16.41604,0],[80.98131,16.45036,0],[80.97979,16.47053,0],[80.97198,16.47905,0],[80.97202,16.49849,0],[80.95188,16.50269,0],[80.94835,16.50817,0],[80.95113,16.52781,0],[80.96739,16.53137,0],[80.97385,16.53807,0]]]}},{"type":"Feature","properties":{"stroke":"#ff0000","stroke-opacity":1,"fill-opacity":0,"ST_CODE":"28","ST_NAME":"ANDHRA PRADESH","DT_CODE":"16","DIST_NAME":"KRISHNA","AC_NO":78,"AC_NAME":"Penamaluru","PC_NO":"28","PC_NAME":"MACHILIPATNAM","PC_ID":"2828","Shape_Leng":"111199.18345500001","Shape_Area":"304260486.16399997000","MaxSimpTol":"300.00000000000","MinSimpTol":"300.00000000000","visibility":"0","STATUS":"Post bifurcation 2014, renumbered to 2019 seats"},"geometry":{"type":"Polygon","coordinates":[[[80.68554,16.5451,0],[80.68376,16.53908,0],[80.6868,16.52803,0],[80.68371,16.48678,0],[80.66853,16.48747,0],[80.65455,16.47906,0],[80.67053,16.46565,0],[80.66295,16.44991,0],[80.66606,16.44096,0],[80.67469,16.44279,0],[80.67421,16.42482,0],[80.70659,16.40061,0],[80.72658,16.37884,0],[80.75025,16.41378,0],[80.7562,16.41216,0],[80.76401,16.40024,0],[80.77616,16.41155,0],[80.79999,16.3992,0],[80.79914,16.38035,0],[80.81166,16.3702,0],[80.81185,16.3553,0],[80.83386,16.36797,0],[80.83776,16.35924,0],[80.85337,16.35523,0],[80.85391,16.34348,0],[80.86037,16.34347,0],[80.86633,16.37221,0],[80.88135,16.37777,0],[80.89184,16.37402,0],[80.89901,16.38651,0],[80.92015,16.39571,0],[80.91799,16.42595,0],[80.90197,16.43678,0],[80.90249,16.45322,0],[80.88003,16.46205,0],[80.85428,16.44883,0],[80.84726,16.4379,0],[80.8343,16.44167,0],[80.82177,16.43975,0],[80.81203,16.44982,0],[80.81553,16.4687,0],[80.82234,16.47461,0],[80.83569,16.47174,0],[80.83996,16.47496,0],[80.82478,16.4933,0],[80.82668,16.50876,0],[80.81272,16.51073,0],[80.79153,16.49929,0],[80.77913,16.51728,0],[80.76271,16.51943,0],[80.75763,16.52915,0],[80.76156,16.53951,0],[80.75817,16.54539,0],[80.74816,16.54402,0],[80.74367,16.53177,0],[80.7374,16.52746,0],[80.71863,16.53076,0],[80.69234,16.54632,0],[80.68554,16.5451,0]]]}},{"type":"Feature","properties":{"stroke":"#ff0000","stroke-opacity":1,"fill-opacity":0,"ST_CODE":"28","ST_NAME":"ANDHRA PRADESH","DT_CODE":"16","DIST_NAME":"KRISHNA","AC_NO":81,"AC_NAME":"Vijayawada East","PC_NO":"29","PC_NAME":"VIJAYAWADA","PC_ID":"2829","Shape_Leng":"21802.20562490000","Shape_Area":"15545952.21089999900","MaxSimpTol":"300.00000000000","MinSimpTol":"300.00000000000","visibility":"0","STATUS":"Post bifurcation 2014, renumbered to 2019 seats"},"geometry":{"type":"Polygon","coordinates":[[[80.64262,16.50593,0],[80.64271,16.4971,0],[80.6381,16.49482,0],[80.63111,16.49848,0],[80.62857,16.49473,0],[80.65455,16.47906,0],[80.66853,16.48747,0],[80.68371,16.48678,0],[80.6868,16.52803,0],[80.68376,16.53908,0],[80.66192,16.50696,0],[80.64262,16.50593,0]]]}},{"type":"Feature","properties":{"stroke":"#ff0000","stroke-opacity":1,"fill-opacity":0,"ST_CODE":"28","ST_NAME":"ANDHRA PRADESH","DT_CODE":"17","DIST_NAME":"GUNTUR","AC_NO":87,"AC_NAME":"Mangalagiri","PC_NO":"30","PC_NAME":"GUNTUR","PC_ID":"2830","Shape_Leng":"95007.24798940000","Shape_Area":"367148457.79699999000","MaxSimpTol":"300.00000000000","MinSimpTol":"300.00000000000","visibility":"0","STATUS":"Post bifurcation 2014, renumbered to 2019 seats"},"geometry":{"type":"Polygon","coordinates":[[[80.55501,16.5344,0],[80.54812,16.50458,0],[80.52669,16.48403,0],[80.52142,16.46852,0],[80.49787,16.46629,0],[80.48683,16.45412,0],[80.50652,16.44275,0],[80.49372,16.43674,0],[80.49344,16.41669,0],[80.52233,16.40717,0],[80.51493,16.39833,0],[80.51664,16.37421,0],[80.56168,16.35873,0],[80.56666,16.35064,0],[80.55607,16.32478,0],[80.56623,16.31682,0],[80.61344,16.31863,0],[80.63235,16.3093,0],[80.63014,16.29637,0],[80.6363,16.29083,0],[80.67366,16.2918,0],[80.69881,16.31678,0],[80.69456,16.32474,0],[80.68102,16.32773,0],[80.67673,16.34144,0],[80.70069,16.34626,0],[80.70689,16.36445,0],[80.72658,16.37884,0],[80.70659,16.40061,0],[80.67421,16.42482,0],[80.67469,16.44279,0],[80.66606,16.44096,0],[80.66295,16.44991,0],[80.67053,16.46565,0],[80.65455,16.47906,0],[80.62857,16.49473,0],[80.59083,16.51276,0],[80.59107,16.51588,0],[80.55501,16.5344,0]]]}},{"type":"Feature","properties":{"stroke":"#ff0000","stroke-opacity":1,"fill-opacity":0,"ST_CODE":"28","ST_NAME":"ANDHRA PRADESH","DT_CODE":"17","DIST_NAME":"GUNTUR","AC_NO":98,"AC_NAME":"Sattenapalle","PC_NO":"31","PC_NAME":"NARASARAOPET","PC_ID":"2831","Shape_Leng":"177332.48959000001","Shape_Area":"770711830.19500005000","MaxSimpTol":"300.00000000000","MinSimpTol":"300.00000000000","visibility":"0","STATUS":"Post bifurcation 2014, renumbered to 2019 seats"},"geometry":{"type":"Polygon","coordinates":[[[80.16764,16.5112,0],[80.15829,16.508,0],[80.14691,16.477,0],[80.13816,16.4722,0],[80.12435,16.48375,0],[80.09905,16.47041,0],[80.08539,16.47956,0],[80.07191,16.47221,0],[80.0668,16.46205,0],[80.05003,16.45926,0],[80.03049,16.46681,0],[80.00072,16.45189,0],[79.99421,16.45814,0],[79.99127,16.47043,0],[79.96076,16.46457,0],[79.95808,16.47338,0],[79.95024,16.47216,0],[79.94122,16.46167,0],[79.9162,16.46027,0],[79.8671,16.43478,0],[79.84115,16.41605,0],[79.83272,16.40443,0],[79.83807,16.40083,0],[79.85065,16.40733,0],[79.85029,16.3963,0],[79.83169,16.36009,0],[79.82107,16.35038,0],[79.8156,16.34202,0],[79.79438,16.33637,0],[79.79416,16.32549,0],[79.82439,16.29953,0],[79.85712,16.27971,0],[79.85897,16.27212,0],[79.85169,16.25842,0],[79.86696,16.24628,0],[79.87298,16.25315,0],[79.88458,16.25546,0],[79.90863,16.27009,0],[79.90512,16.28215,0],[79.90959,16.30025,0],[79.89408,16.31104,0],[79.89141,16.33452,0],[79.89852,16.33558,0],[79.92029,16.32273,0],[79.92631,16.32214,0],[79.93296,16.33192,0],[79.94393,16.3253,0],[79.95148,16.29896,0],[79.96957,16.29444,0],[79.96878,16.27466,0],[79.98555,16.27147,0],[80.01969,16.27878,0],[80.02042,16.30469,0],[80.04154,16.32613,0],[80.05943,16.31504,0],[80.06093,16.29268,0],[80.06814,16.28454,0],[80.09491,16.27928,0],[80.11793,16.28692,0],[80.12555,16.30267,0],[80.15439,16.29648,0],[80.15468,16.31775,0],[80.17364,16.31941,0],[80.17691,16.35025,0],[80.1804,16.35269,0],[80.19089,16.35133,0],[80.20505,16.33019,0],[80.21378,16.33127,0],[80.21375,16.3477,0],[80.22327,16.35829,0],[80.2242,16.37731,0],[80.21546,16.37992,0],[80.21527,16.38503,0],[80.23667,16.40701,0],[80.26242,16.40227,0],[80.27101,16.41216,0],[80.25021,16.42111,0],[80.24331,16.43385,0],[80.22406,16.44163,0],[80.21812,16.45186,0],[80.20503,16.45955,0],[80.20431,16.46939,0],[80.21052,16.47432,0],[80.21119,16.48097,0],[80.19772,16.49103,0],[80.18255,16.49289,0],[80.18228,16.50365,0],[80.16764,16.5112,0]]]}},{"type":"Feature","properties":{"stroke":"#ff0000","stroke-opacity":1,"fill-opacity":0,"ST_CODE":"28","ST_NAME":"ANDHRA PRADESH","DT_CODE":"15","DIST_NAME":"WEST GODAVARI","AC_NO":58,"AC_NAME":"Narasapuram","PC_NO":"26","PC_NAME":"NARSAPURAM","PC_ID":"2826","Shape_Leng":"102002.14861000000","Shape_Area":"278006752.09399998000","MaxSimpTol":"300.00000000000","MinSimpTol":"300.00000000000","visibility":"0","STATUS":"Post bifurcation 2014, renumbered to 2019 seats"},"geometry":{"type":"Polygon","coordinates":[[[81.63215,16.48901,0],[81.6306,16.46844,0],[81.61287,16.46053,0],[81.60503,16.47565,0],[81.59356,16.48172,0],[81.59426,16.46013,0],[81.58108,16.45315,0],[81.58086,16.43506,0],[81.57431,16.42829,0],[81.55738,16.42457,0],[81.55782,16.40771,0],[81.54035,16.39057,0],[81.53005,16.39109,0],[81.54052,16.42272,0],[81.51885,16.43155,0],[81.49755,16.42093,0],[81.48035,16.38813,0],[81.48826,16.37343,0],[81.49652,16.36994,0],[81.51271,16.37034,0],[81.52271,16.38104,0],[81.54668,16.37834,0],[81.55536,16.34727,0],[81.69057,16.32785,0],[81.71381,16.31333,0],[81.71695,16.35891,0],[81.69764,16.41589,0],[81.71117,16.44418,0],[81.7234,16.44644,0],[81.73012,16.43624,0],[81.74937,16.44989,0],[81.74926,16.45841,0],[81.73473,16.47428,0],[81.71819,16.47404,0],[81.71011,16.47849,0],[81.70208,16.47198,0],[81.68448,16.46857,0],[81.66287,16.48395,0],[81.65053,16.4809,0],[81.64097,16.49111,0],[81.63215,16.48901,0]]]}},{"type":"Feature","properties":{"stroke":"#ff0000","stroke-opacity":1,"fill-opacity":0,"ST_CODE":"28","ST_NAME":"ANDHRA PRADESH","DT_CODE":"16","DIST_NAME":"KRISHNA","AC_NO":74,"AC_NAME":"Pedana","PC_NO":"28","PC_NAME":"MACHILIPATNAM","PC_ID":"2828","Shape_Leng":"193961.62321600001","Shape_Area":"624136819.13300002000","MaxSimpTol":"300.00000000000","MinSimpTol":"300.00000000000","visibility":"0","STATUS":"Post bifurcation 2014, renumbered to 2019 seats"},"geometry":{"type":"Polygon","coordinates":[[[81.39948,16.43164,0],[81.38596,16.42683,0],[81.37192,16.41437,0],[81.35153,16.41361,0],[81.31945,16.42809,0],[81.31984,16.45988,0],[81.31518,16.46709,0],[81.29755,16.46548,0],[81.29255,16.46216,0],[81.29056,16.43899,0],[81.27569,16.4347,0],[81.25066,16.41573,0],[81.24115,16.41577,0],[81.22957,16.42555,0],[81.2131,16.42597,0],[81.20508,16.41214,0],[81.19937,16.38428,0],[81.17391,16.39239,0],[81.16814,16.41226,0],[81.14324,16.38331,0],[81.1386,16.38314,0],[81.13691,16.37505,0],[81.10504,16.35462,0],[81.09999,16.34089,0],[81.10514,16.33214,0],[81.11819,16.32822,0],[81.13503,16.31442,0],[81.12277,16.29339,0],[81.12189,16.28062,0],[81.09629,16.2844,0],[81.09455,16.29908,0],[81.07845,16.30916,0],[81.04567,16.2832,0],[81.04832,16.26059,0],[81.03118,16.23915,0],[81.02827,16.22727,0],[80.99902,16.23012,0],[80.98093,16.19424,0],[80.98222,16.18237,0],[81.01391,16.17877,0],[81.01454,16.16565,0],[81.03484,16.16485,0],[81.04829,16.15227,0],[81.06897,16.1432,0],[81.07816,16.14937,0],[81.08613,16.16506,0],[81.09949,16.17135,0],[81.10049,16.17687,0],[81.08089,16.1951,0],[81.11058,16.2176,0],[81.11729,16.23184,0],[81.17126,16.26668,0],[81.18524,16.26611,0],[81.19528,16.25828,0],[81.20457,16.26616,0],[81.21115,16.26576,0],[81.21504,16.28738,0],[81.25219,16.3038,0],[81.26007,16.30011,0],[81.26287,16.29336,0],[81.25888,16.27723,0],[81.26501,16.2785,0],[81.32428,16.31448,0],[81.39244,16.34268,0],[81.48718,16.35544,0],[81.53035,16.35374,0],[81.55536,16.34727,0],[81.54668,16.37834,0],[81.52271,16.38104,0],[81.51271,16.37034,0],[81.49652,16.36994,0],[81.48826,16.37343,0],[81.48035,16.38813,0],[81.46992,16.39854,0],[81.45369,16.40509,0],[81.43767,16.39852,0],[81.42685,16.4112,0],[81.42584,16.41941,0],[81.41373,16.41967,0],[81.39948,16.43164,0]]]}},{"type":"Feature","properties":{"stroke":"#ff0000","stroke-opacity":1,"fill-opacity":0,"ST_CODE":"28","ST_NAME":"ANDHRA PRADESH","DT_CODE":"17","DIST_NAME":"GUNTUR","AC_NO":99,"AC_NAME":"Vinukonda","PC_NO":"31","PC_NAME":"NARASARAOPET","PC_ID":"2831","Shape_Leng":"225689.70570200001","Shape_Area":"1623320844.78000000000","MaxSimpTol":"300.00000000000","MinSimpTol":"300.00000000000","visibility":"0","STATUS":"Post bifurcation 2014, renumbered to 2019 seats"},"geometry":{"type":"Polygon","coordinates":[[[79.77722,16.37126,0],[79.72611,16.3726,0],[79.72117,16.36776,0],[79.6979,16.36359,0],[79.66576,16.36654,0],[79.64841,16.35356,0],[79.64458,16.35621,0],[79.64129,16.37975,0],[79.63195,16.37951,0],[79.61565,16.37248,0],[79.59368,16.35415,0],[79.58777,16.34408,0],[79.58832,16.32279,0],[79.56186,16.3073,0],[79.54653,16.28957,0],[79.5666,16.27632,0],[79.55958,16.24162,0],[79.56308,16.22733,0],[79.55634,16.21449,0],[79.5603,16.20024,0],[79.5517,16.17932,0],[79.5381,16.17088,0],[79.54014,16.14954,0],[79.53655,16.14292,0],[79.54443,16.12048,0],[79.5543,16.11225,0],[79.55386,16.08996,0],[79.54654,16.07674,0],[79.54735,16.06782,0],[79.56384,16.03303,0],[79.56112,16.02925,0],[79.56712,16.01798,0],[79.56292,16.01247,0],[79.57242,16.00482,0],[79.55954,15.96368,0],[79.5592,15.9482,0],[79.57242,15.93721,0],[79.58985,15.9405,0],[79.61546,15.93282,0],[79.61163,15.92236,0],[79.63586,15.90732,0],[79.65529,15.92095,0],[79.67626,15.90374,0],[79.69325,15.89833,0],[79.68855,15.8762,0],[79.71457,15.86762,0],[79.71979,15.85912,0],[79.71711,15.84552,0],[79.71064,15.83761,0],[79.73238,15.8358,0],[79.73877,15.82733,0],[79.74557,15.82561,0],[79.77088,15.82553,0],[79.77268,15.8425,0],[79.7542,15.84776,0],[79.74693,15.85956,0],[79.7539,15.87138,0],[79.75541,15.89994,0],[79.76312,15.90068,0],[79.78341,15.91504,0],[79.7912,15.94108,0],[79.84332,15.93003,0],[79.84826,15.92844,0],[79.84724,15.92282,0],[79.86989,15.91668,0],[79.878,15.92508,0],[79.87551,15.93557,0],[79.88006,15.94055,0],[79.89408,15.93966,0],[79.89683,15.94703,0],[79.90326,15.94273,0],[79.91232,15.96726,0],[79.8986,15.97108,0],[79.90263,15.98361,0],[79.89062,15.9878,0],[79.89039,15.9949,0],[79.87925,15.99967,0],[79.86291,15.99361,0],[79.8666,16.02172,0],[79.8698,16.03043,0],[79.88043,16.03908,0],[79.91745,16.04732,0],[79.92063,16.06126,0],[79.91579,16.075,0],[79.89553,16.0773,0],[79.89523,16.0874,0],[79.88365,16.08605,0],[79.88175,16.09244,0],[79.86854,16.09631,0],[79.87394,16.11229,0],[79.86919,16.11201,0],[79.86996,16.11806,0],[79.8752,16.12885,0],[79.86622,16.13515,0],[79.87821,16.1544,0],[79.87449,16.16937,0],[79.86538,16.16685,0],[79.85577,16.17044,0],[79.84808,16.16226,0],[79.84432,16.1686,0],[79.84776,16.20734,0],[79.86064,16.21465,0],[79.86696,16.24628,0],[79.85169,16.25842,0],[79.85897,16.27212,0],[79.85712,16.27971,0],[79.82439,16.29953,0],[79.79416,16.32549,0],[79.79438,16.33637,0],[79.8156,16.34202,0],[79.82107,16.35038,0],[79.79485,16.35462,0],[79.77722,16.37126,0]]]}},{"type":"Feature","properties":{"stroke":"#ff0000","stroke-opacity":1,"fill-opacity":0,"ST_CODE":"28","ST_NAME":"ANDHRA PRADESH","DT_CODE":"17","DIST_NAME":"GUNTUR","AC_NO":95,"AC_NAME":"Guntur East","PC_NO":"30","PC_NAME":"GUNTUR","PC_ID":"2830","Shape_Leng":"45438.31499800000","Shape_Area":"82345453.99220000200","MaxSimpTol":"300.00000000000","MinSimpTol":"300.00000000000","visibility":"0","STATUS":"Post bifurcation 2014, renumbered to 2019 seats"},"geometry":{"type":"Polygon","coordinates":[[[80.47998,16.37717,0],[80.45417,16.38306,0],[80.44613,16.37553,0],[80.44061,16.35747,0],[80.42963,16.35238,0],[80.42604,16.34512,0],[80.43219,16.33816,0],[80.43621,16.31883,0],[80.43119,16.2837,0],[80.43535,16.24404,0],[80.45385,16.2333,0],[80.46309,16.23579,0],[80.46973,16.24235,0],[80.49493,16.24017,0],[80.49517,16.25681,0],[80.50523,16.26784,0],[80.4769,16.29628,0],[80.48613,16.3119,0],[80.47126,16.32506,0],[80.48394,16.34592,0],[80.47998,16.37717,0]]]}},{"type":"Feature","properties":{"stroke":"#ff0000","stroke-opacity":1,"fill-opacity":0,"ST_CODE":"28","ST_NAME":"ANDHRA PRADESH","DT_CODE":"17","DIST_NAME":"GUNTUR","AC_NO":88,"AC_NAME":"Ponnur","PC_NO":"30","PC_NAME":"GUNTUR","PC_ID":"2830","Shape_Leng":"134731.79691800001","Shape_Area":"419914710.14800000000","MaxSimpTol":"300.00000000000","MinSimpTol":"300.00000000000","visibility":"0","STATUS":"Post bifurcation 2014, renumbered to 2019 seats"},"geometry":{"type":"Polygon","coordinates":[[[80.47998,16.37717,0],[80.48394,16.34592,0],[80.47126,16.32506,0],[80.48613,16.3119,0],[80.4769,16.29628,0],[80.50523,16.26784,0],[80.49517,16.25681,0],[80.49493,16.24017,0],[80.46973,16.24235,0],[80.46309,16.23579,0],[80.46072,16.22067,0],[80.45078,16.20277,0],[80.46831,16.19565,0],[80.47634,16.18349,0],[80.4978,16.18077,0],[80.49995,16.17155,0],[80.49324,16.13825,0],[80.47897,16.12697,0],[80.48021,16.10655,0],[80.47434,16.09346,0],[80.47994,16.05232,0],[80.47487,16.04501,0],[80.45116,16.0325,0],[80.4647,16.02118,0],[80.46546,16.00664,0],[80.47184,16.00176,0],[80.49292,16.00131,0],[80.49968,15.98973,0],[80.52526,16.00798,0],[80.52708,15.99152,0],[80.53917,15.99082,0],[80.54745,16.00386,0],[80.5575,16.01014,0],[80.55811,16.0221,0],[80.56449,16.02443,0],[80.57868,16.0194,0],[80.58848,16.02731,0],[80.5855,16.04009,0],[80.59508,16.0426,0],[80.58752,16.06871,0],[80.59412,16.10131,0],[80.57993,16.10943,0],[80.56434,16.14658,0],[80.559,16.15011,0],[80.5792,16.16961,0],[80.5805,16.22211,0],[80.57133,16.23023,0],[80.56867,16.24126,0],[80.59899,16.25282,0],[80.60553,16.27792,0],[80.59605,16.28633,0],[80.5426,16.29053,0],[80.56623,16.31682,0],[80.55607,16.32478,0],[80.56666,16.35064,0],[80.56168,16.35873,0],[80.51664,16.37421,0],[80.47998,16.37717,0]]]}},{"type":"Feature","properties":{"stroke":"#ff0000","stroke-opacity":1,"fill-opacity":0,"ST_CODE":"28","ST_NAME":"ANDHRA PRADESH","DT_CODE":"17","DIST_NAME":"GUNTUR","AC_NO":91,"AC_NAME":"Tenali","PC_NO":"30","PC_NAME":"GUNTUR","PC_ID":"2830","Shape_Leng":"98004.53274450000","Shape_Area":"254840187.51600000000","MaxSimpTol":"300.00000000000","MinSimpTol":"300.00000000000","visibility":"0","STATUS":"Post bifurcation 2014, renumbered to 2019 seats"},"geometry":{"type":"Polygon","coordinates":[[[80.72658,16.37884,0],[80.70689,16.36445,0],[80.70069,16.34626,0],[80.67673,16.34144,0],[80.68102,16.32773,0],[80.69456,16.32474,0],[80.69881,16.31678,0],[80.67366,16.2918,0],[80.6363,16.29083,0],[80.63014,16.29637,0],[80.63235,16.3093,0],[80.61344,16.31863,0],[80.56623,16.31682,0],[80.5426,16.29053,0],[80.59605,16.28633,0],[80.60553,16.27792,0],[80.59899,16.25282,0],[80.56867,16.24126,0],[80.57133,16.23023,0],[80.5805,16.22211,0],[80.59837,16.22886,0],[80.63861,16.20435,0],[80.64555,16.19194,0],[80.66342,16.18817,0],[80.67983,16.19403,0],[80.69291,16.21747,0],[80.70532,16.22383,0],[80.71618,16.22382,0],[80.73335,16.21218,0],[80.74944,16.22532,0],[80.74932,16.23913,0],[80.75392,16.24632,0],[80.78703,16.2409,0],[80.80269,16.24264,0],[80.79787,16.28316,0],[80.78483,16.28832,0],[80.74844,16.32979,0],[80.72658,16.37884,0]]]}},{"type":"Feature","properties":{"stroke":"#ff0000","stroke-opacity":1,"fill-opacity":0,"ST_CODE":"28","ST_NAME":"ANDHRA PRADESH","DT_CODE":"17","DIST_NAME":"GUNTUR","AC_NO":94,"AC_NAME":"Guntur West","PC_NO":"30","PC_NAME":"GUNTUR","PC_ID":"2830","Shape_Leng":"39456.16905870000","Shape_Area":"71949815.24220000200","MaxSimpTol":"300.00000000000","MinSimpTol":"300.00000000000","visibility":"0","STATUS":"Post bifurcation 2014, renumbered to 2019 seats"},"geometry":{"type":"Polygon","coordinates":[[[80.42604,16.34512,0],[80.41753,16.34751,0],[80.41429,16.35954,0],[80.38757,16.34458,0],[80.37777,16.35848,0],[80.36148,16.35513,0],[80.35297,16.34111,0],[80.35993,16.32203,0],[80.35313,16.31307,0],[80.36271,16.3111,0],[80.39447,16.26685,0],[80.39428,16.26022,0],[80.40896,16.24819,0],[80.43535,16.24404,0],[80.43119,16.2837,0],[80.43621,16.31883,0],[80.43219,16.33816,0],[80.42604,16.34512,0]]]}},{"type":"Feature","properties":{"stroke":"#ff0000","stroke-opacity":1,"fill-opacity":0,"ST_CODE":"28","ST_NAME":"ANDHRA PRADESH","DT_CODE":"17","DIST_NAME":"GUNTUR","AC_NO":97,"AC_NAME":"Narasaraopet","PC_NO":"31","PC_NAME":"NARASARAOPET","PC_ID":"2831","Shape_Leng":"120252.78761200000","Shape_Area":"424272227.26599997000","MaxSimpTol":"300.00000000000","MinSimpTol":"300.00000000000","visibility":"0","STATUS":"Post bifurcation 2014, renumbered to 2019 seats"},"geometry":{"type":"Polygon","coordinates":[[[79.92029,16.32273,0],[79.89852,16.33558,0],[79.89141,16.33452,0],[79.89408,16.31104,0],[79.90959,16.30025,0],[79.90512,16.28215,0],[79.90863,16.27009,0],[79.88458,16.25546,0],[79.87298,16.25315,0],[79.86696,16.24628,0],[79.86064,16.21465,0],[79.84776,16.20734,0],[79.84432,16.1686,0],[79.84808,16.16226,0],[79.85577,16.17044,0],[79.86538,16.16685,0],[79.87449,16.16937,0],[79.87821,16.1544,0],[79.90174,16.14953,0],[79.93272,16.13245,0],[79.93705,16.13944,0],[79.94481,16.13945,0],[79.95365,16.15219,0],[79.95133,16.16462,0],[79.97206,16.15509,0],[79.97609,16.15118,0],[79.97405,16.14634,0],[80.00057,16.14022,0],[79.99878,16.13652,0],[80.01084,16.12797,0],[80.01273,16.11706,0],[80.03186,16.11778,0],[80.04342,16.13018,0],[80.05034,16.13098,0],[80.05078,16.12572,0],[80.06737,16.12535,0],[80.07672,16.1303,0],[80.08623,16.1562,0],[80.10126,16.17226,0],[80.10091,16.18603,0],[80.08863,16.19406,0],[80.10095,16.23312,0],[80.09369,16.26702,0],[80.10071,16.27117,0],[80.12705,16.26815,0],[80.11793,16.28692,0],[80.09491,16.27928,0],[80.06814,16.28454,0],[80.06093,16.29268,0],[80.05943,16.31504,0],[80.04154,16.32613,0],[80.02042,16.30469,0],[80.01969,16.27878,0],[79.98555,16.27147,0],[79.96878,16.27466,0],[79.96957,16.29444,0],[79.95148,16.29896,0],[79.94393,16.3253,0],[79.93296,16.33192,0],[79.92631,16.32214,0],[79.92029,16.32273,0]]]}},{"type":"Feature","properties":{"stroke":"#ff0000","stroke-opacity":1,"fill-opacity":0,"ST_CODE":"28","ST_NAME":"ANDHRA PRADESH","DT_CODE":"18","DIST_NAME":"PRAKASAM","AC_NO":102,"AC_NAME":"Yerragondapalem (SC)","PC_NO":"33","PC_NAME":"ONGOLE","PC_ID":"2833","Shape_Leng":"298580.46765700000","Shape_Area":"3313820215.98999980000","MaxSimpTol":"300.00000000000","MinSimpTol":"300.00000000000","visibility":"0","STATUS":"Post bifurcation 2014, renumbered to 2019 seats"},"geometry":{"type":"Polygon","coordinates":[[[79.54653,16.28957,0],[79.53622,16.30602,0],[79.52794,16.29731,0],[79.50025,16.29077,0],[79.47332,16.29086,0],[79.44727,16.30288,0],[79.37122,16.23304,0],[79.32557,16.22854,0],[79.2957,16.21466,0],[79.25927,16.1939,0],[79.24952,16.17998,0],[79.22188,16.16358,0],[79.2157,16.18407,0],[79.21584,16.22713,0],[79.19231,16.21644,0],[79.15923,16.20896,0],[79.12167,16.23282,0],[79.0995,16.22346,0],[79.08278,16.23107,0],[79.07112,16.22778,0],[79.05093,16.23839,0],[79.01284,16.24093,0],[78.98578,16.21106,0],[78.96034,16.20942,0],[78.90547,16.18394,0],[78.90415,16.1768,0],[78.91476,16.14967,0],[78.92394,16.13771,0],[78.9227,16.12692,0],[78.93111,16.09291,0],[78.91089,15.96877,0],[78.83698,15.90712,0],[78.80977,15.86747,0],[78.79247,15.77214,0],[78.79634,15.77591,0],[78.83774,15.7806,0],[78.90956,15.78074,0],[78.9431,15.7917,0],[78.96982,15.80681,0],[78.99161,15.8066,0],[79.00001,15.79205,0],[79.00721,15.76054,0],[79.03242,15.72323,0],[79.05524,15.71939,0],[79.0884,15.74023,0],[79.10139,15.74342,0],[79.1101,15.73635,0],[79.12519,15.69205,0],[79.1246,15.66851,0],[79.13344,15.66949,0],[79.14706,15.68762,0],[79.15572,15.68878,0],[79.18037,15.72249,0],[79.18143,15.72944,0],[79.17387,15.73561,0],[79.17795,15.75677,0],[79.1933,15.76309,0],[79.21014,15.79025,0],[79.2217,15.78926,0],[79.24174,15.77925,0],[79.26246,15.77743,0],[79.26982,15.7725,0],[79.27323,15.75884,0],[79.2829,15.76599,0],[79.2913,15.75596,0],[79.31228,15.77276,0],[79.32497,15.805,0],[79.32583,15.81744,0],[79.33238,15.82756,0],[79.36958,15.85476,0],[79.40181,15.89334,0],[79.42518,15.91012,0],[79.43071,15.92399,0],[79.45111,15.93218,0],[79.4592,15.94871,0],[79.47484,15.95421,0],[79.51141,15.94898,0],[79.54577,15.99315,0],[79.57242,16.00482,0],[79.56292,16.01247,0],[79.56712,16.01798,0],[79.56112,16.02925,0],[79.56384,16.03303,0],[79.54735,16.06782,0],[79.54654,16.07674,0],[79.55386,16.08996,0],[79.5543,16.11225,0],[79.54443,16.12048,0],[79.53655,16.14292,0],[79.54014,16.14954,0],[79.5381,16.17088,0],[79.5517,16.17932,0],[79.5603,16.20024,0],[79.55634,16.21449,0],[79.56308,16.22733,0],[79.55958,16.24162,0],[79.5666,16.27632,0],[79.54653,16.28957,0]]]}},{"type":"Feature","properties":{"stroke":"#ff0000","stroke-opacity":1,"fill-opacity":0,"ST_CODE":"28","ST_NAME":"ANDHRA PRADESH","DT_CODE":"17","DIST_NAME":"GUNTUR","AC_NO":93,"AC_NAME":"Prathipadu (SC)","PC_NO":"30","PC_NAME":"GUNTUR","PC_ID":"2830","Shape_Leng":"130403.43989400000","Shape_Area":"572038863.34399998000","MaxSimpTol":"300.00000000000","MinSimpTol":"300.00000000000","visibility":"0","STATUS":"Post bifurcation 2014, renumbered to 2019 seats"},"geometry":{"type":"Polygon","coordinates":[[[80.35058,16.28063,0],[80.32035,16.24057,0],[80.30732,16.23244,0],[80.30081,16.21688,0],[80.28314,16.2089,0],[80.27448,16.19151,0],[80.26026,16.18455,0],[80.26227,16.15672,0],[80.27771,16.13834,0],[80.27071,16.12081,0],[80.28539,16.10726,0],[80.28812,16.09878,0],[80.27777,16.08799,0],[80.25706,16.09059,0],[80.21949,16.08206,0],[80.21774,16.077,0],[80.22573,16.06842,0],[80.22671,16.05686,0],[80.23884,16.04482,0],[80.24014,16.05259,0],[80.26105,16.04604,0],[80.26248,16.05363,0],[80.28366,16.04949,0],[80.29352,16.05356,0],[80.30088,16.05005,0],[80.30193,16.05575,0],[80.30577,16.05438,0],[80.31845,16.04493,0],[80.31383,16.02916,0],[80.32796,16.02523,0],[80.32542,16.01908,0],[80.33553,16.01535,0],[80.34546,16.02899,0],[80.35859,16.02713,0],[80.35888,16.022,0],[80.37179,16.01334,0],[80.42621,15.99986,0],[80.4231,15.97382,0],[80.4537,15.98166,0],[80.45821,16.00176,0],[80.46546,16.00664,0],[80.4647,16.02118,0],[80.45116,16.0325,0],[80.47487,16.04501,0],[80.47994,16.05232,0],[80.47434,16.09346,0],[80.48021,16.10655,0],[80.47897,16.12697,0],[80.49324,16.13825,0],[80.49995,16.17155,0],[80.4978,16.18077,0],[80.47634,16.18349,0],[80.46831,16.19565,0],[80.45078,16.20277,0],[80.46072,16.22067,0],[80.46309,16.23579,0],[80.45385,16.2333,0],[80.43535,16.24404,0],[80.40896,16.24819,0],[80.39428,16.26022,0],[80.39447,16.26685,0],[80.36271,16.3111,0],[80.35982,16.28945,0],[80.35058,16.28063,0]]]}},{"type":"Feature","properties":{"stroke":"#ff0000","stroke-opacity":1,"fill-opacity":0,"ST_CODE":"28","ST_NAME":"ANDHRA PRADESH","DT_CODE":"17","DIST_NAME":"GUNTUR","AC_NO":96,"AC_NAME":"Chilakaluripet","PC_NO":"31","PC_NAME":"NARASARAOPET","PC_ID":"2831","Shape_Leng":"139954.43717300001","Shape_Area":"525658666.04699999000","MaxSimpTol":"300.00000000000","MinSimpTol":"300.00000000000","visibility":"0","STATUS":"Post bifurcation 2014, renumbered to 2019 seats"},"geometry":{"type":"Polygon","coordinates":[[[80.33671,16.29683,0],[80.33353,16.30824,0],[80.32635,16.30835,0],[80.31011,16.29482,0],[80.30755,16.28181,0],[80.29159,16.27366,0],[80.28266,16.26189,0],[80.26977,16.25931,0],[80.24906,16.26658,0],[80.24013,16.26472,0],[80.23563,16.24484,0],[80.22955,16.24092,0],[80.21756,16.24326,0],[80.21446,16.24951,0],[80.18576,16.2684,0],[80.14906,16.25376,0],[80.12705,16.26815,0],[80.10071,16.27117,0],[80.09369,16.26702,0],[80.10095,16.23312,0],[80.08863,16.19406,0],[80.10091,16.18603,0],[80.10126,16.17226,0],[80.08623,16.1562,0],[80.07672,16.1303,0],[80.06737,16.12535,0],[80.05078,16.12572,0],[80.04062,16.09269,0],[80.04752,16.08558,0],[80.06789,16.09492,0],[80.07414,16.09233,0],[80.07082,16.0754,0],[80.08257,16.06325,0],[80.07997,16.0564,0],[80.08464,16.05185,0],[80.08874,16.01808,0],[80.09715,16.01145,0],[80.12062,16.02089,0],[80.13979,16.016,0],[80.13312,16.02004,0],[80.13731,16.04586,0],[80.15527,16.04594,0],[80.15485,16.04181,0],[80.18231,16.03476,0],[80.18156,16.02697,0],[80.18745,16.02566,0],[80.19011,16.03873,0],[80.22954,16.03205,0],[80.22981,16.03791,0],[80.23733,16.03739,0],[80.23884,16.04482,0],[80.22671,16.05686,0],[80.22573,16.06842,0],[80.21774,16.077,0],[80.21949,16.08206,0],[80.25706,16.09059,0],[80.27777,16.08799,0],[80.28812,16.09878,0],[80.28539,16.10726,0],[80.27071,16.12081,0],[80.27771,16.13834,0],[80.26227,16.15672,0],[80.26026,16.18455,0],[80.27448,16.19151,0],[80.28314,16.2089,0],[80.30081,16.21688,0],[80.30732,16.23244,0],[80.32035,16.24057,0],[80.35058,16.28063,0],[80.35131,16.29566,0],[80.3423,16.30119,0],[80.33671,16.29683,0]]]}},{"type":"Feature","properties":{"stroke":"#ff0000","stroke-opacity":1,"fill-opacity":0,"ST_CODE":"28","ST_NAME":"ANDHRA PRADESH","DT_CODE":"16","DIST_NAME":"KRISHNA","AC_NO":75,"AC_NAME":"Machilipatnam","PC_NO":"28","PC_NAME":"MACHILIPATNAM","PC_ID":"2828","Shape_Leng":"124097.47805700000","Shape_Area":"405485463.21899998000","MaxSimpTol":"300.00000000000","MinSimpTol":"300.00000000000","visibility":"0","STATUS":"Post bifurcation 2014, renumbered to 2019 seats"},"geometry":{"type":"Polygon","coordinates":[[[81.25219,16.3038,0],[81.21504,16.28738,0],[81.21115,16.26576,0],[81.20457,16.26616,0],[81.19528,16.25828,0],[81.18524,16.26611,0],[81.17126,16.26668,0],[81.11729,16.23184,0],[81.11058,16.2176,0],[81.08089,16.1951,0],[81.10049,16.17687,0],[81.09949,16.17135,0],[81.08613,16.16506,0],[81.07816,16.14937,0],[81.06897,16.1432,0],[81.04829,16.15227,0],[81.03699,16.14328,0],[80.99328,16.15051,0],[80.98063,16.14518,0],[80.97713,16.13913,0],[80.97669,16.13228,0],[80.98226,16.12944,0],[81.02398,16.13267,0],[81.02088,16.12284,0],[81.00139,16.11133,0],[81.0143,16.1019,0],[81.01641,16.0909,0],[81.04194,16.07847,0],[81.04665,16.05879,0],[81.06474,16.06144,0],[81.07092,16.05615,0],[81.0741,16.02989,0],[81.06572,16.01086,0],[81.06802,16.00531,0],[81.07898,16.00264,0],[81.09388,16.00766,0],[81.11708,16.00257,0],[81.12475,15.98542,0],[81.13921,15.96959,0],[81.14848,15.97562,0],[81.14268,15.99979,0],[81.14743,16.01996,0],[81.1956,16.1155,0],[81.21372,16.20759,0],[81.23794,16.24688,0],[81.26501,16.2785,0],[81.25888,16.27723,0],[81.26287,16.29336,0],[81.26007,16.30011,0],[81.25219,16.3038,0]]]}},{"type":"Feature","properties":{"stroke":"#ff0000","stroke-opacity":1,"fill-opacity":0,"ST_CODE":"28","ST_NAME":"ANDHRA PRADESH","DT_CODE":"17","DIST_NAME":"GUNTUR","AC_NO":89,"AC_NAME":"Vemuru (SC)","PC_NO":"32","PC_NAME":"BAPATLA (SC)","PC_ID":"2832","Shape_Leng":"131237.96234299999","Shape_Area":"511360822.00800002000","MaxSimpTol":"300.00000000000","MinSimpTol":"300.00000000000","visibility":"0","STATUS":"Post bifurcation 2014, renumbered to 2019 seats"},"geometry":{"type":"Polygon","coordinates":[[[80.80269,16.24264,0],[80.78703,16.2409,0],[80.75392,16.24632,0],[80.74932,16.23913,0],[80.74944,16.22532,0],[80.73335,16.21218,0],[80.71618,16.22382,0],[80.70532,16.22383,0],[80.69291,16.21747,0],[80.67983,16.19403,0],[80.66342,16.18817,0],[80.64555,16.19194,0],[80.63861,16.20435,0],[80.59837,16.22886,0],[80.5805,16.22211,0],[80.5792,16.16961,0],[80.559,16.15011,0],[80.56434,16.14658,0],[80.57993,16.10943,0],[80.59412,16.10131,0],[80.58752,16.06871,0],[80.59508,16.0426,0],[80.60691,16.04211,0],[80.61411,16.03612,0],[80.63451,16.04404,0],[80.64614,16.05479,0],[80.6553,16.05352,0],[80.66502,16.06577,0],[80.67909,16.06289,0],[80.69065,16.06907,0],[80.70179,16.10803,0],[80.73945,16.10915,0],[80.7423,16.08134,0],[80.74939,16.06105,0],[80.77075,16.06753,0],[80.77518,16.05654,0],[80.7713,16.04633,0],[80.79072,16.03549,0],[80.81477,16.04514,0],[80.81346,16.0632,0],[80.82614,16.0602,0],[80.83535,16.04474,0],[80.84382,16.04807,0],[80.8569,16.03799,0],[80.87704,16.05221,0],[80.88159,16.0646,0],[80.88075,16.06877,0],[80.87145,16.06872,0],[80.87519,16.07034,0],[80.87548,16.07997,0],[80.87233,16.0896,0],[80.86628,16.09133,0],[80.86774,16.10577,0],[80.85495,16.10437,0],[80.86351,16.13297,0],[80.82816,16.19923,0],[80.84116,16.21586,0],[80.82355,16.21783,0],[80.82028,16.21827,0],[80.81733,16.24115,0],[80.80269,16.24264,0]]]}},{"type":"Feature","properties":{"stroke":"#ff0000","stroke-opacity":1,"fill-opacity":0,"ST_CODE":"28","ST_NAME":"ANDHRA PRADESH","DT_CODE":"16","DIST_NAME":"KRISHNA","AC_NO":76,"AC_NAME":"Avanigadda","PC_NO":"28","PC_NAME":"MACHILIPATNAM","PC_ID":"2828","Shape_Leng":"221955.07971799999","Shape_Area":"962999982.07000005000","MaxSimpTol":"300.00000000000","MinSimpTol":"300.00000000000","visibility":"0","STATUS":"Post bifurcation 2014, renumbered to 2019 seats"},"geometry":{"type":"GeometryCollection","geometries":[{"type":"Polygon","coordinates":[[[80.9287,15.71481,0],[80.93104,15.71809,0],[80.92863,15.71653,0],[80.9287,15.71481,0]]]},{"type":"Polygon","coordinates":[[[81.007,15.79104,0],[81.00799,15.79574,0],[81.00584,15.79149,0],[81.007,15.79104,0]]]},{"type":"Polygon","coordinates":[[[81.01655,15.8065,0],[81.0052,15.81631,0],[81.0119,15.8087,0],[81.00809,15.79934,0],[81.01242,15.80419,0],[81.01932,15.79323,0],[81.01655,15.8065,0]]]},{"type":"Polygon","coordinates":[[[80.85468,16.21929,0],[80.82355,16.21783,0],[80.84116,16.21586,0],[80.82816,16.19923,0],[80.86351,16.13297,0],[80.85495,16.10437,0],[80.86774,16.10577,0],[80.86628,16.09133,0],[80.87233,16.0896,0],[80.87548,16.07997,0],[80.87519,16.07034,0],[80.87145,16.06872,0],[80.88075,16.06877,0],[80.88159,16.0646,0],[80.87704,16.05221,0],[80.89136,16.00115,0],[80.89022,15.96113,0],[80.8967,15.96533,0],[80.89871,15.93557,0],[80.89492,15.92312,0],[80.90321,15.91743,0],[80.8863,15.85652,0],[80.88075,15.85728,0],[80.87265,15.84636,0],[80.86241,15.82512,0],[80.86166,15.8095,0],[80.85596,15.80698,0],[80.83828,15.7633,0],[80.8322,15.74214,0],[80.83262,15.70704,0],[80.92801,15.72199,0],[80.93875,15.7166,0],[80.96156,15.72795,0],[80.962,15.73314,0],[80.97338,15.73505,0],[81.00819,15.75412,0],[81.01444,15.77227,0],[81.00908,15.78903,0],[81.00541,15.78949,0],[81.00601,15.78402,0],[81.00283,15.78631,0],[80.99526,15.80351,0],[81.0009,15.83243,0],[81.00288,15.8225,0],[81.00688,15.82101,0],[81.00337,15.83455,0],[81.01487,15.85096,0],[81.07147,15.9115,0],[81.13465,15.96635,0],[81.11996,15.99345,0],[81.10997,16.00121,0],[81.09133,16.00493,0],[81.07502,15.9988,0],[81.06364,16.00478,0],[81.0628,16.01346,0],[81.07112,16.02784,0],[81.07116,16.04923,0],[81.05739,16.05847,0],[81.04476,16.05789,0],[81.03831,16.07828,0],[81.01495,16.08794,0],[81.00423,16.08713,0],[81.00566,16.05697,0],[80.99832,16.04765,0],[81.0037,16.06064,0],[81.00047,16.08875,0],[81.01641,16.0909,0],[81.0143,16.1019,0],[81.00139,16.11133,0],[81.02088,16.12284,0],[81.02398,16.13267,0],[80.98226,16.12944,0],[80.97669,16.13228,0],[80.97713,16.13913,0],[80.98063,16.14518,0],[80.99328,16.15051,0],[81.03699,16.14328,0],[81.04829,16.15227,0],[81.03484,16.16485,0],[81.01454,16.16565,0],[81.01391,16.17877,0],[80.98222,16.18237,0],[80.98093,16.19424,0],[80.96896,16.2046,0],[80.95299,16.20296,0],[80.9449,16.20766,0],[80.93092,16.20314,0],[80.91973,16.20947,0],[80.9094,16.20506,0],[80.90569,16.21251,0],[80.89526,16.21531,0],[80.89305,16.2206,0],[80.85468,16.21929,0]]]}]}},{"type":"Feature","properties":{"stroke":"#ff0000","stroke-opacity":1,"fill-opacity":0,"ST_CODE":"28","ST_NAME":"ANDHRA PRADESH","DT_CODE":"21","DIST_NAME":"KURNOOL","AC_NO":135,"AC_NAME":"Srisailam","PC_NO":"34","PC_NAME":"NANDYAL","PC_ID":"2834","Shape_Leng":"285886.34113999997","Shape_Area":"2119489404.38000010000","MaxSimpTol":"300.00000000000","MinSimpTol":"300.00000000000","visibility":"0","STATUS":"Post bifurcation 2014, renumbered to 2019 seats"},"geometry":{"type":"Polygon","coordinates":[[[78.9227,16.12692,0],[78.92136,16.10312,0],[78.88958,16.085,0],[78.87295,16.1436,0],[78.85477,16.14915,0],[78.83545,16.14582,0],[78.83312,16.13767,0],[78.84249,16.09555,0],[78.84036,16.07848,0],[78.81948,16.04865,0],[78.80128,16.03812,0],[78.7919,16.02467,0],[78.75108,16.01609,0],[78.73558,16.00849,0],[78.72365,16.02046,0],[78.68569,16.03321,0],[78.62422,15.97988,0],[78.57781,15.95407,0],[78.56834,15.93529,0],[78.53764,15.91567,0],[78.53986,15.90235,0],[78.55396,15.88682,0],[78.5379,15.86182,0],[78.5552,15.85149,0],[78.56086,15.84324,0],[78.55836,15.83221,0],[78.54484,15.82413,0],[78.55049,15.81541,0],[78.54609,15.80634,0],[78.56077,15.79384,0],[78.55426,15.78357,0],[78.52818,15.76381,0],[78.54332,15.75577,0],[78.54219,15.74594,0],[78.52076,15.73769,0],[78.48746,15.74491,0],[78.48568,15.73892,0],[78.49958,15.71525,0],[78.47733,15.71312,0],[78.46801,15.72478,0],[78.46078,15.72455,0],[78.43879,15.70329,0],[78.43658,15.69421,0],[78.45316,15.68024,0],[78.45871,15.66211,0],[78.47887,15.65665,0],[78.48111,15.65175,0],[78.48107,15.63556,0],[78.46587,15.62888,0],[78.46328,15.62234,0],[78.51012,15.60343,0],[78.5037,15.59173,0],[78.47217,15.59084,0],[78.46844,15.57979,0],[78.45479,15.57908,0],[78.45432,15.56603,0],[78.47142,15.54566,0],[78.49708,15.54369,0],[78.49327,15.51659,0],[78.50922,15.51044,0],[78.51853,15.49843,0],[78.51656,15.48505,0],[78.50272,15.49098,0],[78.49413,15.48712,0],[78.4967,15.47998,0],[78.51528,15.47529,0],[78.52166,15.46226,0],[78.51585,15.43281,0],[78.4933,15.43383,0],[78.48654,15.42713,0],[78.48673,15.42121,0],[78.49973,15.40472,0],[78.52405,15.41912,0],[78.52796,15.43442,0],[78.53389,15.43773,0],[78.5556,15.4259,0],[78.56727,15.40946,0],[78.59041,15.3964,0],[78.61124,15.40423,0],[78.62868,15.39558,0],[78.65637,15.39522,0],[78.71195,15.40286,0],[78.77135,15.42065,0],[78.76935,15.46528,0],[78.77674,15.53368,0],[78.7696,15.63472,0],[78.7715,15.66478,0],[78.79247,15.77214,0],[78.80977,15.86747,0],[78.83698,15.90712,0],[78.91089,15.96877,0],[78.93111,16.09291,0],[78.9227,16.12692,0]]]}},{"type":"Feature","properties":{"stroke":"#ff0000","stroke-opacity":1,"fill-opacity":0,"ST_CODE":"28","ST_NAME":"ANDHRA PRADESH","DT_CODE":"18","DIST_NAME":"PRAKASAM","AC_NO":105,"AC_NAME":"Addanki","PC_NO":"32","PC_NAME":"BAPATLA (SC)","PC_ID":"2832","Shape_Leng":"209477.72686200001","Shape_Area":"991193496.26600003000","MaxSimpTol":"300.00000000000","MinSimpTol":"300.00000000000","visibility":"0","STATUS":"Post bifurcation 2014, renumbered to 2019 seats"},"geometry":{"type":"Polygon","coordinates":[[[80.05078,16.12572,0],[80.05034,16.13098,0],[80.04342,16.13018,0],[80.03186,16.11778,0],[80.01273,16.11706,0],[80.01084,16.12797,0],[79.99878,16.13652,0],[80.00057,16.14022,0],[79.97405,16.14634,0],[79.97609,16.15118,0],[79.97206,16.15509,0],[79.95133,16.16462,0],[79.95365,16.15219,0],[79.94481,16.13945,0],[79.93705,16.13944,0],[79.93272,16.13245,0],[79.90174,16.14953,0],[79.87821,16.1544,0],[79.86622,16.13515,0],[79.8752,16.12885,0],[79.86996,16.11806,0],[79.86919,16.11201,0],[79.87394,16.11229,0],[79.86854,16.09631,0],[79.88175,16.09244,0],[79.88365,16.08605,0],[79.89523,16.0874,0],[79.89553,16.0773,0],[79.91579,16.075,0],[79.92063,16.06126,0],[79.91745,16.04732,0],[79.88043,16.03908,0],[79.8698,16.03043,0],[79.8666,16.02172,0],[79.86291,15.99361,0],[79.87925,15.99967,0],[79.89039,15.9949,0],[79.89062,15.9878,0],[79.90263,15.98361,0],[79.8986,15.97108,0],[79.91232,15.96726,0],[79.90326,15.94273,0],[79.89683,15.94703,0],[79.89408,15.93966,0],[79.88006,15.94055,0],[79.87551,15.93557,0],[79.878,15.92508,0],[79.86989,15.91668,0],[79.88155,15.90964,0],[79.89218,15.8805,0],[79.91385,15.86841,0],[79.91604,15.85353,0],[79.9359,15.84527,0],[79.93921,15.83985,0],[79.93644,15.83089,0],[79.91601,15.82512,0],[79.90745,15.81582,0],[79.90769,15.79054,0],[79.90343,15.77758,0],[79.90868,15.74852,0],[79.89067,15.71447,0],[79.88988,15.70413,0],[79.89781,15.70807,0],[79.92628,15.69567,0],[79.9595,15.7194,0],[79.98013,15.70376,0],[80.01062,15.69441,0],[80.0212,15.70951,0],[80.03033,15.71064,0],[80.0615,15.69375,0],[80.074,15.69217,0],[80.09647,15.67343,0],[80.10546,15.67245,0],[80.11571,15.67991,0],[80.1009,15.69826,0],[80.09988,15.70526,0],[80.12595,15.69563,0],[80.13999,15.70437,0],[80.15351,15.72442,0],[80.12921,15.74599,0],[80.15242,15.78103,0],[80.15235,15.81028,0],[80.14142,15.82146,0],[80.13387,15.86318,0],[80.12017,15.86645,0],[80.11162,15.8883,0],[80.10081,15.8855,0],[80.0851,15.88859,0],[80.02479,15.92027,0],[80.02122,15.92843,0],[80.01888,15.95793,0],[80.02563,15.98491,0],[80.03477,15.99461,0],[80.05779,15.99934,0],[80.08874,16.01808,0],[80.08464,16.05185,0],[80.07997,16.0564,0],[80.08257,16.06325,0],[80.07082,16.0754,0],[80.07414,16.09233,0],[80.06789,16.09492,0],[80.04752,16.08558,0],[80.04062,16.09269,0],[80.05078,16.12572,0]]]}},{"type":"Feature","properties":{"stroke":"#ff0000","stroke-opacity":1,"fill-opacity":0,"ST_CODE":"28","ST_NAME":"ANDHRA PRADESH","DT_CODE":"21","DIST_NAME":"KURNOOL","AC_NO":136,"AC_NAME":"Nandikotkur (SC)","PC_NO":"34","PC_NAME":"NANDYAL","PC_ID":"2834","Shape_Leng":"213127.49264099999","Shape_Area":"1591421480.55000000000","MaxSimpTol":"300.00000000000","MinSimpTol":"300.00000000000","visibility":"0","STATUS":"Post bifurcation 2014, renumbered to 2019 seats"},"geometry":{"type":"Polygon","coordinates":[[[78.68569,16.03321,0],[78.65038,16.07282,0],[78.64981,16.07951,0],[78.6325,16.08679,0],[78.61004,16.08742,0],[78.59872,16.08143,0],[78.58701,16.06373,0],[78.54991,16.04303,0],[78.47487,16.06884,0],[78.40799,16.07515,0],[78.39772,16.06647,0],[78.38448,16.06495,0],[78.36551,16.04713,0],[78.34782,16.04783,0],[78.32665,16.03709,0],[78.32202,16.01746,0],[78.31235,16.01186,0],[78.29951,16.0119,0],[78.27728,16.02467,0],[78.26096,16.02617,0],[78.2556,16.01321,0],[78.25908,15.99265,0],[78.2511,15.97296,0],[78.2511,15.93513,0],[78.23224,15.92434,0],[78.18454,15.91017,0],[78.17955,15.90228,0],[78.19005,15.89262,0],[78.17679,15.87711,0],[78.17544,15.85838,0],[78.15888,15.85411,0],[78.13565,15.85505,0],[78.13019,15.85105,0],[78.1343,15.83691,0],[78.14618,15.81406,0],[78.13621,15.80257,0],[78.14039,15.79027,0],[78.14854,15.78507,0],[78.17362,15.78255,0],[78.17937,15.77673,0],[78.14552,15.74871,0],[78.1469,15.74174,0],[78.16183,15.73105,0],[78.17008,15.71149,0],[78.18321,15.70196,0],[78.19162,15.68812,0],[78.23566,15.69699,0],[78.24562,15.69321,0],[78.24822,15.68667,0],[78.26481,15.68692,0],[78.29189,15.66988,0],[78.31406,15.66376,0],[78.32947,15.67866,0],[78.33706,15.67996,0],[78.341,15.65891,0],[78.3487,15.6511,0],[78.37935,15.65654,0],[78.37892,15.679,0],[78.39428,15.69854,0],[78.40276,15.71782,0],[78.42452,15.70894,0],[78.42983,15.70094,0],[78.43879,15.70329,0],[78.46078,15.72455,0],[78.46801,15.72478,0],[78.47733,15.71312,0],[78.49958,15.71525,0],[78.48568,15.73892,0],[78.48746,15.74491,0],[78.52076,15.73769,0],[78.54219,15.74594,0],[78.54332,15.75577,0],[78.52818,15.76381,0],[78.55426,15.78357,0],[78.56077,15.79384,0],[78.54609,15.80634,0],[78.55049,15.81541,0],[78.54484,15.82413,0],[78.55836,15.83221,0],[78.56086,15.84324,0],[78.5552,15.85149,0],[78.5379,15.86182,0],[78.55396,15.88682,0],[78.53986,15.90235,0],[78.53764,15.91567,0],[78.56834,15.93529,0],[78.57781,15.95407,0],[78.62422,15.97988,0],[78.68569,16.03321,0]]]}},{"type":"Feature","properties":{"stroke":"#ff0000","stroke-opacity":1,"fill-opacity":0,"ST_CODE":"28","ST_NAME":"ANDHRA PRADESH","DT_CODE":"17","DIST_NAME":"GUNTUR","AC_NO":90,"AC_NAME":"Repalle","PC_NO":"32","PC_NAME":"BAPATLA (SC)","PC_ID":"2832","Shape_Leng":"203849.11471600001","Shape_Area":"667308947.10200000000","MaxSimpTol":"300.00000000000","MinSimpTol":"150.00000000000","visibility":"0","STATUS":"Post bifurcation 2014, renumbered to 2019 seats"},"geometry":{"type":"GeometryCollection","geometries":[{"type":"Polygon","coordinates":[[[80.81264,15.73018,0],[80.81295,15.73182,0],[80.81141,15.73315,0],[80.81264,15.73018,0]]]},{"type":"Polygon","coordinates":[[[80.79406,15.75353,0],[80.79569,15.75542,0],[80.79397,15.75449,0],[80.79406,15.75353,0]]]},{"type":"Polygon","coordinates":[[[80.79252,15.75617,0],[80.79365,15.75727,0],[80.79352,15.75787,0],[80.79252,15.75617,0]]]},{"type":"Polygon","coordinates":[[[80.79276,15.75787,0],[80.79381,15.759,0],[80.79253,15.75818,0],[80.79276,15.75787,0]]]},{"type":"Polygon","coordinates":[[[80.79401,15.77059,0],[80.79251,15.77039,0],[80.79281,15.76896,0],[80.79401,15.77059,0]]]},{"type":"Polygon","coordinates":[[[80.79091,15.82814,0],[80.79243,15.83034,0],[80.78963,15.83232,0],[80.79091,15.82814,0]]]},{"type":"Polygon","coordinates":[[[80.78864,15.83698,0],[80.78914,15.83946,0],[80.78742,15.84284,0],[80.78864,15.83698,0]]]},{"type":"Polygon","coordinates":[[[80.78609,15.8551,0],[80.78354,15.85469,0],[80.78739,15.84484,0],[80.78609,15.8551,0]]]},{"type":"Polygon","coordinates":[[[80.77754,15.86372,0],[80.77529,15.86344,0],[80.78389,15.85783,0],[80.77754,15.86372,0]]]},{"type":"Polygon","coordinates":[[[80.73945,16.10915,0],[80.70179,16.10803,0],[80.69065,16.06907,0],[80.67909,16.06289,0],[80.66502,16.06577,0],[80.6553,16.05352,0],[80.64614,16.05479,0],[80.63451,16.04404,0],[80.61411,16.03612,0],[80.6191,16.00188,0],[80.63048,15.99878,0],[80.65029,16.00148,0],[80.65696,15.99146,0],[80.65405,15.97559,0],[80.62719,15.95933,0],[80.64041,15.94684,0],[80.65019,15.92479,0],[80.636,15.9175,0],[80.62237,15.92655,0],[80.61291,15.92611,0],[80.61748,15.90329,0],[80.60517,15.87068,0],[80.67665,15.88066,0],[80.68059,15.88578,0],[80.68591,15.8819,0],[80.72909,15.87887,0],[80.78191,15.86333,0],[80.80034,15.84835,0],[80.81257,15.83151,0],[80.81569,15.81126,0],[80.80243,15.81648,0],[80.80075,15.80621,0],[80.79142,15.82105,0],[80.79242,15.81585,0],[80.79066,15.81812,0],[80.78868,15.83275,0],[80.7858,15.83113,0],[80.77962,15.84128,0],[80.81106,15.76476,0],[80.81582,15.74096,0],[80.81326,15.72905,0],[80.82225,15.71081,0],[80.81141,15.72745,0],[80.81022,15.73565,0],[80.7912,15.75402,0],[80.79034,15.76905,0],[80.79963,15.77716,0],[80.79044,15.77024,0],[80.78841,15.75761,0],[80.79806,15.7428,0],[80.80921,15.73535,0],[80.80953,15.72258,0],[80.81569,15.71381,0],[80.82238,15.70926,0],[80.83262,15.70704,0],[80.8322,15.74214,0],[80.83828,15.7633,0],[80.85596,15.80698,0],[80.86166,15.8095,0],[80.86241,15.82512,0],[80.87265,15.84636,0],[80.88075,15.85728,0],[80.8863,15.85652,0],[80.90321,15.91743,0],[80.89492,15.92312,0],[80.89871,15.93557,0],[80.8967,15.96533,0],[80.89022,15.96113,0],[80.89136,16.00115,0],[80.87704,16.05221,0],[80.8569,16.03799,0],[80.84382,16.04807,0],[80.83535,16.04474,0],[80.82614,16.0602,0],[80.81346,16.0632,0],[80.81477,16.04514,0],[80.79072,16.03549,0],[80.7713,16.04633,0],[80.77518,16.05654,0],[80.77075,16.06753,0],[80.74939,16.06105,0],[80.7423,16.08134,0],[80.73945,16.10915,0]]]}]}},{"type":"Feature","properties":{"stroke":"#ff0000","stroke-opacity":1,"fill-opacity":0,"ST_CODE":"28","ST_NAME":"ANDHRA PRADESH","DT_CODE":"16","DIST_NAME":"KRISHNA","AC_NO":0,"PC_NO":"0","PC_ID":"2800","Shape_Leng":"60870.50233250000","Shape_Area":"9616028.52343999970","MaxSimpTol":"300.00000000000","MinSimpTol":"300.00000000000","visibility":"0","STATUS":"Post bifurcation 2014, renumbered to 2019 seats"},"geometry":{"type":"Polygon","coordinates":[[[81.01641,16.0909,0],[81.00047,16.08875,0],[81.0037,16.06064,0],[80.99832,16.04765,0],[81.00566,16.05697,0],[81.00423,16.08713,0],[81.01495,16.08794,0],[81.03831,16.07828,0],[81.04476,16.05789,0],[81.05739,16.05847,0],[81.07116,16.04923,0],[81.07112,16.02784,0],[81.0628,16.01346,0],[81.06364,16.00478,0],[81.07502,15.9988,0],[81.09133,16.00493,0],[81.10997,16.00121,0],[81.11996,15.99345,0],[81.13465,15.96635,0],[81.13921,15.96959,0],[81.12475,15.98542,0],[81.11708,16.00257,0],[81.09388,16.00766,0],[81.07898,16.00264,0],[81.06802,16.00531,0],[81.06572,16.01086,0],[81.0741,16.02989,0],[81.07092,16.05615,0],[81.06474,16.06144,0],[81.04665,16.05879,0],[81.04194,16.07847,0],[81.01641,16.0909,0]]]}},{"type":"Feature","properties":{"stroke":"#ff0000","stroke-opacity":1,"fill-opacity":0,"ST_CODE":"28","ST_NAME":"ANDHRA PRADESH","DT_CODE":"18","DIST_NAME":"PRAKASAM","AC_NO":104,"AC_NAME":"Parchur","PC_NO":"32","PC_NAME":"BAPATLA (SC)","PC_ID":"2832","Shape_Leng":"210882.45957499999","Shape_Area":"910831884.26600003000","MaxSimpTol":"300.00000000000","MinSimpTol":"300.00000000000","visibility":"0","STATUS":"Post bifurcation 2014, renumbered to 2019 seats"},"geometry":{"type":"Polygon","coordinates":[[[80.23884,16.04482,0],[80.23733,16.03739,0],[80.22981,16.03791,0],[80.22954,16.03205,0],[80.19011,16.03873,0],[80.18745,16.02566,0],[80.18156,16.02697,0],[80.18231,16.03476,0],[80.15485,16.04181,0],[80.15527,16.04594,0],[80.13731,16.04586,0],[80.13312,16.02004,0],[80.13979,16.016,0],[80.12062,16.02089,0],[80.09715,16.01145,0],[80.08874,16.01808,0],[80.05779,15.99934,0],[80.03477,15.99461,0],[80.02563,15.98491,0],[80.01888,15.95793,0],[80.02122,15.92843,0],[80.02479,15.92027,0],[80.0851,15.88859,0],[80.10081,15.8855,0],[80.11162,15.8883,0],[80.12017,15.86645,0],[80.13387,15.86318,0],[80.14142,15.82146,0],[80.15235,15.81028,0],[80.15242,15.78103,0],[80.12921,15.74599,0],[80.15351,15.72442,0],[80.17332,15.74448,0],[80.17811,15.76759,0],[80.19701,15.76115,0],[80.19184,15.72502,0],[80.17414,15.70067,0],[80.16721,15.66012,0],[80.17194,15.62658,0],[80.22172,15.61803,0],[80.24009,15.60616,0],[80.2696,15.66597,0],[80.30208,15.70908,0],[80.28105,15.72662,0],[80.26927,15.74886,0],[80.25057,15.75198,0],[80.24121,15.76219,0],[80.22998,15.76498,0],[80.2087,15.78168,0],[80.21235,15.84184,0],[80.27493,15.80342,0],[80.28275,15.80586,0],[80.29103,15.8167,0],[80.28429,15.8302,0],[80.2871,15.83928,0],[80.30896,15.86237,0],[80.32489,15.86534,0],[80.33769,15.87458,0],[80.33647,15.90313,0],[80.34646,15.92527,0],[80.35603,15.93274,0],[80.36205,15.9769,0],[80.36733,15.97939,0],[80.37974,15.97405,0],[80.38526,15.97114,0],[80.3855,15.9772,0],[80.39708,15.97448,0],[80.41812,15.96365,0],[80.4231,15.97382,0],[80.42621,15.99986,0],[80.37179,16.01334,0],[80.35888,16.022,0],[80.35859,16.02713,0],[80.34546,16.02899,0],[80.33553,16.01535,0],[80.32542,16.01908,0],[80.32796,16.02523,0],[80.31383,16.02916,0],[80.31845,16.04493,0],[80.30577,16.05438,0],[80.30193,16.05575,0],[80.30088,16.05005,0],[80.29352,16.05356,0],[80.28366,16.04949,0],[80.26248,16.05363,0],[80.26105,16.04604,0],[80.24014,16.05259,0],[80.23884,16.04482,0]]]}},{"type":"Feature","properties":{"stroke":"#ff0000","stroke-opacity":1,"fill-opacity":0,"ST_CODE":"28","ST_NAME":"ANDHRA PRADESH","DT_CODE":"17","DIST_NAME":"GUNTUR","AC_NO":92,"AC_NAME":"Bapatla","PC_NO":"32","PC_NAME":"BAPATLA (SC)","PC_ID":"2832","Shape_Leng":"126487.35592900000","Shape_Area":"425709599.90600002000","MaxSimpTol":"300.00000000000","MinSimpTol":"300.00000000000","visibility":"0","STATUS":"Post bifurcation 2014, renumbered to 2019 seats"},"geometry":{"type":"Polygon","coordinates":[[[80.59508,16.0426,0],[80.5855,16.04009,0],[80.58848,16.02731,0],[80.57868,16.0194,0],[80.56449,16.02443,0],[80.55811,16.0221,0],[80.5575,16.01014,0],[80.54745,16.00386,0],[80.53917,15.99082,0],[80.52708,15.99152,0],[80.52526,16.00798,0],[80.49968,15.98973,0],[80.49292,16.00131,0],[80.47184,16.00176,0],[80.46546,16.00664,0],[80.45821,16.00176,0],[80.4537,15.98166,0],[80.4231,15.97382,0],[80.41812,15.96365,0],[80.39708,15.97448,0],[80.3855,15.9772,0],[80.38526,15.97114,0],[80.37974,15.97405,0],[80.37505,15.94416,0],[80.37981,15.931,0],[80.37534,15.92356,0],[80.37742,15.90515,0],[80.37813,15.89688,0],[80.38684,15.89173,0],[80.40682,15.85757,0],[80.43698,15.8782,0],[80.45081,15.85741,0],[80.47153,15.85955,0],[80.4751,15.85289,0],[80.4474,15.84769,0],[80.4513,15.83631,0],[80.44861,15.82655,0],[80.45377,15.8204,0],[80.44763,15.82313,0],[80.41734,15.80777,0],[80.41821,15.79794,0],[80.53645,15.85269,0],[80.60517,15.87068,0],[80.61748,15.90329,0],[80.61291,15.92611,0],[80.62237,15.92655,0],[80.636,15.9175,0],[80.65019,15.92479,0],[80.64041,15.94684,0],[80.62719,15.95933,0],[80.65405,15.97559,0],[80.65696,15.99146,0],[80.65029,16.00148,0],[80.63048,15.99878,0],[80.6191,16.00188,0],[80.61411,16.03612,0],[80.60691,16.04211,0],[80.59508,16.0426,0]]]}},{"type":"Feature","properties":{"stroke":"#ff0000","stroke-opacity":1,"fill-opacity":0,"ST_CODE":"28","ST_NAME":"ANDHRA PRADESH","DT_CODE":"21","DIST_NAME":"KURNOOL","AC_NO":145,"AC_NAME":"Mantralayam","PC_NO":"35","PC_NAME":"KURNOOL","PC_ID":"2835","Shape_Leng":"191040.68596199999","Shape_Area":"1059212353.44000010000","MaxSimpTol":"300.00000000000","MinSimpTol":"300.00000000000","visibility":"0","STATUS":"Post bifurcation 2014, renumbered to 2019 seats"},"geometry":{"type":"Polygon","coordinates":[[[77.4237,15.94772,0],[77.41515,15.94202,0],[77.39753,15.94428,0],[77.37915,15.93963,0],[77.36138,15.94955,0],[77.32206,15.95042,0],[77.30058,15.95788,0],[77.28439,15.95387,0],[77.2489,15.96485,0],[77.23467,15.95742,0],[77.18478,15.95673,0],[77.17358,15.95056,0],[77.14601,15.94629,0],[77.13657,15.93789,0],[77.10339,15.92911,0],[77.07298,15.91084,0],[77.05484,15.88064,0],[77.03158,15.85486,0],[77.0253,15.83751,0],[77.03557,15.82972,0],[77.0401,15.83284,0],[77.04346,15.82886,0],[77.06521,15.82782,0],[77.06362,15.80319,0],[77.06693,15.80266,0],[77.06728,15.78885,0],[77.06631,15.78513,0],[77.06079,15.78619,0],[77.05676,15.76864,0],[77.05227,15.76977,0],[77.05099,15.76463,0],[77.05634,15.76274,0],[77.05418,15.7561,0],[77.04778,15.75619,0],[77.04913,15.73027,0],[77.07972,15.72753,0],[77.0789,15.71627,0],[77.08745,15.71551,0],[77.07873,15.69516,0],[77.10927,15.68148,0],[77.12145,15.67114,0],[77.12018,15.66763,0],[77.12888,15.66562,0],[77.13605,15.68072,0],[77.14409,15.68566,0],[77.16531,15.67447,0],[77.21582,15.68044,0],[77.21698,15.6947,0],[77.23761,15.73764,0],[77.22412,15.7484,0],[77.22407,15.76416,0],[77.22772,15.77116,0],[77.23563,15.77282,0],[77.27459,15.77111,0],[77.28359,15.76604,0],[77.28766,15.74879,0],[77.27028,15.73025,0],[77.26864,15.72234,0],[77.27179,15.71047,0],[77.28128,15.70157,0],[77.29123,15.69998,0],[77.29719,15.71124,0],[77.31003,15.70239,0],[77.33243,15.70483,0],[77.34541,15.69437,0],[77.3483,15.68711,0],[77.3436,15.6834,0],[77.33236,15.67975,0],[77.31662,15.68318,0],[77.31073,15.67924,0],[77.30529,15.67186,0],[77.30879,15.66364,0],[77.35049,15.66291,0],[77.38245,15.72603,0],[77.44963,15.71795,0],[77.45354,15.72318,0],[77.45339,15.73301,0],[77.4438,15.74893,0],[77.45938,15.76272,0],[77.42355,15.77679,0],[77.41891,15.79103,0],[77.39928,15.80795,0],[77.40543,15.8359,0],[77.42639,15.83702,0],[77.43939,15.84709,0],[77.435,15.86751,0],[77.4442,15.91788,0],[77.4237,15.94772,0]]]}},{"type":"Feature","properties":{"stroke":"#ff0000","stroke-opacity":1,"fill-opacity":0,"ST_CODE":"28","ST_NAME":"ANDHRA PRADESH","DT_CODE":"18","DIST_NAME":"PRAKASAM","AC_NO":103,"AC_NAME":"Darsi","PC_NO":"33","PC_NAME":"ONGOLE","PC_ID":"2833","Shape_Leng":"243074.73952000000","Shape_Area":"1416981860.01000000000","MaxSimpTol":"300.00000000000","MinSimpTol":"300.00000000000","visibility":"0","STATUS":"Post bifurcation 2014, renumbered to 2019 seats"},"geometry":{"type":"Polygon","coordinates":[[[79.74557,15.82561,0],[79.73877,15.82733,0],[79.73238,15.8358,0],[79.71064,15.83761,0],[79.71711,15.84552,0],[79.71979,15.85912,0],[79.71457,15.86762,0],[79.68855,15.8762,0],[79.69325,15.89833,0],[79.67626,15.90374,0],[79.65529,15.92095,0],[79.63586,15.90732,0],[79.61163,15.92236,0],[79.61546,15.93282,0],[79.58985,15.9405,0],[79.57242,15.93721,0],[79.5592,15.9482,0],[79.55954,15.96368,0],[79.57242,16.00482,0],[79.54577,15.99315,0],[79.51141,15.94898,0],[79.47484,15.95421,0],[79.4592,15.94871,0],[79.45111,15.93218,0],[79.43071,15.92399,0],[79.42518,15.91012,0],[79.40181,15.89334,0],[79.36958,15.85476,0],[79.33238,15.82756,0],[79.32583,15.81744,0],[79.32497,15.805,0],[79.34061,15.79593,0],[79.37527,15.75789,0],[79.38985,15.78586,0],[79.3864,15.78895,0],[79.37022,15.78434,0],[79.36718,15.80012,0],[79.37399,15.82625,0],[79.38463,15.83343,0],[79.39571,15.82671,0],[79.39893,15.8196,0],[79.39444,15.79213,0],[79.40176,15.77786,0],[79.4209,15.77497,0],[79.43397,15.76186,0],[79.43205,15.72497,0],[79.44616,15.72457,0],[79.46254,15.73487,0],[79.48834,15.7203,0],[79.49926,15.69921,0],[79.54219,15.7075,0],[79.55977,15.71701,0],[79.5909,15.71391,0],[79.61126,15.73444,0],[79.62737,15.72801,0],[79.63989,15.7122,0],[79.64856,15.68813,0],[79.67806,15.67206,0],[79.68743,15.66296,0],[79.71435,15.61509,0],[79.73801,15.59094,0],[79.74636,15.59321,0],[79.74463,15.61161,0],[79.77042,15.6407,0],[79.79945,15.63915,0],[79.8093,15.65905,0],[79.81699,15.65395,0],[79.82012,15.64152,0],[79.82677,15.64073,0],[79.83865,15.66161,0],[79.85803,15.66696,0],[79.86275,15.68418,0],[79.88136,15.6912,0],[79.88988,15.70413,0],[79.89067,15.71447,0],[79.90868,15.74852,0],[79.90343,15.77758,0],[79.90769,15.79054,0],[79.90745,15.81582,0],[79.91601,15.82512,0],[79.93644,15.83089,0],[79.93921,15.83985,0],[79.9359,15.84527,0],[79.91604,15.85353,0],[79.91385,15.86841,0],[79.89218,15.8805,0],[79.88155,15.90964,0],[79.86989,15.91668,0],[79.84724,15.92282,0],[79.84826,15.92844,0],[79.84332,15.93003,0],[79.7912,15.94108,0],[79.78341,15.91504,0],[79.76312,15.90068,0],[79.75541,15.89994,0],[79.7539,15.87138,0],[79.74693,15.85956,0],[79.7542,15.84776,0],[79.77268,15.8425,0],[79.77088,15.82553,0],[79.74557,15.82561,0]]]}},{"type":"Feature","properties":{"stroke":"#ff0000","stroke-opacity":1,"fill-opacity":0,"ST_CODE":"28","ST_NAME":"ANDHRA PRADESH","DT_CODE":"21","DIST_NAME":"KURNOOL","AC_NO":144,"AC_NAME":"Yemmiganur","PC_NO":"35","PC_NAME":"KURNOOL","PC_ID":"2835","Shape_Leng":"179148.79656200000","Shape_Area":"832352377.44500005000","MaxSimpTol":"300.00000000000","MinSimpTol":"300.00000000000","visibility":"0","STATUS":"Post bifurcation 2014, renumbered to 2019 seats"},"geometry":{"type":"Polygon","coordinates":[[[77.49887,15.93352,0],[77.46711,15.93442,0],[77.43323,15.94817,0],[77.4237,15.94772,0],[77.4442,15.91788,0],[77.435,15.86751,0],[77.43939,15.84709,0],[77.42639,15.83702,0],[77.40543,15.8359,0],[77.39928,15.80795,0],[77.41891,15.79103,0],[77.42355,15.77679,0],[77.45938,15.76272,0],[77.4438,15.74893,0],[77.45339,15.73301,0],[77.45354,15.72318,0],[77.44963,15.71795,0],[77.38245,15.72603,0],[77.35049,15.66291,0],[77.39471,15.64522,0],[77.42072,15.64484,0],[77.43869,15.65581,0],[77.45663,15.64669,0],[77.46319,15.63905,0],[77.46233,15.60716,0],[77.46711,15.60408,0],[77.47726,15.60604,0],[77.48488,15.6175,0],[77.51003,15.61474,0],[77.51342,15.63154,0],[77.52296,15.64562,0],[77.5528,15.65999,0],[77.56875,15.6534,0],[77.58078,15.66395,0],[77.5922,15.6398,0],[77.6055,15.64946,0],[77.62389,15.64774,0],[77.6396,15.65707,0],[77.6479,15.64468,0],[77.64597,15.62498,0],[77.6677,15.63941,0],[77.67711,15.63935,0],[77.68382,15.63336,0],[77.68757,15.6157,0],[77.70893,15.61689,0],[77.73352,15.60537,0],[77.73898,15.62201,0],[77.75051,15.63034,0],[77.74822,15.65089,0],[77.7416,15.65851,0],[77.74312,15.67199,0],[77.73126,15.67898,0],[77.70648,15.67646,0],[77.7049,15.69855,0],[77.68495,15.70643,0],[77.68448,15.76183,0],[77.67379,15.76818,0],[77.64342,15.76734,0],[77.63815,15.77835,0],[77.61815,15.79031,0],[77.6014,15.8139,0],[77.60865,15.82636,0],[77.62015,15.83215,0],[77.62356,15.87393,0],[77.6372,15.89605,0],[77.61149,15.91823,0],[77.59345,15.91226,0],[77.58095,15.91882,0],[77.54912,15.91946,0],[77.51357,15.92713,0],[77.49887,15.93352,0]]]}},{"type":"Feature","properties":{"stroke":"#ff0000","stroke-opacity":1,"fill-opacity":0,"ST_CODE":"28","ST_NAME":"ANDHRA PRADESH","DT_CODE":"18","DIST_NAME":"PRAKASAM","AC_NO":106,"AC_NAME":"Chirala","PC_NO":"32","PC_NAME":"BAPATLA (SC)","PC_ID":"2832","Shape_Leng":"107653.29408900000","Shape_Area":"290744924.18000001000","MaxSimpTol":"300.00000000000","MinSimpTol":"300.00000000000","visibility":"0","STATUS":"Post bifurcation 2014, renumbered to 2019 seats"},"geometry":{"type":"Polygon","coordinates":[[[80.37742,15.90515,0],[80.37534,15.92356,0],[80.37981,15.931,0],[80.37505,15.94416,0],[80.37974,15.97405,0],[80.36733,15.97939,0],[80.36205,15.9769,0],[80.35603,15.93274,0],[80.34646,15.92527,0],[80.33647,15.90313,0],[80.33769,15.87458,0],[80.32489,15.86534,0],[80.30896,15.86237,0],[80.2871,15.83928,0],[80.28429,15.8302,0],[80.29103,15.8167,0],[80.28275,15.80586,0],[80.27493,15.80342,0],[80.21235,15.84184,0],[80.2087,15.78168,0],[80.22998,15.76498,0],[80.24121,15.76219,0],[80.25057,15.75198,0],[80.26927,15.74886,0],[80.28105,15.72662,0],[80.30208,15.70908,0],[80.34561,15.75159,0],[80.41821,15.79794,0],[80.41734,15.80777,0],[80.44763,15.82313,0],[80.45377,15.8204,0],[80.44861,15.82655,0],[80.4513,15.83631,0],[80.4474,15.84769,0],[80.4751,15.85289,0],[80.47153,15.85955,0],[80.45081,15.85741,0],[80.43698,15.8782,0],[80.40682,15.85757,0],[80.38684,15.89173,0],[80.37813,15.89688,0],[80.37742,15.90515,0]]]}},{"type":"Feature","properties":{"stroke":"#ff0000","stroke-opacity":1,"fill-opacity":0,"ST_CODE":"28","ST_NAME":"ANDHRA PRADESH","DT_CODE":"21","DIST_NAME":"KURNOOL","AC_NO":143,"AC_NAME":"Kodumur (SC)","PC_NO":"35","PC_NAME":"KURNOOL","PC_ID":"2835","Shape_Leng":"184314.81847200001","Shape_Area":"795341661.05499995000","MaxSimpTol":"300.00000000000","MinSimpTol":"300.00000000000","visibility":"0","STATUS":"Post bifurcation 2014, renumbered to 2019 seats"},"geometry":{"type":"Polygon","coordinates":[[[77.74884,15.88561,0],[77.72423,15.89616,0],[77.68456,15.88359,0],[77.65756,15.88627,0],[77.6372,15.89605,0],[77.62356,15.87393,0],[77.62015,15.83215,0],[77.60865,15.82636,0],[77.6014,15.8139,0],[77.61815,15.79031,0],[77.63815,15.77835,0],[77.64342,15.76734,0],[77.67379,15.76818,0],[77.68448,15.76183,0],[77.68495,15.70643,0],[77.7049,15.69855,0],[77.70648,15.67646,0],[77.73126,15.67898,0],[77.74312,15.67199,0],[77.7416,15.65851,0],[77.74822,15.65089,0],[77.75051,15.63034,0],[77.76813,15.62571,0],[77.77909,15.64155,0],[77.79487,15.638,0],[77.80678,15.64852,0],[77.81053,15.6426,0],[77.80876,15.62203,0],[77.79629,15.59998,0],[77.78074,15.58742,0],[77.77369,15.56897,0],[77.77521,15.55904,0],[77.79715,15.56994,0],[77.80363,15.58063,0],[77.80718,15.6041,0],[77.82791,15.62094,0],[77.86228,15.61719,0],[77.86768,15.60663,0],[77.90041,15.59274,0],[77.90696,15.61849,0],[77.90153,15.6283,0],[77.89547,15.70134,0],[77.90753,15.71302,0],[77.92098,15.71665,0],[77.9181,15.72459,0],[77.90069,15.73553,0],[77.90327,15.74083,0],[77.91333,15.74412,0],[77.91404,15.74878,0],[77.89254,15.75379,0],[77.87369,15.73474,0],[77.86282,15.73551,0],[77.84874,15.75489,0],[77.85272,15.77172,0],[77.86323,15.78917,0],[77.90982,15.78583,0],[77.94018,15.79326,0],[77.94289,15.80408,0],[77.9598,15.80898,0],[77.9395,15.81482,0],[77.94266,15.82153,0],[77.9651,15.82198,0],[77.97638,15.82643,0],[77.99286,15.81937,0],[77.99869,15.82317,0],[78.00652,15.86309,0],[77.97575,15.88345,0],[77.9364,15.88396,0],[77.88879,15.90615,0],[77.8781,15.90508,0],[77.85981,15.8846,0],[77.8381,15.88524,0],[77.80505,15.87473,0],[77.78271,15.87669,0],[77.76765,15.88622,0],[77.74884,15.88561,0]]]}},{"type":"Feature","properties":{"stroke":"#ff0000","stroke-opacity":1,"fill-opacity":0,"ST_CODE":"28","ST_NAME":"ANDHRA PRADESH","DT_CODE":"21","DIST_NAME":"KURNOOL","AC_NO":137,"AC_NAME":"Kurnool","PC_NO":"35","PC_NAME":"KURNOOL","PC_ID":"2835","Shape_Leng":"80612.06543910000","Shape_Area":"200674392.16400000000","MaxSimpTol":"300.00000000000","MinSimpTol":"300.00000000000","visibility":"0","STATUS":"Post bifurcation 2014, renumbered to 2019 seats"},"geometry":{"type":"Polygon","coordinates":[[[78.1343,15.83691,0],[78.09909,15.83636,0],[78.08367,15.84127,0],[78.08507,15.84535,0],[78.07147,15.85072,0],[78.07164,15.86209,0],[78.05595,15.86668,0],[78.05632,15.87499,0],[78.04688,15.87525,0],[78.04506,15.90448,0],[78.032,15.90769,0],[78.03112,15.9033,0],[78.02563,15.90271,0],[78.00652,15.86309,0],[77.99869,15.82317,0],[78.00798,15.808,0],[78.02861,15.8057,0],[78.03441,15.79558,0],[78.03392,15.78675,0],[78.02529,15.77998,0],[78.01035,15.77745,0],[78.00366,15.76327,0],[77.98957,15.77348,0],[77.97969,15.77042,0],[77.97793,15.76549,0],[78.00207,15.74559,0],[78.02599,15.74078,0],[78.02686,15.73245,0],[78.033,15.72723,0],[78.03991,15.72555,0],[78.06064,15.73325,0],[78.09179,15.7334,0],[78.1026,15.74314,0],[78.1217,15.74256,0],[78.12663,15.75419,0],[78.14552,15.74871,0],[78.17937,15.77673,0],[78.17362,15.78255,0],[78.14854,15.78507,0],[78.14039,15.79027,0],[78.13621,15.80257,0],[78.14618,15.81406,0],[78.1343,15.83691,0]]]}},{"type":"Feature","properties":{"stroke":"#ff0000","stroke-opacity":1,"fill-opacity":0,"ST_CODE":"28","ST_NAME":"ANDHRA PRADESH","DT_CODE":"21","DIST_NAME":"KURNOOL","AC_NO":138,"AC_NAME":"Panyam","PC_NO":"34","PC_NAME":"NANDYAL","PC_ID":"2834","Shape_Leng":"280769.09624099999","Shape_Area":"1263937878.77000000000","MaxSimpTol":"300.00000000000","MinSimpTol":"300.00000000000","visibility":"0","STATUS":"Post bifurcation 2014, renumbered to 2019 seats"},"geometry":{"type":"Polygon","coordinates":[[[77.99869,15.82317,0],[77.99286,15.81937,0],[77.97638,15.82643,0],[77.9651,15.82198,0],[77.94266,15.82153,0],[77.9395,15.81482,0],[77.9598,15.80898,0],[77.94289,15.80408,0],[77.94018,15.79326,0],[77.90982,15.78583,0],[77.86323,15.78917,0],[77.85272,15.77172,0],[77.84874,15.75489,0],[77.86282,15.73551,0],[77.87369,15.73474,0],[77.89254,15.75379,0],[77.91404,15.74878,0],[77.91333,15.74412,0],[77.90327,15.74083,0],[77.90069,15.73553,0],[77.9181,15.72459,0],[77.92098,15.71665,0],[77.90753,15.71302,0],[77.89547,15.70134,0],[77.90153,15.6283,0],[77.90696,15.61849,0],[77.94039,15.61159,0],[77.96565,15.59562,0],[77.98605,15.5938,0],[77.99723,15.60095,0],[78.01124,15.63489,0],[78.02172,15.63664,0],[78.04376,15.61721,0],[78.0507,15.59601,0],[78.07299,15.61539,0],[78.08486,15.61424,0],[78.09818,15.59734,0],[78.10304,15.58022,0],[78.11328,15.55309,0],[78.11504,15.53039,0],[78.1235,15.52946,0],[78.16208,15.54852,0],[78.18223,15.54398,0],[78.18495,15.53438,0],[78.1757,15.52575,0],[78.17477,15.50975,0],[78.18121,15.50146,0],[78.19452,15.49943,0],[78.22675,15.5136,0],[78.23646,15.49916,0],[78.26173,15.49943,0],[78.26765,15.50657,0],[78.29318,15.50049,0],[78.30173,15.50512,0],[78.30011,15.47544,0],[78.27638,15.473,0],[78.26989,15.46712,0],[78.27994,15.45434,0],[78.29312,15.4472,0],[78.30057,15.43349,0],[78.32425,15.42392,0],[78.32425,15.38792,0],[78.34513,15.3776,0],[78.35496,15.38444,0],[78.35645,15.39583,0],[78.3652,15.39877,0],[78.3683,15.42053,0],[78.40644,15.46196,0],[78.39763,15.48767,0],[78.40909,15.50225,0],[78.39655,15.51513,0],[78.40251,15.53097,0],[78.40097,15.53806,0],[78.40826,15.54084,0],[78.40513,15.54832,0],[78.41912,15.54873,0],[78.42148,15.55664,0],[78.45432,15.56603,0],[78.45479,15.57908,0],[78.46844,15.57979,0],[78.47217,15.59084,0],[78.5037,15.59173,0],[78.51012,15.60343,0],[78.46328,15.62234,0],[78.46587,15.62888,0],[78.48107,15.63556,0],[78.48111,15.65175,0],[78.47887,15.65665,0],[78.45871,15.66211,0],[78.45316,15.68024,0],[78.43658,15.69421,0],[78.43879,15.70329,0],[78.42983,15.70094,0],[78.42452,15.70894,0],[78.40276,15.71782,0],[78.39428,15.69854,0],[78.37892,15.679,0],[78.37935,15.65654,0],[78.3487,15.6511,0],[78.341,15.65891,0],[78.33706,15.67996,0],[78.32947,15.67866,0],[78.31406,15.66376,0],[78.29189,15.66988,0],[78.26481,15.68692,0],[78.24822,15.68667,0],[78.24562,15.69321,0],[78.23566,15.69699,0],[78.19162,15.68812,0],[78.18321,15.70196,0],[78.17008,15.71149,0],[78.16183,15.73105,0],[78.1469,15.74174,0],[78.14552,15.74871,0],[78.12663,15.75419,0],[78.1217,15.74256,0],[78.1026,15.74314,0],[78.09179,15.7334,0],[78.06064,15.73325,0],[78.03991,15.72555,0],[78.033,15.72723,0],[78.02686,15.73245,0],[78.02599,15.74078,0],[78.00207,15.74559,0],[77.97793,15.76549,0],[77.97969,15.77042,0],[77.98957,15.77348,0],[78.00366,15.76327,0],[78.01035,15.77745,0],[78.02529,15.77998,0],[78.03392,15.78675,0],[78.03441,15.79558,0],[78.02861,15.8057,0],[78.00798,15.808,0],[77.99869,15.82317,0]]]}},{"type":"Feature","properties":{"stroke":"#ff0000","stroke-opacity":1,"fill-opacity":0,"ST_CODE":"28","ST_NAME":"ANDHRA PRADESH","DT_CODE":"18","DIST_NAME":"PRAKASAM","AC_NO":111,"AC_NAME":"Markapuram","PC_NO":"33","PC_NAME":"ONGOLE","PC_ID":"2833","Shape_Leng":"223615.43115200000","Shape_Area":"1201399546.95000000000","MaxSimpTol":"300.00000000000","MinSimpTol":"300.00000000000","visibility":"0","STATUS":"Post bifurcation 2014, renumbered to 2019 seats"},"geometry":{"type":"Polygon","coordinates":[[[79.39444,15.79213,0],[79.39893,15.8196,0],[79.39571,15.82671,0],[79.38463,15.83343,0],[79.37399,15.82625,0],[79.36718,15.80012,0],[79.37022,15.78434,0],[79.3864,15.78895,0],[79.38985,15.78586,0],[79.37527,15.75789,0],[79.34061,15.79593,0],[79.32497,15.805,0],[79.31228,15.77276,0],[79.2913,15.75596,0],[79.2829,15.76599,0],[79.27323,15.75884,0],[79.26982,15.7725,0],[79.26246,15.77743,0],[79.24174,15.77925,0],[79.2217,15.78926,0],[79.21014,15.79025,0],[79.1933,15.76309,0],[79.17795,15.75677,0],[79.17387,15.73561,0],[79.18143,15.72944,0],[79.18037,15.72249,0],[79.15572,15.68878,0],[79.15839,15.68077,0],[79.15357,15.67179,0],[79.15772,15.66872,0],[79.18548,15.68513,0],[79.18665,15.67749,0],[79.16443,15.64979,0],[79.16327,15.64289,0],[79.18065,15.63662,0],[79.21152,15.61183,0],[79.20923,15.6018,0],[79.22266,15.56431,0],[79.23414,15.55579,0],[79.25253,15.57335,0],[79.30463,15.58211,0],[79.33248,15.56519,0],[79.35273,15.53564,0],[79.36567,15.52541,0],[79.44712,15.51402,0],[79.46493,15.54251,0],[79.47533,15.54769,0],[79.48355,15.53281,0],[79.51836,15.50141,0],[79.54293,15.5046,0],[79.5657,15.49701,0],[79.57082,15.49962,0],[79.57112,15.54815,0],[79.5862,15.53502,0],[79.60349,15.54624,0],[79.61038,15.55832,0],[79.6053,15.57301,0],[79.61157,15.58416,0],[79.63008,15.57563,0],[79.64395,15.57819,0],[79.65356,15.57434,0],[79.66908,15.59301,0],[79.68249,15.59677,0],[79.68538,15.59052,0],[79.67209,15.58269,0],[79.69389,15.5761,0],[79.71262,15.56471,0],[79.74244,15.55661,0],[79.76456,15.58618,0],[79.74636,15.59321,0],[79.73801,15.59094,0],[79.71435,15.61509,0],[79.68743,15.66296,0],[79.67806,15.67206,0],[79.64856,15.68813,0],[79.63989,15.7122,0],[79.62737,15.72801,0],[79.61126,15.73444,0],[79.5909,15.71391,0],[79.55977,15.71701,0],[79.54219,15.7075,0],[79.49926,15.69921,0],[79.48834,15.7203,0],[79.46254,15.73487,0],[79.44616,15.72457,0],[79.43205,15.72497,0],[79.43397,15.76186,0],[79.4209,15.77497,0],[79.40176,15.77786,0],[79.39444,15.79213,0]]]}},{"type":"Feature","properties":{"stroke":"#ff0000","stroke-opacity":1,"fill-opacity":0,"ST_CODE":"28","ST_NAME":"ANDHRA PRADESH","DT_CODE":"21","DIST_NAME":"KURNOOL","AC_NO":146,"AC_NAME":"Adoni","PC_NO":"35","PC_NAME":"KURNOOL","PC_ID":"2835","Shape_Leng":"149266.88118000000","Shape_Area":"525185998.19499999000","MaxSimpTol":"300.00000000000","MinSimpTol":"300.00000000000","visibility":"0","STATUS":"Post bifurcation 2014, renumbered to 2019 seats"},"geometry":{"type":"Polygon","coordinates":[[[77.12888,15.66562,0],[77.12146,15.6311,0],[77.10629,15.63747,0],[77.1014,15.64852,0],[77.08323,15.65917,0],[77.07177,15.64667,0],[77.03047,15.63451,0],[77.03261,15.60934,0],[77.0938,15.57798,0],[77.11865,15.57067,0],[77.1322,15.57507,0],[77.13973,15.58685,0],[77.16094,15.5949,0],[77.16593,15.58132,0],[77.177,15.5846,0],[77.18227,15.58203,0],[77.1848,15.56599,0],[77.19107,15.55793,0],[77.19612,15.52396,0],[77.21822,15.52172,0],[77.24105,15.53332,0],[77.25616,15.5182,0],[77.26666,15.51551,0],[77.28666,15.52025,0],[77.28685,15.53752,0],[77.29309,15.55512,0],[77.33063,15.55184,0],[77.35221,15.54197,0],[77.36038,15.55911,0],[77.37997,15.57421,0],[77.38266,15.59272,0],[77.40034,15.59009,0],[77.40922,15.59368,0],[77.41094,15.62256,0],[77.42493,15.62932,0],[77.42072,15.64484,0],[77.39471,15.64522,0],[77.35049,15.66291,0],[77.30879,15.66364,0],[77.30529,15.67186,0],[77.31073,15.67924,0],[77.31662,15.68318,0],[77.33236,15.67975,0],[77.3436,15.6834,0],[77.3483,15.68711,0],[77.34541,15.69437,0],[77.33243,15.70483,0],[77.31003,15.70239,0],[77.29719,15.71124,0],[77.29123,15.69998,0],[77.28128,15.70157,0],[77.27179,15.71047,0],[77.26864,15.72234,0],[77.27028,15.73025,0],[77.28766,15.74879,0],[77.28359,15.76604,0],[77.27459,15.77111,0],[77.23563,15.77282,0],[77.22772,15.77116,0],[77.22407,15.76416,0],[77.22412,15.7484,0],[77.23761,15.73764,0],[77.21698,15.6947,0],[77.21582,15.68044,0],[77.16531,15.67447,0],[77.14409,15.68566,0],[77.13605,15.68072,0],[77.12888,15.66562,0]]]}},{"type":"Feature","properties":{"stroke":"#ff0000","stroke-opacity":1,"fill-opacity":0,"ST_CODE":"28","ST_NAME":"ANDHRA PRADESH","DT_CODE":"18","DIST_NAME":"PRAKASAM","AC_NO":112,"AC_NAME":"Giddalur","PC_NO":"33","PC_NAME":"ONGOLE","PC_ID":"2833","Shape_Leng":"243920.92863000001","Shape_Area":"2821742148.84000020000","MaxSimpTol":"300.00000000000","MinSimpTol":"300.00000000000","visibility":"0","STATUS":"Post bifurcation 2014, renumbered to 2019 seats"},"geometry":{"type":"Polygon","coordinates":[[[78.9431,15.7917,0],[78.90956,15.78074,0],[78.83774,15.7806,0],[78.79634,15.77591,0],[78.79247,15.77214,0],[78.7715,15.66478,0],[78.7696,15.63472,0],[78.77674,15.53368,0],[78.76935,15.46528,0],[78.77135,15.42065,0],[78.74251,15.35394,0],[78.73663,15.32653,0],[78.73696,15.19922,0],[78.74207,15.1822,0],[78.75834,15.18504,0],[78.77752,15.20001,0],[78.86874,15.19773,0],[78.91942,15.18735,0],[78.92708,15.22884,0],[78.94782,15.22877,0],[78.94766,15.20371,0],[78.95481,15.1923,0],[78.95742,15.17634,0],[78.97225,15.16866,0],[78.98143,15.16498,0],[79.0092,15.16861,0],[79.01725,15.17959,0],[79.08246,15.17317,0],[79.10597,15.19035,0],[79.1287,15.21991,0],[79.13309,15.24713,0],[79.12996,15.26874,0],[79.1364,15.28488,0],[79.15937,15.2846,0],[79.19103,15.31844,0],[79.19554,15.33007,0],[79.19407,15.37579,0],[79.21835,15.43752,0],[79.22712,15.48756,0],[79.24655,15.54838,0],[79.24512,15.55292,0],[79.23414,15.55579,0],[79.22266,15.56431,0],[79.20923,15.6018,0],[79.21152,15.61183,0],[79.18065,15.63662,0],[79.16327,15.64289,0],[79.16443,15.64979,0],[79.18665,15.67749,0],[79.18548,15.68513,0],[79.15772,15.66872,0],[79.15357,15.67179,0],[79.15839,15.68077,0],[79.15572,15.68878,0],[79.14706,15.68762,0],[79.13344,15.66949,0],[79.1246,15.66851,0],[79.12519,15.69205,0],[79.1101,15.73635,0],[79.10139,15.74342,0],[79.0884,15.74023,0],[79.05524,15.71939,0],[79.03242,15.72323,0],[79.00721,15.76054,0],[79.00001,15.79205,0],[78.99161,15.8066,0],[78.96982,15.80681,0],[78.9431,15.7917,0]]]}},{"type":"Feature","properties":{"stroke":"#ff0000","stroke-opacity":1,"fill-opacity":0,"ST_CODE":"28","ST_NAME":"ANDHRA PRADESH","DT_CODE":"18","DIST_NAME":"PRAKASAM","AC_NO":107,"AC_NAME":"Santhanuthalapadu (SC)","PC_NO":"32","PC_NAME":"BAPATLA (SC)","PC_ID":"2832","Shape_Leng":"184340.85757699999","Shape_Area":"840141999.60200000000","MaxSimpTol":"300.00000000000","MinSimpTol":"300.00000000000","visibility":"0","STATUS":"Post bifurcation 2014, renumbered to 2019 seats"},"geometry":{"type":"Polygon","coordinates":[[[80.17414,15.70067,0],[80.19184,15.72502,0],[80.19701,15.76115,0],[80.17811,15.76759,0],[80.17332,15.74448,0],[80.15351,15.72442,0],[80.13999,15.70437,0],[80.12595,15.69563,0],[80.09988,15.70526,0],[80.1009,15.69826,0],[80.11571,15.67991,0],[80.10546,15.67245,0],[80.09647,15.67343,0],[80.074,15.69217,0],[80.0615,15.69375,0],[80.03033,15.71064,0],[80.0212,15.70951,0],[80.01062,15.69441,0],[79.98013,15.70376,0],[79.9595,15.7194,0],[79.92628,15.69567,0],[79.89781,15.70807,0],[79.88988,15.70413,0],[79.88136,15.6912,0],[79.86275,15.68418,0],[79.85803,15.66696,0],[79.83865,15.66161,0],[79.82677,15.64073,0],[79.82012,15.64152,0],[79.81699,15.65395,0],[79.8093,15.65905,0],[79.79945,15.63915,0],[79.77042,15.6407,0],[79.74463,15.61161,0],[79.74636,15.59321,0],[79.76456,15.58618,0],[79.77748,15.57909,0],[79.7906,15.56404,0],[79.7961,15.52743,0],[79.8042,15.51157,0],[79.81532,15.50554,0],[79.82987,15.48735,0],[79.84987,15.48101,0],[79.86996,15.45776,0],[79.88732,15.45191,0],[79.90167,15.43346,0],[79.90568,15.43241,0],[79.91821,15.45222,0],[79.91262,15.47312,0],[79.93108,15.48149,0],[79.93848,15.49761,0],[79.95506,15.4958,0],[79.96558,15.48843,0],[79.97154,15.46272,0],[79.98992,15.47818,0],[79.98841,15.49712,0],[80.00907,15.51334,0],[80.02486,15.54256,0],[80.02677,15.56072,0],[80.066,15.58194,0],[80.07326,15.59484,0],[80.0812,15.59979,0],[80.09322,15.59698,0],[80.10338,15.57905,0],[80.13532,15.5657,0],[80.14444,15.56585,0],[80.16443,15.57963,0],[80.18153,15.56548,0],[80.1947,15.57154,0],[80.22973,15.56459,0],[80.24009,15.60616,0],[80.22172,15.61803,0],[80.17194,15.62658,0],[80.16721,15.66012,0],[80.17414,15.70067,0]]]}},{"type":"Feature","properties":{"stroke":"#ff0000","stroke-opacity":1,"fill-opacity":0,"ST_CODE":"28","ST_NAME":"ANDHRA PRADESH","DT_CODE":"21","DIST_NAME":"KURNOOL","AC_NO":147,"AC_NAME":"Alur","PC_NO":"35","PC_NAME":"KURNOOL","PC_ID":"2835","Shape_Leng":"368605.55845399998","Shape_Area":"2080798830.52000000000","MaxSimpTol":"300.00000000000","MinSimpTol":"300.00000000000","visibility":"0","STATUS":"Post bifurcation 2014, renumbered to 2019 seats"},"geometry":{"type":"Polygon","coordinates":[[[77.42072,15.64484,0],[77.42493,15.62932,0],[77.41094,15.62256,0],[77.40922,15.59368,0],[77.40034,15.59009,0],[77.38266,15.59272,0],[77.37997,15.57421,0],[77.36038,15.55911,0],[77.35221,15.54197,0],[77.33063,15.55184,0],[77.29309,15.55512,0],[77.28685,15.53752,0],[77.28666,15.52025,0],[77.26666,15.51551,0],[77.25616,15.5182,0],[77.24105,15.53332,0],[77.21822,15.52172,0],[77.19612,15.52396,0],[77.19107,15.55793,0],[77.1848,15.56599,0],[77.18227,15.58203,0],[77.177,15.5846,0],[77.16593,15.58132,0],[77.16094,15.5949,0],[77.13973,15.58685,0],[77.1322,15.57507,0],[77.11865,15.57067,0],[77.0938,15.57798,0],[77.03261,15.60934,0],[77.02627,15.58176,0],[77.03135,15.54411,0],[77.02926,15.50078,0],[76.97611,15.51075,0],[76.97386,15.49957,0],[76.97713,15.4898,0],[76.99733,15.47804,0],[77.00909,15.45115,0],[77.03335,15.43317,0],[77.02927,15.4053,0],[77.04645,15.39215,0],[77.04633,15.38136,0],[77.04146,15.36915,0],[77.04312,15.35934,0],[77.06435,15.34521,0],[77.06459,15.32788,0],[77.07494,15.32605,0],[77.11341,15.33405,0],[77.1184,15.29488,0],[77.15177,15.29226,0],[77.15216,15.27576,0],[77.14768,15.27283,0],[77.16721,15.2684,0],[77.16785,15.25809,0],[77.1438,15.25724,0],[77.13624,15.24099,0],[77.12664,15.2399,0],[77.12514,15.22726,0],[77.14768,15.22394,0],[77.16197,15.20114,0],[77.16914,15.17197,0],[77.16286,15.15739,0],[77.14078,15.15861,0],[77.13475,15.14832,0],[77.13798,15.1435,0],[77.15731,15.1405,0],[77.16047,15.14697,0],[77.18036,15.14333,0],[77.18808,15.15747,0],[77.20004,15.16008,0],[77.22998,15.14413,0],[77.2643,15.14304,0],[77.27127,15.13109,0],[77.29199,15.13128,0],[77.30121,15.15441,0],[77.3102,15.15474,0],[77.31653,15.17778,0],[77.33097,15.17493,0],[77.35155,15.17789,0],[77.35376,15.19833,0],[77.36316,15.22327,0],[77.39513,15.21745,0],[77.40646,15.21946,0],[77.4091,15.22577,0],[77.41831,15.22432,0],[77.40128,15.24648,0],[77.37091,15.25494,0],[77.35995,15.27497,0],[77.34325,15.28481,0],[77.35687,15.33667,0],[77.37722,15.33089,0],[77.38658,15.337,0],[77.41092,15.33587,0],[77.4167,15.34189,0],[77.42072,15.35746,0],[77.41216,15.36527,0],[77.3922,15.37084,0],[77.38665,15.3812,0],[77.41935,15.39346,0],[77.415,15.42125,0],[77.40522,15.42898,0],[77.40513,15.43478,0],[77.42224,15.4923,0],[77.42955,15.49291,0],[77.44229,15.47892,0],[77.47286,15.47782,0],[77.48065,15.464,0],[77.4901,15.46034,0],[77.50124,15.46532,0],[77.50104,15.49385,0],[77.5118,15.50693,0],[77.52929,15.48995,0],[77.5343,15.47051,0],[77.5427,15.46658,0],[77.55384,15.47155,0],[77.54646,15.49424,0],[77.55478,15.49639,0],[77.58078,15.47932,0],[77.59464,15.47723,0],[77.59372,15.46937,0],[77.58318,15.45882,0],[77.58432,15.43351,0],[77.58622,15.4295,0],[77.60939,15.42167,0],[77.64101,15.44528,0],[77.64934,15.44376,0],[77.66354,15.45322,0],[77.66047,15.47328,0],[77.6791,15.49343,0],[77.67707,15.52469,0],[77.68413,15.52501,0],[77.70135,15.51441,0],[77.72643,15.51429,0],[77.72312,15.5388,0],[77.73162,15.55017,0],[77.7112,15.56031,0],[77.70827,15.57462,0],[77.73352,15.60537,0],[77.70893,15.61689,0],[77.68757,15.6157,0],[77.68382,15.63336,0],[77.67711,15.63935,0],[77.6677,15.63941,0],[77.64597,15.62498,0],[77.6479,15.64468,0],[77.6396,15.65707,0],[77.62389,15.64774,0],[77.6055,15.64946,0],[77.5922,15.6398,0],[77.58078,15.66395,0],[77.56875,15.6534,0],[77.5528,15.65999,0],[77.52296,15.64562,0],[77.51342,15.63154,0],[77.51003,15.61474,0],[77.48488,15.6175,0],[77.47726,15.60604,0],[77.46711,15.60408,0],[77.46233,15.60716,0],[77.46319,15.63905,0],[77.45663,15.64669,0],[77.43869,15.65581,0],[77.42072,15.64484,0]]]}},{"type":"Feature","properties":{"stroke":"#ff0000","stroke-opacity":1,"fill-opacity":0,"ST_CODE":"28","ST_NAME":"ANDHRA PRADESH","DT_CODE":"21","DIST_NAME":"KURNOOL","AC_NO":142,"AC_NAME":"Pattikonda","PC_NO":"35","PC_NAME":"KURNOOL","PC_ID":"2835","Shape_Leng":"330902.64445399999","Shape_Area":"1543149860.24000000000","MaxSimpTol":"300.00000000000","MinSimpTol":"300.00000000000","visibility":"0","STATUS":"Post bifurcation 2014, renumbered to 2019 seats"},"geometry":{"type":"Polygon","coordinates":[[[77.81053,15.6426,0],[77.80678,15.64852,0],[77.79487,15.638,0],[77.77909,15.64155,0],[77.76813,15.62571,0],[77.75051,15.63034,0],[77.73898,15.62201,0],[77.73352,15.60537,0],[77.70827,15.57462,0],[77.7112,15.56031,0],[77.73162,15.55017,0],[77.72312,15.5388,0],[77.72643,15.51429,0],[77.70135,15.51441,0],[77.68413,15.52501,0],[77.67707,15.52469,0],[77.6791,15.49343,0],[77.66047,15.47328,0],[77.66354,15.45322,0],[77.64934,15.44376,0],[77.64101,15.44528,0],[77.60939,15.42167,0],[77.58622,15.4295,0],[77.58432,15.43351,0],[77.58318,15.45882,0],[77.59372,15.46937,0],[77.59464,15.47723,0],[77.58078,15.47932,0],[77.55478,15.49639,0],[77.54646,15.49424,0],[77.55384,15.47155,0],[77.5427,15.46658,0],[77.5343,15.47051,0],[77.52929,15.48995,0],[77.5118,15.50693,0],[77.50104,15.49385,0],[77.50124,15.46532,0],[77.4901,15.46034,0],[77.48065,15.464,0],[77.47286,15.47782,0],[77.44229,15.47892,0],[77.42955,15.49291,0],[77.42224,15.4923,0],[77.40513,15.43478,0],[77.40522,15.42898,0],[77.415,15.42125,0],[77.41935,15.39346,0],[77.38665,15.3812,0],[77.3922,15.37084,0],[77.41216,15.36527,0],[77.42072,15.35746,0],[77.4167,15.34189,0],[77.41092,15.33587,0],[77.38658,15.337,0],[77.37722,15.33089,0],[77.35687,15.33667,0],[77.34325,15.28481,0],[77.35995,15.27497,0],[77.37091,15.25494,0],[77.40128,15.24648,0],[77.41831,15.22432,0],[77.43313,15.22079,0],[77.43432,15.21019,0],[77.45037,15.20539,0],[77.44653,15.21392,0],[77.45129,15.2222,0],[77.46728,15.21781,0],[77.48119,15.20829,0],[77.50179,15.22173,0],[77.52719,15.22432,0],[77.54175,15.20928,0],[77.57565,15.19977,0],[77.58231,15.18828,0],[77.61155,15.18387,0],[77.61055,15.19593,0],[77.61561,15.20687,0],[77.63458,15.20701,0],[77.63719,15.22146,0],[77.64989,15.22539,0],[77.65166,15.23295,0],[77.66922,15.2329,0],[77.67717,15.25829,0],[77.68313,15.3186,0],[77.67904,15.3249,0],[77.66976,15.3214,0],[77.66465,15.33545,0],[77.65075,15.34552,0],[77.66131,15.36158,0],[77.67098,15.39275,0],[77.68163,15.39446,0],[77.70805,15.38174,0],[77.72004,15.38457,0],[77.74848,15.41098,0],[77.77032,15.40636,0],[77.78946,15.454,0],[77.78682,15.46974,0],[77.80748,15.4866,0],[77.82511,15.48511,0],[77.83218,15.46557,0],[77.85399,15.48036,0],[77.88241,15.47217,0],[77.89173,15.46526,0],[77.8988,15.44592,0],[77.91046,15.44037,0],[77.92515,15.42361,0],[77.95216,15.43192,0],[77.97106,15.42842,0],[77.97891,15.43638,0],[77.98316,15.45956,0],[77.9904,15.46774,0],[78.00828,15.47001,0],[78.02712,15.47959,0],[78.02522,15.49311,0],[78.03528,15.50175,0],[78.03176,15.50908,0],[78.03469,15.52315,0],[78.02927,15.53666,0],[78.03618,15.5369,0],[78.04436,15.52949,0],[78.04987,15.53104,0],[78.04823,15.55194,0],[78.05142,15.55799,0],[78.06254,15.56648,0],[78.10304,15.58022,0],[78.09818,15.59734,0],[78.08486,15.61424,0],[78.07299,15.61539,0],[78.0507,15.59601,0],[78.04376,15.61721,0],[78.02172,15.63664,0],[78.01124,15.63489,0],[77.99723,15.60095,0],[77.98605,15.5938,0],[77.96565,15.59562,0],[77.94039,15.61159,0],[77.90696,15.61849,0],[77.90041,15.59274,0],[77.86768,15.60663,0],[77.86228,15.61719,0],[77.82791,15.62094,0],[77.80718,15.6041,0],[77.80363,15.58063,0],[77.79715,15.56994,0],[77.77521,15.55904,0],[77.77369,15.56897,0],[77.78074,15.58742,0],[77.79629,15.59998,0],[77.80876,15.62203,0],[77.81053,15.6426,0]]]}},{"type":"Feature","properties":{"stroke":"#ff0000","stroke-opacity":1,"fill-opacity":0,"ST_CODE":"28","ST_NAME":"ANDHRA PRADESH","DT_CODE":"21","DIST_NAME":"KURNOOL","AC_NO":141,"AC_NAME":"Dhone","PC_NO":"34","PC_NAME":"NANDYAL","PC_ID":"2834","Shape_Leng":"236805.17410199999","Shape_Area":"1307232001.36999990000","MaxSimpTol":"300.00000000000","MinSimpTol":"300.00000000000","visibility":"0","STATUS":"Post bifurcation 2014, renumbered to 2019 seats"},"geometry":{"type":"Polygon","coordinates":[[[78.10304,15.58022,0],[78.06254,15.56648,0],[78.05142,15.55799,0],[78.04823,15.55194,0],[78.04987,15.53104,0],[78.04436,15.52949,0],[78.03618,15.5369,0],[78.02927,15.53666,0],[78.03469,15.52315,0],[78.03176,15.50908,0],[78.03528,15.50175,0],[78.02522,15.49311,0],[78.02712,15.47959,0],[78.00828,15.47001,0],[77.9904,15.46774,0],[77.98316,15.45956,0],[77.97891,15.43638,0],[77.97106,15.42842,0],[77.95216,15.43192,0],[77.92515,15.42361,0],[77.91046,15.44037,0],[77.8988,15.44592,0],[77.89173,15.46526,0],[77.88241,15.47217,0],[77.85399,15.48036,0],[77.83218,15.46557,0],[77.82511,15.48511,0],[77.80748,15.4866,0],[77.78682,15.46974,0],[77.78946,15.454,0],[77.77032,15.40636,0],[77.74848,15.41098,0],[77.72004,15.38457,0],[77.70805,15.38174,0],[77.68163,15.39446,0],[77.67098,15.39275,0],[77.66131,15.36158,0],[77.65075,15.34552,0],[77.66465,15.33545,0],[77.66976,15.3214,0],[77.67904,15.3249,0],[77.68313,15.3186,0],[77.67717,15.25829,0],[77.66922,15.2329,0],[77.67725,15.22867,0],[77.68009,15.21624,0],[77.69795,15.20622,0],[77.69319,15.18436,0],[77.7027,15.1805,0],[77.71165,15.18724,0],[77.71745,15.17962,0],[77.7166,15.17276,0],[77.73331,15.1691,0],[77.73056,15.15117,0],[77.74674,15.14135,0],[77.74973,15.12946,0],[77.77416,15.12459,0],[77.77363,15.11255,0],[77.78487,15.11338,0],[77.79183,15.1065,0],[77.79647,15.1193,0],[77.81131,15.12896,0],[77.80993,15.13558,0],[77.81582,15.14323,0],[77.83898,15.14525,0],[77.84286,15.12996,0],[77.8545,15.13549,0],[77.87557,15.13554,0],[77.88454,15.17851,0],[77.89646,15.17784,0],[77.90565,15.17722,0],[77.90626,15.18852,0],[77.91516,15.20609,0],[77.9313,15.22756,0],[77.95653,15.2504,0],[77.97227,15.28376,0],[77.98232,15.28958,0],[77.99234,15.28083,0],[77.99726,15.28367,0],[77.99777,15.30421,0],[77.97699,15.31332,0],[77.96693,15.34356,0],[77.98781,15.35245,0],[78.02055,15.34951,0],[78.05174,15.35788,0],[78.08146,15.3549,0],[78.09247,15.36389,0],[78.10369,15.38194,0],[78.10768,15.39892,0],[78.12147,15.40376,0],[78.114,15.40835,0],[78.11351,15.41671,0],[78.12873,15.41883,0],[78.13895,15.43511,0],[78.15008,15.42902,0],[78.15527,15.4135,0],[78.1854,15.41032,0],[78.19013,15.41874,0],[78.1871,15.43643,0],[78.19303,15.44389,0],[78.16905,15.4505,0],[78.16823,15.46899,0],[78.1706,15.47369,0],[78.19576,15.48331,0],[78.19452,15.49943,0],[78.18121,15.50146,0],[78.17477,15.50975,0],[78.1757,15.52575,0],[78.18495,15.53438,0],[78.18223,15.54398,0],[78.16208,15.54852,0],[78.1235,15.52946,0],[78.11504,15.53039,0],[78.11328,15.55309,0],[78.10304,15.58022,0]]]}},{"type":"Feature","properties":{"stroke":"#ff0000","stroke-opacity":1,"fill-opacity":0,"ST_CODE":"28","ST_NAME":"ANDHRA PRADESH","DT_CODE":"18","DIST_NAME":"PRAKASAM","AC_NO":110,"AC_NAME":"Kondapi (SC)","PC_NO":"33","PC_NAME":"ONGOLE","PC_ID":"2833","Shape_Leng":"262964.78123600001","Shape_Area":"1262178798.83999990000","MaxSimpTol":"300.00000000000","MinSimpTol":"300.00000000000","visibility":"0","STATUS":"Post bifurcation 2014, renumbered to 2019 seats"},"geometry":{"type":"Polygon","coordinates":[[[79.69389,15.5761,0],[79.67209,15.58269,0],[79.68538,15.59052,0],[79.68249,15.59677,0],[79.66908,15.59301,0],[79.65356,15.57434,0],[79.64395,15.57819,0],[79.63008,15.57563,0],[79.61157,15.58416,0],[79.6053,15.57301,0],[79.61038,15.55832,0],[79.60349,15.54624,0],[79.60556,15.51982,0],[79.61944,15.50016,0],[79.62322,15.48198,0],[79.61989,15.47871,0],[79.61244,15.48451,0],[79.60466,15.48226,0],[79.57837,15.39104,0],[79.58967,15.39658,0],[79.61163,15.42738,0],[79.62045,15.42947,0],[79.63532,15.42662,0],[79.64836,15.41381,0],[79.65734,15.41608,0],[79.66367,15.42467,0],[79.68577,15.42424,0],[79.68885,15.40813,0],[79.70601,15.4058,0],[79.71133,15.39845,0],[79.70643,15.36977,0],[79.69564,15.37065,0],[79.68004,15.38474,0],[79.66992,15.37916,0],[79.66888,15.36255,0],[79.66083,15.35374,0],[79.66203,15.34,0],[79.67429,15.33243,0],[79.67529,15.32391,0],[79.66186,15.26049,0],[79.6739,15.25514,0],[79.69909,15.22899,0],[79.71793,15.23385,0],[79.73354,15.24558,0],[79.76477,15.2382,0],[79.76914,15.21491,0],[79.78605,15.22037,0],[79.79674,15.22708,0],[79.79819,15.24395,0],[79.80669,15.26314,0],[79.84895,15.26233,0],[79.85743,15.26922,0],[79.86957,15.29506,0],[79.88125,15.29975,0],[79.88598,15.30781,0],[79.91351,15.31831,0],[79.91558,15.3258,0],[79.90688,15.34641,0],[79.91943,15.3639,0],[79.9269,15.36666,0],[79.93323,15.36145,0],[79.93193,15.32742,0],[79.94615,15.33382,0],[79.96076,15.3334,0],[79.99378,15.31506,0],[79.99271,15.29681,0],[79.97801,15.27073,0],[79.97755,15.25068,0],[79.97194,15.24255,0],[79.98327,15.22983,0],[79.98483,15.2216,0],[80.01188,15.22228,0],[80.02333,15.2339,0],[80.04396,15.23593,0],[80.07096,15.21357,0],[80.08016,15.2111,0],[80.08955,15.2154,0],[80.08453,15.26989,0],[80.10637,15.32072,0],[80.11566,15.35459,0],[80.10887,15.35961,0],[80.08648,15.3583,0],[80.0756,15.37928,0],[80.0562,15.38112,0],[80.04833,15.38958,0],[80.04831,15.39636,0],[80.06546,15.42215,0],[80.07937,15.42313,0],[80.08614,15.42983,0],[80.08612,15.4363,0],[80.06988,15.45408,0],[80.05751,15.45057,0],[80.01913,15.46166,0],[80.0078,15.46093,0],[79.99109,15.45128,0],[79.98992,15.47818,0],[79.97154,15.46272,0],[79.96558,15.48843,0],[79.95506,15.4958,0],[79.93848,15.49761,0],[79.93108,15.48149,0],[79.91262,15.47312,0],[79.91821,15.45222,0],[79.90568,15.43241,0],[79.90167,15.43346,0],[79.88732,15.45191,0],[79.86996,15.45776,0],[79.84987,15.48101,0],[79.82987,15.48735,0],[79.81532,15.50554,0],[79.8042,15.51157,0],[79.7961,15.52743,0],[79.7906,15.56404,0],[79.77748,15.57909,0],[79.76456,15.58618,0],[79.74244,15.55661,0],[79.71262,15.56471,0],[79.69389,15.5761,0]]]}},{"type":"Feature","properties":{"stroke":"#ff0000","stroke-opacity":1,"fill-opacity":0,"ST_CODE":"28","ST_NAME":"ANDHRA PRADESH","DT_CODE":"18","DIST_NAME":"PRAKASAM","AC_NO":108,"AC_NAME":"Ongole","PC_NO":"33","PC_NAME":"ONGOLE","PC_ID":"2833","Shape_Leng":"95739.64148470000","Shape_Area":"388276895.85900003000","MaxSimpTol":"300.00000000000","MinSimpTol":"300.00000000000","visibility":"0","STATUS":"Post bifurcation 2014, renumbered to 2019 seats"},"geometry":{"type":"Polygon","coordinates":[[[80.13532,15.5657,0],[80.10338,15.57905,0],[80.09322,15.59698,0],[80.0812,15.59979,0],[80.07326,15.59484,0],[80.066,15.58194,0],[80.02677,15.56072,0],[80.02486,15.54256,0],[80.00907,15.51334,0],[79.98841,15.49712,0],[79.98992,15.47818,0],[79.99109,15.45128,0],[80.0078,15.46093,0],[80.01913,15.46166,0],[80.05751,15.45057,0],[80.06988,15.45408,0],[80.08612,15.4363,0],[80.08614,15.42983,0],[80.07937,15.42313,0],[80.06546,15.42215,0],[80.04831,15.39636,0],[80.04833,15.38958,0],[80.0562,15.38112,0],[80.0756,15.37928,0],[80.08648,15.3583,0],[80.10887,15.35961,0],[80.11566,15.35459,0],[80.14074,15.3927,0],[80.20476,15.47073,0],[80.21965,15.52292,0],[80.23076,15.54159,0],[80.22973,15.56459,0],[80.1947,15.57154,0],[80.18153,15.56548,0],[80.16443,15.57963,0],[80.14444,15.56585,0],[80.13532,15.5657,0]]]}},{"type":"Feature","properties":{"stroke":"#ff0000","stroke-opacity":1,"fill-opacity":0,"ST_CODE":"28","ST_NAME":"ANDHRA PRADESH","DT_CODE":"21","DIST_NAME":"KURNOOL","AC_NO":139,"AC_NAME":"Nandyal","PC_NO":"34","PC_NAME":"NANDYAL","PC_ID":"2834","Shape_Leng":"95620.87380830001","Shape_Area":"315352827.99199998000","MaxSimpTol":"300.00000000000","MinSimpTol":"300.00000000000","visibility":"0","STATUS":"Post bifurcation 2014, renumbered to 2019 seats"},"geometry":{"type":"Polygon","coordinates":[[[78.45432,15.56603,0],[78.42148,15.55664,0],[78.41912,15.54873,0],[78.40513,15.54832,0],[78.40826,15.54084,0],[78.40097,15.53806,0],[78.40251,15.53097,0],[78.39655,15.51513,0],[78.40909,15.50225,0],[78.39763,15.48767,0],[78.40644,15.46196,0],[78.3683,15.42053,0],[78.3652,15.39877,0],[78.35645,15.39583,0],[78.35496,15.38444,0],[78.34513,15.3776,0],[78.34924,15.34441,0],[78.39523,15.33208,0],[78.39519,15.31429,0],[78.39804,15.30267,0],[78.41606,15.28176,0],[78.42495,15.29107,0],[78.44929,15.29911,0],[78.45446,15.30766,0],[78.4516,15.32979,0],[78.45873,15.3408,0],[78.4578,15.35842,0],[78.46718,15.36898,0],[78.48075,15.37555,0],[78.48447,15.39151,0],[78.49973,15.40472,0],[78.48673,15.42121,0],[78.48654,15.42713,0],[78.4933,15.43383,0],[78.51585,15.43281,0],[78.52166,15.46226,0],[78.51528,15.47529,0],[78.4967,15.47998,0],[78.49413,15.48712,0],[78.50272,15.49098,0],[78.51656,15.48505,0],[78.51853,15.49843,0],[78.50922,15.51044,0],[78.49327,15.51659,0],[78.49708,15.54369,0],[78.47142,15.54566,0],[78.45432,15.56603,0]]]}},{"type":"Feature","properties":{"stroke":"#ff0000","stroke-opacity":1,"fill-opacity":0,"ST_CODE":"28","ST_NAME":"ANDHRA PRADESH","DT_CODE":"18","DIST_NAME":"PRAKASAM","AC_NO":113,"AC_NAME":"Kanigiri","PC_NO":"33","PC_NAME":"ONGOLE","PC_ID":"2833","Shape_Leng":"303669.07504700002","Shape_Area":"2627084848.80000020000","MaxSimpTol":"300.00000000000","MinSimpTol":"300.00000000000","visibility":"0","STATUS":"Post bifurcation 2014, renumbered to 2019 seats"},"geometry":{"type":"Polygon","coordinates":[[[79.23414,15.55579,0],[79.24512,15.55292,0],[79.24655,15.54838,0],[79.22712,15.48756,0],[79.21835,15.43752,0],[79.19407,15.37579,0],[79.19554,15.33007,0],[79.19103,15.31844,0],[79.15937,15.2846,0],[79.1364,15.28488,0],[79.12996,15.26874,0],[79.13309,15.24713,0],[79.1287,15.21991,0],[79.10597,15.19035,0],[79.08246,15.17317,0],[79.07342,15.16518,0],[79.07221,15.14198,0],[79.07612,15.10419,0],[79.09006,15.04908,0],[79.09497,15.05431,0],[79.09413,15.06604,0],[79.10132,15.07231,0],[79.10091,15.08425,0],[79.13008,15.08637,0],[79.12914,15.10009,0],[79.15274,15.09775,0],[79.1613,15.09118,0],[79.18139,15.08742,0],[79.21502,15.08571,0],[79.24865,15.10541,0],[79.26179,15.10671,0],[79.26562,15.10505,0],[79.26578,15.09694,0],[79.29138,15.09844,0],[79.30899,15.09388,0],[79.30819,15.08782,0],[79.31452,15.0935,0],[79.31462,15.10169,0],[79.32867,15.11149,0],[79.32707,15.11536,0],[79.33532,15.11695,0],[79.33565,15.09953,0],[79.3283,15.10039,0],[79.32733,15.0928,0],[79.34393,15.08546,0],[79.35159,15.11686,0],[79.35981,15.11164,0],[79.35716,15.10189,0],[79.36774,15.08549,0],[79.38612,15.0856,0],[79.39235,15.09177,0],[79.39078,15.07541,0],[79.40375,15.07817,0],[79.41954,15.07373,0],[79.41717,15.05942,0],[79.42241,15.05668,0],[79.43845,15.05553,0],[79.4515,15.06318,0],[79.4626,15.06223,0],[79.4678,15.06779,0],[79.47615,15.05731,0],[79.50158,15.05704,0],[79.50566,15.04731,0],[79.51877,15.03848,0],[79.5292,15.03812,0],[79.54362,15.02614,0],[79.55864,15.02212,0],[79.56451,15.04387,0],[79.57973,15.04352,0],[79.58023,15.03671,0],[79.60855,15.04109,0],[79.62071,15.03437,0],[79.62826,15.0351,0],[79.63081,15.08207,0],[79.64265,15.13172,0],[79.63764,15.15372,0],[79.65946,15.17417,0],[79.65275,15.18581,0],[79.63539,15.18219,0],[79.63347,15.18593,0],[79.66186,15.26049,0],[79.67529,15.32391,0],[79.67429,15.33243,0],[79.66203,15.34,0],[79.66083,15.35374,0],[79.66888,15.36255,0],[79.66992,15.37916,0],[79.68004,15.38474,0],[79.69564,15.37065,0],[79.70643,15.36977,0],[79.71133,15.39845,0],[79.70601,15.4058,0],[79.68885,15.40813,0],[79.68577,15.42424,0],[79.66367,15.42467,0],[79.65734,15.41608,0],[79.64836,15.41381,0],[79.63532,15.42662,0],[79.62045,15.42947,0],[79.61163,15.42738,0],[79.58967,15.39658,0],[79.57837,15.39104,0],[79.60466,15.48226,0],[79.61244,15.48451,0],[79.61989,15.47871,0],[79.62322,15.48198,0],[79.61944,15.50016,0],[79.60556,15.51982,0],[79.60349,15.54624,0],[79.5862,15.53502,0],[79.57112,15.54815,0],[79.57082,15.49962,0],[79.5657,15.49701,0],[79.54293,15.5046,0],[79.51836,15.50141,0],[79.48355,15.53281,0],[79.47533,15.54769,0],[79.46493,15.54251,0],[79.44712,15.51402,0],[79.36567,15.52541,0],[79.35273,15.53564,0],[79.33248,15.56519,0],[79.30463,15.58211,0],[79.25253,15.57335,0],[79.23414,15.55579,0]]]}},{"type":"Feature","properties":{"stroke":"#ff0000","stroke-opacity":1,"fill-opacity":0,"ST_CODE":"28","ST_NAME":"ANDHRA PRADESH","DT_CODE":"21","DIST_NAME":"KURNOOL","AC_NO":140,"AC_NAME":"Banaganapalle","PC_NO":"34","PC_NAME":"NANDYAL","PC_ID":"2834","Shape_Leng":"247298.91748100001","Shape_Area":"1848975376.16000010000","MaxSimpTol":"300.00000000000","MinSimpTol":"300.00000000000","visibility":"0","STATUS":"Post bifurcation 2014, renumbered to 2019 seats"},"geometry":{"type":"Polygon","coordinates":[[[78.19452,15.49943,0],[78.19576,15.48331,0],[78.1706,15.47369,0],[78.16823,15.46899,0],[78.16905,15.4505,0],[78.19303,15.44389,0],[78.1871,15.43643,0],[78.19013,15.41874,0],[78.1854,15.41032,0],[78.15527,15.4135,0],[78.15008,15.42902,0],[78.13895,15.43511,0],[78.12873,15.41883,0],[78.11351,15.41671,0],[78.114,15.40835,0],[78.12147,15.40376,0],[78.10768,15.39892,0],[78.10369,15.38194,0],[78.09247,15.36389,0],[78.08146,15.3549,0],[78.05174,15.35788,0],[78.02055,15.34951,0],[77.98781,15.35245,0],[77.96693,15.34356,0],[77.97699,15.31332,0],[77.99777,15.30421,0],[77.99726,15.28367,0],[77.99234,15.28083,0],[77.98232,15.28958,0],[77.97227,15.28376,0],[77.95653,15.2504,0],[77.9313,15.22756,0],[77.91516,15.20609,0],[77.90626,15.18852,0],[77.90565,15.17722,0],[77.9194,15.17439,0],[77.92371,15.16185,0],[77.92056,15.15342,0],[77.92482,15.15221,0],[77.90885,15.13881,0],[77.9151,15.12926,0],[77.90719,15.13102,0],[77.90642,15.12299,0],[77.93286,15.11275,0],[77.96139,15.10902,0],[77.97452,15.13927,0],[77.99336,15.13353,0],[77.99708,15.12475,0],[78.00655,15.12284,0],[78.01424,15.11226,0],[78.00578,15.08217,0],[77.99772,15.08169,0],[77.99518,15.06431,0],[78.01065,15.05116,0],[78.0114,15.02742,0],[78.0267,15.01674,0],[78.03403,14.99985,0],[78.05479,14.99245,0],[78.06001,15.00342,0],[78.06563,14.99538,0],[78.08863,14.98261,0],[78.0874,14.97255,0],[78.1339,14.96162,0],[78.13697,14.9481,0],[78.15146,14.94898,0],[78.15339,14.96001,0],[78.16784,14.96433,0],[78.18002,14.96457,0],[78.21058,14.95245,0],[78.22044,14.95552,0],[78.22453,14.97788,0],[78.23587,15.00363,0],[78.24395,14.99978,0],[78.26011,15.02693,0],[78.28379,15.03138,0],[78.27507,15.05835,0],[78.28456,15.07096,0],[78.2933,15.07364,0],[78.2898,15.10097,0],[78.29764,15.12836,0],[78.31205,15.15148,0],[78.33983,15.16325,0],[78.34153,15.1757,0],[78.34959,15.1825,0],[78.34483,15.20854,0],[78.37655,15.20183,0],[78.3849,15.2028,0],[78.38868,15.20898,0],[78.38742,15.22018,0],[78.37989,15.22646,0],[78.38222,15.24154,0],[78.36479,15.24555,0],[78.35506,15.26652,0],[78.36606,15.29319,0],[78.39519,15.31429,0],[78.39523,15.33208,0],[78.34924,15.34441,0],[78.34513,15.3776,0],[78.32425,15.38792,0],[78.32425,15.42392,0],[78.30057,15.43349,0],[78.29312,15.4472,0],[78.27994,15.45434,0],[78.26989,15.46712,0],[78.27638,15.473,0],[78.30011,15.47544,0],[78.30173,15.50512,0],[78.29318,15.50049,0],[78.26765,15.50657,0],[78.26173,15.49943,0],[78.23646,15.49916,0],[78.22675,15.5136,0],[78.19452,15.49943,0]]]}},{"type":"Feature","properties":{"stroke":"#ff0000","stroke-opacity":1,"fill-opacity":0,"ST_CODE":"28","ST_NAME":"ANDHRA PRADESH","DT_CODE":"21","DIST_NAME":"KURNOOL","AC_NO":134,"AC_NAME":"Allagadda","PC_NO":"34","PC_NAME":"NANDYAL","PC_ID":"2834","Shape_Leng":"280780.45547200000","Shape_Area":"1860235851.16000010000","MaxSimpTol":"300.00000000000","MinSimpTol":"300.00000000000","visibility":"0","STATUS":"Post bifurcation 2014, renumbered to 2019 seats"},"geometry":{"type":"Polygon","coordinates":[[[78.49973,15.40472,0],[78.48447,15.39151,0],[78.48075,15.37555,0],[78.46718,15.36898,0],[78.4578,15.35842,0],[78.45873,15.3408,0],[78.4516,15.32979,0],[78.45446,15.30766,0],[78.44929,15.29911,0],[78.42495,15.29107,0],[78.41606,15.28176,0],[78.39804,15.30267,0],[78.39519,15.31429,0],[78.36606,15.29319,0],[78.35506,15.26652,0],[78.36479,15.24555,0],[78.38222,15.24154,0],[78.37989,15.22646,0],[78.38742,15.22018,0],[78.38868,15.20898,0],[78.3849,15.2028,0],[78.37655,15.20183,0],[78.34483,15.20854,0],[78.34959,15.1825,0],[78.34153,15.1757,0],[78.33983,15.16325,0],[78.31205,15.15148,0],[78.29764,15.12836,0],[78.2898,15.10097,0],[78.2933,15.07364,0],[78.31385,15.06906,0],[78.32527,15.07359,0],[78.33283,15.06665,0],[78.35465,15.06217,0],[78.35343,15.05481,0],[78.36372,15.05234,0],[78.37107,15.07205,0],[78.38277,15.06959,0],[78.37808,15.05674,0],[78.39987,15.04895,0],[78.37562,15.03641,0],[78.36965,15.02643,0],[78.35322,15.03132,0],[78.3428,15.00317,0],[78.35931,14.9859,0],[78.3922,14.96837,0],[78.40974,14.97303,0],[78.41937,15.03182,0],[78.43621,15.03263,0],[78.43867,15.03708,0],[78.43875,15.03394,0],[78.45725,15.0311,0],[78.46174,15.0394,0],[78.47429,15.03573,0],[78.4825,15.04326,0],[78.48529,15.03695,0],[78.48747,15.05037,0],[78.4813,15.05067,0],[78.47811,15.06146,0],[78.47389,15.06305,0],[78.48133,15.06354,0],[78.48163,15.07146,0],[78.49875,15.07041,0],[78.50609,15.0697,0],[78.51561,15.06063,0],[78.51223,15.04198,0],[78.51528,15.01366,0],[78.50855,15.00517,0],[78.51574,15.00257,0],[78.51656,14.997,0],[78.50517,14.95575,0],[78.49825,14.95587,0],[78.47736,14.90281,0],[78.48526,14.90082,0],[78.49038,14.91114,0],[78.51958,14.94349,0],[78.51659,14.9465,0],[78.51948,14.95411,0],[78.5229,14.95244,0],[78.52808,14.96055,0],[78.53996,14.96521,0],[78.5512,14.9616,0],[78.54656,14.933,0],[78.56224,14.93125,0],[78.58175,14.94628,0],[78.59132,14.93958,0],[78.60126,14.9547,0],[78.60968,14.94845,0],[78.62962,14.94721,0],[78.62999,14.92597,0],[78.66043,14.93022,0],[78.66595,14.93535,0],[78.68457,14.93898,0],[78.69172,14.96829,0],[78.71793,14.96893,0],[78.70993,15.02236,0],[78.72876,15.02457,0],[78.7486,15.03454,0],[78.76233,15.05916,0],[78.75764,15.06289,0],[78.7551,15.07597,0],[78.76037,15.07995,0],[78.75087,15.10834,0],[78.75304,15.13022,0],[78.75009,15.13474,0],[78.75834,15.18504,0],[78.74207,15.1822,0],[78.73696,15.19922,0],[78.73663,15.32653,0],[78.74251,15.35394,0],[78.77135,15.42065,0],[78.71195,15.40286,0],[78.65637,15.39522,0],[78.62868,15.39558,0],[78.61124,15.40423,0],[78.59041,15.3964,0],[78.56727,15.40946,0],[78.5556,15.4259,0],[78.53389,15.43773,0],[78.52796,15.43442,0],[78.52405,15.41912,0],[78.49973,15.40472,0]]]}},{"type":"Feature","properties":{"stroke":"#ff0000","stroke-opacity":1,"fill-opacity":0,"ST_CODE":"28","ST_NAME":"ANDHRA PRADESH","DT_CODE":"18","DIST_NAME":"PRAKASAM","AC_NO":109,"AC_NAME":"Kandukur","PC_NO":"39","PC_NAME":"NELLORE","PC_ID":"2839","Shape_Leng":"208045.72461700000","Shape_Area":"1241930524.15000010000","MaxSimpTol":"300.00000000000","MinSimpTol":"300.00000000000","visibility":"0","STATUS":"Post bifurcation 2014, renumbered to 2019 seats"},"geometry":{"type":"Polygon","coordinates":[[[79.66186,15.26049,0],[79.63347,15.18593,0],[79.63539,15.18219,0],[79.65275,15.18581,0],[79.65946,15.17417,0],[79.63764,15.15372,0],[79.64265,15.13172,0],[79.63081,15.08207,0],[79.62826,15.0351,0],[79.65619,15.03474,0],[79.66452,15.03838,0],[79.67216,15.03333,0],[79.68288,15.03401,0],[79.71537,15.05321,0],[79.7186,15.04016,0],[79.73384,15.03113,0],[79.74336,15.03827,0],[79.75282,15.05537,0],[79.76156,15.05428,0],[79.76442,15.06085,0],[79.77831,15.06725,0],[79.79692,15.05621,0],[79.79325,15.03989,0],[79.78113,15.02805,0],[79.79399,15.02114,0],[79.7899,15.00583,0],[79.78087,14.99492,0],[79.77955,14.98151,0],[79.82244,14.97362,0],[79.83211,14.96713,0],[79.86538,14.96414,0],[79.87345,14.98769,0],[79.88849,14.9896,0],[79.88927,14.99869,0],[79.90452,15.00871,0],[79.90369,15.01213,0],[79.91656,15.01138,0],[79.9142,15.0164,0],[79.93439,15.02342,0],[79.9521,15.01955,0],[79.96183,15.02323,0],[79.98917,14.99907,0],[80.02733,14.98098,0],[80.04025,15.00955,0],[80.05422,15.00551,0],[80.0471,15.08385,0],[80.05567,15.12379,0],[80.08371,15.19095,0],[80.08955,15.2154,0],[80.08016,15.2111,0],[80.07096,15.21357,0],[80.04396,15.23593,0],[80.02333,15.2339,0],[80.01188,15.22228,0],[79.98483,15.2216,0],[79.98327,15.22983,0],[79.97194,15.24255,0],[79.97755,15.25068,0],[79.97801,15.27073,0],[79.99271,15.29681,0],[79.99378,15.31506,0],[79.96076,15.3334,0],[79.94615,15.33382,0],[79.93193,15.32742,0],[79.93323,15.36145,0],[79.9269,15.36666,0],[79.91943,15.3639,0],[79.90688,15.34641,0],[79.91558,15.3258,0],[79.91351,15.31831,0],[79.88598,15.30781,0],[79.88125,15.29975,0],[79.86957,15.29506,0],[79.85743,15.26922,0],[79.84895,15.26233,0],[79.80669,15.26314,0],[79.79819,15.24395,0],[79.79674,15.22708,0],[79.78605,15.22037,0],[79.76914,15.21491,0],[79.76477,15.2382,0],[79.73354,15.24558,0],[79.71793,15.23385,0],[79.69909,15.22899,0],[79.6739,15.25514,0],[79.66186,15.26049,0]]]}},{"type":"Feature","properties":{"stroke":"#ff0000","stroke-opacity":1,"fill-opacity":0,"ST_CODE":"28","ST_NAME":"ANDHRA PRADESH","DT_CODE":"22","DIST_NAME":"ANANTAPUR","AC_NO":150,"AC_NAME":"Guntakal","PC_NO":"36","PC_NAME":"ANANTAPUR","PC_ID":"2836","Shape_Leng":"198976.80022000000","Shape_Area":"1001330416.92000000000","MaxSimpTol":"300.00000000000","MinSimpTol":"300.00000000000","visibility":"0","STATUS":"Post bifurcation 2014, renumbered to 2019 seats"},"geometry":{"type":"Polygon","coordinates":[[[77.41831,15.22432,0],[77.4091,15.22577,0],[77.40646,15.21946,0],[77.39513,15.21745,0],[77.36316,15.22327,0],[77.35376,15.19833,0],[77.35155,15.17789,0],[77.33097,15.17493,0],[77.31653,15.17778,0],[77.3102,15.15474,0],[77.30121,15.15441,0],[77.31865,15.13252,0],[77.35923,15.11925,0],[77.40403,15.09023,0],[77.41919,15.06409,0],[77.44315,15.04504,0],[77.44553,15.02346,0],[77.4584,15.0069,0],[77.45012,14.99165,0],[77.45459,14.97603,0],[77.42685,14.92786,0],[77.42389,14.91147,0],[77.46852,14.88786,0],[77.52922,14.8932,0],[77.59562,14.9298,0],[77.62048,14.92994,0],[77.64602,14.91805,0],[77.65698,14.9189,0],[77.64266,14.94584,0],[77.64577,14.97927,0],[77.65059,14.99019,0],[77.64581,15.00368,0],[77.59809,14.99646,0],[77.61844,15.02172,0],[77.63758,15.02082,0],[77.6433,15.02438,0],[77.63762,15.03245,0],[77.60741,15.03938,0],[77.61044,15.06345,0],[77.62106,15.07719,0],[77.62705,15.07306,0],[77.6578,15.07737,0],[77.66996,15.06865,0],[77.67754,15.07562,0],[77.68463,15.07447,0],[77.69243,15.07939,0],[77.71414,15.07423,0],[77.7266,15.09,0],[77.75028,15.08936,0],[77.77065,15.1007,0],[77.77363,15.11255,0],[77.77416,15.12459,0],[77.74973,15.12946,0],[77.74674,15.14135,0],[77.73056,15.15117,0],[77.73331,15.1691,0],[77.7166,15.17276,0],[77.71745,15.17962,0],[77.71165,15.18724,0],[77.7027,15.1805,0],[77.69319,15.18436,0],[77.69795,15.20622,0],[77.68009,15.21624,0],[77.67725,15.22867,0],[77.66922,15.2329,0],[77.65166,15.23295,0],[77.64989,15.22539,0],[77.63719,15.22146,0],[77.63458,15.20701,0],[77.61561,15.20687,0],[77.61055,15.19593,0],[77.61155,15.18387,0],[77.58231,15.18828,0],[77.57565,15.19977,0],[77.54175,15.20928,0],[77.52719,15.22432,0],[77.50179,15.22173,0],[77.48119,15.20829,0],[77.46728,15.21781,0],[77.45129,15.2222,0],[77.44653,15.21392,0],[77.45037,15.20539,0],[77.43432,15.21019,0],[77.43313,15.22079,0],[77.41831,15.22432,0]]]}},{"type":"Feature","properties":{"stroke":"#ff0000","stroke-opacity":1,"fill-opacity":0,"ST_CODE":"28","ST_NAME":"ANDHRA PRADESH","DT_CODE":"20","DIST_NAME":"CUDDAPAH","AC_NO":124,"AC_NAME":"Badvel (SC)","PC_NO":"38","PC_NAME":"KADAPA","PC_ID":"2838","Shape_Leng":"349321.20517400000","Shape_Area":"2704101050.26000020000","MaxSimpTol":"300.00000000000","MinSimpTol":"300.00000000000","visibility":"0","STATUS":"Post bifurcation 2014, renumbered to 2019 seats"},"geometry":{"type":"Polygon","coordinates":[[[78.86874,15.19773,0],[78.77752,15.20001,0],[78.75834,15.18504,0],[78.75009,15.13474,0],[78.75304,15.13022,0],[78.75087,15.10834,0],[78.76037,15.07995,0],[78.7551,15.07597,0],[78.75764,15.06289,0],[78.76233,15.05916,0],[78.7486,15.03454,0],[78.7659,14.98735,0],[78.78346,14.96885,0],[78.79465,14.91984,0],[78.833,14.86048,0],[78.85119,14.86746,0],[78.85747,14.87664,0],[78.867,14.8738,0],[78.89591,14.88378,0],[78.8994,14.89747,0],[78.91479,14.9177,0],[78.93775,14.90514,0],[78.93883,14.88854,0],[78.95264,14.86762,0],[78.9448,14.85117,0],[78.94545,14.84232,0],[78.95328,14.83351,0],[78.96904,14.83087,0],[78.97668,14.82263,0],[78.98087,14.77044,0],[78.97623,14.75138,0],[78.98252,14.74645,0],[78.99425,14.74561,0],[79.01137,14.73104,0],[79.00633,14.71902,0],[79.00745,14.69936,0],[78.98776,14.69868,0],[78.97536,14.71001,0],[78.96992,14.70556,0],[78.97052,14.69967,0],[78.9526,14.69492,0],[78.88476,14.6903,0],[78.87995,14.6781,0],[78.88837,14.66854,0],[78.88977,14.63295,0],[78.90835,14.61749,0],[78.90218,14.59166,0],[78.9009,14.57998,0],[78.88148,14.5686,0],[78.87269,14.55048,0],[78.87182,14.53799,0],[78.88735,14.51693,0],[78.88667,14.50902,0],[78.89578,14.49944,0],[78.91892,14.4898,0],[78.9484,14.46424,0],[78.98416,14.46228,0],[78.99826,14.45142,0],[79.02142,14.45253,0],[79.04033,14.44288,0],[79.06369,14.44295,0],[79.1009,14.47143,0],[79.12901,14.44626,0],[79.14574,14.43873,0],[79.17031,14.45138,0],[79.17746,14.46119,0],[79.1858,14.45206,0],[79.18731,14.43874,0],[79.19476,14.4346,0],[79.21834,14.40417,0],[79.20111,14.38298,0],[79.20459,14.37466,0],[79.23346,14.35314,0],[79.23836,14.33814,0],[79.263,14.33723,0],[79.27606,14.32973,0],[79.30773,14.35283,0],[79.31838,14.35341,0],[79.33651,14.344,0],[79.35705,14.34415,0],[79.37096,14.34917,0],[79.36499,14.35554,0],[79.36758,14.36849,0],[79.36428,14.37881,0],[79.35906,14.38172,0],[79.34873,14.40546,0],[79.33003,14.4262,0],[79.32673,14.45766,0],[79.3165,14.47699,0],[79.31101,14.47874,0],[79.30526,14.48425,0],[79.29294,14.48514,0],[79.27834,14.53259,0],[79.26765,14.55116,0],[79.25834,14.55615,0],[79.24867,14.57105,0],[79.24203,14.5931,0],[79.22958,14.60251,0],[79.22025,14.58849,0],[79.20986,14.60269,0],[79.20278,14.60466,0],[79.20032,14.61373,0],[79.18913,14.61663,0],[79.18143,14.64408,0],[79.18661,14.65976,0],[79.17905,14.66444,0],[79.17913,14.67905,0],[79.17368,14.68261,0],[79.18397,14.68863,0],[79.18555,14.71096,0],[79.16873,14.74478,0],[79.16539,14.76448,0],[79.1602,14.7815,0],[79.15064,14.79371,0],[79.13384,14.86724,0],[79.1085,14.89507,0],[79.11183,14.89898,0],[79.10411,14.89893,0],[79.09285,14.93309,0],[79.08147,14.983,0],[79.0877,15.00282,0],[79.08444,15.01553,0],[79.09006,15.04908,0],[79.07612,15.10419,0],[79.07221,15.14198,0],[79.07342,15.16518,0],[79.08246,15.17317,0],[79.01725,15.17959,0],[79.0092,15.16861,0],[78.98143,15.16498,0],[78.97225,15.16866,0],[78.95742,15.17634,0],[78.95481,15.1923,0],[78.94766,15.20371,0],[78.94782,15.22877,0],[78.92708,15.22884,0],[78.91942,15.18735,0],[78.86874,15.19773,0]]]}},{"type":"Feature","properties":{"stroke":"#ff0000","stroke-opacity":1,"fill-opacity":0,"ST_CODE":"28","ST_NAME":"ANDHRA PRADESH","DT_CODE":"22","DIST_NAME":"ANANTAPUR","AC_NO":149,"AC_NAME":"Uravakonda","PC_NO":"36","PC_NAME":"ANANTAPUR","PC_ID":"2836","Shape_Leng":"287404.10806800000","Shape_Area":"1961403193.01000000000","MaxSimpTol":"300.00000000000","MinSimpTol":"300.00000000000","visibility":"0","STATUS":"Post bifurcation 2014, renumbered to 2019 seats"},"geometry":{"type":"Polygon","coordinates":[[[77.15731,15.1405,0],[77.15635,15.12296,0],[77.15019,15.11164,0],[77.13015,15.1008,0],[77.12824,15.07235,0],[77.11952,15.04573,0],[77.1153,15.04643,0],[77.11295,15.03409,0],[77.09368,15.03617,0],[77.09088,15.02937,0],[77.08477,15.03074,0],[77.08251,15.00681,0],[77.0916,14.99416,0],[77.09932,14.97095,0],[77.11823,14.9536,0],[77.1242,14.91852,0],[77.13592,14.91694,0],[77.14688,14.92471,0],[77.15208,14.91998,0],[77.15576,14.90575,0],[77.15304,14.89782,0],[77.14413,14.89361,0],[77.14699,14.88106,0],[77.17997,14.86942,0],[77.18066,14.8281,0],[77.19858,14.82525,0],[77.19629,14.79847,0],[77.1724,14.78299,0],[77.17279,14.77377,0],[77.21189,14.76747,0],[77.21485,14.75659,0],[77.20779,14.73121,0],[77.14143,14.73597,0],[77.11626,14.75028,0],[77.08893,14.75744,0],[77.07107,14.73784,0],[77.04376,14.74006,0],[77.0364,14.74453,0],[77.01976,14.73311,0],[77.01746,14.71836,0],[77.0099,14.71417,0],[77.00364,14.71867,0],[76.99934,14.7356,0],[76.97357,14.74227,0],[76.9693,14.74751,0],[76.96254,14.73578,0],[76.96779,14.70279,0],[76.97616,14.70024,0],[76.98088,14.69313,0],[76.97777,14.67355,0],[76.99488,14.6581,0],[77.00497,14.63008,0],[77.04359,14.64182,0],[77.06813,14.64357,0],[77.07865,14.62697,0],[77.08535,14.62498,0],[77.14718,14.62934,0],[77.1684,14.62136,0],[77.19536,14.6186,0],[77.21312,14.6102,0],[77.21891,14.61257,0],[77.22448,14.62683,0],[77.24051,14.6292,0],[77.25018,14.61572,0],[77.25899,14.58821,0],[77.26742,14.5834,0],[77.27476,14.59024,0],[77.29107,14.59402,0],[77.30069,14.63969,0],[77.28693,14.65888,0],[77.29912,14.65906,0],[77.30016,14.67235,0],[77.33795,14.68531,0],[77.38157,14.68553,0],[77.40516,14.69349,0],[77.41745,14.69302,0],[77.42713,14.6888,0],[77.4328,14.66928,0],[77.44187,14.67595,0],[77.44722,14.69194,0],[77.45587,14.69772,0],[77.48319,14.7031,0],[77.49084,14.69951,0],[77.49388,14.69236,0],[77.50284,14.69887,0],[77.52032,14.69787,0],[77.5322,14.70594,0],[77.54396,14.74086,0],[77.54198,14.7454,0],[77.50658,14.74634,0],[77.49443,14.77542,0],[77.4704,14.7892,0],[77.47377,14.80585,0],[77.45842,14.80707,0],[77.45364,14.81218,0],[77.42937,14.87424,0],[77.4511,14.87341,0],[77.46852,14.88786,0],[77.42389,14.91147,0],[77.42685,14.92786,0],[77.45459,14.97603,0],[77.45012,14.99165,0],[77.4584,15.0069,0],[77.44553,15.02346,0],[77.44315,15.04504,0],[77.41919,15.06409,0],[77.40403,15.09023,0],[77.35923,15.11925,0],[77.31865,15.13252,0],[77.30121,15.15441,0],[77.29199,15.13128,0],[77.27127,15.13109,0],[77.2643,15.14304,0],[77.22998,15.14413,0],[77.20004,15.16008,0],[77.18808,15.15747,0],[77.18036,15.14333,0],[77.16047,15.14697,0],[77.15731,15.1405,0]]]}},{"type":"Feature","properties":{"stroke":"#ff0000","stroke-opacity":1,"fill-opacity":0,"ST_CODE":"28","ST_NAME":"ANDHRA PRADESH","DT_CODE":"22","DIST_NAME":"ANANTAPUR","AC_NO":151,"AC_NAME":"Tadpatri","PC_NO":"36","PC_NAME":"ANANTAPUR","PC_ID":"2836","Shape_Leng":"224601.74685699999","Shape_Area":"1270094714.92000010000","MaxSimpTol":"300.00000000000","MinSimpTol":"300.00000000000","visibility":"0","STATUS":"Post bifurcation 2014, renumbered to 2019 seats"},"geometry":{"type":"Polygon","coordinates":[[[77.89646,15.17784,0],[77.88454,15.17851,0],[77.87557,15.13554,0],[77.8545,15.13549,0],[77.84286,15.12996,0],[77.83898,15.14525,0],[77.81582,15.14323,0],[77.80993,15.13558,0],[77.81131,15.12896,0],[77.79647,15.1193,0],[77.79183,15.1065,0],[77.78487,15.11338,0],[77.77363,15.11255,0],[77.77065,15.1007,0],[77.75028,15.08936,0],[77.7266,15.09,0],[77.71414,15.07423,0],[77.69243,15.07939,0],[77.68463,15.07447,0],[77.67754,15.07562,0],[77.66996,15.06865,0],[77.6578,15.07737,0],[77.62705,15.07306,0],[77.62106,15.07719,0],[77.61044,15.06345,0],[77.60741,15.03938,0],[77.63762,15.03245,0],[77.6433,15.02438,0],[77.63758,15.02082,0],[77.61844,15.02172,0],[77.59809,14.99646,0],[77.64581,15.00368,0],[77.65059,14.99019,0],[77.64577,14.97927,0],[77.64266,14.94584,0],[77.65698,14.9189,0],[77.6961,14.91361,0],[77.7354,14.89054,0],[77.75298,14.8867,0],[77.76371,14.90214,0],[77.76329,14.91803,0],[77.78023,14.93016,0],[77.78669,14.92089,0],[77.79091,14.89741,0],[77.80549,14.88408,0],[77.81429,14.86086,0],[77.82522,14.84988,0],[77.82654,14.81627,0],[77.86129,14.79481,0],[77.86482,14.80846,0],[77.89194,14.83722,0],[77.8937,14.85691,0],[77.9028,14.8617,0],[77.91122,14.86078,0],[77.91319,14.85271,0],[77.91884,14.8493,0],[77.94783,14.85413,0],[77.95697,14.84282,0],[77.97471,14.83759,0],[78.0374,14.84087,0],[78.07353,14.81467,0],[78.0763,14.82749,0],[78.10131,14.81744,0],[78.11365,14.85102,0],[78.08916,14.85798,0],[78.09432,14.88462,0],[78.11314,14.93196,0],[78.12351,14.93717,0],[78.1312,14.93454,0],[78.13697,14.9481,0],[78.1339,14.96162,0],[78.0874,14.97255,0],[78.08863,14.98261,0],[78.06563,14.99538,0],[78.06001,15.00342,0],[78.05479,14.99245,0],[78.03403,14.99985,0],[78.0267,15.01674,0],[78.0114,15.02742,0],[78.01065,15.05116,0],[77.99518,15.06431,0],[77.99772,15.08169,0],[78.00578,15.08217,0],[78.01424,15.11226,0],[78.00655,15.12284,0],[77.99708,15.12475,0],[77.99336,15.13353,0],[77.97452,15.13927,0],[77.96139,15.10902,0],[77.93286,15.11275,0],[77.90642,15.12299,0],[77.90719,15.13102,0],[77.9151,15.12926,0],[77.90885,15.13881,0],[77.92482,15.15221,0],[77.92056,15.15342,0],[77.92371,15.16185,0],[77.9194,15.17439,0],[77.90565,15.17722,0],[77.89646,15.17784,0]]]}},{"type":"Feature","properties":{"stroke":"#ff0000","stroke-opacity":1,"fill-opacity":0,"ST_CODE":"28","ST_NAME":"ANDHRA PRADESH","DT_CODE":"22","DIST_NAME":"ANANTAPUR","AC_NO":148,"AC_NAME":"Rayadurg","PC_NO":"36","PC_NAME":"ANANTAPUR","PC_ID":"2836","Shape_Leng":"256665.46164200001","Shape_Area":"1566789564.54000000000","MaxSimpTol":"300.00000000000","MinSimpTol":"300.00000000000","visibility":"0","STATUS":"Post bifurcation 2014, renumbered to 2019 seats"},"geometry":{"type":"Polygon","coordinates":[[[77.08251,15.00681,0],[77.06904,15.0048,0],[77.04414,15.00988,0],[77.05045,15.02451,0],[77.04958,15.03311,0],[77.0041,15.03387,0],[76.98606,15.0265,0],[76.98536,15.01556,0],[76.96606,15.01842,0],[76.94974,15.03075,0],[76.92237,15.03166,0],[76.91851,15.0359,0],[76.90736,15.0329,0],[76.89512,15.03746,0],[76.87731,15.03059,0],[76.86603,15.06007,0],[76.83616,15.07962,0],[76.82391,15.0804,0],[76.79975,15.09594,0],[76.7925,15.08795,0],[76.78618,15.0882,0],[76.7823,15.07772,0],[76.7779,15.0799,0],[76.77992,15.07607,0],[76.77386,15.06568,0],[76.79016,15.02075,0],[76.78783,15.00926,0],[76.77876,15.00461,0],[76.77203,14.99055,0],[76.76003,14.98948,0],[76.76666,14.97457,0],[76.81812,14.96916,0],[76.82859,14.95626,0],[76.83404,14.95628,0],[76.84166,14.96605,0],[76.86727,14.96957,0],[76.86954,14.93772,0],[76.86385,14.89555,0],[76.84745,14.89595,0],[76.8455,14.88939,0],[76.85255,14.88697,0],[76.85707,14.8674,0],[76.8539,14.84287,0],[76.8418,14.83657,0],[76.8456,14.8341,0],[76.84605,14.82212,0],[76.8547,14.81787,0],[76.85418,14.80983,0],[76.83738,14.81112,0],[76.83656,14.79092,0],[76.81916,14.79317,0],[76.81697,14.78794,0],[76.78242,14.78605,0],[76.79003,14.75915,0],[76.80297,14.74191,0],[76.78654,14.70851,0],[76.78637,14.69617,0],[76.77533,14.68115,0],[76.76503,14.60216,0],[76.78027,14.59309,0],[76.78187,14.59653,0],[76.79139,14.5547,0],[76.80284,14.54224,0],[76.80631,14.53111,0],[76.82348,14.52687,0],[76.83248,14.52949,0],[76.85568,14.53269,0],[76.87274,14.54024,0],[76.90496,14.57091,0],[76.92392,14.57645,0],[76.94795,14.60948,0],[76.97605,14.61199,0],[77.00497,14.63008,0],[76.99488,14.6581,0],[76.97777,14.67355,0],[76.98088,14.69313,0],[76.97616,14.70024,0],[76.96779,14.70279,0],[76.96254,14.73578,0],[76.9693,14.74751,0],[76.97357,14.74227,0],[76.99934,14.7356,0],[77.00364,14.71867,0],[77.0099,14.71417,0],[77.01746,14.71836,0],[77.01976,14.73311,0],[77.0364,14.74453,0],[77.04376,14.74006,0],[77.07107,14.73784,0],[77.08893,14.75744,0],[77.11626,14.75028,0],[77.14143,14.73597,0],[77.20779,14.73121,0],[77.21485,14.75659,0],[77.21189,14.76747,0],[77.17279,14.77377,0],[77.1724,14.78299,0],[77.19629,14.79847,0],[77.19858,14.82525,0],[77.18066,14.8281,0],[77.17997,14.86942,0],[77.14699,14.88106,0],[77.14413,14.89361,0],[77.15304,14.89782,0],[77.15576,14.90575,0],[77.15208,14.91998,0],[77.14688,14.92471,0],[77.13592,14.91694,0],[77.1242,14.91852,0],[77.11823,14.9536,0],[77.09932,14.97095,0],[77.0916,14.99416,0],[77.08251,15.00681,0]]]}},{"type":"Feature","properties":{"stroke":"#ff0000","stroke-opacity":1,"fill-opacity":0,"ST_CODE":"28","ST_NAME":"ANDHRA PRADESH","DT_CODE":"19","DIST_NAME":"NELLORE","AC_NO":123,"AC_NAME":"Udayagiri","PC_NO":"39","PC_NAME":"NELLORE","PC_ID":"2839","Shape_Leng":"352046.87901999999","Shape_Area":"2747771984.79000000000","MaxSimpTol":"300.00000000000","MinSimpTol":"300.00000000000","visibility":"0","STATUS":"Post bifurcation 2014, renumbered to 2019 seats"},"geometry":{"type":"Polygon","coordinates":[[[79.09006,15.04908,0],[79.08444,15.01553,0],[79.0877,15.00282,0],[79.08147,14.983,0],[79.09285,14.93309,0],[79.10411,14.89893,0],[79.11183,14.89898,0],[79.1085,14.89507,0],[79.13384,14.86724,0],[79.15064,14.79371,0],[79.1602,14.7815,0],[79.16539,14.76448,0],[79.17605,14.8025,0],[79.17882,14.84791,0],[79.22852,14.88965,0],[79.23261,14.88646,0],[79.22758,14.87775,0],[79.22769,14.85962,0],[79.22034,14.85289,0],[79.23813,14.82273,0],[79.23415,14.8051,0],[79.25506,14.80348,0],[79.28288,14.77939,0],[79.28999,14.78366,0],[79.29495,14.805,0],[79.30158,14.80407,0],[79.33869,14.77995,0],[79.35358,14.76143,0],[79.37401,14.77056,0],[79.37882,14.77951,0],[79.39028,14.77833,0],[79.43849,14.72201,0],[79.48133,14.71677,0],[79.48974,14.73526,0],[79.50679,14.74505,0],[79.52624,14.77096,0],[79.53751,14.76669,0],[79.54477,14.73558,0],[79.5494,14.72947,0],[79.55541,14.7295,0],[79.56382,14.7351,0],[79.56956,14.75404,0],[79.58269,14.75822,0],[79.60036,14.75587,0],[79.60626,14.76168,0],[79.60883,14.77363,0],[79.6284,14.77116,0],[79.62876,14.78922,0],[79.65044,14.79028,0],[79.67149,14.78327,0],[79.69127,14.76641,0],[79.7399,14.76632,0],[79.74052,14.75672,0],[79.73255,14.74518,0],[79.69707,14.73979,0],[79.6983,14.72928,0],[79.71761,14.73303,0],[79.74143,14.73041,0],[79.77337,14.73764,0],[79.78449,14.73255,0],[79.79465,14.71739,0],[79.82073,14.71886,0],[79.83685,14.72571,0],[79.85121,14.75114,0],[79.85828,14.75591,0],[79.8737,14.75046,0],[79.88684,14.76809,0],[79.9339,14.77362,0],[79.94166,14.8064,0],[79.95671,14.81638,0],[79.96996,14.83275,0],[79.96899,14.84864,0],[79.95451,14.85507,0],[79.9386,14.87644,0],[79.95183,14.88384,0],[79.95958,14.90507,0],[79.95884,14.93555,0],[79.95244,14.9397,0],[79.92121,14.93177,0],[79.90011,14.94048,0],[79.88164,14.93559,0],[79.87687,14.95215,0],[79.87917,14.97634,0],[79.87345,14.98769,0],[79.86538,14.96414,0],[79.83211,14.96713,0],[79.82244,14.97362,0],[79.77955,14.98151,0],[79.78087,14.99492,0],[79.7899,15.00583,0],[79.79399,15.02114,0],[79.78113,15.02805,0],[79.79325,15.03989,0],[79.79692,15.05621,0],[79.77831,15.06725,0],[79.76442,15.06085,0],[79.76156,15.05428,0],[79.75282,15.05537,0],[79.74336,15.03827,0],[79.73384,15.03113,0],[79.7186,15.04016,0],[79.71537,15.05321,0],[79.68288,15.03401,0],[79.67216,15.03333,0],[79.66452,15.03838,0],[79.65619,15.03474,0],[79.62826,15.0351,0],[79.62071,15.03437,0],[79.60855,15.04109,0],[79.58023,15.03671,0],[79.57973,15.04352,0],[79.56451,15.04387,0],[79.55864,15.02212,0],[79.54362,15.02614,0],[79.5292,15.03812,0],[79.51877,15.03848,0],[79.50566,15.04731,0],[79.50158,15.05704,0],[79.47615,15.05731,0],[79.4678,15.06779,0],[79.4626,15.06223,0],[79.4515,15.06318,0],[79.43845,15.05553,0],[79.42241,15.05668,0],[79.41717,15.05942,0],[79.41954,15.07373,0],[79.40375,15.07817,0],[79.39078,15.07541,0],[79.39235,15.09177,0],[79.38612,15.0856,0],[79.36774,15.08549,0],[79.35716,15.10189,0],[79.35981,15.11164,0],[79.35159,15.11686,0],[79.34393,15.08546,0],[79.32733,15.0928,0],[79.3283,15.10039,0],[79.33565,15.09953,0],[79.33532,15.11695,0],[79.32707,15.11536,0],[79.32867,15.11149,0],[79.31462,15.10169,0],[79.31452,15.0935,0],[79.30819,15.08782,0],[79.30899,15.09388,0],[79.29138,15.09844,0],[79.26578,15.09694,0],[79.26562,15.10505,0],[79.26179,15.10671,0],[79.24865,15.10541,0],[79.21502,15.08571,0],[79.18139,15.08742,0],[79.1613,15.09118,0],[79.15274,15.09775,0],[79.12914,15.10009,0],[79.13008,15.08637,0],[79.10091,15.08425,0],[79.10132,15.07231,0],[79.09413,15.06604,0],[79.09497,15.05431,0],[79.09006,15.04908,0]]]}},{"type":"Feature","properties":{"stroke":"#ff0000","stroke-opacity":1,"fill-opacity":0,"ST_CODE":"28","ST_NAME":"ANDHRA PRADESH","DT_CODE":"20","DIST_NAME":"CUDDAPAH","AC_NO":131,"AC_NAME":"Jammalamadugu","PC_NO":"38","PC_NAME":"KADAPA","PC_ID":"2838","Shape_Leng":"309097.05340300000","Shape_Area":"1922817767.35999990000","MaxSimpTol":"300.00000000000","MinSimpTol":"300.00000000000","visibility":"0","STATUS":"Post bifurcation 2014, renumbered to 2019 seats"},"geometry":{"type":"Polygon","coordinates":[[[78.49875,15.07041,0],[78.48163,15.07146,0],[78.48133,15.06354,0],[78.47389,15.06305,0],[78.47811,15.06146,0],[78.4813,15.05067,0],[78.48747,15.05037,0],[78.48529,15.03695,0],[78.4825,15.04326,0],[78.47429,15.03573,0],[78.46174,15.0394,0],[78.45725,15.0311,0],[78.43875,15.03394,0],[78.43867,15.03708,0],[78.43621,15.03263,0],[78.41937,15.03182,0],[78.40974,14.97303,0],[78.3922,14.96837,0],[78.35931,14.9859,0],[78.3428,15.00317,0],[78.35322,15.03132,0],[78.36965,15.02643,0],[78.37562,15.03641,0],[78.39987,15.04895,0],[78.37808,15.05674,0],[78.38277,15.06959,0],[78.37107,15.07205,0],[78.36372,15.05234,0],[78.35343,15.05481,0],[78.35465,15.06217,0],[78.33283,15.06665,0],[78.32527,15.07359,0],[78.31385,15.06906,0],[78.2933,15.07364,0],[78.28456,15.07096,0],[78.27507,15.05835,0],[78.28379,15.03138,0],[78.26011,15.02693,0],[78.24395,14.99978,0],[78.23587,15.00363,0],[78.22453,14.97788,0],[78.22044,14.95552,0],[78.21058,14.95245,0],[78.18002,14.96457,0],[78.16784,14.96433,0],[78.15339,14.96001,0],[78.15146,14.94898,0],[78.13697,14.9481,0],[78.1312,14.93454,0],[78.12351,14.93717,0],[78.11314,14.93196,0],[78.09432,14.88462,0],[78.08916,14.85798,0],[78.11365,14.85102,0],[78.10131,14.81744,0],[78.0763,14.82749,0],[78.07353,14.81467,0],[78.0461,14.7724,0],[78.0764,14.75275,0],[78.07769,14.74532,0],[78.06347,14.71873,0],[78.09388,14.71389,0],[78.09656,14.70134,0],[78.10936,14.7016,0],[78.10952,14.69273,0],[78.11905,14.69318,0],[78.11939,14.69748,0],[78.13465,14.69571,0],[78.13119,14.66606,0],[78.1638,14.65754,0],[78.1761,14.6838,0],[78.18732,14.69168,0],[78.18465,14.71129,0],[78.20895,14.71891,0],[78.23169,14.70663,0],[78.24285,14.68216,0],[78.2706,14.67619,0],[78.28494,14.66296,0],[78.28637,14.65283,0],[78.30113,14.63682,0],[78.33639,14.62514,0],[78.35185,14.61467,0],[78.36278,14.5873,0],[78.3564,14.56119,0],[78.37751,14.55194,0],[78.39731,14.55166,0],[78.40435,14.54161,0],[78.40649,14.52594,0],[78.42684,14.54838,0],[78.44613,14.58591,0],[78.46139,14.5848,0],[78.48255,14.59811,0],[78.50523,14.59527,0],[78.51655,14.58643,0],[78.53156,14.56426,0],[78.55184,14.55593,0],[78.56157,14.54596,0],[78.57135,14.55647,0],[78.55591,14.58348,0],[78.56642,14.58617,0],[78.58073,14.56594,0],[78.59768,14.58715,0],[78.60145,14.60304,0],[78.59683,14.61796,0],[78.56916,14.617,0],[78.56719,14.63527,0],[78.57285,14.64152,0],[78.59565,14.64833,0],[78.60513,14.6572,0],[78.57964,14.68046,0],[78.56284,14.71247,0],[78.55251,14.70957,0],[78.5436,14.69877,0],[78.52577,14.70055,0],[78.52172,14.70842,0],[78.52481,14.72968,0],[78.48993,14.73986,0],[78.4745,14.74889,0],[78.47048,14.75653,0],[78.48663,14.81273,0],[78.49949,14.81837,0],[78.51056,14.87162,0],[78.50867,14.87657,0],[78.4926,14.88123,0],[78.49038,14.91114,0],[78.48526,14.90082,0],[78.47736,14.90281,0],[78.49825,14.95587,0],[78.50517,14.95575,0],[78.51656,14.997,0],[78.51574,15.00257,0],[78.50855,15.00517,0],[78.51528,15.01366,0],[78.51223,15.04198,0],[78.51561,15.06063,0],[78.50609,15.0697,0],[78.49875,15.07041,0]]]}},{"type":"Feature","properties":{"stroke":"#ff0000","stroke-opacity":1,"fill-opacity":0,"ST_CODE":"28","ST_NAME":"ANDHRA PRADESH","DT_CODE":"20","DIST_NAME":"CUDDAPAH","AC_NO":133,"AC_NAME":"Mydukur","PC_NO":"38","PC_NAME":"KADAPA","PC_ID":"2838","Shape_Leng":"223311.44351499999","Shape_Area":"1267363509.61999990000","MaxSimpTol":"300.00000000000","MinSimpTol":"300.00000000000","visibility":"0","STATUS":"Post bifurcation 2014, renumbered to 2019 seats"},"geometry":{"type":"Polygon","coordinates":[[[78.62962,14.94721,0],[78.60968,14.94845,0],[78.60126,14.9547,0],[78.59132,14.93958,0],[78.62383,14.87733,0],[78.63357,14.86729,0],[78.6302,14.85304,0],[78.63397,14.84189,0],[78.62605,14.83718,0],[78.62411,14.83061,0],[78.63673,14.82534,0],[78.64405,14.81318,0],[78.66786,14.80681,0],[78.66628,14.80173,0],[78.61873,14.80744,0],[78.60451,14.80268,0],[78.62781,14.79613,0],[78.63246,14.78082,0],[78.62637,14.76356,0],[78.60794,14.75425,0],[78.60352,14.73364,0],[78.61323,14.73051,0],[78.63577,14.74315,0],[78.6489,14.73004,0],[78.62977,14.72643,0],[78.62521,14.71889,0],[78.62364,14.70174,0],[78.64465,14.69056,0],[78.62382,14.658,0],[78.63681,14.64209,0],[78.65132,14.63756,0],[78.67024,14.62306,0],[78.68659,14.61956,0],[78.69462,14.59011,0],[78.72639,14.59038,0],[78.73606,14.59745,0],[78.74468,14.61755,0],[78.75765,14.61831,0],[78.7707,14.59392,0],[78.76822,14.57265,0],[78.79013,14.56401,0],[78.80191,14.56766,0],[78.81243,14.5839,0],[78.85147,14.58444,0],[78.87793,14.59292,0],[78.90218,14.59166,0],[78.90835,14.61749,0],[78.88977,14.63295,0],[78.88837,14.66854,0],[78.87995,14.6781,0],[78.88476,14.6903,0],[78.9526,14.69492,0],[78.97052,14.69967,0],[78.96992,14.70556,0],[78.97536,14.71001,0],[78.98776,14.69868,0],[79.00745,14.69936,0],[79.00633,14.71902,0],[79.01137,14.73104,0],[78.99425,14.74561,0],[78.98252,14.74645,0],[78.97623,14.75138,0],[78.98087,14.77044,0],[78.97668,14.82263,0],[78.96904,14.83087,0],[78.95328,14.83351,0],[78.94545,14.84232,0],[78.9448,14.85117,0],[78.95264,14.86762,0],[78.93883,14.88854,0],[78.93775,14.90514,0],[78.91479,14.9177,0],[78.8994,14.89747,0],[78.89591,14.88378,0],[78.867,14.8738,0],[78.85747,14.87664,0],[78.85119,14.86746,0],[78.833,14.86048,0],[78.79465,14.91984,0],[78.78346,14.96885,0],[78.7659,14.98735,0],[78.7486,15.03454,0],[78.72876,15.02457,0],[78.70993,15.02236,0],[78.71793,14.96893,0],[78.69172,14.96829,0],[78.68457,14.93898,0],[78.66595,14.93535,0],[78.66043,14.93022,0],[78.62999,14.92597,0],[78.62962,14.94721,0]]]}},{"type":"Feature","properties":{"stroke":"#ff0000","stroke-opacity":1,"fill-opacity":0,"ST_CODE":"28","ST_NAME":"ANDHRA PRADESH","DT_CODE":"19","DIST_NAME":"NELLORE","AC_NO":114,"AC_NAME":"Kavali","PC_NO":"39","PC_NAME":"NELLORE","PC_ID":"2839","Shape_Leng":"185668.76104700001","Shape_Area":"939871023.32000005000","MaxSimpTol":"300.00000000000","MinSimpTol":"300.00000000000","visibility":"0","STATUS":"Post bifurcation 2014, renumbered to 2019 seats"},"geometry":{"type":"Polygon","coordinates":[[[79.87345,14.98769,0],[79.87917,14.97634,0],[79.87687,14.95215,0],[79.88164,14.93559,0],[79.90011,14.94048,0],[79.92121,14.93177,0],[79.95244,14.9397,0],[79.95884,14.93555,0],[79.95958,14.90507,0],[79.95183,14.88384,0],[79.9386,14.87644,0],[79.95451,14.85507,0],[79.96899,14.84864,0],[79.96996,14.83275,0],[79.95671,14.81638,0],[79.94166,14.8064,0],[79.9339,14.77362,0],[79.88684,14.76809,0],[79.8737,14.75046,0],[79.85828,14.75591,0],[79.85121,14.75114,0],[79.83685,14.72571,0],[79.82073,14.71886,0],[79.79465,14.71739,0],[79.79908,14.6793,0],[79.81321,14.67243,0],[79.84728,14.67053,0],[79.85566,14.63432,0],[79.85548,14.59262,0],[79.86009,14.58893,0],[79.8706,14.59059,0],[79.90278,14.59439,0],[79.91662,14.58629,0],[79.94654,14.58637,0],[79.95655,14.60052,0],[79.97187,14.60135,0],[79.97872,14.60851,0],[79.97822,14.62114,0],[79.96826,14.6385,0],[79.96823,14.64756,0],[79.97463,14.65115,0],[79.98258,14.64954,0],[80.00032,14.63159,0],[80.06301,14.61169,0],[80.06907,14.6331,0],[80.08417,14.62823,0],[80.095,14.63137,0],[80.13057,14.6688,0],[80.15138,14.6712,0],[80.13802,14.71449,0],[80.11803,14.73578,0],[80.10972,14.73925,0],[80.09721,14.78059,0],[80.08846,14.82521,0],[80.08492,14.88208,0],[80.06679,14.93529,0],[80.05422,15.00551,0],[80.04025,15.00955,0],[80.02733,14.98098,0],[79.98917,14.99907,0],[79.96183,15.02323,0],[79.9521,15.01955,0],[79.93439,15.02342,0],[79.9142,15.0164,0],[79.91656,15.01138,0],[79.90369,15.01213,0],[79.90452,15.00871,0],[79.88927,14.99869,0],[79.88849,14.9896,0],[79.87345,14.98769,0]]]}},{"type":"Feature","properties":{"stroke":"#ff0000","stroke-opacity":1,"fill-opacity":0,"ST_CODE":"28","ST_NAME":"ANDHRA PRADESH","DT_CODE":"20","DIST_NAME":"CUDDAPAH","AC_NO":132,"AC_NAME":"Proddatur","PC_NO":"38","PC_NAME":"KADAPA","PC_ID":"2838","Shape_Leng":"121557.86483900000","Shape_Area":"383234544.63300002000","MaxSimpTol":"300.00000000000","MinSimpTol":"300.00000000000","visibility":"0","STATUS":"Post bifurcation 2014, renumbered to 2019 seats"},"geometry":{"type":"Polygon","coordinates":[[[78.59132,14.93958,0],[78.58175,14.94628,0],[78.56224,14.93125,0],[78.54656,14.933,0],[78.5512,14.9616,0],[78.53996,14.96521,0],[78.52808,14.96055,0],[78.5229,14.95244,0],[78.51948,14.95411,0],[78.51659,14.9465,0],[78.51958,14.94349,0],[78.49038,14.91114,0],[78.4926,14.88123,0],[78.50867,14.87657,0],[78.51056,14.87162,0],[78.49949,14.81837,0],[78.48663,14.81273,0],[78.47048,14.75653,0],[78.4745,14.74889,0],[78.48993,14.73986,0],[78.52481,14.72968,0],[78.52172,14.70842,0],[78.52577,14.70055,0],[78.5436,14.69877,0],[78.55251,14.70957,0],[78.56284,14.71247,0],[78.57964,14.68046,0],[78.60513,14.6572,0],[78.62382,14.658,0],[78.64465,14.69056,0],[78.62364,14.70174,0],[78.62521,14.71889,0],[78.62977,14.72643,0],[78.6489,14.73004,0],[78.63577,14.74315,0],[78.61323,14.73051,0],[78.60352,14.73364,0],[78.60794,14.75425,0],[78.62637,14.76356,0],[78.63246,14.78082,0],[78.62781,14.79613,0],[78.60451,14.80268,0],[78.61873,14.80744,0],[78.66628,14.80173,0],[78.66786,14.80681,0],[78.64405,14.81318,0],[78.63673,14.82534,0],[78.62411,14.83061,0],[78.62605,14.83718,0],[78.63397,14.84189,0],[78.6302,14.85304,0],[78.63357,14.86729,0],[78.62383,14.87733,0],[78.59132,14.93958,0]]]}},{"type":"Feature","properties":{"stroke":"#ff0000","stroke-opacity":1,"fill-opacity":0,"ST_CODE":"28","ST_NAME":"ANDHRA PRADESH","DT_CODE":"22","DIST_NAME":"ANANTAPUR","AC_NO":152,"AC_NAME":"Singanamala (SC)","PC_NO":"36","PC_NAME":"ANANTAPUR","PC_ID":"2836","Shape_Leng":"258691.73986100001","Shape_Area":"1709451160.92000010000","MaxSimpTol":"300.00000000000","MinSimpTol":"300.00000000000","visibility":"0","STATUS":"Post bifurcation 2014, renumbered to 2019 seats"},"geometry":{"type":"Polygon","coordinates":[[[77.65698,14.9189,0],[77.64602,14.91805,0],[77.62048,14.92994,0],[77.59562,14.9298,0],[77.52922,14.8932,0],[77.46852,14.88786,0],[77.4511,14.87341,0],[77.42937,14.87424,0],[77.45364,14.81218,0],[77.45842,14.80707,0],[77.47377,14.80585,0],[77.4704,14.7892,0],[77.49443,14.77542,0],[77.50658,14.74634,0],[77.54198,14.7454,0],[77.55004,14.75697,0],[77.57003,14.76035,0],[77.5773,14.76585,0],[77.5913,14.75698,0],[77.61272,14.73004,0],[77.59553,14.70152,0],[77.60635,14.69552,0],[77.62206,14.67033,0],[77.63062,14.67006,0],[77.64739,14.66432,0],[77.65394,14.63367,0],[77.67249,14.61608,0],[77.68169,14.62052,0],[77.68275,14.63446,0],[77.68753,14.6378,0],[77.70824,14.62784,0],[77.71069,14.62103,0],[77.73501,14.61662,0],[77.73815,14.60654,0],[77.73114,14.59609,0],[77.7352,14.58613,0],[77.77616,14.59548,0],[77.78312,14.60604,0],[77.79277,14.61055,0],[77.82747,14.59876,0],[77.84372,14.5987,0],[77.84682,14.60509,0],[77.84094,14.61066,0],[77.85045,14.61614,0],[77.84818,14.63323,0],[77.86509,14.64897,0],[77.9,14.63927,0],[77.94467,14.63604,0],[77.95294,14.62674,0],[77.97689,14.61876,0],[77.98265,14.61168,0],[77.98227,14.60296,0],[77.97037,14.5746,0],[77.98301,14.56727,0],[77.983,14.54599,0],[77.98745,14.54079,0],[78.01429,14.53817,0],[78.03321,14.53102,0],[78.04058,14.534,0],[78.04438,14.54691,0],[78.0388,14.55602,0],[78.03951,14.56672,0],[78.06465,14.57275,0],[78.07429,14.58844,0],[78.08826,14.63081,0],[78.12191,14.62411,0],[78.12402,14.63019,0],[78.11946,14.63452,0],[78.12956,14.64942,0],[78.13119,14.66606,0],[78.13465,14.69571,0],[78.11939,14.69748,0],[78.11905,14.69318,0],[78.10952,14.69273,0],[78.10936,14.7016,0],[78.09656,14.70134,0],[78.09388,14.71389,0],[78.06347,14.71873,0],[78.07769,14.74532,0],[78.0764,14.75275,0],[78.0461,14.7724,0],[78.07353,14.81467,0],[78.0374,14.84087,0],[77.97471,14.83759,0],[77.95697,14.84282,0],[77.94783,14.85413,0],[77.91884,14.8493,0],[77.91319,14.85271,0],[77.91122,14.86078,0],[77.9028,14.8617,0],[77.8937,14.85691,0],[77.89194,14.83722,0],[77.86482,14.80846,0],[77.86129,14.79481,0],[77.82654,14.81627,0],[77.82522,14.84988,0],[77.81429,14.86086,0],[77.80549,14.88408,0],[77.79091,14.89741,0],[77.78669,14.92089,0],[77.78023,14.93016,0],[77.76329,14.91803,0],[77.76371,14.90214,0],[77.75298,14.8867,0],[77.7354,14.89054,0],[77.6961,14.91361,0],[77.65698,14.9189,0]]]}},{"type":"Feature","properties":{"stroke":"#ff0000","stroke-opacity":1,"fill-opacity":0,"ST_CODE":"28","ST_NAME":"ANDHRA PRADESH","DT_CODE":"19","DIST_NAME":"NELLORE","AC_NO":115,"AC_NAME":"Atmakur","PC_NO":"39","PC_NAME":"NELLORE","PC_ID":"2839","Shape_Leng":"310060.97328300000","Shape_Area":"2014629845.49000000000","MaxSimpTol":"300.00000000000","MinSimpTol":"300.00000000000","visibility":"0","STATUS":"Post bifurcation 2014, renumbered to 2019 seats"},"geometry":{"type":"Polygon","coordinates":[[[79.16539,14.76448,0],[79.16873,14.74478,0],[79.18555,14.71096,0],[79.18397,14.68863,0],[79.17368,14.68261,0],[79.17913,14.67905,0],[79.17905,14.66444,0],[79.18661,14.65976,0],[79.18143,14.64408,0],[79.18913,14.61663,0],[79.20032,14.61373,0],[79.20278,14.60466,0],[79.20986,14.60269,0],[79.22025,14.58849,0],[79.22958,14.60251,0],[79.24203,14.5931,0],[79.24867,14.57105,0],[79.25834,14.55615,0],[79.26765,14.55116,0],[79.27834,14.53259,0],[79.29294,14.48514,0],[79.30526,14.48425,0],[79.31101,14.47874,0],[79.37329,14.51494,0],[79.46767,14.54908,0],[79.49285,14.51381,0],[79.47377,14.50113,0],[79.45719,14.45903,0],[79.48083,14.4641,0],[79.49191,14.47597,0],[79.50149,14.47545,0],[79.51795,14.44468,0],[79.54423,14.47016,0],[79.55983,14.47672,0],[79.57237,14.4739,0],[79.57886,14.4667,0],[79.5811,14.44763,0],[79.59109,14.44024,0],[79.59234,14.42614,0],[79.58363,14.39876,0],[79.59882,14.36757,0],[79.62209,14.39221,0],[79.64902,14.39487,0],[79.66329,14.40982,0],[79.68244,14.45015,0],[79.67859,14.45387,0],[79.6607,14.45495,0],[79.65186,14.46711,0],[79.65133,14.47853,0],[79.6594,14.48925,0],[79.67583,14.49933,0],[79.69596,14.53383,0],[79.71003,14.53901,0],[79.71773,14.58196,0],[79.7378,14.57785,0],[79.76689,14.56263,0],[79.80314,14.53179,0],[79.83627,14.49325,0],[79.83997,14.51724,0],[79.86222,14.5405,0],[79.86759,14.55184,0],[79.8706,14.59059,0],[79.86009,14.58893,0],[79.85548,14.59262,0],[79.85566,14.63432,0],[79.84728,14.67053,0],[79.81321,14.67243,0],[79.79908,14.6793,0],[79.79465,14.71739,0],[79.78449,14.73255,0],[79.77337,14.73764,0],[79.74143,14.73041,0],[79.71761,14.73303,0],[79.6983,14.72928,0],[79.69707,14.73979,0],[79.73255,14.74518,0],[79.74052,14.75672,0],[79.7399,14.76632,0],[79.69127,14.76641,0],[79.67149,14.78327,0],[79.65044,14.79028,0],[79.62876,14.78922,0],[79.6284,14.77116,0],[79.60883,14.77363,0],[79.60626,14.76168,0],[79.60036,14.75587,0],[79.58269,14.75822,0],[79.56956,14.75404,0],[79.56382,14.7351,0],[79.55541,14.7295,0],[79.5494,14.72947,0],[79.54477,14.73558,0],[79.53751,14.76669,0],[79.52624,14.77096,0],[79.50679,14.74505,0],[79.48974,14.73526,0],[79.48133,14.71677,0],[79.43849,14.72201,0],[79.39028,14.77833,0],[79.37882,14.77951,0],[79.37401,14.77056,0],[79.35358,14.76143,0],[79.33869,14.77995,0],[79.30158,14.80407,0],[79.29495,14.805,0],[79.28999,14.78366,0],[79.28288,14.77939,0],[79.25506,14.80348,0],[79.23415,14.8051,0],[79.23813,14.82273,0],[79.22034,14.85289,0],[79.22769,14.85962,0],[79.22758,14.87775,0],[79.23261,14.88646,0],[79.22852,14.88965,0],[79.17882,14.84791,0],[79.17605,14.8025,0],[79.16539,14.76448,0]]]}},{"type":"Feature","properties":{"stroke":"#ff0000","stroke-opacity":1,"fill-opacity":0,"ST_CODE":"28","ST_NAME":"ANDHRA PRADESH","DT_CODE":"22","DIST_NAME":"ANANTAPUR","AC_NO":153,"AC_NAME":"Anantapur Urban","PC_NO":"36","PC_NAME":"ANANTAPUR","PC_ID":"2836","Shape_Leng":"48721.89200440000","Shape_Area":"93478825.07029999800","MaxSimpTol":"300.00000000000","MinSimpTol":"300.00000000000","visibility":"0","STATUS":"Post bifurcation 2014, renumbered to 2019 seats"},"geometry":{"type":"Polygon","coordinates":[[[77.5322,14.70594,0],[77.54129,14.67725,0],[77.56363,14.68164,0],[77.56185,14.6193,0],[77.58587,14.61397,0],[77.60652,14.66005,0],[77.62727,14.66034,0],[77.63062,14.67006,0],[77.62206,14.67033,0],[77.60635,14.69552,0],[77.59553,14.70152,0],[77.61272,14.73004,0],[77.5913,14.75698,0],[77.5773,14.76585,0],[77.57003,14.76035,0],[77.55004,14.75697,0],[77.54198,14.7454,0],[77.54396,14.74086,0],[77.5322,14.70594,0]]]}},{"type":"Feature","properties":{"stroke":"#ff0000","stroke-opacity":1,"fill-opacity":0,"ST_CODE":"28","ST_NAME":"ANDHRA PRADESH","DT_CODE":"22","DIST_NAME":"ANANTAPUR","AC_NO":155,"AC_NAME":"Raptadu","PC_NO":"37","PC_NAME":"HINDUPUR","PC_ID":"2837","Shape_Leng":"301471.15358899999","Shape_Area":"1799499507.90000010000","MaxSimpTol":"300.00000000000","MinSimpTol":"300.00000000000","visibility":"0","STATUS":"Post bifurcation 2014, renumbered to 2019 seats"},"geometry":{"type":"Polygon","coordinates":[[[77.30069,14.63969,0],[77.31356,14.63227,0],[77.33001,14.61373,0],[77.355,14.60622,0],[77.35067,14.54677,0],[77.36405,14.52141,0],[77.38517,14.49482,0],[77.37435,14.47746,0],[77.37134,14.46094,0],[77.3446,14.44555,0],[77.33078,14.39546,0],[77.34054,14.3464,0],[77.33226,14.33489,0],[77.33213,14.32686,0],[77.3393,14.31386,0],[77.35511,14.3061,0],[77.36526,14.29339,0],[77.36229,14.27609,0],[77.36383,14.25473,0],[77.3595,14.23405,0],[77.37756,14.22812,0],[77.38421,14.22099,0],[77.38308,14.20813,0],[77.3871,14.20006,0],[77.41437,14.20494,0],[77.4194,14.21167,0],[77.4177,14.22589,0],[77.40968,14.23196,0],[77.40884,14.25989,0],[77.40539,14.26672,0],[77.39579,14.26615,0],[77.38721,14.2712,0],[77.38878,14.28088,0],[77.37708,14.30483,0],[77.37838,14.3201,0],[77.39418,14.33662,0],[77.4109,14.33698,0],[77.42841,14.32868,0],[77.43127,14.31299,0],[77.44623,14.3175,0],[77.44519,14.29526,0],[77.45029,14.28074,0],[77.45966,14.28053,0],[77.47894,14.29219,0],[77.48713,14.28175,0],[77.49829,14.27887,0],[77.50341,14.25981,0],[77.4928,14.23105,0],[77.49593,14.23204,0],[77.49449,14.22429,0],[77.50329,14.21056,0],[77.50466,14.194,0],[77.51708,14.18444,0],[77.55576,14.19011,0],[77.5636,14.19903,0],[77.57031,14.22032,0],[77.57905,14.22602,0],[77.66007,14.23672,0],[77.70664,14.25371,0],[77.74866,14.2603,0],[77.77518,14.27845,0],[77.81559,14.27264,0],[77.81959,14.25976,0],[77.83192,14.25782,0],[77.84038,14.28903,0],[77.83895,14.3023,0],[77.80684,14.3128,0],[77.79442,14.32747,0],[77.75329,14.32642,0],[77.74431,14.31848,0],[77.73248,14.32407,0],[77.72126,14.32367,0],[77.71959,14.32885,0],[77.72721,14.33756,0],[77.72737,14.34459,0],[77.70369,14.37635,0],[77.66618,14.37065,0],[77.65527,14.39091,0],[77.62926,14.39469,0],[77.62478,14.40012,0],[77.63917,14.4297,0],[77.63459,14.44012,0],[77.64566,14.47994,0],[77.67196,14.49388,0],[77.66918,14.50332,0],[77.64949,14.52009,0],[77.64987,14.53095,0],[77.66638,14.53874,0],[77.6972,14.53692,0],[77.70639,14.55151,0],[77.71136,14.57176,0],[77.72657,14.5744,0],[77.7352,14.58613,0],[77.73114,14.59609,0],[77.73815,14.60654,0],[77.73501,14.61662,0],[77.71069,14.62103,0],[77.70824,14.62784,0],[77.68753,14.6378,0],[77.68275,14.63446,0],[77.68169,14.62052,0],[77.67249,14.61608,0],[77.65394,14.63367,0],[77.64739,14.66432,0],[77.63062,14.67006,0],[77.62727,14.66034,0],[77.60652,14.66005,0],[77.58587,14.61397,0],[77.56185,14.6193,0],[77.56363,14.68164,0],[77.54129,14.67725,0],[77.5322,14.70594,0],[77.52032,14.69787,0],[77.50284,14.69887,0],[77.49388,14.69236,0],[77.49084,14.69951,0],[77.48319,14.7031,0],[77.45587,14.69772,0],[77.44722,14.69194,0],[77.44187,14.67595,0],[77.4328,14.66928,0],[77.42713,14.6888,0],[77.41745,14.69302,0],[77.40516,14.69349,0],[77.38157,14.68553,0],[77.33795,14.68531,0],[77.30016,14.67235,0],[77.29912,14.65906,0],[77.28693,14.65888,0],[77.30069,14.63969,0]]]}},{"type":"Feature","properties":{"stroke":"#ff0000","stroke-opacity":1,"fill-opacity":0,"ST_CODE":"28","ST_NAME":"ANDHRA PRADESH","DT_CODE":"20","DIST_NAME":"CUDDAPAH","AC_NO":129,"AC_NAME":"Pulivendla","PC_NO":"38","PC_NAME":"KADAPA","PC_ID":"2838","Shape_Leng":"307021.78006399999","Shape_Area":"1894318426.95000000000","MaxSimpTol":"300.00000000000","MinSimpTol":"300.00000000000","visibility":"0","STATUS":"Post bifurcation 2014, renumbered to 2019 seats"},"geometry":{"type":"Polygon","coordinates":[[[78.28494,14.66296,0],[78.2706,14.67619,0],[78.24285,14.68216,0],[78.23169,14.70663,0],[78.20895,14.71891,0],[78.18465,14.71129,0],[78.18732,14.69168,0],[78.1761,14.6838,0],[78.1638,14.65754,0],[78.13119,14.66606,0],[78.12956,14.64942,0],[78.11946,14.63452,0],[78.12402,14.63019,0],[78.12191,14.62411,0],[78.08826,14.63081,0],[78.07429,14.58844,0],[78.06465,14.57275,0],[78.03951,14.56672,0],[78.0388,14.55602,0],[78.04438,14.54691,0],[78.04058,14.534,0],[78.03321,14.53102,0],[78.01429,14.53817,0],[77.98745,14.54079,0],[77.983,14.54599,0],[77.98301,14.56727,0],[77.97037,14.5746,0],[77.96577,14.58876,0],[77.94418,14.57068,0],[77.9613,14.56042,0],[77.97705,14.53816,0],[77.97262,14.5325,0],[77.99885,14.4999,0],[78.00067,14.48899,0],[78.06368,14.43491,0],[78.08517,14.42179,0],[78.08595,14.4154,0],[78.10679,14.39328,0],[78.13704,14.37901,0],[78.17101,14.35474,0],[78.18864,14.35019,0],[78.1913,14.34401,0],[78.21996,14.32612,0],[78.229,14.31574,0],[78.25339,14.30502,0],[78.27735,14.30507,0],[78.28505,14.29217,0],[78.32062,14.29386,0],[78.33873,14.28865,0],[78.35719,14.29309,0],[78.39572,14.27717,0],[78.41599,14.27815,0],[78.42061,14.28335,0],[78.42393,14.27381,0],[78.40857,14.22729,0],[78.40598,14.20143,0],[78.41443,14.19647,0],[78.42941,14.19676,0],[78.43034,14.18324,0],[78.41994,14.16838,0],[78.42178,14.14886,0],[78.42531,14.14086,0],[78.43886,14.13448,0],[78.44353,14.13813,0],[78.44928,14.13051,0],[78.47129,14.15595,0],[78.49787,14.16934,0],[78.50883,14.17055,0],[78.52294,14.16766,0],[78.54029,14.15453,0],[78.55921,14.15441,0],[78.56689,14.14169,0],[78.55665,14.13247,0],[78.55718,14.12737,0],[78.56529,14.12039,0],[78.57885,14.12388,0],[78.58741,14.13659,0],[78.57651,14.14578,0],[78.58371,14.16232,0],[78.57584,14.16433,0],[78.57678,14.16752,0],[78.63165,14.21279,0],[78.6237,14.22987,0],[78.60497,14.25072,0],[78.60072,14.26586,0],[78.60705,14.27474,0],[78.62895,14.2781,0],[78.66166,14.26971,0],[78.67366,14.27463,0],[78.67339,14.28974,0],[78.67745,14.29394,0],[78.71517,14.28594,0],[78.73539,14.28688,0],[78.748,14.29951,0],[78.75974,14.29635,0],[78.7702,14.30377,0],[78.75823,14.30732,0],[78.73954,14.30244,0],[78.72298,14.30859,0],[78.68362,14.3057,0],[78.66658,14.29888,0],[78.66132,14.30118,0],[78.65233,14.32092,0],[78.62092,14.3232,0],[78.59563,14.33495,0],[78.58522,14.349,0],[78.57908,14.33912,0],[78.5438,14.34252,0],[78.52654,14.33965,0],[78.50242,14.37985,0],[78.4868,14.37146,0],[78.47713,14.37371,0],[78.44855,14.41269,0],[78.43519,14.42196,0],[78.43305,14.43372,0],[78.4416,14.46364,0],[78.42704,14.46898,0],[78.41309,14.45669,0],[78.39606,14.46827,0],[78.39663,14.49513,0],[78.39316,14.50099,0],[78.40649,14.52594,0],[78.40435,14.54161,0],[78.39731,14.55166,0],[78.37751,14.55194,0],[78.3564,14.56119,0],[78.36278,14.5873,0],[78.35185,14.61467,0],[78.33639,14.62514,0],[78.30113,14.63682,0],[78.28637,14.65283,0],[78.28494,14.66296,0]]]}},{"type":"Feature","properties":{"stroke":"#ff0000","stroke-opacity":1,"fill-opacity":0,"ST_CODE":"28","ST_NAME":"ANDHRA PRADESH","DT_CODE":"22","DIST_NAME":"ANANTAPUR","AC_NO":154,"AC_NAME":"Kalyandurg","PC_NO":"36","PC_NAME":"ANANTAPUR","PC_ID":"2836","Shape_Leng":"251847.72546300001","Shape_Area":"1768747598.52000000000","MaxSimpTol":"300.00000000000","MinSimpTol":"300.00000000000","visibility":"0","STATUS":"Post bifurcation 2014, renumbered to 2019 seats"},"geometry":{"type":"Polygon","coordinates":[[[77.00497,14.63008,0],[76.97605,14.61199,0],[76.94795,14.60948,0],[76.92392,14.57645,0],[76.90496,14.57091,0],[76.87274,14.54024,0],[76.85568,14.53269,0],[76.83248,14.52949,0],[76.83551,14.52134,0],[76.85587,14.50928,0],[76.86798,14.47407,0],[76.8845,14.47717,0],[76.88652,14.48357,0],[76.90071,14.48925,0],[76.97483,14.48538,0],[76.97186,14.46858,0],[76.95993,14.45063,0],[76.94481,14.45094,0],[76.94781,14.41319,0],[76.94279,14.3998,0],[76.91576,14.42059,0],[76.89865,14.39799,0],[76.88582,14.39569,0],[76.88203,14.3586,0],[76.88496,14.34739,0],[76.90341,14.32272,0],[76.92722,14.31455,0],[76.94567,14.31321,0],[76.95659,14.29474,0],[76.93713,14.28037,0],[76.9282,14.27934,0],[76.92491,14.27382,0],[76.93581,14.2594,0],[76.93978,14.24491,0],[76.95196,14.24195,0],[76.98561,14.24739,0],[77.00553,14.23591,0],[77.03606,14.24677,0],[77.05247,14.24554,0],[77.05774,14.24384,0],[77.06182,14.22949,0],[77.07591,14.22339,0],[77.08119,14.21419,0],[77.11487,14.22318,0],[77.11833,14.24486,0],[77.11534,14.25457,0],[77.12049,14.26297,0],[77.1112,14.26162,0],[77.1102,14.26832,0],[77.11553,14.27428,0],[77.11566,14.29252,0],[77.13227,14.3107,0],[77.13571,14.33691,0],[77.13977,14.34025,0],[77.16677,14.34216,0],[77.16933,14.33547,0],[77.17869,14.33552,0],[77.19744,14.32121,0],[77.22868,14.32123,0],[77.23822,14.31739,0],[77.24735,14.31784,0],[77.2586,14.33096,0],[77.28658,14.34013,0],[77.28884,14.30552,0],[77.28354,14.28278,0],[77.36229,14.27609,0],[77.36526,14.29339,0],[77.35511,14.3061,0],[77.3393,14.31386,0],[77.33213,14.32686,0],[77.33226,14.33489,0],[77.34054,14.3464,0],[77.33078,14.39546,0],[77.3446,14.44555,0],[77.37134,14.46094,0],[77.37435,14.47746,0],[77.38517,14.49482,0],[77.36405,14.52141,0],[77.35067,14.54677,0],[77.355,14.60622,0],[77.33001,14.61373,0],[77.31356,14.63227,0],[77.30069,14.63969,0],[77.29107,14.59402,0],[77.27476,14.59024,0],[77.26742,14.5834,0],[77.25899,14.58821,0],[77.25018,14.61572,0],[77.24051,14.6292,0],[77.22448,14.62683,0],[77.21891,14.61257,0],[77.21312,14.6102,0],[77.19536,14.6186,0],[77.1684,14.62136,0],[77.14718,14.62934,0],[77.08535,14.62498,0],[77.07865,14.62697,0],[77.06813,14.64357,0],[77.04359,14.64182,0],[77.00497,14.63008,0]]]}},{"type":"Feature","properties":{"stroke":"#ff0000","stroke-opacity":1,"fill-opacity":0,"ST_CODE":"28","ST_NAME":"ANDHRA PRADESH","DT_CODE":"22","DIST_NAME":"ANANTAPUR","AC_NO":160,"AC_NAME":"Dharmavaram","PC_NO":"37","PC_NAME":"HINDUPUR","PC_ID":"2837","Shape_Leng":"241501.69177500001","Shape_Area":"1415615255.80000000000","MaxSimpTol":"300.00000000000","MinSimpTol":"300.00000000000","visibility":"0","STATUS":"Post bifurcation 2014, renumbered to 2019 seats"},"geometry":{"type":"Polygon","coordinates":[[[77.7352,14.58613,0],[77.72657,14.5744,0],[77.71136,14.57176,0],[77.70639,14.55151,0],[77.6972,14.53692,0],[77.66638,14.53874,0],[77.64987,14.53095,0],[77.64949,14.52009,0],[77.66918,14.50332,0],[77.67196,14.49388,0],[77.64566,14.47994,0],[77.63459,14.44012,0],[77.63917,14.4297,0],[77.62478,14.40012,0],[77.62926,14.39469,0],[77.65527,14.39091,0],[77.66618,14.37065,0],[77.70369,14.37635,0],[77.72737,14.34459,0],[77.72721,14.33756,0],[77.71959,14.32885,0],[77.72126,14.32367,0],[77.73248,14.32407,0],[77.74431,14.31848,0],[77.75329,14.32642,0],[77.79442,14.32747,0],[77.80684,14.3128,0],[77.83895,14.3023,0],[77.84156,14.30798,0],[77.84918,14.30848,0],[77.87038,14.29786,0],[77.87801,14.29877,0],[77.88031,14.3129,0],[77.87157,14.33331,0],[77.87293,14.34637,0],[77.89976,14.3545,0],[77.91518,14.35361,0],[77.94576,14.34996,0],[77.93786,14.27957,0],[77.95752,14.27913,0],[77.95852,14.28827,0],[77.98232,14.31887,0],[78.00463,14.31459,0],[78.02517,14.27807,0],[78.02111,14.27293,0],[78.00684,14.27168,0],[78.00861,14.26205,0],[78.02605,14.25206,0],[78.03499,14.24062,0],[78.04626,14.24023,0],[78.04645,14.22466,0],[78.05122,14.21801,0],[78.07974,14.21006,0],[78.11772,14.2298,0],[78.09406,14.25475,0],[78.09303,14.27058,0],[78.13083,14.25894,0],[78.13826,14.26009,0],[78.13837,14.27404,0],[78.11878,14.30173,0],[78.12118,14.30792,0],[78.15315,14.32598,0],[78.16552,14.32612,0],[78.19119,14.31783,0],[78.19978,14.30066,0],[78.20588,14.29695,0],[78.21996,14.32612,0],[78.1913,14.34401,0],[78.18864,14.35019,0],[78.17101,14.35474,0],[78.13704,14.37901,0],[78.10679,14.39328,0],[78.08595,14.4154,0],[78.08517,14.42179,0],[78.06368,14.43491,0],[78.00067,14.48899,0],[77.99885,14.4999,0],[77.97262,14.5325,0],[77.97705,14.53816,0],[77.9613,14.56042,0],[77.94418,14.57068,0],[77.96577,14.58876,0],[77.97037,14.5746,0],[77.98227,14.60296,0],[77.98265,14.61168,0],[77.97689,14.61876,0],[77.95294,14.62674,0],[77.94467,14.63604,0],[77.9,14.63927,0],[77.86509,14.64897,0],[77.84818,14.63323,0],[77.85045,14.61614,0],[77.84094,14.61066,0],[77.84682,14.60509,0],[77.84372,14.5987,0],[77.82747,14.59876,0],[77.79277,14.61055,0],[77.78312,14.60604,0],[77.77616,14.59548,0],[77.7352,14.58613,0]]]}},{"type":"Feature","properties":{"stroke":"#ff0000","stroke-opacity":1,"fill-opacity":0,"ST_CODE":"28","ST_NAME":"ANDHRA PRADESH","DT_CODE":"20","DIST_NAME":"CUDDAPAH","AC_NO":130,"AC_NAME":"Kamalapuram","PC_NO":"38","PC_NAME":"KADAPA","PC_ID":"2838","Shape_Leng":"227211.15222100000","Shape_Area":"1390220904.08999990000","MaxSimpTol":"300.00000000000","MinSimpTol":"300.00000000000","visibility":"0","STATUS":"Post bifurcation 2014, renumbered to 2019 seats"},"geometry":{"type":"Polygon","coordinates":[[[78.60513,14.6572,0],[78.59565,14.64833,0],[78.57285,14.64152,0],[78.56719,14.63527,0],[78.56916,14.617,0],[78.59683,14.61796,0],[78.60145,14.60304,0],[78.59768,14.58715,0],[78.58073,14.56594,0],[78.56642,14.58617,0],[78.55591,14.58348,0],[78.57135,14.55647,0],[78.56157,14.54596,0],[78.55184,14.55593,0],[78.53156,14.56426,0],[78.51655,14.58643,0],[78.50523,14.59527,0],[78.48255,14.59811,0],[78.46139,14.5848,0],[78.44613,14.58591,0],[78.42684,14.54838,0],[78.40649,14.52594,0],[78.39316,14.50099,0],[78.39663,14.49513,0],[78.39606,14.46827,0],[78.41309,14.45669,0],[78.42704,14.46898,0],[78.4416,14.46364,0],[78.43305,14.43372,0],[78.43519,14.42196,0],[78.44855,14.41269,0],[78.47713,14.37371,0],[78.4868,14.37146,0],[78.50242,14.37985,0],[78.52654,14.33965,0],[78.5438,14.34252,0],[78.57908,14.33912,0],[78.58522,14.349,0],[78.59563,14.33495,0],[78.62092,14.3232,0],[78.65233,14.32092,0],[78.66132,14.30118,0],[78.66658,14.29888,0],[78.68362,14.3057,0],[78.72298,14.30859,0],[78.73954,14.30244,0],[78.75823,14.30732,0],[78.7702,14.30377,0],[78.82029,14.28145,0],[78.84426,14.28908,0],[78.86369,14.28647,0],[78.86987,14.29075,0],[78.87358,14.30731,0],[78.88094,14.31461,0],[78.89771,14.31279,0],[78.89906,14.3293,0],[78.90673,14.34346,0],[78.89143,14.39202,0],[78.86537,14.40844,0],[78.84758,14.43856,0],[78.82966,14.44389,0],[78.82252,14.43698,0],[78.80325,14.43701,0],[78.79694,14.4585,0],[78.77632,14.46825,0],[78.79062,14.47795,0],[78.7941,14.48926,0],[78.811,14.50221,0],[78.8229,14.50488,0],[78.82839,14.51912,0],[78.87576,14.5159,0],[78.88491,14.50887,0],[78.88667,14.50902,0],[78.88735,14.51693,0],[78.87182,14.53799,0],[78.87269,14.55048,0],[78.88148,14.5686,0],[78.9009,14.57998,0],[78.90218,14.59166,0],[78.87793,14.59292,0],[78.85147,14.58444,0],[78.81243,14.5839,0],[78.80191,14.56766,0],[78.79013,14.56401,0],[78.76822,14.57265,0],[78.7707,14.59392,0],[78.75765,14.61831,0],[78.74468,14.61755,0],[78.73606,14.59745,0],[78.72639,14.59038,0],[78.69462,14.59011,0],[78.68659,14.61956,0],[78.67024,14.62306,0],[78.65132,14.63756,0],[78.63681,14.64209,0],[78.62382,14.658,0],[78.60513,14.6572,0]]]}},{"type":"Feature","properties":{"stroke":"#ff0000","stroke-opacity":1,"fill-opacity":0,"ST_CODE":"28","ST_NAME":"ANDHRA PRADESH","DT_CODE":"19","DIST_NAME":"NELLORE","AC_NO":116,"AC_NAME":"Kovur","PC_NO":"39","PC_NAME":"NELLORE","PC_ID":"2839","Shape_Leng":"126094.56785199999","Shape_Area":"570151779.66400003000","MaxSimpTol":"300.00000000000","MinSimpTol":"300.00000000000","visibility":"0","STATUS":"Post bifurcation 2014, renumbered to 2019 seats"},"geometry":{"type":"Polygon","coordinates":[[[80.15138,14.6712,0],[80.13057,14.6688,0],[80.095,14.63137,0],[80.08417,14.62823,0],[80.06907,14.6331,0],[80.06301,14.61169,0],[80.00032,14.63159,0],[79.98258,14.64954,0],[79.97463,14.65115,0],[79.96823,14.64756,0],[79.96826,14.6385,0],[79.97822,14.62114,0],[79.97872,14.60851,0],[79.97187,14.60135,0],[79.95655,14.60052,0],[79.94654,14.58637,0],[79.91662,14.58629,0],[79.90278,14.59439,0],[79.8706,14.59059,0],[79.86759,14.55184,0],[79.86222,14.5405,0],[79.83997,14.51724,0],[79.83627,14.49325,0],[79.86311,14.48108,0],[79.9336,14.47717,0],[79.9568,14.46953,0],[79.98758,14.47227,0],[80.03581,14.4903,0],[80.05357,14.506,0],[80.0653,14.49244,0],[80.06184,14.47085,0],[80.06842,14.46486,0],[80.08485,14.45189,0],[80.09573,14.45033,0],[80.1123,14.45855,0],[80.14161,14.4638,0],[80.15472,14.47681,0],[80.17648,14.45163,0],[80.18082,14.51513,0],[80.19599,14.58655,0],[80.18787,14.60514,0],[80.17076,14.61412,0],[80.15138,14.6712,0]]]}},{"type":"Feature","properties":{"stroke":"#ff0000","stroke-opacity":1,"fill-opacity":0,"ST_CODE":"28","ST_NAME":"ANDHRA PRADESH","DT_CODE":"19","DIST_NAME":"NELLORE","AC_NO":119,"AC_NAME":"Sarvepalli","PC_NO":"40","PC_NAME":"TIRUPATI (SC)","PC_ID":"2840","Shape_Leng":"288638.42927999998","Shape_Area":"1266605361.53000000000","MaxSimpTol":"300.00000000000","MinSimpTol":"300.00000000000","visibility":"0","STATUS":"Post bifurcation 2014, renumbered to 2019 seats"},"geometry":{"type":"Polygon","coordinates":[[[80.17648,14.45163,0],[80.15472,14.47681,0],[80.14161,14.4638,0],[80.1123,14.45855,0],[80.09573,14.45033,0],[80.08485,14.45189,0],[80.06842,14.46486,0],[80.06451,14.45061,0],[80.04195,14.43653,0],[80.04174,14.38645,0],[80.06001,14.36978,0],[80.03835,14.34784,0],[80.03203,14.32807,0],[80.02004,14.33019,0],[80.0024,14.35336,0],[79.98696,14.36322,0],[79.95884,14.36867,0],[79.94227,14.36634,0],[79.92406,14.38609,0],[79.91476,14.38683,0],[79.91357,14.38328,0],[79.91285,14.37349,0],[79.90523,14.36949,0],[79.89333,14.37079,0],[79.86811,14.38385,0],[79.84947,14.38171,0],[79.83465,14.37482,0],[79.82331,14.40432,0],[79.78618,14.42284,0],[79.78034,14.43376,0],[79.77801,14.46792,0],[79.7836,14.47326,0],[79.80316,14.47463,0],[79.79489,14.50306,0],[79.79705,14.52131,0],[79.80314,14.53179,0],[79.76689,14.56263,0],[79.7378,14.57785,0],[79.71773,14.58196,0],[79.71003,14.53901,0],[79.69596,14.53383,0],[79.67583,14.49933,0],[79.6594,14.48925,0],[79.65133,14.47853,0],[79.65186,14.46711,0],[79.6607,14.45495,0],[79.67859,14.45387,0],[79.68244,14.45015,0],[79.66329,14.40982,0],[79.64902,14.39487,0],[79.62209,14.39221,0],[79.59882,14.36757,0],[79.6074,14.35167,0],[79.6303,14.35319,0],[79.65454,14.32934,0],[79.64576,14.27499,0],[79.65448,14.2791,0],[79.66096,14.27546,0],[79.6667,14.2996,0],[79.6765,14.31611,0],[79.71384,14.30102,0],[79.7202,14.30416,0],[79.72286,14.31753,0],[79.73004,14.31803,0],[79.74604,14.30067,0],[79.7567,14.31971,0],[79.77793,14.30733,0],[79.78201,14.2817,0],[79.80308,14.27026,0],[79.80474,14.25861,0],[79.81798,14.25386,0],[79.82438,14.21393,0],[79.84906,14.2042,0],[79.85901,14.17566,0],[79.86871,14.16349,0],[79.90585,14.14439,0],[79.93192,14.14029,0],[79.94979,14.15197,0],[79.96546,14.15289,0],[79.97874,14.16217,0],[79.98713,14.18562,0],[79.99868,14.18935,0],[80.00457,14.18668,0],[80.00721,14.19532,0],[80.01645,14.19773,0],[80.02116,14.19356,0],[80.01945,14.18375,0],[80.02281,14.18304,0],[80.04182,14.19684,0],[80.0341,14.20537,0],[80.02811,14.20352,0],[80.02861,14.1976,0],[80.02751,14.20458,0],[80.0532,14.2158,0],[80.04562,14.21346,0],[80.05046,14.21839,0],[80.04166,14.22545,0],[80.0205,14.2196,0],[80.03707,14.22521,0],[80.03573,14.23527,0],[80.0417,14.23727,0],[80.03084,14.25338,0],[80.04215,14.24003,0],[80.04258,14.23596,0],[80.03638,14.23405,0],[80.03681,14.22761,0],[80.0501,14.22174,0],[80.06074,14.22992,0],[80.08853,14.23574,0],[80.07293,14.24088,0],[80.07073,14.24664,0],[80.07726,14.25321,0],[80.08577,14.25105,0],[80.08869,14.23974,0],[80.0997,14.24715,0],[80.09314,14.24768,0],[80.09658,14.25316,0],[80.08467,14.27381,0],[80.08713,14.2765,0],[80.09323,14.27326,0],[80.10126,14.25633,0],[80.13016,14.25358,0],[80.13101,14.25927,0],[80.12531,14.25587,0],[80.12081,14.2586,0],[80.12258,14.26674,0],[80.12306,14.2587,0],[80.13203,14.26075,0],[80.1382,14.24961,0],[80.14365,14.28684,0],[80.16717,14.34443,0],[80.17648,14.45163,0]]]}},{"type":"Feature","properties":{"stroke":"#ff0000","stroke-opacity":1,"fill-opacity":0,"ST_CODE":"28","ST_NAME":"ANDHRA PRADESH","DT_CODE":"19","DIST_NAME":"NELLORE","AC_NO":122,"AC_NAME":"Venkatagiri","PC_NO":"40","PC_NAME":"TIRUPATI (SC)","PC_ID":"2840","Shape_Leng":"308865.12841499998","Shape_Area":"2152496433.59000020000","MaxSimpTol":"300.00000000000","MinSimpTol":"300.00000000000","visibility":"0","STATUS":"Post bifurcation 2014, renumbered to 2019 seats"},"geometry":{"type":"Polygon","coordinates":[[[79.45719,14.45903,0],[79.47377,14.50113,0],[79.49285,14.51381,0],[79.46767,14.54908,0],[79.37329,14.51494,0],[79.31101,14.47874,0],[79.3165,14.47699,0],[79.32673,14.45766,0],[79.33003,14.4262,0],[79.34873,14.40546,0],[79.35906,14.38172,0],[79.36428,14.37881,0],[79.36758,14.36849,0],[79.36499,14.35554,0],[79.37096,14.34917,0],[79.38957,14.34107,0],[79.42242,14.27874,0],[79.41969,14.26542,0],[79.43542,14.24354,0],[79.4248,14.22172,0],[79.42243,14.20649,0],[79.42881,14.19373,0],[79.42835,14.18113,0],[79.44477,14.11676,0],[79.45421,14.10126,0],[79.4501,14.08911,0],[79.45206,14.0772,0],[79.44263,14.06117,0],[79.44349,14.04051,0],[79.43678,14.02419,0],[79.44253,13.99752,0],[79.45532,13.98766,0],[79.45011,13.97233,0],[79.45232,13.95484,0],[79.45846,13.94647,0],[79.45509,13.92317,0],[79.44033,13.90342,0],[79.44333,13.89085,0],[79.4576,13.8969,0],[79.47416,13.89984,0],[79.47826,13.91275,0],[79.55597,13.91555,0],[79.5926,13.9236,0],[79.59604,13.91185,0],[79.59427,13.88821,0],[79.61138,13.8888,0],[79.62317,13.88235,0],[79.62474,13.87257,0],[79.61876,13.86299,0],[79.61004,13.86043,0],[79.60948,13.85161,0],[79.66852,13.83595,0],[79.67391,13.87298,0],[79.67034,13.88581,0],[79.67847,13.92419,0],[79.68222,13.9254,0],[79.69447,13.91388,0],[79.72863,13.90526,0],[79.73112,13.89127,0],[79.72709,13.86346,0],[79.73363,13.86164,0],[79.73881,13.85835,0],[79.77243,13.85285,0],[79.77611,13.86555,0],[79.78272,13.8658,0],[79.78721,13.87292,0],[79.78586,13.90549,0],[79.77058,13.90992,0],[79.7659,13.92294,0],[79.7495,13.9401,0],[79.73792,13.92176,0],[79.72865,13.91793,0],[79.72689,13.94287,0],[79.74134,13.94708,0],[79.74388,13.95777,0],[79.75741,13.95999,0],[79.75254,13.96921,0],[79.73216,13.96769,0],[79.73648,13.99869,0],[79.75881,14.01779,0],[79.73694,14.07113,0],[79.72385,14.09036,0],[79.75589,14.15354,0],[79.80007,14.1767,0],[79.79726,14.19174,0],[79.78114,14.21767,0],[79.78031,14.2272,0],[79.78555,14.23929,0],[79.80474,14.25861,0],[79.80308,14.27026,0],[79.78201,14.2817,0],[79.77793,14.30733,0],[79.7567,14.31971,0],[79.74604,14.30067,0],[79.73004,14.31803,0],[79.72286,14.31753,0],[79.7202,14.30416,0],[79.71384,14.30102,0],[79.6765,14.31611,0],[79.6667,14.2996,0],[79.66096,14.27546,0],[79.65448,14.2791,0],[79.64576,14.27499,0],[79.65454,14.32934,0],[79.6303,14.35319,0],[79.6074,14.35167,0],[79.59882,14.36757,0],[79.58363,14.39876,0],[79.59234,14.42614,0],[79.59109,14.44024,0],[79.5811,14.44763,0],[79.57886,14.4667,0],[79.57237,14.4739,0],[79.55983,14.47672,0],[79.54423,14.47016,0],[79.51795,14.44468,0],[79.50149,14.47545,0],[79.49191,14.47597,0],[79.48083,14.4641,0],[79.45719,14.45903,0]]]}},{"type":"Feature","properties":{"stroke":"#ff0000","stroke-opacity":1,"fill-opacity":0,"ST_CODE":"28","ST_NAME":"ANDHRA PRADESH","DT_CODE":"20","DIST_NAME":"CUDDAPAH","AC_NO":126,"AC_NAME":"Kadapa","PC_NO":"38","PC_NAME":"KADAPA","PC_ID":"2838","Shape_Leng":"47122.46678760000","Shape_Area":"83868660.57809999600","MaxSimpTol":"300.00000000000","MinSimpTol":"300.00000000000","visibility":"0","STATUS":"Post bifurcation 2014, renumbered to 2019 seats"},"geometry":{"type":"Polygon","coordinates":[[[78.88491,14.50887,0],[78.87576,14.5159,0],[78.82839,14.51912,0],[78.8229,14.50488,0],[78.811,14.50221,0],[78.7941,14.48926,0],[78.79062,14.47795,0],[78.77632,14.46825,0],[78.79694,14.4585,0],[78.80325,14.43701,0],[78.82252,14.43698,0],[78.82966,14.44389,0],[78.84758,14.43856,0],[78.86537,14.40844,0],[78.89143,14.39202,0],[78.89156,14.42803,0],[78.87272,14.45449,0],[78.86774,14.47282,0],[78.86896,14.48784,0],[78.88491,14.50887,0]]]}},{"type":"Feature","properties":{"stroke":"#ff0000","stroke-opacity":1,"fill-opacity":0,"ST_CODE":"28","ST_NAME":"ANDHRA PRADESH","DT_CODE":"19","DIST_NAME":"NELLORE","AC_NO":117,"AC_NAME":"Nellore City","PC_NO":"39","PC_NAME":"NELLORE","PC_ID":"2839","Shape_Leng":"63737.85942030000","Shape_Area":"162451106.21100000000","MaxSimpTol":"300.00000000000","MinSimpTol":"300.00000000000","visibility":"0","STATUS":"Post bifurcation 2014, renumbered to 2019 seats"},"geometry":{"type":"Polygon","coordinates":[[[79.80314,14.53179,0],[79.79705,14.52131,0],[79.79489,14.50306,0],[79.80316,14.47463,0],[79.7836,14.47326,0],[79.77801,14.46792,0],[79.78034,14.43376,0],[79.78618,14.42284,0],[79.82331,14.40432,0],[79.83465,14.37482,0],[79.84947,14.38171,0],[79.86811,14.38385,0],[79.89333,14.37079,0],[79.90523,14.36949,0],[79.91285,14.37349,0],[79.91357,14.38328,0],[79.90465,14.38388,0],[79.90061,14.40788,0],[79.90743,14.40798,0],[79.90574,14.41564,0],[79.91254,14.41779,0],[79.9092,14.43003,0],[79.9123,14.43366,0],[79.93113,14.43956,0],[79.9336,14.47717,0],[79.86311,14.48108,0],[79.83627,14.49325,0],[79.80314,14.53179,0]]]}},{"type":"Feature","properties":{"stroke":"#ff0000","stroke-opacity":1,"fill-opacity":0,"ST_CODE":"28","ST_NAME":"ANDHRA PRADESH","DT_CODE":"20","DIST_NAME":"CUDDAPAH","AC_NO":125,"AC_NAME":"Rajampet","PC_NO":"41","PC_NAME":"RAJAMPET","PC_ID":"2841","Shape_Leng":"296750.80911600002","Shape_Area":"1592302425.36999990000","MaxSimpTol":"300.00000000000","MinSimpTol":"300.00000000000","visibility":"0","STATUS":"Post bifurcation 2014, renumbered to 2019 seats"},"geometry":{"type":"Polygon","coordinates":[[[78.88667,14.50902,0],[78.88491,14.50887,0],[78.86896,14.48784,0],[78.86774,14.47282,0],[78.87272,14.45449,0],[78.89156,14.42803,0],[78.89143,14.39202,0],[78.90673,14.34346,0],[78.89906,14.3293,0],[78.89771,14.31279,0],[78.88094,14.31461,0],[78.87358,14.30731,0],[78.8984,14.27649,0],[78.94703,14.24796,0],[78.95343,14.22869,0],[78.94775,14.21299,0],[78.92918,14.19724,0],[78.90918,14.19765,0],[78.88434,14.18424,0],[78.83826,14.19504,0],[78.82392,14.16824,0],[78.81964,14.15076,0],[78.80956,14.14302,0],[78.80383,14.12763,0],[78.80485,14.10942,0],[78.79981,14.09738,0],[78.81293,14.06556,0],[78.83907,14.0627,0],[78.85171,14.07145,0],[78.85989,14.08406,0],[78.86647,14.08119,0],[78.87018,14.06122,0],[78.86661,14.04438,0],[78.87448,14.03425,0],[78.851,14.00939,0],[78.87568,13.92432,0],[78.87195,13.8975,0],[78.89647,13.89845,0],[78.91765,13.88938,0],[78.91832,13.89738,0],[78.93576,13.89759,0],[78.94167,13.88519,0],[78.97916,13.89097,0],[78.98378,13.89236,0],[78.98944,13.9123,0],[78.99869,13.91011,0],[79.00254,13.91031,0],[79.01041,13.92321,0],[79.0284,13.92386,0],[79.03153,13.92872,0],[79.01441,13.95336,0],[79.0073,14.01676,0],[79.00252,14.0181,0],[78.98265,14.00761,0],[78.96934,14.01235,0],[78.96276,14.01955,0],[78.95366,14.08529,0],[78.96468,14.11933,0],[78.98903,14.13551,0],[79.01104,14.12238,0],[79.03213,14.09157,0],[79.03959,14.08809,0],[79.0412,14.09911,0],[79.02279,14.11746,0],[79.02761,14.12665,0],[79.02175,14.1698,0],[79.03201,14.1919,0],[79.04335,14.1849,0],[79.04231,14.13731,0],[79.06743,14.15099,0],[79.09487,14.14587,0],[79.11577,14.13199,0],[79.13848,14.13868,0],[79.14974,14.12135,0],[79.16683,14.11854,0],[79.16976,14.1234,0],[79.16292,14.13537,0],[79.17696,14.14416,0],[79.1781,14.16157,0],[79.1865,14.16235,0],[79.19088,14.17277,0],[79.21467,14.16905,0],[79.22592,14.15316,0],[79.23234,14.15151,0],[79.23725,14.1583,0],[79.23841,14.17329,0],[79.21721,14.19273,0],[79.20604,14.19598,0],[79.18879,14.233,0],[79.1681,14.25326,0],[79.18718,14.26605,0],[79.20416,14.28453,0],[79.22468,14.28299,0],[79.24091,14.31145,0],[79.22682,14.32239,0],[79.22847,14.33142,0],[79.23836,14.33814,0],[79.23346,14.35314,0],[79.20459,14.37466,0],[79.20111,14.38298,0],[79.21834,14.40417,0],[79.19476,14.4346,0],[79.18731,14.43874,0],[79.1858,14.45206,0],[79.17746,14.46119,0],[79.17031,14.45138,0],[79.14574,14.43873,0],[79.12901,14.44626,0],[79.1009,14.47143,0],[79.06369,14.44295,0],[79.04033,14.44288,0],[79.02142,14.45253,0],[78.99826,14.45142,0],[78.98416,14.46228,0],[78.9484,14.46424,0],[78.91892,14.4898,0],[78.89578,14.49944,0],[78.88667,14.50902,0]]]}},{"type":"Feature","properties":{"stroke":"#ff0000","stroke-opacity":1,"fill-opacity":0,"ST_CODE":"28","ST_NAME":"ANDHRA PRADESH","DT_CODE":"19","DIST_NAME":"NELLORE","AC_NO":118,"AC_NAME":"Nellore Rural","PC_NO":"39","PC_NAME":"NELLORE","PC_ID":"2839","Shape_Leng":"68410.16368719999","Shape_Area":"191312128.80500001000","MaxSimpTol":"300.00000000000","MinSimpTol":"300.00000000000","visibility":"0","STATUS":"Post bifurcation 2014, renumbered to 2019 seats"},"geometry":{"type":"Polygon","coordinates":[[[79.9336,14.47717,0],[79.93113,14.43956,0],[79.9123,14.43366,0],[79.9092,14.43003,0],[79.91254,14.41779,0],[79.90574,14.41564,0],[79.90743,14.40798,0],[79.90061,14.40788,0],[79.90465,14.38388,0],[79.91357,14.38328,0],[79.91476,14.38683,0],[79.92406,14.38609,0],[79.94227,14.36634,0],[79.95884,14.36867,0],[79.98696,14.36322,0],[80.0024,14.35336,0],[80.02004,14.33019,0],[80.03203,14.32807,0],[80.03835,14.34784,0],[80.06001,14.36978,0],[80.04174,14.38645,0],[80.04195,14.43653,0],[80.06451,14.45061,0],[80.06842,14.46486,0],[80.06184,14.47085,0],[80.0653,14.49244,0],[80.05357,14.506,0],[80.03581,14.4903,0],[79.98758,14.47227,0],[79.9568,14.46953,0],[79.9336,14.47717,0]]]}},{"type":"Feature","properties":{"stroke":"#ff0000","stroke-opacity":1,"fill-opacity":0,"ST_CODE":"28","ST_NAME":"ANDHRA PRADESH","DT_CODE":"22","DIST_NAME":"ANANTAPUR","AC_NO":159,"AC_NAME":"Puttaparthi","PC_NO":"37","PC_NAME":"HINDUPUR","PC_ID":"2837","Shape_Leng":"271468.20679600001","Shape_Area":"1521595544.33999990000","MaxSimpTol":"300.00000000000","MinSimpTol":"300.00000000000","visibility":"0","STATUS":"Post bifurcation 2014, renumbered to 2019 seats"},"geometry":{"type":"Polygon","coordinates":[[[77.88732,13.93926,0],[77.88854,13.9395,0],[77.89583,13.94097,0],[77.8989,13.93068,0],[77.89581,13.9204,0],[77.89934,13.91689,0],[77.92709,13.90543,0],[77.94592,13.93528,0],[77.95961,13.93994,0],[77.96194,13.95501,0],[77.96742,13.9602,0],[77.97564,13.95876,0],[77.98752,13.95554,0],[77.98025,13.9279,0],[77.9831,13.9049,0],[77.98662,13.90304,0],[77.98439,13.89763,0],[77.94907,13.88649,0],[77.95625,13.83596,0],[77.95298,13.82739,0],[77.9761,13.82952,0],[77.99206,13.86885,0],[78.00032,13.8729,0],[78.012,13.87171,0],[78.02074,13.86364,0],[78.04606,13.86207,0],[78.05092,13.87718,0],[78.0486,13.89669,0],[78.07843,13.88178,0],[78.08168,13.86133,0],[78.0926,13.86499,0],[78.10893,13.86239,0],[78.11066,13.89037,0],[78.12729,13.90781,0],[78.12383,13.95485,0],[78.12952,13.96339,0],[78.13606,13.96432,0],[78.13799,13.97863,0],[78.13563,13.98825,0],[78.12815,13.99436,0],[78.08552,13.99078,0],[78.08085,14.00163,0],[78.09629,14.01094,0],[78.09868,14.0238,0],[78.08966,14.03857,0],[78.0911,14.05761,0],[78.07104,14.06752,0],[78.07248,14.08399,0],[78.06383,14.09445,0],[78.06974,14.10548,0],[78.06962,14.11564,0],[78.05339,14.14723,0],[78.05747,14.15378,0],[78.0781,14.15138,0],[78.08759,14.15716,0],[78.08865,14.17322,0],[78.07974,14.21006,0],[78.05122,14.21801,0],[78.04645,14.22466,0],[78.04626,14.24023,0],[78.03499,14.24062,0],[78.02605,14.25206,0],[78.00861,14.26205,0],[78.00684,14.27168,0],[78.02111,14.27293,0],[78.02517,14.27807,0],[78.00463,14.31459,0],[77.98232,14.31887,0],[77.95852,14.28827,0],[77.95752,14.27913,0],[77.93786,14.27957,0],[77.94576,14.34996,0],[77.91518,14.35361,0],[77.89976,14.3545,0],[77.87293,14.34637,0],[77.87157,14.33331,0],[77.88031,14.3129,0],[77.87801,14.29877,0],[77.87038,14.29786,0],[77.84918,14.30848,0],[77.84156,14.30798,0],[77.83895,14.3023,0],[77.84038,14.28903,0],[77.83192,14.25782,0],[77.81959,14.25976,0],[77.81559,14.27264,0],[77.77518,14.27845,0],[77.74866,14.2603,0],[77.70664,14.25371,0],[77.66007,14.23672,0],[77.66162,14.23195,0],[77.65944,14.2128,0],[77.66678,14.20205,0],[77.68146,14.19267,0],[77.68667,14.17784,0],[77.6845,14.17081,0],[77.65532,14.15446,0],[77.64986,14.14704,0],[77.65098,14.13876,0],[77.65898,14.12676,0],[77.69184,14.11242,0],[77.6993,14.09241,0],[77.67889,14.04739,0],[77.68394,14.03214,0],[77.69818,14.03233,0],[77.76335,14.05023,0],[77.78162,14.04712,0],[77.79089,14.06337,0],[77.81455,14.08205,0],[77.82693,14.10347,0],[77.83244,14.10354,0],[77.85052,14.05704,0],[77.8732,14.05102,0],[77.90399,14.03541,0],[77.8891,13.99468,0],[77.89627,13.96706,0],[77.88732,13.93926,0],[77.88732,13.93926,0]]]}},{"type":"Feature","properties":{"stroke":"#ff0000","stroke-opacity":1,"fill-opacity":0,"ST_CODE":"28","ST_NAME":"ANDHRA PRADESH","DT_CODE":"20","DIST_NAME":"CUDDAPAH","AC_NO":127,"AC_NAME":"Kodur (SC)","PC_NO":"41","PC_NAME":"RAJAMPET","PC_ID":"2841","Shape_Leng":"284359.82535200001","Shape_Area":"2321389698.84000020000","MaxSimpTol":"300.00000000000","MinSimpTol":"300.00000000000","visibility":"0","STATUS":"Post bifurcation 2014, renumbered to 2019 seats"},"geometry":{"type":"Polygon","coordinates":[[[79.37096,14.34917,0],[79.35705,14.34415,0],[79.33651,14.344,0],[79.31838,14.35341,0],[79.30773,14.35283,0],[79.27606,14.32973,0],[79.263,14.33723,0],[79.23836,14.33814,0],[79.22847,14.33142,0],[79.22682,14.32239,0],[79.24091,14.31145,0],[79.22468,14.28299,0],[79.20416,14.28453,0],[79.18718,14.26605,0],[79.1681,14.25326,0],[79.18879,14.233,0],[79.20604,14.19598,0],[79.21721,14.19273,0],[79.23841,14.17329,0],[79.23725,14.1583,0],[79.23234,14.15151,0],[79.22592,14.15316,0],[79.21467,14.16905,0],[79.19088,14.17277,0],[79.1865,14.16235,0],[79.1781,14.16157,0],[79.17696,14.14416,0],[79.16292,14.13537,0],[79.16976,14.1234,0],[79.16683,14.11854,0],[79.14974,14.12135,0],[79.13848,14.13868,0],[79.11577,14.13199,0],[79.09487,14.14587,0],[79.06743,14.15099,0],[79.04231,14.13731,0],[79.04335,14.1849,0],[79.03201,14.1919,0],[79.02175,14.1698,0],[79.02761,14.12665,0],[79.02279,14.11746,0],[79.0412,14.09911,0],[79.03959,14.08809,0],[79.03213,14.09157,0],[79.01104,14.12238,0],[78.98903,14.13551,0],[78.96468,14.11933,0],[78.95366,14.08529,0],[78.96276,14.01955,0],[78.96934,14.01235,0],[78.98265,14.00761,0],[79.00252,14.0181,0],[79.0073,14.01676,0],[79.01441,13.95336,0],[79.03153,13.92872,0],[79.0284,13.92386,0],[79.01041,13.92321,0],[79.00254,13.91031,0],[79.02359,13.90326,0],[79.02385,13.89518,0],[79.02949,13.88936,0],[79.08265,13.87932,0],[79.09651,13.85065,0],[79.12598,13.85017,0],[79.14844,13.86621,0],[79.15718,13.85399,0],[79.17202,13.84775,0],[79.17815,13.83808,0],[79.21602,13.81258,0],[79.21119,13.80678,0],[79.20285,13.80972,0],[79.19451,13.80365,0],[79.19135,13.79383,0],[79.20372,13.78073,0],[79.21824,13.77314,0],[79.22562,13.75707,0],[79.24118,13.75166,0],[79.2414,13.76097,0],[79.25877,13.76089,0],[79.29334,13.7598,0],[79.30579,13.72419,0],[79.37214,13.75536,0],[79.39774,13.76173,0],[79.41725,13.7659,0],[79.41985,13.78634,0],[79.44922,13.781,0],[79.47119,13.79828,0],[79.4583,13.8007,0],[79.45555,13.82573,0],[79.4383,13.85697,0],[79.43419,13.87682,0],[79.44333,13.89085,0],[79.44033,13.90342,0],[79.45509,13.92317,0],[79.45846,13.94647,0],[79.45232,13.95484,0],[79.45011,13.97233,0],[79.45532,13.98766,0],[79.44253,13.99752,0],[79.43678,14.02419,0],[79.44349,14.04051,0],[79.44263,14.06117,0],[79.45206,14.0772,0],[79.4501,14.08911,0],[79.45421,14.10126,0],[79.44477,14.11676,0],[79.42835,14.18113,0],[79.42881,14.19373,0],[79.42243,14.20649,0],[79.4248,14.22172,0],[79.43542,14.24354,0],[79.41969,14.26542,0],[79.42242,14.27874,0],[79.38957,14.34107,0],[79.37096,14.34917,0]]]}},{"type":"Feature","properties":{"stroke":"#ff0000","stroke-opacity":1,"fill-opacity":0,"ST_CODE":"28","ST_NAME":"ANDHRA PRADESH","DT_CODE":"22","DIST_NAME":"ANANTAPUR","AC_NO":161,"AC_NAME":"Kadiri","PC_NO":"37","PC_NAME":"HINDUPUR","PC_ID":"2837","Shape_Leng":"235091.69898500000","Shape_Area":"1727399286.01000000000","MaxSimpTol":"300.00000000000","MinSimpTol":"300.00000000000","visibility":"0","STATUS":"Post bifurcation 2014, renumbered to 2019 seats"},"geometry":{"type":"Polygon","coordinates":[[[78.21996,14.32612,0],[78.20588,14.29695,0],[78.19978,14.30066,0],[78.19119,14.31783,0],[78.16552,14.32612,0],[78.15315,14.32598,0],[78.12118,14.30792,0],[78.11878,14.30173,0],[78.13837,14.27404,0],[78.13826,14.26009,0],[78.13083,14.25894,0],[78.09303,14.27058,0],[78.09406,14.25475,0],[78.11772,14.2298,0],[78.07974,14.21006,0],[78.08865,14.17322,0],[78.08759,14.15716,0],[78.0781,14.15138,0],[78.05747,14.15378,0],[78.05339,14.14723,0],[78.06962,14.11564,0],[78.06974,14.10548,0],[78.06383,14.09445,0],[78.07248,14.08399,0],[78.07104,14.06752,0],[78.0911,14.05761,0],[78.08966,14.03857,0],[78.09868,14.0238,0],[78.09629,14.01094,0],[78.08085,14.00163,0],[78.08552,13.99078,0],[78.12815,13.99436,0],[78.13563,13.98825,0],[78.13799,13.97863,0],[78.13606,13.96432,0],[78.12952,13.96339,0],[78.12383,13.95485,0],[78.12729,13.90781,0],[78.11066,13.89037,0],[78.10893,13.86239,0],[78.11458,13.86331,0],[78.12376,13.84482,0],[78.12546,13.83174,0],[78.11389,13.80792,0],[78.1226,13.79905,0],[78.12567,13.78656,0],[78.14793,13.78189,0],[78.15196,13.78649,0],[78.16408,13.7843,0],[78.18901,13.78934,0],[78.20851,13.78193,0],[78.23642,13.77964,0],[78.25121,13.79168,0],[78.26147,13.7914,0],[78.26308,13.79876,0],[78.25492,13.80686,0],[78.25495,13.82065,0],[78.25887,13.82383,0],[78.25661,13.83445,0],[78.24124,13.8457,0],[78.24268,13.85076,0],[78.26505,13.85768,0],[78.26318,13.86427,0],[78.26885,13.86756,0],[78.26793,13.87326,0],[78.27826,13.88951,0],[78.27282,13.89536,0],[78.28008,13.89795,0],[78.2895,13.89202,0],[78.29837,13.89378,0],[78.29935,13.90631,0],[78.31821,13.92082,0],[78.33146,13.91804,0],[78.33737,13.9371,0],[78.34692,13.9352,0],[78.37039,13.95679,0],[78.37562,13.95232,0],[78.37243,13.94493,0],[78.38753,13.93938,0],[78.39954,13.95312,0],[78.4206,13.96373,0],[78.42711,13.97924,0],[78.45332,13.98421,0],[78.4661,13.99486,0],[78.46936,14.00745,0],[78.45844,14.00852,0],[78.44045,14.01894,0],[78.43991,14.04343,0],[78.44884,14.05249,0],[78.44253,14.08086,0],[78.44446,14.08457,0],[78.45442,14.08468,0],[78.46139,14.10684,0],[78.44928,14.13051,0],[78.44353,14.13813,0],[78.43886,14.13448,0],[78.42531,14.14086,0],[78.42178,14.14886,0],[78.41994,14.16838,0],[78.43034,14.18324,0],[78.42941,14.19676,0],[78.41443,14.19647,0],[78.40598,14.20143,0],[78.40857,14.22729,0],[78.42393,14.27381,0],[78.42061,14.28335,0],[78.41599,14.27815,0],[78.39572,14.27717,0],[78.35719,14.29309,0],[78.33873,14.28865,0],[78.32062,14.29386,0],[78.28505,14.29217,0],[78.27735,14.30507,0],[78.25339,14.30502,0],[78.229,14.31574,0],[78.21996,14.32612,0]]]}},{"type":"Feature","properties":{"stroke":"#ff0000","stroke-opacity":1,"fill-opacity":0,"ST_CODE":"28","ST_NAME":"ANDHRA PRADESH","DT_CODE":"20","DIST_NAME":"CUDDAPAH","AC_NO":128,"AC_NAME":"Rayachoti","PC_NO":"41","PC_NAME":"RAJAMPET","PC_ID":"2841","Shape_Leng":"259119.45459300000","Shape_Area":"1603964783.50000000000","MaxSimpTol":"300.00000000000","MinSimpTol":"300.00000000000","visibility":"0","STATUS":"Post bifurcation 2014, renumbered to 2019 seats"},"geometry":{"type":"Polygon","coordinates":[[[78.7702,14.30377,0],[78.75974,14.29635,0],[78.748,14.29951,0],[78.73539,14.28688,0],[78.71517,14.28594,0],[78.67745,14.29394,0],[78.67339,14.28974,0],[78.67366,14.27463,0],[78.66166,14.26971,0],[78.62895,14.2781,0],[78.60705,14.27474,0],[78.60072,14.26586,0],[78.60497,14.25072,0],[78.6237,14.22987,0],[78.63165,14.21279,0],[78.57678,14.16752,0],[78.57584,14.16433,0],[78.58371,14.16232,0],[78.57651,14.14578,0],[78.58741,14.13659,0],[78.57885,14.12388,0],[78.56529,14.12039,0],[78.55718,14.12737,0],[78.55665,14.13247,0],[78.56689,14.14169,0],[78.55921,14.15441,0],[78.54029,14.15453,0],[78.52294,14.16766,0],[78.50883,14.17055,0],[78.49787,14.16934,0],[78.47129,14.15595,0],[78.44928,14.13051,0],[78.46139,14.10684,0],[78.45442,14.08468,0],[78.44446,14.08457,0],[78.44253,14.08086,0],[78.44884,14.05249,0],[78.43991,14.04343,0],[78.44045,14.01894,0],[78.45844,14.00852,0],[78.46936,14.00745,0],[78.4661,13.99486,0],[78.47577,13.98405,0],[78.46931,13.97441,0],[78.46835,13.9587,0],[78.4933,13.93791,0],[78.50127,13.94638,0],[78.50393,13.9591,0],[78.51866,13.96631,0],[78.52727,13.97845,0],[78.53952,13.98166,0],[78.54452,13.99104,0],[78.56411,13.9903,0],[78.57052,13.98449,0],[78.58493,13.98533,0],[78.572,13.96324,0],[78.58692,13.95857,0],[78.59921,13.96012,0],[78.58724,13.91286,0],[78.615,13.91306,0],[78.62081,13.90721,0],[78.63568,13.90812,0],[78.63813,13.90153,0],[78.64986,13.90891,0],[78.65877,13.90854,0],[78.65402,13.8976,0],[78.64395,13.89205,0],[78.63938,13.87321,0],[78.64288,13.86784,0],[78.69811,13.87135,0],[78.70871,13.87727,0],[78.70612,13.88587,0],[78.71098,13.8885,0],[78.72908,13.88583,0],[78.74036,13.87038,0],[78.74591,13.87147,0],[78.75106,13.84829,0],[78.75905,13.83501,0],[78.7714,13.82753,0],[78.78383,13.82971,0],[78.78311,13.84281,0],[78.78851,13.85409,0],[78.78032,13.86423,0],[78.79815,13.88084,0],[78.85929,13.88662,0],[78.87195,13.8975,0],[78.87568,13.92432,0],[78.851,14.00939,0],[78.87448,14.03425,0],[78.86661,14.04438,0],[78.87018,14.06122,0],[78.86647,14.08119,0],[78.85989,14.08406,0],[78.85171,14.07145,0],[78.83907,14.0627,0],[78.81293,14.06556,0],[78.79981,14.09738,0],[78.80485,14.10942,0],[78.80383,14.12763,0],[78.80956,14.14302,0],[78.81964,14.15076,0],[78.82392,14.16824,0],[78.83826,14.19504,0],[78.88434,14.18424,0],[78.90918,14.19765,0],[78.92918,14.19724,0],[78.94775,14.21299,0],[78.95343,14.22869,0],[78.94703,14.24796,0],[78.8984,14.27649,0],[78.87358,14.30731,0],[78.86987,14.29075,0],[78.86369,14.28647,0],[78.84426,14.28908,0],[78.82029,14.28145,0],[78.7702,14.30377,0]]]}},{"type":"Feature","properties":{"stroke":"#ff0000","stroke-opacity":1,"fill-opacity":0,"ST_CODE":"28","ST_NAME":"ANDHRA PRADESH","DT_CODE":"22","DIST_NAME":"ANANTAPUR","AC_NO":158,"AC_NAME":"Penukonda","PC_NO":"37","PC_NAME":"HINDUPUR","PC_ID":"2837","Shape_Leng":"255335.03097200001","Shape_Area":"1344837237.78000000000","MaxSimpTol":"300.00000000000","MinSimpTol":"300.00000000000","visibility":"0","STATUS":"Post bifurcation 2014, renumbered to 2019 seats"},"geometry":{"type":"Polygon","coordinates":[[[77.88732,13.93926,0],[77.89627,13.96706,0],[77.8891,13.99468,0],[77.90399,14.03541,0],[77.8732,14.05102,0],[77.85052,14.05704,0],[77.83244,14.10354,0],[77.82693,14.10347,0],[77.81455,14.08205,0],[77.79089,14.06337,0],[77.78162,14.04712,0],[77.76335,14.05023,0],[77.69818,14.03233,0],[77.68394,14.03214,0],[77.67889,14.04739,0],[77.6993,14.09241,0],[77.69184,14.11242,0],[77.65898,14.12676,0],[77.65098,14.13876,0],[77.64986,14.14704,0],[77.65532,14.15446,0],[77.6845,14.17081,0],[77.68667,14.17784,0],[77.68146,14.19267,0],[77.66678,14.20205,0],[77.65944,14.2128,0],[77.66162,14.23195,0],[77.66007,14.23672,0],[77.57905,14.22602,0],[77.57031,14.22032,0],[77.5636,14.19903,0],[77.55576,14.19011,0],[77.51708,14.18444,0],[77.50352,14.15715,0],[77.46819,14.16531,0],[77.4671,14.17207,0],[77.43029,14.17089,0],[77.42036,14.17699,0],[77.39372,14.17428,0],[77.39488,14.1608,0],[77.38507,14.1533,0],[77.37894,14.13588,0],[77.35204,14.13123,0],[77.34747,14.10367,0],[77.36168,14.11537,0],[77.39061,14.12668,0],[77.39737,14.12547,0],[77.40092,14.11875,0],[77.38881,14.09951,0],[77.38127,14.09787,0],[77.37563,14.07939,0],[77.36366,14.07305,0],[77.36003,14.06228,0],[77.34051,14.06023,0],[77.33231,14.03074,0],[77.39016,14.01674,0],[77.37961,13.99031,0],[77.38155,13.97617,0],[77.3957,13.98377,0],[77.42589,13.98616,0],[77.42766,13.97972,0],[77.43704,13.97728,0],[77.43547,13.94795,0],[77.412,13.94602,0],[77.416,13.9241,0],[77.43491,13.91971,0],[77.43515,13.91545,0],[77.42061,13.89977,0],[77.41355,13.89757,0],[77.43693,13.88048,0],[77.44416,13.86866,0],[77.44303,13.8563,0],[77.43198,13.84106,0],[77.41613,13.80672,0],[77.41968,13.80963,0],[77.42866,13.80684,0],[77.42258,13.79913,0],[77.43576,13.79653,0],[77.44534,13.81106,0],[77.4515,13.80964,0],[77.47965,13.83465,0],[77.48548,13.85902,0],[77.52899,13.89431,0],[77.54175,13.92829,0],[77.58776,13.93865,0],[77.60214,13.93257,0],[77.6113,13.94444,0],[77.62073,13.93526,0],[77.63035,13.92932,0],[77.64595,13.92901,0],[77.65415,13.90298,0],[77.66525,13.90605,0],[77.67681,13.90003,0],[77.69566,13.90889,0],[77.71561,13.93275,0],[77.73787,13.9363,0],[77.76719,13.92737,0],[77.78815,13.94129,0],[77.81384,13.92686,0],[77.81384,13.92686,0],[77.81385,13.92706,0],[77.82659,13.94476,0],[77.83922,13.93593,0],[77.88657,13.93911,0],[77.88732,13.93926,0],[77.88732,13.93926,0]]]}},{"type":"Feature","properties":{"stroke":"#ff0000","stroke-opacity":1,"fill-opacity":0,"ST_CODE":"28","ST_NAME":"ANDHRA PRADESH","DT_CODE":"19","DIST_NAME":"NELLORE","AC_NO":0,"PC_NO":"0","PC_ID":"2800","Shape_Leng":"95948.89410280000","Shape_Area":"20030574.98440000000","MaxSimpTol":"300.00000000000","MinSimpTol":"150.00000000000","visibility":"0","STATUS":"Post bifurcation 2014, renumbered to 2019 seats"},"geometry":{"type":"Polygon","coordinates":[[[80.10126,14.25633,0],[80.09323,14.27326,0],[80.08713,14.2765,0],[80.08467,14.27381,0],[80.09658,14.25316,0],[80.09314,14.24768,0],[80.0997,14.24715,0],[80.08869,14.23974,0],[80.08577,14.25105,0],[80.07726,14.25321,0],[80.07073,14.24664,0],[80.07293,14.24088,0],[80.08853,14.23574,0],[80.06074,14.22992,0],[80.0501,14.22174,0],[80.03681,14.22761,0],[80.03638,14.23405,0],[80.04258,14.23596,0],[80.04215,14.24003,0],[80.03084,14.25338,0],[80.0417,14.23727,0],[80.03573,14.23527,0],[80.03707,14.22521,0],[80.0205,14.2196,0],[80.04166,14.22545,0],[80.05046,14.21839,0],[80.04562,14.21346,0],[80.0532,14.2158,0],[80.02751,14.20458,0],[80.02861,14.1976,0],[80.02811,14.20352,0],[80.0341,14.20537,0],[80.04182,14.19684,0],[80.02281,14.18304,0],[80.01945,14.18375,0],[80.02116,14.19356,0],[80.01645,14.19773,0],[80.00721,14.19532,0],[80.00457,14.18668,0],[79.99868,14.18935,0],[80.00422,14.18483,0],[80.00872,14.19379,0],[80.01673,14.19638,0],[80.01741,14.18386,0],[80.02415,14.18193,0],[80.04818,14.20011,0],[80.04879,14.20892,0],[80.0632,14.22866,0],[80.05912,14.21932,0],[80.06227,14.21098,0],[80.06686,14.21054,0],[80.06162,14.20929,0],[80.05809,14.21321,0],[80.0622,14.20782,0],[80.06875,14.21161,0],[80.07124,14.22601,0],[80.09418,14.22954,0],[80.10651,14.23817,0],[80.11176,14.23309,0],[80.10759,14.23919,0],[80.11206,14.25167,0],[80.1146,14.24736,0],[80.13616,14.24614,0],[80.1382,14.24961,0],[80.13203,14.26075,0],[80.12306,14.2587,0],[80.12258,14.26674,0],[80.12081,14.2586,0],[80.12531,14.25587,0],[80.13101,14.25927,0],[80.13016,14.25358,0],[80.10126,14.25633,0]]]}},{"type":"Feature","properties":{"stroke":"#ff0000","stroke-opacity":1,"fill-opacity":0,"ST_CODE":"28","ST_NAME":"ANDHRA PRADESH","DT_CODE":"22","DIST_NAME":"ANANTAPUR","AC_NO":156,"AC_NAME":"Madakasira (SC)","PC_NO":"37","PC_NAME":"HINDUPUR","PC_ID":"2837","Shape_Leng":"305323.94483499997","Shape_Area":"1080515783.75000000000","MaxSimpTol":"300.00000000000","MinSimpTol":"300.00000000000","visibility":"0","STATUS":"Post bifurcation 2014, renumbered to 2019 seats"},"geometry":{"type":"Polygon","coordinates":[[[77.02236,14.1773,0],[77.00548,14.184,0],[76.98379,14.17886,0],[76.96062,14.18181,0],[76.94759,14.19822,0],[76.94272,14.19545,0],[76.94239,14.17337,0],[76.92194,14.16946,0],[76.91977,14.1645,0],[76.89456,14.16785,0],[76.89075,14.14359,0],[76.88594,14.13828,0],[76.88922,14.13574,0],[76.91759,14.12888,0],[76.92501,14.13715,0],[76.93589,14.12888,0],[76.95256,14.1039,0],[76.9484,14.09212,0],[76.95943,14.09167,0],[76.97347,14.08355,0],[76.97659,14.06571,0],[76.97187,14.05844,0],[76.93237,14.05437,0],[76.93115,14.03024,0],[76.93504,14.03284,0],[76.94348,14.02978,0],[76.94995,14.01513,0],[76.9654,14.01153,0],[76.99921,13.99044,0],[76.99378,13.96261,0],[77.01423,13.95486,0],[77.02439,13.93995,0],[77.04168,13.93344,0],[77.04732,13.90661,0],[77.02305,13.9026,0],[77.01627,13.88441,0],[77.01849,13.87255,0],[77.0132,13.87153,0],[77.01424,13.86032,0],[77.00656,13.85207,0],[76.99224,13.84904,0],[76.98891,13.83529,0],[76.97804,13.8269,0],[76.97643,13.81735,0],[76.98976,13.81297,0],[76.9917,13.8027,0],[76.98522,13.79083,0],[76.99839,13.75508,0],[76.99695,13.74803,0],[77.01274,13.7398,0],[77.01656,13.73838,0],[77.02448,13.77926,0],[77.04338,13.77783,0],[77.04407,13.77088,0],[77.05805,13.76034,0],[77.0575,13.75301,0],[77.06446,13.74391,0],[77.08558,13.7424,0],[77.08384,13.75668,0],[77.09045,13.76718,0],[77.10597,13.76781,0],[77.13684,13.75834,0],[77.14088,13.76508,0],[77.15112,13.76625,0],[77.17306,13.76206,0],[77.17852,13.78273,0],[77.15753,13.80607,0],[77.16259,13.8087,0],[77.15954,13.81689,0],[77.16774,13.82125,0],[77.16871,13.82965,0],[77.1537,13.83417,0],[77.15604,13.84439,0],[77.13219,13.84623,0],[77.12822,13.85649,0],[77.13606,13.85655,0],[77.14766,13.86851,0],[77.1686,13.86453,0],[77.17148,13.87154,0],[77.16888,13.89,0],[77.16195,13.90665,0],[77.16994,13.92064,0],[77.18473,13.92522,0],[77.19085,13.9119,0],[77.1857,13.8762,0],[77.18141,13.86988,0],[77.20045,13.86307,0],[77.21021,13.88498,0],[77.21518,13.88629,0],[77.2153,13.86831,0],[77.21987,13.86775,0],[77.23066,13.90337,0],[77.23563,13.90417,0],[77.23648,13.90105,0],[77.24828,13.90125,0],[77.24472,13.88185,0],[77.24891,13.86756,0],[77.25913,13.86317,0],[77.25671,13.84656,0],[77.28028,13.85109,0],[77.2883,13.84752,0],[77.29493,13.85744,0],[77.31057,13.86292,0],[77.31131,13.86654,0],[77.32147,13.85596,0],[77.32539,13.83328,0],[77.33685,13.83279,0],[77.3628,13.85427,0],[77.37868,13.84935,0],[77.38192,13.8394,0],[77.4152,13.83964,0],[77.42918,13.84484,0],[77.43198,13.84106,0],[77.44303,13.8563,0],[77.44416,13.86866,0],[77.43693,13.88048,0],[77.41355,13.89757,0],[77.39886,13.88857,0],[77.39779,13.90647,0],[77.35456,13.90455,0],[77.35286,13.91377,0],[77.34771,13.91603,0],[77.37152,13.95323,0],[77.3496,13.95858,0],[77.36096,13.99105,0],[77.33629,13.99591,0],[77.33696,14.00491,0],[77.32279,14.02345,0],[77.32223,14.03004,0],[77.3067,14.03228,0],[77.29838,14.02205,0],[77.2751,14.01173,0],[77.27876,14.03246,0],[77.27036,14.03453,0],[77.24536,14.01197,0],[77.21983,14.01361,0],[77.20468,14.00828,0],[77.17401,14.01302,0],[77.17096,14.01204,0],[77.17345,14.00118,0],[77.15128,14.00071,0],[77.14108,14.0039,0],[77.14037,14.018,0],[77.13185,14.04396,0],[77.12742,14.04706,0],[77.07893,14.04268,0],[77.07533,14.04353,0],[77.07614,14.05332,0],[77.03165,14.0569,0],[77.02557,14.06617,0],[77.02982,14.08821,0],[77.01469,14.10004,0],[77.02408,14.11264,0],[77.02183,14.12328,0],[77.02624,14.12505,0],[77.02587,14.12997,0],[77.02023,14.13133,0],[77.02043,14.1572,0],[77.02606,14.17482,0],[77.02236,14.1773,0]]]}},{"type":"Feature","properties":{"stroke":"#ff0000","stroke-opacity":1,"fill-opacity":0,"ST_CODE":"28","ST_NAME":"ANDHRA PRADESH","DT_CODE":"19","DIST_NAME":"NELLORE","AC_NO":120,"AC_NAME":"Gudur (SC)","PC_NO":"40","PC_NAME":"TIRUPATI (SC)","PC_ID":"2840","Shape_Leng":"232657.49609400000","Shape_Area":"1249869640.16000010000","MaxSimpTol":"300.00000000000","MinSimpTol":"150.00000000000","visibility":"0","STATUS":"Post bifurcation 2014, renumbered to 2019 seats"},"geometry":{"type":"Polygon","coordinates":[[[80.13616,14.24614,0],[80.1146,14.24736,0],[80.11206,14.25167,0],[80.10759,14.23919,0],[80.11176,14.23309,0],[80.10651,14.23817,0],[80.09418,14.22954,0],[80.07124,14.22601,0],[80.06875,14.21161,0],[80.0622,14.20782,0],[80.05809,14.21321,0],[80.06162,14.20929,0],[80.06686,14.21054,0],[80.06227,14.21098,0],[80.05912,14.21932,0],[80.0632,14.22866,0],[80.04879,14.20892,0],[80.04818,14.20011,0],[80.02415,14.18193,0],[80.01741,14.18386,0],[80.01673,14.19638,0],[80.00872,14.19379,0],[80.00422,14.18483,0],[79.99868,14.18935,0],[79.98713,14.18562,0],[79.97874,14.16217,0],[79.96546,14.15289,0],[79.94979,14.15197,0],[79.93192,14.14029,0],[79.90585,14.14439,0],[79.86871,14.16349,0],[79.85901,14.17566,0],[79.84906,14.2042,0],[79.82438,14.21393,0],[79.81798,14.25386,0],[79.80474,14.25861,0],[79.78555,14.23929,0],[79.78031,14.2272,0],[79.78114,14.21767,0],[79.79726,14.19174,0],[79.80007,14.1767,0],[79.75589,14.15354,0],[79.72385,14.09036,0],[79.73694,14.07113,0],[79.75881,14.01779,0],[79.77268,14.01687,0],[79.78446,14.03713,0],[79.79118,14.04066,0],[79.79828,14.01081,0],[79.80699,14.01364,0],[79.81535,14.03419,0],[79.8449,14.04343,0],[79.87126,14.03292,0],[79.93379,14.03768,0],[79.94901,14.03162,0],[79.97652,14.02927,0],[79.98487,13.99535,0],[79.97273,13.98615,0],[79.97221,13.98125,0],[79.98284,13.96112,0],[79.97677,13.95505,0],[79.95657,13.95163,0],[79.94431,13.94489,0],[79.93458,13.9339,0],[79.99662,13.8844,0],[79.99943,13.87137,0],[80.03074,13.86252,0],[80.03696,13.84428,0],[80.06208,13.84187,0],[80.1115,13.8207,0],[80.12367,13.825,0],[80.15535,13.82571,0],[80.18836,13.80739,0],[80.24488,13.80757,0],[80.2181,13.88138,0],[80.19769,13.91896,0],[80.14379,14.05048,0],[80.13381,14.09295,0],[80.1272,14.15018,0],[80.12907,14.21538,0],[80.13616,14.24614,0]]]}},{"type":"Feature","properties":{"stroke":"#ff0000","stroke-opacity":1,"fill-opacity":0,"ST_CODE":"28","ST_NAME":"ANDHRA PRADESH","DT_CODE":"19","DIST_NAME":"NELLORE","AC_NO":121,"AC_NAME":"Sullurpeta (SC)","PC_NO":"40","PC_NAME":"TIRUPATI (SC)","PC_ID":"2840","Shape_Leng":"265753.44437099999","Shape_Area":"1592765117.56999990000","MaxSimpTol":"300.00000000000","MinSimpTol":"300.00000000000","visibility":"0","STATUS":"Post bifurcation 2014, renumbered to 2019 seats"},"geometry":{"type":"Polygon","coordinates":[[[79.87126,14.03292,0],[79.8449,14.04343,0],[79.81535,14.03419,0],[79.80699,14.01364,0],[79.79828,14.01081,0],[79.79118,14.04066,0],[79.78446,14.03713,0],[79.77268,14.01687,0],[79.75881,14.01779,0],[79.73648,13.99869,0],[79.73216,13.96769,0],[79.75254,13.96921,0],[79.75741,13.95999,0],[79.74388,13.95777,0],[79.74134,13.94708,0],[79.72689,13.94287,0],[79.72865,13.91793,0],[79.73792,13.92176,0],[79.7495,13.9401,0],[79.7659,13.92294,0],[79.77058,13.90992,0],[79.78586,13.90549,0],[79.79527,13.92036,0],[79.80925,13.9258,0],[79.8133,13.91055,0],[79.82772,13.89467,0],[79.82811,13.88469,0],[79.83345,13.88333,0],[79.83519,13.86251,0],[79.84208,13.85591,0],[79.84913,13.85539,0],[79.85471,13.8677,0],[79.86086,13.87015,0],[79.87872,13.85664,0],[79.88143,13.84168,0],[79.87256,13.79208,0],[79.87499,13.78274,0],[79.8645,13.77189,0],[79.85067,13.76969,0],[79.85062,13.75855,0],[79.8609,13.75539,0],[79.85774,13.74056,0],[79.86668,13.73578,0],[79.86265,13.71916,0],[79.86999,13.70691,0],[79.88143,13.70539,0],[79.88551,13.70083,0],[79.95739,13.70821,0],[79.95724,13.70035,0],[79.97275,13.68807,0],[79.95743,13.66697,0],[79.96467,13.65072,0],[79.97601,13.64274,0],[79.99176,13.6469,0],[80.00008,13.64334,0],[80.00441,13.61725,0],[80.01154,13.60526,0],[80.01692,13.60363,0],[80.01698,13.59503,0],[80.02356,13.59297,0],[80.02208,13.57649,0],[80.04738,13.57306,0],[80.05129,13.55832,0],[80.03938,13.55561,0],[80.03796,13.53899,0],[80.05691,13.53666,0],[80.06272,13.54537,0],[80.08123,13.54977,0],[80.08379,13.54478,0],[80.08861,13.53541,0],[80.07711,13.52682,0],[80.07857,13.48895,0],[80.0986,13.48796,0],[80.11315,13.50541,0],[80.13211,13.50151,0],[80.13994,13.50409,0],[80.14524,13.50034,0],[80.14561,13.49073,0],[80.16305,13.48751,0],[80.18219,13.48988,0],[80.20964,13.48649,0],[80.21512,13.48968,0],[80.21525,13.48567,0],[80.22652,13.48495,0],[80.24263,13.47088,0],[80.26383,13.56249,0],[80.26826,13.5645,0],[80.24279,13.6158,0],[80.23387,13.65705,0],[80.23761,13.7217,0],[80.25523,13.77938,0],[80.24488,13.80757,0],[80.18836,13.80739,0],[80.15535,13.82571,0],[80.12367,13.825,0],[80.1115,13.8207,0],[80.06208,13.84187,0],[80.03696,13.84428,0],[80.03074,13.86252,0],[79.99943,13.87137,0],[79.99662,13.8844,0],[79.93458,13.9339,0],[79.94431,13.94489,0],[79.95657,13.95163,0],[79.97677,13.95505,0],[79.98284,13.96112,0],[79.97221,13.98125,0],[79.97273,13.98615,0],[79.98487,13.99535,0],[79.97652,14.02927,0],[79.94901,14.03162,0],[79.93379,14.03768,0],[79.87126,14.03292,0]]]}},{"type":"Feature","properties":{"stroke":"#ff0000","stroke-opacity":1,"fill-opacity":0,"ST_CODE":"28","ST_NAME":"ANDHRA PRADESH","DT_CODE":"23","DIST_NAME":"CHITTOOR","AC_NO":162,"AC_NAME":"Thamballapalle","PC_NO":"41","PC_NAME":"RAJAMPET","PC_ID":"2841","Shape_Leng":"239742.44973399999","Shape_Area":"1600350058.09999990000","MaxSimpTol":"300.00000000000","MinSimpTol":"300.00000000000","visibility":"0","STATUS":"Post bifurcation 2014, renumbered to 2019 seats"},"geometry":{"type":"Polygon","coordinates":[[[78.4661,13.99486,0],[78.45332,13.98421,0],[78.42711,13.97924,0],[78.4206,13.96373,0],[78.39954,13.95312,0],[78.38753,13.93938,0],[78.37243,13.94493,0],[78.37562,13.95232,0],[78.37039,13.95679,0],[78.34692,13.9352,0],[78.33737,13.9371,0],[78.33146,13.91804,0],[78.31821,13.92082,0],[78.29935,13.90631,0],[78.29837,13.89378,0],[78.2895,13.89202,0],[78.28008,13.89795,0],[78.27282,13.89536,0],[78.27826,13.88951,0],[78.26793,13.87326,0],[78.26885,13.86756,0],[78.26318,13.86427,0],[78.26505,13.85768,0],[78.24268,13.85076,0],[78.24124,13.8457,0],[78.25661,13.83445,0],[78.25887,13.82383,0],[78.25495,13.82065,0],[78.25492,13.80686,0],[78.26308,13.79876,0],[78.26147,13.7914,0],[78.25121,13.79168,0],[78.23642,13.77964,0],[78.20851,13.78193,0],[78.18901,13.78934,0],[78.16408,13.7843,0],[78.15196,13.78649,0],[78.14793,13.78189,0],[78.12567,13.78656,0],[78.11748,13.76926,0],[78.10018,13.75899,0],[78.09173,13.74234,0],[78.10464,13.7366,0],[78.12098,13.71546,0],[78.1135,13.69252,0],[78.09239,13.69105,0],[78.07089,13.69849,0],[78.06966,13.69083,0],[78.07368,13.68753,0],[78.06618,13.67689,0],[78.0771,13.67355,0],[78.07769,13.66843,0],[78.08955,13.65983,0],[78.08732,13.64311,0],[78.09926,13.64333,0],[78.10237,13.65123,0],[78.11411,13.65752,0],[78.15608,13.65852,0],[78.16927,13.65384,0],[78.16838,13.6327,0],[78.20394,13.6284,0],[78.20288,13.60514,0],[78.19003,13.5895,0],[78.18974,13.57133,0],[78.19325,13.56445,0],[78.19618,13.56596,0],[78.2029,13.56829,0],[78.21961,13.59273,0],[78.23266,13.58602,0],[78.23731,13.59866,0],[78.2488,13.59132,0],[78.2593,13.58243,0],[78.27186,13.58824,0],[78.32615,13.59488,0],[78.35057,13.58691,0],[78.39327,13.59141,0],[78.40209,13.58747,0],[78.40183,13.57864,0],[78.40665,13.5769,0],[78.40145,13.56746,0],[78.42277,13.57551,0],[78.43438,13.5857,0],[78.46813,13.58533,0],[78.49889,13.57921,0],[78.52233,13.62301,0],[78.53878,13.62978,0],[78.52558,13.65467,0],[78.53068,13.65908,0],[78.55076,13.657,0],[78.5603,13.67661,0],[78.57056,13.68122,0],[78.5738,13.70678,0],[78.56972,13.72692,0],[78.55064,13.7494,0],[78.53686,13.78034,0],[78.55213,13.79277,0],[78.56487,13.83774,0],[78.57967,13.85751,0],[78.57848,13.88947,0],[78.58724,13.91286,0],[78.59921,13.96012,0],[78.58692,13.95857,0],[78.572,13.96324,0],[78.58493,13.98533,0],[78.57052,13.98449,0],[78.56411,13.9903,0],[78.54452,13.99104,0],[78.53952,13.98166,0],[78.52727,13.97845,0],[78.51866,13.96631,0],[78.50393,13.9591,0],[78.50127,13.94638,0],[78.4933,13.93791,0],[78.46835,13.9587,0],[78.46931,13.97441,0],[78.47577,13.98405,0],[78.4661,13.99486,0]]]}},{"type":"Feature","properties":{"stroke":"#ff0000","stroke-opacity":1,"fill-opacity":0,"ST_CODE":"28","ST_NAME":"ANDHRA PRADESH","DT_CODE":"22","DIST_NAME":"ANANTAPUR","AC_NO":157,"AC_NAME":"Hindupur","PC_NO":"37","PC_NAME":"HINDUPUR","PC_ID":"2837","Shape_Leng":"171173.75704400000","Shape_Area":"641918114.22700000000","MaxSimpTol":"300.00000000000","MinSimpTol":"300.00000000000","visibility":"0","STATUS":"Post bifurcation 2014, renumbered to 2019 seats"},"geometry":{"type":"Polygon","coordinates":[[[77.62073,13.93526,0],[77.6113,13.94444,0],[77.60214,13.93257,0],[77.58776,13.93865,0],[77.54175,13.92829,0],[77.52899,13.89431,0],[77.48548,13.85902,0],[77.47965,13.83465,0],[77.4515,13.80964,0],[77.46455,13.80814,0],[77.45641,13.78887,0],[77.46139,13.78843,0],[77.46515,13.75867,0],[77.47055,13.75805,0],[77.46503,13.73963,0],[77.46487,13.71095,0],[77.44992,13.71098,0],[77.45547,13.68266,0],[77.49107,13.68986,0],[77.4856,13.71522,0],[77.51434,13.71305,0],[77.51238,13.69728,0],[77.52505,13.69104,0],[77.52834,13.69304,0],[77.53437,13.70703,0],[77.53664,13.73064,0],[77.52195,13.74459,0],[77.52536,13.75329,0],[77.54086,13.75599,0],[77.54744,13.75294,0],[77.54929,13.74067,0],[77.56093,13.72237,0],[77.57168,13.73824,0],[77.58685,13.73353,0],[77.59997,13.7508,0],[77.61354,13.75209,0],[77.62443,13.73527,0],[77.64143,13.74199,0],[77.64146,13.74874,0],[77.6193,13.75519,0],[77.61759,13.76237,0],[77.62107,13.76847,0],[77.65129,13.7841,0],[77.68007,13.7868,0],[77.67996,13.77277,0],[77.67154,13.76051,0],[77.69518,13.77072,0],[77.70329,13.76981,0],[77.70846,13.74106,0],[77.71736,13.74111,0],[77.72222,13.76887,0],[77.71931,13.8003,0],[77.72929,13.80223,0],[77.74072,13.81244,0],[77.74793,13.8104,0],[77.76351,13.81726,0],[77.78153,13.81834,0],[77.78875,13.8232,0],[77.78908,13.83051,0],[77.78227,13.84412,0],[77.793,13.84898,0],[77.81202,13.84902,0],[77.82019,13.86325,0],[77.83706,13.86994,0],[77.82732,13.87448,0],[77.83553,13.881,0],[77.83256,13.89384,0],[77.81625,13.90342,0],[77.81378,13.92522,0],[77.81384,13.92686,0],[77.81384,13.92686,0],[77.78815,13.94129,0],[77.76719,13.92737,0],[77.73787,13.9363,0],[77.71561,13.93275,0],[77.69566,13.90889,0],[77.67681,13.90003,0],[77.66525,13.90605,0],[77.65415,13.90298,0],[77.64595,13.92901,0],[77.63035,13.92932,0],[77.62073,13.93526,0]]]}},{"type":"Feature","properties":{"stroke":"#ff0000","stroke-opacity":1,"fill-opacity":0,"ST_CODE":"28","ST_NAME":"ANDHRA PRADESH","DT_CODE":"23","DIST_NAME":"CHITTOOR","AC_NO":163,"AC_NAME":"Pileru","PC_NO":"41","PC_NAME":"RAJAMPET","PC_ID":"2841","Shape_Leng":"223623.74683399999","Shape_Area":"1484845167.29000000000","MaxSimpTol":"300.00000000000","MinSimpTol":"300.00000000000","visibility":"0","STATUS":"Post bifurcation 2014, renumbered to 2019 seats"},"geometry":{"type":"Polygon","coordinates":[[[78.58724,13.91286,0],[78.57848,13.88947,0],[78.57967,13.85751,0],[78.56487,13.83774,0],[78.55213,13.79277,0],[78.53686,13.78034,0],[78.55064,13.7494,0],[78.56972,13.72692,0],[78.5738,13.70678,0],[78.57056,13.68122,0],[78.57758,13.65296,0],[78.60162,13.62496,0],[78.60447,13.60762,0],[78.60035,13.59054,0],[78.61127,13.58138,0],[78.64182,13.57804,0],[78.68127,13.59567,0],[78.69836,13.59778,0],[78.71353,13.59121,0],[78.73422,13.57076,0],[78.78983,13.57106,0],[78.79138,13.58465,0],[78.78671,13.60363,0],[78.80676,13.6042,0],[78.83116,13.64436,0],[78.83729,13.64587,0],[78.84198,13.65928,0],[78.85685,13.65,0],[78.87866,13.62415,0],[78.87946,13.61747,0],[78.86521,13.59676,0],[78.86566,13.58809,0],[78.87404,13.57966,0],[78.90091,13.5671,0],[78.91857,13.57338,0],[78.93944,13.5739,0],[78.94694,13.58118,0],[78.95891,13.61001,0],[78.96655,13.6167,0],[78.99318,13.61787,0],[78.9905,13.64482,0],[78.97101,13.65579,0],[78.96843,13.66662,0],[78.95994,13.67421,0],[78.96173,13.69334,0],[78.968,13.70409,0],[78.9885,13.70695,0],[78.99758,13.69563,0],[79.01493,13.69386,0],[79.04159,13.7034,0],[79.04767,13.71359,0],[79.01888,13.72093,0],[79.02664,13.73115,0],[79.02523,13.74345,0],[79.02158,13.75215,0],[79.01009,13.75636,0],[79.00822,13.77347,0],[79.0196,13.78252,0],[79.02262,13.79074,0],[79.00485,13.79816,0],[78.99947,13.80569,0],[79.00567,13.83081,0],[79.02224,13.8315,0],[79.0272,13.83682,0],[79.01081,13.86022,0],[78.97916,13.89097,0],[78.94167,13.88519,0],[78.93576,13.89759,0],[78.91832,13.89738,0],[78.91765,13.88938,0],[78.89647,13.89845,0],[78.87195,13.8975,0],[78.85929,13.88662,0],[78.79815,13.88084,0],[78.78032,13.86423,0],[78.78851,13.85409,0],[78.78311,13.84281,0],[78.78383,13.82971,0],[78.7714,13.82753,0],[78.75905,13.83501,0],[78.75106,13.84829,0],[78.74591,13.87147,0],[78.74036,13.87038,0],[78.72908,13.88583,0],[78.71098,13.8885,0],[78.70612,13.88587,0],[78.70871,13.87727,0],[78.69811,13.87135,0],[78.64288,13.86784,0],[78.63938,13.87321,0],[78.64395,13.89205,0],[78.65402,13.8976,0],[78.65877,13.90854,0],[78.64986,13.90891,0],[78.63813,13.90153,0],[78.63568,13.90812,0],[78.62081,13.90721,0],[78.615,13.91306,0],[78.58724,13.91286,0]]]}},{"type":"Feature","properties":{"stroke":"#ff0000","stroke-opacity":1,"fill-opacity":0,"ST_CODE":"28","ST_NAME":"ANDHRA PRADESH","DT_CODE":"23","DIST_NAME":"CHITTOOR","AC_NO":168,"AC_NAME":"Srikalahasti","PC_NO":"40","PC_NAME":"TIRUPATI (SC)","PC_ID":"2840","Shape_Leng":"190600.57166900000","Shape_Area":"1076129498.08999990000","MaxSimpTol":"300.00000000000","MinSimpTol":"300.00000000000","visibility":"0","STATUS":"Post bifurcation 2014, renumbered to 2019 seats"},"geometry":{"type":"Polygon","coordinates":[[[79.4576,13.8969,0],[79.44333,13.89085,0],[79.43419,13.87682,0],[79.4383,13.85697,0],[79.45555,13.82573,0],[79.4583,13.8007,0],[79.47119,13.79828,0],[79.44922,13.781,0],[79.41985,13.78634,0],[79.41725,13.7659,0],[79.39774,13.76173,0],[79.39472,13.74008,0],[79.41095,13.70643,0],[79.42195,13.66359,0],[79.43286,13.64119,0],[79.45254,13.63454,0],[79.45809,13.62887,0],[79.45913,13.61888,0],[79.45492,13.60247,0],[79.43853,13.58538,0],[79.45149,13.56557,0],[79.47832,13.57232,0],[79.49873,13.5543,0],[79.51821,13.56654,0],[79.52329,13.58886,0],[79.53501,13.59335,0],[79.54948,13.58392,0],[79.55611,13.57069,0],[79.56703,13.57031,0],[79.58665,13.57939,0],[79.61974,13.60605,0],[79.65161,13.61343,0],[79.67213,13.64505,0],[79.68642,13.6911,0],[79.7124,13.69091,0],[79.71459,13.67901,0],[79.72129,13.67461,0],[79.73189,13.67657,0],[79.74988,13.68969,0],[79.75478,13.68876,0],[79.75779,13.6761,0],[79.77152,13.67614,0],[79.79325,13.69138,0],[79.78104,13.70746,0],[79.77302,13.75122,0],[79.76555,13.75099,0],[79.75406,13.72696,0],[79.73576,13.73841,0],[79.73829,13.7482,0],[79.75002,13.75669,0],[79.75139,13.76246,0],[79.74761,13.76866,0],[79.73703,13.76747,0],[79.7317,13.77149,0],[79.73498,13.78992,0],[79.72858,13.8257,0],[79.73363,13.86164,0],[79.72709,13.86346,0],[79.73112,13.89127,0],[79.72863,13.90526,0],[79.69447,13.91388,0],[79.68222,13.9254,0],[79.67847,13.92419,0],[79.67034,13.88581,0],[79.67391,13.87298,0],[79.66852,13.83595,0],[79.60948,13.85161,0],[79.61004,13.86043,0],[79.61876,13.86299,0],[79.62474,13.87257,0],[79.62317,13.88235,0],[79.61138,13.8888,0],[79.59427,13.88821,0],[79.59604,13.91185,0],[79.5926,13.9236,0],[79.55597,13.91555,0],[79.47826,13.91275,0],[79.47416,13.89984,0],[79.4576,13.8969,0]]]}},{"type":"Feature","properties":{"stroke":"#ff0000","stroke-opacity":1,"fill-opacity":0,"ST_CODE":"28","ST_NAME":"ANDHRA PRADESH","DT_CODE":"23","DIST_NAME":"CHITTOOR","AC_NO":166,"AC_NAME":"Chandragiri","PC_NO":"42","PC_NAME":"CHITTOOR (SC)","PC_ID":"2842","Shape_Leng":"272043.45068600000","Shape_Area":"1312604588.66000010000","MaxSimpTol":"300.00000000000","MinSimpTol":"300.00000000000","visibility":"0","STATUS":"Post bifurcation 2014, renumbered to 2019 seats"},"geometry":{"type":"Polygon","coordinates":[[[78.99869,13.91011,0],[78.98944,13.9123,0],[78.98378,13.89236,0],[78.97916,13.89097,0],[79.01081,13.86022,0],[79.0272,13.83682,0],[79.02224,13.8315,0],[79.00567,13.83081,0],[78.99947,13.80569,0],[79.00485,13.79816,0],[79.02262,13.79074,0],[79.0196,13.78252,0],[79.00822,13.77347,0],[79.01009,13.75636,0],[79.02158,13.75215,0],[79.02523,13.74345,0],[79.02664,13.73115,0],[79.01888,13.72093,0],[79.04767,13.71359,0],[79.07308,13.70784,0],[79.07065,13.69583,0],[79.06478,13.66994,0],[79.04607,13.64158,0],[79.04008,13.59766,0],[79.15599,13.58841,0],[79.15058,13.5209,0],[79.13708,13.50331,0],[79.12088,13.50463,0],[79.09632,13.49746,0],[79.08856,13.50071,0],[79.08861,13.52363,0],[79.05378,13.50903,0],[79.04,13.51142,0],[79.02699,13.50065,0],[79.02003,13.50175,0],[79.01263,13.50967,0],[79.00174,13.50862,0],[78.98635,13.49918,0],[78.97616,13.48395,0],[78.99465,13.46929,0],[79.03186,13.45478,0],[79.03737,13.42717,0],[79.06163,13.43902,0],[79.06574,13.43275,0],[79.07316,13.43092,0],[79.07588,13.41504,0],[79.09501,13.41167,0],[79.10605,13.40449,0],[79.12058,13.40599,0],[79.12396,13.40018,0],[79.13947,13.39357,0],[79.15803,13.3986,0],[79.17613,13.39462,0],[79.1822,13.39997,0],[79.18354,13.41102,0],[79.21732,13.4048,0],[79.23327,13.4104,0],[79.22639,13.41958,0],[79.20122,13.42493,0],[79.19718,13.43114,0],[79.22654,13.43453,0],[79.23909,13.45809,0],[79.28149,13.46923,0],[79.35948,13.47934,0],[79.36944,13.46031,0],[79.41736,13.47744,0],[79.42512,13.4847,0],[79.42529,13.49134,0],[79.43813,13.50887,0],[79.43616,13.53086,0],[79.42278,13.53741,0],[79.4257,13.55195,0],[79.4338,13.55664,0],[79.4529,13.55762,0],[79.45149,13.56557,0],[79.43853,13.58538,0],[79.45492,13.60247,0],[79.45913,13.61888,0],[79.43478,13.62039,0],[79.42575,13.6063,0],[79.40057,13.59556,0],[79.37325,13.59991,0],[79.35388,13.60924,0],[79.32613,13.60328,0],[79.27348,13.60471,0],[79.24922,13.6418,0],[79.23946,13.69612,0],[79.24211,13.71859,0],[79.25877,13.76089,0],[79.2414,13.76097,0],[79.24118,13.75166,0],[79.22562,13.75707,0],[79.21824,13.77314,0],[79.20372,13.78073,0],[79.19135,13.79383,0],[79.19451,13.80365,0],[79.20285,13.80972,0],[79.21119,13.80678,0],[79.21602,13.81258,0],[79.17815,13.83808,0],[79.17202,13.84775,0],[79.15718,13.85399,0],[79.14844,13.86621,0],[79.12598,13.85017,0],[79.09651,13.85065,0],[79.08265,13.87932,0],[79.02949,13.88936,0],[79.02385,13.89518,0],[79.02359,13.90326,0],[79.00254,13.91031,0],[78.99869,13.91011,0]]]}},{"type":"Feature","properties":{"stroke":"#ff0000","stroke-opacity":1,"fill-opacity":0,"ST_CODE":"28","ST_NAME":"ANDHRA PRADESH","DT_CODE":"23","DIST_NAME":"CHITTOOR","AC_NO":169,"AC_NAME":"Satyavedu (SC)","PC_NO":"40","PC_NAME":"TIRUPATI (SC)","PC_ID":"2840","Shape_Leng":"295121.47232700000","Shape_Area":"1838791139.26000000000","MaxSimpTol":"300.00000000000","MinSimpTol":"300.00000000000","visibility":"0","STATUS":"Post bifurcation 2014, renumbered to 2019 seats"},"geometry":{"type":"Polygon","coordinates":[[[79.73881,13.85835,0],[79.73363,13.86164,0],[79.72858,13.8257,0],[79.73498,13.78992,0],[79.7317,13.77149,0],[79.73703,13.76747,0],[79.74761,13.76866,0],[79.75139,13.76246,0],[79.75002,13.75669,0],[79.73829,13.7482,0],[79.73576,13.73841,0],[79.75406,13.72696,0],[79.76555,13.75099,0],[79.77302,13.75122,0],[79.78104,13.70746,0],[79.79325,13.69138,0],[79.77152,13.67614,0],[79.75779,13.6761,0],[79.75478,13.68876,0],[79.74988,13.68969,0],[79.73189,13.67657,0],[79.72129,13.67461,0],[79.71459,13.67901,0],[79.7124,13.69091,0],[79.68642,13.6911,0],[79.67213,13.64505,0],[79.65161,13.61343,0],[79.61974,13.60605,0],[79.58665,13.57939,0],[79.56703,13.57031,0],[79.55611,13.57069,0],[79.54149,13.52676,0],[79.54128,13.51386,0],[79.55568,13.48088,0],[79.55127,13.47144,0],[79.56294,13.4698,0],[79.57035,13.45504,0],[79.57669,13.39653,0],[79.58441,13.40089,0],[79.63122,13.4074,0],[79.64389,13.40166,0],[79.66288,13.40705,0],[79.66919,13.41464,0],[79.67371,13.43754,0],[79.68471,13.44494,0],[79.69374,13.44464,0],[79.70079,13.44166,0],[79.70024,13.41921,0],[79.71707,13.40425,0],[79.71917,13.35697,0],[79.73403,13.35063,0],[79.74421,13.33118,0],[79.76193,13.31837,0],[79.77633,13.3062,0],[79.781,13.30635,0],[79.78464,13.29748,0],[79.79155,13.29402,0],[79.79846,13.2988,0],[79.80917,13.31733,0],[79.84713,13.31601,0],[79.8554,13.32069,0],[79.86233,13.31717,0],[79.86824,13.33214,0],[79.8829,13.32334,0],[79.88231,13.33416,0],[79.89313,13.33546,0],[79.9145,13.34817,0],[79.91522,13.36046,0],[79.92864,13.35636,0],[79.93129,13.35153,0],[79.93512,13.3534,0],[79.94575,13.36422,0],[79.94914,13.37697,0],[79.94604,13.3809,0],[79.95793,13.37882,0],[79.96318,13.39344,0],[79.94411,13.39665,0],[79.94159,13.40017,0],[79.94578,13.40733,0],[79.93447,13.41637,0],[79.94166,13.41668,0],[79.93976,13.42428,0],[79.95491,13.42536,0],[79.95784,13.42208,0],[79.97323,13.42936,0],[79.97244,13.46895,0],[79.9823,13.47068,0],[79.98918,13.48547,0],[80.00498,13.49514,0],[80.01157,13.49681,0],[80.01242,13.48583,0],[80.01559,13.49986,0],[80.04629,13.4951,0],[80.04839,13.51227,0],[80.03549,13.51833,0],[80.02715,13.51372,0],[80.01949,13.51927,0],[80.01762,13.52958,0],[80.00049,13.5257,0],[79.99407,13.54548,0],[80.00048,13.54219,0],[80.01686,13.5472,0],[80.02392,13.54604,0],[80.02841,13.53884,0],[80.03796,13.53899,0],[80.03938,13.55561,0],[80.05129,13.55832,0],[80.04738,13.57306,0],[80.02208,13.57649,0],[80.02356,13.59297,0],[80.01698,13.59503,0],[80.01692,13.60363,0],[80.01154,13.60526,0],[80.00441,13.61725,0],[80.00008,13.64334,0],[79.99176,13.6469,0],[79.97601,13.64274,0],[79.96467,13.65072,0],[79.95743,13.66697,0],[79.97275,13.68807,0],[79.95724,13.70035,0],[79.95739,13.70821,0],[79.88551,13.70083,0],[79.88143,13.70539,0],[79.86999,13.70691,0],[79.86265,13.71916,0],[79.86668,13.73578,0],[79.85774,13.74056,0],[79.8609,13.75539,0],[79.85062,13.75855,0],[79.85067,13.76969,0],[79.8645,13.77189,0],[79.87499,13.78274,0],[79.87256,13.79208,0],[79.88143,13.84168,0],[79.87872,13.85664,0],[79.86086,13.87015,0],[79.85471,13.8677,0],[79.84913,13.85539,0],[79.84208,13.85591,0],[79.83519,13.86251,0],[79.83345,13.88333,0],[79.82811,13.88469,0],[79.82772,13.89467,0],[79.8133,13.91055,0],[79.80925,13.9258,0],[79.79527,13.92036,0],[79.78586,13.90549,0],[79.78721,13.87292,0],[79.78272,13.8658,0],[79.77611,13.86555,0],[79.77243,13.85285,0],[79.73881,13.85835,0]]]}},{"type":"Feature","properties":{"stroke":"#ff0000","stroke-opacity":1,"fill-opacity":0,"ST_CODE":"28","ST_NAME":"ANDHRA PRADESH","DT_CODE":"23","DIST_NAME":"CHITTOOR","AC_NO":167,"AC_NAME":"Tirupati","PC_NO":"40","PC_NAME":"TIRUPATI (SC)","PC_ID":"2840","Shape_Leng":"77351.15036489999","Shape_Area":"296417127.84399998000","MaxSimpTol":"300.00000000000","MinSimpTol":"300.00000000000","visibility":"0","STATUS":"Post bifurcation 2014, renumbered to 2019 seats"},"geometry":{"type":"Polygon","coordinates":[[[79.25877,13.76089,0],[79.24211,13.71859,0],[79.23946,13.69612,0],[79.24922,13.6418,0],[79.27348,13.60471,0],[79.32613,13.60328,0],[79.35388,13.60924,0],[79.37325,13.59991,0],[79.40057,13.59556,0],[79.42575,13.6063,0],[79.43478,13.62039,0],[79.45913,13.61888,0],[79.45809,13.62887,0],[79.45254,13.63454,0],[79.43286,13.64119,0],[79.42195,13.66359,0],[79.41095,13.70643,0],[79.39472,13.74008,0],[79.39774,13.76173,0],[79.37214,13.75536,0],[79.30579,13.72419,0],[79.29334,13.7598,0],[79.25877,13.76089,0]]]}},{"type":"Feature","properties":{"stroke":"#ff0000","stroke-opacity":1,"fill-opacity":0,"ST_CODE":"28","ST_NAME":"ANDHRA PRADESH","DT_CODE":"23","DIST_NAME":"CHITTOOR","AC_NO":165,"AC_NAME":"Punganur","PC_NO":"41","PC_NAME":"RAJAMPET","PC_ID":"2841","Shape_Leng":"292280.57989300002","Shape_Area":"1395238251.55999990000","MaxSimpTol":"300.00000000000","MinSimpTol":"300.00000000000","visibility":"0","STATUS":"Post bifurcation 2014, renumbered to 2019 seats"},"geometry":{"type":"Polygon","coordinates":[[[79.07065,13.69583,0],[79.07308,13.70784,0],[79.04767,13.71359,0],[79.04159,13.7034,0],[79.01493,13.69386,0],[78.99758,13.69563,0],[78.9885,13.70695,0],[78.968,13.70409,0],[78.96173,13.69334,0],[78.95994,13.67421,0],[78.96843,13.66662,0],[78.97101,13.65579,0],[78.9905,13.64482,0],[78.99318,13.61787,0],[78.96655,13.6167,0],[78.95891,13.61001,0],[78.94694,13.58118,0],[78.93944,13.5739,0],[78.91857,13.57338,0],[78.90091,13.5671,0],[78.87404,13.57966,0],[78.86566,13.58809,0],[78.86521,13.59676,0],[78.87946,13.61747,0],[78.87866,13.62415,0],[78.85685,13.65,0],[78.84198,13.65928,0],[78.83729,13.64587,0],[78.83116,13.64436,0],[78.80676,13.6042,0],[78.78671,13.60363,0],[78.79138,13.58465,0],[78.78983,13.57106,0],[78.73422,13.57076,0],[78.73651,13.5398,0],[78.7306,13.51351,0],[78.67931,13.48181,0],[78.6748,13.46713,0],[78.6702,13.46508,0],[78.66878,13.4523,0],[78.66332,13.44756,0],[78.65259,13.45803,0],[78.65579,13.48395,0],[78.63882,13.49909,0],[78.62872,13.49697,0],[78.61582,13.48258,0],[78.60349,13.47962,0],[78.59887,13.48739,0],[78.57349,13.50509,0],[78.54934,13.48145,0],[78.50315,13.46518,0],[78.48553,13.44104,0],[78.49458,13.43372,0],[78.5128,13.43444,0],[78.51324,13.41852,0],[78.52425,13.41148,0],[78.52778,13.39311,0],[78.53568,13.38934,0],[78.53889,13.37537,0],[78.54994,13.36393,0],[78.55123,13.34748,0],[78.5426,13.34081,0],[78.52603,13.34395,0],[78.52384,13.33871,0],[78.51152,13.33638,0],[78.50106,13.31909,0],[78.48352,13.31793,0],[78.47914,13.30174,0],[78.49876,13.30022,0],[78.50396,13.29209,0],[78.51371,13.29072,0],[78.51286,13.28538,0],[78.51931,13.28283,0],[78.52103,13.2736,0],[78.53082,13.26689,0],[78.53593,13.27321,0],[78.53821,13.28843,0],[78.55407,13.28378,0],[78.5614,13.289,0],[78.56512,13.31168,0],[78.57435,13.29787,0],[78.60109,13.32689,0],[78.60711,13.3474,0],[78.61221,13.34709,0],[78.62177,13.32893,0],[78.63045,13.32568,0],[78.64264,13.32911,0],[78.66066,13.31434,0],[78.67053,13.324,0],[78.66306,13.33887,0],[78.68669,13.34829,0],[78.69224,13.36706,0],[78.72809,13.35465,0],[78.75406,13.35562,0],[78.76727,13.3268,0],[78.79022,13.32809,0],[78.82033,13.31898,0],[78.87384,13.31372,0],[78.88554,13.31884,0],[78.91468,13.35782,0],[78.92701,13.38811,0],[78.92946,13.41128,0],[78.91744,13.43723,0],[78.94554,13.45416,0],[78.96469,13.48097,0],[78.97616,13.48395,0],[78.98635,13.49918,0],[79.00174,13.50862,0],[79.01263,13.50967,0],[79.02003,13.50175,0],[79.02699,13.50065,0],[79.04,13.51142,0],[79.05378,13.50903,0],[79.08861,13.52363,0],[79.08856,13.50071,0],[79.09632,13.49746,0],[79.12088,13.50463,0],[79.13708,13.50331,0],[79.15058,13.5209,0],[79.15599,13.58841,0],[79.04008,13.59766,0],[79.04607,13.64158,0],[79.06478,13.66994,0],[79.07065,13.69583,0]]]}},{"type":"Feature","properties":{"stroke":"#ff0000","stroke-opacity":1,"fill-opacity":0,"ST_CODE":"28","ST_NAME":"ANDHRA PRADESH","DT_CODE":"23","DIST_NAME":"CHITTOOR","AC_NO":164,"AC_NAME":"Madanapalle","PC_NO":"41","PC_NAME":"RAJAMPET","PC_ID":"2841","Shape_Leng":"181782.34674300000","Shape_Area":"746594952.32799995000","MaxSimpTol":"300.00000000000","MinSimpTol":"300.00000000000","visibility":"0","STATUS":"Post bifurcation 2014, renumbered to 2019 seats"},"geometry":{"type":"Polygon","coordinates":[[[78.57056,13.68122,0],[78.5603,13.67661,0],[78.55076,13.657,0],[78.53068,13.65908,0],[78.52558,13.65467,0],[78.53878,13.62978,0],[78.52233,13.62301,0],[78.49889,13.57921,0],[78.46813,13.58533,0],[78.43438,13.5857,0],[78.42277,13.57551,0],[78.40145,13.56746,0],[78.39385,13.55234,0],[78.39401,13.5408,0],[78.38236,13.5251,0],[78.38415,13.51724,0],[78.37441,13.50908,0],[78.37877,13.48209,0],[78.37081,13.46957,0],[78.37895,13.44011,0],[78.37558,13.43742,0],[78.38165,13.39702,0],[78.37895,13.38389,0],[78.36505,13.36184,0],[78.36965,13.3583,0],[78.37761,13.36319,0],[78.39483,13.35437,0],[78.39318,13.35078,0],[78.40838,13.34573,0],[78.40347,13.33611,0],[78.38485,13.33493,0],[78.38766,13.34284,0],[78.383,13.34363,0],[78.37823,13.33723,0],[78.37713,13.33202,0],[78.38736,13.33213,0],[78.40117,13.31553,0],[78.41885,13.32062,0],[78.42174,13.32831,0],[78.42793,13.33133,0],[78.44037,13.32847,0],[78.44379,13.30843,0],[78.46664,13.31516,0],[78.47688,13.32268,0],[78.48352,13.31793,0],[78.50106,13.31909,0],[78.51152,13.33638,0],[78.52384,13.33871,0],[78.52603,13.34395,0],[78.5426,13.34081,0],[78.55123,13.34748,0],[78.54994,13.36393,0],[78.53889,13.37537,0],[78.53568,13.38934,0],[78.52778,13.39311,0],[78.52425,13.41148,0],[78.51324,13.41852,0],[78.5128,13.43444,0],[78.49458,13.43372,0],[78.48553,13.44104,0],[78.50315,13.46518,0],[78.54934,13.48145,0],[78.57349,13.50509,0],[78.59887,13.48739,0],[78.60349,13.47962,0],[78.61582,13.48258,0],[78.62872,13.49697,0],[78.63882,13.49909,0],[78.65579,13.48395,0],[78.65259,13.45803,0],[78.66332,13.44756,0],[78.66878,13.4523,0],[78.6702,13.46508,0],[78.6748,13.46713,0],[78.67931,13.48181,0],[78.7306,13.51351,0],[78.73651,13.5398,0],[78.73422,13.57076,0],[78.71353,13.59121,0],[78.69836,13.59778,0],[78.68127,13.59567,0],[78.64182,13.57804,0],[78.61127,13.58138,0],[78.60035,13.59054,0],[78.60447,13.60762,0],[78.60162,13.62496,0],[78.57758,13.65296,0],[78.57056,13.68122,0]]]}},{"type":"Feature","properties":{"stroke":"#ff0000","stroke-opacity":1,"fill-opacity":0,"ST_CODE":"28","ST_NAME":"ANDHRA PRADESH","DT_CODE":"23","DIST_NAME":"CHITTOOR","AC_NO":170,"AC_NAME":"Nagari","PC_NO":"42","PC_NAME":"CHITTOOR (SC)","PC_ID":"2842","Shape_Leng":"226949.66271300000","Shape_Area":"609614068.57799995000","MaxSimpTol":"300.00000000000","MinSimpTol":"300.00000000000","visibility":"0","STATUS":"Post bifurcation 2014, renumbered to 2019 seats"},"geometry":{"type":"Polygon","coordinates":[[[79.45149,13.56557,0],[79.4529,13.55762,0],[79.4338,13.55664,0],[79.4257,13.55195,0],[79.42278,13.53741,0],[79.43616,13.53086,0],[79.43813,13.50887,0],[79.42529,13.49134,0],[79.42512,13.4847,0],[79.45876,13.47981,0],[79.47943,13.49177,0],[79.48479,13.48026,0],[79.51064,13.47318,0],[79.50764,13.46753,0],[79.47973,13.46363,0],[79.47847,13.45847,0],[79.48848,13.44651,0],[79.49053,13.43211,0],[79.48367,13.42509,0],[79.47104,13.43007,0],[79.46558,13.42408,0],[79.4717,13.41417,0],[79.46375,13.40047,0],[79.46888,13.3815,0],[79.47345,13.37637,0],[79.48803,13.37963,0],[79.48871,13.36061,0],[79.4971,13.35277,0],[79.48262,13.34077,0],[79.49988,13.34823,0],[79.49746,13.3325,0],[79.51005,13.3342,0],[79.51105,13.34199,0],[79.5259,13.34441,0],[79.53931,13.33463,0],[79.53932,13.3219,0],[79.54407,13.31681,0],[79.53483,13.3014,0],[79.5412,13.29246,0],[79.53494,13.28465,0],[79.53513,13.27499,0],[79.55837,13.27275,0],[79.57392,13.25907,0],[79.58253,13.25737,0],[79.59315,13.26472,0],[79.59555,13.28469,0],[79.60865,13.28752,0],[79.60605,13.27958,0],[79.61408,13.28273,0],[79.6316,13.26973,0],[79.63323,13.28241,0],[79.63843,13.28752,0],[79.64123,13.27561,0],[79.64245,13.29018,0],[79.65176,13.29186,0],[79.6578,13.28388,0],[79.66384,13.28979,0],[79.66535,13.27874,0],[79.67425,13.28197,0],[79.67825,13.29746,0],[79.68289,13.29558,0],[79.68122,13.28802,0],[79.69386,13.27984,0],[79.69363,13.2735,0],[79.68876,13.27095,0],[79.69572,13.26731,0],[79.69109,13.26101,0],[79.68767,13.26673,0],[79.67826,13.26168,0],[79.68406,13.24329,0],[79.68967,13.23772,0],[79.69644,13.23823,0],[79.69339,13.24273,0],[79.70001,13.25227,0],[79.70776,13.25054,0],[79.71367,13.23599,0],[79.70665,13.23469,0],[79.70139,13.22515,0],[79.71288,13.21746,0],[79.72176,13.22369,0],[79.73194,13.22262,0],[79.73212,13.23676,0],[79.73761,13.23627,0],[79.74943,13.21974,0],[79.75161,13.20676,0],[79.75981,13.20747,0],[79.76422,13.21914,0],[79.77386,13.21924,0],[79.77544,13.21533,0],[79.77792,13.22361,0],[79.78475,13.22793,0],[79.79446,13.22635,0],[79.7947,13.24213,0],[79.76117,13.25832,0],[79.73062,13.28289,0],[79.73401,13.28904,0],[79.7442,13.28861,0],[79.75632,13.2952,0],[79.76193,13.31837,0],[79.74421,13.33118,0],[79.73403,13.35063,0],[79.71917,13.35697,0],[79.71707,13.40425,0],[79.70024,13.41921,0],[79.70079,13.44166,0],[79.69374,13.44464,0],[79.68471,13.44494,0],[79.67371,13.43754,0],[79.66919,13.41464,0],[79.66288,13.40705,0],[79.64389,13.40166,0],[79.63122,13.4074,0],[79.58441,13.40089,0],[79.57669,13.39653,0],[79.57035,13.45504,0],[79.56294,13.4698,0],[79.55127,13.47144,0],[79.55568,13.48088,0],[79.54128,13.51386,0],[79.54149,13.52676,0],[79.55611,13.57069,0],[79.54948,13.58392,0],[79.53501,13.59335,0],[79.52329,13.58886,0],[79.51821,13.56654,0],[79.49873,13.5543,0],[79.47832,13.57232,0],[79.45149,13.56557,0]]]}},{"type":"Feature","properties":{"stroke":"#ff0000","stroke-opacity":1,"fill-opacity":0,"ST_CODE":"28","ST_NAME":"ANDHRA PRADESH","DT_CODE":"23","DIST_NAME":"CHITTOOR","AC_NO":173,"AC_NAME":"Puthalapattu (SC)","PC_NO":"42","PC_NAME":"CHITTOOR (SC)","PC_ID":"2842","Shape_Leng":"189816.75197899999","Shape_Area":"1027250957.41000000000","MaxSimpTol":"300.00000000000","MinSimpTol":"300.00000000000","visibility":"0","STATUS":"Post bifurcation 2014, renumbered to 2019 seats"},"geometry":{"type":"Polygon","coordinates":[[[79.13947,13.39357,0],[79.12396,13.40018,0],[79.12058,13.40599,0],[79.10605,13.40449,0],[79.09501,13.41167,0],[79.07588,13.41504,0],[79.07316,13.43092,0],[79.06574,13.43275,0],[79.06163,13.43902,0],[79.03737,13.42717,0],[79.03186,13.45478,0],[78.99465,13.46929,0],[78.97616,13.48395,0],[78.96469,13.48097,0],[78.94554,13.45416,0],[78.91744,13.43723,0],[78.92946,13.41128,0],[78.92701,13.38811,0],[78.91468,13.35782,0],[78.88554,13.31884,0],[78.87384,13.31372,0],[78.82033,13.31898,0],[78.81945,13.29154,0],[78.80335,13.27813,0],[78.80249,13.26602,0],[78.82268,13.25324,0],[78.83062,13.23099,0],[78.85997,13.22435,0],[78.85302,13.21479,0],[78.82652,13.20566,0],[78.81089,13.19415,0],[78.79372,13.19139,0],[78.79389,13.1717,0],[78.80372,13.15329,0],[78.80242,13.10891,0],[78.81367,13.08905,0],[78.84201,13.07865,0],[78.86108,13.08371,0],[78.87094,13.08193,0],[78.86977,13.08956,0],[78.87506,13.09686,0],[78.89564,13.09523,0],[78.88892,13.0734,0],[78.89161,13.0331,0],[78.9291,13.03654,0],[78.93703,13.03047,0],[78.94075,13.03647,0],[78.92914,13.0458,0],[78.91748,13.04366,0],[78.90364,13.04775,0],[78.91257,13.06597,0],[78.92171,13.06613,0],[78.92391,13.08085,0],[78.94145,13.07856,0],[78.94917,13.08403,0],[78.95542,13.07588,0],[78.96211,13.07877,0],[78.97025,13.07475,0],[78.97227,13.08384,0],[78.98249,13.08644,0],[79.00635,13.08247,0],[79.02095,13.08787,0],[79.05816,13.11961,0],[79.06055,13.13686,0],[79.05353,13.14401,0],[79.0616,13.15071,0],[79.07034,13.1687,0],[79.07065,13.18044,0],[79.06616,13.18533,0],[79.04818,13.1888,0],[79.04864,13.2052,0],[79.02933,13.20375,0],[79.0321,13.21893,0],[79.04053,13.22922,0],[79.05961,13.23711,0],[79.06285,13.27029,0],[79.10409,13.26336,0],[79.11038,13.28965,0],[79.09333,13.30754,0],[79.09328,13.31386,0],[79.10745,13.32884,0],[79.13169,13.34302,0],[79.12988,13.36498,0],[79.13947,13.39357,0]]]}},{"type":"Feature","properties":{"stroke":"#ff0000","stroke-opacity":1,"fill-opacity":0,"ST_CODE":"28","ST_NAME":"ANDHRA PRADESH","DT_CODE":"23","DIST_NAME":"CHITTOOR","AC_NO":171,"AC_NAME":"Gangadhara Nellore (SC)","PC_NO":"42","PC_NAME":"CHITTOOR (SC)","PC_ID":"2842","Shape_Leng":"251013.03093000001","Shape_Area":"1111797004.00000000000","MaxSimpTol":"300.00000000000","MinSimpTol":"300.00000000000","visibility":"0","STATUS":"Post bifurcation 2014, renumbered to 2019 seats"},"geometry":{"type":"Polygon","coordinates":[[[79.42512,13.4847,0],[79.41736,13.47744,0],[79.36944,13.46031,0],[79.35948,13.47934,0],[79.28149,13.46923,0],[79.23909,13.45809,0],[79.22654,13.43453,0],[79.19718,13.43114,0],[79.20122,13.42493,0],[79.22639,13.41958,0],[79.23327,13.4104,0],[79.21732,13.4048,0],[79.18354,13.41102,0],[79.1822,13.39997,0],[79.17613,13.39462,0],[79.15803,13.3986,0],[79.13947,13.39357,0],[79.12988,13.36498,0],[79.13169,13.34302,0],[79.10745,13.32884,0],[79.09328,13.31386,0],[79.09333,13.30754,0],[79.11038,13.28965,0],[79.10409,13.26336,0],[79.12292,13.2585,0],[79.12248,13.20486,0],[79.14701,13.21125,0],[79.16147,13.20629,0],[79.1726,13.21108,0],[79.18972,13.1945,0],[79.19828,13.20063,0],[79.20671,13.19899,0],[79.21375,13.18697,0],[79.20234,13.1724,0],[79.21442,13.15653,0],[79.22729,13.15564,0],[79.22558,13.15889,0],[79.23387,13.17003,0],[79.24266,13.17103,0],[79.24205,13.14966,0],[79.24493,13.14885,0],[79.24016,13.14439,0],[79.24525,13.1383,0],[79.25462,13.147,0],[79.25494,13.16072,0],[79.26132,13.15977,0],[79.26309,13.14879,0],[79.27525,13.15633,0],[79.28119,13.15367,0],[79.28378,13.12289,0],[79.31305,13.12571,0],[79.29941,13.11883,0],[79.30206,13.11374,0],[79.29448,13.10979,0],[79.30717,13.10594,0],[79.31041,13.11217,0],[79.31899,13.11367,0],[79.31164,13.11587,0],[79.32426,13.11864,0],[79.31857,13.12279,0],[79.32896,13.13079,0],[79.33983,13.13052,0],[79.34095,13.13694,0],[79.34479,13.13719,0],[79.34531,13.12163,0],[79.35749,13.12194,0],[79.36565,13.13408,0],[79.36111,13.13867,0],[79.35684,13.16506,0],[79.38023,13.16307,0],[79.38068,13.17075,0],[79.37033,13.17457,0],[79.37276,13.17869,0],[79.38878,13.17965,0],[79.37417,13.18937,0],[79.39178,13.19202,0],[79.39907,13.18821,0],[79.41044,13.19452,0],[79.41033,13.19076,0],[79.43896,13.18788,0],[79.43241,13.19636,0],[79.44371,13.20766,0],[79.43563,13.21386,0],[79.4376,13.21976,0],[79.45324,13.21679,0],[79.45283,13.23858,0],[79.44181,13.23866,0],[79.43944,13.23067,0],[79.43048,13.22981,0],[79.43981,13.23624,0],[79.4308,13.23657,0],[79.43797,13.24318,0],[79.41843,13.24291,0],[79.41648,13.24651,0],[79.42262,13.25074,0],[79.41682,13.25172,0],[79.41614,13.26044,0],[79.40839,13.2653,0],[79.41755,13.2718,0],[79.4337,13.27502,0],[79.43469,13.28909,0],[79.44627,13.29164,0],[79.44539,13.30128,0],[79.4305,13.30027,0],[79.4188,13.28978,0],[79.41872,13.29702,0],[79.41376,13.30018,0],[79.3898,13.29746,0],[79.38862,13.30981,0],[79.38185,13.30752,0],[79.38284,13.31211,0],[79.38777,13.31808,0],[79.40198,13.31738,0],[79.39832,13.33023,0],[79.40532,13.33507,0],[79.41468,13.33006,0],[79.42095,13.33631,0],[79.43163,13.33674,0],[79.43539,13.35173,0],[79.45622,13.33859,0],[79.48262,13.34077,0],[79.4971,13.35277,0],[79.48871,13.36061,0],[79.48803,13.37963,0],[79.47345,13.37637,0],[79.46888,13.3815,0],[79.46375,13.40047,0],[79.4717,13.41417,0],[79.46558,13.42408,0],[79.47104,13.43007,0],[79.48367,13.42509,0],[79.49053,13.43211,0],[79.48848,13.44651,0],[79.47847,13.45847,0],[79.47973,13.46363,0],[79.50764,13.46753,0],[79.51064,13.47318,0],[79.48479,13.48026,0],[79.47943,13.49177,0],[79.45876,13.47981,0],[79.42512,13.4847,0]]]}},{"type":"Feature","properties":{"stroke":"#ff0000","stroke-opacity":1,"fill-opacity":0,"ST_CODE":"28","ST_NAME":"ANDHRA PRADESH","DT_CODE":"23","DIST_NAME":"CHITTOOR","AC_NO":174,"AC_NAME":"Palamaner","PC_NO":"42","PC_NAME":"CHITTOOR (SC)","PC_ID":"2842","Shape_Leng":"224269.17523900000","Shape_Area":"1162994167.21000000000","MaxSimpTol":"300.00000000000","MinSimpTol":"300.00000000000","visibility":"0","STATUS":"Post bifurcation 2014, renumbered to 2019 seats"},"geometry":{"type":"Polygon","coordinates":[[[78.72809,13.35465,0],[78.69224,13.36706,0],[78.68669,13.34829,0],[78.66306,13.33887,0],[78.67053,13.324,0],[78.66066,13.31434,0],[78.64264,13.32911,0],[78.63045,13.32568,0],[78.62177,13.32893,0],[78.61221,13.34709,0],[78.60711,13.3474,0],[78.60109,13.32689,0],[78.57435,13.29787,0],[78.57624,13.28518,0],[78.57862,13.28091,0],[78.58714,13.28077,0],[78.58785,13.27135,0],[78.58494,13.26149,0],[78.57105,13.24691,0],[78.56639,13.22252,0],[78.5774,13.21841,0],[78.57932,13.21265,0],[78.57128,13.21196,0],[78.56702,13.201,0],[78.55038,13.20024,0],[78.55019,13.19022,0],[78.56762,13.19303,0],[78.57605,13.187,0],[78.58008,13.16726,0],[78.57284,13.16846,0],[78.56853,13.16212,0],[78.55061,13.16446,0],[78.54086,13.15438,0],[78.54761,13.14894,0],[78.54574,13.14229,0],[78.53145,13.14179,0],[78.52428,13.131,0],[78.51802,13.13107,0],[78.5194,13.11991,0],[78.5378,13.10583,0],[78.5247,13.10119,0],[78.52383,13.09481,0],[78.51637,13.09689,0],[78.51008,13.09241,0],[78.50879,13.07907,0],[78.51515,13.07183,0],[78.51569,13.06271,0],[78.49768,13.06215,0],[78.48765,13.05282,0],[78.47825,13.0552,0],[78.47432,13.04404,0],[78.4615,13.04372,0],[78.46045,13.0263,0],[78.46293,13.00582,0],[78.47471,12.99147,0],[78.46736,12.97505,0],[78.43524,12.98107,0],[78.43263,12.96783,0],[78.43789,12.96401,0],[78.42907,12.95749,0],[78.41919,12.95871,0],[78.42031,12.94777,0],[78.41108,12.94551,0],[78.41875,12.92175,0],[78.42811,12.93212,0],[78.43794,12.92904,0],[78.44338,12.92154,0],[78.46208,12.9381,0],[78.47494,12.94315,0],[78.49294,12.93535,0],[78.51876,12.93885,0],[78.53905,12.93046,0],[78.59117,12.92116,0],[78.60387,12.9223,0],[78.60558,12.93828,0],[78.61201,12.94222,0],[78.63356,12.93089,0],[78.65224,12.92916,0],[78.65699,12.93217,0],[78.63803,12.96481,0],[78.64713,12.96631,0],[78.62087,12.99129,0],[78.65541,13.01599,0],[78.65619,13.03124,0],[78.70463,13.01636,0],[78.71326,13.06915,0],[78.74054,13.06411,0],[78.75176,13.05498,0],[78.79435,13.06669,0],[78.7976,13.07489,0],[78.81367,13.08905,0],[78.80242,13.10891,0],[78.80372,13.15329,0],[78.79389,13.1717,0],[78.79372,13.19139,0],[78.81089,13.19415,0],[78.82652,13.20566,0],[78.85302,13.21479,0],[78.85997,13.22435,0],[78.83062,13.23099,0],[78.82268,13.25324,0],[78.80249,13.26602,0],[78.80335,13.27813,0],[78.81945,13.29154,0],[78.82033,13.31898,0],[78.79022,13.32809,0],[78.76727,13.3268,0],[78.75406,13.35562,0],[78.72809,13.35465,0]]]}},{"type":"Feature","properties":{"stroke":"#ff0000","stroke-opacity":1,"fill-opacity":0,"ST_CODE":"28","ST_NAME":"ANDHRA PRADESH","DT_CODE":"23","DIST_NAME":"CHITTOOR","AC_NO":172,"AC_NAME":"Chittoor","PC_NO":"42","PC_NAME":"CHITTOOR (SC)","PC_ID":"2842","Shape_Leng":"117056.01759300000","Shape_Area":"381863420.47700000000","MaxSimpTol":"300.00000000000","MinSimpTol":"300.00000000000","visibility":"0","STATUS":"Post bifurcation 2014, renumbered to 2019 seats"},"geometry":{"type":"Polygon","coordinates":[[[79.10409,13.26336,0],[79.06285,13.27029,0],[79.05961,13.23711,0],[79.04053,13.22922,0],[79.0321,13.21893,0],[79.02933,13.20375,0],[79.04864,13.2052,0],[79.04818,13.1888,0],[79.06616,13.18533,0],[79.07065,13.18044,0],[79.07034,13.1687,0],[79.0616,13.15071,0],[79.05353,13.14401,0],[79.06055,13.13686,0],[79.05816,13.11961,0],[79.02095,13.08787,0],[79.00635,13.08247,0],[79.00947,13.07726,0],[79.03692,13.07063,0],[79.03866,13.06117,0],[79.06337,13.05315,0],[79.06313,13.04033,0],[79.08088,13.02577,0],[79.08494,13.02736,0],[79.09828,13.0261,0],[79.10744,13.03832,0],[79.11445,13.03931,0],[79.13731,13.03485,0],[79.15998,13.0203,0],[79.18217,13.03191,0],[79.1848,13.02989,0],[79.19296,13.04673,0],[79.18149,13.04767,0],[79.17948,13.05429,0],[79.19207,13.05618,0],[79.17838,13.05982,0],[79.18026,13.06446,0],[79.18729,13.06069,0],[79.19209,13.06746,0],[79.19077,13.07339,0],[79.18398,13.07276,0],[79.18529,13.0797,0],[79.18062,13.08428,0],[79.18762,13.08349,0],[79.19065,13.08876,0],[79.19307,13.08232,0],[79.19826,13.08137,0],[79.20083,13.08887,0],[79.2344,13.10525,0],[79.23424,13.11469,0],[79.23838,13.11858,0],[79.23035,13.1264,0],[79.23284,13.1394,0],[79.21,13.14849,0],[79.21442,13.15653,0],[79.20234,13.1724,0],[79.21375,13.18697,0],[79.20671,13.19899,0],[79.19828,13.20063,0],[79.18972,13.1945,0],[79.1726,13.21108,0],[79.16147,13.20629,0],[79.14701,13.21125,0],[79.12248,13.20486,0],[79.12292,13.2585,0],[79.10409,13.26336,0]]]}},{"type":"Feature","properties":{"stroke":"#ff0000","stroke-opacity":1,"fill-opacity":0,"ST_CODE":"28","ST_NAME":"ANDHRA PRADESH","DT_CODE":"23","DIST_NAME":"CHITTOOR","AC_NO":175,"AC_NAME":"Kuppam","PC_NO":"42","PC_NAME":"CHITTOOR (SC)","PC_ID":"2842","Shape_Leng":"220882.68973000001","Shape_Area":"1014578841.09000000000","MaxSimpTol":"300.00000000000","MinSimpTol":"300.00000000000","visibility":"0","STATUS":"Post bifurcation 2014, renumbered to 2019 seats"},"geometry":{"type":"Polygon","coordinates":[[[78.44338,12.92154,0],[78.46662,12.90543,0],[78.46943,12.89,0],[78.4647,12.86679,0],[78.46405,12.87772,0],[78.44717,12.89224,0],[78.44551,12.91182,0],[78.43488,12.91187,0],[78.43364,12.90457,0],[78.42859,12.9021,0],[78.41215,12.90326,0],[78.39861,12.91734,0],[78.39608,12.90701,0],[78.38864,12.90689,0],[78.35582,12.94077,0],[78.34966,12.93574,0],[78.35379,12.93028,0],[78.349,12.92903,0],[78.34656,12.91408,0],[78.34193,12.91193,0],[78.34416,12.90796,0],[78.3397,12.90322,0],[78.3235,12.90182,0],[78.3203,12.8873,0],[78.32915,12.88463,0],[78.33448,12.88925,0],[78.33705,12.8824,0],[78.33099,12.87562,0],[78.31366,12.87626,0],[78.31242,12.85856,0],[78.28207,12.85936,0],[78.26838,12.86774,0],[78.26478,12.86174,0],[78.25341,12.86198,0],[78.24555,12.78799,0],[78.23896,12.76842,0],[78.2307,12.76088,0],[78.24081,12.72958,0],[78.23115,12.71261,0],[78.2271,12.71488,0],[78.21805,12.70886,0],[78.20716,12.70823,0],[78.20992,12.70056,0],[78.19975,12.69283,0],[78.20985,12.69046,0],[78.21057,12.68613,0],[78.23769,12.68581,0],[78.23927,12.70106,0],[78.24454,12.70638,0],[78.27106,12.7051,0],[78.30257,12.66632,0],[78.31834,12.66197,0],[78.33218,12.64931,0],[78.34356,12.64879,0],[78.37139,12.62715,0],[78.41257,12.6269,0],[78.42703,12.63529,0],[78.43479,12.6296,0],[78.45843,12.62969,0],[78.46489,12.62405,0],[78.47169,12.63208,0],[78.47054,12.64464,0],[78.47424,12.6474,0],[78.47049,12.65061,0],[78.46787,12.67594,0],[78.48448,12.6717,0],[78.49877,12.67512,0],[78.50383,12.68195,0],[78.50333,12.68994,0],[78.50741,12.69145,0],[78.50288,12.69195,0],[78.50396,12.69868,0],[78.49628,12.70298,0],[78.5019,12.70448,0],[78.50304,12.71681,0],[78.51175,12.70774,0],[78.51998,12.71205,0],[78.52021,12.71872,0],[78.50594,12.72256,0],[78.50158,12.7312,0],[78.49266,12.73569,0],[78.48906,12.74203,0],[78.49314,12.7472,0],[78.50524,12.743,0],[78.50711,12.73714,0],[78.5138,12.73451,0],[78.51389,12.72531,0],[78.51805,12.72489,0],[78.52089,12.73617,0],[78.52268,12.71925,0],[78.527,12.72153,0],[78.52504,12.71546,0],[78.53749,12.71703,0],[78.53694,12.71336,0],[78.54425,12.71098,0],[78.52926,12.70916,0],[78.5347,12.69141,0],[78.54173,12.69111,0],[78.555,12.69937,0],[78.55485,12.70757,0],[78.56155,12.70985,0],[78.55428,12.7184,0],[78.56341,12.73536,0],[78.55529,12.73932,0],[78.56282,12.75217,0],[78.55831,12.75002,0],[78.55559,12.75586,0],[78.5615,12.76153,0],[78.56555,12.75944,0],[78.56835,12.76701,0],[78.57653,12.76746,0],[78.57601,12.77198,0],[78.59249,12.78275,0],[78.59303,12.79831,0],[78.60113,12.80375,0],[78.60036,12.81849,0],[78.60773,12.82197,0],[78.60329,12.84282,0],[78.60153,12.85087,0],[78.61307,12.868,0],[78.61666,12.88864,0],[78.63356,12.93089,0],[78.61201,12.94222,0],[78.60558,12.93828,0],[78.60387,12.9223,0],[78.59117,12.92116,0],[78.53905,12.93046,0],[78.51876,12.93885,0],[78.49294,12.93535,0],[78.47494,12.94315,0],[78.46208,12.9381,0],[78.44338,12.92154,0]]]}}]}