sno,candidate_id,candidate_name,candidate_link,constituency,party,criminal_cases,education,assets,liabilities
1,1365,Muhammed Cheruvasseri Palliy,https://myneta.info/kerala2016/candidate.php?candidate_id=1365,PATTAMBI,IND,0,Literate,"Rs 20,36,442 ~ 20 Lacs+","Rs 5,32,391 ~ 5 Lacs+"
2,586,A C Jalaludheen,https://myneta.info/kerala2016/candidate.php?candidate_id=586,THALASSERY,SDPI,0,10th Pass,"Rs 5,01,000 ~ 5 Lacs+",Rs 0 ~
3,342,A C Moideen,https://myneta.info/kerala2016/candidate.php?candidate_id=342,KUNNAMKULAM,CPI(M),9,8th Pass,"Rs 80,87,469 ~ 80 Lacs+",Rs 0 ~
4,575,A Damodaran,https://myneta.info/kerala2016/candidate.php?candidate_id=575,KASARAGOD,IND,0,Post Graduate,"Rs 7,55,000 ~ 7 Lacs+",Rs 0 ~
5,991,A G Thankappan,https://myneta.info/kerala2016/candidate.php?candidate_id=991,ETTUMANOOR,Bharath Dharma Jana Sena,1,Post Graduate,"Rs 33,31,262 ~ 33 Lacs+",Rs 0 ~
6,336,A K Balan,https://myneta.info/kerala2016/candidate.php?candidate_id=336,TARUR,CPI(M),2,Graduate Professional,"Rs 2,36,66,878 ~ 2 Crore+",Rs 0 ~
7,179,A K Mony,https://myneta.info/kerala2016/candidate.php?candidate_id=179,DEVIKULAM,INC,1,10th Pass,"Rs 1,11,76,920 ~ 1 Crore+","Rs 70,490 ~ 70 Thou+"
8,399,A K Saseendran,https://myneta.info/kerala2016/candidate.php?candidate_id=399,ELATHUR,NCP,2,10th Pass,"Rs 1,44,26,035 ~ 1 Crore+",Rs 0 ~
9,1143,A Krishnankutty,https://myneta.info/kerala2016/candidate.php?candidate_id=1143,CHITTUR,IND,0,8th Pass,https://myneta.info/image_v2.php?myneta_folder=kerala2016&candidate_id=1143&col=ta,https://myneta.info/image_v2.php?myneta_folder=kerala2016&candidate_id=1143&col=lia
10,159,A M Yousaf,https://myneta.info/kerala2016/candidate.php?candidate_id=159,KALAMASSERY,CPI(M),1,5th Pass,"Rs 1,06,89,375 ~ 1 Crore+","Rs 5,59,470 ~ 5 Lacs+"
11,73,A P Abdullakutty,https://myneta.info/kerala2016/candidate.php?candidate_id=73,THALASSERY,INC,1,Graduate Professional,"Rs 1,91,09,681 ~ 1 Crore+","Rs 5,67,515 ~ 5 Lacs+"
12,584,A P Gangadharan,https://myneta.info/kerala2016/candidate.php?candidate_id=584,IRIKKUR,BJP,0,10th Pass,"Rs 22,75,995 ~ 22 Lacs+","Rs 2,18,000 ~ 2 Lacs+"
13,335,A Pradeep Kumar,https://myneta.info/kerala2016/candidate.php?candidate_id=335,KOZHIKODE NORTH,CPI(M),3,12th Pass,"Rs 1,13,45,235 ~ 1 Crore+","Rs 17,05,613 ~ 17 Lacs+"
14,470,A Subramanyan,https://myneta.info/kerala2016/candidate.php?candidate_id=470,CHELAKKARA,SDPI,1,10th Pass,"Rs 5,26,313 ~ 5 Lacs+","Rs 1,12,000 ~ 1 Lacs+"
15,871,A V Kesavan,https://myneta.info/kerala2016/candidate.php?candidate_id=871,AZHIKODE,BJP,0,Graduate Professional,"Rs 8,24,200 ~ 8 Lacs+","Rs 3,75,000 ~ 3 Lacs+"
16,235,A. Abdul Rasheed,https://myneta.info/kerala2016/candidate.php?candidate_id=235,ARUVIKKARA,CPI(M),16,Graduate Professional,"Rs 5,80,03,658 ~ 5 Crore+","Rs 14,17,900 ~ 14 Lacs+"
17,217,A.a.azeez,https://myneta.info/kerala2016/candidate.php?candidate_id=217,ERAVIPURAM,Revolutionary Socialist Party,0,8th Pass,"Rs 1,38,86,509 ~ 1 Crore+",Rs 0 ~
18,666,A.ansari,https://myneta.info/kerala2016/candidate.php?candidate_id=666,AMBALAPUZHA,Peoples Democratic Party,2,10th Pass,https://myneta.info/image_v2.php?myneta_folder=kerala2016&candidate_id=666&col=ta,https://myneta.info/image_v2.php?myneta_folder=kerala2016&candidate_id=666&col=lia
19,681,A.k.salahudheen,https://myneta.info/kerala2016/candidate.php?candidate_id=681,KARUNAGAPPALLY,SDPI,0,12th Pass,"Rs 9,74,095 ~ 9 Lacs+",Rs 0 ~
20,349,A.m.ariff,https://myneta.info/kerala2016/candidate.php?candidate_id=349,AROOR,CPI(M),2,Graduate Professional,"Rs 97,06,421 ~ 97 Lacs+","Rs 6,75,000 ~ 6 Lacs+"
21,328,A.muhammed Kunju,https://myneta.info/kerala2016/candidate.php?candidate_id=328,HARIPAD,SUCI(C),0,Literate,"Rs 2,01,097 ~ 2 Lacs+","Rs 12,122 ~ 12 Thou+"
22,1332,A.noushad,https://myneta.info/kerala2016/candidate.php?candidate_id=1332,NEMOM,Akhila Kerala Trinamool Party,2,5th Pass,"Rs 5,46,000 ~ 5 Lacs+",Rs 0 ~
23,420,A.p. Anil Kumar,https://myneta.info/kerala2016/candidate.php?candidate_id=420,WANDOOR,INC,0,12th Pass,"Rs 56,15,587 ~ 56 Lacs+","Rs 5,00,000 ~ 5 Lacs+"
24,1335,A.p. Kakkad,https://myneta.info/kerala2016/candidate.php?candidate_id=1335,ARUVIKKARA,IND,0,10th Pass,"Rs 20,000 ~ 20 Thou+",Rs 0 ~
25,1040,A.p.abdul Vahab,https://myneta.info/kerala2016/candidate.php?candidate_id=1040,KOZHIKODE SOUTH,IND,0,10th Pass,"Rs 2,33,000 ~ 2 Lacs+",Rs 0 ~
26,1197,A.silvaster,https://myneta.info/kerala2016/candidate.php?candidate_id=1197,KOVALAM,IND,0,8th Pass,"Rs 2,70,000 ~ 2 Lacs+",Rs 0 ~
27,1204,A.t.george,https://myneta.info/kerala2016/candidate.php?candidate_id=1204,PARASSALA,INC,4,Graduate,https://myneta.info/image_v2.php?myneta_folder=kerala2016&candidate_id=1204&col=ta,https://myneta.info/image_v2.php?myneta_folder=kerala2016&candidate_id=1204&col=lia
28,7,A.v.gopinathan,https://myneta.info/kerala2016/candidate.php?candidate_id=7,NENMARA,INC,0,10th Pass,"Rs 1,40,44,290 ~ 1 Crore+","Rs 68,34,690 ~ 68 Lacs+"
29,1165,Aanandan,https://myneta.info/kerala2016/candidate.php?candidate_id=1165,SHORNUR,BSP,0,10th Pass,"Rs 11,000 ~ 11 Thou+",Rs 0 ~
30,930,Abbas Muthalappara,https://myneta.info/kerala2016/candidate.php?candidate_id=930,UDMA,IND,0,10th Pass,"Rs 40,000 ~ 40 Thou+",Rs 0 ~
31,93,Abdhu Rahiman,https://myneta.info/kerala2016/candidate.php?candidate_id=93,ERANAD,IND,0,10th Pass,"Rs 1,97,08,311 ~ 1 Crore+","Rs 16,03,293 ~ 16 Lacs+"
32,473,Abdu Rahmankutty,https://myneta.info/kerala2016/candidate.php?candidate_id=473,MANALUR,INC,0,10th Pass,"Rs 3,78,78,018 ~ 3 Crore+","Rs 3,77,000 ~ 3 Lacs+"
33,605,Abdu Samad,https://myneta.info/kerala2016/candidate.php?candidate_id=605,KOZHIKODE NORTH,Kerala Janatha Party,0,Graduate,"Rs 53,25,000 ~ 53 Lacs+","Rs 15,000 ~ 15 Thou+"
34,289,Abdul Fathah,https://myneta.info/kerala2016/candidate.php?candidate_id=289,PONNANI,SDPI,0,10th Pass,"Rs 3,60,000 ~ 3 Lacs+",Rs 0 ~
35,616,Abdul Gaffoor,https://myneta.info/kerala2016/candidate.php?candidate_id=616,KONDOTTY,Peoples Democratic Party,0,5th Pass,"Rs 16,56,000 ~ 16 Lacs+","Rs 3,50,000 ~ 3 Lacs+"
36,629,Abdul Gafoor,https://myneta.info/kerala2016/candidate.php?candidate_id=629,TIRUR,National Secular Conference,0,Post Graduate,https://myneta.info/image_v2.php?myneta_folder=kerala2016&candidate_id=629&col=ta,https://myneta.info/image_v2.php?myneta_folder=kerala2016&candidate_id=629&col=lia
37,45,Abdul Hameed,https://myneta.info/kerala2016/candidate.php?candidate_id=45,VALLIKKUNNU,IUML,1,10th Pass,"Rs 2,58,89,880 ~ 2 Crore+",Rs 0 ~
38,278,Abdul Jaleel,https://myneta.info/kerala2016/candidate.php?candidate_id=278,MALAPPURAM,SDPI,0,Graduate,"Rs 72,65,143 ~ 72 Lacs+","Rs 41,500 ~ 41 Thou+"
39,1117,Abdul Jaleel. K.t. S/o Kuttiyali Haji,https://myneta.info/kerala2016/candidate.php?candidate_id=1117,THAVANUR,IND,0,8th Pass,"Rs 1,24,13,400 ~ 1 Crore+",Rs 0 ~
40,1115,Abdul Jaleel.k S/o Abdurahiman Haji,https://myneta.info/kerala2016/candidate.php?candidate_id=1115,THAVANUR,IND,0,5th Pass,"Rs 18,44,300 ~ 18 Lacs+",Rs 0 ~
41,1116,Abdul Jaleel.k.t S/o Hamza,https://myneta.info/kerala2016/candidate.php?candidate_id=1116,THAVANUR,IND,0,12th Pass,"Rs 90,766 ~ 90 Thou+",Rs 0 ~
42,731,Abdul Jaleel.m,https://myneta.info/kerala2016/candidate.php?candidate_id=731,ARUVIKKARA,SDPI,0,8th Pass,"Rs 81,74,000 ~ 81 Lacs+",Rs 0 ~
43,1380,Abdul Kareem P M,https://myneta.info/kerala2016/candidate.php?candidate_id=1380,KAIPAMANGALAM,Peoples Democratic Party,0,10th Pass,"Rs 1,03,23,186 ~ 1 Crore+","Rs 27,80,000 ~ 27 Lacs+"
44,1119,Abdul Khader Bappu Vadakkayil,https://myneta.info/kerala2016/candidate.php?candidate_id=1119,TIRUR,IND,0,10th Pass,"Rs 5,25,000 ~ 5 Lacs+",Rs 0 ~
45,1044,Abdul Muneer,https://myneta.info/kerala2016/candidate.php?candidate_id=1044,KOZHIKODE SOUTH,IND,0,8th Pass,https://myneta.info/image_v2.php?myneta_folder=kerala2016&candidate_id=1044&col=ta,https://myneta.info/image_v2.php?myneta_folder=kerala2016&candidate_id=1044&col=lia
46,548,Abdul Nazar,https://myneta.info/kerala2016/candidate.php?candidate_id=548,ETTUMANOOR,SDPI,0,10th Pass,"Rs 32,55,000 ~ 32 Lacs+","Rs 1,18,000 ~ 1 Lacs+"
47,1129,Abdul Nazer Atthrappil,https://myneta.info/kerala2016/candidate.php?candidate_id=1129,VALLIKKUNNU,IND,0,10th Pass,"Rs 17,000 ~ 17 Thou+",Rs 0 ~
48,276,Abdul Raheem,https://myneta.info/kerala2016/candidate.php?candidate_id=276,MANKADA,SDPI,1,Graduate Professional,"Rs 16,30,000 ~ 16 Lacs+",Rs 0 ~
49,598,Abdul Raheem,https://myneta.info/kerala2016/candidate.php?candidate_id=598,NADAPURAM,SDPI,0,10th Pass,"Rs 33,42,162 ~ 33 Lacs+","Rs 5,01,007 ~ 5 Lacs+"
50,1080,Abdul Rahman.k.t,https://myneta.info/kerala2016/candidate.php?candidate_id=1080,ERANAD,IND,0,Literate,"Rs 3,56,278 ~ 3 Lacs+",Rs 0 ~
51,634,Abdul Raoof C,https://myneta.info/kerala2016/candidate.php?candidate_id=634,PATTAMBI,SDPI,0,Post Graduate,"Rs 5,75,000 ~ 5 Lacs+",Rs 0 ~
52,949,Abdul Razak,https://myneta.info/kerala2016/candidate.php?candidate_id=949,ERAVIPURAM,SDPI,0,8th Pass,"Rs 94,69,741 ~ 94 Lacs+","Rs 45,50,000 ~ 45 Lacs+"
53,613,Abdul Razak K T,https://myneta.info/kerala2016/candidate.php?candidate_id=613,KODUVALLY,IND,0,Post Graduate,"Rs 14,77,500 ~ 14 Lacs+",Rs 0 ~
54,705,Abdul Salam,https://myneta.info/kerala2016/candidate.php?candidate_id=705,VARKALA,SDPI,0,10th Pass,https://myneta.info/image_v2.php?myneta_folder=kerala2016&candidate_id=705&col=ta,https://myneta.info/image_v2.php?myneta_folder=kerala2016&candidate_id=705&col=lia
55,305,Abdul Salam.a,https://myneta.info/kerala2016/candidate.php?candidate_id=305,NEDUMANGAD,SDPI,0,12th Pass,"Rs 12,61,500 ~ 12 Lacs+",Rs 0 ~
56,798,Abdul Samad,https://myneta.info/kerala2016/candidate.php?candidate_id=798,KOCHI,IND,0,5th Pass,"Rs 8,88,576 ~ 8 Lacs+",Rs 0 ~
57,1043,Abdul Sathar,https://myneta.info/kerala2016/candidate.php?candidate_id=1043,KOZHIKODE SOUTH,AITC,0,10th Pass,"Rs 3,62,484 ~ 3 Lacs+","Rs 1,13,684 ~ 1 Lacs+"
58,606,Abdul Vahid,https://myneta.info/kerala2016/candidate.php?candidate_id=606,KOZHIKODE NORTH,SDPI,0,10th Pass,"Rs 31,78,050 ~ 31 Lacs+",Rs 0 ~
59,1231,Abdulkader,https://myneta.info/kerala2016/candidate.php?candidate_id=1231,GURUVAYOOR,IND,0,8th Pass,"Rs 1,04,70,581 ~ 1 Crore+",Rs 0 ~
60,46,Abdurahiman Randathani,https://myneta.info/kerala2016/candidate.php?candidate_id=46,TANUR,IUML,0,10th Pass,"Rs 1,84,95,248 ~ 1 Crore+","Rs 49,29,287 ~ 49 Lacs+"
61,1109,Abdurahiman S/o Knnhimohamed,https://myneta.info/kerala2016/candidate.php?candidate_id=1109,TANUR,IND,0,Literate,"Rs 36,12,514 ~ 36 Lacs+",Rs 0 ~
62,1110,Abdurahiman S/o Mohamed,https://myneta.info/kerala2016/candidate.php?candidate_id=1110,TANUR,IND,0,Literate,"Rs 32,05,716 ~ 32 Lacs+","Rs 3,69,319 ~ 3 Lacs+"
63,1105,Abdurahiman S/o Muhammed,https://myneta.info/kerala2016/candidate.php?candidate_id=1105,TANUR,IND,0,Literate,https://myneta.info/image_v2.php?myneta_folder=kerala2016&candidate_id=1105&col=ta,https://myneta.info/image_v2.php?myneta_folder=kerala2016&candidate_id=1105&col=lia
64,627,Abdurasak,https://myneta.info/kerala2016/candidate.php?candidate_id=627,TIRURANGADI,Peoples Democratic Party,0,Illiterate,"Rs 23,30,994 ~ 23 Lacs+",Rs 0 ~
65,1375,Abhayan N A,https://myneta.info/kerala2016/candidate.php?candidate_id=1375,MANALUR,BSP,0,12th Pass,"Rs 28,23,805 ~ 28 Lacs+","Rs 4,00,000 ~ 4 Lacs+"
66,113,Abid Hussain Thangal,https://myneta.info/kerala2016/candidate.php?candidate_id=113,KOTTAKKAL,IUML,0,Post Graduate,"Rs 1,93,93,790 ~ 1 Crore+","Rs 8,88,602 ~ 8 Lacs+"
67,280,Aboobacker,https://myneta.info/kerala2016/candidate.php?candidate_id=280,VENGARA,SDPI,0,Post Graduate,"Rs 11,96,899 ~ 11 Lacs+",Rs 0 ~
68,623,Aboobacker Alias K K Abu,https://myneta.info/kerala2016/candidate.php?candidate_id=623,VALLIKKUNNU,IND,0,5th Pass,"Rs 10,070 ~ 10 Thou+",Rs 0 ~
69,448,Aboobacker P,https://myneta.info/kerala2016/candidate.php?candidate_id=448,PATTAMBI,Peoples Democratic Party,0,10th Pass,"Rs 7,17,000 ~ 7 Lacs+","Rs 75,000 ~ 75 Thou+"
70,619,Aboobacker Palathingal,https://myneta.info/kerala2016/candidate.php?candidate_id=619,PERINTHALMANNA,IND,0,8th Pass,"Rs 36,19,000 ~ 36 Lacs+","Rs 7,83,420 ~ 7 Lacs+"
71,1013,Abraham,https://myneta.info/kerala2016/candidate.php?candidate_id=1013,POONJAR,IND,0,10th Pass,"Rs 2,62,216 ~ 2 Lacs+",Rs 0 ~
72,683,Abu Muhammed,https://myneta.info/kerala2016/candidate.php?candidate_id=683,CHAVARA,IND,0,5th Pass,https://myneta.info/image_v2.php?myneta_folder=kerala2016&candidate_id=683&col=ta,https://myneta.info/image_v2.php?myneta_folder=kerala2016&candidate_id=683&col=lia
73,1140,Achuthan,https://myneta.info/kerala2016/candidate.php?candidate_id=1140,CHITTUR,IND,0,8th Pass,"Rs 21,42,000 ~ 21 Lacs+","Rs 98,266 ~ 98 Thou+"
74,997,Achuthan K P,https://myneta.info/kerala2016/candidate.php?candidate_id=997,KANJIRAPPALLY,IND,0,Graduate,"Rs 60,63,235 ~ 60 Lacs+","Rs 3,44,732 ~ 3 Lacs+"
75,294,Achuthanandan,https://myneta.info/kerala2016/candidate.php?candidate_id=294,MALAMPUZHA,CPI(M),6,5th Pass,"Rs 62,39,048 ~ 62 Lacs+",Rs 0 ~
76,1027,Adam K V,https://myneta.info/kerala2016/candidate.php?candidate_id=1027,BEYPORE,IND,0,Others,"Rs 10,53,000 ~ 10 Lacs+",Rs 0 ~
77,1028,Adam Malique,https://myneta.info/kerala2016/candidate.php?candidate_id=1028,BEYPORE,IND,0,Others,"Rs 65,47,298 ~ 65 Lacs+","Rs 13,65,648 ~ 13 Lacs+"
78,406,Adam Mulsi M P,https://myneta.info/kerala2016/candidate.php?candidate_id=406,BEYPORE,INC,0,Post Graduate,"Rs 42,05,320 ~ 42 Lacs+","Rs 8,64,000 ~ 8 Lacs+"
79,1316,Adoor Prakash,https://myneta.info/kerala2016/candidate.php?candidate_id=1316,KONNI,INC,1,Post Graduate,"Rs 10,13,64,904 ~ 10 Crore+","Rs 1,51,74,875 ~ 1 Crore+"
80,677,Adv K Sivadasan Nair,https://myneta.info/kerala2016/candidate.php?candidate_id=677,ARANMULA,INC,1,Post Graduate,"Rs 85,03,359 ~ 85 Lacs+","Rs 18,362 ~ 18 Thou+"
81,71,Adv. A N Shamseer,https://myneta.info/kerala2016/candidate.php?candidate_id=71,THALASSERY,CPI(M),34,Post Graduate,https://myneta.info/image_v2.php?myneta_folder=kerala2016&candidate_id=71&col=ta,https://myneta.info/image_v2.php?myneta_folder=kerala2016&candidate_id=71&col=lia
82,1268,Adv. B Gopalakrishnan,https://myneta.info/kerala2016/candidate.php?candidate_id=1268,THRISSUR,BJP,4,Graduate Professional,"Rs 1,11,39,176 ~ 1 Crore+","Rs 8,19,052 ~ 8 Lacs+"
83,884,Adv. Binoy Thomas,https://myneta.info/kerala2016/candidate.php?candidate_id=884,IRIKKUR,IND,0,Graduate Professional,"Rs 40,75,191 ~ 40 Lacs+","Rs 7,81,873 ~ 7 Lacs+"
84,549,Adv. C P Rajesh,https://myneta.info/kerala2016/candidate.php?candidate_id=549,ETTUMANOOR,BSP,0,Graduate Professional,"Rs 18,600 ~ 18 Thou+",Rs 0 ~
85,1,Adv. C.h.kunhambu,https://myneta.info/kerala2016/candidate.php?candidate_id=1,MANJESHWAR,CPI(M),6,Graduate Professional,"Rs 70,52,603 ~ 70 Lacs+","Rs 20,30,000 ~ 20 Lacs+"
86,693,Adv. Faizy M Pasha,https://myneta.info/kerala2016/candidate.php?candidate_id=693,PATHANAPURAM,SDPI,0,Graduate Professional,"Rs 57,55,674 ~ 57 Lacs+",Rs 0 ~
87,28,Adv. Jose Thomas Pandiyammakkal,https://myneta.info/kerala2016/candidate.php?candidate_id=28,PALA,IND,0,Post Graduate,"Rs 7,49,22,791 ~ 7 Crore+",Rs 0 ~
88,1269,Adv. K A Ayoob,https://myneta.info/kerala2016/candidate.php?candidate_id=1269,KALPETTA,SDPI,0,Graduate Professional,"Rs 18,06,000 ~ 18 Lacs+","Rs 5,00,000 ~ 5 Lacs+"
89,901,Adv. K J Joseph,https://myneta.info/kerala2016/candidate.php?candidate_id=901,PERAVOOR,IND,1,Graduate Professional,"Rs 1,60,29,924 ~ 1 Crore+","Rs 36,00,000 ~ 36 Lacs+"
90,932,Adv. K Shreekanth,https://myneta.info/kerala2016/candidate.php?candidate_id=932,UDMA,BJP,3,Graduate Professional,https://myneta.info/image_v2.php?myneta_folder=kerala2016&candidate_id=932&col=ta,https://myneta.info/image_v2.php?myneta_folder=kerala2016&candidate_id=932&col=lia
91,1061,Adv. K. Praveenkumar,https://myneta.info/kerala2016/candidate.php?candidate_id=1061,NADAPURAM,INC,2,Graduate Professional,"Rs 1,17,85,992 ~ 1 Crore+","Rs 55,38,492 ~ 55 Lacs+"
92,140,Adv. K. Rajan,https://myneta.info/kerala2016/candidate.php?candidate_id=140,OLLUR,CPI,4,Graduate Professional,"Rs 93,04,540 ~ 93 Lacs+","Rs 5,00,000 ~ 5 Lacs+"
93,551,Adv. M S Karunakaran,https://myneta.info/kerala2016/candidate.php?candidate_id=551,KOTTAYAM,BJP,1,Graduate Professional,"Rs 1,12,29,627 ~ 1 Crore+",Rs 0 ~
94,390,Adv. M. Rajesh Kumar,https://myneta.info/kerala2016/candidate.php?candidate_id=390,VADAKARA,BJP,0,Graduate Professional,"Rs 34,22,718 ~ 34 Lacs+",Rs 0 ~
95,85,Adv. Mohammed Ikbal,https://myneta.info/kerala2016/candidate.php?candidate_id=85,PERAMBRA,Kerala Congress (M),0,Graduate Professional,"Rs 12,21,494 ~ 12 Lacs+",Rs 0 ~
96,543,Adv. Mons Joseph,https://myneta.info/kerala2016/candidate.php?candidate_id=543,KADUTHURUTHY,Kerala Congress (M),0,Graduate Professional,"Rs 1,37,83,000 ~ 1 Crore+",Rs 0 ~
97,587,Adv. Muhammad Sabeer K C,https://myneta.info/kerala2016/candidate.php?candidate_id=587,KUTHUPARAMBA,SDPI,0,Graduate Professional,"Rs 52,69,317 ~ 52 Lacs+","Rs 6,00,000 ~ 6 Lacs+"
98,635,Adv. N. Samsudheen.n,https://myneta.info/kerala2016/candidate.php?candidate_id=635,MANNARKAD,IUML,0,Graduate Professional,"Rs 95,43,813 ~ 95 Lacs+","Rs 2,40,000 ~ 2 Lacs+"
99,471,Adv. Nivedida,https://myneta.info/kerala2016/candidate.php?candidate_id=471,GURUVAYOOR,BJP,0,Post Graduate,https://myneta.info/image_v2.php?myneta_folder=kerala2016&candidate_id=471&col=ta,https://myneta.info/image_v2.php?myneta_folder=kerala2016&candidate_id=471&col=lia
100,564,Adv. P C Joseph Ponnattu,https://myneta.info/kerala2016/candidate.php?candidate_id=564,POONJAR,IND,2,Graduate Professional,"Rs 19,26,02,729 ~ 19 Crore+","Rs 1,47,38,631 ~ 1 Crore+"
101,62,Adv. P C Vivek,https://myneta.info/kerala2016/candidate.php?candidate_id=62,AZHIKODE,SUCI(C),0,Graduate Professional,"Rs 34,75,048 ~ 34 Lacs+","Rs 35,000 ~ 35 Thou+"
102,654,Adv. P J Thomas,https://myneta.info/kerala2016/candidate.php?candidate_id=654,MUVATTUPUZHA,BJP,2,Post Graduate,"Rs 44,78,000 ~ 44 Lacs+",Rs 0 ~
103,1001,Adv. P K Geetha Krishnan,https://myneta.info/kerala2016/candidate.php?candidate_id=1001,KOTTAYAM,BSP,0,Post Graduate,"Rs 11,316 ~ 11 Thou+",Rs 0 ~
104,402,Adv. P M Suresh Babu,https://myneta.info/kerala2016/candidate.php?candidate_id=402,KOZHIKODE NORTH,INC,0,Graduate Professional,"Rs 4,22,06,088 ~ 4 Crore+","Rs 11,64,051 ~ 11 Lacs+"
105,266,Adv. P. K. Zakariyya,https://myneta.info/kerala2016/candidate.php?candidate_id=266,KODUVALLY,Welfare Party Of India,0,Graduate Professional,"Rs 28,65,999 ~ 28 Lacs+","Rs 17,90,000 ~ 17 Lacs+"
106,447,Adv. P. Manoj,https://myneta.info/kerala2016/candidate.php?candidate_id=447,PATTAMBI,BJP,0,Graduate Professional,"Rs 89,34,902 ~ 89 Lacs+","Rs 15,02,266 ~ 15 Lacs+"
107,211,Adv. P.aisha Potty,https://myneta.info/kerala2016/candidate.php?candidate_id=211,KOTTARAKKARA,CPI(M),1,Post Graduate,"Rs 67,16,196 ~ 67 Lacs+","Rs 3,10,000 ~ 3 Lacs+"
108,35,Adv. P.t.a. Rahim,https://myneta.info/kerala2016/candidate.php?candidate_id=35,KUNNAMANGALAM,IND,1,Graduate,https://myneta.info/image_v2.php?myneta_folder=kerala2016&candidate_id=35&col=ta,https://myneta.info/image_v2.php?myneta_folder=kerala2016&candidate_id=35&col=lia
109,610,Adv. Prakash Babu,https://myneta.info/kerala2016/candidate.php?candidate_id=610,BEYPORE,BJP,9,Graduate Professional,"Rs 13,82,700 ~ 13 Lacs+",Rs 0 ~
110,352,Adv. R. Sanal Kumar,https://myneta.info/kerala2016/candidate.php?candidate_id=352,KONNI,CPI(M),3,Post Graduate,"Rs 79,18,191 ~ 79 Lacs+","Rs 17,17,603 ~ 17 Lacs+"
111,186,Adv. Reji Sakhariya,https://myneta.info/kerala2016/candidate.php?candidate_id=186,KOTTAYAM,CPI(M),1,Graduate Professional,"Rs 55,87,881 ~ 55 Lacs+","Rs 6,00,000 ~ 6 Lacs+"
112,322,Adv. Roy Varicattu,https://myneta.info/kerala2016/candidate.php?candidate_id=322,THODUPUZHA,IND,0,Graduate Professional,"Rs 23,55,450 ~ 23 Lacs+","Rs 7,50,000 ~ 7 Lacs+"
113,532,Adv. S. Praveen,https://myneta.info/kerala2016/candidate.php?candidate_id=532,THODUPUZHA,Bharath Dharma Jana Sena,0,Graduate Professional,"Rs 45,44,825 ~ 45 Lacs+","Rs 46,00,000 ~ 46 Lacs+"
114,79,Adv. Sunny Joseph,https://myneta.info/kerala2016/candidate.php?candidate_id=79,PERAVOOR,INC,0,Graduate Professional,"Rs 49,15,127 ~ 49 Lacs+","Rs 37,61,210 ~ 37 Lacs+"
115,409,Adv. T. Siddiqu,https://myneta.info/kerala2016/candidate.php?candidate_id=409,KUNNAMANGALAM,INC,2,Graduate,"Rs 32,72,930 ~ 32 Lacs+","Rs 28,01,894 ~ 28 Lacs+"
116,483,Adv. Thomas Unniyadan,https://myneta.info/kerala2016/candidate.php?candidate_id=483,IRINJALAKKUDA,Kerala Congress (M),0,Graduate Professional,"Rs 3,65,09,347 ~ 3 Crore+","Rs 16,54,733 ~ 16 Lacs+"
117,14,Adv. V B Binu,https://myneta.info/kerala2016/candidate.php?candidate_id=14,KANJIRAPPALLY,CPI,0,Graduate Professional,https://myneta.info/image_v2.php?myneta_folder=kerala2016&candidate_id=14&col=ta,https://myneta.info/image_v2.php?myneta_folder=kerala2016&candidate_id=14&col=lia
118,195,Adv.jacob Ebraham,https://myneta.info/kerala2016/candidate.php?candidate_id=195,KUTTANAD,Kerala Congress (M),0,Graduate Professional,"Rs 88,61,749 ~ 88 Lacs+",Rs 0 ~
119,1196,Adv.k.r.anish,https://myneta.info/kerala2016/candidate.php?candidate_id=1196,KOVALAM,BSP,0,Graduate Professional,"Rs 6,00,000 ~ 6 Lacs+",Rs 0 ~
120,50,Adv.k.raju,https://myneta.info/kerala2016/candidate.php?candidate_id=50,PUNALUR,CPI,0,Graduate Professional,"Rs 92,50,531 ~ 92 Lacs+",Rs 0 ~
121,761,Adv.liju M,https://myneta.info/kerala2016/candidate.php?candidate_id=761,KAYAMKULAM,INC,5,Graduate Professional,"Rs 35,38,410 ~ 35 Lacs+","Rs 26,33,307 ~ 26 Lacs+"
122,210,Adv.savin Sathyan,https://myneta.info/kerala2016/candidate.php?candidate_id=210,KOTTARAKKARA,INC,1,Graduate Professional,"Rs 79,72,374 ~ 79 Lacs+","Rs 12,49,094 ~ 12 Lacs+"
123,862,Adv.senapathy Venu,https://myneta.info/kerala2016/candidate.php?candidate_id=862,UDUMBANCHOLA,INC,0,Post Graduate,"Rs 88,76,811 ~ 88 Lacs+","Rs 7,89,400 ~ 7 Lacs+"
124,350,Adv.u.prathibha Hari,https://myneta.info/kerala2016/candidate.php?candidate_id=350,KAYAMKULAM,CPI(M),3,Graduate,"Rs 15,50,695 ~ 15 Lacs+","Rs 5,31,611 ~ 5 Lacs+"
125,104,Ahammed Kabeer,https://myneta.info/kerala2016/candidate.php?candidate_id=104,MANKADA,IUML,1,Post Graduate,"Rs 1,20,86,229 ~ 1 Crore+","Rs 47,48,611 ~ 47 Lacs+"
126,1094,Ahammedul Kabeer M.k,https://myneta.info/kerala2016/candidate.php?candidate_id=1094,MANKADA,IND,0,Post Graduate,https://myneta.info/image_v2.php?myneta_folder=kerala2016&candidate_id=1094&col=ta,https://myneta.info/image_v2.php?myneta_folder=kerala2016&candidate_id=1094&col=lia
127,1099,Ajay,https://myneta.info/kerala2016/candidate.php?candidate_id=1099,PONNANI,IND,0,12th Pass,"Rs 80,76,000 ~ 80 Lacs+",Rs 0 ~
128,963,Ajayakumar Thankappan,https://myneta.info/kerala2016/candidate.php?candidate_id=963,KOTTARAKKARA,IND,0,8th Pass,"Rs 1,43,000 ~ 1 Lacs+","Rs 1,25,000 ~ 1 Lacs+"
129,408,Ajeesh Kumar Erakkathil,https://myneta.info/kerala2016/candidate.php?candidate_id=408,BEYPORE,IND,0,Others,"Rs 7,99,000 ~ 7 Lacs+","Rs 2,13,738 ~ 2 Lacs+"
130,777,Ajeeshkumar,https://myneta.info/kerala2016/candidate.php?candidate_id=777,MAVELIKARA,IND,0,12th Pass,"Rs 3,11,022 ~ 3 Lacs+",Rs 0 ~
131,714,Aji,https://myneta.info/kerala2016/candidate.php?candidate_id=714,NEDUMANGAD,SHS,2,10th Pass,"Rs 16,03,000 ~ 16 Lacs+",Rs 0 ~
132,1217,Aji,https://myneta.info/kerala2016/candidate.php?candidate_id=1217,VARKALA,Bharath Dharma Jana Sena,0,Graduate Professional,"Rs 50,00,085 ~ 50 Lacs+",Rs 0 ~
133,460,Ajikumar. K,https://myneta.info/kerala2016/candidate.php?candidate_id=460,MANNARKAD,CPI(ML) Red Star,0,8th Pass,"Rs 1,17,500 ~ 1 Lacs+",Rs 0 ~
134,1189,Ajith,https://myneta.info/kerala2016/candidate.php?candidate_id=1189,CHIRAYINKEEZHU,IND,0,8th Pass,"Rs 1,200 ~ 1 Thou+",Rs 0 ~
135,1188,Ajith Kumar,https://myneta.info/kerala2016/candidate.php?candidate_id=1188,CHIRAYINKEEZHU,IND,0,10th Pass,https://myneta.info/image_v2.php?myneta_folder=kerala2016&candidate_id=1188&col=ta,https://myneta.info/image_v2.php?myneta_folder=kerala2016&candidate_id=1188&col=lia
136,6,Ajith Kumar M,https://myneta.info/kerala2016/candidate.php?candidate_id=6,NENMARA,Welfare Party Of India,0,12th Pass,"Rs 1,71,150 ~ 1 Lacs+",Rs 0 ~
137,762,Ajith P,https://myneta.info/kerala2016/candidate.php?candidate_id=762,KAYAMKULAM,IND,0,10th Pass,"Rs 7,63,000 ~ 7 Lacs+",Rs 0 ~
138,1320,Ajitha,https://myneta.info/kerala2016/candidate.php?candidate_id=1320,ADOOR,IND,0,10th Pass,"Rs 10,250 ~ 10 Thou+",Rs 0 ~
139,730,Ajitha,https://myneta.info/kerala2016/candidate.php?candidate_id=730,ARUVIKKARA,IND,0,Graduate,Rs 250 ~ 2 Hund+,Rs 0 ~
140,500,Ajmal Ismail,https://myneta.info/kerala2016/candidate.php?candidate_id=500,ALUVA,SDPI,3,Graduate Professional,"Rs 12,28,038 ~ 12 Lacs+","Rs 3,45,000 ~ 3 Lacs+"
141,1176,Akkeraman Kalidasan Bhattathiripad,https://myneta.info/kerala2016/candidate.php?candidate_id=1176,THIRUVALLA,Bharath Dharma Jana Sena,0,12th Pass,"Rs 2,80,82,636 ~ 2 Crore+","Rs 35,02,266 ~ 35 Lacs+"
142,749,Alex,https://myneta.info/kerala2016/candidate.php?candidate_id=749,CHENGANNUR,BSP,0,10th Pass,"Rs 82,300 ~ 82 Thou+",Rs 0 ~
143,1112,Ali,https://myneta.info/kerala2016/candidate.php?candidate_id=1112,THAVANUR,Peoples Democratic Party,0,5th Pass,"Rs 30,39,100 ~ 30 Lacs+","Rs 5,00,000 ~ 5 Lacs+"
144,410,Ali Akbar,https://myneta.info/kerala2016/candidate.php?candidate_id=410,KODUVALLY,BJP,0,12th Pass,https://myneta.info/image_v2.php?myneta_folder=kerala2016&candidate_id=410&col=ta,https://myneta.info/image_v2.php?myneta_folder=kerala2016&candidate_id=410&col=lia
145,622,Ali Haji,https://myneta.info/kerala2016/candidate.php?candidate_id=622,VENGARA,BJP,1,8th Pass,"Rs 15,40,007 ~ 15 Lacs+","Rs 2,00,000 ~ 2 Lacs+"
146,105,Ali Manjalamkuzhi,https://myneta.info/kerala2016/candidate.php?candidate_id=105,PERINTHALMANNA,IUML,0,12th Pass,"Rs 20,26,34,732 ~ 20 Crore+","Rs 1,36,26,808 ~ 1 Crore+"
147,506,Aliyar,https://myneta.info/kerala2016/candidate.php?candidate_id=506,KALAMASSERY,Peoples Democratic Party,0,12th Pass,"Rs 23,500 ~ 23 Thou+",Rs 0 ~
148,553,Althaf,https://myneta.info/kerala2016/candidate.php?candidate_id=553,CHANGANASSERY,SDPI,0,10th Pass,"Rs 69,30,400 ~ 69 Lacs+",Rs 0 ~
149,1358,Aluva Aneesh,https://myneta.info/kerala2016/candidate.php?candidate_id=1358,NADAPURAM,IND,0,8th Pass,"Rs 18,76,918 ~ 18 Lacs+","Rs 6,85,640 ~ 6 Lacs+"
150,1056,Aluva Aneesh,https://myneta.info/kerala2016/candidate.php?candidate_id=1056,KUTTIADI,IND,0,8th Pass,"Rs 41,63,418 ~ 41 Lacs+","Rs 6,06,584 ~ 6 Lacs+"
151,1187,Ambili.v,https://myneta.info/kerala2016/candidate.php?candidate_id=1187,CHIRAYINKEEZHU,Peoples Democratic Party,0,12th Pass,"Rs 4,050 ~ 4 Thou+",Rs 0 ~
152,372,Amritha Ramakrishnan,https://myneta.info/kerala2016/candidate.php?candidate_id=372,KALLIASSERI,INC,0,Post Graduate,"Rs 2,80,05,515 ~ 2 Crore+",Rs 0 ~
153,523,Anas N A,https://myneta.info/kerala2016/candidate.php?candidate_id=523,KOTHAMANGALAM,SDPI,2,Post Graduate,https://myneta.info/image_v2.php?myneta_folder=kerala2016&candidate_id=523&col=ta,https://myneta.info/image_v2.php?myneta_folder=kerala2016&candidate_id=523&col=lia
154,715,Andoorkonam Sulfi,https://myneta.info/kerala2016/candidate.php?candidate_id=715,NEDUMANGAD,Peoples Democratic Party,1,10th Pass,"Rs 24,09,916 ~ 24 Lacs+",Rs 0 ~
155,721,Aneesh,https://myneta.info/kerala2016/candidate.php?candidate_id=721,KAZHAKKOOTTAM,IND,1,12th Pass,Rs 750 ~ 7 Hund+,Rs 0 ~
156,1374,Aneeshkumar K K,https://myneta.info/kerala2016/candidate.php?candidate_id=1374,KUNNAMKULAM,BJP,7,Post Graduate,"Rs 26,70,176 ~ 26 Lacs+",Rs 0 ~
157,1379,Anil Akkara,https://myneta.info/kerala2016/candidate.php?candidate_id=1379,WADAKKANCHERY,INC,2,12th Pass,"Rs 1,20,29,809 ~ 1 Crore+","Rs 19,38,989 ~ 19 Lacs+"
158,17,Anil Kumar K G,https://myneta.info/kerala2016/candidate.php?candidate_id=17,ARANMULA,SUCI(C),0,Graduate,"Rs 90,000 ~ 90 Thou+",Rs 0 ~
159,1211,Anil. K,https://myneta.info/kerala2016/candidate.php?candidate_id=1211,VAMANAPURAM,Ambedkarite Party of India,0,10th Pass,"Rs 2,000 ~ 2 Thou+",Rs 0 ~
160,184,Anila Bose,https://myneta.info/kerala2016/candidate.php?candidate_id=184,VAIKOM,SUCI(C),0,Post Graduate,"Rs 26,638 ~ 26 Thou+",Rs 0 ~
161,943,Anilkumar,https://myneta.info/kerala2016/candidate.php?candidate_id=943,CHAVARA,IND,0,10th Pass,"Rs 25,76,000 ~ 25 Lacs+","Rs 2,00,000 ~ 2 Lacs+"
162,791,Anilkumar,https://myneta.info/kerala2016/candidate.php?candidate_id=791,ERANAKULAM,IND,1,10th Pass,https://myneta.info/image_v2.php?myneta_folder=kerala2016&candidate_id=791&col=ta,https://myneta.info/image_v2.php?myneta_folder=kerala2016&candidate_id=791&col=lia
163,792,Anilkumar Puliyoth,https://myneta.info/kerala2016/candidate.php?candidate_id=792,ERANAKULAM,IND,0,8th Pass,"Rs 3,47,100 ~ 3 Lacs+",Rs 0 ~
164,566,Aniyappan,https://myneta.info/kerala2016/candidate.php?candidate_id=566,AROOR,Bharath Dharma Jana Sena,0,Post Graduate,"Rs 2,00,72,489 ~ 2 Crore+","Rs 29,20,652 ~ 29 Lacs+"
165,1278,Annan Madakkimala,https://myneta.info/kerala2016/candidate.php?candidate_id=1278,MANANTHAVADY,BSP,0,5th Pass,"Rs 7,01,100 ~ 7 Lacs+",Rs 0 ~
166,371,Anniamma Teacher,https://myneta.info/kerala2016/candidate.php?candidate_id=371,PAYYANNUR,BJP,0,Graduate,"Rs 10,49,000 ~ 10 Lacs+",Rs 0 ~
167,814,Anoop,https://myneta.info/kerala2016/candidate.php?candidate_id=814,PIRAVOM,IND,0,10th Pass,"Rs 1,15,630 ~ 1 Lacs+","Rs 35,000 ~ 35 Thou+"
168,175,Anoop Jacob,https://myneta.info/kerala2016/candidate.php?candidate_id=175,PIRAVOM,Kerala Congress (Jacob),2,Graduate Professional,"Rs 9,75,00,435 ~ 9 Crore+",Rs 0 ~
169,625,Ansas K,https://myneta.info/kerala2016/candidate.php?candidate_id=625,VALLIKKUNNU,CPI(ML) Red Star,0,8th Pass,"Rs 9,27,000 ~ 9 Lacs+","Rs 3,50,000 ~ 3 Lacs+"
170,801,Anto Johny,https://myneta.info/kerala2016/candidate.php?candidate_id=801,KOTHAMANGALAM,IND,2,Graduate Professional,"Rs 3,08,230 ~ 3 Lacs+","Rs 2,00,000 ~ 2 Lacs+"
171,1005,Antony,https://myneta.info/kerala2016/candidate.php?candidate_id=1005,PALA,IND,0,10th Pass,https://myneta.info/image_v2.php?myneta_folder=kerala2016&candidate_id=1005&col=ta,https://myneta.info/image_v2.php?myneta_folder=kerala2016&candidate_id=1005&col=lia
172,510,Antony,https://myneta.info/kerala2016/candidate.php?candidate_id=510,KOCHI,Peoples Democratic Party,0,5th Pass,"Rs 35,68,921 ~ 35 Lacs+","Rs 5,00,000 ~ 5 Lacs+"
173,178,Antony Johny,https://myneta.info/kerala2016/candidate.php?candidate_id=178,KOTHAMANGALAM,CPI(M),24,Graduate,"Rs 3,81,300 ~ 3 Lacs+","Rs 12,80,000 ~ 12 Lacs+"
174,1396,Antony Raju New Colony,https://myneta.info/kerala2016/candidate.php?candidate_id=1396,THIRUVANANTHAPURAM,IND,0,12th Pass,"Rs 20,000 ~ 20 Thou+",Rs 0 ~
175,156,Anvar Sadath,https://myneta.info/kerala2016/candidate.php?candidate_id=156,ALUVA,INC,7,10th Pass,"Rs 31,87,962 ~ 31 Lacs+","Rs 3,54,714 ~ 3 Lacs+"
176,628,Anwar,https://myneta.info/kerala2016/candidate.php?candidate_id=628,TANUR,Peoples Democratic Party,0,10th Pass,"Rs 1,50,000 ~ 1 Lacs+","Rs 10,000 ~ 10 Thou+"
177,277,Anwar Shakeel Omar,https://myneta.info/kerala2016/candidate.php?candidate_id=277,MANKADA,IND,0,Graduate,"Rs 92,78,587 ~ 92 Lacs+","Rs 7,65,000 ~ 7 Lacs+"
178,275,Anwar Shakeer Omar,https://myneta.info/kerala2016/candidate.php?candidate_id=275,PERINTHALMANNA,IND,0,Graduate,"Rs 92,78,587 ~ 92 Lacs+","Rs 7,65,000 ~ 7 Lacs+"
179,685,Anzar,https://myneta.info/kerala2016/candidate.php?candidate_id=685,CHAVARA,SDPI,0,10th Pass,"Rs 14,47,000 ~ 14 Lacs+","Rs 1,78,000 ~ 1 Lacs+"
180,632,Appunni. O.v,https://myneta.info/kerala2016/candidate.php?candidate_id=632,THAVANUR,IND,0,5th Pass,https://myneta.info/image_v2.php?myneta_folder=kerala2016&candidate_id=632&col=ta,https://myneta.info/image_v2.php?myneta_folder=kerala2016&candidate_id=632&col=lia
181,1249,Arumughan,https://myneta.info/kerala2016/candidate.php?candidate_id=1249,NATTIKA,Peoples Democratic Party,0,Literate,"Rs 2,200 ~ 2 Thou+",Rs 0 ~
182,556,Arun M John,https://myneta.info/kerala2016/candidate.php?candidate_id=556,KANJIRAPPALLY,BSP,0,Post Graduate,"Rs 9,30,288 ~ 9 Lacs+",Rs 0 ~
183,94,Aryadan Shoukath,https://myneta.info/kerala2016/candidate.php?candidate_id=94,NILAMBUR,INC,0,Graduate,"Rs 7,77,17,321 ~ 7 Crore+","Rs 2,11,96,105 ~ 2 Crore+"
184,183,Asha C K,https://myneta.info/kerala2016/candidate.php?candidate_id=183,VAIKOM,CPI,0,Graduate,"Rs 27,50,726 ~ 27 Lacs+","Rs 12,21,684 ~ 12 Lacs+"
185,674,Asha.t,https://myneta.info/kerala2016/candidate.php?candidate_id=674,MAVELIKARA,SUCI(C),0,10th Pass,"Rs 6,19,000 ~ 6 Lacs+",Rs 0 ~
186,436,Asharaf,https://myneta.info/kerala2016/candidate.php?candidate_id=436,TANUR,Welfare Party Of India,0,12th Pass,"Rs 2,62,573 ~ 2 Lacs+",Rs 0 ~
187,11,Asharaj,https://myneta.info/kerala2016/candidate.php?candidate_id=11,ETTUMANOOR,SUCI(C),0,12th Pass,"Rs 5,15,500 ~ 5 Lacs+","Rs 1,50,000 ~ 1 Lacs+"
188,1315,Ashoka Kumar D,https://myneta.info/kerala2016/candidate.php?candidate_id=1315,KONNI,BJP,0,Graduate Professional,"Rs 4,51,57,611 ~ 4 Crore+","Rs 62,17,720 ~ 62 Lacs+"
189,274,Ashraf,https://myneta.info/kerala2016/candidate.php?candidate_id=274,MANJERI,SDPI,0,Post Graduate,https://myneta.info/image_v2.php?myneta_folder=kerala2016&candidate_id=274&col=ta,https://myneta.info/image_v2.php?myneta_folder=kerala2016&candidate_id=274&col=lia
190,736,Ashraf,https://myneta.info/kerala2016/candidate.php?candidate_id=736,KATTAKKADA,SDPI,0,10th Pass,"Rs 30,82,265 ~ 30 Lacs+",Rs 0 ~
191,427,Ashraf,https://myneta.info/kerala2016/candidate.php?candidate_id=427,MALAPPURAM,Peoples Democratic Party,0,10th Pass,"Rs 15,89,244 ~ 15 Lacs+","Rs 5,00,000 ~ 5 Lacs+"
192,1261,Asif Niyas,https://myneta.info/kerala2016/candidate.php?candidate_id=1261,PUTHUKKAD,Peoples Democratic Party,0,8th Pass,"Rs 84,013 ~ 84 Thou+",Rs 0 ~
193,426,Aysha,https://myneta.info/kerala2016/candidate.php?candidate_id=426,MALAPPURAM,Welfare Party Of India,0,10th Pass,"Rs 57,45,000 ~ 57 Lacs+",Rs 0 ~
194,650,Ayyappan,https://myneta.info/kerala2016/candidate.php?candidate_id=650,THRIPUNITHURA,IND,0,12th Pass,"Rs 21,38,500 ~ 21 Lacs+","Rs 25,000 ~ 25 Thou+"
195,489,Ayyappan,https://myneta.info/kerala2016/candidate.php?candidate_id=489,CHALAKKUDY,BSP,0,8th Pass,"Rs 20,90,751 ~ 20 Lacs+","Rs 3,00,000 ~ 3 Lacs+"
196,1233,Ayyappan Manaykal,https://myneta.info/kerala2016/candidate.php?candidate_id=1233,IRINJALAKKUDA,CPI(ML) Red Star,0,8th Pass,"Rs 5,28,100 ~ 5 Lacs+","Rs 3,000 ~ 3 Thou+"
197,148,B D Devassy,https://myneta.info/kerala2016/candidate.php?candidate_id=148,CHALAKKUDY,CPI(M),0,10th Pass,"Rs 53,29,534 ~ 53 Lacs+","Rs 7,30,000 ~ 7 Lacs+"
198,354,B.satyan,https://myneta.info/kerala2016/candidate.php?candidate_id=354,ATTINGAL,CPI(M),5,Graduate Professional,https://myneta.info/image_v2.php?myneta_folder=kerala2016&candidate_id=354&col=ta,https://myneta.info/image_v2.php?myneta_folder=kerala2016&candidate_id=354&col=lia
199,863,B.soman,https://myneta.info/kerala2016/candidate.php?candidate_id=863,UDUMBANCHOLA,AIADMK,2,10th Pass,"Rs 91,22,500 ~ 91 Lacs+","Rs 5,30,000 ~ 5 Lacs+"
200,1003,Babu,https://myneta.info/kerala2016/candidate.php?candidate_id=1003,PALA,IND,0,10th Pass,"Rs 2,47,98,488 ~ 2 Crore+","Rs 25,32,583 ~ 25 Lacs+"
201,845,Babu Kozhimala,https://myneta.info/kerala2016/candidate.php?candidate_id=845,IDUKKI,SDPI,0,8th Pass,"Rs 1,47,200 ~ 1 Lacs+","Rs 7,000 ~ 7 Thou+"
202,1251,Babu T. V.,https://myneta.info/kerala2016/candidate.php?candidate_id=1251,NATTIKA,Bharath Dharma Jana Sena,3,10th Pass,"Rs 18,34,791 ~ 18 Lacs+","Rs 6,34,000 ~ 6 Lacs+"
203,988,Babu Varghese,https://myneta.info/kerala2016/candidate.php?candidate_id=988,CHANGANASSERY,Kerala Congress Secular,0,Post Graduate,"Rs 44,79,473 ~ 44 Lacs+",Rs 0 ~
204,418,Baburaj Thundathil,https://myneta.info/kerala2016/candidate.php?candidate_id=418,ERANAD,BJP,1,Post Graduate,"Rs 79,38,483 ~ 79 Lacs+","Rs 8,20,000 ~ 8 Lacs+"
205,366,Badusha Thangal K.n,https://myneta.info/kerala2016/candidate.php?candidate_id=366,MALAPPURAM,BJP,1,12th Pass,"Rs 1,46,37,500 ~ 1 Crore+",Rs 0 ~
206,947,Balakrishnan,https://myneta.info/kerala2016/candidate.php?candidate_id=947,CHAVARA,IND,0,Literate,"Rs 9,01,500 ~ 9 Lacs+",Rs 0 ~
207,1289,Balakrishnan,https://myneta.info/kerala2016/candidate.php?candidate_id=1289,SULTHANBATHERY,IND,0,8th Pass,https://myneta.info/image_v2.php?myneta_folder=kerala2016&candidate_id=1289&col=ta,https://myneta.info/image_v2.php?myneta_folder=kerala2016&candidate_id=1289&col=lia
208,670,Balakrishnan,https://myneta.info/kerala2016/candidate.php?candidate_id=670,HARIPAD,BSP,0,10th Pass,"Rs 4,38,108 ~ 4 Lacs+",Rs 0 ~
209,600,Balakrishnan,https://myneta.info/kerala2016/candidate.php?candidate_id=600,QUILANDY,BSP,0,8th Pass,"Rs 72,45,000 ~ 72 Lacs+",Rs 0 ~
210,909,Balakrishnan Kodiyeri,https://myneta.info/kerala2016/candidate.php?candidate_id=909,THALASSERY,IND,0,12th Pass,"Rs 6,81,300 ~ 6 Lacs+","Rs 50,000 ~ 50 Thou+"
211,430,Balakrishnan M,https://myneta.info/kerala2016/candidate.php?candidate_id=430,VALLIKKUNNU,IND,0,Post Graduate,"Rs 25,55,000 ~ 25 Lacs+",Rs 0 ~
212,397,Balan Naduvannur,https://myneta.info/kerala2016/candidate.php?candidate_id=397,BALUSSERI,SDPI,0,10th Pass,"Rs 10,82,447 ~ 10 Lacs+",Rs 0 ~
213,573,Basheer Ahammad S M,https://myneta.info/kerala2016/candidate.php?candidate_id=573,MANJESHWAR,Peoples Democratic Party,0,10th Pass,"Rs 14,97,000 ~ 14 Lacs+","Rs 35,000 ~ 35 Thou+"
214,1083,Basheer V.k.,https://myneta.info/kerala2016/candidate.php?candidate_id=1083,ERANAD,IND,0,8th Pass,"Rs 16,81,100 ~ 16 Lacs+","Rs 77,00,000 ~ 77 Lacs+"
215,340,Basheer.p.p,https://myneta.info/kerala2016/candidate.php?candidate_id=340,VENGARA,CPI(M),0,Post Graduate,"Rs 42,27,144 ~ 42 Lacs+","Rs 2,63,346 ~ 2 Lacs+"
216,853,Benny,https://myneta.info/kerala2016/candidate.php?candidate_id=853,PEERUMADE,BSP,0,8th Pass,https://myneta.info/image_v2.php?myneta_folder=kerala2016&candidate_id=853&col=ta,https://myneta.info/image_v2.php?myneta_folder=kerala2016&candidate_id=853&col=lia
217,494,Benny Moonjely,https://myneta.info/kerala2016/candidate.php?candidate_id=494,ANGAMALY,JD(S),2,10th Pass,"Rs 16,92,68,985 ~ 16 Crore+","Rs 1,24,57,701 ~ 1 Crore+"
218,706,Bhasidharan Nair,https://myneta.info/kerala2016/candidate.php?candidate_id=706,VARKALA,IND,0,5th Pass,"Rs 5,32,343 ~ 5 Lacs+","Rs 1,34,166 ~ 1 Lacs+"
219,902,Bijoy Kurian,https://myneta.info/kerala2016/candidate.php?candidate_id=902,PERAVOOR,IND,0,10th Pass,"Rs 4,51,956 ~ 4 Lacs+","Rs 25,000 ~ 25 Thou+"
220,480,Biju,https://myneta.info/kerala2016/candidate.php?candidate_id=480,KAIPAMANGALAM,IND,1,8th Pass,"Rs 54,000 ~ 54 Thou+","Rs 9,58,000 ~ 9 Lacs+"
221,813,Biju E S,https://myneta.info/kerala2016/candidate.php?candidate_id=813,PERUMBAVOOR,BJP,0,5th Pass,"Rs 8,50,497 ~ 8 Lacs+",Rs 0 ~
222,589,Biju Elakkuzhi,https://myneta.info/kerala2016/candidate.php?candidate_id=589,MATTANNUR,BJP,9,10th Pass,"Rs 15,500 ~ 15 Thou+","Rs 50,000 ~ 50 Thou+"
223,1314,Biju Elamannoor,https://myneta.info/kerala2016/candidate.php?candidate_id=1314,KONNI,IND,0,12th Pass,"Rs 3,58,000 ~ 3 Lacs+",Rs 0 ~
224,537,Biju Madhavan,https://myneta.info/kerala2016/candidate.php?candidate_id=537,IDUKKI,Bharath Dharma Jana Sena,0,Graduate,"Rs 5,17,67,217 ~ 5 Crore+","Rs 3,12,28,165 ~ 3 Crore+"
225,1340,Biju. S.r,https://myneta.info/kerala2016/candidate.php?candidate_id=1340,KATTAKKADA,BSP,3,10th Pass,https://myneta.info/image_v2.php?myneta_folder=kerala2016&candidate_id=1340&col=ta,https://myneta.info/image_v2.php?myneta_folder=kerala2016&candidate_id=1340&col=lia
226,1090,Bindu,https://myneta.info/kerala2016/candidate.php?candidate_id=1090,KOTTAKKAL,IND,0,8th Pass,"Rs 11,56,000 ~ 11 Lacs+",Rs 0 ~
227,1338,Binoy,https://myneta.info/kerala2016/candidate.php?candidate_id=1338,PARASSALA,BSP,0,10th Pass,Rs 100 ~ 1 Hund+,Rs 0 ~
228,717,Bipin .m.i,https://myneta.info/kerala2016/candidate.php?candidate_id=717,NEDUMANGAD,BSP,0,Graduate,"Rs 6,500 ~ 6 Thou+",Rs 0 ~
229,316,Brahmakumar,https://myneta.info/kerala2016/candidate.php?candidate_id=316,ALUVA,SUCI(C),0,Graduate,"Rs 3,46,200 ~ 3 Lacs+","Rs 2,00,000 ~ 2 Lacs+"
230,528,C K Govindhan,https://myneta.info/kerala2016/candidate.php?candidate_id=528,DEVIKULAM,IND,0,10th Pass,"Rs 25,00,000 ~ 25 Lacs+","Rs 2,92,500 ~ 2 Lacs+"
231,1285,C K Janu,https://myneta.info/kerala2016/candidate.php?candidate_id=1285,SULTHANBATHERY,IND,4,Illiterate,"Rs 7,10,650 ~ 7 Lacs+","Rs 1,82,000 ~ 1 Lacs+"
232,262,C K Nanu,https://myneta.info/kerala2016/candidate.php?candidate_id=262,VADAKARA,JD(S),0,8th Pass,"Rs 79,95,088 ~ 79 Lacs+","Rs 5,51,204 ~ 5 Lacs+"
233,258,C K Saseendran,https://myneta.info/kerala2016/candidate.php?candidate_id=258,KALPETTA,CPI(M),18,Graduate,"Rs 31,98,223 ~ 31 Lacs+","Rs 8,84,577 ~ 8 Lacs+"
234,56,C Krishnan,https://myneta.info/kerala2016/candidate.php?candidate_id=56,PAYYANNUR,CPI(M),7,Literate,https://myneta.info/image_v2.php?myneta_folder=kerala2016&candidate_id=56&col=ta,https://myneta.info/image_v2.php?myneta_folder=kerala2016&candidate_id=56&col=lia
235,1074,C M Ummer,https://myneta.info/kerala2016/candidate.php?candidate_id=1074,THIRUVAMBADY,IND,0,10th Pass,"Rs 8,66,750 ~ 8 Lacs+",Rs 0 ~
236,8,C P John,https://myneta.info/kerala2016/candidate.php?candidate_id=8,KUNNAMKULAM,Communist Marxist Party Kerala State Committe,2,Graduate Professional,"Rs 1,17,65,197 ~ 1 Crore+","Rs 10,93,439 ~ 10 Lacs+"
237,446,C P Mohammed,https://myneta.info/kerala2016/candidate.php?candidate_id=446,PATTAMBI,INC,0,10th Pass,"Rs 81,02,300 ~ 81 Lacs+",Rs 0 ~
238,249,C P Rahna Teacher,https://myneta.info/kerala2016/candidate.php?candidate_id=249,KANNUR,Welfare Party Of India,0,Graduate Professional,"Rs 33,17,354 ~ 33 Lacs+","Rs 1,24,062 ~ 1 Lacs+"
239,343,C Raveendranathan,https://myneta.info/kerala2016/candidate.php?candidate_id=343,PUTHUKKAD,CPI(M),2,Post Graduate,"Rs 1,14,33,822 ~ 1 Crore+","Rs 6,58,818 ~ 6 Lacs+"
240,491,C S Krishnakumar,https://myneta.info/kerala2016/candidate.php?candidate_id=491,KODUNGALLUR,SUCI(C),0,Not Given,"Rs 5,46,500 ~ 5 Lacs+",Rs 0 ~
241,363,C Sadanandan Master,https://myneta.info/kerala2016/candidate.php?candidate_id=363,KUTHUPARAMBA,BJP,0,Graduate Professional,"Rs 45,56,328 ~ 45 Lacs+","Rs 12,00,000 ~ 12 Lacs+"
242,539,C. Abdul Kader,https://myneta.info/kerala2016/candidate.php?candidate_id=539,PEERUMADE,AIADMK,5,Graduate,"Rs 54,62,88,000 ~ 54 Crore+","Rs 10,72,00,000 ~ 10 Crore+"
243,1208,C. Anilkumar,https://myneta.info/kerala2016/candidate.php?candidate_id=1208,VAMANAPURAM,BSP,0,10th Pass,https://myneta.info/image_v2.php?myneta_folder=kerala2016&candidate_id=1208&col=ta,https://myneta.info/image_v2.php?myneta_folder=kerala2016&candidate_id=1208&col=lia
244,243,C.h.muthalib,https://myneta.info/kerala2016/candidate.php?candidate_id=243,TRIKARIPUR,Welfare Party Of India,0,10th Pass,"Rs 26,97,623 ~ 26 Lacs+","Rs 2,00,000 ~ 2 Lacs+"
245,688,C.k Gopi,https://myneta.info/kerala2016/candidate.php?candidate_id=688,KUNNATHUR,Peoples Democratic Party,0,10th Pass,"Rs 7,60,510 ~ 7 Lacs+","Rs 8,00,000 ~ 8 Lacs+"
246,237,C.k.harindrakumar,https://myneta.info/kerala2016/candidate.php?candidate_id=237,PARASSALA,CPI(M),6,12th Pass,"Rs 21,96,000 ~ 21 Lacs+","Rs 7,87,420 ~ 7 Lacs+"
247,365,C.k.padmanabhan,https://myneta.info/kerala2016/candidate.php?candidate_id=365,KUNNAMANGALAM,BJP,0,10th Pass,"Rs 32,05,816 ~ 32 Lacs+","Rs 5,00,000 ~ 5 Lacs+"
248,519,C.p. Sathyan,https://myneta.info/kerala2016/candidate.php?candidate_id=519,PIRAVOM,Bharath Dharma Jana Sena,1,12th Pass,"Rs 83,30,944 ~ 83 Lacs+","Rs 9,25,025 ~ 9 Lacs+"
249,1169,C.p.muhammedali,https://myneta.info/kerala2016/candidate.php?candidate_id=1169,THRITHALA,SDPI,0,12th Pass,"Rs 3,24,174 ~ 3 Lacs+",Rs 0 ~
250,572,C.p.thilakan,https://myneta.info/kerala2016/candidate.php?candidate_id=572,CHERTHALA,BSP,0,10th Pass,"Rs 3,11,000 ~ 3 Lacs+",Rs 0 ~
251,130,C.prakash,https://myneta.info/kerala2016/candidate.php?candidate_id=130,TARUR,INC,0,12th Pass,"Rs 1,01,74,961 ~ 1 Crore+","Rs 47,17,646 ~ 47 Lacs+"
252,565,C.r.jayaprakash,https://myneta.info/kerala2016/candidate.php?candidate_id=565,AROOR,INC,0,Graduate Professional,https://myneta.info/image_v2.php?myneta_folder=kerala2016&candidate_id=565&col=ta,https://myneta.info/image_v2.php?myneta_folder=kerala2016&candidate_id=565&col=lia
253,1183,C.r.thulasi,https://myneta.info/kerala2016/candidate.php?candidate_id=1183,ATTINGAL,IND,0,8th Pass,"Rs 2,12,000 ~ 2 Lacs+",Rs 0 ~
254,304,C.v. Premarajan,https://myneta.info/kerala2016/candidate.php?candidate_id=304,GURUVAYOOR,SUCI(C),0,10th Pass,"Rs 10,38,109 ~ 10 Lacs+","Rs 1,50,000 ~ 1 Lacs+"
255,1089,Chalambadan Mohammed Kutty,https://myneta.info/kerala2016/candidate.php?candidate_id=1089,KOTTAKKAL,IND,0,5th Pass,"Rs 85,17,000 ~ 85 Lacs+",Rs 0 ~
256,222,Chandrababu,https://myneta.info/kerala2016/candidate.php?candidate_id=222,ATTINGAL,Revolutionary Socialist Party,0,Graduate,"Rs 20,53,647 ~ 20 Lacs+",Rs 0 ~
257,1248,Chandran,https://myneta.info/kerala2016/candidate.php?candidate_id=1248,NATTIKA,IND,1,Graduate Professional,"Rs 95,14,600 ~ 95 Lacs+",Rs 0 ~
258,450,Chandran,https://myneta.info/kerala2016/candidate.php?candidate_id=450,SHORNUR,Bharath Dharma Jana Sena,0,5th Pass,"Rs 1,30,40,341 ~ 1 Crore+",Rs 0 ~
259,1310,Chandran,https://myneta.info/kerala2016/candidate.php?candidate_id=1310,ARANMULA,IND,0,8th Pass,"Rs 10,250 ~ 10 Thou+",Rs 0 ~
260,976,Chandrasehkara Pillai M.g,https://myneta.info/kerala2016/candidate.php?candidate_id=976,PATHANAPURAM,IND,0,10th Pass,"Rs 13,86,000 ~ 13 Lacs+","Rs 1,60,000 ~ 1 Lacs+"
261,1023,Chandrasekharan K C,https://myneta.info/kerala2016/candidate.php?candidate_id=1023,VAIKOM,BSP,0,10th Pass,https://myneta.info/image_v2.php?myneta_folder=kerala2016&candidate_id=1023&col=ta,https://myneta.info/image_v2.php?myneta_folder=kerala2016&candidate_id=1023&col=lia
262,684,Chellappan,https://myneta.info/kerala2016/candidate.php?candidate_id=684,CHAVARA,IND,0,Literate,"Rs 3,22,693 ~ 3 Lacs+",Rs 0 ~
263,13,Cherian,https://myneta.info/kerala2016/candidate.php?candidate_id=13,PUTHUPPALLY,SUCI(C),0,Graduate,"Rs 13,17,551 ~ 13 Lacs+","Rs 50,000 ~ 50 Thou+"
264,1177,Cherian M V,https://myneta.info/kerala2016/candidate.php?candidate_id=1177,THIRUVALLA,IND,0,10th Pass,"Rs 36,75,584 ~ 36 Lacs+",Rs 0 ~
265,732,Chithralekha.e,https://myneta.info/kerala2016/candidate.php?candidate_id=732,ARUVIKKARA,BSP,3,10th Pass,"Rs 1,000 ~ 1 Thou+",Rs 0 ~
266,361,Chittayam Gopakumar,https://myneta.info/kerala2016/candidate.php?candidate_id=361,ADOOR,CPI,0,10th Pass,"Rs 18,96,205 ~ 18 Lacs+","Rs 6,46,466 ~ 6 Lacs+"
267,733,Christopher Shaju,https://myneta.info/kerala2016/candidate.php?candidate_id=733,PARASSALA,IND,0,12th Pass,"Rs 14,20,000 ~ 14 Lacs+","Rs 10,00,000 ~ 10 Lacs+"
268,668,D.aswanidev,https://myneta.info/kerala2016/candidate.php?candidate_id=668,HARIPAD,BJP,1,Post Graduate,"Rs 2,36,174 ~ 2 Lacs+",Rs 0 ~
269,1393,Dalumugham Johny Thampy,https://myneta.info/kerala2016/candidate.php?candidate_id=1393,PARASSALA,IND,0,12th Pass,"Rs 10,500 ~ 10 Thou+",Rs 0 ~
270,929,Damodaran P,https://myneta.info/kerala2016/candidate.php?candidate_id=929,UDMA,IND,0,8th Pass,https://myneta.info/image_v2.php?myneta_folder=kerala2016&candidate_id=929&col=ta,https://myneta.info/image_v2.php?myneta_folder=kerala2016&candidate_id=929&col=lia
271,908,Danish Mahal A P Abdullakutty,https://myneta.info/kerala2016/candidate.php?candidate_id=908,THALASSERY,IND,0,Literate,"Rs 31,10,542 ~ 31 Lacs+",Rs 0 ~
272,143,Dasan,https://myneta.info/kerala2016/candidate.php?candidate_id=143,NATTIKA,INC,1,Graduate,"Rs 31,60,100 ~ 31 Lacs+","Rs 3,91,282 ~ 3 Lacs+"
273,1066,Dasan,https://myneta.info/kerala2016/candidate.php?candidate_id=1066,QUILANDY,IND,0,Not Given,"Rs 30,24,000 ~ 30 Lacs+",Rs 0 ~
274,438,Devidasan,https://myneta.info/kerala2016/candidate.php?candidate_id=438,TIRUR,BJP,0,10th Pass,"Rs 57,82,252 ~ 57 Lacs+","Rs 15,77,927 ~ 15 Lacs+"
275,911,Dhanya Suresh,https://myneta.info/kerala2016/candidate.php?candidate_id=911,KANHANGAD,INC,0,Graduate,"Rs 94,82,349 ~ 94 Lacs+","Rs 69,89,163 ~ 69 Lacs+"
276,422,Dinesh,https://myneta.info/kerala2016/candidate.php?candidate_id=422,MANJERI,BJP,0,Post Graduate,"Rs 31,43,925 ~ 31 Lacs+",Rs 0 ~
277,1202,Divakaran,https://myneta.info/kerala2016/candidate.php?candidate_id=1202,NEDUMANGAD,IND,0,8th Pass,"Rs 12,200 ~ 12 Thou+",Rs 0 ~
278,879,Divakaran M . Thiruvathira,https://myneta.info/kerala2016/candidate.php?candidate_id=879,DHARMADAM,IND,0,8th Pass,"Rs 12,78,339 ~ 12 Lacs+","Rs 2,00,000 ~ 2 Lacs+"
279,877,Divakaran Moottil House,https://myneta.info/kerala2016/candidate.php?candidate_id=877,DHARMADAM,IND,0,5th Pass,https://myneta.info/image_v2.php?myneta_folder=kerala2016&candidate_id=877&col=ta,https://myneta.info/image_v2.php?myneta_folder=kerala2016&candidate_id=877&col=lia
280,224,Divakaran.c,https://myneta.info/kerala2016/candidate.php?candidate_id=224,NEDUMANGAD,CPI,12,Graduate Professional,"Rs 51,57,394 ~ 51 Lacs+","Rs 1,50,000 ~ 1 Lacs+"
281,465,Divakaran.k.v,https://myneta.info/kerala2016/candidate.php?candidate_id=465,TARUR,BJP,0,Graduate,"Rs 12,71,500 ~ 12 Lacs+",Rs 0 ~
282,164,Dominic Presentation,https://myneta.info/kerala2016/candidate.php?candidate_id=164,KOCHI,INC,2,Graduate,"Rs 1,34,08,423 ~ 1 Crore+","Rs 14,000 ~ 14 Thou+"
283,464,Dr M N Anuvarudheen,https://myneta.info/kerala2016/candidate.php?candidate_id=464,PALAKKAD,IND,0,Post Graduate,"Rs 66,51,000 ~ 66 Lacs+",Rs 0 ~
284,52,Dr. A A Ameen,https://myneta.info/kerala2016/candidate.php?candidate_id=52,KASARAGOD,Indian National League,0,Post Graduate,"Rs 25,47,43,582 ~ 25 Crore+","Rs 1,61,99,486 ~ 1 Crore+"
285,1355,Dr. Antony J Maliakkal,https://myneta.info/kerala2016/candidate.php?candidate_id=1355,THRISSUR,IND,0,Graduate,"Rs 2,23,87,436 ~ 2 Crore+",Rs 0 ~
286,982,Dr. K C Joseph,https://myneta.info/kerala2016/candidate.php?candidate_id=982,CHANGANASSERY,IND,0,Graduate Professional,"Rs 1,19,05,980 ~ 1 Crore+","Rs 1,14,564 ~ 1 Lacs+"
287,265,Dr. M.k.muneer,https://myneta.info/kerala2016/candidate.php?candidate_id=265,KOZHIKODE SOUTH,IUML,8,Graduate Professional,"Rs 2,73,08,371 ~ 2 Crore+",Rs 0 ~
288,1352,Dr. N Jayaraj,https://myneta.info/kerala2016/candidate.php?candidate_id=1352,KANJIRAPPALLY,Kerala Congress (M),0,Post Graduate,https://myneta.info/image_v2.php?myneta_folder=kerala2016&candidate_id=1352&col=ta,https://myneta.info/image_v2.php?myneta_folder=kerala2016&candidate_id=1352&col=lia
289,214,Dr.a.younus Kunju,https://myneta.info/kerala2016/candidate.php?candidate_id=214,PUNALUR,IUML,3,8th Pass,"Rs 24,05,05,198 ~ 24 Crore+",Rs 0 ~
290,712,Dr.p.p.vava,https://myneta.info/kerala2016/candidate.php?candidate_id=712,CHIRAYINKEEZHU,BJP,0,Graduate Professional,"Rs 1,15,31,300 ~ 1 Crore+",Rs 0 ~
291,356,E K Vijayan,https://myneta.info/kerala2016/candidate.php?candidate_id=356,NADAPURAM,CPI,0,12th Pass,"Rs 36,00,351 ~ 36 Lacs+","Rs 1,52,000 ~ 1 Lacs+"
292,1360,E K Vijayan Komath,https://myneta.info/kerala2016/candidate.php?candidate_id=1360,NADAPURAM,IND,0,10th Pass,"Rs 28,48,542 ~ 28 Lacs+","Rs 1,00,000 ~ 1 Lacs+"
293,614,E Nazar,https://myneta.info/kerala2016/candidate.php?candidate_id=614,KODUVALLY,SDPI,0,10th Pass,"Rs 1,00,08,641 ~ 1 Crore+",Rs 0 ~
294,1399,E Pradeep Kumar Peedikathodi,https://myneta.info/kerala2016/candidate.php?candidate_id=1399,KOZHIKODE NORTH,IND,0,10th Pass,"Rs 14,24,460 ~ 14 Lacs+",Rs 0 ~
295,182,E S Bijimol,https://myneta.info/kerala2016/candidate.php?candidate_id=182,PEERUMADE,CPI,3,Graduate,"Rs 1,55,71,778 ~ 1 Crore+","Rs 28,91,312 ~ 28 Lacs+"
296,145,E T Taison Master,https://myneta.info/kerala2016/candidate.php?candidate_id=145,KAIPAMANGALAM,CPI,0,12th Pass,"Rs 47,48,512 ~ 47 Lacs+","Rs 2,00,000 ~ 2 Lacs+"
297,77,E. P. Jayarajan,https://myneta.info/kerala2016/candidate.php?candidate_id=77,MATTANNUR,CPI(M),21,10th Pass,https://myneta.info/image_v2.php?myneta_folder=kerala2016&candidate_id=77&col=ta,https://myneta.info/image_v2.php?myneta_folder=kerala2016&candidate_id=77&col=lia
298,31,E.chandrashekaran,https://myneta.info/kerala2016/candidate.php?candidate_id=31,KANHANGAD,CPI,0,10th Pass,"Rs 20,43,630 ~ 20 Lacs+",Rs 0 ~
299,1123,E.k. Gafoor,https://myneta.info/kerala2016/candidate.php?candidate_id=1123,TIRUR,IND,0,10th Pass,"Rs 69,85,793 ~ 69 Lacs+",Rs 0 ~
300,177,Eldho Abraham,https://myneta.info/kerala2016/candidate.php?candidate_id=177,MUVATTUPUZHA,CPI,7,12th Pass,"Rs 63,896 ~ 63 Thou+","Rs 55,393 ~ 55 Thou+"
301,151,Eldose P Kunnappally,https://myneta.info/kerala2016/candidate.php?candidate_id=151,PERUMBAVOOR,INC,2,Post Graduate,"Rs 1,09,39,500 ~ 1 Crore+","Rs 14,05,000 ~ 14 Lacs+"
302,745,Faizal,https://myneta.info/kerala2016/candidate.php?candidate_id=745,AROOR,Peoples Democratic Party,0,5th Pass,"Rs 4,94,500 ~ 4 Lacs+",Rs 0 ~
303,646,Faizal,https://myneta.info/kerala2016/candidate.php?candidate_id=646,PARAVUR,SDPI,2,10th Pass,"Rs 3,18,500 ~ 3 Lacs+",Rs 0 ~
304,1301,Fawseena Thakbeer,https://myneta.info/kerala2016/candidate.php?candidate_id=1301,RANNI,SDPI,0,Graduate Professional,"Rs 16,24,643 ~ 16 Lacs+","Rs 5,35,413 ~ 5 Lacs+"
305,1209,G. Ajith,https://myneta.info/kerala2016/candidate.php?candidate_id=1209,VAMANAPURAM,SHS,4,10th Pass,"Rs 6,01,000 ~ 6 Lacs+",Rs 0 ~
306,220,G.s.jayalal,https://myneta.info/kerala2016/candidate.php?candidate_id=220,CHATHANNUR,CPI,2,10th Pass,https://myneta.info/image_v2.php?myneta_folder=kerala2016&candidate_id=220&col=ta,https://myneta.info/image_v2.php?myneta_folder=kerala2016&candidate_id=220&col=lia
307,194,G.sudhakaran,https://myneta.info/kerala2016/candidate.php?candidate_id=194,AMBALAPUZHA,CPI(M),1,Post Graduate,"Rs 54,29,533 ~ 54 Lacs+","Rs 70,442 ~ 70 Thou+"
308,643,Gaddafi A K,https://myneta.info/kerala2016/candidate.php?candidate_id=643,WADAKKANCHERY,SDPI,0,Not Given,"Rs 25,02,000 ~ 25 Lacs+","Rs 2,90,000 ~ 2 Lacs+"
309,1118,Ganesan,https://myneta.info/kerala2016/candidate.php?candidate_id=1118,TIRUR,Welfare Party Of India,4,Others,"Rs 1,09,31,000 ~ 1 Crore+","Rs 14,30,000 ~ 14 Lacs+"
310,144,Geetha,https://myneta.info/kerala2016/candidate.php?candidate_id=144,NATTIKA,CPI,1,12th Pass,"Rs 58,08,871 ~ 58 Lacs+","Rs 16,53,832 ~ 16 Lacs+"
311,433,Geetha Madhavan Pv,https://myneta.info/kerala2016/candidate.php?candidate_id=433,TIRURANGADI,BJP,0,10th Pass,"Rs 1,08,11,500 ~ 1 Crore+","Rs 14,60,000 ~ 14 Lacs+"
312,1304,Geethamma Madhavan,https://myneta.info/kerala2016/candidate.php?candidate_id=1304,RANNI,IND,0,10th Pass,"Rs 1,10,200 ~ 1 Lacs+",Rs 0 ~
313,660,George,https://myneta.info/kerala2016/candidate.php?candidate_id=660,PUTHUPPALLY,BJP,0,Post Graduate,"Rs 61,30,650 ~ 61 Lacs+","Rs 67,000 ~ 67 Thou+"
314,1015,George Chacko,https://myneta.info/kerala2016/candidate.php?candidate_id=1015,POONJAR,IND,0,12th Pass,"Rs 8,26,522 ~ 8 Lacs+",Rs 0 ~
315,1151,George Kutty. E.v,https://myneta.info/kerala2016/candidate.php?candidate_id=1151,MANNARKAD,IND,0,10th Pass,https://myneta.info/image_v2.php?myneta_folder=kerala2016&candidate_id=1151&col=ta,https://myneta.info/image_v2.php?myneta_folder=kerala2016&candidate_id=1151&col=lia
316,89,George M. Thomas,https://myneta.info/kerala2016/candidate.php?candidate_id=89,THIRUVAMBADY,CPI(M),1,12th Pass,"Rs 1,00,20,961 ~ 1 Crore+","Rs 8,51,668 ~ 8 Lacs+"
317,1009,Georgekutty,https://myneta.info/kerala2016/candidate.php?candidate_id=1009,POONJAR,Kerala Congress (M),0,12th Pass,"Rs 61,98,902 ~ 61 Lacs+","Rs 40,27,823 ~ 40 Lacs+"
318,1017,Georgekutty Sebastian,https://myneta.info/kerala2016/candidate.php?candidate_id=1017,POONJAR,IND,0,Post Graduate,"Rs 64,84,408 ~ 64 Lacs+","Rs 4,69,096 ~ 4 Lacs+"
319,994,Ginish John M,https://myneta.info/kerala2016/candidate.php?candidate_id=994,KADUTHURUTHY,BSP,0,10th Pass,"Rs 3,26,200 ~ 3 Lacs+",Rs 0 ~
320,817,Gireesh,https://myneta.info/kerala2016/candidate.php?candidate_id=817,PIRAVOM,Peoples Green Party,0,Graduate,"Rs 75,25,000 ~ 75 Lacs+","Rs 21,00,000 ~ 21 Lacs+"
321,651,Gireesh Babu,https://myneta.info/kerala2016/candidate.php?candidate_id=651,THRIPUNITHURA,IND,0,10th Pass,"Rs 43,900 ~ 43 Thou+",Rs 0 ~
322,413,Giri Pambanal,https://myneta.info/kerala2016/candidate.php?candidate_id=413,THIRUVAMBADY,Bharath Dharma Jana Sena,1,10th Pass,"Rs 22,71,720 ~ 22 Lacs+",Rs 0 ~
323,97,Girish Mekkatt,https://myneta.info/kerala2016/candidate.php?candidate_id=97,NILAMBUR,Bharath Dharma Jana Sena,0,Not Given,"Rs 8,66,522 ~ 8 Lacs+","Rs 4,57,246 ~ 4 Lacs+"
324,25,Gopakumar,https://myneta.info/kerala2016/candidate.php?candidate_id=25,THIRUVANANTHAPURAM,SUCI(C),0,12th Pass,https://myneta.info/image_v2.php?myneta_folder=kerala2016&candidate_id=25&col=ta,https://myneta.info/image_v2.php?myneta_folder=kerala2016&candidate_id=25&col=lia
325,939,Gopakumar B B,https://myneta.info/kerala2016/candidate.php?candidate_id=939,CHATHANNUR,BJP,1,Post Graduate,"Rs 55,51,947 ~ 55 Lacs+",Rs 0 ~
326,953,Gopalakrishnan,https://myneta.info/kerala2016/candidate.php?candidate_id=953,KARUNAGAPPALLY,BSP,0,Graduate,"Rs 11,54,076 ~ 11 Lacs+","Rs 2,30,000 ~ 2 Lacs+"
327,576,Gopi Kuthirakallu,https://myneta.info/kerala2016/candidate.php?candidate_id=576,UDMA,Peoples Democratic Party,0,10th Pass,"Rs 95,000 ~ 95 Thou+","Rs 20,000 ~ 20 Thou+"
328,1309,Habeeb Rahman,https://myneta.info/kerala2016/candidate.php?candidate_id=1309,ARANMULA,Peoples Democratic Party,0,8th Pass,"Rs 34,81,235 ~ 34 Lacs+","Rs 9,45,000 ~ 9 Lacs+"
329,1093,Hameed Vaniyambalam,https://myneta.info/kerala2016/candidate.php?candidate_id=1093,MANKADA,Welfare Party Of India,2,Post Graduate,"Rs 49,86,835 ~ 49 Lacs+",Rs 0 ~
330,1125,Haneefa,https://myneta.info/kerala2016/candidate.php?candidate_id=1125,TIRURANGADI,IND,0,10th Pass,"Rs 1,05,000 ~ 1 Lacs+",Rs 0 ~
331,1155,Hari Arumbil,https://myneta.info/kerala2016/candidate.php?candidate_id=1155,PALAKKAD,BSP,1,12th Pass,"Rs 4,75,000 ~ 4 Lacs+","Rs 3,25,000 ~ 3 Lacs+"
332,509,Hari Vijayan,https://myneta.info/kerala2016/candidate.php?candidate_id=509,PARAVUR,Bharath Dharma Jana Sena,4,10th Pass,"Rs 1,45,98,623 ~ 1 Crore+","Rs 1,02,84,888 ~ 1 Crore+"
333,961,Hariprasad,https://myneta.info/kerala2016/candidate.php?candidate_id=961,KOTTARAKKARA,IND,0,10th Pass,https://myneta.info/image_v2.php?myneta_folder=kerala2016&candidate_id=961&col=ta,https://myneta.info/image_v2.php?myneta_folder=kerala2016&candidate_id=961&col=lia
334,1006,Hassan Kunju P S,https://myneta.info/kerala2016/candidate.php?candidate_id=1006,PALA,IND,0,10th Pass,"Rs 1,36,56,000 ~ 1 Crore+",Rs 0 ~
335,18,Hassan.m.m,https://myneta.info/kerala2016/candidate.php?candidate_id=18,CHADAYAMANGALAM,INC,0,Graduate Professional,"Rs 2,08,23,702 ~ 2 Crore+","Rs 3,53,872 ~ 3 Lacs+"
336,514,Hibi Eden,https://myneta.info/kerala2016/candidate.php?candidate_id=514,ERANAKULAM,INC,0,Graduate,"Rs 44,82,312 ~ 44 Lacs+",Rs 0 ~
337,1376,Hussair K K,https://myneta.info/kerala2016/candidate.php?candidate_id=1376,MANALUR,SDPI,3,10th Pass,"Rs 1,44,46,000 ~ 1 Crore+","Rs 2,01,00,000 ~ 2 Crore+"
338,593,I C Balakrishnan,https://myneta.info/kerala2016/candidate.php?candidate_id=593,SULTHANBATHERY,INC,1,8th Pass,"Rs 20,12,806 ~ 20 Lacs+","Rs 3,98,636 ~ 3 Lacs+"
339,285,Ibrahim,https://myneta.info/kerala2016/candidate.php?candidate_id=285,TIRUR,SDPI,0,10th Pass,"Rs 3,08,85,904 ~ 3 Crore+",Rs 0 ~
340,39,Ibrahim T V,https://myneta.info/kerala2016/candidate.php?candidate_id=39,KONDOTTY,IUML,0,Post Graduate,"Rs 1,34,17,294 ~ 1 Crore+","Rs 23,57,303 ~ 23 Lacs+"
341,582,Ibrahim Thiruvattoor,https://myneta.info/kerala2016/candidate.php?candidate_id=582,TALIPARAMBA,SDPI,0,5th Pass,"Rs 1,11,000 ~ 1 Lacs+",Rs 0 ~
342,848,Idukki Ravi,https://myneta.info/kerala2016/candidate.php?candidate_id=848,IDUKKI,IND,0,8th Pass,https://myneta.info/image_v2.php?myneta_folder=kerala2016&candidate_id=848&col=ta,https://myneta.info/image_v2.php?myneta_folder=kerala2016&candidate_id=848&col=lia
343,1113,Ifthikarudheen. P.p,https://myneta.info/kerala2016/candidate.php?candidate_id=1113,THAVANUR,IND,0,10th Pass,"Rs 13,14,928 ~ 13 Lacs+","Rs 1,50,000 ~ 1 Lacs+"
344,439,Ifthiquarudheen. Master,https://myneta.info/kerala2016/candidate.php?candidate_id=439,THAVANUR,INC,0,Post Graduate,"Rs 36,54,728 ~ 36 Lacs+",Rs 0 ~
345,559,Indulekha Joseph,https://myneta.info/kerala2016/candidate.php?candidate_id=559,POONJAR,IND,0,Graduate Professional,"Rs 5,398 ~ 5 Thou+",Rs 0 ~
346,790,Iqbal,https://myneta.info/kerala2016/candidate.php?candidate_id=790,ERANAKULAM,BSP,0,5th Pass,"Rs 49,08,000 ~ 49 Lacs+","Rs 10,00,000 ~ 10 Lacs+"
347,599,Ismail.k,https://myneta.info/kerala2016/candidate.php?candidate_id=599,QUILANDY,SDPI,1,Not Given,"Rs 21,67,150 ~ 21 Lacs+",Rs 0 ~
348,215,J.mercy Kutty Amma,https://myneta.info/kerala2016/candidate.php?candidate_id=215,KUNDARA,CPI(M),2,Post Graduate,"Rs 31,54,609 ~ 31 Lacs+","Rs 63,314 ~ 63 Thou+"
349,726,J.vikraman,https://myneta.info/kerala2016/candidate.php?candidate_id=726,NEMOM,IND,0,Graduate,Nil,Rs 0 ~
350,1386,Jabbar,https://myneta.info/kerala2016/candidate.php?candidate_id=1386,VARKALA,Peoples Democratic Party,1,10th Pass,"Rs 30,04,997 ~ 30 Lacs+","Rs 4,15,866 ~ 4 Lacs+"
351,251,Jabeena Irshad,https://myneta.info/kerala2016/candidate.php?candidate_id=251,THALASSERY,Welfare Party Of India,0,10th Pass,https://myneta.info/image_v2.php?myneta_folder=kerala2016&candidate_id=251&col=ta,https://myneta.info/image_v2.php?myneta_folder=kerala2016&candidate_id=251&col=lia
352,774,Jacob Abraham,https://myneta.info/kerala2016/candidate.php?candidate_id=774,KUTTANAD,IND,0,10th Pass,"Rs 6,55,900 ~ 6 Lacs+",Rs 0 ~
353,348,Jaick C Thomas,https://myneta.info/kerala2016/candidate.php?candidate_id=348,PUTHUPPALLY,CPI(M),19,Graduate,"Rs 30,99,966 ~ 30 Lacs+",Rs 0 ~
354,727,Jain Wilson,https://myneta.info/kerala2016/candidate.php?candidate_id=727,NEMOM,IND,0,Graduate,"Rs 25,000 ~ 25 Thou+",Rs 0 ~
355,240,Jameela Prakasam,https://myneta.info/kerala2016/candidate.php?candidate_id=240,KOVALAM,JD(S),3,Post Graduate,"Rs 97,58,018 ~ 97 Lacs+","Rs 8,31,719 ~ 8 Lacs+"
356,1011,James Joseph,https://myneta.info/kerala2016/candidate.php?candidate_id=1011,POONJAR,IND,0,12th Pass,"Rs 52,29,500 ~ 52 Lacs+","Rs 4,66,000 ~ 4 Lacs+"
357,246,James Mathew,https://myneta.info/kerala2016/candidate.php?candidate_id=246,TALIPARAMBA,CPI(M),11,Graduate,"Rs 50,59,198 ~ 50 Lacs+","Rs 11,572 ~ 11 Thou+"
358,624,Janachandran,https://myneta.info/kerala2016/candidate.php?candidate_id=624,VALLIKKUNNU,BJP,1,Graduate Professional,"Rs 59,80,000 ~ 59 Lacs+","Rs 3,88,477 ~ 3 Lacs+"
359,664,Jayachandran,https://myneta.info/kerala2016/candidate.php?candidate_id=664,AMBALAPUZHA,BJP,1,10th Pass,"Rs 59,96,661 ~ 59 Lacs+",Rs 0 ~
360,1290,Jayachandran Nair,https://myneta.info/kerala2016/candidate.php?candidate_id=1290,PARASSALA,BJP,5,12th Pass,https://myneta.info/image_v2.php?myneta_folder=kerala2016&candidate_id=1290&col=ta,https://myneta.info/image_v2.php?myneta_folder=kerala2016&candidate_id=1290&col=lia
361,941,Jayakala L,https://myneta.info/kerala2016/candidate.php?candidate_id=941,CHATHANNUR,Ambedkarite Party of India,0,8th Pass,"Rs 42,000 ~ 42 Thou+",Rs 0 ~
362,1258,Jayan,https://myneta.info/kerala2016/candidate.php?candidate_id=1258,PUTHUKKAD,CPI(ML) Red Star,2,12th Pass,"Rs 15,000 ~ 15 Thou+",Rs 0 ~
363,1182,Jayanthakumar.b,https://myneta.info/kerala2016/candidate.php?candidate_id=1182,ATTINGAL,SHS,0,10th Pass,"Rs 1,21,000 ~ 1 Lacs+",Rs 0 ~
364,785,Jayanthi Avinash,https://myneta.info/kerala2016/candidate.php?candidate_id=785,ANGAMALY,BSP,0,10th Pass,"Rs 2,44,000 ~ 2 Lacs+","Rs 18,000 ~ 18 Thou+"
365,512,Jayarak K S,https://myneta.info/kerala2016/candidate.php?candidate_id=512,KOCHI,IND,0,Graduate,"Rs 4,66,000 ~ 4 Lacs+","Rs 1,70,000 ~ 1 Lacs+"
366,657,Jijo,https://myneta.info/kerala2016/candidate.php?candidate_id=657,PUTHUPPALLY,IND,0,10th Pass,"Rs 3,000 ~ 3 Thou+",Rs 0 ~
367,490,Jijo,https://myneta.info/kerala2016/candidate.php?candidate_id=490,CHALAKKUDY,IND,3,Graduate,"Rs 2,86,200 ~ 2 Lacs+","Rs 29,00,000 ~ 29 Lacs+"
368,1244,Jileef,https://myneta.info/kerala2016/candidate.php?candidate_id=1244,KUNNAMKULAM,SDPI,0,10th Pass,"Rs 3,25,000 ~ 3 Lacs+","Rs 80,000 ~ 80 Thou+"
369,922,John D Souza,https://myneta.info/kerala2016/candidate.php?candidate_id=922,MANJESHWAR,IND,0,10th Pass,https://myneta.info/image_v2.php?myneta_folder=kerala2016&candidate_id=922&col=ta,https://myneta.info/image_v2.php?myneta_folder=kerala2016&candidate_id=922&col=lia
370,1002,John Joy,https://myneta.info/kerala2016/candidate.php?candidate_id=1002,KOTTAYAM,IND,0,Graduate,"Rs 76,14,244 ~ 76 Lacs+",Rs 0 ~
371,153,John Peruvanthanam,https://myneta.info/kerala2016/candidate.php?candidate_id=153,PERUMBAVOOR,IND,1,8th Pass,"Rs 26,36,000 ~ 26 Lacs+","Rs 5,00,000 ~ 5 Lacs+"
372,700,Johnson Kandachira,https://myneta.info/kerala2016/candidate.php?candidate_id=700,KOLLAM,SDPI,0,10th Pass,"Rs 23,30,166 ~ 23 Lacs+","Rs 1,50,593 ~ 1 Lacs+"
373,799,Johny Stephen,https://myneta.info/kerala2016/candidate.php?candidate_id=799,KOCHI,IND,0,8th Pass,"Rs 5,53,109 ~ 5 Lacs+","Rs 86,000 ~ 86 Thou+"
374,772,Jose Koyippally,https://myneta.info/kerala2016/candidate.php?candidate_id=772,KUTTANAD,IND,0,Graduate,"Rs 88,69,942 ~ 88 Lacs+","Rs 27,43,274 ~ 27 Lacs+"
375,158,Jose Maveli,https://myneta.info/kerala2016/candidate.php?candidate_id=158,ALUVA,IND,3,10th Pass,"Rs 4,14,90,481 ~ 4 Crore+",Rs 0 ~
376,508,Jose Thomas,https://myneta.info/kerala2016/candidate.php?candidate_id=508,PARAVUR,Marxist Communist Party of India (United),0,Graduate,"Rs 89,76,674 ~ 89 Lacs+",Rs 0 ~
377,261,Joseph Ambalavayal,https://myneta.info/kerala2016/candidate.php?candidate_id=261,KALPETTA,Welfare Party Of India,2,Graduate,"Rs 8,78,000 ~ 8 Lacs+","Rs 3,00,000 ~ 3 Lacs+"
378,882,Joseph K C Kalayakkattil,https://myneta.info/kerala2016/candidate.php?candidate_id=882,IRIKKUR,IND,0,8th Pass,https://myneta.info/image_v2.php?myneta_folder=kerala2016&candidate_id=882&col=ta,https://myneta.info/image_v2.php?myneta_folder=kerala2016&candidate_id=882&col=lia
379,743,Joseph Kuttikkadan,https://myneta.info/kerala2016/candidate.php?candidate_id=743,AMBALAPUZHA,IND,0,10th Pass,"Rs 16,15,000 ~ 16 Lacs+",Rs 0 ~
380,1178,Joseph M Puthussery,https://myneta.info/kerala2016/candidate.php?candidate_id=1178,THIRUVALLA,Kerala Congress (M),0,Graduate Professional,"Rs 97,09,598 ~ 97 Lacs+","Rs 2,10,544 ~ 2 Lacs+"
381,851,Joseph M T,https://myneta.info/kerala2016/candidate.php?candidate_id=851,PEERUMADE,IND,1,Graduate,"Rs 14,06,872 ~ 14 Lacs+","Rs 2,26,000 ~ 2 Lacs+"
382,190,Joseph P C Purathayil,https://myneta.info/kerala2016/candidate.php?candidate_id=190,POONJAR,IND,0,Others,"Rs 53,01,238 ~ 53 Lacs+","Rs 9,60,000 ~ 9 Lacs+"
383,658,Joseph T M,https://myneta.info/kerala2016/candidate.php?candidate_id=658,PUTHUPPALLY,IND,0,10th Pass,"Rs 87,75,144 ~ 87 Lacs+","Rs 32,000 ~ 32 Thou+"
384,520,Joseph Vazhackan,https://myneta.info/kerala2016/candidate.php?candidate_id=520,MUVATTUPUZHA,INC,0,Graduate,"Rs 2,13,80,984 ~ 2 Crore+","Rs 46,00,000 ~ 46 Lacs+"
385,1173,Joshi Joseph,https://myneta.info/kerala2016/candidate.php?candidate_id=1173,KONNI,Welfare Party Of India,0,8th Pass,"Rs 11,92,198 ~ 11 Lacs+","Rs 3,30,000 ~ 3 Lacs+"
386,1241,Joshy Kumar K V,https://myneta.info/kerala2016/candidate.php?candidate_id=1241,KODUNGALLUR,IND,0,12th Pass,"Rs 1,02,15,700 ~ 1 Crore+",Rs 0 ~
387,789,Jossey Mathew,https://myneta.info/kerala2016/candidate.php?candidate_id=789,ERANAKULAM,IND,13,10th Pass,https://myneta.info/image_v2.php?myneta_folder=kerala2016&candidate_id=789&col=ta,https://myneta.info/image_v2.php?myneta_folder=kerala2016&candidate_id=789&col=lia
388,221,Joy V,https://myneta.info/kerala2016/candidate.php?candidate_id=221,VARKALA,CPI(M),3,Graduate Professional,"Rs 49,73,547 ~ 49 Lacs+","Rs 8,00,000 ~ 8 Lacs+"
389,293,Joy V S,https://myneta.info/kerala2016/candidate.php?candidate_id=293,MALAMPUZHA,INC,6,Graduate Professional,"Rs 44,15,239 ~ 44 Lacs+",Rs 0 ~
390,806,Justin T D,https://myneta.info/kerala2016/candidate.php?candidate_id=806,MUVATTUPUZHA,IND,1,10th Pass,"Rs 36,193 ~ 36 Thou+","Rs 1,00,000 ~ 1 Lacs+"
391,1317,Jyothish M R,https://myneta.info/kerala2016/candidate.php?candidate_id=1317,ADOOR,SDPI,0,10th Pass,"Rs 46,000 ~ 46 Thou+",Rs 0 ~
392,831,Jyothivas Paravur,https://myneta.info/kerala2016/candidate.php?candidate_id=831,VYPEN,Welfare Party Of India,1,10th Pass,"Rs 22,47,341 ~ 22 Lacs+","Rs 4,55,200 ~ 4 Lacs+"
393,1139,K Achuthan,https://myneta.info/kerala2016/candidate.php?candidate_id=1139,CHITTUR,INC,2,8th Pass,"Rs 1,12,80,706 ~ 1 Crore+","Rs 50,00,000 ~ 50 Lacs+"
394,825,K Babu,https://myneta.info/kerala2016/candidate.php?candidate_id=825,THRIPUNITHURA,INC,6,Graduate,"Rs 1,90,77,025 ~ 1 Crore+",Rs 0 ~
395,271,K Babu Mani,https://myneta.info/kerala2016/candidate.php?candidate_id=271,NILAMBUR,SDPI,0,10th Pass,"Rs 10,52,000 ~ 10 Lacs+",Rs 0 ~
396,881,K C Joseph,https://myneta.info/kerala2016/candidate.php?candidate_id=881,IRIKKUR,INC,0,Post Graduate,https://myneta.info/image_v2.php?myneta_folder=kerala2016&candidate_id=881&col=ta,https://myneta.info/image_v2.php?myneta_folder=kerala2016&candidate_id=881&col=lia
397,1058,K C Kumaran,https://myneta.info/kerala2016/candidate.php?candidate_id=1058,KUTTIADI,IND,0,10th Pass,"Rs 11,96,450 ~ 11 Lacs+","Rs 1,00,000 ~ 1 Lacs+"
398,837,K D Viswanathan,https://myneta.info/kerala2016/candidate.php?candidate_id=837,VYPEN,Peoples Democratic Party,0,10th Pass,"Rs 6,000 ~ 6 Thou+",Rs 0 ~
399,181,K Francis George,https://myneta.info/kerala2016/candidate.php?candidate_id=181,IDUKKI,IND,0,Graduate Professional,"Rs 4,78,76,578 ~ 4 Crore+","Rs 41,26,536 ~ 41 Lacs+"
400,1381,K H Mohammed Rafeek,https://myneta.info/kerala2016/candidate.php?candidate_id=1381,KAIPAMANGALAM,Socialistic Democratic Party,1,10th Pass,"Rs 5,40,000 ~ 5 Lacs+",Rs 0 ~
401,167,K J Leenus,https://myneta.info/kerala2016/candidate.php?candidate_id=167,KOCHI,IND,0,Graduate,"Rs 97,38,600 ~ 97 Lacs+","Rs 20,00,000 ~ 20 Lacs+"
402,166,K J Maxi,https://myneta.info/kerala2016/candidate.php?candidate_id=166,KOCHI,CPI(M),4,8th Pass,"Rs 93,95,514 ~ 93 Lacs+","Rs 48,90,554 ~ 48 Lacs+"
403,377,K K Abdul Jabbar,https://myneta.info/kerala2016/candidate.php?candidate_id=377,AZHIKODE,SDPI,2,10th Pass,"Rs 27,14,324 ~ 27 Lacs+",Rs 0 ~
404,332,K K Lathika,https://myneta.info/kerala2016/candidate.php?candidate_id=332,KUTTIADI,CPI(M),16,10th Pass,"Rs 70,10,833 ~ 70 Lacs+","Rs 1,98,314 ~ 1 Lacs+"
405,389,K K Rema T P House,https://myneta.info/kerala2016/candidate.php?candidate_id=389,VADAKARA,IND,3,Graduate,https://myneta.info/image_v2.php?myneta_folder=kerala2016&candidate_id=389&col=ta,https://myneta.info/image_v2.php?myneta_folder=kerala2016&candidate_id=389&col=lia
406,75,K K Shailaja Teacher,https://myneta.info/kerala2016/candidate.php?candidate_id=75,KUTHUPARAMBA,CPI(M),8,Graduate Professional,"Rs 90,74,456 ~ 90 Lacs+","Rs 29,76,055 ~ 29 Lacs+"
407,146,K K Shajahan,https://myneta.info/kerala2016/candidate.php?candidate_id=146,KAIPAMANGALAM,Welfare Party Of India,2,8th Pass,"Rs 6,30,000 ~ 6 Lacs+","Rs 1,20,000 ~ 1 Lacs+"
408,838,K K Vamalochanan,https://myneta.info/kerala2016/candidate.php?candidate_id=838,VYPEN,Bharath Dharma Jana Sena,0,12th Pass,"Rs 53,32,212 ~ 53 Lacs+","Rs 1,75,500 ~ 1 Lacs+"
409,1287,K K Vasu,https://myneta.info/kerala2016/candidate.php?candidate_id=1287,SULTHANBATHERY,SP,2,5th Pass,"Rs 1,52,700 ~ 1 Lacs+","Rs 50,000 ~ 50 Thou+"
410,1144,K Krishnankutty,https://myneta.info/kerala2016/candidate.php?candidate_id=1144,CHITTUR,IND,0,8th Pass,"Rs 3,14,15,888 ~ 3 Crore+",Rs 0 ~
411,1134,K Krishnankutty,https://myneta.info/kerala2016/candidate.php?candidate_id=1134,ALATHUR,BSP,0,10th Pass,"Rs 1,67,700 ~ 1 Lacs+",Rs 0 ~
412,54,K Kunhiraman,https://myneta.info/kerala2016/candidate.php?candidate_id=54,UDMA,CPI(M),1,8th Pass,"Rs 79,64,263 ~ 79 Lacs+","Rs 4,99,236 ~ 4 Lacs+"
413,933,K Kunhiraman Periyanganam,https://myneta.info/kerala2016/candidate.php?candidate_id=933,UDMA,IND,0,Graduate Professional,"Rs 44,36,000 ~ 44 Lacs+","Rs 2,80,000 ~ 2 Lacs+"
414,636,K Kusalakumaran,https://myneta.info/kerala2016/candidate.php?candidate_id=636,ALATHUR,Kerala Congress (M),0,Graduate Professional,https://myneta.info/image_v2.php?myneta_folder=kerala2016&candidate_id=636&col=ta,https://myneta.info/image_v2.php?myneta_folder=kerala2016&candidate_id=636&col=lia
415,10,K M Mani,https://myneta.info/kerala2016/candidate.php?candidate_id=10,PALA,Kerala Congress (M),0,Graduate Professional,"Rs 4,94,47,508 ~ 4 Crore+",Rs 0 ~
416,63,K M Shaji,https://myneta.info/kerala2016/candidate.php?candidate_id=63,AZHIKODE,IUML,3,12th Pass,"Rs 70,27,851 ~ 70 Lacs+","Rs 8,60,000 ~ 8 Lacs+"
417,875,"K M Shaji, Mamba",https://myneta.info/kerala2016/candidate.php?candidate_id=875,AZHIKODE,IND,0,10th Pass,"Rs 15,32,900 ~ 15 Lacs+",Rs 0 ~
418,188,K M Sivaprasad Gandhi,https://myneta.info/kerala2016/candidate.php?candidate_id=188,PUTHUPPALLY,IND,0,Graduate,"Rs 1,38,96,000 ~ 1 Crore+","Rs 9,00,000 ~ 9 Lacs+"
419,927,K M Sreedharan,https://myneta.info/kerala2016/candidate.php?candidate_id=927,TRIKARIPUR,IND,0,10th Pass,"Rs 10,60,021 ~ 10 Lacs+","Rs 3,15,936 ~ 3 Lacs+"
420,861,K M Veenas,https://myneta.info/kerala2016/candidate.php?candidate_id=861,THODUPUZHA,IND,0,Literate,"Rs 23,766 ~ 23 Thou+",Rs 0 ~
421,527,K Manikandan,https://myneta.info/kerala2016/candidate.php?candidate_id=527,DEVIKULAM,IND,0,12th Pass,"Rs 12,06,000 ~ 12 Lacs+","Rs 2,40,000 ~ 2 Lacs+"
422,385,K Mohandas,https://myneta.info/kerala2016/candidate.php?candidate_id=385,MANANTHAVADY,BJP,1,8th Pass,"Rs 8,50,549 ~ 8 Lacs+","Rs 3,16,022 ~ 3 Lacs+"
423,23,K Muraleedharan,https://myneta.info/kerala2016/candidate.php?candidate_id=23,VATTIYOORKAVU,INC,0,Graduate,https://myneta.info/image_v2.php?myneta_folder=kerala2016&candidate_id=23&col=ta,https://myneta.info/image_v2.php?myneta_folder=kerala2016&candidate_id=23&col=lia
424,1035,K P Aboobacker,https://myneta.info/kerala2016/candidate.php?candidate_id=1035,KODUVALLY,IND,1,8th Pass,"Rs 64,21,908 ~ 64 Lacs+","Rs 75,000 ~ 75 Thou+"
425,530,K P Ayyappan,https://myneta.info/kerala2016/candidate.php?candidate_id=530,DEVIKULAM,IND,0,Literate,"Rs 65,500 ~ 65 Thou+",Rs 0 ~
426,40,K P Beerankutty,https://myneta.info/kerala2016/candidate.php?candidate_id=40,KONDOTTY,IND,0,Graduate,"Rs 1,34,98,535 ~ 1 Crore+",Rs 0 ~
427,150,K P Dhanapalan,https://myneta.info/kerala2016/candidate.php?candidate_id=150,KODUNGALLUR,INC,1,Graduate,"Rs 1,26,46,428 ~ 1 Crore+",Rs 0 ~
428,602,K P Gopi,https://myneta.info/kerala2016/candidate.php?candidate_id=602,PERAMBRA,SDPI,0,8th Pass,"Rs 6,85,000 ~ 6 Lacs+",Rs 0 ~
429,896,K P Mohanan (hridyam),https://myneta.info/kerala2016/candidate.php?candidate_id=896,KUTHUPARAMBA,IND,0,10th Pass,"Rs 9,25,428 ~ 9 Lacs+","Rs 75,000 ~ 75 Thou+"
430,895,K P Mohanan (vedichalil),https://myneta.info/kerala2016/candidate.php?candidate_id=895,KUTHUPARAMBA,IND,0,10th Pass,"Rs 80,06,843 ~ 80 Lacs+","Rs 12,32,976 ~ 12 Lacs+"
431,382,K P Mohanan S/o P R Kurup,https://myneta.info/kerala2016/candidate.php?candidate_id=382,KUTHUPARAMBA,JD(U),5,12th Pass,"Rs 1,03,32,854 ~ 1 Crore+",Rs 0 ~
432,921,K P Muneer,https://myneta.info/kerala2016/candidate.php?candidate_id=921,MANJESHWAR,IND,0,8th Pass,https://myneta.info/image_v2.php?myneta_folder=kerala2016&candidate_id=921&col=ta,https://myneta.info/image_v2.php?myneta_folder=kerala2016&candidate_id=921&col=lia
433,898,K P Shylaja (prasanth),https://myneta.info/kerala2016/candidate.php?candidate_id=898,KUTHUPARAMBA,IND,0,10th Pass,"Rs 3,21,500 ~ 3 Lacs+","Rs 1,25,000 ~ 1 Lacs+"
434,364,K P Sreesan,https://myneta.info/kerala2016/candidate.php?candidate_id=364,KOZHIKODE NORTH,BJP,2,Graduate,"Rs 87,68,725 ~ 87 Lacs+",Rs 0 ~
435,107,K P Sumathi,https://myneta.info/kerala2016/candidate.php?candidate_id=107,MALAPPURAM,CPI(M),3,Graduate Professional,"Rs 94,95,026 ~ 94 Lacs+",Rs 0 ~
436,839,K R Subhash,https://myneta.info/kerala2016/candidate.php?candidate_id=839,VYPEN,INC,0,12th Pass,"Rs 71,12,315 ~ 71 Lacs+","Rs 8,75,534 ~ 8 Lacs+"
437,588,K Raghunath,https://myneta.info/kerala2016/candidate.php?candidate_id=588,KUTHUPARAMBA,IND,0,Graduate,"Rs 16,22,020 ~ 16 Lacs+",Rs 0 ~
438,318,K S Sadasivan,https://myneta.info/kerala2016/candidate.php?candidate_id=318,VYPEN,IND,0,8th Pass,"Rs 8,24,453 ~ 8 Lacs+","Rs 15,000 ~ 15 Thou+"
439,836,K S Subhash,https://myneta.info/kerala2016/candidate.php?candidate_id=836,VYPEN,IND,0,Graduate,"Rs 2,11,400 ~ 2 Lacs+","Rs 18,000 ~ 18 Thou+"
440,907,K Sadanandan,https://myneta.info/kerala2016/candidate.php?candidate_id=907,TALIPARAMBA,IND,0,10th Pass,"Rs 50,000 ~ 50 Thou+","Rs 30,000 ~ 30 Thou+"
441,256,K Sadanandan,https://myneta.info/kerala2016/candidate.php?candidate_id=256,KALPETTA,BJP,3,12th Pass,https://myneta.info/image_v2.php?myneta_folder=kerala2016&candidate_id=256&col=ta,https://myneta.info/image_v2.php?myneta_folder=kerala2016&candidate_id=256&col=lia
442,928,K Sudhakaran,https://myneta.info/kerala2016/candidate.php?candidate_id=928,UDMA,INC,1,Graduate Professional,"Rs 4,12,42,001 ~ 4 Crore+","Rs 53,99,285 ~ 53 Lacs+"
443,894,K Sudhakaran,https://myneta.info/kerala2016/candidate.php?candidate_id=894,KANNUR,IND,0,10th Pass,"Rs 64,12,350 ~ 64 Lacs+",Rs 0 ~
444,362,K Surendran,https://myneta.info/kerala2016/candidate.php?candidate_id=362,MANJESHWAR,BJP,11,Graduate,"Rs 26,76,928 ~ 26 Lacs+","Rs 14,12,233 ~ 14 Lacs+"
445,60,K T Jose,https://myneta.info/kerala2016/candidate.php?candidate_id=60,IRIKKUR,CPI,0,12th Pass,"Rs 40,43,475 ~ 40 Lacs+","Rs 7,62,000 ~ 7 Lacs+"
446,454,K T Padmini,https://myneta.info/kerala2016/candidate.php?candidate_id=454,OTTAPALAM,BSP,0,10th Pass,"Rs 8,20,000 ~ 8 Lacs+","Rs 1,50,000 ~ 1 Lacs+"
447,132,K. Babu,https://myneta.info/kerala2016/candidate.php?candidate_id=132,NENMARA,CPI(M),3,12th Pass,"Rs 31,49,338 ~ 31 Lacs+","Rs 5,60,573 ~ 5 Lacs+"
448,957,K. Balakrishnan,https://myneta.info/kerala2016/candidate.php?candidate_id=957,KOLLAM,BSP,0,Literate,"Rs 10,000 ~ 10 Thou+",Rs 0 ~
449,1256,K. G. Rajan,https://myneta.info/kerala2016/candidate.php?candidate_id=1256,OLLUR,IND,0,8th Pass,"Rs 3,09,486 ~ 3 Lacs+","Rs 2,43,000 ~ 2 Lacs+"
450,383,K. P. Prasanth,https://myneta.info/kerala2016/candidate.php?candidate_id=383,MATTANNUR,JD(U),0,Graduate,https://myneta.info/image_v2.php?myneta_folder=kerala2016&candidate_id=383&col=ta,https://myneta.info/image_v2.php?myneta_folder=kerala2016&candidate_id=383&col=lia
451,1356,K. Rajinesh Babu,https://myneta.info/kerala2016/candidate.php?candidate_id=1356,QUILANDY,BJP,0,12th Pass,"Rs 7,21,425 ~ 7 Lacs+",Rs 0 ~
452,1341,K. Sasikumar,https://myneta.info/kerala2016/candidate.php?candidate_id=1341,KATTAKKADA,IND,0,10th Pass,"Rs 2,000 ~ 2 Thou+",Rs 0 ~
453,327,K.a.vinod,https://myneta.info/kerala2016/candidate.php?candidate_id=327,ALAPPUZHA,SUCI(C),0,Graduate,"Rs 15,000 ~ 15 Thou+",Rs 0 ~
454,355,K.ansalan,https://myneta.info/kerala2016/candidate.php?candidate_id=355,NEYYATTINKARA,CPI(M),7,12th Pass,"Rs 12,06,159 ~ 12 Lacs+","Rs 3,00,000 ~ 3 Lacs+"
455,970,K.b. Ganesh Kumar,https://myneta.info/kerala2016/candidate.php?candidate_id=970,PATHANAPURAM,Kerala Congress (B),1,12th Pass,"Rs 22,21,33,032 ~ 22 Crore+",Rs 0 ~
456,333,K.dasan,https://myneta.info/kerala2016/candidate.php?candidate_id=333,QUILANDY,CPI(M),1,10th Pass,"Rs 23,10,076 ~ 23 Lacs+","Rs 3,19,440 ~ 3 Lacs+"
457,379,K.g. Babu,https://myneta.info/kerala2016/candidate.php?candidate_id=379,KANNUR,BJP,2,12th Pass,"Rs 70,91,839 ~ 70 Lacs+","Rs 16,53,359 ~ 16 Lacs+"
458,640,K.g.mohanan,https://myneta.info/kerala2016/candidate.php?candidate_id=640,GURUVAYOOR,Welfare Party Of India,0,10th Pass,"Rs 18,44,442 ~ 18 Lacs+","Rs 55,250 ~ 55 Thou+"
459,125,K.p. Suresh Rajan,https://myneta.info/kerala2016/candidate.php?candidate_id=125,MANNARKAD,CPI,3,Not Given,https://myneta.info/image_v2.php?myneta_folder=kerala2016&candidate_id=125&col=ta,https://myneta.info/image_v2.php?myneta_folder=kerala2016&candidate_id=125&col=lia
460,567,K.prathapan,https://myneta.info/kerala2016/candidate.php?candidate_id=567,AROOR,SUCI(C),0,12th Pass,"Rs 1,10,000 ~ 1 Lacs+",Rs 0 ~
461,1186,K.s.ajith Kumar,https://myneta.info/kerala2016/candidate.php?candidate_id=1186,CHIRAYINKEEZHU,INC,0,12th Pass,"Rs 21,74,742 ~ 21 Lacs+","Rs 4,35,000 ~ 4 Lacs+"
462,213,K.sasankan,https://myneta.info/kerala2016/candidate.php?candidate_id=213,PUNALUR,SUCI(C),0,Post Graduate,"Rs 8,97,964 ~ 8 Lacs+","Rs 2,50,000 ~ 2 Lacs+"
463,603,K.t Sivan,https://myneta.info/kerala2016/candidate.php?candidate_id=603,BALUSSERI,IND,0,10th Pass,"Rs 21,21,160 ~ 21 Lacs+","Rs 3,96,000 ~ 3 Lacs+"
464,48,K.t. Jaleel,https://myneta.info/kerala2016/candidate.php?candidate_id=48,THAVANUR,IND,2,Doctorate,"Rs 96,31,487 ~ 96 Lacs+","Rs 3,90,000 ~ 3 Lacs+"
465,136,K.v. Abdul Khader,https://myneta.info/kerala2016/candidate.php?candidate_id=136,GURUVAYOOR,CPI(M),0,10th Pass,"Rs 34,37,618 ~ 34 Lacs+","Rs 3,69,785 ~ 3 Lacs+"
466,750,K.v.joseph,https://myneta.info/kerala2016/candidate.php?candidate_id=750,CHERTHALA,IND,0,Graduate,"Rs 1,30,000 ~ 1 Lacs+",Rs 0 ~
467,965,Kabeer Kutty.i.puthezham,https://myneta.info/kerala2016/candidate.php?candidate_id=965,KUNDARA,Peoples Democratic Party,0,8th Pass,"Rs 86,52,668 ~ 86 Lacs+",Rs 0 ~
468,22,Kadakampally Surendran,https://myneta.info/kerala2016/candidate.php?candidate_id=22,KAZHAKKOOTTAM,CPI(M),45,Graduate,https://myneta.info/image_v2.php?myneta_folder=kerala2016&candidate_id=22&col=ta,https://myneta.info/image_v2.php?myneta_folder=kerala2016&candidate_id=22&col=lia
469,1085,Kadeeja,https://myneta.info/kerala2016/candidate.php?candidate_id=1085,KONDOTTY,IND,0,10th Pass,"Rs 9,15,000 ~ 9 Lacs+",Rs 0 ~
470,404,Kamala Pavithran,https://myneta.info/kerala2016/candidate.php?candidate_id=404,KOZHIKODE SOUTH,BSP,0,10th Pass,"Rs 31,30,000 ~ 31 Lacs+","Rs 2,00,000 ~ 2 Lacs+"
471,829,Kamarudheen,https://myneta.info/kerala2016/candidate.php?candidate_id=829,THRIPUNITHURA,BSP,0,10th Pass,"Rs 14,38,000 ~ 14 Lacs+",Rs 0 ~
472,38,Karat Razack,https://myneta.info/kerala2016/candidate.php?candidate_id=38,KODUVALLY,IND,1,8th Pass,"Rs 51,48,084 ~ 51 Lacs+",Rs 0 ~
473,1296,Kelu Chayimmal,https://myneta.info/kerala2016/candidate.php?candidate_id=1296,MANANTHAVADY,IND,0,8th Pass,"Rs 41,636 ~ 41 Thou+",Rs 0 ~
474,1282,Kelu Kolliyil,https://myneta.info/kerala2016/candidate.php?candidate_id=1282,MANANTHAVADY,IND,0,5th Pass,Rs 100 ~ 1 Hund+,Rs 0 ~
475,126,Kesavadev. A.p,https://myneta.info/kerala2016/candidate.php?candidate_id=126,MANNARKAD,Bharath Dharma Jana Sena,0,Graduate Professional,"Rs 1,93,88,527 ~ 1 Crore+","Rs 79,00,550 ~ 79 Lacs+"
476,317,Khalid Mundappilly,https://myneta.info/kerala2016/candidate.php?candidate_id=317,ALUVA,IND,0,8th Pass,"Rs 25,89,816 ~ 25 Lacs+",Rs 0 ~
477,1359,Kk Vasu,https://myneta.info/kerala2016/candidate.php?candidate_id=1359,NADAPURAM,BSP,0,8th Pass,https://myneta.info/image_v2.php?myneta_folder=kerala2016&candidate_id=1359&col=ta,https://myneta.info/image_v2.php?myneta_folder=kerala2016&candidate_id=1359&col=lia
478,1191,Kochumani,https://myneta.info/kerala2016/candidate.php?candidate_id=1191,KAZHAKKOOTTAM,BSP,0,10th Pass,"Rs 69,100 ~ 69 Thou+","Rs 46,000 ~ 46 Thou+"
479,899,Kodippadi Prasanth,https://myneta.info/kerala2016/candidate.php?candidate_id=899,MATTANNUR,IND,0,12th Pass,"Rs 98,472 ~ 98 Thou+","Rs 81,692 ~ 81 Thou+"
480,209,Kovoor Kunjumon,https://myneta.info/kerala2016/candidate.php?candidate_id=209,KUNNATHUR,IND,0,10th Pass,"Rs 4,73,489 ~ 4 Lacs+",Rs 0 ~
481,1100,Koyilan Ramakrishnan,https://myneta.info/kerala2016/candidate.php?candidate_id=1100,PONNANI,IND,0,Illiterate,"Rs 6,250 ~ 6 Thou+",Rs 0 ~
482,917,Krishnakumar K U,https://myneta.info/kerala2016/candidate.php?candidate_id=917,KANHANGAD,IND,0,10th Pass,"Rs 31,500 ~ 31 Thou+",Rs 0 ~
483,461,Krishnakumar.c,https://myneta.info/kerala2016/candidate.php?candidate_id=461,MALAMPUZHA,BJP,8,Graduate,"Rs 88,31,231 ~ 88 Lacs+","Rs 13,79,657 ~ 13 Lacs+"
484,99,Krishnan,https://myneta.info/kerala2016/candidate.php?candidate_id=99,WANDOOR,Welfare Party Of India,0,10th Pass,"Rs 33,37,000 ~ 33 Lacs+","Rs 3,07,000 ~ 3 Lacs+"
485,272,Krishnan Eranhikkal,https://myneta.info/kerala2016/candidate.php?candidate_id=272,WANDOOR,SDPI,1,12th Pass,"Rs 11,86,000 ~ 11 Lacs+","Rs 40,000 ~ 40 Thou+"
486,297,Krishnankutty K,https://myneta.info/kerala2016/candidate.php?candidate_id=297,CHITTUR,JD(S),0,8th Pass,https://myneta.info/image_v2.php?myneta_folder=kerala2016&candidate_id=297&col=ta,https://myneta.info/image_v2.php?myneta_folder=kerala2016&candidate_id=297&col=lia
487,538,Kumar,https://myneta.info/kerala2016/candidate.php?candidate_id=538,PEERUMADE,BJP,0,Literate,"Rs 39,44,000 ~ 39 Lacs+","Rs 9,36,000 ~ 9 Lacs+"
488,24,Kummanam Rajasekharan,https://myneta.info/kerala2016/candidate.php?candidate_id=24,VATTIYOORKAVU,BJP,0,Graduate,"Rs 10,49,714 ~ 10 Lacs+",Rs 0 ~
489,428,Kunhalikkutty,https://myneta.info/kerala2016/candidate.php?candidate_id=428,VENGARA,IUML,0,Graduate,"Rs 5,35,65,694 ~ 5 Crore+","Rs 13,88,802 ~ 13 Lacs+"
490,33,Kunhikannan.k.p,https://myneta.info/kerala2016/candidate.php?candidate_id=33,TRIKARIPUR,INC,2,10th Pass,"Rs 44,58,981 ~ 44 Lacs+","Rs 9,48,050 ~ 9 Lacs+"
491,925,Kunhikannan.k.p,https://myneta.info/kerala2016/candidate.php?candidate_id=925,TRIKARIPUR,IND,0,Not Given,"Rs 6,58,635 ~ 6 Lacs+","Rs 50,000 ~ 50 Thou+"
492,1068,Kunhikkannan,https://myneta.info/kerala2016/candidate.php?candidate_id=1068,QUILANDY,CPI(ML) Red Star,0,Literate,"Rs 55,000 ~ 55 Thou+",Rs 0 ~
493,108,Kunhikoya Thangal O,https://myneta.info/kerala2016/candidate.php?candidate_id=108,VALLIKKUNNU,Indian National League,0,Post Graduate,"Rs 52,97,646 ~ 52 Lacs+","Rs 15,53,147 ~ 15 Lacs+"
494,631,Kunhimohamed,https://myneta.info/kerala2016/candidate.php?candidate_id=631,KOTTAKKAL,Peoples Democratic Party,0,Others,"Rs 2,15,05,335 ~ 2 Crore+","Rs 42,58,869 ~ 42 Lacs+"
495,967,Kunjumon,https://myneta.info/kerala2016/candidate.php?candidate_id=967,KUNNATHUR,IND,0,10th Pass,https://myneta.info/image_v2.php?myneta_folder=kerala2016&candidate_id=967&col=ta,https://myneta.info/image_v2.php?myneta_folder=kerala2016&candidate_id=967&col=lia
496,985,Kunjumon Abraham,https://myneta.info/kerala2016/candidate.php?candidate_id=985,CHANGANASSERY,IND,0,8th Pass,"Rs 13,500 ~ 13 Thou+",Rs 0 ~
497,800,Kuruvilla,https://myneta.info/kerala2016/candidate.php?candidate_id=800,KOTHAMANGALAM,Kerala Congress (M),1,Others,"Rs 17,42,87,488 ~ 17 Crore+","Rs 1,38,69,690 ~ 1 Crore+"
498,545,Kuttan,https://myneta.info/kerala2016/candidate.php?candidate_id=545,VAIKOM,IND,0,10th Pass,"Rs 11,31,100 ~ 11 Lacs+","Rs 1,10,000 ~ 1 Lacs+"
499,653,Kuttappan N O,https://myneta.info/kerala2016/candidate.php?candidate_id=653,KUNNATHUNAD,SP,0,10th Pass,"Rs 1,43,750 ~ 1 Lacs+","Rs 3,00,000 ~ 3 Lacs+"
500,1281,Lakshmi,https://myneta.info/kerala2016/candidate.php?candidate_id=1281,MANANTHAVADY,IND,0,5th Pass,"Rs 2,73,208 ~ 2 Lacs+","Rs 10,000 ~ 10 Thou+"
501,819,Lal V,https://myneta.info/kerala2016/candidate.php?candidate_id=819,THRIKKAKARA,IND,0,Others,Nil,Rs 0 ~
502,157,Latha,https://myneta.info/kerala2016/candidate.php?candidate_id=157,ALUVA,BJP,0,10th Pass,"Rs 42,54,445 ~ 42 Lacs+",Rs 0 ~
503,612,Latheef Anora,https://myneta.info/kerala2016/candidate.php?candidate_id=612,KUNNAMANGALAM,SDPI,1,Not Given,"Rs 92,85,500 ~ 92 Lacs+",Rs 0 ~
504,763,Liju,https://myneta.info/kerala2016/candidate.php?candidate_id=763,KAYAMKULAM,IND,0,12th Pass,https://myneta.info/image_v2.php?myneta_folder=kerala2016&candidate_id=763&col=ta,https://myneta.info/image_v2.php?myneta_folder=kerala2016&candidate_id=763&col=lia
505,569,Liyakathali,https://myneta.info/kerala2016/candidate.php?candidate_id=569,AROOR,SDPI,0,10th Pass,"Rs 57,10,000 ~ 57 Lacs+","Rs 2,60,000 ~ 2 Lacs+"
506,445,M A Moideenkutty Master,https://myneta.info/kerala2016/candidate.php?candidate_id=445,PATTAMBI,Welfare Party Of India,2,Graduate Professional,"Rs 10,41,023 ~ 10 Lacs+","Rs 2,46,367 ~ 2 Lacs+"
507,344,M Anil Kumar,https://myneta.info/kerala2016/candidate.php?candidate_id=344,ERANAKULAM,CPI(M),9,Post Graduate,"Rs 2,44,67,351 ~ 2 Crore+",Rs 0 ~
508,869,M J Fransis,https://myneta.info/kerala2016/candidate.php?candidate_id=869,UDUMBANCHOLA,IND,0,10th Pass,"Rs 20,76,000 ~ 20 Lacs+",Rs 0 ~
509,176,M J Jacob,https://myneta.info/kerala2016/candidate.php?candidate_id=176,PIRAVOM,CPI(M),0,Post Graduate,"Rs 2,02,95,061 ~ 2 Crore+","Rs 28,39,389 ~ 28 Lacs+"
510,378,M Joseph John,https://myneta.info/kerala2016/candidate.php?candidate_id=378,AZHIKODE,Welfare Party Of India,0,10th Pass,"Rs 3,01,700 ~ 3 Lacs+",Rs 0 ~
511,497,M K Kanjanavally,https://myneta.info/kerala2016/candidate.php?candidate_id=497,ANGAMALY,SUCI(C),0,10th Pass,"Rs 59,75,028 ~ 59 Lacs+","Rs 3,68,804 ~ 3 Lacs+"
512,493,M M Yoosaf,https://myneta.info/kerala2016/candidate.php?candidate_id=493,PERUMBAVOOR,IND,1,10th Pass,"Rs 60,00,000 ~ 60 Lacs+","Rs 7,500 ~ 7 Thou+"
513,353,M Mukesh,https://myneta.info/kerala2016/candidate.php?candidate_id=353,KOLLAM,CPI(M),0,Graduate,https://myneta.info/image_v2.php?myneta_folder=kerala2016&candidate_id=353&col=ta,https://myneta.info/image_v2.php?myneta_folder=kerala2016&candidate_id=353&col=lia
514,577,M P Raghavan,https://myneta.info/kerala2016/candidate.php?candidate_id=577,KANHANGAD,Bharath Dharma Jana Sena,0,8th Pass,"Rs 9,43,13,574 ~ 9 Crore+",Rs 0 ~
515,393,M P Rajan,https://myneta.info/kerala2016/candidate.php?candidate_id=393,NADAPURAM,BJP,2,10th Pass,"Rs 22,12,500 ~ 22 Lacs+",Rs 0 ~
516,475,M P Vincent,https://myneta.info/kerala2016/candidate.php?candidate_id=475,OLLUR,INC,1,Graduate,"Rs 1,76,38,038 ~ 1 Crore+","Rs 8,96,923 ~ 8 Lacs+"
517,562,M R Ullas,https://myneta.info/kerala2016/candidate.php?candidate_id=562,POONJAR,Bharath Dharma Jana Sena,0,Graduate Professional,"Rs 96,31,766 ~ 96 Lacs+","Rs 46,93,725 ~ 46 Lacs+"
518,547,M S Noushad,https://myneta.info/kerala2016/candidate.php?candidate_id=547,ETTUMANOOR,Peoples Democratic Party,0,10th Pass,"Rs 7,96,500 ~ 7 Lacs+",Rs 0 ~
519,698,M S Syam Kumar,https://myneta.info/kerala2016/candidate.php?candidate_id=698,KUNDARA,BJP,0,Post Graduate,"Rs 80,60,955 ~ 80 Lacs+",Rs 0 ~
520,466,M Sasikumar,https://myneta.info/kerala2016/candidate.php?candidate_id=466,CHITTUR,BJP,0,Post Graduate,"Rs 35,32,087 ~ 35 Lacs+","Rs 18,03,000 ~ 18 Lacs+"
521,168,M Swaraj,https://myneta.info/kerala2016/candidate.php?candidate_id=168,THRIPUNITHURA,CPI(M),20,Post Graduate,"Rs 38,89,817 ~ 38 Lacs+","Rs 4,56,946 ~ 4 Lacs+"
522,601,M T Muhammed Master,https://myneta.info/kerala2016/candidate.php?candidate_id=601,PERAMBRA,CPI(ML) Red Star,0,Graduate Professional,https://myneta.info/image_v2.php?myneta_folder=kerala2016&candidate_id=601&col=ta,https://myneta.info/image_v2.php?myneta_folder=kerala2016&candidate_id=601&col=lia
523,1307,M T Ramesh,https://myneta.info/kerala2016/candidate.php?candidate_id=1307,ARANMULA,BJP,1,Graduate,"Rs 14,14,000 ~ 14 Lacs+","Rs 2,00,000 ~ 2 Lacs+"
524,65,M V Nikesh Kumar,https://myneta.info/kerala2016/candidate.php?candidate_id=65,AZHIKODE,CPI(M),56,Graduate,"Rs 5,64,57,199 ~ 5 Crore+","Rs 1,65,00,000 ~ 1 Crore+"
525,37,M. A. Razak Master,https://myneta.info/kerala2016/candidate.php?candidate_id=37,KODUVALLY,IUML,0,10th Pass,"Rs 57,76,905 ~ 57 Lacs+",Rs 0 ~
526,329,M. Noushad,https://myneta.info/kerala2016/candidate.php?candidate_id=329,ERAVIPURAM,CPI(M),6,12th Pass,"Rs 17,28,911 ~ 17 Lacs+","Rs 3,98,794 ~ 3 Lacs+"
527,1344,M. Sugathan,https://myneta.info/kerala2016/candidate.php?candidate_id=1344,KOVALAM,IND,3,5th Pass,"Rs 10,42,750 ~ 10 Lacs+","Rs 50,000 ~ 50 Thou+"
528,722,M.a.vahid,https://myneta.info/kerala2016/candidate.php?candidate_id=722,KAZHAKKOOTTAM,INC,1,Graduate Professional,"Rs 98,20,020 ~ 98 Lacs+","Rs 11,00,000 ~ 11 Lacs+"
529,924,M.bhaskaran,https://myneta.info/kerala2016/candidate.php?candidate_id=924,TRIKARIPUR,BJP,0,10th Pass,"Rs 40,79,577 ~ 40 Lacs+",Rs 0 ~
530,738,M.c.jayalal,https://myneta.info/kerala2016/candidate.php?candidate_id=738,KOVALAM,IND,0,5th Pass,"Rs 1,00,100 ~ 1 Lacs+",Rs 0 ~
531,310,M.k.manojkumar,https://myneta.info/kerala2016/candidate.php?candidate_id=310,ATTINGAL,SDPI,3,Graduate Professional,https://myneta.info/image_v2.php?myneta_folder=kerala2016&candidate_id=310&col=ta,https://myneta.info/image_v2.php?myneta_folder=kerala2016&candidate_id=310&col=lia
532,346,M.m. Mani,https://myneta.info/kerala2016/candidate.php?candidate_id=346,UDUMBANCHOLA,CPI(M),5,5th Pass,"Rs 2,91,38,949 ~ 2 Crore+",Rs 0 ~
533,4,M.rajagopalan,https://myneta.info/kerala2016/candidate.php?candidate_id=4,TRIKARIPUR,CPI(M),4,Graduate,"Rs 24,09,390 ~ 24 Lacs+","Rs 6,30,500 ~ 6 Lacs+"
534,595,M.v Shreyams Kumar,https://myneta.info/kerala2016/candidate.php?candidate_id=595,KALPETTA,JD(U),1,Others,"Rs 23,35,75,147 ~ 23 Crore+","Rs 2,83,37,976 ~ 2 Crore+"
535,370,M.v.shoukathali,https://myneta.info/kerala2016/candidate.php?candidate_id=370,TRIKARIPUR,SDPI,0,10th Pass,"Rs 1,01,600 ~ 1 Lacs+","Rs 25,000 ~ 25 Thou+"
536,737,M.vincent,https://myneta.info/kerala2016/candidate.php?candidate_id=737,KOVALAM,INC,7,Graduate Professional,"Rs 13,48,011 ~ 13 Lacs+","Rs 18,46,077 ~ 18 Lacs+"
537,468,M.vinod,https://myneta.info/kerala2016/candidate.php?candidate_id=468,NENMARA,SHS,0,12th Pass,"Rs 62,187 ~ 62 Thou+","Rs 22,000 ~ 22 Thou+"
538,1077,Madapparambath Chandran,https://myneta.info/kerala2016/candidate.php?candidate_id=1077,VADAKARA,IND,0,5th Pass,"Rs 10,77,956 ~ 10 Lacs+","Rs 8,61,923 ~ 8 Lacs+"
539,1270,Madayi Latheef,https://myneta.info/kerala2016/candidate.php?candidate_id=1270,KALPETTA,IND,0,8th Pass,"Rs 21,52,145 ~ 21 Lacs+","Rs 2,40,000 ~ 2 Lacs+"
540,960,Madhu.b,https://myneta.info/kerala2016/candidate.php?candidate_id=960,KOTTARAKKARA,IND,0,5th Pass,https://myneta.info/image_v2.php?myneta_folder=kerala2016&candidate_id=960&col=ta,https://myneta.info/image_v2.php?myneta_folder=kerala2016&candidate_id=960&col=lia
541,692,Madhu.r,https://myneta.info/kerala2016/candidate.php?candidate_id=692,PATHANAPURAM,IND,0,10th Pass,"Rs 3,24,000 ~ 3 Lacs+",Rs 0 ~
542,679,Mahesh,https://myneta.info/kerala2016/candidate.php?candidate_id=679,KARUNAGAPPALLY,INC,8,Graduate,"Rs 20,94,488 ~ 20 Lacs+","Rs 3,78,922 ~ 3 Lacs+"
543,284,Majeed,https://myneta.info/kerala2016/candidate.php?candidate_id=284,TANUR,SDPI,0,12th Pass,"Rs 24,33,470 ~ 24 Lacs+",Rs 0 ~
544,1254,Majeed Mullakara,https://myneta.info/kerala2016/candidate.php?candidate_id=1254,OLLUR,Peoples Democratic Party,0,10th Pass,"Rs 19,68,597 ~ 19 Lacs+","Rs 60,000 ~ 60 Thou+"
545,876,Mambaram Divakaran,https://myneta.info/kerala2016/candidate.php?candidate_id=876,DHARMADAM,INC,1,Graduate,"Rs 1,83,89,617 ~ 1 Crore+","Rs 49,000 ~ 49 Thou+"
546,110,Mammutty,https://myneta.info/kerala2016/candidate.php?candidate_id=110,TIRUR,IUML,0,Post Graduate,"Rs 3,61,07,550 ~ 3 Crore+","Rs 57,97,314 ~ 57 Lacs+"
547,1122,Mammutty S/o Abdulla,https://myneta.info/kerala2016/candidate.php?candidate_id=1122,TIRUR,IND,0,5th Pass,"Rs 38,005 ~ 38 Thou+","Rs 18,000 ~ 18 Thou+"
548,1120,Mammutty S/o Moidu,https://myneta.info/kerala2016/candidate.php?candidate_id=1120,TIRUR,IND,0,5th Pass,"Rs 3,67,841 ~ 3 Lacs+","Rs 3,58,000 ~ 3 Lacs+"
549,1121,Mammutty S/o Muhamed,https://myneta.info/kerala2016/candidate.php?candidate_id=1121,TIRUR,IND,0,5th Pass,https://myneta.info/image_v2.php?myneta_folder=kerala2016&candidate_id=1121&col=ta,https://myneta.info/image_v2.php?myneta_folder=kerala2016&candidate_id=1121&col=lia
550,1236,Manaf A K,https://myneta.info/kerala2016/candidate.php?candidate_id=1236,KODUNGALLUR,SDPI,0,8th Pass,"Rs 17,83,000 ~ 17 Lacs+","Rs 1,00,000 ~ 1 Lacs+"
551,5,Manayath Chandran,https://myneta.info/kerala2016/candidate.php?candidate_id=5,VADAKARA,JD(U),1,Post Graduate,"Rs 1,39,85,814 ~ 1 Crore+","Rs 9,91,097 ~ 9 Lacs+"
552,1004,Mani C Kappen,https://myneta.info/kerala2016/candidate.php?candidate_id=1004,PALA,NCP,7,Post Graduate,"Rs 28,52,78,630 ~ 28 Crore+","Rs 13,89,75,143 ~ 13 Crore+"
553,689,Manilal M.r,https://myneta.info/kerala2016/candidate.php?candidate_id=689,KUNNATHUR,IND,0,10th Pass,"Rs 2,10,000 ~ 2 Lacs+",Rs 0 ~
554,723,Manimekhala,https://myneta.info/kerala2016/candidate.php?candidate_id=723,KAZHAKKOOTTAM,IND,0,Graduate,"Rs 5,73,05,579 ~ 5 Crore+",Rs 0 ~
555,1210,Maniraj,https://myneta.info/kerala2016/candidate.php?candidate_id=1210,VAMANAPURAM,IND,0,8th Pass,"Rs 9,21,800 ~ 9 Lacs+",Rs 0 ~
556,835,Manjuladevi,https://myneta.info/kerala2016/candidate.php?candidate_id=835,VYPEN,CPI(ML) Red Star,0,12th Pass,"Rs 3,06,900 ~ 3 Lacs+",Rs 0 ~
557,942,Manoj,https://myneta.info/kerala2016/candidate.php?candidate_id=942,CHAVARA,BSP,0,12th Pass,"Rs 2,40,000 ~ 2 Lacs+","Rs 2,40,000 ~ 2 Lacs+"
558,951,Manoj,https://myneta.info/kerala2016/candidate.php?candidate_id=951,ERAVIPURAM,IND,0,10th Pass,https://myneta.info/image_v2.php?myneta_folder=kerala2016&candidate_id=951&col=ta,https://myneta.info/image_v2.php?myneta_folder=kerala2016&candidate_id=951&col=lia
559,805,Manoj,https://myneta.info/kerala2016/candidate.php?candidate_id=805,KUNNATHUNAD,CPI(ML)(L),0,Graduate,"Rs 10,000 ~ 10 Thou+",Rs 0 ~
560,1000,Manoj Aruvikkuzhy,https://myneta.info/kerala2016/candidate.php?candidate_id=1000,KANJIRAPPALLY,IND,1,5th Pass,Rs 264 ~ 2 Hund+,"Rs 20,000 ~ 20 Thou+"
561,49,Mariamma Cherian,https://myneta.info/kerala2016/candidate.php?candidate_id=49,RANNI,INC,0,12th Pass,"Rs 1,61,02,355 ~ 1 Crore+",Rs 0 ~
562,139,Mary Thomas,https://myneta.info/kerala2016/candidate.php?candidate_id=139,WADAKKANCHERY,CPI(M),3,Graduate,"Rs 3,31,57,244 ~ 3 Crore+",Rs 0 ~
563,1076,Mathath Chandran,https://myneta.info/kerala2016/candidate.php?candidate_id=1076,VADAKARA,IND,0,5th Pass,"Rs 10,44,000 ~ 10 Lacs+","Rs 32,000 ~ 32 Thou+"
564,1179,Mathew T Thomas,https://myneta.info/kerala2016/candidate.php?candidate_id=1179,THIRUVALLA,JD(S),4,Graduate Professional,"Rs 1,15,49,368 ~ 1 Crore+","Rs 2,68,972 ~ 2 Lacs+"
565,1227,Mekkansi K John,https://myneta.info/kerala2016/candidate.php?candidate_id=1227,VATTIYOORKAVU,BSP,0,8th Pass,"Rs 11,000 ~ 11 Thou+","Rs 13,000 ~ 13 Thou+"
566,1153,Menaka.k,https://myneta.info/kerala2016/candidate.php?candidate_id=1153,NENMARA,AIADMK,0,12th Pass,"Rs 42,91,055 ~ 42 Lacs+","Rs 13,06,817 ~ 13 Lacs+"
567,27,Mini S,https://myneta.info/kerala2016/candidate.php?candidate_id=27,KATTAKKADA,SUCI(C),0,Others,https://myneta.info/image_v2.php?myneta_folder=kerala2016&candidate_id=27&col=ta,https://myneta.info/image_v2.php?myneta_folder=kerala2016&candidate_id=27&col=lia
568,282,Minu Mumthaz,https://myneta.info/kerala2016/candidate.php?candidate_id=282,TIRURANGADI,Welfare Party Of India,0,12th Pass,"Rs 3,91,943 ~ 3 Lacs+",Rs 0 ~
569,440,Mohamed,https://myneta.info/kerala2016/candidate.php?candidate_id=440,THAVANUR,Welfare Party Of India,0,8th Pass,"Rs 70,85,272 ~ 70 Lacs+",Rs 0 ~
570,416,Mohamed Saleem,https://myneta.info/kerala2016/candidate.php?candidate_id=416,KONDOTTY,Welfare Party Of India,3,Graduate,"Rs 95,42,110 ~ 95 Lacs+",Rs 0 ~
571,281,Mohammed Haneefa,https://myneta.info/kerala2016/candidate.php?candidate_id=281,VALLIKKUNNU,SDPI,0,10th Pass,"Rs 30,61,500 ~ 30 Lacs+",Rs 0 ~
572,1091,Mohammed Kutty,https://myneta.info/kerala2016/candidate.php?candidate_id=1091,KOTTAKKAL,IND,0,10th Pass,"Rs 57,04,000 ~ 57 Lacs+","Rs 16,10,000 ~ 16 Lacs+"
573,368,Mohammed Pakyara,https://myneta.info/kerala2016/candidate.php?candidate_id=368,UDMA,SDPI,0,12th Pass,"Rs 1,000 ~ 1 Thou+",Rs 0 ~
574,568,Mohan Chacko,https://myneta.info/kerala2016/candidate.php?candidate_id=568,AROOR,Welfare Party Of India,1,10th Pass,"Rs 36,125 ~ 36 Thou+",Rs 0 ~
575,1206,Mohanambika. D,https://myneta.info/kerala2016/candidate.php?candidate_id=1206,THIRUVANANTHAPURAM,BSP,0,Post Graduate,"Rs 2,15,000 ~ 2 Lacs+",Rs 0 ~
576,1349,Mohanan,https://myneta.info/kerala2016/candidate.php?candidate_id=1349,KUTTANAD,IND,0,Illiterate,https://myneta.info/image_v2.php?myneta_folder=kerala2016&candidate_id=1349&col=ta,https://myneta.info/image_v2.php?myneta_folder=kerala2016&candidate_id=1349&col=lia
577,783,Mohanan,https://myneta.info/kerala2016/candidate.php?candidate_id=783,ANGAMALY,IND,0,10th Pass,"Rs 1,18,275 ~ 1 Lacs+",Rs 0 ~
578,878,Mohanan Mananthery,https://myneta.info/kerala2016/candidate.php?candidate_id=878,DHARMADAM,BJP,0,Graduate Professional,"Rs 57,31,500 ~ 57 Lacs+","Rs 1,00,000 ~ 1 Lacs+"
579,170,Mohandas,https://myneta.info/kerala2016/candidate.php?candidate_id=170,ERANAKULAM,BJP,1,10th Pass,"Rs 62,46,890 ~ 62 Lacs+","Rs 6,41,879 ~ 6 Lacs+"
580,101,Mohandasan K,https://myneta.info/kerala2016/candidate.php?candidate_id=101,MANJERI,CPI,1,Graduate Professional,"Rs 21,11,706 ~ 21 Lacs+",Rs 0 ~
581,734,Mohanraj.t,https://myneta.info/kerala2016/candidate.php?candidate_id=734,PARASSALA,IND,0,10th Pass,"Rs 53,54,965 ~ 53 Lacs+","Rs 2,92,655 ~ 2 Lacs+"
582,1162,Moideeensha Moloor,https://myneta.info/kerala2016/candidate.php?candidate_id=1162,SHORNUR,IND,0,12th Pass,"Rs 1,13,070 ~ 1 Lacs+",Rs 0 ~
583,1272,Moideen Chembothara,https://myneta.info/kerala2016/candidate.php?candidate_id=1272,KALPETTA,IND,0,5th Pass,"Rs 10,60,000 ~ 10 Lacs+",Rs 0 ~
584,290,Moidheen Kutty,https://myneta.info/kerala2016/candidate.php?candidate_id=290,THRITHALA,Peoples Democratic Party,0,10th Pass,"Rs 1,27,500 ~ 1 Lacs+",Rs 0 ~
585,1098,Moidunni,https://myneta.info/kerala2016/candidate.php?candidate_id=1098,PONNANI,Peoples Democratic Party,0,Literate,https://myneta.info/image_v2.php?myneta_folder=kerala2016&candidate_id=1098&col=ta,https://myneta.info/image_v2.php?myneta_folder=kerala2016&candidate_id=1098&col=lia
586,474,Moidutty,https://myneta.info/kerala2016/candidate.php?candidate_id=474,MANALUR,Peoples Democratic Party,0,Literate,"Rs 1,04,32,972 ~ 1 Crore+","Rs 1,84,792 ~ 1 Lacs+"
587,618,Moyin Bappu,https://myneta.info/kerala2016/candidate.php?candidate_id=618,MANJERI,Peoples Democratic Party,0,8th Pass,"Rs 34,500 ~ 34 Thou+",Rs 0 ~
588,1065,Muhammad Iqbal Bappu Baith,https://myneta.info/kerala2016/candidate.php?candidate_id=1065,PERAMBRA,IND,0,12th Pass,"Rs 8,22,681 ~ 8 Lacs+",Rs 0 ~
589,165,Muhammed,https://myneta.info/kerala2016/candidate.php?candidate_id=165,KOCHI,Welfare Party Of India,0,10th Pass,"Rs 24,77,000 ~ 24 Lacs+",Rs 0 ~
590,916,Muhammed Ali V V,https://myneta.info/kerala2016/candidate.php?candidate_id=916,KANHANGAD,IND,0,12th Pass,"Rs 5,50,500 ~ 5 Lacs+",Rs 0 ~
591,1167,Muhammed Harish,https://myneta.info/kerala2016/candidate.php?candidate_id=1167,SHORNUR,IND,0,5th Pass,"Rs 1,96,795 ~ 1 Lacs+","Rs 1,00,000 ~ 1 Lacs+"
592,950,Muhammed Ismail,https://myneta.info/kerala2016/candidate.php?candidate_id=950,ERAVIPURAM,Peoples Democratic Party,0,5th Pass,"Rs 1,41,000 ~ 1 Lacs+",Rs 0 ~
593,118,Muhammed Muhassin,https://myneta.info/kerala2016/candidate.php?candidate_id=118,PATTAMBI,CPI,0,Post Graduate,"Rs 46,691 ~ 46 Thou+",Rs 0 ~
594,697,Muhammed Najim.s,https://myneta.info/kerala2016/candidate.php?candidate_id=697,CHADAYAMANGALAM,Peoples Democratic Party,0,5th Pass,https://myneta.info/image_v2.php?myneta_folder=kerala2016&candidate_id=697&col=ta,https://myneta.info/image_v2.php?myneta_folder=kerala2016&candidate_id=697&col=lia
595,481,Muhammed Navas M T,https://myneta.info/kerala2016/candidate.php?candidate_id=481,KAIPAMANGALAM,Revolutionary Socialist Party,0,Post Graduate,"Rs 51,098 ~ 51 Thou+","Rs 17,600 ~ 17 Thou+"
596,639,Muhammed Rasheed,https://myneta.info/kerala2016/candidate.php?candidate_id=639,GURUVAYOOR,Peoples Democratic Party,0,10th Pass,"Rs 55,33,811 ~ 55 Lacs+",Rs 0 ~
597,554,Muhammed Siyad,https://myneta.info/kerala2016/candidate.php?candidate_id=554,KANJIRAPPALLY,SDPI,1,10th Pass,"Rs 26,55,781 ~ 26 Lacs+","Rs 1,40,000 ~ 1 Lacs+"
598,1160,Muhasin Pacheeri,https://myneta.info/kerala2016/candidate.php?candidate_id=1160,PATTAMBI,IND,0,10th Pass,"Rs 4,97,150 ~ 4 Lacs+",Rs 0 ~
599,1161,Muhsin,https://myneta.info/kerala2016/candidate.php?candidate_id=1161,PATTAMBI,IND,0,Graduate,"Rs 1,52,927 ~ 1 Lacs+","Rs 25,524 ~ 25 Thou+"
600,739,Mujeeb Koya,https://myneta.info/kerala2016/candidate.php?candidate_id=739,ALAPPUZHA,Peoples Democratic Party,0,10th Pass,"Rs 10,500 ~ 10 Thou+",Rs 0 ~
601,1284,Mukundan Cheengeri,https://myneta.info/kerala2016/candidate.php?candidate_id=1284,SULTHANBATHERY,BSP,0,8th Pass,"Rs 25,25,114 ~ 25 Lacs+",Rs 0 ~
602,1045,Muneer Davari,https://myneta.info/kerala2016/candidate.php?candidate_id=1045,KOZHIKODE SOUTH,IND,1,5th Pass,"Rs 3,51,47,557 ~ 3 Crore+",Rs 0 ~
603,919,Muneer Munambam,https://myneta.info/kerala2016/candidate.php?candidate_id=919,KASARAGOD,IND,0,10th Pass,https://myneta.info/image_v2.php?myneta_folder=kerala2016&candidate_id=919&col=ta,https://myneta.info/image_v2.php?myneta_folder=kerala2016&candidate_id=919&col=lia
604,1195,Muraleedharan,https://myneta.info/kerala2016/candidate.php?candidate_id=1195,KAZHAKKOOTTAM,IND,0,10th Pass,"Rs 22,73,942 ~ 22 Lacs+",Rs 0 ~
605,226,Muraleedharan Nair.d.k,https://myneta.info/kerala2016/candidate.php?candidate_id=226,VAMANAPURAM,CPI(M),13,Graduate Professional,"Rs 98,11,804 ~ 98 Lacs+",Rs 0 ~
606,306,Murali,https://myneta.info/kerala2016/candidate.php?candidate_id=306,MANALUR,CPI(M),2,Graduate,"Rs 17,65,737 ~ 17 Lacs+","Rs 7,83,000 ~ 7 Lacs+"
607,1193,Murukan.a,https://myneta.info/kerala2016/candidate.php?candidate_id=1193,KAZHAKKOOTTAM,IND,0,10th Pass,"Rs 10,000 ~ 10 Thou+",Rs 0 ~
608,611,Musthafa Kommeri,https://myneta.info/kerala2016/candidate.php?candidate_id=611,BEYPORE,SDPI,0,Graduate,"Rs 73,85,736 ~ 73 Lacs+",Rs 0 ~
609,952,Mylakkadu Shah,https://myneta.info/kerala2016/candidate.php?candidate_id=952,KARUNAGAPPALLY,Peoples Democratic Party,7,8th Pass,"Rs 29,85,000 ~ 29 Lacs+","Rs 30,00,000 ~ 30 Lacs+"
610,53,N A Nellikkunnu,https://myneta.info/kerala2016/candidate.php?candidate_id=53,KASARAGOD,IUML,0,12th Pass,"Rs 1,38,54,870 ~ 1 Crore+",Rs 0 ~
611,525,N Chandran,https://myneta.info/kerala2016/candidate.php?candidate_id=525,DEVIKULAM,BJP,0,10th Pass,"Rs 33,38,634 ~ 33 Lacs+","Rs 9,00,000 ~ 9 Lacs+"
612,1382,N D Venu,https://myneta.info/kerala2016/candidate.php?candidate_id=1382,KAIPAMANGALAM,CPI(ML) Red Star,0,10th Pass,https://myneta.info/image_v2.php?myneta_folder=kerala2016&candidate_id=1382&col=ta,https://myneta.info/image_v2.php?myneta_folder=kerala2016&candidate_id=1382&col=lia
613,544,N K Neelakandan,https://myneta.info/kerala2016/candidate.php?candidate_id=544,VAIKOM,Bharath Dharma Jana Sena,2,Others,"Rs 53,01,000 ~ 53 Lacs+",Rs 0 ~
614,1138,N Mayilswamy,https://myneta.info/kerala2016/candidate.php?candidate_id=1138,CHITTUR,AIADMK,0,12th Pass,"Rs 80,52,089 ~ 80 Lacs+","Rs 13,50,817 ~ 13 Lacs+"
615,128,N N Krishnadas,https://myneta.info/kerala2016/candidate.php?candidate_id=128,PALAKKAD,CPI(M),12,Graduate,"Rs 90,68,340 ~ 90 Lacs+","Rs 30,02,849 ~ 30 Lacs+"
616,893,N P Sathar,https://myneta.info/kerala2016/candidate.php?candidate_id=893,KANNUR,IND,0,5th Pass,"Rs 3,82,565 ~ 3 Lacs+","Rs 90,000 ~ 90 Thou+"
617,1194,N.a.vahid,https://myneta.info/kerala2016/candidate.php?candidate_id=1194,KAZHAKKOOTTAM,IND,0,12th Pass,"Rs 12,03,235 ~ 12 Lacs+",Rs 0 ~
618,131,N.sivarajan,https://myneta.info/kerala2016/candidate.php?candidate_id=131,NENMARA,BJP,0,10th Pass,"Rs 4,67,428 ~ 4 Lacs+","Rs 10,000 ~ 10 Thou+"
619,263,N.subramanian,https://myneta.info/kerala2016/candidate.php?candidate_id=263,QUILANDY,INC,0,10th Pass,"Rs 95,78,885 ~ 95 Lacs+","Rs 51,00,000 ~ 51 Lacs+"
620,857,Najeeb Kalarickal,https://myneta.info/kerala2016/candidate.php?candidate_id=857,THODUPUZHA,Peoples Democratic Party,1,10th Pass,"Rs 3,43,100 ~ 3 Lacs+","Rs 40,000 ~ 40 Thou+"
621,197,Nandanan Valiyaparambu,https://myneta.info/kerala2016/candidate.php?candidate_id=197,KUTTANAD,SUCI(C),0,10th Pass,https://myneta.info/image_v2.php?myneta_folder=kerala2016&candidate_id=197&col=ta,https://myneta.info/image_v2.php?myneta_folder=kerala2016&candidate_id=197&col=lia
622,597,Naranathu Muhammad,https://myneta.info/kerala2016/candidate.php?candidate_id=597,KUTTIADI,Peoples Democratic Party,0,10th Pass,"Rs 10,00,000 ~ 10 Lacs+",Rs 0 ~
623,956,Narayanan Nair,https://myneta.info/kerala2016/candidate.php?candidate_id=956,KOLLAM,IND,0,10th Pass,"Rs 1,08,300 ~ 1 Lacs+","Rs 90,700 ~ 90 Thou+"
624,1168,Narayanankutty,https://myneta.info/kerala2016/candidate.php?candidate_id=1168,TARUR,BSP,0,10th Pass,"Rs 5,000 ~ 5 Thou+",Rs 0 ~
625,501,Nasar,https://myneta.info/kerala2016/candidate.php?candidate_id=501,ALUVA,Peoples Democratic Party,0,10th Pass,"Rs 8,00,000 ~ 8 Lacs+","Rs 12,50,000 ~ 12 Lacs+"
626,663,Nasaruddeen,https://myneta.info/kerala2016/candidate.php?candidate_id=663,AMBALAPUZHA,Welfare Party Of India,2,10th Pass,"Rs 87,44,770 ~ 87 Lacs+","Rs 26,81,292 ~ 26 Lacs+"
627,283,Naseer,https://myneta.info/kerala2016/candidate.php?candidate_id=283,TIRURANGADI,SDPI,0,Graduate Professional,"Rs 5,33,000 ~ 5 Lacs+",Rs 0 ~
628,977,Navas.m,https://myneta.info/kerala2016/candidate.php?candidate_id=977,PUNALUR,IND,0,Graduate,"Rs 11,41,000 ~ 11 Lacs+",Rs 0 ~
629,268,Nazarudheen Elamaram,https://myneta.info/kerala2016/candidate.php?candidate_id=268,KONDOTTY,SDPI,6,10th Pass,"Rs 17,99,264 ~ 17 Lacs+","Rs 5,54,381 ~ 5 Lacs+"
630,980,Nettayam Suji,https://myneta.info/kerala2016/candidate.php?candidate_id=980,PUNALUR,IND,1,12th Pass,https://myneta.info/image_v2.php?myneta_folder=kerala2016&candidate_id=980&col=ta,https://myneta.info/image_v2.php?myneta_folder=kerala2016&candidate_id=980&col=lia
631,1252,Ninu K. B.,https://myneta.info/kerala2016/candidate.php?candidate_id=1252,NATTIKA,IND,0,12th Pass,"Rs 59,694 ~ 59 Thou+",Rs 0 ~
632,323,Nisha Jimmy,https://myneta.info/kerala2016/candidate.php?candidate_id=323,THODUPUZHA,SUCI(C),0,12th Pass,"Rs 1,035 ~ 1 Thou+",Rs 0 ~
633,561,Nishad Nadakal,https://myneta.info/kerala2016/candidate.php?candidate_id=561,POONJAR,Peoples Democratic Party,0,8th Pass,"Rs 8,63,081 ~ 8 Lacs+","Rs 5,00,000 ~ 5 Lacs+"
634,100,Nishanth,https://myneta.info/kerala2016/candidate.php?candidate_id=100,WANDOOR,CPI(M),0,10th Pass,"Rs 12,20,327 ~ 12 Lacs+","Rs 20,50,839 ~ 20 Lacs+"
635,1280,Nittamani K Kunhiraman,https://myneta.info/kerala2016/candidate.php?candidate_id=1280,MANANTHAVADY,IND,0,5th Pass,"Rs 13,85,000 ~ 13 Lacs+","Rs 1,30,000 ~ 1 Lacs+"
636,1127,Niyas Paroli,https://myneta.info/kerala2016/candidate.php?candidate_id=1127,TIRURANGADI,IND,0,Graduate,"Rs 62,500 ~ 62 Thou+",Rs 0 ~
637,1126,Niyas Thazhathethil,https://myneta.info/kerala2016/candidate.php?candidate_id=1126,TIRURANGADI,IND,0,Post Graduate,"Rs 2,18,000 ~ 2 Lacs+",Rs 0 ~
638,1157,Noby Augustine,https://myneta.info/kerala2016/candidate.php?candidate_id=1157,PATTAMBI,IND,0,Post Graduate,"Rs 91,51,000 ~ 91 Lacs+","Rs 58,00,000 ~ 58 Lacs+"
639,1073,Noushad Kodiyathoor,https://myneta.info/kerala2016/candidate.php?candidate_id=1073,THIRUVAMBADY,Peoples Democratic Party,0,10th Pass,https://myneta.info/image_v2.php?myneta_folder=kerala2016&candidate_id=1073&col=ta,https://myneta.info/image_v2.php?myneta_folder=kerala2016&candidate_id=1073&col=lia
640,330,O R Kelu,https://myneta.info/kerala2016/candidate.php?candidate_id=330,MANANTHAVADY,CPI(M),2,8th Pass,"Rs 8,93,183 ~ 8 Lacs+","Rs 3,15,283 ~ 3 Lacs+"
641,1295,O Rajagopal,https://myneta.info/kerala2016/candidate.php?candidate_id=1295,NEMOM,BJP,0,Graduate Professional,"Rs 19,98,434 ~ 19 Lacs+",Rs 0 ~
642,431,O S Nissar Methar,https://myneta.info/kerala2016/candidate.php?candidate_id=431,VALLIKKUNNU,Peoples Democratic Party,0,12th Pass,"Rs 10,03,182 ~ 10 Lacs+",Rs 0 ~
643,1214,O. Binumon,https://myneta.info/kerala2016/candidate.php?candidate_id=1214,VAMANAPURAM,IND,0,10th Pass,"Rs 6,000 ~ 6 Thou+",Rs 0 ~
644,1020,Oommen Chandy,https://myneta.info/kerala2016/candidate.php?candidate_id=1020,PUTHUPPALLY,INC,0,Graduate Professional,"Rs 1,24,16,711 ~ 1 Crore+","Rs 23,39,091 ~ 23 Lacs+"
645,517,Orna Krishnankutty,https://myneta.info/kerala2016/candidate.php?candidate_id=517,KUNNATHUNAD,Peoples Democratic Party,0,Graduate,"Rs 11,47,000 ~ 11 Lacs+","Rs 25,000 ~ 25 Thou+"
646,1008,P A Abdul Hakkim,https://myneta.info/kerala2016/candidate.php?candidate_id=1008,POONJAR,Welfare Party Of India,10,10th Pass,"Rs 55,66,586 ~ 55 Lacs+",Rs 0 ~
647,1383,P A Kuttappan,https://myneta.info/kerala2016/candidate.php?candidate_id=1383,KAIPAMANGALAM,IND,0,5th Pass,"Rs 27,58,000 ~ 27 Lacs+","Rs 5,20,000 ~ 5 Lacs+"
648,821,P A Shibu,https://myneta.info/kerala2016/candidate.php?candidate_id=821,THRIKKAKARA,BSP,0,Graduate Professional,https://myneta.info/image_v2.php?myneta_folder=kerala2016&candidate_id=821&col=ta,https://myneta.info/image_v2.php?myneta_folder=kerala2016&candidate_id=821&col=lia
649,387,P Abdul Hameed Master,https://myneta.info/kerala2016/candidate.php?candidate_id=387,VADAKARA,SDPI,1,Graduate,"Rs 49,75,587 ~ 49 Lacs+",Rs 0 ~
650,30,P B Abdul Razak,https://myneta.info/kerala2016/candidate.php?candidate_id=30,MANJESHWAR,IUML,0,Literate,"Rs 2,76,14,050 ~ 2 Crore+","Rs 44,229 ~ 44 Thou+"
651,374,P Balakrishnan Master,https://myneta.info/kerala2016/candidate.php?candidate_id=374,TALIPARAMBA,BJP,0,Post Graduate,"Rs 36,56,860 ~ 36 Lacs+",Rs 0 ~
652,391,P C Baskaran,https://myneta.info/kerala2016/candidate.php?candidate_id=391,KUTTIADI,Welfare Party Of India,2,10th Pass,"Rs 9,76,000 ~ 9 Lacs+","Rs 1,00,000 ~ 1 Lacs+"
653,524,P C Cyriac,https://myneta.info/kerala2016/candidate.php?candidate_id=524,KOTHAMANGALAM,IND,0,Graduate Professional,"Rs 3,57,17,000 ~ 3 Crore+","Rs 9,48,000 ~ 9 Lacs+"
654,191,P C George,https://myneta.info/kerala2016/candidate.php?candidate_id=191,POONJAR,IND,3,Graduate,"Rs 2,47,66,935 ~ 2 Crore+","Rs 1,95,26,256 ~ 1 Crore+"
655,818,P H Ramachandran,https://myneta.info/kerala2016/candidate.php?candidate_id=818,THRIKKAKARA,IND,0,Others,"Rs 84,61,641 ~ 84 Lacs+","Rs 10,86,500 ~ 10 Lacs+"
656,495,P J Babu,https://myneta.info/kerala2016/candidate.php?candidate_id=495,ANGAMALY,Kerala Congress,1,Others,"Rs 69,20,000 ~ 69 Lacs+","Rs 12,50,000 ~ 12 Lacs+"
657,655,P K Aboobackar Thangal (khamarudheen Thangal),https://myneta.info/kerala2016/candidate.php?candidate_id=655,MUVATTUPUZHA,Peoples Democratic Party,0,8th Pass,https://myneta.info/image_v2.php?myneta_folder=kerala2016&candidate_id=655&col=ta,https://myneta.info/image_v2.php?myneta_folder=kerala2016&candidate_id=655&col=lia
658,373,P K Ayyappan Master,https://myneta.info/kerala2016/candidate.php?candidate_id=373,TALIPARAMBA,BSP,1,12th Pass,"Rs 31,65,850 ~ 31 Lacs+",Rs 0 ~
659,41,P K Basheer,https://myneta.info/kerala2016/candidate.php?candidate_id=41,ERANAD,IUML,0,10th Pass,"Rs 5,84,06,753 ~ 5 Crore+","Rs 14,01,614 ~ 14 Lacs+"
660,590,P K Farookh,https://myneta.info/kerala2016/candidate.php?candidate_id=590,PERAVOOR,SDPI,6,8th Pass,"Rs 31,14,418 ~ 31 Lacs+","Rs 6,00,000 ~ 6 Lacs+"
661,1275,P K Jayalakshmi,https://myneta.info/kerala2016/candidate.php?candidate_id=1275,MANANTHAVADY,INC,3,Graduate,"Rs 34,26,210 ~ 34 Lacs+",Rs 0 ~
662,873,P K Ragesh,https://myneta.info/kerala2016/candidate.php?candidate_id=873,AZHIKODE,IND,5,Graduate,"Rs 71,71,320 ~ 71 Lacs+","Rs 61,75,781 ~ 61 Lacs+"
663,812,P K Sivan,https://myneta.info/kerala2016/candidate.php?candidate_id=812,PERUMBAVOOR,IND,0,5th Pass,"Rs 2,24,000 ~ 2 Lacs+",Rs 0 ~
664,796,P K Yousef,https://myneta.info/kerala2016/candidate.php?candidate_id=796,KALAMASSERY,IND,0,5th Pass,"Rs 6,34,079 ~ 6 Lacs+",Rs 0 ~
665,764,P Maniyappan Achari,https://myneta.info/kerala2016/candidate.php?candidate_id=764,KAYAMKULAM,IND,0,Graduate,"Rs 6,48,045 ~ 6 Lacs+",Rs 0 ~
666,1102,P Ramakrishnan,https://myneta.info/kerala2016/candidate.php?candidate_id=1102,PONNANI,IND,0,10th Pass,https://myneta.info/image_v2.php?myneta_folder=kerala2016&candidate_id=1102&col=ta,https://myneta.info/image_v2.php?myneta_folder=kerala2016&candidate_id=1102&col=lia
667,172,P T Thomas,https://myneta.info/kerala2016/candidate.php?candidate_id=172,THRIKKAKARA,INC,0,Post Graduate,"Rs 98,31,404 ~ 98 Lacs+","Rs 37,33,944 ~ 37 Lacs+"
668,95,P V Anvar,https://myneta.info/kerala2016/candidate.php?candidate_id=95,NILAMBUR,IND,0,Graduate,"Rs 14,38,82,954 ~ 14 Crore+","Rs 5,25,00,000 ~ 5 Crore+"
669,696,P.a. Jaleeludeen,https://myneta.info/kerala2016/candidate.php?candidate_id=696,CHADAYAMANGALAM,SDPI,1,10th Pass,"Rs 4,50,000 ~ 4 Lacs+",Rs 0 ~
670,407,P.c Muhammedkutty Master,https://myneta.info/kerala2016/candidate.php?candidate_id=407,BEYPORE,Welfare Party Of India,0,12th Pass,"Rs 93,11,833 ~ 93 Lacs+",Rs 0 ~
671,744,P.g.sugunan,https://myneta.info/kerala2016/candidate.php?candidate_id=744,AMBALAPUZHA,IND,0,8th Pass,"Rs 16,00,000 ~ 16 Lacs+","Rs 6,00,000 ~ 6 Lacs+"
672,534,P.j. Ambily,https://myneta.info/kerala2016/candidate.php?candidate_id=534,THODUPUZHA,BSP,1,10th Pass,"Rs 10,98,322 ~ 10 Lacs+","Rs 77,762 ~ 77 Thou+"
673,856,P.j. Joseph,https://myneta.info/kerala2016/candidate.php?candidate_id=856,THODUPUZHA,Kerala Congress (M),0,Post Graduate,"Rs 3,66,12,813 ~ 3 Crore+","Rs 24,92,158 ~ 24 Lacs+"
674,398,P.k Supran,https://myneta.info/kerala2016/candidate.php?candidate_id=398,BALUSSERI,BJP,0,Post Graduate,"Rs 1,71,25,190 ~ 1 Crore+","Rs 11,07,361 ~ 11 Lacs+"
675,1366,P.k. Anumon,https://myneta.info/kerala2016/candidate.php?candidate_id=1366,SHORNUR,SHS,0,8th Pass,https://myneta.info/image_v2.php?myneta_folder=kerala2016&candidate_id=1366&col=ta,https://myneta.info/image_v2.php?myneta_folder=kerala2016&candidate_id=1366&col=lia
676,287,P.k. Jaleel Parakkuzhiyil,https://myneta.info/kerala2016/candidate.php?candidate_id=287,THAVANUR,SDPI,0,8th Pass,"Rs 12,28,000 ~ 12 Lacs+",Rs 0 ~
677,476,P.k. Santhosh (lala),https://myneta.info/kerala2016/candidate.php?candidate_id=476,OLLUR,Bharath Dharma Jana Sena,1,8th Pass,"Rs 95,94,269 ~ 95 Lacs+","Rs 14,90,000 ~ 14 Lacs+"
678,238,P.k.krishnadas,https://myneta.info/kerala2016/candidate.php?candidate_id=238,KATTAKKADA,BJP,2,10th Pass,"Rs 62,02,819 ~ 62 Lacs+","Rs 6,25,000 ~ 6 Lacs+"
679,776,P.m.velayudhan,https://myneta.info/kerala2016/candidate.php?candidate_id=776,MAVELIKARA,BJP,2,10th Pass,"Rs 1,51,75,000 ~ 1 Crore+","Rs 40,00,000 ~ 40 Lacs+"
680,1053,P.p. Rajan,https://myneta.info/kerala2016/candidate.php?candidate_id=1053,KUNNAMANGALAM,BSP,0,10th Pass,"Rs 40,02,000 ~ 40 Lacs+",Rs 0 ~
681,198,P.prasad,https://myneta.info/kerala2016/candidate.php?candidate_id=198,HARIPAD,CPI,2,Graduate,"Rs 75,761 ~ 75 Thou+",Rs 0 ~
682,472,P.r. Siyad,https://myneta.info/kerala2016/candidate.php?candidate_id=472,GURUVAYOOR,SDPI,2,10th Pass,"Rs 6,03,977 ~ 6 Lacs+",Rs 0 ~
683,571,P.s.rajeev,https://myneta.info/kerala2016/candidate.php?candidate_id=571,CHERTHALA,Bharath Dharma Jana Sena,0,Graduate,"Rs 43,06,032 ~ 43 Lacs+","Rs 5,68,168 ~ 5 Lacs+"
684,114,P.sreeramakrishnan,https://myneta.info/kerala2016/candidate.php?candidate_id=114,PONNANI,CPI(M),2,Graduate Professional,https://myneta.info/image_v2.php?myneta_folder=kerala2016&candidate_id=114&col=ta,https://myneta.info/image_v2.php?myneta_folder=kerala2016&candidate_id=114&col=lia
685,847,P.t Poomkudy,https://myneta.info/kerala2016/candidate.php?candidate_id=847,IDUKKI,IND,0,Literate,"Rs 6,15,857 ~ 6 Lacs+",Rs 0 ~
686,116,P.t.ajai Mohan,https://myneta.info/kerala2016/candidate.php?candidate_id=116,PONNANI,INC,0,12th Pass,"Rs 2,05,94,228 ~ 2 Crore+","Rs 6,18,474 ~ 6 Lacs+"
687,691,P.v Jagadish Kumar,https://myneta.info/kerala2016/candidate.php?candidate_id=691,PATHANAPURAM,INC,0,Post Graduate,"Rs 4,41,18,876 ~ 4 Crore+","Rs 1,46,75,592 ~ 1 Crore+"
688,9,Padmaja Venugopal,https://myneta.info/kerala2016/candidate.php?candidate_id=9,THRISSUR,INC,0,Graduate,"Rs 17,92,15,718 ~ 17 Crore+",Rs 0 ~
689,1300,Padmakumar K,https://myneta.info/kerala2016/candidate.php?candidate_id=1300,RANNI,Bharath Dharma Jana Sena,3,Others,"Rs 3,99,59,492 ~ 3 Crore+","Rs 28,47,664 ~ 28 Lacs+"
690,824,Padmini D,https://myneta.info/kerala2016/candidate.php?candidate_id=824,THRIPUNITHURA,Peoples Democratic Party,0,8th Pass,"Rs 1,000 ~ 1 Thou+",Rs 0 ~
691,82,Paily Vathiattu,https://myneta.info/kerala2016/candidate.php?candidate_id=82,PERAVOOR,Bharath Dharma Jana Sena,2,Post Graduate,"Rs 1,27,45,000 ~ 1 Crore+","Rs 1,00,00,000 ~ 1 Crore+"
692,253,Pallipram Prasannan,https://myneta.info/kerala2016/candidate.php?candidate_id=253,PERAVOOR,Welfare Party Of India,0,10th Pass,"Rs 3,844 ~ 3 Thou+",Rs 0 ~
693,1054,Palliyil Abdulla,https://myneta.info/kerala2016/candidate.php?candidate_id=1054,KUTTIADI,IND,0,8th Pass,https://myneta.info/image_v2.php?myneta_folder=kerala2016&candidate_id=1054&col=ta,https://myneta.info/image_v2.php?myneta_folder=kerala2016&candidate_id=1054&col=lia
694,225,Palod Ravi,https://myneta.info/kerala2016/candidate.php?candidate_id=225,NEDUMANGAD,INC,0,Graduate,"Rs 71,80,025 ~ 71 Lacs+",Rs 0 ~
695,1145,Pandalam Sudhakaran,https://myneta.info/kerala2016/candidate.php?candidate_id=1145,KONGAD,INC,0,Graduate,"Rs 50,85,871 ~ 50 Lacs+","Rs 11,65,573 ~ 11 Lacs+"
696,109,Pandikkdavath Abdu Rabb,https://myneta.info/kerala2016/candidate.php?candidate_id=109,TIRURANGADI,IUML,0,Post Graduate,"Rs 5,01,76,520 ~ 5 Crore+","Rs 2,00,000 ~ 2 Lacs+"
697,843,Pandiraj,https://myneta.info/kerala2016/candidate.php?candidate_id=843,DEVIKULAM,IND,0,Post Graduate,"Rs 26,444 ~ 26 Thou+",Rs 0 ~
698,34,Parakkal Abdulla,https://myneta.info/kerala2016/candidate.php?candidate_id=34,KUTTIADI,IUML,0,5th Pass,"Rs 6,67,09,611 ~ 6 Crore+","Rs 30,43,556 ~ 30 Lacs+"
699,485,Parameswaran,https://myneta.info/kerala2016/candidate.php?candidate_id=485,PUTHUKKAD,BJP,5,12th Pass,"Rs 70,51,958 ~ 70 Lacs+","Rs 30,00,000 ~ 30 Lacs+"
700,855,Pareeth,https://myneta.info/kerala2016/candidate.php?candidate_id=855,THODUPUZHA,IND,0,5th Pass,"Rs 29,03,000 ~ 29 Lacs+","Rs 8,69,987 ~ 8 Lacs+"
701,1055,Paremmal Abdulla,https://myneta.info/kerala2016/candidate.php?candidate_id=1055,KUTTIADI,IND,0,Literate,"Rs 50,05,100 ~ 50 Lacs+",Rs 0 ~
702,550,Payas C P,https://myneta.info/kerala2016/candidate.php?candidate_id=550,KOTTAYAM,IND,0,Literate,https://myneta.info/image_v2.php?myneta_folder=kerala2016&candidate_id=550&col=ta,https://myneta.info/image_v2.php?myneta_folder=kerala2016&candidate_id=550&col=lia
703,70,Pinarayi Vijayan,https://myneta.info/kerala2016/candidate.php?candidate_id=70,DHARMADAM,CPI(M),11,12th Pass,"Rs 1,07,16,684 ~ 1 Crore+","Rs 7,95,000 ~ 7 Lacs+"
704,1097,Pookoya Thangal,https://myneta.info/kerala2016/candidate.php?candidate_id=1097,PERINTHALMANNA,Peoples Democratic Party,0,10th Pass,"Rs 21,49,123 ~ 21 Lacs+","Rs 2,50,000 ~ 2 Lacs+"
705,401,Pottangadi Kishan Chand,https://myneta.info/kerala2016/candidate.php?candidate_id=401,ELATHUR,JD(U),0,10th Pass,"Rs 2,43,14,317 ~ 2 Crore+","Rs 6,92,617 ~ 6 Lacs+"
706,1348,Prabhakaran,https://myneta.info/kerala2016/candidate.php?candidate_id=1348,NEYYATTINKARA,BSP,0,10th Pass,"Rs 3,06,000 ~ 3 Lacs+",Rs 0 ~
707,830,Pradeep,https://myneta.info/kerala2016/candidate.php?candidate_id=830,THRIPUNITHURA,IND,2,10th Pass,"Rs 20,10,000 ~ 20 Lacs+","Rs 4,05,000 ~ 4 Lacs+"
708,1266,Pradeepan M,https://myneta.info/kerala2016/candidate.php?candidate_id=1266,THRISSUR,SUCI(C),4,Post Graduate,"Rs 1,26,686 ~ 1 Lacs+",Rs 0 ~
709,756,Pradeepkumar,https://myneta.info/kerala2016/candidate.php?candidate_id=756,HARIPAD,IND,0,12th Pass,"Rs 1,84,500 ~ 1 Lacs+",Rs 0 ~
710,325,Prakash K C,https://myneta.info/kerala2016/candidate.php?candidate_id=325,VAIKOM,CPI(ML) Red Star,0,Not Given,"Rs 4,68,750 ~ 4 Lacs+",Rs 0 ~
711,1346,Pramod Kumar,https://myneta.info/kerala2016/candidate.php?candidate_id=1346,KOVALAM,IND,0,10th Pass,https://myneta.info/image_v2.php?myneta_folder=kerala2016&candidate_id=1346&col=ta,https://myneta.info/image_v2.php?myneta_folder=kerala2016&candidate_id=1346&col=lia
712,759,Prasad,https://myneta.info/kerala2016/candidate.php?candidate_id=759,HARIPAD,IND,0,10th Pass,"Rs 11,11,100 ~ 11 Lacs+","Rs 2,00,000 ~ 2 Lacs+"
713,1299,Prasad Uthimoodu,https://myneta.info/kerala2016/candidate.php?candidate_id=1299,RANNI,BSP,0,8th Pass,"Rs 1,32,000 ~ 1 Lacs+","Rs 50,000 ~ 50 Thou+"
714,64,Prasad V P,https://myneta.info/kerala2016/candidate.php?candidate_id=64,AZHIKODE,IND,0,10th Pass,"Rs 2,43,57,000 ~ 2 Crore+",Rs 0 ~
715,1390,Prasad.p,https://myneta.info/kerala2016/candidate.php?candidate_id=1390,KAZHAKKOOTTAM,IND,0,8th Pass,"Rs 22,86,000 ~ 22 Lacs+",Rs 0 ~
716,741,Prasanth,https://myneta.info/kerala2016/candidate.php?candidate_id=741,ALAPPUZHA,IND,1,Graduate Professional,"Rs 16,160 ~ 16 Thou+",Rs 0 ~
717,299,Prasenan K D,https://myneta.info/kerala2016/candidate.php?candidate_id=299,ALATHUR,CPI(M),3,12th Pass,"Rs 1,75,13,018 ~ 1 Crore+","Rs 7,07,760 ~ 7 Lacs+"
718,710,Pratheeshkumar.p,https://myneta.info/kerala2016/candidate.php?candidate_id=710,ATTINGAL,IND,0,10th Pass,"Rs 1,07,200 ~ 1 Lacs+",Rs 0 ~
719,724,Praveen Arimbrathodiyil,https://myneta.info/kerala2016/candidate.php?candidate_id=724,THIRUVANANTHAPURAM,IND,0,Graduate Professional,"Rs 25,88,438 ~ 25 Lacs+",Rs 0 ~
720,797,Praveen Damodara Prabhu,https://myneta.info/kerala2016/candidate.php?candidate_id=797,KOCHI,BJP,0,12th Pass,https://myneta.info/image_v2.php?myneta_folder=kerala2016&candidate_id=797&col=ta,https://myneta.info/image_v2.php?myneta_folder=kerala2016&candidate_id=797&col=lia
721,432,Praveen Kumar,https://myneta.info/kerala2016/candidate.php?candidate_id=432,VALLIKKUNNU,BSP,0,Graduate,"Rs 30,000 ~ 30 Thou+",Rs 0 ~
722,1063,Praveen Kumar Thayullathil (h),https://myneta.info/kerala2016/candidate.php?candidate_id=1063,NADAPURAM,IND,0,10th Pass,"Rs 52,07,000 ~ 52 Lacs+",Rs 0 ~
723,1062,Praveen Rayaroth Thazhikuni,https://myneta.info/kerala2016/candidate.php?candidate_id=1062,NADAPURAM,IND,0,10th Pass,"Rs 1,91,000 ~ 1 Lacs+","Rs 1,00,000 ~ 1 Lacs+"
724,503,Prema P G,https://myneta.info/kerala2016/candidate.php?candidate_id=503,KALAMASSERY,Welfare Party Of India,0,Graduate,"Rs 4,05,500 ~ 4 Lacs+","Rs 1,50,000 ~ 1 Lacs+"
725,609,Premanand.t,https://myneta.info/kerala2016/candidate.php?candidate_id=609,KOZHIKODE SOUTH,IND,0,10th Pass,"Rs 50,000 ~ 50 Thou+","Rs 56,000 ~ 56 Thou+"
726,740,Premji.k.p,https://myneta.info/kerala2016/candidate.php?candidate_id=740,ALAPPUZHA,IND,0,Graduate,"Rs 40,000 ~ 40 Thou+",Rs 0 ~
727,758,Presool.d.prekash,https://myneta.info/kerala2016/candidate.php?candidate_id=758,HARIPAD,IND,0,12th Pass,"Rs 3,00,559 ~ 3 Lacs+","Rs 2,95,000 ~ 2 Lacs+"
728,147,Prof. K.u. Arunan,https://myneta.info/kerala2016/candidate.php?candidate_id=147,IRINJALAKKUDA,CPI(M),0,Post Graduate,"Rs 2,34,73,411 ~ 2 Crore+","Rs 7,14,000 ~ 7 Lacs+"
729,405,Prof.abdul Vahab,https://myneta.info/kerala2016/candidate.php?candidate_id=405,KOZHIKODE SOUTH,Indian National League,0,Post Graduate,https://myneta.info/image_v2.php?myneta_folder=kerala2016&candidate_id=405&col=ta,https://myneta.info/image_v2.php?myneta_folder=kerala2016&candidate_id=405&col=lia
730,1106,Pt Unni,https://myneta.info/kerala2016/candidate.php?candidate_id=1106,TANUR,IND,0,10th Pass,"Rs 10,000 ~ 10 Thou+",Rs 0 ~
731,926,Purushothaman P P,https://myneta.info/kerala2016/candidate.php?candidate_id=926,TRIKARIPUR,IND,0,12th Pass,"Rs 41,000 ~ 41 Thou+",Rs 0 ~
732,334,Purushuan Kadalundy,https://myneta.info/kerala2016/candidate.php?candidate_id=334,BALUSSERI,CPI(M),3,10th Pass,"Rs 1,04,77,590 ~ 1 Crore+",Rs 0 ~
733,529,R M Dhanalakshmy,https://myneta.info/kerala2016/candidate.php?candidate_id=529,DEVIKULAM,AIADMK,3,10th Pass,"Rs 52,42,000 ~ 52 Lacs+","Rs 4,30,045 ~ 4 Lacs+"
734,1293,R Selvaraj,https://myneta.info/kerala2016/candidate.php?candidate_id=1293,NEYYATTINKARA,INC,1,10th Pass,"Rs 37,39,066 ~ 37 Lacs+","Rs 21,63,620 ~ 21 Lacs+"
735,1388,R V Nikhil,https://myneta.info/kerala2016/candidate.php?candidate_id=1388,VAMANAPURAM,Bharath Dharma Jana Sena,0,Others,"Rs 8,90,442 ~ 8 Lacs+","Rs 3,37,000 ~ 3 Lacs+"
736,15,R.arjunan,https://myneta.info/kerala2016/candidate.php?candidate_id=15,AMBALAPUZHA,SUCI(C),0,Others,"Rs 12,51,000 ~ 12 Lacs+","Rs 40,000 ~ 40 Thou+"
737,200,R.rajesh,https://myneta.info/kerala2016/candidate.php?candidate_id=200,MAVELIKARA,CPI(M),1,Graduate,"Rs 14,58,891 ~ 14 Lacs+","Rs 14,34,498 ~ 14 Lacs+"
738,204,R.ramachandran,https://myneta.info/kerala2016/candidate.php?candidate_id=204,KARUNAGAPPALLY,CPI,5,8th Pass,https://myneta.info/image_v2.php?myneta_folder=kerala2016&candidate_id=204&col=ta,https://myneta.info/image_v2.php?myneta_folder=kerala2016&candidate_id=204&col=lia
739,962,R.sukumaran,https://myneta.info/kerala2016/candidate.php?candidate_id=962,KOTTARAKKARA,BSP,0,10th Pass,"Rs 30,24,500 ~ 30 Lacs+","Rs 2,03,000 ~ 2 Lacs+"
740,1164,Radhakrishnan,https://myneta.info/kerala2016/candidate.php?candidate_id=1164,SHORNUR,IND,0,10th Pass,"Rs 16,01,600 ~ 16 Lacs+","Rs 2,35,000 ~ 2 Lacs+"
741,487,Radhakrishnan,https://myneta.info/kerala2016/candidate.php?candidate_id=487,CHALAKKUDY,INC,0,Graduate,"Rs 2,86,62,024 ~ 2 Crore+","Rs 1,50,000 ~ 1 Lacs+"
742,1350,Radhakrishnan,https://myneta.info/kerala2016/candidate.php?candidate_id=1350,MANALUR,BJP,0,Graduate,"Rs 95,37,358 ~ 95 Lacs+","Rs 51,25,000 ~ 51 Lacs+"
743,1238,Radhakrishnan C K,https://myneta.info/kerala2016/candidate.php?candidate_id=1238,KODUNGALLUR,IND,0,Graduate Professional,"Rs 2,25,750 ~ 2 Lacs+","Rs 3,17,000 ~ 3 Lacs+"
744,983,Radhakrishnan V K,https://myneta.info/kerala2016/candidate.php?candidate_id=983,CHANGANASSERY,BJP,0,Graduate,"Rs 54,56,901 ~ 54 Lacs+","Rs 22,76,725 ~ 22 Lacs+"
745,252,Radhamani Narayana Kumar,https://myneta.info/kerala2016/candidate.php?candidate_id=252,PERAVOOR,IND,0,10th Pass,"Rs 22,000 ~ 22 Thou+",Rs 0 ~
746,604,Raghu Kallikkad,https://myneta.info/kerala2016/candidate.php?candidate_id=604,ELATHUR,BSP,0,Graduate,"Rs 1,04,20,000 ~ 1 Crore+","Rs 2,00,000 ~ 2 Lacs+"
747,1052,Rahim,https://myneta.info/kerala2016/candidate.php?candidate_id=1052,KUNNAMANGALAM,IND,0,8th Pass,https://myneta.info/image_v2.php?myneta_folder=kerala2016&candidate_id=1052&col=ta,https://myneta.info/image_v2.php?myneta_folder=kerala2016&candidate_id=1052&col=lia
748,286,Rahmathulla,https://myneta.info/kerala2016/candidate.php?candidate_id=286,KOTTAKKAL,SDPI,0,10th Pass,"Rs 53,35,118 ~ 53 Lacs+",Rs 0 ~
749,820,Rahul R,https://myneta.info/kerala2016/candidate.php?candidate_id=820,THRIKKAKARA,IND,0,12th Pass,"Rs 54,443 ~ 54 Thou+","Rs 60,000 ~ 60 Thou+"
750,815,Rajan,https://myneta.info/kerala2016/candidate.php?candidate_id=815,PIRAVOM,IND,0,8th Pass,"Rs 8,000 ~ 8 Thou+","Rs 50,000 ~ 50 Thou+"
751,1240,Rajan,https://myneta.info/kerala2016/candidate.php?candidate_id=1240,KODUNGALLUR,IND,0,10th Pass,"Rs 1,50,91,708 ~ 1 Crore+","Rs 2,48,500 ~ 2 Lacs+"
752,189,Rajan K N,https://myneta.info/kerala2016/candidate.php?candidate_id=189,CHANGANASSERY,SUCI(C),0,8th Pass,"Rs 47,000 ~ 47 Thou+","Rs 20,000 ~ 20 Thou+"
753,746,Rajasekharan,https://myneta.info/kerala2016/candidate.php?candidate_id=746,AROOR,IND,0,10th Pass,"Rs 25,600 ~ 25 Thou+",Rs 0 ~
754,728,Rajasenan,https://myneta.info/kerala2016/candidate.php?candidate_id=728,ARUVIKKARA,BJP,0,10th Pass,"Rs 1,18,53,795 ~ 1 Crore+","Rs 29,00,000 ~ 29 Lacs+"
755,467,Rajeena A,https://myneta.info/kerala2016/candidate.php?candidate_id=467,CHITTUR,SUCI(C),0,Graduate,"Rs 89,606 ~ 89 Thou+",Rs 0 ~
756,833,Rajeev,https://myneta.info/kerala2016/candidate.php?candidate_id=833,VYPEN,Ambedkarite Party of India,0,10th Pass,https://myneta.info/image_v2.php?myneta_folder=kerala2016&candidate_id=833&col=ta,https://myneta.info/image_v2.php?myneta_folder=kerala2016&candidate_id=833&col=lia
757,996,Rajeev Kidangoor,https://myneta.info/kerala2016/candidate.php?candidate_id=996,KADUTHURUTHY,IND,3,10th Pass,"Rs 66,24,120 ~ 66 Lacs+","Rs 4,60,000 ~ 4 Lacs+"
758,842,Rajendran R,https://myneta.info/kerala2016/candidate.php?candidate_id=842,DEVIKULAM,Peoples Democratic Party,0,12th Pass,"Rs 2,94,100 ~ 2 Lacs+","Rs 3,17,000 ~ 3 Lacs+"
759,1198,Rajesh,https://myneta.info/kerala2016/candidate.php?candidate_id=1198,NEDUMANGAD,BJP,10,Graduate Professional,"Rs 99,50,703 ~ 99 Lacs+",Rs 0 ~
760,906,Rajesh Kumar K,https://myneta.info/kerala2016/candidate.php?candidate_id=906,TALIPARAMBA,IND,0,10th Pass,"Rs 6,07,267 ~ 6 Lacs+","Rs 45,000 ~ 45 Thou+"
761,1132,Rajesh M,https://myneta.info/kerala2016/candidate.php?candidate_id=1132,ALATHUR,IND,0,10th Pass,"Rs 4,09,522 ~ 4 Lacs+",Rs 0 ~
762,583,Rajesh Nambiar,https://myneta.info/kerala2016/candidate.php?candidate_id=583,TALIPARAMBA,Kerala Congress (M),3,Doctorate,"Rs 6,85,38,807 ~ 6 Crore+","Rs 1,05,19,736 ~ 1 Crore+"
763,708,Rajesh.r,https://myneta.info/kerala2016/candidate.php?candidate_id=708,ATTINGAL,IND,0,10th Pass,"Rs 10,000 ~ 10 Thou+",Rs 0 ~
764,526,Rajeswary,https://myneta.info/kerala2016/candidate.php?candidate_id=526,DEVIKULAM,IND,0,8th Pass,"Rs 3,93,705 ~ 3 Lacs+","Rs 2,77,600 ~ 2 Lacs+"
765,690,Rajeswary Rajendran,https://myneta.info/kerala2016/candidate.php?candidate_id=690,KOTTARAKKARA,BJP,0,Post Graduate,https://myneta.info/image_v2.php?myneta_folder=kerala2016&candidate_id=690&col=ta,https://myneta.info/image_v2.php?myneta_folder=kerala2016&candidate_id=690&col=lia
766,1265,Raji,https://myneta.info/kerala2016/candidate.php?candidate_id=1265,THRISSUR,Peoples Democratic Party,0,Graduate,"Rs 48,82,191 ~ 48 Lacs+","Rs 63,900 ~ 63 Thou+"
767,709,Raji,https://myneta.info/kerala2016/candidate.php?candidate_id=709,ATTINGAL,BJP,0,12th Pass,"Rs 5,61,081 ~ 5 Lacs+","Rs 67,000 ~ 67 Thou+"
768,987,Raji Rajan,https://myneta.info/kerala2016/candidate.php?candidate_id=987,CHANGANASSERY,BSP,0,10th Pass,"Rs 2,71,500 ~ 2 Lacs+",Rs 0 ~
769,19,Rajmohan Unnithan,https://myneta.info/kerala2016/candidate.php?candidate_id=19,KUNDARA,INC,0,Graduate,"Rs 1,79,93,838 ~ 1 Crore+","Rs 18,10,551 ~ 18 Lacs+"
770,702,Raju,https://myneta.info/kerala2016/candidate.php?candidate_id=702,CHATHANNUR,IND,0,8th Pass,"Rs 24,10,600 ~ 24 Lacs+",Rs 0 ~
771,557,Raju,https://myneta.info/kerala2016/candidate.php?candidate_id=557,POONJAR,SUCI(C),0,8th Pass,"Rs 16,09,972 ~ 16 Lacs+",Rs 0 ~
772,242,Raju Abraham,https://myneta.info/kerala2016/candidate.php?candidate_id=242,RANNI,CPI(M),1,Graduate,"Rs 66,60,166 ~ 66 Lacs+","Rs 6,70,437 ~ 6 Lacs+"
773,865,Raju Manjakkunnel,https://myneta.info/kerala2016/candidate.php?candidate_id=865,UDUMBANCHOLA,BSP,0,10th Pass,"Rs 2,64,500 ~ 2 Lacs+",Rs 0 ~
774,412,Raju Punnakkal,https://myneta.info/kerala2016/candidate.php?candidate_id=412,THIRUVAMBADY,Welfare Party Of India,0,10th Pass,https://myneta.info/image_v2.php?myneta_folder=kerala2016&candidate_id=412&col=ta,https://myneta.info/image_v2.php?myneta_folder=kerala2016&candidate_id=412&col=lia
775,954,Ramachandran,https://myneta.info/kerala2016/candidate.php?candidate_id=954,KARUNAGAPPALLY,IND,2,8th Pass,"Rs 6,37,500 ~ 6 Lacs+",Rs 0 ~
776,415,Ramachandran,https://myneta.info/kerala2016/candidate.php?candidate_id=415,KONDOTTY,BJP,1,12th Pass,"Rs 17,65,756 ~ 17 Lacs+","Rs 94,700 ~ 94 Thou+"
777,68,Ramachandran Kadannappalli,https://myneta.info/kerala2016/candidate.php?candidate_id=68,KANNUR,Congress (Secular),2,Graduate,"Rs 74,47,115 ~ 74 Lacs+","Rs 1,65,058 ~ 1 Lacs+"
778,201,Ramachandran Nair,https://myneta.info/kerala2016/candidate.php?candidate_id=201,CHENGANNUR,CPI(M),2,Post Graduate,"Rs 76,74,425 ~ 76 Lacs+","Rs 2,56,394 ~ 2 Lacs+"
779,1141,Ramachandran Pc,https://myneta.info/kerala2016/candidate.php?candidate_id=1141,CHITTUR,BSP,0,10th Pass,"Rs 11,000 ~ 11 Thou+",Rs 0 ~
780,890,Ramachandran Potheravalappil,https://myneta.info/kerala2016/candidate.php?candidate_id=890,KANNUR,IND,0,10th Pass,"Rs 11,20,500 ~ 11 Lacs+",Rs 0 ~
781,392,Ramadas Manaleri,https://myneta.info/kerala2016/candidate.php?candidate_id=392,KUTTIADI,BJP,0,Graduate,"Rs 7,97,569 ~ 7 Lacs+","Rs 2,85,943 ~ 2 Lacs+"
782,1101,Ramakrishnan,https://myneta.info/kerala2016/candidate.php?candidate_id=1101,PONNANI,IND,0,5th Pass,"Rs 8,14,250 ~ 8 Lacs+",Rs 0 ~
783,1107,Ramakrishnan N,https://myneta.info/kerala2016/candidate.php?candidate_id=1107,TANUR,IND,0,Graduate Professional,https://myneta.info/image_v2.php?myneta_folder=kerala2016&candidate_id=1107&col=ta,https://myneta.info/image_v2.php?myneta_folder=kerala2016&candidate_id=1107&col=lia
784,1025,Raman Thachampoyil Meethal,https://myneta.info/kerala2016/candidate.php?candidate_id=1025,BALUSSERI,IND,0,Literate,"Rs 10,11,300 ~ 10 Lacs+",Rs 0 ~
785,852,Ramaswamy Govindan,https://myneta.info/kerala2016/candidate.php?candidate_id=852,PEERUMADE,IND,0,12th Pass,"Rs 6,09,10,748 ~ 6 Crore+",Rs 0 ~
786,296,Ramesh,https://myneta.info/kerala2016/candidate.php?candidate_id=296,MALAMPUZHA,IND,0,5th Pass,"Rs 3,22,455 ~ 3 Lacs+",Rs 0 ~
787,753,Ramesh Chennithala,https://myneta.info/kerala2016/candidate.php?candidate_id=753,HARIPAD,INC,0,Graduate,"Rs 3,53,20,475 ~ 3 Crore+","Rs 12,288 ~ 12 Thou+"
788,1146,Ramesh P V,https://myneta.info/kerala2016/candidate.php?candidate_id=1146,KONGAD,BSP,0,10th Pass,"Rs 15,000 ~ 15 Thou+",Rs 0 ~
789,661,Ranjith Sreenivas,https://myneta.info/kerala2016/candidate.php?candidate_id=661,ALAPPUZHA,BJP,0,Graduate Professional,"Rs 15,86,808 ~ 15 Lacs+",Rs 0 ~
790,1069,Rasal.m.k,https://myneta.info/kerala2016/candidate.php?candidate_id=1069,QUILANDY,Peoples Democratic Party,0,10th Pass,"Rs 1,07,000 ~ 1 Lacs+",Rs 0 ~
791,1336,Rasheed,https://myneta.info/kerala2016/candidate.php?candidate_id=1336,ARUVIKKARA,IND,0,5th Pass,"Rs 25,000 ~ 25 Thou+",Rs 0 ~
792,103,Rasheed Ali,https://myneta.info/kerala2016/candidate.php?candidate_id=103,MANKADA,CPI(M),0,Graduate Professional,https://myneta.info/image_v2.php?myneta_folder=kerala2016&candidate_id=103&col=ta,https://myneta.info/image_v2.php?myneta_folder=kerala2016&candidate_id=103&col=lia
793,435,Rasmil Nath,https://myneta.info/kerala2016/candidate.php?candidate_id=435,TANUR,BJP,0,Graduate,"Rs 21,01,749 ~ 21 Lacs+","Rs 40,000 ~ 40 Thou+"
794,620,Ratheesh B,https://myneta.info/kerala2016/candidate.php?candidate_id=620,MANKADA,BJP,0,12th Pass,"Rs 7,64,381 ~ 7 Lacs+","Rs 2,82,773 ~ 2 Lacs+"
795,1200,Raveendran,https://myneta.info/kerala2016/candidate.php?candidate_id=1200,NEDUMANGAD,IND,0,Literate,"Rs 48,89,671 ~ 48 Lacs+",Rs 0 ~
796,1199,Raveendran Nair,https://myneta.info/kerala2016/candidate.php?candidate_id=1199,NEDUMANGAD,IND,0,5th Pass,"Rs 31,31,700 ~ 31 Lacs+","Rs 5,00,000 ~ 5 Lacs+"
797,47,Ravi Thelath,https://myneta.info/kerala2016/candidate.php?candidate_id=47,THAVANUR,BJP,0,Graduate,"Rs 16,88,006 ~ 16 Lacs+","Rs 97,000 ~ 97 Thou+"
798,923,Ravichandra,https://myneta.info/kerala2016/candidate.php?candidate_id=923,MANJESHWAR,BSP,0,10th Pass,"Rs 6,00,000 ~ 6 Lacs+",Rs 0 ~
799,1148,Ravikumar. N,https://myneta.info/kerala2016/candidate.php?candidate_id=1148,MALAMPUZHA,BSP,0,12th Pass,"Rs 20,000 ~ 20 Thou+",Rs 0 ~
800,367,Ravisha Thantri Kuntar,https://myneta.info/kerala2016/candidate.php?candidate_id=367,KASARAGOD,BJP,1,10th Pass,"Rs 68,25,351 ~ 68 Lacs+","Rs 17,83,629 ~ 17 Lacs+"
801,394,Razsaq Paleri,https://myneta.info/kerala2016/candidate.php?candidate_id=394,PERAMBRA,Welfare Party Of India,1,Post Graduate,https://myneta.info/image_v2.php?myneta_folder=kerala2016&candidate_id=394&col=ta,https://myneta.info/image_v2.php?myneta_folder=kerala2016&candidate_id=394&col=lia
802,974,Reghu Damodharan (bheeman Reghu),https://myneta.info/kerala2016/candidate.php?candidate_id=974,PATHANAPURAM,BJP,1,Graduate,"Rs 6,41,000 ~ 6 Lacs+",Rs 0 ~
803,779,Rejimon P O,https://myneta.info/kerala2016/candidate.php?candidate_id=779,ALUVA,IND,1,8th Pass,"Rs 1,100 ~ 1 Thou+",Rs 0 ~
804,187,Rejitha Jayaram,https://myneta.info/kerala2016/candidate.php?candidate_id=187,KOTTAYAM,SUCI(C),0,12th Pass,"Rs 64,128 ~ 64 Thou+","Rs 5,000 ~ 5 Thou+"
805,971,Rekhu.p,https://myneta.info/kerala2016/candidate.php?candidate_id=971,PATHANAPURAM,IND,1,5th Pass,"Rs 70,000 ~ 70 Thou+",Rs 0 ~
806,51,Retnakaran,https://myneta.info/kerala2016/candidate.php?candidate_id=51,CHADAYAMANGALAM,CPI,1,10th Pass,"Rs 73,41,930 ~ 73 Lacs+","Rs 75,972 ~ 75 Thou+"
807,1174,Reyash,https://myneta.info/kerala2016/candidate.php?candidate_id=1174,KONNI,SDPI,0,10th Pass,"Rs 6,39,850 ~ 6 Lacs+",Rs 0 ~
808,887,Rijo,https://myneta.info/kerala2016/candidate.php?candidate_id=887,IRIKKUR,IND,0,10th Pass,"Rs 7,000 ~ 7 Thou+",Rs 0 ~
809,154,Roji M John,https://myneta.info/kerala2016/candidate.php?candidate_id=154,ANGAMALY,INC,0,Post Graduate,"Rs 1,32,14,613 ~ 1 Crore+","Rs 16,81,547 ~ 16 Lacs+"
810,920,Roshan Kumar,https://myneta.info/kerala2016/candidate.php?candidate_id=920,KASARAGOD,IND,0,10th Pass,https://myneta.info/image_v2.php?myneta_folder=kerala2016&candidate_id=920&col=ta,https://myneta.info/image_v2.php?myneta_folder=kerala2016&candidate_id=920&col=lia
811,535,Roshy Augustine,https://myneta.info/kerala2016/candidate.php?candidate_id=535,IDUKKI,Kerala Congress (M),0,Graduate,"Rs 2,33,34,120 ~ 2 Crore+",Rs 0 ~
812,533,Roy Arackal,https://myneta.info/kerala2016/candidate.php?candidate_id=533,THODUPUZHA,SDPI,0,10th Pass,"Rs 6,10,500 ~ 6 Lacs+",Rs 0 ~
813,552,Roy Chemmanam,https://myneta.info/kerala2016/candidate.php?candidate_id=552,KOTTAYAM,SP,0,10th Pass,"Rs 16,02,800 ~ 16 Lacs+","Rs 25,00,000 ~ 25 Lacs+"
814,515,Rubesh Jimmy,https://myneta.info/kerala2016/candidate.php?candidate_id=515,ERANAKULAM,SP,0,Graduate Professional,"Rs 30,19,926 ~ 30 Lacs+","Rs 1,39,383 ~ 1 Lacs+"
815,331,Rugmini Subrahmanian,https://myneta.info/kerala2016/candidate.php?candidate_id=331,SULTHANBATHERY,CPI(M),2,10th Pass,"Rs 13,01,280 ~ 13 Lacs+","Rs 2,31,500 ~ 2 Lacs+"
816,832,S D Satheeshkumar,https://myneta.info/kerala2016/candidate.php?candidate_id=832,VYPEN,IND,0,Others,Nil,Rs 0 ~
817,403,S Jennifer,https://myneta.info/kerala2016/candidate.php?candidate_id=403,KOZHIKODE NORTH,SUCI(C),0,Post Graduate,"Rs 3,55,211 ~ 3 Lacs+",Rs 0 ~
818,1060,S R Khan Maniyoor,https://myneta.info/kerala2016/candidate.php?candidate_id=1060,KUTTIADI,IND,0,8th Pass,"Rs 42,32,500 ~ 42 Lacs+",Rs 0 ~
819,455,S R Prakash,https://myneta.info/kerala2016/candidate.php?candidate_id=455,OTTAPALAM,IND,0,Graduate Professional,https://myneta.info/image_v2.php?myneta_folder=kerala2016&candidate_id=455&col=ta,https://myneta.info/image_v2.php?myneta_folder=kerala2016&candidate_id=455&col=lia
820,180,S Rajendran,https://myneta.info/kerala2016/candidate.php?candidate_id=180,DEVIKULAM,CPI(M),2,Graduate,"Rs 73,06,117 ~ 73 Lacs+","Rs 46,08,000 ~ 46 Lacs+"
821,345,S Saji,https://myneta.info/kerala2016/candidate.php?candidate_id=345,THRIKKAKARA,BJP,0,Post Graduate,"Rs 1,26,82,461 ~ 1 Crore+","Rs 21,30,572 ~ 21 Lacs+"
822,163,S Sarma,https://myneta.info/kerala2016/candidate.php?candidate_id=163,VYPEN,CPI(M),1,10th Pass,"Rs 1,51,80,872 ~ 1 Crore+","Rs 20,66,508 ~ 20 Lacs+"
823,1263,S T Paramasivan,https://myneta.info/kerala2016/candidate.php?candidate_id=1263,THRISSUR,IND,0,10th Pass,"Rs 46,73,110 ~ 46 Lacs+",Rs 0 ~
824,958,S. Chandran,https://myneta.info/kerala2016/candidate.php?candidate_id=958,KOLLAM,IND,0,8th Pass,"Rs 60,511 ~ 60 Thou+","Rs 30,000 ~ 30 Thou+"
825,1149,S. Saravanan,https://myneta.info/kerala2016/candidate.php?candidate_id=1149,MALAMPUZHA,IND,0,8th Pass,"Rs 1,90,000 ~ 1 Lacs+",Rs 0 ~
826,1345,S. Shaji,https://myneta.info/kerala2016/candidate.php?candidate_id=1345,KOVALAM,Akhila Kerala Trinamool Party,0,Graduate,"Rs 20,000 ~ 20 Thou+",Rs 0 ~
827,966,S.m.jaber,https://myneta.info/kerala2016/candidate.php?candidate_id=966,KUNDARA,BSP,0,12th Pass,"Rs 25,30,000 ~ 25 Lacs+","Rs 15,000 ~ 15 Thou+"
828,192,S.sarath,https://myneta.info/kerala2016/candidate.php?candidate_id=192,CHERTHALA,INC,0,Post Graduate,https://myneta.info/image_v2.php?myneta_folder=kerala2016&candidate_id=192&col=ta,https://myneta.info/image_v2.php?myneta_folder=kerala2016&candidate_id=192&col=lia
829,236,Sabarinadhan.k.s,https://myneta.info/kerala2016/candidate.php?candidate_id=236,ARUVIKKARA,INC,0,Graduate Professional,"Rs 1,12,31,533 ~ 1 Crore+",Rs 0 ~
830,1337,Sabarinath. G,https://myneta.info/kerala2016/candidate.php?candidate_id=1337,ARUVIKKARA,IND,0,10th Pass,"Rs 15,892 ~ 15 Thou+",Rs 0 ~
831,1228,Sabira,https://myneta.info/kerala2016/candidate.php?candidate_id=1228,CHALAKKUDY,IND,0,10th Pass,"Rs 4,17,85,461 ~ 4 Crore+","Rs 1,70,000 ~ 1 Lacs+"
832,596,Sabu Kakkattil,https://myneta.info/kerala2016/candidate.php?candidate_id=596,KUTTIADI,SP,0,Post Graduate,"Rs 15,000 ~ 15 Thou+","Rs 2,08,000 ~ 2 Lacs+"
833,536,Sabu Kochuparambil,https://myneta.info/kerala2016/candidate.php?candidate_id=536,IDUKKI,BSP,0,10th Pass,"Rs 13,48,000 ~ 13 Lacs+",Rs 0 ~
834,680,Sadasivan,https://myneta.info/kerala2016/candidate.php?candidate_id=680,KARUNAGAPPALLY,Bharath Dharma Jana Sena,2,Graduate Professional,"Rs 3,46,10,496 ~ 3 Crore+","Rs 43,54,855 ~ 43 Lacs+"
835,138,Sadikkali,https://myneta.info/kerala2016/candidate.php?candidate_id=138,GURUVAYOOR,IUML,1,Graduate Professional,"Rs 22,33,285 ~ 22 Lacs+","Rs 2,70,000 ~ 2 Lacs+"
836,1364,Sahadevan,https://myneta.info/kerala2016/candidate.php?candidate_id=1364,TIRUR,IND,0,10th Pass,"Rs 38,84,000 ~ 38 Lacs+","Rs 9,00,000 ~ 9 Lacs+"
837,1333,Saileswara Babu.n,https://myneta.info/kerala2016/candidate.php?candidate_id=1333,NEMOM,IND,0,12th Pass,https://myneta.info/image_v2.php?myneta_folder=kerala2016&candidate_id=1333&col=ta,https://myneta.info/image_v2.php?myneta_folder=kerala2016&candidate_id=1333&col=lia
838,889,Sainudheen Karivellur,https://myneta.info/kerala2016/candidate.php?candidate_id=889,KALLIASSERI,Welfare Party Of India,0,12th Pass,"Rs 53,10,157 ~ 53 Lacs+",Rs 0 ~
839,1088,Sainul Abid Thangal,https://myneta.info/kerala2016/candidate.php?candidate_id=1088,KOTTAKKAL,IND,0,8th Pass,"Rs 10,02,000 ~ 10 Lacs+",Rs 0 ~
840,1010,Sainulabdeen,https://myneta.info/kerala2016/candidate.php?candidate_id=1010,POONJAR,IND,0,10th Pass,"Rs 6,62,300 ~ 6 Lacs+",Rs 0 ~
841,555,Sajan C Madhavan,https://myneta.info/kerala2016/candidate.php?candidate_id=555,KANJIRAPPALLY,IND,0,Not Given,Rs 100 ~ 1 Hund+,Rs 0 ~
842,315,Sajeed,https://myneta.info/kerala2016/candidate.php?candidate_id=315,CHADAYAMANGALAM,Welfare Party Of India,2,12th Pass,"Rs 16,71,145 ~ 16 Lacs+",Rs 0 ~
843,803,Sajeendran,https://myneta.info/kerala2016/candidate.php?candidate_id=803,KUNNATHUNAD,IND,0,10th Pass,"Rs 10,86,483 ~ 10 Lacs+","Rs 1,10,000 ~ 1 Lacs+"
844,1181,Saji Kadampanad,https://myneta.info/kerala2016/candidate.php?candidate_id=1181,THIRUVALLA,BSP,0,10th Pass,"Rs 84,000 ~ 84 Thou+",Rs 0 ~
845,531,Saji Parambath,https://myneta.info/kerala2016/candidate.php?candidate_id=531,UDUMBANCHOLA,Bharath Dharma Jana Sena,0,Graduate,"Rs 58,81,267 ~ 58 Lacs+","Rs 11,96,744 ~ 11 Lacs+"
846,580,Sajid Mavval,https://myneta.info/kerala2016/candidate.php?candidate_id=580,PAYYANNUR,INC,1,10th Pass,https://myneta.info/image_v2.php?myneta_folder=kerala2016&candidate_id=580&col=ta,https://myneta.info/image_v2.php?myneta_folder=kerala2016&candidate_id=580&col=lia
847,1255,Sajimon Manjamattam,https://myneta.info/kerala2016/candidate.php?candidate_id=1255,OLLUR,CPI(ML) Red Star,2,10th Pass,"Rs 36,04,000 ~ 36 Lacs+","Rs 5,00,000 ~ 5 Lacs+"
848,319,Saju,https://myneta.info/kerala2016/candidate.php?candidate_id=319,THRIPUNITHURA,IND,1,10th Pass,"Rs 42,15,689 ~ 42 Lacs+","Rs 1,88,000 ~ 1 Lacs+"
849,1391,Saju Ameerdas,https://myneta.info/kerala2016/candidate.php?candidate_id=1391,VATTIYOORKAVU,IND,0,12th Pass,"Rs 22,000 ~ 22 Thou+",Rs 0 ~
850,152,Saju Paul,https://myneta.info/kerala2016/candidate.php?candidate_id=152,PERUMBAVOOR,CPI(M),0,12th Pass,"Rs 5,28,93,143 ~ 5 Crore+","Rs 48,79,786 ~ 48 Lacs+"
851,425,Saleem,https://myneta.info/kerala2016/candidate.php?candidate_id=425,PERINTHALMANNA,Welfare Party Of India,0,Others,"Rs 9,41,080 ~ 9 Lacs+",Rs 0 ~
852,703,Salimraj A,https://myneta.info/kerala2016/candidate.php?candidate_id=703,CHATHANNUR,BSP,0,Graduate Professional,"Rs 39,23,022 ~ 39 Lacs+",Rs 0 ~
853,1223,Salu. R,https://myneta.info/kerala2016/candidate.php?candidate_id=1223,VARKALA,IND,0,12th Pass,"Rs 13,11,970 ~ 13 Lacs+",Rs 0 ~
854,1271,Sandhya N M,https://myneta.info/kerala2016/candidate.php?candidate_id=1271,KALPETTA,IND,0,12th Pass,Nil,"Rs 51,194 ~ 51 Thou+"
855,1021,Saneeshkumar,https://myneta.info/kerala2016/candidate.php?candidate_id=1021,VAIKOM,INC,0,Post Graduate,https://myneta.info/image_v2.php?myneta_folder=kerala2016&candidate_id=1021&col=ta,https://myneta.info/image_v2.php?myneta_folder=kerala2016&candidate_id=1021&col=lia
856,492,Sangeetha,https://myneta.info/kerala2016/candidate.php?candidate_id=492,KODUNGALLUR,Bharath Dharma Jana Sena,0,Graduate Professional,"Rs 3,78,86,634 ~ 3 Crore+","Rs 32,00,000 ~ 32 Lacs+"
857,771,Sanil.p.m,https://myneta.info/kerala2016/candidate.php?candidate_id=771,KUTTANAD,BSP,0,10th Pass,"Rs 1,87,928 ~ 1 Lacs+",Rs 0 ~
858,1142,Santha C,https://myneta.info/kerala2016/candidate.php?candidate_id=1142,CHITTUR,IND,0,10th Pass,"Rs 1,60,000 ~ 1 Lacs+",Rs 0 ~
859,1264,Santhakumari K V,https://myneta.info/kerala2016/candidate.php?candidate_id=1264,THRISSUR,Indian Gandhiyan Party,0,Graduate,"Rs 31,100 ~ 31 Thou+",Rs 0 ~
860,713,Santhini,https://myneta.info/kerala2016/candidate.php?candidate_id=713,CHIRAYINKEEZHU,IND,0,12th Pass,Rs 500 ~ 5 Hund+,Rs 0 ~
861,558,Santhosh,https://myneta.info/kerala2016/candidate.php?candidate_id=558,POONJAR,Kerala Janatha Party,0,10th Pass,"Rs 5,11,282 ~ 5 Lacs+",Rs 0 ~
862,477,Santhosh,https://myneta.info/kerala2016/candidate.php?candidate_id=477,NATTIKA,BSP,0,10th Pass,"Rs 20,10,600 ~ 20 Lacs+","Rs 33,00,000 ~ 33 Lacs+"
863,1318,Santhosh Kumar S,https://myneta.info/kerala2016/candidate.php?candidate_id=1318,ADOOR,BSP,1,12th Pass,"Rs 5,000 ~ 5 Thou+",Rs 0 ~
864,858,Santhosh P K,https://myneta.info/kerala2016/candidate.php?candidate_id=858,THODUPUZHA,IND,1,5th Pass,https://myneta.info/image_v2.php?myneta_folder=kerala2016&candidate_id=858&col=ta,https://myneta.info/image_v2.php?myneta_folder=kerala2016&candidate_id=858&col=lia
865,1262,Santhosh Polakulath,https://myneta.info/kerala2016/candidate.php?candidate_id=1262,PUTHUKKAD,SHS,0,10th Pass,"Rs 21,85,161 ~ 21 Lacs+",Rs 0 ~
866,1259,Santhosh.i.k,https://myneta.info/kerala2016/candidate.php?candidate_id=1259,PUTHUKKAD,IND,0,10th Pass,"Rs 24,64,444 ~ 24 Lacs+","Rs 14,09,454 ~ 14 Lacs+"
867,162,Sarada Mohan,https://myneta.info/kerala2016/candidate.php?candidate_id=162,PARAVUR,CPI,0,Post Graduate,"Rs 2,31,85,083 ~ 2 Crore+","Rs 2,60,000 ~ 2 Lacs+"
868,241,Sarasamma.t,https://myneta.info/kerala2016/candidate.php?candidate_id=241,KOVALAM,Indian Gandhiyan Party,0,10th Pass,"Rs 9,10,000 ~ 9 Lacs+",Rs 0 ~
869,752,Sarath,https://myneta.info/kerala2016/candidate.php?candidate_id=752,CHERTHALA,IND,0,8th Pass,"Rs 13,04,000 ~ 13 Lacs+","Rs 80,000 ~ 80 Thou+"
870,676,Sasi,https://myneta.info/kerala2016/candidate.php?candidate_id=676,CHENGANNUR,IND,0,8th Pass,Nil,Rs 0 ~
871,119,Sasi P K,https://myneta.info/kerala2016/candidate.php?candidate_id=119,SHORNUR,CPI(M),2,12th Pass,"Rs 6,69,57,314 ~ 6 Crore+","Rs 39,88,053 ~ 39 Lacs+"
872,1190,Sasikala,https://myneta.info/kerala2016/candidate.php?candidate_id=1190,KAZHAKKOOTTAM,IND,0,8th Pass,"Rs 2,000 ~ 2 Thou+",Rs 0 ~
873,701,Sasikumar,https://myneta.info/kerala2016/candidate.php?candidate_id=701,KOLLAM,IND,0,Post Graduate,https://myneta.info/image_v2.php?myneta_folder=kerala2016&candidate_id=701&col=ta,https://myneta.info/image_v2.php?myneta_folder=kerala2016&candidate_id=701&col=lia
874,218,Satheek,https://myneta.info/kerala2016/candidate.php?candidate_id=218,ERAVIPURAM,Bharath Dharma Jana Sena,0,10th Pass,"Rs 16,15,51,907 ~ 16 Crore+","Rs 93,15,000 ~ 93 Lacs+"
875,67,Satheesan Pacheni,https://myneta.info/kerala2016/candidate.php?candidate_id=67,KANNUR,INC,0,Graduate,"Rs 30,05,696 ~ 30 Lacs+","Rs 13,86,524 ~ 13 Lacs+"
876,892,Satheesan Pazhayadath,https://myneta.info/kerala2016/candidate.php?candidate_id=892,KANNUR,IND,0,10th Pass,"Rs 5,65,199 ~ 5 Lacs+",Rs 0 ~
877,239,Satheesh,https://myneta.info/kerala2016/candidate.php?candidate_id=239,KATTAKKADA,CPI(M),14,Graduate Professional,"Rs 40,23,855 ~ 40 Lacs+","Rs 1,20,000 ~ 1 Lacs+"
878,607,Satheesh Kuttiyil,https://myneta.info/kerala2016/candidate.php?candidate_id=607,KOZHIKODE SOUTH,Bharath Dharma Jana Sena,0,12th Pass,"Rs 8,62,09,000 ~ 8 Crore+","Rs 26,00,000 ~ 26 Lacs+"
879,757,Satheeshkumar,https://myneta.info/kerala2016/candidate.php?candidate_id=757,HARIPAD,IND,0,10th Pass,Rs 151 ~ 1 Hund+,Rs 0 ~
880,981,Satheeshkumar.b,https://myneta.info/kerala2016/candidate.php?candidate_id=981,PUNALUR,SHS,0,10th Pass,"Rs 10,57,744 ~ 10 Lacs+",Rs 0 ~
881,647,Sathyanesan,https://myneta.info/kerala2016/candidate.php?candidate_id=647,PARAVUR,IND,0,10th Pass,"Rs 3,10,000 ~ 3 Lacs+",Rs 0 ~
882,421,Savad,https://myneta.info/kerala2016/candidate.php?candidate_id=421,MANJERI,Welfare Party Of India,0,12th Pass,https://myneta.info/image_v2.php?myneta_folder=kerala2016&candidate_id=421&col=ta,https://myneta.info/image_v2.php?myneta_folder=kerala2016&candidate_id=421&col=lia
883,1036,Sayyid Hussain Jiffiri Thangal,https://myneta.info/kerala2016/candidate.php?candidate_id=1036,KODUVALLY,IND,0,10th Pass,"Rs 12,55,000 ~ 12 Lacs+","Rs 3,00,000 ~ 3 Lacs+"
884,993,Scaria Thomas,https://myneta.info/kerala2016/candidate.php?candidate_id=993,KADUTHURUTHY,Kerala Congress (Skariah Thomas),0,12th Pass,"Rs 4,07,07,213 ~ 4 Crore+","Rs 7,13,855 ~ 7 Lacs+"
885,1243,Schariachan P C,https://myneta.info/kerala2016/candidate.php?candidate_id=1243,KUNNAMKULAM,IND,0,8th Pass,"Rs 1,04,000 ~ 1 Lacs+",Rs 0 ~
886,171,Sebastian Paul,https://myneta.info/kerala2016/candidate.php?candidate_id=171,THRIKKAKARA,CPI(M),1,Doctorate,"Rs 2,10,30,814 ~ 2 Crore+","Rs 27,11,394 ~ 27 Lacs+"
887,507,Shafeer V M,https://myneta.info/kerala2016/candidate.php?candidate_id=507,KALAMASSERY,SDPI,4,10th Pass,"Rs 16,51,461 ~ 16 Lacs+","Rs 5,05,000 ~ 5 Lacs+"
888,127,Shafi Parambil,https://myneta.info/kerala2016/candidate.php?candidate_id=127,PALAKKAD,INC,1,Post Graduate,"Rs 28,43,121 ~ 28 Lacs+",Rs 0 ~
889,417,Shahana,https://myneta.info/kerala2016/candidate.php?candidate_id=417,ERANAD,IND,0,Graduate,"Rs 5,90,500 ~ 5 Lacs+","Rs 3,00,000 ~ 3 Lacs+"
890,945,Shahul Hameed,https://myneta.info/kerala2016/candidate.php?candidate_id=945,CHAVARA,Peoples Democratic Party,4,8th Pass,"Rs 69,743 ~ 69 Thou+",Rs 0 ~
891,1007,Shaiju Ponkunnam,https://myneta.info/kerala2016/candidate.php?candidate_id=1007,PALA,IND,1,12th Pass,https://myneta.info/image_v2.php?myneta_folder=kerala2016&candidate_id=1007&col=ta,https://myneta.info/image_v2.php?myneta_folder=kerala2016&candidate_id=1007&col=lia
892,742,Shaik.p.hariz,https://myneta.info/kerala2016/candidate.php?candidate_id=742,AMBALAPUZHA,JD(U),0,Graduate Professional,"Rs 3,17,25,570 ~ 3 Crore+","Rs 3,80,000 ~ 3 Lacs+"
893,516,Shajahan,https://myneta.info/kerala2016/candidate.php?candidate_id=516,THRIKKAKARA,SDPI,0,10th Pass,"Rs 24,51,115 ~ 24 Lacs+",Rs 0 ~
894,1339,Shajahan. S,https://myneta.info/kerala2016/candidate.php?candidate_id=1339,PARASSALA,IND,1,8th Pass,"Rs 8,54,000 ~ 8 Lacs+","Rs 15,000 ~ 15 Thou+"
895,498,Shajan Thattil,https://myneta.info/kerala2016/candidate.php?candidate_id=498,ANGAMALY,SP,2,Graduate,"Rs 1,000 ~ 1 Thou+","Rs 7,00,000 ~ 7 Lacs+"
896,874,"Shaji K M, Tholambra",https://myneta.info/kerala2016/candidate.php?candidate_id=874,AZHIKODE,IND,0,8th Pass,"Rs 1,000 ~ 1 Thou+",Rs 0 ~
897,1377,Shaji Kurian Pananghat,https://myneta.info/kerala2016/candidate.php?candidate_id=1377,MANALUR,IND,0,Others,"Rs 27,28,334 ~ 27 Lacs+","Rs 11,28,042 ~ 11 Lacs+"
898,1311,Shaji Mezhuveli,https://myneta.info/kerala2016/candidate.php?candidate_id=1311,ARANMULA,IND,0,Not Given,Nil,Rs 0 ~
899,673,Shaji.m.panicker,https://myneta.info/kerala2016/candidate.php?candidate_id=673,KAYAMKULAM,Bharath Dharma Jana Sena,0,Others,"Rs 9,63,53,539 ~ 9 Crore+","Rs 8,80,388 ~ 8 Lacs+"
900,678,Shaju,https://myneta.info/kerala2016/candidate.php?candidate_id=678,ADOOR,INC,0,10th Pass,https://myneta.info/image_v2.php?myneta_folder=kerala2016&candidate_id=678&col=ta,https://myneta.info/image_v2.php?myneta_folder=kerala2016&candidate_id=678&col=lia
901,469,Shajumon P P,https://myneta.info/kerala2016/candidate.php?candidate_id=469,CHELAKKARA,BJP,0,12th Pass,"Rs 14,81,689 ~ 14 Lacs+",Rs 0 ~
902,441,Shakkir,https://myneta.info/kerala2016/candidate.php?candidate_id=441,PONNANI,Welfare Party Of India,0,12th Pass,"Rs 83,56,731 ~ 83 Lacs+","Rs 20,25,000 ~ 20 Lacs+"
903,26,Shakthan N,https://myneta.info/kerala2016/candidate.php?candidate_id=26,KATTAKKADA,INC,0,Post Graduate,"Rs 79,66,830 ~ 79 Lacs+",Rs 0 ~
904,630,Shameer Babu,https://myneta.info/kerala2016/candidate.php?candidate_id=630,TIRUR,Peoples Democratic Party,0,Graduate Professional,"Rs 27,59,990 ~ 27 Lacs+","Rs 5,97,370 ~ 5 Lacs+"
905,1331,Shamlaja Beevi.b,https://myneta.info/kerala2016/candidate.php?candidate_id=1331,NEMOM,IND,0,5th Pass,"Rs 32,000 ~ 32 Thou+",Rs 0 ~
906,502,Shamsudheen C A,https://myneta.info/kerala2016/candidate.php?candidate_id=502,ALUVA,IND,0,8th Pass,"Rs 47,36,800 ~ 47 Lacs+","Rs 15,00,000 ~ 15 Lacs+"
907,665,Shan.k.s,https://myneta.info/kerala2016/candidate.php?candidate_id=665,AMBALAPUZHA,SDPI,3,Graduate Professional,"Rs 26,94,782 ~ 26 Lacs+","Rs 2,82,741 ~ 2 Lacs+"
908,864,Shanavas Baker,https://myneta.info/kerala2016/candidate.php?candidate_id=864,UDUMBANCHOLA,SDPI,0,12th Pass,"Rs 81,000 ~ 81 Thou+",Rs 0 ~
909,452,Shanimol,https://myneta.info/kerala2016/candidate.php?candidate_id=452,OTTAPALAM,INC,0,Post Graduate,https://myneta.info/image_v2.php?myneta_folder=kerala2016&candidate_id=452&col=ta,https://myneta.info/image_v2.php?myneta_folder=kerala2016&candidate_id=452&col=lia
910,964,Sharafath Mallam,https://myneta.info/kerala2016/candidate.php?candidate_id=964,KUNDARA,SDPI,4,Graduate,"Rs 29,76,514 ~ 29 Lacs+","Rs 5,25,000 ~ 5 Lacs+"
911,948,Shibu,https://myneta.info/kerala2016/candidate.php?candidate_id=948,CHAVARA,IND,0,10th Pass,"Rs 5,900 ~ 5 Thou+",Rs 0 ~
912,1185,Shibu,https://myneta.info/kerala2016/candidate.php?candidate_id=1185,CHIRAYINKEEZHU,IND,0,10th Pass,"Rs 1,11,000 ~ 1 Lacs+",Rs 0 ~
913,206,Shibu Babyjohn,https://myneta.info/kerala2016/candidate.php?candidate_id=206,CHAVARA,Revolutionary Socialist Party,0,Graduate Professional,"Rs 19,01,74,684 ~ 19 Crore+","Rs 71,19,159 ~ 71 Lacs+"
914,659,Shibu P C,https://myneta.info/kerala2016/candidate.php?candidate_id=659,PUTHUPPALLY,BSP,0,Others,"Rs 8,36,108 ~ 8 Lacs+","Rs 3,89,316 ~ 3 Lacs+"
915,716,Shibu. G,https://myneta.info/kerala2016/candidate.php?candidate_id=716,NEDUMANGAD,IND,1,10th Pass,"Rs 3,30,000 ~ 3 Lacs+","Rs 42,000 ~ 42 Thou+"
916,621,Shihabudheen,https://myneta.info/kerala2016/candidate.php?candidate_id=621,MANKADA,Peoples Democratic Party,0,10th Pass,"Rs 17,54,931 ~ 17 Lacs+",Rs 0 ~
917,174,Shiji,https://myneta.info/kerala2016/candidate.php?candidate_id=174,KUNNATHUNAD,CPI(M),0,Graduate Professional,"Rs 11,00,000 ~ 11 Lacs+","Rs 3,59,394 ~ 3 Lacs+"
918,645,Shoukkath Ali,https://myneta.info/kerala2016/candidate.php?candidate_id=645,PERUMBAVOOR,SDPI,1,12th Pass,https://myneta.info/image_v2.php?myneta_folder=kerala2016&candidate_id=645&col=ta,https://myneta.info/image_v2.php?myneta_folder=kerala2016&candidate_id=645&col=lia
919,897,Shylaja (nelliyulla Parambath),https://myneta.info/kerala2016/candidate.php?candidate_id=897,KUTHUPARAMBA,IND,0,10th Pass,"Rs 13,08,281 ~ 13 Lacs+",Rs 0 ~
920,1072,Sibi Vayalil,https://myneta.info/kerala2016/candidate.php?candidate_id=1072,THIRUVAMBADY,IND,0,12th Pass,"Rs 8,81,457 ~ 8 Lacs+","Rs 1,31,573 ~ 1 Lacs+"
921,1047,Siddeeque,https://myneta.info/kerala2016/candidate.php?candidate_id=1047,KUNNAMANGALAM,IND,0,10th Pass,"Rs 52,47,385 ~ 52 Lacs+","Rs 1,50,000 ~ 1 Lacs+"
922,755,Sidharthan,https://myneta.info/kerala2016/candidate.php?candidate_id=755,HARIPAD,IND,0,5th Pass,"Rs 4,39,848 ~ 4 Lacs+","Rs 7,000 ~ 7 Thou+"
923,1048,Sidheeq,https://myneta.info/kerala2016/candidate.php?candidate_id=1048,KUNNAMANGALAM,IND,0,10th Pass,"Rs 64,10,085 ~ 64 Lacs+","Rs 3,10,000 ~ 3 Lacs+"
924,808,Sijikumar K K,https://myneta.info/kerala2016/candidate.php?candidate_id=808,PARAVUR,BSP,0,12th Pass,"Rs 21,79,000 ~ 21 Lacs+","Rs 1,50,000 ~ 1 Lacs+"
925,321,Silvi,https://myneta.info/kerala2016/candidate.php?candidate_id=321,THRIKKAKARA,IND,0,Others,"Rs 30,34,030 ~ 30 Lacs+","Rs 1,35,000 ~ 1 Lacs+"
926,1180,Simi M Jacob,https://myneta.info/kerala2016/candidate.php?candidate_id=1180,THIRUVALLA,SDPI,0,Graduate Professional,"Rs 2,89,000 ~ 2 Lacs+","Rs 3,00,000 ~ 3 Lacs+"
927,92,Simon Thonakkara,https://myneta.info/kerala2016/candidate.php?candidate_id=92,THIRUVAMBADY,IND,0,12th Pass,https://myneta.info/image_v2.php?myneta_folder=kerala2016&candidate_id=92&col=ta,https://myneta.info/image_v2.php?myneta_folder=kerala2016&candidate_id=92&col=lia
928,1103,Sindhukumari Ps,https://myneta.info/kerala2016/candidate.php?candidate_id=1103,PONNANI,IND,0,10th Pass,"Rs 2,52,000 ~ 2 Lacs+","Rs 9,60,000 ~ 9 Lacs+"
929,978,Sisil Fernandes,https://myneta.info/kerala2016/candidate.php?candidate_id=978,PUNALUR,Kerala Congress,0,Post Graduate,"Rs 84,54,044 ~ 84 Lacs+","Rs 2,80,943 ~ 2 Lacs+"
930,142,Sivadas,https://myneta.info/kerala2016/candidate.php?candidate_id=142,NATTIKA,Indian Gandhiyan Party,0,10th Pass,"Rs 18,91,000 ~ 18 Lacs+",Rs 0 ~
931,695,Sivadasan Pillai,https://myneta.info/kerala2016/candidate.php?candidate_id=695,CHADAYAMANGALAM,BJP,1,10th Pass,"Rs 43,49,524 ~ 43 Lacs+","Rs 17,41,000 ~ 17 Lacs+"
932,1328,Sivakumar,https://myneta.info/kerala2016/candidate.php?candidate_id=1328,THIRUVANANTHAPURAM,IND,0,8th Pass,"Rs 4,76,000 ~ 4 Lacs+",Rs 0 ~
933,1397,Sivakumar Raveendran Nair,https://myneta.info/kerala2016/candidate.php?candidate_id=1397,THIRUVANANTHAPURAM,IND,0,8th Pass,"Rs 3,01,76,000 ~ 3 Crore+",Rs 0 ~
934,1014,Siyam P Ashraf,https://myneta.info/kerala2016/candidate.php?candidate_id=1014,POONJAR,IND,1,10th Pass,"Rs 3,031 ~ 3 Thou+","Rs 35,000 ~ 35 Thou+"
935,463,Sobha Surendran,https://myneta.info/kerala2016/candidate.php?candidate_id=463,PALAKKAD,BJP,2,Graduate,"Rs 13,16,330 ~ 13 Lacs+",Rs 0 ~
936,675,Sobhana George,https://myneta.info/kerala2016/candidate.php?candidate_id=675,CHENGANNUR,IND,0,Post Graduate,https://myneta.info/image_v2.php?myneta_folder=kerala2016&candidate_id=675&col=ta,https://myneta.info/image_v2.php?myneta_folder=kerala2016&candidate_id=675&col=lia
937,989,Sojan Paviyanose,https://myneta.info/kerala2016/candidate.php?candidate_id=989,CHANGANASSERY,IND,2,Graduate Professional,"Rs 19,71,350 ~ 19 Lacs+",Rs 0 ~
938,1201,Soman,https://myneta.info/kerala2016/candidate.php?candidate_id=1201,NEDUMANGAD,IND,0,Illiterate,"Rs 15,03,925 ~ 15 Lacs+",Rs 0 ~
939,592,Soman P N,https://myneta.info/kerala2016/candidate.php?candidate_id=592,MANANTHAVADY,SDPI,0,8th Pass,"Rs 10,06,995 ~ 10 Lacs+","Rs 1,00,000 ~ 1 Lacs+"
940,1378,Soman Pillai,https://myneta.info/kerala2016/candidate.php?candidate_id=1378,MANALUR,IND,0,Literate,Rs 500 ~ 5 Hund+,Rs 0 ~
941,828,Sonia Jose,https://myneta.info/kerala2016/candidate.php?candidate_id=828,THRIPUNITHURA,IND,0,Graduate,"Rs 1,68,07,100 ~ 1 Crore+","Rs 38,66,000 ~ 38 Lacs+"
942,1114,Sonia Pinto,https://myneta.info/kerala2016/candidate.php?candidate_id=1114,THAVANUR,IND,0,12th Pass,"Rs 65,000 ~ 65 Thou+",Rs 0 ~
943,216,Sooraj Ravi,https://myneta.info/kerala2016/candidate.php?candidate_id=216,KOLLAM,INC,2,Graduate,"Rs 12,94,398 ~ 12 Lacs+","Rs 15,89,540 ~ 15 Lacs+"
944,20,Sooranad Rajasekharan,https://myneta.info/kerala2016/candidate.php?candidate_id=20,CHATHANNUR,INC,0,Doctorate,"Rs 66,39,578 ~ 66 Lacs+",Rs 0 ~
945,203,Sreedharan Pillai,https://myneta.info/kerala2016/candidate.php?candidate_id=203,CHENGANNUR,BJP,0,Graduate Professional,https://myneta.info/image_v2.php?myneta_folder=kerala2016&candidate_id=203&col=ta,https://myneta.info/image_v2.php?myneta_folder=kerala2016&candidate_id=203&col=lia
946,1147,Sreedharan. C.p,https://myneta.info/kerala2016/candidate.php?candidate_id=1147,MALAMPUZHA,AIADMK,0,5th Pass,"Rs 52,38,223 ~ 52 Lacs+","Rs 7,78,210 ~ 7 Lacs+"
947,935,Sreejith,https://myneta.info/kerala2016/candidate.php?candidate_id=935,CHADAYAMANGALAM,SHS,0,Graduate,"Rs 5,000 ~ 5 Thou+",Rs 0 ~
948,1308,Sreekanth M Vallakkottu,https://myneta.info/kerala2016/candidate.php?candidate_id=1308,ARANMULA,SP,0,Graduate,"Rs 9,68,326 ~ 9 Lacs+","Rs 10,41,000 ~ 10 Lacs+"
949,264,Sreekumar,https://myneta.info/kerala2016/candidate.php?candidate_id=264,QUILANDY,SUCI(C),0,Graduate,"Rs 10,000 ~ 10 Thou+",Rs 0 ~
950,1135,Sreekumar M P,https://myneta.info/kerala2016/candidate.php?candidate_id=1135,ALATHUR,BJP,0,Graduate Professional,"Rs 60,50,000 ~ 60 Lacs+","Rs 21,00,000 ~ 21 Lacs+"
951,725,Sreesanth,https://myneta.info/kerala2016/candidate.php?candidate_id=725,THIRUVANANTHAPURAM,BJP,0,10th Pass,"Rs 8,24,43,212 ~ 8 Crore+","Rs 1,37,59,096 ~ 1 Crore+"
952,1273,Sreyams Kumar Anjana House,https://myneta.info/kerala2016/candidate.php?candidate_id=1273,KALPETTA,IND,0,8th Pass,"Rs 60,71,411 ~ 60 Lacs+","Rs 7,00,000 ~ 7 Lacs+"
953,718,Sri.t.sarathchandraprasad,https://myneta.info/kerala2016/candidate.php?candidate_id=718,VAMANAPURAM,INC,2,Graduate Professional,"Rs 84,50,195 ~ 84 Lacs+","Rs 25,08,268 ~ 25 Lacs+"
954,822,Srredharan,https://myneta.info/kerala2016/candidate.php?candidate_id=822,THRIKKAKARA,IND,0,10th Pass,https://myneta.info/image_v2.php?myneta_folder=kerala2016&candidate_id=822&col=ta,https://myneta.info/image_v2.php?myneta_folder=kerala2016&candidate_id=822&col=lia
955,388,Stalin P P,https://myneta.info/kerala2016/candidate.php?candidate_id=388,VADAKARA,CPI(ML) Red Star,0,8th Pass,"Rs 3,35,000 ~ 3 Lacs+",Rs 0 ~
956,992,Stephen Chazhikadan,https://myneta.info/kerala2016/candidate.php?candidate_id=992,KADUTHURUTHY,Kerala Congress,1,Graduate Professional,"Rs 20,80,000 ~ 20 Lacs+",Rs 0 ~
957,1171,Subaida,https://myneta.info/kerala2016/candidate.php?candidate_id=1171,THRITHALA,IND,0,8th Pass,"Rs 4,03,000 ~ 4 Lacs+","Rs 45,000 ~ 45 Thou+"
958,291,Subaidha,https://myneta.info/kerala2016/candidate.php?candidate_id=291,THRITHALA,CPI(M),0,Graduate,"Rs 2,02,56,103 ~ 2 Crore+","Rs 9,38,000 ~ 9 Lacs+"
959,429,Subair,https://myneta.info/kerala2016/candidate.php?candidate_id=429,VENGARA,Peoples Democratic Party,0,Graduate,"Rs 14,56,000 ~ 14 Lacs+",Rs 0 ~
960,546,Subeesh K S,https://myneta.info/kerala2016/candidate.php?candidate_id=546,VAIKOM,Peoples Democratic Party,0,10th Pass,"Rs 81,000 ~ 81 Thou+",Rs 0 ~
961,769,Subhash,https://myneta.info/kerala2016/candidate.php?candidate_id=769,KUTTANAD,Bharath Dharma Jana Sena,2,Graduate,"Rs 8,82,45,775 ~ 8 Crore+","Rs 31,07,466 ~ 31 Lacs+"
962,1329,Subi,https://myneta.info/kerala2016/candidate.php?candidate_id=1329,THIRUVANANTHAPURAM,IND,0,10th Pass,"Rs 3,33,505 ~ 3 Lacs+","Rs 2,80,000 ~ 2 Lacs+"
963,1237,Subramanian,https://myneta.info/kerala2016/candidate.php?candidate_id=1237,KODUNGALLUR,BSP,0,8th Pass,https://myneta.info/image_v2.php?myneta_folder=kerala2016&candidate_id=1237&col=ta,https://myneta.info/image_v2.php?myneta_folder=kerala2016&candidate_id=1237&col=lia
964,311,Subramanian,https://myneta.info/kerala2016/candidate.php?candidate_id=311,WADAKKANCHERY,BSP,0,Graduate,"Rs 67,79,521 ~ 67 Lacs+","Rs 5,40,000 ~ 5 Lacs+"
965,1221,Sudevan,https://myneta.info/kerala2016/candidate.php?candidate_id=1221,VARKALA,IND,0,10th Pass,Rs 700 ~ 7 Hund+,Rs 0 ~
966,931,Sudhakaran Cherukanam,https://myneta.info/kerala2016/candidate.php?candidate_id=931,UDMA,IND,0,10th Pass,"Rs 33,69,202 ~ 33 Lacs+","Rs 3,83,275 ~ 3 Lacs+"
967,518,Sudheer,https://myneta.info/kerala2016/candidate.php?candidate_id=518,PIRAVOM,SUCI(C),0,Graduate,"Rs 3,75,012 ~ 3 Lacs+","Rs 3,90,613 ~ 3 Lacs+"
968,1321,Sudheer P,https://myneta.info/kerala2016/candidate.php?candidate_id=1321,ADOOR,BJP,8,Graduate Professional,"Rs 3,34,736 ~ 3 Lacs+",Rs 0 ~
969,975,Sudheer.m.g,https://myneta.info/kerala2016/candidate.php?candidate_id=975,PATHANAPURAM,SHS,0,10th Pass,"Rs 9,26,100 ~ 9 Lacs+",Rs 0 ~
970,585,Sufira K P,https://myneta.info/kerala2016/candidate.php?candidate_id=585,KANNUR,SDPI,0,10th Pass,"Rs 15,50,000 ~ 15 Lacs+",Rs 0 ~
971,1213,Sugathan. S,https://myneta.info/kerala2016/candidate.php?candidate_id=1213,VAMANAPURAM,IND,0,8th Pass,"Rs 84,000 ~ 84 Thou+",Rs 0 ~
972,1298,Sujayakumar,https://myneta.info/kerala2016/candidate.php?candidate_id=1298,KALPETTA,CPI(ML) Red Star,0,10th Pass,https://myneta.info/image_v2.php?myneta_folder=kerala2016&candidate_id=1298&col=ta,https://myneta.info/image_v2.php?myneta_folder=kerala2016&candidate_id=1298&col=lia
973,395,Sukumaran Nair,https://myneta.info/kerala2016/candidate.php?candidate_id=395,PERAMBRA,Bharath Dharma Jana Sena,0,10th Pass,"Rs 96,77,684 ~ 96 Lacs+","Rs 2,09,406 ~ 2 Lacs+"
974,458,Sulaiman,https://myneta.info/kerala2016/candidate.php?candidate_id=458,MANNARKAD,Welfare Party Of India,1,10th Pass,"Rs 15,35,500 ~ 15 Lacs+",Rs 0 ~
975,637,Sulaiman,https://myneta.info/kerala2016/candidate.php?candidate_id=637,KUNNAMKULAM,Peoples Democratic Party,0,10th Pass,"Rs 26,58,720 ~ 26 Lacs+","Rs 1,71,468 ~ 1 Lacs+"
976,662,Sulaiman Kunju,https://myneta.info/kerala2016/candidate.php?candidate_id=662,ALAPPUZHA,SDPI,0,10th Pass,"Rs 12,54,733 ~ 12 Lacs+",Rs 0 ~
977,453,Sulfieekar A A,https://myneta.info/kerala2016/candidate.php?candidate_id=453,OTTAPALAM,SDPI,0,8th Pass,"Rs 72,500 ~ 72 Thou+",Rs 0 ~
978,269,Sulfikar Ali Ambal,https://myneta.info/kerala2016/candidate.php?candidate_id=269,KONDOTTY,IND,0,5th Pass,"Rs 2,30,935 ~ 2 Lacs+","Rs 12,150 ~ 12 Thou+"
979,511,Sulfikkar Ali,https://myneta.info/kerala2016/candidate.php?candidate_id=511,KOCHI,SDPI,2,12th Pass,"Rs 2,32,000 ~ 2 Lacs+",Rs 0 ~
980,574,Sundara K,https://myneta.info/kerala2016/candidate.php?candidate_id=574,MANJESHWAR,IND,0,8th Pass,"Rs 16,254 ~ 16 Thou+",Rs 0 ~
981,486,Sundaran Kunnathully,https://myneta.info/kerala2016/candidate.php?candidate_id=486,PUTHUKKAD,INC,0,10th Pass,https://myneta.info/image_v2.php?myneta_folder=kerala2016&candidate_id=486&col=ta,https://myneta.info/image_v2.php?myneta_folder=kerala2016&candidate_id=486&col=lia
982,1154,Suneesh M S,https://myneta.info/kerala2016/candidate.php?candidate_id=1154,OTTAPALAM,SHS,0,10th Pass,"Rs 10,000 ~ 10 Thou+",Rs 0 ~
983,423,Sunil,https://myneta.info/kerala2016/candidate.php?candidate_id=423,PERINTHALMANNA,BJP,0,Graduate Professional,"Rs 49,52,000 ~ 49 Lacs+",Rs 0 ~
984,245,Sunil Koyilerian,https://myneta.info/kerala2016/candidate.php?candidate_id=245,KALLIASSERI,IND,0,10th Pass,"Rs 26,11,010 ~ 26 Lacs+","Rs 1,76,511 ~ 1 Lacs+"
985,944,Sunil.m,https://myneta.info/kerala2016/candidate.php?candidate_id=944,CHAVARA,BJP,1,Graduate,"Rs 94,54,209 ~ 94 Lacs+","Rs 44,03,586 ~ 44 Lacs+"
986,98,Sunitha,https://myneta.info/kerala2016/candidate.php?candidate_id=98,WANDOOR,BJP,0,10th Pass,"Rs 29,96,547 ~ 29 Lacs+",Rs 0 ~
987,424,Suniya,https://myneta.info/kerala2016/candidate.php?candidate_id=424,PERINTHALMANNA,SDPI,0,Graduate Professional,"Rs 13,87,397 ~ 13 Lacs+",Rs 0 ~
988,1362,Sunny,https://myneta.info/kerala2016/candidate.php?candidate_id=1362,PERAVOOR,IND,0,Literate,"Rs 7,41,500 ~ 7 Lacs+","Rs 50,000 ~ 50 Thou+"
989,937,Sunny,https://myneta.info/kerala2016/candidate.php?candidate_id=937,CHADAYAMANGALAM,IND,1,10th Pass,"Rs 1,34,000 ~ 1 Lacs+",Rs 0 ~
990,903,Sunny Joseph Kallarakkal,https://myneta.info/kerala2016/candidate.php?candidate_id=903,PERAVOOR,IND,0,Graduate,https://myneta.info/image_v2.php?myneta_folder=kerala2016&candidate_id=903&col=ta,https://myneta.info/image_v2.php?myneta_folder=kerala2016&candidate_id=903&col=lia
991,781,Sunny Thomas Madassery,https://myneta.info/kerala2016/candidate.php?candidate_id=781,ANGAMALY,IND,0,10th Pass,"Rs 80,62,000 ~ 80 Lacs+",Rs 0 ~
992,560,Surendran,https://myneta.info/kerala2016/candidate.php?candidate_id=560,POONJAR,CPI(ML) Red Star,0,8th Pass,"Rs 6,05,250 ~ 6 Lacs+",Rs 0 ~
993,633,Surendran,https://myneta.info/kerala2016/candidate.php?candidate_id=633,PONNANI,BJP,2,12th Pass,"Rs 13,24,927 ~ 13 Lacs+",Rs 0 ~
994,1294,Surendran,https://myneta.info/kerala2016/candidate.php?candidate_id=1294,NEYYATTINKARA,BJP,0,10th Pass,"Rs 61,35,311 ~ 61 Lacs+","Rs 25,78,000 ~ 25 Lacs+"
995,279,Surendran,https://myneta.info/kerala2016/candidate.php?candidate_id=279,VENGARA,Welfare Party Of India,3,10th Pass,"Rs 12,13,868 ~ 12 Lacs+","Rs 2,00,000 ~ 2 Lacs+"
996,1192,Surendran Pillai,https://myneta.info/kerala2016/candidate.php?candidate_id=1192,KAZHAKKOOTTAM,IND,0,10th Pass,"Rs 9,71,365 ~ 9 Lacs+",Rs 0 ~
997,1150,Suresh Babu. M,https://myneta.info/kerala2016/candidate.php?candidate_id=1150,MANNARKAD,SHS,0,10th Pass,"Rs 40,000 ~ 40 Thou+","Rs 56,000 ~ 56 Thou+"
998,986,Suresh K,https://myneta.info/kerala2016/candidate.php?candidate_id=986,CHANGANASSERY,IND,1,Graduate,"Rs 1,17,400 ~ 1 Lacs+","Rs 2,93,765 ~ 2 Lacs+"
999,347,Suresh Kurup,https://myneta.info/kerala2016/candidate.php?candidate_id=347,ETTUMANOOR,CPI(M),1,Graduate Professional,https://myneta.info/image_v2.php?myneta_folder=kerala2016&candidate_id=347&col=ta,https://myneta.info/image_v2.php?myneta_folder=kerala2016&candidate_id=347&col=lia
1000,1313,Suresh V,https://myneta.info/kerala2016/candidate.php?candidate_id=1313,KONNI,IND,0,10th Pass,"Rs 6,000 ~ 6 Thou+",Rs 0 ~
1001,456,Suresh Velayudhan,https://myneta.info/kerala2016/candidate.php?candidate_id=456,OTTAPALAM,IND,0,Others,"Rs 8,99,599 ~ 8 Lacs+","Rs 12,18,717 ~ 12 Lacs+"
1002,778,Suresh.k,https://myneta.info/kerala2016/candidate.php?candidate_id=778,MAVELIKARA,BSP,0,10th Pass,"Rs 65,000 ~ 65 Thou+",Rs 0 ~
1003,1398,Suseelan,https://myneta.info/kerala2016/candidate.php?candidate_id=1398,THIRUVANANTHAPURAM,IND,0,10th Pass,"Rs 51,000 ~ 51 Thou+",Rs 0 ~
1004,826,Swaraj,https://myneta.info/kerala2016/candidate.php?candidate_id=826,THRIPUNITHURA,IND,0,Post Graduate,"Rs 29,25,000 ~ 29 Lacs+",Rs 0 ~
1005,1306,T Amrithakumar,https://myneta.info/kerala2016/candidate.php?candidate_id=1306,ARANMULA,BSP,0,Graduate Professional,"Rs 17,04,400 ~ 17 Lacs+","Rs 4,75,000 ~ 4 Lacs+"
1006,1078,T K Nanu Thazhe Kandoth,https://myneta.info/kerala2016/candidate.php?candidate_id=1078,VADAKARA,IND,0,8th Pass,"Rs 29,42,563 ~ 29 Lacs+","Rs 1,00,729 ~ 1 Lacs+"
1007,324,T P Kuttappan Kuruppanthara,https://myneta.info/kerala2016/candidate.php?candidate_id=324,KADUTHURUTHY,Kerala Janatha Party,0,8th Pass,"Rs 3,01,000 ~ 3 Lacs+","Rs 50,000 ~ 50 Thou+"
1008,615,T P Mohammed,https://myneta.info/kerala2016/candidate.php?candidate_id=615,THIRUVAMBADY,SDPI,0,Others,https://myneta.info/image_v2.php?myneta_folder=kerala2016&candidate_id=615&col=ta,https://myneta.info/image_v2.php?myneta_folder=kerala2016&candidate_id=615&col=lia
1009,1363,T P Rama Vadakke Eroth,https://myneta.info/kerala2016/candidate.php?candidate_id=1363,VADAKARA,IND,0,8th Pass,"Rs 32,47,976 ~ 32 Lacs+",Rs 0 ~
1010,83,T P Ramakrishnan,https://myneta.info/kerala2016/candidate.php?candidate_id=83,PERAMBRA,CPI(M),8,10th Pass,"Rs 45,18,945 ~ 45 Lacs+",Rs 0 ~
1011,386,T R Sreedharan,https://myneta.info/kerala2016/candidate.php?candidate_id=386,SULTHANBATHERY,SUCI(C),0,Illiterate,"Rs 7,500 ~ 7 Thou+",Rs 0 ~
1012,58,T V Rajesh,https://myneta.info/kerala2016/candidate.php?candidate_id=58,KALLIASSERI,CPI(M),17,Graduate Professional,"Rs 35,48,203 ~ 35 Lacs+","Rs 10,00,000 ~ 10 Lacs+"
1013,802,T.k.kuruvila Thottathil,https://myneta.info/kerala2016/candidate.php?candidate_id=802,KOTHAMANGALAM,IND,0,5th Pass,"Rs 5,000 ~ 5 Thou+",Rs 0 ~
1014,478,T.k.prasad,https://myneta.info/kerala2016/candidate.php?candidate_id=478,NATTIKA,IND,2,10th Pass,"Rs 35,76,770 ~ 35 Lacs+","Rs 5,40,500 ~ 5 Lacs+"
1015,1343,T.n. Suresh,https://myneta.info/kerala2016/candidate.php?candidate_id=1343,KOVALAM,Bharath Dharma Jana Sena,0,Graduate,"Rs 9,09,47,327 ~ 9 Crore+","Rs 35,16,000 ~ 35 Lacs+"
1016,230,T.n.seema,https://myneta.info/kerala2016/candidate.php?candidate_id=230,VATTIYOORKAVU,CPI(M),5,Doctorate,"Rs 92,79,379 ~ 92 Lacs+","Rs 4,57,485 ~ 4 Lacs+"
1017,720,Thachonam Nizamudeen,https://myneta.info/kerala2016/candidate.php?candidate_id=720,VAMANAPURAM,SDPI,0,10th Pass,https://myneta.info/image_v2.php?myneta_folder=kerala2016&candidate_id=720&col=ta,https://myneta.info/image_v2.php?myneta_folder=kerala2016&candidate_id=720&col=lia
1018,1111,Thami,https://myneta.info/kerala2016/candidate.php?candidate_id=1111,TANUR,IND,0,Literate,"Rs 13,04,775 ~ 13 Lacs+","Rs 25,000 ~ 25 Thou+"
1019,380,Tharammal Niyas,https://myneta.info/kerala2016/candidate.php?candidate_id=380,DHARMADAM,SDPI,1,8th Pass,"Rs 3,97,000 ~ 3 Lacs+","Rs 1,07,000 ~ 1 Lacs+"
1020,910,Thayyil Vattakkandi Sajeevan V K,https://myneta.info/kerala2016/candidate.php?candidate_id=910,THALASSERY,IND,1,8th Pass,"Rs 4,56,541 ~ 4 Lacs+","Rs 43,000 ~ 43 Thou+"
1021,208,Thazhava Sahadevan,https://myneta.info/kerala2016/candidate.php?candidate_id=208,KUNNATHUR,Bharath Dharma Jana Sena,0,10th Pass,"Rs 30,32,758 ~ 30 Lacs+","Rs 8,66,500 ~ 8 Lacs+"
1022,360,Thilothaman,https://myneta.info/kerala2016/candidate.php?candidate_id=360,CHERTHALA,CPI,1,Graduate,"Rs 51,33,330 ~ 51 Lacs+","Rs 9,24,803 ~ 9 Lacs+"
1023,12,Thiruvanchoor Radhakrishnan,https://myneta.info/kerala2016/candidate.php?candidate_id=12,KOTTAYAM,INC,0,Graduate Professional,"Rs 1,59,29,499 ~ 1 Crore+","Rs 3,08,414 ~ 3 Lacs+"
1024,185,Thomas Chazhikadan,https://myneta.info/kerala2016/candidate.php?candidate_id=185,ETTUMANOOR,Kerala Congress (M),0,Graduate Professional,"Rs 2,32,43,424 ~ 2 Crore+","Rs 9,00,000 ~ 9 Lacs+"
1025,326,Thomas Isaac.t.m ,https://myneta.info/kerala2016/candidate.php?candidate_id=326,ALAPPUZHA,CPI(M),7,Doctorate,"Rs 18,67,908 ~ 18 Lacs+",Rs 0 ~
1026,1354,Thomas K George,https://myneta.info/kerala2016/candidate.php?candidate_id=1354,PERUMBAVOOR,Welfare Party Of India,0,10th Pass,https://myneta.info/image_v2.php?myneta_folder=kerala2016&candidate_id=1354&col=ta,https://myneta.info/image_v2.php?myneta_folder=kerala2016&candidate_id=1354&col=lia
1027,686,Thulaseedharan Pallickal,https://myneta.info/kerala2016/candidate.php?candidate_id=686,KUNNATHUR,SDPI,1,12th Pass,"Rs 90,000 ~ 90 Thou+",Rs 0 ~
1028,1229,Thulasi,https://myneta.info/kerala2016/candidate.php?candidate_id=1229,CHELAKKARA,INC,0,Post Graduate,"Rs 37,20,143 ~ 37 Lacs+","Rs 19,47,700 ~ 19 Lacs+"
1029,652,Thuravoor Suresh,https://myneta.info/kerala2016/candidate.php?candidate_id=652,KUNNATHUNAD,Bharath Dharma Jana Sena,2,12th Pass,"Rs 14,46,031 ~ 14 Lacs+","Rs 1,75,000 ~ 1 Lacs+"
1030,134,U R Pradeep,https://myneta.info/kerala2016/candidate.php?candidate_id=134,CHELAKKARA,CPI(M),1,Graduate Professional,"Rs 22,56,113 ~ 22 Lacs+",Rs 0 ~
1031,86,U.c Raman Padanilam,https://myneta.info/kerala2016/candidate.php?candidate_id=86,BALUSSERI,IND,0,10th Pass,"Rs 51,38,316 ~ 51 Lacs+","Rs 3,00,000 ~ 3 Lacs+"
1032,608,U.k.deysi Balasubramanian,https://myneta.info/kerala2016/candidate.php?candidate_id=608,KOZHIKODE SOUTH,SDPI,0,10th Pass,"Rs 15,47,300 ~ 15 Lacs+","Rs 5,00,000 ~ 5 Lacs+"
1033,106,Ubaidulla,https://myneta.info/kerala2016/candidate.php?candidate_id=106,MALAPPURAM,IUML,0,8th Pass,"Rs 58,00,000 ~ 58 Lacs+","Rs 1,80,000 ~ 1 Lacs+"
1034,1351,Ullas Babu,https://myneta.info/kerala2016/candidate.php?candidate_id=1351,WADAKKANCHERY,BJP,0,Graduate Professional,"Rs 1,38,53,256 ~ 1 Crore+","Rs 83,93,723 ~ 83 Lacs+"
1035,687,Ullas Kovur,https://myneta.info/kerala2016/candidate.php?candidate_id=687,KUNNATHUR,Revolutionary Socialist Party,0,12th Pass,https://myneta.info/image_v2.php?myneta_folder=kerala2016&candidate_id=687&col=ta,https://myneta.info/image_v2.php?myneta_folder=kerala2016&candidate_id=687&col=lia
1036,270,Ummer,https://myneta.info/kerala2016/candidate.php?candidate_id=270,ERANAD,SP,0,Graduate Professional,"Rs 17,08,668 ~ 17 Lacs+","Rs 3,50,000 ~ 3 Lacs+"
1037,1357,Ummer,https://myneta.info/kerala2016/candidate.php?candidate_id=1357,MANJERI,IUML,0,Graduate Professional,"Rs 96,05,252 ~ 96 Lacs+","Rs 33,05,981 ~ 33 Lacs+"
1038,121,Unni P,https://myneta.info/kerala2016/candidate.php?candidate_id=121,OTTAPALAM,CPI(M),6,8th Pass,"Rs 42,50,795 ~ 42 Lacs+",Rs 0 ~
1039,111,Unnikrishnan,https://myneta.info/kerala2016/candidate.php?candidate_id=111,KOTTAKKAL,BJP,0,Graduate Professional,"Rs 1,51,42,450 ~ 1 Crore+","Rs 3,00,000 ~ 3 Lacs+"
1040,793,Unnikrishnan,https://myneta.info/kerala2016/candidate.php?candidate_id=793,KALAMASSERY,IND,0,Not Given,Nil,Rs 0 ~
1041,149,Unnikrishnan,https://myneta.info/kerala2016/candidate.php?candidate_id=149,CHALAKKUDY,Bharath Dharma Jana Sena,1,10th Pass,"Rs 52,13,720 ~ 52 Lacs+",Rs 0 ~
1042,1267,Unnikrishnan P S,https://myneta.info/kerala2016/candidate.php?candidate_id=1267,THRISSUR,SP,1,10th Pass,"Rs 17,00,900 ~ 17 Lacs+","Rs 50,000 ~ 50 Thou+"
1043,479,Unnikrishnan Thashnath,https://myneta.info/kerala2016/candidate.php?candidate_id=479,KAIPAMANGALAM,Bharath Dharma Jana Sena,0,Post Graduate,"Rs 8,30,95,242 ~ 8 Crore+","Rs 23,49,082 ~ 23 Lacs+"
1044,1033,Useffali P M,https://myneta.info/kerala2016/candidate.php?candidate_id=1033,ELATHUR,IND,0,12th Pass,https://myneta.info/image_v2.php?myneta_folder=kerala2016&candidate_id=1033&col=ta,https://myneta.info/image_v2.php?myneta_folder=kerala2016&candidate_id=1033&col=lia
1045,1277,Usha K,https://myneta.info/kerala2016/candidate.php?candidate_id=1277,MANANTHAVADY,IND,0,8th Pass,"Rs 12,20,547 ~ 12 Lacs+",Rs 0 ~
1046,1108,V Abdurahiman,https://myneta.info/kerala2016/candidate.php?candidate_id=1108,TANUR,IND,0,Literate,"Rs 91,57,447 ~ 91 Lacs+",Rs 0 ~
1047,1104,V Abdurahiman,https://myneta.info/kerala2016/candidate.php?candidate_id=1104,TANUR,National Secular Conference,0,10th Pass,"Rs 10,10,15,019 ~ 10 Crore+","Rs 3,97,05,210 ~ 3 Crore+"
1048,81,V D Binto,https://myneta.info/kerala2016/candidate.php?candidate_id=81,PERAVOOR,IND,0,5th Pass,"Rs 22,00,000 ~ 22 Lacs+","Rs 38,824 ~ 38 Thou+"
1049,161,V D Satheesan,https://myneta.info/kerala2016/candidate.php?candidate_id=161,PARAVUR,INC,1,Graduate Professional,"Rs 4,31,07,964 ~ 4 Crore+",Rs 0 ~
1050,505,V Gopakumar,https://myneta.info/kerala2016/candidate.php?candidate_id=505,KALAMASSERY,Bharath Dharma Jana Sena,0,Graduate,"Rs 8,30,59,444 ~ 8 Crore+","Rs 79,21,324 ~ 79 Lacs+"
1051,87,V K C Mammed Koya,https://myneta.info/kerala2016/candidate.php?candidate_id=87,BEYPORE,CPI(M),1,5th Pass,"Rs 30,41,45,261 ~ 30 Crore+",Rs 0 ~
1052,160,V K Ibrahim Kunu,https://myneta.info/kerala2016/candidate.php?candidate_id=160,KALAMASSERY,IUML,0,10th Pass,"Rs 5,00,62,323 ~ 5 Crore+","Rs 4,25,537 ~ 4 Lacs+"
1053,1029,V K Mammed Koya V K House,https://myneta.info/kerala2016/candidate.php?candidate_id=1029,BEYPORE,IND,0,5th Pass,https://myneta.info/image_v2.php?myneta_folder=kerala2016&candidate_id=1029&col=ta,https://myneta.info/image_v2.php?myneta_folder=kerala2016&candidate_id=1029&col=lia
1054,381,V K Sajeevan,https://myneta.info/kerala2016/candidate.php?candidate_id=381,THALASSERY,BJP,1,Graduate,"Rs 29,63,187 ~ 29 Lacs+","Rs 20,50,000 ~ 20 Lacs+"
1055,1136,V Krishnankutty,https://myneta.info/kerala2016/candidate.php?candidate_id=1136,ALATHUR,IND,0,10th Pass,"Rs 2,28,000 ~ 2 Lacs+",Rs 0 ~
1056,90,V M Ummer Master,https://myneta.info/kerala2016/candidate.php?candidate_id=90,THIRUVAMBADY,IUML,0,10th Pass,"Rs 1,21,32,768 ~ 1 Crore+","Rs 4,48,271 ~ 4 Lacs+"
1057,102,V Muhammed Musthafa,https://myneta.info/kerala2016/candidate.php?candidate_id=102,MANJERI,IND,0,10th Pass,"Rs 4,05,500 ~ 4 Lacs+","Rs 4,500 ~ 4 Thou+"
1058,999,V N Manoj,https://myneta.info/kerala2016/candidate.php?candidate_id=999,KANJIRAPPALLY,BJP,0,10th Pass,"Rs 17,37,153 ~ 17 Lacs+","Rs 50,000 ~ 50 Thou+"
1059,173,V P Sajeendran,https://myneta.info/kerala2016/candidate.php?candidate_id=173,KUNNATHUNAD,INC,0,Graduate Professional,"Rs 1,41,15,989 ~ 1 Crore+","Rs 23,62,328 ~ 23 Lacs+"
1060,359,V R Sunilkumar,https://myneta.info/kerala2016/candidate.php?candidate_id=359,KODUNGALLUR,CPI,1,Graduate Professional,"Rs 2,10,08,295 ~ 2 Crore+","Rs 16,08,748 ~ 16 Lacs+"
1061,1291,V S Sivakumar,https://myneta.info/kerala2016/candidate.php?candidate_id=1291,THIRUVANANTHAPURAM,INC,0,Graduate Professional,"Rs 1,24,59,347 ~ 1 Crore+","Rs 14,79,086 ~ 14 Lacs+"
1062,141,V S Sunilkumar,https://myneta.info/kerala2016/candidate.php?candidate_id=141,THRISSUR,CPI,2,Graduate Professional,https://myneta.info/image_v2.php?myneta_folder=kerala2016&candidate_id=141&col=ta,https://myneta.info/image_v2.php?myneta_folder=kerala2016&candidate_id=141&col=lia
1063,155,V Saleem,https://myneta.info/kerala2016/candidate.php?candidate_id=155,ALUVA,CPI(M),13,Graduate Professional,"Rs 44,63,699 ~ 44 Lacs+","Rs 34,48,400 ~ 34 Lacs+"
1064,223,V Sasi,https://myneta.info/kerala2016/candidate.php?candidate_id=223,CHIRAYINKEEZHU,CPI,1,Graduate,"Rs 49,61,854 ~ 49 Lacs+","Rs 8,02,260 ~ 8 Lacs+"
1065,1071,V Ummar,https://myneta.info/kerala2016/candidate.php?candidate_id=1071,THIRUVAMBADY,IND,0,10th Pass,"Rs 10,84,250 ~ 10 Lacs+","Rs 4,00,000 ~ 4 Lacs+"
1066,400,V V Rajan,https://myneta.info/kerala2016/candidate.php?candidate_id=400,ELATHUR,BJP,2,10th Pass,"Rs 38,54,804 ~ 38 Lacs+","Rs 7,50,000 ~ 7 Lacs+"
1067,1253,V. N. Asokan,https://myneta.info/kerala2016/candidate.php?candidate_id=1253,OLLUR,IND,0,10th Pass,"Rs 21,26,000 ~ 21 Lacs+",Rs 0 ~
1068,968,V. Remadevi,https://myneta.info/kerala2016/candidate.php?candidate_id=968,KUNNATHUR,BSP,0,10th Pass,"Rs 7,61,972 ~ 7 Lacs+",Rs 0 ~
1069,314,V.antony,https://myneta.info/kerala2016/candidate.php?candidate_id=314,KUNDARA,SUCI(C),0,12th Pass,"Rs 54,70,520 ~ 54 Lacs+","Rs 26,00,000 ~ 26 Lacs+"
1070,641,V.k. Sasi,https://myneta.info/kerala2016/candidate.php?candidate_id=641,GURUVAYOOR,IND,0,10th Pass,"Rs 7,93,031 ~ 7 Lacs+","Rs 2,00,000 ~ 2 Lacs+"
1071,21,V.muraleedharan,https://myneta.info/kerala2016/candidate.php?candidate_id=21,KAZHAKKOOTTAM,BJP,9,Graduate,https://myneta.info/image_v2.php?myneta_folder=kerala2016&candidate_id=21&col=ta,https://myneta.info/image_v2.php?myneta_folder=kerala2016&candidate_id=21&col=lia
1072,1128,V.p. Padmakumar,https://myneta.info/kerala2016/candidate.php?candidate_id=1128,VALLIKKUNNU,IND,0,10th Pass,"Rs 1,000 ~ 1 Thou+",Rs 0 ~
1073,44,V.sasikumar,https://myneta.info/kerala2016/candidate.php?candidate_id=44,PERINTHALMANNA,CPI(M),1,Graduate,"Rs 14,83,485 ~ 14 Lacs+",Rs 0 ~
1074,735,V.selvan,https://myneta.info/kerala2016/candidate.php?candidate_id=735,PARASSALA,IND,0,8th Pass,"Rs 10,20,000 ~ 10 Lacs+",Rs 0 ~
1075,233,V.sivankutty,https://myneta.info/kerala2016/candidate.php?candidate_id=233,NEMOM,CPI(M),31,Graduate Professional,"Rs 68,22,358 ~ 68 Lacs+","Rs 22,03,100 ~ 22 Lacs+"
1076,946,V.subhash,https://myneta.info/kerala2016/candidate.php?candidate_id=946,CHAVARA,SHS,0,10th Pass,"Rs 73,000 ~ 73 Thou+",Rs 0 ~
1077,234,V.surendran Pillai,https://myneta.info/kerala2016/candidate.php?candidate_id=234,NEMOM,JD(U),0,Others,"Rs 3,36,50,173 ~ 3 Crore+","Rs 25,00,000 ~ 25 Lacs+"
1078,442,V.t. Balram,https://myneta.info/kerala2016/candidate.php?candidate_id=442,THRITHALA,INC,1,Post Graduate,"Rs 39,33,228 ~ 39 Lacs+","Rs 7,64,279 ~ 7 Lacs+"
1079,444,V.t.rema,https://myneta.info/kerala2016/candidate.php?candidate_id=444,THRITHALA,BJP,0,Post Graduate,"Rs 2,05,69,161 ~ 2 Crore+",Rs 0 ~
1080,704,Varkala Kahar,https://myneta.info/kerala2016/candidate.php?candidate_id=704,VARKALA,INC,1,12th Pass,https://myneta.info/image_v2.php?myneta_folder=kerala2016&candidate_id=704&col=ta,https://myneta.info/image_v2.php?myneta_folder=kerala2016&candidate_id=704&col=lia
1081,1394,Varkala Raj,https://myneta.info/kerala2016/candidate.php?candidate_id=1394,HARIPAD,Peoples Democratic Party,1,10th Pass,"Rs 41,000 ~ 41 Thou+",Rs 0 ~
1082,1305,Varughese Thomas,https://myneta.info/kerala2016/candidate.php?candidate_id=1305,RANNI,IND,0,10th Pass,"Rs 53,80,000 ~ 53 Lacs+","Rs 8,35,000 ~ 8 Lacs+"
1083,751,Vayalar Rajeevan,https://myneta.info/kerala2016/candidate.php?candidate_id=751,CHERTHALA,IND,0,12th Pass,"Rs 51,912 ~ 51 Thou+","Rs 31,241 ~ 31 Thou+"
1084,351,Veena George,https://myneta.info/kerala2016/candidate.php?candidate_id=351,ARANMULA,CPI(M),0,Post Graduate,"Rs 1,63,47,050 ~ 1 Crore+","Rs 58,91,545 ~ 58 Lacs+"
1085,765,Veena.g,https://myneta.info/kerala2016/candidate.php?candidate_id=765,KAYAMKULAM,IND,0,Post Graduate,"Rs 4,01,500 ~ 4 Lacs+",Rs 0 ~
1086,1086,Veerankutty,https://myneta.info/kerala2016/candidate.php?candidate_id=1086,KONDOTTY,IND,0,8th Pass,"Rs 46,49,366 ~ 46 Lacs+","Rs 15,35,943 ~ 15 Lacs+"
1087,617,Velayudhan,https://myneta.info/kerala2016/candidate.php?candidate_id=617,ERANAD,BSP,0,10th Pass,"Rs 45,26,000 ~ 45 Lacs+","Rs 4,00,000 ~ 4 Lacs+"
1088,1131,Velayudhan,https://myneta.info/kerala2016/candidate.php?candidate_id=1131,WANDOOR,Peoples Democratic Party,0,Illiterate,"Rs 15,58,500 ~ 15 Lacs+","Rs 2,75,000 ~ 2 Lacs+"
1089,940,Velayudhan Pillai,https://myneta.info/kerala2016/candidate.php?candidate_id=940,CHATHANNUR,SHS,0,10th Pass,https://myneta.info/image_v2.php?myneta_folder=kerala2016&candidate_id=940&col=ta,https://myneta.info/image_v2.php?myneta_folder=kerala2016&candidate_id=940&col=lia
1090,1037,Velayudhan.k.p,https://myneta.info/kerala2016/candidate.php?candidate_id=1037,KOZHIKODE NORTH,BSP,0,10th Pass,"Rs 30,01,000 ~ 30 Lacs+",Rs 0 ~
1091,959,Veliyam Shaji,https://myneta.info/kerala2016/candidate.php?candidate_id=959,KOTTARAKKARA,SHS,0,8th Pass,"Rs 1,01,66,077 ~ 1 Crore+","Rs 40,00,000 ~ 40 Lacs+"
1092,451,Venugopalan,https://myneta.info/kerala2016/candidate.php?candidate_id=451,OTTAPALAM,BJP,7,10th Pass,"Rs 11,23,500 ~ 11 Lacs+","Rs 13,00,000 ~ 13 Lacs+"
1093,699,Vijayakumar,https://myneta.info/kerala2016/candidate.php?candidate_id=699,KUNDARA,IND,0,8th Pass,"Rs 19,10,000 ~ 19 Lacs+",Rs 0 ~
1094,918,Vijayakumar B,https://myneta.info/kerala2016/candidate.php?candidate_id=918,KASARAGOD,BSP,0,10th Pass,"Rs 5,00,000 ~ 5 Lacs+",Rs 0 ~
1095,1276,Vijayan,https://myneta.info/kerala2016/candidate.php?candidate_id=1276,MANANTHAVADY,CPI(ML) Red Star,0,10th Pass,"Rs 1,531 ~ 1 Thou+",Rs 0 ~
1096,1260,Vijayan.c.v,https://myneta.info/kerala2016/candidate.php?candidate_id=1260,PUTHUKKAD,IND,1,12th Pass,"Rs 10,000 ~ 10 Thou+",Rs 0 ~
1097,1257,Vincent M D.,https://myneta.info/kerala2016/candidate.php?candidate_id=1257,OLLUR,IND,0,8th Pass,"Rs 7,26,500 ~ 7 Lacs+","Rs 1,00,000 ~ 1 Lacs+"
1098,219,Vinod B.,https://myneta.info/kerala2016/candidate.php?candidate_id=219,ERAVIPURAM,SUCI(C),1,Graduate,https://myneta.info/image_v2.php?myneta_folder=kerala2016&candidate_id=219&col=ta,https://myneta.info/image_v2.php?myneta_folder=kerala2016&candidate_id=219&col=lia
1099,244,Vinod Kumar Ramanthali,https://myneta.info/kerala2016/candidate.php?candidate_id=244,PAYYANNUR,CPI(ML) Red Star,0,10th Pass,"Rs 1,06,94,242 ~ 1 Crore+",Rs 0 ~
1100,823,Vinod P K,https://myneta.info/kerala2016/candidate.php?candidate_id=823,THRIKKAKARA,IND,0,10th Pass,"Rs 94,281 ~ 94 Thou+","Rs 10,000 ~ 10 Thou+"
1101,443,Vinod Perumannoor,https://myneta.info/kerala2016/candidate.php?candidate_id=443,THRITHALA,BSP,0,10th Pass,"Rs 10,95,000 ~ 10 Lacs+",Rs 0 ~
1102,1319,Vishnu Raj T,https://myneta.info/kerala2016/candidate.php?candidate_id=1319,ADOOR,Peoples Democratic Party,0,10th Pass,Rs 750 ~ 7 Hund+,Rs 0 ~
1103,1312,Vishnu S,https://myneta.info/kerala2016/candidate.php?candidate_id=1312,KONNI,SHS,0,10th Pass,"Rs 1,500 ~ 1 Thou+",Rs 0 ~
1104,202,Vishnunath,https://myneta.info/kerala2016/candidate.php?candidate_id=202,CHENGANNUR,INC,3,Graduate,"Rs 40,91,086 ~ 40 Lacs+",Rs 0 ~
1105,649,Viswambharan,https://myneta.info/kerala2016/candidate.php?candidate_id=649,THRIPUNITHURA,BJP,0,Post Graduate,"Rs 49,58,623 ~ 49 Lacs+",Rs 0 ~
1106,1392,Viswananthan,https://myneta.info/kerala2016/candidate.php?candidate_id=1392,ARUVIKKARA,IND,0,Graduate Professional,"Rs 31,92,500 ~ 31 Lacs+","Rs 19,22,000 ~ 19 Lacs+"
1107,1220,Vivekanandan,https://myneta.info/kerala2016/candidate.php?candidate_id=1220,VARKALA,IND,0,8th Pass,https://myneta.info/image_v2.php?myneta_folder=kerala2016&candidate_id=1220&col=ta,https://myneta.info/image_v2.php?myneta_folder=kerala2016&candidate_id=1220&col=lia
1108,1203,Y.anilkumar,https://myneta.info/kerala2016/candidate.php?candidate_id=1203,NEYYATTINKARA,IND,0,12th Pass,"Rs 20,000 ~ 20 Thou+",Rs 0 ~
1109,656,Yahiya,https://myneta.info/kerala2016/candidate.php?candidate_id=656,KOTHAMANGALAM,Peoples Democratic Party,0,8th Pass,"Rs 3,21,000 ~ 3 Lacs+",Rs 0 ~
1110,626,Yoonus Saleem,https://myneta.info/kerala2016/candidate.php?candidate_id=626,TIRURANGADI,CPI(ML) Red Star,0,10th Pass,"Rs 68,10,591 ~ 68 Lacs+",Rs 0 ~
1111,459,Yoosaf. A,https://myneta.info/kerala2016/candidate.php?candidate_id=459,MANNARKAD,SDPI,1,8th Pass,"Rs 19,83,988 ~ 19 Lacs+","Rs 3,68,960 ~ 3 Lacs+"
1112,795,Yussuf,https://myneta.info/kerala2016/candidate.php?candidate_id=795,KALAMASSERY,IND,0,Literate,"Rs 32,69,428 ~ 32 Lacs+","Rs 25,000 ~ 25 Thou+"
