sno,candidate_id,candidate_name,candidate_link,constituency,party,criminal_cases,education,assets,liabilities
1,494,(dr) Dinesh	,https://www.myneta.info/uttarakhand2017/candidate.php?candidate_id=494,KOTDWAR,UTTARAKHAND PARIVARTAN PARTY,0,Doctorate,"Rs 52,92,000 ~ 52 Lacs+","Rs 8,70,000 ~ 8 Lacs+"
2,484,(dr) Harak Singh Rawat	,https://www.myneta.info/uttarakhand2017/candidate.php?candidate_id=484,KOTDWAR,BJP,2,Doctorate,"Rs 2,68,95,976 ~ 2 Crore+",Rs 0 ~
3,294,A.hameed,https://www.myneta.info/uttarakhand2017/candidate.php?candidate_id=294,DOIWALA,BSP,0,12th Pass,"Rs 2,00,74,378 ~ 2 Crore+","Rs 14,80,000 ~ 14 Lacs+"
4,583,Aan Singh,https://www.myneta.info/uttarakhand2017/candidate.php?candidate_id=583,BHIMTAL,IND,0,12th Pass,"Rs 8,12,936 ~ 8 Lacs+",Rs 0 ~
5,708,Abdul Fareed Siddiqui,https://www.myneta.info/uttarakhand2017/candidate.php?candidate_id=708,KHATIMA,UKD,0,5th Pass,"Rs 1,48,44,166 ~ 1 Crore+","Rs 2,62,479 ~ 2 Lacs+"
6,701,Abdul Vaheed,https://www.myneta.info/uttarakhand2017/candidate.php?candidate_id=701,SITARGANJ,IND,0,Literate,"Rs 8,23,000 ~ 8 Lacs+",Rs 0 ~
7,353,Adesh Chauhan	,https://www.myneta.info/uttarakhand2017/candidate.php?candidate_id=353,B.H.E.L. RANIPUR,BJP,0,12th Pass,"Rs 79,94,535 ~ 79 Lacs+","Rs 6,49,010 ~ 6 Lacs+"
8,365,Adesh Kumar	,https://www.myneta.info/uttarakhand2017/candidate.php?candidate_id=365,BHAGWANPUR(SC),IND,1,10th Pass,"Rs 4,11,319 ~ 4 Lacs+",Rs 0 ~
9,229,Adesh Kumar,https://www.myneta.info/uttarakhand2017/candidate.php?candidate_id=229,SAHASPUR,Sarv Vikas Party,0,Graduate,https://myneta.info/image_v2.php?myneta_folder=uttarakhand2017&candidate_id=229&col=ta,https://myneta.info/image_v2.php?myneta_folder=uttarakhand2017&candidate_id=229&col=lia
10,467,Adesh Kumar Sharma	,https://www.myneta.info/uttarakhand2017/candidate.php?candidate_id=467,ROORKEE,UKD,0,Post Graduate,"Rs 1,11,58,147 ~ 1 Crore+",Rs 0 ~
11,664,Adesh Singh,https://www.myneta.info/uttarakhand2017/candidate.php?candidate_id=664,JASPUR,INC,1,12th Pass,"Rs 1,98,92,738 ~ 1 Crore+","Rs 1,08,81,274 ~ 1 Crore+"
12,452,Afzal Ahmed	,https://www.myneta.info/uttarakhand2017/candidate.php?candidate_id=452,PIRANKALIYAR,Bhartiya Sarvodaya Party,0,12th Pass,"Rs 21,25,000 ~ 21 Lacs+","Rs 10,00,000 ~ 10 Lacs+"
13,571,Ajay Bhatt,https://www.myneta.info/uttarakhand2017/candidate.php?candidate_id=571,RANIKHET,BJP,0,Graduate Professional,"Rs 1,37,21,213 ~ 1 Crore+",Rs 0 ~
14,332,Ajay Sonkar	,https://www.myneta.info/uttarakhand2017/candidate.php?candidate_id=332,RAJPUR ROAD(SC),IND,1,8th Pass,"Rs 35,55,000 ~ 35 Lacs+",Rs 0 ~
15,624,Akeel,https://www.myneta.info/uttarakhand2017/candidate.php?candidate_id=624,RAMNAGAR,Peace Party,0,Literate,"Rs 19,00,000 ~ 19 Lacs+",Rs 0 ~
16,92,Akhtayar Ahmad,https://www.myneta.info/uttarakhand2017/candidate.php?candidate_id=92,SITARGANJ,IND,0,Literate,"Rs 17,37,000 ~ 17 Lacs+",Rs 0 ~
17,350,Ambrish Kumar	,https://www.myneta.info/uttarakhand2017/candidate.php?candidate_id=350,B.H.E.L. RANIPUR,INC,1,Post Graduate,"Rs 65,66,392 ~ 65 Lacs+","Rs 7,50,000 ~ 7 Lacs+"
18,360,Anand Kumar Verma ,https://www.myneta.info/uttarakhand2017/candidate.php?candidate_id=360,B.H.E.L. RANIPUR,Bharatiya Momin Front,0,Graduate Professional,https://myneta.info/image_v2.php?myneta_folder=uttarakhand2017&candidate_id=360&col=ta,https://myneta.info/image_v2.php?myneta_folder=uttarakhand2017&candidate_id=360&col=lia
19,679,Anand Vishwas,https://www.myneta.info/uttarakhand2017/candidate.php?candidate_id=679,GADARPUR,IND,0,10th Pass,"Rs 93,000 ~ 93 Thou+",Rs 0 ~
20,41,Anandmani,https://www.myneta.info/uttarakhand2017/candidate.php?candidate_id=41,KARNPRAYAG,IND,0,8th Pass,"Rs 10,01,894 ~ 10 Lacs+",Rs 0 ~
21,269,Anil,https://www.myneta.info/uttarakhand2017/candidate.php?candidate_id=269,DEOPRAYAG,Indian Business Party,0,Doctorate,"Rs 84,25,000 ~ 84 Lacs+","Rs 8,50,000 ~ 8 Lacs+"
22,321,Anil Dobhal,https://www.myneta.info/uttarakhand2017/candidate.php?candidate_id=321,RAIPUR,UKD,0,10th Pass,"Rs 18,10,000 ~ 18 Lacs+","Rs 7,50,000 ~ 7 Lacs+"
23,420,Anil Kumar	,https://www.myneta.info/uttarakhand2017/candidate.php?candidate_id=420,KHANPUR,IND,0,12th Pass,"Rs 26,85,000 ~ 26 Lacs+",Rs 0 ~
24,508,Anil Kumar,https://www.myneta.info/uttarakhand2017/candidate.php?candidate_id=508,PAURI (SC),Uttarakhand Kranti Dal (Democratic),0,Graduate,"Rs 31,100 ~ 31 Thou+",Rs 0 ~
25,233,Anil Kumar Gupta,https://www.myneta.info/uttarakhand2017/candidate.php?candidate_id=233,DHARAMPUR,IND,0,5th Pass,"Rs 1,07,02,152 ~ 1 Crore+","Rs 64,58,000 ~ 64 Lacs+"
26,80,Anil Kumar Rastogi,https://www.myneta.info/uttarakhand2017/candidate.php?candidate_id=80,KHATIMA,SHS,0,8th Pass,"Rs 7,49,000 ~ 7 Lacs+",Rs 0 ~
27,693,Anil Kumar Sharma,https://www.myneta.info/uttarakhand2017/candidate.php?candidate_id=693,KICHHA,IND,0,Literate,https://myneta.info/image_v2.php?myneta_folder=uttarakhand2017&candidate_id=693&col=ta,https://myneta.info/image_v2.php?myneta_folder=uttarakhand2017&candidate_id=693&col=lia
28,166,Anil Rawat,https://www.myneta.info/uttarakhand2017/candidate.php?candidate_id=166,RUDRAPRAYAG,IND,0,Post Graduate,"Rs 1,89,109 ~ 1 Lacs+",Rs 0 ~
29,308,Aniruddha Sharma	,https://www.myneta.info/uttarakhand2017/candidate.php?candidate_id=308,MUSSOORIE,Uttarakhand Kranti Dal (Democratic),0,Graduate Professional,"Rs 34,20,000 ~ 34 Lacs+","Rs 5,30,000 ~ 5 Lacs+"
30,492,Anoop	,https://www.myneta.info/uttarakhand2017/candidate.php?candidate_id=492,KOTDWAR,IND,0,Graduate,"Rs 1,81,700 ~ 1 Lacs+",Rs 0 ~
31,705,Ansuiya,https://www.myneta.info/uttarakhand2017/candidate.php?candidate_id=705,NANAK MATTA(ST),SP,0,10th Pass,"Rs 47,78,283 ~ 47 Lacs+",Rs 0 ~
32,473,Anu Pant	,https://www.myneta.info/uttarakhand2017/candidate.php?candidate_id=473,CHAUBATTAKHAL,Uttarakhand Kranti Dal (Democratic),0,Graduate Professional,"Rs 18,81,000 ~ 18 Lacs+","Rs 6,50,000 ~ 6 Lacs+"
33,256,Anusuya Prasad Mekhuri,https://www.myneta.info/uttarakhand2017/candidate.php?candidate_id=256,KARNPRAYAG,INC,0,Doctorate,"Rs 1,28,84,750 ~ 1 Crore+",Rs 0 ~
34,296,Arun,https://www.myneta.info/uttarakhand2017/candidate.php?candidate_id=296,DOIWALA,IND,0,Graduate Professional,"Rs 12,89,000 ~ 12 Lacs+","Rs 40,000 ~ 40 Thou+"
35,405,Arvind Kumar	,https://www.myneta.info/uttarakhand2017/candidate.php?candidate_id=405,JWALAPUR (SC),IND,0,Others,"Rs 8,65,000 ~ 8 Lacs+",Rs 0 ~
36,105,Arvind Pandey,https://www.myneta.info/uttarakhand2017/candidate.php?candidate_id=105,GADARPUR,BJP,12,Graduate,https://myneta.info/image_v2.php?myneta_folder=uttarakhand2017&candidate_id=105&col=ta,https://myneta.info/image_v2.php?myneta_folder=uttarakhand2017&candidate_id=105&col=lia
37,231,Aryendra Sharma,https://www.myneta.info/uttarakhand2017/candidate.php?candidate_id=231,SAHASPUR,IND,0,Graduate,"Rs 5,92,53,307 ~ 5 Crore+","Rs 2,08,94,790 ~ 2 Crore+"
38,268,Asha,https://www.myneta.info/uttarakhand2017/candidate.php?candidate_id=268,KEDARNATH,IND,0,Graduate,"Rs 88,86,000 ~ 88 Lacs+","Rs 17,00,000 ~ 17 Lacs+"
39,670,Ashok Kumar,https://www.myneta.info/uttarakhand2017/candidate.php?candidate_id=670,KASHIPUR,IND,0,5th Pass,"Rs 6,92,800 ~ 6 Lacs+",Rs 0 ~
40,304,Ashok Panwar	,https://www.myneta.info/uttarakhand2017/candidate.php?candidate_id=304,MUSSOORIE,BSP,0,12th Pass,"Rs 1,05,78,450 ~ 1 Crore+",Rs 0 ~
41,214,Ashok Singh,https://www.myneta.info/uttarakhand2017/candidate.php?candidate_id=214,VIKASNAGAR,IND,0,5th Pass,"Rs 22,49,200 ~ 22 Lacs+","Rs 5,00,000 ~ 5 Lacs+"
42,396,Atar Singh	,https://www.myneta.info/uttarakhand2017/candidate.php?candidate_id=396,JHABRERA (SC),RLD,0,Post Graduate,"Rs 71,26,500 ~ 71 Lacs+",Rs 0 ~
43,98,B.d.kandpal,https://www.myneta.info/uttarakhand2017/candidate.php?candidate_id=98,RUDRAPUR,UKD,0,Graduate,"Rs 4,54,60,000 ~ 4 Crore+",Rs 0 ~
44,553,Bachi Lal,https://www.myneta.info/uttarakhand2017/candidate.php?candidate_id=553,BAGESHWAR(SC),IND,0,12th Pass,"Rs 2,52,000 ~ 2 Lacs+","Rs 4,000 ~ 4 Thou+"
45,241,Bahadur Singh Rawat,https://www.myneta.info/uttarakhand2017/candidate.php?candidate_id=241,DHARAMPUR,UKD,0,Graduate,https://myneta.info/image_v2.php?myneta_folder=uttarakhand2017&candidate_id=241&col=ta,https://myneta.info/image_v2.php?myneta_folder=uttarakhand2017&candidate_id=241&col=lia
46,551,Balakrishna,https://www.myneta.info/uttarakhand2017/candidate.php?candidate_id=551,BAGESHWAR(SC),INC,0,10th Pass,"Rs 4,06,318 ~ 4 Lacs+",Rs 0 ~
47,538,Balwant Singh,https://www.myneta.info/uttarakhand2017/candidate.php?candidate_id=538,KAPKOTE,BJP,0,10th Pass,"Rs 98,46,625 ~ 98 Lacs+","Rs 92,00,000 ~ 92 Lacs+"
48,42,Balwant Singh Negi,https://www.myneta.info/uttarakhand2017/candidate.php?candidate_id=42,KARNPRAYAG,UKD,0,Illiterate,"Rs 4,82,53,280 ~ 4 Crore+",Rs 0 ~
49,297,Balwendra Singh Negi,https://www.myneta.info/uttarakhand2017/candidate.php?candidate_id=297,DOIWALA,Uttarakhand Kranti Dal (Democratic),0,Post Graduate,"Rs 1,36,47,765 ~ 1 Crore+","Rs 10,25,000 ~ 10 Lacs+"
50,125,Bansidhar Bhagat,https://www.myneta.info/uttarakhand2017/candidate.php?candidate_id=125,KALADHUNGI,BJP,0,8th Pass,"Rs 1,34,02,479 ~ 1 Crore+",Rs 0 ~
51,548,Basant Kumar,https://www.myneta.info/uttarakhand2017/candidate.php?candidate_id=548,BAGESHWAR(SC),BSP,0,Graduate,"Rs 39,92,130 ~ 39 Lacs+","Rs 18,20,000 ~ 18 Lacs+"
52,257,Bhagat Singh Negi,https://www.myneta.info/uttarakhand2017/candidate.php?candidate_id=257,KARNPRAYAG,IND,0,Graduate Professional,"Rs 13,82,833 ~ 13 Lacs+",Rs 0 ~
53,392,Bhagavat Singh	,https://www.myneta.info/uttarakhand2017/candidate.php?candidate_id=392,JHABRERA (SC),BSP,0,10th Pass,"Rs 71,03,699 ~ 71 Lacs+","Rs 6,36,000 ~ 6 Lacs+"
54,561,Bhagawat Singh,https://www.myneta.info/uttarakhand2017/candidate.php?candidate_id=561,SULT,IND,0,Graduate,https://myneta.info/image_v2.php?myneta_folder=uttarakhand2017&candidate_id=561&col=ta,https://myneta.info/image_v2.php?myneta_folder=uttarakhand2017&candidate_id=561&col=lia
55,18,Bhagwan Singh Rana,https://www.myneta.info/uttarakhand2017/candidate.php?candidate_id=18,TEHRI,CPI(M),0,12th Pass,"Rs 87,34,533 ~ 87 Lacs+",Rs 0 ~
56,546,Bhagwat Singh Dasila,https://www.myneta.info/uttarakhand2017/candidate.php?candidate_id=546,KAPKOTE,IND,0,Graduate,"Rs 78,84,380 ~ 78 Lacs+",Rs 0 ~
57,164,Bhagwati Prasad,https://www.myneta.info/uttarakhand2017/candidate.php?candidate_id=164,RUDRAPRAYAG,IND,0,12th Pass,"Rs 8,06,000 ~ 8 Lacs+",Rs 0 ~
58,171,Bharat Singh,https://www.myneta.info/uttarakhand2017/candidate.php?candidate_id=171,RUDRAPRAYAG,BJP,0,Graduate,"Rs 1,42,47,711 ~ 1 Crore+","Rs 4,98,848 ~ 4 Lacs+"
59,36,Bharat Singh,https://www.myneta.info/uttarakhand2017/candidate.php?candidate_id=36,BADRINATH,CPI,0,Graduate,"Rs 54,34,530 ~ 54 Lacs+","Rs 11,00,000 ~ 11 Lacs+"
60,474,Bhartendu	,https://www.myneta.info/uttarakhand2017/candidate.php?candidate_id=474,CHAUBATTAKHAL,BSP,0,8th Pass,"Rs 1,76,000 ~ 1 Lacs+",Rs 0 ~
61,209,Bhaskar Chug,https://www.myneta.info/uttarakhand2017/candidate.php?candidate_id=209,VIKASNAGAR,AIFB,2,Post Graduate,"Rs 3,84,270 ~ 3 Lacs+","Rs 35,250 ~ 35 Thou+"
62,52,Bheem Lal Arya,https://www.myneta.info/uttarakhand2017/candidate.php?candidate_id=52,GHANSHALI(SC),INC,2,12th Pass,"Rs 54,87,973 ~ 54 Lacs+","Rs 18,05,625 ~ 18 Lacs+"
63,556,Bhole Shankar Arya,https://www.myneta.info/uttarakhand2017/candidate.php?candidate_id=556,SULT,BSP,0,Graduate,https://myneta.info/image_v2.php?myneta_folder=uttarakhand2017&candidate_id=556&col=ta,https://myneta.info/image_v2.php?myneta_folder=uttarakhand2017&candidate_id=556&col=lia
64,539,Bhoopesh Upadhyay,https://www.myneta.info/uttarakhand2017/candidate.php?candidate_id=539,KAPKOTE,BSP,0,10th Pass,"Rs 10,36,36,210 ~ 10 Crore+","Rs 21,01,323 ~ 21 Lacs+"
65,587,Bhupal Singh,https://www.myneta.info/uttarakhand2017/candidate.php?candidate_id=587,DWARAHAT,IND,0,10th Pass,"Rs 31,01,016 ~ 31 Lacs+","Rs 4,49,000 ~ 4 Lacs+"
66,29,Bhupendra Singh,https://www.myneta.info/uttarakhand2017/candidate.php?candidate_id=29,GANGOTRI,IND,0,Post Graduate,"Rs 2,64,81,683 ~ 2 Crore+","Rs 10,98,978 ~ 10 Lacs+"
67,81,Bhuwal Singh Kushwaha,https://www.myneta.info/uttarakhand2017/candidate.php?candidate_id=81,KHATIMA,Bharatiya Subhash Sena,0,Graduate,"Rs 1,59,000 ~ 1 Lacs+",Rs 0 ~
68,607,Bhuwan Chandra Joshi,https://www.myneta.info/uttarakhand2017/candidate.php?candidate_id=607,ALMORA,IND,0,Post Graduate,"Rs 4,29,498 ~ 4 Lacs+",Rs 0 ~
69,131,Bhuwan Chandra Joshi,https://www.myneta.info/uttarakhand2017/candidate.php?candidate_id=131,HALDWANI,UKD,0,Graduate Professional,"Rs 20,43,614 ~ 20 Lacs+",Rs 0 ~
70,84,Bhuwan Chandra Kapri,https://www.myneta.info/uttarakhand2017/candidate.php?candidate_id=84,KHATIMA,INC,0,Graduate Professional,"Rs 42,80,787 ~ 42 Lacs+","Rs 6,20,538 ~ 6 Lacs+"
71,562,Bhuwan Joshi,https://www.myneta.info/uttarakhand2017/candidate.php?candidate_id=562,SULT,IND,1,Post Graduate,"Rs 8,45,000 ~ 8 Lacs+","Rs 3,90,000 ~ 3 Lacs+"
72,531,Bikrant Panday,https://www.myneta.info/uttarakhand2017/candidate.php?candidate_id=531,DIDIHAT,IND,0,Post Graduate,https://myneta.info/image_v2.php?myneta_folder=uttarakhand2017&candidate_id=531&col=ta,https://myneta.info/image_v2.php?myneta_folder=uttarakhand2017&candidate_id=531&col=lia
73,702,Binda Biswas,https://www.myneta.info/uttarakhand2017/candidate.php?candidate_id=702,SITARGANJ,IND,0,Literate,"Rs 48,960 ~ 48 Thou+",Rs 0 ~
74,266,Birendra Lal Tamta,https://www.myneta.info/uttarakhand2017/candidate.php?candidate_id=266,THARALI (SC),SP,0,12th Pass,"Rs 15,20,000 ~ 15 Lacs+","Rs 5,00,000 ~ 5 Lacs+"
75,366,Bishamber Singh	,https://www.myneta.info/uttarakhand2017/candidate.php?candidate_id=366,BHAGWANPUR(SC),UKD,0,Post Graduate,"Rs 3,05,81,000 ~ 3 Crore+",Rs 0 ~
76,408,Braj Rani	,https://www.myneta.info/uttarakhand2017/candidate.php?candidate_id=408,JWALAPUR (SC),IND,0,Graduate,"Rs 5,51,12,378 ~ 5 Crore+","Rs 4,55,01,055 ~ 4 Crore+"
77,234,Brij Bhushan Karanwal,https://www.myneta.info/uttarakhand2017/candidate.php?candidate_id=234,DHARAMPUR,IND,0,Post Graduate,"Rs 2,70,000 ~ 2 Lacs+","Rs 3,00,000 ~ 3 Lacs+"
78,17,Budhi Singh Pundir,https://www.myneta.info/uttarakhand2017/candidate.php?candidate_id=17,TEHRI,UKD,0,10th Pass,"Rs 51,00,000 ~ 51 Lacs+","Rs 12,50,000 ~ 12 Lacs+"
79,306,Carol Alick Rogers	,https://www.myneta.info/uttarakhand2017/candidate.php?candidate_id=306,MUSSOORIE,IND,0,Graduate Professional,"Rs 1,25,438 ~ 1 Lacs+",Rs 0 ~
80,642,Chaitanya Anil,https://www.myneta.info/uttarakhand2017/candidate.php?candidate_id=642,SAHASPUR,SHS,0,12th Pass,"Rs 1,11,83,589 ~ 1 Crore+","Rs 6,00,000 ~ 6 Lacs+"
81,199,Chaman Nautiyal,https://www.myneta.info/uttarakhand2017/candidate.php?candidate_id=199,DHANOLTI,IND,0,Graduate,https://myneta.info/image_v2.php?myneta_folder=uttarakhand2017&candidate_id=199&col=ta,https://myneta.info/image_v2.php?myneta_folder=uttarakhand2017&candidate_id=199&col=lia
82,549,Chandan Ram Dass,https://www.myneta.info/uttarakhand2017/candidate.php?candidate_id=549,BAGESHWAR(SC),BJP,0,Graduate,"Rs 49,62,000 ~ 49 Lacs+","Rs 13,85,000 ~ 13 Lacs+"
83,621,Chandan Singh Rana,https://www.myneta.info/uttarakhand2017/candidate.php?candidate_id=621,LALKUWA,SHS,0,8th Pass,"Rs 2,31,200 ~ 2 Lacs+",Rs 0 ~
84,569,Chandra Prakash Arya,https://www.myneta.info/uttarakhand2017/candidate.php?candidate_id=569,SOMESHWAR(SC),IND,0,12th Pass,"Rs 2,80,500 ~ 2 Lacs+",Rs 0 ~
85,481,Chndra Mohan Mundepi	,https://www.myneta.info/uttarakhand2017/candidate.php?candidate_id=481,CHAUBATTAKHAL,SP,0,8th Pass,"Rs 5,25,000 ~ 5 Lacs+",Rs 0 ~
86,413,Choudhary Yashveer Singh	,https://www.myneta.info/uttarakhand2017/candidate.php?candidate_id=413,KHANPUR,INC,0,Graduate,"Rs 24,49,24,200 ~ 24 Crore+","Rs 38,27,751 ~ 38 Lacs+"
87,497,Daleep Singh Rawat	,https://www.myneta.info/uttarakhand2017/candidate.php?candidate_id=497,LANSDOWNE,BJP,0,Graduate,"Rs 1,61,39,523 ~ 1 Crore+","Rs 10,10,050 ~ 10 Lacs+"
88,140,Dan Singh,https://www.myneta.info/uttarakhand2017/candidate.php?candidate_id=140,BHIMTAL,INC,0,12th Pass,"Rs 66,77,054 ~ 66 Lacs+",Rs 0 ~
89,205,Daulat Kunwar,https://www.myneta.info/uttarakhand2017/candidate.php?candidate_id=205,CHAKRATA(ST),BSP,0,10th Pass,"Rs 58,33,000 ~ 58 Lacs+","Rs 15,98,622 ~ 15 Lacs+"
90,545,Dayal Singh Kapkoti,https://www.myneta.info/uttarakhand2017/candidate.php?candidate_id=545,KAPKOTE,IND,0,10th Pass,https://myneta.info/image_v2.php?myneta_folder=uttarakhand2017&candidate_id=545&col=ta,https://myneta.info/image_v2.php?myneta_folder=uttarakhand2017&candidate_id=545&col=lia
91,271,Deena Devi,https://www.myneta.info/uttarakhand2017/candidate.php?candidate_id=271,DEOPRAYAG,IND,0,12th Pass,"Rs 14,73,823 ~ 14 Lacs+",Rs 0 ~
92,147,Deepa Bhatt,https://www.myneta.info/uttarakhand2017/candidate.php?candidate_id=147,LALKUWA,UKD,0,12th Pass,"Rs 52,70,000 ~ 52 Lacs+",Rs 0 ~
93,533,Deepak Kumar,https://www.myneta.info/uttarakhand2017/candidate.php?candidate_id=533,GANGOLIHAT(SC),BSP,0,10th Pass,"Rs 20,500 ~ 20 Thou+",Rs 0 ~
94,390,Desraj Karanwal	,https://www.myneta.info/uttarakhand2017/candidate.php?candidate_id=390,JHABRERA (SC),BJP,3,Graduate,"Rs 1,25,48,326 ~ 1 Crore+",Rs 0 ~
95,503,Devaki Nandan Shah,https://www.myneta.info/uttarakhand2017/candidate.php?candidate_id=503,PAURI (SC),IND,0,Graduate Professional,"Rs 2,06,000 ~ 2 Lacs+",Rs 0 ~
96,170,Devendra Prasad,https://www.myneta.info/uttarakhand2017/candidate.php?candidate_id=170,RUDRAPRAYAG,UKD,0,Graduate,"Rs 7,60,000 ~ 7 Lacs+",Rs 0 ~
97,37,Devendra Singh,https://www.myneta.info/uttarakhand2017/candidate.php?candidate_id=37,BADRINATH,UKD,0,8th Pass,"Rs 8,52,000 ~ 8 Lacs+",Rs 0 ~
98,630,Devilal Sharma Urf Raju,https://www.myneta.info/uttarakhand2017/candidate.php?candidate_id=630,LOHAGHAT,BSP,0,Literate,"Rs 2,87,500 ~ 2 Lacs+",Rs 0 ~
99,529,Devindra Singh,https://www.myneta.info/uttarakhand2017/candidate.php?candidate_id=529,DHARCHULA,IND,0,12th Pass,https://myneta.info/image_v2.php?myneta_folder=uttarakhand2017&candidate_id=529&col=ta,https://myneta.info/image_v2.php?myneta_folder=uttarakhand2017&candidate_id=529&col=lia
100,636,Dhan Singh,https://www.myneta.info/uttarakhand2017/candidate.php?candidate_id=636,RAIPUR,Bhartiya Sarvodaya Party,0,10th Pass,"Rs 1,80,000 ~ 1 Lacs+","Rs 5,00,000 ~ 5 Lacs+"
101,16,Dhan Singh Negi,https://www.myneta.info/uttarakhand2017/candidate.php?candidate_id=16,TEHRI,BJP,1,Post Graduate,"Rs 98,89,172 ~ 98 Lacs+","Rs 2,20,278 ~ 2 Lacs+"
102,359,Dhanesh Kumar	,https://www.myneta.info/uttarakhand2017/candidate.php?candidate_id=359,B.H.E.L. RANIPUR,IND,0,Graduate,"Rs 49,52,000 ~ 49 Lacs+","Rs 8,00,000 ~ 8 Lacs+"
103,51,Dhanilal Shah,https://www.myneta.info/uttarakhand2017/candidate.php?candidate_id=51,GHANSHALI(SC),IND,0,Post Graduate,"Rs 32,49,763 ~ 32 Lacs+","Rs 5,10,000 ~ 5 Lacs+"
104,25,Dharmanand Bijlwan,https://www.myneta.info/uttarakhand2017/candidate.php?candidate_id=25,YAMUNOTRI,IND,1,Others,"Rs 9,16,089 ~ 9 Lacs+","Rs 2,00,000 ~ 2 Lacs+"
105,516,Dhirendra Singh Bisht,https://www.myneta.info/uttarakhand2017/candidate.php?candidate_id=516,SRINAGAR,UKD,0,Graduate,"Rs 3,92,69,000 ~ 3 Crore+",Rs 0 ~
106,211,Digambar Singh,https://www.myneta.info/uttarakhand2017/candidate.php?candidate_id=211,VIKASNAGAR,UKD,0,Graduate,"Rs 34,97,621 ~ 34 Lacs+","Rs 7,17,492 ~ 7 Lacs+"
107,198,Dinesh,https://www.myneta.info/uttarakhand2017/candidate.php?candidate_id=198,DHANOLTI,BSP,0,12th Pass,"Rs 1,01,200 ~ 1 Lacs+",Rs 500 ~ 5 Hund+
108,22,Dinesh Agarwal,https://www.myneta.info/uttarakhand2017/candidate.php?candidate_id=22,DHARAMPUR,INC,2,Graduate Professional,https://myneta.info/image_v2.php?myneta_folder=uttarakhand2017&candidate_id=22&col=ta,https://myneta.info/image_v2.php?myneta_folder=uttarakhand2017&candidate_id=22&col=lia
109,629,Dinesh Chandra,https://www.myneta.info/uttarakhand2017/candidate.php?candidate_id=629,CHAMPAWAT,BSP,0,10th Pass,"Rs 87,500 ~ 87 Thou+","Rs 1,50,000 ~ 1 Lacs+"
110,192,Dinesh Dhanai,https://www.myneta.info/uttarakhand2017/candidate.php?candidate_id=192,TEHRI,IND,0,Graduate,"Rs 3,06,98,041 ~ 3 Crore+","Rs 29,11,352 ~ 29 Lacs+"
111,78,Dinesh Kumar,https://www.myneta.info/uttarakhand2017/candidate.php?candidate_id=78,GANGOLIHAT(SC),Bahujan Sangharshh Dal,0,Post Graduate,"Rs 1,09,000 ~ 1 Lacs+","Rs 1,00,000 ~ 1 Lacs+"
112,216,Dinesh Kumar Sharma,https://www.myneta.info/uttarakhand2017/candidate.php?candidate_id=216,VIKASNAGAR,IND,0,12th Pass,"Rs 11,11,500 ~ 11 Lacs+",Rs 0 ~
113,608,Dinesh Pande,https://www.myneta.info/uttarakhand2017/candidate.php?candidate_id=608,ALMORA,CPI(M),0,Post Graduate,"Rs 27,28,163 ~ 27 Lacs+","Rs 46,000 ~ 46 Thou+"
114,55,Diwakar Bhatt,https://www.myneta.info/uttarakhand2017/candidate.php?candidate_id=55,DEOPRAYAG,IND,0,10th Pass,"Rs 78,28,540 ~ 78 Lacs+",Rs 0 ~
115,121,Diwan Singh Bisht,https://www.myneta.info/uttarakhand2017/candidate.php?candidate_id=121,RAMNAGAR,BJP,0,Post Graduate,"Rs 1,67,88,214 ~ 1 Crore+","Rs 2,74,611 ~ 2 Lacs+"
116,511,Dr. Dhan Singh Rawat,https://www.myneta.info/uttarakhand2017/candidate.php?candidate_id=511,SRINAGAR,BJP,0,Doctorate,"Rs 65,96,864 ~ 65 Lacs+","Rs 2,93,290 ~ 2 Lacs+"
117,83,Dr. Lalit Singh,https://www.myneta.info/uttarakhand2017/candidate.php?candidate_id=83,KHATIMA,IND,0,Post Graduate,https://myneta.info/image_v2.php?myneta_folder=uttarakhand2017&candidate_id=83&col=ta,https://myneta.info/image_v2.php?myneta_folder=uttarakhand2017&candidate_id=83&col=lia
118,72,Durga Prashad,https://www.myneta.info/uttarakhand2017/candidate.php?candidate_id=72,DHARCHULA,IND,0,Doctorate,"Rs 6,31,000 ~ 6 Lacs+",Rs 0 ~
119,24,Durgeshwar Lal,https://www.myneta.info/uttarakhand2017/candidate.php?candidate_id=24,PUROLA(SC),IND,0,12th Pass,"Rs 2,82,500 ~ 2 Lacs+",Rs 0 ~
120,352,Faizan	,https://www.myneta.info/uttarakhand2017/candidate.php?candidate_id=352,B.H.E.L. RANIPUR,IND,0,8th Pass,"Rs 35,000 ~ 35 Thou+",Rs 0 ~
121,447,Furkan Ahmad	,https://www.myneta.info/uttarakhand2017/candidate.php?candidate_id=447,PIRANKALIYAR,INC,0,10th Pass,"Rs 2,51,12,401 ~ 2 Crore+","Rs 23,29,834 ~ 23 Lacs+"
122,655,Gajendra Singh,https://www.myneta.info/uttarakhand2017/candidate.php?candidate_id=655,DOIWALA,Bhartiya Sarvodaya Party,0,8th Pass,"Rs 37,00,000 ~ 37 Lacs+",Rs 0 ~
123,270,Ganesh Chandra,https://www.myneta.info/uttarakhand2017/candidate.php?candidate_id=270,DEOPRAYAG,Uttarakhand Kranti Dal (Democratic),0,12th Pass,"Rs 3,65,959 ~ 3 Lacs+","Rs 2,30,000 ~ 2 Lacs+"
124,514,Ganesh Godiyal,https://www.myneta.info/uttarakhand2017/candidate.php?candidate_id=514,SRINAGAR,INC,0,Graduate,"Rs 4,79,46,889 ~ 4 Crore+","Rs 2,28,10,000 ~ 2 Crore+"
125,301,Ganesh Joshi,https://www.myneta.info/uttarakhand2017/candidate.php?candidate_id=301,MUSSOORIE,BJP,2,10th Pass,"Rs 3,27,53,164 ~ 3 Crore+","Rs 8,17,955 ~ 8 Lacs+"
126,195,Ganesh Kudiyal,https://www.myneta.info/uttarakhand2017/candidate.php?candidate_id=195,TEHRI,IND,0,Graduate,https://myneta.info/image_v2.php?myneta_folder=uttarakhand2017&candidate_id=195&col=ta,https://myneta.info/image_v2.php?myneta_folder=uttarakhand2017&candidate_id=195&col=lia
127,639,Ganesh Kumar,https://www.myneta.info/uttarakhand2017/candidate.php?candidate_id=639,THARALI (SC),IND,0,8th Pass,"Rs 37,34,130 ~ 37 Lacs+",Rs 0 ~
128,517,Ganesh Prasad,https://www.myneta.info/uttarakhand2017/candidate.php?candidate_id=517,SRINAGAR,BSP,0,8th Pass,"Rs 2,29,100 ~ 2 Lacs+",Rs 0 ~
129,563,Ganga Devi,https://www.myneta.info/uttarakhand2017/candidate.php?candidate_id=563,SULT,Uttarakhand Kranti Dal (Democratic),0,Literate,"Rs 4,44,696 ~ 4 Lacs+",Rs 0 ~
130,559,Ganga Pancholi,https://www.myneta.info/uttarakhand2017/candidate.php?candidate_id=559,SULT,INC,0,Post Graduate,"Rs 26,10,517 ~ 26 Lacs+",Rs 0 ~
131,162,Gangadhar,https://www.myneta.info/uttarakhand2017/candidate.php?candidate_id=162,KEDARNATH,UKD,0,Post Graduate,"Rs 6,20,027 ~ 6 Lacs+",Rs 0 ~
132,161,Gangadhar,https://www.myneta.info/uttarakhand2017/candidate.php?candidate_id=161,KEDARNATH,CPI(M),1,Graduate Professional,"Rs 60,32,191 ~ 60 Lacs+",Rs 0 ~
133,221,Gaurav Pundir,https://www.myneta.info/uttarakhand2017/candidate.php?candidate_id=221,SAHASPUR,IND,0,Graduate Professional,"Rs 17,74,000 ~ 17 Lacs+","Rs 99,000 ~ 99 Thou+"
134,675,Gautam Kumar,https://www.myneta.info/uttarakhand2017/candidate.php?candidate_id=675,BAJPUR(SC),SHS,0,5th Pass,"Rs 12,78,348 ~ 12 Lacs+",Rs 0 ~
135,210,Gireesh Kumar,https://www.myneta.info/uttarakhand2017/candidate.php?candidate_id=210,VIKASNAGAR,BSP,0,Post Graduate,https://myneta.info/image_v2.php?myneta_folder=uttarakhand2017&candidate_id=210&col=ta,https://myneta.info/image_v2.php?myneta_folder=uttarakhand2017&candidate_id=210&col=lia
136,591,Girish Chaudhari,https://www.myneta.info/uttarakhand2017/candidate.php?candidate_id=591,DWARAHAT,BSP,0,12th Pass,"Rs 51,16,000 ~ 51 Lacs+",Rs 0 ~
137,303,Godawari Thapli,https://www.myneta.info/uttarakhand2017/candidate.php?candidate_id=303,MUSSOORIE,INC,0,Graduate,"Rs 5,87,42,527 ~ 5 Crore+","Rs 40,05,796 ~ 40 Lacs+"
138,111,Gohar Ali,https://www.myneta.info/uttarakhand2017/candidate.php?candidate_id=111,KASHIPUR,IND,0,8th Pass,"Rs 40,62,179 ~ 40 Lacs+","Rs 90,000 ~ 90 Thou+"
139,189,Gopal Dutt Chamoli,https://www.myneta.info/uttarakhand2017/candidate.php?candidate_id=189,TEHRI,IND,0,12th Pass,"Rs 57,10,359 ~ 57 Lacs+","Rs 19,00,000 ~ 19 Lacs+"
140,88,Gopal Singh Rana,https://www.myneta.info/uttarakhand2017/candidate.php?candidate_id=88,NANAK MATTA(ST),INC,0,Graduate Professional,"Rs 23,05,000 ~ 23 Lacs+","Rs 5,87,000 ~ 5 Lacs+"
141,5,Gopal Singh Rawat,https://www.myneta.info/uttarakhand2017/candidate.php?candidate_id=5,GANGOTRI,BJP,1,Post Graduate,"Rs 1,00,04,942 ~ 1 Crore+","Rs 63,500 ~ 63 Thou+"
142,61,Gori Sankar Sharma,https://www.myneta.info/uttarakhand2017/candidate.php?candidate_id=61,DEOPRAYAG,BSP,0,12th Pass,"Rs 5,550 ~ 5 Thou+",Rs 0 ~
143,544,Govind Lal,https://www.myneta.info/uttarakhand2017/candidate.php?candidate_id=544,KAPKOTE,IND,0,12th Pass,"Rs 8,04,000 ~ 8 Lacs+",Rs 0 ~
144,522,Govind Prasad Barthwal,https://www.myneta.info/uttarakhand2017/candidate.php?candidate_id=522,YAMKESHWAR,IND,0,Graduate,https://myneta.info/image_v2.php?myneta_folder=uttarakhand2017&candidate_id=522&col=ta,https://myneta.info/image_v2.php?myneta_folder=uttarakhand2017&candidate_id=522&col=lia
145,715,Govind Singh Bisht,https://www.myneta.info/uttarakhand2017/candidate.php?candidate_id=715,BHIMTAL,IND,0,10th Pass,"Rs 32,80,108 ~ 32 Lacs+","Rs 44,000 ~ 44 Thou+"
146,143,Govind Singh Bisht,https://www.myneta.info/uttarakhand2017/candidate.php?candidate_id=143,BHIMTAL,BJP,0,Graduate Professional,"Rs 2,32,91,601 ~ 2 Crore+","Rs 1,42,000 ~ 1 Lacs+"
147,577,Govind Singh Kunjwal,https://www.myneta.info/uttarakhand2017/candidate.php?candidate_id=577,JAGESHWAR,INC,0,12th Pass,"Rs 1,82,85,916 ~ 1 Crore+",Rs 0 ~
148,40,Guddu Lal,https://www.myneta.info/uttarakhand2017/candidate.php?candidate_id=40,THARALI (SC),IND,0,5th Pass,"Rs 3,92,000 ~ 3 Lacs+",Rs 0 ~
149,64,Gulajar,https://www.myneta.info/uttarakhand2017/candidate.php?candidate_id=64,PITHORAGARH,IND,0,Illiterate,"Rs 20,074 ~ 20 Thou+",Rs 0 ~
150,240,Gulistan Khanam,https://www.myneta.info/uttarakhand2017/candidate.php?candidate_id=240,DHARAMPUR,IND,0,10th Pass,"Rs 42,46,089 ~ 42 Lacs+",Rs 0 ~
151,351,Gulshan Khatri	,https://www.myneta.info/uttarakhand2017/candidate.php?candidate_id=351,B.H.E.L. RANIPUR,IND,0,10th Pass,"Rs 38,15,000 ~ 38 Lacs+","Rs 1,50,000 ~ 1 Lacs+"
152,341,Gurucharan	,https://www.myneta.info/uttarakhand2017/candidate.php?candidate_id=341,RISHIKESH,NCP,0,Graduate,"Rs 22,50,835 ~ 22 Lacs+",Rs 0 ~
153,217,Gurumel Singh,https://www.myneta.info/uttarakhand2017/candidate.php?candidate_id=217,VIKASNAGAR,IND,0,Graduate Professional,https://myneta.info/image_v2.php?myneta_folder=uttarakhand2017&candidate_id=217&col=ta,https://myneta.info/image_v2.php?myneta_folder=uttarakhand2017&candidate_id=217&col=lia
154,307,Gyanveer Tyagi	,https://www.myneta.info/uttarakhand2017/candidate.php?candidate_id=307,MUSSOORIE,UTTARAKHAND PARIVARTAN PARTY,0,10th Pass,"Rs 8,60,309 ~ 8 Lacs+",Rs 0 ~
155,430,Haji Tasleem Ahmad	,https://www.myneta.info/uttarakhand2017/candidate.php?candidate_id=430,LAKSAR,INC,0,Others,"Rs 1,92,21,635 ~ 1 Crore+","Rs 6,00,000 ~ 6 Lacs+"
156,179,Hakim Singh,https://www.myneta.info/uttarakhand2017/candidate.php?candidate_id=179,NARENDRANAGAR,BSP,0,12th Pass,"Rs 40,90,000 ~ 40 Lacs+",Rs 0 ~
157,532,Har Govind,https://www.myneta.info/uttarakhand2017/candidate.php?candidate_id=532,DIDIHAT,BSP,0,Graduate,"Rs 13,73,500 ~ 13 Lacs+","Rs 19,20,000 ~ 19 Lacs+"
158,668,Harbhajan Singh Cheema,https://www.myneta.info/uttarakhand2017/candidate.php?candidate_id=668,KASHIPUR,BJP,0,10th Pass,"Rs 5,52,72,423 ~ 5 Crore+","Rs 21,65,65,000 ~ 21 Crore+"
159,617,Harendra Singh,https://www.myneta.info/uttarakhand2017/candidate.php?candidate_id=617,KALADHUNGI,IND,0,Graduate,"Rs 3,89,17,239 ~ 3 Crore+",Rs 0 ~
160,150,Harendra Singh Bora,https://www.myneta.info/uttarakhand2017/candidate.php?candidate_id=150,LALKUWA,IND,0,Graduate,"Rs 6,61,60,971 ~ 6 Crore+","Rs 73,94,032 ~ 73 Lacs+"
161,330,Hari Chand	,https://www.myneta.info/uttarakhand2017/candidate.php?candidate_id=330,RAJPUR ROAD(SC),Bhartiya Sarvodaya Party,0,Graduate,"Rs 15,32,000 ~ 15 Lacs+","Rs 3,00,000 ~ 3 Lacs+"
162,505,Hari Kumar,https://www.myneta.info/uttarakhand2017/candidate.php?candidate_id=505,PAURI (SC),IND,0,8th Pass,https://myneta.info/image_v2.php?myneta_folder=uttarakhand2017&candidate_id=505&col=ta,https://myneta.info/image_v2.php?myneta_folder=uttarakhand2017&candidate_id=505&col=lia
163,315,Hari Singh Khorwal,https://www.myneta.info/uttarakhand2017/candidate.php?candidate_id=315,RAIPUR,BSP,0,8th Pass,"Rs 2,00,57,080 ~ 2 Crore+","Rs 9,75,000 ~ 9 Lacs+"
164,489,Harish Chander Dwivedi	,https://www.myneta.info/uttarakhand2017/candidate.php?candidate_id=489,KOTDWAR,UKD,0,12th Pass,"Rs 36,68,253 ~ 36 Lacs+","Rs 17,00,000 ~ 17 Lacs+"
165,145,Harish Chandra Durgapal,https://www.myneta.info/uttarakhand2017/candidate.php?candidate_id=145,LALKUWA,INC,0,12th Pass,"Rs 2,02,88,865 ~ 2 Crore+","Rs 1,20,000 ~ 1 Lacs+"
166,387,Harish Chandra Singh Rawat,https://www.myneta.info/uttarakhand2017/candidate.php?candidate_id=387,HARIDWAR RURAL,INC,1,Graduate Professional,"Rs 6,31,14,882 ~ 6 Crore+","Rs 2,70,74,237 ~ 2 Crore+"
167,95,Harish Chandra Singh Rawat,https://www.myneta.info/uttarakhand2017/candidate.php?candidate_id=95,KICHHA,INC,1,Graduate Professional,"Rs 6,31,14,882 ~ 6 Crore+","Rs 2,70,74,237 ~ 2 Crore+"
168,76,Harish Prasad,https://www.myneta.info/uttarakhand2017/candidate.php?candidate_id=76,GANGOLIHAT(SC),UKD,0,10th Pass,"Rs 4,60,500 ~ 4 Lacs+","Rs 50,000 ~ 50 Thou+"
169,69,Harish Singh,https://www.myneta.info/uttarakhand2017/candidate.php?candidate_id=69,DHARCHULA,INC,0,10th Pass,"Rs 3,60,19,122 ~ 3 Crore+","Rs 1,92,00,000 ~ 1 Crore+"
170,394,Harpal Singh	,https://www.myneta.info/uttarakhand2017/candidate.php?candidate_id=394,JHABRERA (SC),SHS,0,Graduate,"Rs 37,49,000 ~ 37 Lacs+","Rs 5,00,000 ~ 5 Lacs+"
171,697,Hem Chandra,https://www.myneta.info/uttarakhand2017/candidate.php?candidate_id=697,SITARGANJ,UKD,0,Graduate,https://myneta.info/image_v2.php?myneta_folder=uttarakhand2017&candidate_id=697&col=ta,https://myneta.info/image_v2.php?myneta_folder=uttarakhand2017&candidate_id=697&col=lia
172,138,Hem Chandra,https://www.myneta.info/uttarakhand2017/candidate.php?candidate_id=138,NAINITAL(SC),IND,0,Graduate,"Rs 1,50,92,500 ~ 1 Crore+","Rs 62,50,000 ~ 62 Lacs+"
173,151,Hemesh Kharkwal,https://www.myneta.info/uttarakhand2017/candidate.php?candidate_id=151,CHAMPAWAT,INC,0,Graduate,"Rs 1,97,14,211 ~ 1 Crore+","Rs 20,00,000 ~ 20 Lacs+"
174,685,Himan Singh Negi,https://www.myneta.info/uttarakhand2017/candidate.php?candidate_id=685,RUDRAPUR,IND,1,12th Pass,"Rs 2,78,000 ~ 2 Lacs+",Rs 0 ~
175,177,Himanshu Bijalwan,https://www.myneta.info/uttarakhand2017/candidate.php?candidate_id=177,NARENDRANAGAR,INC,0,10th Pass,"Rs 1,70,98,963 ~ 1 Crore+","Rs 1,25,05,811 ~ 1 Crore+"
176,567,Himanshu Kohli,https://www.myneta.info/uttarakhand2017/candidate.php?candidate_id=567,SOMESHWAR(SC),BSP,0,Literate,"Rs 1,01,000 ~ 1 Lacs+","Rs 7,930 ~ 7 Thou+"
177,295,Hira Singh Bisht,https://www.myneta.info/uttarakhand2017/candidate.php?candidate_id=295,DOIWALA,INC,1,Post Graduate,"Rs 1,44,52,995 ~ 1 Crore+",Rs 0 ~
178,235,Hriday Bhushan Dimri,https://www.myneta.info/uttarakhand2017/candidate.php?candidate_id=235,DHARAMPUR,Sarv Vikas Party,0,Post Graduate,"Rs 2,31,78,849 ~ 2 Crore+","Rs 3,50,000 ~ 3 Lacs+"
179,230,Iltaf,https://www.myneta.info/uttarakhand2017/candidate.php?candidate_id=230,SAHASPUR,BSP,0,8th Pass,"Rs 70,06,940 ~ 70 Lacs+","Rs 1,00,000 ~ 1 Lacs+"
180,129,Indira Hridayesh,https://www.myneta.info/uttarakhand2017/candidate.php?candidate_id=129,HALDWANI,INC,0,Doctorate,https://myneta.info/image_v2.php?myneta_folder=uttarakhand2017&candidate_id=129&col=ta,https://myneta.info/image_v2.php?myneta_folder=uttarakhand2017&candidate_id=129&col=lia
181,9,Indresh Maikhuri,https://www.myneta.info/uttarakhand2017/candidate.php?candidate_id=9,KARNPRAYAG,CPI(ML)(L),0,Post Graduate,"Rs 11,23,376 ~ 11 Lacs+",Rs 0 ~
182,354,Irfan Ali,https://www.myneta.info/uttarakhand2017/candidate.php?candidate_id=354,B.H.E.L. RANIPUR,IND,0,Graduate,"Rs 12,58,000 ~ 12 Lacs+","Rs 2,50,000 ~ 2 Lacs+"
183,326,Jag Ram Singh	,https://www.myneta.info/uttarakhand2017/candidate.php?candidate_id=326,RAJPUR ROAD(SC),BSP,0,Graduate,"Rs 3,91,38,220 ~ 3 Crore+","Rs 9,00,000 ~ 9 Lacs+"
184,180,Jagdish Kuliyal,https://www.myneta.info/uttarakhand2017/candidate.php?candidate_id=180,NARENDRANAGAR,CPI,1,Post Graduate,"Rs 77,87,823 ~ 77 Lacs+",Rs 0 ~
185,169,Jagdish Singh,https://www.myneta.info/uttarakhand2017/candidate.php?candidate_id=169,RUDRAPRAYAG,IND,1,Graduate,"Rs 42,25,000 ~ 42 Lacs+",Rs 0 ~
186,500,Jagmohan Singh Bisht	,https://www.myneta.info/uttarakhand2017/candidate.php?candidate_id=500,LANSDOWNE,IND,0,12th Pass,"Rs 8,34,499 ~ 8 Lacs+",Rs 0 ~
187,718,Jagmohan Singh Rauthan,https://www.myneta.info/uttarakhand2017/candidate.php?candidate_id=718,RUDRAPRAYAG,IND,0,Graduate,"Rs 2,27,02,816 ~ 2 Crore+","Rs 26,74,470 ~ 26 Lacs+"
188,526,Jagpal Singh Negi,https://www.myneta.info/uttarakhand2017/candidate.php?candidate_id=526,YAMKESHWAR,BSP,0,Post Graduate,"Rs 49,99,800 ~ 49 Lacs+","Rs 7,00,000 ~ 7 Lacs+"
189,167,Jai Om Prakash,https://www.myneta.info/uttarakhand2017/candidate.php?candidate_id=167,RUDRAPRAYAG,IND,0,12th Pass,https://myneta.info/image_v2.php?myneta_folder=uttarakhand2017&candidate_id=167&col=ta,https://myneta.info/image_v2.php?myneta_folder=uttarakhand2017&candidate_id=167&col=lia
190,312,Jai Prakash Upadhyay	,https://www.myneta.info/uttarakhand2017/candidate.php?candidate_id=312,MUSSOORIE,UKD,1,Graduate,"Rs 1,50,93,000 ~ 1 Crore+","Rs 7,00,000 ~ 7 Lacs+"
191,449,Jaibhagwan	,https://www.myneta.info/uttarakhand2017/candidate.php?candidate_id=449,PIRANKALIYAR,BJP,0,10th Pass,"Rs 7,05,000 ~ 7 Lacs+",Rs 0 ~
192,250,Jaiprakash,https://www.myneta.info/uttarakhand2017/candidate.php?candidate_id=250,YAMUNOTRI,Sarv Vikas Party,0,8th Pass,"Rs 5,620 ~ 5 Thou+",Rs 0 ~
193,115,Jakir,https://www.myneta.info/uttarakhand2017/candidate.php?candidate_id=115,KASHIPUR,Peace Party,0,Illiterate,"Rs 17,26,000 ~ 17 Lacs+",Rs 0 ~
194,658,Jameel Ahmad Mansoori,https://www.myneta.info/uttarakhand2017/candidate.php?candidate_id=658,JASPUR,Peace Party,2,8th Pass,"Rs 1,19,000 ~ 1 Lacs+",Rs 0 ~
195,58,Jamuna Prasad Raiwani,https://www.myneta.info/uttarakhand2017/candidate.php?candidate_id=58,DEOPRAYAG,Sarv Vikas Party,0,Doctorate,"Rs 1,23,14,292 ~ 1 Crore+",Rs 0 ~
196,106,Jarnail Singh,https://www.myneta.info/uttarakhand2017/candidate.php?candidate_id=106,GADARPUR,BSP,0,Literate,"Rs 45,48,730 ~ 45 Lacs+","Rs 76,092 ~ 76 Thou+"
197,102,Jaswant Singh,https://www.myneta.info/uttarakhand2017/candidate.php?candidate_id=102,RUDRAPUR,BSP,0,10th Pass,"Rs 2,73,605 ~ 2 Lacs+",Rs 0 ~
198,610,Jaswant Singh Adhikari,https://www.myneta.info/uttarakhand2017/candidate.php?candidate_id=610,ALMORA,SP,0,Post Graduate,https://myneta.info/image_v2.php?myneta_folder=uttarakhand2017&candidate_id=610&col=ta,https://myneta.info/image_v2.php?myneta_folder=uttarakhand2017&candidate_id=610&col=lia
199,597,Jay Prakash,https://www.myneta.info/uttarakhand2017/candidate.php?candidate_id=597,DWARAHAT,IND,0,Graduate Professional,"Rs 3,86,393 ~ 3 Lacs+",Rs 0 ~
200,262,Jeet Ram,https://www.myneta.info/uttarakhand2017/candidate.php?candidate_id=262,THARALI (SC),INC,0,Doctorate,"Rs 1,52,69,401 ~ 1 Crore+","Rs 32,02,740 ~ 32 Lacs+"
201,552,Jeevan Lal,https://www.myneta.info/uttarakhand2017/candidate.php?candidate_id=552,BAGESHWAR(SC),UKD,0,12th Pass,"Rs 6,01,000 ~ 6 Lacs+",Rs 0 ~
202,528,Jitendra Kumar,https://www.myneta.info/uttarakhand2017/candidate.php?candidate_id=528,DHARCHULA,BSP,0,8th Pass,"Rs 1,40,000 ~ 1 Lacs+","Rs 3,60,000 ~ 3 Lacs+"
203,598,Jogendra Pal Singh Rautela,https://www.myneta.info/uttarakhand2017/candidate.php?candidate_id=598,HALDWANI,BJP,0,Doctorate,"Rs 59,83,906 ~ 59 Lacs+",Rs 0 ~
204,652,Jogendra Rawat,https://www.myneta.info/uttarakhand2017/candidate.php?candidate_id=652,DHARAMPUR,IND,1,Graduate,"Rs 51,100 ~ 51 Thou+",Rs 0 ~
205,435,Julfukar Ansari	,https://www.myneta.info/uttarakhand2017/candidate.php?candidate_id=435,LAKSAR,IND,0,8th Pass,"Rs 1,44,69,213 ~ 1 Crore+","Rs 3,00,000 ~ 3 Lacs+"
206,724,Jyoti Kanwasi,https://www.myneta.info/uttarakhand2017/candidate.php?candidate_id=724,KARNPRAYAG,BSP,0,Graduate,"Rs 2,80,000 ~ 2 Lacs+",Rs 0 ~
207,631,Jyoti Prakash Tamta,https://www.myneta.info/uttarakhand2017/candidate.php?candidate_id=631,LOHAGHAT,IND,0,10th Pass,https://myneta.info/image_v2.php?myneta_folder=uttarakhand2017&candidate_id=631&col=ta,https://myneta.info/image_v2.php?myneta_folder=uttarakhand2017&candidate_id=631&col=lia
208,137,K.l Arya,https://www.myneta.info/uttarakhand2017/candidate.php?candidate_id=137,NAINITAL(SC),IND,0,5th Pass,"Rs 57,64,300 ~ 57 Lacs+",Rs 0 ~
209,152,Kailash Chandra,https://www.myneta.info/uttarakhand2017/candidate.php?candidate_id=152,CHAMPAWAT,BJP,0,Graduate,"Rs 5,48,34,049 ~ 5 Crore+","Rs 44,52,872 ~ 44 Lacs+"
210,101,Kailash Chandra,https://www.myneta.info/uttarakhand2017/candidate.php?candidate_id=101,RUDRAPUR,IND,2,12th Pass,"Rs 21,76,350 ~ 21 Lacs+",Rs 0 ~
211,49,Kamal Das,https://www.myneta.info/uttarakhand2017/candidate.php?candidate_id=49,GHANSHALI(SC),IND,0,8th Pass,"Rs 3,35,000 ~ 3 Lacs+",Rs 0 ~
212,581,Kamal Pathak,https://www.myneta.info/uttarakhand2017/candidate.php?candidate_id=581,BHIMTAL,Lok Shahi Party (Secular),0,Post Graduate,"Rs 10,62,000 ~ 10 Lacs+",Rs 0 ~
213,681,Kamlesh,https://www.myneta.info/uttarakhand2017/candidate.php?candidate_id=681,GADARPUR,IND,0,10th Pass,"Rs 30,85,000 ~ 30 Lacs+",Rs 0 ~
214,185,Kanak Pal Singh,https://www.myneta.info/uttarakhand2017/candidate.php?candidate_id=185,PRATAPNAGAR,BSP,0,10th Pass,"Rs 4,55,500 ~ 4 Lacs+",Rs 0 ~
215,543,Karam Singh Danu,https://www.myneta.info/uttarakhand2017/candidate.php?candidate_id=543,KAPKOTE,IND,0,10th Pass,"Rs 2,50,000 ~ 2 Lacs+","Rs 5,50,000 ~ 5 Lacs+"
216,572,Karan Mahara,https://www.myneta.info/uttarakhand2017/candidate.php?candidate_id=572,RANIKHET,INC,0,Graduate,https://myneta.info/image_v2.php?myneta_folder=uttarakhand2017&candidate_id=572&col=ta,https://myneta.info/image_v2.php?myneta_folder=uttarakhand2017&candidate_id=572&col=lia
217,1,Kashi Singh,https://www.myneta.info/uttarakhand2017/candidate.php?candidate_id=1,DIDIHAT,UKD,0,Post Graduate,"Rs 75,00,500 ~ 75 Lacs+","Rs 7,00,000 ~ 7 Lacs+"
218,265,Kasvi Lal Shah,https://www.myneta.info/uttarakhand2017/candidate.php?candidate_id=265,THARALI (SC),UKD,0,Graduate,"Rs 48,60,000 ~ 48 Lacs+",Rs 0 ~
219,213,Kaushal Kishor Gautam,https://www.myneta.info/uttarakhand2017/candidate.php?candidate_id=213,VIKASNAGAR,SP,0,Graduate,"Rs 47,00,593 ~ 47 Lacs+","Rs 26,09,000 ~ 26 Lacs+"
220,468,Kavinder Istwal	,https://www.myneta.info/uttarakhand2017/candidate.php?candidate_id=468,CHAUBATTAKHAL,IND,0,12th Pass,"Rs 1,46,88,242 ~ 1 Crore+","Rs 10,00,000 ~ 10 Lacs+"
221,187,Kedar Lal,https://www.myneta.info/uttarakhand2017/candidate.php?candidate_id=187,PRATAPNAGAR,IND,0,Post Graduate,"Rs 41,500 ~ 41 Thou+",Rs 0 ~
222,4,Kedar Singh,https://www.myneta.info/uttarakhand2017/candidate.php?candidate_id=4,YAMUNOTRI,BJP,0,Graduate Professional,"Rs 4,74,33,648 ~ 4 Crore+","Rs 10,00,000 ~ 10 Lacs+"
223,75,Khajan Chandra,https://www.myneta.info/uttarakhand2017/candidate.php?candidate_id=75,GANGOLIHAT(SC),IND,0,12th Pass,"Rs 3,12,15,128 ~ 3 Crore+","Rs 14,65,772 ~ 14 Lacs+"
224,327,Khajan Dass	,https://www.myneta.info/uttarakhand2017/candidate.php?candidate_id=327,RAJPUR ROAD(SC),BJP,0,8th Pass,"Rs 1,35,22,000 ~ 1 Crore+","Rs 8,60,000 ~ 8 Lacs+"
225,155,Khushal Singh,https://www.myneta.info/uttarakhand2017/candidate.php?candidate_id=155,LOHAGHAT,INC,1,10th Pass,https://myneta.info/image_v2.php?myneta_folder=uttarakhand2017&candidate_id=155&col=ta,https://myneta.info/image_v2.php?myneta_folder=uttarakhand2017&candidate_id=155&col=lia
226,255,Kirat Singh,https://www.myneta.info/uttarakhand2017/candidate.php?candidate_id=255,BADRINATH,SP,0,Post Graduate,"Rs 22,70,000 ~ 22 Lacs+","Rs 26,00,000 ~ 26 Lacs+"
227,525,Kirshan Chandra,https://www.myneta.info/uttarakhand2017/candidate.php?candidate_id=525,YAMKESHWAR,IND,0,10th Pass,"Rs 11,12,000 ~ 11 Lacs+","Rs 2,60,000 ~ 2 Lacs+"
228,66,Kishan Singh Bhandari,https://www.myneta.info/uttarakhand2017/candidate.php?candidate_id=66,DIDIHAT,IND,4,Others,"Rs 2,12,35,200 ~ 2 Crore+","Rs 66,79,000 ~ 66 Lacs+"
229,228,Kishore Upadhaya,https://www.myneta.info/uttarakhand2017/candidate.php?candidate_id=228,SAHASPUR,INC,1,Doctorate,"Rs 3,43,86,184 ~ 3 Crore+","Rs 29,55,000 ~ 29 Lacs+"
230,398,Komal Rani	,https://www.myneta.info/uttarakhand2017/candidate.php?candidate_id=398,JHABRERA (SC),IND,0,Post Graduate,"Rs 27,000 ~ 27 Thou+",Rs 0 ~
231,573,Kripal Ram,https://www.myneta.info/uttarakhand2017/candidate.php?candidate_id=573,RANIKHET,BSP,0,12th Pass,"Rs 21,91,536 ~ 21 Lacs+","Rs 1,78,997 ~ 1 Lacs+"
232,141,Krishnanand Kandpal,https://www.myneta.info/uttarakhand2017/candidate.php?candidate_id=141,BHIMTAL,IND,0,Post Graduate,"Rs 1,25,000 ~ 1 Lacs+",Rs 0 ~
233,3,Krishnanand Kapri,https://www.myneta.info/uttarakhand2017/candidate.php?candidate_id=3,PITHORAGARH,IND,0,10th Pass,"Rs 35,21,191 ~ 35 Lacs+",Rs 0 ~
234,558,Kuber Singh,https://www.myneta.info/uttarakhand2017/candidate.php?candidate_id=558,SULT,IND,2,10th Pass,https://myneta.info/image_v2.php?myneta_folder=uttarakhand2017&candidate_id=558&col=ta,https://myneta.info/image_v2.php?myneta_folder=uttarakhand2017&candidate_id=558&col=lia
235,586,Kuber Singh Kathayat,https://www.myneta.info/uttarakhand2017/candidate.php?candidate_id=586,DWARAHAT,IND,0,Graduate,"Rs 21,98,648 ~ 21 Lacs+","Rs 6,57,000 ~ 6 Lacs+"
236,46,Kuldeep Singh Rawat,https://www.myneta.info/uttarakhand2017/candidate.php?candidate_id=46,KEDARNATH,IND,0,8th Pass,"Rs 1,48,85,352 ~ 1 Crore+",Rs 0 ~
237,45,Kundan Lal,https://www.myneta.info/uttarakhand2017/candidate.php?candidate_id=45,KEDARNATH,BSP,0,12th Pass,"Rs 2,82,775 ~ 2 Lacs+",Rs 0 ~
238,609,Kundan Singh Bisht,https://www.myneta.info/uttarakhand2017/candidate.php?candidate_id=609,ALMORA,UKD,0,10th Pass,"Rs 60,45,295 ~ 60 Lacs+","Rs 2,05,800 ~ 2 Lacs+"
239,592,Kundan Singh Rawat,https://www.myneta.info/uttarakhand2017/candidate.php?candidate_id=592,DWARAHAT,Bharat Ki Lok Jimmedar Party,0,10th Pass,"Rs 8,57,521 ~ 8 Lacs+",Rs 0 ~
240,283,Kunwar Japendra Singh Uttarakhandi,https://www.myneta.info/uttarakhand2017/candidate.php?candidate_id=283,DEHRADUN CANTT,RLD,1,Graduate,"Rs 24,48,72,360 ~ 24 Crore+","Rs 2,50,00,000 ~ 2 Crore+"
241,412,Kunwar Parnav Singh Champion	,https://www.myneta.info/uttarakhand2017/candidate.php?candidate_id=412,KHANPUR,BJP,0,Graduate,"Rs 1,87,91,000 ~ 1 Crore+","Rs 19,00,000 ~ 19 Lacs+"
242,431,Kushalpal Singh	,https://www.myneta.info/uttarakhand2017/candidate.php?candidate_id=431,LAKSAR,IND,0,Post Graduate,"Rs 50,21,000 ~ 50 Lacs+",Rs 0 ~
243,663,Lal Man Singh,https://www.myneta.info/uttarakhand2017/candidate.php?candidate_id=663,JASPUR,IND,0,12th Pass,https://myneta.info/image_v2.php?myneta_folder=uttarakhand2017&candidate_id=663&col=ta,https://myneta.info/image_v2.php?myneta_folder=uttarakhand2017&candidate_id=663&col=lia
244,527,Lal Singh,https://www.myneta.info/uttarakhand2017/candidate.php?candidate_id=527,DHARCHULA,UKD,0,Literate,"Rs 15,67,250 ~ 15 Lacs+","Rs 3,73,034 ~ 3 Lacs+"
245,537,Lalit Mohan Bhatt,https://www.myneta.info/uttarakhand2017/candidate.php?candidate_id=537,PITHORAGARH,IND,0,Doctorate,"Rs 15,90,000 ~ 15 Lacs+",Rs 0 ~
246,599,Lalit Mohan Joshi,https://www.myneta.info/uttarakhand2017/candidate.php?candidate_id=599,HALDWANI,SHS,0,Post Graduate,"Rs 26,91,500 ~ 26 Lacs+","Rs 15,00,000 ~ 15 Lacs+"
247,540,Lalit Mohan Singh Farswan,https://www.myneta.info/uttarakhand2017/candidate.php?candidate_id=540,KAPKOTE,INC,0,Post Graduate,"Rs 1,13,59,091 ~ 1 Crore+",Rs 0 ~
248,165,Lalita Prasad,https://www.myneta.info/uttarakhand2017/candidate.php?candidate_id=165,RUDRAPRAYAG,CPI,0,Post Graduate,"Rs 53,19,500 ~ 53 Lacs+","Rs 21,61,000 ~ 21 Lacs+"
249,338,Lallan Bhardwaj Rajbhar	,https://www.myneta.info/uttarakhand2017/candidate.php?candidate_id=338,RISHIKESH,BSP,0,10th Pass,"Rs 93,03,622 ~ 93 Lacs+","Rs 12,28,600 ~ 12 Lacs+"
250,226,Laxmi Agarwal,https://www.myneta.info/uttarakhand2017/candidate.php?candidate_id=226,SAHASPUR,IND,0,Graduate Professional,"Rs 3,01,77,378 ~ 3 Crore+",Rs 0 ~
251,253,Laxmi Prasad,https://www.myneta.info/uttarakhand2017/candidate.php?candidate_id=253,BADRINATH,IND,0,8th Pass,"Rs 93,300 ~ 93 Thou+",Rs 0 ~
252,163,Laxmi Singh Rana,https://www.myneta.info/uttarakhand2017/candidate.php?candidate_id=163,RUDRAPRAYAG,INC,0,Post Graduate,https://myneta.info/image_v2.php?myneta_folder=uttarakhand2017&candidate_id=163&col=ta,https://myneta.info/image_v2.php?myneta_folder=uttarakhand2017&candidate_id=163&col=lia
253,437,Letesh Kumar	,https://www.myneta.info/uttarakhand2017/candidate.php?candidate_id=437,MANGLORE,RLD,0,Graduate,"Rs 41,43,161 ~ 41 Lacs+",Rs 0 ~
254,632,Maa Prabha Kiran,https://www.myneta.info/uttarakhand2017/candidate.php?candidate_id=632,RAIPUR,Sarv Vikas Party,0,Post Graduate,"Rs 4,10,000 ~ 4 Lacs+",Rs 0 ~
255,406,Madan Lal	,https://www.myneta.info/uttarakhand2017/candidate.php?candidate_id=406,JWALAPUR (SC),IND,0,Graduate,"Rs 34,70,843 ~ 34 Lacs+","Rs 2,50,000 ~ 2 Lacs+"
256,677,Madan Singh,https://www.myneta.info/uttarakhand2017/candidate.php?candidate_id=677,BAJPUR(SC),IND,0,Literate,"Rs 57,96,361 ~ 57 Lacs+",Rs 0 ~
257,588,Madan Singh Bisht,https://www.myneta.info/uttarakhand2017/candidate.php?candidate_id=588,DWARAHAT,INC,0,Graduate Professional,"Rs 1,22,34,500 ~ 1 Crore+","Rs 5,00,000 ~ 5 Lacs+"
258,207,Madhu Chauhan,https://www.myneta.info/uttarakhand2017/candidate.php?candidate_id=207,CHAKRATA(ST),BJP,0,Post Graduate,"Rs 2,13,79,259 ~ 2 Crore+","Rs 61,38,802 ~ 61 Lacs+"
259,8,Magan Lal Shah,https://www.myneta.info/uttarakhand2017/candidate.php?candidate_id=8,THARALI (SC),BJP,0,10th Pass,"Rs 1,60,67,790 ~ 1 Crore+","Rs 24,50,000 ~ 24 Lacs+"
260,721,Mahak Singh Saini,https://www.myneta.info/uttarakhand2017/candidate.php?candidate_id=721,PIRANKALIYAR,IND,0,Graduate Professional,"Rs 1,09,31,428 ~ 1 Crore+",Rs 0 ~
261,33,Mahaveer Prasad,https://www.myneta.info/uttarakhand2017/candidate.php?candidate_id=33,GANGOTRI,CPI,0,Post Graduate,https://myneta.info/image_v2.php?myneta_folder=uttarakhand2017&candidate_id=33&col=ta,https://myneta.info/image_v2.php?myneta_folder=uttarakhand2017&candidate_id=33&col=lia
262,318,Mahender Singh Negi,https://www.myneta.info/uttarakhand2017/candidate.php?candidate_id=318,RAIPUR,IND,0,Graduate,"Rs 99,89,413 ~ 99 Lacs+","Rs 1,500 ~ 1 Thou+"
263,127,Mahendra Kumar Chaudhary,https://www.myneta.info/uttarakhand2017/candidate.php?candidate_id=127,KALADHUNGI,IND,0,Graduate,"Rs 87,89,000 ~ 87 Lacs+","Rs 2,80,000 ~ 2 Lacs+"
264,7,Mahendra Prasad,https://www.myneta.info/uttarakhand2017/candidate.php?candidate_id=7,BADRINATH,BJP,0,Post Graduate,"Rs 34,05,558 ~ 34 Lacs+","Rs 8,00,000 ~ 8 Lacs+"
265,660,Mahendra Singh,https://www.myneta.info/uttarakhand2017/candidate.php?candidate_id=660,JASPUR,SHS,0,Graduate,"Rs 15,28,073 ~ 15 Lacs+",Rs 0 ~
266,65,Mahendra Singh,https://www.myneta.info/uttarakhand2017/candidate.php?candidate_id=65,PITHORAGARH,IND,2,12th Pass,"Rs 6,98,000 ~ 6 Lacs+","Rs 2,50,000 ~ 2 Lacs+"
267,580,Mahendra Singh Rawat,https://www.myneta.info/uttarakhand2017/candidate.php?candidate_id=580,JAGESHWAR,UKD,0,Graduate,"Rs 3,19,000 ~ 3 Lacs+",Rs 0 ~
268,706,Mahesh Chandra,https://www.myneta.info/uttarakhand2017/candidate.php?candidate_id=706,NANAK MATTA(ST),IND,0,10th Pass,"Rs 13,90,000 ~ 13 Lacs+",Rs 0 ~
269,124,Mahesh Chandra,https://www.myneta.info/uttarakhand2017/candidate.php?candidate_id=124,KALADHUNGI,IND,1,Graduate,"Rs 3,13,84,813 ~ 3 Crore+","Rs 3,05,611 ~ 3 Lacs+"
270,593,Mahesh Singh Negi,https://www.myneta.info/uttarakhand2017/candidate.php?candidate_id=593,DWARAHAT,BJP,0,Graduate,https://myneta.info/image_v2.php?myneta_folder=uttarakhand2017&candidate_id=593&col=ta,https://myneta.info/image_v2.php?myneta_folder=uttarakhand2017&candidate_id=593&col=lia
271,564,Mahipal Singh,https://www.myneta.info/uttarakhand2017/candidate.php?candidate_id=564,SULT,IND,0,8th Pass,"Rs 4,16,948 ~ 4 Lacs+",Rs 0 ~
272,490,Mahitab Singh Rawat,https://www.myneta.info/uttarakhand2017/candidate.php?candidate_id=490,KOTDWAR,IND,0,12th Pass,"Rs 17,21,159 ~ 17 Lacs+","Rs 55,937 ~ 55 Thou+"
273,272,Makan Lal,https://www.myneta.info/uttarakhand2017/candidate.php?candidate_id=272,GHANSHALI(SC),Uttarakhand Raksha Morcha,0,Post Graduate,"Rs 4,34,443 ~ 4 Lacs+",Rs 0 ~
274,23,Malchand,https://www.myneta.info/uttarakhand2017/candidate.php?candidate_id=23,PUROLA(SC),BJP,1,10th Pass,"Rs 3,59,64,167 ~ 3 Crore+","Rs 1,98,96,000 ~ 1 Crore+"
275,695,Malti Biswas,https://www.myneta.info/uttarakhand2017/candidate.php?candidate_id=695,SITARGANJ,INC,0,Others,"Rs 1,90,35,593 ~ 1 Crore+","Rs 16,18,931 ~ 16 Lacs+"
276,363,Mamta Rakesh	,https://www.myneta.info/uttarakhand2017/candidate.php?candidate_id=363,BHAGWANPUR(SC),INC,0,Post Graduate,"Rs 3,58,49,770 ~ 3 Crore+",Rs 0 ~
277,501,Manish Sundriyal	,https://www.myneta.info/uttarakhand2017/candidate.php?candidate_id=501,LANSDOWNE,IND,0,Post Graduate,"Rs 2,60,000 ~ 2 Lacs+",Rs 0 ~
278,107,Manisha,https://www.myneta.info/uttarakhand2017/candidate.php?candidate_id=107,BAJPUR(SC),SP,0,Illiterate,"Rs 4,80,500 ~ 4 Lacs+",Rs 0 ~
279,472,Manju Rawat ,https://www.myneta.info/uttarakhand2017/candidate.php?candidate_id=472,CHAUBATTAKHAL,IND,0,12th Pass,https://myneta.info/image_v2.php?myneta_folder=uttarakhand2017&candidate_id=472&col=ta,https://myneta.info/image_v2.php?myneta_folder=uttarakhand2017&candidate_id=472&col=lia
280,641,Manju Singh,https://www.myneta.info/uttarakhand2017/candidate.php?candidate_id=641,SAHASPUR,RLD,0,12th Pass,"Rs 67,61,500 ~ 67 Lacs+",Rs 0 ~
281,646,Manmohan Lakhera,https://www.myneta.info/uttarakhand2017/candidate.php?candidate_id=646,DHARAMPUR,Hamari Janmanch Party,0,Graduate,"Rs 2,15,24,835 ~ 2 Crore+",Rs 0 ~
282,204,Manmohan Singh,https://www.myneta.info/uttarakhand2017/candidate.php?candidate_id=204,DHANOLTI,INC,1,Graduate,"Rs 2,45,53,000 ~ 2 Crore+",Rs 0 ~
283,504,Manohar Lal Pahari,https://www.myneta.info/uttarakhand2017/candidate.php?candidate_id=504,PAURI (SC),Uttarakhand Raksha Morcha,0,5th Pass,"Rs 6,45,000 ~ 6 Lacs+","Rs 1,50,000 ~ 1 Lacs+"
284,669,Manoj Joshi,https://www.myneta.info/uttarakhand2017/candidate.php?candidate_id=669,KASHIPUR,INC,0,Graduate Professional,"Rs 2,87,89,238 ~ 2 Crore+","Rs 43,68,172 ~ 43 Lacs+"
285,333,Manoj Kumar	,https://www.myneta.info/uttarakhand2017/candidate.php?candidate_id=333,RAJPUR ROAD(SC),UKD,0,10th Pass,"Rs 1,12,06,000 ~ 1 Crore+",Rs 0 ~
286,536,Manoj Kumar Joshi,https://www.myneta.info/uttarakhand2017/candidate.php?candidate_id=536,PITHORAGARH,IND,0,Post Graduate,"Rs 1,22,93,893 ~ 1 Crore+","Rs 74,32,312 ~ 74 Lacs+"
287,640,Manoj Rawat,https://www.myneta.info/uttarakhand2017/candidate.php?candidate_id=640,KEDARNATH,INC,1,Post Graduate,"Rs 83,86,844 ~ 83 Lacs+",Rs 0 ~
288,606,Manoj Tewari,https://www.myneta.info/uttarakhand2017/candidate.php?candidate_id=606,ALMORA,INC,0,Graduate Professional,https://myneta.info/image_v2.php?myneta_folder=uttarakhand2017&candidate_id=606&col=ta,https://myneta.info/image_v2.php?myneta_folder=uttarakhand2017&candidate_id=606&col=lia
289,103,Manpreet Singh,https://www.myneta.info/uttarakhand2017/candidate.php?candidate_id=103,RUDRAPUR,IND,0,12th Pass,"Rs 13,653 ~ 13 Thou+",Rs 0 ~
290,12,Mantri Prasad,https://www.myneta.info/uttarakhand2017/candidate.php?candidate_id=12,DEOPRAYAG,INC,0,Graduate Professional,"Rs 58,85,149 ~ 58 Lacs+",Rs 0 ~
291,2,Mayukh Mahar,https://www.myneta.info/uttarakhand2017/candidate.php?candidate_id=2,PITHORAGARH,INC,0,Post Graduate,"Rs 3,99,00,000 ~ 3 Crore+","Rs 1,98,15,359 ~ 1 Crore+"
292,77,Meena Gangola,https://www.myneta.info/uttarakhand2017/candidate.php?candidate_id=77,GANGOLIHAT(SC),BJP,0,Graduate,"Rs 33,14,469 ~ 33 Lacs+","Rs 4,90,000 ~ 4 Lacs+"
293,649,Meherban,https://www.myneta.info/uttarakhand2017/candidate.php?candidate_id=649,DHARAMPUR,IND,0,8th Pass,"Rs 2,18,442 ~ 2 Lacs+",Rs 0 ~
294,400,Mempal	,https://www.myneta.info/uttarakhand2017/candidate.php?candidate_id=400,JHABRERA (SC),IND,0,12th Pass,"Rs 52,000 ~ 52 Thou+",Rs 0 ~
295,433,Mempal,https://www.myneta.info/uttarakhand2017/candidate.php?candidate_id=433,LAKSAR,SHS,0,8th Pass,"Rs 3,51,000 ~ 3 Lacs+",Rs 0 ~
296,35,Miss Aruna,https://www.myneta.info/uttarakhand2017/candidate.php?candidate_id=35,BADRINATH,IND,0,Graduate,"Rs 1,100 ~ 1 Thou+",Rs 0 ~
297,90,Mobeen Ali,https://www.myneta.info/uttarakhand2017/candidate.php?candidate_id=90,SITARGANJ,IND,0,Literate,https://myneta.info/image_v2.php?myneta_folder=uttarakhand2017&candidate_id=90&col=ta,https://myneta.info/image_v2.php?myneta_folder=uttarakhand2017&candidate_id=90&col=lia
298,665,Mohammad Ajmal,https://www.myneta.info/uttarakhand2017/candidate.php?candidate_id=665,JASPUR,Uttarakhand Kranti Dal (Democratic),0,Post Graduate,"Rs 3,11,000 ~ 3 Lacs+",Rs 0 ~
299,323,Mohammad Ehsaan,https://www.myneta.info/uttarakhand2017/candidate.php?candidate_id=323,RAIPUR,IND,0,8th Pass,"Rs 18,20,000 ~ 18 Lacs+",Rs 0 ~
300,237,Mohammad Ismail,https://www.myneta.info/uttarakhand2017/candidate.php?candidate_id=237,DHARAMPUR,IND,0,5th Pass,"Rs 1,97,100 ~ 1 Lacs+",Rs 0 ~
301,117,Mohammad Umar,https://www.myneta.info/uttarakhand2017/candidate.php?candidate_id=117,JASPUR,BSP,0,Literate,"Rs 5,24,815 ~ 5 Lacs+","Rs 10,73,695 ~ 10 Lacs+"
302,263,Mohan Lal Kaniyal,https://www.myneta.info/uttarakhand2017/candidate.php?candidate_id=263,THARALI (SC),BSP,0,Graduate,"Rs 7,65,000 ~ 7 Lacs+",Rs 0 ~
303,515,Mohan Prasad Kala,https://www.myneta.info/uttarakhand2017/candidate.php?candidate_id=515,SRINAGAR,IND,0,Others,"Rs 75,79,26,000 ~ 75 Crore+","Rs 2,98,00,000 ~ 2 Crore+"
304,184,Mohan Singh,https://www.myneta.info/uttarakhand2017/candidate.php?candidate_id=184,PRATAPNAGAR,IND,0,8th Pass,"Rs 32,81,000 ~ 32 Lacs+",Rs 0 ~
305,258,Mohan Singh Negi,https://www.myneta.info/uttarakhand2017/candidate.php?candidate_id=258,KARNPRAYAG,IND,0,Graduate,"Rs 3,21,264 ~ 3 Lacs+",Rs 0 ~
306,114,Mohd Asharaf Siddiqui,https://www.myneta.info/uttarakhand2017/candidate.php?candidate_id=114,KASHIPUR,BSP,0,Graduate Professional,https://myneta.info/image_v2.php?myneta_folder=uttarakhand2017&candidate_id=114&col=ta,https://myneta.info/image_v2.php?myneta_folder=uttarakhand2017&candidate_id=114&col=lia
307,612,Mohd Habeeb,https://www.myneta.info/uttarakhand2017/candidate.php?candidate_id=612,ALMORA,IND,0,10th Pass,"Rs 13,61,000 ~ 13 Lacs+","Rs 5,00,000 ~ 5 Lacs+"
308,667,Mohd. Anas,https://www.myneta.info/uttarakhand2017/candidate.php?candidate_id=667,KASHIPUR,RLD,0,10th Pass,"Rs 3,95,021 ~ 3 Lacs+",Rs 0 ~
309,419,Mohd. Arshad	,https://www.myneta.info/uttarakhand2017/candidate.php?candidate_id=419,KHANPUR,IND,0,12th Pass,"Rs 21,000 ~ 21 Thou+",Rs 0 ~
310,692,Mohd. Jalees,https://www.myneta.info/uttarakhand2017/candidate.php?candidate_id=692,KICHHA,IND,0,Illiterate,"Rs 58,94,000 ~ 58 Lacs+","Rs 25,40,000 ~ 25 Lacs+"
311,344,Mohit Kumar	,https://www.myneta.info/uttarakhand2017/candidate.php?candidate_id=344,RISHIKESH,IND,0,Post Graduate,"Rs 23,87,07,359 ~ 23 Crore+","Rs 10,10,804 ~ 10 Lacs+"
312,448,Moti Lal Maurya	,https://www.myneta.info/uttarakhand2017/candidate.php?candidate_id=448,PIRANKALIYAR,IND,0,Graduate,"Rs 1,05,57,000 ~ 1 Crore+",Rs 0 ~
313,376,Mr. Adesh	,https://www.myneta.info/uttarakhand2017/candidate.php?candidate_id=376,HARIDWAR,UKD,0,Graduate,"Rs 7,08,556 ~ 7 Lacs+",Rs 0 ~
314,375,Mr. Adesh Kumar	,https://www.myneta.info/uttarakhand2017/candidate.php?candidate_id=375,HARIDWAR,AARAKSHAN VIRODHI PARTY,0,Graduate Professional,"Rs 2,27,08,742 ~ 2 Crore+","Rs 3,00,000 ~ 3 Lacs+"
315,373,Mr. Brahm Swaroop Brahmchari ,https://www.myneta.info/uttarakhand2017/candidate.php?candidate_id=373,HARIDWAR,INC,0,Post Graduate,https://myneta.info/image_v2.php?myneta_folder=uttarakhand2017&candidate_id=373&col=ta,https://myneta.info/image_v2.php?myneta_folder=uttarakhand2017&candidate_id=373&col=lia
316,374,Mr. Madan Kaushik	,https://www.myneta.info/uttarakhand2017/candidate.php?candidate_id=374,HARIDWAR,BJP,2,Graduate,"Rs 2,45,01,689 ~ 2 Crore+","Rs 14,62,237 ~ 14 Lacs+"
317,370,Mr. Manoj Kumar Sharma	,https://www.myneta.info/uttarakhand2017/candidate.php?candidate_id=370,HARIDWAR,IND,0,Post Graduate,"Rs 24,900 ~ 24 Thou+",Rs 0 ~
318,378,Mr. Rajkumar Aggarwal	,https://www.myneta.info/uttarakhand2017/candidate.php?candidate_id=378,HARIDWAR,IND,0,8th Pass,"Rs 2,90,000 ~ 2 Lacs+",Rs 0 ~
319,380,Mr. Ravish Bhatija	,https://www.myneta.info/uttarakhand2017/candidate.php?candidate_id=380,HARIDWAR,IND,2,12th Pass,"Rs 58,58,176 ~ 58 Lacs+","Rs 10,00,000 ~ 10 Lacs+"
320,371,Mrs. Anju Mittal	,https://www.myneta.info/uttarakhand2017/candidate.php?candidate_id=371,HARIDWAR,BSP,0,Post Graduate,"Rs 1,46,81,238 ~ 1 Crore+",Rs 0 ~
321,379,Mrs. Vijay Laxmi	,https://www.myneta.info/uttarakhand2017/candidate.php?candidate_id=379,HARIDWAR,IND,0,Graduate Professional,"Rs 5,32,000 ~ 5 Lacs+",Rs 0 ~
322,384,Mukarram	,https://www.myneta.info/uttarakhand2017/candidate.php?candidate_id=384,HARIDWAR RURAL,BSP,1,12th Pass,"Rs 84,76,896 ~ 84 Lacs+",Rs 0 ~
323,252,Mukesh Lal Koshwal,https://www.myneta.info/uttarakhand2017/candidate.php?candidate_id=252,BADRINATH,BSP,0,Literate,"Rs 8,60,000 ~ 8 Lacs+",Rs 0 ~
324,502,Mukesh Singh Koli,https://www.myneta.info/uttarakhand2017/candidate.php?candidate_id=502,PAURI (SC),BJP,0,12th Pass,https://myneta.info/image_v2.php?myneta_folder=uttarakhand2017&candidate_id=502&col=ta,https://myneta.info/image_v2.php?myneta_folder=uttarakhand2017&candidate_id=502&col=lia
325,403,Mulki Raj	,https://www.myneta.info/uttarakhand2017/candidate.php?candidate_id=403,JWALAPUR (SC),BSP,1,12th Pass,"Rs 44,16,040 ~ 44 Lacs+",Rs 0 ~
326,215,Munna Singh Chauhan,https://www.myneta.info/uttarakhand2017/candidate.php?candidate_id=215,VIKASNAGAR,BJP,0,Post Graduate,"Rs 2,43,38,475 ~ 2 Crore+","Rs 61,38,799 ~ 61 Lacs+"
327,181,Murari Lal Khandwal,https://www.myneta.info/uttarakhand2017/candidate.php?candidate_id=181,PRATAPNAGAR,IND,0,Post Graduate,"Rs 4,84,000 ~ 4 Lacs+",Rs 0 ~
328,388,Mustafa,https://www.myneta.info/uttarakhand2017/candidate.php?candidate_id=388,HARIDWAR RURAL,IND,0,Literate,"Rs 28,01,096 ~ 28 Lacs+",Rs 0 ~
329,314,Nagender Singh Kulhan,https://www.myneta.info/uttarakhand2017/candidate.php?candidate_id=314,RAIPUR,IND,0,8th Pass,"Rs 3,20,000 ~ 3 Lacs+",Rs 0 ~
330,385,Nagendra Singh	,https://www.myneta.info/uttarakhand2017/candidate.php?candidate_id=385,HARIDWAR RURAL,IND,0,Post Graduate,"Rs 9,92,462 ~ 9 Lacs+",Rs 0 ~
331,595,Nandan Giri,https://www.myneta.info/uttarakhand2017/candidate.php?candidate_id=595,DWARAHAT,IND,0,8th Pass,"Rs 13,72,000 ~ 13 Lacs+",Rs 0 ~
332,469,Nandan Singh Rawat	,https://www.myneta.info/uttarakhand2017/candidate.php?candidate_id=469,CHAUBATTAKHAL,IND,0,12th Pass,"Rs 1,12,43,060 ~ 1 Crore+",Rs 0 ~
333,73,Narayan Ram,https://www.myneta.info/uttarakhand2017/candidate.php?candidate_id=73,GANGOLIHAT(SC),INC,0,Post Graduate,https://myneta.info/image_v2.php?myneta_folder=uttarakhand2017&candidate_id=73&col=ta,https://myneta.info/image_v2.php?myneta_folder=uttarakhand2017&candidate_id=73&col=lia
334,560,Narayan Singh,https://www.myneta.info/uttarakhand2017/candidate.php?candidate_id=560,SULT,UTTARAKHAND PARIVARTAN PARTY,0,12th Pass,"Rs 7,14,500 ~ 7 Lacs+","Rs 5,00,000 ~ 5 Lacs+"
335,19,Narayan Singh,https://www.myneta.info/uttarakhand2017/candidate.php?candidate_id=19,DHANOLTI,BJP,0,12th Pass,"Rs 10,46,23,049 ~ 10 Crore+",Rs 0 ~
336,432,Narendra	,https://www.myneta.info/uttarakhand2017/candidate.php?candidate_id=432,LAKSAR,SP,0,12th Pass,"Rs 71,87,000 ~ 71 Lacs+",Rs 0 ~
337,194,Narendra Chand Ramola,https://www.myneta.info/uttarakhand2017/candidate.php?candidate_id=194,TEHRI,INC,0,Graduate,"Rs 98,90,000 ~ 98 Lacs+","Rs 11,50,000 ~ 11 Lacs+"
338,463,Narendra Singh	,https://www.myneta.info/uttarakhand2017/candidate.php?candidate_id=463,ROORKEE,IND,0,Graduate,"Rs 2,95,000 ~ 2 Lacs+",Rs 0 ~
339,21,Nav Prabhat,https://www.myneta.info/uttarakhand2017/candidate.php?candidate_id=21,VIKASNAGAR,INC,0,Graduate Professional,"Rs 9,73,20,060 ~ 9 Crore+","Rs 10,86,323 ~ 10 Lacs+"
340,509,Naval Kishor,https://www.myneta.info/uttarakhand2017/candidate.php?candidate_id=509,PAURI (SC),INC,0,12th Pass,"Rs 31,11,753 ~ 31 Lacs+","Rs 10,76,807 ~ 10 Lacs+"
341,582,Naveen Chandra,https://www.myneta.info/uttarakhand2017/candidate.php?candidate_id=582,BHIMTAL,UKD,0,Post Graduate,"Rs 29,91,723 ~ 29 Lacs+","Rs 6,00,000 ~ 6 Lacs+"
342,149,Naveen Chandra Dumka,https://www.myneta.info/uttarakhand2017/candidate.php?candidate_id=149,LALKUWA,BJP,1,Graduate,https://myneta.info/image_v2.php?myneta_folder=uttarakhand2017&candidate_id=149&col=ta,https://myneta.info/image_v2.php?myneta_folder=uttarakhand2017&candidate_id=149&col=lia
343,357,Naveen Kaushik	,https://www.myneta.info/uttarakhand2017/candidate.php?candidate_id=357,B.H.E.L. RANIPUR,SP,2,Others,"Rs 1,52,66,000 ~ 1 Crore+","Rs 94,00,000 ~ 94 Lacs+"
344,512,Naveen Prakash Nautiyal,https://www.myneta.info/uttarakhand2017/candidate.php?candidate_id=512,SRINAGAR,IND,0,Doctorate,"Rs 83,589 ~ 83 Thou+",Rs 0 ~
345,89,Navtej Pal Singh,https://www.myneta.info/uttarakhand2017/candidate.php?candidate_id=89,SITARGANJ,BSP,1,Graduate,"Rs 1,86,52,527 ~ 1 Crore+","Rs 21,86,227 ~ 21 Lacs+"
346,453,Netra Pal	,https://www.myneta.info/uttarakhand2017/candidate.php?candidate_id=453,PIRANKALIYAR,IND,0,12th Pass,"Rs 6,90,000 ~ 6 Lacs+",Rs 0 ~
347,426,Nidhi Singh	,https://www.myneta.info/uttarakhand2017/candidate.php?candidate_id=426,LAKSAR,IND,0,Graduate Professional,"Rs 8,50,000 ~ 8 Lacs+",Rs 0 ~
348,644,Niraj Singhal,https://www.myneta.info/uttarakhand2017/candidate.php?candidate_id=644,DHARAMPUR,IND,0,Post Graduate,"Rs 2,25,000 ~ 2 Lacs+",Rs 0 ~
349,317,Nirmala Bisht,https://www.myneta.info/uttarakhand2017/candidate.php?candidate_id=317,RAIPUR,IND,2,10th Pass,"Rs 57,06,353 ~ 57 Lacs+",Rs 0 ~
350,450,Nitin	,https://www.myneta.info/uttarakhand2017/candidate.php?candidate_id=450,PIRANKALIYAR,UKD,0,Graduate,"Rs 41,000 ~ 41 Thou+",Rs 0 ~
351,239,Noor Hassan,https://www.myneta.info/uttarakhand2017/candidate.php?candidate_id=239,DHARAMPUR,IND,0,5th Pass,https://myneta.info/image_v2.php?myneta_folder=uttarakhand2017&candidate_id=239&col=ta,https://myneta.info/image_v2.php?myneta_folder=uttarakhand2017&candidate_id=239&col=lia
352,174,Om Gopal,https://www.myneta.info/uttarakhand2017/candidate.php?candidate_id=174,NARENDRANAGAR,IND,1,12th Pass,"Rs 10,20,487 ~ 10 Lacs+","Rs 3,75,000 ~ 3 Lacs+"
353,224,Omprakash Sharma,https://www.myneta.info/uttarakhand2017/candidate.php?candidate_id=224,SAHASPUR,IND,0,10th Pass,"Rs 3,10,000 ~ 3 Lacs+",Rs 0 ~
354,259,Padam Singh,https://www.myneta.info/uttarakhand2017/candidate.php?candidate_id=259,KARNPRAYAG,IND,0,10th Pass,"Rs 24,40,000 ~ 24 Lacs+",Rs 0 ~
355,411,Pallavi Kukreti	,https://www.myneta.info/uttarakhand2017/candidate.php?candidate_id=411,KHANPUR,Sainik Samaj Party,0,Graduate Professional,"Rs 1,81,500 ~ 1 Lacs+",Rs 0 ~
356,346,Pankaj Kumar	,https://www.myneta.info/uttarakhand2017/candidate.php?candidate_id=346,B.H.E.L. RANIPUR,IND,2,Post Graduate,"Rs 33,000 ~ 33 Thou+",Rs 0 ~
357,14,Pankaj Vyas,https://www.myneta.info/uttarakhand2017/candidate.php?candidate_id=14,PRATAPNAGAR,UKD,0,12th Pass,"Rs 23,45,000 ~ 23 Lacs+","Rs 7,50,000 ~ 7 Lacs+"
358,104,Paramjeet Kaur,https://www.myneta.info/uttarakhand2017/candidate.php?candidate_id=104,GADARPUR,IND,0,8th Pass,"Rs 65,000 ~ 65 Thou+",Rs 0 ~
359,414,Pehal Singh	,https://www.myneta.info/uttarakhand2017/candidate.php?candidate_id=414,KHANPUR,IND,0,10th Pass,"Rs 1,22,208 ~ 1 Lacs+",Rs 0 ~
360,11,Pingal Dass,https://www.myneta.info/uttarakhand2017/candidate.php?candidate_id=11,GHANSHALI(SC),BSP,0,Post Graduate,https://myneta.info/image_v2.php?myneta_folder=uttarakhand2017&candidate_id=11&col=ta,https://myneta.info/image_v2.php?myneta_folder=uttarakhand2017&candidate_id=11&col=lia
361,347,Pitambar Dutt Baluni,https://www.myneta.info/uttarakhand2017/candidate.php?candidate_id=347,B.H.E.L. RANIPUR,CPI(M),0,Post Graduate,"Rs 1,74,24,000 ~ 1 Crore+",Rs 0 ~
362,480,Poonam Kaintura	,https://www.myneta.info/uttarakhand2017/candidate.php?candidate_id=480,CHAUBATTAKHAL,Prajamandal Party,0,Post Graduate,"Rs 1,45,000 ~ 1 Lacs+",Rs 0 ~
363,118,Prabhat Dhyani (prabhat Kumar Dhyani),https://www.myneta.info/uttarakhand2017/candidate.php?candidate_id=118,RAMNAGAR,UTTARAKHAND PARIVARTAN PARTY,3,Post Graduate,"Rs 9,90,000 ~ 9 Lacs+","Rs 15,53,000 ~ 15 Lacs+"
364,313,Prabhu Lal Bahuguna,https://www.myneta.info/uttarakhand2017/candidate.php?candidate_id=313,RAIPUR,INC,1,12th Pass,"Rs 2,71,09,481 ~ 2 Crore+","Rs 6,00,000 ~ 6 Lacs+"
365,457,Pradeep Batra	,https://www.myneta.info/uttarakhand2017/candidate.php?candidate_id=457,ROORKEE,BJP,4,Post Graduate,"Rs 3,81,20,898 ~ 3 Crore+","Rs 82,26,027 ~ 82 Lacs+"
366,570,Pradeep Kumar Arya,https://www.myneta.info/uttarakhand2017/candidate.php?candidate_id=570,SOMESHWAR(SC),IND,0,Post Graduate,"Rs 26,700 ~ 26 Thou+",Rs 0 ~
367,719,Pradeep Prasad Thapliyal,https://www.myneta.info/uttarakhand2017/candidate.php?candidate_id=719,RUDRAPRAYAG,IND,0,Post Graduate,"Rs 3,77,98,566 ~ 3 Crore+","Rs 45,50,530 ~ 45 Lacs+"
368,67,Pradeep Singh Pal,https://www.myneta.info/uttarakhand2017/candidate.php?candidate_id=67,DIDIHAT,INC,0,10th Pass,"Rs 1,39,14,621 ~ 1 Crore+","Rs 1,92,404 ~ 1 Lacs+"
369,28,Prakash Chand Ramola,https://www.myneta.info/uttarakhand2017/candidate.php?candidate_id=28,YAMUNOTRI,IND,0,Post Graduate,https://myneta.info/image_v2.php?myneta_folder=uttarakhand2017&candidate_id=28&col=ta,https://myneta.info/image_v2.php?myneta_folder=uttarakhand2017&candidate_id=28&col=lia
370,604,Prakash Chandra Bhatt,https://www.myneta.info/uttarakhand2017/candidate.php?candidate_id=604,ALMORA,IND,0,Post Graduate,"Rs 30,29,797 ~ 30 Lacs+","Rs 70,000 ~ 70 Thou+"
371,657,Prakash Chandra Tiwari,https://www.myneta.info/uttarakhand2017/candidate.php?candidate_id=657,DOIWALA,IND,0,Graduate Professional,"Rs 75,83,700 ~ 75 Lacs+","Rs 50,000 ~ 50 Thou+"
372,227,Prakash Joshi,https://www.myneta.info/uttarakhand2017/candidate.php?candidate_id=227,SAHASPUR,IND,0,12th Pass,"Rs 81,00,000 ~ 81 Lacs+",Rs 0 ~
373,613,Prakash Joshi,https://www.myneta.info/uttarakhand2017/candidate.php?candidate_id=613,KALADHUNGI,INC,0,Graduate,"Rs 1,03,29,726 ~ 1 Crore+","Rs 61,32,190 ~ 61 Lacs+"
374,62,Prakash Pant,https://www.myneta.info/uttarakhand2017/candidate.php?candidate_id=62,PITHORAGARH,BJP,0,Graduate,"Rs 1,28,58,826 ~ 1 Crore+","Rs 53,46,326 ~ 53 Lacs+"
375,156,Prakash Singh,https://www.myneta.info/uttarakhand2017/candidate.php?candidate_id=156,LOHAGHAT,IND,0,8th Pass,"Rs 66,01,000 ~ 66 Lacs+","Rs 40,000 ~ 40 Thou+"
376,575,Pramod Nainawal,https://www.myneta.info/uttarakhand2017/candidate.php?candidate_id=575,RANIKHET,IND,0,Doctorate,"Rs 51,38,170 ~ 51 Lacs+","Rs 52,82,433 ~ 52 Lacs+"
377,521,Prashant Badoni,https://www.myneta.info/uttarakhand2017/candidate.php?candidate_id=521,YAMKESHWAR,IND,0,Post Graduate,"Rs 45,42,822 ~ 45 Lacs+",Rs 0 ~
378,348,Prashant Rai ,https://www.myneta.info/uttarakhand2017/candidate.php?candidate_id=348,B.H.E.L. RANIPUR,BSP,0,12th Pass,https://myneta.info/image_v2.php?myneta_folder=uttarakhand2017&candidate_id=348&col=ta,https://myneta.info/image_v2.php?myneta_folder=uttarakhand2017&candidate_id=348&col=lia
379,574,Pratap Singh Shahi,https://www.myneta.info/uttarakhand2017/candidate.php?candidate_id=574,RANIKHET,UKD,0,Graduate,"Rs 14,20,000 ~ 14 Lacs+",Rs 0 ~
380,197,Prem Dutt,https://www.myneta.info/uttarakhand2017/candidate.php?candidate_id=197,DHANOLTI,Indian Business Party,0,Graduate,"Rs 24,20,000 ~ 24 Lacs+",Rs 0 ~
381,53,Prem Lal,https://www.myneta.info/uttarakhand2017/candidate.php?candidate_id=53,GHANSHALI(SC),IND,0,10th Pass,"Rs 15,10,500 ~ 15 Lacs+",Rs 0 ~
382,362,Prem Singh	,https://www.myneta.info/uttarakhand2017/candidate.php?candidate_id=362,BHAGWANPUR(SC),IND,0,Graduate,"Rs 34,65,000 ~ 34 Lacs+","Rs 10,00,000 ~ 10 Lacs+"
383,86,Prem Singh,https://www.myneta.info/uttarakhand2017/candidate.php?candidate_id=86,NANAK MATTA(ST),BJP,0,Doctorate,"Rs 17,03,515 ~ 17 Lacs+","Rs 3,24,640 ~ 3 Lacs+"
384,478,Prem Sundriyal	,https://www.myneta.info/uttarakhand2017/candidate.php?candidate_id=478,CHAUBATTAKHAL,UTTARAKHAND PARIVARTAN PARTY,0,10th Pass,"Rs 27,88,500 ~ 27 Lacs+",Rs 0 ~
385,336,Premchand Aggarwal	,https://www.myneta.info/uttarakhand2017/candidate.php?candidate_id=336,RISHIKESH,BJP,2,Post Graduate,"Rs 3,24,06,964 ~ 3 Crore+","Rs 7,32,509 ~ 7 Lacs+"
386,368,Prempati	,https://www.myneta.info/uttarakhand2017/candidate.php?candidate_id=368,BHAGWANPUR(SC),SP,0,8th Pass,"Rs 4,13,768 ~ 4 Lacs+",Rs 0 ~
387,20,Pritam Singh,https://www.myneta.info/uttarakhand2017/candidate.php?candidate_id=20,CHAKRATA(ST),INC,1,Graduate Professional,https://myneta.info/image_v2.php?myneta_folder=uttarakhand2017&candidate_id=20&col=ta,https://myneta.info/image_v2.php?myneta_folder=uttarakhand2017&candidate_id=20&col=lia
388,290,Pritam Singh,https://www.myneta.info/uttarakhand2017/candidate.php?candidate_id=290,DHARAMPUR,IND,0,Graduate,"Rs 44,20,962 ~ 44 Lacs+","Rs 4,14,000 ~ 4 Lacs+"
389,200,Pritam Singh Panwar,https://www.myneta.info/uttarakhand2017/candidate.php?candidate_id=200,DHANOLTI,IND,0,Graduate,"Rs 2,17,68,262 ~ 2 Crore+","Rs 34,34,265 ~ 34 Lacs+"
390,568,Puran Chandra,https://www.myneta.info/uttarakhand2017/candidate.php?candidate_id=568,SOMESHWAR(SC),IND,0,Graduate Professional,"Rs 3,80,000 ~ 3 Lacs+",Rs 0 ~
391,154,Puran Singh Fartyal,https://www.myneta.info/uttarakhand2017/candidate.php?candidate_id=154,LOHAGHAT,BJP,3,10th Pass,"Rs 1,46,39,384 ~ 1 Crore+","Rs 59,82,760 ~ 59 Lacs+"
392,158,Purshottam,https://www.myneta.info/uttarakhand2017/candidate.php?candidate_id=158,YAMUNOTRI,UKD,0,Post Graduate,"Rs 6,25,500 ~ 6 Lacs+",Rs 0 ~
393,144,Purushottam Sharma,https://www.myneta.info/uttarakhand2017/candidate.php?candidate_id=144,LALKUWA,CPI(ML)(L),1,Literate,"Rs 6,40,037 ~ 6 Lacs+",Rs 0 ~
394,82,Pushkar Singh Dhami,https://www.myneta.info/uttarakhand2017/candidate.php?candidate_id=82,KHATIMA,BJP,0,Graduate Professional,"Rs 49,15,197 ~ 49 Lacs+","Rs 2,07,920 ~ 2 Lacs+"
395,589,Pushpesh Tripathi,https://www.myneta.info/uttarakhand2017/candidate.php?candidate_id=589,DWARAHAT,UKD,0,Post Graduate,"Rs 22,88,707 ~ 22 Lacs+",Rs 0 ~
396,442,Qazi Mohd Nizamuddin ,https://www.myneta.info/uttarakhand2017/candidate.php?candidate_id=442,MANGLORE,INC,0,Graduate,https://myneta.info/image_v2.php?myneta_folder=uttarakhand2017&candidate_id=442&col=ta,https://myneta.info/image_v2.php?myneta_folder=uttarakhand2017&candidate_id=442&col=lia
397,264,Radhaballabh,https://www.myneta.info/uttarakhand2017/candidate.php?candidate_id=264,THARALI (SC),Prajamandal Party,0,Graduate,"Rs 20,68,000 ~ 20 Lacs+","Rs 8,00,000 ~ 8 Lacs+"
398,173,Raghonandan Prasad Pandey,https://www.myneta.info/uttarakhand2017/candidate.php?candidate_id=173,DEOPRAYAG,SHS,0,10th Pass,"Rs 2,70,700 ~ 2 Lacs+",Rs 0 ~
399,602,Raghunath Singh Chauhan,https://www.myneta.info/uttarakhand2017/candidate.php?candidate_id=602,ALMORA,BJP,0,Graduate,"Rs 1,53,90,378 ~ 1 Crore+",Rs 0 ~
400,535,Raghuvar Ram,https://www.myneta.info/uttarakhand2017/candidate.php?candidate_id=535,PITHORAGARH,BSP,0,Graduate,"Rs 21,88,500 ~ 21 Lacs+",Rs 0 ~
401,698,Raghuvir,https://www.myneta.info/uttarakhand2017/candidate.php?candidate_id=698,SITARGANJ,Bharatiya Subhash Sena,0,Literate,"Rs 5,48,000 ~ 5 Lacs+",Rs 0 ~
402,328,Raj Kumar	,https://www.myneta.info/uttarakhand2017/candidate.php?candidate_id=328,RAJPUR ROAD(SC),INC,0,12th Pass,"Rs 1,01,75,246 ~ 1 Crore+","Rs 13,39,345 ~ 13 Lacs+"
403,246,Raj Kumar,https://www.myneta.info/uttarakhand2017/candidate.php?candidate_id=246,PUROLA(SC),INC,1,Graduate Professional,"Rs 2,39,83,692 ~ 2 Crore+","Rs 2,66,122 ~ 2 Lacs+"
404,651,Rajani Rawat,https://www.myneta.info/uttarakhand2017/candidate.php?candidate_id=651,DHARAMPUR,IND,1,Literate,"Rs 3,60,65,299 ~ 3 Crore+",Rs 0 ~
405,27,Rajbahadur Singh Baudh,https://www.myneta.info/uttarakhand2017/candidate.php?candidate_id=27,YAMUNOTRI,BSP,0,10th Pass,https://myneta.info/image_v2.php?myneta_folder=uttarakhand2017&candidate_id=27&col=ta,https://myneta.info/image_v2.php?myneta_folder=uttarakhand2017&candidate_id=27&col=lia
406,119,Rajeev Agarwal,https://www.myneta.info/uttarakhand2017/candidate.php?candidate_id=119,RAMNAGAR,BSP,0,Graduate,"Rs 23,38,34,535 ~ 23 Crore+","Rs 5,10,88,000 ~ 5 Crore+"
407,212,Rajeev Kumar,https://www.myneta.info/uttarakhand2017/candidate.php?candidate_id=212,VIKASNAGAR,IND,0,10th Pass,"Rs 49,08,870 ~ 49 Lacs+",Rs 0 ~
408,110,Rajeev Kumar Agarwal,https://www.myneta.info/uttarakhand2017/candidate.php?candidate_id=110,KASHIPUR,IND,1,Graduate,"Rs 2,84,80,260 ~ 2 Crore+","Rs 12,50,000 ~ 12 Lacs+"
409,146,Rajeev Mohan,https://www.myneta.info/uttarakhand2017/candidate.php?candidate_id=146,LALKUWA,BSP,0,Post Graduate,"Rs 86,15,288 ~ 86 Lacs+","Rs 22,50,032 ~ 22 Lacs+"
410,620,Rajender Singh Bisht,https://www.myneta.info/uttarakhand2017/candidate.php?candidate_id=620,LALKUWA,IND,0,8th Pass,"Rs 2,25,000 ~ 2 Lacs+","Rs 50,000 ~ 50 Thou+"
411,566,Rajendra Lal,https://www.myneta.info/uttarakhand2017/candidate.php?candidate_id=566,SOMESHWAR(SC),INC,0,10th Pass,"Rs 46,41,431 ~ 46 Lacs+","Rs 10,35,999 ~ 10 Lacs+"
412,680,Rajendra Pal Singh,https://www.myneta.info/uttarakhand2017/candidate.php?candidate_id=680,GADARPUR,INC,0,Graduate,"Rs 8,10,73,412 ~ 8 Crore+","Rs 16,00,000 ~ 16 Lacs+"
413,339,Rajendra Prasad Gairola,https://www.myneta.info/uttarakhand2017/candidate.php?candidate_id=339,RISHIKESH,UKD,0,10th Pass,"Rs 24,24,000 ~ 24 Lacs+","Rs 4,00,000 ~ 4 Lacs+"
414,633,Rajendra Prasad Gairolla,https://www.myneta.info/uttarakhand2017/candidate.php?candidate_id=633,RAIPUR,Rashtriya Uttarakhand Party,0,12th Pass,https://myneta.info/image_v2.php?myneta_folder=uttarakhand2017&candidate_id=633&col=ta,https://myneta.info/image_v2.php?myneta_folder=uttarakhand2017&candidate_id=633&col=lia
415,157,Rajendra Singh,https://www.myneta.info/uttarakhand2017/candidate.php?candidate_id=157,LOHAGHAT,IND,0,10th Pass,Rs 500 ~ 5 Hund+,Rs 0 ~
416,160,Rajendra Singh,https://www.myneta.info/uttarakhand2017/candidate.php?candidate_id=160,BADRINATH,INC,1,Post Graduate,"Rs 84,58,838 ~ 84 Lacs+","Rs 16,61,458 ~ 16 Lacs+"
417,94,Rajesh Pratap Singh,https://www.myneta.info/uttarakhand2017/candidate.php?candidate_id=94,KICHHA,BSP,0,Post Graduate,"Rs 92,36,775 ~ 92 Lacs+",Rs 0 ~
418,96,Rajesh Shukla,https://www.myneta.info/uttarakhand2017/candidate.php?candidate_id=96,KICHHA,BJP,0,Graduate,"Rs 25,97,86,332 ~ 25 Crore+","Rs 37,83,823 ~ 37 Lacs+"
419,186,Rajeshwar Prasad Painuly,https://www.myneta.info/uttarakhand2017/candidate.php?candidate_id=186,PRATAPNAGAR,Indian Business Party,0,Graduate Professional,"Rs 1,20,98,675 ~ 1 Crore+","Rs 2,98,000 ~ 2 Lacs+"
420,325,Rajkumar,https://www.myneta.info/uttarakhand2017/candidate.php?candidate_id=325,RAIPUR,UTTARAKHAND PARIVARTAN PARTY,1,Post Graduate,"Rs 40,46,500 ~ 40 Lacs+","Rs 80,000 ~ 80 Thou+"
421,302,Rajkumar Jaiswal,https://www.myneta.info/uttarakhand2017/candidate.php?candidate_id=302,MUSSOORIE,IND,1,Post Graduate,"Rs 1,17,00,000 ~ 1 Crore+","Rs 15,00,000 ~ 15 Lacs+"
422,688,Rajkumar Thukral,https://www.myneta.info/uttarakhand2017/candidate.php?candidate_id=688,RUDRAPUR,BJP,1,Post Graduate,"Rs 66,08,183 ~ 66 Lacs+","Rs 82,873 ~ 82 Thou+"
423,324,Rajni Rawat,https://www.myneta.info/uttarakhand2017/candidate.php?candidate_id=324,RAIPUR,IND,1,Literate,https://myneta.info/image_v2.php?myneta_folder=uttarakhand2017&candidate_id=324&col=ta,https://myneta.info/image_v2.php?myneta_folder=uttarakhand2017&candidate_id=324&col=lia
424,39,Rajpal Kanyal,https://www.myneta.info/uttarakhand2017/candidate.php?candidate_id=39,THARALI (SC),CPI(M),0,10th Pass,"Rs 9,51,315 ~ 9 Lacs+","Rs 2,90,000 ~ 2 Lacs+"
425,391,Rajpal Singh	,https://www.myneta.info/uttarakhand2017/candidate.php?candidate_id=391,JHABRERA (SC),INC,0,8th Pass,"Rs 1,67,89,350 ~ 1 Crore+",Rs 0 ~
426,475,Rajpal Singh Bisht	,https://www.myneta.info/uttarakhand2017/candidate.php?candidate_id=475,CHAUBATTAKHAL,INC,0,Post Graduate,"Rs 13,29,420 ~ 13 Lacs+",Rs 0 ~
427,337,Rajpal Singh Kharola	,https://www.myneta.info/uttarakhand2017/candidate.php?candidate_id=337,RISHIKESH,INC,1,Post Graduate,"Rs 1,06,59,757 ~ 1 Crore+","Rs 28,17,172 ~ 28 Lacs+"
428,13,Raju Maurya,https://www.myneta.info/uttarakhand2017/candidate.php?candidate_id=13,DEOPRAYAG,UKD,0,Graduate,"Rs 1,51,38,974 ~ 1 Crore+","Rs 20,55,000 ~ 20 Lacs+"
429,421,Rajveer	,https://www.myneta.info/uttarakhand2017/candidate.php?candidate_id=421,KHANPUR,IND,0,10th Pass,"Rs 13,02,000 ~ 13 Lacs+",Rs 0 ~
430,34,Rajveer Singh Parmar,https://www.myneta.info/uttarakhand2017/candidate.php?candidate_id=34,GANGOTRI,Rashtriya Jan Sahay Dal,0,12th Pass,"Rs 95,38,500 ~ 95 Lacs+",Rs 0 ~
431,320,Rakesh Barthwal,https://www.myneta.info/uttarakhand2017/candidate.php?candidate_id=320,RAIPUR,IND,0,Graduate,"Rs 10,04,300 ~ 10 Lacs+",Rs 0 ~
432,659,Rakesh Kumar Agarwal,https://www.myneta.info/uttarakhand2017/candidate.php?candidate_id=659,JASPUR,IND,0,5th Pass,https://myneta.info/image_v2.php?myneta_folder=uttarakhand2017&candidate_id=659&col=ta,https://myneta.info/image_v2.php?myneta_folder=uttarakhand2017&candidate_id=659&col=lia
433,203,Rakesh Semwal,https://www.myneta.info/uttarakhand2017/candidate.php?candidate_id=203,DHANOLTI,UKD,0,12th Pass,"Rs 51,05,000 ~ 51 Lacs+",Rs 0 ~
434,555,Rakesh Singh Bisht,https://www.myneta.info/uttarakhand2017/candidate.php?candidate_id=555,SULT,UKD,0,Graduate Professional,"Rs 1,06,000 ~ 1 Lacs+","Rs 50,000 ~ 50 Thou+"
435,340,Ram Krishana Tiwari	,https://www.myneta.info/uttarakhand2017/candidate.php?candidate_id=340,RISHIKESH,Sarv Vikas Party,0,8th Pass,"Rs 2,11,000 ~ 2 Lacs+",Rs 0 ~
436,367,Ram Kumar Rana	,https://www.myneta.info/uttarakhand2017/candidate.php?candidate_id=367,BHAGWANPUR(SC),BSP,0,Others,"Rs 2,54,33,906 ~ 2 Crore+","Rs 58,00,000 ~ 58 Lacs+"
437,247,Ram Lal,https://www.myneta.info/uttarakhand2017/candidate.php?candidate_id=247,PUROLA(SC),BSP,0,8th Pass,"Rs 2,23,500 ~ 2 Lacs+",Rs 0 ~
438,541,Ram Singh,https://www.myneta.info/uttarakhand2017/candidate.php?candidate_id=541,KAPKOTE,UKD,1,10th Pass,"Rs 2,22,800 ~ 2 Lacs+","Rs 10,00,000 ~ 10 Lacs+"
439,142,Ram Singh Kaira,https://www.myneta.info/uttarakhand2017/candidate.php?candidate_id=142,BHIMTAL,IND,1,Graduate,"Rs 63,22,780 ~ 63 Lacs+","Rs 2,93,546 ~ 2 Lacs+"
440,460,Ram Subhag Singh	,https://www.myneta.info/uttarakhand2017/candidate.php?candidate_id=460,ROORKEE,BSP,1,Graduate Professional,"Rs 2,63,95,200 ~ 2 Crore+","Rs 46,90,000 ~ 46 Lacs+"
441,648,Ram Sukh,https://www.myneta.info/uttarakhand2017/candidate.php?candidate_id=648,DHARAMPUR,IND,4,10th Pass,https://myneta.info/image_v2.php?myneta_folder=uttarakhand2017&candidate_id=648&col=ta,https://myneta.info/image_v2.php?myneta_folder=uttarakhand2017&candidate_id=648&col=lia
442,720,Ram Vachan Ram,https://www.myneta.info/uttarakhand2017/candidate.php?candidate_id=720,SAHASPUR,IND,0,12th Pass,"Rs 37,03,218 ~ 37 Lacs+","Rs 4,00,000 ~ 4 Lacs+"
443,108,Ramavtar,https://www.myneta.info/uttarakhand2017/candidate.php?candidate_id=108,BAJPUR(SC),BSP,0,10th Pass,"Rs 34,17,641 ~ 34 Lacs+",Rs 0 ~
444,482,Ramendra Singh Bhandari	,https://www.myneta.info/uttarakhand2017/candidate.php?candidate_id=482,CHAUBATTAKHAL,IND,0,Doctorate,"Rs 6,75,000 ~ 6 Lacs+","Rs 6,00,000 ~ 6 Lacs+"
445,534,Ramesh Bisht,https://www.myneta.info/uttarakhand2017/candidate.php?candidate_id=534,PITHORAGARH,SP,0,10th Pass,"Rs 10,31,817 ~ 10 Lacs+","Rs 35,000 ~ 35 Thou+"
446,507,Ramesh Chander,https://www.myneta.info/uttarakhand2017/candidate.php?candidate_id=507,PAURI (SC),BSP,0,5th Pass,"Rs 1,60,500 ~ 1 Lacs+","Rs 25,000 ~ 25 Thou+"
447,711,Ramesh Chander Rana,https://www.myneta.info/uttarakhand2017/candidate.php?candidate_id=711,KHATIMA,IND,0,10th Pass,"Rs 25,72,825 ~ 25 Lacs+",Rs 0 ~
448,713,Ramesh Kumar,https://www.myneta.info/uttarakhand2017/candidate.php?candidate_id=713,KHATIMA,IND,0,Graduate,"Rs 1,51,700 ~ 1 Lacs+","Rs 34,000 ~ 34 Thou+"
449,79,Ramesh Singh Rana,https://www.myneta.info/uttarakhand2017/candidate.php?candidate_id=79,KHATIMA,BSP,1,12th Pass,"Rs 48,46,810 ~ 48 Lacs+","Rs 24,00,000 ~ 24 Lacs+"
450,120,Ranjeet Singh Rawat,https://www.myneta.info/uttarakhand2017/candidate.php?candidate_id=120,RAMNAGAR,INC,0,10th Pass,https://myneta.info/image_v2.php?myneta_folder=uttarakhand2017&candidate_id=120&col=ta,https://myneta.info/image_v2.php?myneta_folder=uttarakhand2017&candidate_id=120&col=lia
451,249,Ranveer Singh,https://www.myneta.info/uttarakhand2017/candidate.php?candidate_id=249,YAMUNOTRI,IND,1,Post Graduate,"Rs 67,81,874 ~ 67 Lacs+",Rs 0 ~
452,451,Rao Sajid	,https://www.myneta.info/uttarakhand2017/candidate.php?candidate_id=451,PIRANKALIYAR,BSP,0,10th Pass,"Rs 1,94,97,890 ~ 1 Crore+",Rs 0 ~
453,243,Ratanlal Verma,https://www.myneta.info/uttarakhand2017/candidate.php?candidate_id=243,GANGOTRI,IND,0,12th Pass,"Rs 15,80,827 ~ 15 Lacs+",Rs 0 ~
454,428,Ratendra Tiwari	,https://www.myneta.info/uttarakhand2017/candidate.php?candidate_id=428,LAKSAR,IND,0,Graduate,"Rs 19,48,172 ~ 19 Lacs+","Rs 7,60,629 ~ 7 Lacs+"
455,418,Ravinder Singh	,https://www.myneta.info/uttarakhand2017/candidate.php?candidate_id=418,KHANPUR,IND,0,8th Pass,"Rs 2,65,78,000 ~ 2 Crore+","Rs 42,00,000 ~ 42 Lacs+"
456,399,Reeta	,https://www.myneta.info/uttarakhand2017/candidate.php?candidate_id=399,JHABRERA (SC),IND,0,8th Pass,"Rs 30,000 ~ 30 Thou+",Rs 0 ~
457,565,Rekha Arya,https://www.myneta.info/uttarakhand2017/candidate.php?candidate_id=565,SOMESHWAR(SC),BJP,0,Post Graduate,"Rs 12,78,13,693 ~ 12 Crore+","Rs 4,89,044 ~ 4 Lacs+"
458,605,Rekha Dhasmana,https://www.myneta.info/uttarakhand2017/candidate.php?candidate_id=605,ALMORA,UTTARAKHAND PARIVARTAN PARTY,0,12th Pass,"Rs 28,33,367 ~ 28 Lacs+",Rs 0 ~
459,485,Renu Agarwal ,https://www.myneta.info/uttarakhand2017/candidate.php?candidate_id=485,KOTDWAR,BSP,0,Post Graduate,https://myneta.info/image_v2.php?myneta_folder=uttarakhand2017&candidate_id=485&col=ta,https://myneta.info/image_v2.php?myneta_folder=uttarakhand2017&candidate_id=485&col=lia
460,523,Renu Bisht,https://www.myneta.info/uttarakhand2017/candidate.php?candidate_id=523,YAMKESHWAR,IND,0,Graduate,"Rs 67,10,790 ~ 67 Lacs+","Rs 2,00,000 ~ 2 Lacs+"
461,386,Renu Notiyal	,https://www.myneta.info/uttarakhand2017/candidate.php?candidate_id=386,HARIDWAR RURAL,IND,0,Graduate,"Rs 6,100 ~ 6 Thou+",Rs 0 ~
462,436,Rishipal Baliyan	,https://www.myneta.info/uttarakhand2017/candidate.php?candidate_id=436,MANGLORE,BJP,0,12th Pass,"Rs 2,40,63,443 ~ 2 Crore+","Rs 10,86,000 ~ 10 Lacs+"
463,422,Rishiram	,https://www.myneta.info/uttarakhand2017/candidate.php?candidate_id=422,KHANPUR,IND,0,Post Graduate,"Rs 16,70,870 ~ 16 Lacs+","Rs 4,29,453 ~ 4 Lacs+"
464,704,Rita Wati,https://www.myneta.info/uttarakhand2017/candidate.php?candidate_id=704,NANAK MATTA(ST),IND,0,Literate,"Rs 32,75,977 ~ 32 Lacs+","Rs 9,50,000 ~ 9 Lacs+"
465,518,Ritu Khanduri Bhushan,https://www.myneta.info/uttarakhand2017/candidate.php?candidate_id=518,YAMKESHWAR,BJP,0,Graduate,"Rs 3,38,52,717 ~ 3 Crore+","Rs 1,50,345 ~ 1 Lacs+"
466,409,Riyasat	,https://www.myneta.info/uttarakhand2017/candidate.php?candidate_id=409,KHANPUR,BSP,0,Others,"Rs 46,39,000 ~ 46 Lacs+",Rs 0 ~
467,316,Ruksar Mansuri,https://www.myneta.info/uttarakhand2017/candidate.php?candidate_id=316,RAIPUR,IND,0,10th Pass,"Rs 5,12,982 ~ 5 Lacs+","Rs 95,000 ~ 95 Thou+"
468,289,Rupendra Kumar Tomar,https://www.myneta.info/uttarakhand2017/candidate.php?candidate_id=289,DHARAMPUR,IND,0,5th Pass,https://myneta.info/image_v2.php?myneta_folder=uttarakhand2017&candidate_id=289&col=ta,https://myneta.info/image_v2.php?myneta_folder=uttarakhand2017&candidate_id=289&col=lia
469,219,Sahdev Singh Pundir,https://www.myneta.info/uttarakhand2017/candidate.php?candidate_id=219,SAHASPUR,BJP,3,Graduate,"Rs 1,90,25,009 ~ 1 Crore+",Rs 0 ~
470,238,Saleem Ahmed,https://www.myneta.info/uttarakhand2017/candidate.php?candidate_id=238,DHARAMPUR,BSP,0,10th Pass,"Rs 3,58,99,919 ~ 3 Crore+",Rs 0 ~
471,454,Sameer Alvi	,https://www.myneta.info/uttarakhand2017/candidate.php?candidate_id=454,PIRANKALIYAR,IND,0,Graduate,"Rs 2,30,000 ~ 2 Lacs+",Rs 0 ~
472,56,Sameer Raturi,https://www.myneta.info/uttarakhand2017/candidate.php?candidate_id=56,DEOPRAYAG,Prajamandal Party,4,Post Graduate,"Rs 31,38,826 ~ 31 Lacs+","Rs 15,80,766 ~ 15 Lacs+"
473,218,Sandeep Dubey,https://www.myneta.info/uttarakhand2017/candidate.php?candidate_id=218,VIKASNAGAR,IND,0,12th Pass,"Rs 3,000 ~ 3 Thou+",Rs 0 ~
474,335,Sandeep Gupta	,https://www.myneta.info/uttarakhand2017/candidate.php?candidate_id=335,RISHIKESH,IND,0,Post Graduate,"Rs 1,34,04,864 ~ 1 Crore+","Rs 43,79,968 ~ 43 Lacs+"
475,329,Sandeep Kumar Pal	,https://www.myneta.info/uttarakhand2017/candidate.php?candidate_id=329,RAJPUR ROAD(SC),UTTARAKHAND PARIVARTAN PARTY,0,Graduate,"Rs 75,000 ~ 75 Thou+",Rs 0 ~
476,26,Sanjay,https://www.myneta.info/uttarakhand2017/candidate.php?candidate_id=26,YAMUNOTRI,INC,0,12th Pass,"Rs 12,13,964 ~ 12 Lacs+","Rs 1,10,000 ~ 1 Lacs+"
477,662,Sanjay Dutt,https://www.myneta.info/uttarakhand2017/candidate.php?candidate_id=662,JASPUR,IND,0,Graduate,https://myneta.info/image_v2.php?myneta_folder=uttarakhand2017&candidate_id=662&col=ta,https://myneta.info/image_v2.php?myneta_folder=uttarakhand2017&candidate_id=662&col=lia
478,425,Sanjay Gupta	,https://www.myneta.info/uttarakhand2017/candidate.php?candidate_id=425,LAKSAR,BJP,0,Graduate,"Rs 2,86,74,148 ~ 2 Crore+",Rs 0 ~
479,355,Sanjay Kumar	,https://www.myneta.info/uttarakhand2017/candidate.php?candidate_id=355,B.H.E.L. RANIPUR,Bahujan Mukti Party,0,Graduate,"Rs 44,52,241 ~ 44 Lacs+","Rs 50,000 ~ 50 Thou+"
480,190,Sanjay Kumar Maithani,https://www.myneta.info/uttarakhand2017/candidate.php?candidate_id=190,TEHRI,IND,0,Graduate Professional,"Rs 41,00,000 ~ 41 Lacs+","Rs 15,00,000 ~ 15 Lacs+"
481,305,Sanjay Kundaliya	,https://www.myneta.info/uttarakhand2017/candidate.php?candidate_id=305,MUSSOORIE,IND,0,Graduate Professional,"Rs 4,07,97,955 ~ 4 Crore+","Rs 81,89,848 ~ 81 Lacs+"
482,100,Sanjay Sahni,https://www.myneta.info/uttarakhand2017/candidate.php?candidate_id=100,RUDRAPUR,IND,0,10th Pass,"Rs 63,20,000 ~ 63 Lacs+",Rs 0 ~
483,410,Sanjay Singh	,https://www.myneta.info/uttarakhand2017/candidate.php?candidate_id=410,KHANPUR,UKD,0,Graduate,"Rs 3,05,76,268 ~ 3 Crore+",Rs 0 ~
484,689,Sanjay Singh,https://www.myneta.info/uttarakhand2017/candidate.php?candidate_id=689,KICHHA,SP,0,Graduate Professional,"Rs 51,54,000 ~ 51 Lacs+","Rs 40,000 ~ 40 Thou+"
485,236,Sanjay Srivastva,https://www.myneta.info/uttarakhand2017/candidate.php?candidate_id=236,DHARAMPUR,IND,0,Post Graduate,"Rs 1,55,83,533 ~ 1 Crore+","Rs 22,40,000 ~ 22 Lacs+"
486,603,Sanjay Tamta,https://www.myneta.info/uttarakhand2017/candidate.php?candidate_id=603,ALMORA,BSP,0,Doctorate,https://myneta.info/image_v2.php?myneta_folder=uttarakhand2017&candidate_id=603&col=ta,https://myneta.info/image_v2.php?myneta_folder=uttarakhand2017&candidate_id=603&col=lia
487,135,Sanjeev Arya,https://www.myneta.info/uttarakhand2017/candidate.php?candidate_id=135,NAINITAL(SC),BJP,0,Post Graduate,"Rs 4,25,30,578 ~ 4 Crore+","Rs 2,49,86,000 ~ 2 Crore+"
488,176,Sardar Singh,https://www.myneta.info/uttarakhand2017/candidate.php?candidate_id=176,NARENDRANAGAR,UKD,0,Post Graduate,"Rs 5,82,000 ~ 5 Lacs+",Rs 0 ~
489,309,Sarika Pardhan	,https://www.myneta.info/uttarakhand2017/candidate.php?candidate_id=309,MUSSOORIE,IND,0,12th Pass,"Rs 1,02,06,716 ~ 1 Crore+",Rs 0 ~
490,136,Sarita Arya,https://www.myneta.info/uttarakhand2017/candidate.php?candidate_id=136,NAINITAL(SC),INC,0,10th Pass,"Rs 95,24,916 ~ 95 Lacs+","Rs 1,00,000 ~ 1 Lacs+"
491,440,Sarwat Kareem Ansari	,https://www.myneta.info/uttarakhand2017/candidate.php?candidate_id=440,MANGLORE,BSP,0,8th Pass,"Rs 5,03,74,887 ~ 5 Crore+",Rs 0 ~
492,483,Satendra Singh	,https://www.myneta.info/uttarakhand2017/candidate.php?candidate_id=483,CHAUBATTAKHAL,IND,0,8th Pass,"Rs 4,65,641 ~ 4 Lacs+",Rs 0 ~
493,471,Satpal Maharaj	,https://www.myneta.info/uttarakhand2017/candidate.php?candidate_id=471,CHAUBATTAKHAL,BJP,0,Others,"Rs 80,25,55,607 ~ 80 Crore+",Rs 0 ~
494,91,Saurabh Bahuguna,https://www.myneta.info/uttarakhand2017/candidate.php?candidate_id=91,SITARGANJ,BJP,0,Graduate Professional,"Rs 6,80,68,318 ~ 6 Crore+","Rs 27,35,000 ~ 27 Lacs+"
495,661,Seema Chauhan,https://www.myneta.info/uttarakhand2017/candidate.php?candidate_id=661,JASPUR,IND,1,Post Graduate,https://myneta.info/image_v2.php?myneta_folder=uttarakhand2017&candidate_id=661&col=ta,https://myneta.info/image_v2.php?myneta_folder=uttarakhand2017&candidate_id=661&col=lia
496,682,Shaheroom,https://www.myneta.info/uttarakhand2017/candidate.php?candidate_id=682,GADARPUR,SP,1,10th Pass,"Rs 15,86,085 ~ 15 Lacs+","Rs 25,00,000 ~ 25 Lacs+"
497,445,Shahzad	,https://www.myneta.info/uttarakhand2017/candidate.php?candidate_id=445,PIRANKALIYAR,IND,0,8th Pass,"Rs 3,30,07,010 ~ 3 Crore+",Rs 0 ~
498,44,Shaila Rani Rawat,https://www.myneta.info/uttarakhand2017/candidate.php?candidate_id=44,KEDARNATH,BJP,0,Post Graduate,"Rs 1,50,00,475 ~ 1 Crore+","Rs 4,99,285 ~ 4 Lacs+"
499,116,Shailendra Mohan Singhal,https://www.myneta.info/uttarakhand2017/candidate.php?candidate_id=116,JASPUR,BJP,0,Post Graduate,"Rs 35,14,32,020 ~ 35 Crore+","Rs 7,22,920 ~ 7 Lacs+"
500,524,Shailendra Singh Rawat,https://www.myneta.info/uttarakhand2017/candidate.php?candidate_id=524,YAMKESHWAR,INC,0,12th Pass,"Rs 2,88,55,301 ~ 2 Crore+","Rs 33,00,000 ~ 33 Lacs+"
501,130,Shakil Ahmed,https://www.myneta.info/uttarakhand2017/candidate.php?candidate_id=130,HALDWANI,BSP,2,Literate,"Rs 2,97,85,932 ~ 2 Crore+","Rs 1,52,294 ~ 1 Lacs+"
502,47,Shakti Lal Shah,https://www.myneta.info/uttarakhand2017/candidate.php?candidate_id=47,GHANSHALI(SC),BJP,0,12th Pass,"Rs 19,87,600 ~ 19 Lacs+","Rs 2,63,444 ~ 2 Lacs+"
503,267,Shambhu Prasad Bhatt,https://www.myneta.info/uttarakhand2017/candidate.php?candidate_id=267,KEDARNATH,IND,0,Post Graduate,"Rs 50,95,000 ~ 50 Lacs+",Rs 0 ~
504,493,Shammi Kapoor ,https://www.myneta.info/uttarakhand2017/candidate.php?candidate_id=493,KOTDWAR,IND,0,Graduate,https://myneta.info/image_v2.php?myneta_folder=uttarakhand2017&candidate_id=493&col=ta,https://myneta.info/image_v2.php?myneta_folder=uttarakhand2017&candidate_id=493&col=lia
505,678,Shankar Singh,https://www.myneta.info/uttarakhand2017/candidate.php?candidate_id=678,GADARPUR,IND,1,8th Pass,"Rs 1,62,99,788 ~ 1 Crore+","Rs 2,50,000 ~ 2 Lacs+"
506,520,Shanti Prasad Bhatt,https://www.myneta.info/uttarakhand2017/candidate.php?candidate_id=520,YAMKESHWAR,UKD,2,12th Pass,"Rs 10,00,000 ~ 10 Lacs+",Rs 0 ~
507,462,Sharad Pandey	,https://www.myneta.info/uttarakhand2017/candidate.php?candidate_id=462,ROORKEE,People’s Party,0,Post Graduate,"Rs 66,49,989 ~ 66 Lacs+",Rs 0 ~
508,220,Shashtri Pawan Maletha,https://www.myneta.info/uttarakhand2017/candidate.php?candidate_id=220,SAHASPUR,UKD,0,Graduate,"Rs 57,68,691 ~ 57 Lacs+",Rs 0 ~
509,299,Shikha Negi,https://www.myneta.info/uttarakhand2017/candidate.php?candidate_id=299,DOIWALA,Rashtriya Adarsh Party,0,12th Pass,"Rs 4,36,000 ~ 4 Lacs+","Rs 2,50,000 ~ 2 Lacs+"
510,401,Shish Pal Singh Urf S.p.singh Engineer	,https://www.myneta.info/uttarakhand2017/candidate.php?candidate_id=401,JWALAPUR (SC),INC,0,Post Graduate,"Rs 6,50,61,403 ~ 6 Crore+","Rs 16,00,000 ~ 16 Lacs+"
511,87,Shish Ram Rana,https://www.myneta.info/uttarakhand2017/candidate.php?candidate_id=87,NANAK MATTA(ST),BSP,0,Graduate,"Rs 59,23,000 ~ 59 Lacs+",Rs 0 ~
512,113,Shiv Kumar Singh,https://www.myneta.info/uttarakhand2017/candidate.php?candidate_id=113,KASHIPUR,UKD,0,10th Pass,"Rs 22,39,000 ~ 22 Lacs+","Rs 3,50,000 ~ 3 Lacs+"
513,223,Shiv Prasad Devli,https://www.myneta.info/uttarakhand2017/candidate.php?candidate_id=223,SAHASPUR,CPI(M),0,Graduate,https://myneta.info/image_v2.php?myneta_folder=uttarakhand2017&candidate_id=223&col=ta,https://myneta.info/image_v2.php?myneta_folder=uttarakhand2017&candidate_id=223&col=lia
514,112,Shiv Singh Rawat,https://www.myneta.info/uttarakhand2017/candidate.php?candidate_id=112,KASHIPUR,IND,0,Graduate,"Rs 35,40,219 ~ 35 Lacs+",Rs 0 ~
515,133,Shoeb Ahmad,https://www.myneta.info/uttarakhand2017/candidate.php?candidate_id=133,HALDWANI,SP,0,Literate,"Rs 1,53,19,830 ~ 1 Crore+","Rs 9,50,000 ~ 9 Lacs+"
516,59,Shoorbeer Singh Sajwaan,https://www.myneta.info/uttarakhand2017/candidate.php?candidate_id=59,DEOPRAYAG,IND,0,Post Graduate,"Rs 3,04,21,075 ~ 3 Crore+","Rs 16,00,000 ~ 16 Lacs+"
517,276,Shri Anoop Nautiyal,https://www.myneta.info/uttarakhand2017/candidate.php?candidate_id=276,DEHRADUN CANTT,IND,0,Post Graduate,"Rs 6,63,87,733 ~ 6 Crore+",Rs 0 ~
518,285,Shri Arun Khanna,https://www.myneta.info/uttarakhand2017/candidate.php?candidate_id=285,DEHRADUN CANTT,IND,0,Graduate Professional,"Rs 53,77,781 ~ 53 Lacs+","Rs 8,72,000 ~ 8 Lacs+"
519,278,Shri Devendra Kumar,https://www.myneta.info/uttarakhand2017/candidate.php?candidate_id=278,DEHRADUN CANTT,BSP,0,Graduate,"Rs 2,75,359 ~ 2 Lacs+","Rs 19,500 ~ 19 Thou+"
520,279,Shri Harbans Kapoor,https://www.myneta.info/uttarakhand2017/candidate.php?candidate_id=279,DEHRADUN CANTT,BJP,0,Graduate Professional,"Rs 1,21,66,325 ~ 1 Crore+",Rs 0 ~
521,281,Shri Kapil Bhatia,https://www.myneta.info/uttarakhand2017/candidate.php?candidate_id=281,DEHRADUN CANTT,IND,0,Graduate,"Rs 12,08,000 ~ 12 Lacs+",Rs 0 ~
522,274,Shri Laxman Singh Negi,https://www.myneta.info/uttarakhand2017/candidate.php?candidate_id=274,DEHRADUN CANTT,NCP,0,10th Pass,https://myneta.info/image_v2.php?myneta_folder=uttarakhand2017&candidate_id=274&col=ta,https://myneta.info/image_v2.php?myneta_folder=uttarakhand2017&candidate_id=274&col=lia
523,282,Shri Naveen Bisht,https://www.myneta.info/uttarakhand2017/candidate.php?candidate_id=282,DEHRADUN CANTT,IND,0,12th Pass,"Rs 15,34,068 ~ 15 Lacs+",Rs 0 ~
524,275,Shri Rakesh Kumar Pathak,https://www.myneta.info/uttarakhand2017/candidate.php?candidate_id=275,DEHRADUN CANTT,SP,0,Doctorate,"Rs 35,90,000 ~ 35 Lacs+","Rs 5,45,000 ~ 5 Lacs+"
525,280,Shri Sanjay Goyal,https://www.myneta.info/uttarakhand2017/candidate.php?candidate_id=280,DEHRADUN CANTT,IND,0,10th Pass,"Rs 16,22,000 ~ 16 Lacs+","Rs 35,00,000 ~ 35 Lacs+"
526,284,Shri Sribilash,https://www.myneta.info/uttarakhand2017/candidate.php?candidate_id=284,DEHRADUN CANTT,UKD,0,Graduate,"Rs 1,87,36,000 ~ 1 Crore+","Rs 24,00,000 ~ 24 Lacs+"
527,277,Shri Suryakant Dhasmana,https://www.myneta.info/uttarakhand2017/candidate.php?candidate_id=277,DEHRADUN CANTT,INC,2,Post Graduate,"Rs 3,38,46,454 ~ 3 Crore+","Rs 38,00,000 ~ 38 Lacs+"
528,488,Shyam Lal	,https://www.myneta.info/uttarakhand2017/candidate.php?candidate_id=488,KOTDWAR,IND,0,Post Graduate,"Rs 89,95,458 ~ 89 Lacs+",Rs 0 ~
529,48,Siman Lal Arya,https://www.myneta.info/uttarakhand2017/candidate.php?candidate_id=48,GHANSHALI(SC),UKD,0,10th Pass,"Rs 4,84,500 ~ 4 Lacs+",Rs 0 ~
530,54,Sita Ram Ranakoti,https://www.myneta.info/uttarakhand2017/candidate.php?candidate_id=54,DEOPRAYAG,Sainik Samaj Party,0,12th Pass,"Rs 5,91,000 ~ 5 Lacs+",Rs 0 ~
531,122,Smt. Dhaneshwari Ghildiyal,https://www.myneta.info/uttarakhand2017/candidate.php?candidate_id=122,RAMNAGAR,IND,0,Doctorate,https://myneta.info/image_v2.php?myneta_folder=uttarakhand2017&candidate_id=122&col=ta,https://myneta.info/image_v2.php?myneta_folder=uttarakhand2017&candidate_id=122&col=lia
532,382,Subash Chand	,https://www.myneta.info/uttarakhand2017/candidate.php?candidate_id=382,HARIDWAR RURAL,UKD,1,8th Pass,"Rs 5,16,000 ~ 5 Lacs+",Rs 0 ~
533,402,Subhash Chanchal	,https://www.myneta.info/uttarakhand2017/candidate.php?candidate_id=402,JWALAPUR (SC),IND,0,Post Graduate,"Rs 20,00,000 ~ 20 Lacs+",Rs 0 ~
534,291,Subhash Chandra Purohit,https://www.myneta.info/uttarakhand2017/candidate.php?candidate_id=291,DOIWALA,UKD,0,Post Graduate,"Rs 57,89,000 ~ 57 Lacs+",Rs 0 ~
535,578,Subhash Pandey,https://www.myneta.info/uttarakhand2017/candidate.php?candidate_id=578,JAGESHWAR,BJP,0,Post Graduate,"Rs 16,16,845 ~ 16 Lacs+",Rs 0 ~
536,429,Subhash Singh Choudhary	,https://www.myneta.info/uttarakhand2017/candidate.php?candidate_id=429,LAKSAR,BSP,8,10th Pass,"Rs 20,32,91,149 ~ 20 Crore+","Rs 1,17,68,683 ~ 1 Crore+"
537,477,Subodh Pokhriyal	,https://www.myneta.info/uttarakhand2017/candidate.php?candidate_id=477,CHAUBATTAKHAL,UKD,0,Graduate Professional,"Rs 3,24,687 ~ 3 Lacs+","Rs 9,27,000 ~ 9 Lacs+"
538,361,Subodh Rakesh	,https://www.myneta.info/uttarakhand2017/candidate.php?candidate_id=361,BHAGWANPUR(SC),BJP,1,12th Pass,"Rs 66,25,385 ~ 66 Lacs+",Rs 0 ~
539,178,Subodh Uniyal,https://www.myneta.info/uttarakhand2017/candidate.php?candidate_id=178,NARENDRANAGAR,BJP,1,Post Graduate,"Rs 78,48,034 ~ 78 Lacs+","Rs 1,03,00,000 ~ 1 Crore+"
540,486,Sudha Patwal ,https://www.myneta.info/uttarakhand2017/candidate.php?candidate_id=486,KOTDWAR,IND,3,Graduate,https://myneta.info/image_v2.php?myneta_folder=uttarakhand2017&candidate_id=486&col=ta,https://myneta.info/image_v2.php?myneta_folder=uttarakhand2017&candidate_id=486&col=lia
541,491,Sudhir Kumar	,https://www.myneta.info/uttarakhand2017/candidate.php?candidate_id=491,KOTDWAR,IND,1,8th Pass,"Rs 22,75,000 ~ 22 Lacs+","Rs 1,00,000 ~ 1 Lacs+"
542,584,Suhail Ahmad,https://www.myneta.info/uttarakhand2017/candidate.php?candidate_id=584,BHIMTAL,IND,0,10th Pass,"Rs 35,000 ~ 35 Thou+",Rs 0 ~
543,123,Suman Lata,https://www.myneta.info/uttarakhand2017/candidate.php?candidate_id=123,KALADHUNGI,IND,0,12th Pass,"Rs 21,700 ~ 21 Thou+",Rs 0 ~
544,424,Sumit	,https://www.myneta.info/uttarakhand2017/candidate.php?candidate_id=424,LAKSAR,IND,6,Graduate Professional,"Rs 8,50,000 ~ 8 Lacs+",Rs 0 ~
545,74,Sumitra Devi,https://www.myneta.info/uttarakhand2017/candidate.php?candidate_id=74,GANGOLIHAT(SC),IND,0,12th Pass,"Rs 2,60,500 ~ 2 Lacs+",Rs 0 ~
546,172,Sundar Singh,https://www.myneta.info/uttarakhand2017/candidate.php?candidate_id=172,DEOPRAYAG,IND,0,8th Pass,"Rs 12,60,475 ~ 12 Lacs+","Rs 4,50,000 ~ 4 Lacs+"
547,622,Sunder Lal Arya,https://www.myneta.info/uttarakhand2017/candidate.php?candidate_id=622,NAINITAL(SC),BSP,3,12th Pass,"Rs 10,92,000 ~ 10 Lacs+",Rs 0 ~
548,470,Sunder Singh Chauhan	,https://www.myneta.info/uttarakhand2017/candidate.php?candidate_id=470,CHAUBATTAKHAL,IND,0,8th Pass,"Rs 1,95,64,883 ~ 1 Crore+","Rs 41,278 ~ 41 Thou+"
549,674,Suneeta Tamta,https://www.myneta.info/uttarakhand2017/candidate.php?candidate_id=674,BAJPUR(SC),INC,0,Graduate,https://myneta.info/image_v2.php?myneta_folder=uttarakhand2017&candidate_id=674&col=ta,https://myneta.info/image_v2.php?myneta_folder=uttarakhand2017&candidate_id=674&col=lia
550,417,Sunil	,https://www.myneta.info/uttarakhand2017/candidate.php?candidate_id=417,KHANPUR,IND,1,10th Pass,"Rs 4,51,500 ~ 4 Lacs+",Rs 0 ~
551,444,Sunil Kumar	,https://www.myneta.info/uttarakhand2017/candidate.php?candidate_id=444,MANGLORE,Bahujan Mukti Party,0,12th Pass,Rs 500 ~ 5 Hund+,Rs 0 ~
552,85,Sunita Rana,https://www.myneta.info/uttarakhand2017/candidate.php?candidate_id=85,NANAK MATTA(ST),IND,0,5th Pass,"Rs 2,69,89,952 ~ 2 Crore+","Rs 11,89,794 ~ 11 Lacs+"
553,464,Sunita Singh	,https://www.myneta.info/uttarakhand2017/candidate.php?candidate_id=464,ROORKEE,SP,0,Graduate,"Rs 1,86,17,000 ~ 1 Crore+",Rs 0 ~
554,30,Surat Ram Nautiyal,https://www.myneta.info/uttarakhand2017/candidate.php?candidate_id=30,GANGOTRI,IND,1,5th Pass,"Rs 42,68,277 ~ 42 Lacs+",Rs 0 ~
555,672,Surendra Chaudhary,https://www.myneta.info/uttarakhand2017/candidate.php?candidate_id=672,KASHIPUR,Uttarakhand Kranti Dal (Democratic),1,Illiterate,"Rs 3,72,000 ~ 3 Lacs+",Rs 0 ~
556,293,Surendra Dutt Petwal,https://www.myneta.info/uttarakhand2017/candidate.php?candidate_id=293,DOIWALA,Hamari Janmanch Party,0,Post Graduate,"Rs 52,22,768 ~ 52 Lacs+",Rs 0 ~
557,364,Surendra Kumar	,https://www.myneta.info/uttarakhand2017/candidate.php?candidate_id=364,BHAGWANPUR(SC),Bahujan Mukti Party,0,Post Graduate,"Rs 15,00,502 ~ 15 Lacs+",Rs 0 ~
558,10,Surendra Singh,https://www.myneta.info/uttarakhand2017/candidate.php?candidate_id=10,KARNPRAYAG,BJP,0,10th Pass,https://myneta.info/image_v2.php?myneta_folder=uttarakhand2017&candidate_id=10&col=ta,https://myneta.info/image_v2.php?myneta_folder=uttarakhand2017&candidate_id=10&col=lia
559,557,Surendra Singh Jeena,https://www.myneta.info/uttarakhand2017/candidate.php?candidate_id=557,SULT,BJP,0,Graduate,"Rs 10,52,98,662 ~ 10 Crore+","Rs 6,84,11,970 ~ 6 Crore+"
560,487,Surendra Singh Negi	,https://www.myneta.info/uttarakhand2017/candidate.php?candidate_id=487,KOTDWAR,INC,0,Graduate,"Rs 3,18,57,318 ~ 3 Crore+",Rs 0 ~
561,614,Surendra Singh Nigaltiya,https://www.myneta.info/uttarakhand2017/candidate.php?candidate_id=614,KALADHUNGI,UTTARAKHAND PARIVARTAN PARTY,0,10th Pass,"Rs 56,54,553 ~ 56 Lacs+","Rs 7,89,463 ~ 7 Lacs+"
562,686,Surendra Singhal,https://www.myneta.info/uttarakhand2017/candidate.php?candidate_id=686,RUDRAPUR,RLD,0,12th Pass,"Rs 56,59,400 ~ 56 Lacs+","Rs 5,00,000 ~ 5 Lacs+"
563,99,Surendra Upadhyay,https://www.myneta.info/uttarakhand2017/candidate.php?candidate_id=99,RUDRAPUR,IND,0,12th Pass,"Rs 76,64,000 ~ 76 Lacs+","Rs 10,00,000 ~ 10 Lacs+"
564,458,Suresh Chand Jain	,https://www.myneta.info/uttarakhand2017/candidate.php?candidate_id=458,ROORKEE,INC,0,Graduate Professional,"Rs 3,86,25,000 ~ 3 Crore+",Rs 0 ~
565,128,Suresh Dalakoti,https://www.myneta.info/uttarakhand2017/candidate.php?candidate_id=128,KALADHUNGI,UKD,0,Doctorate,"Rs 88,12,000 ~ 88 Lacs+",Rs 0 ~
566,404,Suresh Rathor	,https://www.myneta.info/uttarakhand2017/candidate.php?candidate_id=404,JWALAPUR (SC),BJP,0,Post Graduate,"Rs 2,76,51,346 ~ 2 Crore+","Rs 37,32,205 ~ 37 Lacs+"
567,168,Surjeet Lal,https://www.myneta.info/uttarakhand2017/candidate.php?candidate_id=168,RUDRAPRAYAG,BSP,0,10th Pass,https://myneta.info/image_v2.php?myneta_folder=uttarakhand2017&candidate_id=168&col=ta,https://myneta.info/image_v2.php?myneta_folder=uttarakhand2017&candidate_id=168&col=lia
568,479,Sushil Chandra	,https://www.myneta.info/uttarakhand2017/candidate.php?candidate_id=479,CHAUBATTAKHAL,Rashtriya Adarsh Party,0,Post Graduate,"Rs 28,28,900 ~ 28 Lacs+",Rs 0 ~
569,191,Sushil Chandra Bahuguna,https://www.myneta.info/uttarakhand2017/candidate.php?candidate_id=191,TEHRI,Hamari Janmanch Party,1,Post Graduate,"Rs 1,42,79,000 ~ 1 Crore+",Rs 0 ~
570,310,Sushil Kumar Malhotra	,https://www.myneta.info/uttarakhand2017/candidate.php?candidate_id=310,MUSSOORIE,IND,0,Graduate,"Rs 90,000 ~ 90 Thou+",Rs 0 ~
571,455,Sushma	,https://www.myneta.info/uttarakhand2017/candidate.php?candidate_id=455,PIRANKALIYAR,IND,0,Graduate,"Rs 7,20,000 ~ 7 Lacs+",Rs 0 ~
572,63,Sushma Mathur,https://www.myneta.info/uttarakhand2017/candidate.php?candidate_id=63,PITHORAGARH,UKD,0,Post Graduate,"Rs 1,23,03,715 ~ 1 Crore+","Rs 35,50,000 ~ 35 Lacs+"
573,206,Swaraj Singh,https://www.myneta.info/uttarakhand2017/candidate.php?candidate_id=206,CHAKRATA(ST),IND,0,Post Graduate,"Rs 68,30,000 ~ 68 Lacs+","Rs 8,55,000 ~ 8 Lacs+"
574,331,T C Bharti	,https://www.myneta.info/uttarakhand2017/candidate.php?candidate_id=331,RAJPUR ROAD(SC),IND,1,Graduate,"Rs 1,01,30,000 ~ 1 Crore+",Rs 0 ~
575,626,Tanjeem,https://www.myneta.info/uttarakhand2017/candidate.php?candidate_id=626,RAMNAGAR,IND,0,Literate,"Rs 2,10,000 ~ 2 Lacs+","Rs 6,500 ~ 6 Thou+"
576,579,Tara Datt Pandey,https://www.myneta.info/uttarakhand2017/candidate.php?candidate_id=579,JAGESHWAR,BSP,0,Graduate,https://myneta.info/image_v2.php?myneta_folder=uttarakhand2017&candidate_id=579&col=ta,https://myneta.info/image_v2.php?myneta_folder=uttarakhand2017&candidate_id=579&col=lia
577,139,Tara Datt Pandey,https://www.myneta.info/uttarakhand2017/candidate.php?candidate_id=139,BHIMTAL,BSP,0,10th Pass,"Rs 35,76,000 ~ 35 Lacs+","Rs 6,50,000 ~ 6 Lacs+"
578,322,Tejendra Singh Rawat,https://www.myneta.info/uttarakhand2017/candidate.php?candidate_id=322,RAIPUR,IND,1,Graduate,"Rs 1,21,24,366 ~ 1 Crore+","Rs 8,03,772 ~ 8 Lacs+"
579,397,Tejpal Singh	,https://www.myneta.info/uttarakhand2017/candidate.php?candidate_id=397,JHABRERA (SC),Bharat Kaumi Dal,0,10th Pass,"Rs 70,59,000 ~ 70 Lacs+","Rs 2,50,000 ~ 2 Lacs+"
580,499,Tejpal Singh Rawat	,https://www.myneta.info/uttarakhand2017/candidate.php?candidate_id=499,LANSDOWNE,INC,0,Post Graduate,"Rs 2,85,40,566 ~ 2 Crore+",Rs 0 ~
581,97,Tilak Raj Behar,https://www.myneta.info/uttarakhand2017/candidate.php?candidate_id=97,RUDRAPUR,INC,0,12th Pass,"Rs 3,90,19,157 ~ 3 Crore+","Rs 1,84,908 ~ 1 Lacs+"
582,356,Tirath Pal	,https://www.myneta.info/uttarakhand2017/candidate.php?candidate_id=356,B.H.E.L. RANIPUR,IND,0,Post Graduate,"Rs 2,76,837 ~ 2 Lacs+",Rs 0 ~
583,132,Tofik Ahmad,https://www.myneta.info/uttarakhand2017/candidate.php?candidate_id=132,HALDWANI,IND,0,5th Pass,"Rs 1,56,36,000 ~ 1 Crore+",Rs 0 ~
584,358,Toufeeq Ahmad	,https://www.myneta.info/uttarakhand2017/candidate.php?candidate_id=358,B.H.E.L. RANIPUR,UKD,0,8th Pass,"Rs 17,77,000 ~ 17 Lacs+",Rs 0 ~
585,153,Trilok Chand Sorari,https://www.myneta.info/uttarakhand2017/candidate.php?candidate_id=153,CHAMPAWAT,UKD,0,8th Pass,https://myneta.info/image_v2.php?myneta_folder=uttarakhand2017&candidate_id=153&col=ta,https://myneta.info/image_v2.php?myneta_folder=uttarakhand2017&candidate_id=153&col=lia
586,196,Trilok Singh Negi,https://www.myneta.info/uttarakhand2017/candidate.php?candidate_id=196,TEHRI,IND,0,Post Graduate,"Rs 52,32,517 ~ 52 Lacs+",Rs 0 ~
587,298,Trivendra Singh Rawat,https://www.myneta.info/uttarakhand2017/candidate.php?candidate_id=298,DOIWALA,BJP,0,Post Graduate,"Rs 1,15,83,826 ~ 1 Crore+","Rs 11,59,238 ~ 11 Lacs+"
588,441,Uberdur Rahaman	,https://www.myneta.info/uttarakhand2017/candidate.php?candidate_id=441,MANGLORE,IND,0,Post Graduate,"Rs 36,40,285 ~ 36 Lacs+","Rs 2,73,58,692 ~ 2 Crore+"
589,349,Umesh Chandr Mishra,https://www.myneta.info/uttarakhand2017/candidate.php?candidate_id=349,B.H.E.L. RANIPUR,IND,0,Graduate,"Rs 10,000 ~ 10 Thou+",Rs 0 ~
590,319,Umesh Sharma Kau,https://www.myneta.info/uttarakhand2017/candidate.php?candidate_id=319,RAIPUR,BJP,0,Graduate,"Rs 3,07,52,400 ~ 3 Crore+","Rs 10,00,000 ~ 10 Lacs+"
591,439,Usha	,https://www.myneta.info/uttarakhand2017/candidate.php?candidate_id=439,MANGLORE,IND,0,8th Pass,"Rs 85,000 ~ 85 Thou+",Rs 0 ~
592,343,Usha Aswal	,https://www.myneta.info/uttarakhand2017/candidate.php?candidate_id=343,RISHIKESH,IND,0,Post Graduate,"Rs 1,13,000 ~ 1 Lacs+",Rs 0 ~
593,638,Usha Nagar,https://www.myneta.info/uttarakhand2017/candidate.php?candidate_id=638,RAIPUR,Rashtriya Adarsh Party,0,Post Graduate,"Rs 2,10,000 ~ 2 Lacs+",Rs 0 ~
594,175,Usha Negi,https://www.myneta.info/uttarakhand2017/candidate.php?candidate_id=175,NARENDRANAGAR,Sainik Samaj Party,0,12th Pass,https://myneta.info/image_v2.php?myneta_folder=uttarakhand2017&candidate_id=175&col=ta,https://myneta.info/image_v2.php?myneta_folder=uttarakhand2017&candidate_id=175&col=lia
595,292,Usha Rani,https://www.myneta.info/uttarakhand2017/candidate.php?candidate_id=292,DOIWALA,IND,0,12th Pass,"Rs 10,40,000 ~ 10 Lacs+",Rs 0 ~
596,201,Uttam Singh,https://www.myneta.info/uttarakhand2017/candidate.php?candidate_id=201,DHANOLTI,IND,0,Graduate Professional,"Rs 89,22,821 ~ 89 Lacs+","Rs 13,12,286 ~ 13 Lacs+"
597,126,Varun Pratap Singh Bhakuni,https://www.myneta.info/uttarakhand2017/candidate.php?candidate_id=126,KALADHUNGI,BSP,0,Post Graduate,"Rs 34,01,112 ~ 34 Lacs+",Rs 0 ~
598,383,Vasim Ahmad	,https://www.myneta.info/uttarakhand2017/candidate.php?candidate_id=383,HARIDWAR RURAL,IND,0,Graduate,"Rs 33,69,129 ~ 33 Lacs+",Rs 0 ~
599,496,Ved Prakash Arya	,https://www.myneta.info/uttarakhand2017/candidate.php?candidate_id=496,LANSDOWNE,IND,0,Post Graduate,"Rs 27,95,055 ~ 27 Lacs+","Rs 2,87,499 ~ 2 Lacs+"
600,623,Vichitra Singh,https://www.myneta.info/uttarakhand2017/candidate.php?candidate_id=623,RAMNAGAR,IND,0,12th Pass,"Rs 5,47,20,000 ~ 5 Crore+","Rs 1,00,000 ~ 1 Lacs+"
601,627,Vijay,https://www.myneta.info/uttarakhand2017/candidate.php?candidate_id=627,RAMNAGAR,IND,0,10th Pass,"Rs 4,26,264 ~ 4 Lacs+",Rs 0 ~
602,148,Vijay Joshi,https://www.myneta.info/uttarakhand2017/candidate.php?candidate_id=148,LALKUWA,IND,0,12th Pass,"Rs 11,32,246 ~ 11 Lacs+","Rs 5,96,000 ~ 5 Lacs+"
603,510,Vijay Singh,https://www.myneta.info/uttarakhand2017/candidate.php?candidate_id=510,PAURI (SC),IND,0,Graduate Professional,https://myneta.info/image_v2.php?myneta_folder=uttarakhand2017&candidate_id=510&col=ta,https://myneta.info/image_v2.php?myneta_folder=uttarakhand2017&candidate_id=510&col=lia
604,183,Vijay Singh Panwar,https://www.myneta.info/uttarakhand2017/candidate.php?candidate_id=183,PRATAPNAGAR,BJP,0,Post Graduate,"Rs 2,85,13,361 ~ 2 Crore+","Rs 6,33,595 ~ 6 Lacs+"
605,345,Vijaylaxmi Gusain	,https://www.myneta.info/uttarakhand2017/candidate.php?candidate_id=345,RISHIKESH,IND,0,Post Graduate,"Rs 21,50,000 ~ 21 Lacs+",Rs 0 ~
606,634,Vijaynath,https://www.myneta.info/uttarakhand2017/candidate.php?candidate_id=634,RAIPUR,IND,0,Literate,"Rs 11,31,000 ~ 11 Lacs+","Rs 1,30,000 ~ 1 Lacs+"
607,182,Vijaypal Singh Rawat,https://www.myneta.info/uttarakhand2017/candidate.php?candidate_id=182,PRATAPNAGAR,IND,0,Graduate Professional,"Rs 16,25,027 ~ 16 Lacs+",Rs 0 ~
608,6,Vijaypal Singh Sajwan,https://www.myneta.info/uttarakhand2017/candidate.php?candidate_id=6,GANGOTRI,INC,0,Post Graduate,"Rs 1,65,75,593 ~ 1 Crore+","Rs 30,00,000 ~ 30 Lacs+"
609,31,Vijaypal Tangani,https://www.myneta.info/uttarakhand2017/candidate.php?candidate_id=31,GANGOTRI,BSP,0,10th Pass,"Rs 13,16,946 ~ 13 Lacs+","Rs 50,000 ~ 50 Thou+"
610,43,Vikram Singh,https://www.myneta.info/uttarakhand2017/candidate.php?candidate_id=43,KEDARNATH,Sainik Samaj Party,0,10th Pass,"Rs 5,77,000 ~ 5 Lacs+",Rs 0 ~
611,15,Vikram Singh Negi,https://www.myneta.info/uttarakhand2017/candidate.php?candidate_id=15,PRATAPNAGAR,INC,0,Post Graduate,"Rs 77,50,053 ~ 77 Lacs+",Rs 0 ~
612,498,Vikram Singh Rawat ,https://www.myneta.info/uttarakhand2017/candidate.php?candidate_id=498,LANSDOWNE,UKD,0,8th Pass,https://myneta.info/image_v2.php?myneta_folder=uttarakhand2017&candidate_id=498&col=ta,https://myneta.info/image_v2.php?myneta_folder=uttarakhand2017&candidate_id=498&col=lia
613,393,Vimla	,https://www.myneta.info/uttarakhand2017/candidate.php?candidate_id=393,JHABRERA (SC),SP,0,10th Pass,"Rs 14,12,500 ~ 14 Lacs+",Rs 0 ~
614,712,Vinod Bhatt,https://www.myneta.info/uttarakhand2017/candidate.php?candidate_id=712,KHATIMA,SP,0,Graduate,"Rs 48,31,601 ~ 48 Lacs+",Rs 0 ~
615,242,Vinod Chamoli,https://www.myneta.info/uttarakhand2017/candidate.php?candidate_id=242,DHARAMPUR,BJP,1,Graduate,"Rs 1,26,30,807 ~ 1 Crore+","Rs 19,20,594 ~ 19 Lacs+"
616,38,Vinod Foniya,https://www.myneta.info/uttarakhand2017/candidate.php?candidate_id=38,BADRINATH,IND,0,Graduate Professional,"Rs 3,40,96,000 ~ 3 Crore+","Rs 6,31,000 ~ 6 Lacs+"
617,60,Vinod Kandari,https://www.myneta.info/uttarakhand2017/candidate.php?candidate_id=60,DEOPRAYAG,BJP,0,Post Graduate,"Rs 52,91,245 ~ 52 Lacs+",Rs 0 ~
618,687,Vinod Kumar,https://www.myneta.info/uttarakhand2017/candidate.php?candidate_id=687,RUDRAPUR,SP,0,Literate,"Rs 1,89,763 ~ 1 Lacs+",Rs 0 ~
619,600,Vinod Kumar Sharma,https://www.myneta.info/uttarakhand2017/candidate.php?candidate_id=600,HALDWANI,IND,0,12th Pass,"Rs 1,04,595 ~ 1 Lacs+",Rs 0 ~
620,208,Vipul Jain,https://www.myneta.info/uttarakhand2017/candidate.php?candidate_id=208,VIKASNAGAR,IND,0,Graduate,"Rs 91,95,152 ~ 91 Lacs+",Rs 0 ~
621,506,Vir Pratap Singh,https://www.myneta.info/uttarakhand2017/candidate.php?candidate_id=506,PAURI (SC),UKD,0,Post Graduate,https://myneta.info/image_v2.php?myneta_folder=uttarakhand2017&candidate_id=506&col=ta,https://myneta.info/image_v2.php?myneta_folder=uttarakhand2017&candidate_id=506&col=lia
622,415,Virender Singh	,https://www.myneta.info/uttarakhand2017/candidate.php?candidate_id=415,KHANPUR,IND,0,8th Pass,"Rs 1,35,65,000 ~ 1 Crore+","Rs 47,45,000 ~ 47 Lacs+"
623,611,Virendra Kumar,https://www.myneta.info/uttarakhand2017/candidate.php?candidate_id=611,ALMORA,IND,0,12th Pass,"Rs 60,29,000 ~ 60 Lacs+","Rs 27,80,000 ~ 27 Lacs+"
624,618,Virendra Puri,https://www.myneta.info/uttarakhand2017/candidate.php?candidate_id=618,LALKUWA,IND,0,Graduate Professional,"Rs 30,16,000 ~ 30 Lacs+",Rs 0 ~
625,71,Virendra Singh,https://www.myneta.info/uttarakhand2017/candidate.php?candidate_id=71,DHARCHULA,IND,0,Graduate,"Rs 59,30,000 ~ 59 Lacs+",Rs 0 ~
626,70,Virendra Singh Pal,https://www.myneta.info/uttarakhand2017/candidate.php?candidate_id=70,DHARCHULA,BJP,0,Post Graduate,"Rs 1,35,25,000 ~ 1 Crore+","Rs 1,65,00,000 ~ 1 Crore+"
627,68,Vishan Singh,https://www.myneta.info/uttarakhand2017/candidate.php?candidate_id=68,DIDIHAT,BJP,1,Post Graduate,"Rs 78,69,547 ~ 78 Lacs+",Rs 0 ~
628,32,Vishnupal Singh Rawat,https://www.myneta.info/uttarakhand2017/candidate.php?candidate_id=32,GANGOTRI,UKD,0,12th Pass,"Rs 69,49,856 ~ 69 Lacs+","Rs 20,00,000 ~ 20 Lacs+"
629,334,Vivek Tiwari	,https://www.myneta.info/uttarakhand2017/candidate.php?candidate_id=334,RISHIKESH,IND,1,Graduate,"Rs 15,60,833 ~ 15 Lacs+","Rs 1,87,078 ~ 1 Lacs+"
630,635,Yagya Bhusan Sharma,https://www.myneta.info/uttarakhand2017/candidate.php?candidate_id=635,RAIPUR,IND,0,Post Graduate,https://myneta.info/image_v2.php?myneta_folder=uttarakhand2017&candidate_id=635&col=ta,https://myneta.info/image_v2.php?myneta_folder=uttarakhand2017&candidate_id=635&col=lia
631,300,Yashbeer Arya,https://www.myneta.info/uttarakhand2017/candidate.php?candidate_id=300,MUSSOORIE,IND,0,Post Graduate,"Rs 1,26,99,925 ~ 1 Crore+","Rs 1,32,722 ~ 1 Lacs+"
632,109,Yashpal Arya,https://www.myneta.info/uttarakhand2017/candidate.php?candidate_id=109,BAJPUR(SC),BJP,0,Graduate,"Rs 5,50,84,609 ~ 5 Crore+",Rs 0 ~
633,381,Yatishwaranand	,https://www.myneta.info/uttarakhand2017/candidate.php?candidate_id=381,HARIDWAR RURAL,BJP,1,Post Graduate,"Rs 56,00,976 ~ 56 Lacs+",Rs 0 ~
634,93,Yogendra Kumar Yadav,https://www.myneta.info/uttarakhand2017/candidate.php?candidate_id=93,SITARGANJ,SP,0,Post Graduate,"Rs 1,08,75,000 ~ 1 Crore+","Rs 5,60,000 ~ 5 Lacs+"
635,466,Yudhvijay Singh	,https://www.myneta.info/uttarakhand2017/candidate.php?candidate_id=466,ROORKEE,IND,0,Graduate,"Rs 3,83,045 ~ 3 Lacs+","Rs 23,097 ~ 23 Thou+"
